branch_id,from_bus,to_bus,status,rate_a,mva,loading_pct,tier,from_lon,from_lat,from_kv,to_lon,to_lat,to_kv,component,high_kV,distance_mile,zone,base_loading,is_over,is_new
0,1001,1064,1,221.0,107.852,48.802,T1_normal,-102.453,31.843,115.0,-102.453,31.843,115.0,line,115.0,0.0,WEST,29.21,False,False
1,1001,1064,1,221.0,107.852,48.802,T1_normal,-102.453,31.843,115.0,-102.453,31.843,115.0,line,115.0,0.0,WEST,29.21,False,False
2,1001,1071,1,221.0,1.571,0.711,T1_normal,-102.453,31.843,115.0,-102.453,31.843,115.0,line,115.0,0.0,WEST,12.241,False,False
3,1001,1071,1,221.0,1.571,0.711,T1_normal,-102.453,31.843,115.0,-102.453,31.843,115.0,line,115.0,0.0,WEST,12.241,False,False
4,1001,1071,1,187.4,7.683,4.1,T1_normal,-102.453,31.843,115.0,-102.453,31.843,115.0,line,115.0,0.0,WEST,70.606,False,False
5,1001,1071,1,187.4,7.683,4.1,T1_normal,-102.453,31.843,115.0,-102.453,31.843,115.0,line,115.0,0.0,WEST,70.606,False,False
6,1001,1071,1,187.4,7.683,4.1,T1_normal,-102.453,31.843,115.0,-102.453,31.843,115.0,line,115.0,0.0,WEST,70.606,False,False
7,1001,1071,1,187.4,7.683,4.1,T1_normal,-102.453,31.843,115.0,-102.453,31.843,115.0,line,115.0,0.0,WEST,70.606,False,False
8,1001,1130,1,115.7,47.037,40.654,T1_normal,-102.453,31.843,115.0,-102.426,31.865,115.0,line,115.0,2.206,WEST,29.28,False,False
9,1001,12667,1,600.0,130.794,21.799,T1_normal,-102.453,31.843,115.0,-102.453,31.843,230.0,transformer,230.0,0.0,WEST,63.927,False,False
10,1001,12667,1,600.0,130.794,21.799,T1_normal,-102.453,31.843,115.0,-102.453,31.843,230.0,transformer,230.0,0.0,WEST,63.927,False,False
11,1002,1007,1,98.0,2.117,2.16,T1_normal,-104.41,29.744,115.0,-104.508,31.505,115.0,line,115.0,121.788,WEST,3.749,False,False
12,1010,1002,1,98.0,24.963,25.472,T1_normal,-104.41,29.744,115.0,-104.41,29.744,115.0,line,115.0,0.0,WEST,23.884,False,False
13,1004,1003,1,373.0,188.764,50.607,T1_normal,-101.613,32.928,230.0,-101.613,32.928,115.0,transformer,230.0,0.0,WEST,45.365,False,False
14,1003,1022,1,450.0,238.238,52.942,T1_normal,-101.613,32.928,115.0,-101.613,32.928,115.0,line,115.0,0.0,WEST,52.231,False,False
15,1003,1055,1,98.0,49.474,50.484,T1_normal,-101.613,32.928,115.0,-101.764,32.927,115.0,line,115.0,8.77,WEST,67.174,False,False
16,1004,1127,1,547.0,228.286,41.734,T1_normal,-101.613,32.928,230.0,-101.826,32.411,230.0,line,230.0,37.786,WEST,78.212,False,False
17,1004,3133,1,523.0,291.136,55.666,T1_normal,-101.613,32.928,230.0,-100.94,32.806,230.0,line,230.0,39.952,WEST,54.407,False,False
18,12733,1004,1,321.7,211.0,65.589,T1_normal,-101.613,32.928,20.0,-101.613,32.928,230.0,transformer,230.0,0.0,WEST,65.589,False,False
19,12734,1004,1,245.7,165.0,67.155,T1_normal,-101.613,32.928,20.0,-101.613,32.928,230.0,transformer,230.0,0.0,WEST,67.155,False,False
20,1004,12788,1,444.7,69.562,15.642,T1_normal,-101.613,32.928,230.0,-101.836,32.758,230.0,line,230.0,17.447,WEST,30.763,False,False
21,1004,12814,1,685.0,24.22,3.536,T1_normal,-101.613,32.928,230.0,-101.679,33.151,230.0,line,230.0,15.889,WEST,44.374,False,False
22,1006,1005,1,174.5,120.0,68.768,T1_normal,-101.355,32.108,13.8,-101.355,32.108,115.0,transformer,115.0,0.0,WEST,68.768,False,False
23,1025,1005,1,149.0,4.94,3.315,T1_normal,-101.22,32.039,115.0,-101.355,32.108,115.0,line,115.0,9.22,WEST,16.222,False,False
24,1005,1061,1,221.0,21.707,9.822,T1_normal,-101.355,32.108,115.0,-101.355,32.108,115.0,line,115.0,0.0,WEST,10.926,False,False
25,1067,1005,1,98.0,15.566,15.884,T1_normal,-101.355,32.108,115.0,-101.355,32.108,115.0,line,115.0,0.0,WEST,18.925,False,False
26,1005,1104,1,125.4,24.471,19.515,T1_normal,-101.355,32.108,115.0,-101.368,32.377,115.0,line,115.0,18.606,WEST,6.424,False,False
27,1005,1134,1,125.2,37.241,29.746,T1_normal,-101.355,32.108,115.0,-101.362,32.319,115.0,line,115.0,14.589,WEST,17.038,False,False
28,1005,13409,1,127.0,25.954,20.436,T1_normal,-101.355,32.108,115.0,-101.355,32.108,115.0,line,115.0,0.0,WEST,18.699,False,False
29,1007,1015,1,98.0,0.423,0.432,T1_normal,-104.508,31.505,115.0,-104.006,30.285,115.0,line,115.0,89.361,WEST,1.027,False,False
30,1031,1007,1,98.0,30.992,31.625,T1_normal,-103.759,31.005,115.0,-104.508,31.505,115.0,line,115.0,56.128,WEST,15.469,False,False
31,1009,1008,1,331.3,222.0,67.009,T1_normal,-101.984,30.861,13.8,-101.984,30.861,115.0,transformer,115.0,0.0,WEST,67.009,False,False
32,1008,1032,1,220.0,87.334,39.697,T1_normal,-101.984,30.861,115.0,-102.273,31.191,115.0,line,115.0,28.475,WEST,43.364,False,False
33,1008,1036,1,184.0,76.229,41.429,T1_normal,-101.984,30.861,115.0,-102.399,31.161,115.0,line,115.0,32.128,WEST,53.86,False,False
34,1008,1069,1,149.0,61.745,41.44,T1_normal,-101.984,30.861,115.0,-101.984,30.861,115.0,line,115.0,0.0,WEST,50.605,False,False
35,1008,13087,1,134.5,9.073,6.745,T1_normal,-101.984,30.861,115.0,-102.599,30.92,115.0,line,115.0,36.692,WEST,12.5,False,False
36,1008,13137,1,107.2,27.089,25.269,T1_normal,-101.984,30.861,115.0,-102.599,30.92,115.0,line,115.0,36.692,WEST,18.237,False,False
37,1008,13274,1,116.8,6.772,5.798,T1_normal,-101.984,30.861,115.0,-102.273,31.191,115.0,line,115.0,28.475,WEST,2.005,False,False
38,1008,13277,1,118.1,10.738,9.092,T1_normal,-101.984,30.861,115.0,-102.599,30.92,115.0,line,115.0,36.692,WEST,17.824,False,False
39,1008,13361,1,111.9,0.332,0.297,T1_normal,-101.984,30.861,115.0,-101.984,30.861,115.0,line,115.0,0.0,WEST,0.822,False,False
40,1008,13399,1,113.7,10.973,9.651,T1_normal,-101.984,30.861,115.0,-102.599,30.92,115.0,line,115.0,36.692,WEST,4.271,False,False
41,1011,1010,1,29.6,10.0,33.784,T1_normal,-104.41,29.744,22.0,-104.41,29.744,115.0,transformer,115.0,0.0,WEST,33.784,False,False
42,1010,1015,1,98.0,7.933,8.095,T1_normal,-104.41,29.744,115.0,-104.006,30.285,115.0,line,115.0,44.523,WEST,6.637,False,False
43,1010,1030,1,98.0,22.896,23.363,T1_normal,-104.41,29.744,115.0,-103.383,30.251,115.0,line,115.0,70.729,WEST,20.317,False,False
44,1012,1087,1,149.0,61.623,41.358,T1_normal,-101.97,30.028,115.0,-101.785,30.597,115.0,line,115.0,40.844,WEST,71.286,False,False
45,3051,1012,1,149.0,58.633,39.351,T1_normal,-100.968,29.705,115.0,-101.97,30.028,115.0,line,115.0,64.084,WEST,69.279,False,False
46,1013,1031,1,98.0,40.242,41.063,T1_normal,-103.062,31.534,115.0,-103.759,31.005,115.0,line,115.0,55.056,WEST,24.908,False,False
47,1047,1013,1,292.0,85.719,29.356,T1_normal,-103.062,31.534,115.0,-103.062,31.534,115.0,line,115.0,0.0,WEST,53.963,False,False
48,1086,1013,1,220.0,59.815,27.189,T1_normal,-103.431,31.454,115.0,-103.062,31.534,115.0,line,115.0,22.408,WEST,41.024,False,False
49,1013,12834,1,148.0,38.391,25.94,T1_normal,-103.062,31.534,115.0,-103.431,31.454,115.0,line,115.0,22.408,WEST,36.94,False,False
50,1013,13304,1,124.4,57.135,45.929,T1_normal,-103.062,31.534,115.0,-103.362,31.451,115.0,line,115.0,18.562,WEST,53.407,False,False
51,1014,1047,1,177.0,87.917,49.671,T1_normal,-103.126,31.165,115.0,-103.062,31.534,115.0,line,115.0,25.771,WEST,70.232,False,False
52,1014,1083,1,149.0,41.857,28.092,T1_normal,-103.126,31.165,115.0,-102.599,30.92,115.0,line,115.0,35.503,WEST,9.532,False,False
53,1014,12891,1,600.0,150.211,25.035,T1_normal,-103.126,31.165,115.0,-103.126,31.165,230.0,transformer,230.0,0.0,WEST,34.565,False,False
54,1014,13022,1,279.0,125.468,44.971,T1_normal,-103.126,31.165,115.0,-103.128,31.186,115.0,line,115.0,1.44,WEST,43.683,False,False
55,1014,13186,1,251.0,162.235,64.635,T1_normal,-103.126,31.165,115.0,-102.599,30.92,115.0,line,115.0,35.503,WEST,82.939,False,False
56,1014,13302,1,162.0,40.59,25.056,T1_normal,-103.126,31.165,115.0,-103.431,31.454,115.0,line,115.0,26.842,WEST,32.819,False,False
57,1014,13415,1,121.8,46.088,37.839,T1_normal,-103.126,31.165,115.0,-102.273,31.191,115.0,line,115.0,50.466,WEST,28.814,False,False
58,1016,1034,1,220.0,81.585,37.084,T1_normal,-101.584,31.749,115.0,-101.355,32.108,115.0,line,115.0,28.237,WEST,47.334,False,False
59,1068,1016,1,98.0,9.356,9.547,T1_normal,-102.075,31.973,115.0,-101.584,31.749,115.0,line,115.0,32.711,WEST,13.321,False,False
60,1016,1106,1,122.8,24.973,20.336,T1_normal,-101.584,31.749,115.0,-101.152,31.683,115.0,line,115.0,25.81,WEST,44.082,False,False
61,1016,12795,1,120.0,7.109,5.924,T1_normal,-101.584,31.749,115.0,-100.984,31.876,115.0,line,115.0,36.308,WEST,49.247,False,False
62,13014,1016,1,317.9,192.385,60.518,T1_normal,-101.584,31.749,20.0,-101.584,31.749,115.0,transformer,115.0,0.0,WEST,65.178,False,False
63,1018,1017,1,98.0,3.071,3.133,T1_normal,-102.633,31.799,115.0,-102.453,31.843,115.0,line,115.0,10.976,WEST,0.456,False,False
64,1017,1029,1,149.0,29.512,19.807,T1_normal,-102.453,31.843,115.0,-102.075,31.973,115.0,line,115.0,23.924,WEST,16.873,False,False
65,1017,1037,1,221.0,22.217,10.053,T1_normal,-102.453,31.843,115.0,-102.453,31.843,115.0,line,115.0,0.0,WEST,20.974,False,False
66,1047,1017,1,150.0,101.414,67.609,T1_normal,-103.062,31.534,115.0,-102.453,31.843,115.0,line,115.0,41.675,WEST,71.073,False,False
67,1024,1018,1,98.0,1.667,1.701,T1_normal,-102.453,31.843,115.0,-102.633,31.799,115.0,line,115.0,10.976,WEST,23.893,False,False
68,1018,1037,1,130.7,12.554,9.605,T1_normal,-102.633,31.799,115.0,-102.453,31.843,115.0,line,115.0,10.976,WEST,29.026,False,False
69,1018,1100,1,98.7,5.166,5.234,T1_normal,-102.633,31.799,115.0,-102.701,31.703,115.0,line,115.0,7.746,WEST,9.58,False,False
70,1018,13414,1,101.7,2.73,2.685,T1_normal,-102.633,31.799,115.0,-102.453,31.843,115.0,line,115.0,10.976,WEST,4.621,False,False
71,1019,1029,1,124.0,94.98,76.597,T1_normal,-102.075,31.973,115.0,-102.075,31.973,115.0,line,115.0,0.0,WEST,39.984,False,False
72,1019,1037,1,132.1,20.823,15.763,T1_normal,-102.075,31.973,115.0,-102.453,31.843,115.0,line,115.0,23.924,WEST,9.967,False,False
73,1019,1040,1,149.0,7.777,5.22,T1_normal,-102.075,31.973,115.0,-102.772,32.28,115.0,line,115.0,45.974,WEST,3.38,False,False
74,1019,1045,1,221.0,14.408,6.52,T1_normal,-102.075,31.973,115.0,-102.075,31.973,115.0,line,115.0,0.0,WEST,0.376,False,False
75,1019,1045,1,113.4,14.168,12.494,T1_normal,-102.075,31.973,115.0,-102.075,31.973,115.0,line,115.0,0.0,WEST,0.721,False,False
76,1019,1056,1,122.5,40.527,33.084,T1_normal,-102.075,31.973,115.0,-101.837,32.235,115.0,line,115.0,22.878,WEST,32.633,False,False
77,1019,1064,1,125.7,0.426,0.339,T1_normal,-102.075,31.973,115.0,-102.453,31.843,115.0,line,115.0,23.924,WEST,5.321,False,False
78,1019,1071,1,225.0,140.203,62.312,T1_normal,-102.075,31.973,115.0,-102.453,31.843,115.0,line,115.0,23.924,WEST,19.518,False,False
79,1071,1019,1,225.0,140.203,62.312,T1_normal,-102.453,31.843,115.0,-102.075,31.973,115.0,line,115.0,23.924,WEST,19.518,False,False
80,1019,1084,1,220.0,58.413,26.551,T1_normal,-102.075,31.973,115.0,-101.355,32.108,115.0,line,115.0,43.208,WEST,13.459,False,False
81,1021,1020,1,354.4,231.5,65.322,T1_normal,-101.355,32.108,13.8,-101.355,32.108,115.0,transformer,115.0,0.0,WEST,65.322,False,False
82,1020,1025,1,149.0,18.801,12.618,T1_normal,-101.355,32.108,115.0,-101.22,32.039,115.0,line,115.0,9.22,WEST,44.554,False,False
83,1084,1020,1,221.0,18.652,8.44,T1_normal,-101.355,32.108,115.0,-101.355,32.108,115.0,line,115.0,0.0,WEST,5.235,False,False
84,1020,3059,1,300.0,140.97,46.99,T1_normal,-101.355,32.108,115.0,-100.984,31.876,115.0,line,115.0,26.988,WEST,58.415,False,False
85,1020,3130,1,221.0,90.679,41.031,T1_normal,-101.355,32.108,115.0,-100.559,31.462,115.0,line,115.0,64.594,WEST,50.258,False,False
86,1023,1022,1,217.6,180.0,82.721,T2_watch,-101.613,32.928,13.8,-101.613,32.928,115.0,transformer,115.0,0.0,WEST,82.721,False,False
87,1022,1028,1,221.0,29.119,13.176,T1_normal,-101.613,32.928,115.0,-101.243,32.685,115.0,line,115.0,27.288,WEST,12.453,False,False
88,1022,1028,1,221.0,29.119,13.176,T1_normal,-101.613,32.928,115.0,-101.243,32.685,115.0,line,115.0,27.288,WEST,12.453,False,False
89,1024,1090,1,149.0,62.846,42.178,T1_normal,-102.453,31.843,115.0,-102.707,32.032,115.0,line,115.0,19.798,WEST,61.898,False,False
90,1024,12803,1,116.2,2.095,1.803,T1_normal,-102.453,31.843,115.0,-102.707,32.032,115.0,line,115.0,19.798,WEST,18.651,False,False
91,1026,1025,1,166.4,124.2,74.639,T1_normal,-101.22,32.039,13.8,-101.22,32.039,115.0,transformer,115.0,0.0,WEST,74.639,False,False
92,1025,1034,1,131.6,23.071,17.531,T1_normal,-101.22,32.039,115.0,-101.355,32.108,115.0,line,115.0,9.22,WEST,13.376,False,False
93,1025,1067,1,130.4,22.626,17.351,T1_normal,-101.22,32.039,115.0,-101.355,32.108,115.0,line,115.0,9.22,WEST,19.857,False,False
94,1025,1084,1,121.8,54.763,44.961,T1_normal,-101.22,32.039,115.0,-101.355,32.108,115.0,line,115.0,9.22,WEST,74.119,False,False
95,1027,1045,1,221.0,57.395,25.971,T1_normal,-102.075,31.973,115.0,-102.075,31.973,115.0,line,115.0,0.0,WEST,4.055,False,False
96,1056,1027,1,250.0,50.265,20.106,T1_normal,-101.837,32.235,115.0,-102.075,31.973,115.0,line,115.0,22.878,WEST,20.445,False,False
97,1027,1118,1,135.0,26.407,19.561,T1_normal,-102.075,31.973,115.0,-102.1,32.271,115.0,line,115.0,20.645,WEST,17.465,False,False
98,1027,1132,1,111.3,29.767,26.745,T1_normal,-102.075,31.973,115.0,-101.902,32.309,115.0,line,115.0,25.333,WEST,58.332,False,False
99,1028,3109,1,453.0,173.232,38.241,T1_normal,-101.243,32.685,115.0,-101.17,32.935,115.0,line,115.0,17.806,WEST,38.947,False,False
100,13185,1028,1,190.1,158.0,83.114,T2_watch,-101.243,32.685,20.0,-101.243,32.685,115.0,transformer,115.0,0.0,WEST,83.114,False,False
101,1028,13359,1,122.4,84.0,68.627,T1_normal,-101.243,32.685,115.0,-101.17,32.935,115.0,line,115.0,17.806,WEST,68.627,False,False
102,1029,1045,1,146.9,29.27,19.925,T1_normal,-102.075,31.973,115.0,-102.075,31.973,115.0,line,115.0,0.0,WEST,16.933,False,False
103,1029,1056,1,221.0,12.832,5.807,T1_normal,-102.075,31.973,115.0,-101.837,32.235,115.0,line,115.0,22.878,WEST,14.359,False,False
104,1030,1038,1,98.0,24.391,24.889,T1_normal,-103.383,30.251,115.0,-102.599,30.92,115.0,line,115.0,65.639,WEST,23.32,False,False
105,1083,1030,1,98.0,23.135,23.607,T1_normal,-102.599,30.92,115.0,-103.383,30.251,115.0,line,115.0,65.639,WEST,22.129,False,False
106,1033,1032,1,170.0,63.63,37.429,T1_normal,-102.273,31.191,230.0,-102.273,31.191,115.0,transformer,230.0,0.0,WEST,64.693,False,False
107,1032,1036,1,98.0,35.139,35.856,T1_normal,-102.273,31.191,115.0,-102.399,31.161,115.0,line,115.0,7.728,WEST,29.278,False,False
108,1038,1032,1,155.0,41.465,26.751,T1_normal,-102.599,30.92,115.0,-102.273,31.191,115.0,line,115.0,26.894,WEST,42.001,False,False
109,1032,1088,1,450.0,168.64,37.476,T1_normal,-102.273,31.191,115.0,-102.273,31.191,115.0,line,115.0,0.0,WEST,50.755,False,False
110,1032,12893,1,136.8,47.711,34.877,T1_normal,-102.273,31.191,115.0,-102.599,30.92,115.0,line,115.0,26.894,WEST,35.635,False,False
111,1032,13137,1,228.0,143.339,62.868,T1_normal,-102.273,31.191,115.0,-102.599,30.92,115.0,line,115.0,26.894,WEST,69.104,False,False
112,1032,13140,1,122.9,47.121,38.341,T1_normal,-102.273,31.191,115.0,-100.939,32.131,115.0,line,115.0,101.852,WEST,13.989,False,False
113,1032,13211,1,116.6,25.634,21.985,T1_normal,-102.273,31.191,115.0,-102.273,31.191,115.0,line,115.0,0.0,WEST,17.733,False,False
114,1032,13214,1,140.7,13.33,9.474,T1_normal,-102.273,31.191,115.0,-102.399,31.161,115.0,line,115.0,7.728,WEST,3.781,False,False
115,1032,13218,1,117.5,18.61,15.838,T1_normal,-102.273,31.191,115.0,-102.273,31.191,115.0,line,115.0,0.0,WEST,5.66,False,False
116,1032,13415,1,145.6,18.023,12.378,T1_normal,-102.273,31.191,115.0,-102.273,31.191,115.0,line,115.0,0.0,WEST,5.002,False,False
117,1033,1081,1,637.0,390.605,61.319,T1_normal,-102.273,31.191,230.0,-102.453,31.843,230.0,line,230.0,46.31,WEST,86.436,False,False
118,1033,3050,1,647.0,170.184,26.304,T1_normal,-102.273,31.191,230.0,-100.968,29.705,230.0,line,230.0,128.746,WEST,48.988,False,False
119,1033,12594,1,439.0,229.202,52.21,T1_normal,-102.273,31.191,230.0,-101.856,31.164,230.0,line,230.0,24.677,WEST,63.145,False,False
120,12687,1033,1,251.4,0.0,0.0,T1_normal,-102.273,31.191,20.0,-102.273,31.191,230.0,transformer,230.0,0.0,WEST,0.0,False,False
121,12688,1033,1,231.1,200.0,86.543,T2_watch,-102.273,31.191,20.0,-102.273,31.191,230.0,transformer,230.0,0.0,WEST,86.543,False,False
122,1033,12855,1,750.7,199.645,26.595,T1_normal,-102.273,31.191,230.0,-102.273,31.191,230.0,line,230.0,0.0,WEST,54.58,False,False
123,1033,12894,1,550.4,276.715,50.275,T1_normal,-102.273,31.191,230.0,-102.599,30.92,230.0,line,230.0,26.894,WEST,68.14,False,False
124,1035,1034,1,116.7,89.5,76.692,T1_normal,-101.355,32.108,13.8,-101.355,32.108,115.0,transformer,115.0,0.0,WEST,76.692,False,False
125,1034,1065,1,118.8,1.697,1.429,T1_normal,-101.355,32.108,115.0,-101.355,32.108,115.0,line,115.0,0.0,WEST,48.76,False,False
126,1034,1067,1,98.0,9.283,9.473,T1_normal,-101.355,32.108,115.0,-101.355,32.108,115.0,line,115.0,0.0,WEST,35.868,False,False
127,1034,1084,1,223.3,53.447,23.935,T1_normal,-101.355,32.108,115.0,-101.355,32.108,115.0,line,115.0,0.0,WEST,50.167,False,False
128,1034,1084,1,223.3,53.447,23.935,T1_normal,-101.355,32.108,115.0,-101.355,32.108,115.0,line,115.0,0.0,WEST,50.167,False,False
129,1034,1084,1,223.3,53.447,23.935,T1_normal,-101.355,32.108,115.0,-101.355,32.108,115.0,line,115.0,0.0,WEST,50.167,False,False
130,1034,1108,1,138.1,26.23,18.993,T1_normal,-101.355,32.108,115.0,-101.46,32.055,115.0,line,115.0,7.161,WEST,22.994,False,False
131,1088,1036,1,114.0,50.103,43.95,T1_normal,-102.273,31.191,115.0,-102.399,31.161,115.0,line,115.0,7.728,WEST,43.012,False,False
132,1036,12774,1,600.0,230.236,38.373,T1_normal,-102.399,31.161,115.0,-102.399,31.161,230.0,transformer,230.0,0.0,WEST,49.685,False,False
133,1036,13274,1,129.0,44.115,34.198,T1_normal,-102.399,31.161,115.0,-102.273,31.191,115.0,line,115.0,7.728,WEST,44.918,False,False
134,1036,13339,1,450.0,219.254,48.723,T1_normal,-102.399,31.161,115.0,-102.752,30.75,115.0,line,115.0,35.29,WEST,53.979,False,False
135,1037,1071,1,300.0,45.543,15.181,T1_normal,-102.453,31.843,115.0,-102.453,31.843,115.0,line,115.0,0.0,WEST,0.069,False,False
136,1037,1100,1,129.4,9.768,7.548,T1_normal,-102.453,31.843,115.0,-102.701,31.703,115.0,line,115.0,17.475,WEST,22.144,False,False
137,1037,1130,1,118.0,44.926,38.073,T1_normal,-102.453,31.843,115.0,-102.426,31.865,115.0,line,115.0,2.206,WEST,2.262,False,False
138,1039,1038,1,167.4,126.351,75.479,T1_normal,-102.599,30.92,22.0,-102.599,30.92,115.0,transformer,115.0,0.0,WEST,78.853,False,False
139,1082,1038,1,149.0,19.79,13.282,T1_normal,-102.599,30.92,115.0,-102.599,30.92,115.0,line,115.0,0.0,WEST,2.274,False,False
140,1083,1038,1,221.0,33.534,15.174,T1_normal,-102.599,30.92,115.0,-102.599,30.92,115.0,line,115.0,0.0,WEST,14.181,False,False
141,1038,13189,1,145.9,17.222,11.804,T1_normal,-102.599,30.92,115.0,-102.752,30.75,115.0,line,115.0,14.853,WEST,11.031,False,False
142,1040,1090,1,149.0,61.055,40.976,T1_normal,-102.772,32.28,115.0,-102.707,32.032,115.0,line,115.0,17.571,WEST,45.664,False,False
143,1040,1102,1,111.7,13.175,11.795,T1_normal,-102.772,32.28,115.0,-102.673,32.46,115.0,line,115.0,13.698,WEST,9.933,False,False
144,1040,1110,1,135.0,19.138,14.177,T1_normal,-102.772,32.28,115.0,-102.68,32.22,115.0,line,115.0,6.803,WEST,3.201,False,False
145,1042,1041,1,195.3,121.9,62.417,T1_normal,-101.399,32.141,13.8,-101.399,32.141,115.0,transformer,115.0,0.0,WEST,62.417,False,False
146,1041,1061,1,133.6,3.014,2.256,T1_normal,-101.399,32.141,115.0,-101.355,32.108,115.0,line,115.0,3.423,WEST,3.503,False,False
147,1041,1065,1,98.0,12.887,13.15,T1_normal,-101.399,32.141,115.0,-101.355,32.108,115.0,line,115.0,3.423,WEST,1.436,False,False
148,1041,1067,1,149.0,12.723,8.539,T1_normal,-101.399,32.141,115.0,-101.355,32.108,115.0,line,115.0,3.423,WEST,13.348,False,False
149,1041,1067,1,119.1,34.875,29.282,T1_normal,-101.399,32.141,115.0,-101.355,32.108,115.0,line,115.0,3.423,WEST,45.775,False,False
150,1041,1108,1,127.0,15.723,12.38,T1_normal,-101.399,32.141,115.0,-101.46,32.055,115.0,line,115.0,6.933,WEST,13.257,False,False
151,1041,1120,1,136.8,51.766,37.841,T1_normal,-101.399,32.141,115.0,-101.28,32.173,115.0,line,115.0,7.285,WEST,18.968,False,False
152,1041,13409,1,147.1,7.717,5.246,T1_normal,-101.399,32.141,115.0,-101.355,32.108,115.0,line,115.0,3.423,WEST,3.605,False,False
153,1041,13424,1,115.2,8.969,7.786,T1_normal,-101.399,32.141,115.0,-101.243,32.685,115.0,line,115.0,38.664,WEST,3.358,False,False
154,1044,3019,1,149.0,55.872,37.498,T1_normal,-101.215,31.195,115.0,-100.651,31.067,115.0,line,115.0,34.494,WEST,36.826,False,False
155,3130,1044,1,221.0,87.088,39.407,T1_normal,-100.559,31.462,115.0,-101.215,31.195,115.0,line,115.0,42.886,WEST,43.259,False,False
156,1044,12791,1,600.0,103.625,17.271,T1_normal,-101.215,31.195,115.0,-101.215,31.195,230.0,transformer,230.0,0.0,WEST,16.176,False,False
157,1044,12810,1,239.2,62.365,26.072,T1_normal,-101.215,31.195,115.0,-101.215,31.195,115.0,line,115.0,0.0,WEST,31.961,False,False
158,1045,1064,1,221.0,14.667,6.637,T1_normal,-102.075,31.973,115.0,-102.453,31.843,115.0,line,115.0,23.924,WEST,4.207,False,False
159,1045,1064,1,136.0,26.666,19.607,T1_normal,-102.075,31.973,115.0,-102.453,31.843,115.0,line,115.0,23.924,WEST,12.43,False,False
160,1045,12803,1,197.5,69.573,35.227,T1_normal,-102.075,31.973,115.0,-102.707,32.032,115.0,line,115.0,37.243,WEST,44.172,False,False
161,1045,12803,1,197.5,69.573,35.227,T1_normal,-102.075,31.973,115.0,-102.707,32.032,115.0,line,115.0,37.243,WEST,44.172,False,False
162,1087,1046,1,149.0,42.213,28.331,T1_normal,-101.785,30.597,115.0,-101.297,30.743,115.0,line,115.0,30.668,WEST,32.726,False,False
163,1046,3009,1,149.0,95.959,64.402,T1_normal,-101.297,30.743,115.0,-100.561,30.441,115.0,line,115.0,48.503,WEST,69.232,False,False
164,1046,12819,1,142.8,64.836,45.404,T1_normal,-101.297,30.743,115.0,-101.984,30.861,115.0,line,115.0,41.573,WEST,45.856,False,False
165,1048,1047,1,92.6,93.718,101.207,T4_light,-103.062,31.534,18.0,-103.062,31.534,115.0,transformer,115.0,0.0,WEST,24.363,True,True
166,1049,1047,1,97.0,92.276,95.13,T3_prevent,-103.062,31.534,18.0,-103.062,31.534,115.0,transformer,115.0,0.0,WEST,22.9,False,False
167,1050,1047,1,102.9,92.276,89.676,T2_watch,-103.062,31.534,18.0,-103.062,31.534,115.0,transformer,115.0,0.0,WEST,21.587,False,False
168,1051,1047,1,86.4,92.276,106.801,T4_light,-103.062,31.534,18.0,-103.062,31.534,115.0,transformer,115.0,0.0,WEST,25.71,True,True
169,1052,1047,1,81.4,90.834,111.59,T5_moderate,-103.062,31.534,18.0,-103.062,31.534,115.0,transformer,115.0,0.0,WEST,26.863,True,True
170,1053,1047,1,332.0,175.074,52.733,T1_normal,-103.062,31.534,230.0,-103.062,31.534,115.0,transformer,230.0,0.0,WEST,41.147,False,False
171,1053,1047,1,332.0,175.074,52.733,T1_normal,-103.062,31.534,230.0,-103.062,31.534,115.0,transformer,230.0,0.0,WEST,41.147,False,False
172,1047,1085,1,221.0,183.455,83.011,T2_watch,-103.062,31.534,115.0,-103.139,31.696,115.0,line,115.0,12.072,WEST,5.94,False,False
173,1053,1081,1,548.0,289.717,52.868,T1_normal,-103.062,31.534,230.0,-102.453,31.843,230.0,line,230.0,41.675,WEST,62.07,False,False
174,1053,1093,1,496.9,263.923,53.114,T1_normal,-103.062,31.534,230.0,-102.868,31.843,230.0,line,230.0,24.213,WEST,52.985,False,False
175,1053,1099,1,526.0,311.922,59.301,T1_normal,-103.062,31.534,230.0,-102.701,31.703,230.0,line,230.0,24.237,WEST,65.014,False,False
176,12667,1053,1,498.7,216.677,43.448,T1_normal,-102.453,31.843,230.0,-103.062,31.534,230.0,line,230.0,41.675,WEST,54.04,False,False
177,1053,12835,1,742.6,366.045,49.292,T1_normal,-103.062,31.534,230.0,-103.431,31.454,230.0,line,230.0,22.408,WEST,63.405,False,False
178,1053,12835,1,742.6,366.045,49.292,T1_normal,-103.062,31.534,230.0,-103.431,31.454,230.0,line,230.0,22.408,WEST,63.405,False,False
179,1054,1056,1,149.0,35.015,23.5,T1_normal,-101.754,32.49,115.0,-101.837,32.235,115.0,line,115.0,18.228,WEST,54.692,False,False
180,1089,1054,1,98.0,1.924,1.964,T1_normal,-101.836,32.758,115.0,-101.754,32.49,115.0,line,115.0,19.132,WEST,18.653,False,False
181,1054,1128,1,256.0,117.625,45.947,T1_normal,-101.754,32.49,115.0,-101.826,32.411,115.0,line,115.0,6.859,WEST,54.579,False,False
182,1054,1128,1,256.0,117.625,45.947,T1_normal,-101.754,32.49,115.0,-101.826,32.411,115.0,line,115.0,6.859,WEST,54.579,False,False
183,1054,12718,1,264.0,38.755,14.68,T1_normal,-101.754,32.49,115.0,-101.64,32.673,115.0,line,115.0,14.31,WEST,31.323,False,False
184,1054,13002,1,212.0,123.303,58.162,T1_normal,-101.754,32.49,115.0,-101.836,32.758,115.0,line,115.0,19.132,WEST,65.326,False,False
185,1054,13002,1,212.0,123.303,58.162,T1_normal,-101.754,32.49,115.0,-101.836,32.758,115.0,line,115.0,19.132,WEST,65.326,False,False
186,1055,1089,1,98.0,45.494,46.423,T1_normal,-101.764,32.927,115.0,-101.836,32.758,115.0,line,115.0,12.386,WEST,63.112,False,False
187,1057,1056,1,155.3,120.0,77.27,T1_normal,-101.837,32.235,18.0,-101.837,32.235,115.0,transformer,115.0,0.0,WEST,77.27,False,False
188,1056,1061,1,150.0,42.282,28.188,T1_normal,-101.837,32.235,115.0,-101.355,32.108,115.0,line,115.0,29.524,WEST,16.937,False,False
189,1056,1065,1,250.0,39.21,15.684,T1_normal,-101.837,32.235,115.0,-101.355,32.108,115.0,line,115.0,29.524,WEST,9.539,False,False
190,1056,1132,1,117.9,76.617,64.985,T1_normal,-101.837,32.235,115.0,-101.902,32.309,115.0,line,115.0,6.363,WEST,24.951,False,False
191,1058,1069,1,221.0,61.408,27.787,T1_normal,-101.984,30.861,115.0,-101.984,30.861,115.0,line,115.0,0.0,WEST,39.357,False,False
192,1069,1058,1,221.0,61.408,27.787,T1_normal,-101.984,30.861,115.0,-101.984,30.861,115.0,line,115.0,0.0,WEST,39.357,False,False
193,1058,1087,1,221.0,52.373,23.698,T1_normal,-101.984,30.861,115.0,-101.785,30.597,115.0,line,115.0,21.755,WEST,35.269,False,False
194,1058,1087,1,221.0,52.373,23.698,T1_normal,-101.984,30.861,115.0,-101.785,30.597,115.0,line,115.0,21.755,WEST,35.269,False,False
195,1062,1061,1,109.9,102.369,93.147,T3_prevent,-101.355,32.108,13.8,-101.355,32.108,115.0,transformer,115.0,0.0,WEST,22.423,False,False
196,1063,1061,1,106.1,102.369,96.484,T3_prevent,-101.355,32.108,13.8,-101.355,32.108,115.0,transformer,115.0,0.0,WEST,23.226,False,False
197,1061,1067,1,112.3,3.602,3.207,T1_normal,-101.355,32.108,115.0,-101.355,32.108,115.0,line,115.0,0.0,WEST,5.046,False,False
198,1061,1104,1,122.5,18.837,15.377,T1_normal,-101.355,32.108,115.0,-101.368,32.377,115.0,line,115.0,18.606,WEST,2.408,False,False
199,1061,1112,1,169.8,213.301,125.619,T6_heavy,-101.355,32.108,115.0,-101.014,32.239,115.0,line,115.0,21.894,WEST,43.974,True,True
200,1061,1120,1,144.9,29.965,20.679,T1_normal,-101.355,32.108,115.0,-101.28,32.173,115.0,line,115.0,6.275,WEST,9.058,False,False
201,1061,1134,1,125.5,26.13,20.82,T1_normal,-101.355,32.108,115.0,-101.362,32.319,115.0,line,115.0,14.589,WEST,1.384,False,False
202,1061,3042,1,221.0,74.264,33.604,T1_normal,-101.355,32.108,115.0,-100.692,32.05,115.0,line,115.0,39.029,WEST,18.738,False,False
203,12998,1061,1,109.6,100.927,92.087,T3_prevent,-101.355,32.108,13.8,-101.355,32.108,115.0,transformer,115.0,0.0,WEST,22.168,False,False
204,1061,13409,1,132.4,6.57,4.962,T1_normal,-101.355,32.108,115.0,-101.355,32.108,115.0,line,115.0,0.0,WEST,4.411,False,False
205,1066,1065,1,179.1,142.5,79.564,T1_normal,-101.355,32.108,13.8,-101.355,32.108,115.0,transformer,115.0,0.0,WEST,79.564,False,False
206,1065,1067,1,131.9,21.26,16.118,T1_normal,-101.355,32.108,115.0,-101.355,32.108,115.0,line,115.0,0.0,WEST,11.968,False,False
207,1065,1108,1,146.1,75.557,51.716,T1_normal,-101.355,32.108,115.0,-101.46,32.055,115.0,line,115.0,7.161,WEST,41.938,False,False
208,1065,1120,1,130.7,57.011,43.619,T1_normal,-101.355,32.108,115.0,-101.28,32.173,115.0,line,115.0,6.275,WEST,19.635,False,False
209,1065,13409,1,116.9,13.299,11.376,T1_normal,-101.355,32.108,115.0,-101.355,32.108,115.0,line,115.0,0.0,WEST,3.673,False,False
210,1067,1108,1,122.3,15.618,12.771,T1_normal,-101.355,32.108,115.0,-101.46,32.055,115.0,line,115.0,7.161,WEST,11.159,False,False
211,1067,1120,1,107.9,54.897,50.878,T1_normal,-101.355,32.108,115.0,-101.28,32.173,115.0,line,115.0,6.275,WEST,18.433,False,False
212,1067,1134,1,129.1,11.191,8.668,T1_normal,-101.355,32.108,115.0,-101.362,32.319,115.0,line,115.0,14.589,WEST,2.573,False,False
213,1067,13409,1,137.3,4.522,3.294,T1_normal,-101.355,32.108,115.0,-101.355,32.108,115.0,line,115.0,0.0,WEST,14.278,False,False
214,1088,1068,1,220.0,99.896,45.407,T1_normal,-102.273,31.191,115.0,-102.075,31.973,115.0,line,115.0,55.287,WEST,42.725,False,False
215,1070,1069,1,218.2,0.0,0.0,T1_normal,-101.984,30.861,13.8,-101.984,30.861,115.0,transformer,115.0,0.0,WEST,0.0,False,False
216,1082,1069,1,149.0,19.159,12.858,T1_normal,-102.599,30.92,115.0,-101.984,30.861,115.0,line,115.0,36.692,WEST,3.037,False,False
217,1069,12893,1,132.7,32.025,24.133,T1_normal,-101.984,30.861,115.0,-102.599,30.92,115.0,line,115.0,36.692,WEST,26.434,False,False
218,1069,13137,1,125.4,36.464,29.078,T1_normal,-101.984,30.861,115.0,-102.599,30.92,115.0,line,115.0,36.692,WEST,36.73,False,False
219,1069,13361,1,122.4,75.791,61.921,T1_normal,-101.984,30.861,115.0,-101.984,30.861,115.0,line,115.0,0.0,WEST,75.246,False,False
220,1072,1071,1,259.1,295.145,113.912,T5_moderate,-102.453,31.843,18.0,-102.453,31.843,115.0,transformer,115.0,0.0,WEST,27.595,True,True
221,1073,1071,1,248.6,295.145,118.723,T5_moderate,-102.453,31.843,18.0,-102.453,31.843,115.0,transformer,115.0,0.0,WEST,28.761,True,True
222,1074,1071,1,222.3,238.481,107.279,T4_light,-102.453,31.843,18.0,-102.453,31.843,115.0,transformer,115.0,0.0,WEST,26.027,True,True
223,1075,1071,1,264.8,238.481,90.061,T3_prevent,-102.453,31.843,18.0,-102.453,31.843,115.0,transformer,115.0,0.0,WEST,21.85,False,False
224,1076,1071,1,190.0,226.226,119.066,T5_moderate,-102.453,31.843,18.0,-102.453,31.843,115.0,transformer,115.0,0.0,WEST,28.899,True,True
225,1077,1071,1,233.8,226.226,96.76,T3_prevent,-102.453,31.843,18.0,-102.453,31.843,115.0,transformer,115.0,0.0,WEST,23.485,False,False
226,1079,1071,1,2000.0,1013.7,50.685,T1_normal,-102.453,31.843,500.0,-102.453,31.843,115.0,transformer,500.0,0.0,WEST,41.739,False,False
227,1081,1071,1,350.0,9.843,2.812,T1_normal,-102.453,31.843,230.0,-102.453,31.843,115.0,transformer,230.0,0.0,WEST,16.718,False,False
228,1071,1130,1,138.1,52.619,38.102,T1_normal,-102.453,31.843,115.0,-102.426,31.865,115.0,line,115.0,2.206,WEST,2.495,False,False
229,3048,1079,1,2300.0,480.884,20.908,T1_normal,-100.568,32.361,500.0,-102.453,31.843,500.0,line,500.0,116.026,WEST,18.147,False,False
230,3048,1079,1,2300.0,480.884,20.908,T1_normal,-100.568,32.361,500.0,-102.453,31.843,500.0,line,500.0,116.026,WEST,18.147,False,False
231,1081,1123,1,1200.0,472.273,39.356,T1_normal,-102.453,31.843,230.0,-101.836,31.726,230.0,line,230.0,37.142,WEST,36.287,False,False
232,1081,1129,1,414.8,90.5,21.818,T1_normal,-102.453,31.843,230.0,-102.426,31.865,230.0,line,230.0,2.206,WEST,16.724,False,False
233,1081,3058,1,548.0,250.621,45.734,T1_normal,-102.453,31.843,230.0,-100.984,31.876,230.0,line,230.0,86.233,WEST,28.952,False,False
234,12667,1081,1,418.6,218.146,52.113,T1_normal,-102.453,31.843,230.0,-102.453,31.843,230.0,line,230.0,0.0,WEST,47.051,False,False
235,1081,12680,1,387.3,30.451,7.862,T1_normal,-102.453,31.843,230.0,-102.772,32.28,230.0,line,230.0,35.518,WEST,6.181,False,False
236,1081,12804,1,347.8,20.891,6.007,T1_normal,-102.453,31.843,230.0,-102.707,32.032,230.0,line,230.0,19.798,WEST,1.225,False,False
237,1082,13147,1,104.3,30.161,28.917,T1_normal,-102.599,30.92,115.0,-102.599,30.92,115.0,line,115.0,0.0,WEST,1.09,False,False
238,1083,13189,1,116.4,17.222,14.796,T1_normal,-102.599,30.92,115.0,-102.752,30.75,115.0,line,115.0,14.853,WEST,13.827,False,False
239,1084,3059,1,198.9,111.747,56.183,T1_normal,-101.355,32.108,115.0,-100.984,31.876,115.0,line,115.0,26.988,WEST,75.528,False,False
240,1084,3059,1,198.9,111.747,56.183,T1_normal,-101.355,32.108,115.0,-100.984,31.876,115.0,line,115.0,26.988,WEST,75.528,False,False
241,1084,3059,1,198.9,111.747,56.183,T1_normal,-101.355,32.108,115.0,-100.984,31.876,115.0,line,115.0,26.988,WEST,75.528,False,False
242,1084,3059,1,198.9,111.747,56.183,T1_normal,-101.355,32.108,115.0,-100.984,31.876,115.0,line,115.0,26.988,WEST,75.528,False,False
243,1084,3130,1,221.0,55.956,25.319,T1_normal,-101.355,32.108,115.0,-100.559,31.462,115.0,line,115.0,64.594,WEST,34.555,False,False
244,1084,13169,1,230.7,23.819,10.325,T1_normal,-101.355,32.108,115.0,-101.584,31.749,115.0,line,115.0,28.237,WEST,10.212,False,False
245,1084,13169,1,230.7,23.819,10.325,T1_normal,-101.355,32.108,115.0,-101.584,31.749,115.0,line,115.0,28.237,WEST,10.212,False,False
246,1084,13169,1,230.7,23.819,10.325,T1_normal,-101.355,32.108,115.0,-101.584,31.749,115.0,line,115.0,28.237,WEST,10.212,False,False
247,1084,13169,1,230.7,23.819,10.325,T1_normal,-101.355,32.108,115.0,-101.584,31.749,115.0,line,115.0,28.237,WEST,10.212,False,False
248,13279,1084,1,176.8,115.5,65.328,T1_normal,-101.355,32.108,20.0,-101.355,32.108,115.0,transformer,115.0,0.0,WEST,65.328,False,False
249,1085,1086,1,287.0,188.814,65.789,T1_normal,-103.139,31.696,115.0,-103.431,31.454,115.0,line,115.0,23.993,WEST,65.447,False,False
250,1090,1085,1,221.0,5.586,2.528,T1_normal,-102.707,32.032,115.0,-103.139,31.696,115.0,line,115.0,34.369,WEST,27.936,False,False
251,1085,1094,1,196.5,43.903,22.343,T1_normal,-103.139,31.696,115.0,-102.868,31.843,115.0,line,115.0,18.875,WEST,59.258,False,False
252,1086,13416,1,316.0,146.154,46.251,T1_normal,-103.431,31.454,115.0,-104.085,31.816,115.0,line,115.0,45.939,WEST,50.912,False,False
253,1086,13416,1,316.0,146.154,46.251,T1_normal,-103.431,31.454,115.0,-104.085,31.816,115.0,line,115.0,45.939,WEST,50.912,False,False
254,1088,12593,1,204.2,82.942,40.618,T1_normal,-102.273,31.191,115.0,-101.856,31.164,115.0,line,115.0,24.677,WEST,63.112,False,False
255,1088,12855,1,791.0,227.651,28.78,T1_normal,-102.273,31.191,115.0,-102.273,31.191,230.0,transformer,230.0,0.0,WEST,56.544,False,False
256,1088,12855,1,791.0,227.651,28.78,T1_normal,-102.273,31.191,115.0,-102.273,31.191,230.0,transformer,230.0,0.0,WEST,56.544,False,False
257,1088,13027,1,131.5,66.217,50.355,T1_normal,-102.273,31.191,115.0,-102.399,31.161,115.0,line,115.0,7.728,WEST,81.305,False,False
258,1088,13140,1,200.8,20.067,9.994,T1_normal,-102.273,31.191,115.0,-100.939,32.131,115.0,line,115.0,101.852,WEST,73.741,False,False
259,1088,13211,1,241.0,101.627,42.169,T1_normal,-102.273,31.191,115.0,-102.273,31.191,115.0,line,115.0,0.0,WEST,75.004,False,False
260,1088,13211,1,241.0,101.627,42.169,T1_normal,-102.273,31.191,115.0,-102.273,31.191,115.0,line,115.0,0.0,WEST,75.004,False,False
261,1088,13214,1,127.9,45.503,35.577,T1_normal,-102.273,31.191,115.0,-102.399,31.161,115.0,line,115.0,7.728,WEST,62.778,False,False
262,1088,13218,1,140.9,41.565,29.5,T1_normal,-102.273,31.191,115.0,-102.273,31.191,115.0,line,115.0,0.0,WEST,50.363,False,False
263,1088,13415,1,124.8,42.791,34.288,T1_normal,-102.273,31.191,115.0,-102.273,31.191,115.0,line,115.0,0.0,WEST,57.848,False,False
264,1090,1126,1,171.3,70.186,40.972,T1_normal,-102.707,32.032,115.0,-102.78,31.939,115.0,line,115.0,7.726,WEST,52.522,False,False
265,13130,1090,1,116.2,92.5,79.604,T1_normal,-102.707,32.032,20.0,-102.707,32.032,115.0,transformer,115.0,0.0,WEST,79.604,False,False
266,2029,1091,1,187.0,3.766,2.014,T1_normal,-101.244,34.372,161.0,-101.482,33.686,161.0,line,161.0,49.291,NORTH,33.679,False,False
267,1091,2048,1,187.0,24.144,12.911,T1_normal,-101.482,33.686,161.0,-100.967,33.752,161.0,line,161.0,29.948,WEST,9.681,False,False
268,2098,1091,1,187.0,38.808,20.753,T1_normal,-101.482,33.686,161.0,-101.482,33.686,161.0,line,161.0,0.0,WEST,14.142,False,False
269,1093,1094,1,250.0,13.687,5.475,T1_normal,-102.868,31.843,230.0,-102.868,31.843,115.0,transformer,230.0,0.0,WEST,23.541,False,False
270,1093,1099,1,452.1,20.53,4.541,T1_normal,-102.868,31.843,230.0,-102.701,31.703,230.0,line,230.0,13.788,WEST,2.098,False,False
271,1093,1115,1,414.9,124.835,30.088,T1_normal,-102.868,31.843,230.0,-102.314,32.21,230.0,line,230.0,41.18,WEST,21.578,False,False
272,1093,1125,1,425.8,132.669,31.158,T1_normal,-102.868,31.843,230.0,-102.78,31.939,230.0,line,230.0,8.393,WEST,42.356,False,False
273,1093,12804,1,391.8,104.692,26.721,T1_normal,-102.868,31.843,230.0,-102.707,32.032,230.0,line,230.0,16.107,WEST,35.528,False,False
274,12909,1093,1,320.8,245.0,76.372,T1_normal,-101.943,32.082,20.0,-102.868,31.843,230.0,transformer,230.0,56.704,WEST,77.93,False,False
275,1095,1096,1,2500.0,738.307,29.532,T1_normal,-101.65,31.624,500.0,-101.65,31.624,230.0,transformer,500.0,0.0,WEST,36.454,False,False
276,1095,1096,1,2500.0,738.307,29.532,T1_normal,-101.65,31.624,500.0,-101.65,31.624,230.0,transformer,500.0,0.0,WEST,36.454,False,False
277,1095,1096,1,2500.0,738.307,29.532,T1_normal,-101.65,31.624,500.0,-101.65,31.624,230.0,transformer,500.0,0.0,WEST,36.454,False,False
278,1095,1096,1,2500.0,738.307,29.532,T1_normal,-101.65,31.624,500.0,-101.65,31.624,230.0,transformer,500.0,0.0,WEST,36.454,False,False
279,12564,1095,1,2857.1,999.342,34.977,T1_normal,-100.984,31.876,500.0,-101.65,31.624,500.0,line,500.0,42.811,WEST,34.838,False,False
280,12564,1095,1,2857.1,999.342,34.977,T1_normal,-100.984,31.876,500.0,-101.65,31.624,500.0,line,500.0,42.811,WEST,34.838,False,False
281,1095,12613,1,2700.0,954.546,35.354,T1_normal,-101.65,31.624,500.0,-98.372,30.558,500.0,line,500.0,207.451,WEST,61.285,False,False
282,1096,1097,1,250.0,15.555,6.222,T1_normal,-101.65,31.624,230.0,-101.65,31.624,115.0,transformer,230.0,0.0,WEST,21.489,False,False
283,1096,1113,1,423.8,235.743,55.626,T1_normal,-101.65,31.624,230.0,-101.904,31.798,230.0,line,230.0,19.195,WEST,67.687,False,False
284,1096,1113,1,423.8,235.743,55.626,T1_normal,-101.65,31.624,230.0,-101.904,31.798,230.0,line,230.0,19.195,WEST,67.687,False,False
285,1096,1123,1,476.9,281.924,59.116,T1_normal,-101.65,31.624,230.0,-101.836,31.726,230.0,line,230.0,13.011,WEST,68.783,False,False
286,1096,1123,1,476.9,281.924,59.116,T1_normal,-101.65,31.624,230.0,-101.836,31.726,230.0,line,230.0,13.011,WEST,68.783,False,False
287,1096,12594,1,687.5,466.294,67.825,T1_normal,-101.65,31.624,230.0,-101.856,31.164,230.0,line,230.0,34.005,WEST,81.399,False,False
288,1096,12594,1,687.5,466.294,67.825,T1_normal,-101.65,31.624,230.0,-101.856,31.164,230.0,line,230.0,34.005,WEST,81.399,False,False
289,1096,12594,1,687.5,466.294,67.825,T1_normal,-101.65,31.624,230.0,-101.856,31.164,230.0,line,230.0,34.005,WEST,81.399,False,False
290,1096,12811,1,608.0,324.789,53.419,T1_normal,-101.65,31.624,230.0,-101.215,31.195,230.0,line,230.0,39.224,WEST,68.19,False,False
291,1096,12811,1,608.0,324.789,53.419,T1_normal,-101.65,31.624,230.0,-101.215,31.195,230.0,line,230.0,39.224,WEST,68.19,False,False
292,1097,13119,1,216.0,81.584,37.77,T1_normal,-101.65,31.624,115.0,-101.582,31.727,115.0,line,115.0,8.177,WEST,45.41,False,False
293,1097,13169,1,145.6,3.391,2.329,T1_normal,-101.65,31.624,115.0,-101.584,31.749,115.0,line,115.0,9.439,WEST,17.209,False,False
294,1099,1100,1,250.0,53.188,21.275,T1_normal,-102.701,31.703,230.0,-102.701,31.703,115.0,transformer,230.0,0.0,WEST,26.556,False,False
295,1099,1125,1,423.6,138.815,32.77,T1_normal,-102.701,31.703,230.0,-102.78,31.939,230.0,line,230.0,16.933,WEST,34.142,False,False
296,12667,1099,1,416.8,68.709,16.485,T1_normal,-102.453,31.843,230.0,-102.701,31.703,230.0,line,230.0,17.475,WEST,27.536,False,False
297,13213,1099,1,203.5,145.0,71.253,T1_normal,-101.943,32.082,20.0,-102.701,31.703,230.0,transformer,230.0,51.62,WEST,73.71,False,False
298,1100,13414,1,109.2,15.326,14.034,T1_normal,-102.701,31.703,115.0,-102.453,31.843,115.0,line,115.0,17.475,WEST,23.169,False,False
299,1101,1102,1,250.0,48.914,19.565,T1_normal,-102.673,32.46,230.0,-102.673,32.46,115.0,transformer,230.0,0.0,WEST,17.39,False,False
300,1101,1109,1,399.8,13.086,3.273,T1_normal,-102.673,32.46,230.0,-102.68,32.22,230.0,line,230.0,16.592,WEST,0.679,False,False
301,1101,12823,1,463.0,68.948,14.892,T1_normal,-102.673,32.46,230.0,-102.772,32.28,230.0,line,230.0,13.698,WEST,14.877,False,False
302,13321,1101,1,145.8,95.0,65.158,T1_normal,-101.943,32.082,20.0,-102.673,32.46,230.0,transformer,230.0,50.015,WEST,68.587,False,False
303,1102,13174,1,275.0,51.921,18.88,T1_normal,-102.673,32.46,115.0,-102.772,32.28,115.0,line,115.0,13.698,WEST,21.615,False,False
304,1103,1104,1,250.0,4.225,1.69,T1_normal,-101.368,32.377,230.0,-101.368,32.377,115.0,transformer,230.0,0.0,WEST,22.098,False,False
305,1103,1107,1,421.1,104.983,24.931,T1_normal,-101.368,32.377,230.0,-101.46,32.055,230.0,line,230.0,22.889,WEST,34.086,False,False
306,1103,1119,1,697.9,419.143,60.058,T1_normal,-101.368,32.377,230.0,-101.28,32.173,230.0,line,230.0,15.003,WEST,58.371,False,False
307,1103,1121,1,465.4,178.789,38.416,T1_normal,-101.368,32.377,230.0,-101.558,32.414,230.0,line,230.0,11.376,WEST,23.301,False,False
308,1103,1133,1,623.0,346.555,55.627,T1_normal,-101.368,32.377,230.0,-101.362,32.319,230.0,line,230.0,4.023,WEST,58.339,False,False
309,1103,12788,1,657.0,418.374,63.679,T1_normal,-101.368,32.377,230.0,-101.836,32.758,230.0,line,230.0,37.889,WEST,76.24,False,False
310,1103,12788,1,657.0,418.374,63.679,T1_normal,-101.368,32.377,230.0,-101.836,32.758,230.0,line,230.0,37.889,WEST,76.24,False,False
311,1104,1122,1,116.9,22.442,19.197,T1_normal,-101.368,32.377,115.0,-101.558,32.414,115.0,line,115.0,11.376,WEST,2.75,False,False
312,1104,1128,1,122.5,61.249,49.999,T1_normal,-101.368,32.377,115.0,-101.826,32.411,115.0,line,115.0,26.824,WEST,54.902,False,False
313,1104,1134,1,117.1,19.881,16.978,T1_normal,-101.368,32.377,115.0,-101.362,32.319,115.0,line,115.0,4.023,WEST,10.045,False,False
314,1104,13424,1,145.4,18.969,13.046,T1_normal,-101.368,32.377,115.0,-101.243,32.685,115.0,line,115.0,22.477,WEST,4.217,False,False
315,1105,1106,1,250.0,2.823,1.129,T1_normal,-101.152,31.683,230.0,-101.152,31.683,115.0,transformer,230.0,0.0,WEST,5.451,False,False
316,1105,12796,1,467.6,111.867,23.924,T1_normal,-101.152,31.683,230.0,-100.984,31.876,230.0,line,230.0,16.575,WEST,21.613,False,False
317,1106,12795,1,106.5,40.54,38.066,T1_normal,-101.152,31.683,115.0,-100.984,31.876,115.0,line,115.0,16.575,WEST,20.832,False,False
318,1107,1108,1,250.0,21.013,8.405,T1_normal,-101.46,32.055,230.0,-101.46,32.055,115.0,transformer,230.0,0.0,WEST,13.367,False,False
319,1107,1119,1,448.6,222.029,49.494,T1_normal,-101.46,32.055,230.0,-101.28,32.173,230.0,line,230.0,13.321,WEST,38.593,False,False
320,1107,1127,1,493.2,215.444,43.683,T1_normal,-101.46,32.055,230.0,-101.826,32.411,230.0,line,230.0,32.598,WEST,30.601,False,False
321,1107,1133,1,394.7,14.039,3.557,T1_normal,-101.46,32.055,230.0,-101.362,32.319,230.0,line,230.0,19.12,WEST,11.537,False,False
322,1108,1134,1,148.2,2.649,1.788,T1_normal,-101.46,32.055,115.0,-101.362,32.319,115.0,line,115.0,19.12,WEST,13.061,False,False
323,1108,13409,1,108.6,11.225,10.337,T1_normal,-101.46,32.055,115.0,-101.355,32.108,115.0,line,115.0,7.161,WEST,12.169,False,False
324,1109,1110,1,250.0,33.946,13.579,T1_normal,-102.68,32.22,230.0,-102.68,32.22,115.0,transformer,230.0,0.0,WEST,14.523,False,False
325,1109,1115,1,443.3,98.583,22.239,T1_normal,-102.68,32.22,230.0,-102.314,32.21,230.0,line,230.0,21.407,WEST,5.706,False,False
326,1109,12680,1,478.3,102.485,21.427,T1_normal,-102.68,32.22,230.0,-102.772,32.28,230.0,line,230.0,6.803,WEST,16.858,False,False
327,1109,12804,1,422.0,139.824,33.134,T1_normal,-102.68,32.22,230.0,-102.707,32.032,230.0,line,230.0,13.079,WEST,16.506,False,False
328,1109,12823,1,470.6,87.977,18.695,T1_normal,-102.68,32.22,230.0,-102.772,32.28,230.0,line,230.0,6.803,WEST,20.973,False,False
329,1110,12803,1,144.2,95.282,66.076,T1_normal,-102.68,32.22,115.0,-102.707,32.032,115.0,line,115.0,13.079,WEST,54.164,False,False
330,1111,1112,1,250.0,12.349,4.94,T1_normal,-101.014,32.239,230.0,-101.014,32.239,115.0,transformer,230.0,0.0,WEST,7.454,False,False
331,1111,1119,1,686.0,433.37,63.173,T1_normal,-101.014,32.239,230.0,-101.28,32.173,230.0,line,230.0,16.206,WEST,54.326,False,False
332,1111,1119,1,686.0,433.37,63.173,T1_normal,-101.014,32.239,230.0,-101.28,32.173,230.0,line,230.0,16.206,WEST,54.326,False,False
333,1111,1119,1,686.0,433.37,63.173,T1_normal,-101.014,32.239,230.0,-101.28,32.173,230.0,line,230.0,16.206,WEST,54.326,False,False
334,1111,1133,1,701.4,389.683,55.558,T1_normal,-101.014,32.239,230.0,-101.362,32.319,230.0,line,230.0,21.067,WEST,49.594,False,False
335,3041,1111,1,432.0,160.423,37.135,T1_normal,-100.692,32.05,230.0,-101.014,32.239,230.0,line,230.0,22.936,WEST,64.774,False,False
336,3046,1111,1,765.0,324.106,42.367,T1_normal,-100.568,32.361,230.0,-101.014,32.239,230.0,line,230.0,27.403,WEST,49.199,False,False
337,3046,1111,1,765.0,324.106,42.367,T1_normal,-100.568,32.361,230.0,-101.014,32.239,230.0,line,230.0,27.403,WEST,49.199,False,False
338,3046,1111,1,765.0,324.106,42.367,T1_normal,-100.568,32.361,230.0,-101.014,32.239,230.0,line,230.0,27.403,WEST,49.199,False,False
339,3046,1111,1,765.0,324.106,42.367,T1_normal,-100.568,32.361,230.0,-101.014,32.239,230.0,line,230.0,27.403,WEST,49.199,False,False
340,3078,1111,1,384.3,160.857,41.857,T1_normal,-100.673,32.589,230.0,-101.014,32.239,230.0,line,230.0,31.298,WEST,67.521,False,False
341,12721,1111,1,470.1,208.003,44.246,T1_normal,-100.891,32.313,230.0,-101.014,32.239,230.0,line,230.0,8.845,WEST,45.687,False,False
342,1112,1120,1,130.4,125.837,96.501,T3_prevent,-101.014,32.239,115.0,-101.28,32.173,115.0,line,115.0,16.206,WEST,32.531,False,False
343,3022,1112,1,181.0,26.977,14.904,T1_normal,-100.891,32.313,115.0,-101.014,32.239,115.0,line,115.0,8.845,WEST,25.446,False,False
344,1112,13300,1,122.5,180.0,146.939,T6_heavy,-101.014,32.239,115.0,-100.891,32.313,115.0,line,115.0,8.845,WEST,0.0,True,True
345,1113,1114,1,250.0,45.322,18.129,T1_normal,-101.904,31.798,230.0,-101.904,31.798,115.0,transformer,230.0,0.0,WEST,5.8,False,False
346,1113,1115,1,428.8,109.652,25.572,T1_normal,-101.904,31.798,230.0,-102.314,32.21,230.0,line,230.0,37.221,WEST,44.362,False,False
347,1113,1123,1,359.2,24.287,6.761,T1_normal,-101.904,31.798,230.0,-101.836,31.726,230.0,line,230.0,6.407,WEST,0.731,False,False
348,1113,12594,1,370.3,258.039,69.684,T1_normal,-101.904,31.798,230.0,-101.856,31.164,230.0,line,230.0,43.886,WEST,83.286,False,False
349,12667,1113,1,430.0,272.009,63.258,T1_normal,-102.453,31.843,230.0,-101.904,31.798,230.0,line,230.0,32.375,WEST,53.289,False,False
350,13249,1113,1,186.2,5.0,2.685,T1_normal,-101.943,32.082,20.0,-101.904,31.798,230.0,transformer,230.0,19.731,WEST,0.0,False,False
351,1114,1124,1,130.2,0.077,0.059,T1_normal,-101.904,31.798,115.0,-101.836,31.726,115.0,line,115.0,6.407,WEST,2.504,False,False
352,1114,13169,1,123.9,45.585,36.791,T1_normal,-101.904,31.798,115.0,-101.584,31.749,115.0,line,115.0,19.108,WEST,64.237,False,False
353,1115,1116,1,250.0,81.996,32.798,T1_normal,-102.314,32.21,230.0,-102.314,32.21,115.0,transformer,230.0,0.0,WEST,25.901,False,False
354,1115,1117,1,588.0,227.315,38.659,T1_normal,-102.314,32.21,230.0,-102.1,32.271,230.0,line,230.0,13.197,WEST,5.61,False,False
355,1115,1117,1,588.0,227.315,38.659,T1_normal,-102.314,32.21,230.0,-102.1,32.271,230.0,line,230.0,13.197,WEST,5.61,False,False
356,1115,12680,1,638.0,374.32,58.671,T1_normal,-102.314,32.21,230.0,-102.772,32.28,230.0,line,230.0,27.201,WEST,27.337,False,False
357,1115,12804,1,394.1,231.029,58.622,T1_normal,-102.314,32.21,230.0,-102.707,32.032,230.0,line,230.0,26.074,WEST,20.873,False,False
358,1116,1118,1,138.5,0.846,0.611,T1_normal,-102.314,32.21,115.0,-102.1,32.271,115.0,line,115.0,13.197,WEST,11.84,False,False
359,1117,1118,1,250.0,45.277,18.111,T1_normal,-102.1,32.271,230.0,-102.1,32.271,115.0,transformer,230.0,0.0,WEST,26.14,False,False
360,1117,1127,1,646.6,124.658,19.279,T1_normal,-102.1,32.271,230.0,-101.826,32.411,230.0,line,230.0,18.693,WEST,37.687,False,False
361,1117,1131,1,466.6,87.225,18.694,T1_normal,-102.1,32.271,230.0,-101.902,32.309,230.0,line,230.0,11.859,WEST,18.241,False,False
362,1119,1120,1,250.0,54.585,21.834,T1_normal,-101.28,32.173,230.0,-101.28,32.173,115.0,transformer,230.0,0.0,WEST,0.635,False,False
363,1119,1121,1,593.6,335.433,56.508,T1_normal,-101.28,32.173,230.0,-101.558,32.414,230.0,line,230.0,23.258,WEST,49.093,False,False
364,1119,1133,1,680.7,421.281,61.889,T1_normal,-101.28,32.173,230.0,-101.362,32.319,230.0,line,230.0,11.168,WEST,58.305,False,False
365,1120,13409,1,135.3,53.033,39.197,T1_normal,-101.28,32.173,115.0,-101.355,32.108,115.0,line,115.0,6.275,WEST,18.946,False,False
366,1121,1122,1,250.0,44.358,17.743,T1_normal,-101.558,32.414,230.0,-101.558,32.414,115.0,transformer,230.0,0.0,WEST,28.006,False,False
367,1121,1127,1,420.9,142.566,33.872,T1_normal,-101.558,32.414,230.0,-101.826,32.411,230.0,line,230.0,15.634,WEST,6.03,False,False
368,1121,1131,1,414.8,61.171,14.747,T1_normal,-101.558,32.414,230.0,-101.902,32.309,230.0,line,230.0,21.347,WEST,4.376,False,False
369,1121,1133,1,472.5,268.868,56.903,T1_normal,-101.558,32.414,230.0,-101.362,32.319,230.0,line,230.0,13.188,WEST,44.971,False,False
370,1121,12719,1,773.6,523.63,67.687,T1_normal,-101.558,32.414,230.0,-101.64,32.673,230.0,line,230.0,18.533,WEST,59.616,False,False
371,1121,12788,1,529.9,297.581,56.158,T1_normal,-101.558,32.414,230.0,-101.836,32.758,230.0,line,230.0,28.756,WEST,77.646,False,False
372,1123,1124,1,250.0,48.058,19.223,T1_normal,-101.836,31.726,230.0,-101.836,31.726,115.0,transformer,230.0,0.0,WEST,6.404,False,False
373,1123,12594,1,555.0,355.751,64.099,T1_normal,-101.836,31.726,230.0,-101.856,31.164,230.0,line,230.0,38.818,WEST,77.671,False,False
374,1124,13169,1,129.6,32.965,25.436,T1_normal,-101.836,31.726,115.0,-101.584,31.749,115.0,line,115.0,14.874,WEST,47.707,False,False
375,1125,1126,1,250.0,0.004,0.002,T1_normal,-102.78,31.939,230.0,-102.78,31.939,115.0,transformer,230.0,0.0,WEST,7.912,False,False
376,1125,1129,1,385.0,21.999,5.714,T1_normal,-102.78,31.939,230.0,-102.426,31.865,230.0,line,230.0,21.385,WEST,12.556,False,False
377,12667,1125,1,408.1,11.908,2.918,T1_normal,-102.453,31.843,230.0,-102.78,31.939,230.0,line,230.0,20.285,WEST,11.871,False,False
378,1125,12680,1,499.5,38.13,7.634,T1_normal,-102.78,31.939,230.0,-102.772,32.28,230.0,line,230.0,23.591,WEST,3.12,False,False
379,1125,12804,1,505.7,40.278,7.965,T1_normal,-102.78,31.939,230.0,-102.707,32.032,230.0,line,230.0,7.726,WEST,9.77,False,False
380,1127,1128,1,250.0,14.834,5.934,T1_normal,-101.826,32.411,230.0,-101.826,32.411,115.0,transformer,230.0,0.0,WEST,0.531,False,False
381,1127,1131,1,445.8,9.898,2.22,T1_normal,-101.826,32.411,230.0,-101.902,32.309,230.0,line,230.0,8.327,WEST,14.59,False,False
382,1127,12719,1,495.9,172.72,34.83,T1_normal,-101.826,32.411,230.0,-101.64,32.673,230.0,line,230.0,21.101,WEST,46.072,False,False
383,1128,1132,1,163.0,49.177,30.17,T1_normal,-101.826,32.411,115.0,-101.902,32.309,115.0,line,115.0,8.327,WEST,61.885,False,False
384,1129,1130,1,250.0,13.06,5.224,T1_normal,-102.426,31.865,230.0,-102.426,31.865,115.0,transformer,230.0,0.0,WEST,16.011,False,False
385,12667,1129,1,371.4,86.18,23.204,T1_normal,-102.453,31.843,230.0,-102.426,31.865,230.0,line,230.0,2.206,WEST,4.675,False,False
386,1129,12680,1,386.3,7.831,2.027,T1_normal,-102.426,31.865,230.0,-102.772,32.28,230.0,line,230.0,35.127,WEST,14.566,False,False
387,1129,12804,1,469.5,0.548,0.117,T1_normal,-102.426,31.865,230.0,-102.707,32.032,230.0,line,230.0,20.114,WEST,5.521,False,False
388,1131,1132,1,250.0,8.653,3.461,T1_normal,-101.902,32.309,230.0,-101.902,32.309,115.0,transformer,230.0,0.0,WEST,15.725,False,False
389,1131,12719,1,402.7,126.571,31.431,T1_normal,-101.902,32.309,230.0,-101.64,32.673,230.0,line,230.0,29.427,WEST,48.449,False,False
390,1133,1134,1,250.0,18.701,7.481,T1_normal,-101.362,32.319,230.0,-101.362,32.319,115.0,transformer,230.0,0.0,WEST,14.755,False,False
391,1133,12788,1,526.0,343.438,65.292,T1_normal,-101.362,32.319,230.0,-101.836,32.758,230.0,line,230.0,41.016,WEST,76.763,False,False
392,1134,13409,1,97.6,19.06,19.528,T1_normal,-101.362,32.319,115.0,-101.355,32.108,115.0,line,115.0,14.589,WEST,3.433,False,False
393,2022,2001,1,187.0,44.577,23.838,T1_normal,-95.539,33.64,161.0,-95.539,33.64,161.0,line,161.0,0.0,NORTH,27.405,False,False
394,2027,2001,1,187.0,122.417,65.464,T1_normal,-95.32,33.475,161.0,-95.539,33.64,161.0,line,161.0,16.98,NORTH,69.031,False,False
395,2003,2002,1,981.0,253.816,25.873,T1_normal,-96.368,33.628,161.0,-96.368,33.628,500.0,transformer,500.0,0.0,NORTH,7.705,False,False
396,2021,2002,1,2295.0,903.452,39.366,T1_normal,-95.539,33.64,500.0,-96.368,33.628,500.0,line,500.0,47.703,NORTH,20.627,False,False
397,2002,2101,1,2020.0,649.636,32.16,T1_normal,-96.368,33.628,500.0,-96.645,33.605,500.0,line,500.0,16.056,NORTH,19.693,False,False
398,2003,2038,1,251.0,116.016,46.222,T1_normal,-96.368,33.628,161.0,-96.283,33.554,161.0,line,161.0,7.096,NORTH,0.593,False,False
399,2003,2047,1,310.0,55.097,17.773,T1_normal,-96.368,33.628,161.0,-96.428,33.624,161.0,line,161.0,3.481,NORTH,12.84,False,False
400,2003,2047,1,221.7,51.357,23.165,T1_normal,-96.368,33.628,161.0,-96.428,33.624,161.0,line,161.0,3.481,NORTH,16.735,False,False
401,2003,2106,1,218.2,31.346,14.366,T1_normal,-96.368,33.628,161.0,-96.379,33.498,161.0,line,161.0,9.003,NORTH,1.285,False,False
402,2007,2060,1,213.8,10.463,4.894,T1_normal,-95.9,33.615,161.0,-95.81,33.577,161.0,line,161.0,5.839,NORTH,7.555,False,False
403,2007,2114,1,251.0,104.363,41.579,T1_normal,-95.9,33.615,161.0,-95.539,33.64,161.0,line,161.0,20.873,NORTH,27.217,False,False
404,2007,2122,1,187.0,98.706,52.784,T1_normal,-95.9,33.615,161.0,-95.997,33.779,161.0,line,161.0,12.594,NORTH,36.549,False,False
405,2014,2008,1,187.0,452.149,241.791,T7_structural,-100.455,34.414,161.0,-100.513,34.857,161.0,line,161.0,30.813,NORTH,61.625,True,True
406,2008,2052,1,187.0,145.562,77.841,T1_normal,-100.513,34.857,161.0,-101.355,35.279,161.0,line,161.0,55.814,NORTH,10.109,False,False
407,2008,13149,1,226.2,319.017,141.033,T6_heavy,-100.513,34.857,161.0,-100.934,35.182,161.0,line,161.0,32.734,NORTH,48.083,True,True
408,2009,2020,1,196.6,44.841,22.808,T1_normal,-98.721,33.973,161.0,-98.506,33.898,161.0,line,161.0,13.418,NORTH,32.795,False,False
409,2009,2025,1,231.2,27.98,12.102,T1_normal,-98.721,33.973,161.0,-98.506,33.898,161.0,line,161.0,13.418,NORTH,19.302,False,False
410,2009,2036,1,250.3,4.262,1.703,T1_normal,-98.721,33.973,161.0,-98.506,33.898,161.0,line,161.0,13.418,NORTH,4.772,False,False
411,2009,2049,1,328.0,172.857,52.7,T1_normal,-98.721,33.973,161.0,-99.092,33.978,161.0,line,161.0,21.25,NORTH,77.139,False,False
412,2009,2082,1,187.0,0.2,0.107,T1_normal,-98.721,33.973,161.0,-98.506,33.898,161.0,line,161.0,13.418,NORTH,6.184,False,False
413,2009,2082,1,212.7,0.229,0.108,T1_normal,-98.721,33.973,161.0,-98.506,33.898,161.0,line,161.0,13.418,NORTH,6.235,False,False
414,2009,2109,1,250.0,38.832,15.533,T1_normal,-98.721,33.973,161.0,-98.622,34.103,161.0,line,161.0,10.608,NORTH,19.91,False,False
415,2061,2010,1,187.0,65.607,35.084,T1_normal,-99.45,34.161,161.0,-99.45,34.161,161.0,line,161.0,0.0,NORTH,38.127,False,False
416,2010,2079,1,377.0,129.015,34.222,T1_normal,-99.45,34.161,161.0,-100.287,33.994,161.0,line,161.0,49.284,NORTH,38.847,False,False
417,2010,2091,1,187.0,30.753,16.445,T1_normal,-99.45,34.161,161.0,-99.29,33.643,161.0,line,161.0,36.96,NORTH,39.438,False,False
418,12745,2010,1,425.0,341.24,80.292,T2_watch,-99.45,34.161,20.0,-99.45,34.161,161.0,transformer,161.0,0.0,NORTH,82.424,False,False
419,2010,12978,1,274.0,126.157,46.043,T1_normal,-99.45,34.161,161.0,-99.582,33.609,161.0,line,161.0,38.872,NORTH,60.864,False,False
420,2010,12978,1,274.0,126.157,46.043,T1_normal,-99.45,34.161,161.0,-99.582,33.609,161.0,line,161.0,38.872,NORTH,60.864,False,False
421,2010,13029,1,212.2,112.321,52.932,T1_normal,-99.45,34.161,161.0,-99.658,33.841,161.0,line,161.0,25.1,NORTH,43.933,False,False
422,2012,2011,1,719.0,363.281,50.526,T1_normal,-101.355,35.279,161.0,-101.355,35.279,500.0,transformer,500.0,0.0,NORTH,73.704,False,False
423,2013,2011,1,292.3,209.54,71.687,T1_normal,-101.355,35.279,18.0,-101.355,35.279,500.0,transformer,500.0,0.0,NORTH,72.255,False,False
424,2011,2017,1,2007.2,869.337,43.311,T1_normal,-101.355,35.279,500.0,-101.355,35.279,500.0,line,500.0,0.0,NORTH,54.528,False,False
425,2127,2011,1,2020.0,872.283,43.182,T1_normal,-100.539,35.654,500.0,-101.355,35.279,500.0,line,500.0,52.743,NORTH,57.481,False,False
426,2011,12867,1,2137.5,1214.908,56.838,T1_normal,-101.355,35.279,500.0,-101.326,35.094,500.0,line,500.0,12.873,NORTH,70.853,False,False
427,2012,2041,1,187.0,223.819,119.69,T5_moderate,-101.355,35.279,161.0,-101.355,35.279,161.0,line,161.0,0.0,NORTH,127.951,True,False
428,2012,2052,1,187.0,200.079,106.994,T4_light,-101.355,35.279,161.0,-101.355,35.279,161.0,line,161.0,0.0,NORTH,31.323,True,True
429,2093,2012,1,187.0,198.091,105.931,T4_light,-101.355,35.279,161.0,-101.355,35.279,161.0,line,161.0,0.0,NORTH,112.875,True,False
430,2012,2123,1,251.0,334.704,133.348,T6_heavy,-101.355,35.279,161.0,-101.355,35.279,161.0,line,161.0,0.0,NORTH,145.684,True,False
431,2012,12866,1,282.0,299.782,106.306,T4_light,-101.355,35.279,161.0,-101.326,35.094,161.0,line,161.0,12.873,NORTH,155.363,True,False
432,2012,13059,1,346.0,117.532,33.969,T1_normal,-101.355,35.279,161.0,-101.187,35.254,161.0,line,161.0,9.641,NORTH,13.415,False,False
433,2012,13200,1,216.6,238.907,110.298,T5_moderate,-101.355,35.279,161.0,-101.355,35.279,161.0,line,161.0,0.0,NORTH,118.668,True,False
434,2014,2029,1,187.0,583.544,312.056,T7_structural,-100.455,34.414,161.0,-101.244,34.372,161.0,line,161.0,45.104,NORTH,0.092,True,True
435,2014,13085,1,220.0,323.826,147.194,T6_heavy,-100.455,34.414,161.0,-100.883,33.781,161.0,line,161.0,50.127,NORTH,33.645,True,True
436,2015,2037,1,259.0,98.898,38.185,T1_normal,-97.445,33.472,161.0,-97.33,33.549,161.0,line,161.0,8.547,NORTH,41.104,False,False
437,5014,2015,1,187.0,29.878,15.978,T1_normal,-97.467,33.244,161.0,-97.445,33.472,161.0,line,161.0,15.808,NORTH,30.388,False,False
438,2015,13330,1,211.3,60.27,28.523,T1_normal,-97.445,33.472,161.0,-97.342,33.318,161.0,line,161.0,12.166,NORTH,19.349,False,False
439,2043,2016,1,187.0,120.632,64.509,T1_normal,-96.84,33.738,161.0,-96.645,33.605,161.0,line,161.0,14.476,NORTH,63.549,False,False
440,2069,2016,1,187.0,48.702,26.044,T1_normal,-96.742,33.451,161.0,-96.645,33.605,161.0,line,161.0,12.019,NORTH,25.083,False,False
441,2018,2017,1,271.0,228.488,84.313,T2_watch,-101.355,35.279,161.0,-101.355,35.279,500.0,transformer,500.0,0.0,NORTH,112.655,False,False
442,2019,2017,1,323.8,216.156,66.756,T1_normal,-101.355,35.279,20.0,-101.355,35.279,500.0,transformer,500.0,0.0,NORTH,67.326,False,False
443,2017,2096,1,2020.0,410.333,20.314,T1_normal,-101.355,35.279,500.0,-101.482,33.686,500.0,line,500.0,110.275,NORTH,22.876,False,False
444,2017,2127,1,2020.0,857.538,42.452,T1_normal,-101.355,35.279,500.0,-100.539,35.654,500.0,line,500.0,52.743,NORTH,57.213,False,False
445,2018,2093,1,263.0,243.335,92.523,T3_prevent,-101.355,35.279,161.0,-101.355,35.279,161.0,line,161.0,0.0,NORTH,116.082,False,False
446,2020,2025,1,238.4,14.292,5.995,T1_normal,-98.506,33.898,161.0,-98.506,33.898,161.0,line,161.0,0.0,NORTH,6.42,False,False
447,2020,2028,1,251.7,116.672,46.354,T1_normal,-98.506,33.898,161.0,-98.506,33.898,161.0,line,161.0,0.0,NORTH,60.529,False,False
448,2020,2036,1,229.7,109.722,47.768,T1_normal,-98.506,33.898,161.0,-98.506,33.898,161.0,line,161.0,0.0,NORTH,60.338,False,False
449,2020,2045,1,310.0,20.416,6.586,T1_normal,-98.506,33.898,161.0,-98.509,33.97,161.0,line,161.0,4.976,NORTH,10.143,False,False
450,2020,2055,1,409.0,6.234,1.524,T1_normal,-98.506,33.898,161.0,-98.506,33.898,161.0,line,161.0,0.0,NORTH,5.281,False,False
451,2020,2067,1,228.2,13.25,5.806,T1_normal,-98.506,33.898,161.0,-98.506,33.898,161.0,line,161.0,0.0,NORTH,3.782,False,False
452,2020,2082,1,219.7,41.801,19.026,T1_normal,-98.506,33.898,161.0,-98.506,33.898,161.0,line,161.0,0.0,NORTH,18.93,False,False
453,2020,2109,1,230.7,16.393,7.106,T1_normal,-98.506,33.898,161.0,-98.622,34.103,161.0,line,161.0,15.712,NORTH,6.603,False,False
454,2022,2021,1,867.0,235.98,27.218,T1_normal,-95.539,33.64,161.0,-95.539,33.64,500.0,transformer,500.0,0.0,NORTH,32.487,False,False
455,2023,2021,1,111.7,213.756,191.366,T7_structural,-95.539,33.64,13.8,-95.539,33.64,500.0,transformer,500.0,0.0,NORTH,46.067,True,True
456,2024,2021,1,127.5,186.729,146.454,T6_heavy,-95.539,33.64,13.8,-95.539,33.64,500.0,transformer,500.0,0.0,NORTH,35.255,True,True
457,2021,2113,1,2020.0,80.258,3.973,T1_normal,-95.539,33.64,500.0,-95.539,33.64,500.0,line,500.0,0.0,NORTH,2.493,False,False
458,12958,2021,1,121.1,186.729,154.194,T7_structural,-95.539,33.64,13.8,-95.539,33.64,500.0,transformer,500.0,0.0,NORTH,37.119,True,True
459,2022,2040,1,187.0,11.409,6.101,T1_normal,-95.539,33.64,161.0,-94.997,33.663,161.0,line,161.0,31.172,NORTH,7.119,False,False
460,2064,2022,1,251.0,78.154,31.137,T1_normal,-95.744,33.745,161.0,-95.539,33.64,161.0,line,161.0,13.896,NORTH,19.248,False,False
461,2022,2114,1,204.0,28.462,13.952,T1_normal,-95.539,33.64,161.0,-95.539,33.64,161.0,line,161.0,0.0,NORTH,15.272,False,False
462,2022,12953,1,337.0,167.094,49.583,T1_normal,-95.539,33.64,161.0,-95.539,33.64,161.0,line,161.0,0.0,NORTH,50.29,False,False
463,2022,12986,1,213.1,75.981,35.655,T1_normal,-95.539,33.64,161.0,-95.539,33.64,161.0,line,161.0,0.0,NORTH,36.681,False,False
464,2025,2036,1,226.6,69.895,30.845,T1_normal,-98.506,33.898,161.0,-98.506,33.898,161.0,line,161.0,0.0,NORTH,41.991,False,False
465,2025,2045,1,250.6,21.091,8.416,T1_normal,-98.506,33.898,161.0,-98.509,33.97,161.0,line,161.0,4.976,NORTH,10.237,False,False
466,2025,2055,1,187.0,19.935,10.66,T1_normal,-98.506,33.898,161.0,-98.506,33.898,161.0,line,161.0,0.0,NORTH,22.489,False,False
467,2025,2055,1,218.9,26.083,11.916,T1_normal,-98.506,33.898,161.0,-98.506,33.898,161.0,line,161.0,0.0,NORTH,25.137,False,False
468,2025,2067,1,187.0,11.269,6.026,T1_normal,-98.506,33.898,161.0,-98.506,33.898,161.0,line,161.0,0.0,NORTH,0.065,False,False
469,2025,2082,1,194.1,68.664,35.375,T1_normal,-98.506,33.898,161.0,-98.506,33.898,161.0,line,161.0,0.0,NORTH,34.056,False,False
470,2058,2026,1,187.0,1143.189,611.331,T7_structural,-101.244,35.479,161.0,-100.766,35.831,161.0,line,161.0,36.21,NORTH,579.44,True,False
471,2128,2026,1,187.0,1502.481,803.466,T7_structural,-100.539,35.654,161.0,-100.766,35.831,161.0,line,161.0,17.659,NORTH,835.357,True,False
472,2027,2050,1,274.3,59.733,21.776,T1_normal,-95.32,33.475,161.0,-95.425,33.392,161.0,line,161.0,8.345,NORTH,30.441,False,False
473,2027,2090,1,187.0,17.664,9.446,T1_normal,-95.32,33.475,161.0,-94.891,33.498,161.0,line,161.0,24.787,NORTH,9.176,False,False
474,2027,2114,1,262.2,113.959,43.463,T1_normal,-95.32,33.475,161.0,-95.539,33.64,161.0,line,161.0,16.98,NORTH,46.811,False,False
475,12769,2027,1,471.1,310.0,65.803,T1_normal,-95.32,33.475,20.0,-95.32,33.475,161.0,transformer,161.0,0.0,NORTH,65.803,False,False
476,2027,13114,1,296.4,109.342,36.89,T1_normal,-95.32,33.475,161.0,-95.32,33.475,161.0,line,161.0,0.0,NORTH,39.866,False,False
477,2028,2045,1,251.0,36.175,14.412,T1_normal,-98.506,33.898,161.0,-98.509,33.97,161.0,line,161.0,4.976,NORTH,18.329,False,False
478,2028,2045,1,210.5,53.842,25.578,T1_normal,-98.506,33.898,161.0,-98.509,33.97,161.0,line,161.0,4.976,NORTH,32.53,False,False
479,2028,2109,1,250.0,11.387,4.555,T1_normal,-98.506,33.898,161.0,-98.622,34.103,161.0,line,161.0,15.712,NORTH,7.172,False,False
480,2112,2028,1,310.0,170.329,54.945,T1_normal,-98.259,34.008,161.0,-98.506,33.898,161.0,line,161.0,16.054,NORTH,85.711,False,False
481,2029,12632,1,218.7,366.229,167.457,T7_structural,-101.244,34.372,161.0,-101.597,34.407,161.0,line,161.0,20.24,NORTH,14.885,True,True
482,2029,13055,1,242.3,274.901,113.455,T5_moderate,-101.244,34.372,161.0,-101.244,34.372,161.0,line,161.0,0.0,NORTH,14.205,True,True
483,13206,2029,1,205.8,5.525,2.685,T1_normal,-101.244,34.372,20.0,-101.244,34.372,161.0,transformer,161.0,0.0,NORTH,0.0,False,False
484,2030,2106,1,187.0,96.08,51.38,T1_normal,-96.241,33.708,161.0,-96.379,33.498,161.0,line,161.0,16.555,NORTH,20.702,False,False
485,2122,2030,1,251.0,166.59,66.37,T1_normal,-95.997,33.779,161.0,-96.241,33.708,161.0,line,161.0,14.83,NORTH,43.515,False,False
486,2031,2048,1,218.0,44.463,20.396,T1_normal,-100.384,33.711,161.0,-100.967,33.752,161.0,line,161.0,33.634,NORTH,36.695,False,False
487,2031,2087,1,207.0,35.023,16.919,T1_normal,-100.384,33.711,161.0,-100.893,33.327,161.0,line,161.0,39.494,NORTH,34.085,False,False
488,2032,2114,1,187.0,84.944,45.425,T1_normal,-95.649,33.858,161.0,-95.539,33.64,161.0,line,161.0,16.355,NORTH,30.983,False,False
489,2122,2032,1,187.0,79.294,42.403,T1_normal,-95.997,33.779,161.0,-95.649,33.858,161.0,line,161.0,20.694,NORTH,27.961,False,False
490,2033,2106,1,326.0,183.694,56.348,T1_normal,-96.146,33.5,161.0,-96.379,33.498,161.0,line,161.0,13.391,NORTH,43.87,False,False
491,2129,2033,1,338.0,225.124,66.605,T1_normal,-96.311,33.439,161.0,-96.146,33.5,161.0,line,161.0,10.409,NORTH,53.27,False,False
492,2033,5288,1,254.0,222.368,87.546,T2_watch,-96.146,33.5,161.0,-96.014,33.413,161.0,line,161.0,9.745,NORTH,53.787,False,False
493,2033,13268,1,212.6,123.6,58.137,T1_normal,-96.146,33.5,161.0,-96.014,33.413,161.0,line,161.0,9.745,NORTH,58.137,False,False
494,13363,2033,1,110.2,82.5,74.864,T1_normal,-96.146,33.5,20.0,-96.146,33.5,161.0,transformer,161.0,0.0,NORTH,74.864,False,False
495,2034,2043,1,187.0,3.556,1.902,T1_normal,-96.84,33.831,161.0,-96.84,33.738,161.0,line,161.0,6.423,NORTH,0.952,False,False
496,2034,2043,1,223.8,3.906,1.745,T1_normal,-96.84,33.831,161.0,-96.84,33.738,161.0,line,161.0,6.423,NORTH,0.873,False,False
497,2046,2034,1,187.0,14.872,7.953,T1_normal,-96.726,33.801,161.0,-96.84,33.831,161.0,line,161.0,6.857,NORTH,1.966,False,False
498,2035,2066,1,251.0,129.324,51.524,T1_normal,-99.854,33.432,161.0,-100.245,33.183,161.0,line,161.0,28.398,NORTH,44.686,False,False
499,2035,2091,1,251.0,38.327,15.27,T1_normal,-99.854,33.432,161.0,-99.29,33.643,161.0,line,161.0,35.598,NORTH,25.082,False,False
500,2035,12978,1,208.4,82.547,39.61,T1_normal,-99.854,33.432,161.0,-99.582,33.609,161.0,line,161.0,19.868,NORTH,19.556,False,False
501,2036,2045,1,191.2,66.325,34.689,T1_normal,-98.506,33.898,161.0,-98.509,33.97,161.0,line,161.0,4.976,NORTH,45.084,False,False
502,2036,2049,1,326.0,170.281,52.233,T1_normal,-98.506,33.898,161.0,-99.092,33.978,161.0,line,161.0,34.065,NORTH,76.983,False,False
503,2036,2049,1,326.0,170.281,52.233,T1_normal,-98.506,33.898,161.0,-99.092,33.978,161.0,line,161.0,34.065,NORTH,76.983,False,False
504,2036,2055,1,300.0,74.961,24.987,T1_normal,-98.506,33.898,161.0,-98.506,33.898,161.0,line,161.0,0.0,NORTH,39.507,False,False
505,2036,2055,1,229.0,107.689,47.026,T1_normal,-98.506,33.898,161.0,-98.506,33.898,161.0,line,161.0,0.0,NORTH,74.353,False,False
506,2036,2067,1,232.9,17.993,7.725,T1_normal,-98.506,33.898,161.0,-98.506,33.898,161.0,line,161.0,0.0,NORTH,15.595,False,False
507,2036,2082,1,250.0,10.016,4.006,T1_normal,-98.506,33.898,161.0,-98.506,33.898,161.0,line,161.0,0.0,NORTH,3.887,False,False
508,2036,2082,1,238.2,15.912,6.68,T1_normal,-98.506,33.898,161.0,-98.506,33.898,161.0,line,161.0,0.0,NORTH,6.482,False,False
509,2036,13041,1,297.0,170.6,57.441,T1_normal,-98.506,33.898,161.0,-99.29,33.643,161.0,line,161.0,48.358,NORTH,74.89,False,False
510,2037,2065,1,287.0,155.984,54.35,T1_normal,-97.33,33.549,161.0,-97.176,33.662,161.0,line,161.0,11.752,NORTH,72.31,False,False
511,2037,2110,1,306.0,129.681,42.379,T1_normal,-97.33,33.549,161.0,-97.4,33.718,161.0,line,161.0,12.382,NORTH,52.037,False,False
512,2037,2110,1,306.0,129.681,42.379,T1_normal,-97.33,33.549,161.0,-97.4,33.718,161.0,line,161.0,12.382,NORTH,52.037,False,False
513,13146,2037,1,272.7,0.0,0.0,T1_normal,-97.33,33.549,20.0,-97.33,33.549,161.0,transformer,161.0,0.0,NORTH,0.0,False,False
514,2081,2038,1,251.0,14.467,5.764,T1_normal,-96.072,33.616,161.0,-96.283,33.554,161.0,line,161.0,12.865,NORTH,1.621,False,False
515,2038,2106,1,236.6,123.707,52.285,T1_normal,-96.283,33.554,161.0,-96.379,33.498,161.0,line,161.0,6.722,NORTH,2.862,False,False
516,2039,2086,1,187.0,55.236,29.538,T1_normal,-97.752,33.456,161.0,-97.688,33.627,161.0,line,161.0,12.37,NORTH,48.933,False,False
517,5285,2039,1,251.0,73.84,29.418,T1_normal,-97.858,33.316,161.0,-97.752,33.456,161.0,line,161.0,11.446,NORTH,40.177,False,False
518,2039,5455,1,251.0,120.816,48.134,T1_normal,-97.752,33.456,161.0,-97.67,33.372,161.0,line,161.0,7.458,NORTH,73.343,False,False
519,2040,2114,1,187.0,6.45,3.449,T1_normal,-94.997,33.663,161.0,-95.539,33.64,161.0,line,161.0,31.172,NORTH,4.192,False,False
520,2121,2040,1,187.0,34.609,18.507,T1_normal,-95.152,33.802,161.0,-94.997,33.663,161.0,line,161.0,13.077,NORTH,20.268,False,False
521,2042,2041,1,99.0,77.94,78.727,T1_normal,-101.355,35.279,18.0,-101.355,35.279,161.0,transformer,161.0,0.0,NORTH,80.404,False,False
522,2041,2058,1,187.0,297.553,159.119,T7_structural,-101.355,35.279,161.0,-101.244,35.479,161.0,line,161.0,15.178,NORTH,183.782,True,False
523,2041,2093,1,225.5,281.955,125.036,T6_heavy,-101.355,35.279,161.0,-101.355,35.279,161.0,line,161.0,0.0,NORTH,135.027,True,False
524,2041,2123,1,211.5,98.691,46.662,T1_normal,-101.355,35.279,161.0,-101.355,35.279,161.0,line,161.0,0.0,NORTH,56.622,False,False
525,2041,13159,1,416.0,46.438,11.163,T1_normal,-101.355,35.279,161.0,-102.064,35.26,161.0,line,161.0,40.043,NORTH,0.175,False,False
526,2043,2044,1,214.5,100.389,46.801,T1_normal,-96.84,33.738,161.0,-96.936,33.744,161.0,line,161.0,5.564,NORTH,59.74,False,False
527,2043,2046,1,222.2,20.632,9.286,T1_normal,-96.84,33.738,161.0,-96.726,33.801,161.0,line,161.0,7.831,NORTH,1.025,False,False
528,2065,2044,1,187.0,86.799,46.417,T1_normal,-97.176,33.662,161.0,-96.936,33.744,161.0,line,161.0,14.934,NORTH,93.226,False,False
529,2044,2102,1,187.0,54.909,29.363,T1_normal,-96.936,33.744,161.0,-96.645,33.605,161.0,line,161.0,19.291,NORTH,2.604,False,False
530,2045,2055,1,239.5,15.368,6.417,T1_normal,-98.509,33.97,161.0,-98.506,33.898,161.0,line,161.0,4.976,NORTH,0.471,False,False
531,2045,2109,1,181.8,9.572,5.265,T1_normal,-98.509,33.97,161.0,-98.622,34.103,161.0,line,161.0,11.296,NORTH,3.484,False,False
532,2063,2046,1,251.0,71.244,28.384,T1_normal,-96.52,33.773,161.0,-96.726,33.801,161.0,line,161.0,11.987,NORTH,16.611,False,False
533,2047,2092,1,251.0,86.304,34.384,T1_normal,-96.428,33.624,161.0,-96.52,33.773,161.0,line,161.0,11.575,NORTH,22.611,False,False
534,2079,2048,1,384.0,135.235,35.218,T1_normal,-100.287,33.994,161.0,-100.967,33.752,161.0,line,161.0,42.453,NORTH,39.758,False,False
535,2048,2098,1,233.5,58.23,24.938,T1_normal,-100.967,33.752,161.0,-101.482,33.686,161.0,line,161.0,29.948,NORTH,8.388,False,False
536,2048,12882,1,615.0,82.493,13.413,T1_normal,-100.967,33.752,161.0,-101.179,34.028,161.0,line,161.0,22.62,NORTH,57.978,False,False
537,2048,13085,1,307.6,303.826,98.773,T3_prevent,-100.967,33.752,161.0,-100.883,33.781,161.0,line,161.0,5.23,NORTH,89.083,False,False
538,13197,2048,1,237.3,150.0,63.211,T1_normal,-100.967,33.752,20.0,-100.967,33.752,161.0,transformer,161.0,0.0,NORTH,63.211,False,False
539,2048,13392,1,363.0,178.097,49.062,T1_normal,-100.967,33.752,161.0,-101.179,34.028,161.0,line,161.0,22.62,NORTH,37.731,False,False
540,2049,2061,1,369.0,118.019,31.983,T1_normal,-99.092,33.978,161.0,-99.45,34.161,161.0,line,161.0,24.092,NORTH,63.785,False,False
541,12964,2049,1,321.5,230.0,71.54,T1_normal,-99.092,33.978,20.0,-99.092,33.978,161.0,transformer,161.0,0.0,NORTH,71.54,False,False
542,2049,13029,1,220.2,32.283,14.661,T1_normal,-99.092,33.978,161.0,-99.658,33.841,161.0,line,161.0,33.791,NORTH,15.732,False,False
543,2049,13135,1,465.0,214.933,46.222,T1_normal,-99.092,33.978,161.0,-99.45,34.161,161.0,line,161.0,24.092,NORTH,58.535,False,False
544,2090,2050,1,187.0,23.015,12.307,T1_normal,-94.891,33.498,161.0,-95.425,33.392,161.0,line,161.0,31.674,NORTH,14.337,False,False
545,2050,5268,1,213.0,138.553,65.048,T1_normal,-95.425,33.392,161.0,-95.789,33.316,161.0,line,161.0,21.632,NORTH,53.26,False,False
546,2050,5268,1,213.0,138.553,65.048,T1_normal,-95.425,33.392,161.0,-95.789,33.316,161.0,line,161.0,21.632,NORTH,53.26,False,False
547,12675,2050,1,585.9,471.0,80.389,T2_watch,-95.425,33.392,20.0,-95.425,33.392,161.0,transformer,161.0,0.0,NORTH,80.389,False,False
548,2050,13114,1,206.6,107.486,52.026,T1_normal,-95.425,33.392,161.0,-95.32,33.475,161.0,line,161.0,8.345,NORTH,62.993,False,False
549,2051,2080,1,277.0,130.949,47.274,T1_normal,-98.202,33.758,161.0,-97.964,33.793,161.0,line,161.0,13.902,NORTH,81.705,False,False
550,2051,2112,1,310.0,164.629,53.106,T1_normal,-98.202,33.758,161.0,-98.259,34.008,161.0,line,161.0,17.569,NORTH,83.872,False,False
551,2053,2088,1,352.9,234.25,66.379,T1_normal,-97.956,33.521,161.0,-98.541,33.494,161.0,line,161.0,33.744,NORTH,86.608,False,False
552,5285,2053,1,291.0,183.214,62.96,T1_normal,-97.858,33.316,161.0,-97.956,33.521,161.0,line,161.0,15.24,NORTH,88.425,False,False
553,2053,5362,1,251.0,5.894,2.348,T1_normal,-97.956,33.521,161.0,-97.921,33.196,161.0,line,161.0,22.491,NORTH,3.43,False,False
554,2055,2054,1,1095.0,96.211,8.786,T1_normal,-98.506,33.898,161.0,-98.506,33.898,500.0,transformer,500.0,0.0,NORTH,20.341,False,False
555,2055,2054,1,1095.0,96.211,8.786,T1_normal,-98.506,33.898,161.0,-98.506,33.898,500.0,transformer,500.0,0.0,NORTH,20.341,False,False
556,2127,2054,1,2020.0,1154.132,57.135,T1_normal,-100.539,35.654,500.0,-98.506,33.898,500.0,line,500.0,167.441,NORTH,64.423,False,False
557,2054,5204,1,2339.3,1212.009,51.811,T1_normal,-98.506,33.898,500.0,-97.934,33.08,500.0,line,500.0,65.414,NORTH,92.52,False,False
558,2054,5236,1,2020.0,427.507,21.164,T1_normal,-98.506,33.898,500.0,-98.819,33.317,500.0,line,500.0,43.982,NORTH,43.395,False,False
559,2054,12755,1,1998.1,382.055,19.121,T1_normal,-98.506,33.898,500.0,-99.696,33.739,500.0,line,500.0,69.203,NORTH,64.767,False,False
560,2055,2067,1,219.1,23.707,10.82,T1_normal,-98.506,33.898,161.0,-98.506,33.898,161.0,line,161.0,0.0,NORTH,12.781,False,False
561,2055,2082,1,205.0,80.977,39.501,T1_normal,-98.506,33.898,161.0,-98.506,33.898,161.0,line,161.0,0.0,NORTH,49.641,False,False
562,2123,2058,1,187.0,645.635,345.259,T7_structural,-101.355,35.279,161.0,-101.244,35.479,161.0,line,161.0,15.178,NORTH,395.658,True,False
563,2060,2064,1,251.0,66.734,26.587,T1_normal,-95.81,33.577,161.0,-95.744,33.745,161.0,line,161.0,12.229,NORTH,14.698,False,False
564,5136,2060,1,251.0,50.751,20.22,T1_normal,-95.668,33.457,161.0,-95.81,33.577,161.0,line,161.0,11.624,NORTH,6.064,False,False
565,2062,2061,1,209.9,127.246,60.622,T1_normal,-99.45,34.161,18.0,-99.45,34.161,161.0,transformer,161.0,0.0,NORTH,64.507,False,False
566,2061,13046,1,230.9,93.907,40.67,T1_normal,-99.45,34.161,161.0,-99.563,34.17,161.0,line,161.0,6.521,NORTH,48.355,False,False
567,2061,13135,1,358.0,45.361,12.671,T1_normal,-99.45,34.161,161.0,-99.45,34.161,161.0,line,161.0,0.0,NORTH,44.228,False,False
568,2061,13349,1,250.7,78.165,31.179,T1_normal,-99.45,34.161,161.0,-99.45,34.161,161.0,line,161.0,0.0,NORTH,52.508,False,False
569,2061,13412,1,217.6,2.602,1.196,T1_normal,-99.45,34.161,161.0,-99.45,34.161,161.0,line,161.0,0.0,NORTH,39.665,False,False
570,2092,2063,1,251.0,53.604,21.356,T1_normal,-96.52,33.773,161.0,-96.52,33.773,161.0,line,161.0,0.0,NORTH,9.583,False,False
571,2126,2065,1,251.0,33.965,13.532,T1_normal,-97.129,33.458,161.0,-97.176,33.662,161.0,line,161.0,14.331,NORTH,27.87,False,False
572,2073,2066,1,251.0,139.744,55.675,T1_normal,-100.564,32.967,161.0,-100.245,33.183,161.0,line,161.0,23.739,NORTH,48.837,False,False
573,2068,2067,1,251.0,70.349,28.028,T1_normal,-98.361,33.51,161.0,-98.506,33.898,161.0,line,161.0,28.059,NORTH,2.059,False,False
574,2067,2082,1,236.3,52.452,22.197,T1_normal,-98.506,33.898,161.0,-98.506,33.898,161.0,line,161.0,0.0,NORTH,29.301,False,False
575,2068,2088,1,251.0,125.841,50.136,T1_normal,-98.361,33.51,161.0,-98.541,33.494,161.0,line,161.0,10.434,NORTH,80.222,False,False
576,13017,2068,1,286.4,204.0,71.229,T1_normal,-98.361,33.51,20.0,-98.361,33.51,161.0,transformer,161.0,0.0,NORTH,71.229,False,False
577,2069,2072,1,251.0,98.021,39.052,T1_normal,-96.742,33.451,161.0,-96.907,33.538,161.0,line,161.0,11.213,NORTH,27.942,False,False
578,2069,5074,1,187.0,112.113,59.954,T1_normal,-96.742,33.451,161.0,-96.808,33.242,161.0,line,161.0,14.922,NORTH,44.08,False,False
579,2071,2070,1,251.1,161.0,64.118,T1_normal,-98.541,33.494,18.0,-98.541,33.494,161.0,transformer,161.0,0.0,NORTH,64.118,False,False
580,2070,2088,1,251.0,40.809,16.259,T1_normal,-98.541,33.494,161.0,-98.541,33.494,161.0,line,161.0,0.0,NORTH,14.613,False,False
581,2070,5237,1,245.0,120.191,49.057,T1_normal,-98.541,33.494,161.0,-98.819,33.317,161.0,line,161.0,20.167,NORTH,50.743,False,False
582,2072,2102,1,251.0,128.021,51.004,T1_normal,-96.907,33.538,161.0,-96.645,33.605,161.0,line,161.0,15.743,NORTH,28.501,False,False
583,2072,2125,1,188.5,15.7,8.329,T1_normal,-96.907,33.538,161.0,-96.893,33.465,161.0,line,161.0,5.111,NORTH,6.841,False,False
584,2074,2073,1,164.0,75.591,46.092,T1_normal,-100.564,32.967,115.0,-100.564,32.967,161.0,transformer,161.0,0.0,NORTH,55.961,False,False
585,2076,2073,1,387.4,0.0,0.0,T1_normal,-100.564,32.967,24.0,-100.564,32.967,161.0,transformer,161.0,0.0,NORTH,0.0,False,False
586,2087,2073,1,187.0,10.755,5.752,T1_normal,-100.893,33.327,161.0,-100.564,32.967,161.0,line,161.0,31.309,NORTH,13.521,False,False
587,2073,3079,1,251.0,37.85,15.08,T1_normal,-100.564,32.967,161.0,-100.673,32.589,161.0,line,161.0,26.919,NORTH,12.362,False,False
588,2073,12900,1,371.2,15.548,4.188,T1_normal,-100.564,32.967,161.0,-100.893,33.327,161.0,line,161.0,31.309,NORTH,9.847,False,False
589,2074,3115,1,221.0,75.591,34.204,T1_normal,-100.564,32.967,115.0,-100.524,32.97,115.0,line,115.0,2.331,NORTH,41.528,False,False
590,2078,2077,1,135.3,112.5,83.149,T2_watch,-97.4,33.718,13.8,-97.4,33.718,161.0,transformer,161.0,0.0,NORTH,83.149,False,False
591,2077,2110,1,310.0,60.262,19.439,T1_normal,-97.4,33.718,161.0,-97.4,33.718,161.0,line,161.0,0.0,NORTH,27.144,False,False
592,2077,2110,1,244.2,88.86,36.388,T1_normal,-97.4,33.718,161.0,-97.4,33.718,161.0,line,161.0,0.0,NORTH,50.811,False,False
593,2077,2133,1,251.0,13.025,5.189,T1_normal,-97.4,33.718,161.0,-97.535,33.741,161.0,line,161.0,7.925,NORTH,13.564,False,False
594,2077,2133,1,193.2,23.598,12.214,T1_normal,-97.4,33.718,161.0,-97.535,33.741,161.0,line,161.0,7.925,NORTH,31.927,False,False
595,2086,2080,1,187.0,58.546,31.308,T1_normal,-97.688,33.627,161.0,-97.964,33.793,161.0,line,161.0,19.579,NORTH,50.703,False,False
596,2133,2080,1,251.0,44.952,17.909,T1_normal,-97.535,33.741,161.0,-97.964,33.793,161.0,line,161.0,24.869,NORTH,41.458,False,False
597,2081,2129,1,187.0,19.007,10.164,T1_normal,-96.072,33.616,161.0,-96.311,33.439,161.0,line,161.0,18.401,NORTH,0.252,False,False
598,2083,2082,1,36.8,44.838,121.844,T5_moderate,-98.506,33.898,20.0,-98.506,33.898,161.0,transformer,161.0,0.0,NORTH,31.662,True,True
599,2084,2082,1,43.5,44.838,103.077,T4_light,-98.506,33.898,20.0,-98.506,33.898,161.0,transformer,161.0,0.0,NORTH,26.786,True,True
600,2085,2082,1,36.4,44.838,123.183,T5_moderate,-98.506,33.898,20.0,-98.506,33.898,161.0,transformer,161.0,0.0,NORTH,32.01,True,True
601,2082,13041,1,335.0,189.104,56.449,T1_normal,-98.506,33.898,161.0,-99.29,33.643,161.0,line,161.0,48.358,NORTH,74.672,False,False
602,2087,12900,1,314.2,6.235,1.984,T1_normal,-100.893,33.327,161.0,-100.893,33.327,161.0,line,161.0,0.0,NORTH,4.665,False,False
603,2087,13091,1,220.6,9.312,4.221,T1_normal,-100.893,33.327,161.0,-100.893,33.327,161.0,line,161.0,0.0,NORTH,9.924,False,False
604,2089,2088,1,93.5,67.6,72.299,T1_normal,-98.541,33.494,24.0,-98.541,33.494,161.0,transformer,161.0,0.0,NORTH,72.299,False,False
605,2090,2121,1,187.0,38.259,20.459,T1_normal,-94.891,33.498,161.0,-95.152,33.802,161.0,line,161.0,25.802,NORTH,22.22,False,False
606,2091,2111,1,389.0,166.031,42.681,T1_normal,-99.29,33.643,161.0,-98.885,33.527,161.0,line,161.0,24.642,NORTH,75.324,False,False
607,2091,12735,1,463.0,248.502,53.672,T1_normal,-99.29,33.643,161.0,-99.092,33.978,161.0,line,161.0,25.77,NORTH,30.508,False,False
608,2091,13012,1,347.0,80.883,23.309,T1_normal,-99.29,33.643,161.0,-99.375,33.207,161.0,line,161.0,30.547,NORTH,62.766,False,False
609,2091,13012,1,347.0,80.883,23.309,T1_normal,-99.29,33.643,161.0,-99.375,33.207,161.0,line,161.0,30.547,NORTH,62.766,False,False
610,2091,13202,1,548.0,18.459,3.369,T1_normal,-99.29,33.643,161.0,-99.29,33.643,161.0,line,161.0,0.0,NORTH,40.186,False,False
611,2091,13202,1,548.0,18.459,3.369,T1_normal,-99.29,33.643,161.0,-99.29,33.643,161.0,line,161.0,0.0,NORTH,40.186,False,False
612,2093,2123,1,197.3,279.916,141.873,T6_heavy,-101.355,35.279,161.0,-101.355,35.279,161.0,line,161.0,0.0,NORTH,161.642,True,False
613,2093,13200,1,235.2,105.598,44.897,T1_normal,-101.355,35.279,161.0,-101.355,35.279,161.0,line,161.0,0.0,NORTH,45.508,False,False
614,2097,2096,1,836.0,480.25,57.446,T1_normal,-101.482,33.686,230.0,-101.482,33.686,500.0,transformer,500.0,0.0,WEST,36.613,False,False
615,2099,2096,1,184.4,150.0,81.345,T2_watch,-101.482,33.686,18.0,-101.482,33.686,500.0,transformer,500.0,0.0,WEST,81.345,False,False
616,2096,12883,1,2240.2,1040.584,46.45,T1_normal,-101.482,33.686,500.0,-101.179,34.028,500.0,line,500.0,29.34,WEST,40.986,False,False
617,2098,2097,1,146.0,30.832,21.118,T1_normal,-101.482,33.686,161.0,-101.482,33.686,230.0,transformer,230.0,0.0,WEST,19.552,False,False
618,2097,3096,1,750.0,90.114,12.015,T1_normal,-101.482,33.686,230.0,-101.17,32.935,230.0,line,230.0,54.935,WEST,5.584,False,False
619,2097,12752,1,480.0,210.484,43.851,T1_normal,-101.482,33.686,230.0,-101.657,33.303,230.0,line,230.0,28.294,WEST,33.273,False,False
620,2097,12752,1,480.0,210.484,43.851,T1_normal,-101.482,33.686,230.0,-101.657,33.303,230.0,line,230.0,28.294,WEST,33.273,False,False
621,2098,13209,1,228.4,66.206,28.987,T1_normal,-101.482,33.686,161.0,-98.18,31.842,161.0,line,161.0,230.307,WEST,9.495,False,False
622,2102,2101,1,1072.0,397.724,37.101,T1_normal,-96.645,33.605,161.0,-96.645,33.605,500.0,transformer,500.0,0.0,NORTH,22.151,False,False
623,2103,2101,1,343.7,705.149,205.164,T7_structural,-96.645,33.605,20.0,-96.645,33.605,500.0,transformer,500.0,0.0,NORTH,49.388,True,True
624,2104,2101,1,278.7,0.0,0.0,T1_normal,-96.645,33.605,20.0,-96.645,33.605,500.0,transformer,500.0,0.0,NORTH,0.0,False,False
625,2105,2101,1,273.2,0.0,0.0,T1_normal,-96.645,33.605,20.0,-96.645,33.605,500.0,transformer,500.0,0.0,NORTH,0.0,False,False
626,2101,5083,1,2020.0,957.061,47.379,T1_normal,-96.645,33.605,500.0,-96.643,33.195,500.0,line,500.0,28.317,NORTH,16.341,False,False
627,2102,2107,1,310.0,109.405,35.292,T1_normal,-96.645,33.605,161.0,-96.645,33.605,161.0,line,161.0,0.0,NORTH,28.062,False,False
628,2102,2107,1,204.8,105.389,51.46,T1_normal,-96.645,33.605,161.0,-96.645,33.605,161.0,line,161.0,0.0,NORTH,40.917,False,False
629,2124,2106,1,251.0,155.863,62.097,T1_normal,-96.55,33.436,161.0,-96.379,33.498,161.0,line,161.0,10.762,NORTH,52.473,False,False
630,2106,2129,1,187.0,7.873,4.21,T1_normal,-96.379,33.498,161.0,-96.311,33.439,161.0,line,161.0,5.635,NORTH,6.538,False,False
631,2106,2129,1,233.6,8.217,3.517,T1_normal,-96.379,33.498,161.0,-96.311,33.439,161.0,line,161.0,5.635,NORTH,5.462,False,False
632,2107,2125,1,251.0,81.595,32.508,T1_normal,-96.645,33.605,161.0,-96.893,33.465,161.0,line,161.0,17.231,NORTH,14.976,False,False
633,2108,2130,1,187.0,61.167,32.71,T1_normal,-99.624,33.345,161.0,-99.569,33.096,161.0,line,161.0,17.545,NORTH,32.95,False,False
634,5472,2108,1,250.0,135.432,54.173,T1_normal,-99.375,33.207,161.0,-99.624,33.345,161.0,line,161.0,17.319,NORTH,73.695,False,False
635,5472,2108,1,250.0,135.432,54.173,T1_normal,-99.375,33.207,161.0,-99.624,33.345,161.0,line,161.0,17.319,NORTH,73.695,False,False
636,12908,2108,1,359.1,250.0,69.618,T1_normal,-99.624,33.345,20.0,-99.624,33.345,161.0,transformer,161.0,0.0,NORTH,69.618,False,False
637,2108,12965,1,250.7,136.031,54.26,T1_normal,-99.624,33.345,161.0,-99.54,33.35,161.0,line,161.0,4.874,NORTH,54.024,False,False
638,2108,13133,1,199.7,25.598,12.818,T1_normal,-99.624,33.345,161.0,-99.375,33.207,161.0,line,161.0,17.319,NORTH,12.584,False,False
639,2108,13202,1,189.2,77.378,40.897,T1_normal,-99.624,33.345,161.0,-99.29,33.643,161.0,line,161.0,28.179,NORTH,11.493,False,False
640,13263,2110,1,154.2,125.0,81.064,T2_watch,-97.4,33.718,20.0,-97.4,33.718,161.0,transformer,161.0,0.0,NORTH,81.064,False,False
641,2111,5187,1,345.0,131.668,38.165,T1_normal,-98.885,33.527,161.0,-98.819,33.317,161.0,line,161.0,15.034,NORTH,63.007,False,False
642,2111,5472,1,187.0,14.553,7.782,T1_normal,-98.885,33.527,161.0,-99.375,33.207,161.0,line,161.0,35.924,NORTH,29.853,False,False
643,2114,2113,1,924.0,496.022,53.682,T1_normal,-95.539,33.64,161.0,-95.539,33.64,500.0,transformer,500.0,0.0,NORTH,64.227,False,False
644,2115,2113,1,254.9,501.221,196.634,T7_structural,-95.539,33.64,13.8,-95.539,33.64,500.0,transformer,500.0,0.0,NORTH,47.335,True,True
645,2116,2113,1,262.3,501.221,191.087,T7_structural,-95.539,33.64,13.8,-95.539,33.64,500.0,transformer,500.0,0.0,NORTH,46.0,True,True
646,2117,2113,1,187.5,375.916,200.488,T7_structural,-95.539,33.64,13.8,-95.539,33.64,500.0,transformer,500.0,0.0,NORTH,48.263,True,True
647,2118,2113,1,188.3,375.916,199.637,T7_structural,-95.539,33.64,13.8,-95.539,33.64,500.0,transformer,500.0,0.0,NORTH,48.058,True,True
648,2119,2113,1,221.2,356.26,161.058,T7_structural,-95.539,33.64,13.8,-95.539,33.64,500.0,transformer,500.0,0.0,NORTH,38.771,True,True
649,2120,2113,1,224.8,0.0,0.0,T1_normal,-95.539,33.64,13.8,-95.539,33.64,500.0,transformer,500.0,0.0,NORTH,0.0,False,False
650,5049,2113,1,2768.0,1091.861,39.446,T1_normal,-96.125,33.114,500.0,-95.539,33.64,500.0,line,500.0,49.66,NORTH,24.868,False,False
651,2113,5164,1,2086.0,1073.539,51.464,T1_normal,-95.539,33.64,500.0,-97.136,33.211,500.0,line,500.0,96.765,NORTH,6.112,False,False
652,2113,8126,1,2768.0,360.897,13.038,T1_normal,-95.539,33.64,500.0,-95.103,33.188,500.0,line,500.0,40.076,NORTH,8.501,False,False
653,2114,12953,1,284.9,154.522,54.237,T1_normal,-95.539,33.64,161.0,-95.539,33.64,161.0,line,161.0,0.0,NORTH,53.588,False,False
654,2114,12986,1,312.5,164.103,52.513,T1_normal,-95.539,33.64,161.0,-95.539,33.64,161.0,line,161.0,0.0,NORTH,51.642,False,False
655,2114,13114,1,385.0,207.664,53.939,T1_normal,-95.539,33.64,161.0,-95.32,33.475,161.0,line,161.0,16.98,NORTH,58.027,False,False
656,2114,13114,1,385.0,207.664,53.939,T1_normal,-95.539,33.64,161.0,-95.32,33.475,161.0,line,161.0,16.98,NORTH,58.027,False,False
657,13139,2123,1,253.2,1.844,0.728,T1_normal,-101.355,35.279,20.0,-101.355,35.279,161.0,transformer,161.0,0.0,NORTH,0.0,False,False
658,2123,13420,1,456.0,84.366,18.501,T1_normal,-101.355,35.279,161.0,-101.541,35.945,161.0,line,161.0,47.177,NORTH,14.136,False,False
659,5450,2124,1,251.0,128.233,51.089,T1_normal,-96.566,33.285,161.0,-96.55,33.436,161.0,line,161.0,10.444,NORTH,41.465,False,False
660,2125,5078,1,187.0,1.542,0.824,T1_normal,-96.893,33.465,161.0,-96.99,33.273,161.0,line,161.0,14.356,NORTH,20.192,False,False
661,2125,5215,1,251.0,94.476,37.64,T1_normal,-96.893,33.465,161.0,-96.933,33.371,161.0,line,161.0,6.863,NORTH,23.146,False,False
662,2126,5220,1,251.0,109.599,43.665,T1_normal,-97.129,33.458,161.0,-97.213,33.373,161.0,line,161.0,7.642,NORTH,48.091,False,False
663,2126,13390,1,245.9,157.904,64.215,T1_normal,-97.129,33.458,161.0,-97.235,33.503,161.0,line,161.0,6.872,NORTH,83.368,False,False
664,2128,2127,1,308.0,1502.481,487.819,T7_structural,-100.539,35.654,161.0,-100.539,35.654,500.0,transformer,500.0,0.0,NORTH,507.181,True,False
665,2127,5164,1,2768.0,752.637,27.191,T1_normal,-100.539,35.654,500.0,-97.136,33.211,500.0,line,500.0,257.073,NORTH,36.289,False,False
666,2127,12736,1,2367.6,1289.659,54.471,T1_normal,-100.539,35.654,500.0,-99.092,33.978,500.0,line,500.0,141.938,NORTH,64.224,False,False
667,2127,12736,1,2367.6,1289.659,54.471,T1_normal,-100.539,35.654,500.0,-99.092,33.978,500.0,line,500.0,141.938,NORTH,64.224,False,False
668,2127,12838,1,2490.9,965.184,38.748,T1_normal,-100.539,35.654,500.0,-102.214,34.734,500.0,line,500.0,113.959,NORTH,47.349,False,False
669,12845,2127,1,410.1,288.6,70.373,T1_normal,-100.539,35.654,20.0,-100.539,35.654,500.0,transformer,500.0,0.0,NORTH,70.373,False,False
670,2129,5141,1,328.0,215.577,65.725,T1_normal,-96.311,33.439,161.0,-96.378,33.322,161.0,line,161.0,8.985,NORTH,60.347,False,False
671,2131,2130,1,214.0,56.992,26.632,T1_normal,-99.569,33.096,115.0,-99.569,33.096,161.0,transformer,161.0,0.0,NORTH,15.918,False,False
672,2130,12783,1,337.6,152.182,45.078,T1_normal,-99.569,33.096,161.0,-99.569,33.096,161.0,line,161.0,0.0,NORTH,54.217,False,False
673,2130,12783,1,337.6,152.182,45.078,T1_normal,-99.569,33.096,161.0,-99.569,33.096,161.0,line,161.0,0.0,NORTH,54.217,False,False
674,2130,12783,1,337.6,152.182,45.078,T1_normal,-99.569,33.096,161.0,-99.569,33.096,161.0,line,161.0,0.0,NORTH,54.217,False,False
675,12799,2130,1,422.6,0.0,0.0,T1_normal,-99.569,33.096,20.0,-99.569,33.096,161.0,transformer,161.0,0.0,NORTH,0.0,False,False
676,2130,13111,1,247.8,158.99,64.16,T1_normal,-99.569,33.096,161.0,-99.569,33.096,161.0,line,161.0,0.0,NORTH,64.303,False,False
677,2130,13111,1,247.8,158.99,64.16,T1_normal,-99.569,33.096,161.0,-99.569,33.096,161.0,line,161.0,0.0,NORTH,64.303,False,False
678,2130,13133,1,212.4,134.393,63.273,T1_normal,-99.569,33.096,161.0,-99.375,33.207,161.0,line,161.0,13.593,NORTH,63.439,False,False
679,3021,2131,1,149.0,33.992,22.813,T1_normal,-99.72,32.784,115.0,-99.569,33.096,115.0,line,115.0,23.279,WEST,38.298,False,False
680,3002,3001,1,171.0,0.481,0.281,T1_normal,-99.163,30.037,115.0,-99.163,30.037,230.0,transformer,230.0,0.0,WEST,9.776,False,False
681,3002,3001,1,171.0,0.481,0.281,T1_normal,-99.163,30.037,115.0,-99.163,30.037,230.0,transformer,230.0,0.0,WEST,9.776,False,False
682,3001,6177,1,548.0,8.925,1.629,T1_normal,-99.163,30.037,230.0,-98.509,29.475,230.0,line,230.0,55.186,WEST,4.214,False,False
683,6285,3001,1,443.0,7.964,1.798,T1_normal,-98.678,29.803,230.0,-99.163,30.037,230.0,line,230.0,33.204,SOUTH,2.334,False,False
684,3002,3107,1,98.0,38.744,39.535,T1_normal,-99.163,30.037,115.0,-99.345,30.159,115.0,line,115.0,13.78,WEST,44.92,False,False
685,3002,3107,1,182.0,50.107,27.531,T1_normal,-99.163,30.037,115.0,-99.345,30.159,115.0,line,115.0,13.78,WEST,31.281,False,False
686,3002,3107,1,182.0,50.107,27.531,T1_normal,-99.163,30.037,115.0,-99.345,30.159,115.0,line,115.0,13.78,WEST,31.281,False,False
687,3002,6328,1,102.5,27.06,26.4,T1_normal,-99.163,30.037,115.0,-98.905,29.972,115.0,line,115.0,16.085,WEST,11.31,False,False
688,3004,3003,1,61.1,1.091,1.786,T1_normal,-100.294,32.34,18.0,-100.294,32.34,115.0,transformer,115.0,0.0,WEST,61.375,False,False
689,3003,3103,1,220.0,13.075,5.943,T1_normal,-100.294,32.34,115.0,-100.294,32.34,115.0,line,115.0,0.0,WEST,72.815,False,False
690,3003,3141,1,176.0,234.571,133.279,T6_heavy,-100.294,32.34,115.0,-100.294,32.34,115.0,line,115.0,0.0,WEST,69.712,True,True
691,3005,3052,1,220.0,103.844,47.202,T1_normal,-99.682,29.644,115.0,-99.628,30.095,115.0,line,115.0,31.306,WEST,51.746,False,False
692,3126,3005,1,220.0,111.624,50.738,T1_normal,-99.612,29.292,115.0,-99.682,29.644,115.0,line,115.0,24.727,WEST,55.283,False,False
693,3006,3049,1,149.0,81.536,54.722,T1_normal,-100.065,32.819,115.0,-99.899,32.804,115.0,line,115.0,9.699,WEST,22.094,False,False
694,3006,3100,1,112.8,55.112,48.858,T1_normal,-100.065,32.819,115.0,-99.831,32.63,115.0,line,115.0,18.863,WEST,33.822,False,False
695,3145,3006,1,149.0,150.842,101.236,T4_light,-100.224,32.547,115.0,-100.065,32.819,115.0,line,115.0,20.921,WEST,11.223,True,True
696,3007,3013,1,149.0,48.873,32.8,T1_normal,-100.09,32.368,115.0,-99.706,32.459,115.0,line,115.0,23.279,WEST,21.625,False,False
697,3007,3099,1,124.7,27.46,22.021,T1_normal,-100.09,32.368,115.0,-99.906,32.416,115.0,line,115.0,11.248,WEST,56.727,False,False
698,3007,3137,1,149.0,43.969,29.509,T1_normal,-100.09,32.368,115.0,-100.294,32.34,115.0,line,115.0,12.044,WEST,23.651,False,False
699,3007,3137,1,113.9,43.774,38.432,T1_normal,-100.09,32.368,115.0,-100.294,32.34,115.0,line,115.0,12.044,WEST,30.803,False,False
700,3007,3145,1,98.0,3.55,3.622,T1_normal,-100.09,32.368,115.0,-100.224,32.547,115.0,line,115.0,14.663,WEST,48.566,False,False
701,3008,3036,1,149.0,8.499,5.704,T1_normal,-99.568,31.737,115.0,-99.187,31.548,115.0,line,115.0,25.911,WEST,79.647,False,False
702,3140,3008,1,250.0,11.455,4.582,T1_normal,-99.695,32.052,115.0,-99.568,31.737,115.0,line,115.0,23.013,WEST,31.951,False,False
703,3143,3008,1,98.0,46.024,46.963,T1_normal,-99.381,31.515,115.0,-99.568,31.737,115.0,line,115.0,18.86,WEST,66.189,False,False
704,3009,3024,1,98.0,3.161,3.225,T1_normal,-100.561,30.441,115.0,-100.595,30.884,115.0,line,115.0,30.618,WEST,12.433,False,False
705,3146,3009,1,149.0,84.71,56.852,T1_normal,-100.069,30.459,115.0,-100.561,30.441,115.0,line,115.0,29.298,WEST,67.738,False,False
706,3010,3076,1,138.0,69.664,50.481,T1_normal,-100.079,29.675,115.0,-100.401,29.327,115.0,line,115.0,30.885,WEST,56.952,False,False
707,3093,3010,1,133.0,64.994,48.868,T1_normal,-100.286,29.988,115.0,-100.079,29.675,115.0,line,115.0,24.971,WEST,55.582,False,False
708,3011,3012,1,135.0,47.927,35.501,T1_normal,-98.918,30.654,115.0,-98.709,30.437,115.0,line,115.0,19.484,WEST,78.967,False,False
709,3011,3124,1,121.0,50.351,41.613,T1_normal,-98.918,30.654,115.0,-98.877,30.281,115.0,line,115.0,25.878,WEST,78.857,False,False
710,3011,3124,1,139.4,54.709,39.246,T1_normal,-98.918,30.654,115.0,-98.877,30.281,115.0,line,115.0,25.878,WEST,74.372,False,False
711,3011,3124,1,139.4,54.709,39.246,T1_normal,-98.918,30.654,115.0,-98.877,30.281,115.0,line,115.0,25.878,WEST,74.372,False,False
712,3011,13325,1,222.0,59.762,26.92,T1_normal,-98.918,30.654,115.0,-99.401,30.79,115.0,line,115.0,30.184,WEST,49.631,False,False
713,3011,13325,1,222.0,59.762,26.92,T1_normal,-98.918,30.654,115.0,-99.401,30.79,115.0,line,115.0,30.184,WEST,49.631,False,False
714,3011,13325,1,222.0,59.762,26.92,T1_normal,-98.918,30.654,115.0,-99.401,30.79,115.0,line,115.0,30.184,WEST,49.631,False,False
715,3011,13325,1,222.0,59.762,26.92,T1_normal,-98.918,30.654,115.0,-99.401,30.79,115.0,line,115.0,30.184,WEST,49.631,False,False
716,3012,6226,1,134.0,46.957,35.042,T1_normal,-98.709,30.437,115.0,-98.567,30.183,115.0,line,115.0,19.501,WEST,78.832,False,False
717,3013,3031,1,141.2,143.308,101.493,T4_light,-99.706,32.459,115.0,-99.826,32.274,115.0,line,115.0,14.548,WEST,11.023,True,True
718,3013,3077,1,98.0,62.653,63.931,T1_normal,-99.706,32.459,115.0,-99.706,32.459,115.0,line,115.0,0.0,WEST,17.116,False,False
719,3014,3104,1,146.3,19.295,13.189,T1_normal,-98.385,30.732,115.0,-98.442,30.844,115.0,line,115.0,8.452,WEST,20.414,False,False
720,3014,3124,1,149.0,24.458,16.414,T1_normal,-98.385,30.732,115.0,-98.877,30.281,115.0,line,115.0,42.718,WEST,9.962,False,False
721,6212,3014,1,149.0,3.038,2.039,T1_normal,-98.268,30.564,115.0,-98.385,30.732,115.0,line,115.0,13.504,SOUTH,24.503,False,False
722,3015,3121,1,98.0,3.585,3.659,T1_normal,-100.568,32.361,115.0,-100.568,32.361,115.0,line,115.0,0.0,WEST,0.503,False,False
723,3015,3121,1,107.0,3.963,3.703,T1_normal,-100.568,32.361,115.0,-100.568,32.361,115.0,line,115.0,0.0,WEST,0.509,False,False
724,3015,3127,1,98.0,202.264,206.392,T7_structural,-100.568,32.361,115.0,-100.294,32.34,115.0,line,115.0,16.034,WEST,27.905,True,True
725,3015,3128,1,98.0,88.095,89.893,T2_watch,-100.568,32.361,115.0,-100.728,32.421,115.0,line,115.0,10.23,WEST,32.152,False,False
726,3015,3129,1,118.8,111.981,94.26,T3_prevent,-100.568,32.361,115.0,-100.568,32.361,115.0,line,115.0,0.0,WEST,0.135,False,False
727,3017,3016,1,641.9,418.9,65.259,T1_normal,-100.294,32.227,18.0,-100.294,32.227,115.0,transformer,115.0,0.0,WEST,65.259,False,False
728,3016,3054,1,205.1,87.659,42.74,T1_normal,-100.294,32.227,115.0,-100.11,32.159,115.0,line,115.0,11.777,WEST,63.941,False,False
729,3016,3054,1,205.1,87.659,42.74,T1_normal,-100.294,32.227,115.0,-100.11,32.159,115.0,line,115.0,11.777,WEST,63.941,False,False
730,3016,3054,1,205.1,87.659,42.74,T1_normal,-100.294,32.227,115.0,-100.11,32.159,115.0,line,115.0,11.777,WEST,63.941,False,False
731,3016,3054,1,205.1,87.659,42.74,T1_normal,-100.294,32.227,115.0,-100.11,32.159,115.0,line,115.0,11.777,WEST,63.941,False,False
732,3016,3083,1,221.0,80.899,36.606,T1_normal,-100.294,32.227,115.0,-100.09,32.368,115.0,line,115.0,15.381,WEST,10.989,False,False
733,3016,3103,1,149.0,103.948,69.764,T1_normal,-100.294,32.227,115.0,-100.294,32.34,115.0,line,115.0,7.786,WEST,8.451,False,False
734,3016,3131,1,98.0,59.462,60.675,T1_normal,-100.294,32.227,115.0,-100.022,32.304,115.0,line,115.0,16.799,WEST,44.154,False,False
735,3139,3016,1,221.0,6.545,2.961,T1_normal,-100.165,31.859,115.0,-100.294,32.227,115.0,line,115.0,26.562,WEST,4.01,False,False
736,3016,13157,1,199.7,169.5,84.877,T2_watch,-100.294,32.227,115.0,-100.294,32.227,115.0,line,115.0,0.0,WEST,84.877,False,False
737,3019,3018,1,142.2,0.034,0.024,T1_normal,-100.651,31.067,115.0,-100.651,31.067,230.0,transformer,230.0,0.0,WEST,15.032,False,False
738,3019,3018,1,142.2,0.034,0.024,T1_normal,-100.651,31.067,115.0,-100.651,31.067,230.0,transformer,230.0,0.0,WEST,15.032,False,False
739,3020,3018,1,289.2,199.5,68.983,T1_normal,-100.651,31.067,13.8,-100.651,31.067,230.0,transformer,230.0,0.0,WEST,68.983,False,False
740,3018,3050,1,548.0,7.564,1.38,T1_normal,-100.651,31.067,230.0,-100.968,29.705,230.0,line,230.0,95.972,WEST,22.923,False,False
741,3018,3058,1,548.0,115.157,21.014,T1_normal,-100.651,31.067,230.0,-100.984,31.876,230.0,line,230.0,59.246,WEST,10.704,False,False
742,3018,12646,1,800.0,368.35,46.044,T1_normal,-100.651,31.067,230.0,-99.936,31.188,230.0,line,230.0,43.096,WEST,46.307,False,False
743,3018,12646,1,800.0,368.35,46.044,T1_normal,-100.651,31.067,230.0,-99.936,31.188,230.0,line,230.0,43.096,WEST,46.307,False,False
744,12791,3018,1,554.3,322.432,58.169,T1_normal,-101.215,31.195,230.0,-100.651,31.067,230.0,line,230.0,34.494,WEST,61.604,False,False
745,12791,3018,1,554.3,322.432,58.169,T1_normal,-101.215,31.195,230.0,-100.651,31.067,230.0,line,230.0,34.494,WEST,61.604,False,False
746,3024,3019,1,98.0,13.291,13.562,T1_normal,-100.595,30.884,115.0,-100.651,31.067,115.0,line,115.0,13.095,WEST,22.77,False,False
747,3114,3019,1,221.0,43.457,19.664,T1_normal,-100.559,31.462,115.0,-100.651,31.067,115.0,line,115.0,27.856,WEST,12.178,False,False
748,3114,3019,1,221.0,43.457,19.664,T1_normal,-100.559,31.462,115.0,-100.651,31.067,115.0,line,115.0,27.856,WEST,12.178,False,False
749,3019,13198,1,165.0,44.264,26.827,T1_normal,-100.651,31.067,115.0,-100.651,31.067,115.0,line,115.0,0.0,WEST,38.8,False,False
750,3049,3021,1,221.0,104.25,47.172,T1_normal,-99.899,32.804,115.0,-99.72,32.784,115.0,line,115.0,10.491,WEST,7.367,False,False
751,5397,3021,1,220.0,24.683,11.219,T1_normal,-99.332,32.779,115.0,-99.72,32.784,115.0,line,115.0,22.533,NORTH,63.415,False,False
752,3021,12996,1,137.5,107.118,77.904,T1_normal,-99.72,32.784,115.0,-100.065,32.819,115.0,line,115.0,20.189,WEST,7.853,False,False
753,13021,3021,1,286.0,204.0,71.329,T1_normal,-99.72,32.784,20.0,-99.72,32.784,115.0,transformer,115.0,0.0,WEST,71.329,False,False
754,3033,3022,1,342.0,228.431,66.793,T1_normal,-100.94,32.806,115.0,-100.891,32.313,115.0,line,115.0,34.197,WEST,59.381,False,False
755,3022,3059,1,177.3,54.997,31.019,T1_normal,-100.891,32.313,115.0,-100.984,31.876,115.0,line,115.0,30.709,WEST,50.655,False,False
756,3085,3022,1,149.0,13.307,8.931,T1_normal,-100.728,32.421,115.0,-100.891,32.313,115.0,line,115.0,12.076,WEST,21.919,False,False
757,3022,12721,1,600.0,108.664,18.111,T1_normal,-100.891,32.313,115.0,-100.891,32.313,230.0,transformer,230.0,0.0,WEST,10.796,False,False
758,3023,3049,1,362.0,34.595,9.557,T1_normal,-99.851,32.941,115.0,-99.899,32.804,115.0,line,115.0,9.866,WEST,37.09,False,False
759,3023,3049,1,450.0,72.383,16.085,T1_normal,-99.851,32.941,115.0,-99.899,32.804,115.0,line,115.0,9.866,WEST,62.427,False,False
760,3023,3067,1,98.0,25.441,25.961,T1_normal,-99.851,32.941,115.0,-100.224,32.547,115.0,line,115.0,34.779,WEST,50.509,False,False
761,3023,3115,1,135.0,191.947,142.183,T6_heavy,-99.851,32.941,115.0,-100.524,32.97,115.0,line,115.0,39.081,WEST,55.627,True,True
762,3023,13315,1,220.0,33.333,15.152,T1_normal,-99.851,32.941,115.0,-99.569,33.096,115.0,line,115.0,19.535,WEST,60.606,False,False
763,3023,13315,1,220.0,33.333,15.152,T1_normal,-99.851,32.941,115.0,-99.569,33.096,115.0,line,115.0,19.535,WEST,60.606,False,False
764,3023,13315,1,220.0,33.333,15.152,T1_normal,-99.851,32.941,115.0,-99.569,33.096,115.0,line,115.0,19.535,WEST,60.606,False,False
765,3035,3025,1,220.0,64.707,29.412,T1_normal,-99.08,30.94,115.0,-98.764,31.157,115.0,line,115.0,23.98,WEST,72.017,False,False
766,3025,3036,1,188.0,113.338,60.286,T1_normal,-98.764,31.157,115.0,-99.187,31.548,115.0,line,115.0,36.789,WEST,78.424,False,False
767,3025,3101,1,149.0,33.368,22.395,T1_normal,-98.764,31.157,115.0,-98.442,30.844,115.0,line,115.0,28.839,WEST,106.59,False,False
768,3025,5241,1,205.0,42.576,20.769,T1_normal,-98.764,31.157,115.0,-98.44,31.442,115.0,line,115.0,27.422,WEST,21.155,False,False
769,3025,5241,1,205.0,42.576,20.769,T1_normal,-98.764,31.157,115.0,-98.44,31.442,115.0,line,115.0,27.422,WEST,21.155,False,False
770,3025,5241,1,205.0,42.576,20.769,T1_normal,-98.764,31.157,115.0,-98.44,31.442,115.0,line,115.0,27.422,WEST,21.155,False,False
771,3027,3026,1,400.0,117.963,29.491,T1_normal,-99.706,32.459,115.0,-99.706,32.459,230.0,transformer,230.0,0.0,WEST,40.919,False,False
772,3028,3026,1,268.5,29.782,11.092,T1_normal,-99.706,32.459,18.0,-99.706,32.459,230.0,transformer,230.0,0.0,WEST,0.0,False,False
773,3026,5395,1,443.0,528.29,119.253,T5_moderate,-99.706,32.459,230.0,-99.332,32.779,230.0,line,230.0,31.045,WEST,36.947,True,True
774,3027,3032,1,140.0,77.939,55.671,T1_normal,-99.706,32.459,115.0,-99.706,32.459,115.0,line,115.0,0.0,WEST,11.537,False,False
775,3027,3049,1,146.9,45.323,30.853,T1_normal,-99.706,32.459,115.0,-99.899,32.804,115.0,line,115.0,26.371,WEST,64.486,False,False
776,3027,3102,1,221.0,18.277,8.27,T1_normal,-99.706,32.459,115.0,-99.706,32.459,115.0,line,115.0,0.0,WEST,8.569,False,False
777,3027,3102,1,147.8,32.675,22.107,T1_normal,-99.706,32.459,115.0,-99.706,32.459,115.0,line,115.0,0.0,WEST,22.906,False,False
778,3147,3029,1,250.0,40.741,16.296,T1_normal,-98.259,31.102,115.0,-98.377,31.257,115.0,line,115.0,12.753,WEST,45.731,False,False
779,3029,5241,1,149.0,45.611,30.612,T1_normal,-98.377,31.257,115.0,-98.44,31.442,115.0,line,115.0,13.289,WEST,79.999,False,False
780,3030,3072,1,190.0,115.22,60.642,T1_normal,-100.559,31.462,115.0,-100.114,31.535,115.0,line,115.0,26.714,WEST,32.829,False,False
781,3114,3030,1,149.0,44.94,30.161,T1_normal,-100.559,31.462,115.0,-100.559,31.462,115.0,line,115.0,0.0,WEST,5.305,False,False
782,3030,13073,1,450.0,200.0,44.444,T1_normal,-100.559,31.462,115.0,-100.559,31.462,115.0,line,115.0,0.0,WEST,44.444,False,False
783,3031,3032,1,114.1,22.468,19.691,T1_normal,-99.826,32.274,115.0,-99.706,32.459,115.0,line,115.0,14.548,WEST,25.903,False,False
784,3054,3031,1,98.0,52.485,53.557,T1_normal,-100.11,32.159,115.0,-99.826,32.274,115.0,line,115.0,18.39,WEST,45.016,False,False
785,3031,3070,1,150.0,53.222,35.481,T1_normal,-99.826,32.274,115.0,-100.1,32.288,115.0,line,115.0,16.031,WEST,11.656,False,False
786,3031,3077,1,137.0,48.505,35.405,T1_normal,-99.826,32.274,115.0,-99.706,32.459,115.0,line,115.0,14.548,WEST,9.272,False,False
787,3031,3140,1,149.0,78.368,52.596,T1_normal,-99.826,32.274,115.0,-99.695,32.052,115.0,line,115.0,17.157,WEST,9.844,False,False
788,3032,3070,1,122.1,102.598,84.028,T2_watch,-99.706,32.459,115.0,-100.1,32.288,115.0,line,115.0,25.839,WEST,14.89,False,False
789,3032,3077,1,120.5,83.74,69.494,T1_normal,-99.706,32.459,115.0,-99.706,32.459,115.0,line,115.0,0.0,WEST,17.334,False,False
790,3032,3094,1,250.0,86.513,34.605,T1_normal,-99.706,32.459,115.0,-100.09,32.368,115.0,line,115.0,23.279,WEST,15.089,False,False
791,3032,3094,1,113.2,139.112,122.89,T5_moderate,-99.706,32.459,115.0,-100.09,32.368,115.0,line,115.0,23.279,WEST,53.583,True,True
792,3032,3099,1,149.0,6.107,4.099,T1_normal,-99.706,32.459,115.0,-99.906,32.416,115.0,line,115.0,12.038,WEST,17.293,False,False
793,3032,3131,1,143.5,112.95,78.711,T1_normal,-99.706,32.459,115.0,-100.022,32.304,115.0,line,115.0,21.292,WEST,1.999,False,False
794,3034,3033,1,469.7,311.0,66.212,T1_normal,-100.94,32.806,22.0,-100.94,32.806,115.0,transformer,115.0,0.0,WEST,66.212,False,False
795,3033,3136,1,342.0,82.569,24.143,T1_normal,-100.94,32.806,115.0,-100.94,32.806,115.0,line,115.0,0.0,WEST,31.555,False,False
796,3035,3066,1,220.0,70.877,32.217,T1_normal,-99.08,30.94,115.0,-99.53,31.26,115.0,line,115.0,34.597,WEST,74.822,False,False
797,3036,3066,1,220.0,22.34,10.154,T1_normal,-99.187,31.548,115.0,-99.53,31.26,115.0,line,115.0,28.366,WEST,70.809,False,False
798,3036,12656,1,600.0,88.3,14.717,T1_normal,-99.187,31.548,115.0,-99.187,31.548,230.0,transformer,230.0,0.0,WEST,20.203,False,False
799,3038,3037,1,114.0,160.068,140.411,T6_heavy,-100.568,32.361,115.0,-100.568,32.361,230.0,transformer,230.0,0.0,WEST,22.113,True,True
800,3039,3037,1,306.2,209.0,68.256,T1_normal,-100.568,32.361,13.8,-100.568,32.361,230.0,transformer,230.0,0.0,WEST,68.256,False,False
801,3078,3037,1,548.0,279.082,50.927,T1_normal,-100.673,32.589,230.0,-100.568,32.361,230.0,line,230.0,16.867,WEST,17.025,False,False
802,3037,3088,1,548.0,328.014,59.857,T1_normal,-100.568,32.361,230.0,-99.706,32.459,230.0,line,230.0,50.7,WEST,50.564,False,False
803,3038,3080,1,98.0,27.953,28.524,T1_normal,-100.568,32.361,115.0,-100.673,32.589,115.0,line,115.0,16.867,WEST,22.965,False,False
804,3038,3085,1,250.0,18.351,7.34,T1_normal,-100.568,32.361,115.0,-100.728,32.421,115.0,line,115.0,10.23,WEST,9.054,False,False
805,3038,3121,1,155.0,206.373,133.144,T6_heavy,-100.568,32.361,115.0,-100.568,32.361,115.0,line,115.0,0.0,WEST,45.387,True,True
806,3072,3040,1,193.0,210.488,109.061,T4_light,-100.114,31.535,115.0,-99.934,31.739,115.0,line,115.0,17.606,WEST,46.92,True,True
807,3139,3040,1,250.0,34.505,13.802,T1_normal,-100.165,31.859,115.0,-99.934,31.739,115.0,line,115.0,15.905,WEST,7.639,False,False
808,3040,3140,1,203.2,75.156,36.986,T1_normal,-99.934,31.739,115.0,-99.695,32.052,115.0,line,115.0,25.819,WEST,22.934,False,False
809,3040,3140,1,203.2,75.156,36.986,T1_normal,-99.934,31.739,115.0,-99.695,32.052,115.0,line,115.0,25.819,WEST,22.934,False,False
810,3040,3140,1,203.2,75.156,36.986,T1_normal,-99.934,31.739,115.0,-99.695,32.052,115.0,line,115.0,25.819,WEST,22.934,False,False
811,3040,3140,1,203.2,75.156,36.986,T1_normal,-99.934,31.739,115.0,-99.695,32.052,115.0,line,115.0,25.819,WEST,22.934,False,False
812,3040,13291,1,204.8,46.417,22.665,T1_normal,-99.934,31.739,115.0,-99.85,31.441,115.0,line,115.0,21.146,WEST,21.087,False,False
813,3040,13291,1,204.8,46.417,22.665,T1_normal,-99.934,31.739,115.0,-99.85,31.441,115.0,line,115.0,21.146,WEST,21.087,False,False
814,3040,13291,1,204.8,46.417,22.665,T1_normal,-99.934,31.739,115.0,-99.85,31.441,115.0,line,115.0,21.146,WEST,21.087,False,False
815,3042,3041,1,240.0,65.481,27.284,T1_normal,-100.692,32.05,115.0,-100.692,32.05,230.0,transformer,230.0,0.0,WEST,45.888,False,False
816,3041,3046,1,820.0,470.575,57.387,T1_normal,-100.692,32.05,230.0,-100.568,32.361,230.0,line,230.0,22.692,WEST,57.872,False,False
817,3041,3058,1,750.0,244.672,32.623,T1_normal,-100.692,32.05,230.0,-100.984,31.876,230.0,line,230.0,20.948,WEST,11.279,False,False
818,3042,3064,1,221.0,136.462,61.748,T1_normal,-100.692,32.05,115.0,-100.568,32.361,115.0,line,115.0,22.692,WEST,14.703,False,False
819,3042,3111,1,221.0,187.944,85.043,T2_watch,-100.692,32.05,115.0,-100.984,31.876,115.0,line,115.0,20.948,WEST,0.024,False,False
820,3042,3129,1,111.3,51.516,46.285,T1_normal,-100.692,32.05,115.0,-100.568,32.361,115.0,line,115.0,22.692,WEST,40.364,False,False
821,3047,3046,1,355.0,34.256,9.65,T1_normal,-100.568,32.361,115.0,-100.568,32.361,230.0,transformer,230.0,0.0,WEST,86.887,False,False
822,3048,3046,1,3500.0,1044.436,29.841,T1_normal,-100.568,32.361,500.0,-100.568,32.361,230.0,transformer,500.0,0.0,WEST,40.789,False,False
823,3048,3046,1,3500.0,1044.436,29.841,T1_normal,-100.568,32.361,500.0,-100.568,32.361,230.0,transformer,500.0,0.0,WEST,40.789,False,False
824,3046,3078,1,820.0,529.542,64.578,T1_normal,-100.568,32.361,230.0,-100.673,32.589,230.0,line,230.0,16.867,WEST,82.99,False,False
825,3082,3046,1,750.0,241.927,32.257,T1_normal,-100.09,32.368,230.0,-100.568,32.361,230.0,line,230.0,27.852,WEST,15.171,False,False
826,3047,3064,1,221.0,60.006,27.152,T1_normal,-100.568,32.361,115.0,-100.568,32.361,115.0,line,115.0,0.0,WEST,66.851,False,False
827,3129,3047,1,221.0,94.262,42.652,T1_normal,-100.568,32.361,115.0,-100.568,32.361,115.0,line,115.0,0.0,WEST,72.719,False,False
828,3048,5045,1,2855.0,1551.452,54.342,T1_normal,-100.568,32.361,500.0,-98.188,32.186,500.0,line,500.0,139.562,WEST,60.078,False,False
829,3048,5045,1,2855.0,1551.452,54.342,T1_normal,-100.568,32.361,500.0,-98.188,32.186,500.0,line,500.0,139.562,WEST,60.078,False,False
830,3048,5120,1,2295.0,330.549,14.403,T1_normal,-100.568,32.361,500.0,-99.033,31.748,500.0,line,500.0,99.348,WEST,59.217,False,False
831,3048,5394,1,2020.0,141.812,7.02,T1_normal,-100.568,32.361,500.0,-99.332,32.779,500.0,line,500.0,77.51,WEST,42.499,False,False
832,12941,3048,1,367.3,241.0,65.614,T1_normal,-100.568,32.361,20.0,-100.568,32.361,500.0,transformer,500.0,0.0,WEST,65.614,False,False
833,3049,3091,1,219.5,65.377,29.784,T1_normal,-99.899,32.804,115.0,-99.706,32.459,115.0,line,115.0,26.371,WEST,70.838,False,False
834,3049,3091,1,219.5,65.377,29.784,T1_normal,-99.899,32.804,115.0,-99.706,32.459,115.0,line,115.0,26.371,WEST,70.838,False,False
835,3049,3091,1,219.5,65.377,29.784,T1_normal,-99.899,32.804,115.0,-99.706,32.459,115.0,line,115.0,26.371,WEST,70.838,False,False
836,3049,12996,1,130.0,41.131,31.639,T1_normal,-99.899,32.804,115.0,-100.065,32.819,115.0,line,115.0,9.699,WEST,56.456,False,False
837,13020,3049,1,238.8,0.0,0.0,T1_normal,-99.899,32.804,20.0,-99.899,32.804,115.0,transformer,115.0,0.0,WEST,0.0,False,False
838,3049,13079,1,226.0,83.571,36.978,T1_normal,-99.899,32.804,115.0,-99.899,32.804,115.0,line,115.0,0.0,WEST,45.22,False,False
839,3051,3050,1,122.0,44.956,36.85,T1_normal,-100.968,29.705,115.0,-100.968,29.705,230.0,transformer,230.0,0.0,WEST,61.45,False,False
840,3051,3050,1,122.0,44.956,36.85,T1_normal,-100.968,29.705,115.0,-100.968,29.705,230.0,transformer,230.0,0.0,WEST,61.45,False,False
841,4014,3050,1,548.0,72.707,13.268,T1_normal,-100.34,28.588,230.0,-100.968,29.705,230.0,line,230.0,85.981,SOUTH,53.4,False,False
842,3051,13385,1,199.9,134.914,67.491,T1_normal,-100.968,29.705,115.0,-100.968,29.705,115.0,line,115.0,0.0,WEST,15.155,False,False
843,3052,3093,1,127.0,59.944,47.2,T1_normal,-99.628,30.095,115.0,-100.286,29.988,115.0,line,115.0,40.037,WEST,54.232,False,False
844,3052,3107,1,251.0,155.708,62.035,T1_normal,-99.628,30.095,115.0,-99.345,30.159,115.0,line,115.0,17.493,WEST,69.576,False,False
845,3054,3053,1,103.0,255.243,247.809,T7_structural,-100.11,32.159,115.0,-100.11,32.159,230.0,transformer,230.0,0.0,WEST,96.739,True,True
846,3054,3053,1,103.0,255.243,247.809,T7_structural,-100.11,32.159,115.0,-100.11,32.159,230.0,transformer,230.0,0.0,WEST,96.739,True,True
847,3055,3053,1,448.3,0.0,0.0,T1_normal,-100.11,32.159,13.8,-100.11,32.159,230.0,transformer,230.0,0.0,WEST,0.0,False,False
848,3056,3053,1,277.1,223.5,80.657,T2_watch,-100.11,32.159,13.8,-100.11,32.159,230.0,transformer,230.0,0.0,WEST,80.657,False,False
849,3057,3053,1,275.6,0.0,0.0,T1_normal,-100.11,32.159,13.8,-100.11,32.159,230.0,transformer,230.0,0.0,WEST,0.0,False,False
850,3058,3053,1,1000.0,820.362,82.036,T2_watch,-100.984,31.876,230.0,-100.11,32.159,230.0,line,230.0,54.843,WEST,61.123,False,False
851,3082,3053,1,548.0,115.521,21.08,T1_normal,-100.09,32.368,230.0,-100.11,32.159,230.0,line,230.0,14.466,WEST,39.966,False,False
852,3053,3088,1,750.0,190.691,25.425,T1_normal,-100.11,32.159,230.0,-99.706,32.459,230.0,line,230.0,31.37,WEST,9.233,False,False
853,3053,3088,1,750.0,190.691,25.425,T1_normal,-100.11,32.159,230.0,-99.706,32.459,230.0,line,230.0,31.37,WEST,9.233,False,False
854,12656,3053,1,1200.0,133.758,11.146,T1_normal,-99.187,31.548,230.0,-100.11,32.159,230.0,line,230.0,68.655,WEST,57.98,False,False
855,12656,3053,1,1200.0,133.758,11.146,T1_normal,-99.187,31.548,230.0,-100.11,32.159,230.0,line,230.0,68.655,WEST,57.98,False,False
856,3054,3069,1,214.9,9.646,4.488,T1_normal,-100.11,32.159,115.0,-99.753,32.12,115.0,line,115.0,21.042,WEST,21.817,False,False
857,3054,3069,1,214.9,9.646,4.488,T1_normal,-100.11,32.159,115.0,-99.753,32.12,115.0,line,115.0,21.042,WEST,21.817,False,False
858,3054,3070,1,223.4,19.576,8.763,T1_normal,-100.11,32.159,115.0,-100.1,32.288,115.0,line,115.0,8.912,WEST,70.809,False,False
859,3054,3070,1,223.4,19.576,8.763,T1_normal,-100.11,32.159,115.0,-100.1,32.288,115.0,line,115.0,8.912,WEST,70.809,False,False
860,3054,3070,1,223.4,19.576,8.763,T1_normal,-100.11,32.159,115.0,-100.1,32.288,115.0,line,115.0,8.912,WEST,70.809,False,False
861,3054,3070,1,223.4,19.576,8.763,T1_normal,-100.11,32.159,115.0,-100.1,32.288,115.0,line,115.0,8.912,WEST,70.809,False,False
862,3054,3125,1,122.3,147.137,120.308,T5_moderate,-100.11,32.159,115.0,-99.706,32.459,115.0,line,115.0,31.37,WEST,33.659,True,True
863,3054,3131,1,226.2,2.212,0.978,T1_normal,-100.11,32.159,115.0,-100.022,32.304,115.0,line,115.0,11.252,WEST,64.543,False,False
864,3054,3131,1,226.2,2.212,0.978,T1_normal,-100.11,32.159,115.0,-100.022,32.304,115.0,line,115.0,11.252,WEST,64.543,False,False
865,3054,3131,1,226.2,2.212,0.978,T1_normal,-100.11,32.159,115.0,-100.022,32.304,115.0,line,115.0,11.252,WEST,64.543,False,False
866,3054,3131,1,226.2,2.212,0.978,T1_normal,-100.11,32.159,115.0,-100.022,32.304,115.0,line,115.0,11.252,WEST,64.543,False,False
867,3054,12554,1,2500.0,383.972,15.359,T1_normal,-100.11,32.159,115.0,-100.11,32.159,500.0,transformer,500.0,0.0,WEST,34.422,False,False
868,3054,12554,1,2500.0,383.972,15.359,T1_normal,-100.11,32.159,115.0,-100.11,32.159,500.0,transformer,500.0,0.0,WEST,34.422,False,False
869,3059,3058,1,377.0,36.756,9.75,T1_normal,-100.984,31.876,115.0,-100.984,31.876,230.0,transformer,230.0,0.0,WEST,48.804,False,False
870,3060,3058,1,294.0,214.5,72.959,T1_normal,-100.984,31.876,18.0,-100.984,31.876,230.0,transformer,230.0,0.0,WEST,72.959,False,False
871,3061,3058,1,280.8,186.0,66.239,T1_normal,-100.984,31.876,18.0,-100.984,31.876,230.0,transformer,230.0,0.0,WEST,66.239,False,False
872,3062,3058,1,233.6,149.5,63.998,T1_normal,-100.984,31.876,18.0,-100.984,31.876,230.0,transformer,230.0,0.0,WEST,63.998,False,False
873,3063,3058,1,154.4,112.5,72.863,T1_normal,-100.984,31.876,18.0,-100.984,31.876,230.0,transformer,230.0,0.0,WEST,72.863,False,False
874,3059,3111,1,221.0,82.252,37.218,T1_normal,-100.984,31.876,115.0,-100.984,31.876,115.0,line,115.0,0.0,WEST,65.156,False,False
875,3059,3130,1,210.2,70.039,33.32,T1_normal,-100.984,31.876,115.0,-100.559,31.462,115.0,line,115.0,37.961,WEST,43.188,False,False
876,3059,3130,1,210.2,70.039,33.32,T1_normal,-100.984,31.876,115.0,-100.559,31.462,115.0,line,115.0,37.961,WEST,43.188,False,False
877,3059,3130,1,210.2,70.039,33.32,T1_normal,-100.984,31.876,115.0,-100.559,31.462,115.0,line,115.0,37.961,WEST,43.188,False,False
878,3059,3130,1,210.2,70.039,33.32,T1_normal,-100.984,31.876,115.0,-100.559,31.462,115.0,line,115.0,37.961,WEST,43.188,False,False
879,3059,12564,1,2500.0,626.877,25.075,T1_normal,-100.984,31.876,115.0,-100.984,31.876,500.0,transformer,500.0,0.0,WEST,40.894,False,False
880,3059,12564,1,2500.0,626.877,25.075,T1_normal,-100.984,31.876,115.0,-100.984,31.876,500.0,transformer,500.0,0.0,WEST,40.894,False,False
881,3059,13413,1,218.1,131.713,60.391,T1_normal,-100.984,31.876,115.0,-100.984,31.876,115.0,line,115.0,0.0,WEST,74.528,False,False
882,3059,13413,1,218.1,131.713,60.391,T1_normal,-100.984,31.876,115.0,-100.984,31.876,115.0,line,115.0,0.0,WEST,74.528,False,False
883,3059,13413,1,218.1,131.713,60.391,T1_normal,-100.984,31.876,115.0,-100.984,31.876,115.0,line,115.0,0.0,WEST,74.528,False,False
884,3065,3064,1,255.4,182.4,71.417,T1_normal,-100.568,32.361,18.0,-100.568,32.361,115.0,transformer,115.0,0.0,WEST,71.417,False,False
885,3064,3141,1,149.0,226.063,151.72,T7_structural,-100.568,32.361,115.0,-100.294,32.34,115.0,line,115.0,16.034,WEST,32.808,True,True
886,3064,13366,1,121.0,152.805,126.285,T6_heavy,-100.568,32.361,115.0,-100.568,32.361,115.0,line,115.0,0.0,WEST,38.61,True,True
887,3066,3142,1,98.0,106.468,108.64,T4_light,-99.53,31.26,115.0,-100.153,31.29,115.0,line,115.0,36.847,WEST,5.632,True,True
888,3066,12910,1,143.5,113.306,78.959,T1_normal,-99.53,31.26,115.0,-99.85,31.441,115.0,line,115.0,22.664,WEST,63.337,False,False
889,3066,13142,1,242.0,24.862,10.273,T1_normal,-99.53,31.26,115.0,-99.53,31.26,115.0,line,115.0,0.0,WEST,54.121,False,False
890,3066,13142,1,242.0,24.862,10.273,T1_normal,-99.53,31.26,115.0,-99.53,31.26,115.0,line,115.0,0.0,WEST,54.121,False,False
891,3068,3067,1,220.1,152.0,69.06,T1_normal,-100.224,32.547,20.0,-100.224,32.547,115.0,transformer,115.0,0.0,WEST,69.06,False,False
892,3067,3070,1,114.0,19.801,17.369,T1_normal,-100.224,32.547,115.0,-100.1,32.288,115.0,line,115.0,19.351,WEST,74.845,False,False
893,3067,3083,1,117.7,15.045,12.783,T1_normal,-100.224,32.547,115.0,-100.09,32.368,115.0,line,115.0,14.663,WEST,72.899,False,False
894,3067,3094,1,149.0,28.774,19.311,T1_normal,-100.224,32.547,115.0,-100.09,32.368,115.0,line,115.0,14.663,WEST,47.189,False,False
895,3067,3137,1,113.6,95.995,84.503,T2_watch,-100.224,32.547,115.0,-100.294,32.34,115.0,line,115.0,14.921,WEST,71.195,False,False
896,3067,3141,1,191.0,33.056,17.307,T1_normal,-100.224,32.547,115.0,-100.294,32.34,115.0,line,115.0,14.921,WEST,63.255,False,False
897,3069,3077,1,98.0,70.097,71.527,T1_normal,-99.753,32.12,115.0,-99.706,32.459,115.0,line,115.0,23.543,WEST,1.934,False,False
898,3069,3091,1,165.8,140.293,84.616,T2_watch,-99.753,32.12,115.0,-99.706,32.459,115.0,line,115.0,23.543,WEST,4.723,False,False
899,3069,3140,1,98.0,61.909,63.173,T1_normal,-99.753,32.12,115.0,-99.695,32.052,115.0,line,115.0,5.82,WEST,24.794,False,False
900,3069,3140,1,228.8,85.791,37.496,T1_normal,-99.753,32.12,115.0,-99.695,32.052,115.0,line,115.0,5.82,WEST,14.717,False,False
901,3069,3140,1,228.8,85.791,37.496,T1_normal,-99.753,32.12,115.0,-99.695,32.052,115.0,line,115.0,5.82,WEST,14.717,False,False
902,3071,3070,1,263.7,170.2,64.543,T1_normal,-100.1,32.288,24.0,-100.1,32.288,115.0,transformer,115.0,0.0,WEST,64.543,False,False
903,3070,3083,1,138.5,23.06,16.65,T1_normal,-100.1,32.288,115.0,-100.09,32.368,115.0,line,115.0,5.556,WEST,47.681,False,False
904,3070,3094,1,151.1,47.248,31.269,T1_normal,-100.1,32.288,115.0,-100.09,32.368,115.0,line,115.0,5.556,WEST,35.568,False,False
905,3070,3103,1,179.5,29.557,16.466,T1_normal,-100.1,32.288,115.0,-100.294,32.34,115.0,line,115.0,11.888,WEST,54.226,False,False
906,3070,3103,1,179.5,29.557,16.466,T1_normal,-100.1,32.288,115.0,-100.294,32.34,115.0,line,115.0,11.888,WEST,54.226,False,False
907,3070,3131,1,149.0,22.523,15.116,T1_normal,-100.1,32.288,115.0,-100.022,32.304,115.0,line,115.0,4.708,WEST,22.193,False,False
908,3070,3131,1,110.5,32.424,29.343,T1_normal,-100.1,32.288,115.0,-100.022,32.304,115.0,line,115.0,4.708,WEST,43.081,False,False
909,3070,3137,1,118.3,38.664,32.683,T1_normal,-100.1,32.288,115.0,-100.294,32.34,115.0,line,115.0,11.888,WEST,66.48,False,False
910,3070,13071,1,220.0,102.809,46.732,T1_normal,-100.1,32.288,115.0,-100.11,32.159,115.0,line,115.0,8.912,WEST,45.668,False,False
911,3142,3072,1,163.0,23.752,14.572,T1_normal,-100.153,31.29,115.0,-100.114,31.535,115.0,line,115.0,17.099,WEST,55.729,False,False
912,13264,3072,1,169.1,125.0,73.921,T1_normal,-100.114,31.535,20.0,-100.114,31.535,115.0,transformer,115.0,0.0,WEST,73.921,False,False
913,3074,3073,1,128.3,99.8,77.786,T1_normal,-100.401,29.327,13.8,-100.401,29.327,115.0,transformer,115.0,0.0,WEST,77.786,False,False
914,3073,3076,1,149.0,53.836,36.132,T1_normal,-100.401,29.327,115.0,-100.401,29.327,115.0,line,115.0,0.0,WEST,44.552,False,False
915,3123,3073,1,250.0,89.599,35.84,T1_normal,-99.795,29.203,115.0,-100.401,29.327,115.0,line,115.0,37.511,WEST,46.528,False,False
916,3073,4002,1,155.0,43.635,28.152,T1_normal,-100.401,29.327,115.0,-100.777,29.359,115.0,line,115.0,22.797,WEST,53.486,False,False
917,3132,3075,1,450.0,152.259,33.835,T1_normal,-99.936,31.188,115.0,-99.401,30.79,115.0,line,115.0,41.922,WEST,60.569,False,False
918,3075,3138,1,253.0,98.968,39.118,T1_normal,-99.401,30.79,115.0,-100.107,30.898,115.0,line,115.0,42.563,WEST,71.281,False,False
919,3075,13325,1,207.0,59.762,28.87,T1_normal,-99.401,30.79,115.0,-99.401,30.79,115.0,line,115.0,0.0,WEST,53.227,False,False
920,3075,13325,1,207.0,59.762,28.87,T1_normal,-99.401,30.79,115.0,-99.401,30.79,115.0,line,115.0,0.0,WEST,53.227,False,False
921,3075,13325,1,207.0,59.762,28.87,T1_normal,-99.401,30.79,115.0,-99.401,30.79,115.0,line,115.0,0.0,WEST,53.227,False,False
922,3075,13325,1,207.0,59.762,28.87,T1_normal,-99.401,30.79,115.0,-99.401,30.79,115.0,line,115.0,0.0,WEST,53.227,False,False
923,3076,13044,1,163.5,13.309,8.14,T1_normal,-100.401,29.327,115.0,-100.401,29.327,115.0,line,115.0,0.0,WEST,7.034,False,False
924,3076,13044,1,163.5,13.309,8.14,T1_normal,-100.401,29.327,115.0,-100.401,29.327,115.0,line,115.0,0.0,WEST,7.034,False,False
925,3077,3099,1,221.0,64.513,29.191,T1_normal,-99.706,32.459,115.0,-99.906,32.416,115.0,line,115.0,12.038,WEST,17.273,False,False
926,3077,3099,1,121.1,73.726,60.88,T1_normal,-99.706,32.459,115.0,-99.906,32.416,115.0,line,115.0,12.038,WEST,36.024,False,False
927,3077,3125,1,107.0,101.943,95.274,T3_prevent,-99.706,32.459,115.0,-99.706,32.459,115.0,line,115.0,0.0,WEST,11.591,False,False
928,3077,3131,1,250.0,82.948,33.179,T1_normal,-99.706,32.459,115.0,-100.022,32.304,115.0,line,115.0,21.292,WEST,2.382,False,False
929,3079,3078,1,166.0,10.972,6.61,T1_normal,-100.673,32.589,161.0,-100.673,32.589,230.0,transformer,230.0,0.0,WEST,44.235,False,False
930,3081,3078,1,341.6,249.0,72.892,T1_normal,-100.673,32.589,20.0,-100.673,32.589,230.0,transformer,230.0,0.0,WEST,72.892,False,False
931,3078,3133,1,672.0,354.755,52.791,T1_normal,-100.673,32.589,230.0,-100.94,32.806,230.0,line,230.0,21.635,WEST,52.892,False,False
932,3078,3133,1,672.0,354.755,52.791,T1_normal,-100.673,32.589,230.0,-100.94,32.806,230.0,line,230.0,21.635,WEST,52.892,False,False
933,3080,3079,1,90.0,61.976,68.862,T1_normal,-100.673,32.589,115.0,-100.673,32.589,161.0,transformer,161.0,0.0,WEST,47.353,False,False
934,3134,3079,1,187.0,110.797,59.25,T1_normal,-100.94,32.806,161.0,-100.673,32.589,161.0,line,161.0,21.635,WEST,45.465,False,False
935,3080,3128,1,143.5,34.023,23.709,T1_normal,-100.673,32.589,115.0,-100.728,32.421,115.0,line,115.0,12.005,WEST,14.015,False,False
936,3083,3082,1,143.8,126.406,87.904,T2_watch,-100.09,32.368,115.0,-100.09,32.368,230.0,transformer,230.0,0.0,WEST,73.178,False,False
937,3084,3082,1,268.7,0.0,0.0,T1_normal,-100.09,32.368,13.8,-100.09,32.368,230.0,transformer,230.0,0.0,WEST,0.0,False,False
938,3083,3094,1,157.1,40.174,25.572,T1_normal,-100.09,32.368,115.0,-100.09,32.368,115.0,line,115.0,0.0,WEST,20.556,False,False
939,3083,3099,1,137.8,122.769,89.092,T2_watch,-100.09,32.368,115.0,-99.906,32.416,115.0,line,115.0,11.248,WEST,34.728,False,False
940,3083,3103,1,220.0,26.178,11.899,T1_normal,-100.09,32.368,115.0,-100.294,32.34,115.0,line,115.0,12.044,WEST,46.723,False,False
941,3137,3083,1,149.0,62.526,41.964,T1_normal,-100.294,32.34,115.0,-100.09,32.368,115.0,line,115.0,12.044,WEST,25.865,False,False
942,3086,3085,1,95.2,75.0,78.782,T1_normal,-100.728,32.421,13.2,-100.728,32.421,115.0,transformer,115.0,0.0,WEST,78.782,False,False
943,3087,3085,1,119.3,73.5,61.609,T1_normal,-100.728,32.421,13.2,-100.728,32.421,115.0,transformer,115.0,0.0,WEST,61.609,False,False
944,3085,3128,1,120.0,71.583,59.653,T1_normal,-100.728,32.421,115.0,-100.728,32.421,115.0,line,115.0,0.0,WEST,38.757,False,False
945,3085,3128,1,119.1,71.873,60.347,T1_normal,-100.728,32.421,115.0,-100.728,32.421,115.0,line,115.0,0.0,WEST,39.208,False,False
946,3089,3088,1,411.0,479.753,116.728,T5_moderate,-99.706,32.459,161.0,-99.706,32.459,230.0,transformer,230.0,0.0,WEST,0.859,True,True
947,3092,3088,1,234.7,177.167,75.487,T1_normal,-99.706,32.459,13.8,-99.706,32.459,230.0,transformer,230.0,0.0,WEST,85.215,False,False
948,5395,3088,1,750.0,13.132,1.751,T1_normal,-99.332,32.779,230.0,-99.706,32.459,230.0,line,230.0,31.045,NORTH,22.808,False,False
949,5395,3088,1,750.0,13.132,1.751,T1_normal,-99.332,32.779,230.0,-99.706,32.459,230.0,line,230.0,31.045,NORTH,22.808,False,False
950,3091,3089,1,268.0,36.618,13.664,T1_normal,-99.706,32.459,115.0,-99.706,32.459,161.0,transformer,161.0,0.0,WEST,55.79,False,False
951,3091,3089,1,268.0,36.618,13.664,T1_normal,-99.706,32.459,115.0,-99.706,32.459,161.0,transformer,161.0,0.0,WEST,55.79,False,False
952,3089,5334,1,409.0,140.134,34.263,T1_normal,-99.706,32.459,161.0,-99.519,32.266,161.0,line,161.0,17.203,WEST,72.251,False,False
953,3091,3102,1,98.0,101.865,103.943,T4_light,-99.706,32.459,115.0,-99.706,32.459,115.0,line,115.0,0.0,WEST,33.04,True,True
954,3091,3125,1,98.0,49.188,50.192,T1_normal,-99.706,32.459,115.0,-99.706,32.459,115.0,line,115.0,0.0,WEST,54.335,False,False
955,3091,3125,1,172.3,68.335,39.66,T1_normal,-99.706,32.459,115.0,-99.706,32.459,115.0,line,115.0,0.0,WEST,42.934,False,False
956,3095,3094,1,161.7,120.6,74.583,T1_normal,-100.09,32.368,18.0,-100.09,32.368,115.0,transformer,115.0,0.0,WEST,74.583,False,False
957,3094,3131,1,243.2,9.499,3.906,T1_normal,-100.09,32.368,115.0,-100.022,32.304,115.0,line,115.0,5.968,WEST,52.32,False,False
958,3137,3094,1,221.0,20.67,9.353,T1_normal,-100.294,32.34,115.0,-100.09,32.368,115.0,line,115.0,12.044,WEST,25.41,False,False
959,3097,3096,1,233.0,148.279,63.639,T1_normal,-101.17,32.935,115.0,-101.17,32.935,230.0,transformer,230.0,0.0,WEST,59.689,False,False
960,3097,3096,1,233.0,148.279,63.639,T1_normal,-101.17,32.935,115.0,-101.17,32.935,230.0,transformer,230.0,0.0,WEST,59.689,False,False
961,3098,3096,1,241.7,182.4,75.465,T1_normal,-101.17,32.935,13.8,-101.17,32.935,230.0,transformer,230.0,0.0,WEST,75.465,False,False
962,3133,3096,1,538.0,304.882,56.67,T1_normal,-100.94,32.806,230.0,-101.17,32.935,230.0,line,230.0,16.045,WEST,56.169,False,False
963,3096,12788,1,342.1,83.962,24.543,T1_normal,-101.17,32.935,230.0,-101.836,32.758,230.0,line,230.0,40.526,WEST,58.532,False,False
964,3097,3109,1,340.0,54.058,15.899,T1_normal,-101.17,32.935,115.0,-101.17,32.935,115.0,line,115.0,0.0,WEST,10.485,False,False
965,3097,12939,1,267.0,121.25,45.412,T1_normal,-101.17,32.935,115.0,-100.94,32.806,115.0,line,115.0,16.045,WEST,45.412,False,False
966,3097,12939,1,267.0,121.25,45.412,T1_normal,-101.17,32.935,115.0,-100.94,32.806,115.0,line,115.0,16.045,WEST,45.412,False,False
967,3099,3100,1,250.0,73.791,29.516,T1_normal,-99.906,32.416,115.0,-99.831,32.63,115.0,line,115.0,15.471,WEST,11.712,False,False
968,3099,3131,1,134.1,86.127,64.226,T1_normal,-99.906,32.416,115.0,-100.022,32.304,115.0,line,115.0,10.257,WEST,16.473,False,False
969,3100,3102,1,98.0,33.531,34.215,T1_normal,-99.831,32.63,115.0,-99.706,32.459,115.0,line,115.0,13.91,WEST,43.263,False,False
970,3100,3102,1,114.4,59.188,51.738,T1_normal,-99.831,32.63,115.0,-99.706,32.459,115.0,line,115.0,13.91,WEST,65.42,False,False
971,3125,3100,1,149.0,26.319,17.664,T1_normal,-99.706,32.459,115.0,-99.831,32.63,115.0,line,115.0,13.91,WEST,42.03,False,False
972,3100,13079,1,246.3,114.858,46.633,T1_normal,-99.831,32.63,115.0,-99.899,32.804,115.0,line,115.0,12.633,WEST,75.311,False,False
973,3104,3101,1,115.0,1.553,1.351,T1_normal,-98.442,30.844,115.0,-98.442,30.844,115.0,line,115.0,0.0,WEST,77.933,False,False
974,3101,3108,1,140.4,57.762,41.141,T1_normal,-98.442,30.844,115.0,-98.011,31.088,115.0,line,115.0,30.646,WEST,37.628,False,False
975,6360,3101,1,98.0,38.057,38.834,T1_normal,-98.283,30.801,115.0,-98.442,30.844,115.0,line,115.0,9.909,SOUTH,4.342,False,False
976,3102,3125,1,100.9,25.178,24.954,T1_normal,-99.706,32.459,115.0,-99.706,32.459,115.0,line,115.0,0.0,WEST,16.239,False,False
977,3103,3121,1,171.4,140.216,81.806,T2_watch,-100.294,32.34,115.0,-100.568,32.361,115.0,line,115.0,16.034,WEST,55.228,False,False
978,3103,3121,1,171.4,140.216,81.806,T2_watch,-100.294,32.34,115.0,-100.568,32.361,115.0,line,115.0,16.034,WEST,55.228,False,False
979,3105,3104,1,37.3,0.0,0.0,T1_normal,-98.442,30.844,13.2,-98.442,30.844,115.0,transformer,115.0,0.0,WEST,0.0,False,False
980,3106,3104,1,37.5,18.3,48.8,T1_normal,-98.442,30.844,13.2,-98.442,30.844,115.0,transformer,115.0,0.0,WEST,48.8,False,False
981,6156,3104,1,149.0,39.148,26.274,T1_normal,-98.268,30.564,115.0,-98.442,30.844,115.0,line,115.0,21.911,SOUTH,52.387,False,False
982,3108,3147,1,98.0,5.981,6.103,T1_normal,-98.011,31.088,115.0,-98.259,31.102,115.0,line,115.0,14.744,WEST,81.193,False,False
983,3108,6065,1,98.0,40.223,41.044,T1_normal,-98.011,31.088,115.0,-98.045,30.773,115.0,line,115.0,21.851,WEST,111.101,False,False
984,3110,3109,1,224.8,0.0,0.0,T1_normal,-101.17,32.935,13.8,-101.17,32.935,115.0,transformer,115.0,0.0,WEST,0.0,False,False
985,3109,12663,1,151.6,59.587,39.306,T1_normal,-101.17,32.935,115.0,-100.94,32.806,115.0,line,115.0,16.045,WEST,46.431,False,False
986,3109,12663,1,151.6,59.587,39.306,T1_normal,-101.17,32.935,115.0,-100.94,32.806,115.0,line,115.0,16.045,WEST,46.431,False,False
987,3112,3111,1,102.9,80.0,77.745,T1_normal,-100.984,31.876,18.0,-100.984,31.876,115.0,transformer,115.0,0.0,WEST,77.745,False,False
988,3113,3111,1,103.0,69.6,67.573,T1_normal,-100.984,31.876,18.0,-100.984,31.876,115.0,transformer,115.0,0.0,WEST,67.573,False,False
989,3111,13280,1,126.8,81.045,63.916,T1_normal,-100.984,31.876,115.0,-100.825,31.888,115.0,line,115.0,9.384,WEST,1.342,False,False
990,3111,13413,1,109.4,39.551,36.152,T1_normal,-100.984,31.876,115.0,-100.984,31.876,115.0,line,115.0,0.0,WEST,6.63,False,False
991,3114,13198,1,165.0,105.736,64.082,T1_normal,-100.559,31.462,115.0,-100.651,31.067,115.0,line,115.0,27.856,WEST,52.109,False,False
992,3116,3115,1,450.0,249.088,55.353,T1_normal,-100.793,32.718,115.0,-100.524,32.97,115.0,line,115.0,23.377,WEST,32.983,False,False
993,3117,3116,1,158.6,120.0,75.662,T1_normal,-100.793,32.718,13.8,-100.793,32.718,115.0,transformer,115.0,0.0,WEST,75.662,False,False
994,3116,3136,1,221.0,52.748,23.868,T1_normal,-100.793,32.718,115.0,-100.94,32.806,115.0,line,115.0,10.488,WEST,4.886,False,False
995,3116,13403,1,130.2,76.34,58.633,T1_normal,-100.793,32.718,115.0,-100.94,32.806,115.0,line,115.0,10.488,WEST,13.536,False,False
996,3120,3119,1,123.1,100.0,81.235,T2_watch,-100.401,29.327,13.8,-100.401,29.327,115.0,transformer,115.0,0.0,WEST,81.235,False,False
997,4188,3119,1,98.0,21.991,22.44,T1_normal,-100.593,28.951,115.0,-100.401,29.327,115.0,line,115.0,28.425,SOUTH,8.395,False,False
998,3119,6309,1,307.0,176.557,57.51,T1_normal,-100.401,29.327,115.0,-99.141,29.427,115.0,line,115.0,76.16,WEST,66.501,False,False
999,3119,6309,1,307.0,176.557,57.51,T1_normal,-100.401,29.327,115.0,-99.141,29.427,115.0,line,115.0,76.16,WEST,66.501,False,False
1000,3119,13044,1,450.0,231.123,51.361,T1_normal,-100.401,29.327,115.0,-100.401,29.327,115.0,line,115.0,0.0,WEST,66.687,False,False
1001,3122,3121,1,255.9,197.0,76.983,T1_normal,-100.568,32.361,18.0,-100.568,32.361,115.0,transformer,115.0,0.0,WEST,76.983,False,False
1002,3121,3129,1,149.0,58.336,39.152,T1_normal,-100.568,32.361,115.0,-100.568,32.361,115.0,line,115.0,0.0,WEST,0.206,False,False
1003,3121,3145,1,149.0,173.728,116.596,T5_moderate,-100.568,32.361,115.0,-100.224,32.547,115.0,line,115.0,23.799,WEST,51.466,True,True
1004,3126,3123,1,98.0,2.414,2.464,T1_normal,-99.612,29.292,115.0,-99.795,29.203,115.0,line,115.0,12.574,WEST,4.476,False,False
1005,3123,13335,1,163.0,31.637,19.409,T1_normal,-99.795,29.203,115.0,-99.795,29.203,115.0,line,115.0,0.0,WEST,7.188,False,False
1006,6286,3124,1,220.0,70.772,32.169,T1_normal,-98.678,29.803,115.0,-98.877,30.281,115.0,line,115.0,35.061,SOUTH,101.538,False,False
1007,3126,6059,1,220.0,116.444,52.929,T1_normal,-99.612,29.292,115.0,-99.329,29.285,115.0,line,115.0,17.071,WEST,58.899,False,False
1008,13024,3126,1,300.8,203.5,67.653,T1_normal,-99.612,29.292,20.0,-99.612,29.292,115.0,transformer,115.0,0.0,WEST,67.653,False,False
1009,3126,13313,1,144.0,24.26,16.847,T1_normal,-99.612,29.292,115.0,-99.795,29.203,115.0,line,115.0,12.574,WEST,22.774,False,False
1010,3126,13335,1,112.2,18.562,16.544,T1_normal,-99.612,29.292,115.0,-99.795,29.203,115.0,line,115.0,12.574,WEST,23.492,False,False
1011,3127,3141,1,221.0,124.677,56.415,T1_normal,-100.294,32.34,115.0,-100.294,32.34,115.0,line,115.0,0.0,WEST,39.886,False,False
1012,3127,3141,1,255.0,165.458,64.886,T1_normal,-100.294,32.34,115.0,-100.294,32.34,115.0,line,115.0,0.0,WEST,45.875,False,False
1013,13246,3127,1,190.5,101.121,53.082,T1_normal,-100.294,32.34,20.0,-100.294,32.34,115.0,transformer,115.0,0.0,WEST,75.591,False,False
1014,3127,13366,1,203.2,233.305,114.815,T5_moderate,-100.294,32.34,115.0,-100.568,32.361,115.0,line,115.0,16.034,WEST,16.625,True,True
1015,3128,3129,1,136.0,86.564,63.65,T1_normal,-100.728,32.421,115.0,-100.568,32.361,115.0,line,115.0,10.23,WEST,58.079,False,False
1016,13262,3129,1,180.3,126.5,70.161,T1_normal,-100.568,32.361,20.0,-100.568,32.361,115.0,transformer,115.0,0.0,WEST,70.161,False,False
1017,3130,13280,1,220.0,154.264,70.12,T1_normal,-100.559,31.462,115.0,-100.825,31.888,115.0,line,115.0,33.297,WEST,85.415,False,False
1018,3131,3137,1,144.3,25.228,17.483,T1_normal,-100.022,32.304,115.0,-100.294,32.34,115.0,line,115.0,16.098,WEST,69.482,False,False
1019,3131,13071,1,220.0,97.191,44.178,T1_normal,-100.022,32.304,115.0,-100.11,32.159,115.0,line,115.0,11.252,WEST,45.241,False,False
1020,13284,3131,1,161.6,114.0,70.545,T1_normal,-100.022,32.304,20.0,-100.022,32.304,115.0,transformer,115.0,0.0,WEST,70.545,False,False
1021,3132,3142,1,156.2,71.652,45.872,T1_normal,-99.936,31.188,115.0,-100.153,31.29,115.0,line,115.0,14.61,WEST,9.406,False,False
1022,3132,3142,1,156.2,71.652,45.872,T1_normal,-99.936,31.188,115.0,-100.153,31.29,115.0,line,115.0,14.61,WEST,9.406,False,False
1023,3132,3144,1,98.0,125.394,127.953,T6_heavy,-99.936,31.188,115.0,-99.682,31.412,115.0,line,115.0,21.539,WEST,26.836,True,True
1024,3132,12646,1,600.0,430.516,71.753,T1_normal,-99.936,31.188,115.0,-99.936,31.188,230.0,transformer,230.0,0.0,WEST,47.534,False,False
1025,3132,13241,1,181.6,0.0,0.0,T1_normal,-99.936,31.188,115.0,-99.936,31.188,115.0,line,115.0,0.0,WEST,0.0,False,False
1026,3134,3133,1,83.0,17.008,20.491,T1_normal,-100.94,32.806,161.0,-100.94,32.806,230.0,transformer,230.0,0.0,WEST,7.682,False,False
1027,13258,3133,1,196.6,130.5,66.378,T1_normal,-100.94,32.806,20.0,-100.94,32.806,230.0,transformer,230.0,0.0,WEST,66.378,False,False
1028,3136,3134,1,200.0,93.79,46.895,T1_normal,-100.94,32.806,115.0,-100.94,32.806,161.0,transformer,161.0,0.0,WEST,39.321,False,False
1029,3136,13312,1,183.0,110.928,60.617,T1_normal,-100.94,32.806,115.0,-100.94,32.806,115.0,line,115.0,0.0,WEST,15.565,False,False
1030,3137,3141,1,163.0,57.939,35.545,T1_normal,-100.294,32.34,115.0,-100.294,32.34,115.0,line,115.0,0.0,WEST,67.057,False,False
1031,3137,3145,1,140.7,25.045,17.8,T1_normal,-100.294,32.34,115.0,-100.224,32.547,115.0,line,115.0,14.921,WEST,37.348,False,False
1032,13299,3137,1,154.3,58.321,37.797,T1_normal,-100.294,32.34,20.0,-100.294,32.34,115.0,transformer,115.0,0.0,WEST,65.587,False,False
1033,3138,3142,1,220.0,52.798,23.999,T1_normal,-100.107,30.898,115.0,-100.153,31.29,115.0,line,115.0,27.215,WEST,53.614,False,False
1034,3138,3146,1,149.0,63.62,42.698,T1_normal,-100.107,30.898,115.0,-100.069,30.459,115.0,line,115.0,30.409,WEST,53.584,False,False
1035,13351,3141,1,162.3,55.921,34.455,T1_normal,-100.294,32.34,20.0,-100.294,32.34,115.0,transformer,115.0,0.0,WEST,60.875,False,False
1036,3144,3143,1,110.0,56.904,51.731,T1_normal,-99.682,31.412,115.0,-99.381,31.515,115.0,line,115.0,19.174,WEST,68.859,False,False
1037,3144,12910,1,157.0,62.93,40.083,T1_normal,-99.682,31.412,115.0,-99.85,31.441,115.0,line,115.0,10.083,WEST,68.538,False,False
1038,3145,12996,1,111.0,41.441,37.335,T1_normal,-100.224,32.547,115.0,-100.065,32.819,115.0,line,115.0,20.921,WEST,38.847,False,False
1039,4002,13044,1,220.0,97.741,44.428,T1_normal,-100.777,29.359,115.0,-100.401,29.327,115.0,line,115.0,22.797,SOUTH,74.133,False,False
1040,4002,13391,1,241.2,71.193,29.516,T1_normal,-100.777,29.359,115.0,-100.968,29.705,115.0,line,115.0,26.543,SOUTH,51.203,False,False
1041,4002,13391,1,241.2,71.193,29.516,T1_normal,-100.777,29.359,115.0,-100.968,29.705,115.0,line,115.0,26.543,SOUTH,51.203,False,False
1042,4003,4013,1,188.0,69.743,37.097,T1_normal,-98.316,26.439,115.0,-98.316,26.439,115.0,line,115.0,0.0,SOUTH,43.914,False,False
1043,4003,4013,1,188.0,69.743,37.097,T1_normal,-98.316,26.439,115.0,-98.316,26.439,115.0,line,115.0,0.0,SOUTH,43.914,False,False
1044,4003,4040,1,250.0,1.355,0.542,T1_normal,-98.316,26.439,115.0,-98.35,26.248,115.0,line,115.0,13.348,SOUTH,5.26,False,False
1045,4003,4103,1,221.0,25.531,11.552,T1_normal,-98.316,26.439,115.0,-98.316,26.439,115.0,line,115.0,0.0,SOUTH,3.732,False,False
1046,4103,4003,1,221.0,25.531,11.552,T1_normal,-98.316,26.439,115.0,-98.316,26.439,115.0,line,115.0,0.0,SOUTH,3.732,False,False
1047,4128,4003,1,221.0,24.141,10.923,T1_normal,-98.746,26.441,115.0,-98.316,26.439,115.0,line,115.0,26.574,SOUTH,10.979,False,False
1048,12959,4003,1,307.7,238.5,77.511,T1_normal,-98.316,26.439,20.0,-98.316,26.439,115.0,transformer,115.0,0.0,SOUTH,77.511,False,False
1049,4005,4004,1,190.0,56.949,29.973,T1_normal,-99.391,27.588,115.0,-99.391,27.588,230.0,transformer,230.0,0.0,SOUTH,10.911,False,False
1050,4014,4004,1,548.0,231.122,42.176,T1_normal,-100.34,28.588,230.0,-99.391,27.588,230.0,line,230.0,90.112,SOUTH,3.592,False,False
1051,4113,4004,1,443.0,288.158,65.047,T1_normal,-99.391,27.588,230.0,-99.391,27.588,230.0,line,230.0,0.0,SOUTH,0.237,False,False
1052,4022,4005,1,214.0,29.558,13.812,T1_normal,-99.399,28.042,115.0,-99.391,27.588,115.0,line,115.0,31.323,SOUTH,51.368,False,False
1053,4114,4005,1,221.0,136.794,61.898,T1_normal,-99.391,27.588,115.0,-99.391,27.588,115.0,line,115.0,0.0,SOUTH,15.15,False,False
1054,4006,4011,1,149.0,63.363,42.525,T1_normal,-98.884,27.483,115.0,-98.853,27.14,115.0,line,115.0,23.758,SOUTH,19.192,False,False
1055,4006,4147,1,265.0,102.722,38.763,T1_normal,-98.884,27.483,115.0,-99.391,27.588,115.0,line,115.0,31.9,SOUTH,43.724,False,False
1056,4006,4197,1,298.0,207.591,69.661,T1_normal,-98.884,27.483,115.0,-99.005,27.488,115.0,line,115.0,7.461,SOUTH,53.583,False,False
1057,12930,4006,1,389.2,249.7,64.157,T1_normal,-98.884,27.483,20.0,-98.884,27.483,115.0,transformer,115.0,0.0,SOUTH,64.157,False,False
1058,4007,4027,1,221.0,22.349,10.113,T1_normal,-98.275,26.233,115.0,-98.275,26.233,115.0,line,115.0,0.0,SOUTH,16.122,False,False
1059,4007,4027,1,188.7,53.113,28.147,T1_normal,-98.275,26.233,115.0,-98.275,26.233,115.0,line,115.0,0.0,SOUTH,44.873,False,False
1060,4007,4034,1,149.0,6.769,4.543,T1_normal,-98.275,26.233,115.0,-98.242,26.111,115.0,line,115.0,8.639,SOUTH,9.577,False,False
1061,4007,4040,1,123.6,19.623,15.876,T1_normal,-98.275,26.233,115.0,-98.35,26.248,115.0,line,115.0,4.783,SOUTH,41.89,False,False
1062,4007,4068,1,107.9,9.02,8.359,T1_normal,-98.275,26.233,115.0,-98.01,26.296,115.0,line,115.0,16.992,SOUTH,3.959,False,False
1063,4007,4074,1,131.7,13.335,10.125,T1_normal,-98.275,26.233,115.0,-98.35,26.248,115.0,line,115.0,4.783,SOUTH,21.406,False,False
1064,4007,4088,1,126.5,12.359,9.77,T1_normal,-98.275,26.233,115.0,-98.19,26.15,115.0,line,115.0,7.783,SOUTH,16.509,False,False
1065,4007,4103,1,127.7,22.417,17.555,T1_normal,-98.275,26.233,115.0,-98.316,26.439,115.0,line,115.0,14.497,SOUTH,1.589,False,False
1066,4007,4122,1,221.0,70.195,31.763,T1_normal,-98.275,26.233,115.0,-98.275,26.233,115.0,line,115.0,0.0,SOUTH,67.367,False,False
1067,4008,6112,1,98.0,25.751,26.277,T1_normal,-98.642,29.08,115.0,-98.842,29.2,115.0,line,115.0,14.634,SOUTH,15.68,False,False
1068,6155,4008,1,149.0,56.104,37.654,T1_normal,-98.509,29.475,115.0,-98.642,29.08,115.0,line,115.0,28.43,SOUTH,28.798,False,False
1069,4008,6346,1,149.0,114.345,76.742,T1_normal,-98.642,29.08,115.0,-98.482,29.071,115.0,line,115.0,9.713,SOUTH,60.917,False,False
1070,4010,4009,1,262.0,108.146,41.277,T1_normal,-97.611,27.138,20.0,-97.611,27.138,115.0,transformer,115.0,0.0,SOUTH,41.277,False,False
1071,4010,4009,1,222.0,93.454,42.096,T1_normal,-97.611,27.138,20.0,-97.611,27.138,115.0,transformer,115.0,0.0,SOUTH,42.096,False,False
1072,4009,4152,1,221.0,72.601,32.851,T1_normal,-97.611,27.138,115.0,-97.672,26.951,115.0,line,115.0,13.445,SOUTH,43.736,False,False
1073,4009,4152,1,221.0,72.601,32.851,T1_normal,-97.611,27.138,115.0,-97.672,26.951,115.0,line,115.0,13.445,SOUTH,43.736,False,False
1074,4165,4009,1,221.0,55.019,24.896,T1_normal,-97.611,27.138,115.0,-97.611,27.138,115.0,line,115.0,0.0,SOUTH,15.435,False,False
1075,4165,4009,1,221.0,55.019,24.896,T1_normal,-97.611,27.138,115.0,-97.611,27.138,115.0,line,115.0,0.0,SOUTH,15.435,False,False
1076,4009,13131,1,207.0,53.641,25.913,T1_normal,-97.611,27.138,115.0,-97.611,27.138,115.0,line,115.0,0.0,SOUTH,28.956,False,False
1077,4011,4185,1,149.0,1.413,0.948,T1_normal,-98.853,27.14,115.0,-99.163,26.931,115.0,line,115.0,23.913,SOUTH,22.385,False,False
1078,4011,13373,1,130.8,78.0,59.633,T1_normal,-98.853,27.14,115.0,-98.853,27.14,115.0,line,115.0,0.0,SOUTH,59.633,False,False
1079,4034,4012,1,221.0,13.433,6.078,T1_normal,-98.242,26.111,115.0,-97.962,26.083,115.0,line,115.0,17.457,SOUTH,5.36,False,False
1080,4012,4103,1,221.0,17.575,7.952,T1_normal,-97.962,26.083,115.0,-98.316,26.439,115.0,line,115.0,32.963,SOUTH,1.498,False,False
1081,4012,4121,1,98.0,50.719,51.755,T1_normal,-97.962,26.083,115.0,-97.798,26.1,115.0,line,115.0,10.224,SOUTH,56.587,False,False
1082,4012,4171,1,221.0,67.987,30.763,T1_normal,-97.962,26.083,115.0,-97.629,26.106,115.0,line,115.0,20.714,SOUTH,25.733,False,False
1083,4013,4089,1,250.0,53.95,21.58,T1_normal,-98.316,26.439,115.0,-97.824,26.317,115.0,line,115.0,31.64,SOUTH,28.458,False,False
1084,4013,4103,1,217.4,110.846,50.987,T1_normal,-98.316,26.439,115.0,-98.316,26.439,115.0,line,115.0,0.0,SOUTH,44.317,False,False
1085,4013,4103,1,217.4,110.846,50.987,T1_normal,-98.316,26.439,115.0,-98.316,26.439,115.0,line,115.0,0.0,SOUTH,44.317,False,False
1086,4107,4013,1,98.0,9.695,9.892,T1_normal,-98.059,26.162,115.0,-98.316,26.439,115.0,line,115.0,24.934,SOUTH,27.54,False,False
1087,4013,4122,1,98.0,48.612,49.604,T1_normal,-98.316,26.439,115.0,-98.275,26.233,115.0,line,115.0,14.497,SOUTH,17.439,False,False
1088,4013,4122,1,187.6,217.461,115.917,T5_moderate,-98.316,26.439,115.0,-98.275,26.233,115.0,line,115.0,14.497,SOUTH,40.753,True,True
1089,4013,4122,1,187.6,217.461,115.917,T5_moderate,-98.316,26.439,115.0,-98.275,26.233,115.0,line,115.0,14.497,SOUTH,40.753,True,True
1090,4013,4122,1,187.6,217.461,115.917,T5_moderate,-98.316,26.439,115.0,-98.275,26.233,115.0,line,115.0,14.497,SOUTH,40.753,True,True
1091,4013,4122,1,187.6,217.461,115.917,T5_moderate,-98.316,26.439,115.0,-98.275,26.233,115.0,line,115.0,14.497,SOUTH,40.753,True,True
1092,4013,12560,1,1126.0,757.918,67.311,T1_normal,-98.316,26.439,115.0,-98.316,26.439,500.0,transformer,500.0,0.0,SOUTH,43.723,False,False
1093,4013,12560,1,1126.0,757.918,67.311,T1_normal,-98.316,26.439,115.0,-98.316,26.439,500.0,transformer,500.0,0.0,SOUTH,43.723,False,False
1094,4013,13289,1,199.9,132.456,66.261,T1_normal,-98.316,26.439,115.0,-98.746,26.441,115.0,line,115.0,26.574,SOUTH,74.573,False,False
1095,4013,13289,1,199.9,132.456,66.261,T1_normal,-98.316,26.439,115.0,-98.746,26.441,115.0,line,115.0,26.574,SOUTH,74.573,False,False
1096,4015,4014,1,321.0,41.086,12.799,T1_normal,-100.34,28.588,115.0,-100.34,28.588,230.0,transformer,230.0,0.0,SOUTH,10.655,False,False
1097,4015,4014,1,321.0,41.086,12.799,T1_normal,-100.34,28.588,115.0,-100.34,28.588,230.0,transformer,230.0,0.0,SOUTH,10.655,False,False
1098,4014,4131,1,443.0,221.658,50.036,T1_normal,-100.34,28.588,230.0,-99.118,28.923,230.0,line,230.0,77.577,SOUTH,46.172,False,False
1099,4188,4015,1,98.0,24.961,25.471,T1_normal,-100.593,28.951,115.0,-100.34,28.588,115.0,line,115.0,29.409,SOUTH,11.426,False,False
1100,4015,13297,1,166.2,102.6,61.733,T1_normal,-100.34,28.588,115.0,-100.34,28.588,115.0,line,115.0,0.0,SOUTH,61.733,False,False
1101,4016,4023,1,220.0,93.512,42.505,T1_normal,-98.718,28.791,115.0,-98.851,28.942,115.0,line,115.0,13.191,SOUTH,37.62,False,False
1102,4117,4016,1,149.0,99.762,66.954,T1_normal,-98.486,28.765,115.0,-98.718,28.791,115.0,line,115.0,14.148,SOUTH,59.74,False,False
1103,4081,4017,1,221.0,130.862,59.214,T1_normal,-97.423,27.744,115.0,-97.423,27.744,115.0,line,115.0,0.0,SOUTH,37.167,False,False
1104,4081,4017,1,221.0,130.862,59.214,T1_normal,-97.423,27.744,115.0,-97.423,27.744,115.0,line,115.0,0.0,SOUTH,37.167,False,False
1105,4017,4087,1,149.0,79.522,53.371,T1_normal,-97.423,27.744,115.0,-97.423,27.744,115.0,line,115.0,0.0,SOUTH,23.499,False,False
1106,4017,4123,1,221.0,62.675,28.36,T1_normal,-97.423,27.744,115.0,-97.423,27.744,115.0,line,115.0,0.0,SOUTH,17.966,False,False
1107,4018,4037,1,149.0,33.622,22.565,T1_normal,-97.445,28.198,115.0,-97.523,28.208,115.0,line,115.0,4.783,SOUTH,13.743,False,False
1108,4018,4037,1,148.8,65.664,44.129,T1_normal,-97.445,28.198,115.0,-97.523,28.208,115.0,line,115.0,4.783,SOUTH,26.876,False,False
1109,4149,4018,1,149.0,13.497,9.059,T1_normal,-97.197,28.121,115.0,-97.445,28.198,115.0,line,115.0,16.022,SOUTH,29.707,False,False
1110,4018,12831,1,163.3,109.463,67.032,T1_normal,-97.445,28.198,115.0,-97.454,28.428,115.0,line,115.0,15.91,SOUTH,7.891,False,False
1111,12990,4018,1,255.6,0.0,0.0,T1_normal,-97.445,28.198,20.0,-97.445,28.198,115.0,transformer,115.0,0.0,SOUTH,0.0,False,False
1112,4019,4067,1,221.0,9.684,4.382,T1_normal,-97.856,26.16,115.0,-97.774,26.206,115.0,line,115.0,5.947,SOUTH,7.86,False,False
1113,4019,4067,1,221.0,9.684,4.382,T1_normal,-97.856,26.16,115.0,-97.774,26.206,115.0,line,115.0,5.947,SOUTH,7.86,False,False
1114,4019,4089,1,119.5,8.709,7.288,T1_normal,-97.856,26.16,115.0,-97.824,26.317,115.0,line,115.0,10.999,SOUTH,16.187,False,False
1115,4019,4121,1,98.0,0.691,0.705,T1_normal,-97.856,26.16,115.0,-97.798,26.1,115.0,line,115.0,5.461,SOUTH,1.045,False,False
1116,4019,4121,1,109.4,9.138,8.353,T1_normal,-97.856,26.16,115.0,-97.798,26.1,115.0,line,115.0,5.461,SOUTH,12.378,False,False
1117,13251,4019,1,210.8,135.0,64.042,T1_normal,-97.856,26.16,20.0,-97.856,26.16,115.0,transformer,115.0,0.0,SOUTH,64.042,False,False
1118,4051,4020,1,221.0,27.631,12.503,T1_normal,-97.731,27.575,115.0,-97.423,27.744,115.0,line,115.0,22.169,SOUTH,7.666,False,False
1119,4051,4020,1,221.0,27.631,12.503,T1_normal,-97.731,27.575,115.0,-97.423,27.744,115.0,line,115.0,22.169,SOUTH,7.666,False,False
1120,4020,4081,1,149.0,27.25,18.289,T1_normal,-97.423,27.744,115.0,-97.423,27.744,115.0,line,115.0,0.0,SOUTH,9.486,False,False
1121,4020,4123,1,149.0,88.205,59.198,T1_normal,-97.423,27.744,115.0,-97.423,27.744,115.0,line,115.0,0.0,SOUTH,58.357,False,False
1122,4150,4020,1,221.0,62.475,28.269,T1_normal,-97.423,27.744,115.0,-97.423,27.744,115.0,line,115.0,0.0,SOUTH,15.725,False,False
1123,4150,4020,1,221.0,62.475,28.269,T1_normal,-97.423,27.744,115.0,-97.423,27.744,115.0,line,115.0,0.0,SOUTH,15.725,False,False
1124,12931,4020,1,348.5,5.211,1.495,T1_normal,-97.423,27.744,20.0,-97.423,27.744,115.0,transformer,115.0,0.0,SOUTH,0.0,False,False
1125,12976,4020,1,228.0,141.815,62.2,T1_normal,-97.731,27.575,115.0,-97.423,27.744,115.0,line,115.0,22.169,SOUTH,55.815,False,False
1126,12976,4020,1,228.0,141.815,62.2,T1_normal,-97.731,27.575,115.0,-97.423,27.744,115.0,line,115.0,22.169,SOUTH,55.815,False,False
1127,4021,4067,1,132.3,52.817,39.922,T1_normal,-97.993,26.377,115.0,-97.774,26.206,115.0,line,115.0,17.948,SOUTH,28.352,False,False
1128,4021,4088,1,268.0,167.466,62.487,T1_normal,-97.993,26.377,115.0,-98.19,26.15,115.0,line,115.0,19.86,SOUTH,63.877,False,False
1129,4021,4088,1,268.0,167.466,62.487,T1_normal,-97.993,26.377,115.0,-98.19,26.15,115.0,line,115.0,19.86,SOUTH,63.877,False,False
1130,4089,4021,1,149.0,73.023,49.008,T1_normal,-97.824,26.317,115.0,-97.993,26.377,115.0,line,115.0,11.267,SOUTH,48.068,False,False
1131,4021,4107,1,243.0,174.002,71.606,T1_normal,-97.993,26.377,115.0,-98.059,26.162,115.0,line,115.0,15.385,SOUTH,75.171,False,False
1132,4021,4167,1,149.0,1.057,0.71,T1_normal,-97.993,26.377,115.0,-97.921,26.477,115.0,line,115.0,8.252,SOUTH,1.111,False,False
1133,12956,4021,1,338.2,239.8,70.905,T1_normal,-97.993,26.377,20.0,-97.993,26.377,115.0,transformer,115.0,0.0,SOUTH,70.905,False,False
1134,4021,12970,1,235.0,142.667,60.709,T1_normal,-97.993,26.377,115.0,-97.567,26.546,115.0,line,115.0,28.843,SOUTH,60.709,False,False
1135,4021,12970,1,235.0,142.667,60.709,T1_normal,-97.993,26.377,115.0,-97.567,26.546,115.0,line,115.0,28.843,SOUTH,60.709,False,False
1136,4021,12970,1,235.0,142.667,60.709,T1_normal,-97.993,26.377,115.0,-97.567,26.546,115.0,line,115.0,28.843,SOUTH,60.709,False,False
1137,4187,4022,1,214.0,223.998,104.672,T4_light,-99.214,28.293,115.0,-99.399,28.042,115.0,line,115.0,20.705,SOUTH,39.492,True,True
1138,4022,13083,1,220.0,100.0,45.455,T1_normal,-99.399,28.042,115.0,-99.632,28.483,115.0,line,115.0,33.658,SOUTH,45.455,False,False
1139,4022,13083,1,220.0,100.0,45.455,T1_normal,-99.399,28.042,115.0,-99.632,28.483,115.0,line,115.0,33.658,SOUTH,45.455,False,False
1140,6112,4023,1,220.0,88.452,40.205,T1_normal,-98.842,29.2,115.0,-98.851,28.942,115.0,line,115.0,17.839,SOUTH,35.32,False,False
1141,4025,4024,1,260.0,131.336,50.514,T1_normal,-98.478,28.704,115.0,-98.478,28.704,230.0,transformer,230.0,0.0,SOUTH,50.384,False,False
1142,4025,4024,1,260.0,131.336,50.514,T1_normal,-98.478,28.704,115.0,-98.478,28.704,230.0,transformer,230.0,0.0,SOUTH,50.384,False,False
1143,4026,4024,1,577.1,192.927,33.43,T1_normal,-98.478,28.704,13.8,-98.478,28.704,230.0,transformer,230.0,0.0,SOUTH,33.43,False,False
1144,4026,4024,1,500.0,57.073,11.415,T1_normal,-98.478,28.704,13.8,-98.478,28.704,230.0,transformer,230.0,0.0,SOUTH,11.415,False,False
1145,4131,4024,1,647.0,81.929,12.663,T1_normal,-99.118,28.923,230.0,-98.478,28.704,230.0,line,230.0,41.602,SOUTH,11.905,False,False
1146,6263,4024,1,443.0,94.6,21.354,T1_normal,-97.895,28.733,230.0,-98.478,28.704,230.0,line,230.0,35.356,SOUTH,14.679,False,False
1147,4025,4117,1,260.0,77.628,29.857,T1_normal,-98.478,28.704,115.0,-98.486,28.765,115.0,line,115.0,4.187,SOUTH,29.78,False,False
1148,4025,4117,1,178.2,92.522,51.92,T1_normal,-98.478,28.704,115.0,-98.486,28.765,115.0,line,115.0,4.187,SOUTH,51.787,False,False
1149,4025,4117,1,178.2,92.522,51.92,T1_normal,-98.478,28.704,115.0,-98.486,28.765,115.0,line,115.0,4.187,SOUTH,51.787,False,False
1150,4027,4034,1,116.1,6.67,5.745,T1_normal,-98.275,26.233,115.0,-98.242,26.111,115.0,line,115.0,8.639,SOUTH,5.335,False,False
1151,4027,4040,1,243.8,123.684,50.732,T1_normal,-98.275,26.233,115.0,-98.35,26.248,115.0,line,115.0,4.783,SOUTH,50.464,False,False
1152,4027,4040,1,243.8,123.684,50.732,T1_normal,-98.275,26.233,115.0,-98.35,26.248,115.0,line,115.0,4.783,SOUTH,50.464,False,False
1153,4027,4048,1,227.7,148.849,65.371,T1_normal,-98.275,26.233,115.0,-98.494,26.243,115.0,line,115.0,13.648,SOUTH,74.253,False,False
1154,4027,4048,1,227.7,148.849,65.371,T1_normal,-98.275,26.233,115.0,-98.494,26.243,115.0,line,115.0,13.648,SOUTH,74.253,False,False
1155,4027,4088,1,221.0,1.539,0.697,T1_normal,-98.275,26.233,115.0,-98.19,26.15,115.0,line,115.0,7.783,SOUTH,0.105,False,False
1156,4027,4088,1,221.0,1.539,0.697,T1_normal,-98.275,26.233,115.0,-98.19,26.15,115.0,line,115.0,7.783,SOUTH,0.105,False,False
1157,13324,4027,1,153.7,100.0,65.062,T1_normal,-98.275,26.233,20.0,-98.275,26.233,115.0,transformer,115.0,0.0,SOUTH,65.062,False,False
1158,4029,4028,1,148.8,29.956,20.132,T1_normal,-97.214,28.713,115.0,-97.214,28.713,230.0,transformer,230.0,0.0,SOUTH,15.365,False,False
1159,4029,4028,1,148.8,29.956,20.132,T1_normal,-97.214,28.713,115.0,-97.214,28.713,230.0,transformer,230.0,0.0,SOUTH,15.365,False,False
1160,4030,4028,1,861.7,113.846,13.212,T1_normal,-97.214,28.713,13.8,-97.214,28.713,230.0,transformer,230.0,0.0,SOUTH,13.212,False,False
1161,4030,4028,1,360.0,30.577,8.494,T1_normal,-97.214,28.713,13.8,-97.214,28.713,230.0,transformer,230.0,0.0,SOUTH,8.494,False,False
1162,4030,4028,1,360.0,30.577,8.494,T1_normal,-97.214,28.713,13.8,-97.214,28.713,230.0,transformer,230.0,0.0,SOUTH,8.494,False,False
1163,4028,7043,1,555.0,289.468,52.156,T1_normal,-97.214,28.713,230.0,-97.006,28.747,230.0,line,230.0,12.813,SOUTH,39.692,False,False
1164,4028,7274,1,750.0,27.278,3.637,T1_normal,-97.214,28.713,230.0,-97.006,28.747,230.0,line,230.0,12.813,SOUTH,0.029,False,False
1165,4028,7274,1,750.0,27.278,3.637,T1_normal,-97.214,28.713,230.0,-97.006,28.747,230.0,line,230.0,12.813,SOUTH,0.029,False,False
1166,4029,4178,1,199.0,73.832,37.101,T1_normal,-97.214,28.713,115.0,-97.495,28.48,115.0,line,115.0,23.432,SOUTH,29.702,False,False
1167,4029,6253,1,221.0,2.019,0.914,T1_normal,-97.214,28.713,115.0,-97.429,28.858,115.0,line,115.0,16.396,SOUTH,6.436,False,False
1168,4029,7275,1,149.0,57.355,38.494,T1_normal,-97.214,28.713,115.0,-97.006,28.747,115.0,line,115.0,12.813,SOUTH,34.897,False,False
1169,4029,12565,1,1152.0,638.19,55.398,T1_normal,-97.214,28.713,115.0,-97.214,28.713,500.0,transformer,500.0,0.0,SOUTH,40.369,False,False
1170,4029,12565,1,1152.0,638.19,55.398,T1_normal,-97.214,28.713,115.0,-97.214,28.713,500.0,transformer,500.0,0.0,SOUTH,40.369,False,False
1171,4029,12888,1,281.0,127.6,45.409,T1_normal,-97.214,28.713,115.0,-97.831,28.625,115.0,line,115.0,37.872,SOUTH,45.409,False,False
1172,4029,12888,1,281.0,127.6,45.409,T1_normal,-97.214,28.713,115.0,-97.831,28.625,115.0,line,115.0,37.872,SOUTH,45.409,False,False
1173,4029,13224,1,450.0,266.659,59.258,T1_normal,-97.214,28.713,115.0,-97.495,28.48,115.0,line,115.0,23.432,SOUTH,38.849,False,False
1174,4029,13224,1,450.0,266.659,59.258,T1_normal,-97.214,28.713,115.0,-97.495,28.48,115.0,line,115.0,23.432,SOUTH,38.849,False,False
1175,4029,13224,1,450.0,266.659,59.258,T1_normal,-97.214,28.713,115.0,-97.495,28.48,115.0,line,115.0,23.432,SOUTH,38.849,False,False
1176,4029,13224,1,450.0,266.659,59.258,T1_normal,-97.214,28.713,115.0,-97.495,28.48,115.0,line,115.0,23.432,SOUTH,38.849,False,False
1177,4031,4043,1,205.0,142.433,69.479,T1_normal,-99.36,27.079,115.0,-99.101,26.603,115.0,line,115.0,36.538,SOUTH,32.25,False,False
1178,4031,4147,1,247.0,175.022,70.859,T1_normal,-99.36,27.079,115.0,-99.391,27.588,115.0,line,115.0,35.231,SOUTH,47.924,False,False
1179,4031,4147,1,270.0,218.936,81.087,T2_watch,-99.36,27.079,115.0,-99.391,27.588,115.0,line,115.0,35.231,SOUTH,54.842,False,False
1180,4031,4185,1,118.5,44.874,37.869,T1_normal,-99.36,27.079,115.0,-99.163,26.931,115.0,line,115.0,15.871,SOUTH,5.332,False,False
1181,4031,13010,1,230.0,104.7,45.522,T1_normal,-99.36,27.079,115.0,-99.36,27.079,115.0,line,115.0,0.0,SOUTH,45.522,False,False
1182,4031,13010,1,230.0,104.7,45.522,T1_normal,-99.36,27.079,115.0,-99.36,27.079,115.0,line,115.0,0.0,SOUTH,45.522,False,False
1183,4051,4032,1,98.0,57.718,58.896,T1_normal,-97.731,27.575,115.0,-97.77,27.499,115.0,line,115.0,5.789,SOUTH,56.157,False,False
1184,4051,4032,1,98.0,57.718,58.896,T1_normal,-97.731,27.575,115.0,-97.77,27.499,115.0,line,115.0,5.789,SOUTH,56.157,False,False
1185,4141,4032,1,200.0,94.678,47.339,T1_normal,-97.611,27.138,115.0,-97.77,27.499,115.0,line,115.0,26.779,SOUTH,38.719,False,False
1186,4141,4032,1,200.0,94.678,47.339,T1_normal,-97.611,27.138,115.0,-97.77,27.499,115.0,line,115.0,26.779,SOUTH,38.719,False,False
1187,4032,12991,1,169.2,8.735,5.162,T1_normal,-97.77,27.499,115.0,-97.77,27.499,115.0,line,115.0,0.0,SOUTH,13.766,False,False
1188,4032,12991,1,169.2,8.735,5.162,T1_normal,-97.77,27.499,115.0,-97.77,27.499,115.0,line,115.0,0.0,SOUTH,13.766,False,False
1189,4033,4101,1,450.0,241.853,53.745,T1_normal,-99.391,27.588,115.0,-99.391,27.588,115.0,line,115.0,0.0,SOUTH,54.626,False,False
1190,4033,4114,1,125.5,90.303,71.955,T1_normal,-99.391,27.588,115.0,-99.391,27.588,115.0,line,115.0,0.0,SOUTH,35.273,False,False
1191,4033,4147,1,221.0,9.93,4.493,T1_normal,-99.391,27.588,115.0,-99.391,27.588,115.0,line,115.0,0.0,SOUTH,24.658,False,False
1192,4033,4147,1,221.0,9.93,4.493,T1_normal,-99.391,27.588,115.0,-99.391,27.588,115.0,line,115.0,0.0,SOUTH,24.658,False,False
1193,4033,4190,1,149.0,57.32,38.47,T1_normal,-99.391,27.588,115.0,-99.391,27.588,115.0,line,115.0,0.0,SOUTH,21.955,False,False
1194,4033,4190,1,124.3,31.019,24.955,T1_normal,-99.391,27.588,115.0,-99.391,27.588,115.0,line,115.0,0.0,SOUTH,14.242,False,False
1195,4033,13228,1,172.0,82.944,48.223,T1_normal,-99.391,27.588,115.0,-99.391,27.588,115.0,line,115.0,0.0,SOUTH,48.9,False,False
1196,4034,4088,1,123.6,12.843,10.39,T1_normal,-98.242,26.111,115.0,-98.19,26.15,115.0,line,115.0,4.182,SOUTH,10.991,False,False
1197,4034,4154,1,221.0,38.33,17.344,T1_normal,-98.242,26.111,115.0,-98.476,26.322,115.0,line,115.0,20.555,SOUTH,19.899,False,False
1198,4064,4035,1,149.0,32.223,21.626,T1_normal,-97.423,27.744,115.0,-97.423,27.744,115.0,line,115.0,0.0,SOUTH,41.018,False,False
1199,4035,4150,1,98.0,9.675,9.872,T1_normal,-97.423,27.744,115.0,-97.423,27.744,115.0,line,115.0,0.0,SOUTH,1.897,False,False
1200,4132,4036,1,196.0,116.842,59.613,T1_normal,-99.118,28.923,115.0,-99.563,28.889,115.0,line,115.0,27.01,SOUTH,71.118,False,False
1201,4036,4189,1,111.0,73.63,66.333,T1_normal,-99.563,28.889,115.0,-99.632,28.483,115.0,line,115.0,28.316,SOUTH,49.251,False,False
1202,4036,13337,1,213.4,112.771,52.845,T1_normal,-99.563,28.889,115.0,-99.795,29.203,115.0,line,115.0,25.866,SOUTH,53.686,False,False
1203,4036,13337,1,213.4,112.771,52.845,T1_normal,-99.563,28.889,115.0,-99.795,29.203,115.0,line,115.0,25.866,SOUTH,53.686,False,False
1204,4037,4054,1,98.0,49.193,50.197,T1_normal,-97.523,28.208,115.0,-97.651,28.246,115.0,line,115.0,8.244,SOUTH,15.627,False,False
1205,4037,4064,1,118.9,72.686,61.132,T1_normal,-97.523,28.208,115.0,-97.423,27.744,115.0,line,115.0,32.65,SOUTH,28.426,False,False
1206,4099,4037,1,149.0,53.458,35.878,T1_normal,-97.744,27.993,115.0,-97.523,28.208,115.0,line,115.0,20.07,SOUTH,39.326,False,False
1207,4037,4104,1,119.2,87.377,73.302,T1_normal,-97.523,28.208,115.0,-97.352,27.963,115.0,line,115.0,19.856,SOUTH,23.176,False,False
1208,4037,4168,1,132.5,18.293,13.806,T1_normal,-97.523,28.208,115.0,-97.423,27.744,115.0,line,115.0,32.65,SOUTH,23.286,False,False
1209,12957,4037,1,313.6,239.6,76.403,T1_normal,-97.523,28.208,20.0,-97.523,28.208,115.0,transformer,115.0,0.0,SOUTH,76.403,False,False
1210,4037,13224,1,197.6,176.647,89.396,T2_watch,-97.523,28.208,115.0,-97.495,28.48,115.0,line,115.0,18.86,SOUTH,23.051,False,False
1211,4037,13226,1,231.6,180.525,77.947,T1_normal,-97.523,28.208,115.0,-97.495,28.48,115.0,line,115.0,18.86,SOUTH,17.637,False,False
1212,4037,13410,1,122.9,62.957,51.226,T1_normal,-97.523,28.208,115.0,-97.423,27.744,115.0,line,115.0,32.65,SOUTH,37.142,False,False
1213,4038,4054,1,98.0,43.593,44.482,T1_normal,-97.8,28.419,115.0,-97.651,28.246,115.0,line,115.0,15.016,SOUTH,21.341,False,False
1214,4038,4125,1,131.0,104.047,79.425,T1_normal,-97.8,28.419,115.0,-97.831,28.625,115.0,line,115.0,14.33,SOUTH,7.834,False,False
1215,4038,4169,1,218.0,194.163,89.066,T2_watch,-97.8,28.419,115.0,-97.818,28.17,115.0,line,115.0,17.249,SOUTH,52.067,False,False
1216,4038,4169,1,218.0,194.163,89.066,T2_watch,-97.8,28.419,115.0,-97.818,28.17,115.0,line,115.0,17.249,SOUTH,52.067,False,False
1217,4038,4178,1,220.0,170.897,77.68,T1_normal,-97.8,28.419,115.0,-97.495,28.48,115.0,line,115.0,19.017,SOUTH,58.963,False,False
1218,4038,13394,1,169.5,73.676,43.466,T1_normal,-97.8,28.419,115.0,-97.8,28.419,115.0,line,115.0,0.0,SOUTH,10.138,False,False
1219,4040,4039,1,384.0,14.592,3.8,T1_normal,-98.35,26.248,115.0,-98.35,26.248,230.0,transformer,230.0,0.0,SOUTH,5.654,False,False
1220,4040,4039,1,384.0,14.592,3.8,T1_normal,-98.35,26.248,115.0,-98.35,26.248,230.0,transformer,230.0,0.0,SOUTH,5.654,False,False
1221,4073,4039,1,750.0,74.026,9.87,T1_normal,-98.35,26.248,230.0,-98.35,26.248,230.0,line,230.0,0.0,SOUTH,0.741,False,False
1222,4073,4039,1,750.0,74.026,9.87,T1_normal,-98.35,26.248,230.0,-98.35,26.248,230.0,line,230.0,0.0,SOUTH,0.741,False,False
1223,4039,4151,1,750.0,92.411,12.322,T1_normal,-98.35,26.248,230.0,-97.672,26.951,230.0,line,230.0,64.132,SOUTH,2.021,False,False
1224,4039,4151,1,750.0,92.411,12.322,T1_normal,-98.35,26.248,230.0,-97.672,26.951,230.0,line,230.0,64.132,SOUTH,2.021,False,False
1225,4039,4151,1,750.0,92.411,12.322,T1_normal,-98.35,26.248,230.0,-97.672,26.951,230.0,line,230.0,64.132,SOUTH,2.021,False,False
1226,13323,4039,1,126.0,100.0,79.365,T1_normal,-98.35,26.248,20.0,-98.35,26.248,230.0,transformer,230.0,0.0,SOUTH,79.365,False,False
1227,4040,4074,1,250.0,18.97,7.588,T1_normal,-98.35,26.248,115.0,-98.35,26.248,115.0,line,115.0,0.0,SOUTH,12.311,False,False
1228,4074,4040,1,250.0,18.97,7.588,T1_normal,-98.35,26.248,115.0,-98.35,26.248,115.0,line,115.0,0.0,SOUTH,12.311,False,False
1229,4074,4040,1,250.0,18.97,7.588,T1_normal,-98.35,26.248,115.0,-98.35,26.248,115.0,line,115.0,0.0,SOUTH,12.311,False,False
1230,4079,4040,1,300.0,60.381,20.127,T1_normal,-98.35,26.248,115.0,-98.35,26.248,115.0,line,115.0,0.0,SOUTH,28.598,False,False
1231,4079,4040,1,300.0,60.381,20.127,T1_normal,-98.35,26.248,115.0,-98.35,26.248,115.0,line,115.0,0.0,SOUTH,28.598,False,False
1232,4079,4040,1,300.0,60.381,20.127,T1_normal,-98.35,26.248,115.0,-98.35,26.248,115.0,line,115.0,0.0,SOUTH,28.598,False,False
1233,4040,4155,1,220.0,152.688,69.403,T1_normal,-98.35,26.248,115.0,-98.567,26.254,115.0,line,115.0,13.479,SOUTH,75.522,False,False
1234,4042,4041,1,442.0,20.537,4.646,T1_normal,-98.114,26.231,115.0,-98.114,26.231,230.0,transformer,230.0,0.0,SOUTH,7.431,False,False
1235,4042,4041,1,442.0,20.537,4.646,T1_normal,-98.114,26.231,115.0,-98.114,26.231,230.0,transformer,230.0,0.0,SOUTH,7.431,False,False
1236,4042,4041,1,442.0,20.537,4.646,T1_normal,-98.114,26.231,115.0,-98.114,26.231,230.0,transformer,230.0,0.0,SOUTH,7.431,False,False
1237,4073,4041,1,820.0,30.805,3.757,T1_normal,-98.35,26.248,230.0,-98.114,26.231,230.0,line,230.0,14.659,SOUTH,6.008,False,False
1238,4073,4041,1,820.0,30.805,3.757,T1_normal,-98.35,26.248,230.0,-98.114,26.231,230.0,line,230.0,14.659,SOUTH,6.008,False,False
1239,4088,4042,1,250.0,92.114,36.846,T1_normal,-98.19,26.15,115.0,-98.114,26.231,115.0,line,115.0,7.303,SOUTH,36.039,False,False
1240,4088,4042,1,250.0,92.114,36.846,T1_normal,-98.19,26.15,115.0,-98.114,26.231,115.0,line,115.0,7.303,SOUTH,36.039,False,False
1241,4107,4042,1,221.0,15.329,6.936,T1_normal,-98.059,26.162,115.0,-98.114,26.231,115.0,line,115.0,5.863,SOUTH,14.377,False,False
1242,4107,4042,1,221.0,15.329,6.936,T1_normal,-98.059,26.162,115.0,-98.114,26.231,115.0,line,115.0,5.863,SOUTH,14.377,False,False
1243,4043,4119,1,450.0,200.68,44.596,T1_normal,-99.101,26.603,115.0,-99.017,26.523,115.0,line,115.0,7.592,SOUTH,53.453,False,False
1244,12960,4043,1,358.3,237.6,66.313,T1_normal,-99.101,26.603,20.0,-99.101,26.603,115.0,transformer,115.0,0.0,SOUTH,66.313,False,False
1245,4043,13034,1,222.0,100.8,45.405,T1_normal,-99.101,26.603,115.0,-99.057,26.698,115.0,line,115.0,7.115,SOUTH,45.405,False,False
1246,4043,13034,1,222.0,100.8,45.405,T1_normal,-99.101,26.603,115.0,-99.057,26.698,115.0,line,115.0,7.115,SOUTH,45.405,False,False
1247,4043,13427,1,275.0,93.617,34.043,T1_normal,-99.101,26.603,115.0,-98.746,26.441,115.0,line,115.0,24.677,SOUTH,47.301,False,False
1248,4045,4044,1,28.5,10.5,36.842,T1_normal,-99.101,26.603,13.8,-99.101,26.603,115.0,transformer,115.0,0.0,SOUTH,36.842,False,False
1249,4046,4044,1,29.8,10.0,33.557,T1_normal,-99.101,26.603,13.8,-99.101,26.603,115.0,transformer,115.0,0.0,SOUTH,33.557,False,False
1250,4047,4044,1,27.6,10.0,36.232,T1_normal,-99.101,26.603,13.8,-99.101,26.603,115.0,transformer,115.0,0.0,SOUTH,36.232,False,False
1251,4044,4119,1,221.0,53.627,24.266,T1_normal,-99.101,26.603,115.0,-99.017,26.523,115.0,line,115.0,7.592,SOUTH,14.63,False,False
1252,4185,4044,1,149.0,84.127,56.461,T1_normal,-99.163,26.931,115.0,-99.101,26.603,115.0,line,115.0,22.954,SOUTH,1.229,False,False
1253,4048,4154,1,221.0,64.65,29.253,T1_normal,-98.494,26.243,115.0,-98.476,26.322,115.0,line,115.0,5.561,SOUTH,31.809,False,False
1254,4048,4155,1,221.0,3.318,1.501,T1_normal,-98.494,26.243,115.0,-98.567,26.254,115.0,line,115.0,4.568,SOUTH,6.226,False,False
1255,4048,4155,1,221.0,3.318,1.501,T1_normal,-98.494,26.243,115.0,-98.567,26.254,115.0,line,115.0,4.568,SOUTH,6.226,False,False
1256,4048,4164,1,192.1,127.361,66.299,T1_normal,-98.494,26.243,115.0,-98.655,26.275,115.0,line,115.0,10.178,SOUTH,77.922,False,False
1257,4048,4164,1,192.1,127.361,66.299,T1_normal,-98.494,26.243,115.0,-98.655,26.275,115.0,line,115.0,10.178,SOUTH,77.922,False,False
1258,4048,4164,1,192.1,127.361,66.299,T1_normal,-98.494,26.243,115.0,-98.655,26.275,115.0,line,115.0,10.178,SOUTH,77.922,False,False
1259,4050,4049,1,326.4,197.809,60.603,T1_normal,-97.599,26.348,13.8,-97.599,26.348,115.0,transformer,115.0,0.0,SOUTH,60.603,False,False
1260,4050,4049,1,300.0,74.791,24.93,T1_normal,-97.599,26.348,13.8,-97.599,26.348,115.0,transformer,115.0,0.0,SOUTH,24.93,False,False
1261,4086,4049,1,149.0,78.944,52.983,T1_normal,-97.491,26.245,115.0,-97.599,26.348,115.0,line,115.0,9.784,SOUTH,55.19,False,False
1262,4049,4194,1,221.0,96.828,43.814,T1_normal,-97.599,26.348,115.0,-97.599,26.348,115.0,line,115.0,0.0,SOUTH,43.069,False,False
1263,4049,4194,1,221.0,96.828,43.814,T1_normal,-97.599,26.348,115.0,-97.599,26.348,115.0,line,115.0,0.0,SOUTH,43.069,False,False
1264,4052,4051,1,54.7,66.209,121.041,T5_moderate,-97.731,27.575,18.0,-97.731,27.575,115.0,transformer,115.0,0.0,SOUTH,29.138,True,True
1265,4127,4051,1,221.0,36.993,16.739,T1_normal,-98.076,27.66,115.0,-97.731,27.575,115.0,line,115.0,21.877,SOUTH,1.236,False,False
1266,4053,4152,1,221.0,10.96,4.959,T1_normal,-97.672,26.951,115.0,-97.672,26.951,115.0,line,115.0,0.0,SOUTH,11.59,False,False
1267,4053,4152,1,221.0,10.96,4.959,T1_normal,-97.672,26.951,115.0,-97.672,26.951,115.0,line,115.0,0.0,SOUTH,11.59,False,False
1268,4053,4191,1,221.0,10.905,4.934,T1_normal,-97.672,26.951,115.0,-97.567,26.546,115.0,line,115.0,28.759,SOUTH,11.565,False,False
1269,4053,4191,1,221.0,10.905,4.934,T1_normal,-97.672,26.951,115.0,-97.567,26.546,115.0,line,115.0,28.759,SOUTH,11.565,False,False
1270,4055,4078,1,221.0,33.437,15.13,T1_normal,-97.423,27.744,115.0,-97.423,27.744,115.0,line,115.0,0.0,SOUTH,4.225,False,False
1271,4055,4078,1,221.0,33.437,15.13,T1_normal,-97.423,27.744,115.0,-97.423,27.744,115.0,line,115.0,0.0,SOUTH,4.225,False,False
1272,4055,4109,1,149.0,57.925,38.876,T1_normal,-97.423,27.744,115.0,-97.423,27.744,115.0,line,115.0,0.0,SOUTH,25.783,False,False
1273,4055,4145,1,221.0,140.977,63.791,T1_normal,-97.423,27.744,115.0,-97.384,27.892,115.0,line,115.0,10.54,SOUTH,27.995,False,False
1274,4055,4145,1,221.0,140.977,63.791,T1_normal,-97.423,27.744,115.0,-97.384,27.892,115.0,line,115.0,10.54,SOUTH,27.995,False,False
1275,4055,4159,1,157.9,60.08,38.049,T1_normal,-97.423,27.744,115.0,-97.423,27.744,115.0,line,115.0,0.0,SOUTH,18.894,False,False
1276,4055,4168,1,144.2,50.1,34.743,T1_normal,-97.423,27.744,115.0,-97.423,27.744,115.0,line,115.0,0.0,SOUTH,13.733,False,False
1277,4057,4056,1,500.0,178.267,35.653,T1_normal,-97.243,27.883,115.0,-97.243,27.883,230.0,transformer,230.0,0.0,SOUTH,12.843,False,False
1278,4058,4056,1,200.9,315.767,157.176,T7_structural,-97.243,27.883,13.8,-97.243,27.883,230.0,transformer,230.0,0.0,SOUTH,37.837,True,True
1279,4059,4056,1,202.5,315.767,155.934,T7_structural,-97.243,27.883,13.8,-97.243,27.883,230.0,transformer,230.0,0.0,SOUTH,37.538,True,True
1280,4060,4056,1,232.8,305.581,131.263,T6_heavy,-97.243,27.883,13.8,-97.243,27.883,230.0,transformer,230.0,0.0,SOUTH,31.599,True,True
1281,4056,4158,1,750.0,231.359,30.848,T1_normal,-97.243,27.883,230.0,-97.423,27.744,230.0,line,230.0,14.63,SOUTH,6.568,False,False
1282,4056,4181,1,647.0,527.489,81.528,T2_watch,-97.243,27.883,230.0,-97.352,27.963,230.0,line,230.0,8.669,SOUTH,17.328,False,False
1283,4057,4108,1,221.0,125.451,56.765,T1_normal,-97.243,27.883,115.0,-97.258,27.889,115.0,line,115.0,1.056,SOUTH,16.852,False,False
1284,4108,4057,1,221.0,125.451,56.765,T1_normal,-97.258,27.889,115.0,-97.243,27.883,115.0,line,115.0,1.056,SOUTH,16.852,False,False
1285,4057,4145,1,221.0,135.54,61.33,T1_normal,-97.243,27.883,115.0,-97.384,27.892,115.0,line,115.0,8.663,SOUTH,19.822,False,False
1286,4057,4145,1,221.0,135.54,61.33,T1_normal,-97.243,27.883,115.0,-97.384,27.892,115.0,line,115.0,8.663,SOUTH,19.822,False,False
1287,4057,4145,1,193.6,158.089,81.657,T2_watch,-97.243,27.883,115.0,-97.384,27.892,115.0,line,115.0,8.663,SOUTH,26.391,False,False
1288,4065,4064,1,232.2,145.31,62.58,T1_normal,-97.423,27.744,18.0,-97.423,27.744,115.0,transformer,115.0,0.0,SOUTH,64.599,False,False
1289,4069,4064,1,98.0,19.011,19.399,T1_normal,-97.423,27.744,115.0,-97.423,27.744,115.0,line,115.0,0.0,SOUTH,43.794,False,False
1290,4064,4099,1,221.0,30.573,13.834,T1_normal,-97.423,27.744,115.0,-97.744,27.993,115.0,line,115.0,26.089,SOUTH,34.931,False,False
1291,4064,4099,1,221.0,30.573,13.834,T1_normal,-97.423,27.744,115.0,-97.744,27.993,115.0,line,115.0,26.089,SOUTH,34.931,False,False
1292,4064,4100,1,210.9,32.734,15.521,T1_normal,-97.423,27.744,115.0,-97.423,27.744,115.0,line,115.0,0.0,SOUTH,71.446,False,False
1293,4064,4104,1,221.0,11.639,5.266,T1_normal,-97.423,27.744,115.0,-97.352,27.963,115.0,line,115.0,15.787,SOUTH,1.365,False,False
1294,4064,4104,1,221.0,11.639,5.266,T1_normal,-97.423,27.744,115.0,-97.352,27.963,115.0,line,115.0,15.787,SOUTH,1.365,False,False
1295,4064,4150,1,117.3,2.003,1.708,T1_normal,-97.423,27.744,115.0,-97.423,27.744,115.0,line,115.0,0.0,SOUTH,19.73,False,False
1296,4064,13410,1,138.0,39.129,28.354,T1_normal,-97.423,27.744,115.0,-97.423,27.744,115.0,line,115.0,0.0,SOUTH,46.657,False,False
1297,4066,4068,1,149.0,54.742,36.739,T1_normal,-97.989,26.159,115.0,-98.01,26.296,115.0,line,115.0,9.583,SOUTH,33.229,False,False
1298,4066,4103,1,123.5,50.183,40.634,T1_normal,-97.989,26.159,115.0,-98.316,26.439,115.0,line,115.0,28.043,SOUTH,25.227,False,False
1299,4066,4107,1,221.0,28.538,12.913,T1_normal,-97.989,26.159,115.0,-98.059,26.162,115.0,line,115.0,4.316,SOUTH,17.002,False,False
1300,4066,4107,1,221.0,28.538,12.913,T1_normal,-97.989,26.159,115.0,-98.059,26.162,115.0,line,115.0,4.316,SOUTH,17.002,False,False
1301,4066,4107,1,122.2,19.53,15.982,T1_normal,-97.989,26.159,115.0,-98.059,26.162,115.0,line,115.0,4.316,SOUTH,21.043,False,False
1302,4066,13425,1,123.7,10.0,8.084,T1_normal,-97.989,26.159,115.0,-97.856,26.16,115.0,line,115.0,8.289,SOUTH,8.084,False,False
1303,4111,4067,1,300.0,25.415,8.472,T1_normal,-97.774,26.206,115.0,-97.774,26.206,115.0,line,115.0,0.0,SOUTH,16.578,False,False
1304,4194,4067,1,300.0,47.259,15.753,T1_normal,-97.599,26.348,115.0,-97.774,26.206,115.0,line,115.0,14.624,SOUTH,21.825,False,False
1305,4194,4067,1,300.0,47.259,15.753,T1_normal,-97.599,26.348,115.0,-97.774,26.206,115.0,line,115.0,14.624,SOUTH,21.825,False,False
1306,4194,4067,1,300.0,47.259,15.753,T1_normal,-97.599,26.348,115.0,-97.774,26.206,115.0,line,115.0,14.624,SOUTH,21.825,False,False
1307,4068,4103,1,98.0,10.255,10.464,T1_normal,-98.01,26.296,115.0,-98.316,26.439,115.0,line,115.0,21.407,SOUTH,10.036,False,False
1308,4068,4186,1,149.0,71.497,47.984,T1_normal,-98.01,26.296,115.0,-97.824,26.317,115.0,line,115.0,11.602,SOUTH,54.771,False,False
1309,4069,4072,1,98.0,11.512,11.746,T1_normal,-97.423,27.744,115.0,-97.423,27.744,115.0,line,115.0,0.0,SOUTH,35.581,False,False
1310,4069,4099,1,107.4,25.882,24.099,T1_normal,-97.423,27.744,115.0,-97.744,27.993,115.0,line,115.0,26.089,SOUTH,59.65,False,False
1311,4069,4100,1,110.9,19.54,17.62,T1_normal,-97.423,27.744,115.0,-97.423,27.744,115.0,line,115.0,0.0,SOUTH,34.011,False,False
1312,4069,4156,1,138.0,40.716,29.504,T1_normal,-97.423,27.744,115.0,-97.423,27.744,115.0,line,115.0,0.0,SOUTH,37.793,False,False
1313,4071,4070,1,353.0,10.173,2.882,T1_normal,-97.454,25.947,115.0,-97.454,25.947,230.0,transformer,230.0,0.0,SOUTH,4.222,False,False
1314,4071,4070,1,353.0,10.173,2.882,T1_normal,-97.454,25.947,115.0,-97.454,25.947,230.0,transformer,230.0,0.0,SOUTH,4.222,False,False
1315,4070,4183,1,443.0,164.862,37.215,T1_normal,-97.454,25.947,230.0,-97.645,26.488,230.0,line,230.0,39.233,SOUTH,3.066,False,False
1316,4070,4192,1,750.0,72.258,9.634,T1_normal,-97.454,25.947,230.0,-97.454,25.947,230.0,line,230.0,0.0,SOUTH,2.893,False,False
1317,4070,4192,1,750.0,72.258,9.634,T1_normal,-97.454,25.947,230.0,-97.454,25.947,230.0,line,230.0,0.0,SOUTH,2.893,False,False
1318,4106,4071,1,221.0,121.213,54.847,T1_normal,-97.378,26.126,115.0,-97.454,25.947,115.0,line,115.0,13.258,SOUTH,50.243,False,False
1319,4071,13296,1,247.0,180.583,73.111,T1_normal,-97.454,25.947,115.0,-97.454,25.947,115.0,line,115.0,0.0,SOUTH,56.926,False,False
1320,4072,4078,1,121.2,10.657,8.793,T1_normal,-97.423,27.744,115.0,-97.423,27.744,115.0,line,115.0,0.0,SOUTH,3.699,False,False
1321,4072,4120,1,115.8,23.046,19.902,T1_normal,-97.423,27.744,115.0,-97.423,27.744,115.0,line,115.0,0.0,SOUTH,45.117,False,False
1322,4072,4156,1,221.0,56.56,25.593,T1_normal,-97.423,27.744,115.0,-97.423,27.744,115.0,line,115.0,0.0,SOUTH,20.034,False,False
1323,4072,4168,1,221.0,46.511,21.046,T1_normal,-97.423,27.744,115.0,-97.423,27.744,115.0,line,115.0,0.0,SOUTH,3.021,False,False
1324,4072,4168,1,221.0,46.511,21.046,T1_normal,-97.423,27.744,115.0,-97.423,27.744,115.0,line,115.0,0.0,SOUTH,3.021,False,False
1325,4074,4073,1,397.0,25.314,6.376,T1_normal,-98.35,26.248,115.0,-98.35,26.248,230.0,transformer,230.0,0.0,SOUTH,4.641,False,False
1326,4074,4073,1,397.0,25.314,6.376,T1_normal,-98.35,26.248,115.0,-98.35,26.248,230.0,transformer,230.0,0.0,SOUTH,4.641,False,False
1327,4075,4073,1,246.2,368.734,149.77,T6_heavy,-98.35,26.248,24.0,-98.35,26.248,230.0,transformer,230.0,0.0,SOUTH,36.054,True,True
1328,4076,4073,1,270.9,0.0,0.0,T1_normal,-98.35,26.248,24.0,-98.35,26.248,230.0,transformer,230.0,0.0,SOUTH,0.0,False,False
1329,4077,4073,1,269.0,360.585,134.047,T6_heavy,-98.35,26.248,24.0,-98.35,26.248,230.0,transformer,230.0,0.0,SOUTH,32.269,True,True
1330,4146,4073,1,548.0,297.679,54.321,T1_normal,-99.391,27.588,230.0,-98.35,26.248,230.0,line,230.0,112.629,SOUTH,21.2,False,False
1331,4073,4183,1,750.0,159.922,21.323,T1_normal,-98.35,26.248,230.0,-97.645,26.488,230.0,line,230.0,46.663,SOUTH,11.078,False,False
1332,4192,4073,1,820.0,112.686,13.742,T1_normal,-97.454,25.947,230.0,-98.35,26.248,230.0,line,230.0,59.362,SOUTH,10.291,False,False
1333,4074,4103,1,127.5,24.471,19.193,T1_normal,-98.35,26.248,115.0,-98.316,26.439,115.0,line,115.0,13.348,SOUTH,15.334,False,False
1334,4155,4074,1,221.0,96.402,43.621,T1_normal,-98.567,26.254,115.0,-98.35,26.248,115.0,line,115.0,13.479,SOUTH,46.708,False,False
1335,4078,4100,1,125.2,9.21,7.356,T1_normal,-97.423,27.744,115.0,-97.423,27.744,115.0,line,115.0,0.0,SOUTH,17.113,False,False
1336,4120,4078,1,250.0,6.0,2.4,T1_normal,-97.423,27.744,115.0,-97.423,27.744,115.0,line,115.0,0.0,SOUTH,12.979,False,False
1337,4078,4180,1,98.0,42.609,43.478,T1_normal,-97.423,27.744,115.0,-97.115,27.777,115.0,line,115.0,18.984,SOUTH,7.185,False,False
1338,4079,4103,1,103.2,38.888,37.682,T1_normal,-98.35,26.248,115.0,-98.316,26.439,115.0,line,115.0,13.348,SOUTH,25.354,False,False
1339,4079,4157,1,250.0,14.034,5.613,T1_normal,-98.35,26.248,115.0,-98.35,26.248,115.0,line,115.0,0.0,SOUTH,12.916,False,False
1340,4079,4157,1,250.0,14.034,5.613,T1_normal,-98.35,26.248,115.0,-98.35,26.248,115.0,line,115.0,0.0,SOUTH,12.916,False,False
1341,4079,4157,1,110.9,20.755,18.715,T1_normal,-98.35,26.248,115.0,-98.35,26.248,115.0,line,115.0,0.0,SOUTH,43.062,False,False
1342,4081,4080,1,250.0,106.313,42.525,T1_normal,-97.423,27.744,115.0,-97.423,27.744,230.0,transformer,230.0,0.0,SOUTH,20.019,False,False
1343,4081,4080,1,250.0,106.313,42.525,T1_normal,-97.423,27.744,115.0,-97.423,27.744,230.0,transformer,230.0,0.0,SOUTH,20.019,False,False
1344,4081,4080,1,250.0,106.313,42.525,T1_normal,-97.423,27.744,115.0,-97.423,27.744,230.0,transformer,230.0,0.0,SOUTH,20.019,False,False
1345,4082,4080,1,398.2,646.272,162.298,T7_structural,-97.423,27.744,13.8,-97.423,27.744,230.0,transformer,230.0,0.0,SOUTH,39.287,True,True
1346,4083,4080,1,421.8,591.268,140.177,T6_heavy,-97.423,27.744,13.8,-97.423,27.744,230.0,transformer,230.0,0.0,SOUTH,33.95,True,True
1347,4084,4080,1,214.5,316.245,147.434,T6_heavy,-97.423,27.744,13.8,-97.423,27.744,230.0,transformer,230.0,0.0,SOUTH,35.895,True,True
1348,4085,4080,1,197.3,316.245,160.286,T7_structural,-97.423,27.744,13.8,-97.423,27.744,230.0,transformer,230.0,0.0,SOUTH,39.024,True,True
1349,4140,4080,1,750.0,269.333,35.911,T1_normal,-97.611,27.138,230.0,-97.423,27.744,230.0,line,230.0,43.385,SOUTH,33.264,False,False
1350,4140,4080,1,750.0,269.333,35.911,T1_normal,-97.611,27.138,230.0,-97.423,27.744,230.0,line,230.0,43.385,SOUTH,33.264,False,False
1351,4080,4151,1,750.0,406.353,54.18,T1_normal,-97.423,27.744,230.0,-97.672,26.951,230.0,line,230.0,56.829,SOUTH,41.486,False,False
1352,4080,4181,1,647.0,144.569,22.345,T1_normal,-97.423,27.744,230.0,-97.352,27.963,230.0,line,230.0,15.787,SOUTH,9.269,False,False
1353,4183,4080,1,820.0,818.934,99.87,T3_prevent,-97.645,26.488,230.0,-97.423,27.744,230.0,line,230.0,87.81,SOUTH,66.044,False,False
1354,4080,12535,1,800.0,849.921,106.24,T4_light,-97.423,27.744,230.0,-97.423,27.744,500.0,transformer,500.0,0.0,SOUTH,53.598,True,True
1355,4080,12535,1,800.0,849.921,106.24,T4_light,-97.423,27.744,230.0,-97.423,27.744,500.0,transformer,500.0,0.0,SOUTH,53.598,True,True
1356,4080,12535,1,800.0,849.921,106.24,T4_light,-97.423,27.744,230.0,-97.423,27.744,500.0,transformer,500.0,0.0,SOUTH,53.598,True,True
1357,4080,12535,1,800.0,849.921,106.24,T4_light,-97.423,27.744,230.0,-97.423,27.744,500.0,transformer,500.0,0.0,SOUTH,53.598,True,True
1358,4086,4106,1,149.0,78.573,52.734,T1_normal,-97.491,26.245,115.0,-97.378,26.126,115.0,line,115.0,10.821,SOUTH,49.482,False,False
1359,4110,4086,1,149.0,104.181,69.92,T1_normal,-97.272,26.235,115.0,-97.491,26.245,115.0,line,115.0,13.63,SOUTH,70.098,False,False
1360,4086,4111,1,102.5,14.689,14.331,T1_normal,-97.491,26.245,115.0,-97.774,26.206,115.0,line,115.0,17.737,SOUTH,23.758,False,False
1361,13116,4086,1,297.8,198.5,66.655,T1_normal,-97.491,26.245,20.0,-97.491,26.245,115.0,transformer,115.0,0.0,SOUTH,66.655,False,False
1362,4086,13128,1,120.4,34.836,28.933,T1_normal,-97.491,26.245,115.0,-97.491,26.245,115.0,line,115.0,0.0,SOUTH,28.237,False,False
1363,4086,13247,1,157.0,72.173,45.97,T1_normal,-97.491,26.245,115.0,-97.491,26.245,115.0,line,115.0,0.0,SOUTH,46.192,False,False
1364,4086,13296,1,150.1,97.469,64.936,T1_normal,-97.491,26.245,115.0,-97.454,25.947,115.0,line,115.0,20.715,SOUTH,64.531,False,False
1365,4156,4087,1,221.0,47.476,21.483,T1_normal,-97.423,27.744,115.0,-97.423,27.744,115.0,line,115.0,0.0,SOUTH,14.902,False,False
1366,4090,4089,1,25.2,10.0,39.683,T1_normal,-97.824,26.317,13.8,-97.824,26.317,115.0,transformer,115.0,0.0,SOUTH,39.683,False,False
1367,4089,4103,1,120.0,13.044,10.87,T1_normal,-97.824,26.317,115.0,-98.316,26.439,115.0,line,115.0,31.64,SOUTH,29.415,False,False
1368,4089,4194,1,149.0,35.708,23.965,T1_normal,-97.824,26.317,115.0,-97.599,26.348,115.0,line,115.0,14.065,SOUTH,37.81,False,False
1369,4089,13296,1,99.3,51.846,52.211,T1_normal,-97.824,26.317,115.0,-97.454,25.947,115.0,line,115.0,34.355,SOUTH,42.556,False,False
1370,4169,4099,1,221.0,22.272,10.078,T1_normal,-97.818,28.17,115.0,-97.744,27.993,115.0,line,115.0,13.056,SOUTH,20.82,False,False
1371,4169,4099,1,221.0,22.272,10.078,T1_normal,-97.818,28.17,115.0,-97.744,27.993,115.0,line,115.0,13.056,SOUTH,20.82,False,False
1372,13049,4099,1,234.4,200.2,85.41,T2_watch,-97.744,27.993,20.0,-97.744,27.993,115.0,transformer,115.0,0.0,SOUTH,85.41,False,False
1373,4100,4120,1,250.0,46.131,18.452,T1_normal,-97.423,27.744,115.0,-97.423,27.744,115.0,line,115.0,0.0,SOUTH,24.278,False,False
1374,4100,4120,1,124.5,11.618,9.332,T1_normal,-97.423,27.744,115.0,-97.423,27.744,115.0,line,115.0,0.0,SOUTH,12.278,False,False
1375,4150,4100,1,221.0,13.499,6.108,T1_normal,-97.423,27.744,115.0,-97.423,27.744,115.0,line,115.0,0.0,SOUTH,5.209,False,False
1376,4150,4100,1,221.0,13.499,6.108,T1_normal,-97.423,27.744,115.0,-97.423,27.744,115.0,line,115.0,0.0,SOUTH,5.209,False,False
1377,4168,4100,1,221.0,24.179,10.941,T1_normal,-97.423,27.744,115.0,-97.423,27.744,115.0,line,115.0,0.0,SOUTH,32.058,False,False
1378,4168,4100,1,221.0,24.179,10.941,T1_normal,-97.423,27.744,115.0,-97.423,27.744,115.0,line,115.0,0.0,SOUTH,32.058,False,False
1379,4168,4100,1,221.0,24.179,10.941,T1_normal,-97.423,27.744,115.0,-97.423,27.744,115.0,line,115.0,0.0,SOUTH,32.058,False,False
1380,4100,13410,1,191.0,11.396,5.967,T1_normal,-97.423,27.744,115.0,-97.423,27.744,115.0,line,115.0,0.0,SOUTH,65.826,False,False
1381,4175,4101,1,149.0,29.569,19.845,T1_normal,-99.391,27.588,115.0,-99.391,27.588,115.0,line,115.0,0.0,SOUTH,20.051,False,False
1382,4197,4101,1,149.0,37.37,25.081,T1_normal,-99.005,27.488,115.0,-99.391,27.588,115.0,line,115.0,24.605,SOUTH,23.076,False,False
1383,13082,4101,1,263.7,199.992,75.841,T1_normal,-99.391,27.588,20.0,-99.391,27.588,115.0,transformer,115.0,0.0,SOUTH,75.844,False,False
1384,4101,13228,1,132.0,69.995,53.027,T1_normal,-99.391,27.588,115.0,-99.391,27.588,115.0,line,115.0,0.0,SOUTH,53.494,False,False
1385,4126,4102,1,300.0,3.1,1.033,T1_normal,-97.454,25.947,115.0,-97.523,26.075,115.0,line,115.0,9.828,SOUTH,3.248,False,False
1386,4126,4102,1,300.0,3.1,1.033,T1_normal,-97.454,25.947,115.0,-97.523,26.075,115.0,line,115.0,9.828,SOUTH,3.248,False,False
1387,4102,4171,1,250.0,26.406,10.562,T1_normal,-97.523,26.075,115.0,-97.629,26.106,115.0,line,115.0,6.933,SOUTH,12.733,False,False
1388,4102,4171,1,250.0,26.406,10.562,T1_normal,-97.523,26.075,115.0,-97.629,26.106,115.0,line,115.0,6.933,SOUTH,12.733,False,False
1389,4102,13296,1,128.2,60.783,47.412,T1_normal,-97.523,26.075,115.0,-97.454,25.947,115.0,line,115.0,9.828,SOUTH,45.512,False,False
1390,4103,12906,1,185.0,120.285,65.019,T1_normal,-98.316,26.439,115.0,-98.411,26.466,115.0,line,115.0,6.141,SOUTH,81.956,False,False
1391,4103,12906,1,185.0,120.285,65.019,T1_normal,-98.316,26.439,115.0,-98.411,26.466,115.0,line,115.0,6.141,SOUTH,81.956,False,False
1392,4105,4104,1,219.8,0.0,0.0,T1_normal,-97.352,27.963,18.0,-97.352,27.963,115.0,transformer,115.0,0.0,SOUTH,0.0,False,False
1393,4105,4104,1,128.0,0.0,0.0,T1_normal,-97.352,27.963,18.0,-97.352,27.963,115.0,transformer,115.0,0.0,SOUTH,0.0,False,False
1394,4104,4145,1,98.0,110.654,112.913,T5_moderate,-97.352,27.963,115.0,-97.384,27.892,115.0,line,115.0,5.289,SOUTH,22.033,True,True
1395,4106,13296,1,116.3,15.11,12.992,T1_normal,-97.378,26.126,115.0,-97.454,25.947,115.0,line,115.0,13.258,SOUTH,17.575,False,False
1396,13352,4106,1,136.4,95.3,69.868,T1_normal,-97.378,26.126,20.0,-97.378,26.126,115.0,transformer,115.0,0.0,SOUTH,69.868,False,False
1397,4170,4108,1,149.0,134.94,90.563,T3_prevent,-97.092,27.873,115.0,-97.258,27.889,115.0,line,115.0,10.214,SOUTH,46.036,False,False
1398,12739,4108,1,202.9,0.0,0.0,T1_normal,-97.258,27.889,20.0,-97.258,27.889,115.0,transformer,115.0,0.0,SOUTH,0.0,False,False
1399,12740,4108,1,177.1,285.209,161.044,T7_structural,-97.258,27.889,20.0,-97.258,27.889,115.0,transformer,115.0,0.0,SOUTH,38.768,True,True
1400,12741,4108,1,130.4,173.162,132.793,T6_heavy,-97.258,27.889,20.0,-97.258,27.889,115.0,transformer,115.0,0.0,SOUTH,31.967,True,True
1401,4108,13167,1,179.0,44.189,24.687,T1_normal,-97.258,27.889,115.0,-97.352,27.963,115.0,line,115.0,7.652,SOUTH,34.122,False,False
1402,4109,4123,1,133.6,76.125,56.979,T1_normal,-97.423,27.744,115.0,-97.423,27.744,115.0,line,115.0,0.0,SOUTH,38.241,False,False
1403,4109,4156,1,98.0,6.776,6.915,T1_normal,-97.423,27.744,115.0,-97.423,27.744,115.0,line,115.0,0.0,SOUTH,21.789,False,False
1404,4110,4171,1,149.0,46.831,31.43,T1_normal,-97.272,26.235,115.0,-97.629,26.106,115.0,line,115.0,23.892,SOUTH,31.608,False,False
1405,4111,4122,1,122.3,45.875,37.51,T1_normal,-97.774,26.206,115.0,-98.275,26.233,115.0,line,115.0,31.057,SOUTH,57.804,False,False
1406,4186,4111,1,221.0,100.201,45.34,T1_normal,-97.824,26.317,115.0,-97.774,26.206,115.0,line,115.0,8.236,SOUTH,41.035,False,False
1407,4124,4112,1,221.0,38.125,17.251,T1_normal,-98.216,26.881,115.0,-97.901,27.139,115.0,line,115.0,26.362,SOUTH,6.3,False,False
1408,4124,4112,1,221.0,38.125,17.251,T1_normal,-98.216,26.881,115.0,-97.901,27.139,115.0,line,115.0,26.362,SOUTH,6.3,False,False
1409,4112,4141,1,221.0,35.33,15.987,T1_normal,-97.901,27.139,115.0,-97.611,27.138,115.0,line,115.0,17.867,SOUTH,5.036,False,False
1410,4112,4141,1,221.0,35.33,15.987,T1_normal,-97.901,27.139,115.0,-97.611,27.138,115.0,line,115.0,17.867,SOUTH,5.036,False,False
1411,4114,4113,1,387.0,137.872,35.626,T1_normal,-99.391,27.588,115.0,-99.391,27.588,230.0,transformer,230.0,0.0,SOUTH,34.017,False,False
1412,4115,4113,1,124.1,0.005,0.004,T1_normal,-99.391,27.588,13.8,-99.391,27.588,230.0,transformer,230.0,0.0,SOUTH,0.0,False,False
1413,4116,4113,1,114.5,177.843,155.321,T7_structural,-99.391,27.588,13.8,-99.391,27.588,230.0,transformer,230.0,0.0,SOUTH,37.391,True,True
1414,4146,4113,1,548.0,27.463,5.011,T1_normal,-99.391,27.588,230.0,-99.391,27.588,230.0,line,230.0,0.0,SOUTH,31.644,False,False
1415,4190,4114,1,221.0,27.914,12.631,T1_normal,-99.391,27.588,115.0,-99.391,27.588,115.0,line,115.0,0.0,SOUTH,4.062,False,False
1416,4190,4114,1,221.0,27.914,12.631,T1_normal,-99.391,27.588,115.0,-99.391,27.588,115.0,line,115.0,0.0,SOUTH,4.062,False,False
1417,4114,4197,1,165.5,64.289,38.846,T1_normal,-99.391,27.588,115.0,-99.005,27.488,115.0,line,115.0,24.605,SOUTH,31.089,False,False
1418,4114,4197,1,165.5,64.289,38.846,T1_normal,-99.391,27.588,115.0,-99.005,27.488,115.0,line,115.0,24.605,SOUTH,31.089,False,False
1419,4117,4172,1,220.0,144.019,65.463,T1_normal,-98.486,28.765,115.0,-98.429,28.936,115.0,line,115.0,12.324,SOUTH,70.043,False,False
1420,4139,4118,1,98.0,4.451,4.542,T1_normal,-97.963,28.093,115.0,-98.143,28.257,115.0,line,115.0,15.788,SOUTH,5.166,False,False
1421,4148,4118,1,98.0,9.429,9.621,T1_normal,-98.573,28.31,115.0,-98.143,28.257,115.0,line,115.0,26.425,SOUTH,19.329,False,False
1422,4164,4119,1,221.0,52.987,23.976,T1_normal,-98.655,26.275,115.0,-99.017,26.523,115.0,line,115.0,28.242,SOUTH,32.984,False,False
1423,13250,4119,1,214.8,136.0,63.315,T1_normal,-99.017,26.523,20.0,-99.017,26.523,115.0,transformer,115.0,0.0,SOUTH,63.315,False,False
1424,4119,13428,1,221.0,87.248,39.479,T1_normal,-99.017,26.523,115.0,-98.746,26.441,115.0,line,115.0,17.714,SOUTH,63.44,False,False
1425,4119,13428,1,221.0,87.248,39.479,T1_normal,-99.017,26.523,115.0,-98.746,26.441,115.0,line,115.0,17.714,SOUTH,63.44,False,False
1426,4120,4150,1,116.4,47.784,41.051,T1_normal,-97.423,27.744,115.0,-97.423,27.744,115.0,line,115.0,0.0,SOUTH,47.451,False,False
1427,4122,4157,1,221.0,27.924,12.635,T1_normal,-98.275,26.233,115.0,-98.35,26.248,115.0,line,115.0,4.783,SOUTH,1.735,False,False
1428,4122,4157,1,221.0,27.924,12.635,T1_normal,-98.275,26.233,115.0,-98.35,26.248,115.0,line,115.0,4.783,SOUTH,1.735,False,False
1429,12643,4122,1,246.1,360.585,146.52,T6_heavy,-98.275,26.233,20.0,-98.275,26.233,115.0,transformer,115.0,0.0,SOUTH,35.271,True,True
1430,12644,4122,1,210.2,323.916,154.099,T7_structural,-98.275,26.233,20.0,-98.275,26.233,115.0,transformer,115.0,0.0,SOUTH,37.096,True,True
1431,12645,4122,1,234.0,319.841,136.684,T6_heavy,-98.275,26.233,20.0,-98.275,26.233,115.0,transformer,115.0,0.0,SOUTH,32.904,True,True
1432,4123,4180,1,98.0,45.711,46.644,T1_normal,-97.423,27.744,115.0,-97.115,27.777,115.0,line,115.0,18.984,SOUTH,15.237,False,False
1433,4128,4124,1,221.0,50.315,22.767,T1_normal,-98.746,26.441,115.0,-98.216,26.881,115.0,line,115.0,44.628,SOUTH,11.816,False,False
1434,4128,4124,1,221.0,50.315,22.767,T1_normal,-98.746,26.441,115.0,-98.216,26.881,115.0,line,115.0,44.628,SOUTH,11.816,False,False
1435,6264,4125,1,333.0,86.527,25.984,T1_normal,-97.895,28.733,115.0,-97.831,28.625,115.0,line,115.0,8.441,SOUTH,19.078,False,False
1436,4125,12858,1,600.0,387.395,64.566,T1_normal,-97.831,28.625,115.0,-97.831,28.625,230.0,transformer,230.0,0.0,SOUTH,37.625,False,False
1437,4125,12914,1,275.0,125.0,45.455,T1_normal,-97.831,28.625,115.0,-98.001,28.655,115.0,line,115.0,10.553,SOUTH,45.455,False,False
1438,4125,12914,1,275.0,125.0,45.455,T1_normal,-97.831,28.625,115.0,-98.001,28.655,115.0,line,115.0,10.553,SOUTH,45.455,False,False
1439,4125,13394,1,137.3,124.376,90.587,T3_prevent,-97.831,28.625,115.0,-97.8,28.419,115.0,line,115.0,14.33,SOUTH,24.411,False,False
1440,4193,4126,1,250.0,8.435,3.374,T1_normal,-97.454,25.947,115.0,-97.454,25.947,115.0,line,115.0,0.0,SOUTH,6.544,False,False
1441,4193,4126,1,250.0,8.435,3.374,T1_normal,-97.454,25.947,115.0,-97.454,25.947,115.0,line,115.0,0.0,SOUTH,6.544,False,False
1442,4193,4126,1,250.0,8.435,3.374,T1_normal,-97.454,25.947,115.0,-97.454,25.947,115.0,line,115.0,0.0,SOUTH,6.544,False,False
1443,4126,13296,1,220.0,108.274,49.215,T1_normal,-97.454,25.947,115.0,-97.454,25.947,115.0,line,115.0,0.0,SOUTH,44.448,False,False
1444,4144,4127,1,143.0,50.297,35.173,T1_normal,-98.06,27.986,115.0,-98.076,27.66,115.0,line,115.0,22.567,SOUTH,59.131,False,False
1445,4128,13093,1,239.3,200.0,83.577,T2_watch,-98.746,26.441,115.0,-97.975,28.596,115.0,line,115.0,156.222,SOUTH,83.577,False,False
1446,4129,4130,1,98.0,52.929,54.009,T1_normal,-98.497,27.634,115.0,-98.629,27.836,115.0,line,115.0,16.102,SOUTH,63.717,False,False
1447,4129,4176,1,120.0,70.329,58.608,T1_normal,-98.497,27.634,115.0,-98.884,27.483,115.0,line,115.0,25.911,SOUTH,66.535,False,False
1448,4130,4179,1,98.0,43.449,44.336,T1_normal,-98.629,27.836,115.0,-98.386,27.85,115.0,line,115.0,14.888,SOUTH,54.043,False,False
1449,4132,4131,1,383.0,96.848,25.287,T1_normal,-99.118,28.923,115.0,-99.118,28.923,230.0,transformer,230.0,0.0,SOUTH,50.171,False,False
1450,4132,4131,1,383.0,96.848,25.287,T1_normal,-99.118,28.923,115.0,-99.118,28.923,230.0,transformer,230.0,0.0,SOUTH,50.171,False,False
1451,4133,4131,1,266.4,194.11,72.864,T1_normal,-99.118,28.923,20.0,-99.118,28.923,230.0,transformer,230.0,0.0,SOUTH,75.075,False,False
1452,4131,6308,1,608.0,311.83,51.288,T1_normal,-99.118,28.923,230.0,-99.141,29.427,230.0,line,230.0,34.881,SOUTH,58.539,False,False
1453,4131,6308,1,608.0,311.83,51.288,T1_normal,-99.118,28.923,230.0,-99.141,29.427,230.0,line,230.0,34.881,SOUTH,58.539,False,False
1454,4132,4143,1,149.0,16.029,10.758,T1_normal,-99.118,28.923,115.0,-99.191,28.703,115.0,line,115.0,15.807,SOUTH,22.424,False,False
1455,4132,4143,1,116.3,22.289,19.165,T1_normal,-99.118,28.923,115.0,-99.191,28.703,115.0,line,115.0,15.807,SOUTH,39.948,False,False
1456,6357,4132,1,149.0,55.004,36.915,T1_normal,-99.169,29.136,115.0,-99.118,28.923,115.0,line,115.0,15.029,SOUTH,45.73,False,False
1457,4132,13104,1,210.8,39.756,18.86,T1_normal,-99.118,28.923,115.0,-99.118,28.923,115.0,line,115.0,0.0,SOUTH,0.0,False,False
1458,4132,13259,1,148.7,90.244,60.689,T1_normal,-99.118,28.923,115.0,-99.118,28.923,115.0,line,115.0,0.0,SOUTH,87.424,False,False
1459,4139,4144,1,143.0,79.433,55.548,T1_normal,-97.963,28.093,115.0,-98.06,27.986,115.0,line,115.0,9.474,SOUTH,31.589,False,False
1460,4139,4169,1,149.0,64.362,43.196,T1_normal,-97.963,28.093,115.0,-97.818,28.17,115.0,line,115.0,10.335,SOUTH,26.587,False,False
1461,4141,4140,1,428.0,163.651,38.236,T1_normal,-97.611,27.138,115.0,-97.611,27.138,230.0,transformer,230.0,0.0,SOUTH,30.989,False,False
1462,4141,4140,1,428.0,163.651,38.236,T1_normal,-97.611,27.138,115.0,-97.611,27.138,230.0,transformer,230.0,0.0,SOUTH,30.989,False,False
1463,4140,4151,1,443.0,295.063,66.606,T1_normal,-97.611,27.138,230.0,-97.672,26.951,230.0,line,230.0,13.445,SOUTH,36.445,False,False
1464,4140,4196,1,523.0,83.7,16.004,T1_normal,-97.611,27.138,230.0,-99.005,27.488,230.0,line,230.0,88.957,SOUTH,13.814,False,False
1465,4141,4165,1,450.0,222.999,49.555,T1_normal,-97.611,27.138,115.0,-97.611,27.138,115.0,line,115.0,0.0,SOUTH,44.21,False,False
1466,4141,4165,1,450.0,222.999,49.555,T1_normal,-97.611,27.138,115.0,-97.611,27.138,115.0,line,115.0,0.0,SOUTH,44.21,False,False
1467,4189,4143,1,169.0,52.678,31.17,T1_normal,-99.632,28.483,115.0,-99.191,28.703,115.0,line,115.0,30.766,SOUTH,55.758,False,False
1468,4144,13256,1,172.3,131.0,76.03,T1_normal,-98.06,27.986,115.0,-97.98,27.918,115.0,line,115.0,6.763,SOUTH,76.03,False,False
1469,4147,4146,1,459.0,322.855,70.339,T1_normal,-99.391,27.588,115.0,-99.391,27.588,230.0,transformer,230.0,0.0,SOUTH,64.85,False,False
1470,4146,4196,1,750.0,323.955,43.194,T1_normal,-99.391,27.588,230.0,-99.005,27.488,230.0,line,230.0,24.605,SOUTH,23.66,False,False
1471,4146,4196,1,750.0,323.955,43.194,T1_normal,-99.391,27.588,230.0,-99.005,27.488,230.0,line,230.0,24.605,SOUTH,23.66,False,False
1472,4148,4179,1,98.0,23.529,24.009,T1_normal,-98.573,28.31,115.0,-98.386,27.85,115.0,line,115.0,33.826,SOUTH,33.717,False,False
1473,4173,4149,1,170.0,136.411,80.242,T2_watch,-96.899,28.291,115.0,-97.197,28.121,115.0,line,115.0,21.623,SOUTH,44.378,False,False
1474,4149,4182,1,221.0,211.268,95.597,T3_prevent,-97.197,28.121,115.0,-97.352,27.963,115.0,line,115.0,14.416,SOUTH,41.873,False,False
1475,4152,4151,1,250.0,108.094,43.238,T1_normal,-97.672,26.951,115.0,-97.672,26.951,230.0,transformer,230.0,0.0,SOUTH,45.745,False,False
1476,4152,4151,1,250.0,108.094,43.238,T1_normal,-97.672,26.951,115.0,-97.672,26.951,230.0,transformer,230.0,0.0,SOUTH,45.745,False,False
1477,4152,4151,1,250.0,108.094,43.238,T1_normal,-97.672,26.951,115.0,-97.672,26.951,230.0,transformer,230.0,0.0,SOUTH,45.745,False,False
1478,4153,4151,1,328.9,283.2,86.105,T2_watch,-97.672,26.951,18.0,-97.672,26.951,230.0,transformer,230.0,0.0,SOUTH,86.105,False,False
1479,4151,4158,1,750.0,183.3,24.44,T1_normal,-97.672,26.951,230.0,-97.423,27.744,230.0,line,230.0,56.829,SOUTH,26.553,False,False
1480,4152,13036,1,450.0,201.0,44.667,T1_normal,-97.672,26.951,115.0,-97.672,26.951,115.0,line,115.0,0.0,SOUTH,44.667,False,False
1481,4164,4155,1,221.0,64.602,29.232,T1_normal,-98.655,26.275,115.0,-98.567,26.254,115.0,line,115.0,5.622,SOUTH,38.266,False,False
1482,4155,12906,1,143.2,98.651,68.891,T1_normal,-98.567,26.254,115.0,-98.411,26.466,115.0,line,115.0,17.538,SOUTH,61.709,False,False
1483,4155,12906,1,143.2,98.651,68.891,T1_normal,-98.567,26.254,115.0,-98.411,26.466,115.0,line,115.0,17.538,SOUTH,61.709,False,False
1484,4159,4158,1,620.0,491.811,79.324,T1_normal,-97.423,27.744,115.0,-97.423,27.744,230.0,transformer,230.0,0.0,SOUTH,32.451,False,False
1485,4159,4158,1,620.0,491.811,79.324,T1_normal,-97.423,27.744,115.0,-97.423,27.744,230.0,transformer,230.0,0.0,SOUTH,32.451,False,False
1486,4160,4158,1,421.6,3.596,0.853,T1_normal,-97.423,27.744,13.8,-97.423,27.744,230.0,transformer,230.0,0.0,SOUTH,0.0,False,False
1487,4161,4158,1,196.1,316.245,161.267,T7_structural,-97.423,27.744,13.8,-97.423,27.744,230.0,transformer,230.0,0.0,SOUTH,39.263,True,True
1488,4162,4158,1,222.4,316.245,142.197,T6_heavy,-97.423,27.744,13.8,-97.423,27.744,230.0,transformer,230.0,0.0,SOUTH,34.62,True,True
1489,4159,4168,1,250.0,77.516,31.006,T1_normal,-97.423,27.744,115.0,-97.423,27.744,115.0,line,115.0,0.0,SOUTH,17.999,False,False
1490,4159,4168,1,250.0,77.516,31.006,T1_normal,-97.423,27.744,115.0,-97.423,27.744,115.0,line,115.0,0.0,SOUTH,17.999,False,False
1491,4159,4168,1,250.0,77.516,31.006,T1_normal,-97.423,27.744,115.0,-97.423,27.744,115.0,line,115.0,0.0,SOUTH,17.999,False,False
1492,4159,4168,1,250.0,77.516,31.006,T1_normal,-97.423,27.744,115.0,-97.423,27.744,115.0,line,115.0,0.0,SOUTH,17.999,False,False
1493,4159,4168,1,212.5,133.135,62.652,T1_normal,-97.423,27.744,115.0,-97.423,27.744,115.0,line,115.0,0.0,SOUTH,36.369,False,False
1494,4159,4168,1,212.5,133.135,62.652,T1_normal,-97.423,27.744,115.0,-97.423,27.744,115.0,line,115.0,0.0,SOUTH,36.369,False,False
1495,4159,4168,1,212.5,133.135,62.652,T1_normal,-97.423,27.744,115.0,-97.423,27.744,115.0,line,115.0,0.0,SOUTH,36.369,False,False
1496,4159,4168,1,212.5,133.135,62.652,T1_normal,-97.423,27.744,115.0,-97.423,27.744,115.0,line,115.0,0.0,SOUTH,36.369,False,False
1497,4159,12566,1,1284.0,910.08,70.878,T1_normal,-97.423,27.744,115.0,-97.423,27.744,500.0,transformer,500.0,0.0,SOUTH,34.469,False,False
1498,4159,12566,1,1284.0,910.08,70.878,T1_normal,-97.423,27.744,115.0,-97.423,27.744,500.0,transformer,500.0,0.0,SOUTH,34.469,False,False
1499,4164,13063,1,177.3,98.932,55.799,T1_normal,-98.655,26.275,115.0,-98.746,26.441,115.0,line,115.0,12.791,SOUTH,65.252,False,False
1500,4164,13063,1,177.3,98.932,55.799,T1_normal,-98.655,26.275,115.0,-98.746,26.441,115.0,line,115.0,12.791,SOUTH,65.252,False,False
1501,4164,13063,1,177.3,98.932,55.799,T1_normal,-98.655,26.275,115.0,-98.746,26.441,115.0,line,115.0,12.791,SOUTH,65.252,False,False
1502,4164,13063,1,177.3,98.932,55.799,T1_normal,-98.655,26.275,115.0,-98.746,26.441,115.0,line,115.0,12.791,SOUTH,65.252,False,False
1503,4166,4165,1,238.7,141.074,59.101,T1_normal,-97.611,27.138,13.8,-97.611,27.138,115.0,transformer,115.0,0.0,SOUTH,59.101,False,False
1504,4166,4165,1,222.0,60.526,27.264,T1_normal,-97.611,27.138,13.8,-97.611,27.138,115.0,transformer,115.0,0.0,SOUTH,27.264,False,False
1505,4165,13131,1,220.0,134.359,61.072,T1_normal,-97.611,27.138,115.0,-97.611,27.138,115.0,line,115.0,0.0,SOUTH,58.21,False,False
1506,4186,4167,1,149.0,4.253,2.854,T1_normal,-97.824,26.317,115.0,-97.921,26.477,115.0,line,115.0,12.634,SOUTH,2.452,False,False
1507,12626,4168,1,242.3,347.225,143.304,T6_heavy,-97.423,27.744,20.0,-97.423,27.744,115.0,transformer,115.0,0.0,SOUTH,35.015,True,True
1508,12627,4168,1,267.5,347.225,129.804,T6_heavy,-97.423,27.744,20.0,-97.423,27.744,115.0,transformer,115.0,0.0,SOUTH,31.716,True,True
1509,12628,4168,1,202.7,320.741,158.234,T7_structural,-97.423,27.744,20.0,-97.423,27.744,115.0,transformer,115.0,0.0,SOUTH,38.71,True,True
1510,12773,4169,1,368.7,307.1,83.293,T2_watch,-97.818,28.17,20.0,-97.818,28.17,115.0,transformer,115.0,0.0,SOUTH,83.293,False,False
1511,4180,4170,1,149.0,99.08,66.496,T1_normal,-97.115,27.777,115.0,-97.092,27.873,115.0,line,115.0,6.75,SOUTH,21.969,False,False
1512,6221,4172,1,149.0,14.936,10.024,T1_normal,-98.24,28.867,115.0,-98.429,28.936,115.0,line,115.0,12.356,SOUTH,12.563,False,False
1513,4172,6346,1,149.0,116.645,78.286,T1_normal,-98.429,28.936,115.0,-98.482,29.071,115.0,line,115.0,9.843,SOUTH,62.46,False,False
1514,7030,4173,1,149.0,124.361,83.464,T2_watch,-96.705,28.59,115.0,-96.899,28.291,115.0,line,115.0,23.785,HOUSTON,42.546,False,False
1515,6015,4174,1,221.0,27.445,12.418,T1_normal,-98.737,29.283,115.0,-98.777,29.204,115.0,line,115.0,5.976,SOUTH,14.374,False,False
1516,6276,4174,1,149.0,8.285,5.56,T1_normal,-98.622,29.244,115.0,-98.777,29.204,115.0,line,115.0,9.708,SOUTH,8.46,False,False
1517,4176,4175,1,149.0,32.773,21.996,T1_normal,-98.884,27.483,115.0,-99.391,27.588,115.0,line,115.0,31.9,SOUTH,22.172,False,False
1518,4177,4176,1,187.6,102.665,54.725,T1_normal,-98.884,27.483,13.8,-98.884,27.483,115.0,transformer,115.0,0.0,SOUTH,54.725,False,False
1519,4177,4176,1,165.0,47.335,28.688,T1_normal,-98.884,27.483,13.8,-98.884,27.483,115.0,transformer,115.0,0.0,SOUTH,28.688,False,False
1520,4176,4197,1,216.4,212.3,98.105,T3_prevent,-98.884,27.483,115.0,-99.005,27.488,115.0,line,115.0,7.461,SOUTH,95.683,False,False
1521,12802,4176,1,227.0,150.0,66.079,T1_normal,-98.884,27.483,13.8,-98.884,27.483,115.0,transformer,115.0,0.0,SOUTH,66.079,False,False
1522,4176,12816,1,178.9,69.394,38.789,T1_normal,-98.884,27.483,115.0,-98.884,27.483,115.0,line,115.0,0.0,SOUTH,39.868,False,False
1523,4176,13423,1,124.4,53.992,43.402,T1_normal,-98.884,27.483,115.0,-98.884,27.483,115.0,line,115.0,0.0,SOUTH,41.309,False,False
1524,4178,6253,1,149.0,79.605,53.426,T1_normal,-97.495,28.48,115.0,-97.429,28.858,115.0,line,115.0,26.429,SOUTH,35.671,False,False
1525,4182,4181,1,169.0,26.859,15.893,T1_normal,-97.352,27.963,115.0,-97.352,27.963,230.0,transformer,230.0,0.0,SOUTH,7.928,False,False
1526,7274,4181,1,443.0,556.16,125.544,T6_heavy,-97.006,28.747,230.0,-97.352,27.963,230.0,line,230.0,58.064,HOUSTON,53.916,True,True
1527,13050,4181,1,253.9,200.1,78.811,T1_normal,-97.352,27.963,20.0,-97.352,27.963,230.0,transformer,230.0,0.0,SOUTH,78.811,False,False
1528,4182,13167,1,225.0,207.089,92.04,T3_prevent,-97.352,27.963,115.0,-97.352,27.963,115.0,line,115.0,0.0,SOUTH,45.254,False,False
1529,4184,4183,1,400.0,193.151,48.288,T1_normal,-97.645,26.488,115.0,-97.645,26.488,230.0,transformer,230.0,0.0,SOUTH,35.973,False,False
1530,12800,4183,1,350.0,301.0,86.0,T2_watch,-97.645,26.488,20.0,-97.645,26.488,230.0,transformer,230.0,0.0,SOUTH,86.0,False,False
1531,4191,4184,1,221.0,12.31,5.57,T1_normal,-97.567,26.546,115.0,-97.645,26.488,115.0,line,115.0,6.274,SOUTH,1.06,False,False
1532,4191,4184,1,221.0,12.31,5.57,T1_normal,-97.567,26.546,115.0,-97.645,26.488,115.0,line,115.0,6.274,SOUTH,1.06,False,False
1533,4184,4194,1,250.0,108.886,43.554,T1_normal,-97.645,26.488,115.0,-97.599,26.348,115.0,line,115.0,10.075,SOUTH,27.841,False,False
1534,4184,4194,1,250.0,108.886,43.554,T1_normal,-97.645,26.488,115.0,-97.599,26.348,115.0,line,115.0,10.075,SOUTH,27.841,False,False
1535,4184,13025,1,146.3,0.0,0.0,T1_normal,-97.645,26.488,115.0,-97.645,26.488,115.0,line,115.0,0.0,SOUTH,0.0,False,False
1536,4184,13025,1,146.3,0.0,0.0,T1_normal,-97.645,26.488,115.0,-97.645,26.488,115.0,line,115.0,0.0,SOUTH,0.0,False,False
1537,13048,4186,1,271.1,200.2,73.847,T1_normal,-97.824,26.317,20.0,-97.824,26.317,115.0,transformer,115.0,0.0,SOUTH,73.847,False,False
1538,4187,4189,1,197.0,8.938,4.537,T1_normal,-99.214,28.293,115.0,-99.632,28.483,115.0,line,115.0,28.599,SOUTH,35.255,False,False
1539,13345,4190,1,122.6,99.992,81.56,T2_watch,-99.391,27.588,20.0,-99.391,27.588,115.0,transformer,115.0,0.0,SOUTH,81.566,False,False
1540,4193,4192,1,438.0,10.61,2.422,T1_normal,-97.454,25.947,115.0,-97.454,25.947,230.0,transformer,230.0,0.0,SOUTH,3.12,False,False
1541,4193,4192,1,438.0,10.61,2.422,T1_normal,-97.454,25.947,115.0,-97.454,25.947,230.0,transformer,230.0,0.0,SOUTH,3.12,False,False
1542,4193,4192,1,438.0,10.61,2.422,T1_normal,-97.454,25.947,115.0,-97.454,25.947,230.0,transformer,230.0,0.0,SOUTH,3.12,False,False
1543,12896,4192,1,382.0,0.0,0.0,T1_normal,-97.454,25.947,20.0,-97.454,25.947,230.0,transformer,230.0,0.0,SOUTH,0.0,False,False
1544,4193,13296,1,289.0,235.354,81.437,T2_watch,-97.454,25.947,115.0,-97.454,25.947,115.0,line,115.0,0.0,SOUTH,64.464,False,False
1545,13033,4194,1,297.6,201.6,67.742,T1_normal,-97.599,26.348,20.0,-97.599,26.348,115.0,transformer,115.0,0.0,SOUTH,67.742,False,False
1546,4196,4195,1,1233.0,775.949,62.932,T1_normal,-99.005,27.488,230.0,-99.005,27.488,500.0,transformer,500.0,0.0,SOUTH,43.236,False,False
1547,4196,4195,1,1233.0,775.949,62.932,T1_normal,-99.005,27.488,230.0,-99.005,27.488,500.0,transformer,500.0,0.0,SOUTH,43.236,False,False
1548,4195,6239,1,2020.0,1644.198,81.396,T2_watch,-99.005,27.488,500.0,-98.353,29.282,500.0,line,500.0,130.156,SOUTH,57.352,False,False
1549,13353,4195,1,133.2,92.3,69.294,T1_normal,-99.005,27.488,20.0,-99.005,27.488,500.0,transformer,500.0,0.0,SOUTH,69.294,False,False
1550,4197,4196,1,700.0,410.144,58.592,T1_normal,-99.005,27.488,115.0,-99.005,27.488,230.0,transformer,230.0,0.0,SOUTH,55.968,False,False
1551,4197,4196,1,700.0,410.144,58.592,T1_normal,-99.005,27.488,115.0,-99.005,27.488,230.0,transformer,230.0,0.0,SOUTH,55.968,False,False
1552,4197,13067,1,187.0,173.64,92.856,T3_prevent,-99.005,27.488,115.0,-98.91,27.44,115.0,line,115.0,6.719,SOUTH,91.755,False,False
1553,4197,13067,1,187.0,173.64,92.856,T3_prevent,-99.005,27.488,115.0,-98.91,27.44,115.0,line,115.0,6.719,SOUTH,91.755,False,False
1554,4197,13423,1,215.7,144.327,66.911,T1_normal,-99.005,27.488,115.0,-98.884,27.483,115.0,line,115.0,7.461,SOUTH,65.915,False,False
1555,5003,5181,1,218.0,189.684,87.011,T2_watch,-96.634,32.909,161.0,-96.634,32.909,161.0,line,161.0,0.0,NORTH,74.682,False,False
1556,5003,5213,1,251.0,212.612,84.706,T2_watch,-96.634,32.909,161.0,-96.634,32.909,161.0,line,161.0,0.0,NORTH,48.585,False,False
1557,5003,5308,1,338.1,272.89,80.713,T2_watch,-96.634,32.909,161.0,-96.546,32.836,161.0,line,161.0,7.195,NORTH,53.855,False,False
1558,5003,5351,1,292.1,278.646,95.394,T3_prevent,-96.634,32.909,161.0,-96.634,32.909,161.0,line,161.0,0.0,NORTH,64.516,False,False
1559,5003,5351,1,292.1,278.646,95.394,T3_prevent,-96.634,32.909,161.0,-96.634,32.909,161.0,line,161.0,0.0,NORTH,64.516,False,False
1560,5003,5436,1,236.0,267.365,113.29,T5_moderate,-96.634,32.909,161.0,-96.801,32.808,161.0,line,161.0,11.887,NORTH,68.048,True,True
1561,5004,5426,1,251.0,56.222,22.399,T1_normal,-96.33,32.158,161.0,-96.245,32.367,161.0,line,161.0,15.225,NORTH,5.694,False,False
1562,5476,5004,1,251.0,44.492,17.726,T1_normal,-96.387,32.061,161.0,-96.33,32.158,161.0,line,161.0,7.493,NORTH,10.368,False,False
1563,5005,5046,1,214.7,1654.59,770.652,T7_structural,-98.009,32.527,161.0,-98.188,32.186,161.0,line,161.0,25.778,NORTH,7.728,True,True
1564,5133,5005,1,187.0,2718.019,1453.486,T7_structural,-97.924,32.363,161.0,-98.009,32.527,161.0,line,161.0,12.379,NORTH,48.449,True,True
1565,5005,5435,1,187.0,1072.379,573.465,T7_structural,-98.009,32.527,161.0,-98.173,32.601,161.0,line,161.0,10.811,NORTH,62.107,True,True
1566,5006,5072,1,310.0,63.93,20.623,T1_normal,-96.801,32.808,161.0,-96.801,32.808,161.0,line,161.0,0.0,NORTH,14.302,False,False
1567,5006,5072,1,310.0,63.93,20.623,T1_normal,-96.801,32.808,161.0,-96.801,32.808,161.0,line,161.0,0.0,NORTH,14.302,False,False
1568,5006,5072,1,310.0,63.93,20.623,T1_normal,-96.801,32.808,161.0,-96.801,32.808,161.0,line,161.0,0.0,NORTH,14.302,False,False
1569,5006,5072,1,214.9,69.791,32.476,T1_normal,-96.801,32.808,161.0,-96.801,32.808,161.0,line,161.0,0.0,NORTH,22.523,False,False
1570,5006,5103,1,205.0,207.634,101.285,T4_light,-96.801,32.808,161.0,-96.703,32.984,161.0,line,161.0,13.401,NORTH,75.281,True,True
1571,5006,5289,1,310.0,116.655,37.631,T1_normal,-96.801,32.808,161.0,-96.801,32.808,161.0,line,161.0,0.0,NORTH,24.521,False,False
1572,5289,5006,1,310.0,116.655,37.631,T1_normal,-96.801,32.808,161.0,-96.801,32.808,161.0,line,161.0,0.0,NORTH,24.521,False,False
1573,5006,5294,1,187.0,101.558,54.309,T1_normal,-96.801,32.808,161.0,-96.801,32.808,161.0,line,161.0,0.0,NORTH,34.693,False,False
1574,5007,5012,1,251.0,107.21,42.713,T1_normal,-97.136,33.211,161.0,-97.136,33.211,161.0,line,161.0,0.0,NORTH,12.143,False,False
1575,5007,5012,1,217.4,53.18,24.462,T1_normal,-97.136,33.211,161.0,-97.136,33.211,161.0,line,161.0,0.0,NORTH,6.954,False,False
1576,5165,5007,1,409.0,5.199,1.271,T1_normal,-97.136,33.211,161.0,-97.136,33.211,161.0,line,161.0,0.0,NORTH,20.988,False,False
1577,5134,5008,1,251.0,130.383,51.945,T1_normal,-98.892,32.804,161.0,-99.332,32.779,161.0,line,161.0,25.607,NORTH,49.912,False,False
1578,5347,5008,1,187.0,141.103,75.456,T1_normal,-99.153,32.386,161.0,-99.332,32.779,161.0,line,161.0,29.112,NORTH,73.571,False,False
1579,5396,5008,1,400.0,283.766,70.942,T1_normal,-99.332,32.779,161.0,-99.332,32.779,161.0,line,161.0,0.0,NORTH,68.785,False,False
1580,5009,5294,1,187.0,26.526,14.185,T1_normal,-96.801,32.808,161.0,-96.801,32.808,161.0,line,161.0,0.0,NORTH,23.108,False,False
1581,5009,5311,1,187.0,15.224,8.141,T1_normal,-96.801,32.808,161.0,-96.801,32.808,161.0,line,161.0,0.0,NORTH,21.04,False,False
1582,5009,5482,1,409.0,36.448,8.911,T1_normal,-96.801,32.808,161.0,-96.801,32.808,161.0,line,161.0,0.0,NORTH,16.271,False,False
1583,5010,5096,1,310.0,233.869,75.442,T1_normal,-96.731,33.047,161.0,-96.731,33.047,161.0,line,161.0,0.0,NORTH,55.369,False,False
1584,5010,5096,1,310.0,233.869,75.442,T1_normal,-96.731,33.047,161.0,-96.731,33.047,161.0,line,161.0,0.0,NORTH,55.369,False,False
1585,5010,5357,1,220.0,0.178,0.081,T1_normal,-96.731,33.047,161.0,-96.651,33.102,161.0,line,161.0,5.972,NORTH,0.94,False,False
1586,5386,5010,1,310.0,141.958,45.793,T1_normal,-96.703,32.984,161.0,-96.731,33.047,161.0,line,161.0,4.681,NORTH,33.444,False,False
1587,5386,5010,1,310.0,141.958,45.793,T1_normal,-96.703,32.984,161.0,-96.731,33.047,161.0,line,161.0,4.681,NORTH,33.444,False,False
1588,5011,5054,1,251.0,39.52,15.745,T1_normal,-96.609,31.3,161.0,-96.52,31.503,161.0,line,161.0,15.005,NORTH,25.705,False,False
1589,8084,5011,1,251.0,47.16,18.789,T1_normal,-96.487,31.18,161.0,-96.609,31.3,161.0,line,161.0,10.963,NORTH,22.661,False,False
1590,5012,5017,1,187.0,57.505,30.752,T1_normal,-97.136,33.211,161.0,-97.312,33.199,161.0,line,161.0,10.198,NORTH,2.412,False,False
1591,5012,5165,1,204.9,39.443,19.25,T1_normal,-97.136,33.211,161.0,-97.136,33.211,161.0,line,161.0,0.0,NORTH,9.547,False,False
1592,5012,5315,1,351.0,168.576,48.027,T1_normal,-97.136,33.211,161.0,-97.136,33.211,161.0,line,161.0,0.0,NORTH,27.779,False,False
1593,5012,13266,1,209.6,46.564,22.216,T1_normal,-97.136,33.211,161.0,-97.467,33.244,161.0,line,161.0,19.252,NORTH,65.26,False,False
1594,5013,5101,1,187.0,97.386,52.078,T1_normal,-98.805,31.843,161.0,-98.653,31.857,161.0,line,161.0,9.009,NORTH,9.031,False,False
1595,5156,5013,1,208.0,40.015,19.238,T1_normal,-98.927,31.931,161.0,-98.805,31.843,161.0,line,161.0,9.433,NORTH,72.289,False,False
1596,5013,5226,1,187.0,148.255,79.281,T1_normal,-98.805,31.843,161.0,-98.776,31.687,161.0,line,161.0,10.904,NORTH,81.849,False,False
1597,5013,13051,1,208.1,71.544,34.38,T1_normal,-98.805,31.843,161.0,-98.653,31.857,161.0,line,161.0,9.009,NORTH,18.705,False,False
1598,5014,5455,1,251.0,106.866,42.576,T1_normal,-97.467,33.244,161.0,-97.67,33.372,161.0,line,161.0,14.739,NORTH,67.785,False,False
1599,5014,13266,1,186.5,46.564,24.967,T1_normal,-97.467,33.244,161.0,-97.467,33.244,161.0,line,161.0,0.0,NORTH,73.343,False,False
1600,5016,5015,1,1206.0,703.56,58.338,T1_normal,-97.255,32.926,161.0,-97.255,32.926,500.0,transformer,500.0,0.0,NORTH,50.673,False,False
1601,5016,5015,1,1206.0,703.56,58.338,T1_normal,-97.255,32.926,161.0,-97.255,32.926,500.0,transformer,500.0,0.0,NORTH,50.673,False,False
1602,5015,5047,1,2219.0,43.807,1.974,T1_normal,-97.255,32.926,500.0,-97.188,32.504,500.0,line,500.0,29.414,NORTH,15.05,False,False
1603,5063,5015,1,2020.0,948.925,46.976,T1_normal,-97.125,32.7,500.0,-97.255,32.926,500.0,line,500.0,17.353,NORTH,76.332,False,False
1604,5015,5164,1,2020.0,190.441,9.428,T1_normal,-97.255,32.926,500.0,-97.136,33.211,500.0,line,500.0,20.831,NORTH,8.31,False,False
1605,5361,5015,1,4352.0,2898.643,66.605,T1_normal,-97.921,33.196,500.0,-97.255,32.926,500.0,line,500.0,42.866,NORTH,99.817,False,False
1606,5015,5384,1,2121.3,792.651,37.366,T1_normal,-97.255,32.926,500.0,-96.801,32.808,500.0,line,500.0,27.559,NORTH,67.432,False,False
1607,5015,5479,1,2020.0,88.579,4.385,T1_normal,-97.255,32.926,500.0,-97.307,32.533,500.0,line,500.0,27.346,NORTH,5.035,False,False
1608,5015,12863,1,2149.4,219.221,10.199,T1_normal,-97.255,32.926,500.0,-97.458,32.338,500.0,line,500.0,42.318,NORTH,11.662,False,False
1609,5265,5016,1,409.0,258.751,63.264,T1_normal,-97.255,32.926,161.0,-97.255,32.926,161.0,line,161.0,0.0,NORTH,59.949,False,False
1610,5265,5016,1,409.0,258.751,63.264,T1_normal,-97.255,32.926,161.0,-97.255,32.926,161.0,line,161.0,0.0,NORTH,59.949,False,False
1611,5265,5016,1,409.0,258.751,63.264,T1_normal,-97.255,32.926,161.0,-97.255,32.926,161.0,line,161.0,0.0,NORTH,59.949,False,False
1612,5420,5016,1,310.0,168.954,54.501,T1_normal,-97.34,32.753,161.0,-97.255,32.926,161.0,line,161.0,12.931,NORTH,41.858,False,False
1613,5420,5016,1,310.0,168.954,54.501,T1_normal,-97.34,32.753,161.0,-97.255,32.926,161.0,line,161.0,12.931,NORTH,41.858,False,False
1614,5218,5017,1,187.0,26.306,14.067,T1_normal,-97.34,33.1,161.0,-97.312,33.199,161.0,line,161.0,7.022,NORTH,43.911,False,False
1615,5017,5315,1,187.0,7.509,4.016,T1_normal,-97.312,33.199,161.0,-97.136,33.211,161.0,line,161.0,10.198,NORTH,28.83,False,False
1616,5019,5018,1,590.0,140.519,23.817,T1_normal,-98.245,33.098,161.0,-98.245,33.098,500.0,transformer,500.0,0.0,NORTH,19.279,False,False
1617,5020,5018,1,164.2,120.0,73.082,T1_normal,-98.245,33.098,13.8,-98.245,33.098,500.0,transformer,500.0,0.0,NORTH,73.082,False,False
1618,5018,5021,1,2487.5,1282.124,51.543,T1_normal,-98.245,33.098,500.0,-97.573,32.708,500.0,line,500.0,47.366,NORTH,74.814,False,False
1619,5018,5055,1,2020.0,294.446,14.577,T1_normal,-98.245,33.098,500.0,-98.732,33.127,500.0,line,500.0,28.278,NORTH,38.179,False,False
1620,5018,5236,1,3146.0,583.332,18.542,T1_normal,-98.245,33.098,500.0,-98.819,33.317,500.0,line,500.0,36.477,NORTH,29.563,False,False
1621,5018,5236,1,3146.0,583.332,18.542,T1_normal,-98.245,33.098,500.0,-98.819,33.317,500.0,line,500.0,36.477,NORTH,29.563,False,False
1622,5018,5361,1,2468.4,694.819,28.149,T1_normal,-98.245,33.098,500.0,-97.921,33.196,500.0,line,500.0,19.945,NORTH,51.817,False,False
1623,5018,5361,1,2468.4,694.819,28.149,T1_normal,-98.245,33.098,500.0,-97.921,33.196,500.0,line,500.0,19.945,NORTH,51.817,False,False
1624,5018,5394,1,2587.1,1094.788,42.317,T1_normal,-98.245,33.098,500.0,-99.332,32.779,500.0,line,500.0,66.792,NORTH,61.564,False,False
1625,5018,5394,1,2587.1,1094.788,42.317,T1_normal,-98.245,33.098,500.0,-99.332,32.779,500.0,line,500.0,66.792,NORTH,61.564,False,False
1626,5018,5413,1,2768.0,958.405,34.624,T1_normal,-98.245,33.098,500.0,-98.294,32.711,500.0,line,500.0,26.858,NORTH,50.717,False,False
1627,5019,5176,1,251.0,140.519,55.984,T1_normal,-98.245,33.098,161.0,-98.324,32.905,161.0,line,161.0,14.086,NORTH,45.318,False,False
1628,5022,5021,1,1375.0,855.329,62.206,T1_normal,-97.573,32.708,161.0,-97.573,32.708,500.0,transformer,500.0,0.0,NORTH,61.816,False,False
1629,5022,5021,1,1375.0,855.329,62.206,T1_normal,-97.573,32.708,161.0,-97.573,32.708,500.0,transformer,500.0,0.0,NORTH,61.816,False,False
1630,5021,5055,1,2419.1,1283.977,53.077,T1_normal,-97.573,32.708,500.0,-98.732,33.127,500.0,line,500.0,73.198,NORTH,82.433,False,False
1631,5021,5401,1,3146.0,310.944,9.884,T1_normal,-97.573,32.708,500.0,-97.699,32.409,500.0,line,500.0,21.929,NORTH,28.684,False,False
1632,5021,5413,1,3146.0,538.265,17.109,T1_normal,-97.573,32.708,500.0,-98.294,32.711,500.0,line,500.0,41.903,NORTH,24.587,False,False
1633,5479,5021,1,2768.0,1082.764,39.117,T1_normal,-97.307,32.533,500.0,-97.573,32.708,500.0,line,500.0,19.677,NORTH,73.206,False,False
1634,5249,5022,1,409.0,237.94,58.176,T1_normal,-97.34,32.753,161.0,-97.573,32.708,161.0,line,161.0,13.882,NORTH,55.399,False,False
1635,5249,5022,1,409.0,237.94,58.176,T1_normal,-97.34,32.753,161.0,-97.573,32.708,161.0,line,161.0,13.882,NORTH,55.399,False,False
1636,5306,5022,1,310.0,151.538,48.883,T1_normal,-97.573,32.708,161.0,-97.573,32.708,161.0,line,161.0,0.0,NORTH,41.607,False,False
1637,5306,5022,1,310.0,151.538,48.883,T1_normal,-97.573,32.708,161.0,-97.573,32.708,161.0,line,161.0,0.0,NORTH,41.607,False,False
1638,5022,5441,1,550.0,395.73,71.951,T1_normal,-97.573,32.708,161.0,-97.34,32.753,161.0,line,161.0,13.882,NORTH,77.142,False,False
1639,5022,5441,1,550.0,395.73,71.951,T1_normal,-97.573,32.708,161.0,-97.34,32.753,161.0,line,161.0,13.882,NORTH,77.142,False,False
1640,5140,5024,1,187.0,13.263,7.093,T1_normal,-97.732,31.462,161.0,-97.732,31.462,161.0,line,161.0,0.0,NORTH,4.946,False,False
1641,5024,5182,1,187.0,18.728,10.015,T1_normal,-97.732,31.462,161.0,-97.732,31.462,161.0,line,161.0,0.0,NORTH,8.004,False,False
1642,5452,5024,1,251.0,114.185,45.492,T1_normal,-97.968,31.219,161.0,-97.732,31.462,161.0,line,161.0,21.837,NORTH,1.435,False,False
1643,5024,5466,1,205.0,31.273,15.255,T1_normal,-97.732,31.462,161.0,-97.732,31.462,161.0,line,161.0,0.0,NORTH,11.27,False,False
1644,5453,5025,1,310.0,30.077,9.702,T1_normal,-97.458,32.338,161.0,-97.458,32.338,161.0,line,161.0,0.0,NORTH,8.026,False,False
1645,5453,5025,1,310.0,30.077,9.702,T1_normal,-97.458,32.338,161.0,-97.458,32.338,161.0,line,161.0,0.0,NORTH,8.026,False,False
1646,5025,5473,1,310.0,7.153,2.307,T1_normal,-97.458,32.338,161.0,-97.655,32.266,161.0,line,161.0,12.533,NORTH,20.035,False,False
1647,5025,5473,1,310.0,7.153,2.307,T1_normal,-97.458,32.338,161.0,-97.655,32.266,161.0,line,161.0,12.533,NORTH,20.035,False,False
1648,5026,5104,1,310.0,88.401,28.516,T1_normal,-97.34,32.753,161.0,-97.34,32.753,161.0,line,161.0,0.0,NORTH,4.029,False,False
1649,5026,5104,1,310.0,88.401,28.516,T1_normal,-97.34,32.753,161.0,-97.34,32.753,161.0,line,161.0,0.0,NORTH,4.029,False,False
1650,5026,5375,1,251.0,76.94,30.654,T1_normal,-97.34,32.753,161.0,-97.34,32.753,161.0,line,161.0,0.0,NORTH,9.831,False,False
1651,5026,5441,1,261.1,31.517,12.071,T1_normal,-97.34,32.753,161.0,-97.34,32.753,161.0,line,161.0,0.0,NORTH,39.861,False,False
1652,5027,5098,1,409.0,31.757,7.764,T1_normal,-97.34,32.753,161.0,-97.34,32.753,161.0,line,161.0,0.0,NORTH,0.215,False,False
1653,5027,5441,1,252.0,184.147,73.074,T1_normal,-97.34,32.753,161.0,-97.34,32.753,161.0,line,161.0,0.0,NORTH,60.369,False,False
1654,5027,5469,1,310.0,82.952,26.759,T1_normal,-97.34,32.753,161.0,-97.34,32.753,161.0,line,161.0,0.0,NORTH,30.017,False,False
1655,5027,5469,1,310.0,82.952,26.759,T1_normal,-97.34,32.753,161.0,-97.34,32.753,161.0,line,161.0,0.0,NORTH,30.017,False,False
1656,5027,5481,1,409.0,51.13,12.501,T1_normal,-97.34,32.753,161.0,-97.34,32.753,161.0,line,161.0,0.0,NORTH,26.217,False,False
1657,5097,5028,1,310.0,205.3,66.226,T1_normal,-97.089,32.837,161.0,-97.34,32.753,161.0,line,161.0,15.712,NORTH,51.097,False,False
1658,5097,5028,1,310.0,205.3,66.226,T1_normal,-97.089,32.837,161.0,-97.34,32.753,161.0,line,161.0,15.712,NORTH,51.097,False,False
1659,5028,5233,1,310.0,95.883,30.93,T1_normal,-97.34,32.753,161.0,-97.089,32.837,161.0,line,161.0,15.712,NORTH,36.317,False,False
1660,5028,5478,1,409.0,278.369,68.061,T1_normal,-97.34,32.753,161.0,-96.97,32.86,161.0,line,161.0,22.73,NORTH,47.644,False,False
1661,5029,5142,1,251.0,1.119,0.446,T1_normal,-97.261,31.291,161.0,-97.39,31.285,161.0,line,161.0,7.647,NORTH,44.782,False,False
1662,5461,5029,1,251.0,1.651,0.658,T1_normal,-97.314,31.09,161.0,-97.261,31.291,161.0,line,161.0,14.278,NORTH,43.678,False,False
1663,5312,5030,1,251.0,27.38,10.908,T1_normal,-97.561,32.9,161.0,-97.697,32.853,161.0,line,161.0,8.506,NORTH,14.509,False,False
1664,5030,5430,1,310.0,52.23,16.848,T1_normal,-97.697,32.853,161.0,-97.826,32.762,161.0,line,161.0,9.779,NORTH,37.428,False,False
1665,5031,5141,1,187.0,73.811,39.471,T1_normal,-96.483,33.152,161.0,-96.378,33.322,161.0,line,161.0,13.211,NORTH,31.331,False,False
1666,5031,5296,1,251.0,17.316,6.899,T1_normal,-96.483,33.152,161.0,-96.643,33.195,161.0,line,161.0,9.718,NORTH,5.62,False,False
1667,5408,5031,1,187.0,16.805,8.987,T1_normal,-96.356,33.174,161.0,-96.483,33.152,161.0,line,161.0,7.517,NORTH,0.323,False,False
1668,5032,5090,1,251.0,6.391,2.546,T1_normal,-96.801,32.808,161.0,-96.801,32.808,161.0,line,161.0,0.0,NORTH,19.059,False,False
1669,5032,5128,1,227.9,92.942,40.782,T1_normal,-96.801,32.808,161.0,-96.801,32.808,161.0,line,161.0,0.0,NORTH,14.454,False,False
1670,5214,5032,1,187.0,54.773,29.29,T1_normal,-96.801,32.808,161.0,-96.801,32.808,161.0,line,161.0,0.0,NORTH,0.302,False,False
1671,5032,5228,1,310.0,71.683,23.124,T1_normal,-96.801,32.808,161.0,-96.801,32.808,161.0,line,161.0,0.0,NORTH,37.396,False,False
1672,5032,5228,1,310.0,71.683,23.124,T1_normal,-96.801,32.808,161.0,-96.801,32.808,161.0,line,161.0,0.0,NORTH,37.396,False,False
1673,5032,5229,1,224.0,137.821,61.527,T1_normal,-96.801,32.808,161.0,-96.801,32.808,161.0,line,161.0,0.0,NORTH,13.556,False,False
1674,5032,5329,1,187.0,2.113,1.13,T1_normal,-96.801,32.808,161.0,-96.801,32.808,161.0,line,161.0,0.0,NORTH,8.799,False,False
1675,5032,5340,1,225.0,39.75,17.667,T1_normal,-96.801,32.808,161.0,-96.801,32.808,161.0,line,161.0,0.0,NORTH,39.137,False,False
1676,5032,5467,1,199.9,16.27,8.139,T1_normal,-96.801,32.808,161.0,-96.801,32.808,161.0,line,161.0,0.0,NORTH,28.5,False,False
1677,5034,5033,1,1209.0,1513.408,125.178,T6_heavy,-96.801,32.808,161.0,-96.801,32.808,500.0,transformer,500.0,0.0,NORTH,70.627,True,True
1678,5033,5047,1,2768.0,634.531,22.924,T1_normal,-96.801,32.808,500.0,-97.188,32.504,500.0,line,500.0,30.828,NORTH,34.229,False,False
1679,5033,5350,1,2768.0,416.187,15.036,T1_normal,-96.801,32.808,500.0,-96.634,32.909,500.0,line,500.0,11.887,NORTH,3.345,False,False
1680,5033,5384,1,3146.0,236.774,7.526,T1_normal,-96.801,32.808,500.0,-96.801,32.808,500.0,line,500.0,0.0,NORTH,0.899,False,False
1681,5033,5384,1,2086.0,315.15,15.108,T1_normal,-96.801,32.808,500.0,-96.801,32.808,500.0,line,500.0,0.0,NORTH,1.806,False,False
1682,5033,12903,1,1983.8,41.044,2.069,T1_normal,-96.801,32.808,500.0,-96.243,32.789,500.0,line,500.0,32.42,NORTH,3.374,False,False
1683,5034,5313,1,409.0,261.27,63.88,T1_normal,-96.801,32.808,161.0,-96.696,32.639,161.0,line,161.0,13.23,NORTH,34.379,False,False
1684,5034,5313,1,409.0,261.27,63.88,T1_normal,-96.801,32.808,161.0,-96.696,32.639,161.0,line,161.0,13.23,NORTH,34.379,False,False
1685,5034,5313,1,409.0,261.27,63.88,T1_normal,-96.801,32.808,161.0,-96.696,32.639,161.0,line,161.0,13.23,NORTH,34.379,False,False
1686,5034,5313,1,227.6,267.052,117.334,T5_moderate,-96.801,32.808,161.0,-96.696,32.639,161.0,line,161.0,13.23,NORTH,63.147,True,True
1687,5034,5329,1,204.1,190.102,93.142,T3_prevent,-96.801,32.808,161.0,-96.801,32.808,161.0,line,161.0,0.0,NORTH,73.677,False,False
1688,5371,5034,1,251.0,201.574,80.308,T2_watch,-96.54,32.552,161.0,-96.801,32.808,161.0,line,161.0,23.314,NORTH,32.911,False,False
1689,5043,5152,1,251.0,48.077,19.154,T1_normal,-96.375,32.946,161.0,-96.581,32.969,161.0,line,161.0,12.027,NORTH,1.421,False,False
1690,5043,5284,1,251.0,116.177,46.286,T1_normal,-96.375,32.946,161.0,-96.086,32.986,161.0,line,161.0,17.004,NORTH,28.552,False,False
1691,5044,5153,1,600.0,366.217,61.036,T1_normal,-97.597,33.042,161.0,-97.723,33.099,161.0,line,161.0,8.301,NORTH,67.469,False,False
1692,5044,5153,1,600.0,366.217,61.036,T1_normal,-97.597,33.042,161.0,-97.723,33.099,161.0,line,161.0,8.301,NORTH,67.469,False,False
1693,5185,5044,1,310.0,137.692,44.417,T1_normal,-97.463,33.093,161.0,-97.597,33.042,161.0,line,161.0,8.549,NORTH,60.052,False,False
1694,5185,5044,1,310.0,137.692,44.417,T1_normal,-97.463,33.093,161.0,-97.597,33.042,161.0,line,161.0,8.549,NORTH,60.052,False,False
1695,5044,5312,1,326.0,219.775,67.416,T1_normal,-97.597,33.042,161.0,-97.561,32.9,161.0,line,161.0,10.013,NORTH,64.388,False,False
1696,5044,5312,1,326.0,219.775,67.416,T1_normal,-97.597,33.042,161.0,-97.561,32.9,161.0,line,161.0,10.013,NORTH,64.388,False,False
1697,5046,5045,1,550.0,1498.267,272.412,T7_structural,-98.188,32.186,161.0,-98.188,32.186,500.0,transformer,500.0,0.0,NORTH,10.019,True,True
1698,5045,5120,1,2020.0,988.346,48.928,T1_normal,-98.188,32.186,500.0,-99.033,31.748,500.0,line,500.0,58.041,NORTH,6.153,False,False
1699,5260,5045,1,2295.0,831.649,36.237,T1_normal,-97.79,32.253,500.0,-98.188,32.186,500.0,line,500.0,23.685,NORTH,53.644,False,False
1700,5413,5045,1,2020.0,305.209,15.109,T1_normal,-98.294,32.711,500.0,-98.188,32.186,500.0,line,500.0,36.813,NORTH,41.668,False,False
1701,5045,5479,1,1965.6,999.756,50.863,T1_normal,-98.188,32.186,500.0,-97.307,32.533,500.0,line,500.0,56.732,NORTH,69.258,False,False
1702,5045,12712,1,2152.3,207.806,9.655,T1_normal,-98.188,32.186,500.0,-96.819,31.71,500.0,line,500.0,86.721,NORTH,26.046,False,False
1703,5045,12863,1,2149.2,858.981,39.967,T1_normal,-98.188,32.186,500.0,-97.458,32.338,500.0,line,500.0,43.903,NORTH,55.289,False,False
1704,5286,5046,1,187.0,40.325,21.564,T1_normal,-98.412,32.207,161.0,-98.188,32.186,161.0,line,161.0,13.219,NORTH,18.92,False,False
1705,5046,13018,1,214.1,193.108,90.195,T3_prevent,-98.188,32.186,161.0,-98.188,32.186,161.0,line,161.0,0.0,NORTH,19.055,False,False
1706,5048,5047,1,1354.0,618.496,45.679,T1_normal,-97.188,32.504,161.0,-97.188,32.504,500.0,transformer,500.0,0.0,NORTH,35.218,False,False
1707,5047,5179,1,2768.0,348.677,12.597,T1_normal,-97.188,32.504,500.0,-96.387,32.061,500.0,line,500.0,55.939,NORTH,19.82,False,False
1708,5047,5260,1,2295.0,485.199,21.142,T1_normal,-97.188,32.504,500.0,-97.79,32.253,500.0,line,500.0,39.162,NORTH,31.153,False,False
1709,5047,5444,1,2020.0,579.834,28.705,T1_normal,-97.188,32.504,500.0,-97.054,32.449,500.0,line,500.0,8.713,NORTH,43.484,False,False
1710,5047,5448,1,2034.0,1262.138,62.052,T1_normal,-97.188,32.504,500.0,-97.01,32.724,500.0,line,500.0,18.385,NORTH,69.779,False,False
1711,5047,5451,1,2312.6,438.326,18.954,T1_normal,-97.188,32.504,500.0,-97.968,31.219,500.0,line,500.0,99.881,NORTH,15.088,False,False
1712,5047,5479,1,2156.0,572.735,26.565,T1_normal,-97.188,32.504,500.0,-97.307,32.533,500.0,line,500.0,7.165,NORTH,72.714,False,False
1713,5047,12528,1,2070.0,536.08,25.898,T1_normal,-97.188,32.504,500.0,-97.34,32.753,500.0,line,500.0,19.353,NORTH,48.139,False,False
1714,5047,12556,1,2034.0,1108.525,54.5,T1_normal,-97.188,32.504,500.0,-97.934,33.08,500.0,line,500.0,58.796,NORTH,86.696,False,False
1715,5047,12863,1,2209.8,633.811,28.682,T1_normal,-97.188,32.504,500.0,-97.458,32.338,500.0,line,500.0,19.465,NORTH,55.93,False,False
1716,5480,5048,1,310.0,70.939,22.884,T1_normal,-97.307,32.533,161.0,-97.188,32.504,161.0,line,161.0,7.165,NORTH,11.46,False,False
1717,5480,5048,1,310.0,70.939,22.884,T1_normal,-97.307,32.533,161.0,-97.188,32.504,161.0,line,161.0,7.165,NORTH,11.46,False,False
1718,5480,5048,1,310.0,70.939,22.884,T1_normal,-97.307,32.533,161.0,-97.188,32.504,161.0,line,161.0,7.165,NORTH,11.46,False,False
1719,5480,5048,1,310.0,70.939,22.884,T1_normal,-97.307,32.533,161.0,-97.188,32.504,161.0,line,161.0,7.165,NORTH,11.46,False,False
1720,5050,5049,1,500.0,316.454,63.291,T1_normal,-96.125,33.114,161.0,-96.125,33.114,500.0,transformer,500.0,0.0,NORTH,44.676,False,False
1721,5051,5049,1,59.8,0.0,0.0,T1_normal,-96.125,33.114,22.0,-96.125,33.114,500.0,transformer,500.0,0.0,NORTH,0.0,False,False
1722,5052,5049,1,308.0,135.67,44.049,T1_normal,-96.125,33.114,115.0,-96.125,33.114,500.0,transformer,500.0,0.0,NORTH,32.461,False,False
1723,5049,5304,1,2295.0,1162.504,50.654,T1_normal,-96.125,33.114,500.0,-96.651,33.102,500.0,line,500.0,30.447,NORTH,14.278,False,False
1724,5049,5350,1,2295.0,882.619,38.458,T1_normal,-96.125,33.114,500.0,-96.634,32.909,500.0,line,500.0,32.744,NORTH,14.886,False,False
1725,5049,8074,1,2768.0,369.548,13.351,T1_normal,-96.125,33.114,500.0,-94.62,32.018,500.0,line,500.0,115.826,NORTH,13.438,False,False
1726,8126,5049,1,3146.0,754.498,23.983,T1_normal,-95.103,33.188,500.0,-96.125,33.114,500.0,line,500.0,59.363,NORTH,14.823,False,False
1727,5454,5050,1,310.0,117.382,37.865,T1_normal,-96.125,33.114,161.0,-96.125,33.114,161.0,line,161.0,0.0,NORTH,22.853,False,False
1728,5454,5050,1,310.0,117.382,37.865,T1_normal,-96.125,33.114,161.0,-96.125,33.114,161.0,line,161.0,0.0,NORTH,22.853,False,False
1729,5052,8038,1,186.0,128.833,69.265,T1_normal,-96.125,33.114,115.0,-95.669,33.196,115.0,line,115.0,26.953,NORTH,59.391,False,False
1730,5052,8124,1,186.0,6.838,3.676,T1_normal,-96.125,33.114,115.0,-95.803,33.098,115.0,line,115.0,18.653,NORTH,5.637,False,False
1731,5053,5173,1,310.0,19.371,6.249,T1_normal,-96.731,33.047,161.0,-96.731,33.047,161.0,line,161.0,0.0,NORTH,0.783,False,False
1732,5173,5053,1,310.0,19.371,6.249,T1_normal,-96.731,33.047,161.0,-96.731,33.047,161.0,line,161.0,0.0,NORTH,0.783,False,False
1733,5053,5357,1,310.0,179.41,57.874,T1_normal,-96.731,33.047,161.0,-96.651,33.102,161.0,line,161.0,5.972,NORTH,44.323,False,False
1734,5053,5357,1,310.0,179.41,57.874,T1_normal,-96.731,33.047,161.0,-96.651,33.102,161.0,line,161.0,5.972,NORTH,44.323,False,False
1735,5054,5223,1,251.0,11.73,4.673,T1_normal,-96.52,31.503,161.0,-96.468,31.655,161.0,line,161.0,10.928,NORTH,36.776,False,False
1736,5056,5055,1,913.0,31.075,3.404,T1_normal,-98.732,33.127,161.0,-98.732,33.127,500.0,transformer,500.0,0.0,NORTH,0.054,False,False
1737,5057,5055,1,448.0,0.0,0.0,T1_normal,-98.732,33.127,13.8,-98.732,33.127,500.0,transformer,500.0,0.0,NORTH,0.0,False,False
1738,5058,5055,1,354.7,0.0,0.0,T1_normal,-98.732,33.127,13.8,-98.732,33.127,500.0,transformer,500.0,0.0,NORTH,0.0,False,False
1739,5055,5196,1,2020.0,574.563,28.444,T1_normal,-98.732,33.127,500.0,-98.374,33.241,500.0,line,500.0,22.18,NORTH,52.504,False,False
1740,12554,5055,1,2350.4,383.972,16.336,T1_normal,-100.11,32.159,500.0,-98.732,33.127,500.0,line,500.0,104.377,WEST,36.612,False,False
1741,12554,5055,1,2350.4,383.972,16.336,T1_normal,-100.11,32.159,500.0,-98.732,33.127,500.0,line,500.0,104.377,WEST,36.612,False,False
1742,5055,12637,1,2173.8,1416.118,65.145,T1_normal,-98.732,33.127,500.0,-98.732,33.127,500.0,line,500.0,0.0,NORTH,96.806,False,False
1743,5187,5056,1,313.0,102.558,32.766,T1_normal,-98.819,33.317,161.0,-98.732,33.127,161.0,line,161.0,14.057,NORTH,60.148,False,False
1744,5197,5056,1,251.0,93.233,37.145,T1_normal,-98.374,33.241,161.0,-98.732,33.127,161.0,line,161.0,22.18,NORTH,58.715,False,False
1745,5060,5059,1,151.0,44.312,29.346,T1_normal,-96.092,32.357,115.0,-96.092,32.357,161.0,transformer,161.0,0.0,NORTH,5.605,False,False
1746,5059,5426,1,251.0,281.932,112.324,T5_moderate,-96.092,32.357,161.0,-96.245,32.367,161.0,line,161.0,8.93,NORTH,26.271,True,True
1747,8148,5059,1,310.0,237.62,76.652,T1_normal,-96.148,32.143,161.0,-96.092,32.357,161.0,line,161.0,15.181,NORTH,18.541,False,False
1748,5060,8065,1,137.0,106.172,77.498,T1_normal,-96.092,32.357,115.0,-96.148,32.143,115.0,line,115.0,15.181,NORTH,51.331,False,False
1749,5064,5063,1,1277.0,988.866,77.437,T1_normal,-97.125,32.7,161.0,-97.125,32.7,500.0,transformer,500.0,0.0,NORTH,58.29,False,False
1750,5064,5063,1,1277.0,988.866,77.437,T1_normal,-97.125,32.7,161.0,-97.125,32.7,500.0,transformer,500.0,0.0,NORTH,58.29,False,False
1751,5063,5083,1,2186.2,212.095,9.702,T1_normal,-97.125,32.7,500.0,-96.643,33.195,500.0,line,500.0,44.181,NORTH,25.974,False,False
1752,5063,5304,1,2020.0,150.873,7.469,T1_normal,-97.125,32.7,500.0,-96.651,33.102,500.0,line,500.0,39.105,NORTH,19.856,False,False
1753,5322,5063,1,2295.0,163.596,7.128,T1_normal,-96.801,32.808,500.0,-97.125,32.7,500.0,line,500.0,20.278,NORTH,20.53,False,False
1754,5063,5401,1,3146.0,653.582,20.775,T1_normal,-97.125,32.7,500.0,-97.699,32.409,500.0,line,500.0,39.011,NORTH,29.029,False,False
1755,5063,12528,1,2076.1,1035.229,49.864,T1_normal,-97.125,32.7,500.0,-97.34,32.753,500.0,line,500.0,13.037,NORTH,30.155,False,False
1756,5063,12709,1,2018.7,123.313,6.109,T1_normal,-97.125,32.7,500.0,-97.136,33.211,500.0,line,500.0,35.309,NORTH,7.548,False,False
1757,5064,5125,1,409.0,197.949,48.398,T1_normal,-97.125,32.7,161.0,-97.125,32.7,161.0,line,161.0,0.0,NORTH,38.74,False,False
1758,5064,5125,1,409.0,197.949,48.398,T1_normal,-97.125,32.7,161.0,-97.125,32.7,161.0,line,161.0,0.0,NORTH,38.74,False,False
1759,5064,5125,1,409.0,197.949,48.398,T1_normal,-97.125,32.7,161.0,-97.125,32.7,161.0,line,161.0,0.0,NORTH,38.74,False,False
1760,5064,5125,1,409.0,197.949,48.398,T1_normal,-97.125,32.7,161.0,-97.125,32.7,161.0,line,161.0,0.0,NORTH,38.74,False,False
1761,5064,5125,1,217.3,227.698,104.785,T4_light,-97.125,32.7,161.0,-97.125,32.7,161.0,line,161.0,0.0,NORTH,83.874,True,True
1762,5064,5143,1,409.0,208.868,51.068,T1_normal,-97.125,32.7,161.0,-97.34,32.753,161.0,line,161.0,13.037,NORTH,32.746,False,False
1763,5143,5064,1,409.0,208.868,51.068,T1_normal,-97.34,32.753,161.0,-97.125,32.7,161.0,line,161.0,13.037,NORTH,32.746,False,False
1764,5143,5064,1,409.0,208.868,51.068,T1_normal,-97.34,32.753,161.0,-97.125,32.7,161.0,line,161.0,13.037,NORTH,32.746,False,False
1765,5064,5232,1,256.3,204.813,79.911,T1_normal,-97.125,32.7,161.0,-97.125,32.7,161.0,line,161.0,0.0,NORTH,57.489,False,False
1766,5070,5128,1,187.0,7.196,3.848,T1_normal,-96.801,32.808,161.0,-96.801,32.808,161.0,line,161.0,0.0,NORTH,3.213,False,False
1767,5070,5128,1,218.4,5.621,2.574,T1_normal,-96.801,32.808,161.0,-96.801,32.808,161.0,line,161.0,0.0,NORTH,2.149,False,False
1768,5070,5425,1,251.0,93.75,37.351,T1_normal,-96.801,32.808,161.0,-96.801,32.808,161.0,line,161.0,0.0,NORTH,40.538,False,False
1769,5138,5071,1,251.0,44.493,17.726,T1_normal,-97.146,31.559,161.0,-97.146,31.559,161.0,line,161.0,0.0,NORTH,16.255,False,False
1770,5071,5359,1,310.0,159.655,51.502,T1_normal,-97.146,31.559,161.0,-96.931,31.433,161.0,line,161.0,15.336,NORTH,10.745,False,False
1771,5072,5103,1,310.0,149.15,48.113,T1_normal,-96.801,32.808,161.0,-96.703,32.984,161.0,line,161.0,13.401,NORTH,36.402,False,False
1772,5103,5072,1,310.0,149.15,48.113,T1_normal,-96.703,32.984,161.0,-96.801,32.808,161.0,line,161.0,13.401,NORTH,36.402,False,False
1773,5103,5072,1,310.0,149.15,48.113,T1_normal,-96.703,32.984,161.0,-96.801,32.808,161.0,line,161.0,13.401,NORTH,36.402,False,False
1774,5103,5072,1,310.0,149.15,48.113,T1_normal,-96.703,32.984,161.0,-96.801,32.808,161.0,line,161.0,13.401,NORTH,36.402,False,False
1775,5103,5072,1,310.0,149.15,48.113,T1_normal,-96.703,32.984,161.0,-96.801,32.808,161.0,line,161.0,13.401,NORTH,36.402,False,False
1776,5116,5072,1,310.0,184.714,59.585,T1_normal,-96.731,33.047,161.0,-96.801,32.808,161.0,line,161.0,17.008,NORTH,44.643,False,False
1777,5116,5072,1,310.0,184.714,59.585,T1_normal,-96.731,33.047,161.0,-96.801,32.808,161.0,line,161.0,17.008,NORTH,44.643,False,False
1778,5072,5130,1,227.7,5.496,2.414,T1_normal,-96.801,32.808,161.0,-96.731,33.047,161.0,line,161.0,17.008,NORTH,0.579,False,False
1779,5121,5073,1,187.0,65.276,34.907,T1_normal,-99.033,31.748,161.0,-99.151,31.706,161.0,line,161.0,7.546,NORTH,74.142,False,False
1780,5484,5073,1,251.0,53.446,21.293,T1_normal,-99.291,32.007,161.0,-99.151,31.706,161.0,line,161.0,22.33,NORTH,59.95,False,False
1781,5074,5147,1,310.0,104.569,33.732,T1_normal,-96.808,33.242,161.0,-96.731,33.047,161.0,line,161.0,14.169,NORTH,20.732,False,False
1782,5074,5173,1,187.8,79.162,42.152,T1_normal,-96.808,33.242,161.0,-96.731,33.047,161.0,line,161.0,14.169,NORTH,25.562,False,False
1783,5074,5331,1,251.0,131.718,52.477,T1_normal,-96.808,33.242,161.0,-96.753,33.339,161.0,line,161.0,7.417,NORTH,35.834,False,False
1784,5075,5231,1,225.2,144.952,64.366,T1_normal,-98.049,31.554,161.0,-98.214,31.738,161.0,line,161.0,15.997,NORTH,64.961,False,False
1785,5075,5267,1,187.0,30.717,16.426,T1_normal,-98.049,31.554,161.0,-97.531,31.41,161.0,line,161.0,32.109,NORTH,40.359,False,False
1786,5075,5377,1,187.0,13.389,7.16,T1_normal,-98.049,31.554,161.0,-97.761,31.052,161.0,line,161.0,38.63,NORTH,96.065,False,False
1787,5075,13117,1,279.0,193.018,69.182,T1_normal,-98.049,31.554,161.0,-98.44,31.442,161.0,line,161.0,24.317,NORTH,40.423,False,False
1788,5077,5076,1,260.0,21.83,8.396,T1_normal,-96.243,32.789,115.0,-96.243,32.789,161.0,transformer,161.0,0.0,NORTH,21.422,False,False
1789,5227,5076,1,187.0,213.874,114.371,T5_moderate,-96.243,32.789,161.0,-96.243,32.789,161.0,line,161.0,0.0,NORTH,86.754,True,True
1790,5076,12903,1,600.0,192.044,32.007,T1_normal,-96.243,32.789,161.0,-96.243,32.789,500.0,transformer,500.0,0.0,NORTH,36.321,False,False
1791,8108,5077,1,98.0,40.32,41.143,T1_normal,-95.995,32.703,115.0,-96.243,32.789,115.0,line,115.0,15.604,NORTH,37.966,False,False
1792,5160,5078,1,187.0,85.612,45.782,T1_normal,-97.136,33.211,161.0,-96.99,33.273,161.0,line,161.0,9.473,NORTH,65.15,False,False
1793,5079,5138,1,310.0,101.182,32.639,T1_normal,-97.146,31.559,161.0,-97.146,31.559,161.0,line,161.0,0.0,NORTH,9.974,False,False
1794,5079,5138,1,310.0,101.182,32.639,T1_normal,-97.146,31.559,161.0,-97.146,31.559,161.0,line,161.0,0.0,NORTH,9.974,False,False
1795,5079,5378,1,409.0,123.122,30.103,T1_normal,-97.146,31.559,161.0,-97.146,31.559,161.0,line,161.0,0.0,NORTH,5.782,False,False
1796,5142,5080,1,251.0,48.479,19.314,T1_normal,-97.39,31.285,161.0,-97.218,31.349,161.0,line,161.0,11.084,NORTH,39.798,False,False
1797,5080,5328,1,187.0,50.189,26.839,T1_normal,-97.218,31.349,161.0,-96.931,31.433,161.0,line,161.0,17.876,NORTH,54.333,False,False
1798,5081,5163,1,251.0,38.404,15.301,T1_normal,-97.845,31.115,161.0,-97.604,31.076,161.0,line,161.0,14.497,NORTH,12.183,False,False
1799,5221,5081,1,187.0,21.138,11.304,T1_normal,-97.761,31.052,161.0,-97.845,31.115,161.0,line,161.0,6.617,NORTH,8.655,False,False
1800,5081,5377,1,221.0,14.888,6.737,T1_normal,-97.845,31.115,161.0,-97.761,31.052,161.0,line,161.0,6.617,NORTH,12.518,False,False
1801,5082,5086,1,251.0,10.272,4.092,T1_normal,-97.125,32.7,161.0,-97.125,32.7,161.0,line,161.0,0.0,NORTH,7.054,False,False
1802,5082,5330,1,409.0,131.75,32.213,T1_normal,-97.125,32.7,161.0,-97.125,32.7,161.0,line,161.0,0.0,NORTH,26.068,False,False
1803,5082,5440,1,409.0,9.058,2.215,T1_normal,-97.125,32.7,161.0,-97.125,32.7,161.0,line,161.0,0.0,NORTH,3.06,False,False
1804,5082,5440,1,213.3,6.939,3.253,T1_normal,-97.125,32.7,161.0,-97.125,32.7,161.0,line,161.0,0.0,NORTH,4.496,False,False
1805,5084,5083,1,1295.0,809.084,62.478,T1_normal,-96.643,33.195,161.0,-96.643,33.195,500.0,transformer,500.0,0.0,NORTH,51.093,False,False
1806,5083,5295,1,2768.0,214.572,7.752,T1_normal,-96.643,33.195,500.0,-96.643,33.195,500.0,line,500.0,0.0,NORTH,9.537,False,False
1807,5083,5295,1,1834.6,202.341,11.029,T1_normal,-96.643,33.195,500.0,-96.643,33.195,500.0,line,500.0,0.0,NORTH,13.569,False,False
1808,5083,5304,1,2218.8,89.226,4.021,T1_normal,-96.643,33.195,500.0,-96.651,33.102,500.0,line,500.0,6.441,NORTH,9.978,False,False
1809,5083,5322,1,2020.0,91.626,4.536,T1_normal,-96.643,33.195,500.0,-96.801,32.808,500.0,line,500.0,28.237,NORTH,11.54,False,False
1810,5083,5464,1,2020.0,54.575,2.702,T1_normal,-96.643,33.195,500.0,-96.823,33.155,500.0,line,500.0,10.785,NORTH,13.115,False,False
1811,5357,5084,1,310.0,194.947,62.886,T1_normal,-96.651,33.102,161.0,-96.643,33.195,161.0,line,161.0,6.441,NORTH,47.038,False,False
1812,5357,5084,1,310.0,194.947,62.886,T1_normal,-96.651,33.102,161.0,-96.643,33.195,161.0,line,161.0,6.441,NORTH,47.038,False,False
1813,5357,5084,1,310.0,194.947,62.886,T1_normal,-96.651,33.102,161.0,-96.643,33.195,161.0,line,161.0,6.441,NORTH,47.038,False,False
1814,5157,5085,1,251.0,189.906,75.66,T1_normal,-96.864,32.599,161.0,-96.801,32.808,161.0,line,161.0,14.892,NORTH,7.09,False,False
1815,5085,5194,1,211.2,154.677,73.237,T1_normal,-96.801,32.808,161.0,-96.914,32.652,161.0,line,161.0,12.653,NORTH,61.446,False,False
1816,5085,5353,1,191.3,181.362,94.805,T3_prevent,-96.801,32.808,161.0,-96.914,32.652,161.0,line,161.0,12.653,NORTH,67.687,False,False
1817,5085,5462,1,212.7,98.326,46.227,T1_normal,-96.801,32.808,161.0,-96.801,32.808,161.0,line,161.0,0.0,NORTH,39.473,False,False
1818,5085,5468,1,187.0,9.38,5.016,T1_normal,-96.801,32.808,161.0,-96.801,32.808,161.0,line,161.0,0.0,NORTH,28.023,False,False
1819,5085,5468,1,203.0,9.63,4.744,T1_normal,-96.801,32.808,161.0,-96.801,32.808,161.0,line,161.0,0.0,NORTH,26.503,False,False
1820,5086,5177,1,251.0,69.711,27.773,T1_normal,-97.125,32.7,161.0,-97.125,32.7,161.0,line,161.0,0.0,NORTH,21.755,False,False
1821,5086,5210,1,187.0,36.057,19.282,T1_normal,-97.125,32.7,161.0,-97.138,32.842,161.0,line,161.0,9.849,NORTH,12.272,False,False
1822,5086,5232,1,212.5,45.164,21.254,T1_normal,-97.125,32.7,161.0,-97.125,32.7,161.0,line,161.0,0.0,NORTH,14.238,False,False
1823,5086,5447,1,187.0,73.519,39.315,T1_normal,-97.125,32.7,161.0,-97.125,32.7,161.0,line,161.0,0.0,NORTH,59.436,False,False
1824,5257,5087,1,187.0,6.173,3.301,T1_normal,-96.851,32.178,161.0,-97.06,32.139,161.0,line,161.0,12.504,NORTH,10.849,False,False
1825,5087,5345,1,251.0,203.752,81.176,T2_watch,-97.06,32.139,161.0,-97.133,32.022,161.0,line,161.0,9.126,NORTH,49.152,False,False
1826,5087,5348,1,251.0,38.617,15.385,T1_normal,-97.06,32.139,161.0,-97.071,32.184,161.0,line,161.0,3.179,NORTH,7.84,False,False
1827,5087,5348,1,297.0,154.072,51.876,T1_normal,-97.06,32.139,161.0,-97.071,32.184,161.0,line,161.0,3.179,NORTH,26.436,False,False
1828,12708,5087,1,509.8,0.0,0.0,T1_normal,-97.06,32.139,20.0,-97.06,32.139,161.0,transformer,161.0,0.0,NORTH,0.0,False,False
1829,5089,5088,1,303.7,0.505,0.166,T1_normal,-97.462,31.82,13.8,-97.462,31.82,161.0,transformer,161.0,0.0,NORTH,0.0,False,False
1830,5088,5290,1,251.0,28.591,11.391,T1_normal,-97.462,31.82,161.0,-97.367,31.869,161.0,line,161.0,6.562,NORTH,3.195,False,False
1831,5088,5290,1,321.0,242.986,75.697,T1_normal,-97.462,31.82,161.0,-97.367,31.869,161.0,line,161.0,6.562,NORTH,21.229,False,False
1832,5088,5290,1,321.0,242.986,75.697,T1_normal,-97.462,31.82,161.0,-97.367,31.869,161.0,line,161.0,6.562,NORTH,21.229,False,False
1833,5088,5393,1,251.0,32.48,12.94,T1_normal,-97.462,31.82,161.0,-97.375,31.695,161.0,line,161.0,10.04,NORTH,5.563,False,False
1834,5088,5407,1,221.7,436.918,197.076,T7_structural,-97.462,31.82,161.0,-97.462,31.82,161.0,line,161.0,0.0,NORTH,9.79,True,True
1835,5088,12547,1,800.0,925.406,115.676,T5_moderate,-97.462,31.82,161.0,-97.462,31.82,500.0,transformer,500.0,0.0,NORTH,19.006,True,True
1836,5090,5122,1,187.0,117.913,63.055,T1_normal,-96.801,32.808,161.0,-96.801,32.808,161.0,line,161.0,0.0,NORTH,7.842,False,False
1837,5090,5189,1,180.7,46.468,25.715,T1_normal,-96.801,32.808,161.0,-96.801,32.808,161.0,line,161.0,0.0,NORTH,42.66,False,False
1838,5090,5230,1,187.0,12.621,6.749,T1_normal,-96.801,32.808,161.0,-96.801,32.808,161.0,line,161.0,0.0,NORTH,8.868,False,False
1839,5090,5272,1,215.2,70.349,32.69,T1_normal,-96.801,32.808,161.0,-96.801,32.808,161.0,line,161.0,0.0,NORTH,30.259,False,False
1840,5090,5309,1,224.8,19.703,8.765,T1_normal,-96.801,32.808,161.0,-96.801,32.808,161.0,line,161.0,0.0,NORTH,9.797,False,False
1841,5090,5311,1,251.0,35.067,13.971,T1_normal,-96.801,32.808,161.0,-96.801,32.808,161.0,line,161.0,0.0,NORTH,11.284,False,False
1842,5090,5482,1,201.8,76.319,37.819,T1_normal,-96.801,32.808,161.0,-96.801,32.808,161.0,line,161.0,0.0,NORTH,24.599,False,False
1843,5171,5091,1,251.0,192.405,76.655,T1_normal,-96.915,32.044,161.0,-96.808,32.039,161.0,line,161.0,6.257,NORTH,52.017,False,False
1844,5091,5257,1,251.0,187.075,74.532,T1_normal,-96.808,32.039,161.0,-96.851,32.178,161.0,line,161.0,9.934,NORTH,49.894,False,False
1845,5092,5186,1,251.0,76.054,30.3,T1_normal,-97.161,32.281,161.0,-97.073,32.452,161.0,line,161.0,12.909,NORTH,32.656,False,False
1846,5453,5092,1,250.0,187.354,74.942,T1_normal,-97.458,32.338,161.0,-97.161,32.281,161.0,line,161.0,17.805,NORTH,70.687,False,False
1847,5475,5092,1,251.0,86.22,34.351,T1_normal,-97.196,32.415,161.0,-97.161,32.281,161.0,line,161.0,9.49,NORTH,27.757,False,False
1848,5093,5254,1,245.0,124.116,50.66,T1_normal,-97.377,32.987,161.0,-97.227,33.009,161.0,line,161.0,8.863,NORTH,73.541,False,False
1849,5093,5291,1,251.0,43.127,17.182,T1_normal,-97.377,32.987,161.0,-97.34,32.753,161.0,line,161.0,16.27,NORTH,2.53,False,False
1850,5332,5093,1,251.0,76.402,30.439,T1_normal,-97.34,32.753,161.0,-97.377,32.987,161.0,line,161.0,16.27,NORTH,22.475,False,False
1851,5093,5434,1,310.0,145.813,47.036,T1_normal,-97.377,32.987,161.0,-97.444,33.001,161.0,line,161.0,4.014,NORTH,46.922,False,False
1852,5093,5434,1,310.0,145.813,47.036,T1_normal,-97.377,32.987,161.0,-97.444,33.001,161.0,line,161.0,4.014,NORTH,46.922,False,False
1853,5094,5381,1,310.0,141.785,45.737,T1_normal,-96.706,32.233,161.0,-96.675,32.32,161.0,line,161.0,6.309,NORTH,33.849,False,False
1854,5485,5094,1,310.0,9.745,3.144,T1_normal,-96.724,32.123,161.0,-96.706,32.233,161.0,line,161.0,7.644,NORTH,8.744,False,False
1855,13252,5094,1,200.6,134.7,67.149,T1_normal,-96.706,32.233,20.0,-96.706,32.233,161.0,transformer,161.0,0.0,NORTH,67.149,False,False
1856,5277,5095,1,301.0,219.169,72.814,T1_normal,-96.951,33.176,161.0,-97.005,33.11,161.0,line,161.0,5.566,NORTH,58.337,False,False
1857,5341,5095,1,265.0,186.929,70.539,T1_normal,-97.012,33.075,161.0,-97.005,33.11,161.0,line,161.0,2.481,NORTH,54.096,False,False
1858,5305,5096,1,310.0,149.15,48.113,T1_normal,-96.651,33.102,161.0,-96.731,33.047,161.0,line,161.0,5.972,NORTH,37.997,False,False
1859,5305,5096,1,310.0,149.15,48.113,T1_normal,-96.651,33.102,161.0,-96.731,33.047,161.0,line,161.0,5.972,NORTH,37.997,False,False
1860,5305,5096,1,310.0,149.15,48.113,T1_normal,-96.651,33.102,161.0,-96.731,33.047,161.0,line,161.0,5.972,NORTH,37.997,False,False
1861,5096,5412,1,291.0,132.158,45.415,T1_normal,-96.731,33.047,161.0,-96.535,33.012,161.0,line,161.0,11.601,NORTH,17.751,False,False
1862,5097,5125,1,409.0,159.155,38.913,T1_normal,-97.089,32.837,161.0,-97.125,32.7,161.0,line,161.0,9.734,NORTH,31.512,False,False
1863,5097,5125,1,409.0,159.155,38.913,T1_normal,-97.089,32.837,161.0,-97.125,32.7,161.0,line,161.0,9.734,NORTH,31.512,False,False
1864,5097,5125,1,205.3,174.859,85.172,T2_watch,-97.089,32.837,161.0,-97.125,32.7,161.0,line,161.0,9.734,NORTH,68.973,False,False
1865,5098,5453,1,310.0,259.014,83.553,T2_watch,-97.34,32.753,161.0,-97.458,32.338,161.0,line,161.0,29.5,NORTH,70.223,False,False
1866,5098,5475,1,187.0,26.94,14.407,T1_normal,-97.34,32.753,161.0,-97.196,32.415,161.0,line,161.0,24.826,NORTH,5.556,False,False
1867,5099,5195,1,409.0,270.207,66.065,T1_normal,-97.092,33.034,161.0,-97.174,33.115,161.0,line,161.0,7.306,NORTH,58.517,False,False
1868,5099,5339,1,409.0,202.577,49.53,T1_normal,-97.092,33.034,161.0,-97.149,32.96,161.0,line,161.0,6.052,NORTH,41.981,False,False
1869,5100,5229,1,310.0,173.323,55.911,T1_normal,-96.801,32.808,161.0,-96.801,32.808,161.0,line,161.0,0.0,NORTH,25.531,False,False
1870,5229,5100,1,310.0,173.323,55.911,T1_normal,-96.801,32.808,161.0,-96.801,32.808,161.0,line,161.0,0.0,NORTH,25.531,False,False
1871,5250,5100,1,409.0,368.205,90.026,T3_prevent,-96.801,32.808,161.0,-96.801,32.808,161.0,line,161.0,0.0,NORTH,56.281,False,False
1872,5250,5100,1,409.0,368.205,90.026,T3_prevent,-96.801,32.808,161.0,-96.801,32.808,161.0,line,161.0,0.0,NORTH,56.281,False,False
1873,5250,5100,1,409.0,368.205,90.026,T3_prevent,-96.801,32.808,161.0,-96.801,32.808,161.0,line,161.0,0.0,NORTH,56.281,False,False
1874,5100,5272,1,204.2,205.59,100.681,T4_light,-96.801,32.808,161.0,-96.801,32.808,161.0,line,161.0,0.0,NORTH,72.753,True,True
1875,5100,5352,1,310.0,148.549,47.919,T1_normal,-96.801,32.808,161.0,-96.801,32.808,161.0,line,161.0,0.0,NORTH,33.653,False,False
1876,5100,5352,1,310.0,148.549,47.919,T1_normal,-96.801,32.808,161.0,-96.801,32.808,161.0,line,161.0,0.0,NORTH,33.653,False,False
1877,5100,5352,1,238.0,217.313,91.308,T3_prevent,-96.801,32.808,161.0,-96.801,32.808,161.0,line,161.0,0.0,NORTH,64.124,False,False
1878,5231,5101,1,187.0,6.191,3.311,T1_normal,-98.214,31.738,161.0,-98.653,31.857,161.0,line,161.0,27.041,NORTH,42.317,False,False
1879,5101,13018,1,188.4,194.508,103.242,T4_light,-98.653,31.857,161.0,-98.188,32.186,161.0,line,161.0,35.479,NORTH,13.092,True,True
1880,5101,13051,1,222.1,143.683,64.693,T1_normal,-98.653,31.857,161.0,-98.653,31.857,161.0,line,161.0,0.0,NORTH,35.097,False,False
1881,5103,5102,1,1345.0,895.355,66.569,T1_normal,-96.703,32.984,161.0,-96.703,32.984,500.0,transformer,500.0,0.0,NORTH,50.408,False,False
1882,5103,5102,1,1345.0,895.355,66.569,T1_normal,-96.703,32.984,161.0,-96.703,32.984,500.0,transformer,500.0,0.0,NORTH,50.408,False,False
1883,5102,5304,1,2295.0,461.823,20.123,T1_normal,-96.703,32.984,500.0,-96.651,33.102,500.0,line,500.0,8.695,NORTH,17.384,False,False
1884,5384,5102,1,2020.0,172.452,8.537,T1_normal,-96.801,32.808,500.0,-96.703,32.984,500.0,line,500.0,13.401,NORTH,9.585,False,False
1885,5464,5102,1,2020.0,456.232,22.586,T1_normal,-96.823,33.155,500.0,-96.703,32.984,500.0,line,500.0,13.723,NORTH,30.309,False,False
1886,5102,12536,1,2239.4,824.139,36.802,T1_normal,-96.703,32.984,500.0,-96.546,32.836,500.0,line,500.0,13.685,NORTH,6.75,False,False
1887,5103,5130,1,310.0,146.642,47.304,T1_normal,-96.703,32.984,161.0,-96.731,33.047,161.0,line,161.0,4.681,NORTH,37.268,False,False
1888,5103,5130,1,310.0,146.642,47.304,T1_normal,-96.703,32.984,161.0,-96.731,33.047,161.0,line,161.0,4.681,NORTH,37.268,False,False
1889,5103,5139,1,233.0,269.644,115.727,T5_moderate,-96.703,32.984,161.0,-96.801,32.808,161.0,line,161.0,13.401,NORTH,73.762,True,True
1890,5104,5199,1,251.0,77.827,31.007,T1_normal,-97.34,32.753,161.0,-97.34,32.753,161.0,line,161.0,0.0,NORTH,14.727,False,False
1891,5447,5104,1,363.0,200.117,55.129,T1_normal,-97.125,32.7,161.0,-97.34,32.753,161.0,line,161.0,13.037,NORTH,55.835,False,False
1892,5447,5104,1,363.0,200.117,55.129,T1_normal,-97.125,32.7,161.0,-97.34,32.753,161.0,line,161.0,13.037,NORTH,55.835,False,False
1893,5104,5480,1,310.0,192.245,62.015,T1_normal,-97.34,32.753,161.0,-97.307,32.533,161.0,line,161.0,15.364,NORTH,44.712,False,False
1894,5104,5480,1,310.0,192.245,62.015,T1_normal,-97.34,32.753,161.0,-97.307,32.533,161.0,line,161.0,15.364,NORTH,44.712,False,False
1895,5104,5480,1,310.0,192.245,62.015,T1_normal,-97.34,32.753,161.0,-97.307,32.533,161.0,line,161.0,15.364,NORTH,44.712,False,False
1896,5104,5480,1,310.0,192.245,62.015,T1_normal,-97.34,32.753,161.0,-97.307,32.533,161.0,line,161.0,15.364,NORTH,44.712,False,False
1897,5105,5148,1,187.0,32.269,17.256,T1_normal,-96.97,32.86,161.0,-96.97,32.86,161.0,line,161.0,0.0,NORTH,18.405,False,False
1898,5105,5253,1,235.0,245.246,104.36,T4_light,-96.97,32.86,161.0,-97.092,33.034,161.0,line,161.0,13.93,NORTH,75.104,True,True
1899,5105,5422,1,251.0,42.604,16.974,T1_normal,-96.97,32.86,161.0,-96.962,33.02,161.0,line,161.0,11.015,NORTH,1.981,False,False
1900,5108,5266,1,310.0,127.088,40.996,T1_normal,-96.801,32.808,161.0,-96.965,32.58,161.0,line,161.0,18.416,NORTH,42.681,False,False
1901,5108,5266,1,310.0,127.088,40.996,T1_normal,-96.801,32.808,161.0,-96.965,32.58,161.0,line,161.0,18.416,NORTH,42.681,False,False
1902,5108,5353,1,310.0,145.034,46.785,T1_normal,-96.801,32.808,161.0,-96.914,32.652,161.0,line,161.0,12.653,NORTH,35.029,False,False
1903,5108,5353,1,310.0,145.034,46.785,T1_normal,-96.801,32.808,161.0,-96.914,32.652,161.0,line,161.0,12.653,NORTH,35.029,False,False
1904,5108,5353,1,251.0,165.374,65.886,T1_normal,-96.801,32.808,161.0,-96.914,32.652,161.0,line,161.0,12.653,NORTH,49.33,False,False
1905,5449,5108,1,310.0,255.086,82.286,T2_watch,-97.01,32.724,161.0,-96.801,32.808,161.0,line,161.0,13.495,NORTH,69.435,False,False
1906,5449,5108,1,310.0,255.086,82.286,T2_watch,-97.01,32.724,161.0,-96.801,32.808,161.0,line,161.0,13.495,NORTH,69.435,False,False
1907,5449,5108,1,310.0,255.086,82.286,T2_watch,-97.01,32.724,161.0,-96.801,32.808,161.0,line,161.0,13.495,NORTH,69.435,False,False
1908,5274,5109,1,251.0,537.591,214.18,T7_structural,-96.674,32.605,161.0,-96.765,32.59,161.0,line,161.0,5.385,NORTH,20.146,True,True
1909,5109,5333,1,251.0,119.611,47.654,T1_normal,-96.765,32.59,161.0,-96.807,32.522,161.0,line,161.0,5.329,NORTH,1.36,False,False
1910,5176,5110,1,251.0,126.509,50.402,T1_normal,-98.324,32.905,161.0,-98.294,32.711,161.0,line,161.0,13.515,NORTH,39.736,False,False
1911,5110,5200,1,251.0,66.988,26.688,T1_normal,-98.294,32.711,161.0,-98.127,32.8,161.0,line,161.0,11.459,NORTH,22.823,False,False
1912,5110,5255,1,206.1,56.081,27.211,T1_normal,-98.294,32.711,161.0,-97.993,32.704,161.0,line,161.0,17.473,NORTH,18.929,False,False
1913,5203,5111,1,251.0,60.301,24.024,T1_normal,-96.801,32.808,161.0,-96.839,32.96,161.0,line,161.0,10.712,NORTH,16.223,False,False
1914,5111,5289,1,310.0,70.187,22.641,T1_normal,-96.839,32.96,161.0,-96.801,32.808,161.0,line,161.0,10.712,NORTH,9.782,False,False
1915,5111,5289,1,310.0,70.187,22.641,T1_normal,-96.839,32.96,161.0,-96.801,32.808,161.0,line,161.0,10.712,NORTH,9.782,False,False
1916,5111,5372,1,251.0,163.436,65.114,T1_normal,-96.839,32.96,161.0,-96.801,32.808,161.0,line,161.0,10.712,NORTH,25.551,False,False
1917,5112,5133,1,187.0,2294.141,1226.813,T7_structural,-97.883,32.001,161.0,-97.924,32.363,161.0,line,161.0,25.074,NORTH,41.946,True,True
1918,5191,5112,1,187.0,753.02,402.684,T7_structural,-97.71,31.916,161.0,-97.883,32.001,161.0,line,161.0,11.702,NORTH,41.986,True,True
1919,5112,5246,1,187.0,627.029,335.31,T7_structural,-97.883,32.001,161.0,-97.79,32.253,161.0,line,161.0,18.225,NORTH,15.612,True,True
1920,5286,5112,1,150.0,290.168,193.446,T7_structural,-98.412,32.207,161.0,-97.883,32.001,161.0,line,161.0,34.101,NORTH,53.685,True,True
1921,5112,5318,1,242.8,645.583,265.891,T7_structural,-97.883,32.001,161.0,-97.699,32.409,161.0,line,161.0,30.141,NORTH,12.19,True,True
1922,5113,5195,1,251.0,160.736,64.038,T1_normal,-97.342,33.318,161.0,-97.174,33.115,161.0,line,161.0,17.088,NORTH,81.873,False,False
1923,5113,5218,1,187.0,68.405,36.58,T1_normal,-97.342,33.318,161.0,-97.34,33.1,161.0,line,161.0,15.065,NORTH,42.341,False,False
1924,5220,5113,1,187.0,62.209,33.267,T1_normal,-97.213,33.373,161.0,-97.342,33.318,161.0,line,161.0,8.345,NORTH,39.208,False,False
1925,12932,5113,1,293.1,0.0,0.0,T1_normal,-97.342,33.318,20.0,-97.342,33.318,161.0,transformer,161.0,0.0,NORTH,0.0,False,False
1926,5113,13330,1,306.6,188.512,61.485,T1_normal,-97.342,33.318,161.0,-97.342,33.318,161.0,line,161.0,0.0,NORTH,75.976,False,False
1927,5219,5114,1,187.0,184.146,98.474,T3_prevent,-96.429,32.533,161.0,-96.255,32.569,161.0,line,161.0,10.42,NORTH,1.666,False,False
1928,5114,5222,1,310.0,164.778,53.154,T1_normal,-96.255,32.569,161.0,-96.092,32.357,161.0,line,161.0,17.425,NORTH,11.414,False,False
1929,5227,5114,1,310.0,76.318,24.619,T1_normal,-96.243,32.789,161.0,-96.255,32.569,161.0,line,161.0,15.23,NORTH,7.961,False,False
1930,5115,5421,1,251.0,32.427,12.919,T1_normal,-96.24,33.161,161.0,-96.309,33.066,161.0,line,161.0,7.686,NORTH,6.428,False,False
1931,5454,5115,1,251.0,46.967,18.712,T1_normal,-96.125,33.114,161.0,-96.24,33.161,161.0,line,161.0,7.404,NORTH,0.636,False,False
1932,5116,5224,1,310.0,84.62,27.297,T1_normal,-96.731,33.047,161.0,-96.89,33.006,161.0,line,161.0,9.646,NORTH,20.44,False,False
1933,5116,5224,1,310.0,84.62,27.297,T1_normal,-96.731,33.047,161.0,-96.89,33.006,161.0,line,161.0,9.646,NORTH,20.44,False,False
1934,5117,5216,1,251.0,52.937,21.09,T1_normal,-97.34,32.753,161.0,-97.34,32.753,161.0,line,161.0,0.0,NORTH,20.96,False,False
1935,5117,5216,1,228.0,112.649,49.407,T1_normal,-97.34,32.753,161.0,-97.34,32.753,161.0,line,161.0,0.0,NORTH,49.102,False,False
1936,5117,5409,1,187.0,10.307,5.512,T1_normal,-97.34,32.753,161.0,-97.125,32.7,161.0,line,161.0,13.037,NORTH,19.402,False,False
1937,5334,5118,1,187.0,38.858,20.78,T1_normal,-99.519,32.266,161.0,-99.225,32.359,161.0,line,161.0,18.296,NORTH,27.262,False,False
1938,5347,5118,1,187.0,32.971,17.632,T1_normal,-99.153,32.386,161.0,-99.225,32.359,161.0,line,161.0,4.593,NORTH,14.652,False,False
1939,5118,5456,1,251.0,131.505,52.392,T1_normal,-99.225,32.359,161.0,-98.985,32.117,161.0,line,161.0,21.837,NORTH,49.665,False,False
1940,5118,12842,1,209.2,23.811,11.382,T1_normal,-99.225,32.359,161.0,-99.225,32.359,161.0,line,161.0,0.0,NORTH,9.1,False,False
1941,5118,12885,1,221.0,51.025,23.088,T1_normal,-99.225,32.359,161.0,-99.153,32.386,161.0,line,161.0,4.593,NORTH,19.187,False,False
1942,13193,5118,1,180.5,0.0,0.0,T1_normal,-99.225,32.359,20.0,-99.225,32.359,161.0,transformer,161.0,0.0,NORTH,0.0,False,False
1943,5119,5205,1,187.0,20.767,11.105,T1_normal,-98.054,33.015,161.0,-97.934,33.08,161.0,line,161.0,8.253,NORTH,38.32,False,False
1944,5119,5255,1,233.0,109.585,47.032,T1_normal,-98.054,33.015,161.0,-97.993,32.704,161.0,line,161.0,21.741,NORTH,12.791,False,False
1945,5337,5119,1,187.0,93.218,49.849,T1_normal,-98.245,33.098,161.0,-98.054,33.015,161.0,line,161.0,12.454,NORTH,56.61,False,False
1946,5121,5120,1,298.0,141.936,47.629,T1_normal,-99.033,31.748,161.0,-99.033,31.748,500.0,transformer,500.0,0.0,NORTH,20.8,False,False
1947,5120,5239,1,2020.0,557.538,27.601,T1_normal,-99.033,31.748,500.0,-98.44,31.442,500.0,line,500.0,40.804,NORTH,58.772,False,False
1948,5120,5239,1,2724.7,830.764,30.49,T1_normal,-99.033,31.748,500.0,-98.44,31.442,500.0,line,500.0,40.804,NORTH,64.924,False,False
1949,5120,5239,1,2724.7,830.764,30.49,T1_normal,-99.033,31.748,500.0,-98.44,31.442,500.0,line,500.0,40.804,NORTH,64.924,False,False
1950,12564,5120,1,3036.5,1626.218,53.556,T1_normal,-100.984,31.876,500.0,-99.033,31.748,500.0,line,500.0,114.915,WEST,66.448,False,False
1951,12564,5120,1,3036.5,1626.218,53.556,T1_normal,-100.984,31.876,500.0,-99.033,31.748,500.0,line,500.0,114.915,WEST,66.448,False,False
1952,5120,13429,1,2700.0,233.639,8.653,T1_normal,-99.033,31.748,500.0,-99.187,31.548,500.0,line,500.0,16.545,NORTH,22.481,False,False
1953,5122,5149,1,198.3,113.481,57.227,T1_normal,-96.801,32.808,161.0,-96.801,32.808,161.0,line,161.0,0.0,NORTH,40.244,False,False
1954,5122,5161,1,227.7,14.557,6.393,T1_normal,-96.801,32.808,161.0,-96.801,32.808,161.0,line,161.0,0.0,NORTH,12.207,False,False
1955,5122,5252,1,187.0,33.427,17.875,T1_normal,-96.801,32.808,161.0,-96.801,32.808,161.0,line,161.0,0.0,NORTH,11.015,False,False
1956,5122,5308,1,251.0,330.782,131.786,T6_heavy,-96.801,32.808,161.0,-96.546,32.836,161.0,line,161.0,14.929,NORTH,82.813,True,True
1957,5124,5123,1,214.0,3.6,1.682,T1_normal,-96.814,31.202,115.0,-96.814,31.202,161.0,transformer,161.0,0.0,NORTH,2.582,False,False
1958,5159,5123,1,187.0,3.6,1.925,T1_normal,-96.897,31.037,161.0,-96.814,31.202,161.0,line,161.0,12.403,NORTH,2.955,False,False
1959,8157,5124,1,149.0,30.29,20.329,T1_normal,-96.695,31.092,115.0,-96.814,31.202,115.0,line,115.0,10.39,NORTH,14.204,False,False
1960,5125,5330,1,409.0,155.917,38.121,T1_normal,-97.125,32.7,161.0,-97.125,32.7,161.0,line,161.0,0.0,NORTH,29.211,False,False
1961,5125,5330,1,409.0,155.917,38.121,T1_normal,-97.125,32.7,161.0,-97.125,32.7,161.0,line,161.0,0.0,NORTH,29.211,False,False
1962,5125,5330,1,211.4,143.31,67.791,T1_normal,-97.125,32.7,161.0,-97.125,32.7,161.0,line,161.0,0.0,NORTH,51.945,False,False
1963,5126,5252,1,187.0,86.31,46.155,T1_normal,-96.801,32.808,161.0,-96.801,32.808,161.0,line,161.0,0.0,NORTH,39.255,False,False
1964,5126,5309,1,187.0,8.87,4.743,T1_normal,-96.801,32.808,161.0,-96.801,32.808,161.0,line,161.0,0.0,NORTH,25.458,False,False
1965,5126,5386,1,310.0,131.738,42.496,T1_normal,-96.801,32.808,161.0,-96.703,32.984,161.0,line,161.0,13.401,NORTH,29.157,False,False
1966,5191,5127,1,187.0,169.106,90.431,T3_prevent,-97.71,31.916,161.0,-97.804,31.769,161.0,line,161.0,11.58,NORTH,13.915,False,False
1967,5127,5231,1,187.0,74.23,39.695,T1_normal,-97.804,31.769,161.0,-98.214,31.738,161.0,line,161.0,24.142,NORTH,39.793,False,False
1968,5314,5127,1,187.0,100.376,53.677,T1_normal,-97.506,31.662,161.0,-97.804,31.769,161.0,line,161.0,19.026,NORTH,50.767,False,False
1969,5128,5157,1,186.7,104.82,56.143,T1_normal,-96.801,32.808,161.0,-96.864,32.599,161.0,line,161.0,14.892,NORTH,28.877,False,False
1970,5128,5214,1,251.0,10.295,4.102,T1_normal,-96.801,32.808,161.0,-96.801,32.808,161.0,line,161.0,0.0,NORTH,10.635,False,False
1971,5128,5214,1,238.9,12.673,5.305,T1_normal,-96.801,32.808,161.0,-96.801,32.808,161.0,line,161.0,0.0,NORTH,13.754,False,False
1972,5128,5340,1,194.2,59.28,30.525,T1_normal,-96.801,32.808,161.0,-96.801,32.808,161.0,line,161.0,0.0,NORTH,18.998,False,False
1973,5128,5467,1,251.0,48.474,19.312,T1_normal,-96.801,32.808,161.0,-96.801,32.808,161.0,line,161.0,0.0,NORTH,11.834,False,False
1974,5226,5129,1,187.0,75.559,40.406,T1_normal,-98.776,31.687,161.0,-98.44,31.442,161.0,line,161.0,26.031,NORTH,38.782,False,False
1975,5129,5240,1,187.0,54.686,29.244,T1_normal,-98.44,31.442,161.0,-98.44,31.442,161.0,line,161.0,0.0,NORTH,10.891,False,False
1976,5129,5240,1,334.1,100.44,30.063,T1_normal,-98.44,31.442,161.0,-98.44,31.442,161.0,line,161.0,0.0,NORTH,11.196,False,False
1977,12794,5129,1,427.3,0.0,0.0,T1_normal,-98.44,31.442,20.0,-98.44,31.442,161.0,transformer,161.0,0.0,NORTH,0.0,False,False
1978,5129,13069,1,222.0,78.186,35.219,T1_normal,-98.44,31.442,161.0,-98.603,31.685,161.0,line,161.0,19.327,NORTH,33.804,False,False
1979,5129,13117,1,229.0,16.949,7.401,T1_normal,-98.44,31.442,161.0,-98.44,31.442,161.0,line,161.0,0.0,NORTH,31.208,False,False
1980,5130,5173,1,310.0,48.235,15.56,T1_normal,-96.731,33.047,161.0,-96.731,33.047,161.0,line,161.0,0.0,NORTH,14.708,False,False
1981,5173,5130,1,310.0,48.235,15.56,T1_normal,-96.731,33.047,161.0,-96.731,33.047,161.0,line,161.0,0.0,NORTH,14.708,False,False
1982,5132,5131,1,981.0,125.211,12.764,T1_normal,-97.5,31.052,161.0,-97.5,31.052,500.0,transformer,500.0,0.0,NORTH,2.042,False,False
1983,5131,5279,1,2020.0,42.759,2.117,T1_normal,-97.5,31.052,500.0,-97.314,31.09,500.0,line,500.0,11.286,NORTH,28.119,False,False
1984,5131,5410,1,2768.0,139.195,5.029,T1_normal,-97.5,31.052,500.0,-97.761,31.052,500.0,line,500.0,15.452,NORTH,38.611,False,False
1985,5131,6107,1,2768.0,56.743,2.05,T1_normal,-97.5,31.052,500.0,-96.947,30.633,500.0,line,500.0,43.716,NORTH,58.408,False,False
1986,5163,5132,1,251.0,176.674,70.388,T1_normal,-97.604,31.076,161.0,-97.5,31.052,161.0,line,161.0,6.406,NORTH,45.773,False,False
1987,5132,5390,1,343.0,153.983,44.893,T1_normal,-97.5,31.052,161.0,-97.212,30.983,161.0,line,161.0,17.691,NORTH,57.545,False,False
1988,5155,5134,1,251.0,89.475,35.647,T1_normal,-98.666,32.759,161.0,-98.892,32.804,161.0,line,161.0,13.491,NORTH,30.842,False,False
1989,5134,13380,1,248.1,13.929,5.614,T1_normal,-98.892,32.804,161.0,-99.153,32.386,161.0,line,161.0,32.658,NORTH,8.419,False,False
1990,5155,5135,1,279.0,296.104,106.13,T4_light,-98.666,32.759,161.0,-98.664,32.496,161.0,line,161.0,18.207,NORTH,49.058,True,True
1991,5169,5135,1,187.0,114.59,61.278,T1_normal,-98.412,32.207,161.0,-98.664,32.496,161.0,line,161.0,24.784,NORTH,14.789,False,False
1992,5135,5264,1,251.0,134.104,53.428,T1_normal,-98.664,32.496,161.0,-98.552,32.299,161.0,line,161.0,15.11,NORTH,24.624,False,False
1993,5136,5288,1,251.0,29.541,11.77,T1_normal,-95.668,33.457,161.0,-96.014,33.413,161.0,line,161.0,20.196,NORTH,2.386,False,False
1994,12779,5136,1,293.3,0.0,0.0,T1_normal,-95.668,33.457,20.0,-95.668,33.457,161.0,transformer,161.0,0.0,NORTH,0.0,False,False
1995,12780,5136,1,154.9,0.0,0.0,T1_normal,-95.668,33.457,20.0,-95.668,33.457,161.0,transformer,161.0,0.0,NORTH,0.0,False,False
1996,5138,5137,1,945.0,381.955,40.418,T1_normal,-97.146,31.559,161.0,-97.146,31.559,500.0,transformer,500.0,0.0,NORTH,30.23,False,False
1997,5137,5388,1,2020.0,196.785,9.742,T1_normal,-97.146,31.559,500.0,-97.146,31.559,500.0,line,500.0,0.0,NORTH,20.341,False,False
1998,5137,5451,1,2020.0,312.662,15.478,T1_normal,-97.146,31.559,500.0,-97.968,31.219,500.0,line,500.0,53.908,NORTH,6.199,False,False
1999,5139,5183,1,310.0,165.722,53.459,T1_normal,-96.801,32.808,161.0,-96.89,33.006,161.0,line,161.0,14.602,NORTH,53.999,False,False
2000,5139,5233,1,409.0,75.255,18.4,T1_normal,-96.801,32.808,161.0,-97.089,32.837,161.0,line,161.0,16.833,NORTH,27.2,False,False
2001,5344,5139,1,310.0,77.279,24.929,T1_normal,-96.801,32.808,161.0,-96.801,32.808,161.0,line,161.0,0.0,NORTH,9.463,False,False
2002,5140,5182,1,213.3,10.215,4.789,T1_normal,-97.732,31.462,161.0,-97.732,31.462,161.0,line,161.0,0.0,NORTH,8.159,False,False
2003,5140,5466,1,187.0,1.762,0.942,T1_normal,-97.732,31.462,161.0,-97.732,31.462,161.0,line,161.0,0.0,NORTH,0.083,False,False
2004,5140,5466,1,244.6,3.839,1.57,T1_normal,-97.732,31.462,161.0,-97.732,31.462,161.0,line,161.0,0.0,NORTH,0.139,False,False
2005,5141,5408,1,187.0,56.875,30.415,T1_normal,-96.378,33.322,161.0,-96.356,33.174,161.0,line,161.0,10.275,NORTH,29.123,False,False
2006,5142,5466,1,187.0,26.49,14.166,T1_normal,-97.39,31.285,161.0,-97.732,31.462,161.0,line,161.0,23.57,NORTH,17.85,False,False
2007,5143,5216,1,409.0,151.236,36.977,T1_normal,-97.34,32.753,161.0,-97.34,32.753,161.0,line,161.0,0.0,NORTH,9.172,False,False
2008,5143,5428,1,409.0,179.795,43.96,T1_normal,-97.34,32.753,161.0,-97.181,32.817,161.0,line,161.0,10.265,NORTH,33.679,False,False
2009,5428,5143,1,409.0,179.795,43.96,T1_normal,-97.181,32.817,161.0,-97.34,32.753,161.0,line,161.0,10.265,NORTH,33.679,False,False
2010,5144,5314,1,187.0,65.198,34.865,T1_normal,-97.146,31.559,161.0,-97.506,31.662,161.0,line,161.0,22.378,NORTH,4.972,False,False
2011,5389,5144,1,187.0,179.68,96.086,T3_prevent,-97.146,31.559,161.0,-97.146,31.559,161.0,line,161.0,0.0,NORTH,34.295,False,False
2012,5145,5251,1,310.0,165.709,53.455,T1_normal,-97.01,32.724,161.0,-97.01,32.724,161.0,line,161.0,0.0,NORTH,36.759,False,False
2013,5145,5251,1,310.0,165.709,53.455,T1_normal,-97.01,32.724,161.0,-97.01,32.724,161.0,line,161.0,0.0,NORTH,36.759,False,False
2014,5145,5323,1,310.0,248.03,80.01,T2_watch,-97.01,32.724,161.0,-96.801,32.808,161.0,line,161.0,13.495,NORTH,37.179,False,False
2015,5145,5323,1,310.0,248.03,80.01,T2_watch,-97.01,32.724,161.0,-96.801,32.808,161.0,line,161.0,13.495,NORTH,37.179,False,False
2016,5145,5323,1,310.0,248.03,80.01,T2_watch,-97.01,32.724,161.0,-96.801,32.808,161.0,line,161.0,13.495,NORTH,37.179,False,False
2017,5146,5149,1,251.0,216.911,86.419,T2_watch,-96.553,32.918,161.0,-96.801,32.808,161.0,line,161.0,16.238,NORTH,49.507,False,False
2018,5146,5152,1,310.0,124.069,40.022,T1_normal,-96.553,32.918,161.0,-96.581,32.969,161.0,line,161.0,3.871,NORTH,33.326,False,False
2019,5146,5152,1,310.0,124.069,40.022,T1_normal,-96.553,32.918,161.0,-96.581,32.969,161.0,line,161.0,3.871,NORTH,33.326,False,False
2020,5336,5146,1,310.0,160.002,51.613,T1_normal,-96.553,32.918,161.0,-96.553,32.918,161.0,line,161.0,0.0,NORTH,38.057,False,False
2021,5336,5146,1,310.0,160.002,51.613,T1_normal,-96.553,32.918,161.0,-96.553,32.918,161.0,line,161.0,0.0,NORTH,38.057,False,False
2022,5336,5146,1,310.0,160.002,51.613,T1_normal,-96.553,32.918,161.0,-96.553,32.918,161.0,line,161.0,0.0,NORTH,38.057,False,False
2023,5146,5412,1,251.0,75.794,30.197,T1_normal,-96.553,32.918,161.0,-96.535,33.012,161.0,line,161.0,6.594,NORTH,26.974,False,False
2024,5147,5188,1,187.0,98.428,52.635,T1_normal,-96.731,33.047,161.0,-96.89,33.006,161.0,line,161.0,9.646,NORTH,43.406,False,False
2025,5147,5224,1,251.0,44.749,17.828,T1_normal,-96.731,33.047,161.0,-96.89,33.006,161.0,line,161.0,9.646,NORTH,14.867,False,False
2026,5148,5335,1,187.0,42.059,22.491,T1_normal,-96.97,32.86,161.0,-96.97,32.86,161.0,line,161.0,0.0,NORTH,39.731,False,False
2027,5148,5457,1,187.0,154.588,82.667,T2_watch,-96.97,32.86,161.0,-97.15,32.892,161.0,line,161.0,10.647,NORTH,77.589,False,False
2028,5463,5148,1,187.0,11.749,6.283,T1_normal,-96.97,32.86,161.0,-96.97,32.86,161.0,line,161.0,0.0,NORTH,25.151,False,False
2029,5294,5149,1,251.0,104.385,41.588,T1_normal,-96.801,32.808,161.0,-96.801,32.808,161.0,line,161.0,0.0,NORTH,22.236,False,False
2030,5149,5309,1,187.0,29.71,15.888,T1_normal,-96.801,32.808,161.0,-96.801,32.808,161.0,line,161.0,0.0,NORTH,17.393,False,False
2031,5197,5150,1,310.0,133.123,42.943,T1_normal,-98.374,33.241,161.0,-98.374,33.241,161.0,line,161.0,0.0,NORTH,48.353,False,False
2032,5150,5337,1,206.8,22.907,11.077,T1_normal,-98.374,33.241,161.0,-98.245,33.098,161.0,line,161.0,12.406,NORTH,10.052,False,False
2033,5150,5432,1,310.0,151.65,48.919,T1_normal,-98.374,33.241,161.0,-97.826,32.762,161.0,line,161.0,45.877,NORTH,53.646,False,False
2034,5154,5151,1,187.0,118.942,63.606,T1_normal,-97.344,32.116,161.0,-97.53,31.989,161.0,line,161.0,13.999,NORTH,0.423,False,False
2035,5191,5151,1,187.0,236.816,126.64,T6_heavy,-97.71,31.916,161.0,-97.53,31.989,161.0,line,161.0,11.709,NORTH,9.041,True,True
2036,5407,5151,1,187.0,123.264,65.917,T1_normal,-97.462,31.82,161.0,-97.53,31.989,161.0,line,161.0,12.347,NORTH,5.736,False,False
2037,5181,5152,1,310.0,117.618,37.941,T1_normal,-96.634,32.909,161.0,-96.581,32.969,161.0,line,161.0,5.202,NORTH,24.066,False,False
2038,5181,5152,1,310.0,117.618,37.941,T1_normal,-96.634,32.909,161.0,-96.581,32.969,161.0,line,161.0,5.202,NORTH,24.066,False,False
2039,5205,5153,1,409.0,171.26,41.873,T1_normal,-97.934,33.08,161.0,-97.723,33.099,161.0,line,161.0,12.252,NORTH,52.343,False,False
2040,5205,5153,1,409.0,171.26,41.873,T1_normal,-97.934,33.08,161.0,-97.723,33.099,161.0,line,161.0,12.252,NORTH,52.343,False,False
2041,5153,12555,1,488.0,267.069,54.727,T1_normal,-97.723,33.099,161.0,-97.934,33.08,161.0,line,161.0,12.252,NORTH,60.4,False,False
2042,5153,12555,1,488.0,267.069,54.727,T1_normal,-97.723,33.099,161.0,-97.934,33.08,161.0,line,161.0,12.252,NORTH,60.4,False,False
2043,5153,13330,1,315.4,128.242,40.66,T1_normal,-97.723,33.099,161.0,-97.342,33.318,161.0,line,161.0,26.752,NORTH,60.893,False,False
2044,5154,5247,1,187.0,145.29,77.695,T1_normal,-97.344,32.116,161.0,-97.576,32.118,161.0,line,161.0,13.582,NORTH,13.291,False,False
2045,5290,5154,1,251.0,289.352,115.28,T5_moderate,-97.367,31.869,161.0,-97.344,32.116,161.0,line,161.0,17.093,NORTH,0.209,True,True
2046,13188,5154,1,141.3,0.0,0.0,T1_normal,-97.344,32.116,20.0,-97.344,32.116,161.0,transformer,161.0,0.0,NORTH,0.0,False,False
2047,5155,12636,1,294.0,210.459,71.585,T1_normal,-98.666,32.759,161.0,-98.732,33.127,161.0,line,161.0,25.672,NORTH,21.527,False,False
2048,5155,13191,1,210.8,0.0,0.0,T1_normal,-98.666,32.759,161.0,-98.677,32.635,161.0,line,161.0,8.609,NORTH,0.0,False,False
2049,5456,5156,1,295.0,118.374,40.127,T1_normal,-98.985,32.117,161.0,-98.927,31.931,161.0,line,161.0,13.27,NORTH,92.697,False,False
2050,5156,13051,1,194.4,72.138,37.108,T1_normal,-98.927,31.931,161.0,-98.653,31.857,161.0,line,161.0,16.924,NORTH,60.121,False,False
2051,5157,5194,1,187.0,206.081,110.204,T5_moderate,-96.864,32.599,161.0,-96.914,32.652,161.0,line,161.0,4.654,NORTH,25.977,True,True
2052,5333,5157,1,310.0,279.194,90.063,T3_prevent,-96.807,32.522,161.0,-96.864,32.599,161.0,line,161.0,6.302,NORTH,20.488,False,False
2053,5333,5157,1,310.0,279.194,90.063,T3_prevent,-96.807,32.522,161.0,-96.864,32.599,161.0,line,161.0,6.302,NORTH,20.488,False,False
2054,5157,5376,1,233.5,288.57,123.585,T5_moderate,-96.864,32.599,161.0,-96.801,32.808,161.0,line,161.0,14.892,NORTH,37.902,True,True
2055,5316,5158,1,409.0,118.056,28.864,T1_normal,-96.602,32.772,161.0,-96.602,32.772,161.0,line,161.0,0.0,NORTH,26.808,False,False
2056,5316,5158,1,409.0,118.056,28.864,T1_normal,-96.602,32.772,161.0,-96.602,32.772,161.0,line,161.0,0.0,NORTH,26.808,False,False
2057,5374,5158,1,500.0,249.276,49.855,T1_normal,-96.62,32.717,161.0,-96.602,32.772,161.0,line,161.0,3.94,NORTH,48.173,False,False
2058,5374,5158,1,500.0,249.276,49.855,T1_normal,-96.62,32.717,161.0,-96.602,32.772,161.0,line,161.0,3.94,NORTH,48.173,False,False
2059,5271,5159,1,187.0,15.07,8.059,T1_normal,-97.292,30.789,161.0,-96.897,31.037,161.0,line,161.0,29.015,NORTH,12.939,False,False
2060,12925,5159,1,286.6,0.0,0.0,T1_normal,-96.897,31.037,20.0,-96.897,31.037,161.0,transformer,161.0,0.0,NORTH,0.0,False,False
2061,5165,5160,1,310.0,178.493,57.578,T1_normal,-97.136,33.211,161.0,-97.136,33.211,161.0,line,161.0,0.0,NORTH,61.6,False,False
2062,5161,5181,1,187.0,126.509,67.652,T1_normal,-96.801,32.808,161.0,-96.634,32.909,161.0,line,161.0,11.887,NORTH,32.345,False,False
2063,5161,5272,1,310.0,64.551,20.823,T1_normal,-96.801,32.808,161.0,-96.801,32.808,161.0,line,161.0,0.0,NORTH,5.677,False,False
2064,5161,5316,1,409.0,150.69,36.843,T1_normal,-96.801,32.808,161.0,-96.602,32.772,161.0,line,161.0,11.824,NORTH,20.567,False,False
2065,5161,5356,1,251.0,17.077,6.803,T1_normal,-96.801,32.808,161.0,-96.634,32.909,161.0,line,161.0,11.887,NORTH,3.846,False,False
2066,5162,5211,1,187.0,7.589,4.058,T1_normal,-96.955,31.661,161.0,-96.807,31.849,161.0,line,161.0,15.595,NORTH,5.805,False,False
2067,5162,5437,1,187.0,0.899,0.481,T1_normal,-96.955,31.661,161.0,-97.074,31.697,161.0,line,161.0,7.393,NORTH,2.228,False,False
2068,5163,5221,1,184.3,45.405,24.637,T1_normal,-97.604,31.076,161.0,-97.761,31.052,161.0,line,161.0,9.415,NORTH,20.152,False,False
2069,5163,5235,1,187.0,22.737,12.159,T1_normal,-97.604,31.076,161.0,-97.599,30.926,161.0,line,161.0,10.385,NORTH,6.777,False,False
2070,5163,5377,1,228.1,30.664,13.443,T1_normal,-97.604,31.076,161.0,-97.761,31.052,161.0,line,161.0,9.415,NORTH,3.569,False,False
2071,5163,5477,1,241.1,63.816,26.469,T1_normal,-97.604,31.076,161.0,-97.645,31.051,161.0,line,161.0,2.947,NORTH,19.436,False,False
2072,5165,5164,1,1680.0,1144.322,68.114,T1_normal,-97.136,33.211,161.0,-97.136,33.211,500.0,transformer,500.0,0.0,NORTH,67.168,False,False
2073,5166,5164,1,97.6,2.036,2.086,T1_normal,-97.136,33.211,13.8,-97.136,33.211,500.0,transformer,500.0,0.0,NORTH,0.0,False,False
2074,5167,5164,1,90.7,2.036,2.245,T1_normal,-97.136,33.211,13.8,-97.136,33.211,500.0,transformer,500.0,0.0,NORTH,0.0,False,False
2075,5164,5204,1,3146.0,1062.039,33.758,T1_normal,-97.136,33.211,500.0,-97.934,33.08,500.0,line,500.0,47.046,NORTH,56.765,False,False
2076,5164,5464,1,2768.0,1475.621,53.31,T1_normal,-97.136,33.211,500.0,-96.823,33.155,500.0,line,500.0,18.481,NORTH,70.71,False,False
2077,5175,5165,1,409.0,302.05,73.851,T1_normal,-97.136,33.211,161.0,-97.136,33.211,161.0,line,161.0,0.0,NORTH,61.245,False,False
2078,5175,5165,1,409.0,302.05,73.851,T1_normal,-97.136,33.211,161.0,-97.136,33.211,161.0,line,161.0,0.0,NORTH,61.245,False,False
2079,5175,5165,1,409.0,302.05,73.851,T1_normal,-97.136,33.211,161.0,-97.136,33.211,161.0,line,161.0,0.0,NORTH,61.245,False,False
2080,5168,5203,1,187.0,67.858,36.288,T1_normal,-96.801,32.808,161.0,-96.801,32.808,161.0,line,161.0,0.0,NORTH,16.749,False,False
2081,5168,5245,1,187.0,41.534,22.211,T1_normal,-96.801,32.808,161.0,-97.072,32.926,161.0,line,161.0,17.685,NORTH,35.541,False,False
2082,5168,5311,1,251.0,22.736,9.058,T1_normal,-96.801,32.808,161.0,-96.801,32.808,161.0,line,161.0,0.0,NORTH,15.51,False,False
2083,5168,5344,1,200.0,9.06,4.53,T1_normal,-96.801,32.808,161.0,-96.801,32.808,161.0,line,161.0,0.0,NORTH,5.521,False,False
2084,5170,5169,1,89.3,52.8,59.127,T1_normal,-98.412,32.207,18.0,-98.412,32.207,161.0,transformer,161.0,0.0,NORTH,59.127,False,False
2085,5169,5264,1,234.7,30.789,13.118,T1_normal,-98.412,32.207,161.0,-98.552,32.299,161.0,line,161.0,10.34,NORTH,32.923,False,False
2086,5169,5456,1,264.9,254.348,96.017,T3_prevent,-98.412,32.207,161.0,-98.985,32.117,161.0,line,161.0,34.077,NORTH,20.441,False,False
2087,5169,5471,1,187.0,390.949,209.064,T7_structural,-98.412,32.207,161.0,-98.377,32.371,161.0,line,161.0,11.536,NORTH,30.661,True,True
2088,5171,5174,1,251.0,193.465,77.078,T1_normal,-96.915,32.044,161.0,-96.875,31.893,161.0,line,161.0,10.672,NORTH,52.44,False,False
2089,5306,5172,1,251.0,52.283,20.83,T1_normal,-97.573,32.708,161.0,-97.826,32.762,161.0,line,161.0,15.151,NORTH,8.972,False,False
2090,5430,5172,1,251.0,21.957,8.748,T1_normal,-97.826,32.762,161.0,-97.826,32.762,161.0,line,161.0,0.0,NORTH,38.55,False,False
2091,5173,5203,1,251.0,27.886,11.11,T1_normal,-96.731,33.047,161.0,-96.801,32.808,161.0,line,161.0,17.008,NORTH,3.064,False,False
2092,5174,5201,1,242.0,182.56,75.438,T1_normal,-96.875,31.893,161.0,-96.819,31.71,161.0,line,161.0,13.056,NORTH,58.966,False,False
2093,5474,5174,1,251.0,31.865,12.695,T1_normal,-97.015,31.87,161.0,-96.875,31.893,161.0,line,161.0,8.365,NORTH,21.452,False,False
2094,5195,5175,1,409.0,164.731,40.277,T1_normal,-97.174,33.115,161.0,-97.136,33.211,161.0,line,161.0,6.984,NORTH,21.783,False,False
2095,5175,5370,1,474.0,299.499,63.185,T1_normal,-97.136,33.211,161.0,-97.012,33.075,161.0,line,161.0,11.785,NORTH,57.354,False,False
2096,5175,5370,1,474.0,299.499,63.185,T1_normal,-97.136,33.211,161.0,-97.012,33.075,161.0,line,161.0,11.785,NORTH,57.354,False,False
2097,5177,5186,1,310.0,128.122,41.33,T1_normal,-97.125,32.7,161.0,-97.073,32.452,161.0,line,161.0,17.364,NORTH,41.029,False,False
2098,5177,5186,1,310.0,128.122,41.33,T1_normal,-97.125,32.7,161.0,-97.073,32.452,161.0,line,161.0,17.364,NORTH,41.029,False,False
2099,5177,5287,1,360.0,150.804,41.89,T1_normal,-97.125,32.7,161.0,-97.125,32.7,161.0,line,161.0,0.0,NORTH,38.083,False,False
2100,5258,5178,1,187.0,182.011,97.332,T3_prevent,-96.492,32.756,161.0,-96.445,32.898,161.0,line,161.0,10.151,NORTH,67.957,False,False
2101,5308,5178,1,251.0,73.6,29.323,T1_normal,-96.546,32.836,161.0,-96.445,32.898,161.0,line,161.0,7.273,NORTH,31.392,False,False
2102,5178,5354,1,187.0,125.972,67.365,T1_normal,-96.445,32.898,161.0,-96.602,32.772,161.0,line,161.0,12.635,NORTH,40.767,False,False
2103,5180,5179,1,946.0,221.373,23.401,T1_normal,-96.387,32.061,161.0,-96.387,32.061,500.0,transformer,500.0,0.0,NORTH,7.191,False,False
2104,5358,5179,1,3146.0,266.975,8.486,T1_normal,-96.931,31.433,500.0,-96.387,32.061,500.0,line,500.0,53.917,NORTH,8.247,False,False
2105,5179,5380,1,3146.0,1070.801,34.037,T1_normal,-96.387,32.061,500.0,-96.675,32.32,500.0,line,500.0,24.578,NORTH,8.544,False,False
2106,5179,8043,1,2768.0,974.412,35.203,T1_normal,-96.387,32.061,500.0,-96.087,31.831,500.0,line,500.0,23.683,NORTH,2.672,False,False
2107,5179,8057,1,2768.0,775.729,28.025,T1_normal,-96.387,32.061,500.0,-96.087,31.831,500.0,line,500.0,23.683,NORTH,0.951,False,False
2108,13261,5179,1,166.5,14.472,8.692,T1_normal,-96.387,32.061,20.0,-96.387,32.061,500.0,transformer,500.0,0.0,NORTH,0.0,False,False
2109,5180,5485,1,310.0,14.435,4.656,T1_normal,-96.387,32.061,161.0,-96.724,32.123,161.0,line,161.0,20.182,NORTH,7.231,False,False
2110,5182,5314,1,187.0,52.769,28.219,T1_normal,-97.732,31.462,161.0,-97.506,31.662,161.0,line,161.0,19.17,NORTH,36.388,False,False
2111,5182,5466,1,210.7,27.646,13.121,T1_normal,-97.732,31.462,161.0,-97.732,31.462,161.0,line,161.0,0.0,NORTH,15.118,False,False
2112,5183,5224,1,251.0,91.738,36.549,T1_normal,-96.89,33.006,161.0,-96.89,33.006,161.0,line,161.0,0.0,NORTH,25.658,False,False
2113,5184,5373,1,187.0,94.549,50.561,T1_normal,-97.34,32.753,161.0,-97.267,32.803,161.0,line,161.0,5.466,NORTH,8.323,False,False
2114,5387,5184,1,251.0,15.319,6.103,T1_normal,-97.34,32.753,161.0,-97.34,32.753,161.0,line,161.0,0.0,NORTH,26.815,False,False
2115,5185,5218,1,251.0,55.421,22.08,T1_normal,-97.463,33.093,161.0,-97.34,33.1,161.0,line,161.0,7.094,NORTH,16.823,False,False
2116,5434,5185,1,310.0,152.008,49.035,T1_normal,-97.444,33.001,161.0,-97.463,33.093,161.0,line,161.0,6.48,NORTH,48.921,False,False
2117,5434,5185,1,310.0,152.008,49.035,T1_normal,-97.444,33.001,161.0,-97.463,33.093,161.0,line,161.0,6.48,NORTH,48.921,False,False
2118,5186,5269,1,183.9,109.747,59.678,T1_normal,-97.073,32.452,161.0,-97.054,32.449,161.0,line,161.0,1.113,NORTH,68.722,False,False
2119,5186,5355,1,310.0,47.712,15.391,T1_normal,-97.073,32.452,161.0,-97.037,32.302,161.0,line,161.0,10.562,NORTH,11.454,False,False
2120,5186,5355,1,310.0,47.712,15.391,T1_normal,-97.073,32.452,161.0,-97.037,32.302,161.0,line,161.0,10.562,NORTH,11.454,False,False
2121,13236,5186,1,195.8,0.0,0.0,T1_normal,-97.073,32.452,20.0,-97.073,32.452,161.0,transformer,161.0,0.0,NORTH,0.0,False,False
2122,5188,5203,1,251.0,36.505,14.544,T1_normal,-96.89,33.006,161.0,-96.801,32.808,161.0,line,161.0,14.602,NORTH,10.633,False,False
2123,5188,5234,1,310.0,105.751,34.113,T1_normal,-96.89,33.006,161.0,-96.823,33.155,161.0,line,161.0,10.977,NORTH,12.756,False,False
2124,5188,5253,1,187.0,119.663,63.991,T1_normal,-96.89,33.006,161.0,-97.092,33.034,161.0,line,161.0,11.898,NORTH,71.195,False,False
2125,5189,5230,1,251.0,58.503,23.308,T1_normal,-96.801,32.808,161.0,-96.801,32.808,161.0,line,161.0,0.0,NORTH,11.025,False,False
2126,5189,5230,1,199.7,99.379,49.764,T1_normal,-96.801,32.808,161.0,-96.801,32.808,161.0,line,161.0,0.0,NORTH,23.538,False,False
2127,5189,5272,1,409.0,68.775,16.815,T1_normal,-96.801,32.808,161.0,-96.801,32.808,161.0,line,161.0,0.0,NORTH,7.347,False,False
2128,5189,5272,1,224.8,150.991,67.167,T1_normal,-96.801,32.808,161.0,-96.801,32.808,161.0,line,161.0,0.0,NORTH,29.346,False,False
2129,5189,5340,1,235.6,56.219,23.862,T1_normal,-96.801,32.808,161.0,-96.801,32.808,161.0,line,161.0,0.0,NORTH,8.045,False,False
2130,5189,5352,1,310.0,127.149,41.016,T1_normal,-96.801,32.808,161.0,-96.801,32.808,161.0,line,161.0,0.0,NORTH,27.317,False,False
2131,5189,5352,1,310.0,127.149,41.016,T1_normal,-96.801,32.808,161.0,-96.801,32.808,161.0,line,161.0,0.0,NORTH,27.317,False,False
2132,5189,5467,1,210.1,55.081,26.216,T1_normal,-96.801,32.808,161.0,-96.801,32.808,161.0,line,161.0,0.0,NORTH,6.853,False,False
2133,5189,5482,1,200.4,64.057,31.964,T1_normal,-96.801,32.808,161.0,-96.801,32.808,161.0,line,161.0,0.0,NORTH,33.998,False,False
2134,5190,5255,1,251.0,148.364,59.109,T1_normal,-98.334,32.588,161.0,-97.993,32.704,161.0,line,161.0,21.39,NORTH,16.657,False,False
2135,5190,5264,1,251.0,118.438,47.186,T1_normal,-98.334,32.588,161.0,-98.552,32.299,161.0,line,161.0,23.692,NORTH,44.648,False,False
2136,5190,5430,1,310.0,26.127,8.428,T1_normal,-98.334,32.588,161.0,-97.826,32.762,161.0,line,161.0,31.913,NORTH,48.412,False,False
2137,5191,5407,1,187.0,355.428,190.068,T7_structural,-97.71,31.916,161.0,-97.462,31.82,161.0,line,161.0,16.01,NORTH,14.575,True,True
2138,5193,5192,1,890.0,175.071,19.671,T1_normal,-97.761,31.052,161.0,-97.761,31.052,500.0,transformer,500.0,0.0,NORTH,21.801,False,False
2139,5192,5279,1,2020.0,175.071,8.667,T1_normal,-97.761,31.052,500.0,-97.314,31.09,500.0,line,500.0,26.554,NORTH,9.605,False,False
2140,5193,5411,1,223.8,18.064,8.072,T1_normal,-97.761,31.052,161.0,-97.761,31.052,161.0,line,161.0,0.0,NORTH,26.017,False,False
2141,5193,6316,1,187.0,21.507,11.501,T1_normal,-97.761,31.052,161.0,-97.727,30.716,161.0,line,161.0,23.279,NORTH,62.435,False,False
2142,5194,5330,1,251.0,146.182,58.24,T1_normal,-96.914,32.652,161.0,-97.125,32.7,161.0,line,161.0,12.699,NORTH,36.237,False,False
2143,5194,5353,1,242.0,170.502,70.455,T1_normal,-96.914,32.652,161.0,-96.914,32.652,161.0,line,161.0,0.0,NORTH,40.589,False,False
2144,5194,5376,1,310.0,120.847,38.983,T1_normal,-96.914,32.652,161.0,-96.801,32.808,161.0,line,161.0,12.653,NORTH,25.573,False,False
2145,5194,5376,1,224.2,84.094,37.508,T1_normal,-96.914,32.652,161.0,-96.801,32.808,161.0,line,161.0,12.653,NORTH,24.605,False,False
2146,5194,5462,1,251.0,101.857,40.58,T1_normal,-96.914,32.652,161.0,-96.801,32.808,161.0,line,161.0,12.653,NORTH,34.366,False,False
2147,5197,5196,1,305.0,66.987,21.963,T1_normal,-98.374,33.241,161.0,-98.374,33.241,500.0,transformer,500.0,0.0,NORTH,22.028,False,False
2148,5198,5196,1,183.7,0.0,0.0,T1_normal,-98.374,33.241,18.0,-98.374,33.241,500.0,transformer,500.0,0.0,NORTH,0.0,False,False
2149,5196,5204,1,2020.0,507.576,25.128,T1_normal,-98.374,33.241,500.0,-97.934,33.08,500.0,line,500.0,27.781,NORTH,49.178,False,False
2150,5337,5197,1,187.0,24.905,13.318,T1_normal,-98.245,33.098,161.0,-98.374,33.241,161.0,line,161.0,12.406,NORTH,18.946,False,False
2151,5197,5362,1,197.2,2.192,1.112,T1_normal,-98.374,33.241,161.0,-97.921,33.196,161.0,line,161.0,26.362,NORTH,14.827,False,False
2152,5199,5244,1,221.1,3.069,1.388,T1_normal,-97.34,32.753,161.0,-97.34,32.753,161.0,line,161.0,0.0,NORTH,6.045,False,False
2153,5199,5375,1,187.0,40.7,21.764,T1_normal,-97.34,32.753,161.0,-97.34,32.753,161.0,line,161.0,0.0,NORTH,23.824,False,False
2154,5199,5438,1,251.0,14.05,5.598,T1_normal,-97.34,32.753,161.0,-97.34,32.753,161.0,line,161.0,0.0,NORTH,7.826,False,False
2155,5199,5438,1,194.4,10.682,5.495,T1_normal,-97.34,32.753,161.0,-97.34,32.753,161.0,line,161.0,0.0,NORTH,7.682,False,False
2156,5199,5443,1,221.1,76.37,34.541,T1_normal,-97.34,32.753,161.0,-97.34,32.753,161.0,line,161.0,0.0,NORTH,39.121,False,False
2157,5255,5200,1,251.0,0.638,0.254,T1_normal,-97.993,32.704,161.0,-98.127,32.8,161.0,line,161.0,10.176,NORTH,3.612,False,False
2158,5276,5201,1,251.0,152.86,60.901,T1_normal,-96.849,31.509,161.0,-96.819,31.71,161.0,line,161.0,14.017,NORTH,71.101,False,False
2159,5327,5201,1,251.0,26.788,10.673,T1_normal,-96.828,31.775,161.0,-96.819,31.71,161.0,line,161.0,4.477,NORTH,4.587,False,False
2160,5201,12712,1,600.0,62.048,10.341,T1_normal,-96.819,31.71,161.0,-96.819,31.71,500.0,transformer,500.0,0.0,NORTH,52.534,False,False
2161,5202,5381,1,187.0,24.708,13.213,T1_normal,-96.476,32.229,161.0,-96.675,32.32,161.0,line,161.0,13.238,NORTH,21.813,False,False
2162,5426,5202,1,187.0,16.068,8.592,T1_normal,-96.245,32.367,161.0,-96.476,32.229,161.0,line,161.0,16.478,NORTH,17.193,False,False
2163,5203,5465,1,237.0,226.296,95.483,T3_prevent,-96.801,32.808,161.0,-96.823,33.155,161.0,line,161.0,23.973,NORTH,77.921,False,False
2164,5205,5204,1,1134.0,363.287,32.036,T1_normal,-97.934,33.08,161.0,-97.934,33.08,500.0,transformer,500.0,0.0,NORTH,31.438,False,False
2165,5206,5204,1,357.6,0.0,0.0,T1_normal,-97.934,33.08,13.8,-97.934,33.08,500.0,transformer,500.0,0.0,NORTH,0.0,False,False
2166,5207,5204,1,397.9,713.748,179.379,T7_structural,-97.934,33.08,13.8,-97.934,33.08,500.0,transformer,500.0,0.0,NORTH,43.181,True,True
2167,5208,5204,1,257.8,0.0,0.0,T1_normal,-97.934,33.08,13.8,-97.934,33.08,500.0,transformer,500.0,0.0,NORTH,0.0,False,False
2168,5204,5361,1,2768.0,847.743,30.627,T1_normal,-97.934,33.08,500.0,-97.921,33.196,500.0,line,500.0,8.102,NORTH,48.365,False,False
2169,5204,5413,1,2020.0,213.088,10.549,T1_normal,-97.934,33.08,500.0,-98.294,32.711,500.0,line,500.0,32.925,NORTH,8.568,False,False
2170,12532,5204,1,260.5,0.0,0.0,T1_normal,-97.934,33.08,13.8,-97.934,33.08,500.0,transformer,500.0,0.0,NORTH,0.0,False,False
2171,12533,5204,1,212.6,0.0,0.0,T1_normal,-97.934,33.08,13.8,-97.934,33.08,500.0,transformer,500.0,0.0,NORTH,0.0,False,False
2172,12534,5204,1,245.8,0.0,0.0,T1_normal,-97.934,33.08,13.8,-97.934,33.08,500.0,transformer,500.0,0.0,NORTH,0.0,False,False
2173,5204,12556,1,2811.6,1642.662,58.424,T1_normal,-97.934,33.08,500.0,-97.934,33.08,500.0,line,500.0,0.0,NORTH,83.685,False,False
2174,5209,5246,1,187.0,57.63,30.818,T1_normal,-97.737,32.084,161.0,-97.79,32.253,161.0,line,161.0,12.152,NORTH,7.212,False,False
2175,5209,5246,1,230.3,80.25,34.846,T1_normal,-97.737,32.084,161.0,-97.79,32.253,161.0,line,161.0,12.152,NORTH,8.154,False,False
2176,5247,5209,1,187.0,141.47,75.652,T1_normal,-97.576,32.118,161.0,-97.737,32.084,161.0,line,161.0,9.718,NORTH,15.334,False,False
2177,5210,5233,1,251.0,114.452,45.598,T1_normal,-97.138,32.842,161.0,-97.089,32.837,161.0,line,161.0,2.87,NORTH,54.563,False,False
2178,5210,5248,1,221.4,16.447,7.428,T1_normal,-97.138,32.842,161.0,-97.138,32.842,161.0,line,161.0,0.0,NORTH,7.477,False,False
2179,5210,5428,1,409.0,90.064,22.021,T1_normal,-97.138,32.842,161.0,-97.181,32.817,161.0,line,161.0,3.011,NORTH,19.504,False,False
2180,5210,5428,1,215.8,116.532,54.0,T1_normal,-97.138,32.842,161.0,-97.181,32.817,161.0,line,161.0,3.011,NORTH,47.829,False,False
2181,5211,5275,1,210.0,150.257,71.551,T1_normal,-96.807,31.849,161.0,-96.624,31.853,161.0,line,161.0,10.735,NORTH,99.196,False,False
2182,5211,5327,1,251.0,166.226,66.225,T1_normal,-96.807,31.849,161.0,-96.828,31.775,161.0,line,161.0,5.245,NORTH,90.656,False,False
2183,5212,5256,1,310.0,208.421,67.233,T1_normal,-96.678,32.44,161.0,-96.842,32.238,161.0,line,161.0,16.955,NORTH,25.291,False,False
2184,5333,5212,1,310.0,174.531,56.3,T1_normal,-96.807,32.522,161.0,-96.678,32.44,161.0,line,161.0,9.423,NORTH,14.358,False,False
2185,5213,5250,1,409.0,7.47,1.826,T1_normal,-96.634,32.909,161.0,-96.801,32.808,161.0,line,161.0,11.887,NORTH,12.531,False,False
2186,5214,5229,1,187.0,89.178,47.689,T1_normal,-96.801,32.808,161.0,-96.801,32.808,161.0,line,161.0,0.0,NORTH,6.533,False,False
2187,5214,5468,1,310.0,3.365,1.086,T1_normal,-96.801,32.808,161.0,-96.801,32.808,161.0,line,161.0,0.0,NORTH,48.387,False,False
2188,5215,5277,1,251.0,65.336,26.03,T1_normal,-96.933,33.371,161.0,-96.951,33.176,161.0,line,161.0,13.493,NORTH,11.536,False,False
2189,5216,5442,1,251.0,0.054,0.022,T1_normal,-97.34,32.753,161.0,-97.34,32.753,161.0,line,161.0,0.0,NORTH,6.508,False,False
2190,5216,5442,1,217.4,0.047,0.021,T1_normal,-97.34,32.753,161.0,-97.34,32.753,161.0,line,161.0,0.0,NORTH,6.451,False,False
2191,5216,5443,1,218.0,82.858,38.008,T1_normal,-97.34,32.753,161.0,-97.34,32.753,161.0,line,161.0,0.0,NORTH,64.137,False,False
2192,5216,5443,1,242.9,85.83,35.335,T1_normal,-97.34,32.753,161.0,-97.34,32.753,161.0,line,161.0,0.0,NORTH,59.626,False,False
2193,5217,5310,1,187.0,75.699,40.481,T1_normal,-97.217,32.863,161.0,-97.34,32.753,161.0,line,161.0,10.443,NORTH,24.918,False,False
2194,5217,5310,1,187.0,75.699,40.481,T1_normal,-97.217,32.863,161.0,-97.34,32.753,161.0,line,161.0,10.443,NORTH,24.918,False,False
2195,5217,5310,1,208.8,116.757,55.918,T1_normal,-97.217,32.863,161.0,-97.34,32.753,161.0,line,161.0,10.443,NORTH,34.42,False,False
2196,5217,5379,1,234.5,96.844,41.298,T1_normal,-97.217,32.863,161.0,-97.34,32.753,161.0,line,161.0,10.443,NORTH,26.297,False,False
2197,5217,5428,1,223.5,10.054,4.498,T1_normal,-97.217,32.863,161.0,-97.181,32.817,161.0,line,161.0,3.818,NORTH,14.255,False,False
2198,5217,5433,1,279.0,296.335,106.213,T4_light,-97.217,32.863,161.0,-97.34,32.753,161.0,line,161.0,10.443,NORTH,70.084,True,True
2199,5483,5217,1,409.0,112.155,27.422,T1_normal,-97.217,32.863,161.0,-97.217,32.863,161.0,line,161.0,0.0,NORTH,27.965,False,False
2200,5483,5217,1,409.0,112.155,27.422,T1_normal,-97.217,32.863,161.0,-97.217,32.863,161.0,line,161.0,0.0,NORTH,27.965,False,False
2201,5219,5371,1,187.0,132.574,70.895,T1_normal,-96.429,32.533,161.0,-96.54,32.552,161.0,line,161.0,6.592,NORTH,7.276,False,False
2202,13121,5219,1,232.2,33.149,14.276,T1_normal,-96.429,32.533,20.0,-96.429,32.533,161.0,transformer,161.0,0.0,NORTH,0.0,False,False
2203,5221,5377,1,238.7,5.409,2.266,T1_normal,-97.761,31.052,161.0,-97.761,31.052,161.0,line,161.0,0.0,NORTH,16.303,False,False
2204,5221,5411,1,187.0,61.613,32.948,T1_normal,-97.761,31.052,161.0,-97.761,31.052,161.0,line,161.0,0.0,NORTH,16.802,False,False
2205,5222,5426,1,310.0,98.959,31.922,T1_normal,-96.092,32.357,161.0,-96.245,32.367,161.0,line,161.0,8.93,NORTH,11.052,False,False
2206,5222,5426,1,310.0,98.959,31.922,T1_normal,-96.092,32.357,161.0,-96.245,32.367,161.0,line,161.0,8.93,NORTH,11.052,False,False
2207,5223,5275,1,251.0,48.51,19.327,T1_normal,-96.468,31.655,161.0,-96.624,31.853,161.0,line,161.0,16.509,NORTH,60.776,False,False
2208,5307,5224,1,310.0,58.281,18.8,T1_normal,-96.912,33.07,161.0,-96.89,33.006,161.0,line,161.0,4.633,NORTH,17.816,False,False
2209,5225,5259,1,251.0,1.133,0.451,T1_normal,-96.357,33.03,161.0,-96.452,33.068,161.0,line,161.0,6.102,NORTH,14.307,False,False
2210,5225,5421,1,310.0,22.887,7.383,T1_normal,-96.357,33.03,161.0,-96.309,33.066,161.0,line,161.0,3.733,NORTH,3.835,False,False
2211,13273,5225,1,177.1,0.0,0.0,T1_normal,-96.357,33.03,20.0,-96.357,33.03,161.0,transformer,161.0,0.0,NORTH,0.0,False,False
2212,5226,13069,1,240.0,78.186,32.578,T1_normal,-98.776,31.687,161.0,-98.603,31.685,161.0,line,161.0,10.168,NORTH,31.269,False,False
2213,5227,5354,1,251.0,66.676,26.564,T1_normal,-96.243,32.789,161.0,-96.602,32.772,161.0,line,161.0,20.884,NORTH,26.561,False,False
2214,5313,5228,1,409.0,208.59,51.0,T1_normal,-96.696,32.639,161.0,-96.801,32.808,161.0,line,161.0,13.23,NORTH,33.429,False,False
2215,5313,5228,1,409.0,208.59,51.0,T1_normal,-96.696,32.639,161.0,-96.801,32.808,161.0,line,161.0,13.23,NORTH,33.429,False,False
2216,5313,5228,1,409.0,208.59,51.0,T1_normal,-96.696,32.639,161.0,-96.801,32.808,161.0,line,161.0,13.23,NORTH,33.429,False,False
2217,5349,5228,1,310.0,352.61,113.745,T5_moderate,-96.765,32.59,161.0,-96.801,32.808,161.0,line,161.0,15.21,NORTH,29.418,True,True
2218,5228,5376,1,208.2,22.618,10.863,T1_normal,-96.801,32.808,161.0,-96.801,32.808,161.0,line,161.0,0.0,NORTH,2.179,False,False
2219,5229,5309,1,409.0,60.191,14.717,T1_normal,-96.801,32.808,161.0,-96.801,32.808,161.0,line,161.0,0.0,NORTH,17.547,False,False
2220,5230,5311,1,222.7,39.114,17.564,T1_normal,-96.801,32.808,161.0,-96.801,32.808,161.0,line,161.0,0.0,NORTH,30.638,False,False
2221,5230,5340,1,203.0,0.637,0.314,T1_normal,-96.801,32.808,161.0,-96.801,32.808,161.0,line,161.0,0.0,NORTH,25.696,False,False
2222,5230,5467,1,221.4,11.54,5.212,T1_normal,-96.801,32.808,161.0,-96.801,32.808,161.0,line,161.0,0.0,NORTH,13.073,False,False
2223,5230,5478,1,187.0,39.662,21.21,T1_normal,-96.801,32.808,161.0,-96.97,32.86,161.0,line,161.0,10.461,NORTH,24.949,False,False
2224,5230,5482,1,226.8,22.016,9.707,T1_normal,-96.801,32.808,161.0,-96.801,32.808,161.0,line,161.0,0.0,NORTH,22.599,False,False
2225,5286,5231,1,187.0,161.983,86.622,T2_watch,-98.412,32.207,161.0,-98.214,31.738,161.0,line,161.0,34.42,NORTH,30.215,False,False
2226,13293,5231,1,163.4,100.0,61.2,T1_normal,-98.214,31.738,20.0,-98.214,31.738,161.0,transformer,161.0,0.0,NORTH,61.2,False,False
2227,5232,5251,1,187.0,154.284,82.505,T2_watch,-97.125,32.7,161.0,-97.01,32.724,161.0,line,161.0,6.88,NORTH,49.361,False,False
2228,5232,5330,1,246.3,115.973,47.086,T1_normal,-97.125,32.7,161.0,-97.125,32.7,161.0,line,161.0,0.0,NORTH,28.958,False,False
2229,5440,5232,1,300.0,13.783,4.594,T1_normal,-97.125,32.7,161.0,-97.125,32.7,161.0,line,161.0,0.0,NORTH,13.938,False,False
2230,5232,5442,1,187.0,4.494,2.403,T1_normal,-97.125,32.7,161.0,-97.34,32.753,161.0,line,161.0,13.037,NORTH,24.335,False,False
2231,5233,5339,1,187.0,36.31,19.417,T1_normal,-97.089,32.837,161.0,-97.149,32.96,161.0,line,161.0,9.164,NORTH,21.133,False,False
2232,5234,5296,1,310.0,191.541,61.787,T1_normal,-96.823,33.155,161.0,-96.643,33.195,161.0,line,161.0,10.785,NORTH,51.108,False,False
2233,5234,5296,1,310.0,191.541,61.787,T1_normal,-96.823,33.155,161.0,-96.643,33.195,161.0,line,161.0,10.785,NORTH,51.108,False,False
2234,5235,5271,1,187.0,58.276,31.163,T1_normal,-97.599,30.926,161.0,-97.292,30.789,161.0,line,161.0,20.507,NORTH,30.911,False,False
2235,5411,5235,1,187.0,26.632,14.242,T1_normal,-97.761,31.052,161.0,-97.599,30.926,161.0,line,161.0,12.979,NORTH,3.025,False,False
2236,5235,5477,1,215.6,29.351,13.614,T1_normal,-97.599,30.926,161.0,-97.645,31.051,161.0,line,161.0,9.064,NORTH,8.334,False,False
2237,5237,5236,1,287.0,120.191,41.878,T1_normal,-98.819,33.317,161.0,-98.819,33.317,500.0,transformer,500.0,0.0,NORTH,43.317,False,False
2238,5238,5236,1,246.6,0.0,0.0,T1_normal,-98.819,33.317,18.0,-98.819,33.317,500.0,transformer,500.0,0.0,NORTH,0.0,False,False
2239,5236,5394,1,2020.0,618.966,30.642,T1_normal,-98.819,33.317,500.0,-99.332,32.779,500.0,line,500.0,47.591,NORTH,42.534,False,False
2240,5240,5239,1,477.0,282.977,59.324,T1_normal,-98.44,31.442,161.0,-98.44,31.442,500.0,transformer,500.0,0.0,NORTH,5.736,False,False
2241,5243,5239,1,193.9,0.0,0.0,T1_normal,-98.44,31.442,13.8,-98.44,31.442,500.0,transformer,500.0,0.0,NORTH,0.0,False,False
2242,5451,5239,1,2020.0,1498.846,74.2,T1_normal,-97.968,31.219,500.0,-98.44,31.442,500.0,line,500.0,31.828,NORTH,58.11,False,False
2243,5239,6118,1,2996.5,830.543,27.717,T1_normal,-98.44,31.442,500.0,-97.824,30.504,500.0,line,500.0,74.368,NORTH,97.399,False,False
2244,5239,6210,1,2020.0,95.288,4.717,T1_normal,-98.44,31.442,500.0,-98.268,30.564,500.0,line,500.0,61.485,NORTH,74.663,False,False
2245,5239,6254,1,2055.4,349.898,17.023,T1_normal,-98.44,31.442,500.0,-97.775,30.304,500.0,line,500.0,87.943,NORTH,94.46,False,False
2246,12547,5239,1,1910.0,557.542,29.191,T1_normal,-97.462,31.82,500.0,-98.44,31.442,500.0,line,500.0,63.202,NORTH,3.068,False,False
2247,13429,5239,1,2724.7,698.014,25.618,T1_normal,-99.187,31.548,500.0,-98.44,31.442,500.0,line,500.0,44.613,WEST,52.266,False,False
2248,13429,5239,1,2724.7,698.014,25.618,T1_normal,-99.187,31.548,500.0,-98.44,31.442,500.0,line,500.0,44.613,WEST,52.266,False,False
2249,5241,5240,1,204.0,41.058,20.126,T1_normal,-98.44,31.442,115.0,-98.44,31.442,161.0,transformer,161.0,0.0,NORTH,2.673,False,False
2250,5241,5240,1,204.0,41.058,20.126,T1_normal,-98.44,31.442,115.0,-98.44,31.442,161.0,transformer,161.0,0.0,NORTH,2.673,False,False
2251,5240,13117,1,369.8,209.967,56.779,T1_normal,-98.44,31.442,161.0,-98.44,31.442,161.0,line,161.0,0.0,NORTH,11.172,False,False
2252,5244,5306,1,283.0,209.983,74.199,T1_normal,-97.34,32.753,161.0,-97.573,32.708,161.0,line,161.0,13.882,NORTH,84.69,False,False
2253,5244,5387,1,206.8,60.455,29.233,T1_normal,-97.34,32.753,161.0,-97.34,32.753,161.0,line,161.0,0.0,NORTH,33.988,False,False
2254,5244,5442,1,187.0,55.241,29.541,T1_normal,-97.34,32.753,161.0,-97.34,32.753,161.0,line,161.0,0.0,NORTH,48.971,False,False
2255,5244,5469,1,236.2,0.91,0.385,T1_normal,-97.34,32.753,161.0,-97.34,32.753,161.0,line,161.0,0.0,NORTH,0.29,False,False
2256,5245,5254,1,251.0,149.087,59.397,T1_normal,-97.072,32.926,161.0,-97.227,33.009,161.0,line,161.0,10.689,NORTH,73.947,False,False
2257,5245,5339,1,187.0,71.407,38.185,T1_normal,-97.072,32.926,161.0,-97.149,32.96,161.0,line,161.0,5.052,NORTH,31.986,False,False
2258,5261,5246,1,251.0,510.359,203.33,T7_structural,-97.79,32.253,161.0,-97.79,32.253,161.0,line,161.0,0.0,NORTH,9.673,True,True
2259,5248,5428,1,251.0,57.68,22.98,T1_normal,-97.138,32.842,161.0,-97.181,32.817,161.0,line,161.0,3.011,NORTH,15.581,False,False
2260,5248,5457,1,409.0,160.519,39.247,T1_normal,-97.138,32.842,161.0,-97.15,32.892,161.0,line,161.0,3.521,NORTH,31.694,False,False
2261,5248,5483,1,187.0,104.378,55.817,T1_normal,-97.138,32.842,161.0,-97.217,32.863,161.0,line,161.0,4.822,NORTH,60.596,False,False
2262,5248,5483,1,231.5,137.205,59.268,T1_normal,-97.138,32.842,161.0,-97.217,32.863,161.0,line,161.0,4.822,NORTH,64.342,False,False
2263,5292,5249,1,310.0,158.081,50.994,T1_normal,-97.34,32.753,161.0,-97.34,32.753,161.0,line,161.0,0.0,NORTH,51.685,False,False
2264,5292,5249,1,310.0,158.081,50.994,T1_normal,-97.34,32.753,161.0,-97.34,32.753,161.0,line,161.0,0.0,NORTH,51.685,False,False
2265,5250,5385,1,500.0,327.575,65.515,T1_normal,-96.801,32.808,161.0,-96.801,32.808,161.0,line,161.0,0.0,NORTH,46.226,False,False
2266,5250,5385,1,500.0,327.575,65.515,T1_normal,-96.801,32.808,161.0,-96.801,32.808,161.0,line,161.0,0.0,NORTH,46.226,False,False
2267,5250,5385,1,500.0,327.575,65.515,T1_normal,-96.801,32.808,161.0,-96.801,32.808,161.0,line,161.0,0.0,NORTH,46.226,False,False
2268,5250,5385,1,500.0,327.575,65.515,T1_normal,-96.801,32.808,161.0,-96.801,32.808,161.0,line,161.0,0.0,NORTH,46.226,False,False
2269,5251,5478,1,310.0,33.885,10.931,T1_normal,-97.01,32.724,161.0,-96.97,32.86,161.0,line,161.0,9.727,NORTH,31.789,False,False
2270,5251,5478,1,310.0,33.885,10.931,T1_normal,-97.01,32.724,161.0,-96.97,32.86,161.0,line,161.0,9.727,NORTH,31.789,False,False
2271,5252,5340,1,187.0,37.414,20.007,T1_normal,-96.801,32.808,161.0,-96.801,32.808,161.0,line,161.0,0.0,NORTH,12.987,False,False
2272,5252,5436,1,187.0,88.985,47.586,T1_normal,-96.801,32.808,161.0,-96.801,32.808,161.0,line,161.0,0.0,NORTH,27.877,False,False
2273,5252,5436,1,231.7,97.63,42.136,T1_normal,-96.801,32.808,161.0,-96.801,32.808,161.0,line,161.0,0.0,NORTH,24.684,False,False
2274,5253,5370,1,397.0,245.794,61.913,T1_normal,-97.092,33.034,161.0,-97.012,33.075,161.0,line,161.0,5.438,NORTH,54.951,False,False
2275,5370,5253,1,397.0,245.794,61.913,T1_normal,-97.012,33.075,161.0,-97.092,33.034,161.0,line,161.0,5.438,NORTH,54.951,False,False
2276,5254,5332,1,187.0,17.94,9.594,T1_normal,-97.227,33.009,161.0,-97.34,32.753,161.0,line,161.0,18.878,NORTH,32.719,False,False
2277,5254,5420,1,310.0,143.16,46.181,T1_normal,-97.227,33.009,161.0,-97.34,32.753,161.0,line,161.0,18.878,NORTH,37.892,False,False
2278,5254,5420,1,310.0,143.16,46.181,T1_normal,-97.227,33.009,161.0,-97.34,32.753,161.0,line,161.0,18.878,NORTH,37.892,False,False
2279,5254,5457,1,187.0,108.959,58.267,T1_normal,-97.227,33.009,161.0,-97.15,32.892,161.0,line,161.0,9.27,NORTH,69.707,False,False
2280,5257,5256,1,251.0,179.088,71.35,T1_normal,-96.851,32.178,161.0,-96.842,32.238,161.0,line,161.0,4.164,NORTH,52.335,False,False
2281,5256,5427,1,251.0,160.342,63.881,T1_normal,-96.842,32.238,161.0,-96.85,32.367,161.0,line,161.0,8.925,NORTH,15.931,False,False
2282,5439,5256,1,310.0,190.975,61.605,T1_normal,-96.85,32.367,161.0,-96.842,32.238,161.0,line,161.0,8.925,NORTH,3.766,False,False
2283,5308,5258,1,310.0,132.074,42.605,T1_normal,-96.546,32.836,161.0,-96.492,32.756,161.0,line,161.0,6.331,NORTH,19.997,False,False
2284,5258,12505,1,800.0,502.935,62.867,T1_normal,-96.492,32.756,161.0,-96.492,32.756,500.0,transformer,500.0,0.0,NORTH,47.24,False,False
2285,5259,5412,1,324.0,242.364,74.804,T1_normal,-96.452,33.068,161.0,-96.535,33.012,161.0,line,161.0,6.143,NORTH,60.471,False,False
2286,5259,5412,1,311.0,220.008,70.742,T1_normal,-96.452,33.068,161.0,-96.535,33.012,161.0,line,161.0,6.143,NORTH,57.188,False,False
2287,5259,12728,1,600.0,472.715,78.786,T1_normal,-96.452,33.068,161.0,-96.452,33.068,500.0,transformer,500.0,0.0,NORTH,69.817,False,False
2288,5261,5260,1,375.0,367.012,97.87,T3_prevent,-97.79,32.253,161.0,-97.79,32.253,500.0,transformer,500.0,0.0,NORTH,25.331,False,False
2289,5262,5260,1,1602.8,1100.0,68.63,T1_normal,-97.79,32.253,13.8,-97.79,32.253,500.0,transformer,500.0,0.0,NORTH,68.63,False,False
2290,5263,5260,1,1378.5,1100.0,79.797,T1_normal,-97.79,32.253,13.8,-97.79,32.253,500.0,transformer,500.0,0.0,NORTH,79.797,False,False
2291,5260,5317,1,4352.0,1155.618,26.554,T1_normal,-97.79,32.253,500.0,-97.699,32.409,500.0,line,500.0,12.004,NORTH,31.29,False,False
2292,5260,5401,1,2205.0,1023.82,46.432,T1_normal,-97.79,32.253,500.0,-97.699,32.409,500.0,line,500.0,12.004,NORTH,57.118,False,False
2293,5261,5318,1,216.2,143.348,66.303,T1_normal,-97.79,32.253,161.0,-97.699,32.409,161.0,line,161.0,12.004,NORTH,32.706,False,False
2294,5264,5471,1,251.0,259.741,103.482,T4_light,-98.552,32.299,161.0,-98.377,32.371,161.0,line,161.0,11.378,NORTH,1.362,True,True
2295,5265,5483,1,409.0,185.477,45.349,T1_normal,-97.255,32.926,161.0,-97.217,32.863,161.0,line,161.0,4.854,NORTH,47.397,False,False
2296,5483,5265,1,409.0,185.477,45.349,T1_normal,-97.217,32.863,161.0,-97.255,32.926,161.0,line,161.0,4.854,NORTH,47.397,False,False
2297,5483,5265,1,409.0,185.477,45.349,T1_normal,-97.217,32.863,161.0,-97.255,32.926,161.0,line,161.0,4.854,NORTH,47.397,False,False
2298,5287,5266,1,310.0,98.017,31.618,T1_normal,-97.125,32.7,161.0,-96.965,32.58,161.0,line,161.0,12.458,NORTH,34.988,False,False
2299,5267,5466,1,187.0,17.076,9.131,T1_normal,-97.531,31.41,161.0,-97.732,31.462,161.0,line,161.0,12.365,NORTH,17.413,False,False
2300,5470,5267,1,187.0,5.343,2.857,T1_normal,-97.26,31.53,161.0,-97.531,31.41,161.0,line,161.0,17.983,NORTH,0.246,False,False
2301,5268,5288,1,247.0,215.256,87.148,T2_watch,-95.789,33.316,161.0,-96.014,33.413,161.0,line,161.0,14.599,NORTH,66.817,False,False
2302,5427,5269,1,310.0,232.335,74.947,T1_normal,-96.85,32.367,161.0,-97.054,32.449,161.0,line,161.0,13.174,NORTH,34.02,False,False
2303,5269,5445,1,310.0,184.399,59.484,T1_normal,-97.054,32.449,161.0,-97.054,32.449,161.0,line,161.0,0.0,NORTH,38.516,False,False
2304,5445,5269,1,310.0,184.399,59.484,T1_normal,-97.054,32.449,161.0,-97.054,32.449,161.0,line,161.0,0.0,NORTH,38.516,False,False
2305,13368,5269,1,99.8,77.817,77.973,T1_normal,-97.054,32.449,20.0,-97.054,32.449,161.0,transformer,161.0,0.0,NORTH,80.16,False,False
2306,5270,5389,1,251.0,9.365,3.731,T1_normal,-97.243,31.816,161.0,-97.146,31.559,161.0,line,161.0,18.675,NORTH,6.327,False,False
2307,5270,5437,1,187.0,9.991,5.343,T1_normal,-97.243,31.816,161.0,-97.074,31.697,161.0,line,161.0,12.943,NORTH,3.596,False,False
2308,5270,5474,1,251.0,27.375,10.907,T1_normal,-97.243,31.816,161.0,-97.015,31.87,161.0,line,161.0,13.903,NORTH,19.663,False,False
2309,5271,5390,1,187.0,88.125,47.126,T1_normal,-97.292,30.789,161.0,-97.212,30.983,161.0,line,161.0,14.201,NORTH,51.754,False,False
2310,5272,5309,1,214.7,55.94,26.055,T1_normal,-96.801,32.808,161.0,-96.801,32.808,161.0,line,161.0,0.0,NORTH,41.029,False,False
2311,5272,5352,1,234.8,202.755,86.352,T2_watch,-96.801,32.808,161.0,-96.801,32.808,161.0,line,161.0,0.0,NORTH,63.908,False,False
2312,5272,5467,1,187.0,90.724,48.515,T1_normal,-96.801,32.808,161.0,-96.801,32.808,161.0,line,161.0,0.0,NORTH,5.986,False,False
2313,5273,5339,1,187.0,89.06,47.626,T1_normal,-96.985,32.963,161.0,-97.149,32.96,161.0,line,161.0,9.506,NORTH,55.615,False,False
2314,5273,5422,1,251.0,26.94,10.733,T1_normal,-96.985,32.963,161.0,-96.962,33.02,161.0,line,161.0,4.101,NORTH,4.781,False,False
2315,5274,5313,1,232.9,408.972,175.6,T7_structural,-96.674,32.605,161.0,-96.696,32.639,161.0,line,161.0,2.612,NORTH,59.793,True,True
2316,5274,5329,1,251.0,56.252,22.411,T1_normal,-96.674,32.605,161.0,-96.801,32.808,161.0,line,161.0,15.842,NORTH,39.454,False,False
2317,5274,5374,1,187.0,196.741,105.209,T4_light,-96.674,32.605,161.0,-96.62,32.717,161.0,line,161.0,8.319,NORTH,11.876,True,True
2318,5275,5476,1,251.0,93.046,37.07,T1_normal,-96.624,31.853,161.0,-96.387,32.061,161.0,line,161.0,20.007,NORTH,18.75,False,False
2319,12841,5275,1,367.4,0.0,0.0,T1_normal,-96.624,31.853,20.0,-96.624,31.853,161.0,transformer,161.0,0.0,NORTH,0.0,False,False
2320,5359,5276,1,251.0,107.881,42.98,T1_normal,-96.931,31.433,161.0,-96.849,31.509,161.0,line,161.0,7.147,NORTH,69.546,False,False
2321,5276,12590,1,264.1,13.124,4.969,T1_normal,-96.849,31.509,161.0,-96.931,31.433,161.0,line,161.0,7.147,NORTH,70.584,False,False
2322,5276,12926,1,207.2,44.406,21.431,T1_normal,-96.849,31.509,161.0,-96.931,31.433,161.0,line,161.0,7.147,NORTH,22.66,False,False
2323,12950,5276,1,331.1,240.0,72.486,T1_normal,-96.849,31.509,20.0,-96.849,31.509,161.0,transformer,161.0,0.0,NORTH,72.486,False,False
2324,5277,5315,1,219.0,154.602,70.594,T1_normal,-96.951,33.176,161.0,-97.136,33.211,161.0,line,161.0,10.968,NORTH,68.952,False,False
2325,5277,5315,1,219.0,154.602,70.594,T1_normal,-96.951,33.176,161.0,-97.136,33.211,161.0,line,161.0,10.968,NORTH,68.952,False,False
2326,5280,5278,1,251.0,92.928,37.023,T1_normal,-97.314,31.09,161.0,-97.314,31.09,161.0,line,161.0,0.0,NORTH,9.886,False,False
2327,5390,5278,1,342.0,195.925,57.288,T1_normal,-97.212,30.983,161.0,-97.314,31.09,161.0,line,161.0,9.536,NORTH,37.224,False,False
2328,5278,5461,1,207.2,103.356,49.882,T1_normal,-97.314,31.09,161.0,-97.314,31.09,161.0,line,161.0,0.0,NORTH,7.839,False,False
2329,5280,5279,1,1112.0,462.796,41.618,T1_normal,-97.314,31.09,161.0,-97.314,31.09,500.0,transformer,500.0,0.0,NORTH,11.007,False,False
2330,5281,5279,1,486.8,8.507,1.748,T1_normal,-97.314,31.09,13.8,-97.314,31.09,500.0,transformer,500.0,0.0,NORTH,0.0,False,False
2331,5282,5279,1,471.2,792.464,168.18,T7_structural,-97.314,31.09,13.8,-97.314,31.09,500.0,transformer,500.0,0.0,NORTH,40.92,True,True
2332,5283,5279,1,272.2,8.507,3.125,T1_normal,-97.314,31.09,13.8,-97.314,31.09,500.0,transformer,500.0,0.0,NORTH,0.0,False,False
2333,5279,5358,1,2020.0,238.915,11.827,T1_normal,-97.314,31.09,500.0,-96.931,31.433,500.0,line,500.0,32.791,NORTH,34.238,False,False
2334,12520,5279,1,328.5,8.507,2.59,T1_normal,-97.314,31.09,13.8,-97.314,31.09,500.0,transformer,500.0,0.0,NORTH,0.0,False,False
2335,12521,5279,1,319.7,8.507,2.661,T1_normal,-97.314,31.09,13.8,-97.314,31.09,500.0,transformer,500.0,0.0,NORTH,0.0,False,False
2336,12522,5279,1,340.2,8.507,2.501,T1_normal,-97.314,31.09,13.8,-97.314,31.09,500.0,transformer,500.0,0.0,NORTH,0.0,False,False
2337,5280,5461,1,310.0,116.831,37.688,T1_normal,-97.314,31.09,161.0,-97.314,31.09,161.0,line,161.0,0.0,NORTH,2.124,False,False
2338,5284,5454,1,310.0,13.379,4.316,T1_normal,-96.086,32.986,161.0,-96.125,33.114,161.0,line,161.0,9.109,NORTH,2.583,False,False
2339,5284,5454,1,232.2,97.448,41.967,T1_normal,-96.086,32.986,161.0,-96.125,33.114,161.0,line,161.0,9.109,NORTH,25.112,False,False
2340,5285,13237,1,195.2,98.904,50.668,T1_normal,-97.858,33.316,161.0,-97.235,33.503,161.0,line,161.0,38.194,NORTH,74.796,False,False
2341,5286,13018,1,253.1,205.401,81.154,T2_watch,-98.412,32.207,161.0,-98.188,32.186,161.0,line,161.0,13.219,NORTH,54.737,False,False
2342,5289,5436,1,310.0,2.023,0.653,T1_normal,-96.801,32.808,161.0,-96.801,32.808,161.0,line,161.0,0.0,NORTH,1.843,False,False
2343,5289,5436,1,310.0,2.023,0.653,T1_normal,-96.801,32.808,161.0,-96.801,32.808,161.0,line,161.0,0.0,NORTH,1.843,False,False
2344,5289,5436,1,228.1,3.611,1.583,T1_normal,-96.801,32.808,161.0,-96.801,32.808,161.0,line,161.0,0.0,NORTH,4.47,False,False
2345,5290,5345,1,295.0,236.872,80.295,T2_watch,-97.367,31.869,161.0,-97.133,32.022,161.0,line,161.0,17.292,NORTH,53.048,False,False
2346,5291,5292,1,409.0,244.397,59.755,T1_normal,-97.34,32.753,161.0,-97.34,32.753,161.0,line,161.0,0.0,NORTH,69.027,False,False
2347,5291,5312,1,375.8,238.038,63.342,T1_normal,-97.34,32.753,161.0,-97.561,32.9,161.0,line,161.0,16.367,NORTH,73.298,False,False
2348,5291,5332,1,258.0,168.738,65.402,T1_normal,-97.34,32.753,161.0,-97.34,32.753,161.0,line,161.0,0.0,NORTH,80.595,False,False
2349,5429,5291,1,187.0,101.917,54.501,T1_normal,-97.34,32.753,161.0,-97.34,32.753,161.0,line,161.0,0.0,NORTH,61.127,False,False
2350,5291,5438,1,187.0,83.739,44.78,T1_normal,-97.34,32.753,161.0,-97.34,32.753,161.0,line,161.0,0.0,NORTH,52.253,False,False
2351,5292,5312,1,187.0,39.372,21.055,T1_normal,-97.34,32.753,161.0,-97.561,32.9,161.0,line,161.0,16.367,NORTH,24.606,False,False
2352,5293,5338,1,310.0,122.22,39.426,T1_normal,-97.54,32.426,161.0,-97.699,32.409,161.0,line,161.0,9.38,NORTH,40.786,False,False
2353,5293,5338,1,310.0,122.22,39.426,T1_normal,-97.54,32.426,161.0,-97.699,32.409,161.0,line,161.0,9.38,NORTH,40.786,False,False
2354,5293,5402,1,409.0,153.705,37.581,T1_normal,-97.54,32.426,161.0,-97.699,32.409,161.0,line,161.0,9.38,NORTH,38.612,False,False
2355,5293,5402,1,409.0,153.705,37.581,T1_normal,-97.54,32.426,161.0,-97.699,32.409,161.0,line,161.0,9.38,NORTH,38.612,False,False
2356,5296,5295,1,1233.0,623.387,50.559,T1_normal,-96.643,33.195,161.0,-96.643,33.195,500.0,transformer,500.0,0.0,NORTH,46.301,False,False
2357,5295,5304,1,2020.0,111.562,5.523,T1_normal,-96.643,33.195,500.0,-96.651,33.102,500.0,line,500.0,6.441,NORTH,0.416,False,False
2358,5295,5444,1,2768.0,228.7,8.262,T1_normal,-96.643,33.195,500.0,-97.054,32.449,500.0,line,500.0,56.815,NORTH,13.976,False,False
2359,12728,5295,1,2307.8,133.653,5.791,T1_normal,-96.452,33.068,500.0,-96.643,33.195,500.0,line,500.0,14.089,NORTH,14.615,False,False
2360,5296,5400,1,409.0,155.258,37.96,T1_normal,-96.643,33.195,161.0,-96.643,33.195,161.0,line,161.0,0.0,NORTH,33.642,False,False
2361,5305,5304,1,1239.0,683.719,55.183,T1_normal,-96.651,33.102,161.0,-96.651,33.102,500.0,transformer,500.0,0.0,NORTH,43.809,False,False
2362,5307,5341,1,310.0,170.571,55.023,T1_normal,-96.912,33.07,161.0,-97.012,33.075,161.0,line,161.0,5.8,NORTH,54.531,False,False
2363,5307,5341,1,310.0,170.571,55.023,T1_normal,-96.912,33.07,161.0,-97.012,33.075,161.0,line,161.0,5.8,NORTH,54.531,False,False
2364,5308,5351,1,409.0,80.214,19.612,T1_normal,-96.546,32.836,161.0,-96.634,32.909,161.0,line,161.0,7.195,NORTH,12.497,False,False
2365,5351,5308,1,409.0,80.214,19.612,T1_normal,-96.634,32.909,161.0,-96.546,32.836,161.0,line,161.0,7.195,NORTH,12.497,False,False
2366,5308,12536,1,800.0,721.396,90.174,T3_prevent,-96.546,32.836,161.0,-96.546,32.836,500.0,transformer,500.0,0.0,NORTH,65.593,False,False
2367,5310,5339,1,187.0,80.16,42.866,T1_normal,-97.34,32.753,161.0,-97.149,32.96,161.0,line,161.0,18.097,NORTH,59.45,False,False
2368,5310,5379,1,409.0,55.107,13.473,T1_normal,-97.34,32.753,161.0,-97.34,32.753,161.0,line,161.0,0.0,NORTH,8.996,False,False
2369,5310,5379,1,252.3,51.45,20.392,T1_normal,-97.34,32.753,161.0,-97.34,32.753,161.0,line,161.0,0.0,NORTH,13.615,False,False
2370,5310,5438,1,251.0,23.219,9.251,T1_normal,-97.34,32.753,161.0,-97.34,32.753,161.0,line,161.0,0.0,NORTH,37.815,False,False
2371,5311,5482,1,200.3,20.256,10.113,T1_normal,-96.801,32.808,161.0,-96.801,32.808,161.0,line,161.0,0.0,NORTH,11.324,False,False
2372,5315,12709,1,675.0,217.099,32.163,T1_normal,-97.136,33.211,161.0,-97.136,33.211,500.0,transformer,500.0,0.0,NORTH,31.233,False,False
2373,5316,5354,1,187.0,90.768,48.539,T1_normal,-96.602,32.772,161.0,-96.602,32.772,161.0,line,161.0,0.0,NORTH,21.937,False,False
2374,5318,5317,1,1106.0,474.728,42.923,T1_normal,-97.699,32.409,161.0,-97.699,32.409,500.0,transformer,500.0,0.0,NORTH,13.946,False,False
2375,5319,5317,1,573.4,1.694,0.295,T1_normal,-97.699,32.409,13.2,-97.699,32.409,500.0,transformer,500.0,0.0,NORTH,0.0,False,False
2376,5320,5317,1,463.2,1.694,0.366,T1_normal,-97.699,32.409,13.2,-97.699,32.409,500.0,transformer,500.0,0.0,NORTH,0.0,False,False
2377,5321,5317,1,378.1,1.694,0.448,T1_normal,-97.699,32.409,13.2,-97.699,32.409,500.0,transformer,500.0,0.0,NORTH,0.0,False,False
2378,5388,5317,1,2020.0,18.622,0.922,T1_normal,-97.146,31.559,500.0,-97.699,32.409,500.0,line,500.0,67.118,NORTH,26.967,False,False
2379,5317,5401,1,3146.0,77.74,2.471,T1_normal,-97.699,32.409,500.0,-97.699,32.409,500.0,line,500.0,0.0,NORTH,1.532,False,False
2380,5401,5317,1,3146.0,77.74,2.471,T1_normal,-97.699,32.409,500.0,-97.699,32.409,500.0,line,500.0,0.0,NORTH,1.532,False,False
2381,5317,12601,1,2256.0,161.383,7.154,T1_normal,-97.699,32.409,500.0,-97.699,32.409,500.0,line,500.0,0.0,NORTH,1.311,False,False
2382,5317,12863,1,1989.3,587.113,29.514,T1_normal,-97.699,32.409,500.0,-97.458,32.338,500.0,line,500.0,14.921,NORTH,36.674,False,False
2383,5318,5402,1,326.0,335.548,102.929,T4_light,-97.699,32.409,161.0,-97.699,32.409,161.0,line,161.0,0.0,NORTH,48.507,True,True
2384,5318,5473,1,310.0,0.341,0.11,T1_normal,-97.699,32.409,161.0,-97.655,32.266,161.0,line,161.0,10.216,NORTH,15.552,False,False
2385,5473,5318,1,310.0,0.341,0.11,T1_normal,-97.655,32.266,161.0,-97.699,32.409,161.0,line,161.0,10.216,NORTH,15.552,False,False
2386,5323,5322,1,1334.0,1020.932,76.532,T1_normal,-96.801,32.808,161.0,-96.801,32.808,500.0,transformer,500.0,0.0,NORTH,51.026,False,False
2387,5323,5322,1,1334.0,1020.932,76.532,T1_normal,-96.801,32.808,161.0,-96.801,32.808,500.0,transformer,500.0,0.0,NORTH,51.026,False,False
2388,5324,5322,1,663.2,1394.226,210.227,T7_structural,-96.801,32.808,13.8,-96.801,32.808,500.0,transformer,500.0,0.0,NORTH,50.656,True,True
2389,5325,5322,1,178.0,298.42,167.651,T7_structural,-96.801,32.808,13.8,-96.801,32.808,500.0,transformer,500.0,0.0,NORTH,40.538,True,True
2390,5326,5322,1,148.3,288.592,194.6,T7_structural,-96.801,32.808,13.8,-96.801,32.808,500.0,transformer,500.0,0.0,NORTH,47.061,True,True
2391,5322,5384,1,2020.0,369.236,18.279,T1_normal,-96.801,32.808,500.0,-96.801,32.808,500.0,line,500.0,0.0,NORTH,33.257,False,False
2392,5322,5448,1,2020.0,454.532,22.502,T1_normal,-96.801,32.808,500.0,-97.01,32.724,500.0,line,500.0,13.495,NORTH,61.914,False,False
2393,12709,5322,1,2002.1,48.448,2.42,T1_normal,-97.136,33.211,500.0,-96.801,32.808,500.0,line,500.0,33.905,NORTH,3.324,False,False
2394,5376,5323,1,349.0,282.948,81.074,T2_watch,-96.801,32.808,161.0,-96.801,32.808,161.0,line,161.0,0.0,NORTH,44.396,False,False
2395,5376,5323,1,349.0,282.948,81.074,T2_watch,-96.801,32.808,161.0,-96.801,32.808,161.0,line,161.0,0.0,NORTH,44.396,False,False
2396,5323,5425,1,310.0,156.156,50.373,T1_normal,-96.801,32.808,161.0,-96.801,32.808,161.0,line,161.0,0.0,NORTH,48.657,False,False
2397,5323,5425,1,310.0,156.156,50.373,T1_normal,-96.801,32.808,161.0,-96.801,32.808,161.0,line,161.0,0.0,NORTH,48.657,False,False
2398,5327,12829,1,600.0,145.758,24.293,T1_normal,-96.828,31.775,161.0,-96.828,31.775,500.0,transformer,500.0,0.0,NORTH,40.897,False,False
2399,5446,5328,1,187.0,135.621,72.525,T1_normal,-97.195,31.454,161.0,-96.931,31.433,161.0,line,161.0,15.634,NORTH,45.03,False,False
2400,13309,5328,1,134.6,100.1,74.368,T1_normal,-96.931,31.433,20.0,-96.931,31.433,161.0,transformer,161.0,0.0,NORTH,74.368,False,False
2401,5328,13310,1,218.3,100.1,45.854,T1_normal,-96.931,31.433,161.0,-97.083,31.357,161.0,line,161.0,10.38,NORTH,45.854,False,False
2402,5330,5433,1,310.0,236.784,76.382,T1_normal,-97.125,32.7,161.0,-97.34,32.753,161.0,line,161.0,13.037,NORTH,57.259,False,False
2403,5330,5440,1,263.0,217.001,82.51,T2_watch,-97.125,32.7,161.0,-97.125,32.7,161.0,line,161.0,0.0,NORTH,68.289,False,False
2404,5400,5331,1,251.0,46.945,18.703,T1_normal,-96.643,33.195,161.0,-96.753,33.339,161.0,line,161.0,11.8,NORTH,11.684,False,False
2405,5450,5331,1,187.0,111.133,59.429,T1_normal,-96.566,33.285,161.0,-96.753,33.339,161.0,line,161.0,11.404,NORTH,46.512,False,False
2406,5429,5332,1,187.0,111.728,59.748,T1_normal,-97.34,32.753,161.0,-97.34,32.753,161.0,line,161.0,0.0,NORTH,63.124,False,False
2407,13322,5332,1,163.5,3.354,2.051,T1_normal,-97.34,32.753,20.0,-97.34,32.753,161.0,transformer,161.0,0.0,NORTH,0.0,False,False
2408,5427,5333,1,310.0,282.48,91.123,T3_prevent,-96.85,32.367,161.0,-96.807,32.522,161.0,line,161.0,11.015,NORTH,34.261,False,False
2409,5427,5333,1,310.0,282.48,91.123,T3_prevent,-96.85,32.367,161.0,-96.807,32.522,161.0,line,161.0,11.015,NORTH,34.261,False,False
2410,5334,5484,1,251.0,1.577,0.628,T1_normal,-99.519,32.266,161.0,-99.291,32.007,161.0,line,161.0,22.351,NORTH,42.065,False,False
2411,5334,12842,1,319.4,74.833,23.429,T1_normal,-99.519,32.266,161.0,-99.225,32.359,161.0,line,161.0,18.296,NORTH,34.728,False,False
2412,5335,5372,1,187.0,70.778,37.849,T1_normal,-96.97,32.86,161.0,-96.801,32.808,161.0,line,161.0,10.461,NORTH,4.268,False,False
2413,5335,5425,1,310.0,103.513,33.391,T1_normal,-96.97,32.86,161.0,-96.801,32.808,161.0,line,161.0,10.461,NORTH,32.385,False,False
2414,5351,5336,1,409.0,192.762,47.13,T1_normal,-96.634,32.909,161.0,-96.553,32.918,161.0,line,161.0,4.746,NORTH,36.855,False,False
2415,5351,5336,1,409.0,192.762,47.13,T1_normal,-96.634,32.909,161.0,-96.553,32.918,161.0,line,161.0,4.746,NORTH,36.855,False,False
2416,5351,5336,1,409.0,192.762,47.13,T1_normal,-96.634,32.909,161.0,-96.553,32.918,161.0,line,161.0,4.746,NORTH,36.855,False,False
2417,13288,5337,1,152.2,110.0,72.273,T1_normal,-98.245,33.098,20.0,-98.245,33.098,161.0,transformer,161.0,0.0,NORTH,72.273,False,False
2418,5481,5338,1,310.0,71.759,23.148,T1_normal,-97.34,32.753,161.0,-97.699,32.409,161.0,line,161.0,31.665,NORTH,27.841,False,False
2419,5481,5338,1,310.0,71.759,23.148,T1_normal,-97.34,32.753,161.0,-97.699,32.409,161.0,line,161.0,31.665,NORTH,27.841,False,False
2420,5340,5462,1,251.0,41.365,16.48,T1_normal,-96.801,32.808,161.0,-96.801,32.808,161.0,line,161.0,0.0,NORTH,18.635,False,False
2421,5340,5467,1,187.0,19.358,10.352,T1_normal,-96.801,32.808,161.0,-96.801,32.808,161.0,line,161.0,0.0,NORTH,5.746,False,False
2422,5340,5467,1,222.1,19.057,8.581,T1_normal,-96.801,32.808,161.0,-96.801,32.808,161.0,line,161.0,0.0,NORTH,4.763,False,False
2423,5422,5341,1,409.0,200.112,48.927,T1_normal,-96.962,33.02,161.0,-97.012,33.075,161.0,line,161.0,4.808,NORTH,24.17,False,False
2424,5422,5341,1,409.0,200.112,48.927,T1_normal,-96.962,33.02,161.0,-97.012,33.075,161.0,line,161.0,4.808,NORTH,24.17,False,False
2425,5341,5465,1,310.0,150.204,48.453,T1_normal,-97.012,33.075,161.0,-96.823,33.155,161.0,line,161.0,12.257,NORTH,35.389,False,False
2426,5341,5465,1,310.0,150.204,48.453,T1_normal,-97.012,33.075,161.0,-96.823,33.155,161.0,line,161.0,12.257,NORTH,35.389,False,False
2427,5341,5465,1,310.0,150.204,48.453,T1_normal,-97.012,33.075,161.0,-96.823,33.155,161.0,line,161.0,12.257,NORTH,35.389,False,False
2428,5341,5465,1,310.0,150.204,48.453,T1_normal,-97.012,33.075,161.0,-96.823,33.155,161.0,line,161.0,12.257,NORTH,35.389,False,False
2429,5372,5344,1,187.0,25.871,13.835,T1_normal,-96.801,32.808,161.0,-96.801,32.808,161.0,line,161.0,0.0,NORTH,11.146,False,False
2430,5344,5482,1,187.0,16.138,8.63,T1_normal,-96.801,32.808,161.0,-96.801,32.808,161.0,line,161.0,0.0,NORTH,17.909,False,False
2431,5346,5375,1,251.0,111.494,44.42,T1_normal,-97.34,32.753,161.0,-97.34,32.753,161.0,line,161.0,0.0,NORTH,43.086,False,False
2432,5346,5441,1,310.0,119.639,38.593,T1_normal,-97.34,32.753,161.0,-97.34,32.753,161.0,line,161.0,0.0,NORTH,41.462,False,False
2433,5346,5441,1,310.0,119.639,38.593,T1_normal,-97.34,32.753,161.0,-97.34,32.753,161.0,line,161.0,0.0,NORTH,41.462,False,False
2434,5346,5443,1,310.0,82.658,26.664,T1_normal,-97.34,32.753,161.0,-97.34,32.753,161.0,line,161.0,0.0,NORTH,35.534,False,False
2435,5443,5346,1,310.0,82.658,26.664,T1_normal,-97.34,32.753,161.0,-97.34,32.753,161.0,line,161.0,0.0,NORTH,35.534,False,False
2436,5346,5469,1,257.3,12.162,4.727,T1_normal,-97.34,32.753,161.0,-97.34,32.753,161.0,line,161.0,0.0,NORTH,9.996,False,False
2437,5347,12885,1,201.2,51.025,25.36,T1_normal,-99.153,32.386,161.0,-99.153,32.386,161.0,line,161.0,0.0,NORTH,21.075,False,False
2438,5347,13243,1,228.9,38.427,16.788,T1_normal,-99.153,32.386,161.0,-99.153,32.386,161.0,line,161.0,0.0,NORTH,21.449,False,False
2439,5348,5355,1,187.0,19.164,10.248,T1_normal,-97.071,32.184,161.0,-97.037,32.302,161.0,line,161.0,8.42,NORTH,4.463,False,False
2440,5348,5427,1,335.1,197.592,58.965,T1_normal,-97.071,32.184,161.0,-96.85,32.367,161.0,line,161.0,18.056,NORTH,27.538,False,False
2441,13245,5348,1,206.9,0.0,0.0,T1_normal,-97.071,32.184,20.0,-97.071,32.184,161.0,transformer,161.0,0.0,NORTH,0.0,False,False
2442,5349,5462,1,251.0,72.22,28.773,T1_normal,-96.765,32.59,161.0,-96.801,32.808,161.0,line,161.0,15.21,NORTH,12.097,False,False
2443,5351,5350,1,1258.0,685.152,54.464,T1_normal,-96.634,32.909,161.0,-96.634,32.909,500.0,transformer,500.0,0.0,NORTH,40.955,False,False
2444,5351,5350,1,1258.0,685.152,54.464,T1_normal,-96.634,32.909,161.0,-96.634,32.909,500.0,transformer,500.0,0.0,NORTH,40.955,False,False
2445,5350,5448,1,2020.0,119.706,5.926,T1_normal,-96.634,32.909,500.0,-97.01,32.724,500.0,line,500.0,25.284,NORTH,33.382,False,False
2446,5350,5464,1,2020.0,80.468,3.984,T1_normal,-96.634,32.909,500.0,-96.823,33.155,500.0,line,500.0,20.22,NORTH,11.803,False,False
2447,12505,5350,1,2110.0,682.108,32.327,T1_normal,-96.492,32.756,500.0,-96.634,32.909,500.0,line,500.0,13.398,NORTH,0.793,False,False
2448,12536,5350,1,2246.0,328.12,14.609,T1_normal,-96.546,32.836,500.0,-96.634,32.909,500.0,line,500.0,7.195,NORTH,13.349,False,False
2449,5351,5431,1,251.0,173.994,69.32,T1_normal,-96.634,32.909,161.0,-96.445,32.898,161.0,line,161.0,11.042,NORTH,51.5,False,False
2450,5353,5376,1,350.0,13.147,3.756,T1_normal,-96.914,32.652,161.0,-96.801,32.808,161.0,line,161.0,12.653,NORTH,4.174,False,False
2451,5376,5353,1,350.0,13.147,3.756,T1_normal,-96.801,32.808,161.0,-96.914,32.652,161.0,line,161.0,12.653,NORTH,4.174,False,False
2452,5353,5468,1,310.0,73.292,23.643,T1_normal,-96.914,32.652,161.0,-96.801,32.808,161.0,line,161.0,12.653,NORTH,27.718,False,False
2453,5355,5445,1,310.0,60.119,19.393,T1_normal,-97.037,32.302,161.0,-97.054,32.449,161.0,line,161.0,10.158,NORTH,13.712,False,False
2454,5355,5445,1,310.0,60.119,19.393,T1_normal,-97.037,32.302,161.0,-97.054,32.449,161.0,line,161.0,10.158,NORTH,13.712,False,False
2455,5356,5386,1,251.0,96.824,38.575,T1_normal,-96.634,32.909,161.0,-96.703,32.984,161.0,line,161.0,6.527,NORTH,34.76,False,False
2456,5356,5431,1,251.0,89.564,35.683,T1_normal,-96.634,32.909,161.0,-96.445,32.898,161.0,line,161.0,11.042,NORTH,17.863,False,False
2457,5357,5386,1,310.0,48.102,15.517,T1_normal,-96.651,33.102,161.0,-96.703,32.984,161.0,line,161.0,8.695,NORTH,10.913,False,False
2458,5359,5358,1,1057.0,51.774,4.898,T1_normal,-96.931,31.433,161.0,-96.931,31.433,500.0,transformer,500.0,0.0,NORTH,13.363,False,False
2459,5360,5358,1,1355.8,360.0,26.553,T1_normal,-96.931,31.433,13.8,-96.931,31.433,500.0,transformer,500.0,0.0,NORTH,26.553,False,False
2460,8155,5358,1,2768.0,150.945,5.453,T1_normal,-96.695,31.092,500.0,-96.931,31.433,500.0,line,500.0,27.39,NORTH,66.384,False,False
2461,5358,12826,1,2065.1,348.61,16.881,T1_normal,-96.931,31.433,500.0,-96.849,31.509,500.0,line,500.0,7.147,NORTH,85.634,False,False
2462,5362,5361,1,646.0,37.612,5.822,T1_normal,-97.921,33.196,161.0,-97.921,33.196,500.0,transformer,500.0,0.0,NORTH,2.056,False,False
2463,5361,12736,1,2917.5,2394.359,82.069,T2_watch,-97.921,33.196,500.0,-99.092,33.978,500.0,line,500.0,86.358,NORTH,107.556,False,False
2464,12955,5371,1,277.3,0.0,0.0,T1_normal,-96.54,32.552,20.0,-96.54,32.552,161.0,transformer,161.0,0.0,NORTH,0.0,False,False
2465,5373,5433,1,251.0,258.899,103.147,T4_light,-97.267,32.803,161.0,-97.34,32.753,161.0,line,161.0,5.466,NORTH,71.679,True,True
2466,5385,5374,1,409.0,254.794,62.297,T1_normal,-96.801,32.808,161.0,-96.62,32.717,161.0,line,161.0,12.264,NORTH,46.701,False,False
2467,5385,5374,1,409.0,254.794,62.297,T1_normal,-96.801,32.808,161.0,-96.62,32.717,161.0,line,161.0,12.264,NORTH,46.701,False,False
2468,5385,5374,1,409.0,254.794,62.297,T1_normal,-96.801,32.808,161.0,-96.62,32.717,161.0,line,161.0,12.264,NORTH,46.701,False,False
2469,5375,5441,1,317.4,164.341,51.777,T1_normal,-97.34,32.753,161.0,-97.34,32.753,161.0,line,161.0,0.0,NORTH,59.897,False,False
2470,5377,5477,1,251.0,14.152,5.638,T1_normal,-97.761,31.052,161.0,-97.645,31.051,161.0,line,161.0,6.886,NORTH,7.876,False,False
2471,5377,5477,1,208.4,19.711,9.458,T1_normal,-97.761,31.052,161.0,-97.645,31.051,161.0,line,161.0,6.886,NORTH,13.212,False,False
2472,5470,5378,1,409.0,14.01,3.425,T1_normal,-97.26,31.53,161.0,-97.146,31.559,161.0,line,161.0,7.061,NORTH,10.858,False,False
2473,5379,5442,1,251.0,11.672,4.65,T1_normal,-97.34,32.753,161.0,-97.34,32.753,161.0,line,161.0,0.0,NORTH,12.717,False,False
2474,5381,5380,1,1057.0,319.178,30.197,T1_normal,-96.675,32.32,161.0,-96.675,32.32,500.0,transformer,500.0,0.0,NORTH,16.032,False,False
2475,5382,5380,1,321.0,0.0,0.0,T1_normal,-96.675,32.32,13.8,-96.675,32.32,500.0,transformer,500.0,0.0,NORTH,0.0,False,False
2476,5383,5380,1,166.2,0.0,0.0,T1_normal,-96.675,32.32,13.8,-96.675,32.32,500.0,transformer,500.0,0.0,NORTH,0.0,False,False
2477,5380,5384,1,3146.0,751.623,23.891,T1_normal,-96.675,32.32,500.0,-96.801,32.808,500.0,line,500.0,34.523,NORTH,3.158,False,False
2478,5381,5439,1,310.0,178.227,57.493,T1_normal,-96.675,32.32,161.0,-96.85,32.367,161.0,line,161.0,10.722,NORTH,24.807,False,False
2479,5381,5439,1,310.0,178.227,57.493,T1_normal,-96.675,32.32,161.0,-96.85,32.367,161.0,line,161.0,10.722,NORTH,24.807,False,False
2480,5385,5384,1,1538.0,1165.586,75.786,T1_normal,-96.801,32.808,161.0,-96.801,32.808,500.0,transformer,500.0,0.0,NORTH,56.519,False,False
2481,5385,5384,1,1538.0,1165.586,75.786,T1_normal,-96.801,32.808,161.0,-96.801,32.808,500.0,transformer,500.0,0.0,NORTH,56.519,False,False
2482,12505,5384,1,2010.0,1190.228,59.215,T1_normal,-96.492,32.756,500.0,-96.801,32.808,500.0,line,500.0,18.318,NORTH,10.123,False,False
2483,5387,5429,1,187.0,39.026,20.87,T1_normal,-97.34,32.753,161.0,-97.34,32.753,161.0,line,161.0,0.0,NORTH,23.615,False,False
2484,5387,5469,1,310.0,63.025,20.331,T1_normal,-97.34,32.753,161.0,-97.34,32.753,161.0,line,161.0,0.0,NORTH,23.564,False,False
2485,5389,5388,1,1064.0,250.118,23.507,T1_normal,-97.146,31.559,161.0,-97.146,31.559,500.0,transformer,500.0,0.0,NORTH,4.676,False,False
2486,5388,8067,1,2768.0,555.774,20.079,T1_normal,-97.146,31.559,500.0,-96.203,31.376,500.0,line,500.0,56.995,NORTH,3.039,False,False
2487,5389,5393,1,251.0,113.6,45.259,T1_normal,-97.146,31.559,161.0,-97.375,31.695,161.0,line,161.0,16.432,NORTH,52.636,False,False
2488,5391,5390,1,250.0,72.398,28.959,T1_normal,-97.212,30.983,115.0,-97.212,30.983,161.0,transformer,161.0,0.0,NORTH,27.046,False,False
2489,5391,5390,1,250.0,72.398,28.959,T1_normal,-97.212,30.983,115.0,-97.212,30.983,161.0,transformer,161.0,0.0,NORTH,27.046,False,False
2490,5390,5458,1,187.0,34.236,18.308,T1_normal,-97.212,30.983,161.0,-97.379,30.884,161.0,line,161.0,12.011,NORTH,14.564,False,False
2491,12588,5390,1,452.4,0.0,0.0,T1_normal,-97.212,30.983,20.0,-97.212,30.983,161.0,transformer,161.0,0.0,NORTH,0.0,False,False
2492,12589,5390,1,400.9,259.0,64.605,T1_normal,-97.212,30.983,20.0,-97.212,30.983,161.0,transformer,161.0,0.0,NORTH,64.605,False,False
2493,5459,5391,1,98.0,56.613,57.768,T1_normal,-97.379,30.884,115.0,-97.212,30.983,115.0,line,115.0,12.011,NORTH,67.532,False,False
2494,5391,13006,1,231.0,105.0,45.455,T1_normal,-97.212,30.983,115.0,-97.212,30.983,115.0,line,115.0,0.0,NORTH,45.455,False,False
2495,5391,13006,1,231.0,105.0,45.455,T1_normal,-97.212,30.983,115.0,-97.212,30.983,115.0,line,115.0,0.0,NORTH,45.455,False,False
2496,13173,5393,1,193.4,161.0,83.247,T2_watch,-97.375,31.695,20.0,-97.375,31.695,161.0,transformer,161.0,0.0,NORTH,83.247,False,False
2497,5395,5394,1,1163.0,280.389,24.109,T1_normal,-99.332,32.779,230.0,-99.332,32.779,500.0,transformer,500.0,0.0,NORTH,22.989,False,False
2498,5395,5394,1,1163.0,280.389,24.109,T1_normal,-99.332,32.779,230.0,-99.332,32.779,500.0,transformer,500.0,0.0,NORTH,22.989,False,False
2499,5399,5394,1,229.5,0.0,0.0,T1_normal,-99.332,32.779,13.8,-99.332,32.779,500.0,transformer,500.0,0.0,NORTH,0.0,False,False
2500,5394,12883,1,3197.4,1755.567,54.906,T1_normal,-99.332,32.779,500.0,-101.179,34.028,500.0,line,500.0,137.105,NORTH,68.312,False,False
2501,5394,12883,1,3197.4,1755.567,54.906,T1_normal,-99.332,32.779,500.0,-101.179,34.028,500.0,line,500.0,137.105,NORTH,68.312,False,False
2502,5396,5395,1,320.0,58.752,18.36,T1_normal,-99.332,32.779,161.0,-99.332,32.779,230.0,transformer,230.0,0.0,NORTH,9.036,False,False
2503,5397,5396,1,168.0,12.341,7.346,T1_normal,-99.332,32.779,115.0,-99.332,32.779,161.0,transformer,161.0,0.0,NORTH,41.522,False,False
2504,5397,5396,1,168.0,12.341,7.346,T1_normal,-99.332,32.779,115.0,-99.332,32.779,161.0,transformer,161.0,0.0,NORTH,41.522,False,False
2505,5396,12783,1,445.0,200.331,45.018,T1_normal,-99.332,32.779,161.0,-99.569,33.096,161.0,line,161.0,25.812,NORTH,36.975,False,False
2506,5402,5401,1,1174.0,516.559,44.0,T1_normal,-97.699,32.409,161.0,-97.699,32.409,500.0,transformer,500.0,0.0,NORTH,16.419,False,False
2507,5403,5401,1,380.2,2.31,0.608,T1_normal,-97.699,32.409,18.0,-97.699,32.409,500.0,transformer,500.0,0.0,NORTH,0.0,False,False
2508,5404,5401,1,297.0,2.31,0.778,T1_normal,-97.699,32.409,18.0,-97.699,32.409,500.0,transformer,500.0,0.0,NORTH,0.0,False,False
2509,5405,5401,1,306.1,2.31,0.755,T1_normal,-97.699,32.409,18.0,-97.699,32.409,500.0,transformer,500.0,0.0,NORTH,0.0,False,False
2510,5401,12601,1,1830.3,208.154,11.373,T1_normal,-97.699,32.409,500.0,-97.699,32.409,500.0,line,500.0,0.0,NORTH,4.062,False,False
2511,5401,12826,1,2289.4,270.109,11.798,T1_normal,-97.699,32.409,500.0,-96.849,31.509,500.0,line,500.0,79.699,NORTH,38.659,False,False
2512,5402,5473,1,218.4,19.093,8.742,T1_normal,-97.699,32.409,161.0,-97.655,32.266,161.0,line,161.0,10.216,NORTH,15.233,False,False
2513,5402,12600,1,219.1,271.873,124.086,T5_moderate,-97.699,32.409,161.0,-97.699,32.409,161.0,line,161.0,0.0,NORTH,47.44,True,True
2514,5407,5470,1,187.0,13.193,7.055,T1_normal,-97.462,31.82,161.0,-97.26,31.53,161.0,line,161.0,23.288,NORTH,54.291,False,False
2515,12771,5407,1,407.6,0.733,0.18,T1_normal,-97.462,31.82,20.0,-97.462,31.82,161.0,transformer,161.0,0.0,NORTH,0.0,False,False
2516,5407,13382,1,224.9,64.77,28.799,T1_normal,-97.462,31.82,161.0,-97.462,31.82,161.0,line,161.0,0.0,NORTH,31.747,False,False
2517,5408,5421,1,187.0,7.17,3.834,T1_normal,-96.356,33.174,161.0,-96.309,33.066,161.0,line,161.0,7.942,NORTH,3.538,False,False
2518,5409,5447,1,251.0,168.994,67.328,T1_normal,-97.125,32.7,161.0,-97.125,32.7,161.0,line,161.0,0.0,NORTH,55.681,False,False
2519,5411,5410,1,1041.0,293.199,28.165,T1_normal,-97.761,31.052,161.0,-97.761,31.052,500.0,transformer,500.0,0.0,NORTH,35.958,False,False
2520,5410,5451,1,2020.0,432.394,21.406,T1_normal,-97.761,31.052,500.0,-97.968,31.219,500.0,line,500.0,16.84,NORTH,71.439,False,False
2521,5411,5477,1,251.0,93.076,37.082,T1_normal,-97.761,31.052,161.0,-97.645,31.051,161.0,line,161.0,6.886,NORTH,16.035,False,False
2522,6316,5411,1,187.0,9.872,5.279,T1_normal,-97.727,30.716,161.0,-97.761,31.052,161.0,line,161.0,23.279,SOUTH,63.476,False,False
2523,5414,5413,1,315.0,328.02,104.133,T4_light,-98.294,32.711,161.0,-98.294,32.711,500.0,transformer,500.0,0.0,NORTH,12.154,True,True
2524,5415,5413,1,274.9,0.0,0.0,T1_normal,-98.294,32.711,13.8,-98.294,32.711,500.0,transformer,500.0,0.0,NORTH,0.0,False,False
2525,5416,5413,1,125.8,0.0,0.0,T1_normal,-98.294,32.711,13.8,-98.294,32.711,500.0,transformer,500.0,0.0,NORTH,0.0,False,False
2526,5417,5413,1,165.5,0.0,0.0,T1_normal,-98.294,32.711,13.8,-98.294,32.711,500.0,transformer,500.0,0.0,NORTH,0.0,False,False
2527,5418,5413,1,143.7,0.0,0.0,T1_normal,-98.294,32.711,13.8,-98.294,32.711,500.0,transformer,500.0,0.0,NORTH,0.0,False,False
2528,5419,5413,1,99.1,0.0,0.0,T1_normal,-98.294,32.711,13.8,-98.294,32.711,500.0,transformer,500.0,0.0,NORTH,0.0,False,False
2529,5414,5471,1,187.0,328.02,175.412,T7_structural,-98.294,32.711,161.0,-98.377,32.371,161.0,line,161.0,23.98,NORTH,20.473,True,True
2530,5429,5438,1,207.4,41.451,19.986,T1_normal,-97.34,32.753,161.0,-97.34,32.753,161.0,line,161.0,0.0,NORTH,39.546,False,False
2531,5432,5430,1,310.0,108.65,35.048,T1_normal,-97.826,32.762,161.0,-97.826,32.762,161.0,line,161.0,0.0,NORTH,39.775,False,False
2532,5433,12528,1,1600.0,1008.947,63.059,T1_normal,-97.34,32.753,161.0,-97.34,32.753,500.0,transformer,500.0,0.0,NORTH,46.43,False,False
2533,5435,5471,1,187.0,1076.879,575.871,T7_structural,-98.173,32.601,161.0,-98.377,32.371,161.0,line,161.0,19.825,NORTH,64.514,True,True
2534,5443,5469,1,380.0,54.309,14.292,T1_normal,-97.34,32.753,161.0,-97.34,32.753,161.0,line,161.0,0.0,NORTH,20.567,False,False
2535,5445,5444,1,1266.0,506.609,40.016,T1_normal,-97.054,32.449,161.0,-97.054,32.449,500.0,transformer,500.0,0.0,NORTH,25.578,False,False
2536,5444,5448,1,2095.7,440.234,21.007,T1_normal,-97.054,32.449,500.0,-97.01,32.724,500.0,line,500.0,19.171,NORTH,15.622,False,False
2537,12514,5444,1,332.1,2.183,0.657,T1_normal,-97.054,32.449,20.0,-97.054,32.449,500.0,transformer,500.0,0.0,NORTH,0.0,False,False
2538,12515,5444,1,416.9,2.183,0.524,T1_normal,-97.054,32.449,20.0,-97.054,32.449,500.0,transformer,500.0,0.0,NORTH,0.0,False,False
2539,12516,5444,1,389.3,2.183,0.561,T1_normal,-97.054,32.449,20.0,-97.054,32.449,500.0,transformer,500.0,0.0,NORTH,0.0,False,False
2540,12517,5444,1,336.9,661.197,196.259,T7_structural,-97.054,32.449,20.0,-97.054,32.449,500.0,transformer,500.0,0.0,NORTH,47.401,True,True
2541,12518,5444,1,376.6,2.183,0.58,T1_normal,-97.054,32.449,20.0,-97.054,32.449,500.0,transformer,500.0,0.0,NORTH,0.0,False,False
2542,12519,5444,1,354.9,2.183,0.615,T1_normal,-97.054,32.449,20.0,-97.054,32.449,500.0,transformer,500.0,0.0,NORTH,0.0,False,False
2543,5470,5446,1,187.0,64.361,34.418,T1_normal,-97.26,31.53,161.0,-97.195,31.454,161.0,line,161.0,6.512,NORTH,6.924,False,False
2544,5449,5448,1,1267.0,1504.879,118.775,T5_moderate,-97.01,32.724,161.0,-97.01,32.724,500.0,transformer,500.0,0.0,NORTH,86.074,True,True
2545,5448,5479,1,2020.0,756.751,37.463,T1_normal,-97.01,32.724,500.0,-97.307,32.533,500.0,line,500.0,21.717,NORTH,55.778,False,False
2546,12528,5448,1,2361.4,535.557,22.68,T1_normal,-97.34,32.753,500.0,-97.01,32.724,500.0,line,500.0,19.282,NORTH,6.018,False,False
2547,5452,5451,1,960.0,315.465,32.861,T1_normal,-97.968,31.219,161.0,-97.968,31.219,500.0,transformer,500.0,0.0,NORTH,21.342,False,False
2548,5453,12863,1,600.0,593.063,98.844,T3_prevent,-97.458,32.338,161.0,-97.458,32.338,500.0,transformer,500.0,0.0,NORTH,71.865,False,False
2549,13127,5454,1,279.4,0.0,0.0,T1_normal,-96.125,33.114,20.0,-96.125,33.114,161.0,transformer,161.0,0.0,NORTH,0.0,False,False
2550,5454,13421,1,219.8,10.0,4.55,T1_normal,-96.125,33.114,161.0,-96.125,33.114,161.0,line,161.0,0.0,NORTH,4.55,False,False
2551,5456,13282,1,382.6,261.027,68.224,T1_normal,-98.985,32.117,161.0,-99.153,32.386,161.0,line,161.0,21.015,NORTH,58.221,False,False
2552,5459,5458,1,91.0,34.236,37.622,T1_normal,-97.379,30.884,115.0,-97.379,30.884,161.0,transformer,161.0,0.0,NORTH,29.928,False,False
2553,6140,5459,1,149.0,17.856,11.984,T1_normal,-97.502,30.819,115.0,-97.379,30.884,115.0,line,115.0,8.627,SOUTH,24.175,False,False
2554,5459,6325,1,149.0,9.639,6.469,T1_normal,-97.379,30.884,115.0,-97.149,30.853,115.0,line,115.0,13.81,NORTH,7.54,False,False
2555,5463,5478,1,409.0,65.174,15.935,T1_normal,-96.97,32.86,161.0,-96.97,32.86,161.0,line,161.0,0.0,NORTH,16.67,False,False
2556,5463,5478,1,225.0,133.048,59.132,T1_normal,-96.97,32.86,161.0,-96.97,32.86,161.0,line,161.0,0.0,NORTH,61.86,False,False
2557,5465,5464,1,1284.0,1045.281,81.408,T2_watch,-96.823,33.155,161.0,-96.823,33.155,500.0,transformer,500.0,0.0,NORTH,65.55,False,False
2558,5467,5482,1,409.0,19.898,4.865,T1_normal,-96.801,32.808,161.0,-96.801,32.808,161.0,line,161.0,0.0,NORTH,11.643,False,False
2559,5470,13342,1,203.8,0.0,0.0,T1_normal,-97.26,31.53,161.0,-97.409,31.54,161.0,line,161.0,8.778,NORTH,0.0,False,False
2560,13308,5471,1,158.3,100.5,63.487,T1_normal,-98.377,32.371,20.0,-98.377,32.371,161.0,transformer,161.0,0.0,NORTH,63.487,False,False
2561,5472,12676,1,2500.0,388.189,15.528,T1_normal,-99.375,33.207,161.0,-99.375,33.207,500.0,transformer,500.0,0.0,NORTH,26.349,False,False
2562,5472,12676,1,2500.0,388.189,15.528,T1_normal,-99.375,33.207,161.0,-99.375,33.207,500.0,transformer,500.0,0.0,NORTH,26.349,False,False
2563,5472,13012,1,346.2,123.895,35.787,T1_normal,-99.375,33.207,161.0,-99.375,33.207,161.0,line,161.0,0.0,NORTH,64.83,False,False
2564,5472,13012,1,346.2,123.895,35.787,T1_normal,-99.375,33.207,161.0,-99.375,33.207,161.0,line,161.0,0.0,NORTH,64.83,False,False
2565,5472,13012,1,346.2,123.895,35.787,T1_normal,-99.375,33.207,161.0,-99.375,33.207,161.0,line,161.0,0.0,NORTH,64.83,False,False
2566,5472,13012,1,346.2,123.895,35.787,T1_normal,-99.375,33.207,161.0,-99.375,33.207,161.0,line,161.0,0.0,NORTH,64.83,False,False
2567,12920,5474,1,382.1,0.0,0.0,T1_normal,-97.015,31.87,20.0,-97.015,31.87,161.0,transformer,161.0,0.0,NORTH,0.0,False,False
2568,5480,5479,1,961.0,664.455,69.142,T1_normal,-97.307,32.533,161.0,-97.307,32.533,500.0,transformer,500.0,0.0,NORTH,61.556,False,False
2569,5484,13380,1,254.2,42.749,16.817,T1_normal,-99.291,32.007,161.0,-99.153,32.386,161.0,line,161.0,27.384,NORTH,21.248,False,False
2570,6001,6281,1,250.0,67.179,26.872,T1_normal,-98.299,29.48,115.0,-98.277,29.526,115.0,line,115.0,3.447,SOUTH,12.637,False,False
2571,6001,6283,1,98.0,58.184,59.371,T1_normal,-98.299,29.48,115.0,-98.205,29.437,115.0,line,115.0,6.403,SOUTH,34.961,False,False
2572,6001,6312,1,221.0,73.205,33.125,T1_normal,-98.299,29.48,115.0,-98.509,29.475,115.0,line,115.0,12.644,SOUTH,27.846,False,False
2573,6002,6060,1,98.0,41.905,42.76,T1_normal,-98.509,29.475,115.0,-98.509,29.475,115.0,line,115.0,0.0,SOUTH,34.59,False,False
2574,6002,6291,1,221.0,23.667,10.709,T1_normal,-98.509,29.475,115.0,-98.509,29.475,115.0,line,115.0,0.0,SOUTH,6.554,False,False
2575,6002,6291,1,221.0,23.667,10.709,T1_normal,-98.509,29.475,115.0,-98.509,29.475,115.0,line,115.0,0.0,SOUTH,6.554,False,False
2576,6002,6332,1,149.0,75.371,50.585,T1_normal,-98.509,29.475,115.0,-98.747,29.61,115.0,line,115.0,17.058,SOUTH,46.456,False,False
2577,6004,6003,1,1117.0,105.434,9.439,T1_normal,-97.271,30.147,230.0,-97.271,30.147,500.0,transformer,500.0,0.0,SOUTH,16.347,False,False
2578,6006,6003,1,412.4,682.464,165.486,T7_structural,-97.271,30.147,13.8,-97.271,30.147,500.0,transformer,500.0,0.0,SOUTH,39.837,True,True
2579,6007,6003,1,197.4,277.06,140.355,T6_heavy,-97.271,30.147,13.8,-97.271,30.147,500.0,transformer,500.0,0.0,SOUTH,33.787,True,True
2580,6008,6003,1,192.7,277.06,143.778,T6_heavy,-97.271,30.147,13.8,-97.271,30.147,500.0,transformer,500.0,0.0,SOUTH,34.611,True,True
2581,6003,6107,1,2020.0,1168.184,57.831,T1_normal,-97.271,30.147,500.0,-96.947,30.633,500.0,line,500.0,38.756,SOUTH,5.316,False,False
2582,6292,6003,1,2768.0,131.282,4.743,T1_normal,-97.523,30.12,500.0,-97.271,30.147,500.0,line,500.0,15.139,SOUTH,41.974,False,False
2583,6003,12621,1,2073.3,94.247,4.546,T1_normal,-97.271,30.147,500.0,-97.271,30.147,500.0,line,500.0,0.0,SOUTH,66.769,False,False
2584,6005,6004,1,200.0,13.649,6.825,T1_normal,-97.271,30.147,115.0,-97.271,30.147,230.0,transformer,230.0,0.0,SOUTH,7.29,False,False
2585,6005,6004,1,200.0,13.649,6.825,T1_normal,-97.271,30.147,115.0,-97.271,30.147,230.0,transformer,230.0,0.0,SOUTH,7.29,False,False
2586,6102,6004,1,1400.0,78.135,5.581,T1_normal,-96.994,30.025,230.0,-97.271,30.147,230.0,line,230.0,18.537,SOUTH,15.125,False,False
2587,6012,6005,1,221.0,125.456,56.767,T1_normal,-97.219,30.304,115.0,-97.271,30.147,115.0,line,115.0,11.299,SOUTH,24.957,False,False
2588,6012,6005,1,221.0,125.456,56.767,T1_normal,-97.219,30.304,115.0,-97.271,30.147,115.0,line,115.0,11.299,SOUTH,24.957,False,False
2589,6005,6117,1,221.0,20.385,9.224,T1_normal,-97.271,30.147,115.0,-97.182,30.014,115.0,line,115.0,10.606,SOUTH,17.479,False,False
2590,6005,6117,1,221.0,20.385,9.224,T1_normal,-97.271,30.147,115.0,-97.182,30.014,115.0,line,115.0,10.606,SOUTH,17.479,False,False
2591,6005,12620,1,193.6,84.966,43.887,T1_normal,-97.271,30.147,115.0,-97.271,30.147,115.0,line,115.0,0.0,SOUTH,37.733,False,False
2592,6005,12620,1,193.6,84.966,43.887,T1_normal,-97.271,30.147,115.0,-97.271,30.147,115.0,line,115.0,0.0,SOUTH,37.733,False,False
2593,6005,12620,1,193.6,84.966,43.887,T1_normal,-97.271,30.147,115.0,-97.271,30.147,115.0,line,115.0,0.0,SOUTH,37.733,False,False
2594,6005,12620,1,193.6,84.966,43.887,T1_normal,-97.271,30.147,115.0,-97.271,30.147,115.0,line,115.0,0.0,SOUTH,37.733,False,False
2595,6011,6068,1,221.0,9.912,4.485,T1_normal,-98.095,29.612,115.0,-98.095,29.612,115.0,line,115.0,0.0,SOUTH,8.713,False,False
2596,6163,6011,1,221.0,36.802,16.653,T1_normal,-97.975,28.596,115.0,-98.095,29.612,115.0,line,115.0,70.584,SOUTH,20.88,False,False
2597,6027,6012,1,221.0,112.086,50.717,T1_normal,-97.355,30.414,115.0,-97.219,30.304,115.0,line,115.0,11.146,SOUTH,18.907,False,False
2598,6027,6012,1,221.0,112.086,50.717,T1_normal,-97.355,30.414,115.0,-97.219,30.304,115.0,line,115.0,11.146,SOUTH,18.907,False,False
2599,6026,6013,1,221.0,3.162,1.431,T1_normal,-98.509,29.475,115.0,-98.509,29.475,115.0,line,115.0,0.0,SOUTH,12.681,False,False
2600,6013,6128,1,98.0,29.519,30.121,T1_normal,-98.509,29.475,115.0,-98.509,29.475,115.0,line,115.0,0.0,SOUTH,17.281,False,False
2601,6013,6168,1,149.0,63.188,42.408,T1_normal,-98.509,29.475,115.0,-98.509,29.475,115.0,line,115.0,0.0,SOUTH,15.401,False,False
2602,6013,6182,1,174.9,173.516,99.209,T3_prevent,-98.509,29.475,115.0,-98.509,29.475,115.0,line,115.0,0.0,SOUTH,50.648,False,False
2603,6013,6225,1,98.0,31.048,31.682,T1_normal,-98.509,29.475,115.0,-98.509,29.475,115.0,line,115.0,0.0,SOUTH,15.457,False,False
2604,6014,6096,1,98.0,3.222,3.287,T1_normal,-97.301,29.701,115.0,-97.471,29.696,115.0,line,115.0,10.168,SOUTH,10.818,False,False
2605,6133,6014,1,149.0,5.734,3.848,T1_normal,-97.158,29.728,115.0,-97.301,29.701,115.0,line,115.0,8.773,SOUTH,22.547,False,False
2606,6014,6139,1,98.0,8.022,8.186,T1_normal,-97.301,29.701,115.0,-97.358,29.844,115.0,line,115.0,10.466,SOUTH,50.722,False,False
2607,6015,6112,1,220.0,96.793,43.997,T1_normal,-98.737,29.283,115.0,-98.842,29.2,115.0,line,115.0,8.548,SOUTH,34.391,False,False
2608,6015,6182,1,115.6,7.737,6.693,T1_normal,-98.737,29.283,115.0,-98.509,29.475,115.0,line,115.0,19.066,SOUTH,15.964,False,False
2609,6015,6236,1,149.0,17.562,11.787,T1_normal,-98.737,29.283,115.0,-98.509,29.475,115.0,line,115.0,19.066,SOUTH,12.49,False,False
2610,6016,6114,1,120.6,33.4,27.695,T1_normal,-98.509,29.475,115.0,-98.509,29.475,115.0,line,115.0,0.0,SOUTH,34.644,False,False
2611,6016,6168,1,221.0,16.019,7.249,T1_normal,-98.509,29.475,115.0,-98.509,29.475,115.0,line,115.0,0.0,SOUTH,2.369,False,False
2612,6016,6168,1,221.0,16.019,7.249,T1_normal,-98.509,29.475,115.0,-98.509,29.475,115.0,line,115.0,0.0,SOUTH,2.369,False,False
2613,6016,6182,1,126.4,52.352,41.418,T1_normal,-98.509,29.475,115.0,-98.509,29.475,115.0,line,115.0,0.0,SOUTH,11.319,False,False
2614,6199,6016,1,221.0,94.474,42.748,T1_normal,-98.509,29.475,115.0,-98.509,29.475,115.0,line,115.0,0.0,SOUTH,49.512,False,False
2615,6199,6016,1,221.0,94.474,42.748,T1_normal,-98.509,29.475,115.0,-98.509,29.475,115.0,line,115.0,0.0,SOUTH,49.512,False,False
2616,6199,6016,1,221.0,94.474,42.748,T1_normal,-98.509,29.475,115.0,-98.509,29.475,115.0,line,115.0,0.0,SOUTH,49.512,False,False
2617,6016,6356,1,400.0,141.473,35.368,T1_normal,-98.509,29.475,115.0,-98.509,29.475,115.0,line,115.0,0.0,SOUTH,28.473,False,False
2618,6068,6017,1,221.0,89.176,40.351,T1_normal,-98.095,29.612,115.0,-98.221,29.575,115.0,line,115.0,7.989,SOUTH,45.322,False,False
2619,6068,6017,1,221.0,89.176,40.351,T1_normal,-98.095,29.612,115.0,-98.221,29.575,115.0,line,115.0,7.989,SOUTH,45.322,False,False
2620,6068,6017,1,221.0,89.176,40.351,T1_normal,-98.095,29.612,115.0,-98.221,29.575,115.0,line,115.0,7.989,SOUTH,45.322,False,False
2621,6017,6159,1,221.0,46.376,20.984,T1_normal,-98.221,29.575,115.0,-98.263,29.547,115.0,line,115.0,3.182,SOUTH,25.956,False,False
2622,6017,6159,1,221.0,46.376,20.984,T1_normal,-98.221,29.575,115.0,-98.263,29.547,115.0,line,115.0,3.182,SOUTH,25.956,False,False
2623,6017,6159,1,221.0,46.376,20.984,T1_normal,-98.221,29.575,115.0,-98.263,29.547,115.0,line,115.0,3.182,SOUTH,25.956,False,False
2624,6160,6018,1,221.0,69.611,31.498,T1_normal,-97.775,30.304,115.0,-97.775,30.304,115.0,line,115.0,0.0,SOUTH,27.773,False,False
2625,6160,6018,1,221.0,69.611,31.498,T1_normal,-97.775,30.304,115.0,-97.775,30.304,115.0,line,115.0,0.0,SOUTH,27.773,False,False
2626,6160,6018,1,221.0,69.611,31.498,T1_normal,-97.775,30.304,115.0,-97.775,30.304,115.0,line,115.0,0.0,SOUTH,27.773,False,False
2627,6018,6233,1,122.1,19.938,16.329,T1_normal,-97.775,30.304,115.0,-97.775,30.304,115.0,line,115.0,0.0,SOUTH,17.203,False,False
2628,6018,6256,1,221.0,29.389,13.298,T1_normal,-97.775,30.304,115.0,-97.775,30.304,115.0,line,115.0,0.0,SOUTH,13.037,False,False
2629,6018,6256,1,221.0,29.389,13.298,T1_normal,-97.775,30.304,115.0,-97.775,30.304,115.0,line,115.0,0.0,SOUTH,13.037,False,False
2630,6018,6256,1,221.0,29.389,13.298,T1_normal,-97.775,30.304,115.0,-97.775,30.304,115.0,line,115.0,0.0,SOUTH,13.037,False,False
2631,6018,6256,1,191.4,118.923,62.133,T1_normal,-97.775,30.304,115.0,-97.775,30.304,115.0,line,115.0,0.0,SOUTH,60.912,False,False
2632,13265,6018,1,197.4,2.772,1.404,T1_normal,-97.775,30.304,20.0,-97.775,30.304,115.0,transformer,115.0,0.0,SOUTH,0.0,False,False
2633,6018,13411,1,133.6,4.87,3.645,T1_normal,-97.775,30.304,115.0,-97.516,30.289,115.0,line,115.0,15.482,SOUTH,4.843,False,False
2634,6019,6040,1,221.0,90.903,41.133,T1_normal,-97.775,30.304,115.0,-97.775,30.304,115.0,line,115.0,0.0,SOUTH,38.55,False,False
2635,6040,6019,1,221.0,90.903,41.133,T1_normal,-97.775,30.304,115.0,-97.775,30.304,115.0,line,115.0,0.0,SOUTH,38.55,False,False
2636,6040,6019,1,221.0,90.903,41.133,T1_normal,-97.775,30.304,115.0,-97.775,30.304,115.0,line,115.0,0.0,SOUTH,38.55,False,False
2637,6019,6113,1,221.0,48.393,21.897,T1_normal,-97.775,30.304,115.0,-97.775,30.304,115.0,line,115.0,0.0,SOUTH,28.142,False,False
2638,6019,6113,1,221.0,48.393,21.897,T1_normal,-97.775,30.304,115.0,-97.775,30.304,115.0,line,115.0,0.0,SOUTH,28.142,False,False
2639,6019,6175,1,138.6,34.49,24.885,T1_normal,-97.775,30.304,115.0,-97.775,30.304,115.0,line,115.0,0.0,SOUTH,43.286,False,False
2640,6019,6306,1,98.0,20.904,21.331,T1_normal,-97.775,30.304,115.0,-97.775,30.304,115.0,line,115.0,0.0,SOUTH,2.42,False,False
2641,6019,6313,1,221.0,22.759,10.298,T1_normal,-97.775,30.304,115.0,-97.775,30.304,115.0,line,115.0,0.0,SOUTH,3.282,False,False
2642,6019,6313,1,221.0,22.759,10.298,T1_normal,-97.775,30.304,115.0,-97.775,30.304,115.0,line,115.0,0.0,SOUTH,3.282,False,False
2643,6020,6252,1,220.0,147.043,66.838,T1_normal,-98.372,30.558,115.0,-98.36,30.402,115.0,line,115.0,10.786,SOUTH,79.812,False,False
2644,6020,12613,1,600.0,163.573,27.262,T1_normal,-98.372,30.558,115.0,-98.372,30.558,500.0,transformer,500.0,0.0,SOUTH,32.019,False,False
2645,6022,6021,1,948.0,402.345,42.441,T1_normal,-97.94,30.506,230.0,-97.94,30.506,500.0,transformer,500.0,0.0,SOUTH,35.69,False,False
2646,6118,6021,1,2020.0,894.716,44.293,T1_normal,-97.824,30.504,500.0,-97.94,30.506,500.0,line,500.0,6.887,SOUTH,8.192,False,False
2647,6021,6210,1,2020.0,932.774,46.177,T1_normal,-97.94,30.506,500.0,-98.268,30.564,500.0,line,500.0,19.948,SOUTH,68.473,False,False
2648,6021,6298,1,2174.8,364.287,16.75,T1_normal,-97.94,30.506,500.0,-98.084,29.745,500.0,line,500.0,53.266,SOUTH,40.433,False,False
2649,6023,6022,1,438.0,251.014,57.309,T1_normal,-97.94,30.506,115.0,-97.94,30.506,230.0,transformer,230.0,0.0,SOUTH,33.852,False,False
2650,6022,6222,1,438.9,93.893,21.393,T1_normal,-97.94,30.506,230.0,-97.775,30.304,230.0,line,230.0,17.071,SOUTH,44.163,False,False
2651,6315,6022,1,443.0,78.95,17.822,T1_normal,-97.727,30.716,230.0,-97.94,30.506,230.0,line,230.0,19.254,SOUTH,6.022,False,False
2652,6022,6350,1,443.0,21.513,4.856,T1_normal,-97.94,30.506,230.0,-97.775,30.304,230.0,line,230.0,17.071,SOUTH,5.173,False,False
2653,6023,6084,1,205.0,97.226,47.428,T1_normal,-97.94,30.506,115.0,-97.677,30.534,115.0,line,115.0,15.753,SOUTH,43.998,False,False
2654,6120,6023,1,221.0,80.185,36.283,T1_normal,-97.824,30.504,115.0,-97.94,30.506,115.0,line,115.0,6.887,SOUTH,55.256,False,False
2655,6023,6262,1,221.0,29.644,13.413,T1_normal,-97.94,30.506,115.0,-97.876,30.749,115.0,line,115.0,17.196,SOUTH,44.554,False,False
2656,6023,6262,1,221.0,29.644,13.413,T1_normal,-97.94,30.506,115.0,-97.876,30.749,115.0,line,115.0,17.196,SOUTH,44.554,False,False
2657,6024,6113,1,121.2,13.608,11.228,T1_normal,-97.775,30.304,115.0,-97.775,30.304,115.0,line,115.0,0.0,SOUTH,11.477,False,False
2658,6024,6181,1,221.0,29.977,13.564,T1_normal,-97.775,30.304,115.0,-97.516,30.289,115.0,line,115.0,15.482,SOUTH,12.44,False,False
2659,6024,6219,1,300.0,40.268,13.423,T1_normal,-97.775,30.304,115.0,-97.775,30.304,115.0,line,115.0,0.0,SOUTH,4.121,False,False
2660,6024,6256,1,124.0,128.725,103.81,T4_light,-97.775,30.304,115.0,-97.775,30.304,115.0,line,115.0,0.0,SOUTH,77.681,True,True
2661,6024,6330,1,221.0,3.895,1.762,T1_normal,-97.775,30.304,115.0,-97.775,30.304,115.0,line,115.0,0.0,SOUTH,5.681,False,False
2662,6025,6060,1,250.0,61.704,24.682,T1_normal,-98.509,29.475,115.0,-98.509,29.475,115.0,line,115.0,0.0,SOUTH,11.95,False,False
2663,6121,6025,1,221.0,24.055,10.885,T1_normal,-98.509,29.475,115.0,-98.509,29.475,115.0,line,115.0,0.0,SOUTH,4.107,False,False
2664,6025,6337,1,221.0,93.287,42.212,T1_normal,-98.509,29.475,115.0,-98.509,29.475,115.0,line,115.0,0.0,SOUTH,33.09,False,False
2665,6025,6337,1,221.0,93.287,42.212,T1_normal,-98.509,29.475,115.0,-98.509,29.475,115.0,line,115.0,0.0,SOUTH,33.09,False,False
2666,6352,6025,1,221.0,43.106,19.505,T1_normal,-98.509,29.475,115.0,-98.509,29.475,115.0,line,115.0,0.0,SOUTH,16.358,False,False
2667,6026,6182,1,221.0,13.291,6.014,T1_normal,-98.509,29.475,115.0,-98.509,29.475,115.0,line,115.0,0.0,SOUTH,6.712,False,False
2668,6026,6182,1,126.6,16.548,13.071,T1_normal,-98.509,29.475,115.0,-98.509,29.475,115.0,line,115.0,0.0,SOUTH,14.587,False,False
2669,6236,6026,1,221.0,5.976,2.704,T1_normal,-98.509,29.475,115.0,-98.509,29.475,115.0,line,115.0,0.0,SOUTH,18.879,False,False
2670,6236,6026,1,221.0,5.976,2.704,T1_normal,-98.509,29.475,115.0,-98.509,29.475,115.0,line,115.0,0.0,SOUTH,18.879,False,False
2671,6027,6116,1,130.0,81.874,62.98,T1_normal,-97.355,30.414,115.0,-97.357,30.415,115.0,line,115.0,0.113,SOUTH,9.708,False,False
2672,6027,6116,1,130.0,81.874,62.98,T1_normal,-97.355,30.414,115.0,-97.357,30.415,115.0,line,115.0,0.113,SOUTH,9.708,False,False
2673,6027,6181,1,300.0,45.444,15.148,T1_normal,-97.355,30.414,115.0,-97.516,30.289,115.0,line,115.0,12.923,SOUTH,14.449,False,False
2674,6028,6040,1,133.0,9.875,7.425,T1_normal,-97.775,30.304,115.0,-97.775,30.304,115.0,line,115.0,0.0,SOUTH,17.32,False,False
2675,6126,6028,1,221.0,20.983,9.495,T1_normal,-97.775,30.304,115.0,-97.775,30.304,115.0,line,115.0,0.0,SOUTH,15.752,False,False
2676,6126,6028,1,221.0,20.983,9.495,T1_normal,-97.775,30.304,115.0,-97.775,30.304,115.0,line,115.0,0.0,SOUTH,15.752,False,False
2677,6028,6130,1,125.0,1.752,1.402,T1_normal,-97.775,30.304,115.0,-97.875,30.133,115.0,line,115.0,13.25,SOUTH,17.088,False,False
2678,6028,6223,1,221.0,107.905,48.826,T1_normal,-97.775,30.304,115.0,-97.775,30.304,115.0,line,115.0,0.0,SOUTH,48.999,False,False
2679,6028,6223,1,221.0,107.905,48.826,T1_normal,-97.775,30.304,115.0,-97.775,30.304,115.0,line,115.0,0.0,SOUTH,48.999,False,False
2680,6028,6289,1,98.0,33.68,34.367,T1_normal,-97.775,30.304,115.0,-97.775,30.304,115.0,line,115.0,0.0,SOUTH,13.04,False,False
2681,6029,6221,1,149.0,59.045,39.627,T1_normal,-97.887,28.952,115.0,-98.24,28.867,115.0,line,115.0,22.163,SOUTH,10.971,False,False
2682,6329,6029,1,149.0,69.935,46.936,T1_normal,-97.697,28.872,115.0,-97.887,28.952,115.0,line,115.0,12.782,SOUTH,18.28,False,False
2683,6031,6030,1,124.0,54.126,43.65,T1_normal,-97.076,29.202,115.0,-97.076,29.202,230.0,transformer,230.0,0.0,SOUTH,35.613,False,False
2684,6030,6172,1,443.0,46.368,10.467,T1_normal,-97.076,29.202,230.0,-97.297,29.113,230.0,line,230.0,14.655,SOUTH,7.283,False,False
2685,6030,6188,1,443.0,184.714,41.696,T1_normal,-97.076,29.202,230.0,-96.425,29.696,230.0,line,230.0,51.932,SOUTH,23.263,False,False
2686,6030,7274,1,443.0,285.208,64.381,T1_normal,-97.076,29.202,230.0,-97.006,28.747,230.0,line,230.0,31.779,SOUTH,40.515,False,False
2687,6173,6031,1,98.0,24.946,25.456,T1_normal,-97.297,29.113,115.0,-97.076,29.202,115.0,line,115.0,14.655,SOUTH,15.286,False,False
2688,6032,6207,1,149.0,61.069,40.986,T1_normal,-97.775,30.304,115.0,-97.94,30.506,115.0,line,115.0,17.071,SOUTH,35.22,False,False
2689,6217,6032,1,98.0,16.892,17.237,T1_normal,-97.775,30.304,115.0,-97.775,30.304,115.0,line,115.0,0.0,SOUTH,9.737,False,False
2690,6034,6033,1,1058.0,583.363,55.138,T1_normal,-97.574,30.412,230.0,-97.574,30.412,500.0,transformer,500.0,0.0,SOUTH,53.842,False,False
2691,6107,6033,1,2768.0,337.913,12.208,T1_normal,-96.947,30.633,500.0,-97.574,30.412,500.0,line,500.0,40.307,SOUTH,12.525,False,False
2692,6033,6342,1,2020.0,857.346,42.443,T1_normal,-97.574,30.412,500.0,-97.677,30.534,500.0,line,500.0,10.427,SOUTH,40.413,False,False
2693,13332,6033,1,141.7,98.613,69.593,T1_normal,-97.574,30.412,20.0,-97.574,30.412,500.0,transformer,500.0,0.0,SOUTH,70.572,False,False
2694,6035,6034,1,540.0,285.13,52.802,T1_normal,-97.574,30.412,115.0,-97.574,30.412,230.0,transformer,230.0,0.0,SOUTH,63.816,False,False
2695,6035,6034,1,540.0,285.13,52.802,T1_normal,-97.574,30.412,115.0,-97.574,30.412,230.0,transformer,230.0,0.0,SOUTH,63.816,False,False
2696,6108,6034,1,548.0,206.866,37.749,T1_normal,-96.947,30.633,230.0,-97.574,30.412,230.0,line,230.0,40.307,SOUTH,5.566,False,False
2697,6034,6119,1,443.0,20.229,4.566,T1_normal,-97.574,30.412,230.0,-97.824,30.504,230.0,line,230.0,16.192,SOUTH,7.683,False,False
2698,6034,6255,1,443.0,268.184,60.538,T1_normal,-97.574,30.412,230.0,-97.775,30.304,230.0,line,230.0,14.119,SOUTH,18.384,False,False
2699,6034,6343,1,548.0,50.064,9.136,T1_normal,-97.574,30.412,230.0,-97.677,30.534,230.0,line,230.0,10.427,SOUTH,4.016,False,False
2700,6034,6343,1,435.8,28.633,6.57,T1_normal,-97.574,30.412,230.0,-97.677,30.534,230.0,line,230.0,10.427,SOUTH,2.888,False,False
2701,6061,6035,1,221.0,77.185,34.925,T1_normal,-97.775,30.304,115.0,-97.574,30.412,115.0,line,115.0,14.119,SOUTH,48.995,False,False
2702,6061,6035,1,221.0,77.185,34.925,T1_normal,-97.775,30.304,115.0,-97.574,30.412,115.0,line,115.0,14.119,SOUTH,48.995,False,False
2703,6123,6035,1,221.0,78.132,35.354,T1_normal,-97.775,30.304,115.0,-97.574,30.412,115.0,line,115.0,14.119,SOUTH,46.121,False,False
2704,6123,6035,1,221.0,78.132,35.354,T1_normal,-97.775,30.304,115.0,-97.574,30.412,115.0,line,115.0,14.119,SOUTH,46.121,False,False
2705,6035,6306,1,98.0,45.278,46.202,T1_normal,-97.574,30.412,115.0,-97.775,30.304,115.0,line,115.0,14.119,SOUTH,63.709,False,False
2706,6037,6036,1,467.0,287.028,61.462,T1_normal,-98.509,29.475,115.0,-98.509,29.475,230.0,transformer,230.0,0.0,SOUTH,60.431,False,False
2707,6037,6036,1,467.0,287.028,61.462,T1_normal,-98.509,29.475,115.0,-98.509,29.475,230.0,transformer,230.0,0.0,SOUTH,60.431,False,False
2708,6037,6036,1,467.0,287.028,61.462,T1_normal,-98.509,29.475,115.0,-98.509,29.475,230.0,transformer,230.0,0.0,SOUTH,60.431,False,False
2709,6036,6046,1,395.9,75.461,19.061,T1_normal,-98.509,29.475,230.0,-98.509,29.475,230.0,line,230.0,0.0,SOUTH,32.565,False,False
2710,6036,6067,1,750.0,105.503,14.067,T1_normal,-98.509,29.475,230.0,-98.095,29.612,230.0,line,230.0,26.681,SOUTH,20.856,False,False
2711,6036,6067,1,396.9,128.564,32.392,T1_normal,-98.509,29.475,230.0,-98.095,29.612,230.0,line,230.0,26.681,SOUTH,48.025,False,False
2712,6036,6142,1,750.0,230.475,30.73,T1_normal,-98.509,29.475,230.0,-98.509,29.475,230.0,line,230.0,0.0,SOUTH,12.617,False,False
2713,6036,6142,1,750.0,230.475,30.73,T1_normal,-98.509,29.475,230.0,-98.509,29.475,230.0,line,230.0,0.0,SOUTH,12.617,False,False
2714,6036,6277,1,403.8,11.17,2.766,T1_normal,-98.509,29.475,230.0,-97.807,29.875,230.0,line,230.0,50.429,SOUTH,22.545,False,False
2715,6287,6036,1,548.0,90.28,16.474,T1_normal,-98.509,29.475,230.0,-98.509,29.475,230.0,line,230.0,0.0,SOUTH,7.487,False,False
2716,6036,6334,1,443.0,44.515,10.049,T1_normal,-98.509,29.475,230.0,-98.509,29.475,230.0,line,230.0,0.0,SOUTH,11.145,False,False
2717,6094,6037,1,251.0,160.91,64.107,T1_normal,-98.509,29.475,115.0,-98.509,29.475,115.0,line,115.0,0.0,SOUTH,54.501,False,False
2718,6094,6037,1,251.0,160.91,64.107,T1_normal,-98.509,29.475,115.0,-98.509,29.475,115.0,line,115.0,0.0,SOUTH,54.501,False,False
2719,6220,6037,1,221.0,93.87,42.475,T1_normal,-98.509,29.475,115.0,-98.509,29.475,115.0,line,115.0,0.0,SOUTH,45.654,False,False
2720,6220,6037,1,221.0,93.87,42.475,T1_normal,-98.509,29.475,115.0,-98.509,29.475,115.0,line,115.0,0.0,SOUTH,45.654,False,False
2721,6220,6037,1,221.0,93.87,42.475,T1_normal,-98.509,29.475,115.0,-98.509,29.475,115.0,line,115.0,0.0,SOUTH,45.654,False,False
2722,6037,6250,1,112.9,9.634,8.533,T1_normal,-98.509,29.475,115.0,-98.509,29.475,115.0,line,115.0,0.0,SOUTH,34.417,False,False
2723,6039,6038,1,1269.0,547.534,43.147,T1_normal,-97.775,30.304,230.0,-97.775,30.304,500.0,transformer,500.0,0.0,SOUTH,36.135,False,False
2724,6038,6066,1,2020.0,340.201,16.842,T1_normal,-97.775,30.304,500.0,-98.095,29.612,500.0,line,500.0,51.483,SOUTH,21.032,False,False
2725,6254,6038,1,2020.0,608.889,30.143,T1_normal,-97.775,30.304,500.0,-97.775,30.304,500.0,line,500.0,0.0,SOUTH,26.765,False,False
2726,6349,6038,1,2020.0,332.247,16.448,T1_normal,-97.775,30.304,500.0,-97.775,30.304,500.0,line,500.0,0.0,SOUTH,16.967,False,False
2727,6040,6039,1,338.0,259.703,76.835,T1_normal,-97.775,30.304,115.0,-97.775,30.304,230.0,transformer,230.0,0.0,SOUTH,69.393,False,False
2728,6040,6039,1,338.0,259.703,76.835,T1_normal,-97.775,30.304,115.0,-97.775,30.304,230.0,transformer,230.0,0.0,SOUTH,69.393,False,False
2729,6039,6222,1,443.0,226.522,51.134,T1_normal,-97.775,30.304,230.0,-97.775,30.304,230.0,line,230.0,0.0,SOUTH,49.039,False,False
2730,6039,6277,1,411.7,121.539,29.521,T1_normal,-97.775,30.304,230.0,-97.807,29.875,230.0,line,230.0,29.714,SOUTH,28.713,False,False
2731,6039,6350,1,454.0,108.738,23.951,T1_normal,-97.775,30.304,230.0,-97.775,30.304,230.0,line,230.0,0.0,SOUTH,76.211,False,False
2732,6040,6175,1,140.3,42.065,29.982,T1_normal,-97.775,30.304,115.0,-97.775,30.304,115.0,line,115.0,0.0,SOUTH,38.054,False,False
2733,6040,6224,1,149.0,98.035,65.795,T1_normal,-97.775,30.304,115.0,-97.775,30.304,115.0,line,115.0,0.0,SOUTH,37.789,False,False
2734,6043,6236,1,221.0,102.272,46.277,T1_normal,-98.509,29.475,115.0,-98.509,29.475,115.0,line,115.0,0.0,SOUTH,39.963,False,False
2735,6043,6236,1,221.0,102.272,46.277,T1_normal,-98.509,29.475,115.0,-98.509,29.475,115.0,line,115.0,0.0,SOUTH,39.963,False,False
2736,6335,6043,1,221.0,21.593,9.771,T1_normal,-98.509,29.475,115.0,-98.509,29.475,115.0,line,115.0,0.0,SOUTH,12.349,False,False
2737,6335,6043,1,221.0,21.593,9.771,T1_normal,-98.509,29.475,115.0,-98.509,29.475,115.0,line,115.0,0.0,SOUTH,12.349,False,False
2738,6044,6182,1,132.4,5.321,4.019,T1_normal,-98.509,29.475,115.0,-98.509,29.475,115.0,line,115.0,0.0,SOUTH,11.069,False,False
2739,6044,6203,1,149.0,76.491,51.336,T1_normal,-98.509,29.475,115.0,-98.509,29.475,115.0,line,115.0,0.0,SOUTH,40.529,False,False
2740,6204,6044,1,149.0,126.238,84.723,T2_watch,-98.509,29.475,115.0,-98.509,29.475,115.0,line,115.0,0.0,SOUTH,54.19,False,False
2741,6044,6275,1,204.4,153.451,75.074,T1_normal,-98.509,29.475,115.0,-98.509,29.475,115.0,line,115.0,0.0,SOUTH,51.447,False,False
2742,6044,6275,1,204.4,153.451,75.074,T1_normal,-98.509,29.475,115.0,-98.509,29.475,115.0,line,115.0,0.0,SOUTH,51.447,False,False
2743,6044,6284,1,149.0,119.376,80.118,T2_watch,-98.509,29.475,115.0,-98.509,29.475,115.0,line,115.0,0.0,SOUTH,58.653,False,False
2744,6044,6323,1,221.0,91.709,41.498,T1_normal,-98.509,29.475,115.0,-98.509,29.475,115.0,line,115.0,0.0,SOUTH,27.969,False,False
2745,6044,6323,1,221.0,91.709,41.498,T1_normal,-98.509,29.475,115.0,-98.509,29.475,115.0,line,115.0,0.0,SOUTH,27.969,False,False
2746,6046,6045,1,1198.0,466.943,38.977,T1_normal,-98.509,29.475,230.0,-98.509,29.475,500.0,transformer,500.0,0.0,SOUTH,58.74,False,False
2747,6066,6045,1,2020.0,440.945,21.829,T1_normal,-98.095,29.612,500.0,-98.509,29.475,500.0,line,500.0,26.681,SOUTH,10.706,False,False
2748,6210,6045,1,2020.0,292.176,14.464,T1_normal,-98.268,30.564,500.0,-98.509,29.475,500.0,line,500.0,76.65,SOUTH,54.703,False,False
2749,6045,6234,1,2020.0,194.395,9.624,T1_normal,-98.509,29.475,500.0,-98.509,29.475,500.0,line,500.0,0.0,SOUTH,30.572,False,False
2750,6047,6046,1,320.0,217.653,68.017,T1_normal,-98.509,29.475,115.0,-98.509,29.475,230.0,transformer,230.0,0.0,SOUTH,65.51,False,False
2751,6047,6046,1,320.0,217.653,68.017,T1_normal,-98.509,29.475,115.0,-98.509,29.475,230.0,transformer,230.0,0.0,SOUTH,65.51,False,False
2752,6046,6198,1,523.0,39.537,7.56,T1_normal,-98.509,29.475,230.0,-98.509,29.475,230.0,line,230.0,0.0,SOUTH,23.673,False,False
2753,6046,6285,1,647.0,0.567,0.088,T1_normal,-98.509,29.475,230.0,-98.678,29.803,230.0,line,230.0,24.88,SOUTH,9.658,False,False
2754,6046,6287,1,483.2,77.372,16.013,T1_normal,-98.509,29.475,230.0,-98.509,29.475,230.0,line,230.0,0.0,SOUTH,11.614,False,False
2755,6046,6334,1,411.5,39.576,9.617,T1_normal,-98.509,29.475,230.0,-98.509,29.475,230.0,line,230.0,0.0,SOUTH,9.252,False,False
2756,6047,6150,1,221.0,26.544,12.011,T1_normal,-98.509,29.475,115.0,-98.509,29.475,115.0,line,115.0,0.0,SOUTH,19.721,False,False
2757,6047,6150,1,221.0,26.544,12.011,T1_normal,-98.509,29.475,115.0,-98.509,29.475,115.0,line,115.0,0.0,SOUTH,19.721,False,False
2758,6291,6047,1,221.0,50.914,23.038,T1_normal,-98.509,29.475,115.0,-98.509,29.475,115.0,line,115.0,0.0,SOUTH,15.433,False,False
2759,6291,6047,1,221.0,50.914,23.038,T1_normal,-98.509,29.475,115.0,-98.509,29.475,115.0,line,115.0,0.0,SOUTH,15.433,False,False
2760,6226,6055,1,114.0,28.937,25.383,T1_normal,-98.567,30.183,115.0,-98.556,29.903,115.0,line,115.0,19.332,SOUTH,76.855,False,False
2761,6055,6286,1,98.0,20.717,21.14,T1_normal,-98.556,29.903,115.0,-98.678,29.803,115.0,line,115.0,10.043,SOUTH,81.015,False,False
2762,6057,6056,1,1171.0,517.617,44.203,T1_normal,-98.084,29.745,230.0,-98.084,29.745,500.0,transformer,500.0,0.0,SOUTH,33.378,False,False
2763,6056,6066,1,2020.0,70.297,3.48,T1_normal,-98.084,29.745,500.0,-98.095,29.612,500.0,line,500.0,9.215,SOUTH,18.617,False,False
2764,6161,6056,1,3146.0,891.752,28.346,T1_normal,-97.975,28.596,500.0,-98.084,29.745,500.0,line,500.0,79.672,SOUTH,22.458,False,False
2765,6298,6056,1,2020.0,444.433,22.002,T1_normal,-98.084,29.745,500.0,-98.084,29.745,500.0,line,500.0,0.0,SOUTH,35.709,False,False
2766,6058,6057,1,328.0,201.315,61.376,T1_normal,-98.084,29.745,115.0,-98.084,29.745,230.0,transformer,230.0,0.0,SOUTH,57.137,False,False
2767,6058,6057,1,328.0,201.315,61.376,T1_normal,-98.084,29.745,115.0,-98.084,29.745,230.0,transformer,230.0,0.0,SOUTH,57.137,False,False
2768,6057,6067,1,548.0,25.186,4.596,T1_normal,-98.084,29.745,230.0,-98.095,29.612,230.0,line,230.0,9.215,SOUTH,8.7,False,False
2769,6057,6162,1,449.3,9.585,2.133,T1_normal,-98.084,29.745,230.0,-97.975,28.596,230.0,line,230.0,79.672,SOUTH,9.965,False,False
2770,6057,6177,1,548.0,2.335,0.426,T1_normal,-98.084,29.745,230.0,-98.509,29.475,230.0,line,230.0,31.693,SOUTH,2.898,False,False
2771,6057,6277,1,428.3,83.206,19.427,T1_normal,-98.084,29.745,230.0,-97.807,29.875,230.0,line,230.0,18.841,SOUTH,5.538,False,False
2772,6057,6299,1,422.1,68.888,16.32,T1_normal,-98.084,29.745,230.0,-98.084,29.745,230.0,line,230.0,0.0,SOUTH,16.245,False,False
2773,6058,6124,1,221.0,89.22,40.371,T1_normal,-98.084,29.745,115.0,-98.084,29.745,115.0,line,115.0,0.0,SOUTH,37.835,False,False
2774,6058,6124,1,221.0,89.22,40.371,T1_normal,-98.084,29.745,115.0,-98.084,29.745,115.0,line,115.0,0.0,SOUTH,37.835,False,False
2775,6058,6124,1,221.0,89.22,40.371,T1_normal,-98.084,29.745,115.0,-98.084,29.745,115.0,line,115.0,0.0,SOUTH,37.835,False,False
2776,6300,6058,1,221.0,43.672,19.761,T1_normal,-98.084,29.745,115.0,-98.084,29.745,115.0,line,115.0,0.0,SOUTH,24.735,False,False
2777,6357,6059,1,173.0,112.404,64.973,T1_normal,-99.169,29.136,115.0,-99.329,29.285,115.0,line,115.0,14.145,SOUTH,72.565,False,False
2778,6060,6157,1,221.0,11.898,5.384,T1_normal,-98.509,29.475,115.0,-98.678,29.803,115.0,line,115.0,24.88,SOUTH,14.258,False,False
2779,6314,6060,1,149.0,12.173,8.17,T1_normal,-98.453,29.769,115.0,-98.509,29.475,115.0,line,115.0,20.648,SOUTH,10.661,False,False
2780,6061,6160,1,108.7,30.198,27.781,T1_normal,-97.775,30.304,115.0,-97.775,30.304,115.0,line,115.0,0.0,SOUTH,0.874,False,False
2781,6061,6219,1,221.0,28.387,12.845,T1_normal,-97.775,30.304,115.0,-97.775,30.304,115.0,line,115.0,0.0,SOUTH,13.115,False,False
2782,6061,6224,1,98.0,90.39,92.234,T3_prevent,-97.775,30.304,115.0,-97.775,30.304,115.0,line,115.0,0.0,SOUTH,58.301,False,False
2783,6061,6233,1,131.0,101.999,77.862,T1_normal,-97.775,30.304,115.0,-97.775,30.304,115.0,line,115.0,0.0,SOUTH,9.571,False,False
2784,6061,6306,1,113.9,3.949,3.467,T1_normal,-97.775,30.304,115.0,-97.775,30.304,115.0,line,115.0,0.0,SOUTH,5.157,False,False
2785,6063,6062,1,1206.0,330.066,27.369,T1_normal,-96.445,30.263,230.0,-96.445,30.263,500.0,transformer,500.0,0.0,SOUTH,13.524,False,False
2786,6062,6075,1,2437.0,1053.191,43.217,T1_normal,-96.445,30.263,500.0,-96.751,29.917,500.0,line,500.0,30.082,SOUTH,22.708,False,False
2787,6062,6075,1,2437.0,1053.191,43.217,T1_normal,-96.445,30.263,500.0,-96.751,29.917,500.0,line,500.0,30.082,SOUTH,22.708,False,False
2788,6062,6107,1,3302.0,714.935,21.652,T1_normal,-96.445,30.263,500.0,-96.947,30.633,500.0,line,500.0,39.388,SOUTH,75.105,False,False
2789,6062,7199,1,2411.0,830.417,34.443,T1_normal,-96.445,30.263,500.0,-95.709,29.966,500.0,line,500.0,48.535,SOUTH,51.843,False,False
2790,6062,7199,1,2411.0,830.417,34.443,T1_normal,-96.445,30.263,500.0,-95.709,29.966,500.0,line,500.0,48.535,SOUTH,51.843,False,False
2791,6062,7199,1,2411.0,830.417,34.443,T1_normal,-96.445,30.263,500.0,-95.709,29.966,500.0,line,500.0,48.535,SOUTH,51.843,False,False
2792,6064,6063,1,305.0,140.147,45.95,T1_normal,-96.445,30.263,115.0,-96.445,30.263,230.0,transformer,230.0,0.0,SOUTH,44.679,False,False
2793,6064,6063,1,305.0,140.147,45.95,T1_normal,-96.445,30.263,115.0,-96.445,30.263,230.0,transformer,230.0,0.0,SOUTH,44.679,False,False
2794,6063,6192,1,647.0,66.145,10.223,T1_normal,-96.445,30.263,230.0,-96.676,30.542,230.0,line,230.0,23.698,SOUTH,25.878,False,False
2795,8094,6063,1,800.0,16.374,2.047,T1_normal,-96.308,30.59,230.0,-96.445,30.263,230.0,line,230.0,24.001,NORTH,33.526,False,False
2796,6064,6341,1,450.0,187.505,41.668,T1_normal,-96.445,30.263,115.0,-96.258,30.122,115.0,line,115.0,14.758,SOUTH,39.945,False,False
2797,6065,6262,1,98.0,25.363,25.881,T1_normal,-98.045,30.773,115.0,-97.876,30.749,115.0,line,115.0,10.202,SOUTH,95.938,False,False
2798,6067,6066,1,1115.0,680.323,61.016,T1_normal,-98.095,29.612,230.0,-98.095,29.612,500.0,transformer,500.0,0.0,SOUTH,59.125,False,False
2799,6069,6066,1,306.2,401.329,131.068,T6_heavy,-98.095,29.612,18.0,-98.095,29.612,500.0,transformer,500.0,0.0,SOUTH,31.552,True,True
2800,6070,6066,1,249.9,0.0,0.0,T1_normal,-98.095,29.612,18.0,-98.095,29.612,500.0,transformer,500.0,0.0,SOUTH,0.0,False,False
2801,6071,6066,1,211.6,0.0,0.0,T1_normal,-98.095,29.612,18.0,-98.095,29.612,500.0,transformer,500.0,0.0,SOUTH,0.0,False,False
2802,6072,6066,1,236.3,325.953,137.94,T6_heavy,-98.095,29.612,18.0,-98.095,29.612,500.0,transformer,500.0,0.0,SOUTH,33.206,True,True
2803,6073,6066,1,235.1,311.692,132.579,T6_heavy,-98.095,29.612,18.0,-98.095,29.612,500.0,transformer,500.0,0.0,SOUTH,31.915,True,True
2804,6074,6066,1,207.5,311.692,150.213,T7_structural,-98.095,29.612,18.0,-98.095,29.612,500.0,transformer,500.0,0.0,SOUTH,36.16,True,True
2805,6066,6169,1,2138.1,46.097,2.156,T1_normal,-98.095,29.612,500.0,-98.509,29.475,500.0,line,500.0,26.681,SOUTH,11.426,False,False
2806,6066,6349,1,2079.6,488.382,23.484,T1_normal,-98.095,29.612,500.0,-97.775,30.304,500.0,line,500.0,51.483,SOUTH,28.651,False,False
2807,12526,6066,1,195.7,311.692,159.27,T7_structural,-98.095,29.612,18.0,-98.095,29.612,500.0,transformer,500.0,0.0,SOUTH,38.341,True,True
2808,12527,6066,1,223.8,311.692,139.273,T6_heavy,-98.095,29.612,18.0,-98.095,29.612,500.0,transformer,500.0,0.0,SOUTH,33.527,True,True
2809,6068,6067,1,300.0,128.807,42.936,T1_normal,-98.095,29.612,115.0,-98.095,29.612,230.0,transformer,230.0,0.0,SOUTH,46.872,False,False
2810,6068,6067,1,300.0,128.807,42.936,T1_normal,-98.095,29.612,115.0,-98.095,29.612,230.0,transformer,230.0,0.0,SOUTH,46.872,False,False
2811,6067,6162,1,454.9,10.127,2.226,T1_normal,-98.095,29.612,230.0,-97.975,28.596,230.0,line,230.0,70.584,SOUTH,1.224,False,False
2812,6067,6277,1,476.7,91.084,19.107,T1_normal,-98.095,29.612,230.0,-97.807,29.875,230.0,line,230.0,25.042,SOUTH,8.648,False,False
2813,6279,6067,1,443.0,58.73,13.257,T1_normal,-97.975,28.596,230.0,-98.095,29.612,230.0,line,230.0,70.584,SOUTH,9.451,False,False
2814,6067,6287,1,490.7,3.516,0.717,T1_normal,-98.095,29.612,230.0,-98.509,29.475,230.0,line,230.0,26.681,SOUTH,14.764,False,False
2815,6076,6075,1,1058.0,69.256,6.546,T1_normal,-96.751,29.917,230.0,-96.751,29.917,500.0,transformer,500.0,0.0,SOUTH,7.36,False,False
2816,6078,6075,1,711.2,156.0,21.935,T1_normal,-96.751,29.917,22.0,-96.751,29.917,500.0,transformer,500.0,0.0,SOUTH,21.935,False,False
2817,6079,6075,1,820.2,156.0,19.02,T1_normal,-96.751,29.917,22.0,-96.751,29.917,500.0,transformer,500.0,0.0,SOUTH,19.02,False,False
2818,6080,6075,1,530.2,180.0,33.949,T1_normal,-96.751,29.917,22.0,-96.751,29.917,500.0,transformer,500.0,0.0,SOUTH,33.949,False,False
2819,6075,6101,1,2020.0,968.087,47.925,T1_normal,-96.751,29.917,500.0,-96.994,30.025,500.0,line,500.0,16.404,SOUTH,77.956,False,False
2820,6161,6075,1,3146.0,676.753,21.512,T1_normal,-97.975,28.596,500.0,-96.751,29.917,500.0,line,500.0,117.379,SOUTH,19.703,False,False
2821,7018,6075,1,2020.0,1403.093,69.46,T1_normal,-97.135,28.895,500.0,-96.751,29.917,500.0,line,500.0,74.341,HOUSTON,29.85,False,False
2822,6075,7341,1,2411.0,751.404,31.166,T1_normal,-96.751,29.917,500.0,-95.784,29.794,500.0,line,500.0,58.528,SOUTH,46.881,False,False
2823,6075,7341,1,2411.0,751.404,31.166,T1_normal,-96.751,29.917,500.0,-95.784,29.794,500.0,line,500.0,58.528,SOUTH,46.881,False,False
2824,6077,6076,1,203.0,79.958,39.388,T1_normal,-96.751,29.917,115.0,-96.751,29.917,230.0,transformer,230.0,0.0,SOUTH,24.211,False,False
2825,6076,6102,1,850.0,104.447,12.288,T1_normal,-96.751,29.917,230.0,-96.994,30.025,230.0,line,230.0,16.404,SOUTH,26.171,False,False
2826,6188,6076,1,443.0,44.768,10.106,T1_normal,-96.425,29.696,230.0,-96.751,29.917,230.0,line,230.0,24.771,SOUTH,21.543,False,False
2827,6077,6135,1,450.0,147.608,32.802,T1_normal,-96.751,29.917,115.0,-96.699,30.043,115.0,line,115.0,9.222,SOUTH,30.112,False,False
2828,6077,6311,1,149.0,40.953,27.486,T1_normal,-96.751,29.917,115.0,-96.687,29.807,115.0,line,115.0,8.554,SOUTH,33.791,False,False
2829,6077,12948,1,264.0,108.604,41.138,T1_normal,-96.751,29.917,115.0,-97.074,29.807,115.0,line,115.0,20.825,SOUTH,51.782,False,False
2830,6082,6081,1,41.8,19.8,47.368,T1_normal,-98.268,30.564,13.8,-98.268,30.564,115.0,transformer,115.0,0.0,SOUTH,47.368,False,False
2831,6083,6081,1,41.5,19.8,47.711,T1_normal,-98.268,30.564,13.8,-98.268,30.564,115.0,transformer,115.0,0.0,SOUTH,47.711,False,False
2832,6081,6156,1,176.0,105.717,60.066,T1_normal,-98.268,30.564,115.0,-98.268,30.564,115.0,line,115.0,0.0,SOUTH,63.721,False,False
2833,6212,6081,1,149.0,66.117,44.374,T1_normal,-98.268,30.564,115.0,-98.268,30.564,115.0,line,115.0,0.0,SOUTH,48.69,False,False
2834,6084,6136,1,221.0,64.831,29.335,T1_normal,-97.677,30.534,115.0,-97.727,30.716,115.0,line,115.0,12.93,SOUTH,17.464,False,False
2835,6084,6344,1,187.1,33.135,17.71,T1_normal,-97.677,30.534,115.0,-97.677,30.534,115.0,line,115.0,0.0,SOUTH,8.454,False,False
2836,6084,6353,1,163.8,158.912,97.016,T3_prevent,-97.677,30.534,115.0,-97.677,30.534,115.0,line,115.0,0.0,SOUTH,50.849,False,False
2837,6084,6355,1,221.0,100.671,45.552,T1_normal,-97.677,30.534,115.0,-97.677,30.534,115.0,line,115.0,0.0,SOUTH,7.183,False,False
2838,6091,6176,1,221.0,76.05,34.412,T1_normal,-98.143,30.034,115.0,-97.775,30.304,115.0,line,115.0,28.805,SOUTH,52.106,False,False
2839,6251,6091,1,169.0,38.24,22.627,T1_normal,-98.228,29.971,115.0,-98.143,30.034,115.0,line,115.0,6.729,SOUTH,45.766,False,False
2840,6092,6096,1,147.3,39.095,26.541,T1_normal,-97.449,29.477,115.0,-97.471,29.696,115.0,line,115.0,15.199,SOUTH,8.613,False,False
2841,6265,6092,1,221.0,124.524,56.346,T1_normal,-97.297,29.113,115.0,-97.449,29.477,115.0,line,115.0,26.741,SOUTH,23.486,False,False
2842,6092,6340,1,221.0,26.548,12.013,T1_normal,-97.449,29.477,115.0,-97.736,29.429,115.0,line,115.0,17.578,SOUTH,2.584,False,False
2843,6094,6093,1,98.0,37.216,37.975,T1_normal,-98.509,29.475,115.0,-98.509,29.475,115.0,line,115.0,0.0,SOUTH,15.362,False,False
2844,6093,6191,1,149.0,19.834,13.312,T1_normal,-98.509,29.475,115.0,-98.509,29.475,115.0,line,115.0,0.0,SOUTH,17.104,False,False
2845,6094,6352,1,221.0,100.057,45.275,T1_normal,-98.509,29.475,115.0,-98.509,29.475,115.0,line,115.0,0.0,SOUTH,43.113,False,False
2846,6094,6352,1,221.0,100.057,45.275,T1_normal,-98.509,29.475,115.0,-98.509,29.475,115.0,line,115.0,0.0,SOUTH,43.113,False,False
2847,6116,6095,1,98.0,123.234,125.749,T6_heavy,-97.357,30.415,115.0,-97.546,30.56,115.0,line,115.0,15.084,SOUTH,15.188,True,True
2848,6095,6353,1,221.0,100.044,45.269,T1_normal,-97.546,30.56,115.0,-97.677,30.534,115.0,line,115.0,8.001,SOUTH,0.679,False,False
2849,6095,6353,1,221.0,100.044,45.269,T1_normal,-97.546,30.56,115.0,-97.677,30.534,115.0,line,115.0,8.001,SOUTH,0.679,False,False
2850,6095,6353,1,128.1,156.103,121.86,T5_moderate,-97.546,30.56,115.0,-97.677,30.534,115.0,line,115.0,8.001,SOUTH,1.827,True,True
2851,6095,6358,1,250.0,62.944,25.178,T1_normal,-97.546,30.56,115.0,-97.727,30.716,115.0,line,115.0,15.238,SOUTH,31.166,False,False
2852,6196,6096,1,149.0,26.429,17.738,T1_normal,-97.568,29.94,115.0,-97.471,29.696,115.0,line,115.0,17.843,SOUTH,18.355,False,False
2853,6096,6202,1,98.0,15.781,16.103,T1_normal,-97.471,29.696,115.0,-97.785,29.66,115.0,line,115.0,19.05,SOUTH,10.671,False,False
2854,6096,6340,1,98.0,0.554,0.565,T1_normal,-97.471,29.696,115.0,-97.736,29.429,115.0,line,115.0,24.389,SOUTH,10.144,False,False
2855,6097,6220,1,221.0,39.683,17.956,T1_normal,-98.509,29.475,115.0,-98.509,29.475,115.0,line,115.0,0.0,SOUTH,18.755,False,False
2856,6097,6220,1,221.0,39.683,17.956,T1_normal,-98.509,29.475,115.0,-98.509,29.475,115.0,line,115.0,0.0,SOUTH,18.755,False,False
2857,6097,6225,1,149.0,42.504,28.526,T1_normal,-98.509,29.475,115.0,-98.509,29.475,115.0,line,115.0,0.0,SOUTH,15.076,False,False
2858,6098,6123,1,221.0,75.919,34.352,T1_normal,-97.775,30.304,115.0,-97.775,30.304,115.0,line,115.0,0.0,SOUTH,26.804,False,False
2859,6098,6123,1,221.0,75.919,34.352,T1_normal,-97.775,30.304,115.0,-97.775,30.304,115.0,line,115.0,0.0,SOUTH,26.804,False,False
2860,6098,6175,1,131.2,74.954,57.13,T1_normal,-97.775,30.304,115.0,-97.775,30.304,115.0,line,115.0,0.0,SOUTH,13.376,False,False
2861,6098,6208,1,130.0,94.401,72.616,T1_normal,-97.775,30.304,115.0,-97.775,30.304,115.0,line,115.0,0.0,SOUTH,2.449,False,False
2862,6098,6289,1,149.0,15.771,10.585,T1_normal,-97.775,30.304,115.0,-97.775,30.304,115.0,line,115.0,0.0,SOUTH,0.415,False,False
2863,6099,6200,1,101.7,9.552,9.392,T1_normal,-98.509,29.475,115.0,-98.509,29.475,115.0,line,115.0,0.0,SOUTH,1.772,False,False
2864,6099,6204,1,98.0,5.756,5.874,T1_normal,-98.509,29.475,115.0,-98.509,29.475,115.0,line,115.0,0.0,SOUTH,3.917,False,False
2865,6099,6225,1,98.0,55.926,57.068,T1_normal,-98.509,29.475,115.0,-98.509,29.475,115.0,line,115.0,0.0,SOUTH,43.711,False,False
2866,6099,6310,1,149.0,4.362,2.927,T1_normal,-98.509,29.475,115.0,-98.509,29.475,115.0,line,115.0,0.0,SOUTH,3.34,False,False
2867,6099,6320,1,118.3,91.139,77.04,T1_normal,-98.509,29.475,115.0,-98.509,29.475,115.0,line,115.0,0.0,SOUTH,59.477,False,False
2868,6100,6128,1,98.0,15.669,15.989,T1_normal,-98.238,29.354,115.0,-98.509,29.475,115.0,line,115.0,18.335,SOUTH,11.898,False,False
2869,6180,6100,1,149.0,75.034,50.359,T1_normal,-98.107,29.35,115.0,-98.238,29.354,115.0,line,115.0,7.909,SOUTH,28.906,False,False
2870,6100,6283,1,98.0,65.064,66.392,T1_normal,-98.238,29.354,115.0,-98.205,29.437,115.0,line,115.0,6.075,SOUTH,41.981,False,False
2871,6100,6320,1,130.1,28.392,21.823,T1_normal,-98.238,29.354,115.0,-98.509,29.475,115.0,line,115.0,18.335,SOUTH,3.116,False,False
2872,6100,13126,1,131.5,71.801,54.601,T1_normal,-98.238,29.354,115.0,-98.353,29.282,115.0,line,115.0,8.498,SOUTH,39.16,False,False
2873,6102,6101,1,1307.0,39.532,3.025,T1_normal,-96.994,30.025,230.0,-96.994,30.025,500.0,transformer,500.0,0.0,SOUTH,2.222,False,False
2874,6104,6101,1,63.0,89.637,142.281,T6_heavy,-96.994,30.025,13.8,-96.994,30.025,500.0,transformer,500.0,0.0,SOUTH,34.251,True,True
2875,6105,6101,1,66.3,89.637,135.199,T6_heavy,-96.994,30.025,13.8,-96.994,30.025,500.0,transformer,500.0,0.0,SOUTH,32.546,True,True
2876,6106,6101,1,68.1,89.637,131.626,T6_heavy,-96.994,30.025,13.8,-96.994,30.025,500.0,transformer,500.0,0.0,SOUTH,31.686,True,True
2877,6101,12852,1,2277.2,649.07,28.503,T1_normal,-96.994,30.025,500.0,-97.271,29.894,500.0,line,500.0,18.854,SOUTH,64.085,False,False
2878,6103,6102,1,439.0,13.22,3.011,T1_normal,-96.994,30.025,115.0,-96.994,30.025,230.0,transformer,230.0,0.0,SOUTH,9.054,False,False
2879,6103,6117,1,221.0,6.37,2.883,T1_normal,-96.994,30.025,115.0,-97.182,30.014,115.0,line,115.0,11.255,SOUTH,11.137,False,False
2880,6103,6117,1,221.0,6.37,2.883,T1_normal,-96.994,30.025,115.0,-97.182,30.014,115.0,line,115.0,11.255,SOUTH,11.137,False,False
2881,6103,6183,1,149.0,123.147,82.649,T2_watch,-96.994,30.025,115.0,-96.923,30.168,115.0,line,115.0,10.711,SOUTH,52.729,False,False
2882,6103,12948,1,264.0,131.396,49.771,T1_normal,-96.994,30.025,115.0,-97.074,29.807,115.0,line,115.0,15.831,SOUTH,39.127,False,False
2883,6108,6107,1,380.0,293.954,77.356,T1_normal,-96.947,30.633,230.0,-96.947,30.633,500.0,transformer,500.0,0.0,SOUTH,24.532,False,False
2884,6107,8082,1,2020.0,197.09,9.757,T1_normal,-96.947,30.633,500.0,-96.487,31.18,500.0,line,500.0,46.639,SOUTH,35.502,False,False
2885,6109,6108,1,137.0,216.746,158.209,T7_structural,-96.947,30.633,115.0,-96.947,30.633,230.0,transformer,230.0,0.0,SOUTH,55.414,True,True
2886,6108,6192,1,523.0,61.406,11.741,T1_normal,-96.947,30.633,230.0,-96.676,30.542,230.0,line,230.0,17.319,SOUTH,38.173,False,False
2887,6338,6109,1,98.0,29.567,30.17,T1_normal,-96.947,30.633,115.0,-96.947,30.633,115.0,line,115.0,0.0,SOUTH,92.202,False,False
2888,6113,6175,1,221.0,29.746,13.46,T1_normal,-97.775,30.304,115.0,-97.775,30.304,115.0,line,115.0,0.0,SOUTH,3.656,False,False
2889,6113,6175,1,221.0,29.746,13.46,T1_normal,-97.775,30.304,115.0,-97.775,30.304,115.0,line,115.0,0.0,SOUTH,3.656,False,False
2890,6113,6175,1,106.5,25.61,24.047,T1_normal,-97.775,30.304,115.0,-97.775,30.304,115.0,line,115.0,0.0,SOUTH,6.533,False,False
2891,6113,6227,1,129.4,13.675,10.568,T1_normal,-97.775,30.304,115.0,-97.775,30.304,115.0,line,115.0,0.0,SOUTH,8.549,False,False
2892,6113,6238,1,165.9,121.518,73.248,T1_normal,-97.775,30.304,115.0,-97.775,30.304,115.0,line,115.0,0.0,SOUTH,67.851,False,False
2893,6113,6345,1,149.0,23.553,15.807,T1_normal,-97.775,30.304,115.0,-97.775,30.304,115.0,line,115.0,0.0,SOUTH,11.394,False,False
2894,6114,6204,1,149.0,32.737,21.971,T1_normal,-98.509,29.475,115.0,-98.509,29.475,115.0,line,115.0,0.0,SOUTH,13.424,False,False
2895,6114,6261,1,98.0,20.913,21.339,T1_normal,-98.509,29.475,115.0,-98.619,29.391,115.0,line,115.0,8.745,SOUTH,8.936,False,False
2896,6159,6115,1,221.0,6.128,2.773,T1_normal,-98.263,29.547,115.0,-98.509,29.475,115.0,line,115.0,15.658,SOUTH,2.178,False,False
2897,6159,6115,1,221.0,6.128,2.773,T1_normal,-98.263,29.547,115.0,-98.509,29.475,115.0,line,115.0,15.658,SOUTH,2.178,False,False
2898,6115,6191,1,149.0,32.776,21.998,T1_normal,-98.509,29.475,115.0,-98.509,29.475,115.0,line,115.0,0.0,SOUTH,0.317,False,False
2899,6115,6220,1,117.2,31.072,26.512,T1_normal,-98.509,29.475,115.0,-98.509,29.475,115.0,line,115.0,0.0,SOUTH,27.543,False,False
2900,6115,6225,1,98.0,20.763,21.187,T1_normal,-98.509,29.475,115.0,-98.509,29.475,115.0,line,115.0,0.0,SOUTH,4.19,False,False
2901,6115,6250,1,149.0,116.325,78.07,T1_normal,-98.509,29.475,115.0,-98.509,29.475,115.0,line,115.0,0.0,SOUTH,57.442,False,False
2902,6181,6116,1,98.0,33.663,34.35,T1_normal,-97.516,30.289,115.0,-97.357,30.415,115.0,line,115.0,12.863,SOUTH,33.955,False,False
2903,6119,6118,1,1133.0,705.848,62.299,T1_normal,-97.824,30.504,230.0,-97.824,30.504,500.0,transformer,500.0,0.0,SOUTH,57.214,False,False
2904,6118,6342,1,2768.0,1309.755,47.318,T1_normal,-97.824,30.504,500.0,-97.677,30.534,500.0,line,500.0,8.996,SOUTH,43.057,False,False
2905,6118,6349,1,2768.0,290.345,10.489,T1_normal,-97.824,30.504,500.0,-97.775,30.304,500.0,line,500.0,14.111,SOUTH,44.942,False,False
2906,6120,6119,1,350.0,229.532,65.581,T1_normal,-97.824,30.504,115.0,-97.824,30.504,230.0,transformer,230.0,0.0,SOUTH,58.958,False,False
2907,6120,6119,1,350.0,229.532,65.581,T1_normal,-97.824,30.504,115.0,-97.824,30.504,230.0,transformer,230.0,0.0,SOUTH,58.958,False,False
2908,6119,6354,1,548.0,114.183,20.836,T1_normal,-97.824,30.504,230.0,-97.677,30.534,230.0,line,230.0,8.996,SOUTH,18.531,False,False
2909,6119,6354,1,421.9,112.373,26.635,T1_normal,-97.824,30.504,230.0,-97.677,30.534,230.0,line,230.0,8.996,SOUTH,23.688,False,False
2910,6120,6136,1,142.1,57.364,40.369,T1_normal,-97.824,30.504,115.0,-97.727,30.716,115.0,line,115.0,15.768,SOUTH,1.466,False,False
2911,6120,6137,1,143.7,54.587,37.986,T1_normal,-97.824,30.504,115.0,-97.775,30.304,115.0,line,115.0,14.111,SOUTH,51.738,False,False
2912,6290,6120,1,221.0,115.999,52.488,T1_normal,-97.775,30.304,115.0,-97.824,30.504,115.0,line,115.0,14.111,SOUTH,60.465,False,False
2913,6290,6120,1,221.0,115.999,52.488,T1_normal,-97.775,30.304,115.0,-97.824,30.504,115.0,line,115.0,14.111,SOUTH,60.465,False,False
2914,6121,6174,1,220.0,126.776,57.625,T1_normal,-98.509,29.475,115.0,-98.509,29.475,115.0,line,115.0,0.0,SOUTH,40.224,False,False
2915,6121,6179,1,98.0,10.945,11.168,T1_normal,-98.509,29.475,115.0,-98.509,29.475,115.0,line,115.0,0.0,SOUTH,6.964,False,False
2916,6220,6121,1,221.0,78.647,35.587,T1_normal,-98.509,29.475,115.0,-98.509,29.475,115.0,line,115.0,0.0,SOUTH,33.104,False,False
2917,6220,6121,1,221.0,78.647,35.587,T1_normal,-98.509,29.475,115.0,-98.509,29.475,115.0,line,115.0,0.0,SOUTH,33.104,False,False
2918,6122,6327,1,98.0,31.723,32.371,T1_normal,-96.836,29.38,115.0,-96.652,29.489,115.0,line,115.0,13.361,SOUTH,4.644,False,False
2919,7337,6122,1,98.0,77.053,78.626,T1_normal,-96.69,29.042,115.0,-96.836,29.38,115.0,line,115.0,24.944,HOUSTON,41.611,False,False
2920,6123,6233,1,98.0,101.085,103.148,T4_light,-97.775,30.304,115.0,-97.775,30.304,115.0,line,115.0,0.0,SOUTH,4.273,True,True
2921,6124,6131,1,211.0,115.85,54.905,T1_normal,-98.084,29.745,115.0,-98.391,29.895,115.0,line,115.0,21.121,SOUTH,36.373,False,False
2922,6191,6124,1,221.0,32.149,14.547,T1_normal,-98.509,29.475,115.0,-98.084,29.745,115.0,line,115.0,31.693,SOUTH,22.952,False,False
2923,6124,6314,1,149.0,56.933,38.21,T1_normal,-98.084,29.745,115.0,-98.453,29.769,115.0,line,115.0,22.238,SOUTH,40.701,False,False
2924,6180,6125,1,149.0,109.174,73.271,T1_normal,-98.107,29.35,115.0,-98.057,29.293,115.0,line,115.0,4.953,SOUTH,51.819,False,False
2925,6125,6322,1,149.0,112.744,75.667,T1_normal,-98.057,29.293,115.0,-98.08,29.073,115.0,line,115.0,15.27,SOUTH,54.215,False,False
2926,6126,6130,1,221.0,23.02,10.416,T1_normal,-97.775,30.304,115.0,-97.875,30.133,115.0,line,115.0,13.25,SOUTH,2.45,False,False
2927,6126,6176,1,221.0,14.377,6.505,T1_normal,-97.775,30.304,115.0,-97.775,30.304,115.0,line,115.0,0.0,SOUTH,2.708,False,False
2928,6126,6176,1,221.0,14.377,6.505,T1_normal,-97.775,30.304,115.0,-97.775,30.304,115.0,line,115.0,0.0,SOUTH,2.708,False,False
2929,6126,6231,1,134.0,2.61,1.947,T1_normal,-97.775,30.304,115.0,-97.838,30.079,115.0,line,115.0,16.038,SOUTH,18.87,False,False
2930,6126,6313,1,98.0,11.66,11.898,T1_normal,-97.775,30.304,115.0,-97.775,30.304,115.0,line,115.0,0.0,SOUTH,11.235,False,False
2931,6126,6313,1,140.0,13.149,9.392,T1_normal,-97.775,30.304,115.0,-97.775,30.304,115.0,line,115.0,0.0,SOUTH,8.868,False,False
2932,6127,6237,1,220.0,215.733,98.061,T3_prevent,-96.908,30.891,115.0,-97.063,30.978,115.0,line,115.0,11.008,SOUTH,61.438,False,False
2933,6338,6127,1,220.0,178.243,81.019,T2_watch,-96.947,30.633,115.0,-96.908,30.891,115.0,line,115.0,17.981,SOUTH,57.012,False,False
2934,6127,8102,1,98.0,107.749,109.948,T4_light,-96.908,30.891,115.0,-96.664,31.098,115.0,line,115.0,20.337,SOUTH,15.821,True,True
2935,6128,6182,1,106.7,17.918,16.793,T1_normal,-98.509,29.475,115.0,-98.509,29.475,115.0,line,115.0,0.0,SOUTH,11.754,False,False
2936,6128,6201,1,102.1,54.672,53.547,T1_normal,-98.509,29.475,115.0,-98.509,29.475,115.0,line,115.0,0.0,SOUTH,25.141,False,False
2937,6128,6276,1,200.0,31.635,15.818,T1_normal,-98.509,29.475,115.0,-98.622,29.244,115.0,line,115.0,17.335,SOUTH,13.657,False,False
2938,6128,13126,1,178.6,116.622,65.298,T1_normal,-98.509,29.475,115.0,-98.353,29.282,115.0,line,115.0,16.27,SOUTH,47.441,False,False
2939,6128,13126,1,178.6,116.622,65.298,T1_normal,-98.509,29.475,115.0,-98.353,29.282,115.0,line,115.0,16.27,SOUTH,47.441,False,False
2940,6129,6309,1,149.0,67.374,45.217,T1_normal,-99.317,29.678,115.0,-99.141,29.427,115.0,line,115.0,20.292,SOUTH,40.454,False,False
2941,6129,6336,1,98.0,50.434,51.463,T1_normal,-99.317,29.678,115.0,-99.095,29.707,115.0,line,115.0,13.44,SOUTH,44.221,False,False
2942,6130,6230,1,230.0,59.997,26.086,T1_normal,-97.875,30.133,115.0,-97.966,29.88,115.0,line,115.0,18.294,SOUTH,10.465,False,False
2943,6130,6231,1,149.0,21.525,14.446,T1_normal,-97.875,30.133,115.0,-97.838,30.079,115.0,line,115.0,4.345,SOUTH,24.928,False,False
2944,6131,6251,1,131.0,42.94,32.778,T1_normal,-98.391,29.895,115.0,-98.228,29.971,115.0,line,115.0,11.082,SOUTH,2.928,False,False
2945,6132,6137,1,98.0,4.254,4.341,T1_normal,-97.775,30.304,115.0,-97.775,30.304,115.0,line,115.0,0.0,SOUTH,46.19,False,False
2946,6175,6132,1,250.0,76.427,30.571,T1_normal,-97.775,30.304,115.0,-97.775,30.304,115.0,line,115.0,0.0,SOUTH,7.789,False,False
2947,6190,6133,1,149.0,9.406,6.313,T1_normal,-97.084,29.565,115.0,-97.158,29.728,115.0,line,115.0,12.103,SOUTH,12.386,False,False
2948,6134,6140,1,246.0,158.589,64.467,T1_normal,-97.414,30.711,115.0,-97.502,30.819,115.0,line,115.0,9.117,SOUTH,100.302,False,False
2949,6134,6358,1,220.0,150.969,68.622,T1_normal,-97.414,30.711,115.0,-97.727,30.716,115.0,line,115.0,18.605,SOUTH,108.692,False,False
2950,6195,6135,1,220.0,115.118,52.327,T1_normal,-96.451,30.024,115.0,-96.699,30.043,115.0,line,115.0,14.899,SOUTH,46.825,False,False
2951,6358,6136,1,221.0,3.785,1.713,T1_normal,-97.727,30.716,115.0,-97.727,30.716,115.0,line,115.0,0.0,SOUTH,37.655,False,False
2952,6137,6184,1,98.0,12.023,12.268,T1_normal,-97.775,30.304,115.0,-97.775,30.304,115.0,line,115.0,0.0,SOUTH,49.089,False,False
2953,6137,6207,1,111.6,49.625,44.466,T1_normal,-97.775,30.304,115.0,-97.94,30.506,115.0,line,115.0,17.071,SOUTH,60.688,False,False
2954,6137,6217,1,137.0,95.123,69.433,T1_normal,-97.775,30.304,115.0,-97.775,30.304,115.0,line,115.0,0.0,SOUTH,52.432,False,False
2955,6157,6138,1,98.0,40.708,41.538,T1_normal,-98.678,29.803,115.0,-98.911,29.69,115.0,line,115.0,16.033,SOUTH,61.551,False,False
2956,6138,6286,1,149.0,72.808,48.864,T1_normal,-98.911,29.69,115.0,-98.678,29.803,115.0,line,115.0,16.033,SOUTH,62.027,False,False
2957,6139,6339,1,98.0,19.232,19.625,T1_normal,-97.358,29.844,115.0,-97.523,30.12,115.0,line,115.0,21.459,SOUTH,62.16,False,False
2958,6140,6237,1,195.0,79.262,40.647,T1_normal,-97.502,30.819,115.0,-97.063,30.978,115.0,line,115.0,28.297,SOUTH,58.593,False,False
2959,6140,6237,1,195.0,79.262,40.647,T1_normal,-97.502,30.819,115.0,-97.063,30.978,115.0,line,115.0,28.297,SOUTH,58.593,False,False
2960,6142,6141,1,1326.0,405.724,30.598,T1_normal,-98.509,29.475,230.0,-98.509,29.475,500.0,transformer,500.0,0.0,SOUTH,22.748,False,False
2961,6142,6141,1,1326.0,405.724,30.598,T1_normal,-98.509,29.475,230.0,-98.509,29.475,500.0,transformer,500.0,0.0,SOUTH,22.748,False,False
2962,6141,6161,1,2020.0,431.737,21.373,T1_normal,-98.509,29.475,500.0,-97.975,28.596,500.0,line,500.0,68.743,SOUTH,15.727,False,False
2963,6141,6197,1,4352.0,772.443,17.749,T1_normal,-98.509,29.475,500.0,-98.509,29.475,500.0,line,500.0,0.0,SOUTH,2.643,False,False
2964,6239,6141,1,2400.0,1223.936,50.997,T1_normal,-98.353,29.282,500.0,-98.509,29.475,500.0,line,500.0,16.27,SOUTH,16.692,False,False
2965,6143,6142,1,443.0,222.974,50.333,T1_normal,-98.509,29.475,115.0,-98.509,29.475,230.0,transformer,230.0,0.0,SOUTH,46.667,False,False
2966,6143,6142,1,443.0,222.974,50.333,T1_normal,-98.509,29.475,115.0,-98.509,29.475,230.0,transformer,230.0,0.0,SOUTH,46.667,False,False
2967,6143,6142,1,443.0,222.974,50.333,T1_normal,-98.509,29.475,115.0,-98.509,29.475,230.0,transformer,230.0,0.0,SOUTH,46.667,False,False
2968,6142,6162,1,443.0,31.065,7.013,T1_normal,-98.509,29.475,230.0,-97.975,28.596,230.0,line,230.0,68.743,SOUTH,9.017,False,False
2969,6142,6240,1,505.7,382.509,75.639,T1_normal,-98.509,29.475,230.0,-98.353,29.282,230.0,line,230.0,16.27,SOUTH,32.871,False,False
2970,6143,6250,1,181.3,138.49,76.387,T1_normal,-98.509,29.475,115.0,-98.509,29.475,115.0,line,115.0,0.0,SOUTH,56.765,False,False
2971,6143,6250,1,181.3,138.49,76.387,T1_normal,-98.509,29.475,115.0,-98.509,29.475,115.0,line,115.0,0.0,SOUTH,56.765,False,False
2972,6143,6284,1,221.0,32.919,14.896,T1_normal,-98.509,29.475,115.0,-98.509,29.475,115.0,line,115.0,0.0,SOUTH,2.762,False,False
2973,6143,6284,1,221.0,32.919,14.896,T1_normal,-98.509,29.475,115.0,-98.509,29.475,115.0,line,115.0,0.0,SOUTH,2.762,False,False
2974,6143,6312,1,250.0,110.318,44.127,T1_normal,-98.509,29.475,115.0,-98.509,29.475,115.0,line,115.0,0.0,SOUTH,42.658,False,False
2975,6312,6143,1,250.0,110.318,44.127,T1_normal,-98.509,29.475,115.0,-98.509,29.475,115.0,line,115.0,0.0,SOUTH,42.658,False,False
2976,6312,6143,1,250.0,110.318,44.127,T1_normal,-98.509,29.475,115.0,-98.509,29.475,115.0,line,115.0,0.0,SOUTH,42.658,False,False
2977,6312,6143,1,250.0,110.318,44.127,T1_normal,-98.509,29.475,115.0,-98.509,29.475,115.0,line,115.0,0.0,SOUTH,42.658,False,False
2978,6150,6356,1,221.0,40.346,18.256,T1_normal,-98.509,29.475,115.0,-98.509,29.475,115.0,line,115.0,0.0,SOUTH,6.81,False,False
2979,6150,6356,1,221.0,40.346,18.256,T1_normal,-98.509,29.475,115.0,-98.509,29.475,115.0,line,115.0,0.0,SOUTH,6.81,False,False
2980,6190,6151,1,221.0,27.876,12.614,T1_normal,-97.084,29.565,115.0,-96.934,29.686,115.0,line,115.0,12.318,SOUTH,0.007,False,False
2981,6151,6311,1,149.0,27.683,18.58,T1_normal,-96.934,29.686,115.0,-96.687,29.807,115.0,line,115.0,16.992,SOUTH,24.885,False,False
2982,6327,6151,1,150.0,29.883,19.922,T1_normal,-96.652,29.489,115.0,-96.934,29.686,115.0,line,115.0,21.722,SOUTH,4.916,False,False
2983,6153,6152,1,155.0,113.327,73.114,T1_normal,-98.509,29.475,115.0,-98.509,29.475,230.0,transformer,230.0,0.0,SOUTH,60.321,False,False
2984,6152,6177,1,443.0,118.61,26.774,T1_normal,-98.509,29.475,230.0,-98.509,29.475,230.0,line,230.0,0.0,SOUTH,1.596,False,False
2985,6152,6198,1,548.0,229.863,41.946,T1_normal,-98.509,29.475,230.0,-98.509,29.475,230.0,line,230.0,0.0,SOUTH,13.48,False,False
2986,6152,6240,1,383.3,3.958,1.032,T1_normal,-98.509,29.475,230.0,-98.353,29.282,230.0,line,230.0,16.27,SOUTH,17.057,False,False
2987,6152,6287,1,435.3,555.796,127.681,T6_heavy,-98.509,29.475,230.0,-98.509,29.475,230.0,line,230.0,0.0,SOUTH,36.554,True,True
2988,12610,6152,1,222.0,384.198,173.062,T7_structural,-98.509,29.475,20.0,-98.509,29.475,230.0,transformer,230.0,0.0,SOUTH,41.972,True,True
2989,12611,6152,1,216.2,331.23,153.206,T7_structural,-98.509,29.475,20.0,-98.509,29.475,230.0,transformer,230.0,0.0,SOUTH,37.2,True,True
2990,12612,6152,1,200.9,331.23,164.873,T7_structural,-98.509,29.475,20.0,-98.509,29.475,230.0,transformer,230.0,0.0,SOUTH,40.033,True,True
2991,6241,6153,1,221.0,36.384,16.463,T1_normal,-98.353,29.282,115.0,-98.509,29.475,115.0,line,115.0,16.27,SOUTH,11.261,False,False
2992,6241,6153,1,221.0,36.384,16.463,T1_normal,-98.353,29.282,115.0,-98.509,29.475,115.0,line,115.0,16.27,SOUTH,11.261,False,False
2993,6153,6324,1,221.0,35.385,16.011,T1_normal,-98.509,29.475,115.0,-98.509,29.475,115.0,line,115.0,0.0,SOUTH,11.698,False,False
2994,6153,6324,1,221.0,35.385,16.011,T1_normal,-98.509,29.475,115.0,-98.509,29.475,115.0,line,115.0,0.0,SOUTH,11.698,False,False
2995,6153,13418,1,119.3,132.387,110.97,T5_moderate,-98.509,29.475,115.0,-98.509,29.475,115.0,line,115.0,0.0,SOUTH,72.929,True,True
2996,6176,6154,1,149.0,54.533,36.6,T1_normal,-97.775,30.304,115.0,-98.135,30.224,115.0,line,115.0,22.169,SOUTH,55.756,False,False
2997,6252,6154,1,220.0,132.883,60.402,T1_normal,-98.36,30.402,115.0,-98.135,30.224,115.0,line,115.0,18.199,SOUTH,73.376,False,False
2998,6155,6182,1,133.8,108.331,80.965,T2_watch,-98.509,29.475,115.0,-98.509,29.475,115.0,line,115.0,0.0,SOUTH,67.453,False,False
2999,6155,6284,1,98.0,0.048,0.049,T1_normal,-98.509,29.475,115.0,-98.509,29.475,115.0,line,115.0,0.0,SOUTH,1.332,False,False
3000,6155,6284,1,113.4,0.57,0.502,T1_normal,-98.509,29.475,115.0,-98.509,29.475,115.0,line,115.0,0.0,SOUTH,13.709,False,False
3001,6155,13126,1,147.6,76.935,52.124,T1_normal,-98.509,29.475,115.0,-98.353,29.282,115.0,line,115.0,16.27,SOUTH,25.793,False,False
3002,6156,6212,1,175.0,87.327,49.901,T1_normal,-98.268,30.564,115.0,-98.268,30.564,115.0,line,115.0,0.0,SOUTH,53.757,False,False
3003,6156,6282,1,221.0,131.832,59.652,T1_normal,-98.268,30.564,115.0,-98.113,30.43,115.0,line,115.0,13.103,SOUTH,83.222,False,False
3004,6158,6341,1,98.0,14.944,15.249,T1_normal,-96.189,30.287,115.0,-96.258,30.122,115.0,line,115.0,12.1,SOUTH,1.991,False,False
3005,8104,6158,1,98.0,5.084,5.187,T1_normal,-96.055,30.369,115.0,-96.189,30.287,115.0,line,115.0,9.84,NORTH,12.052,False,False
3006,6159,6281,1,250.0,18.611,7.444,T1_normal,-98.263,29.547,115.0,-98.277,29.526,115.0,line,115.0,1.71,SOUTH,21.679,False,False
3007,6160,6175,1,221.0,59.674,27.002,T1_normal,-97.775,30.304,115.0,-97.775,30.304,115.0,line,115.0,0.0,SOUTH,17.646,False,False
3008,6160,6175,1,221.0,59.674,27.002,T1_normal,-97.775,30.304,115.0,-97.775,30.304,115.0,line,115.0,0.0,SOUTH,17.646,False,False
3009,6160,6175,1,108.5,45.604,42.032,T1_normal,-97.775,30.304,115.0,-97.775,30.304,115.0,line,115.0,0.0,SOUTH,27.468,False,False
3010,6160,6233,1,149.0,52.721,35.383,T1_normal,-97.775,30.304,115.0,-97.775,30.304,115.0,line,115.0,0.0,SOUTH,9.087,False,False
3011,6160,6233,1,102.9,52.895,51.404,T1_normal,-97.775,30.304,115.0,-97.775,30.304,115.0,line,115.0,0.0,SOUTH,13.202,False,False
3012,6160,6330,1,149.0,30.208,20.274,T1_normal,-97.775,30.304,115.0,-97.775,30.304,115.0,line,115.0,0.0,SOUTH,19.906,False,False
3013,6160,13411,1,134.0,25.13,18.754,T1_normal,-97.775,30.304,115.0,-97.516,30.289,115.0,line,115.0,15.482,SOUTH,17.559,False,False
3014,6162,6161,1,1132.0,449.677,39.724,T1_normal,-97.975,28.596,230.0,-97.975,28.596,500.0,transformer,500.0,0.0,SOUTH,16.849,False,False
3015,6164,6161,1,462.1,617.273,133.58,T6_heavy,-97.975,28.596,13.8,-97.975,28.596,500.0,transformer,500.0,0.0,SOUTH,32.156,True,True
3016,6165,6161,1,253.7,337.157,132.896,T6_heavy,-97.975,28.596,13.8,-97.975,28.596,500.0,transformer,500.0,0.0,SOUTH,31.992,True,True
3017,6166,6161,1,217.8,321.878,147.786,T6_heavy,-97.975,28.596,13.8,-97.975,28.596,500.0,transformer,500.0,0.0,SOUTH,35.576,True,True
3018,6167,6161,1,225.2,321.878,142.93,T6_heavy,-97.975,28.596,13.8,-97.975,28.596,500.0,transformer,500.0,0.0,SOUTH,34.407,True,True
3019,6161,7018,1,3146.0,851.732,27.074,T1_normal,-97.975,28.596,500.0,-97.135,28.895,500.0,line,500.0,54.909,SOUTH,1.176,False,False
3020,6163,6162,1,184.2,101.795,55.263,T1_normal,-97.975,28.596,115.0,-97.975,28.596,230.0,transformer,230.0,0.0,SOUTH,56.391,False,False
3021,6162,6198,1,402.4,31.077,7.723,T1_normal,-97.975,28.596,230.0,-98.509,29.475,230.0,line,230.0,68.743,SOUTH,14.938,False,False
3022,6162,6277,1,443.0,61.733,13.935,T1_normal,-97.975,28.596,230.0,-97.807,29.875,230.0,line,230.0,88.935,SOUTH,7.127,False,False
3023,6162,6277,1,480.6,113.591,23.635,T1_normal,-97.975,28.596,230.0,-97.807,29.875,230.0,line,230.0,88.935,SOUTH,12.088,False,False
3024,6162,6279,1,443.0,173.088,39.072,T1_normal,-97.975,28.596,230.0,-97.975,28.596,230.0,line,230.0,0.0,SOUTH,28.626,False,False
3025,6280,6163,1,149.0,64.992,43.619,T1_normal,-97.975,28.596,115.0,-97.975,28.596,115.0,line,115.0,0.0,SOUTH,38.743,False,False
3026,6168,6182,1,144.1,85.867,59.588,T1_normal,-98.509,29.475,115.0,-98.509,29.475,115.0,line,115.0,0.0,SOUTH,24.9,False,False
3027,6168,6209,1,149.0,70.016,46.99,T1_normal,-98.509,29.475,115.0,-98.853,29.501,115.0,line,115.0,20.776,SOUTH,63.369,False,False
3028,6168,6261,1,98.0,42.292,43.155,T1_normal,-98.509,29.475,115.0,-98.619,29.391,115.0,line,115.0,8.745,SOUTH,36.212,False,False
3029,6170,6169,1,1108.0,209.812,18.936,T1_normal,-98.509,29.475,230.0,-98.509,29.475,500.0,transformer,500.0,0.0,SOUTH,9.433,False,False
3030,6169,6239,1,2020.0,327.692,16.222,T1_normal,-98.509,29.475,500.0,-98.353,29.282,500.0,line,500.0,16.27,SOUTH,6.92,False,False
3031,6171,6170,1,297.0,174.698,58.821,T1_normal,-98.509,29.475,115.0,-98.509,29.475,230.0,transformer,230.0,0.0,SOUTH,57.536,False,False
3032,6170,6235,1,548.0,139.81,25.513,T1_normal,-98.509,29.475,230.0,-98.509,29.475,230.0,line,230.0,0.0,SOUTH,22.51,False,False
3033,6170,6308,1,443.0,252.633,57.028,T1_normal,-98.509,29.475,230.0,-99.141,29.427,230.0,line,230.0,38.15,SOUTH,70.764,False,False
3034,6170,6334,1,443.0,114.917,25.941,T1_normal,-98.509,29.475,230.0,-98.509,29.475,230.0,line,230.0,0.0,SOUTH,27.937,False,False
3035,6236,6171,1,221.0,44.428,20.103,T1_normal,-98.509,29.475,115.0,-98.509,29.475,115.0,line,115.0,0.0,SOUTH,25.847,False,False
3036,6173,6172,1,137.0,46.368,33.845,T1_normal,-97.297,29.113,115.0,-97.297,29.113,230.0,transformer,230.0,0.0,SOUTH,23.55,False,False
3037,6173,6265,1,250.0,124.524,49.81,T1_normal,-97.297,29.113,115.0,-97.297,29.113,115.0,line,115.0,0.0,SOUTH,20.762,False,False
3038,7020,6173,1,120.0,88.689,73.908,T1_normal,-97.135,28.895,115.0,-97.297,29.113,115.0,line,115.0,17.998,HOUSTON,33.45,False,False
3039,6174,6203,1,221.0,65.982,29.856,T1_normal,-98.509,29.475,115.0,-98.509,29.475,115.0,line,115.0,0.0,SOUTH,31.434,False,False
3040,6174,6250,1,98.0,77.353,78.932,T1_normal,-98.509,29.475,115.0,-98.509,29.475,115.0,line,115.0,0.0,SOUTH,28.79,False,False
3041,6174,6275,1,136.0,39.115,28.761,T1_normal,-98.509,29.475,115.0,-98.509,29.475,115.0,line,115.0,0.0,SOUTH,13.362,False,False
3042,6174,6312,1,171.6,113.479,66.13,T1_normal,-98.509,29.475,115.0,-98.509,29.475,115.0,line,115.0,0.0,SOUTH,54.634,False,False
3043,6174,6312,1,171.6,113.479,66.13,T1_normal,-98.509,29.475,115.0,-98.509,29.475,115.0,line,115.0,0.0,SOUTH,54.634,False,False
3044,6174,6320,1,221.0,58.149,26.312,T1_normal,-98.509,29.475,115.0,-98.509,29.475,115.0,line,115.0,0.0,SOUTH,17.251,False,False
3045,6174,6320,1,221.0,58.149,26.312,T1_normal,-98.509,29.475,115.0,-98.509,29.475,115.0,line,115.0,0.0,SOUTH,17.251,False,False
3046,6175,6194,1,149.0,28.836,19.353,T1_normal,-97.775,30.304,115.0,-97.775,30.304,115.0,line,115.0,0.0,SOUTH,3.999,False,False
3047,6175,6289,1,98.0,48.38,49.367,T1_normal,-97.775,30.304,115.0,-97.775,30.304,115.0,line,115.0,0.0,SOUTH,15.239,False,False
3048,6175,6345,1,148.0,80.415,54.334,T1_normal,-97.775,30.304,115.0,-97.775,30.304,115.0,line,115.0,0.0,SOUTH,30.399,False,False
3049,6230,6176,1,221.0,111.531,50.467,T1_normal,-97.966,29.88,115.0,-97.775,30.304,115.0,line,115.0,31.444,SOUTH,29.606,False,False
3050,6178,6177,1,172.8,115.031,66.569,T1_normal,-98.509,29.475,115.0,-98.509,29.475,230.0,transformer,230.0,0.0,SOUTH,60.914,False,False
3051,6178,6177,1,172.8,115.031,66.569,T1_normal,-98.509,29.475,115.0,-98.509,29.475,230.0,transformer,230.0,0.0,SOUTH,60.914,False,False
3052,6177,6198,1,432.3,136.715,31.625,T1_normal,-98.509,29.475,230.0,-98.509,29.475,230.0,line,230.0,0.0,SOUTH,49.333,False,False
3053,6177,6235,1,523.0,15.316,2.928,T1_normal,-98.509,29.475,230.0,-98.509,29.475,230.0,line,230.0,0.0,SOUTH,4.045,False,False
3054,6177,6285,1,383.7,52.314,13.634,T1_normal,-98.509,29.475,230.0,-98.678,29.803,230.0,line,230.0,24.88,SOUTH,14.626,False,False
3055,6177,6287,1,443.0,0.284,0.064,T1_normal,-98.509,29.475,230.0,-98.509,29.475,230.0,line,230.0,0.0,SOUTH,14.696,False,False
3056,6177,6299,1,548.0,11.52,2.102,T1_normal,-98.509,29.475,230.0,-98.084,29.745,230.0,line,230.0,31.693,SOUTH,4.371,False,False
3057,6177,6308,1,443.0,216.661,48.908,T1_normal,-98.509,29.475,230.0,-99.141,29.427,230.0,line,230.0,38.15,SOUTH,56.621,False,False
3058,6177,6308,1,443.0,216.661,48.908,T1_normal,-98.509,29.475,230.0,-99.141,29.427,230.0,line,230.0,38.15,SOUTH,56.621,False,False
3059,6177,6334,1,647.0,92.641,14.319,T1_normal,-98.509,29.475,230.0,-98.509,29.475,230.0,line,230.0,0.0,SOUTH,22.55,False,False
3060,6178,6209,1,149.0,69.27,46.49,T1_normal,-98.509,29.475,115.0,-98.853,29.501,115.0,line,115.0,20.776,SOUTH,44.396,False,False
3061,6332,6178,1,221.0,148.371,67.136,T1_normal,-98.747,29.61,115.0,-98.509,29.475,115.0,line,115.0,17.058,SOUTH,64.352,False,False
3062,6291,6179,1,98.0,17.415,17.771,T1_normal,-98.509,29.475,115.0,-98.509,29.475,115.0,line,115.0,0.0,SOUTH,19.056,False,False
3063,6182,6201,1,149.0,60.238,40.428,T1_normal,-98.509,29.475,115.0,-98.509,29.475,115.0,line,115.0,0.0,SOUTH,16.668,False,False
3064,6183,6206,1,98.0,77.237,78.814,T1_normal,-96.923,30.168,115.0,-96.84,30.355,115.0,line,115.0,13.848,SOUTH,33.323,False,False
3065,6184,6185,1,98.0,5.422,5.532,T1_normal,-97.775,30.304,115.0,-97.775,30.304,115.0,line,115.0,0.0,SOUTH,8.882,False,False
3066,6184,6205,1,149.0,59.304,39.801,T1_normal,-97.775,30.304,115.0,-97.775,30.304,115.0,line,115.0,0.0,SOUTH,16.505,False,False
3067,6184,6219,1,98.0,9.997,10.201,T1_normal,-97.775,30.304,115.0,-97.775,30.304,115.0,line,115.0,0.0,SOUTH,4.117,False,False
3068,6185,6313,1,98.0,31.36,32.0,T1_normal,-97.775,30.304,115.0,-97.775,30.304,115.0,line,115.0,0.0,SOUTH,12.383,False,False
3069,6186,6187,1,221.0,80.296,36.333,T1_normal,-97.775,30.304,115.0,-97.775,30.304,115.0,line,115.0,0.0,SOUTH,41.559,False,False
3070,6186,6187,1,221.0,80.296,36.333,T1_normal,-97.775,30.304,115.0,-97.775,30.304,115.0,line,115.0,0.0,SOUTH,41.559,False,False
3071,6186,6351,1,243.0,118.157,48.624,T1_normal,-97.775,30.304,115.0,-97.775,30.304,115.0,line,115.0,0.0,SOUTH,50.097,False,False
3072,6186,6351,1,243.0,118.157,48.624,T1_normal,-97.775,30.304,115.0,-97.775,30.304,115.0,line,115.0,0.0,SOUTH,50.097,False,False
3073,6187,6207,1,133.7,9.882,7.391,T1_normal,-97.775,30.304,115.0,-97.94,30.506,115.0,line,115.0,17.071,SOUTH,36.411,False,False
3074,6187,6219,1,149.0,2.379,1.597,T1_normal,-97.775,30.304,115.0,-97.775,30.304,115.0,line,115.0,0.0,SOUTH,17.138,False,False
3075,6187,6227,1,121.9,11.438,9.383,T1_normal,-97.775,30.304,115.0,-97.775,30.304,115.0,line,115.0,0.0,SOUTH,17.416,False,False
3076,6187,6289,1,149.0,23.493,15.767,T1_normal,-97.775,30.304,115.0,-97.775,30.304,115.0,line,115.0,0.0,SOUTH,30.543,False,False
3077,6189,6188,1,178.0,44.139,24.797,T1_normal,-96.425,29.696,115.0,-96.425,29.696,230.0,transformer,230.0,0.0,SOUTH,24.246,False,False
3078,6188,7305,1,460.0,95.807,20.828,T1_normal,-96.425,29.696,230.0,-96.087,29.283,230.0,line,230.0,35.048,SOUTH,33.769,False,False
3079,6327,6189,1,98.0,15.769,16.091,T1_normal,-96.652,29.489,115.0,-96.425,29.696,115.0,line,115.0,19.781,SOUTH,15.089,False,False
3080,13110,6191,1,240.8,2.871,1.192,T1_normal,-98.509,29.475,20.0,-98.509,29.475,115.0,transformer,115.0,0.0,SOUTH,0.0,False,False
3081,6193,6192,1,138.0,4.739,3.434,T1_normal,-96.676,30.542,115.0,-96.676,30.542,230.0,transformer,230.0,0.0,SOUTH,23.345,False,False
3082,6193,6206,1,98.0,45.937,46.875,T1_normal,-96.676,30.542,115.0,-96.84,30.355,115.0,line,115.0,16.181,SOUTH,1.385,False,False
3083,6193,6326,1,98.0,14.986,15.292,T1_normal,-96.676,30.542,115.0,-96.438,30.471,115.0,line,115.0,14.983,SOUTH,2.161,False,False
3084,6196,6194,1,149.0,5.149,3.456,T1_normal,-97.568,29.94,115.0,-97.775,30.304,115.0,line,115.0,28.029,SOUTH,32.637,False,False
3085,6194,6231,1,149.0,42.385,28.446,T1_normal,-97.775,30.304,115.0,-97.838,30.079,115.0,line,115.0,16.038,SOUTH,17.645,False,False
3086,6232,6194,1,221.0,126.433,57.209,T1_normal,-97.607,30.151,115.0,-97.775,30.304,115.0,line,115.0,14.572,SOUTH,51.304,False,False
3087,6195,7314,1,450.0,136.178,30.262,T1_normal,-96.451,30.024,115.0,-96.253,29.987,115.0,line,115.0,12.128,SOUTH,35.572,False,False
3088,6195,13387,1,129.4,60.2,46.522,T1_normal,-96.451,30.024,115.0,-96.445,30.263,115.0,line,115.0,16.487,SOUTH,46.522,False,False
3089,6198,6197,1,1372.0,261.777,19.08,T1_normal,-98.509,29.475,230.0,-98.509,29.475,500.0,transformer,500.0,0.0,SOUTH,17.24,False,False
3090,6197,6234,1,2020.0,204.178,10.108,T1_normal,-98.509,29.475,500.0,-98.509,29.475,500.0,line,500.0,0.0,SOUTH,12.423,False,False
3091,6197,6333,1,2020.0,234.706,11.619,T1_normal,-98.509,29.475,500.0,-98.509,29.475,500.0,line,500.0,0.0,SOUTH,6.406,False,False
3092,6199,6198,1,420.0,299.376,71.28,T1_normal,-98.509,29.475,115.0,-98.509,29.475,230.0,transformer,230.0,0.0,SOUTH,71.715,False,False
3093,6199,6198,1,420.0,299.376,71.28,T1_normal,-98.509,29.475,115.0,-98.509,29.475,230.0,transformer,230.0,0.0,SOUTH,71.715,False,False
3094,6199,6198,1,420.0,299.376,71.28,T1_normal,-98.509,29.475,115.0,-98.509,29.475,230.0,transformer,230.0,0.0,SOUTH,71.715,False,False
3095,6198,6287,1,548.0,146.487,26.731,T1_normal,-98.509,29.475,230.0,-98.509,29.475,230.0,line,230.0,0.0,SOUTH,11.618,False,False
3096,6198,6334,1,427.6,85.692,20.04,T1_normal,-98.509,29.475,230.0,-98.509,29.475,230.0,line,230.0,0.0,SOUTH,30.953,False,False
3097,6337,6199,1,221.0,139.148,62.963,T1_normal,-98.509,29.475,115.0,-98.509,29.475,115.0,line,115.0,0.0,SOUTH,57.794,False,False
3098,6337,6199,1,221.0,139.148,62.963,T1_normal,-98.509,29.475,115.0,-98.509,29.475,115.0,line,115.0,0.0,SOUTH,57.794,False,False
3099,6200,6203,1,174.0,65.608,37.706,T1_normal,-98.509,29.475,115.0,-98.509,29.475,115.0,line,115.0,0.0,SOUTH,35.709,False,False
3100,6200,6204,1,135.7,22.416,16.519,T1_normal,-98.509,29.475,115.0,-98.509,29.475,115.0,line,115.0,0.0,SOUTH,4.635,False,False
3101,6200,6225,1,98.0,70.147,71.579,T1_normal,-98.509,29.475,115.0,-98.509,29.475,115.0,line,115.0,0.0,SOUTH,50.191,False,False
3102,6200,6275,1,109.0,108.373,99.425,T3_prevent,-98.509,29.475,115.0,-98.509,29.475,115.0,line,115.0,0.0,SOUTH,68.161,False,False
3103,6200,6284,1,149.0,122.14,81.973,T2_watch,-98.509,29.475,115.0,-98.509,29.475,115.0,line,115.0,0.0,SOUTH,58.922,False,False
3104,6201,6203,1,98.0,11.918,12.161,T1_normal,-98.509,29.475,115.0,-98.509,29.475,115.0,line,115.0,0.0,SOUTH,11.735,False,False
3105,6201,6204,1,118.1,6.413,5.43,T1_normal,-98.509,29.475,115.0,-98.509,29.475,115.0,line,115.0,0.0,SOUTH,9.999,False,False
3106,6201,6323,1,133.5,37.825,28.333,T1_normal,-98.509,29.475,115.0,-98.509,29.475,115.0,line,115.0,0.0,SOUTH,30.253,False,False
3107,6201,6356,1,245.0,91.65,37.408,T1_normal,-98.509,29.475,115.0,-98.509,29.475,115.0,line,115.0,0.0,SOUTH,21.278,False,False
3108,6280,6202,1,134.0,58.767,43.856,T1_normal,-97.975,28.596,115.0,-97.785,29.66,115.0,line,115.0,74.36,SOUTH,47.601,False,False
3109,6340,6202,1,115.0,17.666,15.361,T1_normal,-97.736,29.429,115.0,-97.785,29.66,115.0,line,115.0,16.212,SOUTH,24.355,False,False
3110,6204,6307,1,127.0,36.11,28.433,T1_normal,-98.509,29.475,115.0,-98.509,29.475,115.0,line,115.0,0.0,SOUTH,23.938,False,False
3111,6204,6337,1,98.0,52.409,53.479,T1_normal,-98.509,29.475,115.0,-98.509,29.475,115.0,line,115.0,0.0,SOUTH,18.806,False,False
3112,6205,6223,1,221.0,98.598,44.614,T1_normal,-97.775,30.304,115.0,-97.775,30.304,115.0,line,115.0,0.0,SOUTH,33.154,False,False
3113,6205,6223,1,221.0,98.598,44.614,T1_normal,-97.775,30.304,115.0,-97.775,30.304,115.0,line,115.0,0.0,SOUTH,33.154,False,False
3114,6207,6282,1,165.0,104.252,63.183,T1_normal,-97.94,30.506,115.0,-98.113,30.43,115.0,line,115.0,11.561,SOUTH,94.751,False,False
3115,6207,6313,1,221.0,3.264,1.477,T1_normal,-97.94,30.506,115.0,-97.775,30.304,115.0,line,115.0,17.071,SOUTH,21.424,False,False
3116,6207,6344,1,119.9,16.189,13.502,T1_normal,-97.94,30.506,115.0,-97.677,30.534,115.0,line,115.0,15.753,SOUTH,31.258,False,False
3117,6207,6355,1,130.6,53.119,40.673,T1_normal,-97.94,30.506,115.0,-97.677,30.534,115.0,line,115.0,15.753,SOUTH,55.234,False,False
3118,6331,6208,1,221.0,25.925,11.731,T1_normal,-97.775,30.304,115.0,-97.775,30.304,115.0,line,115.0,0.0,SOUTH,13.562,False,False
3119,6331,6208,1,221.0,25.925,11.731,T1_normal,-97.775,30.304,115.0,-97.775,30.304,115.0,line,115.0,0.0,SOUTH,13.562,False,False
3120,6208,6353,1,149.0,43.661,29.303,T1_normal,-97.775,30.304,115.0,-97.677,30.534,115.0,line,115.0,16.926,SOUTH,74.389,False,False
3121,6309,6209,1,220.0,146.806,66.73,T1_normal,-99.141,29.427,115.0,-98.853,29.501,115.0,line,115.0,18.037,SOUTH,76.404,False,False
3122,6211,6210,1,978.0,139.902,14.305,T1_normal,-98.268,30.564,230.0,-98.268,30.564,500.0,transformer,500.0,0.0,SOUTH,11.684,False,False
3123,6213,6210,1,49.1,27.0,54.99,T1_normal,-98.268,30.564,13.8,-98.268,30.564,500.0,transformer,500.0,0.0,SOUTH,54.99,False,False
3124,6214,6210,1,44.0,27.0,61.364,T1_normal,-98.268,30.564,13.8,-98.268,30.564,500.0,transformer,500.0,0.0,SOUTH,61.364,False,False
3125,6210,6292,1,2020.0,284.355,14.077,T1_normal,-98.268,30.564,500.0,-97.523,30.12,500.0,line,500.0,54.03,SOUTH,40.671,False,False
3126,12613,6210,1,2700.0,749.96,27.776,T1_normal,-98.372,30.558,500.0,-98.268,30.564,500.0,line,500.0,6.194,SOUTH,30.245,False,False
3127,12613,6210,1,2700.0,749.96,27.776,T1_normal,-98.372,30.558,500.0,-98.268,30.564,500.0,line,500.0,6.194,SOUTH,30.245,False,False
3128,6212,6211,1,381.0,156.481,41.071,T1_normal,-98.268,30.564,115.0,-98.268,30.564,230.0,transformer,230.0,0.0,SOUTH,34.15,False,False
3129,6211,6359,1,443.0,16.579,3.742,T1_normal,-98.268,30.564,230.0,-98.283,30.801,230.0,line,230.0,16.368,SOUTH,55.165,False,False
3130,6218,6231,1,149.0,3.99,2.678,T1_normal,-97.677,29.871,115.0,-97.838,30.079,115.0,line,115.0,17.256,SOUTH,12.22,False,False
3131,6278,6218,1,149.0,97.47,65.416,T1_normal,-97.807,29.875,115.0,-97.677,29.871,115.0,line,115.0,7.806,SOUTH,50.518,False,False
3132,6219,6345,1,98.0,18.834,19.218,T1_normal,-97.775,30.304,115.0,-97.775,30.304,115.0,line,115.0,0.0,SOUTH,7.129,False,False
3133,6220,6250,1,160.0,138.832,86.77,T2_watch,-98.509,29.475,115.0,-98.509,29.475,115.0,line,115.0,0.0,SOUTH,59.384,False,False
3134,6221,6322,1,98.0,33.119,33.795,T1_normal,-98.24,28.867,115.0,-98.08,29.073,115.0,line,115.0,17.233,SOUTH,24.567,False,False
3135,6223,6222,1,457.0,304.553,66.642,T1_normal,-97.775,30.304,115.0,-97.775,30.304,230.0,transformer,230.0,0.0,SOUTH,61.95,False,False
3136,6223,6222,1,457.0,304.553,66.642,T1_normal,-97.775,30.304,115.0,-97.775,30.304,230.0,transformer,230.0,0.0,SOUTH,61.95,False,False
3137,6223,6222,1,457.0,304.553,66.642,T1_normal,-97.775,30.304,115.0,-97.775,30.304,230.0,transformer,230.0,0.0,SOUTH,61.95,False,False
3138,6222,6229,1,548.0,105.943,19.333,T1_normal,-97.775,30.304,230.0,-97.966,29.88,230.0,line,230.0,31.444,SOUTH,7.355,False,False
3139,6255,6222,1,647.0,342.151,52.883,T1_normal,-97.775,30.304,230.0,-97.775,30.304,230.0,line,230.0,0.0,SOUTH,41.227,False,False
3140,6222,6293,1,647.0,219.492,33.925,T1_normal,-97.775,30.304,230.0,-97.523,30.12,230.0,line,230.0,19.732,SOUTH,23.032,False,False
3141,6222,6354,1,443.0,42.459,9.584,T1_normal,-97.775,30.304,230.0,-97.677,30.534,230.0,line,230.0,16.926,SOUTH,14.178,False,False
3142,6227,6223,1,250.0,169.149,67.659,T1_normal,-97.775,30.304,115.0,-97.775,30.304,115.0,line,115.0,0.0,SOUTH,59.456,False,False
3143,6227,6223,1,250.0,169.149,67.659,T1_normal,-97.775,30.304,115.0,-97.775,30.304,115.0,line,115.0,0.0,SOUTH,59.456,False,False
3144,6223,6278,1,131.5,20.425,15.532,T1_normal,-97.775,30.304,115.0,-97.807,29.875,115.0,line,115.0,29.714,SOUTH,16.802,False,False
3145,6224,6331,1,149.0,0.663,0.445,T1_normal,-97.775,30.304,115.0,-97.775,30.304,115.0,line,115.0,0.0,SOUTH,39.181,False,False
3146,6225,6307,1,149.0,7.905,5.305,T1_normal,-98.509,29.475,115.0,-98.509,29.475,115.0,line,115.0,0.0,SOUTH,3.119,False,False
3147,6227,6238,1,221.0,58.8,26.606,T1_normal,-97.775,30.304,115.0,-97.775,30.304,115.0,line,115.0,0.0,SOUTH,25.079,False,False
3148,6227,6238,1,221.0,58.8,26.606,T1_normal,-97.775,30.304,115.0,-97.775,30.304,115.0,line,115.0,0.0,SOUTH,25.079,False,False
3149,6227,6330,1,98.0,5.918,6.039,T1_normal,-97.775,30.304,115.0,-97.775,30.304,115.0,line,115.0,0.0,SOUTH,5.93,False,False
3150,6229,6228,1,1208.0,470.088,38.915,T1_normal,-97.966,29.88,230.0,-97.966,29.88,500.0,transformer,500.0,0.0,SOUTH,22.313,False,False
3151,6298,6228,1,2020.0,1180.147,58.423,T1_normal,-98.084,29.745,500.0,-97.966,29.88,500.0,line,500.0,11.669,SOUTH,13.344,False,False
3152,6230,6229,1,350.0,247.066,70.59,T1_normal,-97.966,29.88,115.0,-97.966,29.88,230.0,transformer,230.0,0.0,SOUTH,40.93,False,False
3153,6230,6229,1,350.0,247.066,70.59,T1_normal,-97.966,29.88,115.0,-97.966,29.88,230.0,transformer,230.0,0.0,SOUTH,40.93,False,False
3154,6229,6277,1,548.0,134.23,24.494,T1_normal,-97.966,29.88,230.0,-97.807,29.875,230.0,line,230.0,9.542,SOUTH,1.944,False,False
3155,6229,6299,1,457.2,322.384,70.513,T1_normal,-97.966,29.88,230.0,-98.084,29.745,230.0,line,230.0,11.669,SOUTH,2.774,False,False
3156,6230,6278,1,140.0,32.221,23.015,T1_normal,-97.966,29.88,115.0,-97.807,29.875,115.0,line,115.0,9.542,SOUTH,3.932,False,False
3157,6232,6294,1,221.0,121.061,54.779,T1_normal,-97.607,30.151,115.0,-97.523,30.12,115.0,line,115.0,5.5,SOUTH,51.826,False,False
3158,6232,6294,1,221.0,121.061,54.779,T1_normal,-97.607,30.151,115.0,-97.523,30.12,115.0,line,115.0,5.5,SOUTH,51.826,False,False
3159,6235,6234,1,1190.0,326.791,27.461,T1_normal,-98.509,29.475,230.0,-98.509,29.475,500.0,transformer,500.0,0.0,SOUTH,30.808,False,False
3160,6236,6235,1,406.0,209.133,51.511,T1_normal,-98.509,29.475,115.0,-98.509,29.475,230.0,transformer,230.0,0.0,SOUTH,57.737,False,False
3161,6236,6235,1,406.0,209.133,51.511,T1_normal,-98.509,29.475,115.0,-98.509,29.475,230.0,transformer,230.0,0.0,SOUTH,57.737,False,False
3162,6325,6237,1,149.0,14.379,9.651,T1_normal,-97.149,30.853,115.0,-97.063,30.978,115.0,line,115.0,10.068,SOUTH,10.721,False,False
3163,6237,8102,1,220.0,59.484,27.038,T1_normal,-97.063,30.978,115.0,-96.664,31.098,115.0,line,115.0,25.051,SOUTH,31.123,False,False
3164,12924,6237,1,363.8,250.0,68.719,T1_normal,-97.063,30.978,20.0,-97.063,30.978,115.0,transformer,115.0,0.0,SOUTH,68.719,False,False
3165,6237,13106,1,450.0,200.0,44.444,T1_normal,-97.063,30.978,115.0,-97.063,30.978,115.0,line,115.0,0.0,SOUTH,44.444,False,False
3166,6238,6345,1,98.0,35.513,36.237,T1_normal,-97.775,30.304,115.0,-97.775,30.304,115.0,line,115.0,0.0,SOUTH,35.995,False,False
3167,6240,6239,1,1194.0,337.024,28.226,T1_normal,-98.353,29.282,230.0,-98.353,29.282,500.0,transformer,500.0,0.0,SOUTH,17.17,False,False
3168,6242,6239,1,597.3,855.626,143.249,T6_heavy,-98.353,29.282,13.8,-98.353,29.282,500.0,transformer,500.0,0.0,SOUTH,34.484,True,True
3169,6243,6239,1,524.3,0.0,0.0,T1_normal,-98.353,29.282,13.8,-98.353,29.282,500.0,transformer,500.0,0.0,SOUTH,0.0,False,False
3170,6239,7414,1,2000.0,664.013,33.201,T1_normal,-98.353,29.282,500.0,-97.006,28.747,500.0,line,500.0,89.422,SOUTH,2.658,False,False
3171,6239,12523,1,1853.3,1275.186,68.806,T1_normal,-98.353,29.282,500.0,-98.509,29.475,500.0,line,500.0,16.27,SOUTH,45.621,False,False
3172,6241,6240,1,300.0,45.531,15.177,T1_normal,-98.353,29.282,115.0,-98.353,29.282,230.0,transformer,230.0,0.0,SOUTH,16.915,False,False
3173,6241,6240,1,300.0,45.531,15.177,T1_normal,-98.353,29.282,115.0,-98.353,29.282,230.0,transformer,230.0,0.0,SOUTH,16.915,False,False
3174,6240,6287,1,647.0,201.89,31.204,T1_normal,-98.353,29.282,230.0,-98.509,29.475,230.0,line,230.0,16.27,SOUTH,12.789,False,False
3175,6240,6321,1,443.0,342.395,77.29,T1_normal,-98.353,29.282,230.0,-98.08,29.073,230.0,line,230.0,21.898,SOUTH,47.593,False,False
3176,6241,6324,1,310.0,176.914,57.069,T1_normal,-98.353,29.282,115.0,-98.509,29.475,115.0,line,115.0,16.27,SOUTH,49.867,False,False
3177,6241,6324,1,310.0,176.914,57.069,T1_normal,-98.353,29.282,115.0,-98.509,29.475,115.0,line,115.0,16.27,SOUTH,49.867,False,False
3178,6241,13126,1,109.0,77.422,71.03,T1_normal,-98.353,29.282,115.0,-98.353,29.282,115.0,line,115.0,0.0,SOUTH,60.727,False,False
3179,6253,6329,1,149.0,61.725,41.426,T1_normal,-97.429,28.858,115.0,-97.697,28.872,115.0,line,115.0,16.268,SOUTH,12.77,False,False
3180,6255,6254,1,1526.0,1157.172,75.83,T1_normal,-97.775,30.304,230.0,-97.775,30.304,500.0,transformer,500.0,0.0,SOUTH,72.601,False,False
3181,6257,6254,1,215.3,326.077,151.452,T7_structural,-97.775,30.304,13.8,-97.775,30.304,500.0,transformer,500.0,0.0,SOUTH,36.673,True,True
3182,6258,6254,1,198.4,305.705,154.085,T7_structural,-97.775,30.304,13.8,-97.775,30.304,500.0,transformer,500.0,0.0,SOUTH,37.325,True,True
3183,6259,6254,1,74.3,94.447,127.116,T6_heavy,-97.775,30.304,13.8,-97.775,30.304,500.0,transformer,500.0,0.0,SOUTH,31.22,True,True
3184,6260,6254,1,84.9,94.447,111.245,T5_moderate,-97.775,30.304,13.8,-97.775,30.304,500.0,transformer,500.0,0.0,SOUTH,27.322,True,True
3185,6292,6254,1,2768.0,375.718,13.574,T1_normal,-97.523,30.12,500.0,-97.775,30.304,500.0,line,500.0,19.732,SOUTH,20.303,False,False
3186,6256,6255,1,300.0,228.235,76.078,T1_normal,-97.775,30.304,115.0,-97.775,30.304,230.0,transformer,230.0,0.0,SOUTH,66.548,False,False
3187,6256,6255,1,300.0,228.235,76.078,T1_normal,-97.775,30.304,115.0,-97.775,30.304,230.0,transformer,230.0,0.0,SOUTH,66.548,False,False
3188,6255,6277,1,507.5,9.084,1.79,T1_normal,-97.775,30.304,230.0,-97.807,29.875,230.0,line,230.0,29.714,SOUTH,49.265,False,False
3189,6255,6293,1,442.3,67.569,15.277,T1_normal,-97.775,30.304,230.0,-97.523,30.12,230.0,line,230.0,19.732,SOUTH,24.961,False,False
3190,6256,6330,1,151.9,86.465,56.922,T1_normal,-97.775,30.304,115.0,-97.775,30.304,115.0,line,115.0,0.0,SOUTH,53.783,False,False
3191,6261,6307,1,129.5,9.801,7.568,T1_normal,-98.619,29.391,115.0,-98.509,29.475,115.0,line,115.0,8.745,SOUTH,3.436,False,False
3192,6262,6319,1,98.0,25.916,26.445,T1_normal,-97.876,30.749,115.0,-97.727,30.716,115.0,line,115.0,9.114,SOUTH,43.951,False,False
3193,13327,6262,1,146.7,100.0,68.166,T1_normal,-97.876,30.749,20.0,-97.876,30.749,115.0,transformer,115.0,0.0,SOUTH,68.166,False,False
3194,6264,6263,1,292.0,48.657,16.664,T1_normal,-97.895,28.733,115.0,-97.895,28.733,230.0,transformer,230.0,0.0,SOUTH,8.787,False,False
3195,6321,6263,1,647.0,492.63,76.141,T1_normal,-98.08,29.073,230.0,-97.895,28.733,230.0,line,230.0,26.035,SOUTH,52.265,False,False
3196,6263,7274,1,750.0,117.022,15.603,T1_normal,-97.895,28.733,230.0,-97.006,28.747,230.0,line,230.0,53.85,SOUTH,32.864,False,False
3197,12858,6263,1,730.4,655.595,89.758,T2_watch,-97.831,28.625,230.0,-97.895,28.733,230.0,line,230.0,8.441,SOUTH,67.627,False,False
3198,6275,6324,1,221.0,242.849,109.886,T4_light,-98.509,29.475,115.0,-98.509,29.475,115.0,line,115.0,0.0,SOUTH,79.856,True,True
3199,6275,6324,1,221.0,242.849,109.886,T4_light,-98.509,29.475,115.0,-98.509,29.475,115.0,line,115.0,0.0,SOUTH,79.856,True,True
3200,6275,13126,1,120.8,95.793,79.299,T1_normal,-98.509,29.475,115.0,-98.353,29.282,115.0,line,115.0,16.27,SOUTH,50.009,False,False
3201,6278,6277,1,331.0,320.839,96.93,T3_prevent,-97.807,29.875,115.0,-97.807,29.875,230.0,transformer,230.0,0.0,SOUTH,56.61,False,False
3202,6278,6330,1,119.8,35.042,29.251,T1_normal,-97.807,29.875,115.0,-97.775,30.304,115.0,line,115.0,29.714,SOUTH,3.362,False,False
3203,6280,6279,1,230.0,123.882,53.862,T1_normal,-97.975,28.596,115.0,-97.975,28.596,230.0,transformer,230.0,0.0,SOUTH,56.532,False,False
3204,6280,6279,1,230.0,123.882,53.862,T1_normal,-97.975,28.596,115.0,-97.975,28.596,230.0,transformer,230.0,0.0,SOUTH,56.532,False,False
3205,6279,6299,1,548.0,15.947,2.91,T1_normal,-97.975,28.596,230.0,-98.084,29.745,230.0,line,230.0,79.672,SOUTH,16.673,False,False
3206,6284,13126,1,139.1,168.321,121.007,T5_moderate,-98.509,29.475,115.0,-98.353,29.282,115.0,line,115.0,16.27,SOUTH,54.149,True,True
3207,13344,6284,1,131.0,97.129,74.144,T1_normal,-98.509,29.475,20.0,-98.509,29.475,115.0,transformer,115.0,0.0,SOUTH,76.336,False,False
3208,6284,13418,1,140.2,129.377,92.28,T3_prevent,-98.509,29.475,115.0,-98.509,29.475,115.0,line,115.0,0.0,SOUTH,71.687,False,False
3209,6286,6285,1,311.0,60.845,19.564,T1_normal,-98.678,29.803,115.0,-98.678,29.803,230.0,transformer,230.0,0.0,SOUTH,34.813,False,False
3210,6328,6286,1,98.0,3.143,3.207,T1_normal,-98.905,29.972,115.0,-98.678,29.803,115.0,line,115.0,17.892,SOUTH,19.817,False,False
3211,6288,6287,1,300.0,178.516,59.505,T1_normal,-98.509,29.475,115.0,-98.509,29.475,230.0,transformer,230.0,0.0,SOUTH,61.16,False,False
3212,6288,6287,1,300.0,178.516,59.505,T1_normal,-98.509,29.475,115.0,-98.509,29.475,230.0,transformer,230.0,0.0,SOUTH,61.16,False,False
3213,6287,6334,1,408.1,56.727,13.9,T1_normal,-98.509,29.475,230.0,-98.509,29.475,230.0,line,230.0,0.0,SOUTH,8.851,False,False
3214,6288,6307,1,221.0,40.267,18.22,T1_normal,-98.509,29.475,115.0,-98.509,29.475,115.0,line,115.0,0.0,SOUTH,15.475,False,False
3215,6288,6307,1,221.0,40.267,18.22,T1_normal,-98.509,29.475,115.0,-98.509,29.475,115.0,line,115.0,0.0,SOUTH,15.475,False,False
3216,6288,6307,1,143.0,48.303,33.778,T1_normal,-98.509,29.475,115.0,-98.509,29.475,115.0,line,115.0,0.0,SOUTH,28.689,False,False
3217,6288,6323,1,221.0,23.65,10.701,T1_normal,-98.509,29.475,115.0,-98.509,29.475,115.0,line,115.0,0.0,SOUTH,5.575,False,False
3218,6288,6323,1,221.0,23.65,10.701,T1_normal,-98.509,29.475,115.0,-98.509,29.475,115.0,line,115.0,0.0,SOUTH,5.575,False,False
3219,6288,6323,1,102.4,48.404,47.269,T1_normal,-98.509,29.475,115.0,-98.509,29.475,115.0,line,115.0,0.0,SOUTH,24.624,False,False
3220,6290,6331,1,221.0,74.224,33.585,T1_normal,-97.775,30.304,115.0,-97.775,30.304,115.0,line,115.0,0.0,SOUTH,45.169,False,False
3221,6290,6331,1,221.0,74.224,33.585,T1_normal,-97.775,30.304,115.0,-97.775,30.304,115.0,line,115.0,0.0,SOUTH,45.169,False,False
3222,6293,6292,1,1210.0,474.079,39.18,T1_normal,-97.523,30.12,230.0,-97.523,30.12,500.0,transformer,500.0,0.0,SOUTH,32.182,False,False
3223,6295,6292,1,359.9,0.0,0.0,T1_normal,-97.523,30.12,13.8,-97.523,30.12,500.0,transformer,500.0,0.0,SOUTH,0.0,False,False
3224,6296,6292,1,255.1,348.362,136.559,T6_heavy,-97.523,30.12,13.8,-97.523,30.12,500.0,transformer,500.0,0.0,SOUTH,32.873,True,True
3225,6297,6292,1,243.3,348.362,143.182,T6_heavy,-97.523,30.12,13.8,-97.523,30.12,500.0,transformer,500.0,0.0,SOUTH,34.468,True,True
3226,6294,6293,1,335.0,161.078,48.083,T1_normal,-97.523,30.12,115.0,-97.523,30.12,230.0,transformer,230.0,0.0,SOUTH,52.357,False,False
3227,6294,6293,1,335.0,161.078,48.083,T1_normal,-97.523,30.12,115.0,-97.523,30.12,230.0,transformer,230.0,0.0,SOUTH,52.357,False,False
3228,6294,6339,1,220.0,80.032,36.378,T1_normal,-97.523,30.12,115.0,-97.523,30.12,115.0,line,115.0,0.0,SOUTH,55.326,False,False
3229,6299,6298,1,994.0,301.596,30.342,T1_normal,-98.084,29.745,230.0,-98.084,29.745,500.0,transformer,500.0,0.0,SOUTH,22.724,False,False
3230,6301,6298,1,303.2,470.594,155.209,T7_structural,-98.084,29.745,22.0,-98.084,29.745,500.0,transformer,500.0,0.0,SOUTH,37.363,True,True
3231,6302,6298,1,284.1,466.52,164.21,T7_structural,-98.084,29.745,22.0,-98.084,29.745,500.0,transformer,500.0,0.0,SOUTH,39.53,True,True
3232,6303,6298,1,270.8,0.0,0.0,T1_normal,-98.084,29.745,22.0,-98.084,29.745,500.0,transformer,500.0,0.0,SOUTH,0.0,False,False
3233,6304,6298,1,351.1,464.483,132.294,T6_heavy,-98.084,29.745,22.0,-98.084,29.745,500.0,transformer,500.0,0.0,SOUTH,31.847,True,True
3234,6300,6299,1,181.0,43.672,24.128,T1_normal,-98.084,29.745,115.0,-98.084,29.745,230.0,transformer,230.0,0.0,SOUTH,30.201,False,False
3235,6309,6308,1,122.4,31.148,25.447,T1_normal,-99.141,29.427,115.0,-99.141,29.427,230.0,transformer,230.0,0.0,SOUTH,42.203,False,False
3236,6309,6308,1,122.4,31.148,25.447,T1_normal,-99.141,29.427,115.0,-99.141,29.427,230.0,transformer,230.0,0.0,SOUTH,42.203,False,False
3237,6310,6312,1,221.0,80.226,36.301,T1_normal,-98.509,29.475,115.0,-98.509,29.475,115.0,line,115.0,0.0,SOUTH,32.705,False,False
3238,6310,6312,1,221.0,80.226,36.301,T1_normal,-98.509,29.475,115.0,-98.509,29.475,115.0,line,115.0,0.0,SOUTH,32.705,False,False
3239,6312,6320,1,250.0,61.937,24.775,T1_normal,-98.509,29.475,115.0,-98.509,29.475,115.0,line,115.0,0.0,SOUTH,11.008,False,False
3240,6320,6312,1,250.0,61.937,24.775,T1_normal,-98.509,29.475,115.0,-98.509,29.475,115.0,line,115.0,0.0,SOUTH,11.008,False,False
3241,6316,6315,1,251.0,27.925,11.126,T1_normal,-97.727,30.716,161.0,-97.727,30.716,230.0,transformer,230.0,0.0,SOUTH,48.67,False,False
3242,6343,6315,1,443.0,38.525,8.696,T1_normal,-97.677,30.534,230.0,-97.727,30.716,230.0,line,230.0,12.93,SOUTH,21.554,False,False
3243,6319,6316,1,163.0,50.554,31.015,T1_normal,-97.727,30.716,115.0,-97.727,30.716,161.0,transformer,161.0,0.0,SOUTH,69.504,False,False
3244,6324,6320,1,250.0,290.973,116.389,T5_moderate,-98.509,29.475,115.0,-98.509,29.475,115.0,line,115.0,0.0,SOUTH,80.795,True,True
3245,6320,13126,1,132.0,76.348,57.839,T1_normal,-98.509,29.475,115.0,-98.353,29.282,115.0,line,115.0,16.27,SOUTH,32.953,False,False
3246,6322,6321,1,249.0,150.235,60.336,T1_normal,-98.08,29.073,115.0,-98.08,29.073,230.0,transformer,230.0,0.0,SOUTH,51.13,False,False
3247,6324,12523,1,1080.0,813.831,75.355,T1_normal,-98.509,29.475,115.0,-98.509,29.475,500.0,transformer,500.0,0.0,SOUTH,59.051,False,False
3248,6324,12523,1,1080.0,813.831,75.355,T1_normal,-98.509,29.475,115.0,-98.509,29.475,500.0,transformer,500.0,0.0,SOUTH,59.051,False,False
3249,6324,13126,1,223.1,175.831,78.812,T1_normal,-98.509,29.475,115.0,-98.353,29.282,115.0,line,115.0,16.27,SOUTH,67.558,False,False
3250,6324,13126,1,223.1,175.831,78.812,T1_normal,-98.509,29.475,115.0,-98.353,29.282,115.0,line,115.0,16.27,SOUTH,67.558,False,False
3251,8140,6326,1,98.0,0.444,0.453,T1_normal,-96.308,30.59,115.0,-96.438,30.471,115.0,line,115.0,11.26,NORTH,17.906,False,False
3252,6336,6328,1,98.0,4.034,4.116,T1_normal,-99.095,29.707,115.0,-98.905,29.972,115.0,line,115.0,21.582,SOUTH,3.126,False,False
3253,6334,6333,1,1094.0,162.923,14.892,T1_normal,-98.509,29.475,230.0,-98.509,29.475,500.0,transformer,500.0,0.0,SOUTH,11.829,False,False
3254,6335,6334,1,271.8,224.406,82.563,T2_watch,-98.509,29.475,115.0,-98.509,29.475,230.0,transformer,230.0,0.0,SOUTH,80.682,False,False
3255,6341,7202,1,450.0,166.261,36.947,T1_normal,-96.258,30.122,115.0,-96.066,30.1,115.0,line,115.0,11.632,SOUTH,38.979,False,False
3256,6343,6342,1,1137.0,420.719,37.003,T1_normal,-97.677,30.534,230.0,-97.677,30.534,500.0,transformer,500.0,0.0,SOUTH,33.022,False,False
3257,6344,6343,1,400.0,335.776,83.944,T2_watch,-97.677,30.534,115.0,-97.677,30.534,230.0,transformer,230.0,0.0,SOUTH,56.612,False,False
3258,6344,6343,1,400.0,335.776,83.944,T2_watch,-97.677,30.534,115.0,-97.677,30.534,230.0,transformer,230.0,0.0,SOUTH,56.612,False,False
3259,6343,6350,1,443.0,206.648,46.648,T1_normal,-97.677,30.534,230.0,-97.775,30.304,230.0,line,230.0,16.926,SOUTH,26.567,False,False
3260,6343,6354,1,443.0,26.943,6.082,T1_normal,-97.677,30.534,230.0,-97.677,30.534,230.0,line,230.0,0.0,SOUTH,10.522,False,False
3261,6343,6354,1,394.5,31.519,7.99,T1_normal,-97.677,30.534,230.0,-97.677,30.534,230.0,line,230.0,0.0,SOUTH,13.823,False,False
3262,6344,6353,1,250.0,155.724,62.29,T1_normal,-97.677,30.534,115.0,-97.677,30.534,115.0,line,115.0,0.0,SOUTH,31.99,False,False
3263,6344,6353,1,250.0,155.724,62.29,T1_normal,-97.677,30.534,115.0,-97.677,30.534,115.0,line,115.0,0.0,SOUTH,31.99,False,False
3264,6344,6353,1,107.3,131.251,122.322,T5_moderate,-97.677,30.534,115.0,-97.677,30.534,115.0,line,115.0,0.0,SOUTH,62.821,True,True
3265,6350,6349,1,1150.0,460.974,40.085,T1_normal,-97.775,30.304,230.0,-97.775,30.304,500.0,transformer,500.0,0.0,SOUTH,26.56,False,False
3266,6351,6350,1,191.0,138.058,72.282,T1_normal,-97.775,30.304,115.0,-97.775,30.304,230.0,transformer,230.0,0.0,SOUTH,69.982,False,False
3267,6351,6350,1,191.0,138.058,72.282,T1_normal,-97.775,30.304,115.0,-97.775,30.304,230.0,transformer,230.0,0.0,SOUTH,69.982,False,False
3268,6350,6359,1,443.0,183.923,41.518,T1_normal,-97.775,30.304,230.0,-98.283,30.801,230.0,line,230.0,45.722,SOUTH,90.895,False,False
3269,6355,6354,1,193.8,156.449,80.727,T2_watch,-97.677,30.534,115.0,-97.677,30.534,230.0,transformer,230.0,0.0,SOUTH,61.876,False,False
3270,6355,6354,1,193.8,156.449,80.727,T2_watch,-97.677,30.534,115.0,-97.677,30.534,230.0,transformer,230.0,0.0,SOUTH,61.876,False,False
3271,6360,6359,1,136.0,94.107,69.196,T1_normal,-98.283,30.801,115.0,-98.283,30.801,230.0,transformer,230.0,0.0,SOUTH,38.084,False,False
3272,12656,6359,1,384.7,147.305,38.291,T1_normal,-99.187,31.548,230.0,-98.283,30.801,230.0,line,230.0,74.321,WEST,90.829,False,False
3273,12656,6359,1,384.7,147.305,38.291,T1_normal,-99.187,31.548,230.0,-98.283,30.801,230.0,line,230.0,74.321,WEST,90.829,False,False
3274,7044,7001,1,111.0,83.873,75.561,T1_normal,-97.006,28.747,115.0,-96.89,28.839,115.0,line,115.0,9.525,HOUSTON,18.46,False,False
3275,7149,7001,1,98.0,11.817,12.058,T1_normal,-96.794,28.696,115.0,-96.89,28.839,115.0,line,115.0,11.477,HOUSTON,6.158,False,False
3276,7001,7337,1,133.0,99.752,75.001,T1_normal,-96.89,28.839,115.0,-96.69,29.042,115.0,line,115.0,18.535,HOUSTON,49.145,False,False
3277,7001,12942,1,149.7,37.056,24.753,T1_normal,-96.89,28.839,115.0,-97.006,28.747,115.0,line,115.0,9.525,HOUSTON,40.259,False,False
3278,7003,7002,1,1299.0,358.761,27.618,T1_normal,-95.143,29.683,230.0,-95.143,29.683,500.0,transformer,500.0,0.0,HOUSTON,27.931,False,False
3279,7005,7002,1,266.9,142.272,53.305,T1_normal,-95.143,29.683,13.8,-95.143,29.683,500.0,transformer,500.0,0.0,HOUSTON,12.832,False,False
3280,7006,7002,1,219.0,0.0,0.0,T1_normal,-95.143,29.683,13.8,-95.143,29.683,500.0,transformer,500.0,0.0,HOUSTON,0.0,False,False
3281,7007,7002,1,241.9,138.944,57.439,T1_normal,-95.143,29.683,13.8,-95.143,29.683,500.0,transformer,500.0,0.0,HOUSTON,13.827,False,False
3282,7008,7002,1,203.0,0.0,0.0,T1_normal,-95.143,29.683,13.8,-95.143,29.683,500.0,transformer,500.0,0.0,HOUSTON,0.0,False,False
3283,7009,7002,1,104.8,0.0,0.0,T1_normal,-95.143,29.683,13.8,-95.143,29.683,500.0,transformer,500.0,0.0,HOUSTON,0.0,False,False
3284,7104,7002,1,3146.0,369.638,11.749,T1_normal,-95.135,29.713,500.0,-95.143,29.683,500.0,line,500.0,2.139,HOUSTON,10.631,False,False
3285,7002,7227,1,3146.0,225.462,7.167,T1_normal,-95.143,29.683,500.0,-95.411,29.777,500.0,line,500.0,17.347,HOUSTON,12.458,False,False
3286,7002,7366,1,2020.0,2.442,0.121,T1_normal,-95.143,29.683,500.0,-95.069,29.843,500.0,line,500.0,11.869,HOUSTON,4.159,False,False
3287,7002,7400,1,2138.1,211.632,9.898,T1_normal,-95.143,29.683,500.0,-95.411,29.777,500.0,line,500.0,17.347,HOUSTON,15.689,False,False
3288,7002,12862,1,2348.3,12.532,0.534,T1_normal,-95.143,29.683,500.0,-95.435,29.364,500.0,line,500.0,28.188,HOUSTON,7.742,False,False
3289,7004,7003,1,386.0,160.592,41.604,T1_normal,-95.143,29.683,115.0,-95.143,29.683,230.0,transformer,230.0,0.0,HOUSTON,40.231,False,False
3290,7004,7003,1,386.0,160.592,41.604,T1_normal,-95.143,29.683,115.0,-95.143,29.683,230.0,transformer,230.0,0.0,HOUSTON,40.231,False,False
3291,7004,7003,1,386.0,160.592,41.604,T1_normal,-95.143,29.683,115.0,-95.143,29.683,230.0,transformer,230.0,0.0,HOUSTON,40.231,False,False
3292,7003,7264,1,523.0,123.014,23.521,T1_normal,-95.143,29.683,230.0,-95.143,29.683,230.0,line,230.0,0.0,HOUSTON,19.703,False,False
3293,7004,7075,1,250.0,111.054,44.422,T1_normal,-95.143,29.683,115.0,-95.411,29.777,115.0,line,115.0,17.347,HOUSTON,43.399,False,False
3294,7075,7004,1,250.0,111.054,44.422,T1_normal,-95.411,29.777,115.0,-95.143,29.683,115.0,line,115.0,17.347,HOUSTON,43.399,False,False
3295,7075,7004,1,250.0,111.054,44.422,T1_normal,-95.411,29.777,115.0,-95.143,29.683,115.0,line,115.0,17.347,HOUSTON,43.399,False,False
3296,7004,7103,1,191.8,21.646,11.286,T1_normal,-95.143,29.683,115.0,-95.411,29.777,115.0,line,115.0,17.347,HOUSTON,3.881,False,False
3297,7004,7106,1,221.0,48.86,22.109,T1_normal,-95.143,29.683,115.0,-95.135,29.713,115.0,line,115.0,2.139,HOUSTON,19.581,False,False
3298,7004,7106,1,221.0,48.86,22.109,T1_normal,-95.143,29.683,115.0,-95.135,29.713,115.0,line,115.0,2.139,HOUSTON,19.581,False,False
3299,7004,7106,1,221.0,48.86,22.109,T1_normal,-95.143,29.683,115.0,-95.135,29.713,115.0,line,115.0,2.139,HOUSTON,19.581,False,False
3300,7004,7106,1,221.0,48.86,22.109,T1_normal,-95.143,29.683,115.0,-95.135,29.713,115.0,line,115.0,2.139,HOUSTON,19.581,False,False
3301,7004,7345,1,221.0,19.023,8.608,T1_normal,-95.143,29.683,115.0,-95.411,29.777,115.0,line,115.0,17.347,HOUSTON,5.169,False,False
3302,7004,7345,1,221.0,19.023,8.608,T1_normal,-95.143,29.683,115.0,-95.411,29.777,115.0,line,115.0,17.347,HOUSTON,5.169,False,False
3303,7004,7345,1,221.0,19.023,8.608,T1_normal,-95.143,29.683,115.0,-95.411,29.777,115.0,line,115.0,17.347,HOUSTON,5.169,False,False
3304,7004,7403,1,134.1,43.416,32.376,T1_normal,-95.143,29.683,115.0,-95.143,29.683,115.0,line,115.0,0.0,HOUSTON,37.16,False,False
3305,7010,7182,1,98.0,105.143,107.288,T4_light,-95.99,30.087,115.0,-96.012,29.793,115.0,line,115.0,20.365,HOUSTON,23.078,True,True
3306,7010,7202,1,220.0,100.671,45.76,T1_normal,-95.99,30.087,115.0,-96.066,30.1,115.0,line,115.0,4.578,HOUSTON,49.915,False,False
3307,7233,7010,1,220.0,190.164,86.438,T2_watch,-95.932,30.08,115.0,-95.99,30.087,115.0,line,115.0,3.517,HOUSTON,53.082,False,False
3308,7254,7011,1,149.0,83.88,56.295,T1_normal,-95.412,30.277,115.0,-95.412,30.277,115.0,line,115.0,0.0,HOUSTON,84.009,False,False
3309,7011,7300,1,149.0,46.89,31.47,T1_normal,-95.412,30.277,115.0,-95.412,30.277,115.0,line,115.0,0.0,HOUSTON,59.183,False,False
3310,7012,7116,1,221.0,8.216,3.718,T1_normal,-95.952,29.688,115.0,-96.077,29.631,115.0,line,115.0,8.433,HOUSTON,1.904,False,False
3311,7012,7182,1,139.9,3.283,2.346,T1_normal,-95.952,29.688,115.0,-96.012,29.793,115.0,line,115.0,8.103,HOUSTON,23.211,False,False
3312,7343,7012,1,221.0,25.406,11.496,T1_normal,-95.784,29.794,115.0,-95.952,29.688,115.0,line,115.0,12.487,HOUSTON,11.892,False,False
3313,7012,13101,1,149.3,18.922,12.674,T1_normal,-95.952,29.688,115.0,-95.733,29.48,115.0,line,115.0,19.481,HOUSTON,0.35,False,False
3314,7012,13101,1,149.3,18.922,12.674,T1_normal,-95.952,29.688,115.0,-95.733,29.48,115.0,line,115.0,19.481,HOUSTON,0.35,False,False
3315,7013,7118,1,125.2,29.268,23.377,T1_normal,-95.411,29.777,115.0,-95.472,30.112,115.0,line,115.0,23.413,HOUSTON,1.134,False,False
3316,7013,7201,1,221.0,102.79,46.511,T1_normal,-95.411,29.777,115.0,-95.709,29.966,115.0,line,115.0,22.075,HOUSTON,40.04,False,False
3317,7013,7201,1,221.0,102.79,46.511,T1_normal,-95.411,29.777,115.0,-95.709,29.966,115.0,line,115.0,22.075,HOUSTON,40.04,False,False
3318,7013,7421,1,135.4,57.724,42.632,T1_normal,-95.411,29.777,115.0,-95.698,30.187,115.0,line,115.0,33.085,HOUSTON,15.557,False,False
3319,7013,7425,1,221.0,27.211,12.312,T1_normal,-95.411,29.777,115.0,-95.411,29.777,115.0,line,115.0,0.0,HOUSTON,27.787,False,False
3320,7014,7100,1,221.0,44.593,20.178,T1_normal,-95.411,29.777,115.0,-95.411,29.777,115.0,line,115.0,0.0,HOUSTON,14.393,False,False
3321,7014,7100,1,221.0,44.593,20.178,T1_normal,-95.411,29.777,115.0,-95.411,29.777,115.0,line,115.0,0.0,HOUSTON,14.393,False,False
3322,7014,7124,1,98.0,23.385,23.862,T1_normal,-95.411,29.777,115.0,-95.411,29.777,115.0,line,115.0,0.0,HOUSTON,24.207,False,False
3323,7014,7217,1,221.0,22.003,9.956,T1_normal,-95.411,29.777,115.0,-95.411,29.777,115.0,line,115.0,0.0,HOUSTON,3.912,False,False
3324,7014,7381,1,111.8,18.466,16.517,T1_normal,-95.411,29.777,115.0,-95.411,29.777,115.0,line,115.0,0.0,HOUSTON,4.698,False,False
3325,7014,13358,1,133.9,0.83,0.62,T1_normal,-95.411,29.777,115.0,-95.411,29.777,115.0,line,115.0,0.0,HOUSTON,18.327,False,False
3326,7016,7365,1,221.0,172.675,78.134,T1_normal,-95.411,29.777,115.0,-95.411,29.777,115.0,line,115.0,0.0,HOUSTON,72.642,False,False
3327,7016,7365,1,221.0,172.675,78.134,T1_normal,-95.411,29.777,115.0,-95.411,29.777,115.0,line,115.0,0.0,HOUSTON,72.642,False,False
3328,7016,7365,1,221.0,172.675,78.134,T1_normal,-95.411,29.777,115.0,-95.411,29.777,115.0,line,115.0,0.0,HOUSTON,72.642,False,False
3329,7016,7365,1,221.0,172.675,78.134,T1_normal,-95.411,29.777,115.0,-95.411,29.777,115.0,line,115.0,0.0,HOUSTON,72.642,False,False
3330,7016,7368,1,221.0,2.459,1.113,T1_normal,-95.411,29.777,115.0,-95.069,29.843,115.0,line,115.0,21.008,HOUSTON,5.281,False,False
3331,7368,7016,1,221.0,2.459,1.113,T1_normal,-95.069,29.843,115.0,-95.411,29.777,115.0,line,115.0,21.008,HOUSTON,5.281,False,False
3332,7368,7016,1,221.0,2.459,1.113,T1_normal,-95.069,29.843,115.0,-95.411,29.777,115.0,line,115.0,21.008,HOUSTON,5.281,False,False
3333,7016,7402,1,221.0,8.701,3.937,T1_normal,-95.411,29.777,115.0,-95.411,29.777,115.0,line,115.0,0.0,HOUSTON,2.544,False,False
3334,7016,7402,1,221.0,8.701,3.937,T1_normal,-95.411,29.777,115.0,-95.411,29.777,115.0,line,115.0,0.0,HOUSTON,2.544,False,False
3335,7016,12648,1,673.0,401.416,59.646,T1_normal,-95.411,29.777,115.0,-95.411,29.777,500.0,transformer,500.0,0.0,HOUSTON,57.668,False,False
3336,7016,12648,1,673.0,401.416,59.646,T1_normal,-95.411,29.777,115.0,-95.411,29.777,500.0,transformer,500.0,0.0,HOUSTON,57.668,False,False
3337,7089,7017,1,221.0,34.683,15.694,T1_normal,-95.411,29.777,115.0,-95.411,29.777,115.0,line,115.0,0.0,HOUSTON,15.66,False,False
3338,7017,7183,1,221.0,17.65,7.986,T1_normal,-95.411,29.777,115.0,-95.411,29.777,115.0,line,115.0,0.0,HOUSTON,2.713,False,False
3339,7017,7229,1,221.0,99.278,44.922,T1_normal,-95.411,29.777,115.0,-95.411,29.777,115.0,line,115.0,0.0,HOUSTON,44.441,False,False
3340,7017,7229,1,221.0,99.278,44.922,T1_normal,-95.411,29.777,115.0,-95.411,29.777,115.0,line,115.0,0.0,HOUSTON,44.441,False,False
3341,7017,7229,1,221.0,99.278,44.922,T1_normal,-95.411,29.777,115.0,-95.411,29.777,115.0,line,115.0,0.0,HOUSTON,44.441,False,False
3342,7017,7241,1,149.0,49.227,33.039,T1_normal,-95.411,29.777,115.0,-95.411,29.777,115.0,line,115.0,0.0,HOUSTON,47.047,False,False
3343,7017,7385,1,221.0,44.331,20.059,T1_normal,-95.411,29.777,115.0,-95.411,29.777,115.0,line,115.0,0.0,HOUSTON,14.454,False,False
3344,7017,7385,1,221.0,44.331,20.059,T1_normal,-95.411,29.777,115.0,-95.411,29.777,115.0,line,115.0,0.0,HOUSTON,14.454,False,False
3345,7017,7395,1,108.8,12.702,11.675,T1_normal,-95.411,29.777,115.0,-95.411,29.777,115.0,line,115.0,0.0,HOUSTON,21.779,False,False
3346,7019,7018,1,383.0,44.602,11.646,T1_normal,-97.135,28.895,230.0,-97.135,28.895,500.0,transformer,500.0,0.0,HOUSTON,4.083,False,False
3347,7021,7018,1,71.8,0.0,0.0,T1_normal,-97.135,28.895,18.0,-97.135,28.895,500.0,transformer,500.0,0.0,HOUSTON,0.0,False,False
3348,7022,7018,1,84.6,0.0,0.0,T1_normal,-97.135,28.895,18.0,-97.135,28.895,500.0,transformer,500.0,0.0,HOUSTON,0.0,False,False
3349,7023,7018,1,69.0,0.0,0.0,T1_normal,-97.135,28.895,18.0,-97.135,28.895,500.0,transformer,500.0,0.0,HOUSTON,0.0,False,False
3350,7024,7018,1,55.6,30.784,55.367,T1_normal,-97.135,28.895,18.0,-97.135,28.895,500.0,transformer,500.0,0.0,HOUSTON,13.328,False,False
3351,7042,7018,1,2020.0,491.703,24.342,T1_normal,-97.006,28.747,500.0,-97.135,28.895,500.0,line,500.0,12.869,HOUSTON,25.299,False,False
3352,7018,7414,1,2295.0,203.342,8.86,T1_normal,-97.135,28.895,500.0,-97.006,28.747,500.0,line,500.0,12.869,HOUSTON,22.511,False,False
3353,12565,7018,1,2211.0,1437.242,65.004,T1_normal,-97.214,28.713,500.0,-97.135,28.895,500.0,line,500.0,13.451,SOUTH,37.191,False,False
3354,12565,7018,1,2211.0,1437.242,65.004,T1_normal,-97.214,28.713,500.0,-97.135,28.895,500.0,line,500.0,13.451,SOUTH,37.191,False,False
3355,7020,7019,1,244.0,140.343,57.518,T1_normal,-97.135,28.895,115.0,-97.135,28.895,230.0,transformer,230.0,0.0,HOUSTON,47.126,False,False
3356,7043,7019,1,443.0,40.77,9.203,T1_normal,-97.006,28.747,230.0,-97.135,28.895,230.0,line,230.0,12.869,HOUSTON,8.013,False,False
3357,7019,7274,1,443.0,225.715,50.951,T1_normal,-97.135,28.895,230.0,-97.006,28.747,230.0,line,230.0,12.869,HOUSTON,37.5,False,False
3358,7020,12942,1,178.5,11.963,6.702,T1_normal,-97.135,28.895,115.0,-97.006,28.747,115.0,line,115.0,12.869,HOUSTON,0.205,False,False
3359,7020,12942,1,178.5,11.963,6.702,T1_normal,-97.135,28.895,115.0,-97.006,28.747,115.0,line,115.0,12.869,HOUSTON,0.205,False,False
3360,7026,7072,1,221.0,40.846,18.482,T1_normal,-94.985,29.492,115.0,-95.031,29.457,115.0,line,115.0,3.711,HOUSTON,2.536,False,False
3361,7026,7072,1,221.0,40.846,18.482,T1_normal,-94.985,29.492,115.0,-95.031,29.457,115.0,line,115.0,3.711,HOUSTON,2.536,False,False
3362,7026,7259,1,221.0,144.368,65.325,T1_normal,-94.985,29.492,115.0,-95.411,29.777,115.0,line,115.0,32.304,HOUSTON,30.009,False,False
3363,7273,7026,1,221.0,10.903,4.934,T1_normal,-94.945,29.39,115.0,-94.985,29.492,115.0,line,115.0,7.495,HOUSTON,3.2,False,False
3364,7273,7026,1,221.0,10.903,4.934,T1_normal,-94.945,29.39,115.0,-94.985,29.492,115.0,line,115.0,7.495,HOUSTON,3.2,False,False
3365,7026,12761,1,600.0,247.643,41.274,T1_normal,-94.985,29.492,115.0,-94.985,29.492,500.0,transformer,500.0,0.0,HOUSTON,17.796,False,False
3366,7027,7143,1,127.0,79.046,62.241,T1_normal,-95.472,30.112,115.0,-95.19,30.161,115.0,line,115.0,17.193,HOUSTON,72.286,False,False
3367,7027,7157,1,221.0,126.443,57.214,T1_normal,-95.472,30.112,115.0,-95.472,30.112,115.0,line,115.0,0.0,HOUSTON,51.841,False,False
3368,7027,7157,1,221.0,126.443,57.214,T1_normal,-95.472,30.112,115.0,-95.472,30.112,115.0,line,115.0,0.0,HOUSTON,51.841,False,False
3369,7027,7234,1,149.0,67.708,45.442,T1_normal,-95.472,30.112,115.0,-95.297,30.107,115.0,line,115.0,10.448,HOUSTON,52.68,False,False
3370,7027,7234,1,148.0,74.874,50.59,T1_normal,-95.472,30.112,115.0,-95.297,30.107,115.0,line,115.0,10.448,HOUSTON,58.649,False,False
3371,7027,7245,1,149.0,3.074,2.063,T1_normal,-95.472,30.112,115.0,-95.411,29.777,115.0,line,115.0,23.413,HOUSTON,2.854,False,False
3372,7027,7431,1,149.0,31.27,20.986,T1_normal,-95.472,30.112,115.0,-95.412,30.277,115.0,line,115.0,11.95,HOUSTON,38.635,False,False
3373,7027,7431,1,121.0,45.556,37.65,T1_normal,-95.472,30.112,115.0,-95.412,30.277,115.0,line,115.0,11.95,HOUSTON,69.312,False,False
3374,7028,7101,1,135.1,25.151,18.617,T1_normal,-95.411,29.777,115.0,-95.411,29.777,115.0,line,115.0,0.0,HOUSTON,11.82,False,False
3375,7028,7147,1,300.0,140.097,46.699,T1_normal,-95.411,29.777,115.0,-95.411,29.777,115.0,line,115.0,0.0,HOUSTON,38.01,False,False
3376,7147,7028,1,300.0,140.097,46.699,T1_normal,-95.411,29.777,115.0,-95.411,29.777,115.0,line,115.0,0.0,HOUSTON,38.01,False,False
3377,7028,7220,1,221.0,5.128,2.32,T1_normal,-95.411,29.777,115.0,-95.411,29.777,115.0,line,115.0,0.0,HOUSTON,1.473,False,False
3378,7028,7240,1,221.0,108.704,49.187,T1_normal,-95.411,29.777,115.0,-95.411,29.777,115.0,line,115.0,0.0,HOUSTON,42.922,False,False
3379,7028,7330,1,221.0,62.594,28.323,T1_normal,-95.411,29.777,115.0,-95.411,29.777,115.0,line,115.0,0.0,HOUSTON,19.673,False,False
3380,7030,7029,1,126.6,124.361,98.232,T3_prevent,-96.705,28.59,115.0,-96.705,28.59,230.0,transformer,230.0,0.0,HOUSTON,50.073,False,False
3381,7031,7029,1,47.7,24.96,52.327,T1_normal,-96.705,28.59,13.8,-96.705,28.59,230.0,transformer,230.0,0.0,HOUSTON,12.597,False,False
3382,7032,7029,1,50.4,24.96,49.524,T1_normal,-96.705,28.59,13.8,-96.705,28.59,230.0,transformer,230.0,0.0,HOUSTON,11.922,False,False
3383,7033,7029,1,59.1,24.96,42.233,T1_normal,-96.705,28.59,13.8,-96.705,28.59,230.0,transformer,230.0,0.0,HOUSTON,10.167,False,False
3384,7034,7029,1,28.3,12.48,44.099,T1_normal,-96.705,28.59,13.8,-96.705,28.59,230.0,transformer,230.0,0.0,HOUSTON,10.616,False,False
3385,7274,7029,1,443.0,122.708,27.699,T1_normal,-97.006,28.747,230.0,-96.705,28.59,230.0,line,230.0,21.248,HOUSTON,33.825,False,False
3386,7029,7407,1,443.0,291.308,65.758,T1_normal,-96.705,28.59,230.0,-96.543,28.663,230.0,line,230.0,11.06,HOUSTON,38.17,False,False
3387,7415,7029,1,443.0,78.065,17.622,T1_normal,-97.006,28.747,230.0,-96.705,28.59,230.0,line,230.0,21.248,HOUSTON,16.611,False,False
3388,7036,7035,1,368.0,186.566,50.697,T1_normal,-95.412,30.277,115.0,-95.412,30.277,230.0,transformer,230.0,0.0,HOUSTON,59.332,False,False
3389,7036,7035,1,368.0,186.566,50.697,T1_normal,-95.412,30.277,115.0,-95.412,30.277,230.0,transformer,230.0,0.0,HOUSTON,59.332,False,False
3390,7040,7035,1,523.0,45.069,8.617,T1_normal,-94.922,30.054,230.0,-95.412,30.277,230.0,line,230.0,33.067,HOUSTON,27.718,False,False
3391,7056,7035,1,443.0,91.721,20.705,T1_normal,-95.472,30.112,230.0,-95.412,30.277,230.0,line,230.0,11.95,HOUSTON,54.699,False,False
3392,7035,7390,1,548.0,222.517,40.605,T1_normal,-95.412,30.277,230.0,-95.443,30.453,230.0,line,230.0,12.324,HOUSTON,60.504,False,False
3393,7035,8031,1,803.0,287.405,35.791,T1_normal,-95.412,30.277,230.0,-95.974,30.66,230.0,line,230.0,42.65,HOUSTON,61.32,False,False
3394,7036,7128,1,149.0,28.049,18.825,T1_normal,-95.412,30.277,115.0,-95.412,30.277,115.0,line,115.0,0.0,HOUSTON,37.333,False,False
3395,7431,7036,1,261.0,127.59,48.885,T1_normal,-95.412,30.277,115.0,-95.412,30.277,115.0,line,115.0,0.0,HOUSTON,66.342,False,False
3396,7431,7036,1,261.0,127.59,48.885,T1_normal,-95.412,30.277,115.0,-95.412,30.277,115.0,line,115.0,0.0,HOUSTON,66.342,False,False
3397,7038,7037,1,1055.0,381.006,36.114,T1_normal,-95.645,29.592,230.0,-95.645,29.592,500.0,transformer,500.0,0.0,HOUSTON,38.24,False,False
3398,7047,7037,1,2020.0,434.169,21.494,T1_normal,-95.784,29.794,500.0,-95.645,29.592,500.0,line,500.0,16.304,HOUSTON,37.491,False,False
3399,7037,7428,1,2768.0,96.81,3.497,T1_normal,-95.645,29.592,500.0,-95.363,28.985,500.0,line,500.0,45.239,HOUSTON,5.401,False,False
3400,7037,12742,1,2330.4,44.194,1.896,T1_normal,-95.645,29.592,500.0,-95.411,29.777,500.0,line,500.0,19.017,HOUSTON,8.77,False,False
3401,7039,7038,1,420.0,298.497,71.071,T1_normal,-95.645,29.592,115.0,-95.645,29.592,230.0,transformer,230.0,0.0,HOUSTON,65.143,False,False
3402,7039,7038,1,420.0,298.497,71.071,T1_normal,-95.645,29.592,115.0,-95.645,29.592,230.0,transformer,230.0,0.0,HOUSTON,65.143,False,False
3403,7126,7038,1,750.0,145.94,19.459,T1_normal,-95.645,29.592,230.0,-95.645,29.592,230.0,line,230.0,0.0,HOUSTON,4.628,False,False
3404,7126,7038,1,750.0,145.94,19.459,T1_normal,-95.645,29.592,230.0,-95.645,29.592,230.0,line,230.0,0.0,HOUSTON,4.628,False,False
3405,7038,7184,1,647.0,189.698,29.32,T1_normal,-95.645,29.592,230.0,-95.568,29.54,230.0,line,230.0,5.837,HOUSTON,13.666,False,False
3406,7409,7038,1,750.0,132.669,17.689,T1_normal,-95.784,29.794,230.0,-95.645,29.592,230.0,line,230.0,16.304,HOUSTON,0.938,False,False
3407,7409,7038,1,750.0,132.669,17.689,T1_normal,-95.784,29.794,230.0,-95.645,29.592,230.0,line,230.0,16.304,HOUSTON,0.938,False,False
3408,7039,7049,1,213.8,75.422,35.277,T1_normal,-95.645,29.592,115.0,-95.784,29.794,115.0,line,115.0,16.304,HOUSTON,12.647,False,False
3409,7039,7101,1,221.0,128.663,58.218,T1_normal,-95.645,29.592,115.0,-95.411,29.777,115.0,line,115.0,19.017,HOUSTON,55.71,False,False
3410,7039,7101,1,221.0,128.663,58.218,T1_normal,-95.645,29.592,115.0,-95.411,29.777,115.0,line,115.0,19.017,HOUSTON,55.71,False,False
3411,7039,7101,1,221.0,128.663,58.218,T1_normal,-95.645,29.592,115.0,-95.411,29.777,115.0,line,115.0,19.017,HOUSTON,55.71,False,False
3412,7039,7397,1,240.0,100.041,41.684,T1_normal,-95.645,29.592,115.0,-95.8,29.563,115.0,line,115.0,9.524,HOUSTON,35.289,False,False
3413,7041,7040,1,337.0,144.668,42.928,T1_normal,-94.922,30.054,115.0,-94.922,30.054,230.0,transformer,230.0,0.0,HOUSTON,43.535,False,False
3414,7041,7040,1,337.0,144.668,42.928,T1_normal,-94.922,30.054,115.0,-94.922,30.054,230.0,transformer,230.0,0.0,HOUSTON,43.535,False,False
3415,7040,7077,1,750.0,122.134,16.285,T1_normal,-94.922,30.054,230.0,-94.932,29.754,230.0,line,230.0,20.799,HOUSTON,9.898,False,False
3416,7040,7077,1,750.0,122.134,16.285,T1_normal,-94.922,30.054,230.0,-94.932,29.754,230.0,line,230.0,20.799,HOUSTON,9.898,False,False
3417,7041,7238,1,149.0,34.528,23.173,T1_normal,-94.922,30.054,115.0,-94.61,30.043,115.0,line,115.0,18.684,HOUSTON,28.264,False,False
3418,7041,7394,1,221.0,80.464,36.409,T1_normal,-94.922,30.054,115.0,-95.041,30.01,115.0,line,115.0,7.752,HOUSTON,35.619,False,False
3419,7394,7041,1,221.0,80.464,36.409,T1_normal,-95.041,30.01,115.0,-94.922,30.054,115.0,line,115.0,7.752,HOUSTON,35.619,False,False
3420,7043,7042,1,1048.0,284.585,27.155,T1_normal,-97.006,28.747,230.0,-97.006,28.747,500.0,transformer,500.0,0.0,HOUSTON,15.37,False,False
3421,7045,7042,1,226.4,0.002,0.001,T1_normal,-97.006,28.747,20.0,-97.006,28.747,500.0,transformer,500.0,0.0,HOUSTON,0.0,False,False
3422,7046,7042,1,142.9,0.002,0.002,T1_normal,-97.006,28.747,20.0,-97.006,28.747,500.0,transformer,500.0,0.0,HOUSTON,0.0,False,False
3423,7058,7042,1,2295.0,776.225,33.822,T1_normal,-96.543,28.663,500.0,-97.006,28.747,500.0,line,500.0,28.681,HOUSTON,29.286,False,False
3424,7044,7043,1,167.0,45.626,27.321,T1_normal,-97.006,28.747,115.0,-97.006,28.747,230.0,transformer,230.0,0.0,HOUSTON,56.71,False,False
3425,7044,7416,1,98.0,50.464,51.494,T1_normal,-97.006,28.747,115.0,-97.006,28.747,115.0,line,115.0,0.0,HOUSTON,31.634,False,False
3426,7044,13356,1,191.2,172.716,90.333,T3_prevent,-97.006,28.747,115.0,-97.006,28.747,115.0,line,115.0,0.0,HOUSTON,41.685,False,False
3427,7048,7047,1,1125.0,778.638,69.212,T1_normal,-95.784,29.794,230.0,-95.784,29.794,500.0,transformer,500.0,0.0,HOUSTON,66.288,False,False
3428,7199,7047,1,2020.0,178.878,8.855,T1_normal,-95.709,29.966,500.0,-95.784,29.794,500.0,line,500.0,12.706,HOUSTON,36.868,False,False
3429,7047,12691,1,2063.1,285.464,13.837,T1_normal,-95.784,29.794,500.0,-95.745,29.073,500.0,line,500.0,49.905,HOUSTON,6.031,False,False
3430,7047,12880,1,2335.1,762.43,32.651,T1_normal,-95.784,29.794,500.0,-96.021,29.225,500.0,line,500.0,41.818,HOUSTON,27.146,False,False
3431,7049,7048,1,466.0,346.888,74.44,T1_normal,-95.784,29.794,115.0,-95.784,29.794,230.0,transformer,230.0,0.0,HOUSTON,66.79,False,False
3432,7049,7048,1,466.0,346.888,74.44,T1_normal,-95.784,29.794,115.0,-95.784,29.794,230.0,transformer,230.0,0.0,HOUSTON,66.79,False,False
3433,7228,7048,1,548.0,267.347,48.786,T1_normal,-95.411,29.777,230.0,-95.784,29.794,230.0,line,230.0,22.395,HOUSTON,47.037,False,False
3434,7342,7048,1,548.0,188.909,34.472,T1_normal,-95.784,29.794,230.0,-95.784,29.794,230.0,line,230.0,0.0,HOUSTON,24.544,False,False
3435,7049,7089,1,221.0,52.052,23.553,T1_normal,-95.784,29.794,115.0,-95.411,29.777,115.0,line,115.0,22.395,HOUSTON,29.154,False,False
3436,7049,7229,1,171.0,102.691,60.053,T1_normal,-95.784,29.794,115.0,-95.411,29.777,115.0,line,115.0,22.395,HOUSTON,43.741,False,False
3437,7315,7049,1,221.0,105.945,47.939,T1_normal,-95.784,29.794,115.0,-95.784,29.794,115.0,line,115.0,0.0,HOUSTON,24.298,False,False
3438,7315,7049,1,221.0,105.945,47.939,T1_normal,-95.784,29.794,115.0,-95.784,29.794,115.0,line,115.0,0.0,HOUSTON,24.298,False,False
3439,7315,7049,1,221.0,105.945,47.939,T1_normal,-95.784,29.794,115.0,-95.784,29.794,115.0,line,115.0,0.0,HOUSTON,24.298,False,False
3440,7050,7090,1,221.0,115.102,52.082,T1_normal,-95.698,30.187,115.0,-95.669,30.161,115.0,line,115.0,2.5,HOUSTON,22.625,False,False
3441,7050,7090,1,221.0,115.102,52.082,T1_normal,-95.698,30.187,115.0,-95.669,30.161,115.0,line,115.0,2.5,HOUSTON,22.625,False,False
3442,7050,7251,1,149.0,62.84,42.174,T1_normal,-95.698,30.187,115.0,-95.834,30.048,115.0,line,115.0,12.559,HOUSTON,7.459,False,False
3443,7050,7251,1,132.5,95.334,71.951,T1_normal,-95.698,30.187,115.0,-95.834,30.048,115.0,line,115.0,12.559,HOUSTON,12.725,False,False
3444,7051,7067,1,143.1,65.553,45.809,T1_normal,-95.411,29.777,115.0,-95.411,29.777,115.0,line,115.0,0.0,HOUSTON,33.684,False,False
3445,7051,7086,1,149.0,23.517,15.783,T1_normal,-95.411,29.777,115.0,-95.411,29.777,115.0,line,115.0,0.0,HOUSTON,1.368,False,False
3446,7051,7181,1,98.0,9.563,9.758,T1_normal,-95.411,29.777,115.0,-95.411,29.777,115.0,line,115.0,0.0,HOUSTON,5.728,False,False
3447,7276,7051,1,221.0,7.119,3.221,T1_normal,-95.411,29.777,115.0,-95.411,29.777,115.0,line,115.0,0.0,HOUSTON,0.18,False,False
3448,7051,7365,1,221.0,129.081,58.408,T1_normal,-95.411,29.777,115.0,-95.411,29.777,115.0,line,115.0,0.0,HOUSTON,53.89,False,False
3449,7051,7365,1,221.0,129.081,58.408,T1_normal,-95.411,29.777,115.0,-95.411,29.777,115.0,line,115.0,0.0,HOUSTON,53.89,False,False
3450,7051,7385,1,108.0,2.459,2.277,T1_normal,-95.411,29.777,115.0,-95.411,29.777,115.0,line,115.0,0.0,HOUSTON,1.222,False,False
3451,7052,7053,1,221.0,81.886,37.053,T1_normal,-95.568,29.54,115.0,-95.733,29.48,115.0,line,115.0,10.788,HOUSTON,30.411,False,False
3452,7052,7053,1,221.0,81.886,37.053,T1_normal,-95.568,29.54,115.0,-95.733,29.48,115.0,line,115.0,10.788,HOUSTON,30.411,False,False
3453,7052,7053,1,221.0,81.886,37.053,T1_normal,-95.568,29.54,115.0,-95.733,29.48,115.0,line,115.0,10.788,HOUSTON,30.411,False,False
3454,7052,7183,1,221.0,77.487,35.062,T1_normal,-95.568,29.54,115.0,-95.411,29.777,115.0,line,115.0,18.879,HOUSTON,29.236,False,False
3455,7052,7221,1,149.0,32.336,21.702,T1_normal,-95.568,29.54,115.0,-95.411,29.777,115.0,line,115.0,18.879,HOUSTON,17.127,False,False
3456,7052,7248,1,104.6,73.747,70.504,T1_normal,-95.568,29.54,115.0,-95.411,29.777,115.0,line,115.0,18.879,HOUSTON,57.663,False,False
3457,7052,7256,1,221.0,79.897,36.153,T1_normal,-95.568,29.54,115.0,-95.411,29.777,115.0,line,115.0,18.879,HOUSTON,34.544,False,False
3458,7256,7052,1,221.0,79.897,36.153,T1_normal,-95.411,29.777,115.0,-95.568,29.54,115.0,line,115.0,18.879,HOUSTON,34.544,False,False
3459,7052,7417,1,132.7,115.224,86.83,T2_watch,-95.568,29.54,115.0,-95.411,29.777,115.0,line,115.0,18.879,HOUSTON,73.248,False,False
3460,7053,7087,1,205.1,110.918,54.08,T1_normal,-95.733,29.48,115.0,-95.645,29.592,115.0,line,115.0,9.37,HOUSTON,44.934,False,False
3461,7053,7127,1,137.8,4.1,2.975,T1_normal,-95.733,29.48,115.0,-95.645,29.592,115.0,line,115.0,9.37,HOUSTON,5.062,False,False
3462,7053,7185,1,139.0,21.88,15.741,T1_normal,-95.733,29.48,115.0,-95.568,29.54,115.0,line,115.0,10.788,HOUSTON,6.91,False,False
3463,7053,7348,1,250.0,24.011,9.604,T1_normal,-95.733,29.48,115.0,-95.633,29.479,115.0,line,115.0,6.052,HOUSTON,7.337,False,False
3464,7053,7348,1,250.0,24.011,9.604,T1_normal,-95.733,29.48,115.0,-95.633,29.479,115.0,line,115.0,6.052,HOUSTON,7.337,False,False
3465,7053,7348,1,250.0,24.011,9.604,T1_normal,-95.733,29.48,115.0,-95.633,29.479,115.0,line,115.0,6.052,HOUSTON,7.337,False,False
3466,7053,7348,1,253.0,188.167,74.374,T1_normal,-95.733,29.48,115.0,-95.633,29.479,115.0,line,115.0,6.052,HOUSTON,56.82,False,False
3467,7053,12596,1,600.0,232.806,38.801,T1_normal,-95.733,29.48,115.0,-95.733,29.48,500.0,transformer,500.0,0.0,HOUSTON,41.379,False,False
3468,7053,13378,1,130.9,29.602,22.614,T1_normal,-95.733,29.48,115.0,-95.633,29.479,115.0,line,115.0,6.052,HOUSTON,16.926,False,False
3469,7054,7086,1,98.0,25.57,26.091,T1_normal,-95.411,29.777,115.0,-95.411,29.777,115.0,line,115.0,0.0,HOUSTON,32.166,False,False
3470,7054,7173,1,120.9,74.136,61.321,T1_normal,-95.411,29.777,115.0,-95.189,30.05,115.0,line,115.0,23.052,HOUSTON,44.369,False,False
3471,7243,7054,1,221.0,131.196,59.365,T1_normal,-98.18,31.842,115.0,-95.411,29.777,115.0,line,115.0,217.578,HOUSTON,65.133,False,False
3472,7054,7387,1,150.0,100.846,67.231,T1_normal,-95.411,29.777,115.0,-95.232,30.006,115.0,line,115.0,19.106,HOUSTON,52.549,False,False
3473,7054,13358,1,130.2,60.518,46.481,T1_normal,-95.411,29.777,115.0,-95.411,29.777,115.0,line,115.0,0.0,HOUSTON,32.077,False,False
3474,7055,7124,1,221.0,67.24,30.425,T1_normal,-95.411,29.777,115.0,-95.411,29.777,115.0,line,115.0,0.0,HOUSTON,26.832,False,False
3475,7055,7124,1,221.0,67.24,30.425,T1_normal,-95.411,29.777,115.0,-95.411,29.777,115.0,line,115.0,0.0,HOUSTON,26.832,False,False
3476,7188,7055,1,221.0,135.996,61.537,T1_normal,-95.411,29.777,115.0,-95.411,29.777,115.0,line,115.0,0.0,HOUSTON,55.484,False,False
3477,7188,7055,1,221.0,135.996,61.537,T1_normal,-95.411,29.777,115.0,-95.411,29.777,115.0,line,115.0,0.0,HOUSTON,55.484,False,False
3478,7188,7055,1,221.0,135.996,61.537,T1_normal,-95.411,29.777,115.0,-95.411,29.777,115.0,line,115.0,0.0,HOUSTON,55.484,False,False
3479,7188,7055,1,221.0,135.996,61.537,T1_normal,-95.411,29.777,115.0,-95.411,29.777,115.0,line,115.0,0.0,HOUSTON,55.484,False,False
3480,7250,7055,1,250.0,62.699,25.08,T1_normal,-95.411,29.777,115.0,-95.411,29.777,115.0,line,115.0,0.0,HOUSTON,19.069,False,False
3481,7250,7055,1,250.0,62.699,25.08,T1_normal,-95.411,29.777,115.0,-95.411,29.777,115.0,line,115.0,0.0,HOUSTON,19.069,False,False
3482,7055,7382,1,195.6,140.563,71.863,T1_normal,-95.411,29.777,115.0,-95.411,29.777,115.0,line,115.0,0.0,HOUSTON,74.053,False,False
3483,7057,7056,1,377.0,185.248,49.137,T1_normal,-95.472,30.112,115.0,-95.472,30.112,230.0,transformer,230.0,0.0,HOUSTON,50.411,False,False
3484,7056,7156,1,443.0,62.186,14.037,T1_normal,-95.472,30.112,230.0,-95.472,30.112,230.0,line,230.0,0.0,HOUSTON,34.303,False,False
3485,7056,7160,1,750.0,198.683,26.491,T1_normal,-95.472,30.112,230.0,-95.411,29.777,230.0,line,230.0,23.413,HOUSTON,10.367,False,False
3486,7056,7420,1,443.0,39.093,8.825,T1_normal,-95.472,30.112,230.0,-95.698,30.187,230.0,line,230.0,14.474,HOUSTON,4.953,False,False
3487,7215,7057,1,221.0,7.166,3.242,T1_normal,-95.472,30.112,115.0,-95.472,30.112,115.0,line,115.0,0.0,HOUSTON,1.717,False,False
3488,7215,7057,1,221.0,7.166,3.242,T1_normal,-95.472,30.112,115.0,-95.472,30.112,115.0,line,115.0,0.0,HOUSTON,1.717,False,False
3489,7059,7058,1,605.0,102.219,16.896,T1_normal,-96.543,28.663,230.0,-96.543,28.663,500.0,transformer,500.0,0.0,HOUSTON,8.113,False,False
3490,7061,7058,1,159.8,0.0,0.0,T1_normal,-96.543,28.663,13.8,-96.543,28.663,500.0,transformer,500.0,0.0,HOUSTON,0.0,False,False
3491,7062,7058,1,129.1,0.0,0.0,T1_normal,-96.543,28.663,13.8,-96.543,28.663,500.0,transformer,500.0,0.0,HOUSTON,0.0,False,False
3492,7063,7058,1,116.8,0.0,0.0,T1_normal,-96.543,28.663,13.8,-96.543,28.663,500.0,transformer,500.0,0.0,HOUSTON,0.0,False,False
3493,7064,7058,1,100.4,0.0,0.0,T1_normal,-96.543,28.663,13.8,-96.543,28.663,500.0,transformer,500.0,0.0,HOUSTON,0.0,False,False
3494,7065,7058,1,104.4,0.0,0.0,T1_normal,-96.543,28.663,13.8,-96.543,28.663,500.0,transformer,500.0,0.0,HOUSTON,0.0,False,False
3495,7066,7058,1,92.5,0.0,0.0,T1_normal,-96.543,28.663,13.8,-96.543,28.663,500.0,transformer,500.0,0.0,HOUSTON,0.0,False,False
3496,7058,7095,1,2295.0,458.407,19.974,T1_normal,-96.543,28.663,500.0,-96.048,28.795,500.0,line,500.0,31.308,HOUSTON,6.069,False,False
3497,7406,7058,1,2020.0,518.629,25.675,T1_normal,-96.543,28.663,500.0,-96.543,28.663,500.0,line,500.0,0.0,HOUSTON,29.983,False,False
3498,12542,7058,1,121.7,0.0,0.0,T1_normal,-96.543,28.663,13.8,-96.543,28.663,500.0,transformer,500.0,0.0,HOUSTON,0.0,False,False
3499,12543,7058,1,119.0,0.0,0.0,T1_normal,-96.543,28.663,13.8,-96.543,28.663,500.0,transformer,500.0,0.0,HOUSTON,0.0,False,False
3500,7060,7059,1,188.0,6.169,3.281,T1_normal,-96.543,28.663,115.0,-96.543,28.663,230.0,transformer,230.0,0.0,HOUSTON,4.046,False,False
3501,7059,7407,1,443.0,108.387,24.467,T1_normal,-96.543,28.663,230.0,-96.543,28.663,230.0,line,230.0,0.0,HOUSTON,12.797,False,False
3502,7129,7060,1,172.0,152.309,88.552,T2_watch,-96.556,28.852,115.0,-96.543,28.663,115.0,line,115.0,13.084,HOUSTON,63.148,False,False
3503,7060,7408,1,113.5,7.04,6.202,T1_normal,-96.543,28.663,115.0,-96.543,28.663,115.0,line,115.0,0.0,HOUSTON,5.723,False,False
3504,7060,13122,1,216.0,117.959,54.61,T1_normal,-96.543,28.663,115.0,-96.705,28.59,115.0,line,115.0,11.06,HOUSTON,50.596,False,False
3505,7060,13355,1,127.6,21.142,16.569,T1_normal,-96.543,28.663,115.0,-96.543,28.663,115.0,line,115.0,0.0,HOUSTON,1.397,False,False
3506,7067,7148,1,154.0,108.995,70.776,T1_normal,-95.411,29.777,115.0,-95.411,29.777,115.0,line,115.0,0.0,HOUSTON,75.747,False,False
3507,7067,7245,1,98.0,18.919,19.305,T1_normal,-95.411,29.777,115.0,-95.411,29.777,115.0,line,115.0,0.0,HOUSTON,36.628,False,False
3508,7067,7291,1,134.0,65.265,48.705,T1_normal,-95.411,29.777,115.0,-95.232,30.006,115.0,line,115.0,19.106,HOUSTON,52.341,False,False
3509,7067,7344,1,98.0,20.688,21.11,T1_normal,-95.411,29.777,115.0,-95.411,29.777,115.0,line,115.0,0.0,HOUSTON,12.152,False,False
3510,7067,7394,1,117.0,11.837,10.117,T1_normal,-95.411,29.777,115.0,-95.041,30.01,115.0,line,115.0,27.391,HOUSTON,14.813,False,False
3511,7069,7068,1,145.8,76.345,52.363,T1_normal,-96.209,29.056,115.0,-96.209,29.056,230.0,transformer,230.0,0.0,HOUSTON,48.589,False,False
3512,7305,7068,1,548.0,76.345,13.931,T1_normal,-96.087,29.283,230.0,-96.209,29.056,230.0,line,230.0,17.299,HOUSTON,12.927,False,False
3513,12635,7068,1,616.3,0.0,0.0,T1_normal,-96.209,29.056,20.0,-96.209,29.056,230.0,transformer,230.0,0.0,HOUSTON,0.0,False,False
3514,7069,7413,1,149.0,24.815,16.655,T1_normal,-96.209,29.056,115.0,-96.087,29.283,115.0,line,115.0,17.299,HOUSTON,20.348,False,False
3515,7070,7100,1,221.0,17.102,7.739,T1_normal,-95.411,29.777,115.0,-95.411,29.777,115.0,line,115.0,0.0,HOUSTON,14.985,False,False
3516,7070,7257,1,98.0,75.719,77.264,T1_normal,-95.411,29.777,115.0,-95.315,29.553,115.0,line,115.0,16.513,HOUSTON,58.667,False,False
3517,7070,7259,1,122.9,5.688,4.628,T1_normal,-95.411,29.777,115.0,-95.411,29.777,115.0,line,115.0,0.0,HOUSTON,14.585,False,False
3518,7070,7317,1,221.0,50.856,23.012,T1_normal,-95.411,29.777,115.0,-95.192,29.515,115.0,line,115.0,22.392,HOUSTON,12.869,False,False
3519,7070,7398,1,149.0,17.829,11.966,T1_normal,-95.411,29.777,115.0,-95.143,29.683,115.0,line,115.0,17.347,HOUSTON,5.326,False,False
3520,7070,7398,1,131.3,19.274,14.679,T1_normal,-95.411,29.777,115.0,-95.143,29.683,115.0,line,115.0,17.347,HOUSTON,6.534,False,False
3521,7070,7403,1,118.7,12.007,10.116,T1_normal,-95.411,29.777,115.0,-95.143,29.683,115.0,line,115.0,17.347,HOUSTON,13.833,False,False
3522,7071,7123,1,221.0,33.619,15.212,T1_normal,-96.492,28.445,115.0,-96.574,28.43,115.0,line,115.0,5.112,HOUSTON,8.484,False,False
3523,7408,7071,1,221.0,39.339,17.801,T1_normal,-96.543,28.663,115.0,-96.492,28.445,115.0,line,115.0,15.422,HOUSTON,11.072,False,False
3524,7072,7084,1,221.0,55.959,25.321,T1_normal,-95.031,29.457,115.0,-95.082,29.501,115.0,line,115.0,4.311,HOUSTON,4.388,False,False
3525,7072,7084,1,221.0,55.959,25.321,T1_normal,-95.031,29.457,115.0,-95.082,29.501,115.0,line,115.0,4.311,HOUSTON,4.388,False,False
3526,7072,7232,1,186.2,54.488,29.263,T1_normal,-95.031,29.457,115.0,-94.944,29.379,115.0,line,115.0,7.527,HOUSTON,16.7,False,False
3527,7072,7232,1,186.2,54.488,29.263,T1_normal,-95.031,29.457,115.0,-94.944,29.379,115.0,line,115.0,7.527,HOUSTON,16.7,False,False
3528,7072,13408,1,195.9,37.67,19.229,T1_normal,-95.031,29.457,115.0,-94.945,29.39,115.0,line,115.0,6.951,HOUSTON,12.058,False,False
3529,7074,7073,1,185.0,117.553,63.542,T1_normal,-94.845,29.281,115.0,-94.845,29.281,230.0,transformer,230.0,0.0,HOUSTON,73.048,False,False
3530,7171,7073,1,443.0,107.264,24.213,T1_normal,-94.945,29.39,230.0,-94.845,29.281,230.0,line,230.0,9.659,HOUSTON,14.56,False,False
3531,7205,7073,1,548.0,10.289,1.878,T1_normal,-94.932,29.754,230.0,-94.845,29.281,230.0,line,230.0,33.097,HOUSTON,12.89,False,False
3532,7405,7074,1,149.0,15.087,10.126,T1_normal,-94.845,29.281,115.0,-94.845,29.281,115.0,line,115.0,0.0,HOUSTON,1.677,False,False
3533,7075,7387,1,221.0,50.983,23.069,T1_normal,-95.411,29.777,115.0,-95.232,30.006,115.0,line,115.0,19.106,HOUSTON,19.15,False,False
3534,7075,7387,1,221.0,50.983,23.069,T1_normal,-95.411,29.777,115.0,-95.232,30.006,115.0,line,115.0,19.106,HOUSTON,19.15,False,False
3535,7075,7398,1,221.0,5.138,2.325,T1_normal,-95.411,29.777,115.0,-95.143,29.683,115.0,line,115.0,17.347,HOUSTON,5.315,False,False
3536,7075,7398,1,221.0,5.138,2.325,T1_normal,-95.411,29.777,115.0,-95.143,29.683,115.0,line,115.0,17.347,HOUSTON,5.315,False,False
3537,7075,7403,1,111.2,26.038,23.415,T1_normal,-95.411,29.777,115.0,-95.143,29.683,115.0,line,115.0,17.347,HOUSTON,12.238,False,False
3538,12933,7075,1,129.4,2.063,1.594,T1_normal,-95.411,29.777,20.0,-95.411,29.777,115.0,transformer,115.0,0.0,HOUSTON,0.0,False,False
3539,12934,7075,1,127.4,2.063,1.619,T1_normal,-95.411,29.777,20.0,-95.411,29.777,115.0,transformer,115.0,0.0,HOUSTON,0.0,False,False
3540,7077,7076,1,1233.0,417.293,33.844,T1_normal,-94.932,29.754,230.0,-94.932,29.754,500.0,transformer,500.0,0.0,HOUSTON,28.522,False,False
3541,7079,7076,1,1008.6,0.0,0.0,T1_normal,-94.932,29.754,13.8,-94.932,29.754,500.0,transformer,500.0,0.0,HOUSTON,0.0,False,False
3542,7080,7076,1,917.6,0.0,0.0,T1_normal,-94.932,29.754,13.8,-94.932,29.754,500.0,transformer,500.0,0.0,HOUSTON,0.0,False,False
3543,7204,7076,1,2020.0,52.667,2.607,T1_normal,-94.932,29.754,500.0,-94.932,29.754,500.0,line,500.0,0.0,HOUSTON,1.886,False,False
3544,7076,7422,1,2020.0,31.916,1.58,T1_normal,-94.932,29.754,500.0,-95.219,29.306,500.0,line,500.0,35.41,HOUSTON,1.111,False,False
3545,7076,12743,1,2419.1,332.71,13.753,T1_normal,-94.932,29.754,500.0,-95.069,29.843,500.0,line,500.0,10.264,HOUSTON,17.04,False,False
3546,7078,7077,1,220.0,154.25,70.114,T1_normal,-94.932,29.754,115.0,-94.932,29.754,230.0,transformer,230.0,0.0,HOUSTON,74.476,False,False
3547,7077,7282,1,523.0,18.776,3.59,T1_normal,-94.932,29.754,230.0,-94.932,29.754,230.0,line,230.0,0.0,HOUSTON,7.528,False,False
3548,7206,7078,1,149.0,64.079,43.006,T1_normal,-94.932,29.754,115.0,-94.932,29.754,115.0,line,115.0,0.0,HOUSTON,37.894,False,False
3549,7078,7279,1,221.0,45.591,20.63,T1_normal,-94.932,29.754,115.0,-94.902,29.773,115.0,line,115.0,2.261,HOUSTON,19.936,False,False
3550,7078,7279,1,221.0,45.591,20.63,T1_normal,-94.932,29.754,115.0,-94.902,29.773,115.0,line,115.0,2.261,HOUSTON,19.936,False,False
3551,7078,7283,1,220.0,149.137,67.789,T1_normal,-94.932,29.754,115.0,-94.932,29.754,115.0,line,115.0,0.0,HOUSTON,67.492,False,False
3552,7078,13253,1,112.9,21.99,19.478,T1_normal,-94.932,29.754,115.0,-94.932,29.754,115.0,line,115.0,0.0,HOUSTON,14.428,False,False
3553,7084,7083,1,355.0,51.411,14.482,T1_normal,-95.082,29.501,115.0,-95.082,29.501,230.0,transformer,230.0,0.0,HOUSTON,32.977,False,False
3554,7084,7083,1,355.0,51.411,14.482,T1_normal,-95.082,29.501,115.0,-95.082,29.501,230.0,transformer,230.0,0.0,HOUSTON,32.977,False,False
3555,7083,7105,1,548.0,31.744,5.793,T1_normal,-95.082,29.501,230.0,-95.135,29.713,230.0,line,230.0,15.033,HOUSTON,6.602,False,False
3556,7083,7171,1,548.0,41.57,7.586,T1_normal,-95.082,29.501,230.0,-94.945,29.39,230.0,line,230.0,11.259,HOUSTON,7.021,False,False
3557,7083,7184,1,443.0,174.975,39.498,T1_normal,-95.082,29.501,230.0,-95.568,29.54,230.0,line,230.0,29.346,HOUSTON,34.11,False,False
3558,7083,7264,1,647.0,47.306,7.312,T1_normal,-95.082,29.501,230.0,-95.143,29.683,230.0,line,230.0,13.147,HOUSTON,9.562,False,False
3559,7423,7083,1,443.0,34.673,7.827,T1_normal,-95.219,29.306,230.0,-95.082,29.501,230.0,line,230.0,15.782,HOUSTON,5.295,False,False
3560,13347,7083,1,121.2,0.0,0.0,T1_normal,-95.082,29.501,20.0,-95.082,29.501,230.0,transformer,230.0,0.0,HOUSTON,0.0,False,False
3561,7085,7244,1,221.0,24.196,10.948,T1_normal,-95.278,29.276,115.0,-95.31,29.456,115.0,line,115.0,12.528,HOUSTON,1.053,False,False
3562,7085,7244,1,221.0,24.196,10.948,T1_normal,-95.278,29.276,115.0,-95.31,29.456,115.0,line,115.0,12.528,HOUSTON,1.053,False,False
3563,7412,7085,1,221.0,41.94,18.977,T1_normal,-95.296,29.282,115.0,-95.278,29.276,115.0,line,115.0,1.097,HOUSTON,3.902,False,False
3564,7412,7085,1,221.0,41.94,18.977,T1_normal,-95.296,29.282,115.0,-95.278,29.276,115.0,line,115.0,1.097,HOUSTON,3.902,False,False
3565,7085,12749,1,600.0,117.437,19.573,T1_normal,-95.278,29.276,115.0,-95.278,29.276,500.0,transformer,500.0,0.0,HOUSTON,11.435,False,False
3566,7085,12982,1,128.4,5.384,4.193,T1_normal,-95.278,29.276,115.0,-95.427,29.295,115.0,line,115.0,9.045,HOUSTON,12.285,False,False
3567,7085,13152,1,155.0,42.957,27.714,T1_normal,-95.278,29.276,115.0,-94.945,29.39,115.0,line,115.0,21.534,HOUSTON,52.322,False,False
3568,7085,13287,1,127.9,23.131,18.085,T1_normal,-95.278,29.276,115.0,-95.219,29.306,115.0,line,115.0,4.123,HOUSTON,4.278,False,False
3569,7085,13406,1,110.8,33.377,30.123,T1_normal,-95.278,29.276,115.0,-95.219,29.306,115.0,line,115.0,4.123,HOUSTON,7.163,False,False
3570,7086,7222,1,149.0,16.815,11.286,T1_normal,-95.411,29.777,115.0,-95.411,29.777,115.0,line,115.0,0.0,HOUSTON,9.952,False,False
3571,7086,7333,1,130.8,109.708,83.875,T2_watch,-95.411,29.777,115.0,-95.143,29.683,115.0,line,115.0,17.347,HOUSTON,73.481,False,False
3572,7086,7419,1,221.0,16.823,7.612,T1_normal,-95.411,29.777,115.0,-95.062,29.713,115.0,line,115.0,21.402,HOUSTON,4.042,False,False
3573,7086,7419,1,221.0,16.823,7.612,T1_normal,-95.411,29.777,115.0,-95.062,29.713,115.0,line,115.0,21.402,HOUSTON,4.042,False,False
3574,7087,7127,1,250.0,134.996,53.998,T1_normal,-95.645,29.592,115.0,-95.645,29.592,115.0,line,115.0,0.0,HOUSTON,45.297,False,False
3575,7087,7127,1,250.0,134.996,53.998,T1_normal,-95.645,29.592,115.0,-95.645,29.592,115.0,line,115.0,0.0,HOUSTON,45.297,False,False
3576,7087,7127,1,250.0,134.996,53.998,T1_normal,-95.645,29.592,115.0,-95.645,29.592,115.0,line,115.0,0.0,HOUSTON,45.297,False,False
3577,7087,7127,1,250.0,134.996,53.998,T1_normal,-95.645,29.592,115.0,-95.645,29.592,115.0,line,115.0,0.0,HOUSTON,45.297,False,False
3578,7087,7127,1,250.0,134.996,53.998,T1_normal,-95.645,29.592,115.0,-95.645,29.592,115.0,line,115.0,0.0,HOUSTON,45.297,False,False
3579,7087,7127,1,250.0,134.996,53.998,T1_normal,-95.645,29.592,115.0,-95.645,29.592,115.0,line,115.0,0.0,HOUSTON,45.297,False,False
3580,7087,7127,1,250.0,134.996,53.998,T1_normal,-95.645,29.592,115.0,-95.645,29.592,115.0,line,115.0,0.0,HOUSTON,45.297,False,False
3581,7087,7127,1,250.0,134.996,53.998,T1_normal,-95.645,29.592,115.0,-95.645,29.592,115.0,line,115.0,0.0,HOUSTON,45.297,False,False
3582,7087,7127,1,250.0,134.996,53.998,T1_normal,-95.645,29.592,115.0,-95.645,29.592,115.0,line,115.0,0.0,HOUSTON,45.297,False,False
3583,7087,7221,1,250.0,137.524,55.01,T1_normal,-95.645,29.592,115.0,-95.411,29.777,115.0,line,115.0,19.017,HOUSTON,44.21,False,False
3584,7087,7221,1,250.0,137.524,55.01,T1_normal,-95.645,29.592,115.0,-95.411,29.777,115.0,line,115.0,19.017,HOUSTON,44.21,False,False
3585,7087,7221,1,250.0,137.524,55.01,T1_normal,-95.645,29.592,115.0,-95.411,29.777,115.0,line,115.0,19.017,HOUSTON,44.21,False,False
3586,7087,7336,1,250.0,79.768,31.907,T1_normal,-95.645,29.592,115.0,-95.568,29.624,115.0,line,115.0,5.158,HOUSTON,26.635,False,False
3587,7087,7336,1,250.0,79.768,31.907,T1_normal,-95.645,29.592,115.0,-95.568,29.624,115.0,line,115.0,5.158,HOUSTON,26.635,False,False
3588,7087,7336,1,250.0,79.768,31.907,T1_normal,-95.645,29.592,115.0,-95.568,29.624,115.0,line,115.0,5.158,HOUSTON,26.635,False,False
3589,7087,7336,1,250.0,79.768,31.907,T1_normal,-95.645,29.592,115.0,-95.568,29.624,115.0,line,115.0,5.158,HOUSTON,26.635,False,False
3590,7087,7336,1,250.0,79.768,31.907,T1_normal,-95.645,29.592,115.0,-95.568,29.624,115.0,line,115.0,5.158,HOUSTON,26.635,False,False
3591,7087,7336,1,200.0,136.184,68.092,T1_normal,-95.645,29.592,115.0,-95.568,29.624,115.0,line,115.0,5.158,HOUSTON,56.84,False,False
3592,7087,7336,1,200.0,136.184,68.092,T1_normal,-95.645,29.592,115.0,-95.568,29.624,115.0,line,115.0,5.158,HOUSTON,56.84,False,False
3593,7087,7336,1,200.0,136.184,68.092,T1_normal,-95.645,29.592,115.0,-95.568,29.624,115.0,line,115.0,5.158,HOUSTON,56.84,False,False
3594,7088,7116,1,149.0,17.048,11.442,T1_normal,-95.733,29.48,115.0,-96.077,29.631,115.0,line,115.0,23.159,HOUSTON,16.443,False,False
3595,7088,7120,1,120.6,90.32,74.892,T1_normal,-95.733,29.48,115.0,-95.411,29.777,115.0,line,115.0,28.224,HOUSTON,66.604,False,False
3596,7088,7127,1,134.0,59.203,44.182,T1_normal,-95.733,29.48,115.0,-95.645,29.592,115.0,line,115.0,9.37,HOUSTON,27.731,False,False
3597,7088,7147,1,149.0,28.557,19.166,T1_normal,-95.733,29.48,115.0,-95.411,29.777,115.0,line,115.0,28.224,HOUSTON,21.072,False,False
3598,7088,7182,1,102.4,22.71,22.178,T1_normal,-95.733,29.48,115.0,-96.012,29.793,115.0,line,115.0,27.355,HOUSTON,41.171,False,False
3599,7237,7088,1,200.0,207.455,103.728,T4_light,-95.98,29.56,115.0,-95.733,29.48,115.0,line,115.0,15.867,HOUSTON,97.721,True,True
3600,7089,7385,1,120.5,8.716,7.233,T1_normal,-95.411,29.777,115.0,-95.411,29.777,115.0,line,115.0,0.0,HOUSTON,0.594,False,False
3601,7089,7388,1,149.0,11.923,8.002,T1_normal,-95.411,29.777,115.0,-95.411,29.777,115.0,line,115.0,0.0,HOUSTON,14.152,False,False
3602,7089,7427,1,221.0,15.837,7.166,T1_normal,-95.411,29.777,115.0,-95.411,29.777,115.0,line,115.0,0.0,HOUSTON,3.891,False,False
3603,7090,7421,1,221.0,124.247,56.22,T1_normal,-95.669,30.161,115.0,-95.698,30.187,115.0,line,115.0,2.5,HOUSTON,26.763,False,False
3604,7090,7421,1,221.0,124.247,56.22,T1_normal,-95.669,30.161,115.0,-95.698,30.187,115.0,line,115.0,2.5,HOUSTON,26.763,False,False
3605,7091,7127,1,183.4,163.183,88.976,T2_watch,-95.315,29.553,115.0,-95.645,29.592,115.0,line,115.0,20.019,HOUSTON,81.407,False,False
3606,7091,7226,1,221.0,44.001,19.91,T1_normal,-95.315,29.553,115.0,-95.411,29.777,115.0,line,115.0,16.513,HOUSTON,25.871,False,False
3607,7091,7240,1,112.5,60.819,54.062,T1_normal,-95.315,29.553,115.0,-95.411,29.777,115.0,line,115.0,16.513,HOUSTON,62.722,False,False
3608,7091,7259,1,221.0,23.901,10.815,T1_normal,-95.315,29.553,115.0,-95.411,29.777,115.0,line,115.0,16.513,HOUSTON,7.979,False,False
3609,7091,7259,1,221.0,23.901,10.815,T1_normal,-95.315,29.553,115.0,-95.411,29.777,115.0,line,115.0,16.513,HOUSTON,7.979,False,False
3610,7091,7418,1,98.0,67.994,69.382,T1_normal,-95.315,29.553,115.0,-95.411,29.777,115.0,line,115.0,16.513,HOUSTON,72.952,False,False
3611,7092,7152,1,100.6,39.437,39.202,T1_normal,-95.411,29.777,115.0,-95.411,29.777,115.0,line,115.0,0.0,HOUSTON,34.504,False,False
3612,7092,7216,1,119.0,89.537,75.241,T1_normal,-95.411,29.777,115.0,-95.411,29.777,115.0,line,115.0,0.0,HOUSTON,67.536,False,False
3613,7092,7250,1,149.0,34.942,23.451,T1_normal,-95.411,29.777,115.0,-95.411,29.777,115.0,line,115.0,0.0,HOUSTON,16.872,False,False
3614,7092,7258,1,149.0,23.598,15.837,T1_normal,-95.411,29.777,115.0,-95.411,29.777,115.0,line,115.0,0.0,HOUSTON,13.106,False,False
3615,7092,7258,1,132.4,52.168,39.401,T1_normal,-95.411,29.777,115.0,-95.411,29.777,115.0,line,115.0,0.0,HOUSTON,32.607,False,False
3616,7092,7330,1,149.0,19.311,12.961,T1_normal,-95.411,29.777,115.0,-95.411,29.777,115.0,line,115.0,0.0,HOUSTON,15.669,False,False
3617,7092,7384,1,110.0,94.525,85.932,T2_watch,-95.411,29.777,115.0,-95.411,29.777,115.0,line,115.0,0.0,HOUSTON,76.845,False,False
3618,7092,7399,1,138.2,3.654,2.644,T1_normal,-95.411,29.777,115.0,-95.411,29.777,115.0,line,115.0,0.0,HOUSTON,1.928,False,False
3619,7221,7093,1,221.0,116.938,52.913,T1_normal,-95.411,29.777,115.0,-95.411,29.777,115.0,line,115.0,0.0,HOUSTON,36.696,False,False
3620,7221,7093,1,221.0,116.938,52.913,T1_normal,-95.411,29.777,115.0,-95.411,29.777,115.0,line,115.0,0.0,HOUSTON,36.696,False,False
3621,7093,7225,1,149.0,66.108,44.368,T1_normal,-95.411,29.777,115.0,-95.411,29.777,115.0,line,115.0,0.0,HOUSTON,15.06,False,False
3622,7241,7093,1,98.0,72.64,74.122,T1_normal,-95.411,29.777,115.0,-95.411,29.777,115.0,line,115.0,0.0,HOUSTON,55.679,False,False
3623,7093,7258,1,98.0,25.886,26.414,T1_normal,-95.411,29.777,115.0,-95.411,29.777,115.0,line,115.0,0.0,HOUSTON,24.45,False,False
3624,7094,7276,1,221.0,1.731,0.783,T1_normal,-95.411,29.777,115.0,-95.411,29.777,115.0,line,115.0,0.0,HOUSTON,6.12,False,False
3625,7094,7298,1,148.5,6.622,4.459,T1_normal,-95.411,29.777,115.0,-95.411,29.777,115.0,line,115.0,0.0,HOUSTON,5.849,False,False
3626,7094,7388,1,98.0,15.321,15.633,T1_normal,-95.411,29.777,115.0,-95.411,29.777,115.0,line,115.0,0.0,HOUSTON,30.849,False,False
3627,7094,7395,1,171.7,112.226,65.362,T1_normal,-95.411,29.777,115.0,-95.411,29.777,115.0,line,115.0,0.0,HOUSTON,75.209,False,False
3628,7096,7095,1,846.0,589.685,69.703,T1_normal,-96.048,28.795,230.0,-96.048,28.795,500.0,transformer,500.0,0.0,HOUSTON,57.515,False,False
3629,7098,7095,1,1828.8,1100.0,60.149,T1_normal,-96.048,28.795,13.8,-96.048,28.795,500.0,transformer,500.0,0.0,HOUSTON,60.149,False,False
3630,7099,7095,1,1858.1,1100.0,59.2,T1_normal,-96.048,28.795,13.8,-96.048,28.795,500.0,transformer,500.0,0.0,HOUSTON,59.2,False,False
3631,7304,7095,1,2020.0,1305.218,64.615,T1_normal,-96.087,29.283,500.0,-96.048,28.795,500.0,line,500.0,33.795,HOUSTON,55.514,False,False
3632,7095,12640,1,2295.3,763.505,33.264,T1_normal,-96.048,28.795,500.0,-96.209,29.056,500.0,line,500.0,20.488,HOUSTON,31.862,False,False
3633,7097,7096,1,200.0,67.757,33.878,T1_normal,-96.048,28.795,115.0,-96.048,28.795,230.0,transformer,230.0,0.0,HOUSTON,31.104,False,False
3634,7261,7096,1,579.0,521.929,90.143,T3_prevent,-95.923,28.926,230.0,-96.048,28.795,230.0,line,230.0,11.776,HOUSTON,73.293,False,False
3635,7097,7153,1,221.0,22.009,9.959,T1_normal,-96.048,28.795,115.0,-96.19,28.623,115.0,line,115.0,14.643,HOUSTON,3.231,False,False
3636,7097,13426,1,199.3,89.766,45.041,T1_normal,-96.048,28.795,115.0,-95.923,28.926,115.0,line,115.0,11.776,HOUSTON,34.795,False,False
3637,7100,7103,1,221.0,2.159,0.977,T1_normal,-95.411,29.777,115.0,-95.411,29.777,115.0,line,115.0,0.0,HOUSTON,4.867,False,False
3638,7100,7103,1,221.0,2.159,0.977,T1_normal,-95.411,29.777,115.0,-95.411,29.777,115.0,line,115.0,0.0,HOUSTON,4.867,False,False
3639,7100,7144,1,221.0,44.815,20.278,T1_normal,-95.411,29.777,115.0,-95.411,29.777,115.0,line,115.0,0.0,HOUSTON,15.191,False,False
3640,7100,7144,1,221.0,44.815,20.278,T1_normal,-95.411,29.777,115.0,-95.411,29.777,115.0,line,115.0,0.0,HOUSTON,15.191,False,False
3641,7100,7144,1,221.0,44.815,20.278,T1_normal,-95.411,29.777,115.0,-95.411,29.777,115.0,line,115.0,0.0,HOUSTON,15.191,False,False
3642,7100,7144,1,221.0,44.815,20.278,T1_normal,-95.411,29.777,115.0,-95.411,29.777,115.0,line,115.0,0.0,HOUSTON,15.191,False,False
3643,7100,7222,1,221.0,25.188,11.397,T1_normal,-95.411,29.777,115.0,-95.411,29.777,115.0,line,115.0,0.0,HOUSTON,9.349,False,False
3644,7100,7222,1,221.0,25.188,11.397,T1_normal,-95.411,29.777,115.0,-95.411,29.777,115.0,line,115.0,0.0,HOUSTON,9.349,False,False
3645,7100,7333,1,206.7,105.196,50.893,T1_normal,-95.411,29.777,115.0,-95.143,29.683,115.0,line,115.0,17.347,HOUSTON,45.415,False,False
3646,7101,7120,1,169.5,100.657,59.385,T1_normal,-95.411,29.777,115.0,-95.411,29.777,115.0,line,115.0,0.0,HOUSTON,42.25,False,False
3647,7101,7120,1,169.5,100.657,59.385,T1_normal,-95.411,29.777,115.0,-95.411,29.777,115.0,line,115.0,0.0,HOUSTON,42.25,False,False
3648,7101,7183,1,221.0,31.245,14.138,T1_normal,-95.411,29.777,115.0,-95.411,29.777,115.0,line,115.0,0.0,HOUSTON,14.171,False,False
3649,7101,7220,1,149.1,69.529,46.632,T1_normal,-95.411,29.777,115.0,-95.411,29.777,115.0,line,115.0,0.0,HOUSTON,29.604,False,False
3650,7101,7221,1,133.9,27.205,20.317,T1_normal,-95.411,29.777,115.0,-95.411,29.777,115.0,line,115.0,0.0,HOUSTON,11.285,False,False
3651,7101,7386,1,149.0,13.946,9.36,T1_normal,-95.411,29.777,115.0,-95.411,29.777,115.0,line,115.0,0.0,HOUSTON,10.569,False,False
3652,7101,7386,1,121.2,36.994,30.523,T1_normal,-95.411,29.777,115.0,-95.411,29.777,115.0,line,115.0,0.0,HOUSTON,34.464,False,False
3653,7102,7118,1,109.9,15.453,14.061,T1_normal,-95.634,30.078,115.0,-95.472,30.112,115.0,line,115.0,9.952,HOUSTON,14.412,False,False
3654,7102,7177,1,221.0,69.834,31.599,T1_normal,-95.634,30.078,115.0,-95.472,30.112,115.0,line,115.0,9.952,HOUSTON,30.037,False,False
3655,7102,7177,1,221.0,69.834,31.599,T1_normal,-95.634,30.078,115.0,-95.472,30.112,115.0,line,115.0,9.952,HOUSTON,30.037,False,False
3656,7102,7177,1,119.4,71.709,60.058,T1_normal,-95.634,30.078,115.0,-95.472,30.112,115.0,line,115.0,9.952,HOUSTON,57.088,False,False
3657,7102,7245,1,122.1,34.358,28.139,T1_normal,-95.634,30.078,115.0,-95.411,29.777,115.0,line,115.0,24.697,HOUSTON,34.898,False,False
3658,7290,7102,1,149.0,74.421,49.947,T1_normal,-95.472,30.112,115.0,-95.634,30.078,115.0,line,115.0,9.952,HOUSTON,37.653,False,False
3659,7103,7216,1,147.2,8.277,5.623,T1_normal,-95.411,29.777,115.0,-95.411,29.777,115.0,line,115.0,0.0,HOUSTON,0.358,False,False
3660,7103,7226,1,127.3,6.252,4.912,T1_normal,-95.411,29.777,115.0,-95.411,29.777,115.0,line,115.0,0.0,HOUSTON,1.599,False,False
3661,7103,7255,1,149.0,67.107,45.038,T1_normal,-95.411,29.777,115.0,-95.411,29.777,115.0,line,115.0,0.0,HOUSTON,44.572,False,False
3662,7103,7365,1,124.2,14.842,11.95,T1_normal,-95.411,29.777,115.0,-95.411,29.777,115.0,line,115.0,0.0,HOUSTON,26.378,False,False
3663,7103,7381,1,250.0,35.386,14.154,T1_normal,-95.411,29.777,115.0,-95.411,29.777,115.0,line,115.0,0.0,HOUSTON,9.561,False,False
3664,7105,7104,1,1312.0,270.583,20.624,T1_normal,-95.135,29.713,230.0,-95.135,29.713,500.0,transformer,500.0,0.0,HOUSTON,22.195,False,False
3665,7107,7104,1,419.2,0.0,0.0,T1_normal,-95.135,29.713,24.0,-95.135,29.713,500.0,transformer,500.0,0.0,HOUSTON,0.0,False,False
3666,7108,7104,1,256.7,0.0,0.0,T1_normal,-95.135,29.713,24.0,-95.135,29.713,500.0,transformer,500.0,0.0,HOUSTON,0.0,False,False
3667,7109,7104,1,238.2,0.0,0.0,T1_normal,-95.135,29.713,24.0,-95.135,29.713,500.0,transformer,500.0,0.0,HOUSTON,0.0,False,False
3668,7110,7104,1,286.7,0.0,0.0,T1_normal,-95.135,29.713,24.0,-95.135,29.713,500.0,transformer,500.0,0.0,HOUSTON,0.0,False,False
3669,7111,7104,1,246.9,0.0,0.0,T1_normal,-95.135,29.713,24.0,-95.135,29.713,500.0,transformer,500.0,0.0,HOUSTON,0.0,False,False
3670,7112,7104,1,232.8,0.0,0.0,T1_normal,-95.135,29.713,24.0,-95.135,29.713,500.0,transformer,500.0,0.0,HOUSTON,0.0,False,False
3671,7130,7104,1,2768.0,400.89,14.483,T1_normal,-95.01,29.759,500.0,-95.135,29.713,500.0,line,500.0,8.13,HOUSTON,15.315,False,False
3672,7104,7400,1,2085.3,301.834,14.474,T1_normal,-95.135,29.713,500.0,-95.411,29.777,500.0,line,500.0,17.18,HOUSTON,18.256,False,False
3673,7106,7105,1,354.0,204.333,57.721,T1_normal,-95.135,29.713,115.0,-95.135,29.713,230.0,transformer,230.0,0.0,HOUSTON,55.427,False,False
3674,7106,7105,1,354.0,204.333,57.721,T1_normal,-95.135,29.713,115.0,-95.135,29.713,230.0,transformer,230.0,0.0,HOUSTON,55.427,False,False
3675,7105,7187,1,548.0,64.231,11.721,T1_normal,-95.135,29.713,230.0,-95.411,29.777,230.0,line,230.0,17.18,HOUSTON,13.517,False,False
3676,7105,7205,1,548.0,11.228,2.049,T1_normal,-95.135,29.713,230.0,-94.932,29.754,230.0,line,230.0,12.456,HOUSTON,1.929,False,False
3677,7105,7332,1,548.0,30.879,5.635,T1_normal,-95.135,29.713,230.0,-95.143,29.683,230.0,line,230.0,2.139,HOUSTON,9.628,False,False
3678,7106,7403,1,184.6,121.156,65.632,T1_normal,-95.135,29.713,115.0,-95.143,29.683,115.0,line,115.0,2.139,HOUSTON,68.94,False,False
3679,7116,7340,1,149.0,64.298,43.153,T1_normal,-96.077,29.631,115.0,-96.108,29.795,115.0,line,115.0,11.469,HOUSTON,20.7,False,False
3680,7116,7364,1,98.0,75.289,76.826,T1_normal,-96.077,29.631,115.0,-96.219,29.522,115.0,line,115.0,11.377,HOUSTON,54.385,False,False
3681,7117,7161,1,186.1,11.431,6.142,T1_normal,-95.411,29.777,115.0,-95.411,29.777,115.0,line,115.0,0.0,HOUSTON,11.236,False,False
3682,7117,7161,1,186.1,11.431,6.142,T1_normal,-95.411,29.777,115.0,-95.411,29.777,115.0,line,115.0,0.0,HOUSTON,11.236,False,False
3683,7242,7117,1,450.0,233.023,51.783,T1_normal,-95.411,29.777,115.0,-95.411,29.777,115.0,line,115.0,0.0,HOUSTON,49.002,False,False
3684,7242,7117,1,450.0,233.023,51.783,T1_normal,-95.411,29.777,115.0,-95.411,29.777,115.0,line,115.0,0.0,HOUSTON,49.002,False,False
3685,7117,7292,1,450.0,271.673,60.372,T1_normal,-95.411,29.777,115.0,-95.411,29.777,115.0,line,115.0,0.0,HOUSTON,58.17,False,False
3686,7117,7292,1,450.0,271.673,60.372,T1_normal,-95.411,29.777,115.0,-95.411,29.777,115.0,line,115.0,0.0,HOUSTON,58.17,False,False
3687,7117,7292,1,256.0,204.667,79.948,T1_normal,-95.411,29.777,115.0,-95.411,29.777,115.0,line,115.0,0.0,HOUSTON,77.033,False,False
3688,7117,7292,1,256.0,204.667,79.948,T1_normal,-95.411,29.777,115.0,-95.411,29.777,115.0,line,115.0,0.0,HOUSTON,77.033,False,False
3689,7117,7395,1,289.0,206.801,71.557,T1_normal,-95.411,29.777,115.0,-95.411,29.777,115.0,line,115.0,0.0,HOUSTON,75.209,False,False
3690,7117,7395,1,289.0,206.801,71.557,T1_normal,-95.411,29.777,115.0,-95.411,29.777,115.0,line,115.0,0.0,HOUSTON,75.209,False,False
3691,7177,7118,1,221.0,68.715,31.093,T1_normal,-95.472,30.112,115.0,-95.472,30.112,115.0,line,115.0,0.0,HOUSTON,28.841,False,False
3692,7177,7118,1,221.0,68.715,31.093,T1_normal,-95.472,30.112,115.0,-95.472,30.112,115.0,line,115.0,0.0,HOUSTON,28.841,False,False
3693,7118,7404,1,221.0,30.381,13.747,T1_normal,-95.472,30.112,115.0,-95.411,29.777,115.0,line,115.0,23.413,HOUSTON,4.946,False,False
3694,7144,7119,1,221.0,52.456,23.736,T1_normal,-95.411,29.777,115.0,-95.23,29.661,115.0,line,115.0,13.533,HOUSTON,28.075,False,False
3695,7144,7119,1,221.0,52.456,23.736,T1_normal,-95.411,29.777,115.0,-95.23,29.661,115.0,line,115.0,13.533,HOUSTON,28.075,False,False
3696,7119,7231,1,115.4,0.894,0.775,T1_normal,-95.23,29.661,115.0,-95.411,29.777,115.0,line,115.0,13.533,HOUSTON,7.502,False,False
3697,7119,7259,1,98.0,25.123,25.636,T1_normal,-95.23,29.661,115.0,-95.411,29.777,115.0,line,115.0,13.533,HOUSTON,47.516,False,False
3698,7119,7318,1,149.0,29.195,19.594,T1_normal,-95.23,29.661,115.0,-95.411,29.777,115.0,line,115.0,13.533,HOUSTON,12.866,False,False
3699,7120,7248,1,98.0,22.451,22.91,T1_normal,-95.411,29.777,115.0,-95.411,29.777,115.0,line,115.0,0.0,HOUSTON,25.726,False,False
3700,7120,7396,1,221.0,81.592,36.92,T1_normal,-95.411,29.777,115.0,-95.411,29.777,115.0,line,115.0,0.0,HOUSTON,41.199,False,False
3701,7120,7396,1,221.0,81.592,36.92,T1_normal,-95.411,29.777,115.0,-95.411,29.777,115.0,line,115.0,0.0,HOUSTON,41.199,False,False
3702,7120,7427,1,221.0,135.402,61.268,T1_normal,-95.411,29.777,115.0,-95.411,29.777,115.0,line,115.0,0.0,HOUSTON,52.203,False,False
3703,7427,7120,1,221.0,135.402,61.268,T1_normal,-95.411,29.777,115.0,-95.411,29.777,115.0,line,115.0,0.0,HOUSTON,52.203,False,False
3704,7123,7153,1,221.0,65.789,29.769,T1_normal,-96.574,28.43,115.0,-96.19,28.623,115.0,line,115.0,26.896,HOUSTON,23.041,False,False
3705,7123,13407,1,109.1,38.8,35.564,T1_normal,-96.574,28.43,115.0,-96.705,28.59,115.0,line,115.0,13.613,HOUSTON,35.564,False,False
3706,7124,7180,1,98.0,3.385,3.454,T1_normal,-95.411,29.777,115.0,-95.411,29.777,115.0,line,115.0,0.0,HOUSTON,8.635,False,False
3707,7124,7180,1,115.7,11.509,9.948,T1_normal,-95.411,29.777,115.0,-95.411,29.777,115.0,line,115.0,0.0,HOUSTON,24.873,False,False
3708,7124,7216,1,97.9,70.605,72.119,T1_normal,-95.411,29.777,115.0,-95.411,29.777,115.0,line,115.0,0.0,HOUSTON,53.742,False,False
3709,7126,7125,1,1358.0,852.425,62.771,T1_normal,-95.645,29.592,230.0,-95.645,29.592,500.0,transformer,500.0,0.0,HOUSTON,50.919,False,False
3710,7126,7125,1,1358.0,852.425,62.771,T1_normal,-95.645,29.592,230.0,-95.645,29.592,500.0,transformer,500.0,0.0,HOUSTON,50.919,False,False
3711,7125,7304,1,3942.0,2712.457,68.809,T1_normal,-95.645,29.592,500.0,-96.087,29.283,500.0,line,500.0,34.096,HOUSTON,55.381,False,False
3712,7125,7331,1,2020.0,1452.742,71.918,T1_normal,-95.645,29.592,500.0,-95.143,29.683,500.0,line,500.0,30.806,HOUSTON,47.743,False,False
3713,7125,7346,1,4352.0,445.705,10.241,T1_normal,-95.645,29.592,500.0,-95.633,29.479,500.0,line,500.0,7.813,HOUSTON,3.774,False,False
3714,13113,7125,1,293.0,0.022,0.007,T1_normal,-95.645,29.592,20.0,-95.645,29.592,500.0,transformer,500.0,0.0,HOUSTON,0.0,False,False
3715,7127,7126,1,512.3,394.656,77.036,T1_normal,-95.645,29.592,115.0,-95.645,29.592,230.0,transformer,230.0,0.0,HOUSTON,70.896,False,False
3716,7127,7126,1,512.3,394.656,77.036,T1_normal,-95.645,29.592,115.0,-95.645,29.592,230.0,transformer,230.0,0.0,HOUSTON,70.896,False,False
3717,7127,7126,1,512.3,394.656,77.036,T1_normal,-95.645,29.592,115.0,-95.645,29.592,230.0,transformer,230.0,0.0,HOUSTON,70.896,False,False
3718,7127,7126,1,512.3,394.656,77.036,T1_normal,-95.645,29.592,115.0,-95.645,29.592,230.0,transformer,230.0,0.0,HOUSTON,70.896,False,False
3719,7126,7305,1,514.0,388.857,75.653,T1_normal,-95.645,29.592,230.0,-96.087,29.283,230.0,line,230.0,34.096,HOUSTON,62.946,False,False
3720,7126,7332,1,443.0,114.214,25.782,T1_normal,-95.645,29.592,230.0,-95.143,29.683,230.0,line,230.0,30.806,HOUSTON,18.747,False,False
3721,7126,7423,1,443.0,108.738,24.546,T1_normal,-95.645,29.592,230.0,-95.219,29.306,230.0,line,230.0,32.374,HOUSTON,22.852,False,False
3722,7127,7147,1,145.7,114.217,78.392,T1_normal,-95.645,29.592,115.0,-95.411,29.777,115.0,line,115.0,19.017,HOUSTON,64.654,False,False
3723,7127,7147,1,145.7,114.217,78.392,T1_normal,-95.645,29.592,115.0,-95.411,29.777,115.0,line,115.0,19.017,HOUSTON,64.654,False,False
3724,7127,7185,1,127.5,30.092,23.602,T1_normal,-95.645,29.592,115.0,-95.568,29.54,115.0,line,115.0,5.837,HOUSTON,0.521,False,False
3725,7127,7348,1,225.1,120.846,53.686,T1_normal,-95.645,29.592,115.0,-95.633,29.479,115.0,line,115.0,7.813,HOUSTON,37.427,False,False
3726,7127,7348,1,225.1,120.846,53.686,T1_normal,-95.645,29.592,115.0,-95.633,29.479,115.0,line,115.0,7.813,HOUSTON,37.427,False,False
3727,7127,7348,1,225.1,120.846,53.686,T1_normal,-95.645,29.592,115.0,-95.633,29.479,115.0,line,115.0,7.813,HOUSTON,37.427,False,False
3728,7127,7348,1,225.1,120.846,53.686,T1_normal,-95.645,29.592,115.0,-95.633,29.479,115.0,line,115.0,7.813,HOUSTON,37.427,False,False
3729,7127,13285,1,135.8,23.279,17.142,T1_normal,-95.645,29.592,115.0,-95.733,29.48,115.0,line,115.0,9.37,HOUSTON,0.297,False,False
3730,7127,13285,1,135.8,23.279,17.142,T1_normal,-95.645,29.592,115.0,-95.733,29.48,115.0,line,115.0,9.37,HOUSTON,0.297,False,False
3731,7127,13378,1,129.3,26.835,20.754,T1_normal,-95.645,29.592,115.0,-95.633,29.479,115.0,line,115.0,7.813,HOUSTON,11.655,False,False
3732,7391,7128,1,221.0,91.989,41.624,T1_normal,-95.443,30.453,115.0,-95.412,30.277,115.0,line,115.0,12.324,HOUSTON,54.103,False,False
3733,7277,7129,1,98.0,17.852,18.216,T1_normal,-96.529,29.109,115.0,-96.556,28.852,115.0,line,115.0,17.823,HOUSTON,16.291,False,False
3734,7303,7129,1,220.0,128.417,58.372,T1_normal,-96.354,28.858,115.0,-96.556,28.852,115.0,line,115.0,12.263,HOUSTON,39.368,False,False
3735,13348,7129,1,146.0,0.0,0.0,T1_normal,-96.556,28.852,20.0,-96.556,28.852,115.0,transformer,115.0,0.0,HOUSTON,0.0,False,False
3736,7131,7130,1,1373.0,213.84,15.575,T1_normal,-95.01,29.759,230.0,-95.01,29.759,500.0,transformer,500.0,0.0,HOUSTON,14.023,False,False
3737,7133,7130,1,202.9,116.48,57.408,T1_normal,-95.01,29.759,13.8,-95.01,29.759,500.0,transformer,500.0,0.0,HOUSTON,13.82,False,False
3738,7134,7130,1,105.9,0.0,0.0,T1_normal,-95.01,29.759,13.8,-95.01,29.759,500.0,transformer,500.0,0.0,HOUSTON,0.0,False,False
3739,7135,7130,1,54.1,24.128,44.599,T1_normal,-95.01,29.759,13.8,-95.01,29.759,500.0,transformer,500.0,0.0,HOUSTON,10.736,False,False
3740,7136,7130,1,51.5,24.128,46.85,T1_normal,-95.01,29.759,13.8,-95.01,29.759,500.0,transformer,500.0,0.0,HOUSTON,11.278,False,False
3741,7137,7130,1,49.3,24.128,48.941,T1_normal,-95.01,29.759,13.8,-95.01,29.759,500.0,transformer,500.0,0.0,HOUSTON,11.781,False,False
3742,7263,7130,1,2020.0,375.081,18.568,T1_normal,-95.143,29.683,500.0,-95.01,29.759,500.0,line,500.0,9.569,HOUSTON,22.872,False,False
3743,7130,12743,1,2159.4,0.833,0.039,T1_normal,-95.01,29.759,500.0,-95.069,29.843,500.0,line,500.0,6.783,HOUSTON,8.575,False,False
3744,7132,7131,1,446.0,178.582,40.041,T1_normal,-95.01,29.759,115.0,-95.01,29.759,230.0,transformer,230.0,0.0,HOUSTON,42.471,False,False
3745,7132,7131,1,446.0,178.582,40.041,T1_normal,-95.01,29.759,115.0,-95.01,29.759,230.0,transformer,230.0,0.0,HOUSTON,42.471,False,False
3746,7131,7160,1,548.0,57.245,10.446,T1_normal,-95.01,29.759,230.0,-95.411,29.777,230.0,line,230.0,24.122,HOUSTON,17.408,False,False
3747,7131,7278,1,443.0,18.239,4.117,T1_normal,-95.01,29.759,230.0,-94.902,29.773,230.0,line,230.0,6.534,HOUSTON,2.055,False,False
3748,7131,7401,1,443.0,104.317,23.548,T1_normal,-95.01,29.759,230.0,-95.411,29.777,230.0,line,230.0,24.122,HOUSTON,22.575,False,False
3749,7132,7283,1,221.0,36.474,16.504,T1_normal,-95.01,29.759,115.0,-94.932,29.754,115.0,line,115.0,4.667,HOUSTON,16.933,False,False
3750,7419,7132,1,221.0,74.946,33.912,T1_normal,-95.062,29.713,115.0,-95.01,29.759,115.0,line,115.0,4.48,HOUSTON,31.874,False,False
3751,7419,7132,1,221.0,74.946,33.912,T1_normal,-95.062,29.713,115.0,-95.01,29.759,115.0,line,115.0,4.48,HOUSTON,31.874,False,False
3752,7419,7132,1,221.0,74.946,33.912,T1_normal,-95.062,29.713,115.0,-95.01,29.759,115.0,line,115.0,4.48,HOUSTON,31.874,False,False
3753,7132,13253,1,145.3,19.31,13.29,T1_normal,-95.01,29.759,115.0,-94.932,29.754,115.0,line,115.0,4.667,HOUSTON,10.278,False,False
3754,7143,7173,1,98.0,35.684,36.412,T1_normal,-95.19,30.161,115.0,-95.189,30.05,115.0,line,115.0,7.689,HOUSTON,67.168,False,False
3755,7234,7143,1,98.0,29.146,29.741,T1_normal,-95.297,30.107,115.0,-95.19,30.161,115.0,line,115.0,7.44,HOUSTON,34.606,False,False
3756,7143,7238,1,149.0,20.052,13.458,T1_normal,-95.19,30.161,115.0,-94.61,30.043,115.0,line,115.0,35.613,HOUSTON,5.728,False,False
3757,7300,7143,1,245.0,18.681,7.625,T1_normal,-95.412,30.277,115.0,-95.19,30.161,115.0,line,115.0,15.496,HOUSTON,17.475,False,False
3758,7144,7272,1,221.0,55.921,25.304,T1_normal,-95.411,29.777,115.0,-95.411,29.777,115.0,line,115.0,0.0,HOUSTON,21.934,False,False
3759,7144,7272,1,221.0,55.921,25.304,T1_normal,-95.411,29.777,115.0,-95.411,29.777,115.0,line,115.0,0.0,HOUSTON,21.934,False,False
3760,7144,7333,1,221.0,43.125,19.514,T1_normal,-95.411,29.777,115.0,-95.143,29.683,115.0,line,115.0,17.347,HOUSTON,19.465,False,False
3761,7333,7144,1,221.0,43.125,19.514,T1_normal,-95.143,29.683,115.0,-95.411,29.777,115.0,line,115.0,17.347,HOUSTON,19.465,False,False
3762,7333,7144,1,221.0,43.125,19.514,T1_normal,-95.143,29.683,115.0,-95.411,29.777,115.0,line,115.0,17.347,HOUSTON,19.465,False,False
3763,7333,7144,1,221.0,43.125,19.514,T1_normal,-95.143,29.683,115.0,-95.411,29.777,115.0,line,115.0,17.347,HOUSTON,19.465,False,False
3764,7333,7144,1,221.0,43.125,19.514,T1_normal,-95.143,29.683,115.0,-95.411,29.777,115.0,line,115.0,17.347,HOUSTON,19.465,False,False
3765,7333,7144,1,221.0,43.125,19.514,T1_normal,-95.143,29.683,115.0,-95.411,29.777,115.0,line,115.0,17.347,HOUSTON,19.465,False,False
3766,7145,7234,1,98.0,8.504,8.678,T1_normal,-95.411,29.777,115.0,-95.297,30.107,115.0,line,115.0,23.764,HOUSTON,9.632,False,False
3767,7145,7243,1,221.0,98.116,44.396,T1_normal,-95.411,29.777,115.0,-98.18,31.842,115.0,line,115.0,217.578,HOUSTON,35.983,False,False
3768,7145,7365,1,200.0,84.684,42.342,T1_normal,-95.411,29.777,115.0,-95.411,29.777,115.0,line,115.0,0.0,HOUSTON,38.586,False,False
3769,7381,7145,1,221.0,16.02,7.249,T1_normal,-95.411,29.777,115.0,-95.411,29.777,115.0,line,115.0,0.0,HOUSTON,2.245,False,False
3770,7145,7404,1,221.0,48.238,21.827,T1_normal,-95.411,29.777,115.0,-95.411,29.777,115.0,line,115.0,0.0,HOUSTON,25.157,False,False
3771,7147,7330,1,201.6,98.027,48.624,T1_normal,-95.411,29.777,115.0,-95.411,29.777,115.0,line,115.0,0.0,HOUSTON,35.961,False,False
3772,7147,7336,1,221.0,134.96,61.068,T1_normal,-95.411,29.777,115.0,-95.568,29.624,115.0,line,115.0,14.147,HOUSTON,48.574,False,False
3773,7147,7336,1,221.0,134.96,61.068,T1_normal,-95.411,29.777,115.0,-95.568,29.624,115.0,line,115.0,14.147,HOUSTON,48.574,False,False
3774,7336,7147,1,221.0,134.96,61.068,T1_normal,-95.568,29.624,115.0,-95.411,29.777,115.0,line,115.0,14.147,HOUSTON,48.574,False,False
3775,7336,7147,1,221.0,134.96,61.068,T1_normal,-95.568,29.624,115.0,-95.411,29.777,115.0,line,115.0,14.147,HOUSTON,48.574,False,False
3776,7386,7147,1,221.0,166.048,75.135,T1_normal,-95.411,29.777,115.0,-95.411,29.777,115.0,line,115.0,0.0,HOUSTON,61.987,False,False
3777,7386,7147,1,221.0,166.048,75.135,T1_normal,-95.411,29.777,115.0,-95.411,29.777,115.0,line,115.0,0.0,HOUSTON,61.987,False,False
3778,7178,7148,1,221.0,2.081,0.941,T1_normal,-95.411,29.777,115.0,-95.411,29.777,115.0,line,115.0,0.0,HOUSTON,4.321,False,False
3779,7178,7148,1,221.0,2.081,0.941,T1_normal,-95.411,29.777,115.0,-95.411,29.777,115.0,line,115.0,0.0,HOUSTON,4.321,False,False
3780,7148,7242,1,200.0,130.916,65.458,T1_normal,-95.411,29.777,115.0,-95.411,29.777,115.0,line,115.0,0.0,HOUSTON,70.24,False,False
3781,7148,7245,1,98.0,16.825,17.168,T1_normal,-95.411,29.777,115.0,-95.411,29.777,115.0,line,115.0,0.0,HOUSTON,1.859,False,False
3782,7148,7298,1,149.0,9.971,6.692,T1_normal,-95.411,29.777,115.0,-95.411,29.777,115.0,line,115.0,0.0,HOUSTON,15.169,False,False
3783,7148,7365,1,221.0,41.35,18.71,T1_normal,-95.411,29.777,115.0,-95.411,29.777,115.0,line,115.0,0.0,HOUSTON,9.796,False,False
3784,7148,7365,1,221.0,41.35,18.71,T1_normal,-95.411,29.777,115.0,-95.411,29.777,115.0,line,115.0,0.0,HOUSTON,9.796,False,False
3785,7149,7408,1,98.0,0.433,0.442,T1_normal,-96.794,28.696,115.0,-96.543,28.663,115.0,line,115.0,15.414,HOUSTON,6.342,False,False
3786,7151,7150,1,242.0,111.07,45.897,T1_normal,-95.443,30.453,115.0,-95.443,30.453,230.0,transformer,230.0,0.0,HOUSTON,54.428,False,False
3787,7151,7150,1,242.0,111.07,45.897,T1_normal,-95.443,30.453,115.0,-95.443,30.453,230.0,transformer,230.0,0.0,HOUSTON,54.428,False,False
3788,7150,7390,1,750.0,88.808,11.841,T1_normal,-95.443,30.453,230.0,-95.443,30.453,230.0,line,230.0,0.0,HOUSTON,9.063,False,False
3789,7150,7390,1,750.0,88.808,11.841,T1_normal,-95.443,30.453,230.0,-95.443,30.453,230.0,line,230.0,0.0,HOUSTON,9.063,False,False
3790,7150,7420,1,443.0,112.404,25.373,T1_normal,-95.443,30.453,230.0,-95.698,30.187,230.0,line,230.0,23.928,HOUSTON,47.414,False,False
3791,8004,7150,1,647.0,156.927,24.255,T1_normal,-94.737,31.336,230.0,-95.443,30.453,230.0,line,230.0,73.953,NORTH,52.168,False,False
3792,7151,7254,1,221.0,146.37,66.231,T1_normal,-95.443,30.453,115.0,-95.412,30.277,115.0,line,115.0,12.324,HOUSTON,84.915,False,False
3793,7152,7188,1,181.0,108.669,60.038,T1_normal,-95.411,29.777,115.0,-95.411,29.777,115.0,line,115.0,0.0,HOUSTON,55.934,False,False
3794,7152,7188,1,181.0,108.669,60.038,T1_normal,-95.411,29.777,115.0,-95.411,29.777,115.0,line,115.0,0.0,HOUSTON,55.934,False,False
3795,7152,7258,1,140.2,5.635,4.019,T1_normal,-95.411,29.777,115.0,-95.411,29.777,115.0,line,115.0,0.0,HOUSTON,5.843,False,False
3796,7330,7152,1,221.0,48.756,22.062,T1_normal,-95.411,29.777,115.0,-95.411,29.777,115.0,line,115.0,0.0,HOUSTON,23.665,False,False
3797,7330,7152,1,221.0,48.756,22.062,T1_normal,-95.411,29.777,115.0,-95.411,29.777,115.0,line,115.0,0.0,HOUSTON,23.665,False,False
3798,7152,7399,1,221.0,29.425,13.315,T1_normal,-95.411,29.777,115.0,-95.411,29.777,115.0,line,115.0,0.0,HOUSTON,11.525,False,False
3799,7152,7399,1,221.0,29.425,13.315,T1_normal,-95.411,29.777,115.0,-95.411,29.777,115.0,line,115.0,0.0,HOUSTON,11.525,False,False
3800,7154,7157,1,221.0,60.698,27.465,T1_normal,-95.412,30.277,115.0,-95.472,30.112,115.0,line,115.0,11.95,HOUSTON,21.767,False,False
3801,7154,7157,1,221.0,60.698,27.465,T1_normal,-95.412,30.277,115.0,-95.472,30.112,115.0,line,115.0,11.95,HOUSTON,21.767,False,False
3802,7300,7154,1,221.0,26.14,11.828,T1_normal,-95.412,30.277,115.0,-95.412,30.277,115.0,line,115.0,0.0,HOUSTON,4.063,False,False
3803,7154,7411,1,98.0,1.475,1.505,T1_normal,-95.412,30.277,115.0,-95.472,30.112,115.0,line,115.0,11.95,HOUSTON,6.682,False,False
3804,7155,7258,1,98.0,30.057,30.67,T1_normal,-95.411,29.777,115.0,-95.411,29.777,115.0,line,115.0,0.0,HOUSTON,21.405,False,False
3805,7155,7316,1,149.0,124.37,83.47,T2_watch,-95.411,29.777,115.0,-95.411,29.777,115.0,line,115.0,0.0,HOUSTON,69.414,False,False
3806,7157,7156,1,424.0,232.261,54.779,T1_normal,-95.472,30.112,115.0,-95.472,30.112,230.0,transformer,230.0,0.0,HOUSTON,53.172,False,False
3807,7157,7156,1,424.0,232.261,54.779,T1_normal,-95.472,30.112,115.0,-95.472,30.112,230.0,transformer,230.0,0.0,HOUSTON,53.172,False,False
3808,7157,7156,1,424.0,232.261,54.779,T1_normal,-95.472,30.112,115.0,-95.472,30.112,230.0,transformer,230.0,0.0,HOUSTON,53.172,False,False
3809,7176,7156,1,750.0,384.09,51.212,T1_normal,-95.472,30.112,230.0,-95.472,30.112,230.0,line,230.0,0.0,HOUSTON,55.288,False,False
3810,7156,7367,1,750.0,127.193,16.959,T1_normal,-95.472,30.112,230.0,-95.069,29.843,230.0,line,230.0,30.455,HOUSTON,7.315,False,False
3811,7156,7367,1,750.0,127.193,16.959,T1_normal,-95.472,30.112,230.0,-95.069,29.843,230.0,line,230.0,30.455,HOUSTON,7.315,False,False
3812,7157,7295,1,221.0,78.366,35.46,T1_normal,-95.472,30.112,115.0,-95.411,29.777,115.0,line,115.0,23.413,HOUSTON,42.345,False,False
3813,7157,7295,1,221.0,78.366,35.46,T1_normal,-95.472,30.112,115.0,-95.411,29.777,115.0,line,115.0,23.413,HOUSTON,42.345,False,False
3814,7173,7158,1,149.0,45.588,30.596,T1_normal,-95.189,30.05,115.0,-95.189,30.05,115.0,line,115.0,0.0,HOUSTON,35.661,False,False
3815,7158,7291,1,149.0,9.177,6.159,T1_normal,-95.189,30.05,115.0,-95.232,30.006,115.0,line,115.0,3.96,HOUSTON,2.436,False,False
3816,7158,7394,1,221.0,86.707,39.234,T1_normal,-95.189,30.05,115.0,-95.041,30.01,115.0,line,115.0,9.318,HOUSTON,39.687,False,False
3817,7158,7394,1,221.0,86.707,39.234,T1_normal,-95.189,30.05,115.0,-95.041,30.01,115.0,line,115.0,9.318,HOUSTON,39.687,False,False
3818,7160,7159,1,1310.0,1053.665,80.432,T2_watch,-95.411,29.777,230.0,-95.411,29.777,500.0,transformer,500.0,0.0,HOUSTON,78.413,False,False
3819,7162,7159,1,148.6,1.857,1.25,T1_normal,-95.411,29.777,18.0,-95.411,29.777,500.0,transformer,500.0,0.0,HOUSTON,0.0,False,False
3820,7163,7159,1,141.1,1.857,1.316,T1_normal,-95.411,29.777,18.0,-95.411,29.777,500.0,transformer,500.0,0.0,HOUSTON,0.0,False,False
3821,7164,7159,1,89.8,44.735,49.816,T1_normal,-95.411,29.777,18.0,-95.411,29.777,500.0,transformer,500.0,0.0,HOUSTON,12.49,False,False
3822,7165,7159,1,73.6,44.735,60.781,T1_normal,-95.411,29.777,18.0,-95.411,29.777,500.0,transformer,500.0,0.0,HOUSTON,15.239,False,False
3823,7166,7159,1,86.1,44.735,51.957,T1_normal,-95.411,29.777,18.0,-95.411,29.777,500.0,transformer,500.0,0.0,HOUSTON,13.027,False,False
3824,7167,7159,1,87.1,44.735,51.361,T1_normal,-95.411,29.777,18.0,-95.411,29.777,500.0,transformer,500.0,0.0,HOUSTON,12.877,False,False
3825,7168,7159,1,81.9,44.735,54.622,T1_normal,-95.411,29.777,18.0,-95.411,29.777,500.0,transformer,500.0,0.0,HOUSTON,13.695,False,False
3826,7169,7159,1,75.2,44.735,59.488,T1_normal,-95.411,29.777,18.0,-95.411,29.777,500.0,transformer,500.0,0.0,HOUSTON,14.915,False,False
3827,7170,7159,1,81.7,43.071,52.719,T1_normal,-95.411,29.777,18.0,-95.411,29.777,500.0,transformer,500.0,0.0,HOUSTON,13.238,False,False
3828,7159,7175,1,3146.0,558.612,17.756,T1_normal,-95.411,29.777,500.0,-95.472,30.112,500.0,line,500.0,23.413,HOUSTON,8.687,False,False
3829,7199,7159,1,2482.0,660.559,26.614,T1_normal,-95.709,29.966,500.0,-95.411,29.777,500.0,line,500.0,22.075,HOUSTON,35.418,False,False
3830,7199,7159,1,2482.0,660.559,26.614,T1_normal,-95.709,29.966,500.0,-95.411,29.777,500.0,line,500.0,22.075,HOUSTON,35.418,False,False
3831,7159,7227,1,3146.0,972.868,30.924,T1_normal,-95.411,29.777,500.0,-95.411,29.777,500.0,line,500.0,0.0,HOUSTON,39.856,False,False
3832,12704,7159,1,2700.0,340.847,12.624,T1_normal,-95.411,29.777,500.0,-95.411,29.777,500.0,line,500.0,0.0,HOUSTON,1.722,False,False
3833,12704,7159,1,2700.0,340.847,12.624,T1_normal,-95.411,29.777,500.0,-95.411,29.777,500.0,line,500.0,0.0,HOUSTON,1.722,False,False
3834,7161,7160,1,418.0,245.781,58.799,T1_normal,-95.411,29.777,115.0,-95.411,29.777,230.0,transformer,230.0,0.0,HOUSTON,58.647,False,False
3835,7161,7160,1,418.0,245.781,58.799,T1_normal,-95.411,29.777,115.0,-95.411,29.777,230.0,transformer,230.0,0.0,HOUSTON,58.647,False,False
3836,7161,7160,1,418.0,245.781,58.799,T1_normal,-95.411,29.777,115.0,-95.411,29.777,230.0,transformer,230.0,0.0,HOUSTON,58.647,False,False
3837,7187,7160,1,548.0,36.668,6.691,T1_normal,-95.411,29.777,230.0,-95.411,29.777,230.0,line,230.0,0.0,HOUSTON,21.646,False,False
3838,7161,7223,1,132.0,63.243,47.912,T1_normal,-95.411,29.777,115.0,-95.411,29.777,115.0,line,115.0,0.0,HOUSTON,42.509,False,False
3839,7161,7404,1,223.4,163.648,73.253,T1_normal,-95.411,29.777,115.0,-95.411,29.777,115.0,line,115.0,0.0,HOUSTON,72.975,False,False
3840,7161,7404,1,223.4,163.648,73.253,T1_normal,-95.411,29.777,115.0,-95.411,29.777,115.0,line,115.0,0.0,HOUSTON,72.975,False,False
3841,7161,7404,1,223.4,163.648,73.253,T1_normal,-95.411,29.777,115.0,-95.411,29.777,115.0,line,115.0,0.0,HOUSTON,72.975,False,False
3842,7172,7171,1,352.0,28.647,8.138,T1_normal,-94.945,29.39,115.0,-94.945,29.39,230.0,transformer,230.0,0.0,HOUSTON,32.586,False,False
3843,7171,7252,1,443.0,131.892,29.772,T1_normal,-94.945,29.39,230.0,-95.433,29.213,230.0,line,230.0,31.819,HOUSTON,31.768,False,False
3844,7172,7213,1,209.4,26.863,12.829,T1_normal,-94.945,29.39,115.0,-95.082,29.334,115.0,line,115.0,9.072,HOUSTON,6.328,False,False
3845,7172,7232,1,221.0,0.048,0.022,T1_normal,-94.945,29.39,115.0,-94.944,29.379,115.0,line,115.0,0.751,HOUSTON,3.82,False,False
3846,7232,7172,1,221.0,0.048,0.022,T1_normal,-94.944,29.379,115.0,-94.945,29.39,115.0,line,115.0,0.751,HOUSTON,3.82,False,False
3847,7172,12567,1,800.0,148.794,18.599,T1_normal,-94.945,29.39,115.0,-94.945,29.39,500.0,transformer,500.0,0.0,HOUSTON,0.97,False,False
3848,7172,12922,1,213.3,3.435,1.61,T1_normal,-94.945,29.39,115.0,-94.945,29.39,115.0,line,115.0,0.0,HOUSTON,0.0,False,False
3849,7172,12922,1,213.3,3.435,1.61,T1_normal,-94.945,29.39,115.0,-94.945,29.39,115.0,line,115.0,0.0,HOUSTON,0.0,False,False
3850,7172,13152,1,121.8,12.489,10.254,T1_normal,-94.945,29.39,115.0,-94.945,29.39,115.0,line,115.0,0.0,HOUSTON,8.242,False,False
3851,7172,13408,1,113.8,0.006,0.005,T1_normal,-94.945,29.39,115.0,-94.945,29.39,115.0,line,115.0,0.0,HOUSTON,17.914,False,False
3852,7173,7387,1,98.0,33.302,33.981,T1_normal,-95.189,30.05,115.0,-95.232,30.006,115.0,line,115.0,3.96,HOUSTON,16.437,False,False
3853,7174,7231,1,221.0,110.094,49.816,T1_normal,-95.411,29.777,115.0,-95.411,29.777,115.0,line,115.0,0.0,HOUSTON,49.371,False,False
3854,7174,7231,1,221.0,110.094,49.816,T1_normal,-95.411,29.777,115.0,-95.411,29.777,115.0,line,115.0,0.0,HOUSTON,49.371,False,False
3855,7174,7257,1,98.0,72.351,73.828,T1_normal,-95.411,29.777,115.0,-95.315,29.553,115.0,line,115.0,16.513,HOUSTON,56.693,False,False
3856,7301,7174,1,221.0,94.196,42.623,T1_normal,-95.136,29.539,115.0,-95.411,29.777,115.0,line,115.0,23.343,HOUSTON,39.501,False,False
3857,7176,7175,1,1292.0,463.966,35.911,T1_normal,-95.472,30.112,230.0,-95.472,30.112,500.0,transformer,500.0,0.0,HOUSTON,38.734,False,False
3858,7176,7175,1,1292.0,463.966,35.911,T1_normal,-95.472,30.112,230.0,-95.472,30.112,500.0,transformer,500.0,0.0,HOUSTON,38.734,False,False
3859,7175,7389,1,2020.0,377.752,18.701,T1_normal,-95.472,30.112,500.0,-95.443,30.453,500.0,line,500.0,23.656,HOUSTON,63.077,False,False
3860,7177,7176,1,439.0,183.641,41.832,T1_normal,-95.472,30.112,115.0,-95.472,30.112,230.0,transformer,230.0,0.0,HOUSTON,42.549,False,False
3861,7177,7176,1,439.0,183.641,41.832,T1_normal,-95.472,30.112,115.0,-95.472,30.112,230.0,transformer,230.0,0.0,HOUSTON,42.549,False,False
3862,7177,7176,1,439.0,183.641,41.832,T1_normal,-95.472,30.112,115.0,-95.472,30.112,230.0,transformer,230.0,0.0,HOUSTON,42.549,False,False
3863,7176,7200,1,443.0,38.305,8.647,T1_normal,-95.472,30.112,230.0,-95.709,29.966,230.0,line,230.0,17.385,HOUSTON,1.597,False,False
3864,7176,7409,1,443.0,49.263,11.12,T1_normal,-95.472,30.112,230.0,-95.784,29.794,230.0,line,230.0,28.842,HOUSTON,4.238,False,False
3865,7319,7177,1,221.0,71.526,32.365,T1_normal,-95.411,29.777,115.0,-95.472,30.112,115.0,line,115.0,23.413,HOUSTON,25.173,False,False
3866,7319,7177,1,221.0,71.526,32.365,T1_normal,-95.411,29.777,115.0,-95.472,30.112,115.0,line,115.0,23.413,HOUSTON,25.173,False,False
3867,7295,7178,1,149.0,28.13,18.879,T1_normal,-95.411,29.777,115.0,-95.411,29.777,115.0,line,115.0,0.0,HOUSTON,10.916,False,False
3868,7178,7404,1,161.0,88.803,55.157,T1_normal,-95.411,29.777,115.0,-95.411,29.777,115.0,line,115.0,0.0,HOUSTON,55.042,False,False
3869,7178,7404,1,198.7,134.828,67.855,T1_normal,-95.411,29.777,115.0,-95.411,29.777,115.0,line,115.0,0.0,HOUSTON,67.713,False,False
3870,7179,7214,1,140.1,59.003,42.115,T1_normal,-95.475,29.537,115.0,-95.411,29.777,115.0,line,115.0,17.011,HOUSTON,32.025,False,False
3871,7179,7244,1,208.0,146.714,70.536,T1_normal,-95.475,29.537,115.0,-95.31,29.456,115.0,line,115.0,11.394,HOUSTON,59.946,False,False
3872,7179,7257,1,149.0,51.979,34.886,T1_normal,-95.475,29.537,115.0,-95.315,29.553,115.0,line,115.0,9.665,HOUSTON,37.756,False,False
3873,7179,7316,1,127.1,18.987,14.938,T1_normal,-95.475,29.537,115.0,-95.411,29.777,115.0,line,115.0,17.011,HOUSTON,21.617,False,False
3874,7179,7336,1,149.0,3.572,2.397,T1_normal,-95.475,29.537,115.0,-95.568,29.624,115.0,line,115.0,8.222,HOUSTON,4.867,False,False
3875,7180,7216,1,98.0,26.837,27.385,T1_normal,-95.411,29.777,115.0,-95.411,29.777,115.0,line,115.0,0.0,HOUSTON,10.84,False,False
3876,7180,7298,1,221.0,24.227,10.963,T1_normal,-95.411,29.777,115.0,-95.411,29.777,115.0,line,115.0,0.0,HOUSTON,0.419,False,False
3877,7180,7298,1,221.0,24.227,10.963,T1_normal,-95.411,29.777,115.0,-95.411,29.777,115.0,line,115.0,0.0,HOUSTON,0.419,False,False
3878,7388,7180,1,221.0,37.273,16.866,T1_normal,-95.411,29.777,115.0,-95.411,29.777,115.0,line,115.0,0.0,HOUSTON,12.912,False,False
3879,7388,7180,1,221.0,37.273,16.866,T1_normal,-95.411,29.777,115.0,-95.411,29.777,115.0,line,115.0,0.0,HOUSTON,12.912,False,False
3880,7180,7399,1,250.0,107.185,42.874,T1_normal,-95.411,29.777,115.0,-95.411,29.777,115.0,line,115.0,0.0,HOUSTON,34.657,False,False
3881,7180,7399,1,250.0,107.185,42.874,T1_normal,-95.411,29.777,115.0,-95.411,29.777,115.0,line,115.0,0.0,HOUSTON,34.657,False,False
3882,7242,7181,1,450.0,265.16,58.924,T1_normal,-95.411,29.777,115.0,-95.411,29.777,115.0,line,115.0,0.0,HOUSTON,60.834,False,False
3883,7181,7298,1,140.5,23.465,16.701,T1_normal,-95.411,29.777,115.0,-95.411,29.777,115.0,line,115.0,0.0,HOUSTON,5.366,False,False
3884,7385,7181,1,98.0,8.899,9.08,T1_normal,-95.411,29.777,115.0,-95.411,29.777,115.0,line,115.0,0.0,HOUSTON,5.567,False,False
3885,7181,7425,1,105.2,16.733,15.906,T1_normal,-95.411,29.777,115.0,-95.411,29.777,115.0,line,115.0,0.0,HOUSTON,22.191,False,False
3886,7182,7237,1,150.0,127.83,85.22,T2_watch,-96.012,29.793,115.0,-95.98,29.56,115.0,line,115.0,16.169,HOUSTON,67.005,False,False
3887,7183,7258,1,125.2,27.84,22.237,T1_normal,-95.411,29.777,115.0,-95.411,29.777,115.0,line,115.0,0.0,HOUSTON,28.872,False,False
3888,7183,7386,1,300.0,140.881,46.96,T1_normal,-95.411,29.777,115.0,-95.411,29.777,115.0,line,115.0,0.0,HOUSTON,40.893,False,False
3889,7183,7417,1,250.0,19.596,7.838,T1_normal,-95.411,29.777,115.0,-95.411,29.777,115.0,line,115.0,0.0,HOUSTON,6.077,False,False
3890,7183,7418,1,113.8,35.774,31.436,T1_normal,-95.411,29.777,115.0,-95.411,29.777,115.0,line,115.0,0.0,HOUSTON,24.045,False,False
3891,7185,7184,1,2500.0,243.72,9.749,T1_normal,-95.568,29.54,115.0,-95.568,29.54,230.0,transformer,230.0,0.0,HOUSTON,7.599,False,False
3892,7185,7184,1,2500.0,243.72,9.749,T1_normal,-95.568,29.54,115.0,-95.568,29.54,230.0,transformer,230.0,0.0,HOUSTON,7.599,False,False
3893,7185,7184,1,2500.0,243.72,9.749,T1_normal,-95.568,29.54,115.0,-95.568,29.54,230.0,transformer,230.0,0.0,HOUSTON,7.599,False,False
3894,7347,7184,1,750.0,266.548,35.54,T1_normal,-95.633,29.479,230.0,-95.568,29.54,230.0,line,230.0,5.753,HOUSTON,32.807,False,False
3895,7347,7184,1,750.0,266.548,35.54,T1_normal,-95.633,29.479,230.0,-95.568,29.54,230.0,line,230.0,5.753,HOUSTON,32.807,False,False
3896,7347,7184,1,750.0,266.548,35.54,T1_normal,-95.633,29.479,230.0,-95.568,29.54,230.0,line,230.0,5.753,HOUSTON,32.807,False,False
3897,7185,7220,1,203.0,138.067,68.013,T1_normal,-95.568,29.54,115.0,-95.411,29.777,115.0,line,115.0,18.879,HOUSTON,55.594,False,False
3898,7185,7220,1,203.0,138.067,68.013,T1_normal,-95.568,29.54,115.0,-95.411,29.777,115.0,line,115.0,18.879,HOUSTON,55.594,False,False
3899,7185,7220,1,203.0,138.067,68.013,T1_normal,-95.568,29.54,115.0,-95.411,29.777,115.0,line,115.0,18.879,HOUSTON,55.594,False,False
3900,7185,7220,1,203.0,138.067,68.013,T1_normal,-95.568,29.54,115.0,-95.411,29.777,115.0,line,115.0,18.879,HOUSTON,55.594,False,False
3901,7185,7336,1,197.2,119.617,60.658,T1_normal,-95.568,29.54,115.0,-95.568,29.624,115.0,line,115.0,5.801,HOUSTON,49.865,False,False
3902,7185,7348,1,173.3,63.173,36.453,T1_normal,-95.568,29.54,115.0,-95.633,29.479,115.0,line,115.0,5.753,HOUSTON,31.772,False,False
3903,7383,7185,1,221.0,35.706,16.157,T1_normal,-95.435,29.364,115.0,-95.568,29.54,115.0,line,115.0,14.565,HOUSTON,14.808,False,False
3904,7383,7185,1,221.0,35.706,16.157,T1_normal,-95.435,29.364,115.0,-95.568,29.54,115.0,line,115.0,14.565,HOUSTON,14.808,False,False
3905,7185,7397,1,164.0,53.493,32.618,T1_normal,-95.568,29.54,115.0,-95.8,29.563,115.0,line,115.0,14.052,HOUSTON,36.77,False,False
3906,7185,13378,1,103.1,13.969,13.549,T1_normal,-95.568,29.54,115.0,-95.633,29.479,115.0,line,115.0,5.753,HOUSTON,16.786,False,False
3907,7187,7186,1,1600.0,828.739,51.796,T1_normal,-95.411,29.777,230.0,-95.411,29.777,500.0,transformer,500.0,0.0,HOUSTON,44.443,False,False
3908,7187,7186,1,1600.0,828.739,51.796,T1_normal,-95.411,29.777,230.0,-95.411,29.777,500.0,transformer,500.0,0.0,HOUSTON,44.443,False,False
3909,7186,7341,1,2768.0,1381.143,49.897,T1_normal,-95.411,29.777,500.0,-95.784,29.794,500.0,line,500.0,22.395,HOUSTON,52.068,False,False
3910,7346,7186,1,2768.0,1482.263,53.55,T1_normal,-95.633,29.479,500.0,-95.411,29.777,500.0,line,500.0,24.523,HOUSTON,34.401,False,False
3911,7186,12742,1,2330.9,1154.35,49.524,T1_normal,-95.411,29.777,500.0,-95.411,29.777,500.0,line,500.0,0.0,HOUSTON,41.67,False,False
3912,7188,7187,1,600.0,402.594,67.099,T1_normal,-95.411,29.777,115.0,-95.411,29.777,230.0,transformer,230.0,0.0,HOUSTON,61.772,False,False
3913,7188,7187,1,600.0,402.594,67.099,T1_normal,-95.411,29.777,115.0,-95.411,29.777,230.0,transformer,230.0,0.0,HOUSTON,61.772,False,False
3914,7188,7187,1,600.0,402.594,67.099,T1_normal,-95.411,29.777,115.0,-95.411,29.777,230.0,transformer,230.0,0.0,HOUSTON,61.772,False,False
3915,7188,7187,1,600.0,402.594,67.099,T1_normal,-95.411,29.777,115.0,-95.411,29.777,230.0,transformer,230.0,0.0,HOUSTON,61.772,False,False
3916,7187,7401,1,647.0,4.187,0.647,T1_normal,-95.411,29.777,230.0,-95.411,29.777,230.0,line,230.0,0.0,HOUSTON,2.444,False,False
3917,7188,7224,1,143.9,62.832,43.664,T1_normal,-95.411,29.777,115.0,-95.411,29.777,115.0,line,115.0,0.0,HOUSTON,44.832,False,False
3918,7188,7255,1,300.0,97.875,32.625,T1_normal,-95.411,29.777,115.0,-95.411,29.777,115.0,line,115.0,0.0,HOUSTON,29.98,False,False
3919,7188,7255,1,250.0,97.875,39.15,T1_normal,-95.411,29.777,115.0,-95.411,29.777,115.0,line,115.0,0.0,HOUSTON,35.976,False,False
3920,7188,7255,1,300.0,97.875,32.625,T1_normal,-95.411,29.777,115.0,-95.411,29.777,115.0,line,115.0,0.0,HOUSTON,29.98,False,False
3921,7188,7255,1,300.0,97.875,32.625,T1_normal,-95.411,29.777,115.0,-95.411,29.777,115.0,line,115.0,0.0,HOUSTON,29.98,False,False
3922,7188,7255,1,300.0,97.875,32.625,T1_normal,-95.411,29.777,115.0,-95.411,29.777,115.0,line,115.0,0.0,HOUSTON,29.98,False,False
3923,7188,7255,1,300.0,97.875,32.625,T1_normal,-95.411,29.777,115.0,-95.411,29.777,115.0,line,115.0,0.0,HOUSTON,29.98,False,False
3924,7188,7255,1,300.0,97.875,32.625,T1_normal,-95.411,29.777,115.0,-95.411,29.777,115.0,line,115.0,0.0,HOUSTON,29.98,False,False
3925,7188,7255,1,300.0,97.875,32.625,T1_normal,-95.411,29.777,115.0,-95.411,29.777,115.0,line,115.0,0.0,HOUSTON,29.98,False,False
3926,7188,7384,1,202.2,85.218,42.146,T1_normal,-95.411,29.777,115.0,-95.411,29.777,115.0,line,115.0,0.0,HOUSTON,35.126,False,False
3927,7198,7201,1,221.0,66.156,29.935,T1_normal,-95.634,30.078,115.0,-95.709,29.966,115.0,line,115.0,8.957,HOUSTON,32.342,False,False
3928,7198,7201,1,221.0,66.156,29.935,T1_normal,-95.634,30.078,115.0,-95.709,29.966,115.0,line,115.0,8.957,HOUSTON,32.342,False,False
3929,7198,7225,1,221.0,35.972,16.277,T1_normal,-95.634,30.078,115.0,-95.411,29.777,115.0,line,115.0,24.697,HOUSTON,21.091,False,False
3930,7200,7199,1,1344.0,619.035,46.059,T1_normal,-95.709,29.966,230.0,-95.709,29.966,500.0,transformer,500.0,0.0,HOUSTON,41.493,False,False
3931,7199,7331,1,3146.0,372.218,11.831,T1_normal,-95.709,29.966,500.0,-95.143,29.683,500.0,line,500.0,39.116,HOUSTON,21.91,False,False
3932,7201,7200,1,261.0,184.894,70.841,T1_normal,-95.709,29.966,115.0,-95.709,29.966,230.0,transformer,230.0,0.0,HOUSTON,68.546,False,False
3933,7201,7200,1,261.0,184.894,70.841,T1_normal,-95.709,29.966,115.0,-95.709,29.966,230.0,transformer,230.0,0.0,HOUSTON,68.546,False,False
3934,7201,7200,1,261.0,184.894,70.841,T1_normal,-95.709,29.966,115.0,-95.709,29.966,230.0,transformer,230.0,0.0,HOUSTON,68.546,False,False
3935,7420,7200,1,548.0,102.658,18.733,T1_normal,-95.698,30.187,230.0,-95.709,29.966,230.0,line,230.0,15.248,HOUSTON,5.115,False,False
3936,7203,7247,1,98.0,12.061,12.308,T1_normal,-95.681,29.154,115.0,-95.694,29.204,115.0,line,115.0,3.502,HOUSTON,13.713,False,False
3937,7203,7247,1,133.0,39.473,29.679,T1_normal,-95.681,29.154,115.0,-95.694,29.204,115.0,line,115.0,3.502,HOUSTON,33.068,False,False
3938,7203,7313,1,150.0,97.557,65.038,T1_normal,-95.681,29.154,115.0,-95.394,29.002,115.0,line,115.0,20.27,HOUSTON,65.797,False,False
3939,7393,7203,1,269.0,19.917,7.404,T1_normal,-95.968,29.191,115.0,-95.681,29.154,115.0,line,115.0,17.483,HOUSTON,14.805,False,False
3940,7426,7203,1,221.0,21.418,9.691,T1_normal,-95.558,28.961,115.0,-95.681,29.154,115.0,line,115.0,15.301,HOUSTON,6.348,False,False
3941,13040,7203,1,241.8,0.0,0.0,T1_normal,-95.681,29.154,20.0,-95.681,29.154,115.0,transformer,115.0,0.0,HOUSTON,0.0,False,False
3942,7203,13095,1,126.6,19.942,15.752,T1_normal,-95.681,29.154,115.0,-95.681,29.154,115.0,line,115.0,0.0,HOUSTON,19.609,False,False
3943,7203,13404,1,173.3,102.962,59.413,T1_normal,-95.681,29.154,115.0,-95.681,29.154,115.0,line,115.0,0.0,HOUSTON,54.972,False,False
3944,7203,13404,1,173.3,102.962,59.413,T1_normal,-95.681,29.154,115.0,-95.681,29.154,115.0,line,115.0,0.0,HOUSTON,54.972,False,False
3945,7205,7204,1,1324.0,197.653,14.928,T1_normal,-94.932,29.754,230.0,-94.932,29.754,500.0,transformer,500.0,0.0,HOUSTON,15.963,False,False
3946,7263,7204,1,2020.0,40.909,2.025,T1_normal,-95.143,29.683,500.0,-94.932,29.754,500.0,line,500.0,13.56,HOUSTON,3.423,False,False
3947,7204,7428,1,2020.0,291.228,14.417,T1_normal,-94.932,29.754,500.0,-95.363,28.985,500.0,line,500.0,59.109,HOUSTON,12.0,False,False
3948,7206,7205,1,210.0,155.695,74.141,T1_normal,-94.932,29.754,115.0,-94.932,29.754,230.0,transformer,230.0,0.0,HOUSTON,76.089,False,False
3949,7282,7205,1,750.0,20.44,2.725,T1_normal,-94.932,29.754,230.0,-94.932,29.754,230.0,line,230.0,0.0,HOUSTON,3.953,False,False
3950,7206,7294,1,100.0,36.492,36.492,T1_normal,-94.932,29.754,115.0,-94.52,29.507,115.0,line,115.0,30.046,HOUSTON,51.524,False,False
3951,7206,13253,1,139.2,55.124,39.601,T1_normal,-94.932,29.754,115.0,-94.932,29.754,115.0,line,115.0,0.0,HOUSTON,37.213,False,False
3952,7213,7273,1,98.0,17.827,18.191,T1_normal,-95.082,29.334,115.0,-94.945,29.39,115.0,line,115.0,9.072,HOUSTON,28.355,False,False
3953,7293,7213,1,149.0,99.91,67.054,T1_normal,-95.082,29.334,115.0,-95.082,29.334,115.0,line,115.0,0.0,HOUSTON,35.809,False,False
3954,7213,7363,1,98.0,35.459,36.183,T1_normal,-95.082,29.334,115.0,-94.845,29.281,115.0,line,115.0,14.756,HOUSTON,25.723,False,False
3955,7213,13287,1,169.0,103.719,61.372,T1_normal,-95.082,29.334,115.0,-95.219,29.306,115.0,line,115.0,8.482,HOUSTON,69.93,False,False
3956,7213,13287,1,169.0,103.719,61.372,T1_normal,-95.082,29.334,115.0,-95.219,29.306,115.0,line,115.0,8.482,HOUSTON,69.93,False,False
3957,7214,7255,1,175.5,10.124,5.769,T1_normal,-95.411,29.777,115.0,-95.411,29.777,115.0,line,115.0,0.0,HOUSTON,17.247,False,False
3958,7214,7257,1,149.0,9.905,6.648,T1_normal,-95.411,29.777,115.0,-95.315,29.553,115.0,line,115.0,16.513,HOUSTON,10.689,False,False
3959,7214,7297,1,450.0,277.015,61.559,T1_normal,-95.411,29.777,115.0,-95.411,29.777,115.0,line,115.0,0.0,HOUSTON,57.091,False,False
3960,7214,7318,1,142.8,103.354,72.376,T1_normal,-95.411,29.777,115.0,-95.411,29.777,115.0,line,115.0,0.0,HOUSTON,66.175,False,False
3961,7345,7214,1,221.0,78.47,35.507,T1_normal,-95.411,29.777,115.0,-95.411,29.777,115.0,line,115.0,0.0,HOUSTON,31.161,False,False
3962,7345,7214,1,221.0,78.47,35.507,T1_normal,-95.411,29.777,115.0,-95.411,29.777,115.0,line,115.0,0.0,HOUSTON,31.161,False,False
3963,7411,7215,1,221.0,10.733,4.857,T1_normal,-95.472,30.112,115.0,-95.472,30.112,115.0,line,115.0,0.0,HOUSTON,20.784,False,False
3964,7215,7431,1,266.0,131.884,49.58,T1_normal,-95.472,30.112,115.0,-95.412,30.277,115.0,line,115.0,11.95,HOUSTON,59.55,False,False
3965,7216,7382,1,149.0,3.66,2.456,T1_normal,-95.411,29.777,115.0,-95.411,29.777,115.0,line,115.0,0.0,HOUSTON,0.489,False,False
3966,7216,7386,1,98.0,26.088,26.621,T1_normal,-95.411,29.777,115.0,-95.411,29.777,115.0,line,115.0,0.0,HOUSTON,15.838,False,False
3967,7216,7399,1,197.1,143.624,72.868,T1_normal,-95.411,29.777,115.0,-95.411,29.777,115.0,line,115.0,0.0,HOUSTON,65.667,False,False
3968,7249,7217,1,108.0,80.326,74.376,T1_normal,-95.411,29.777,115.0,-95.411,29.777,115.0,line,115.0,0.0,HOUSTON,70.865,False,False
3969,7217,7276,1,150.0,32.664,21.776,T1_normal,-95.411,29.777,115.0,-95.411,29.777,115.0,line,115.0,0.0,HOUSTON,25.301,False,False
3970,7421,7218,1,149.0,17.692,11.874,T1_normal,-95.698,30.187,115.0,-95.686,30.306,115.0,line,115.0,8.294,HOUSTON,42.115,False,False
3971,7218,8009,1,220.0,98.418,44.736,T1_normal,-95.686,30.306,115.0,-95.85,30.316,115.0,line,115.0,9.784,HOUSTON,50.392,False,False
3972,7230,7219,1,149.0,130.358,87.489,T2_watch,-95.97,29.537,115.0,-96.088,29.455,115.0,line,115.0,9.123,HOUSTON,74.702,False,False
3973,7219,7237,1,149.0,74.195,49.795,T1_normal,-96.088,29.455,115.0,-95.98,29.56,115.0,line,115.0,9.735,HOUSTON,33.231,False,False
3974,7413,7219,1,221.0,106.625,48.246,T1_normal,-96.087,29.283,115.0,-96.088,29.455,115.0,line,115.0,11.909,HOUSTON,33.056,False,False
3975,7413,7219,1,221.0,106.625,48.246,T1_normal,-96.087,29.283,115.0,-96.088,29.455,115.0,line,115.0,11.909,HOUSTON,33.056,False,False
3976,12967,7219,1,299.8,0.0,0.0,T1_normal,-96.088,29.455,20.0,-96.088,29.455,115.0,transformer,115.0,0.0,HOUSTON,0.0,False,False
3977,7219,13031,1,182.0,7.446,4.091,T1_normal,-96.088,29.455,115.0,-96.021,29.225,115.0,line,115.0,16.42,HOUSTON,8.771,False,False
3978,7220,7221,1,221.0,50.863,23.015,T1_normal,-95.411,29.777,115.0,-95.411,29.777,115.0,line,115.0,0.0,HOUSTON,16.401,False,False
3979,7221,7220,1,221.0,50.863,23.015,T1_normal,-95.411,29.777,115.0,-95.411,29.777,115.0,line,115.0,0.0,HOUSTON,16.401,False,False
3980,7220,7386,1,128.1,81.467,63.596,T1_normal,-95.411,29.777,115.0,-95.411,29.777,115.0,line,115.0,0.0,HOUSTON,52.052,False,False
3981,7220,7396,1,221.0,3.517,1.592,T1_normal,-95.411,29.777,115.0,-95.411,29.777,115.0,line,115.0,0.0,HOUSTON,6.417,False,False
3982,7221,7296,1,250.0,104.11,41.644,T1_normal,-95.411,29.777,115.0,-95.411,29.777,115.0,line,115.0,0.0,HOUSTON,33.081,False,False
3983,7222,7333,1,125.4,56.319,44.911,T1_normal,-95.411,29.777,115.0,-95.143,29.683,115.0,line,115.0,17.347,HOUSTON,39.407,False,False
3984,7222,7338,1,98.0,16.898,17.242,T1_normal,-95.411,29.777,115.0,-95.411,29.777,115.0,line,115.0,0.0,HOUSTON,19.323,False,False
3985,7222,7362,1,149.0,7.759,5.207,T1_normal,-95.411,29.777,115.0,-95.411,29.777,115.0,line,115.0,0.0,HOUSTON,0.24,False,False
3986,7223,7242,1,169.0,118.425,70.074,T1_normal,-95.411,29.777,115.0,-95.411,29.777,115.0,line,115.0,0.0,HOUSTON,71.465,False,False
3987,7292,7223,1,450.0,331.337,73.63,T1_normal,-95.411,29.777,115.0,-95.411,29.777,115.0,line,115.0,0.0,HOUSTON,67.536,False,False
3988,7292,7223,1,450.0,331.337,73.63,T1_normal,-95.411,29.777,115.0,-95.411,29.777,115.0,line,115.0,0.0,HOUSTON,67.536,False,False
3989,7223,7319,1,220.0,202.052,91.842,T3_prevent,-95.411,29.777,115.0,-95.411,29.777,115.0,line,115.0,0.0,HOUSTON,81.714,False,False
3990,7223,7404,1,221.0,132.15,59.796,T1_normal,-95.411,29.777,115.0,-95.411,29.777,115.0,line,115.0,0.0,HOUSTON,61.081,False,False
3991,7223,7425,1,221.0,211.807,95.84,T3_prevent,-95.411,29.777,115.0,-95.411,29.777,115.0,line,115.0,0.0,HOUSTON,80.895,False,False
3992,7224,7248,1,98.0,47.485,48.454,T1_normal,-95.411,29.777,115.0,-95.411,29.777,115.0,line,115.0,0.0,HOUSTON,49.687,False,False
3993,7224,7258,1,145.0,41.957,28.936,T1_normal,-95.411,29.777,115.0,-95.411,29.777,115.0,line,115.0,0.0,HOUSTON,25.162,False,False
3994,7384,7224,1,220.0,105.078,47.763,T1_normal,-95.411,29.777,115.0,-95.411,29.777,115.0,line,115.0,0.0,HOUSTON,44.012,False,False
3995,7224,7417,1,98.0,35.836,36.567,T1_normal,-95.411,29.777,115.0,-95.411,29.777,115.0,line,115.0,0.0,HOUSTON,46.317,False,False
3996,7246,7225,1,149.0,32.714,21.955,T1_normal,-95.411,29.777,115.0,-95.411,29.777,115.0,line,115.0,0.0,HOUSTON,5.812,False,False
3997,7225,7395,1,98.0,53.937,55.037,T1_normal,-95.411,29.777,115.0,-95.411,29.777,115.0,line,115.0,0.0,HOUSTON,34.418,False,False
3998,7226,7240,1,149.0,22.351,15.001,T1_normal,-95.411,29.777,115.0,-95.411,29.777,115.0,line,115.0,0.0,HOUSTON,11.525,False,False
3999,7226,7250,1,98.0,9.212,9.4,T1_normal,-95.411,29.777,115.0,-95.411,29.777,115.0,line,115.0,0.0,HOUSTON,21.18,False,False
4000,7226,7272,1,149.0,101.536,68.145,T1_normal,-95.411,29.777,115.0,-95.411,29.777,115.0,line,115.0,0.0,HOUSTON,57.66,False,False
4001,7226,7338,1,98.0,25.733,26.258,T1_normal,-95.411,29.777,115.0,-95.411,29.777,115.0,line,115.0,0.0,HOUSTON,23.931,False,False
4002,7228,7227,1,1259.0,412.117,32.734,T1_normal,-95.411,29.777,230.0,-95.411,29.777,500.0,transformer,500.0,0.0,HOUSTON,33.214,False,False
4003,7227,7422,1,2768.0,283.71,10.25,T1_normal,-95.411,29.777,500.0,-95.219,29.306,500.0,line,500.0,34.57,HOUSTON,16.032,False,False
4004,7229,7228,1,467.0,284.679,60.959,T1_normal,-95.411,29.777,115.0,-95.411,29.777,230.0,transformer,230.0,0.0,HOUSTON,57.894,False,False
4005,7229,7228,1,467.0,284.679,60.959,T1_normal,-95.411,29.777,115.0,-95.411,29.777,230.0,transformer,230.0,0.0,HOUSTON,57.894,False,False
4006,7229,7228,1,467.0,284.679,60.959,T1_normal,-95.411,29.777,115.0,-95.411,29.777,230.0,transformer,230.0,0.0,HOUSTON,57.894,False,False
4007,7409,7228,1,443.0,198.301,44.763,T1_normal,-95.784,29.794,230.0,-95.411,29.777,230.0,line,230.0,22.395,HOUSTON,30.51,False,False
4008,7230,7397,1,149.0,132.988,89.254,T2_watch,-95.97,29.537,115.0,-95.8,29.563,115.0,line,115.0,10.331,HOUSTON,76.468,False,False
4009,7265,7231,1,221.0,77.619,35.122,T1_normal,-95.143,29.683,115.0,-95.411,29.777,115.0,line,115.0,17.347,HOUSTON,33.191,False,False
4010,7265,7231,1,221.0,77.619,35.122,T1_normal,-95.143,29.683,115.0,-95.411,29.777,115.0,line,115.0,17.347,HOUSTON,33.191,False,False
4011,7265,7231,1,221.0,77.619,35.122,T1_normal,-95.143,29.683,115.0,-95.411,29.777,115.0,line,115.0,17.347,HOUSTON,33.191,False,False
4012,7265,7231,1,221.0,77.619,35.122,T1_normal,-95.143,29.683,115.0,-95.411,29.777,115.0,line,115.0,17.347,HOUSTON,33.191,False,False
4013,7231,7403,1,221.0,14.235,6.441,T1_normal,-95.411,29.777,115.0,-95.143,29.683,115.0,line,115.0,17.347,HOUSTON,7.466,False,False
4014,7231,7403,1,221.0,14.235,6.441,T1_normal,-95.411,29.777,115.0,-95.143,29.683,115.0,line,115.0,17.347,HOUSTON,7.466,False,False
4015,7273,7232,1,221.0,16.312,7.381,T1_normal,-94.945,29.39,115.0,-94.944,29.379,115.0,line,115.0,0.751,HOUSTON,15.18,False,False
4016,7232,12699,1,600.0,151.061,25.177,T1_normal,-94.944,29.379,115.0,-94.944,29.379,500.0,transformer,500.0,0.0,HOUSTON,2.659,False,False
4017,7232,13152,1,110.0,16.454,14.958,T1_normal,-94.944,29.379,115.0,-94.945,29.39,115.0,line,115.0,0.751,HOUSTON,52.151,False,False
4018,7232,13408,1,162.0,0.597,0.369,T1_normal,-94.944,29.379,115.0,-94.945,29.39,115.0,line,115.0,0.751,HOUSTON,29.912,False,False
4019,7233,7251,1,220.0,156.964,71.347,T1_normal,-95.932,30.08,115.0,-95.834,30.048,115.0,line,115.0,6.293,HOUSTON,37.991,False,False
4020,7251,7235,1,149.0,129.769,87.093,T2_watch,-95.834,30.048,115.0,-95.709,29.966,115.0,line,115.0,9.374,HOUSTON,22.36,False,False
4021,7235,7315,1,221.0,140.695,63.663,T1_normal,-95.709,29.966,115.0,-95.784,29.794,115.0,line,115.0,12.706,HOUSTON,26.765,False,False
4022,7235,7315,1,221.0,140.695,63.663,T1_normal,-95.709,29.966,115.0,-95.784,29.794,115.0,line,115.0,12.706,HOUSTON,26.765,False,False
4023,7236,7245,1,221.0,81.463,36.861,T1_normal,-95.411,29.777,115.0,-95.411,29.777,115.0,line,115.0,0.0,HOUSTON,38.915,False,False
4024,7236,7292,1,221.0,190.676,86.279,T2_watch,-95.411,29.777,115.0,-95.411,29.777,115.0,line,115.0,0.0,HOUSTON,77.2,False,False
4025,7236,7411,1,149.0,50.429,33.845,T1_normal,-95.411,29.777,115.0,-95.472,30.112,115.0,line,115.0,23.413,HOUSTON,25.296,False,False
4026,7237,7247,1,149.0,36.181,24.282,T1_normal,-95.98,29.56,115.0,-95.694,29.204,115.0,line,115.0,30.067,HOUSTON,14.446,False,False
4027,12947,7237,1,313.0,240.0,76.677,T1_normal,-95.98,29.56,20.0,-95.98,29.56,115.0,transformer,115.0,0.0,HOUSTON,76.677,False,False
4028,7238,7392,1,221.0,1.373,0.621,T1_normal,-94.61,30.043,115.0,-94.932,29.754,115.0,line,115.0,27.792,HOUSTON,8.022,False,False
4029,7238,13216,1,139.3,16.0,11.486,T1_normal,-94.61,30.043,115.0,-94.61,30.043,115.0,line,115.0,0.0,HOUSTON,11.486,False,False
4030,7238,13216,1,139.3,16.0,11.486,T1_normal,-94.61,30.043,115.0,-94.61,30.043,115.0,line,115.0,0.0,HOUSTON,11.486,False,False
4031,7294,7239,1,98.0,36.378,37.12,T1_normal,-94.52,29.507,115.0,-94.603,29.869,115.0,line,115.0,25.481,HOUSTON,32.499,False,False
4032,7239,7392,1,98.0,20.212,20.625,T1_normal,-94.603,29.869,115.0,-94.932,29.754,115.0,line,115.0,21.269,HOUSTON,25.246,False,False
4033,7240,7272,1,121.4,29.169,24.027,T1_normal,-95.411,29.777,115.0,-95.411,29.777,115.0,line,115.0,0.0,HOUSTON,21.135,False,False
4034,7240,7417,1,142.9,66.914,46.826,T1_normal,-95.411,29.777,115.0,-95.411,29.777,115.0,line,115.0,0.0,HOUSTON,52.42,False,False
4035,13276,7240,1,148.3,2.063,1.391,T1_normal,-95.411,29.777,20.0,-95.411,29.777,115.0,transformer,115.0,0.0,HOUSTON,0.0,False,False
4036,7241,7362,1,98.0,26.111,26.644,T1_normal,-95.411,29.777,115.0,-95.411,29.777,115.0,line,115.0,0.0,HOUSTON,16.974,False,False
4037,7241,7362,1,105.9,28.478,26.892,T1_normal,-95.411,29.777,115.0,-95.411,29.777,115.0,line,115.0,0.0,HOUSTON,17.132,False,False
4038,7241,7388,1,131.2,8.313,6.336,T1_normal,-95.411,29.777,115.0,-95.411,29.777,115.0,line,115.0,0.0,HOUSTON,2.411,False,False
4039,7242,7295,1,220.0,104.779,47.627,T1_normal,-95.411,29.777,115.0,-95.411,29.777,115.0,line,115.0,0.0,HOUSTON,44.17,False,False
4040,7242,7319,1,221.0,4.193,1.897,T1_normal,-95.411,29.777,115.0,-95.411,29.777,115.0,line,115.0,0.0,HOUSTON,6.732,False,False
4041,7242,7319,1,221.0,4.193,1.897,T1_normal,-95.411,29.777,115.0,-95.411,29.777,115.0,line,115.0,0.0,HOUSTON,6.732,False,False
4042,7260,7243,1,267.0,154.011,57.682,T1_normal,-95.069,29.843,115.0,-98.18,31.842,115.0,line,115.0,230.507,HOUSTON,56.587,False,False
4043,7260,7243,1,267.0,154.011,57.682,T1_normal,-95.069,29.843,115.0,-98.18,31.842,115.0,line,115.0,230.507,HOUSTON,56.587,False,False
4044,13015,7243,1,312.5,0.0,0.0,T1_normal,-98.18,31.842,20.0,-98.18,31.842,115.0,transformer,115.0,0.0,HOUSTON,0.0,False,False
4045,7244,7272,1,220.0,167.658,76.208,T1_normal,-95.31,29.456,115.0,-95.411,29.777,115.0,line,115.0,23.04,HOUSTON,62.109,False,False
4046,12782,7244,1,423.7,304.0,71.749,T1_normal,-95.31,29.456,20.0,-95.31,29.456,115.0,transformer,115.0,0.0,HOUSTON,71.749,False,False
4047,7246,7251,1,98.0,131.363,134.044,T6_heavy,-95.411,29.777,115.0,-95.834,30.048,115.0,line,115.0,31.448,HOUSTON,12.211,True,True
4048,7246,7410,1,221.0,111.557,50.479,T1_normal,-95.411,29.777,115.0,-95.784,29.794,115.0,line,115.0,22.395,HOUSTON,30.846,False,False
4049,7246,7410,1,221.0,111.557,50.479,T1_normal,-95.411,29.777,115.0,-95.784,29.794,115.0,line,115.0,22.395,HOUSTON,30.846,False,False
4050,7425,7246,1,98.0,86.908,88.681,T2_watch,-95.411,29.777,115.0,-95.411,29.777,115.0,line,115.0,0.0,HOUSTON,61.084,False,False
4051,7339,7247,1,187.0,124.88,66.78,T1_normal,-95.786,29.346,115.0,-95.694,29.204,115.0,line,115.0,11.279,HOUSTON,61.547,False,False
4052,13081,7247,1,265.4,0.0,0.0,T1_normal,-95.694,29.204,20.0,-95.694,29.204,115.0,transformer,115.0,0.0,HOUSTON,0.0,False,False
4053,7247,13095,1,120.4,22.482,18.672,T1_normal,-95.694,29.204,115.0,-95.681,29.154,115.0,line,115.0,3.502,HOUSTON,19.713,False,False
4054,7247,13271,1,206.8,148.553,71.834,T1_normal,-95.694,29.204,115.0,-95.694,29.204,115.0,line,115.0,0.0,HOUSTON,75.191,False,False
4055,7247,13287,1,133.5,84.568,63.347,T1_normal,-95.694,29.204,115.0,-95.219,29.306,115.0,line,115.0,29.512,HOUSTON,70.532,False,False
4056,7247,13404,1,153.0,83.117,54.325,T1_normal,-95.694,29.204,115.0,-95.681,29.154,115.0,line,115.0,3.502,HOUSTON,57.283,False,False
4057,7362,7248,1,149.0,40.65,27.282,T1_normal,-95.411,29.777,115.0,-95.411,29.777,115.0,line,115.0,0.0,HOUSTON,11.65,False,False
4058,7248,7386,1,221.0,64.675,29.265,T1_normal,-95.411,29.777,115.0,-95.411,29.777,115.0,line,115.0,0.0,HOUSTON,23.452,False,False
4059,7248,7386,1,221.0,64.675,29.265,T1_normal,-95.411,29.777,115.0,-95.411,29.777,115.0,line,115.0,0.0,HOUSTON,23.452,False,False
4060,7249,7255,1,221.0,99.765,45.142,T1_normal,-95.411,29.777,115.0,-95.411,29.777,115.0,line,115.0,0.0,HOUSTON,36.539,False,False
4061,7249,7255,1,221.0,99.765,45.142,T1_normal,-95.411,29.777,115.0,-95.411,29.777,115.0,line,115.0,0.0,HOUSTON,36.539,False,False
4062,7249,7344,1,221.0,29.438,13.32,T1_normal,-95.411,29.777,115.0,-95.411,29.777,115.0,line,115.0,0.0,HOUSTON,5.566,False,False
4063,7249,7344,1,221.0,29.438,13.32,T1_normal,-95.411,29.777,115.0,-95.411,29.777,115.0,line,115.0,0.0,HOUSTON,5.566,False,False
4064,7249,7382,1,98.0,23.356,23.832,T1_normal,-95.411,29.777,115.0,-95.411,29.777,115.0,line,115.0,0.0,HOUSTON,11.687,False,False
4065,7250,7276,1,221.0,53.322,24.128,T1_normal,-95.411,29.777,115.0,-95.411,29.777,115.0,line,115.0,0.0,HOUSTON,15.183,False,False
4066,7250,7276,1,221.0,53.322,24.128,T1_normal,-95.411,29.777,115.0,-95.411,29.777,115.0,line,115.0,0.0,HOUSTON,15.183,False,False
4067,7253,7252,1,198.0,108.849,54.974,T1_normal,-95.433,29.213,115.0,-95.433,29.213,230.0,transformer,230.0,0.0,HOUSTON,58.235,False,False
4068,7312,7252,1,647.0,61.747,9.544,T1_normal,-95.394,29.002,230.0,-95.433,29.213,230.0,line,230.0,14.755,HOUSTON,2.245,False,False
4069,7327,7252,1,443.0,273.957,61.841,T1_normal,-95.9,29.264,230.0,-95.433,29.213,230.0,line,230.0,28.368,HOUSTON,55.266,False,False
4070,7347,7252,1,548.0,28.531,5.206,T1_normal,-95.633,29.479,230.0,-95.433,29.213,230.0,line,230.0,21.98,HOUSTON,4.696,False,False
4071,12766,7252,1,421.5,0.0,0.0,T1_normal,-95.433,29.213,20.0,-95.433,29.213,230.0,transformer,230.0,0.0,HOUSTON,0.0,False,False
4072,7313,7253,1,149.0,43.749,29.362,T1_normal,-95.394,29.002,115.0,-95.433,29.213,115.0,line,115.0,14.755,HOUSTON,32.088,False,False
4073,7253,7412,1,221.0,29.695,13.437,T1_normal,-95.433,29.213,115.0,-95.296,29.282,115.0,line,115.0,9.544,HOUSTON,10.787,False,False
4074,7253,7412,1,221.0,29.695,13.437,T1_normal,-95.433,29.213,115.0,-95.296,29.282,115.0,line,115.0,9.544,HOUSTON,10.787,False,False
4075,7253,12860,1,200.0,35.133,17.567,T1_normal,-95.433,29.213,115.0,-95.433,29.213,115.0,line,115.0,0.0,HOUSTON,24.361,False,False
4076,7253,13232,1,165.0,32.856,19.913,T1_normal,-95.433,29.213,115.0,-95.433,29.213,115.0,line,115.0,0.0,HOUSTON,14.674,False,False
4077,7255,7258,1,221.0,23.812,10.774,T1_normal,-95.411,29.777,115.0,-95.411,29.777,115.0,line,115.0,0.0,HOUSTON,10.584,False,False
4078,7255,7258,1,221.0,23.812,10.774,T1_normal,-95.411,29.777,115.0,-95.411,29.777,115.0,line,115.0,0.0,HOUSTON,10.584,False,False
4079,7255,7399,1,250.0,96.94,38.776,T1_normal,-95.411,29.777,115.0,-95.411,29.777,115.0,line,115.0,0.0,HOUSTON,35.556,False,False
4080,7255,7399,1,250.0,96.94,38.776,T1_normal,-95.411,29.777,115.0,-95.411,29.777,115.0,line,115.0,0.0,HOUSTON,35.556,False,False
4081,7255,7399,1,250.0,96.94,38.776,T1_normal,-95.411,29.777,115.0,-95.411,29.777,115.0,line,115.0,0.0,HOUSTON,35.556,False,False
4082,7255,7399,1,250.0,96.94,38.776,T1_normal,-95.411,29.777,115.0,-95.411,29.777,115.0,line,115.0,0.0,HOUSTON,35.556,False,False
4083,7256,7297,1,450.0,269.061,59.791,T1_normal,-95.411,29.777,115.0,-95.411,29.777,115.0,line,115.0,0.0,HOUSTON,57.031,False,False
4084,7256,7336,1,93.3,9.337,10.008,T1_normal,-95.411,29.777,115.0,-95.568,29.624,115.0,line,115.0,14.147,HOUSTON,2.983,False,False
4085,7257,7317,1,221.0,27.35,12.375,T1_normal,-95.315,29.553,115.0,-95.192,29.515,115.0,line,115.0,7.842,HOUSTON,14.775,False,False
4086,7257,7317,1,221.0,27.35,12.375,T1_normal,-95.315,29.553,115.0,-95.192,29.515,115.0,line,115.0,7.842,HOUSTON,14.775,False,False
4087,7257,7412,1,244.2,144.148,59.028,T1_normal,-95.315,29.553,115.0,-95.296,29.282,115.0,line,115.0,18.818,HOUSTON,47.866,False,False
4088,7257,7412,1,244.2,144.148,59.028,T1_normal,-95.315,29.553,115.0,-95.296,29.282,115.0,line,115.0,18.818,HOUSTON,47.866,False,False
4089,7258,7384,1,121.3,59.073,48.7,T1_normal,-95.411,29.777,115.0,-95.411,29.777,115.0,line,115.0,0.0,HOUSTON,43.994,False,False
4090,7259,7403,1,221.0,15.269,6.909,T1_normal,-95.411,29.777,115.0,-95.143,29.683,115.0,line,115.0,17.347,HOUSTON,11.427,False,False
4091,7259,7403,1,221.0,15.269,6.909,T1_normal,-95.411,29.777,115.0,-95.143,29.683,115.0,line,115.0,17.347,HOUSTON,11.427,False,False
4092,7368,7260,1,221.0,16.222,7.34,T1_normal,-95.069,29.843,115.0,-95.069,29.843,115.0,line,115.0,0.0,HOUSTON,12.087,False,False
4093,7368,7260,1,221.0,16.222,7.34,T1_normal,-95.069,29.843,115.0,-95.069,29.843,115.0,line,115.0,0.0,HOUSTON,12.087,False,False
4094,7368,7260,1,221.0,16.222,7.34,T1_normal,-95.069,29.843,115.0,-95.069,29.843,115.0,line,115.0,0.0,HOUSTON,12.087,False,False
4095,7260,12743,1,600.0,383.997,64.0,T1_normal,-95.069,29.843,115.0,-95.069,29.843,500.0,transformer,500.0,0.0,HOUSTON,57.78,False,False
4096,7262,7261,1,305.0,164.811,54.036,T1_normal,-95.923,28.926,115.0,-95.923,28.926,230.0,transformer,230.0,0.0,HOUSTON,41.987,False,False
4097,7261,7429,1,548.0,357.117,65.167,T1_normal,-95.923,28.926,230.0,-95.363,28.985,230.0,line,230.0,34.105,HOUSTON,54.07,False,False
4098,13196,7261,1,208.1,0.0,0.0,T1_normal,-95.923,28.926,20.0,-95.923,28.926,230.0,transformer,230.0,0.0,HOUSTON,0.0,False,False
4099,7262,7302,1,149.0,97.261,65.276,T1_normal,-95.923,28.926,115.0,-95.719,29.017,115.0,line,115.0,13.881,HOUSTON,45.519,False,False
4100,7262,12935,1,224.5,63.334,28.211,T1_normal,-95.923,28.926,115.0,-95.923,28.926,115.0,line,115.0,0.0,HOUSTON,21.455,False,False
4101,7262,12935,1,224.5,63.334,28.211,T1_normal,-95.923,28.926,115.0,-95.923,28.926,115.0,line,115.0,0.0,HOUSTON,21.455,False,False
4102,7262,13402,1,157.0,122.187,77.826,T1_normal,-95.923,28.926,115.0,-95.719,29.017,115.0,line,115.0,13.881,HOUSTON,53.848,False,False
4103,7264,7263,1,1362.0,246.297,18.083,T1_normal,-95.143,29.683,230.0,-95.143,29.683,500.0,transformer,500.0,0.0,HOUSTON,20.096,False,False
4104,7264,7263,1,1362.0,246.297,18.083,T1_normal,-95.143,29.683,230.0,-95.143,29.683,500.0,transformer,500.0,0.0,HOUSTON,20.096,False,False
4105,7266,7263,1,95.6,0.0,0.0,T1_normal,-95.143,29.683,13.8,-95.143,29.683,500.0,transformer,500.0,0.0,HOUSTON,0.0,False,False
4106,7267,7263,1,99.1,0.0,0.0,T1_normal,-95.143,29.683,13.8,-95.143,29.683,500.0,transformer,500.0,0.0,HOUSTON,0.0,False,False
4107,7268,7263,1,112.4,0.0,0.0,T1_normal,-95.143,29.683,13.8,-95.143,29.683,500.0,transformer,500.0,0.0,HOUSTON,0.0,False,False
4108,7269,7263,1,108.1,0.0,0.0,T1_normal,-95.143,29.683,13.8,-95.143,29.683,500.0,transformer,500.0,0.0,HOUSTON,0.0,False,False
4109,7263,7422,1,2193.0,76.603,3.493,T1_normal,-95.143,29.683,500.0,-95.219,29.306,500.0,line,500.0,26.48,HOUSTON,0.742,False,False
4110,7265,7264,1,461.0,211.208,45.815,T1_normal,-95.143,29.683,115.0,-95.143,29.683,230.0,transformer,230.0,0.0,HOUSTON,43.964,False,False
4111,7265,7264,1,461.0,211.208,45.815,T1_normal,-95.143,29.683,115.0,-95.143,29.683,230.0,transformer,230.0,0.0,HOUSTON,43.964,False,False
4112,7264,7332,1,523.0,5.532,1.058,T1_normal,-95.143,29.683,230.0,-95.143,29.683,230.0,line,230.0,0.0,HOUSTON,4.367,False,False
4113,7315,7271,1,149.0,36.076,24.212,T1_normal,-95.784,29.794,115.0,-95.977,29.848,115.0,line,115.0,12.153,HOUSTON,17.798,False,False
4114,7271,7340,1,149.0,77.486,52.004,T1_normal,-95.977,29.848,115.0,-96.108,29.795,115.0,line,115.0,8.653,HOUSTON,45.59,False,False
4115,7316,7272,1,220.0,173.152,78.706,T1_normal,-95.411,29.777,115.0,-95.411,29.777,115.0,line,115.0,0.0,HOUSTON,71.945,False,False
4116,7273,7405,1,167.0,88.503,52.996,T1_normal,-94.945,29.39,115.0,-94.845,29.281,115.0,line,115.0,9.659,HOUSTON,30.752,False,False
4117,7273,12689,1,600.0,189.417,31.57,T1_normal,-94.945,29.39,115.0,-94.945,29.39,500.0,transformer,500.0,0.0,HOUSTON,12.651,False,False
4118,7275,7274,1,143.0,15.032,10.512,T1_normal,-97.006,28.747,115.0,-97.006,28.747,230.0,transformer,230.0,0.0,HOUSTON,6.774,False,False
4119,7276,7395,1,221.0,43.401,19.638,T1_normal,-95.411,29.777,115.0,-95.411,29.777,115.0,line,115.0,0.0,HOUSTON,26.173,False,False
4120,7277,7337,1,98.0,1.862,1.9,T1_normal,-96.529,29.109,115.0,-96.69,29.042,115.0,line,115.0,10.758,HOUSTON,0.025,False,False
4121,12988,7277,1,178.2,0.0,0.0,T1_normal,-96.529,29.109,20.0,-96.529,29.109,115.0,transformer,115.0,0.0,HOUSTON,0.0,False,False
4122,12989,7277,1,110.1,0.0,0.0,T1_normal,-96.529,29.109,20.0,-96.529,29.109,115.0,transformer,115.0,0.0,HOUSTON,0.0,False,False
4123,7279,7278,1,172.0,89.048,51.772,T1_normal,-94.902,29.773,115.0,-94.902,29.773,230.0,transformer,230.0,0.0,HOUSTON,55.439,False,False
4124,7280,7278,1,313.7,0.0,0.0,T1_normal,-94.902,29.773,13.8,-94.902,29.773,230.0,transformer,230.0,0.0,HOUSTON,0.0,False,False
4125,7281,7278,1,258.9,0.0,0.0,T1_normal,-94.902,29.773,13.8,-94.902,29.773,230.0,transformer,230.0,0.0,HOUSTON,0.0,False,False
4126,7367,7278,1,443.0,70.809,15.984,T1_normal,-95.069,29.843,230.0,-94.902,29.773,230.0,line,230.0,11.115,HOUSTON,19.47,False,False
4127,12540,7278,1,244.8,0.0,0.0,T1_normal,-94.902,29.773,13.8,-94.902,29.773,230.0,transformer,230.0,0.0,HOUSTON,0.0,False,False
4128,12541,7278,1,293.9,0.0,0.0,T1_normal,-94.902,29.773,13.8,-94.902,29.773,230.0,transformer,230.0,0.0,HOUSTON,0.0,False,False
4129,7279,7283,1,220.0,106.896,48.589,T1_normal,-94.902,29.773,115.0,-94.932,29.754,115.0,line,115.0,2.261,HOUSTON,46.679,False,False
4130,7392,7279,1,221.0,68.872,31.164,T1_normal,-94.932,29.754,115.0,-94.902,29.773,115.0,line,115.0,2.261,HOUSTON,28.085,False,False
4131,7279,13253,1,134.1,43.176,32.197,T1_normal,-94.902,29.773,115.0,-94.932,29.754,115.0,line,115.0,2.261,HOUSTON,27.841,False,False
4132,7283,7282,1,145.0,99.208,68.419,T1_normal,-94.932,29.754,115.0,-94.932,29.754,230.0,transformer,230.0,0.0,HOUSTON,70.886,False,False
4133,7284,7282,1,263.8,0.0,0.0,T1_normal,-94.932,29.754,13.2,-94.932,29.754,230.0,transformer,230.0,0.0,HOUSTON,0.0,False,False
4134,7285,7282,1,206.8,0.0,0.0,T1_normal,-94.932,29.754,13.2,-94.932,29.754,230.0,transformer,230.0,0.0,HOUSTON,0.0,False,False
4135,7286,7282,1,233.3,0.0,0.0,T1_normal,-94.932,29.754,13.2,-94.932,29.754,230.0,transformer,230.0,0.0,HOUSTON,0.0,False,False
4136,7282,7332,1,443.0,8.6,1.941,T1_normal,-94.932,29.754,230.0,-95.143,29.683,230.0,line,230.0,13.56,HOUSTON,0.806,False,False
4137,7282,7367,1,523.0,51.392,9.826,T1_normal,-94.932,29.754,230.0,-95.069,29.843,230.0,line,230.0,10.264,HOUSTON,18.477,False,False
4138,7283,13253,1,122.5,37.208,30.374,T1_normal,-94.932,29.754,115.0,-94.932,29.754,115.0,line,115.0,0.0,HOUSTON,23.782,False,False
4139,7411,7290,1,98.0,8.712,8.889,T1_normal,-95.472,30.112,115.0,-95.472,30.112,115.0,line,115.0,0.0,HOUSTON,7.823,False,False
4140,7291,7295,1,173.0,107.797,62.31,T1_normal,-95.232,30.006,115.0,-95.411,29.777,115.0,line,115.0,19.106,HOUSTON,75.506,False,False
4141,7291,7387,1,102.6,8.781,8.559,T1_normal,-95.232,30.006,115.0,-95.232,30.006,115.0,line,115.0,0.0,HOUSTON,13.033,False,False
4142,7292,12704,1,2100.0,961.396,45.781,T1_normal,-95.411,29.777,115.0,-95.411,29.777,500.0,transformer,500.0,0.0,HOUSTON,42.887,False,False
4143,7292,12704,1,2100.0,961.396,45.781,T1_normal,-95.411,29.777,115.0,-95.411,29.777,500.0,transformer,500.0,0.0,HOUSTON,42.887,False,False
4144,7424,7293,1,149.0,82.16,55.141,T1_normal,-95.219,29.306,115.0,-95.082,29.334,115.0,line,115.0,8.482,HOUSTON,23.896,False,False
4145,7294,7405,1,98.0,11.365,11.597,T1_normal,-94.52,29.507,115.0,-94.845,29.281,115.0,line,115.0,25.017,HOUSTON,8.361,False,False
4146,7296,7427,1,98.0,25.937,26.466,T1_normal,-95.411,29.777,115.0,-95.411,29.777,115.0,line,115.0,0.0,HOUSTON,30.752,False,False
4147,7296,7427,1,110.3,32.987,29.907,T1_normal,-95.411,29.777,115.0,-95.411,29.777,115.0,line,115.0,0.0,HOUSTON,34.75,False,False
4148,7316,7297,1,450.0,280.432,62.318,T1_normal,-95.411,29.777,115.0,-95.411,29.777,115.0,line,115.0,0.0,HOUSTON,59.339,False,False
4149,7297,7384,1,450.0,422.628,93.917,T3_prevent,-95.411,29.777,115.0,-95.411,29.777,115.0,line,115.0,0.0,HOUSTON,82.803,False,False
4150,7297,12742,1,1800.0,677.384,37.632,T1_normal,-95.411,29.777,115.0,-95.411,29.777,500.0,transformer,500.0,0.0,HOUSTON,34.638,False,False
4151,7297,12742,1,1800.0,677.384,37.632,T1_normal,-95.411,29.777,115.0,-95.411,29.777,500.0,transformer,500.0,0.0,HOUSTON,34.638,False,False
4152,7298,7362,1,98.0,8.747,8.926,T1_normal,-95.411,29.777,115.0,-95.411,29.777,115.0,line,115.0,0.0,HOUSTON,9.538,False,False
4153,7298,7395,1,149.0,65.183,43.747,T1_normal,-95.411,29.777,115.0,-95.411,29.777,115.0,line,115.0,0.0,HOUSTON,51.02,False,False
4154,7364,7299,1,98.0,94.169,96.091,T3_prevent,-96.219,29.522,115.0,-96.385,29.397,115.0,line,115.0,13.184,HOUSTON,73.65,False,False
4155,7413,7299,1,149.0,122.369,82.127,T2_watch,-96.087,29.283,115.0,-96.385,29.397,115.0,line,115.0,19.576,HOUSTON,67.367,False,False
4156,7301,7318,1,149.0,40.804,27.385,T1_normal,-95.136,29.539,115.0,-95.411,29.777,115.0,line,115.0,23.343,HOUSTON,32.015,False,False
4157,7302,7426,1,221.0,21.566,9.758,T1_normal,-95.719,29.017,115.0,-95.558,28.961,115.0,line,115.0,10.467,HOUSTON,10.764,False,False
4158,7302,12690,1,130.9,19.631,14.997,T1_normal,-95.719,29.017,115.0,-95.745,29.073,115.0,line,115.0,4.138,HOUSTON,8.802,False,False
4159,7302,13097,1,126.0,28.822,22.875,T1_normal,-95.719,29.017,115.0,-95.719,29.017,115.0,line,115.0,0.0,HOUSTON,13.431,False,False
4160,7302,13422,1,115.2,2.712,2.354,T1_normal,-95.719,29.017,115.0,-96.087,29.283,115.0,line,115.0,28.821,HOUSTON,7.76,False,False
4161,7303,7393,1,98.0,85.026,86.761,T2_watch,-96.354,28.858,115.0,-95.968,29.191,115.0,line,115.0,32.796,HOUSTON,54.218,False,False
4162,7303,13426,1,121.2,36.902,30.447,T1_normal,-96.354,28.858,115.0,-95.923,28.926,115.0,line,115.0,26.482,HOUSTON,22.266,False,False
4163,7305,7304,1,1160.0,559.051,48.194,T1_normal,-96.087,29.283,230.0,-96.087,29.283,500.0,transformer,500.0,0.0,HOUSTON,35.665,False,False
4164,7307,7304,1,585.7,398.028,67.958,T1_normal,-96.087,29.283,24.0,-96.087,29.283,500.0,transformer,500.0,0.0,HOUSTON,16.359,False,False
4165,7308,7304,1,396.9,0.0,0.0,T1_normal,-96.087,29.283,24.0,-96.087,29.283,500.0,transformer,500.0,0.0,HOUSTON,0.0,False,False
4166,7309,7304,1,450.8,0.0,0.0,T1_normal,-96.087,29.283,24.0,-96.087,29.283,500.0,transformer,500.0,0.0,HOUSTON,0.0,False,False
4167,7341,7304,1,2407.0,1540.567,64.004,T1_normal,-95.784,29.794,500.0,-96.087,29.283,500.0,line,500.0,39.75,HOUSTON,36.423,False,False
4168,7304,12574,1,2698.0,1920.292,71.175,T1_normal,-96.087,29.283,500.0,-96.087,29.283,500.0,line,500.0,0.0,HOUSTON,56.967,False,False
4169,7304,12747,1,3461.0,1188.537,34.341,T1_normal,-96.087,29.283,500.0,-96.142,29.159,500.0,line,500.0,9.153,HOUSTON,20.785,False,False
4170,7306,7305,1,305.0,68.277,22.386,T1_normal,-96.087,29.283,115.0,-96.087,29.283,230.0,transformer,230.0,0.0,HOUSTON,15.477,False,False
4171,7305,7327,1,443.0,257.933,58.224,T1_normal,-96.087,29.283,230.0,-95.9,29.264,230.0,line,230.0,11.378,HOUSTON,50.084,False,False
4172,7306,7413,1,307.0,201.672,65.691,T1_normal,-96.087,29.283,115.0,-96.087,29.283,115.0,line,115.0,0.0,HOUSTON,52.07,False,False
4173,7306,7413,1,307.0,201.672,65.691,T1_normal,-96.087,29.283,115.0,-96.087,29.283,115.0,line,115.0,0.0,HOUSTON,52.07,False,False
4174,7306,12573,1,222.5,161.107,72.408,T1_normal,-96.087,29.283,115.0,-96.087,29.283,115.0,line,115.0,0.0,HOUSTON,56.722,False,False
4175,7306,12573,1,222.5,161.107,72.408,T1_normal,-96.087,29.283,115.0,-96.087,29.283,115.0,line,115.0,0.0,HOUSTON,56.722,False,False
4176,7306,12573,1,222.5,161.107,72.408,T1_normal,-96.087,29.283,115.0,-96.087,29.283,115.0,line,115.0,0.0,HOUSTON,56.722,False,False
4177,7313,7312,1,168.0,10.081,6.001,T1_normal,-95.394,29.002,115.0,-95.394,29.002,230.0,transformer,230.0,0.0,HOUSTON,11.676,False,False
4178,7312,7321,1,548.0,174.354,31.816,T1_normal,-95.394,29.002,230.0,-95.363,28.985,230.0,line,230.0,2.219,HOUSTON,24.333,False,False
4179,7312,7429,1,548.0,110.988,20.253,T1_normal,-95.394,29.002,230.0,-95.363,28.985,230.0,line,230.0,2.219,HOUSTON,23.127,False,False
4180,13354,7312,1,122.9,0.0,0.0,T1_normal,-95.394,29.002,20.0,-95.394,29.002,230.0,transformer,230.0,0.0,HOUSTON,0.0,False,False
4181,7313,7430,1,98.0,2.335,2.383,T1_normal,-95.394,29.002,115.0,-95.363,28.985,115.0,line,115.0,2.219,HOUSTON,2.947,False,False
4182,7313,7430,1,149.2,16.646,11.157,T1_normal,-95.394,29.002,115.0,-95.363,28.985,115.0,line,115.0,2.219,HOUSTON,13.796,False,False
4183,7313,12994,1,128.9,27.409,21.264,T1_normal,-95.394,29.002,115.0,-95.363,28.985,115.0,line,115.0,2.219,HOUSTON,12.652,False,False
4184,7340,7314,1,220.0,89.528,40.695,T1_normal,-96.108,29.795,115.0,-96.253,29.987,115.0,line,115.0,15.862,HOUSTON,51.557,False,False
4185,7316,7383,1,221.0,55.585,25.152,T1_normal,-95.411,29.777,115.0,-95.435,29.364,115.0,line,115.0,28.582,HOUSTON,19.318,False,False
4186,7316,7383,1,221.0,55.585,25.152,T1_normal,-95.411,29.777,115.0,-95.435,29.364,115.0,line,115.0,28.582,HOUSTON,19.318,False,False
4187,7317,7424,1,221.0,69.847,31.605,T1_normal,-95.192,29.515,115.0,-95.219,29.306,115.0,line,115.0,14.547,HOUSTON,27.869,False,False
4188,7317,7424,1,221.0,69.847,31.605,T1_normal,-95.192,29.515,115.0,-95.219,29.306,115.0,line,115.0,14.547,HOUSTON,27.869,False,False
4189,7317,7424,1,221.0,69.847,31.605,T1_normal,-95.192,29.515,115.0,-95.219,29.306,115.0,line,115.0,14.547,HOUSTON,27.869,False,False
4190,7317,7424,1,221.0,69.847,31.605,T1_normal,-95.192,29.515,115.0,-95.219,29.306,115.0,line,115.0,14.547,HOUSTON,27.869,False,False
4191,7318,7382,1,149.0,14.581,9.786,T1_normal,-95.411,29.777,115.0,-95.411,29.777,115.0,line,115.0,0.0,HOUSTON,14.004,False,False
4192,7318,7382,1,137.3,17.698,12.89,T1_normal,-95.411,29.777,115.0,-95.411,29.777,115.0,line,115.0,0.0,HOUSTON,18.447,False,False
4193,7321,7320,1,1000.0,119.633,11.963,T1_normal,-95.363,28.985,230.0,-95.363,28.985,500.0,transformer,500.0,0.0,HOUSTON,6.837,False,False
4194,7323,7320,1,200.6,0.0,0.0,T1_normal,-95.363,28.985,13.8,-95.363,28.985,500.0,transformer,500.0,0.0,HOUSTON,0.0,False,False
4195,7324,7320,1,93.5,0.0,0.0,T1_normal,-95.363,28.985,13.8,-95.363,28.985,500.0,transformer,500.0,0.0,HOUSTON,0.0,False,False
4196,7325,7320,1,97.7,0.0,0.0,T1_normal,-95.363,28.985,13.8,-95.363,28.985,500.0,transformer,500.0,0.0,HOUSTON,0.0,False,False
4197,7326,7320,1,111.7,0.0,0.0,T1_normal,-95.363,28.985,13.8,-95.363,28.985,500.0,transformer,500.0,0.0,HOUSTON,0.0,False,False
4198,7320,7422,1,2020.0,119.633,5.922,T1_normal,-95.363,28.985,500.0,-95.219,29.306,500.0,line,500.0,23.824,HOUSTON,3.385,False,False
4199,7322,7321,1,128.4,54.721,42.617,T1_normal,-95.363,28.985,115.0,-95.363,28.985,230.0,transformer,230.0,0.0,HOUSTON,50.601,False,False
4200,7322,7380,1,149.0,54.721,36.725,T1_normal,-95.363,28.985,115.0,-95.363,28.985,115.0,line,115.0,0.0,HOUSTON,43.605,False,False
4201,7328,7327,1,172.0,16.024,9.316,T1_normal,-95.9,29.264,115.0,-95.9,29.264,230.0,transformer,230.0,0.0,HOUSTON,13.345,False,False
4202,7329,7327,1,99.0,0.0,0.0,T1_normal,-95.9,29.264,13.8,-95.9,29.264,230.0,transformer,230.0,0.0,HOUSTON,0.0,False,False
4203,7328,7339,1,149.0,16.024,10.755,T1_normal,-95.9,29.264,115.0,-95.786,29.346,115.0,line,115.0,8.898,HOUSTON,15.405,False,False
4204,7362,7330,1,98.0,82.811,84.501,T2_watch,-95.411,29.777,115.0,-95.411,29.777,115.0,line,115.0,0.0,HOUSTON,65.764,False,False
4205,7330,7399,1,112.6,13.28,11.794,T1_normal,-95.411,29.777,115.0,-95.411,29.777,115.0,line,115.0,0.0,HOUSTON,14.724,False,False
4206,7332,7331,1,1122.0,354.388,31.585,T1_normal,-95.143,29.683,230.0,-95.143,29.683,500.0,transformer,500.0,0.0,HOUSTON,31.308,False,False
4207,7334,7331,1,281.5,0.0,0.0,T1_normal,-95.143,29.683,20.0,-95.143,29.683,500.0,transformer,500.0,0.0,HOUSTON,0.0,False,False
4208,7335,7331,1,211.9,0.0,0.0,T1_normal,-95.143,29.683,20.0,-95.143,29.683,500.0,transformer,500.0,0.0,HOUSTON,0.0,False,False
4209,7331,7400,1,2768.0,1470.572,53.128,T1_normal,-95.143,29.683,500.0,-95.411,29.777,500.0,line,500.0,17.347,HOUSTON,47.052,False,False
4210,12552,7331,1,217.3,0.0,0.0,T1_normal,-95.143,29.683,20.0,-95.143,29.683,500.0,transformer,500.0,0.0,HOUSTON,0.0,False,False
4211,12553,7331,1,229.5,0.0,0.0,T1_normal,-95.143,29.683,20.0,-95.143,29.683,500.0,transformer,500.0,0.0,HOUSTON,0.0,False,False
4212,7333,7332,1,280.8,186.395,66.38,T1_normal,-95.143,29.683,115.0,-95.143,29.683,230.0,transformer,230.0,0.0,HOUSTON,62.526,False,False
4213,7333,7332,1,280.8,186.395,66.38,T1_normal,-95.143,29.683,115.0,-95.143,29.683,230.0,transformer,230.0,0.0,HOUSTON,62.526,False,False
4214,7333,7332,1,280.8,186.395,66.38,T1_normal,-95.143,29.683,115.0,-95.143,29.683,230.0,transformer,230.0,0.0,HOUSTON,62.526,False,False
4215,7401,7332,1,548.0,135.593,24.743,T1_normal,-95.411,29.777,230.0,-95.143,29.683,230.0,line,230.0,17.347,HOUSTON,30.004,False,False
4216,7336,7418,1,221.0,133.286,60.31,T1_normal,-95.568,29.624,115.0,-95.411,29.777,115.0,line,115.0,14.147,HOUSTON,50.948,False,False
4217,7336,7418,1,221.0,133.286,60.31,T1_normal,-95.568,29.624,115.0,-95.411,29.777,115.0,line,115.0,14.147,HOUSTON,50.948,False,False
4218,7345,7338,1,221.0,39.216,17.745,T1_normal,-95.411,29.777,115.0,-95.411,29.777,115.0,line,115.0,0.0,HOUSTON,15.116,False,False
4219,7345,7338,1,221.0,39.216,17.745,T1_normal,-95.411,29.777,115.0,-95.411,29.777,115.0,line,115.0,0.0,HOUSTON,15.116,False,False
4220,7339,7393,1,249.1,81.677,32.789,T1_normal,-95.786,29.346,115.0,-95.968,29.191,115.0,line,115.0,15.299,HOUSTON,17.689,False,False
4221,7339,12696,1,1015.0,654.099,64.443,T1_normal,-95.786,29.346,115.0,-95.786,29.346,500.0,transformer,500.0,0.0,HOUSTON,56.847,False,False
4222,7339,13404,1,194.1,133.159,68.603,T1_normal,-95.786,29.346,115.0,-95.681,29.154,115.0,line,115.0,14.676,HOUSTON,62.312,False,False
4223,7339,13404,1,194.1,133.159,68.603,T1_normal,-95.786,29.346,115.0,-95.681,29.154,115.0,line,115.0,14.676,HOUSTON,62.312,False,False
4224,7339,13404,1,194.1,133.159,68.603,T1_normal,-95.786,29.346,115.0,-95.681,29.154,115.0,line,115.0,14.676,HOUSTON,62.312,False,False
4225,7342,7341,1,1311.0,1038.588,79.221,T1_normal,-95.784,29.794,230.0,-95.784,29.794,500.0,transformer,500.0,0.0,HOUSTON,72.851,False,False
4226,12696,7341,1,2250.0,1711.057,76.047,T1_normal,-95.786,29.346,500.0,-95.784,29.794,500.0,line,500.0,30.974,HOUSTON,47.626,False,False
4227,12704,7341,1,2301.4,2320.735,100.84,T4_light,-95.411,29.777,500.0,-95.784,29.794,500.0,line,500.0,22.395,HOUSTON,78.759,True,True
4228,7343,7342,1,190.0,81.303,42.791,T1_normal,-95.784,29.794,115.0,-95.784,29.794,230.0,transformer,230.0,0.0,HOUSTON,41.715,False,False
4229,7343,7342,1,190.0,81.303,42.791,T1_normal,-95.784,29.794,115.0,-95.784,29.794,230.0,transformer,230.0,0.0,HOUSTON,41.715,False,False
4230,7342,7409,1,750.0,340.324,45.377,T1_normal,-95.784,29.794,230.0,-95.784,29.794,230.0,line,230.0,0.0,HOUSTON,44.137,False,False
4231,7342,7409,1,750.0,340.324,45.377,T1_normal,-95.784,29.794,230.0,-95.784,29.794,230.0,line,230.0,0.0,HOUSTON,44.137,False,False
4232,7344,7404,1,149.0,75.086,50.393,T1_normal,-95.411,29.777,115.0,-95.411,29.777,115.0,line,115.0,0.0,HOUSTON,59.541,False,False
4233,7345,7382,1,221.0,4.362,1.974,T1_normal,-95.411,29.777,115.0,-95.411,29.777,115.0,line,115.0,0.0,HOUSTON,2.217,False,False
4234,7345,7382,1,221.0,4.362,1.974,T1_normal,-95.411,29.777,115.0,-95.411,29.777,115.0,line,115.0,0.0,HOUSTON,2.217,False,False
4235,7347,7346,1,1271.0,742.589,58.426,T1_normal,-95.633,29.479,230.0,-95.633,29.479,500.0,transformer,500.0,0.0,HOUSTON,50.673,False,False
4236,7347,7346,1,1271.0,742.589,58.426,T1_normal,-95.633,29.479,230.0,-95.633,29.479,500.0,transformer,500.0,0.0,HOUSTON,50.673,False,False
4237,7349,7346,1,849.4,175.0,20.603,T1_normal,-95.633,29.479,13.8,-95.633,29.479,500.0,transformer,500.0,0.0,HOUSTON,20.603,False,False
4238,7350,7346,1,847.6,0.0,0.0,T1_normal,-95.633,29.479,13.8,-95.633,29.479,500.0,transformer,500.0,0.0,HOUSTON,0.0,False,False
4239,7351,7346,1,687.5,0.0,0.0,T1_normal,-95.633,29.479,13.8,-95.633,29.479,500.0,transformer,500.0,0.0,HOUSTON,0.0,False,False
4240,7352,7346,1,720.5,0.0,0.0,T1_normal,-95.633,29.479,13.8,-95.633,29.479,500.0,transformer,500.0,0.0,HOUSTON,0.0,False,False
4241,7353,7346,1,759.5,459.264,60.469,T1_normal,-95.633,29.479,13.8,-95.633,29.479,500.0,transformer,500.0,0.0,HOUSTON,14.557,False,False
4242,7354,7346,1,349.0,0.0,0.0,T1_normal,-95.633,29.479,13.8,-95.633,29.479,500.0,transformer,500.0,0.0,HOUSTON,0.0,False,False
4243,7355,7346,1,253.3,140.608,55.51,T1_normal,-95.633,29.479,13.8,-95.633,29.479,500.0,transformer,500.0,0.0,HOUSTON,13.363,False,False
4244,7356,7346,1,240.0,0.0,0.0,T1_normal,-95.633,29.479,13.8,-95.633,29.479,500.0,transformer,500.0,0.0,HOUSTON,0.0,False,False
4245,7357,7346,1,30.0,10.816,36.053,T1_normal,-95.633,29.479,13.8,-95.633,29.479,500.0,transformer,500.0,0.0,HOUSTON,8.679,False,False
4246,7346,12747,1,3834.0,2627.46,68.531,T1_normal,-95.633,29.479,500.0,-96.142,29.159,500.0,line,500.0,37.793,HOUSTON,54.318,False,False
4247,7348,7347,1,407.0,328.503,80.713,T2_watch,-95.633,29.479,115.0,-95.633,29.479,230.0,transformer,230.0,0.0,HOUSTON,64.402,False,False
4248,7348,7347,1,407.0,328.503,80.713,T2_watch,-95.633,29.479,115.0,-95.633,29.479,230.0,transformer,230.0,0.0,HOUSTON,64.402,False,False
4249,7348,12860,1,205.7,73.386,35.676,T1_normal,-95.633,29.479,115.0,-95.433,29.213,115.0,line,115.0,21.98,HOUSTON,19.63,False,False
4250,7348,12860,1,205.7,73.386,35.676,T1_normal,-95.633,29.479,115.0,-95.433,29.213,115.0,line,115.0,21.98,HOUSTON,19.63,False,False
4251,7348,12860,1,205.7,73.386,35.676,T1_normal,-95.633,29.479,115.0,-95.433,29.213,115.0,line,115.0,21.98,HOUSTON,19.63,False,False
4252,7348,13378,1,140.7,70.406,50.04,T1_normal,-95.633,29.479,115.0,-95.633,29.479,115.0,line,115.0,0.0,HOUSTON,38.758,False,False
4253,7380,7363,1,149.0,2.481,1.665,T1_normal,-95.363,28.985,115.0,-94.845,29.281,115.0,line,115.0,37.37,HOUSTON,8.545,False,False
4254,7365,7381,1,250.0,157.481,62.992,T1_normal,-95.411,29.777,115.0,-95.411,29.777,115.0,line,115.0,0.0,HOUSTON,67.905,False,False
4255,7367,7366,1,1249.0,205.815,16.478,T1_normal,-95.069,29.843,230.0,-95.069,29.843,500.0,transformer,500.0,0.0,HOUSTON,13.202,False,False
4256,7367,7366,1,1249.0,205.815,16.478,T1_normal,-95.069,29.843,230.0,-95.069,29.843,500.0,transformer,500.0,0.0,HOUSTON,13.202,False,False
4257,7369,7366,1,201.5,0.0,0.0,T1_normal,-95.069,29.843,18.0,-95.069,29.843,500.0,transformer,500.0,0.0,HOUSTON,0.0,False,False
4258,7370,7366,1,239.1,0.0,0.0,T1_normal,-95.069,29.843,18.0,-95.069,29.843,500.0,transformer,500.0,0.0,HOUSTON,0.0,False,False
4259,7371,7366,1,202.4,0.0,0.0,T1_normal,-95.069,29.843,18.0,-95.069,29.843,500.0,transformer,500.0,0.0,HOUSTON,0.0,False,False
4260,7372,7366,1,192.5,0.0,0.0,T1_normal,-95.069,29.843,18.0,-95.069,29.843,500.0,transformer,500.0,0.0,HOUSTON,0.0,False,False
4261,7373,7366,1,192.1,0.0,0.0,T1_normal,-95.069,29.843,18.0,-95.069,29.843,500.0,transformer,500.0,0.0,HOUSTON,0.0,False,False
4262,7366,7400,1,2295.0,172.304,7.508,T1_normal,-95.069,29.843,500.0,-95.411,29.777,500.0,line,500.0,21.008,HOUSTON,7.592,False,False
4263,7366,7400,1,2391.1,236.883,9.907,T1_normal,-95.069,29.843,500.0,-95.411,29.777,500.0,line,500.0,21.008,HOUSTON,10.018,False,False
4264,7368,7367,1,392.0,11.681,2.98,T1_normal,-95.069,29.843,115.0,-95.069,29.843,230.0,transformer,230.0,0.0,HOUSTON,3.161,False,False
4265,7368,7367,1,392.0,11.681,2.98,T1_normal,-95.069,29.843,115.0,-95.069,29.843,230.0,transformer,230.0,0.0,HOUSTON,3.161,False,False
4266,7368,7367,1,392.0,11.681,2.98,T1_normal,-95.069,29.843,115.0,-95.069,29.843,230.0,transformer,230.0,0.0,HOUSTON,3.161,False,False
4267,7368,7402,1,133.8,6.244,4.666,T1_normal,-95.069,29.843,115.0,-95.411,29.777,115.0,line,115.0,21.008,HOUSTON,5.94,False,False
4268,13384,7380,1,101.0,0.0,0.0,T1_normal,-95.363,28.985,20.0,-95.363,28.985,115.0,transformer,115.0,0.0,HOUSTON,0.0,False,False
4269,7383,7412,1,226.2,38.568,17.05,T1_normal,-95.435,29.364,115.0,-95.296,29.282,115.0,line,115.0,10.157,HOUSTON,2.39,False,False
4270,7383,7412,1,226.2,38.568,17.05,T1_normal,-95.435,29.364,115.0,-95.296,29.282,115.0,line,115.0,10.157,HOUSTON,2.39,False,False
4271,7383,12862,1,600.0,210.111,35.019,T1_normal,-95.435,29.364,115.0,-95.435,29.364,500.0,transformer,500.0,0.0,HOUSTON,39.232,False,False
4272,7383,13101,1,116.3,19.074,16.4,T1_normal,-95.435,29.364,115.0,-95.733,29.48,115.0,line,115.0,19.642,HOUSTON,8.407,False,False
4273,7385,7404,1,98.0,56.165,57.311,T1_normal,-95.411,29.777,115.0,-95.411,29.777,115.0,line,115.0,0.0,HOUSTON,69.319,False,False
4274,7388,7427,1,118.4,27.731,23.422,T1_normal,-95.411,29.777,115.0,-95.411,29.777,115.0,line,115.0,0.0,HOUSTON,12.18,False,False
4275,7390,7389,1,1278.0,534.962,41.859,T1_normal,-95.443,30.453,230.0,-95.443,30.453,500.0,transformer,500.0,0.0,HOUSTON,49.289,False,False
4276,7389,8030,1,2020.0,912.714,45.184,T1_normal,-95.443,30.453,500.0,-95.974,30.66,500.0,line,500.0,34.673,HOUSTON,94.261,False,False
4277,7391,7390,1,127.2,67.414,52.999,T1_normal,-95.443,30.453,115.0,-95.443,30.453,230.0,transformer,230.0,0.0,HOUSTON,63.839,False,False
4278,7391,7390,1,127.2,67.414,52.999,T1_normal,-95.443,30.453,115.0,-95.443,30.453,230.0,transformer,230.0,0.0,HOUSTON,63.839,False,False
4279,7393,12544,1,800.0,139.476,17.435,T1_normal,-95.968,29.191,115.0,-95.968,29.191,500.0,transformer,500.0,0.0,HOUSTON,6.258,False,False
4280,13254,7394,1,112.3,67.2,59.84,T1_normal,-95.041,30.01,20.0,-95.041,30.01,115.0,transformer,115.0,0.0,HOUSTON,59.84,False,False
4281,13255,7394,1,111.6,0.0,0.0,T1_normal,-95.041,30.01,20.0,-95.041,30.01,115.0,transformer,115.0,0.0,HOUSTON,0.0,False,False
4282,7396,7410,1,221.0,65.674,29.717,T1_normal,-95.411,29.777,115.0,-95.784,29.794,115.0,line,115.0,22.395,HOUSTON,33.449,False,False
4283,7396,7410,1,221.0,65.674,29.717,T1_normal,-95.411,29.777,115.0,-95.784,29.794,115.0,line,115.0,22.395,HOUSTON,33.449,False,False
4284,7396,7410,1,221.0,65.674,29.717,T1_normal,-95.411,29.777,115.0,-95.784,29.794,115.0,line,115.0,22.395,HOUSTON,33.449,False,False
4285,7397,12879,1,211.7,83.602,39.491,T1_normal,-95.8,29.563,115.0,-96.021,29.225,115.0,line,115.0,26.865,HOUSTON,40.451,False,False
4286,7397,12879,1,211.7,83.602,39.491,T1_normal,-95.8,29.563,115.0,-96.021,29.225,115.0,line,115.0,26.865,HOUSTON,40.451,False,False
4287,7397,12972,1,131.2,40.938,31.203,T1_normal,-95.8,29.563,115.0,-95.786,29.346,115.0,line,115.0,15.031,HOUSTON,26.287,False,False
4288,13346,7397,1,140.8,0.0,0.0,T1_normal,-95.8,29.563,20.0,-95.8,29.563,115.0,transformer,115.0,0.0,HOUSTON,0.0,False,False
4289,7398,7403,1,221.0,43.816,19.826,T1_normal,-95.143,29.683,115.0,-95.143,29.683,115.0,line,115.0,0.0,HOUSTON,21.494,False,False
4290,7403,7398,1,221.0,43.816,19.826,T1_normal,-95.143,29.683,115.0,-95.143,29.683,115.0,line,115.0,0.0,HOUSTON,21.494,False,False
4291,7399,7417,1,221.0,5.148,2.329,T1_normal,-95.411,29.777,115.0,-95.411,29.777,115.0,line,115.0,0.0,HOUSTON,7.474,False,False
4292,7399,7417,1,221.0,5.148,2.329,T1_normal,-95.411,29.777,115.0,-95.411,29.777,115.0,line,115.0,0.0,HOUSTON,7.474,False,False
4293,7401,7400,1,1297.0,276.274,21.301,T1_normal,-95.411,29.777,230.0,-95.411,29.777,500.0,transformer,500.0,0.0,HOUSTON,20.677,False,False
4294,12648,7400,1,2055.0,400.209,19.475,T1_normal,-95.411,29.777,500.0,-95.411,29.777,500.0,line,500.0,0.0,HOUSTON,2.522,False,False
4295,12760,7400,1,95.4,2.063,2.163,T1_normal,-95.411,29.777,20.0,-95.411,29.777,500.0,transformer,500.0,0.0,HOUSTON,0.0,False,False
4296,7402,7401,1,423.0,35.508,8.394,T1_normal,-95.411,29.777,115.0,-95.411,29.777,230.0,transformer,230.0,0.0,HOUSTON,4.538,False,False
4297,7401,7409,1,548.0,27.058,4.938,T1_normal,-95.411,29.777,230.0,-95.784,29.794,230.0,line,230.0,22.395,HOUSTON,5.705,False,False
4298,7403,7419,1,221.0,42.096,19.048,T1_normal,-95.143,29.683,115.0,-95.062,29.713,115.0,line,115.0,5.272,HOUSTON,19.561,False,False
4299,7403,7419,1,221.0,42.096,19.048,T1_normal,-95.143,29.683,115.0,-95.062,29.713,115.0,line,115.0,5.272,HOUSTON,19.561,False,False
4300,7403,13176,1,188.2,0.0,0.0,T1_normal,-95.143,29.683,115.0,-95.062,29.713,115.0,line,115.0,5.272,HOUSTON,0.0,False,False
4301,7407,7406,1,1026.0,173.38,16.899,T1_normal,-96.543,28.663,230.0,-96.543,28.663,500.0,transformer,500.0,0.0,HOUSTON,10.015,False,False
4302,7414,7406,1,2633.0,1561.994,59.324,T1_normal,-97.006,28.747,500.0,-96.543,28.663,500.0,line,500.0,28.681,HOUSTON,39.755,False,False
4303,7414,7406,1,2633.0,1561.994,59.324,T1_normal,-97.006,28.747,500.0,-96.543,28.663,500.0,line,500.0,28.681,HOUSTON,39.755,False,False
4304,7406,12747,1,3138.0,1907.998,60.803,T1_normal,-96.543,28.663,500.0,-96.142,29.159,500.0,line,500.0,41.977,HOUSTON,44.645,False,False
4305,7406,12747,1,3138.0,1907.998,60.803,T1_normal,-96.543,28.663,500.0,-96.142,29.159,500.0,line,500.0,41.977,HOUSTON,44.645,False,False
4306,12849,7406,1,186.0,0.0,0.0,T1_normal,-96.543,28.663,20.0,-96.543,28.663,500.0,transformer,500.0,0.0,HOUSTON,0.0,False,False
4307,12850,7406,1,222.5,0.0,0.0,T1_normal,-96.543,28.663,20.0,-96.543,28.663,500.0,transformer,500.0,0.0,HOUSTON,0.0,False,False
4308,7408,7407,1,143.8,9.541,6.635,T1_normal,-96.543,28.663,115.0,-96.543,28.663,230.0,transformer,230.0,0.0,HOUSTON,6.71,False,False
4309,7408,13122,1,216.0,78.341,36.269,T1_normal,-96.543,28.663,115.0,-96.705,28.59,115.0,line,115.0,11.06,HOUSTON,40.284,False,False
4310,7408,13355,1,136.4,50.41,36.957,T1_normal,-96.543,28.663,115.0,-96.543,28.663,115.0,line,115.0,0.0,HOUSTON,13.935,False,False
4311,7410,7409,1,248.4,190.098,76.529,T1_normal,-95.784,29.794,115.0,-95.784,29.794,230.0,transformer,230.0,0.0,HOUSTON,70.808,False,False
4312,7410,7409,1,248.4,190.098,76.529,T1_normal,-95.784,29.794,115.0,-95.784,29.794,230.0,transformer,230.0,0.0,HOUSTON,70.808,False,False
4313,7410,7409,1,248.4,190.098,76.529,T1_normal,-95.784,29.794,115.0,-95.784,29.794,230.0,transformer,230.0,0.0,HOUSTON,70.808,False,False
4314,7409,7420,1,548.0,94.647,17.271,T1_normal,-95.784,29.794,230.0,-95.698,30.187,230.0,line,230.0,27.589,HOUSTON,0.149,False,False
4315,7410,13285,1,181.3,68.725,37.907,T1_normal,-95.784,29.794,115.0,-95.733,29.48,115.0,line,115.0,21.949,HOUSTON,25.437,False,False
4316,13151,7412,1,219.2,0.0,0.0,T1_normal,-95.296,29.282,20.0,-95.296,29.282,115.0,transformer,115.0,0.0,HOUSTON,0.0,False,False
4317,7412,13287,1,137.2,40.829,29.759,T1_normal,-95.296,29.282,115.0,-95.219,29.306,115.0,line,115.0,4.921,HOUSTON,6.433,False,False
4318,7412,13328,1,162.1,86.73,53.504,T1_normal,-95.296,29.282,115.0,-95.433,29.213,115.0,line,115.0,9.544,HOUSTON,52.804,False,False
4319,7412,13369,1,187.3,55.02,29.375,T1_normal,-95.296,29.282,115.0,-95.278,29.276,115.0,line,115.0,1.097,HOUSTON,26.877,False,False
4320,7412,13369,1,187.3,55.02,29.375,T1_normal,-95.296,29.282,115.0,-95.278,29.276,115.0,line,115.0,1.097,HOUSTON,26.877,False,False
4321,7415,7414,1,239.0,60.307,25.233,T1_normal,-97.006,28.747,230.0,-97.006,28.747,500.0,transformer,500.0,0.0,HOUSTON,5.169,False,False
4322,12566,7414,1,3995.0,3117.909,78.045,T1_normal,-97.423,27.744,500.0,-97.006,28.747,500.0,line,500.0,73.801,SOUTH,40.019,False,False
4323,12566,7414,1,3995.0,3117.909,78.045,T1_normal,-97.423,27.744,500.0,-97.006,28.747,500.0,line,500.0,73.801,SOUTH,40.019,False,False
4324,7414,12585,1,2784.3,1277.817,45.894,T1_normal,-97.006,28.747,500.0,-96.209,29.056,500.0,line,500.0,52.773,HOUSTON,27.934,False,False
4325,7414,12640,1,2797.2,1505.143,53.809,T1_normal,-97.006,28.747,500.0,-96.209,29.056,500.0,line,500.0,52.773,HOUSTON,33.091,False,False
4326,7416,7415,1,109.0,17.732,16.267,T1_normal,-97.006,28.747,115.0,-97.006,28.747,230.0,transformer,230.0,0.0,HOUSTON,56.178,False,False
4327,7416,13357,1,121.9,4.999,4.101,T1_normal,-97.006,28.747,115.0,-97.006,28.747,115.0,line,115.0,0.0,HOUSTON,28.723,False,False
4328,7416,13375,1,137.6,27.747,20.165,T1_normal,-97.006,28.747,115.0,-97.006,28.747,115.0,line,115.0,0.0,HOUSTON,3.475,False,False
4329,7417,7418,1,221.0,51.361,23.24,T1_normal,-95.411,29.777,115.0,-95.411,29.777,115.0,line,115.0,0.0,HOUSTON,17.673,False,False
4330,7417,7418,1,221.0,51.361,23.24,T1_normal,-95.411,29.777,115.0,-95.411,29.777,115.0,line,115.0,0.0,HOUSTON,17.673,False,False
4331,13341,7417,1,162.9,2.063,1.267,T1_normal,-95.411,29.777,20.0,-95.411,29.777,115.0,transformer,115.0,0.0,HOUSTON,0.0,False,False
4332,12870,7419,1,100.1,0.0,0.0,T1_normal,-95.062,29.713,20.0,-95.062,29.713,115.0,transformer,115.0,0.0,HOUSTON,0.0,False,False
4333,12871,7419,1,106.6,0.0,0.0,T1_normal,-95.062,29.713,20.0,-95.062,29.713,115.0,transformer,115.0,0.0,HOUSTON,0.0,False,False
4334,12872,7419,1,105.6,0.0,0.0,T1_normal,-95.062,29.713,20.0,-95.062,29.713,115.0,transformer,115.0,0.0,HOUSTON,0.0,False,False
4335,12873,7419,1,97.9,0.0,0.0,T1_normal,-95.062,29.713,20.0,-95.062,29.713,115.0,transformer,115.0,0.0,HOUSTON,0.0,False,False
4336,7421,7420,1,161.4,174.401,108.055,T4_light,-95.698,30.187,115.0,-95.698,30.187,230.0,transformer,230.0,0.0,HOUSTON,67.207,True,True
4337,7421,7420,1,161.4,174.401,108.055,T4_light,-95.698,30.187,115.0,-95.698,30.187,230.0,transformer,230.0,0.0,HOUSTON,67.207,True,True
4338,7423,7422,1,1350.0,231.745,17.166,T1_normal,-95.219,29.306,230.0,-95.219,29.306,500.0,transformer,500.0,0.0,HOUSTON,23.03,False,False
4339,12596,7422,1,2253.2,63.078,2.799,T1_normal,-95.733,29.48,500.0,-95.219,29.306,500.0,line,500.0,33.222,HOUSTON,9.205,False,False
4340,7424,7423,1,213.0,125.052,58.71,T1_normal,-95.219,29.306,115.0,-95.219,29.306,230.0,transformer,230.0,0.0,HOUSTON,60.828,False,False
4341,7424,7423,1,213.0,125.052,58.71,T1_normal,-95.219,29.306,115.0,-95.219,29.306,230.0,transformer,230.0,0.0,HOUSTON,60.828,False,False
4342,7424,7423,1,213.0,125.052,58.71,T1_normal,-95.219,29.306,115.0,-95.219,29.306,230.0,transformer,230.0,0.0,HOUSTON,60.828,False,False
4343,7426,13402,1,140.9,18.976,13.468,T1_normal,-95.558,28.961,115.0,-95.719,29.017,115.0,line,115.0,10.467,HOUSTON,17.135,False,False
4344,7429,7428,1,927.0,194.418,20.973,T1_normal,-95.363,28.985,230.0,-95.363,28.985,500.0,transformer,500.0,0.0,HOUSTON,10.02,False,False
4345,12682,7428,1,151.2,0.0,0.0,T1_normal,-95.363,28.985,20.0,-95.363,28.985,500.0,transformer,500.0,0.0,HOUSTON,0.0,False,False
4346,12683,7428,1,126.0,0.0,0.0,T1_normal,-95.363,28.985,20.0,-95.363,28.985,500.0,transformer,500.0,0.0,HOUSTON,0.0,False,False
4347,12684,7428,1,126.7,0.0,0.0,T1_normal,-95.363,28.985,20.0,-95.363,28.985,500.0,transformer,500.0,0.0,HOUSTON,0.0,False,False
4348,12685,7428,1,109.1,0.0,0.0,T1_normal,-95.363,28.985,20.0,-95.363,28.985,500.0,transformer,500.0,0.0,HOUSTON,0.0,False,False
4349,12686,7428,1,108.6,0.0,0.0,T1_normal,-95.363,28.985,20.0,-95.363,28.985,500.0,transformer,500.0,0.0,HOUSTON,0.0,False,False
4350,7430,7429,1,133.8,51.711,38.648,T1_normal,-95.363,28.985,115.0,-95.363,28.985,230.0,transformer,230.0,0.0,HOUSTON,57.314,False,False
4351,7430,12994,1,166.3,14.191,8.533,T1_normal,-95.363,28.985,115.0,-95.363,28.985,115.0,line,115.0,0.0,HOUSTON,3.785,False,False
4352,7432,8003,1,98.0,199.313,203.38,T7_structural,-95.905,30.954,115.0,-95.934,31.136,115.0,line,115.0,12.745,HOUSTON,64.559,True,True
4353,7432,8037,1,149.0,317.974,213.406,T7_structural,-95.905,30.954,115.0,-95.716,30.96,115.0,line,115.0,11.255,HOUSTON,9.351,True,True
4354,7432,8141,1,221.0,143.931,65.127,T1_normal,-95.905,30.954,115.0,-96.625,30.881,115.0,line,115.0,42.974,HOUSTON,10.89,False,False
4355,8003,8001,1,149.0,211.303,141.814,T6_heavy,-95.934,31.136,115.0,-96.139,31.132,115.0,line,115.0,12.118,NORTH,50.509,True,True
4356,8010,8001,1,149.0,222.123,149.076,T6_heavy,-96.229,31.236,115.0,-96.139,31.132,115.0,line,115.0,8.913,NORTH,57.771,True,True
4357,8028,8002,1,98.0,20.558,20.977,T1_normal,-94.937,32.25,115.0,-95.078,32.268,115.0,line,115.0,8.334,NORTH,8.218,False,False
4358,8002,8100,1,98.0,12.782,13.043,T1_normal,-95.078,32.268,115.0,-95.284,32.354,115.0,line,115.0,13.469,NORTH,1.636,False,False
4359,8002,8138,1,121.2,4.034,3.328,T1_normal,-95.078,32.268,115.0,-95.284,32.354,115.0,line,115.0,13.469,NORTH,1.776,False,False
4360,8005,8004,1,459.0,144.564,31.495,T1_normal,-94.737,31.336,115.0,-94.737,31.336,230.0,transformer,230.0,0.0,NORTH,18.88,False,False
4361,8005,8004,1,459.0,144.564,31.495,T1_normal,-94.737,31.336,115.0,-94.737,31.336,230.0,transformer,230.0,0.0,NORTH,18.88,False,False
4362,8097,8004,1,443.0,223.028,50.345,T1_normal,-94.877,31.814,230.0,-94.737,31.336,230.0,line,230.0,34.051,NORTH,57.657,False,False
4363,8097,8004,1,443.0,223.028,50.345,T1_normal,-94.877,31.814,230.0,-94.737,31.336,230.0,line,230.0,34.051,NORTH,57.657,False,False
4364,8005,8023,1,221.0,24.534,11.101,T1_normal,-94.737,31.336,115.0,-94.737,31.336,115.0,line,115.0,0.0,NORTH,4.0,False,False
4365,8005,8023,1,221.0,24.534,11.101,T1_normal,-94.737,31.336,115.0,-94.737,31.336,115.0,line,115.0,0.0,NORTH,4.0,False,False
4366,8005,8023,1,108.3,64.934,59.958,T1_normal,-94.737,31.336,115.0,-94.737,31.336,115.0,line,115.0,0.0,NORTH,21.607,False,False
4367,8005,8111,1,123.0,60.463,49.157,T1_normal,-94.737,31.336,115.0,-94.737,31.336,115.0,line,115.0,0.0,NORTH,17.714,False,False
4368,8137,8005,1,149.0,12.654,8.493,T1_normal,-95.127,31.391,115.0,-94.737,31.336,115.0,line,115.0,23.293,NORTH,5.663,False,False
4369,8006,8007,1,98.0,21.522,21.961,T1_normal,-95.413,32.218,115.0,-95.348,32.113,115.0,line,115.0,8.251,NORTH,12.495,False,False
4370,8006,8052,1,115.7,15.07,13.025,T1_normal,-95.413,32.218,115.0,-95.284,32.354,115.0,line,115.0,12.051,NORTH,8.692,False,False
4371,8006,8134,1,250.0,40.966,16.387,T1_normal,-95.413,32.218,115.0,-95.284,32.354,115.0,line,115.0,12.051,NORTH,7.798,False,False
4372,8006,8134,1,143.2,33.025,23.062,T1_normal,-95.413,32.218,115.0,-95.284,32.354,115.0,line,115.0,12.051,NORTH,10.975,False,False
4373,8007,8017,1,98.0,2.971,3.031,T1_normal,-95.348,32.113,115.0,-95.419,32.036,115.0,line,115.0,6.751,NORTH,15.006,False,False
4374,8007,8017,1,125.9,5.577,4.43,T1_normal,-95.348,32.113,115.0,-95.419,32.036,115.0,line,115.0,6.751,NORTH,21.929,False,False
4375,8008,8053,1,98.0,31.407,32.048,T1_normal,-95.521,32.271,115.0,-95.857,32.169,115.0,line,115.0,20.839,NORTH,62.545,False,False
4376,8081,8008,1,98.0,7.813,7.972,T1_normal,-95.284,32.354,115.0,-95.521,32.271,115.0,line,115.0,14.988,NORTH,22.524,False,False
4377,8009,8104,1,220.0,108.228,49.195,T1_normal,-95.85,30.316,115.0,-96.055,30.369,115.0,line,115.0,12.746,NORTH,54.851,False,False
4378,8086,8010,1,98.0,113.601,115.919,T5_moderate,-96.487,31.18,115.0,-96.229,31.236,115.0,line,115.0,15.684,NORTH,32.832,True,True
4379,8010,8103,1,98.0,113.912,116.237,T5_moderate,-96.229,31.236,115.0,-96.203,31.376,115.0,line,115.0,9.788,NORTH,60.502,True,True
4380,8045,8011,1,221.0,57.823,26.164,T1_normal,-96.087,31.831,115.0,-95.981,31.932,115.0,line,115.0,9.345,NORTH,27.058,False,False
4381,8045,8011,1,221.0,57.823,26.164,T1_normal,-96.087,31.831,115.0,-95.981,31.932,115.0,line,115.0,9.345,NORTH,27.058,False,False
4382,8011,8064,1,129.5,9.793,7.562,T1_normal,-95.981,31.932,115.0,-96.087,31.831,115.0,line,115.0,9.345,NORTH,6.582,False,False
4383,8072,8011,1,221.0,78.602,35.567,T1_normal,-95.649,31.905,115.0,-95.981,31.932,115.0,line,115.0,19.545,NORTH,37.929,False,False
4384,8012,8032,1,248.0,145.355,58.611,T1_normal,-96.011,30.528,115.0,-95.974,30.66,115.0,line,115.0,9.386,NORTH,70.441,False,False
4385,8104,8012,1,239.0,137.755,57.638,T1_normal,-96.055,30.369,115.0,-96.011,30.528,115.0,line,115.0,11.264,NORTH,69.913,False,False
4386,8026,8013,1,98.0,6.826,6.965,T1_normal,-95.436,32.538,115.0,-95.425,32.816,115.0,line,115.0,19.256,NORTH,33.287,False,False
4387,8013,8039,1,98.0,0.148,0.151,T1_normal,-95.425,32.816,115.0,-95.644,32.535,115.0,line,115.0,23.243,NORTH,15.595,False,False
4388,8013,8136,1,149.0,67.004,44.969,T1_normal,-95.425,32.816,115.0,-95.568,32.925,115.0,line,115.0,11.208,NORTH,72.439,False,False
4389,8014,8037,1,149.0,193.316,129.742,T6_heavy,-95.5,31.092,115.0,-95.716,30.96,115.0,line,115.0,15.722,NORTH,1.773,True,True
4390,8118,8014,1,98.0,208.466,212.72,T7_structural,-95.256,31.189,115.0,-95.5,31.092,115.0,line,115.0,15.907,NORTH,12.763,True,True
4391,8015,8022,1,132.6,19.003,14.331,T1_normal,-94.51,31.231,115.0,-94.367,31.465,115.0,line,115.0,18.279,NORTH,13.274,False,False
4392,8111,8015,1,98.0,44.393,45.299,T1_normal,-94.737,31.336,115.0,-94.51,31.231,115.0,line,115.0,15.265,NORTH,43.324,False,False
4393,8015,8150,1,98.0,19.195,19.587,T1_normal,-94.51,31.231,115.0,-94.375,31.138,115.0,line,115.0,10.197,NORTH,19.189,False,False
4394,8015,13393,1,132.9,25.666,19.312,T1_normal,-94.51,31.231,115.0,-94.106,31.061,115.0,line,115.0,26.599,NORTH,19.204,False,False
4395,8016,8122,1,98.0,3.101,3.164,T1_normal,-96.403,30.714,115.0,-96.403,30.714,115.0,line,115.0,0.0,NORTH,8.756,False,False
4396,8016,8140,1,132.7,28.014,21.111,T1_normal,-96.403,30.714,115.0,-96.308,30.59,115.0,line,115.0,10.308,NORTH,15.893,False,False
4397,8016,8152,1,221.0,24.64,11.149,T1_normal,-96.403,30.714,115.0,-96.403,30.714,115.0,line,115.0,0.0,NORTH,9.855,False,False
4398,8016,8152,1,131.9,20.828,15.791,T1_normal,-96.403,30.714,115.0,-96.403,30.714,115.0,line,115.0,0.0,NORTH,13.958,False,False
4399,8017,8040,1,98.0,26.988,27.539,T1_normal,-95.419,32.036,115.0,-95.644,32.159,115.0,line,115.0,15.655,NORTH,61.995,False,False
4400,8019,8018,1,360.0,116.057,32.238,T1_normal,-95.284,32.354,115.0,-95.284,32.354,230.0,transformer,230.0,0.0,NORTH,27.979,False,False
4401,8019,8018,1,360.0,116.057,32.238,T1_normal,-95.284,32.354,115.0,-95.284,32.354,230.0,transformer,230.0,0.0,NORTH,27.979,False,False
4402,8127,8018,1,647.0,69.566,10.752,T1_normal,-95.103,33.188,230.0,-95.284,32.354,230.0,line,230.0,58.565,NORTH,34.649,False,False
4403,8018,8133,1,548.0,87.217,15.916,T1_normal,-95.284,32.354,230.0,-95.284,32.354,230.0,line,230.0,0.0,NORTH,2.225,False,False
4404,8018,8133,1,432.4,75.331,17.422,T1_normal,-95.284,32.354,230.0,-95.284,32.354,230.0,line,230.0,0.0,NORTH,2.436,False,False
4405,8019,8052,1,149.0,22.846,15.333,T1_normal,-95.284,32.354,115.0,-95.284,32.354,115.0,line,115.0,0.0,NORTH,6.058,False,False
4406,8019,8052,1,124.5,21.62,17.366,T1_normal,-95.284,32.354,115.0,-95.284,32.354,115.0,line,115.0,0.0,NORTH,6.861,False,False
4407,8019,8100,1,150.0,13.643,9.096,T1_normal,-95.284,32.354,115.0,-95.284,32.354,115.0,line,115.0,0.0,NORTH,10.843,False,False
4408,8019,8134,1,117.2,46.1,39.334,T1_normal,-95.284,32.354,115.0,-95.284,32.354,115.0,line,115.0,0.0,NORTH,23.906,False,False
4409,8019,8135,1,221.0,38.586,17.46,T1_normal,-95.284,32.354,115.0,-95.284,32.354,115.0,line,115.0,0.0,NORTH,13.808,False,False
4410,8019,8135,1,221.0,38.586,17.46,T1_normal,-95.284,32.354,115.0,-95.284,32.354,115.0,line,115.0,0.0,NORTH,13.808,False,False
4411,8019,8135,1,147.8,39.813,26.937,T1_normal,-95.284,32.354,115.0,-95.284,32.354,115.0,line,115.0,0.0,NORTH,21.303,False,False
4412,8020,8029,1,149.0,28.839,19.355,T1_normal,-95.716,32.474,115.0,-95.688,32.647,115.0,line,115.0,12.008,NORTH,8.401,False,False
4413,8020,8040,1,149.0,23.446,15.735,T1_normal,-95.716,32.474,115.0,-95.644,32.159,115.0,line,115.0,22.223,NORTH,6.404,False,False
4414,8020,8153,1,98.0,26.198,26.733,T1_normal,-95.716,32.474,115.0,-95.889,32.518,115.0,line,115.0,10.54,NORTH,13.339,False,False
4415,8020,8154,1,98.0,10.158,10.366,T1_normal,-95.716,32.474,115.0,-95.284,32.354,115.0,line,115.0,26.493,NORTH,52.903,False,False
4416,8022,8021,1,98.0,27.263,27.82,T1_normal,-94.367,31.465,115.0,-94.521,31.819,115.0,line,115.0,26.07,NORTH,25.845,False,False
4417,8021,8041,1,149.0,4.177,2.803,T1_normal,-94.521,31.819,115.0,-94.632,31.621,115.0,line,115.0,15.167,NORTH,3.239,False,False
4418,8021,8119,1,149.0,42.17,28.302,T1_normal,-94.521,31.819,115.0,-94.716,32.082,115.0,line,115.0,21.493,NORTH,27.439,False,False
4419,8022,8150,1,98.0,1.371,1.399,T1_normal,-94.367,31.465,115.0,-94.375,31.138,115.0,line,115.0,22.594,NORTH,0.854,False,False
4420,8023,8111,1,221.0,57.001,25.792,T1_normal,-94.737,31.336,115.0,-94.737,31.336,115.0,line,115.0,0.0,NORTH,9.295,False,False
4421,8023,8111,1,221.0,57.001,25.792,T1_normal,-94.737,31.336,115.0,-94.737,31.336,115.0,line,115.0,0.0,NORTH,9.295,False,False
4422,8025,8055,1,98.0,60.154,61.381,T1_normal,-95.649,31.905,115.0,-95.193,31.779,115.0,line,115.0,28.151,NORTH,30.062,False,False
4423,8025,8121,1,98.0,63.47,64.765,T1_normal,-95.649,31.905,115.0,-95.123,31.942,115.0,line,115.0,30.936,NORTH,29.676,False,False
4424,8025,8151,1,98.0,72.864,74.351,T1_normal,-95.649,31.905,115.0,-95.482,31.417,115.0,line,115.0,35.072,NORTH,7.942,False,False
4425,8026,8154,1,98.0,48.254,49.239,T1_normal,-95.436,32.538,115.0,-95.284,32.354,115.0,line,115.0,15.456,NORTH,22.917,False,False
4426,8027,8028,1,216.0,14.42,6.676,T1_normal,-95.221,32.222,115.0,-94.937,32.25,115.0,line,115.0,16.723,NORTH,3.3,False,False
4427,8027,8100,1,149.0,27.776,18.642,T1_normal,-95.221,32.222,115.0,-95.284,32.354,115.0,line,115.0,9.896,NORTH,11.882,False,False
4428,8027,8134,1,221.0,27.899,12.624,T1_normal,-95.221,32.222,115.0,-95.284,32.354,115.0,line,115.0,9.896,NORTH,12.487,False,False
4429,8027,8134,1,123.3,44.145,35.803,T1_normal,-95.221,32.222,115.0,-95.284,32.354,115.0,line,115.0,9.896,NORTH,35.416,False,False
4430,8027,8135,1,130.1,19.307,14.84,T1_normal,-95.221,32.222,115.0,-95.284,32.354,115.0,line,115.0,9.896,NORTH,5.422,False,False
4431,8028,8146,1,329.0,59.038,17.945,T1_normal,-94.937,32.25,115.0,-94.716,32.082,115.0,line,115.0,17.341,NORTH,7.595,False,False
4432,8073,8029,1,149.0,3.189,2.14,T1_normal,-95.749,32.881,115.0,-95.688,32.647,115.0,line,115.0,16.569,NORTH,8.813,False,False
4433,8031,8030,1,1036.0,66.573,6.426,T1_normal,-95.974,30.66,230.0,-95.974,30.66,500.0,transformer,500.0,0.0,NORTH,9.666,False,False
4434,8033,8030,1,121.9,0.0,0.0,T1_normal,-95.974,30.66,13.8,-95.974,30.66,500.0,transformer,500.0,0.0,NORTH,0.0,False,False
4435,8158,8030,1,2020.0,809.416,40.07,T1_normal,-96.403,30.714,500.0,-95.974,30.66,500.0,line,500.0,25.792,NORTH,76.081,False,False
4436,8030,12874,1,2030.1,169.871,8.368,T1_normal,-95.974,30.66,500.0,-96.07,30.705,500.0,line,500.0,6.512,NORTH,13.157,False,False
4437,8032,8031,1,400.0,75.826,18.957,T1_normal,-95.974,30.66,115.0,-95.974,30.66,230.0,transformer,230.0,0.0,NORTH,24.452,False,False
4438,8031,8094,1,498.7,96.921,19.435,T1_normal,-95.974,30.66,230.0,-96.308,30.59,230.0,line,230.0,20.454,NORTH,45.454,False,False
4439,8031,8139,1,538.6,83.806,15.56,T1_normal,-95.974,30.66,230.0,-96.308,30.59,230.0,line,230.0,20.454,NORTH,36.967,False,False
4440,8031,8159,1,475.4,115.931,24.386,T1_normal,-95.974,30.66,230.0,-96.403,30.714,230.0,line,230.0,25.792,NORTH,55.651,False,False
4441,8032,8143,1,250.0,40.444,16.178,T1_normal,-95.974,30.66,115.0,-96.07,30.705,115.0,line,115.0,6.512,NORTH,17.369,False,False
4442,8032,13008,1,241.0,107.044,44.417,T1_normal,-95.974,30.66,115.0,-96.091,30.651,115.0,line,115.0,7.012,NORTH,46.233,False,False
4443,8038,8066,1,220.0,152.937,69.517,T1_normal,-95.669,33.196,115.0,-95.462,33.217,115.0,line,115.0,12.08,NORTH,64.682,False,False
4444,8038,8124,1,220.0,96.017,43.644,T1_normal,-95.669,33.196,115.0,-95.803,33.098,115.0,line,115.0,10.275,NORTH,43.271,False,False
4445,8038,12916,1,275.0,145.063,52.75,T1_normal,-95.669,33.196,115.0,-95.248,33.313,115.0,line,115.0,25.653,NORTH,49.641,False,False
4446,8039,8081,1,98.0,12.462,12.716,T1_normal,-95.644,32.535,115.0,-95.284,32.354,115.0,line,115.0,24.415,NORTH,2.728,False,False
4447,8040,8072,1,149.0,8.522,5.72,T1_normal,-95.644,32.159,115.0,-95.649,31.905,115.0,line,115.0,17.549,NORTH,9.223,False,False
4448,8109,8040,1,138.0,51.921,37.624,T1_normal,-95.857,32.169,115.0,-95.644,32.159,115.0,line,115.0,12.487,NORTH,48.234,False,False
4449,8041,8063,1,119.0,45.741,38.437,T1_normal,-94.632,31.621,115.0,-94.632,31.621,115.0,line,115.0,0.0,NORTH,37.88,False,False
4450,8041,8119,1,156.7,74.024,47.239,T1_normal,-94.632,31.621,115.0,-94.716,32.082,115.0,line,115.0,32.235,NORTH,46.401,False,False
4451,8111,8042,1,98.0,138.311,141.134,T6_heavy,-94.737,31.336,115.0,-94.759,31.187,115.0,line,115.0,10.386,NORTH,22.511,True,True
4452,8118,8042,1,98.0,111.001,113.267,T5_moderate,-95.256,31.189,115.0,-94.759,31.187,115.0,line,115.0,29.377,NORTH,5.357,True,True
4453,8044,8043,1,1072.0,44.805,4.18,T1_normal,-96.087,31.831,230.0,-96.087,31.831,500.0,transformer,500.0,0.0,NORTH,14.363,False,False
4454,8046,8043,1,248.7,447.168,179.802,T7_structural,-96.087,31.831,18.0,-96.087,31.831,500.0,transformer,500.0,0.0,NORTH,43.283,True,True
4455,8047,8043,1,233.5,0.0,0.0,T1_normal,-96.087,31.831,18.0,-96.087,31.831,500.0,transformer,500.0,0.0,NORTH,0.0,False,False
4456,8048,8043,1,225.5,0.0,0.0,T1_normal,-96.087,31.831,18.0,-96.087,31.831,500.0,transformer,500.0,0.0,NORTH,0.0,False,False
4457,8049,8043,1,253.7,410.313,161.732,T7_structural,-96.087,31.831,18.0,-96.087,31.831,500.0,transformer,500.0,0.0,NORTH,38.933,True,True
4458,8050,8043,1,236.4,410.313,173.567,T7_structural,-96.087,31.831,18.0,-96.087,31.831,500.0,transformer,500.0,0.0,NORTH,41.782,True,True
4459,8051,8043,1,261.4,410.313,156.968,T7_structural,-96.087,31.831,18.0,-96.087,31.831,500.0,transformer,500.0,0.0,NORTH,37.786,True,True
4460,8043,8057,1,2129.2,441.776,20.748,T1_normal,-96.087,31.831,500.0,-96.087,31.831,500.0,line,500.0,0.0,NORTH,28.069,False,False
4461,8043,8067,1,2768.0,156.786,5.664,T1_normal,-96.087,31.831,500.0,-96.203,31.376,500.0,line,500.0,32.204,NORTH,6.532,False,False
4462,8043,12763,1,2277.0,149.938,6.585,T1_normal,-96.087,31.831,500.0,-96.387,32.061,500.0,line,500.0,23.683,NORTH,10.575,False,False
4463,8045,8044,1,388.0,22.619,5.83,T1_normal,-96.087,31.831,115.0,-96.087,31.831,230.0,transformer,230.0,0.0,NORTH,4.746,False,False
4464,8044,8058,1,402.5,20.27,5.036,T1_normal,-96.087,31.831,230.0,-96.087,31.831,230.0,line,230.0,0.0,NORTH,24.818,False,False
4465,8044,8147,1,647.0,87.694,13.554,T1_normal,-96.087,31.831,230.0,-96.148,32.143,230.0,line,230.0,21.81,NORTH,5.512,False,False
4466,8045,8091,1,262.0,148.704,56.757,T1_normal,-96.087,31.831,115.0,-96.467,31.897,115.0,line,115.0,22.77,NORTH,57.345,False,False
4467,8045,8144,1,98.0,55.678,56.814,T1_normal,-96.087,31.831,115.0,-96.33,31.765,115.0,line,115.0,14.975,NORTH,50.064,False,False
4468,8081,8052,1,98.0,46.325,47.27,T1_normal,-95.284,32.354,115.0,-95.284,32.354,115.0,line,115.0,0.0,NORTH,1.33,False,False
4469,8052,8135,1,118.5,1.979,1.67,T1_normal,-95.284,32.354,115.0,-95.284,32.354,115.0,line,115.0,0.0,NORTH,9.393,False,False
4470,8053,8065,1,149.0,77.992,52.343,T1_normal,-95.857,32.169,115.0,-96.148,32.143,115.0,line,115.0,17.147,NORTH,55.84,False,False
4471,8053,8153,1,98.0,25.625,26.148,T1_normal,-95.857,32.169,115.0,-95.889,32.518,115.0,line,115.0,24.184,NORTH,0.968,False,False
4472,8054,8092,1,98.0,70.761,72.205,T1_normal,-96.009,31.474,115.0,-95.864,31.557,115.0,line,115.0,10.331,NORTH,57.28,False,False
4473,8132,8054,1,98.0,86.921,88.694,T2_watch,-96.23,31.479,115.0,-96.009,31.474,115.0,line,115.0,13.003,NORTH,73.77,False,False
4474,8055,8098,1,220.0,107.863,49.029,T1_normal,-95.193,31.779,115.0,-94.877,31.814,115.0,line,115.0,18.665,NORTH,32.944,False,False
4475,8121,8055,1,98.0,13.919,14.203,T1_normal,-95.123,31.942,115.0,-95.193,31.779,115.0,line,115.0,11.984,NORTH,9.413,False,False
4476,8056,8089,1,98.0,4.4,4.489,T1_normal,-95.106,32.482,115.0,-95.284,32.354,115.0,line,115.0,13.63,NORTH,3.125,False,False
4477,8056,8138,1,98.0,14.95,15.255,T1_normal,-95.106,32.482,115.0,-95.284,32.354,115.0,line,115.0,13.63,NORTH,7.64,False,False
4478,8058,8057,1,491.0,42.301,8.615,T1_normal,-96.087,31.831,230.0,-96.087,31.831,500.0,transformer,500.0,0.0,NORTH,11.849,False,False
4479,8057,8112,1,2020.0,291.652,14.438,T1_normal,-96.087,31.831,500.0,-95.123,31.942,500.0,line,500.0,57.053,NORTH,28.008,False,False
4480,8059,8058,1,143.8,36.263,25.217,T1_normal,-96.087,31.831,115.0,-96.087,31.831,230.0,transformer,230.0,0.0,NORTH,20.149,False,False
4481,8058,8068,1,548.0,112.499,20.529,T1_normal,-96.087,31.831,230.0,-96.203,31.376,230.0,line,230.0,32.204,NORTH,21.081,False,False
4482,8058,8147,1,548.0,71.332,13.017,T1_normal,-96.087,31.831,230.0,-96.148,32.143,230.0,line,230.0,21.81,NORTH,1.034,False,False
4483,8058,8147,1,447.8,99.461,22.211,T1_normal,-96.087,31.831,230.0,-96.148,32.143,230.0,line,230.0,21.81,NORTH,1.765,False,False
4484,8059,8064,1,149.0,36.263,24.337,T1_normal,-96.087,31.831,115.0,-96.087,31.831,115.0,line,115.0,0.0,NORTH,19.446,False,False
4485,8062,8063,1,220.0,99.569,45.259,T1_normal,-94.877,31.814,115.0,-94.632,31.621,115.0,line,115.0,19.631,NORTH,46.24,False,False
4486,8062,8098,1,149.0,70.762,47.491,T1_normal,-94.877,31.814,115.0,-94.877,31.814,115.0,line,115.0,0.0,NORTH,49.616,False,False
4487,8062,8098,1,136.3,50.671,37.176,T1_normal,-94.877,31.814,115.0,-94.877,31.814,115.0,line,115.0,0.0,NORTH,38.839,False,False
4488,8119,8062,1,149.0,13.833,9.284,T1_normal,-94.716,32.082,115.0,-94.877,31.814,115.0,line,115.0,20.807,NORTH,11.482,False,False
4489,8101,8063,1,98.0,24.206,24.7,T1_normal,-95.062,31.613,115.0,-94.632,31.621,115.0,line,115.0,25.302,NORTH,29.002,False,False
4490,8063,8125,1,98.0,51.724,52.78,T1_normal,-94.632,31.621,115.0,-94.632,31.621,115.0,line,115.0,0.0,NORTH,50.002,False,False
4491,8144,8064,1,149.0,30.775,20.655,T1_normal,-96.33,31.765,115.0,-96.087,31.831,115.0,line,115.0,14.975,NORTH,14.912,False,False
4492,8065,8149,1,221.0,13.971,6.322,T1_normal,-96.148,32.143,115.0,-96.148,32.143,115.0,line,115.0,0.0,NORTH,11.355,False,False
4493,8065,8149,1,221.0,13.971,6.322,T1_normal,-96.148,32.143,115.0,-96.148,32.143,115.0,line,115.0,0.0,NORTH,11.355,False,False
4494,8065,8149,1,108.5,10.543,9.717,T1_normal,-96.148,32.143,115.0,-96.148,32.143,115.0,line,115.0,0.0,NORTH,17.453,False,False
4495,12968,8065,1,240.9,152.7,63.387,T1_normal,-96.148,32.143,20.0,-96.148,32.143,115.0,transformer,115.0,0.0,NORTH,63.387,False,False
4496,12969,8065,1,99.1,76.8,77.497,T1_normal,-96.148,32.143,20.0,-96.148,32.143,115.0,transformer,115.0,0.0,NORTH,77.497,False,False
4497,8066,8093,1,149.0,25.361,17.021,T1_normal,-95.462,33.217,115.0,-94.858,33.242,115.0,line,115.0,34.965,NORTH,17.818,False,False
4498,8142,8066,1,206.0,68.472,33.239,T1_normal,-95.319,33.201,115.0,-95.462,33.217,115.0,line,115.0,8.333,NORTH,37.826,False,False
4499,12929,8066,1,352.8,250.0,70.862,T1_normal,-95.462,33.217,20.0,-95.462,33.217,115.0,transformer,115.0,0.0,NORTH,70.862,False,False
4500,8068,8067,1,343.0,100.506,29.302,T1_normal,-96.203,31.376,230.0,-96.203,31.376,500.0,transformer,500.0,0.0,NORTH,73.368,False,False
4501,8068,8067,1,343.0,100.506,29.302,T1_normal,-96.203,31.376,230.0,-96.203,31.376,500.0,transformer,500.0,0.0,NORTH,73.368,False,False
4502,8070,8067,1,1254.5,300.0,23.914,T1_normal,-96.203,31.376,13.8,-96.203,31.376,500.0,transformer,500.0,0.0,NORTH,23.914,False,False
4503,8071,8067,1,1175.4,300.0,25.523,T1_normal,-96.203,31.376,13.8,-96.203,31.376,500.0,transformer,500.0,0.0,NORTH,25.523,False,False
4504,8069,8068,1,143.0,149.13,104.286,T4_light,-96.203,31.376,115.0,-96.203,31.376,230.0,transformer,230.0,0.0,NORTH,66.472,True,True
4505,8068,8083,1,673.0,164.382,24.425,T1_normal,-96.203,31.376,230.0,-96.487,31.18,230.0,line,230.0,21.528,NORTH,77.827,False,False
4506,8069,8103,1,149.0,121.042,81.236,T2_watch,-96.203,31.376,115.0,-96.203,31.376,115.0,line,115.0,0.0,NORTH,44.579,False,False
4507,8069,8132,1,102.7,28.087,27.349,T1_normal,-96.203,31.376,115.0,-96.23,31.479,115.0,line,115.0,7.307,NORTH,27.88,False,False
4508,8073,8108,1,98.0,26.328,26.865,T1_normal,-95.749,32.881,115.0,-95.995,32.703,115.0,line,115.0,18.811,NORTH,3.831,False,False
4509,8136,8073,1,98.0,42.189,43.05,T1_normal,-95.568,32.925,115.0,-95.749,32.881,115.0,line,115.0,10.933,NORTH,29.008,False,False
4510,8075,8074,1,550.0,127.746,23.227,T1_normal,-94.62,32.018,230.0,-94.62,32.018,500.0,transformer,500.0,0.0,NORTH,19.729,False,False
4511,8075,8074,1,550.0,127.746,23.227,T1_normal,-94.62,32.018,230.0,-94.62,32.018,500.0,transformer,500.0,0.0,NORTH,19.729,False,False
4512,8077,8074,1,468.0,0.0,0.0,T1_normal,-94.62,32.018,13.8,-94.62,32.018,500.0,transformer,500.0,0.0,NORTH,0.0,False,False
4513,8078,8074,1,204.8,363.631,177.554,T7_structural,-94.62,32.018,13.8,-94.62,32.018,500.0,transformer,500.0,0.0,NORTH,42.742,True,True
4514,8079,8074,1,218.2,358.717,164.398,T7_structural,-94.62,32.018,13.8,-94.62,32.018,500.0,transformer,500.0,0.0,NORTH,39.575,True,True
4515,8080,8074,1,228.9,358.717,156.713,T7_structural,-94.62,32.018,13.8,-94.62,32.018,500.0,transformer,500.0,0.0,NORTH,37.725,True,True
4516,8112,8074,1,2277.0,462.833,20.326,T1_normal,-95.123,31.942,500.0,-94.62,32.018,500.0,line,500.0,29.974,NORTH,14.99,False,False
4517,8074,12501,1,2277.0,918.858,40.354,T1_normal,-94.62,32.018,500.0,-94.571,32.261,500.0,line,500.0,17.019,NORTH,33.224,False,False
4518,8076,8075,1,320.0,120.351,37.61,T1_normal,-94.62,32.018,115.0,-94.62,32.018,230.0,transformer,230.0,0.0,NORTH,35.774,False,False
4519,8075,8097,1,740.0,49.775,6.726,T1_normal,-94.62,32.018,230.0,-94.877,31.814,230.0,line,230.0,20.651,NORTH,5.913,False,False
4520,8075,8097,1,373.2,102.007,27.333,T1_normal,-94.62,32.018,230.0,-94.877,31.814,230.0,line,230.0,20.651,NORTH,24.028,False,False
4521,8075,8113,1,478.7,16.641,3.476,T1_normal,-94.62,32.018,230.0,-95.123,31.942,230.0,line,230.0,29.974,NORTH,6.452,False,False
4522,8076,8119,1,221.0,60.175,27.229,T1_normal,-94.62,32.018,115.0,-94.716,32.082,115.0,line,115.0,7.199,NORTH,25.899,False,False
4523,8119,8076,1,221.0,60.175,27.229,T1_normal,-94.716,32.082,115.0,-94.62,32.018,115.0,line,115.0,7.199,NORTH,25.899,False,False
4524,8083,8082,1,1134.0,317.846,28.029,T1_normal,-96.487,31.18,230.0,-96.487,31.18,500.0,transformer,500.0,0.0,NORTH,32.706,False,False
4525,8087,8082,1,1073.7,348.0,32.411,T1_normal,-96.487,31.18,18.0,-96.487,31.18,500.0,transformer,500.0,0.0,NORTH,32.411,False,False
4526,8088,8082,1,1115.4,455.0,40.793,T1_normal,-96.487,31.18,18.0,-96.487,31.18,500.0,transformer,500.0,0.0,NORTH,40.793,False,False
4527,8155,8082,1,2768.0,288.064,10.407,T1_normal,-96.695,31.092,500.0,-96.487,31.18,500.0,line,500.0,13.756,NORTH,10.297,False,False
4528,8084,8083,1,184.8,54.952,29.736,T1_normal,-96.487,31.18,161.0,-96.487,31.18,230.0,transformer,230.0,0.0,NORTH,51.996,False,False
4529,8083,8139,1,719.5,153.855,21.384,T1_normal,-96.487,31.18,230.0,-96.308,30.59,230.0,line,230.0,42.167,NORTH,49.644,False,False
4530,8083,8156,1,431.8,27.323,6.328,T1_normal,-96.487,31.18,230.0,-96.695,31.092,230.0,line,230.0,13.756,NORTH,21.358,False,False
4531,8083,8159,1,621.9,100.248,16.12,T1_normal,-96.487,31.18,230.0,-96.403,30.714,230.0,line,230.0,32.58,NORTH,38.901,False,False
4532,8083,8159,1,621.9,100.248,16.12,T1_normal,-96.487,31.18,230.0,-96.403,30.714,230.0,line,230.0,32.58,NORTH,38.901,False,False
4533,8083,8159,1,621.9,100.248,16.12,T1_normal,-96.487,31.18,230.0,-96.403,30.714,230.0,line,230.0,32.58,NORTH,38.901,False,False
4534,8086,8084,1,205.0,7.793,3.801,T1_normal,-96.487,31.18,115.0,-96.487,31.18,161.0,transformer,161.0,0.0,NORTH,19.127,False,False
4535,8086,8102,1,218.0,125.248,57.453,T1_normal,-96.487,31.18,115.0,-96.664,31.098,115.0,line,115.0,11.907,NORTH,41.664,False,False
4536,8089,8135,1,221.0,8.535,3.862,T1_normal,-95.284,32.354,115.0,-95.284,32.354,115.0,line,115.0,0.0,NORTH,5.55,False,False
4537,8089,8135,1,221.0,8.535,3.862,T1_normal,-95.284,32.354,115.0,-95.284,32.354,115.0,line,115.0,0.0,NORTH,5.55,False,False
4538,8090,8092,1,98.0,63.651,64.95,T1_normal,-95.583,31.607,115.0,-95.864,31.557,115.0,line,115.0,16.853,NORTH,50.025,False,False
4539,8151,8090,1,98.0,48.441,49.429,T1_normal,-95.482,31.417,115.0,-95.583,31.607,115.0,line,115.0,14.384,NORTH,34.505,False,False
4540,8091,8109,1,262.0,89.426,34.132,T1_normal,-96.467,31.897,115.0,-95.857,32.169,115.0,line,115.0,40.411,NORTH,33.544,False,False
4541,12921,8091,1,321.0,250.0,77.882,T1_normal,-96.467,31.897,20.0,-96.467,31.897,115.0,transformer,115.0,0.0,NORTH,77.882,False,False
4542,8106,8093,1,150.0,22.685,15.124,T1_normal,-95.103,33.188,115.0,-94.858,33.242,115.0,line,115.0,14.632,NORTH,15.118,False,False
4543,8093,8128,1,149.0,46.347,31.105,T1_normal,-94.858,33.242,115.0,-95.103,33.188,115.0,line,115.0,14.632,NORTH,31.896,False,False
4544,8095,8094,1,317.0,154.729,48.81,T1_normal,-96.308,30.59,115.0,-96.308,30.59,230.0,transformer,230.0,0.0,NORTH,43.642,False,False
4545,8094,8139,1,548.0,53.029,9.677,T1_normal,-96.308,30.59,230.0,-96.308,30.59,230.0,line,230.0,0.0,NORTH,25.353,False,False
4546,8094,8139,1,424.3,49.829,11.744,T1_normal,-96.308,30.59,230.0,-96.308,30.59,230.0,line,230.0,0.0,NORTH,30.769,False,False
4547,8094,8159,1,548.0,72.457,13.222,T1_normal,-96.308,30.59,230.0,-96.403,30.714,230.0,line,230.0,10.308,NORTH,29.119,False,False
4548,8094,8159,1,428.2,92.71,21.651,T1_normal,-96.308,30.59,230.0,-96.403,30.714,230.0,line,230.0,10.308,NORTH,47.683,False,False
4549,8095,8140,1,250.0,7.919,3.168,T1_normal,-96.308,30.59,115.0,-96.308,30.59,115.0,line,115.0,0.0,NORTH,3.386,False,False
4550,8096,8110,1,98.0,52.339,53.407,T1_normal,-95.854,32.715,115.0,-95.913,32.989,115.0,line,115.0,19.25,NORTH,70.246,False,False
4551,8096,8153,1,98.0,19.327,19.721,T1_normal,-95.854,32.715,115.0,-95.889,32.518,115.0,line,115.0,13.749,NORTH,27.626,False,False
4552,8096,8153,1,126.2,21.842,17.308,T1_normal,-95.854,32.715,115.0,-95.889,32.518,115.0,line,115.0,13.749,NORTH,24.245,False,False
4553,8098,8097,1,800.0,114.648,14.331,T1_normal,-94.877,31.814,115.0,-94.877,31.814,230.0,transformer,230.0,0.0,NORTH,12.459,False,False
4554,8098,8097,1,800.0,114.648,14.331,T1_normal,-94.877,31.814,115.0,-94.877,31.814,230.0,transformer,230.0,0.0,NORTH,12.459,False,False
4555,8099,8097,1,128.7,100.0,77.7,T1_normal,-94.877,31.814,13.8,-94.877,31.814,230.0,transformer,230.0,0.0,NORTH,77.7,False,False
4556,8097,8113,1,800.0,152.794,19.099,T1_normal,-94.877,31.814,230.0,-95.123,31.942,230.0,line,230.0,16.934,NORTH,21.498,False,False
4557,8097,8113,1,445.0,270.774,60.848,T1_normal,-94.877,31.814,230.0,-95.123,31.942,230.0,line,230.0,16.934,NORTH,68.489,False,False
4558,8100,8135,1,141.6,0.244,0.173,T1_normal,-95.284,32.354,115.0,-95.284,32.354,115.0,line,115.0,0.0,NORTH,2.743,False,False
4559,8138,8100,1,111.0,15.301,13.785,T1_normal,-95.284,32.354,115.0,-95.284,32.354,115.0,line,115.0,0.0,NORTH,0.658,False,False
4560,8100,8154,1,116.2,28.617,24.627,T1_normal,-95.284,32.354,115.0,-95.284,32.354,115.0,line,115.0,0.0,NORTH,3.572,False,False
4561,8101,8137,1,98.0,11.666,11.904,T1_normal,-95.062,31.613,115.0,-95.127,31.391,115.0,line,115.0,15.815,NORTH,16.206,False,False
4562,8102,8157,1,149.0,6.49,4.356,T1_normal,-96.664,31.098,115.0,-96.695,31.092,115.0,line,115.0,1.906,NORTH,13.928,False,False
4563,8102,8157,1,173.8,27.618,15.891,T1_normal,-96.664,31.098,115.0,-96.695,31.092,115.0,line,115.0,1.906,NORTH,50.813,False,False
4564,8102,8157,1,173.8,27.618,15.891,T1_normal,-96.664,31.098,115.0,-96.695,31.092,115.0,line,115.0,1.906,NORTH,50.813,False,False
4565,8102,12951,1,264.0,120.0,45.455,T1_normal,-96.664,31.098,115.0,-96.897,31.037,115.0,line,115.0,14.42,NORTH,45.455,False,False
4566,8102,12951,1,264.0,120.0,45.455,T1_normal,-96.664,31.098,115.0,-96.897,31.037,115.0,line,115.0,14.42,NORTH,45.455,False,False
4567,13103,8102,1,287.6,0.0,0.0,T1_normal,-96.664,31.098,20.0,-96.664,31.098,115.0,transformer,115.0,0.0,NORTH,0.0,False,False
4568,8106,8105,1,221.0,128.68,58.226,T1_normal,-95.103,33.188,115.0,-95.103,33.188,230.0,transformer,230.0,0.0,NORTH,57.918,False,False
4569,8106,8105,1,221.0,128.68,58.226,T1_normal,-95.103,33.188,115.0,-95.103,33.188,230.0,transformer,230.0,0.0,NORTH,57.918,False,False
4570,8105,8127,1,548.0,86.786,15.837,T1_normal,-95.103,33.188,230.0,-95.103,33.188,230.0,line,230.0,0.0,NORTH,15.753,False,False
4571,8105,8127,1,389.6,170.574,43.782,T1_normal,-95.103,33.188,230.0,-95.103,33.188,230.0,line,230.0,0.0,NORTH,43.55,False,False
4572,12828,8105,1,438.2,0.0,0.0,T1_normal,-95.103,33.188,20.0,-95.103,33.188,230.0,transformer,230.0,0.0,NORTH,0.0,False,False
4573,8142,8106,1,149.0,1.919,1.288,T1_normal,-95.319,33.201,115.0,-95.103,33.188,115.0,line,115.0,12.557,NORTH,3.026,False,False
4574,8106,12912,1,194.0,71.557,36.885,T1_normal,-95.103,33.188,115.0,-95.248,33.313,115.0,line,115.0,12.041,NORTH,36.477,False,False
4575,8106,13077,1,222.1,103.179,46.456,T1_normal,-95.103,33.188,115.0,-95.248,33.313,115.0,line,115.0,12.041,NORTH,46.758,False,False
4576,8106,13077,1,222.1,103.179,46.456,T1_normal,-95.103,33.188,115.0,-95.248,33.313,115.0,line,115.0,12.041,NORTH,46.758,False,False
4577,8106,13077,1,222.1,103.179,46.456,T1_normal,-95.103,33.188,115.0,-95.248,33.313,115.0,line,115.0,12.041,NORTH,46.758,False,False
4578,8128,8107,1,221.0,28.017,12.678,T1_normal,-95.103,33.188,115.0,-95.197,33.024,115.0,line,115.0,12.558,NORTH,8.22,False,False
4579,8107,8142,1,151.0,81.315,53.851,T1_normal,-95.197,33.024,115.0,-95.319,33.201,115.0,line,115.0,14.118,NORTH,59.585,False,False
4580,8107,8142,1,151.0,81.315,53.851,T1_normal,-95.197,33.024,115.0,-95.319,33.201,115.0,line,115.0,14.118,NORTH,59.585,False,False
4581,8145,8107,1,250.0,125.403,50.161,T1_normal,-95.461,33.014,115.0,-95.197,33.024,115.0,line,115.0,15.302,NORTH,61.029,False,False
4582,8153,8108,1,186.0,57.922,31.141,T1_normal,-95.889,32.518,115.0,-95.995,32.703,115.0,line,115.0,14.196,NORTH,5.633,False,False
4583,8109,8123,1,98.0,14.255,14.546,T1_normal,-95.857,32.169,115.0,-96.014,32.127,115.0,line,115.0,9.648,NORTH,31.059,False,False
4584,8124,8110,1,111.0,68.979,62.143,T1_normal,-95.803,33.098,115.0,-95.913,32.989,115.0,line,115.0,9.845,NORTH,77.01,False,False
4585,8111,8125,1,221.0,6.564,2.97,T1_normal,-94.737,31.336,115.0,-94.632,31.621,115.0,line,115.0,20.657,NORTH,1.738,False,False
4586,8113,8112,1,1290.0,889.224,68.932,T1_normal,-95.123,31.942,230.0,-95.123,31.942,500.0,transformer,500.0,0.0,NORTH,48.072,False,False
4587,8115,8112,1,765.1,1233.396,161.207,T7_structural,-95.123,31.942,13.8,-95.123,31.942,500.0,transformer,500.0,0.0,NORTH,38.807,True,True
4588,8116,8112,1,212.1,410.313,193.453,T7_structural,-95.123,31.942,13.8,-95.123,31.942,500.0,transformer,500.0,0.0,NORTH,46.569,True,True
4589,8114,8113,1,190.0,153.121,80.59,T2_watch,-95.123,31.942,115.0,-95.123,31.942,230.0,transformer,230.0,0.0,NORTH,64.962,False,False
4590,8113,8133,1,750.0,104.466,13.929,T1_normal,-95.123,31.942,230.0,-95.284,32.354,230.0,line,230.0,29.97,NORTH,0.515,False,False
4591,8113,8133,1,750.0,104.466,13.929,T1_normal,-95.123,31.942,230.0,-95.284,32.354,230.0,line,230.0,29.97,NORTH,0.515,False,False
4592,8113,8133,1,382.2,86.962,22.753,T1_normal,-95.123,31.942,230.0,-95.284,32.354,230.0,line,230.0,29.97,NORTH,0.842,False,False
4593,8121,8114,1,221.0,128.711,58.24,T1_normal,-95.123,31.942,115.0,-95.123,31.942,115.0,line,115.0,0.0,NORTH,44.804,False,False
4594,8118,8151,1,98.0,103.924,106.045,T4_light,-95.256,31.189,115.0,-95.482,31.417,115.0,line,115.0,20.669,NORTH,24.712,True,True
4595,8120,8122,1,98.0,28.97,29.562,T1_normal,-96.403,30.714,115.0,-96.403,30.714,115.0,line,115.0,0.0,NORTH,5.579,False,False
4596,8120,8140,1,170.0,38.622,22.719,T1_normal,-96.403,30.714,115.0,-96.308,30.59,115.0,line,115.0,10.308,NORTH,1.067,False,False
4597,8120,8141,1,221.0,114.871,51.978,T1_normal,-96.403,30.714,115.0,-96.625,30.881,115.0,line,115.0,17.531,NORTH,24.039,False,False
4598,8143,8120,1,221.0,79.7,36.063,T1_normal,-96.07,30.705,115.0,-96.403,30.714,115.0,line,115.0,19.816,NORTH,11.258,False,False
4599,8122,8160,1,113.3,55.8,49.25,T1_normal,-96.403,30.714,115.0,-96.403,30.714,115.0,line,115.0,0.0,NORTH,38.356,False,False
4600,8149,8123,1,98.0,31.785,32.434,T1_normal,-96.148,32.143,115.0,-96.014,32.127,115.0,line,115.0,7.913,NORTH,48.947,False,False
4601,8127,8126,1,1175.0,196.801,16.749,T1_normal,-95.103,33.188,230.0,-95.103,33.188,500.0,transformer,500.0,0.0,NORTH,9.83,False,False
4602,8127,8126,1,1175.0,196.801,16.749,T1_normal,-95.103,33.188,230.0,-95.103,33.188,500.0,transformer,500.0,0.0,NORTH,9.83,False,False
4603,8128,8127,1,286.0,205.807,71.961,T1_normal,-95.103,33.188,115.0,-95.103,33.188,230.0,transformer,230.0,0.0,NORTH,69.645,False,False
4604,8128,13077,1,220.0,131.443,59.747,T1_normal,-95.103,33.188,115.0,-95.248,33.313,115.0,line,115.0,12.041,NORTH,60.68,False,False
4605,8132,8144,1,149.0,80.763,54.204,T1_normal,-96.23,31.479,115.0,-96.33,31.765,115.0,line,115.0,20.643,NORTH,44.022,False,False
4606,8134,8133,1,300.0,110.663,36.888,T1_normal,-95.284,32.354,115.0,-95.284,32.354,230.0,transformer,230.0,0.0,NORTH,27.281,False,False
4607,8134,8133,1,300.0,110.663,36.888,T1_normal,-95.284,32.354,115.0,-95.284,32.354,230.0,transformer,230.0,0.0,NORTH,27.281,False,False
4608,8133,8147,1,548.0,87.98,16.055,T1_normal,-95.284,32.354,230.0,-96.148,32.143,230.0,line,230.0,52.565,NORTH,27.72,False,False
4609,8154,8135,1,149.0,35.789,24.02,T1_normal,-95.284,32.354,115.0,-95.284,32.354,115.0,line,115.0,0.0,NORTH,0.721,False,False
4610,8136,8145,1,166.0,119.243,71.833,T1_normal,-95.568,32.925,115.0,-95.461,33.014,115.0,line,115.0,8.748,NORTH,88.2,False,False
4611,8138,8146,1,216.0,40.785,18.882,T1_normal,-95.284,32.354,115.0,-94.716,32.082,115.0,line,115.0,38.152,NORTH,7.81,False,False
4612,8140,8139,1,365.0,207.963,56.976,T1_normal,-96.308,30.59,115.0,-96.308,30.59,230.0,transformer,230.0,0.0,NORTH,53.301,False,False
4613,8139,8159,1,430.4,134.139,31.166,T1_normal,-96.308,30.59,230.0,-96.403,30.714,230.0,line,230.0,10.308,NORTH,65.12,False,False
4614,8140,8152,1,116.4,19.708,16.931,T1_normal,-96.308,30.59,115.0,-96.403,30.714,115.0,line,115.0,10.308,NORTH,16.538,False,False
4615,12758,8142,1,372.7,0.0,0.0,T1_normal,-95.319,33.201,20.0,-95.319,33.201,115.0,transformer,115.0,0.0,NORTH,0.0,False,False
4616,12759,8142,1,121.6,72.2,59.375,T1_normal,-95.319,33.201,20.0,-95.319,33.201,115.0,transformer,115.0,0.0,NORTH,59.375,False,False
4617,8142,12912,1,137.1,42.399,30.926,T1_normal,-95.319,33.201,115.0,-95.248,33.313,115.0,line,115.0,8.733,NORTH,34.776,False,False
4618,8143,12874,1,600.0,40.129,6.688,T1_normal,-96.07,30.705,115.0,-96.07,30.705,500.0,transformer,500.0,0.0,NORTH,9.516,False,False
4619,8143,13008,1,232.4,102.956,44.301,T1_normal,-96.07,30.705,115.0,-96.091,30.651,115.0,line,115.0,3.953,NORTH,42.417,False,False
4620,8146,12500,1,293.0,68.526,23.388,T1_normal,-94.716,32.082,115.0,-94.571,32.261,115.0,line,115.0,14.968,NORTH,13.496,False,False
4621,8146,12500,1,293.0,68.526,23.388,T1_normal,-94.716,32.082,115.0,-94.571,32.261,115.0,line,115.0,14.968,NORTH,13.496,False,False
4622,8148,8147,1,201.3,115.46,57.357,T1_normal,-96.148,32.143,161.0,-96.148,32.143,230.0,transformer,230.0,0.0,NORTH,9.021,False,False
4623,8148,8147,1,201.3,115.46,57.357,T1_normal,-96.148,32.143,161.0,-96.148,32.143,230.0,transformer,230.0,0.0,NORTH,9.021,False,False
4624,12961,8147,1,310.2,577.387,186.134,T7_structural,-96.148,32.143,20.0,-96.148,32.143,230.0,transformer,230.0,0.0,NORTH,44.807,True,True
4625,8149,8148,1,254.0,6.701,2.638,T1_normal,-96.148,32.143,115.0,-96.148,32.143,161.0,transformer,161.0,0.0,NORTH,8.329,False,False
4626,8150,13393,1,124.5,26.334,21.152,T1_normal,-94.375,31.138,115.0,-94.106,31.061,115.0,line,115.0,16.792,NORTH,21.268,False,False
4627,8152,8160,1,221.0,30.225,13.676,T1_normal,-96.403,30.714,115.0,-96.403,30.714,115.0,line,115.0,0.0,NORTH,21.124,False,False
4628,8152,8160,1,221.0,30.225,13.676,T1_normal,-96.403,30.714,115.0,-96.403,30.714,115.0,line,115.0,0.0,NORTH,21.124,False,False
4629,8156,8155,1,500.0,78.627,15.725,T1_normal,-96.695,31.092,230.0,-96.695,31.092,500.0,transformer,500.0,0.0,NORTH,24.417,False,False
4630,8155,8158,1,2768.0,550.382,19.884,T1_normal,-96.695,31.092,500.0,-96.403,30.714,500.0,line,500.0,31.31,NORTH,58.54,False,False
4631,12776,8155,1,202.7,95.0,46.867,T1_normal,-96.695,31.092,20.0,-96.695,31.092,500.0,transformer,500.0,0.0,NORTH,46.867,False,False
4632,12777,8155,1,185.4,95.0,51.241,T1_normal,-96.695,31.092,20.0,-96.695,31.092,500.0,transformer,500.0,0.0,NORTH,51.241,False,False
4633,8157,8156,1,277.0,31.437,11.349,T1_normal,-96.695,31.092,115.0,-96.695,31.092,230.0,transformer,230.0,0.0,NORTH,63.615,False,False
4634,8156,8159,1,600.0,82.741,13.79,T1_normal,-96.695,31.092,230.0,-96.403,30.714,230.0,line,230.0,31.31,NORTH,34.346,False,False
4635,8159,8158,1,1204.0,240.323,19.96,T1_normal,-96.403,30.714,230.0,-96.403,30.714,500.0,transformer,500.0,0.0,NORTH,16.971,False,False
4636,13016,8158,1,165.1,270.176,163.644,T7_structural,-96.403,30.714,20.0,-96.403,30.714,500.0,transformer,500.0,0.0,NORTH,39.407,True,True
4637,8160,8159,1,377.0,103.765,27.524,T1_normal,-96.403,30.714,115.0,-96.403,30.714,230.0,transformer,230.0,0.0,NORTH,30.184,False,False
4638,8160,8159,1,377.0,103.765,27.524,T1_normal,-96.403,30.714,115.0,-96.403,30.714,230.0,transformer,230.0,0.0,NORTH,30.184,False,False
4639,12500,12501,1,800.0,137.052,17.132,T1_normal,-94.571,32.261,115.0,-94.571,32.261,500.0,transformer,500.0,0.0,NORTH,9.886,False,False
4640,12502,12501,1,1113.6,220.0,19.756,T1_normal,-94.571,32.261,20.0,-94.571,32.261,500.0,transformer,500.0,0.0,NORTH,19.756,False,False
4641,12503,12501,1,1217.0,230.0,18.899,T1_normal,-94.571,32.261,20.0,-94.571,32.261,500.0,transformer,500.0,0.0,NORTH,18.899,False,False
4642,12504,12501,1,1070.8,220.0,20.545,T1_normal,-94.571,32.261,20.0,-94.571,32.261,500.0,transformer,500.0,0.0,NORTH,20.545,False,False
4643,12648,12501,1,2889.1,888.326,30.747,T1_normal,-95.411,29.777,500.0,-94.571,32.261,500.0,line,500.0,178.656,HOUSTON,58.87,False,False
4644,12501,12715,1,2272.6,563.48,24.794,T1_normal,-94.571,32.261,500.0,-95.669,33.196,500.0,line,500.0,90.864,NORTH,15.55,False,False
4645,12506,12505,1,516.9,997.528,192.983,T7_structural,-96.492,32.756,20.0,-96.492,32.756,500.0,transformer,500.0,0.0,NORTH,46.456,True,True
4646,12507,12505,1,607.1,997.528,164.31,T7_structural,-96.492,32.756,20.0,-96.492,32.756,500.0,transformer,500.0,0.0,NORTH,39.554,True,True
4647,12508,12505,1,230.1,405.399,176.184,T7_structural,-96.492,32.756,20.0,-96.492,32.756,500.0,transformer,500.0,0.0,NORTH,42.412,True,True
4648,12509,12505,1,198.9,0.0,0.0,T1_normal,-96.492,32.756,20.0,-96.492,32.756,500.0,transformer,500.0,0.0,NORTH,0.0,False,False
4649,12510,12505,1,224.6,0.0,0.0,T1_normal,-96.492,32.756,20.0,-96.492,32.756,500.0,transformer,500.0,0.0,NORTH,0.0,False,False
4650,12511,12505,1,187.8,0.0,0.0,T1_normal,-96.492,32.756,20.0,-96.492,32.756,500.0,transformer,500.0,0.0,NORTH,0.0,False,False
4651,12512,12505,1,216.4,0.0,0.0,T1_normal,-96.492,32.756,20.0,-96.492,32.756,500.0,transformer,500.0,0.0,NORTH,0.0,False,False
4652,12513,12505,1,197.5,0.0,0.0,T1_normal,-96.492,32.756,20.0,-96.492,32.756,500.0,transformer,500.0,0.0,NORTH,0.0,False,False
4653,12505,12536,1,1980.5,588.662,29.723,T1_normal,-96.492,32.756,500.0,-96.546,32.836,500.0,line,500.0,6.331,NORTH,3.37,False,False
4654,12505,12715,1,2417.3,563.48,23.31,T1_normal,-96.492,32.756,500.0,-95.669,33.196,500.0,line,500.0,56.51,NORTH,14.619,False,False
4655,12524,12523,1,978.7,297.129,30.36,T1_normal,-98.509,29.475,20.0,-98.509,29.475,500.0,transformer,500.0,0.0,SOUTH,30.653,False,False
4656,12525,12523,1,837.3,127.129,15.183,T1_normal,-98.509,29.475,20.0,-98.509,29.475,500.0,transformer,500.0,0.0,SOUTH,15.526,False,False
4657,12529,12528,1,647.1,1065.426,164.646,T7_structural,-97.34,32.753,20.0,-97.34,32.753,500.0,transformer,500.0,0.0,NORTH,39.76,True,True
4658,12530,12528,1,552.1,1065.426,192.977,T7_structural,-97.34,32.753,20.0,-97.34,32.753,500.0,transformer,500.0,0.0,NORTH,46.601,True,True
4659,12531,12528,1,543.0,3.354,0.618,T1_normal,-97.34,32.753,20.0,-97.34,32.753,500.0,transformer,500.0,0.0,NORTH,0.0,False,False
4660,12560,12535,1,2919.0,1337.097,45.807,T1_normal,-98.316,26.439,500.0,-97.423,27.744,500.0,line,500.0,105.551,SOUTH,20.639,False,False
4661,12565,12535,1,2919.0,1598.103,54.748,T1_normal,-97.214,28.713,500.0,-97.423,27.744,500.0,line,500.0,68.17,SOUTH,24.478,False,False
4662,12535,12566,1,2437.9,1504.195,61.7,T1_normal,-97.423,27.744,500.0,-97.423,27.744,500.0,line,500.0,0.0,SOUTH,32.879,False,False
4663,12535,12566,1,2437.9,1504.195,61.7,T1_normal,-97.423,27.744,500.0,-97.423,27.744,500.0,line,500.0,0.0,SOUTH,32.879,False,False
4664,12537,12536,1,708.7,1284.992,181.317,T7_structural,-96.546,32.836,20.0,-96.546,32.836,500.0,transformer,500.0,0.0,NORTH,43.648,True,True
4665,12538,12536,1,488.1,0.0,0.0,T1_normal,-96.546,32.836,20.0,-96.546,32.836,500.0,transformer,500.0,0.0,NORTH,0.0,False,False
4666,12545,12544,1,654.4,510.0,77.934,T1_normal,-95.968,29.191,20.0,-95.968,29.191,500.0,transformer,500.0,0.0,HOUSTON,77.934,False,False
4667,12546,12544,1,405.5,0.0,0.0,T1_normal,-95.968,29.191,20.0,-95.968,29.191,500.0,transformer,500.0,0.0,HOUSTON,0.0,False,False
4668,12544,12880,1,2120.4,649.476,30.63,T1_normal,-95.968,29.191,500.0,-96.021,29.225,500.0,line,500.0,3.96,HOUSTON,26.413,False,False
4669,12548,12547,1,204.8,0.505,0.247,T1_normal,-97.462,31.82,13.8,-97.462,31.82,500.0,transformer,500.0,0.0,NORTH,0.0,False,False
4670,12549,12547,1,200.4,387.695,193.461,T7_structural,-97.462,31.82,13.8,-97.462,31.82,500.0,transformer,500.0,0.0,NORTH,46.632,True,True
4671,12550,12547,1,209.9,0.505,0.241,T1_normal,-97.462,31.82,13.8,-97.462,31.82,500.0,transformer,500.0,0.0,NORTH,0.0,False,False
4672,12551,12547,1,131.5,0.505,0.384,T1_normal,-97.462,31.82,13.8,-97.462,31.82,500.0,transformer,500.0,0.0,NORTH,0.0,False,False
4673,12555,12556,1,800.0,534.137,66.767,T1_normal,-97.934,33.08,161.0,-97.934,33.08,500.0,transformer,500.0,0.0,NORTH,73.688,False,False
4674,12557,12556,1,300.8,0.0,0.0,T1_normal,-97.934,33.08,20.0,-97.934,33.08,500.0,transformer,500.0,0.0,NORTH,0.0,False,False
4675,12558,12556,1,293.5,0.0,0.0,T1_normal,-97.934,33.08,20.0,-97.934,33.08,500.0,transformer,500.0,0.0,NORTH,0.0,False,False
4676,12559,12556,1,365.5,0.0,0.0,T1_normal,-97.934,33.08,20.0,-97.934,33.08,500.0,transformer,500.0,0.0,NORTH,0.0,False,False
4677,12561,12560,1,342.2,482.818,141.092,T6_heavy,-98.316,26.439,20.0,-98.316,26.439,500.0,transformer,500.0,0.0,SOUTH,33.965,True,True
4678,12562,12560,1,273.2,437.999,160.322,T7_structural,-98.316,26.439,20.0,-98.316,26.439,500.0,transformer,500.0,0.0,SOUTH,38.594,True,True
4679,12563,12560,1,263.3,437.999,166.35,T7_structural,-98.316,26.439,20.0,-98.316,26.439,500.0,transformer,500.0,0.0,SOUTH,40.045,True,True
4680,12560,12566,1,2919.0,1537.555,52.674,T1_normal,-98.316,26.439,500.0,-97.423,27.744,500.0,line,500.0,105.551,SOUTH,24.299,False,False
4681,12568,12567,1,245.4,1.018,0.415,T1_normal,-94.945,29.39,20.0,-94.945,29.39,500.0,transformer,500.0,0.0,HOUSTON,0.0,False,False
4682,12569,12567,1,204.5,1.018,0.498,T1_normal,-94.945,29.39,20.0,-94.945,29.39,500.0,transformer,500.0,0.0,HOUSTON,0.0,False,False
4683,12570,12567,1,188.8,1.018,0.539,T1_normal,-94.945,29.39,20.0,-94.945,29.39,500.0,transformer,500.0,0.0,HOUSTON,0.0,False,False
4684,12571,12567,1,111.3,1.018,0.914,T1_normal,-94.945,29.39,20.0,-94.945,29.39,500.0,transformer,500.0,0.0,HOUSTON,0.0,False,False
4685,12572,12567,1,102.9,1.018,0.989,T1_normal,-94.945,29.39,20.0,-94.945,29.39,500.0,transformer,500.0,0.0,HOUSTON,0.0,False,False
4686,12567,12689,1,2270.5,95.198,4.193,T1_normal,-94.945,29.39,500.0,-94.945,29.39,500.0,line,500.0,0.0,HOUSTON,0.579,False,False
4687,12567,12699,1,2439.6,84.131,3.449,T1_normal,-94.945,29.39,500.0,-94.944,29.379,500.0,line,500.0,0.751,HOUSTON,0.22,False,False
4688,12573,12574,1,800.0,483.321,60.415,T1_normal,-96.087,29.283,115.0,-96.087,29.283,500.0,transformer,500.0,0.0,HOUSTON,47.327,False,False
4689,12575,12574,1,149.7,0.0,0.0,T1_normal,-96.087,29.283,20.0,-96.087,29.283,500.0,transformer,500.0,0.0,HOUSTON,0.0,False,False
4690,12576,12574,1,156.6,0.0,0.0,T1_normal,-96.087,29.283,20.0,-96.087,29.283,500.0,transformer,500.0,0.0,HOUSTON,0.0,False,False
4691,12577,12574,1,126.8,70.72,55.773,T1_normal,-96.087,29.283,20.0,-96.087,29.283,500.0,transformer,500.0,0.0,HOUSTON,13.426,False,False
4692,12578,12574,1,109.3,0.0,0.0,T1_normal,-96.087,29.283,20.0,-96.087,29.283,500.0,transformer,500.0,0.0,HOUSTON,0.0,False,False
4693,12579,12574,1,136.0,0.0,0.0,T1_normal,-96.087,29.283,20.0,-96.087,29.283,500.0,transformer,500.0,0.0,HOUSTON,0.0,False,False
4694,12580,12574,1,126.5,0.0,0.0,T1_normal,-96.087,29.283,20.0,-96.087,29.283,500.0,transformer,500.0,0.0,HOUSTON,0.0,False,False
4695,12574,12640,1,3108.0,2281.309,73.401,T1_normal,-96.087,29.283,500.0,-96.209,29.056,500.0,line,500.0,17.299,HOUSTON,60.687,False,False
4696,12581,12582,1,600.0,210.642,35.107,T1_normal,-101.971,34.488,161.0,-101.971,34.488,500.0,transformer,500.0,0.0,NORTH,37.956,False,False
4697,12581,12846,1,180.9,112.218,62.033,T1_normal,-101.971,34.488,161.0,-102.052,34.512,161.0,line,161.0,4.923,NORTH,50.451,False,False
4698,12581,13038,1,297.0,91.476,30.8,T1_normal,-101.971,34.488,161.0,-101.971,34.488,161.0,line,161.0,0.0,NORTH,38.519,False,False
4699,12581,13057,1,222.7,90.837,40.789,T1_normal,-101.971,34.488,161.0,-102.214,34.734,161.0,line,161.0,21.936,NORTH,32.787,False,False
4700,12581,13161,1,224.0,33.577,14.99,T1_normal,-101.971,34.488,161.0,-102.054,34.379,161.0,line,161.0,8.896,NORTH,17.278,False,False
4701,12581,13165,1,191.6,106.97,55.83,T1_normal,-101.971,34.488,161.0,-102.052,34.77,161.0,line,161.0,20.028,NORTH,48.478,False,False
4702,12583,12582,1,730.3,600.0,82.158,T2_watch,-101.971,34.488,20.0,-101.971,34.488,500.0,transformer,500.0,0.0,NORTH,82.158,False,False
4703,12633,12582,1,2205.4,1430.966,64.885,T1_normal,-101.597,34.407,500.0,-101.971,34.488,500.0,line,500.0,22.035,NORTH,62.106,False,False
4704,12582,12847,1,2092.0,620.324,29.652,T1_normal,-101.971,34.488,500.0,-102.052,34.512,500.0,line,500.0,4.923,NORTH,25.906,False,False
4705,12584,12585,1,691.0,33.767,4.887,T1_normal,-96.209,29.056,115.0,-96.209,29.056,500.0,transformer,500.0,0.0,HOUSTON,3.585,False,False
4706,12584,12639,1,316.0,15.465,4.894,T1_normal,-96.209,29.056,115.0,-96.209,29.056,115.0,line,115.0,0.0,HOUSTON,3.591,False,False
4707,12584,13234,1,375.0,18.302,4.881,T1_normal,-96.209,29.056,115.0,-96.209,29.056,115.0,line,115.0,0.0,HOUSTON,3.581,False,False
4708,12586,12585,1,732.2,600.0,81.945,T2_watch,-96.209,29.056,20.0,-96.209,29.056,500.0,transformer,500.0,0.0,HOUSTON,81.945,False,False
4709,12585,12640,1,2716.4,1844.049,67.886,T1_normal,-96.209,29.056,500.0,-96.209,29.056,500.0,line,500.0,0.0,HOUSTON,49.809,False,False
4710,12590,12591,1,600.0,118.719,19.786,T1_normal,-96.931,31.433,161.0,-96.931,31.433,500.0,transformer,500.0,0.0,NORTH,63.894,False,False
4711,12590,12926,1,209.6,105.594,50.379,T1_normal,-96.931,31.433,161.0,-96.931,31.433,161.0,line,161.0,0.0,NORTH,93.965,False,False
4712,12592,12591,1,561.4,500.0,89.063,T2_watch,-96.931,31.433,20.0,-96.931,31.433,500.0,transformer,500.0,0.0,NORTH,89.063,False,False
4713,12591,12826,1,2033.5,618.719,30.426,T1_normal,-96.931,31.433,500.0,-96.849,31.509,500.0,line,500.0,7.147,NORTH,43.441,False,False
4714,12593,12594,1,600.0,254.742,42.457,T1_normal,-101.856,31.164,115.0,-101.856,31.164,230.0,transformer,230.0,0.0,WEST,50.112,False,False
4715,12593,13155,1,189.0,85.9,45.45,T1_normal,-101.856,31.164,115.0,-101.856,31.164,115.0,line,115.0,0.0,WEST,45.45,False,False
4716,12593,13155,1,189.0,85.9,45.45,T1_normal,-101.856,31.164,115.0,-101.856,31.164,115.0,line,115.0,0.0,WEST,45.45,False,False
4717,12595,12594,1,520.6,449.5,86.343,T2_watch,-101.856,31.164,20.0,-101.856,31.164,230.0,transformer,230.0,0.0,WEST,86.343,False,False
4718,12667,12594,1,542.8,126.32,23.272,T1_normal,-102.453,31.843,230.0,-101.856,31.164,230.0,line,230.0,58.603,WEST,38.889,False,False
4719,12774,12594,1,447.8,232.286,51.873,T1_normal,-102.399,31.161,230.0,-101.856,31.164,230.0,line,230.0,32.065,WEST,64.739,False,False
4720,12791,12594,1,405.4,186.667,46.045,T1_normal,-101.215,31.195,230.0,-101.856,31.164,230.0,line,230.0,37.984,WEST,46.465,False,False
4721,12855,12594,1,597.6,352.943,59.06,T1_normal,-102.273,31.191,230.0,-101.856,31.164,230.0,line,230.0,24.677,WEST,78.057,False,False
4722,12855,12594,1,597.6,352.943,59.06,T1_normal,-102.273,31.191,230.0,-101.856,31.164,230.0,line,230.0,24.677,WEST,78.057,False,False
4723,12855,12594,1,597.6,352.943,59.06,T1_normal,-102.273,31.191,230.0,-101.856,31.164,230.0,line,230.0,24.677,WEST,78.057,False,False
4724,12597,12596,1,242.4,169.728,70.02,T1_normal,-95.733,29.48,20.0,-95.733,29.48,500.0,transformer,500.0,0.0,HOUSTON,16.856,False,False
4725,12598,12596,1,241.7,0.0,0.0,T1_normal,-95.733,29.48,20.0,-95.733,29.48,500.0,transformer,500.0,0.0,HOUSTON,0.0,False,False
4726,12599,12596,1,198.7,0.0,0.0,T1_normal,-95.733,29.48,20.0,-95.733,29.48,500.0,transformer,500.0,0.0,HOUSTON,0.0,False,False
4727,12600,12601,1,600.0,292.535,48.756,T1_normal,-97.699,32.409,161.0,-97.699,32.409,500.0,transformer,500.0,0.0,NORTH,17.323,False,False
4728,12602,12601,1,388.5,2.567,0.661,T1_normal,-97.699,32.409,20.0,-97.699,32.409,500.0,transformer,500.0,0.0,NORTH,0.0,False,False
4729,12603,12601,1,118.2,2.567,2.172,T1_normal,-97.699,32.409,20.0,-97.699,32.409,500.0,transformer,500.0,0.0,NORTH,0.0,False,False
4730,12604,12601,1,117.8,2.567,2.179,T1_normal,-97.699,32.409,20.0,-97.699,32.409,500.0,transformer,500.0,0.0,NORTH,0.0,False,False
4731,12605,12601,1,98.8,2.567,2.598,T1_normal,-97.699,32.409,20.0,-97.699,32.409,500.0,transformer,500.0,0.0,NORTH,0.0,False,False
4732,12606,12601,1,92.1,2.567,2.787,T1_normal,-97.699,32.409,20.0,-97.699,32.409,500.0,transformer,500.0,0.0,NORTH,0.0,False,False
4733,12609,12607,1,702.4,525.0,74.744,T1_normal,-100.697,31.793,20.0,-100.697,31.793,115.0,transformer,115.0,0.0,WEST,74.744,False,False
4734,12607,13280,1,164.1,88.782,54.103,T1_normal,-100.697,31.793,115.0,-100.825,31.888,115.0,line,115.0,9.982,WEST,52.856,False,False
4735,12607,13280,1,164.1,88.782,54.103,T1_normal,-100.697,31.793,115.0,-100.825,31.888,115.0,line,115.0,9.982,WEST,52.856,False,False
4736,12607,13413,1,211.5,115.812,54.757,T1_normal,-100.697,31.793,115.0,-100.984,31.876,115.0,line,115.0,17.806,WEST,55.402,False,False
4737,12607,13413,1,211.5,115.812,54.757,T1_normal,-100.697,31.793,115.0,-100.984,31.876,115.0,line,115.0,17.806,WEST,55.402,False,False
4738,12607,13413,1,211.5,115.812,54.757,T1_normal,-100.697,31.793,115.0,-100.984,31.876,115.0,line,115.0,17.806,WEST,55.402,False,False
4739,12614,12613,1,260.5,366.697,140.767,T6_heavy,-98.372,30.558,20.0,-98.372,30.558,500.0,transformer,500.0,0.0,SOUTH,33.886,True,True
4740,12615,12613,1,235.9,0.0,0.0,T1_normal,-98.372,30.558,20.0,-98.372,30.558,500.0,transformer,500.0,0.0,SOUTH,0.0,False,False
4741,12616,12613,1,238.9,342.25,143.261,T6_heavy,-98.372,30.558,20.0,-98.372,30.558,500.0,transformer,500.0,0.0,SOUTH,34.487,True,True
4742,12617,12618,1,943.0,378.763,40.166,T1_normal,-102.271,34.913,161.0,-102.271,34.913,500.0,transformer,500.0,0.0,NORTH,42.666,False,False
4743,12617,12837,1,278.0,22.651,8.148,T1_normal,-102.271,34.913,161.0,-102.214,34.734,161.0,line,161.0,12.777,NORTH,13.31,False,False
4744,12617,13004,1,416.0,330.462,79.438,T1_normal,-102.271,34.913,161.0,-102.316,35.2,161.0,line,161.0,20.003,NORTH,90.666,False,False
4745,12617,13057,1,368.0,39.168,10.644,T1_normal,-102.271,34.913,161.0,-102.214,34.734,161.0,line,161.0,12.777,NORTH,8.015,False,False
4746,12617,13165,1,213.7,31.784,14.873,T1_normal,-102.271,34.913,161.0,-102.052,34.77,161.0,line,161.0,15.853,NORTH,15.291,False,False
4747,12619,12618,1,595.9,515.0,86.424,T2_watch,-102.271,34.913,20.0,-102.271,34.913,500.0,transformer,500.0,0.0,NORTH,86.424,False,False
4748,12618,12838,1,1971.5,58.958,2.99,T1_normal,-102.271,34.913,500.0,-102.214,34.734,500.0,line,500.0,12.777,NORTH,10.031,False,False
4749,12618,12847,1,1971.5,370.07,18.771,T1_normal,-102.271,34.913,500.0,-102.052,34.512,500.0,line,500.0,30.366,NORTH,11.807,False,False
4750,12618,12867,1,2219.1,464.736,20.943,T1_normal,-102.271,34.913,500.0,-101.326,35.094,500.0,line,500.0,54.896,NORTH,21.938,False,False
4751,12620,12621,1,732.0,339.863,46.429,T1_normal,-97.271,30.147,115.0,-97.271,30.147,500.0,transformer,500.0,0.0,SOUTH,39.919,False,False
4752,12622,12621,1,236.7,350.399,148.035,T6_heavy,-97.271,30.147,20.0,-97.271,30.147,500.0,transformer,500.0,0.0,SOUTH,35.636,True,True
4753,12623,12621,1,210.1,344.288,163.868,T7_structural,-97.271,30.147,20.0,-97.271,30.147,500.0,transformer,500.0,0.0,SOUTH,39.448,True,True
4754,12624,12621,1,233.7,0.0,0.0,T1_normal,-97.271,30.147,20.0,-97.271,30.147,500.0,transformer,500.0,0.0,SOUTH,0.0,False,False
4755,12621,12852,1,2277.2,449.07,19.72,T1_normal,-97.271,30.147,500.0,-97.271,29.894,500.0,line,500.0,17.456,SOUTH,55.303,False,False
4756,12629,12630,1,600.0,33.701,5.617,T1_normal,-101.297,30.743,115.0,-101.297,30.743,230.0,transformer,230.0,0.0,WEST,5.594,False,False
4757,12629,12819,1,184.0,33.701,18.316,T1_normal,-101.297,30.743,115.0,-101.984,30.861,115.0,line,115.0,41.573,WEST,18.242,False,False
4758,12631,12630,1,695.5,500.6,71.977,T1_normal,-101.297,30.743,20.0,-101.297,30.743,230.0,transformer,230.0,0.0,WEST,71.977,False,False
4759,12791,12630,1,757.0,336.14,44.404,T1_normal,-101.215,31.195,230.0,-101.297,30.743,230.0,line,230.0,31.601,WEST,43.03,False,False
4760,12630,12811,1,773.0,399.623,51.698,T1_normal,-101.297,30.743,230.0,-101.215,31.195,230.0,line,230.0,31.601,WEST,52.96,False,False
4761,12630,12820,1,496.0,201.463,40.618,T1_normal,-101.297,30.743,230.0,-101.984,30.861,230.0,line,230.0,41.573,WEST,40.514,False,False
4762,12632,12633,1,600.0,111.9,18.65,T1_normal,-101.597,34.407,161.0,-101.597,34.407,500.0,transformer,500.0,0.0,NORTH,19.712,False,False
4763,12632,12807,1,348.0,137.981,39.65,T1_normal,-101.597,34.407,161.0,-101.381,34.197,161.0,line,161.0,18.994,NORTH,38.379,False,False
4764,12632,12846,1,282.1,196.155,69.534,T1_normal,-101.597,34.407,161.0,-102.052,34.512,161.0,line,161.0,26.94,NORTH,50.405,False,False
4765,12632,12846,1,282.1,196.155,69.534,T1_normal,-101.597,34.407,161.0,-102.052,34.512,161.0,line,161.0,26.94,NORTH,50.405,False,False
4766,12634,12633,1,605.1,500.0,82.631,T2_watch,-101.597,34.407,20.0,-101.597,34.407,500.0,transformer,500.0,0.0,NORTH,82.631,False,False
4767,12633,12808,1,2205.4,1819.066,82.482,T2_watch,-101.597,34.407,500.0,-101.381,34.197,500.0,line,500.0,18.994,NORTH,90.14,False,False
4768,12636,12637,1,600.0,210.459,35.077,T1_normal,-98.732,33.127,161.0,-98.732,33.127,500.0,transformer,500.0,0.0,NORTH,10.548,False,False
4769,12638,12637,1,594.8,500.0,84.062,T2_watch,-98.732,33.127,20.0,-98.732,33.127,500.0,transformer,500.0,0.0,NORTH,84.062,False,False
4770,12676,12637,1,2109.1,1126.578,53.415,T1_normal,-99.375,33.207,500.0,-98.732,33.127,500.0,line,500.0,37.566,NORTH,79.069,False,False
4771,12639,12640,1,691.0,33.767,4.887,T1_normal,-96.209,29.056,115.0,-96.209,29.056,500.0,transformer,500.0,0.0,HOUSTON,3.585,False,False
4772,12639,13234,1,375.0,18.302,4.881,T1_normal,-96.209,29.056,115.0,-96.209,29.056,115.0,line,115.0,0.0,HOUSTON,3.581,False,False
4773,12641,12640,1,716.4,500.0,69.793,T1_normal,-96.209,29.056,20.0,-96.209,29.056,500.0,transformer,500.0,0.0,HOUSTON,69.793,False,False
4774,12696,12640,1,2822.0,2365.155,83.811,T2_watch,-95.786,29.346,500.0,-96.209,29.056,500.0,line,500.0,32.423,HOUSTON,58.419,False,False
4775,12647,12646,1,731.4,491.6,67.214,T1_normal,-99.936,31.188,20.0,-99.936,31.188,230.0,transformer,230.0,0.0,WEST,67.214,False,False
4776,12656,12646,1,695.0,398.892,57.395,T1_normal,-99.187,31.548,230.0,-99.936,31.188,230.0,line,230.0,50.72,WEST,68.152,False,False
4777,12656,12646,1,695.0,398.892,57.395,T1_normal,-99.187,31.548,230.0,-99.936,31.188,230.0,line,230.0,50.72,WEST,68.152,False,False
4778,12649,12648,1,114.7,2.063,1.799,T1_normal,-95.411,29.777,20.0,-95.411,29.777,500.0,transformer,500.0,0.0,HOUSTON,0.0,False,False
4779,12650,12648,1,115.9,2.063,1.78,T1_normal,-95.411,29.777,20.0,-95.411,29.777,500.0,transformer,500.0,0.0,HOUSTON,0.0,False,False
4780,12651,12648,1,86.4,2.063,2.388,T1_normal,-95.411,29.777,20.0,-95.411,29.777,500.0,transformer,500.0,0.0,HOUSTON,0.0,False,False
4781,12652,12648,1,90.9,2.063,2.27,T1_normal,-95.411,29.777,20.0,-95.411,29.777,500.0,transformer,500.0,0.0,HOUSTON,0.0,False,False
4782,12653,12648,1,85.7,2.063,2.407,T1_normal,-95.411,29.777,20.0,-95.411,29.777,500.0,transformer,500.0,0.0,HOUSTON,0.0,False,False
4783,12654,12648,1,93.9,2.063,2.197,T1_normal,-95.411,29.777,20.0,-95.411,29.777,500.0,transformer,500.0,0.0,HOUSTON,0.0,False,False
4784,12655,12648,1,91.1,2.063,2.265,T1_normal,-95.411,29.777,20.0,-95.411,29.777,500.0,transformer,500.0,0.0,HOUSTON,0.0,False,False
4785,12648,12743,1,2116.0,419.683,19.834,T1_normal,-95.411,29.777,500.0,-95.069,29.843,500.0,line,500.0,21.008,HOUSTON,41.246,False,False
4786,12657,12656,1,436.4,320.0,73.327,T1_normal,-99.187,31.548,20.0,-99.187,31.548,230.0,transformer,230.0,0.0,WEST,73.327,False,False
4787,12658,12656,1,230.7,160.0,69.354,T1_normal,-99.187,31.548,20.0,-99.187,31.548,230.0,transformer,230.0,0.0,WEST,69.354,False,False
4788,12656,13429,1,1608.0,581.195,36.144,T1_normal,-99.187,31.548,230.0,-99.187,31.548,500.0,transformer,500.0,0.0,WEST,69.689,False,False
4789,12656,13429,1,1608.0,581.195,36.144,T1_normal,-99.187,31.548,230.0,-99.187,31.548,500.0,transformer,500.0,0.0,WEST,69.689,False,False
4790,12661,12659,1,486.8,320.0,65.735,T1_normal,-100.94,32.806,20.0,-100.94,32.806,115.0,transformer,115.0,0.0,WEST,65.735,False,False
4791,12662,12659,1,231.6,160.0,69.085,T1_normal,-100.94,32.806,20.0,-100.94,32.806,115.0,transformer,115.0,0.0,WEST,69.085,False,False
4792,12659,12897,1,264.0,160.0,60.606,T1_normal,-100.94,32.806,115.0,-100.94,32.806,115.0,line,115.0,0.0,WEST,60.606,False,False
4793,12659,12897,1,264.0,160.0,60.606,T1_normal,-100.94,32.806,115.0,-100.94,32.806,115.0,line,115.0,0.0,WEST,60.606,False,False
4794,12659,12897,1,264.0,160.0,60.606,T1_normal,-100.94,32.806,115.0,-100.94,32.806,115.0,line,115.0,0.0,WEST,60.606,False,False
4795,12663,12664,1,600.0,169.577,28.263,T1_normal,-100.94,32.806,115.0,-100.94,32.806,230.0,transformer,230.0,0.0,WEST,31.457,False,False
4796,12663,12897,1,356.0,37.687,10.586,T1_normal,-100.94,32.806,115.0,-100.94,32.806,115.0,line,115.0,0.0,WEST,8.359,False,False
4797,12663,13403,1,145.5,12.715,8.739,T1_normal,-100.94,32.806,115.0,-100.94,32.806,115.0,line,115.0,0.0,WEST,12.512,False,False
4798,12665,12664,1,376.7,0.0,0.0,T1_normal,-100.94,32.806,20.0,-100.94,32.806,230.0,transformer,230.0,0.0,WEST,0.0,False,False
4799,12666,12664,1,211.7,160.0,75.579,T1_normal,-100.94,32.806,20.0,-100.94,32.806,230.0,transformer,230.0,0.0,WEST,75.579,False,False
4800,12664,12788,1,595.0,329.577,55.391,T1_normal,-100.94,32.806,230.0,-101.836,32.758,230.0,line,230.0,52.142,WEST,58.612,False,False
4801,12668,12667,1,136.5,2.077,1.522,T1_normal,-102.453,31.843,20.0,-102.453,31.843,230.0,transformer,230.0,0.0,WEST,0.0,False,False
4802,12669,12667,1,161.2,139.365,86.455,T2_watch,-102.453,31.843,20.0,-102.453,31.843,230.0,transformer,230.0,0.0,WEST,21.122,False,False
4803,12670,12667,1,101.9,98.85,97.007,T3_prevent,-102.453,31.843,20.0,-102.453,31.843,230.0,transformer,230.0,0.0,WEST,23.843,False,False
4804,12671,12667,1,88.5,98.85,111.695,T5_moderate,-102.453,31.843,20.0,-102.453,31.843,230.0,transformer,230.0,0.0,WEST,27.453,True,True
4805,12672,12667,1,103.3,95.966,92.901,T3_prevent,-102.453,31.843,20.0,-102.453,31.843,230.0,transformer,230.0,0.0,WEST,22.848,False,False
4806,12673,12667,1,91.3,95.966,105.111,T4_light,-102.453,31.843,20.0,-102.453,31.843,230.0,transformer,230.0,0.0,WEST,25.851,True,True
4807,12667,12680,1,404.6,38.269,9.458,T1_normal,-102.453,31.843,230.0,-102.772,32.28,230.0,line,230.0,35.518,WEST,7.758,False,False
4808,12667,12804,1,452.0,26.636,5.893,T1_normal,-102.453,31.843,230.0,-102.707,32.032,230.0,line,230.0,19.798,WEST,2.577,False,False
4809,12677,12676,1,468.1,350.2,74.813,T1_normal,-99.375,33.207,20.0,-99.375,33.207,500.0,transformer,500.0,0.0,NORTH,74.813,False,False
4810,12678,12676,1,164.4,0.0,0.0,T1_normal,-99.375,33.207,20.0,-99.375,33.207,500.0,transformer,500.0,0.0,NORTH,0.0,False,False
4811,12679,12680,1,600.0,52.617,8.769,T1_normal,-102.772,32.28,115.0,-102.772,32.28,230.0,transformer,230.0,0.0,WEST,8.263,False,False
4812,12679,12803,1,129.8,34.052,26.234,T1_normal,-102.772,32.28,115.0,-102.707,32.032,115.0,line,115.0,17.571,WEST,38.196,False,False
4813,12681,12680,1,639.0,416.771,65.222,T1_normal,-102.772,32.28,20.0,-102.772,32.28,230.0,transformer,230.0,0.0,WEST,65.728,False,False
4814,12680,12804,1,368.2,16.806,4.564,T1_normal,-102.772,32.28,230.0,-102.707,32.032,230.0,line,230.0,17.571,WEST,15.806,False,False
4815,12680,12823,1,495.5,21.708,4.381,T1_normal,-102.772,32.28,230.0,-102.772,32.28,230.0,line,230.0,0.0,WEST,0.236,False,False
4816,12699,12689,1,2290.2,82.104,3.585,T1_normal,-94.944,29.379,500.0,-94.945,29.39,500.0,line,500.0,0.751,HOUSTON,0.678,False,False
4817,12761,12689,1,2017.9,21.924,1.086,T1_normal,-94.985,29.492,500.0,-94.945,29.39,500.0,line,500.0,7.495,HOUSTON,2.076,False,False
4818,12690,12691,1,600.0,194.776,32.463,T1_normal,-95.745,29.073,115.0,-95.745,29.073,500.0,transformer,500.0,0.0,HOUSTON,17.099,False,False
4819,12690,13097,1,182.9,42.705,23.349,T1_normal,-95.745,29.073,115.0,-95.719,29.017,115.0,line,115.0,4.138,HOUSTON,13.678,False,False
4820,12690,13097,1,182.9,42.705,23.349,T1_normal,-95.745,29.073,115.0,-95.719,29.017,115.0,line,115.0,4.138,HOUSTON,13.678,False,False
4821,12690,13333,1,144.4,43.113,29.856,T1_normal,-95.745,29.073,115.0,-95.681,29.154,115.0,line,115.0,6.84,HOUSTON,9.522,False,False
4822,12690,13402,1,122.7,46.622,37.997,T1_normal,-95.745,29.073,115.0,-95.719,29.017,115.0,line,115.0,4.138,HOUSTON,22.239,False,False
4823,12692,12691,1,137.9,90.688,65.764,T1_normal,-95.745,29.073,20.0,-95.745,29.073,500.0,transformer,500.0,0.0,HOUSTON,15.831,False,False
4824,12693,12691,1,170.8,0.0,0.0,T1_normal,-95.745,29.073,20.0,-95.745,29.073,500.0,transformer,500.0,0.0,HOUSTON,0.0,False,False
4825,12694,12691,1,173.3,0.0,0.0,T1_normal,-95.745,29.073,20.0,-95.745,29.073,500.0,transformer,500.0,0.0,HOUSTON,0.0,False,False
4826,12695,12691,1,141.4,0.0,0.0,T1_normal,-95.745,29.073,20.0,-95.745,29.073,500.0,transformer,500.0,0.0,HOUSTON,0.0,False,False
4827,12697,12696,1,632.0,0.0,0.0,T1_normal,-95.786,29.346,20.0,-95.786,29.346,500.0,transformer,500.0,0.0,HOUSTON,0.0,False,False
4828,12700,12699,1,200.0,0.0,0.0,T1_normal,-94.944,29.379,20.0,-94.944,29.379,500.0,transformer,500.0,0.0,HOUSTON,0.0,False,False
4829,12701,12699,1,120.1,76.544,63.733,T1_normal,-94.944,29.379,20.0,-94.944,29.379,500.0,transformer,500.0,0.0,HOUSTON,15.342,False,False
4830,12702,12699,1,130.0,76.544,58.88,T1_normal,-94.944,29.379,20.0,-94.944,29.379,500.0,transformer,500.0,0.0,HOUSTON,14.174,False,False
4831,12703,12699,1,124.5,0.0,0.0,T1_normal,-94.944,29.379,20.0,-94.944,29.379,500.0,transformer,500.0,0.0,HOUSTON,0.0,False,False
4832,12705,12704,1,282.2,167.665,59.413,T1_normal,-95.411,29.777,20.0,-95.411,29.777,500.0,transformer,500.0,0.0,HOUSTON,14.478,False,False
4833,12706,12704,1,286.0,167.665,58.624,T1_normal,-95.411,29.777,20.0,-95.411,29.777,500.0,transformer,500.0,0.0,HOUSTON,14.286,False,False
4834,12710,12709,1,410.4,2.95,0.719,T1_normal,-97.136,33.211,20.0,-97.136,33.211,500.0,transformer,500.0,0.0,NORTH,0.0,False,False
4835,12711,12709,1,153.7,122.05,79.408,T1_normal,-97.136,33.211,20.0,-97.136,33.211,500.0,transformer,500.0,0.0,NORTH,81.327,False,False
4836,12713,12712,1,613.7,0.0,0.0,T1_normal,-96.819,31.71,20.0,-96.819,31.71,500.0,transformer,500.0,0.0,NORTH,0.0,False,False
4837,12712,12829,1,1914.5,145.758,7.613,T1_normal,-96.819,31.71,500.0,-96.828,31.775,500.0,line,500.0,4.477,NORTH,12.817,False,False
4838,12716,12715,1,453.0,0.0,0.0,T1_normal,-95.669,33.196,20.0,-95.669,33.196,500.0,transformer,500.0,0.0,NORTH,0.0,False,False
4839,12717,12715,1,161.5,0.0,0.0,T1_normal,-95.669,33.196,20.0,-95.669,33.196,500.0,transformer,500.0,0.0,NORTH,0.0,False,False
4840,12718,12719,1,600.0,340.44,56.74,T1_normal,-101.64,32.673,115.0,-101.64,32.673,230.0,transformer,230.0,0.0,WEST,44.354,False,False
4841,12718,13002,1,199.6,116.526,58.38,T1_normal,-101.64,32.673,115.0,-101.836,32.758,115.0,line,115.0,12.804,WEST,50.69,False,False
4842,12718,13230,1,207.0,131.334,63.447,T1_normal,-101.64,32.673,115.0,-101.64,32.673,115.0,line,115.0,0.0,WEST,59.816,False,False
4843,12718,13230,1,207.0,131.334,63.447,T1_normal,-101.64,32.673,115.0,-101.64,32.673,115.0,line,115.0,0.0,WEST,59.816,False,False
4844,12720,12719,1,515.4,400.0,77.61,T1_normal,-101.64,32.673,20.0,-101.64,32.673,230.0,transformer,230.0,0.0,WEST,77.61,False,False
4845,12719,12788,1,450.3,82.482,18.317,T1_normal,-101.64,32.673,230.0,-101.836,32.758,230.0,line,230.0,12.804,WEST,48.553,False,False
4846,12722,12721,1,92.9,3.333,3.588,T1_normal,-100.891,32.313,20.0,-100.891,32.313,230.0,transformer,230.0,0.0,WEST,32.293,False,False
4847,12723,12721,1,100.5,3.333,3.317,T1_normal,-100.891,32.313,20.0,-100.891,32.313,230.0,transformer,230.0,0.0,WEST,29.851,False,False
4848,12724,12721,1,106.6,26.667,25.016,T1_normal,-100.891,32.313,20.0,-100.891,32.313,230.0,transformer,230.0,0.0,WEST,0.0,False,False
4849,12725,12721,1,98.3,3.333,3.391,T1_normal,-100.891,32.313,20.0,-100.891,32.313,230.0,transformer,230.0,0.0,WEST,30.519,False,False
4850,12726,12721,1,95.1,3.333,3.505,T1_normal,-100.891,32.313,20.0,-100.891,32.313,230.0,transformer,230.0,0.0,WEST,31.546,False,False
4851,12727,12721,1,110.0,3.333,3.03,T1_normal,-100.891,32.313,20.0,-100.891,32.313,230.0,transformer,230.0,0.0,WEST,27.273,False,False
4852,12729,12728,1,179.8,339.061,188.577,T7_structural,-96.452,33.068,20.0,-96.452,33.068,500.0,transformer,500.0,0.0,NORTH,45.395,True,True
4853,12730,12728,1,157.4,0.0,0.0,T1_normal,-96.452,33.068,20.0,-96.452,33.068,500.0,transformer,500.0,0.0,NORTH,0.0,False,False
4854,12731,12728,1,115.5,0.0,0.0,T1_normal,-96.452,33.068,20.0,-96.452,33.068,500.0,transformer,500.0,0.0,NORTH,0.0,False,False
4855,12732,12728,1,125.3,0.0,0.0,T1_normal,-96.452,33.068,20.0,-96.452,33.068,500.0,transformer,500.0,0.0,NORTH,0.0,False,False
4856,12735,12736,1,1195.0,551.559,46.156,T1_normal,-99.092,33.978,161.0,-99.092,33.978,500.0,transformer,500.0,0.0,NORTH,22.577,False,False
4857,12735,13041,1,582.0,235.291,40.428,T1_normal,-99.092,33.978,161.0,-99.29,33.643,161.0,line,161.0,25.77,NORTH,34.105,False,False
4858,12735,13135,1,398.0,67.766,17.027,T1_normal,-99.092,33.978,161.0,-99.45,34.161,161.0,line,161.0,24.092,NORTH,17.575,False,False
4859,12737,12736,1,539.0,366.6,68.015,T1_normal,-99.092,33.978,20.0,-99.092,33.978,500.0,transformer,500.0,0.0,NORTH,68.015,False,False
4860,12746,12747,1,600.0,0.0,0.0,T1_normal,-96.142,29.159,115.0,-96.142,29.159,500.0,transformer,500.0,0.0,HOUSTON,0.0,False,False
4861,12746,13163,1,187.5,0.0,0.0,T1_normal,-96.142,29.159,115.0,-96.209,29.056,115.0,line,115.0,8.195,HOUSTON,0.0,False,False
4862,12748,12747,1,539.3,0.0,0.0,T1_normal,-96.142,29.159,20.0,-96.142,29.159,500.0,transformer,500.0,0.0,HOUSTON,0.0,False,False
4863,12750,12749,1,456.2,0.0,0.0,T1_normal,-95.278,29.276,20.0,-95.278,29.276,500.0,transformer,500.0,0.0,HOUSTON,0.0,False,False
4864,12749,12861,1,2112.2,117.437,5.56,T1_normal,-95.278,29.276,500.0,-95.433,29.213,500.0,line,500.0,10.301,HOUSTON,3.248,False,False
4865,12751,12752,1,600.0,24.288,4.048,T1_normal,-101.657,33.303,115.0,-101.657,33.303,230.0,transformer,230.0,0.0,WEST,13.964,False,False
4866,12751,13270,1,423.0,24.288,5.742,T1_normal,-101.657,33.303,115.0,-101.838,33.553,115.0,line,115.0,20.167,WEST,19.807,False,False
4867,12753,12752,1,511.4,338.4,66.171,T1_normal,-101.657,33.303,20.0,-101.657,33.303,230.0,transformer,230.0,0.0,WEST,66.171,False,False
4868,12752,12814,1,646.0,106.857,16.541,T1_normal,-101.657,33.303,230.0,-101.679,33.151,230.0,line,230.0,10.619,WEST,15.907,False,False
4869,12754,12755,1,864.0,23.028,2.665,T1_normal,-99.696,33.739,161.0,-99.696,33.739,500.0,transformer,500.0,0.0,NORTH,55.446,False,False
4870,12754,12755,1,864.0,23.028,2.665,T1_normal,-99.696,33.739,161.0,-99.696,33.739,500.0,transformer,500.0,0.0,NORTH,55.446,False,False
4871,12754,12937,1,371.0,404.038,108.905,T4_light,-99.696,33.739,161.0,-99.696,33.739,161.0,line,161.0,0.0,NORTH,79.479,True,True
4872,12754,12945,1,256.5,1241.871,484.16,T7_structural,-99.696,33.739,161.0,-100.455,34.414,161.0,line,161.0,63.706,NORTH,93.567,True,True
4873,12754,12978,1,214.6,245.682,114.484,T5_moderate,-99.696,33.739,161.0,-99.582,33.609,161.0,line,161.0,11.105,NORTH,62.22,True,True
4874,12754,13029,1,271.0,257.146,94.888,T3_prevent,-99.696,33.739,161.0,-99.658,33.841,161.0,line,161.0,7.382,NORTH,64.181,False,False
4875,12754,13202,1,280.0,130.021,46.436,T1_normal,-99.696,33.739,161.0,-99.29,33.643,161.0,line,161.0,24.279,NORTH,2.379,False,False
4876,12754,13204,1,262.2,251.039,95.743,T3_prevent,-99.696,33.739,161.0,-99.29,33.643,161.0,line,161.0,24.279,NORTH,46.699,False,False
4877,12756,12755,1,431.4,336.0,77.886,T1_normal,-99.696,33.739,20.0,-99.696,33.739,500.0,transformer,500.0,0.0,NORTH,77.886,False,False
4878,12764,12763,1,288.6,226.328,78.423,T1_normal,-96.387,32.061,20.0,-96.387,32.061,500.0,transformer,500.0,0.0,NORTH,83.437,False,False
4879,12765,12763,1,113.5,14.472,12.75,T1_normal,-96.387,32.061,20.0,-96.387,32.061,500.0,transformer,500.0,0.0,NORTH,0.0,False,False
4880,12775,12774,1,374.2,306.0,81.774,T2_watch,-102.399,31.161,20.0,-102.399,31.161,230.0,transformer,230.0,0.0,WEST,81.774,False,False
4881,12774,12855,1,449.4,256.288,57.029,T1_normal,-102.399,31.161,230.0,-102.273,31.191,230.0,line,230.0,7.728,WEST,66.828,False,False
4882,12774,12894,1,506.4,47.662,9.412,T1_normal,-102.399,31.161,230.0,-102.599,30.92,230.0,line,230.0,20.446,WEST,2.741,False,False
4883,12785,12783,1,338.7,0.0,0.0,T1_normal,-99.569,33.096,20.0,-99.569,33.096,161.0,transformer,161.0,0.0,NORTH,0.0,False,False
4884,12786,12783,1,100.7,77.6,77.061,T1_normal,-99.569,33.096,20.0,-99.569,33.096,161.0,transformer,161.0,0.0,NORTH,77.061,False,False
4885,12783,13012,1,343.2,111.272,32.422,T1_normal,-99.569,33.096,161.0,-99.375,33.207,161.0,line,161.0,13.593,NORTH,44.888,False,False
4886,12783,13012,1,343.2,111.272,32.422,T1_normal,-99.569,33.096,161.0,-99.375,33.207,161.0,line,161.0,13.593,NORTH,44.888,False,False
4887,12783,13012,1,343.2,111.272,32.422,T1_normal,-99.569,33.096,161.0,-99.375,33.207,161.0,line,161.0,13.593,NORTH,44.888,False,False
4888,12789,12788,1,236.7,159.0,67.174,T1_normal,-101.836,32.758,20.0,-101.836,32.758,230.0,transformer,230.0,0.0,WEST,67.174,False,False
4889,12790,12788,1,226.5,143.5,63.355,T1_normal,-101.836,32.758,20.0,-101.836,32.758,230.0,transformer,230.0,0.0,WEST,63.355,False,False
4890,12788,12814,1,635.0,85.137,13.407,T1_normal,-101.836,32.758,230.0,-101.679,33.151,230.0,line,230.0,28.62,WEST,50.981,False,False
4891,12788,12898,1,596.0,344.756,57.845,T1_normal,-101.836,32.758,230.0,-100.94,32.806,230.0,line,230.0,52.142,WEST,60.708,False,False
4892,12788,12898,1,596.0,344.756,57.845,T1_normal,-101.836,32.758,230.0,-100.94,32.806,230.0,line,230.0,52.142,WEST,60.708,False,False
4893,12792,12791,1,380.5,302.4,79.474,T1_normal,-101.215,31.195,20.0,-101.215,31.195,230.0,transformer,230.0,0.0,WEST,79.474,False,False
4894,12791,12796,1,384.7,72.649,18.885,T1_normal,-101.215,31.195,230.0,-100.984,31.876,230.0,line,230.0,48.989,WEST,8.338,False,False
4895,12791,12796,1,384.7,72.649,18.885,T1_normal,-101.215,31.195,230.0,-100.984,31.876,230.0,line,230.0,48.989,WEST,8.338,False,False
4896,12791,12811,1,404.5,68.58,16.954,T1_normal,-101.215,31.195,230.0,-101.215,31.195,230.0,line,230.0,0.0,WEST,6.832,False,False
4897,12795,12796,1,600.0,33.431,5.572,T1_normal,-100.984,31.876,115.0,-100.984,31.876,230.0,transformer,230.0,0.0,WEST,6.152,False,False
4898,12797,12796,1,386.2,0.0,0.0,T1_normal,-100.984,31.876,20.0,-100.984,31.876,230.0,transformer,230.0,0.0,WEST,0.0,False,False
4899,12803,12804,1,600.0,198.281,33.047,T1_normal,-102.707,32.032,115.0,-102.707,32.032,230.0,transformer,230.0,0.0,WEST,30.222,False,False
4900,12805,12804,1,193.2,216.273,111.942,T5_moderate,-102.707,32.032,20.0,-102.707,32.032,230.0,transformer,230.0,0.0,WEST,26.948,True,True
4901,12806,12804,1,210.9,216.273,102.547,T4_light,-102.707,32.032,20.0,-102.707,32.032,230.0,transformer,230.0,0.0,WEST,24.686,True,True
4902,12804,12823,1,350.6,39.649,11.309,T1_normal,-102.707,32.032,230.0,-102.772,32.28,230.0,line,230.0,17.571,WEST,6.887,False,False
4903,12807,12808,1,770.0,8.679,1.127,T1_normal,-101.381,34.197,161.0,-101.381,34.197,500.0,transformer,500.0,0.0,NORTH,42.914,False,False
4904,12807,13055,1,243.0,124.901,51.4,T1_normal,-101.381,34.197,161.0,-101.244,34.372,161.0,line,161.0,14.395,NORTH,68.14,False,False
4905,12807,13065,1,230.0,58.348,25.369,T1_normal,-101.381,34.197,161.0,-101.179,34.028,161.0,line,161.0,16.416,NORTH,24.187,False,False
4906,12807,13065,1,230.0,58.348,25.369,T1_normal,-101.381,34.197,161.0,-101.179,34.028,161.0,line,161.0,16.416,NORTH,24.187,False,False
4907,12807,13392,1,300.0,121.097,40.366,T1_normal,-101.381,34.197,161.0,-101.179,34.028,161.0,line,161.0,16.416,NORTH,26.654,False,False
4908,12809,12808,1,429.9,300.0,69.784,T1_normal,-101.381,34.197,20.0,-101.381,34.197,500.0,transformer,500.0,0.0,NORTH,69.784,False,False
4909,12808,12883,1,2083.9,2127.745,102.104,T4_light,-101.381,34.197,500.0,-101.179,34.028,500.0,line,500.0,16.416,NORTH,125.649,True,False
4910,12810,12811,1,600.0,18.535,3.089,T1_normal,-101.215,31.195,115.0,-101.215,31.195,230.0,transformer,230.0,0.0,WEST,24.575,False,False
4911,12810,12984,1,246.0,40.45,16.443,T1_normal,-101.215,31.195,115.0,-102.668,31.183,115.0,line,115.0,85.896,WEST,45.508,False,False
4912,12810,12984,1,246.0,40.45,16.443,T1_normal,-101.215,31.195,115.0,-102.668,31.183,115.0,line,115.0,85.896,WEST,45.508,False,False
4913,12812,12811,1,389.1,300.0,77.101,T1_normal,-101.215,31.195,20.0,-101.215,31.195,230.0,transformer,230.0,0.0,WEST,77.101,False,False
4914,12813,12814,1,600.0,83.786,13.964,T1_normal,-101.679,33.151,115.0,-101.679,33.151,230.0,transformer,230.0,0.0,WEST,37.488,False,False
4915,12813,13270,1,220.0,41.893,19.042,T1_normal,-101.679,33.151,115.0,-101.838,33.553,115.0,line,115.0,29.273,WEST,51.12,False,False
4916,12813,13270,1,220.0,41.893,19.042,T1_normal,-101.679,33.151,115.0,-101.838,33.553,115.0,line,115.0,29.273,WEST,51.12,False,False
4917,12815,12814,1,415.6,300.0,72.185,T1_normal,-101.679,33.151,20.0,-101.679,33.151,230.0,transformer,230.0,0.0,WEST,72.185,False,False
4918,12818,12816,1,350.0,300.0,85.714,T2_watch,-98.884,27.483,20.0,-98.884,27.483,115.0,transformer,115.0,0.0,SOUTH,85.714,False,False
4919,12816,13067,1,146.4,115.156,78.658,T1_normal,-98.884,27.483,115.0,-98.91,27.44,115.0,line,115.0,3.382,SOUTH,77.861,False,False
4920,12816,13423,1,160.0,115.45,72.156,T1_normal,-98.884,27.483,115.0,-98.884,27.483,115.0,line,115.0,0.0,SOUTH,71.68,False,False
4921,12819,12820,1,600.0,98.537,16.423,T1_normal,-101.984,30.861,115.0,-101.984,30.861,230.0,transformer,230.0,0.0,WEST,16.508,False,False
4922,12821,12820,1,348.7,300.0,86.034,T2_watch,-101.984,30.861,20.0,-101.984,30.861,230.0,transformer,230.0,0.0,WEST,86.034,False,False
4923,12822,12823,1,600.0,135.927,22.654,T1_normal,-102.772,32.28,115.0,-102.772,32.28,230.0,transformer,230.0,0.0,WEST,31.76,False,False
4924,12822,12918,1,275.0,114.103,41.492,T1_normal,-102.772,32.28,115.0,-102.772,32.28,115.0,line,115.0,0.0,WEST,45.455,False,False
4925,12822,12918,1,275.0,114.103,41.492,T1_normal,-102.772,32.28,115.0,-102.772,32.28,115.0,line,115.0,0.0,WEST,45.455,False,False
4926,12822,13174,1,275.0,73.715,26.805,T1_normal,-102.772,32.28,115.0,-102.772,32.28,115.0,line,115.0,0.0,WEST,21.615,False,False
4927,12824,12823,1,399.1,3.229,0.809,T1_normal,-102.772,32.28,20.0,-102.772,32.28,230.0,transformer,230.0,0.0,WEST,0.0,False,False
4928,12827,12826,1,371.1,0.0,0.0,T1_normal,-96.849,31.509,20.0,-96.849,31.509,500.0,transformer,500.0,0.0,NORTH,0.0,False,False
4929,12830,12829,1,345.5,0.0,0.0,T1_normal,-96.828,31.775,20.0,-96.828,31.775,500.0,transformer,500.0,0.0,NORTH,0.0,False,False
4930,12833,12831,1,426.6,300.0,70.323,T1_normal,-97.454,28.428,20.0,-97.454,28.428,115.0,transformer,115.0,0.0,SOUTH,70.323,False,False
4931,12831,13224,1,219.7,181.645,82.679,T2_watch,-97.454,28.428,115.0,-97.495,28.48,115.0,line,115.0,4.332,SOUTH,58.495,False,False
4932,12831,13224,1,219.7,181.645,82.679,T2_watch,-97.454,28.428,115.0,-97.495,28.48,115.0,line,115.0,4.332,SOUTH,58.495,False,False
4933,12831,13224,1,219.7,181.645,82.679,T2_watch,-97.454,28.428,115.0,-97.495,28.48,115.0,line,115.0,4.332,SOUTH,58.495,False,False
4934,12831,13226,1,250.0,135.472,54.189,T1_normal,-97.454,28.428,115.0,-97.495,28.48,115.0,line,115.0,4.332,SOUTH,29.061,False,False
4935,12834,12835,1,783.0,326.879,41.747,T1_normal,-103.431,31.454,115.0,-103.431,31.454,230.0,transformer,230.0,0.0,WEST,61.213,False,False
4936,12834,13022,1,224.0,78.332,34.97,T1_normal,-103.431,31.454,115.0,-103.128,31.186,115.0,line,115.0,25.707,WEST,36.573,False,False
4937,12834,13302,1,291.0,157.764,54.214,T1_normal,-103.431,31.454,115.0,-103.431,31.454,115.0,line,115.0,0.0,WEST,59.949,False,False
4938,12834,13304,1,125.9,43.865,34.841,T1_normal,-103.431,31.454,115.0,-103.362,31.451,115.0,line,115.0,4.058,WEST,27.451,False,False
4939,12834,13319,1,249.0,42.655,17.13,T1_normal,-103.431,31.454,115.0,-102.668,31.183,115.0,line,115.0,48.732,WEST,48.802,False,False
4940,12834,13319,1,249.0,42.655,17.13,T1_normal,-103.431,31.454,115.0,-102.668,31.183,115.0,line,115.0,48.732,WEST,48.802,False,False
4941,12836,12835,1,405.0,0.0,0.0,T1_normal,-103.431,31.454,20.0,-103.431,31.454,230.0,transformer,230.0,0.0,WEST,0.0,False,False
4942,12891,12835,1,698.0,405.211,58.053,T1_normal,-103.126,31.165,230.0,-103.431,31.454,230.0,line,230.0,26.842,WEST,66.245,False,False
4943,12837,12838,1,784.0,303.263,38.682,T1_normal,-102.214,34.734,161.0,-102.214,34.734,500.0,transformer,500.0,0.0,NORTH,43.493,False,False
4944,12837,12838,1,784.0,303.263,38.682,T1_normal,-102.214,34.734,161.0,-102.214,34.734,500.0,transformer,500.0,0.0,NORTH,43.493,False,False
4945,12837,13057,1,525.0,145.781,27.768,T1_normal,-102.214,34.734,161.0,-102.214,34.734,161.0,line,161.0,0.0,NORTH,33.654,False,False
4946,12837,13124,1,456.0,339.634,74.481,T1_normal,-102.214,34.734,161.0,-102.702,35.286,161.0,line,161.0,47.087,NORTH,78.956,False,False
4947,12837,13207,1,288.0,98.461,34.188,T1_normal,-102.214,34.734,161.0,-102.352,34.669,161.0,line,161.0,9.031,NORTH,37.585,False,False
4948,12839,12838,1,412.1,299.7,72.725,T1_normal,-102.214,34.734,20.0,-102.214,34.734,500.0,transformer,500.0,0.0,NORTH,72.725,False,False
4949,12844,12842,1,364.5,0.0,0.0,T1_normal,-99.225,32.359,20.0,-99.225,32.359,161.0,transformer,161.0,0.0,NORTH,0.0,False,False
4950,12842,13243,1,246.2,51.022,20.724,T1_normal,-99.225,32.359,161.0,-99.153,32.386,161.0,line,161.0,4.593,NORTH,37.321,False,False
4951,12846,12847,1,600.0,37.746,6.291,T1_normal,-102.052,34.512,161.0,-102.052,34.512,500.0,transformer,500.0,0.0,NORTH,3.529,False,False
4952,12846,12962,1,299.2,0.0,0.0,T1_normal,-102.052,34.512,161.0,-102.578,34.668,161.0,line,161.0,31.782,NORTH,0.0,False,False
4953,12846,13038,1,205.2,135.011,65.795,T1_normal,-102.052,34.512,161.0,-101.971,34.488,161.0,line,161.0,4.923,NORTH,56.184,False,False
4954,12846,13161,1,196.1,107.336,54.735,T1_normal,-102.052,34.512,161.0,-102.054,34.379,161.0,line,161.0,9.218,NORTH,50.488,False,False
4955,12848,12847,1,378.5,288.0,76.09,T1_normal,-102.052,34.512,20.0,-102.052,34.512,500.0,transformer,500.0,0.0,NORTH,76.09,False,False
4956,12853,12852,1,289.5,200.0,69.085,T1_normal,-97.271,29.894,20.0,-97.271,29.894,500.0,transformer,500.0,0.0,SOUTH,69.085,False,False
4957,12854,12852,1,117.1,0.0,0.0,T1_normal,-97.271,29.894,20.0,-97.271,29.894,500.0,transformer,500.0,0.0,SOUTH,0.0,False,False
4958,12856,12855,1,319.4,278.0,87.038,T2_watch,-102.273,31.191,20.0,-102.273,31.191,230.0,transformer,230.0,0.0,WEST,87.038,False,False
4959,12855,12894,1,516.0,268.885,52.109,T1_normal,-102.273,31.191,230.0,-102.599,30.92,230.0,line,230.0,26.894,WEST,65.174,False,False
4960,12859,12858,1,363.0,268.2,73.884,T1_normal,-97.831,28.625,20.0,-97.831,28.625,230.0,transformer,230.0,0.0,SOUTH,73.884,False,False
4961,12860,12861,1,600.0,105.206,17.534,T1_normal,-95.433,29.213,115.0,-95.433,29.213,500.0,transformer,500.0,0.0,HOUSTON,2.502,False,False
4962,12860,12982,1,171.6,18.662,10.876,T1_normal,-95.433,29.213,115.0,-95.427,29.295,115.0,line,115.0,5.702,HOUSTON,11.176,False,False
4963,12860,12982,1,171.6,18.662,10.876,T1_normal,-95.433,29.213,115.0,-95.427,29.295,115.0,line,115.0,5.702,HOUSTON,11.176,False,False
4964,12860,13232,1,203.0,117.144,57.706,T1_normal,-95.433,29.213,115.0,-95.433,29.213,115.0,line,115.0,0.0,HOUSTON,61.965,False,False
4965,12864,12863,1,225.4,0.0,0.0,T1_normal,-97.458,32.338,20.0,-97.458,32.338,500.0,transformer,500.0,0.0,NORTH,0.0,False,False
4966,12865,12863,1,128.8,0.0,0.0,T1_normal,-97.458,32.338,20.0,-97.458,32.338,500.0,transformer,500.0,0.0,NORTH,0.0,False,False
4967,12866,12867,1,600.0,484.672,80.779,T2_watch,-101.326,35.094,161.0,-101.326,35.094,500.0,transformer,500.0,0.0,NORTH,127.025,False,False
4968,12866,13059,1,321.0,184.89,57.598,T1_normal,-101.326,35.094,161.0,-101.187,35.254,161.0,line,161.0,13.592,NORTH,100.943,False,False
4969,12868,12867,1,412.3,265.5,64.395,T1_normal,-101.326,35.094,20.0,-101.326,35.094,500.0,transformer,500.0,0.0,NORTH,64.395,False,False
4970,12875,12874,1,255.8,210.0,82.095,T2_watch,-96.07,30.705,20.0,-96.07,30.705,500.0,transformer,500.0,0.0,NORTH,82.095,False,False
4971,12878,12876,1,323.9,256.727,79.261,T1_normal,-104.508,31.505,20.0,-104.508,31.505,115.0,transformer,115.0,0.0,WEST,80.272,False,False
4972,12876,13144,1,286.0,118.955,41.592,T1_normal,-104.508,31.505,115.0,-104.508,31.505,115.0,line,115.0,0.0,WEST,45.455,False,False
4973,12876,13144,1,286.0,118.955,41.592,T1_normal,-104.508,31.505,115.0,-104.508,31.505,115.0,line,115.0,0.0,WEST,45.455,False,False
4974,12879,12880,1,600.0,147.046,24.508,T1_normal,-96.021,29.225,115.0,-96.021,29.225,500.0,transformer,500.0,0.0,HOUSTON,31.029,False,False
4975,12879,13031,1,158.9,8.926,5.618,T1_normal,-96.021,29.225,115.0,-96.021,29.225,115.0,line,115.0,0.0,HOUSTON,4.921,False,False
4976,12879,13422,1,129.3,11.232,8.686,T1_normal,-96.021,29.225,115.0,-96.087,29.283,115.0,line,115.0,5.668,HOUSTON,5.479,False,False
4977,12881,12880,1,303.3,260.0,85.724,T2_watch,-96.021,29.225,20.0,-96.021,29.225,500.0,transformer,500.0,0.0,HOUSTON,85.724,False,False
4978,12882,12883,1,1087.0,85.805,7.894,T1_normal,-101.179,34.028,161.0,-101.179,34.028,500.0,transformer,500.0,0.0,NORTH,52.881,False,False
4979,12882,13209,1,473.0,168.298,35.581,T1_normal,-101.179,34.028,161.0,-98.18,31.842,161.0,line,161.0,230.352,NORTH,46.142,False,False
4980,12884,12883,1,321.0,257.0,80.062,T2_watch,-101.179,34.028,20.0,-101.179,34.028,500.0,transformer,500.0,0.0,NORTH,80.062,False,False
4981,12887,12885,1,372.0,0.0,0.0,T1_normal,-99.153,32.386,20.0,-99.153,32.386,161.0,transformer,161.0,0.0,NORTH,0.0,False,False
4982,12890,12888,1,373.5,255.2,68.327,T1_normal,-97.831,28.625,20.0,-97.831,28.625,115.0,transformer,115.0,0.0,SOUTH,68.327,False,False
4983,12892,12891,1,331.3,255.0,76.97,T1_normal,-103.126,31.165,20.0,-103.126,31.165,230.0,transformer,230.0,0.0,WEST,76.97,False,False
4984,12893,12894,1,600.0,307.131,51.188,T1_normal,-102.599,30.92,115.0,-102.599,30.92,230.0,transformer,230.0,0.0,WEST,73.743,False,False
4985,12893,13147,1,149.0,76.186,51.132,T1_normal,-102.599,30.92,115.0,-102.599,30.92,115.0,line,115.0,0.0,WEST,72.71,False,False
4986,12893,13364,1,213.9,123.437,57.708,T1_normal,-102.599,30.92,115.0,-102.414,30.956,115.0,line,115.0,11.247,WEST,69.065,False,False
4987,12893,13364,1,213.9,123.437,57.708,T1_normal,-102.599,30.92,115.0,-102.414,30.956,115.0,line,115.0,11.247,WEST,69.065,False,False
4988,12893,13371,1,158.8,102.077,64.28,T1_normal,-102.599,30.92,115.0,-102.414,30.956,115.0,line,115.0,11.247,WEST,76.997,False,False
4989,12893,13415,1,190.0,72.791,38.311,T1_normal,-102.599,30.92,115.0,-102.273,31.191,115.0,line,115.0,26.894,WEST,36.81,False,False
4990,12895,12894,1,295.7,249.865,84.499,T2_watch,-102.599,30.92,20.0,-102.599,30.92,230.0,transformer,230.0,0.0,WEST,86.236,False,False
4991,12897,12898,1,700.0,436.511,62.359,T1_normal,-100.94,32.806,115.0,-100.94,32.806,230.0,transformer,230.0,0.0,WEST,67.234,False,False
4992,12897,13403,1,221.1,5.802,2.624,T1_normal,-100.94,32.806,115.0,-100.94,32.806,115.0,line,115.0,0.0,WEST,9.225,False,False
4993,12899,12898,1,342.2,253.0,73.933,T1_normal,-100.94,32.806,20.0,-100.94,32.806,230.0,transformer,230.0,0.0,WEST,73.933,False,False
4994,12902,12900,1,342.0,0.0,0.0,T1_normal,-100.893,33.327,20.0,-100.893,33.327,161.0,transformer,161.0,0.0,NORTH,0.0,False,False
4995,12900,13091,1,214.1,9.312,4.35,T1_normal,-100.893,33.327,161.0,-100.893,33.327,161.0,line,161.0,0.0,NORTH,10.225,False,False
4996,12904,12903,1,224.6,151.0,67.231,T1_normal,-96.243,32.789,20.0,-96.243,32.789,500.0,transformer,500.0,0.0,NORTH,67.231,False,False
4997,12905,12903,1,161.0,0.0,0.0,T1_normal,-96.243,32.789,20.0,-96.243,32.789,500.0,transformer,500.0,0.0,NORTH,0.0,False,False
4998,12907,12906,1,369.5,250.0,67.659,T1_normal,-98.411,26.466,20.0,-98.411,26.466,115.0,transformer,115.0,0.0,SOUTH,67.659,False,False
4999,12906,13108,1,147.1,55.258,37.565,T1_normal,-98.411,26.466,115.0,-98.316,26.439,115.0,line,115.0,6.141,SOUTH,45.436,False,False
5000,12906,13396,1,238.0,132.616,55.721,T1_normal,-98.411,26.466,115.0,-98.316,26.439,115.0,line,115.0,6.141,SOUTH,68.545,False,False
5001,12911,12910,1,322.9,250.0,77.423,T1_normal,-99.85,31.441,20.0,-99.85,31.441,115.0,transformer,115.0,0.0,WEST,77.423,False,False
5002,12910,13179,1,178.8,60.373,33.766,T1_normal,-99.85,31.441,115.0,-99.53,31.26,115.0,line,115.0,22.664,WEST,43.654,False,False
5003,12910,13183,1,214.2,0.0,0.0,T1_normal,-99.85,31.441,115.0,-100.559,31.462,115.0,line,115.0,41.843,WEST,0.0,False,False
5004,12910,13291,1,204.7,46.417,22.676,T1_normal,-99.85,31.441,115.0,-99.85,31.441,115.0,line,115.0,0.0,WEST,21.098,False,False
5005,12910,13291,1,204.7,46.417,22.676,T1_normal,-99.85,31.441,115.0,-99.85,31.441,115.0,line,115.0,0.0,WEST,21.098,False,False
5006,12910,13291,1,204.7,46.417,22.676,T1_normal,-99.85,31.441,115.0,-99.85,31.441,115.0,line,115.0,0.0,WEST,21.098,False,False
5007,12913,12912,1,356.8,250.0,70.067,T1_normal,-95.248,33.313,20.0,-95.248,33.313,115.0,transformer,115.0,0.0,NORTH,70.067,False,False
5008,12912,13077,1,222.0,136.044,61.281,T1_normal,-95.248,33.313,115.0,-95.248,33.313,115.0,line,115.0,0.0,NORTH,59.26,False,False
5009,12915,12914,1,295.3,250.0,84.66,T2_watch,-98.001,28.655,20.0,-98.001,28.655,115.0,transformer,115.0,0.0,SOUTH,84.66,False,False
5010,12917,12916,1,313.4,250.0,79.77,T1_normal,-95.248,33.313,20.0,-95.248,33.313,115.0,transformer,115.0,0.0,NORTH,79.77,False,False
5011,12916,13077,1,275.0,104.937,38.159,T1_normal,-95.248,33.313,115.0,-95.248,33.313,115.0,line,115.0,0.0,NORTH,41.268,False,False
5012,12919,12918,1,333.1,246.771,74.083,T1_normal,-102.772,32.28,20.0,-102.772,32.28,115.0,transformer,115.0,0.0,WEST,75.053,False,False
5013,12923,12922,1,364.0,1.018,0.28,T1_normal,-94.945,29.39,20.0,-94.945,29.39,115.0,transformer,115.0,0.0,HOUSTON,0.0,False,False
5014,12927,12926,1,214.7,150.0,69.865,T1_normal,-96.931,31.433,20.0,-96.931,31.433,161.0,transformer,161.0,0.0,NORTH,69.865,False,False
5015,12928,12926,1,124.6,0.0,0.0,T1_normal,-96.931,31.433,20.0,-96.931,31.433,161.0,transformer,161.0,0.0,NORTH,0.0,False,False
5016,12936,12935,1,377.9,0.0,0.0,T1_normal,-95.923,28.926,20.0,-95.923,28.926,115.0,transformer,115.0,0.0,HOUSTON,0.0,False,False
5017,12935,12974,1,220.0,126.667,57.576,T1_normal,-95.923,28.926,115.0,-95.923,28.926,115.0,line,115.0,0.0,HOUSTON,43.788,False,False
5018,12938,12937,1,293.3,242.8,82.782,T2_watch,-99.696,33.739,20.0,-99.696,33.739,161.0,transformer,161.0,0.0,NORTH,82.782,False,False
5019,12937,12978,1,227.7,71.565,31.43,T1_normal,-99.696,33.739,161.0,-99.582,33.609,161.0,line,161.0,11.105,NORTH,2.709,False,False
5020,12937,13029,1,232.5,89.673,38.569,T1_normal,-99.696,33.739,161.0,-99.658,33.841,161.0,line,161.0,7.382,NORTH,19.741,False,False
5021,12940,12939,1,334.3,242.5,72.54,T1_normal,-100.94,32.806,20.0,-100.94,32.806,115.0,transformer,115.0,0.0,WEST,72.54,False,False
5022,12943,12942,1,252.8,0.002,0.001,T1_normal,-97.006,28.747,20.0,-97.006,28.747,115.0,transformer,115.0,0.0,HOUSTON,0.0,False,False
5023,12944,12942,1,82.0,60.998,74.387,T1_normal,-97.006,28.747,20.0,-97.006,28.747,115.0,transformer,115.0,0.0,HOUSTON,74.39,False,False
5024,12946,12945,1,280.7,76.257,27.167,T1_normal,-100.455,34.414,20.0,-100.455,34.414,161.0,transformer,161.0,0.0,NORTH,85.501,False,False
5025,12949,12948,1,330.0,240.0,72.727,T1_normal,-97.074,29.807,20.0,-97.074,29.807,115.0,transformer,115.0,0.0,SOUTH,72.727,False,False
5026,12952,12951,1,302.2,240.0,79.418,T1_normal,-96.897,31.037,20.0,-96.897,31.037,115.0,transformer,115.0,0.0,NORTH,79.418,False,False
5027,12954,12953,1,367.1,240.0,65.377,T1_normal,-95.539,33.64,20.0,-95.539,33.64,161.0,transformer,161.0,0.0,NORTH,65.377,False,False
5028,12953,12986,1,206.4,68.384,33.132,T1_normal,-95.539,33.64,161.0,-95.539,33.64,161.0,line,161.0,0.0,NORTH,32.873,False,False
5029,12953,12999,1,335.4,150.0,44.723,T1_normal,-95.539,33.64,161.0,-95.574,33.433,161.0,line,161.0,14.418,NORTH,44.723,False,False
5030,12963,12962,1,360.3,0.0,0.0,T1_normal,-102.578,34.668,20.0,-102.578,34.668,161.0,transformer,161.0,0.0,NORTH,0.0,False,False
5031,12966,12965,1,325.6,230.0,70.639,T1_normal,-99.54,33.35,20.0,-99.54,33.35,161.0,transformer,161.0,0.0,NORTH,70.639,False,False
5032,12965,13111,1,198.2,59.242,29.89,T1_normal,-99.54,33.35,161.0,-99.569,33.096,161.0,line,161.0,17.649,NORTH,30.076,False,False
5033,12965,13133,1,224.7,34.727,15.455,T1_normal,-99.54,33.35,161.0,-99.375,33.207,161.0,line,161.0,13.767,NORTH,15.554,False,False
5034,12971,12970,1,290.9,228.0,78.377,T1_normal,-97.567,26.546,20.0,-97.567,26.546,115.0,transformer,115.0,0.0,SOUTH,78.377,False,False
5035,12970,13053,1,450.0,200.0,44.444,T1_normal,-97.567,26.546,115.0,-97.599,26.348,115.0,line,115.0,13.801,SOUTH,44.444,False,False
5036,12973,12972,1,341.5,0.0,0.0,T1_normal,-95.786,29.346,20.0,-95.786,29.346,115.0,transformer,115.0,0.0,HOUSTON,0.0,False,False
5037,12972,13101,1,143.9,23.787,16.53,T1_normal,-95.786,29.346,115.0,-95.733,29.48,115.0,line,115.0,9.768,HOUSTON,8.752,False,False
5038,12972,13285,1,141.8,17.152,12.096,T1_normal,-95.786,29.346,115.0,-95.733,29.48,115.0,line,115.0,9.768,HOUSTON,15.441,False,False
5039,12975,12974,1,325.9,0.0,0.0,T1_normal,-95.923,28.926,20.0,-95.923,28.926,115.0,transformer,115.0,0.0,HOUSTON,0.0,False,False
5040,12974,13426,1,199.1,126.667,63.62,T1_normal,-95.923,28.926,115.0,-95.923,28.926,115.0,line,115.0,0.0,HOUSTON,48.384,False,False
5041,12977,12976,1,344.8,226.1,65.574,T1_normal,-97.731,27.575,20.0,-97.731,27.575,115.0,transformer,115.0,0.0,SOUTH,65.574,False,False
5042,12976,12991,1,128.1,28.765,22.455,T1_normal,-97.731,27.575,115.0,-97.77,27.499,115.0,line,115.0,5.789,SOUTH,11.091,False,False
5043,12976,12991,1,128.1,28.765,22.455,T1_normal,-97.731,27.575,115.0,-97.77,27.499,115.0,line,115.0,5.789,SOUTH,11.091,False,False
5044,12979,12978,1,263.6,225.6,85.584,T2_watch,-99.582,33.609,20.0,-99.582,33.609,161.0,transformer,161.0,0.0,NORTH,85.584,False,False
5045,12978,13041,1,353.0,30.102,8.527,T1_normal,-99.582,33.609,161.0,-99.29,33.643,161.0,line,161.0,16.987,NORTH,20.817,False,False
5046,12978,13204,1,383.0,136.658,35.681,T1_normal,-99.582,33.609,161.0,-99.29,33.643,161.0,line,161.0,16.987,NORTH,50.485,False,False
5047,12978,13204,1,383.0,136.658,35.681,T1_normal,-99.582,33.609,161.0,-99.29,33.643,161.0,line,161.0,16.987,NORTH,50.485,False,False
5048,12981,12980,1,303.7,225.0,74.086,T1_normal,-101.64,32.673,20.0,-101.64,32.673,115.0,transformer,115.0,0.0,WEST,74.086,False,False
5049,12980,13002,1,248.0,71.051,28.649,T1_normal,-101.64,32.673,115.0,-101.836,32.758,115.0,line,115.0,12.804,WEST,30.796,False,False
5050,12980,13230,1,248.0,153.949,62.076,T1_normal,-101.64,32.673,115.0,-101.64,32.673,115.0,line,115.0,0.0,WEST,59.93,False,False
5051,12983,12982,1,259.0,0.0,0.0,T1_normal,-95.427,29.295,20.0,-95.427,29.295,115.0,transformer,115.0,0.0,HOUSTON,0.0,False,False
5052,12982,13369,1,212.2,31.94,15.052,T1_normal,-95.427,29.295,115.0,-95.278,29.276,115.0,line,115.0,9.045,HOUSTON,10.642,False,False
5053,12985,12984,1,276.8,202.715,73.235,T1_normal,-102.668,31.183,20.0,-102.668,31.183,115.0,transformer,115.0,0.0,WEST,80.889,False,False
5054,12987,12986,1,235.3,171.7,72.971,T1_normal,-95.539,33.64,20.0,-95.539,33.64,161.0,transformer,161.0,0.0,NORTH,72.971,False,False
5055,12992,12991,1,182.1,0.0,0.0,T1_normal,-97.77,27.499,20.0,-97.77,27.499,115.0,transformer,115.0,0.0,SOUTH,0.0,False,False
5056,12993,12991,1,103.8,75.0,72.254,T1_normal,-97.77,27.499,20.0,-97.77,27.499,115.0,transformer,115.0,0.0,SOUTH,72.254,False,False
5057,12995,12994,1,209.3,0.0,0.0,T1_normal,-95.363,28.985,20.0,-95.363,28.985,115.0,transformer,115.0,0.0,HOUSTON,0.0,False,False
5058,12997,12996,1,249.9,167.0,66.827,T1_normal,-100.065,32.819,20.0,-100.065,32.819,115.0,transformer,115.0,0.0,WEST,86.034,False,False
5059,12996,13079,1,162.0,1.571,0.97,T1_normal,-100.065,32.819,115.0,-99.899,32.804,115.0,line,115.0,9.699,WEST,54.129,False,False
5060,13000,12999,1,183.5,150.0,81.744,T2_watch,-95.574,33.433,20.0,-95.574,33.433,161.0,transformer,161.0,0.0,NORTH,81.744,False,False
5061,13001,12999,1,101.0,0.0,0.0,T1_normal,-95.574,33.433,20.0,-95.574,33.433,161.0,transformer,161.0,0.0,NORTH,0.0,False,False
5062,13003,13002,1,263.0,0.0,0.0,T1_normal,-101.836,32.758,20.0,-101.836,32.758,115.0,transformer,115.0,0.0,WEST,0.0,False,False
5063,13002,13230,1,111.6,41.28,36.99,T1_normal,-101.836,32.758,115.0,-101.64,32.673,115.0,line,115.0,12.804,WEST,45.688,False,False
5064,13002,13317,1,276.0,131.895,47.788,T1_normal,-101.836,32.758,115.0,-101.836,32.758,115.0,line,115.0,0.0,WEST,47.788,False,False
5065,13002,13401,1,276.0,118.905,43.081,T1_normal,-101.836,32.758,115.0,-101.836,32.758,115.0,line,115.0,0.0,WEST,43.081,False,False
5066,13005,13004,1,252.5,210.1,83.208,T2_watch,-102.316,35.2,20.0,-102.316,35.2,161.0,transformer,161.0,0.0,NORTH,83.208,False,False
5067,13004,13159,1,246.3,120.362,48.868,T1_normal,-102.316,35.2,161.0,-102.064,35.26,161.0,line,161.0,14.765,NORTH,67.833,False,False
5068,13007,13006,1,293.3,210.0,71.599,T1_normal,-97.212,30.983,20.0,-97.212,30.983,115.0,transformer,115.0,0.0,NORTH,71.599,False,False
5069,13009,13008,1,248.4,210.0,84.541,T2_watch,-96.091,30.651,20.0,-96.091,30.651,115.0,transformer,115.0,0.0,NORTH,84.541,False,False
5070,13011,13010,1,324.4,209.4,64.55,T1_normal,-99.36,27.079,20.0,-99.36,27.079,115.0,transformer,115.0,0.0,SOUTH,64.55,False,False
5071,13013,13012,1,302.5,0.0,0.0,T1_normal,-99.375,33.207,20.0,-99.375,33.207,161.0,transformer,161.0,0.0,NORTH,0.0,False,False
5072,13019,13018,1,291.4,204.0,70.007,T1_normal,-98.188,32.186,20.0,-98.188,32.186,161.0,transformer,161.0,0.0,NORTH,70.007,False,False
5073,13023,13022,1,239.1,203.8,85.236,T2_watch,-103.128,31.186,20.0,-103.128,31.186,115.0,transformer,115.0,0.0,WEST,85.236,False,False
5074,13026,13025,1,271.1,0.0,0.0,T1_normal,-97.645,26.488,20.0,-97.645,26.488,115.0,transformer,115.0,0.0,SOUTH,0.0,False,False
5075,13028,13027,1,239.4,203.0,84.795,T2_watch,-102.399,31.161,20.0,-102.399,31.161,115.0,transformer,115.0,0.0,WEST,84.795,False,False
5076,13027,13140,1,120.3,77.795,64.667,T1_normal,-102.399,31.161,115.0,-100.939,32.131,115.0,line,115.0,108.929,WEST,28.146,False,False
5077,13027,13211,1,128.4,23.118,18.004,T1_normal,-102.399,31.161,115.0,-102.273,31.191,115.0,line,115.0,7.728,WEST,22.839,False,False
5078,13027,13214,1,129.2,10.612,8.214,T1_normal,-102.399,31.161,115.0,-102.399,31.161,115.0,line,115.0,0.0,WEST,6.684,False,False
5079,13027,13218,1,126.9,9.831,7.747,T1_normal,-102.399,31.161,115.0,-102.273,31.191,115.0,line,115.0,7.728,WEST,6.748,False,False
5080,13027,13415,1,104.0,15.427,14.834,T1_normal,-102.399,31.161,115.0,-102.273,31.191,115.0,line,115.0,7.728,WEST,15.095,False,False
5081,13030,13029,1,283.4,202.5,71.454,T1_normal,-99.658,33.841,20.0,-99.658,33.841,161.0,transformer,161.0,0.0,NORTH,71.454,False,False
5082,13029,13204,1,200.7,0.285,0.142,T1_normal,-99.658,33.841,161.0,-99.29,33.643,161.0,line,161.0,25.196,NORTH,20.555,False,False
5083,13032,13031,1,282.6,0.0,0.0,T1_normal,-96.021,29.225,20.0,-96.021,29.225,115.0,transformer,115.0,0.0,HOUSTON,0.0,False,False
5084,13031,13422,1,116.7,1.481,1.269,T1_normal,-96.021,29.225,115.0,-96.087,29.283,115.0,line,115.0,5.668,HOUSTON,6.979,False,False
5085,13035,13034,1,313.5,201.6,64.306,T1_normal,-99.057,26.698,20.0,-99.057,26.698,115.0,transformer,115.0,0.0,SOUTH,64.306,False,False
5086,13037,13036,1,283.2,201.0,70.975,T1_normal,-97.672,26.951,20.0,-97.672,26.951,115.0,transformer,115.0,0.0,SOUTH,70.975,False,False
5087,13039,13038,1,287.1,201.0,70.01,T1_normal,-101.971,34.488,20.0,-101.971,34.488,161.0,transformer,161.0,0.0,NORTH,70.01,False,False
5088,13038,13161,1,190.5,25.487,13.379,T1_normal,-101.971,34.488,161.0,-102.054,34.379,161.0,line,161.0,8.896,NORTH,15.06,False,False
5089,13042,13041,1,159.3,97.414,61.152,T1_normal,-99.29,33.643,20.0,-99.29,33.643,161.0,transformer,161.0,0.0,NORTH,64.03,False,False
5090,13043,13041,1,134.1,94.014,70.108,T1_normal,-99.29,33.643,20.0,-99.29,33.643,161.0,transformer,161.0,0.0,NORTH,73.527,False,False
5091,13045,13044,1,234.4,160.0,68.259,T1_normal,-100.401,29.327,20.0,-100.401,29.327,115.0,transformer,115.0,0.0,WEST,68.259,False,False
5092,13047,13046,1,264.8,200.2,75.604,T1_normal,-99.563,34.17,20.0,-99.563,34.17,161.0,transformer,161.0,0.0,NORTH,75.604,False,False
5093,13046,13349,1,241.8,106.293,43.959,T1_normal,-99.563,34.17,161.0,-99.45,34.161,161.0,line,161.0,6.521,NORTH,36.62,False,False
5094,13052,13051,1,244.8,0.0,0.0,T1_normal,-98.653,31.857,20.0,-98.653,31.857,161.0,transformer,161.0,0.0,NORTH,0.0,False,False
5095,13054,13053,1,292.7,200.0,68.329,T1_normal,-97.599,26.348,20.0,-97.599,26.348,115.0,transformer,115.0,0.0,SOUTH,68.329,False,False
5096,13056,13055,1,284.8,194.475,68.285,T1_normal,-101.244,34.372,20.0,-101.244,34.372,161.0,transformer,161.0,0.0,NORTH,70.225,False,False
5097,13058,13057,1,269.3,200.0,74.267,T1_normal,-102.214,34.734,20.0,-102.214,34.734,161.0,transformer,161.0,0.0,NORTH,74.267,False,False
5098,13057,13165,1,225.3,24.247,10.762,T1_normal,-102.214,34.734,161.0,-102.052,34.77,161.0,line,161.0,9.489,NORTH,16.618,False,False
5099,13057,13207,1,251.8,51.539,20.468,T1_normal,-102.214,34.734,161.0,-102.352,34.669,161.0,line,161.0,9.031,NORTH,16.582,False,False
5100,13060,13059,1,264.1,200.0,75.729,T1_normal,-101.187,35.254,20.0,-101.187,35.254,161.0,transformer,161.0,0.0,NORTH,75.729,False,False
5101,13059,13149,1,200.3,132.642,66.222,T1_normal,-101.187,35.254,161.0,-100.934,35.182,161.0,line,161.0,15.092,NORTH,38.747,False,False
5102,13062,13061,1,250.8,200.0,79.745,T1_normal,-98.746,26.441,20.0,-98.746,26.441,115.0,transformer,115.0,0.0,SOUTH,79.745,False,False
5103,13061,13063,1,220.0,133.066,60.484,T1_normal,-98.746,26.441,115.0,-98.746,26.441,115.0,line,115.0,0.0,SOUTH,66.22,False,False
5104,13061,13428,1,220.0,66.934,30.425,T1_normal,-98.746,26.441,115.0,-98.746,26.441,115.0,line,115.0,0.0,SOUTH,24.689,False,False
5105,13064,13063,1,247.6,0.0,0.0,T1_normal,-98.746,26.441,20.0,-98.746,26.441,115.0,transformer,115.0,0.0,SOUTH,0.0,False,False
5106,13063,13428,1,260.0,131.331,50.512,T1_normal,-98.746,26.441,115.0,-98.746,26.441,115.0,line,115.0,0.0,SOUTH,60.977,False,False
5107,13063,13428,1,260.0,131.331,50.512,T1_normal,-98.746,26.441,115.0,-98.746,26.441,115.0,line,115.0,0.0,SOUTH,60.977,False,False
5108,13066,13065,1,242.6,200.0,82.44,T2_watch,-101.179,34.028,20.0,-101.179,34.028,161.0,transformer,161.0,0.0,NORTH,82.44,False,False
5109,13065,13194,1,203.8,151.2,74.19,T1_normal,-101.179,34.028,161.0,-101.179,34.028,161.0,line,161.0,0.0,NORTH,74.19,False,False
5110,13065,13209,1,547.0,234.504,42.871,T1_normal,-101.179,34.028,161.0,-98.18,31.842,161.0,line,161.0,230.352,NORTH,43.865,False,False
5111,13068,13067,1,280.1,200.0,71.403,T1_normal,-98.91,27.44,20.0,-98.91,27.44,115.0,transformer,115.0,0.0,SOUTH,71.403,False,False
5112,13067,13228,1,138.6,2.991,2.158,T1_normal,-98.91,27.44,115.0,-99.391,27.588,115.0,line,115.0,31.186,SOUTH,3.406,False,False
5113,13067,13423,1,146.4,35.116,23.986,T1_normal,-98.91,27.44,115.0,-98.884,27.483,115.0,line,115.0,3.382,SOUTH,23.153,False,False
5114,13070,13069,1,271.1,0.0,0.0,T1_normal,-98.603,31.685,20.0,-98.603,31.685,161.0,transformer,161.0,0.0,NORTH,0.0,False,False
5115,13072,13071,1,249.8,200.0,80.064,T2_watch,-100.11,32.159,20.0,-100.11,32.159,115.0,transformer,115.0,0.0,WEST,80.064,False,False
5116,13074,13073,1,309.0,200.0,64.725,T1_normal,-100.559,31.462,20.0,-100.559,31.462,115.0,transformer,115.0,0.0,WEST,64.725,False,False
5117,13076,13075,1,260.6,200.0,76.746,T1_normal,-98.746,26.441,20.0,-98.746,26.441,115.0,transformer,115.0,0.0,SOUTH,76.746,False,False
5118,13075,13108,1,220.0,94.384,42.902,T1_normal,-98.746,26.441,115.0,-98.316,26.439,115.0,line,115.0,26.574,SOUTH,51.736,False,False
5119,13075,13108,1,220.0,94.384,42.902,T1_normal,-98.746,26.441,115.0,-98.316,26.439,115.0,line,115.0,26.574,SOUTH,51.736,False,False
5120,13075,13428,1,126.8,11.232,8.858,T1_normal,-98.746,26.441,115.0,-98.746,26.441,115.0,line,115.0,0.0,SOUTH,21.797,False,False
5121,13078,13077,1,294.2,200.0,67.981,T1_normal,-95.248,33.313,20.0,-95.248,33.313,115.0,transformer,115.0,0.0,NORTH,67.981,False,False
5122,13080,13079,1,299.8,200.0,66.711,T1_normal,-99.899,32.804,20.0,-99.899,32.804,115.0,transformer,115.0,0.0,WEST,66.711,False,False
5123,13084,13083,1,258.0,200.0,77.519,T1_normal,-99.632,28.483,20.0,-99.632,28.483,115.0,transformer,115.0,0.0,SOUTH,77.519,False,False
5124,13086,13085,1,252.8,180.11,71.246,T1_normal,-100.883,33.781,20.0,-100.883,33.781,161.0,transformer,161.0,0.0,NORTH,79.114,False,False
5125,13088,13087,1,258.9,194.865,75.266,T1_normal,-102.599,30.92,20.0,-102.599,30.92,115.0,transformer,115.0,0.0,WEST,77.25,False,False
5126,13087,13137,1,111.5,13.917,12.482,T1_normal,-102.599,30.92,115.0,-102.599,30.92,115.0,line,115.0,0.0,WEST,13.854,False,False
5127,13087,13274,1,153.3,38.358,25.022,T1_normal,-102.599,30.92,115.0,-102.273,31.191,115.0,line,115.0,26.894,WEST,29.191,False,False
5128,13087,13277,1,103.5,0.696,0.673,T1_normal,-102.599,30.92,115.0,-102.599,30.92,115.0,line,115.0,0.0,WEST,0.017,False,False
5129,13087,13294,1,111.8,56.267,50.328,T1_normal,-102.599,30.92,115.0,-102.399,31.161,115.0,line,115.0,20.446,WEST,50.376,False,False
5130,13087,13361,1,134.5,3.121,2.321,T1_normal,-102.599,30.92,115.0,-101.984,30.861,115.0,line,115.0,36.692,WEST,4.713,False,False
5131,13087,13364,1,145.4,75.434,51.881,T1_normal,-102.599,30.92,115.0,-102.414,30.956,115.0,line,115.0,11.247,WEST,57.427,False,False
5132,13087,13371,1,136.7,63.754,46.638,T1_normal,-102.599,30.92,115.0,-102.414,30.956,115.0,line,115.0,11.247,WEST,51.623,False,False
5133,13087,13399,1,136.3,17.249,12.655,T1_normal,-102.599,30.92,115.0,-102.599,30.92,115.0,line,115.0,0.0,WEST,13.882,False,False
5134,13090,13089,1,304.6,111.111,36.478,T1_normal,-101.802,33.889,20.0,-101.802,33.889,115.0,transformer,115.0,0.0,WEST,65.66,False,False
5135,13089,13270,1,186.4,156.303,83.853,T2_watch,-101.802,33.889,115.0,-101.838,33.553,115.0,line,115.0,23.331,WEST,58.327,False,False
5136,13089,13377,1,191.0,164.453,86.101,T2_watch,-101.802,33.889,115.0,-101.841,33.604,115.0,line,115.0,19.859,WEST,47.404,False,False
5137,13089,13395,1,138.6,79.244,57.175,T1_normal,-101.802,33.889,115.0,-101.179,34.028,115.0,line,115.0,36.921,WEST,0.531,False,False
5138,13092,13091,1,297.6,0.0,0.0,T1_normal,-100.893,33.327,20.0,-100.893,33.327,161.0,transformer,161.0,0.0,NORTH,0.0,False,False
5139,13094,13093,1,233.2,200.0,85.763,T2_watch,-97.975,28.596,20.0,-97.975,28.596,115.0,transformer,115.0,0.0,SOUTH,85.763,False,False
5140,13096,13095,1,270.0,0.0,0.0,T1_normal,-95.681,29.154,20.0,-95.681,29.154,115.0,transformer,115.0,0.0,HOUSTON,0.0,False,False
5141,13095,13287,1,124.8,64.785,51.911,T1_normal,-95.681,29.154,115.0,-95.219,29.306,115.0,line,115.0,29.762,HOUSTON,57.696,False,False
5142,13095,13404,1,212.4,67.324,31.697,T1_normal,-95.681,29.154,115.0,-95.681,29.154,115.0,line,115.0,0.0,HOUSTON,33.387,False,False
5143,13098,13097,1,310.6,0.0,0.0,T1_normal,-95.719,29.017,20.0,-95.719,29.017,115.0,transformer,115.0,0.0,HOUSTON,0.0,False,False
5144,13097,13402,1,98.5,56.588,57.45,T1_normal,-95.719,29.017,115.0,-95.719,29.017,115.0,line,115.0,0.0,HOUSTON,33.616,False,False
5145,13100,13099,1,273.1,0.0,0.0,T1_normal,-95.694,29.204,20.0,-95.694,29.204,115.0,transformer,115.0,0.0,HOUSTON,0.0,False,False
5146,13099,13333,1,217.7,43.113,19.804,T1_normal,-95.694,29.204,115.0,-95.681,29.154,115.0,line,115.0,3.502,HOUSTON,6.316,False,False
5147,13099,13404,1,221.9,43.113,19.429,T1_normal,-95.694,29.204,115.0,-95.681,29.154,115.0,line,115.0,3.502,HOUSTON,6.197,False,False
5148,13102,13101,1,243.0,0.0,0.0,T1_normal,-95.733,29.48,20.0,-95.733,29.48,115.0,transformer,115.0,0.0,HOUSTON,0.0,False,False
5149,13101,13285,1,143.0,5.016,3.508,T1_normal,-95.733,29.48,115.0,-95.733,29.48,115.0,line,115.0,0.0,HOUSTON,16.375,False,False
5150,13105,13104,1,303.8,5.89,1.939,T1_normal,-99.118,28.923,20.0,-99.118,28.923,115.0,transformer,115.0,0.0,SOUTH,0.0,False,False
5151,13107,13106,1,255.7,200.0,78.217,T1_normal,-97.063,30.978,20.0,-97.063,30.978,115.0,transformer,115.0,0.0,SOUTH,78.217,False,False
5152,13109,13108,1,262.2,0.0,0.0,T1_normal,-98.316,26.439,20.0,-98.316,26.439,115.0,transformer,115.0,0.0,SOUTH,0.0,False,False
5153,13108,13289,1,220.0,77.456,35.207,T1_normal,-98.316,26.439,115.0,-98.746,26.441,115.0,line,115.0,26.574,SOUTH,42.76,False,False
5154,13108,13289,1,220.0,77.456,35.207,T1_normal,-98.316,26.439,115.0,-98.746,26.441,115.0,line,115.0,26.574,SOUTH,42.76,False,False
5155,13108,13396,1,181.0,21.402,11.824,T1_normal,-98.316,26.439,115.0,-98.316,26.439,115.0,line,115.0,0.0,SOUTH,15.106,False,False
5156,13112,13111,1,243.2,200.0,82.237,T2_watch,-99.569,33.096,20.0,-99.569,33.096,161.0,transformer,161.0,0.0,NORTH,82.237,False,False
5157,13111,13133,1,229.0,58.737,25.649,T1_normal,-99.569,33.096,161.0,-99.375,33.207,161.0,line,161.0,13.593,NORTH,25.797,False,False
5158,13115,13114,1,272.7,198.5,72.791,T1_normal,-95.32,33.475,20.0,-95.32,33.475,161.0,transformer,161.0,0.0,NORTH,72.791,False,False
5159,13118,13117,1,261.7,0.0,0.0,T1_normal,-98.44,31.442,20.0,-98.44,31.442,161.0,transformer,161.0,0.0,NORTH,0.0,False,False
5160,13120,13119,1,283.0,196.7,69.505,T1_normal,-101.582,31.727,20.0,-101.582,31.727,115.0,transformer,115.0,0.0,WEST,69.505,False,False
5161,13119,13169,1,240.5,115.116,47.865,T1_normal,-101.582,31.727,115.0,-101.584,31.749,115.0,line,115.0,1.485,WEST,41.004,False,False
5162,13123,13122,1,271.9,196.3,72.196,T1_normal,-96.705,28.59,20.0,-96.705,28.59,115.0,transformer,115.0,0.0,HOUSTON,72.196,False,False
5163,13125,13124,1,292.6,194.0,66.302,T1_normal,-102.702,35.286,20.0,-102.702,35.286,161.0,transformer,161.0,0.0,NORTH,66.302,False,False
5164,13124,13171,1,215.3,161.0,74.779,T1_normal,-102.702,35.286,161.0,-102.702,35.286,161.0,line,161.0,0.0,NORTH,74.779,False,False
5165,13124,13405,1,391.0,15.366,3.93,T1_normal,-102.702,35.286,161.0,-101.9,35.945,161.0,line,161.0,64.05,NORTH,1.289,False,False
5166,13129,13128,1,239.9,165.0,68.779,T1_normal,-97.491,26.245,20.0,-97.491,26.245,115.0,transformer,115.0,0.0,SOUTH,68.779,False,False
5167,13128,13296,1,194.0,111.918,57.69,T1_normal,-97.491,26.245,115.0,-97.454,25.947,115.0,line,115.0,20.715,SOUTH,57.474,False,False
5168,13128,13296,1,194.0,111.918,57.69,T1_normal,-97.491,26.245,115.0,-97.454,25.947,115.0,line,115.0,20.715,SOUTH,57.474,False,False
5169,13132,13131,1,233.0,188.0,80.687,T2_watch,-97.611,27.138,20.0,-97.611,27.138,115.0,transformer,115.0,0.0,SOUTH,80.687,False,False
5170,13134,13133,1,272.3,184.0,67.573,T1_normal,-99.375,33.207,20.0,-99.375,33.207,161.0,transformer,161.0,0.0,NORTH,67.573,False,False
5171,13136,13135,1,233.7,174.74,74.771,T1_normal,-99.45,34.161,20.0,-99.45,34.161,161.0,transformer,161.0,0.0,NORTH,78.648,False,False
5172,13138,13137,1,251.7,176.865,70.268,T1_normal,-102.599,30.92,20.0,-102.599,30.92,115.0,transformer,115.0,0.0,WEST,72.308,False,False
5173,13137,13274,1,147.6,5.151,3.49,T1_normal,-102.599,30.92,115.0,-102.273,31.191,115.0,line,115.0,26.894,WEST,3.537,False,False
5174,13137,13277,1,140.0,27.757,19.826,T1_normal,-102.599,30.92,115.0,-102.599,30.92,115.0,line,115.0,0.0,WEST,22.432,False,False
5175,13137,13361,1,135.7,9.549,7.036,T1_normal,-102.599,30.92,115.0,-101.984,30.861,115.0,line,115.0,36.692,WEST,4.611,False,False
5176,13137,13364,1,123.5,60.558,49.035,T1_normal,-102.599,30.92,115.0,-102.414,30.956,115.0,line,115.0,11.247,WEST,54.258,False,False
5177,13137,13399,1,146.8,9.562,6.514,T1_normal,-102.599,30.92,115.0,-102.599,30.92,115.0,line,115.0,0.0,WEST,7.319,False,False
5178,13141,13140,1,249.4,74.074,29.701,T1_normal,-100.939,32.131,20.0,-100.939,32.131,115.0,transformer,115.0,0.0,WEST,0.0,False,False
5179,13140,13211,1,124.6,96.053,77.089,T1_normal,-100.939,32.131,115.0,-102.273,31.191,115.0,line,115.0,101.852,WEST,7.066,False,False
5180,13140,13214,1,107.5,128.464,119.501,T5_moderate,-100.939,32.131,115.0,-102.399,31.161,115.0,line,115.0,108.929,WEST,41.402,True,True
5181,13140,13218,1,127.4,96.539,75.776,T1_normal,-100.939,32.131,115.0,-102.273,31.191,115.0,line,115.0,101.852,WEST,27.896,False,False
5182,13140,13415,1,124.4,74.095,59.562,T1_normal,-100.939,32.131,115.0,-102.273,31.191,115.0,line,115.0,101.852,WEST,20.72,False,False
5183,13143,13142,1,262.1,154.026,58.766,T1_normal,-99.53,31.26,20.0,-99.53,31.26,115.0,transformer,115.0,0.0,WEST,68.676,False,False
5184,13142,13179,1,176.0,45.048,25.596,T1_normal,-99.53,31.26,115.0,-99.53,31.26,115.0,line,115.0,0.0,WEST,46.561,False,False
5185,13145,13144,1,261.1,176.727,67.686,T1_normal,-104.508,31.505,20.0,-104.508,31.505,115.0,transformer,115.0,0.0,WEST,68.939,False,False
5186,13144,13416,1,242.0,131.939,54.52,T1_normal,-104.508,31.505,115.0,-104.085,31.816,115.0,line,115.0,32.89,WEST,60.606,False,False
5187,13144,13416,1,242.0,131.939,54.52,T1_normal,-104.508,31.505,115.0,-104.085,31.816,115.0,line,115.0,32.89,WEST,60.606,False,False
5188,13144,13416,1,242.0,131.939,54.52,T1_normal,-104.508,31.505,115.0,-104.085,31.816,115.0,line,115.0,32.89,WEST,60.606,False,False
5189,13148,13147,1,207.9,5.135,2.47,T1_normal,-102.599,30.92,20.0,-102.599,30.92,115.0,transformer,115.0,0.0,WEST,0.0,False,False
5190,13147,13364,1,115.9,91.233,78.717,T1_normal,-102.599,30.92,115.0,-102.414,30.956,115.0,line,115.0,11.247,WEST,60.164,False,False
5191,13147,13371,1,121.1,49.778,41.105,T1_normal,-102.599,30.92,115.0,-102.414,30.956,115.0,line,115.0,11.247,WEST,30.942,False,False
5192,13150,13149,1,230.4,174.0,75.521,T1_normal,-100.934,35.182,20.0,-100.934,35.182,161.0,transformer,161.0,0.0,NORTH,75.521,False,False
5193,13153,13152,1,91.6,1.018,1.111,T1_normal,-94.945,29.39,20.0,-94.945,29.39,115.0,transformer,115.0,0.0,HOUSTON,0.0,False,False
5194,13154,13152,1,88.5,1.018,1.15,T1_normal,-94.945,29.39,20.0,-94.945,29.39,115.0,transformer,115.0,0.0,HOUSTON,0.0,False,False
5195,13152,13408,1,136.7,6.126,4.481,T1_normal,-94.945,29.39,115.0,-94.945,29.39,115.0,line,115.0,0.0,HOUSTON,10.018,False,False
5196,13156,13155,1,256.4,171.8,67.005,T1_normal,-101.856,31.164,20.0,-101.856,31.164,115.0,transformer,115.0,0.0,WEST,67.005,False,False
5197,13158,13157,1,209.1,169.5,81.062,T2_watch,-100.294,32.227,20.0,-100.294,32.227,115.0,transformer,115.0,0.0,WEST,81.062,False,False
5198,13160,13159,1,202.1,167.69,82.974,T2_watch,-102.064,35.26,20.0,-102.064,35.26,161.0,transformer,161.0,0.0,NORTH,83.028,False,False
5199,13162,13161,1,252.0,166.4,66.032,T1_normal,-102.054,34.379,20.0,-102.054,34.379,161.0,transformer,161.0,0.0,NORTH,66.032,False,False
5200,13164,13163,1,220.7,0.0,0.0,T1_normal,-96.209,29.056,20.0,-96.209,29.056,115.0,transformer,115.0,0.0,HOUSTON,0.0,False,False
5201,13166,13165,1,248.3,163.0,65.646,T1_normal,-102.052,34.77,20.0,-102.052,34.77,161.0,transformer,161.0,0.0,NORTH,65.646,False,False
5202,13168,13167,1,225.3,162.9,72.304,T1_normal,-97.352,27.963,20.0,-97.352,27.963,115.0,transformer,115.0,0.0,SOUTH,72.304,False,False
5203,13170,13169,1,225.8,147.285,65.228,T1_normal,-101.584,31.749,20.0,-101.584,31.749,115.0,transformer,115.0,0.0,WEST,71.789,False,False
5204,13172,13171,1,190.1,161.0,84.692,T2_watch,-102.702,35.286,20.0,-102.702,35.286,161.0,transformer,161.0,0.0,NORTH,84.692,False,False
5205,13175,13174,1,195.2,3.229,1.654,T1_normal,-102.772,32.28,20.0,-102.772,32.28,115.0,transformer,115.0,0.0,WEST,0.0,False,False
5206,13177,13176,1,108.8,0.0,0.0,T1_normal,-95.062,29.713,20.0,-95.062,29.713,115.0,transformer,115.0,0.0,HOUSTON,0.0,False,False
5207,13178,13176,1,124.6,0.0,0.0,T1_normal,-95.062,29.713,20.0,-95.062,29.713,115.0,transformer,115.0,0.0,HOUSTON,0.0,False,False
5208,13180,13179,1,194.4,134.026,68.943,T1_normal,-99.53,31.26,20.0,-99.53,31.26,115.0,transformer,115.0,0.0,WEST,82.305,False,False
5209,13182,13181,1,223.8,154.865,69.198,T1_normal,-102.599,30.92,20.0,-102.599,30.92,115.0,transformer,115.0,0.0,WEST,71.492,False,False
5210,13181,13339,1,237.3,125.336,52.817,T1_normal,-102.599,30.92,115.0,-102.752,30.75,115.0,line,115.0,14.853,WEST,67.425,False,False
5211,13184,13183,1,206.2,0.0,0.0,T1_normal,-100.559,31.462,20.0,-100.559,31.462,115.0,transformer,115.0,0.0,WEST,0.0,False,False
5212,13187,13186,1,205.9,152.365,73.999,T1_normal,-102.599,30.92,20.0,-102.599,30.92,115.0,transformer,115.0,0.0,WEST,76.493,False,False
5213,13186,13389,1,124.1,45.029,36.284,T1_normal,-102.599,30.92,115.0,-103.383,30.251,115.0,line,115.0,65.639,WEST,36.627,False,False
5214,13186,13397,1,193.0,5.63,2.917,T1_normal,-102.599,30.92,115.0,-102.599,30.92,115.0,line,115.0,0.0,WEST,2.706,False,False
5215,13190,13189,1,235.4,0.0,0.0,T1_normal,-102.752,30.75,20.0,-102.752,30.75,115.0,transformer,115.0,0.0,WEST,0.0,False,False
5216,13192,13191,1,186.9,0.0,0.0,T1_normal,-98.677,32.635,20.0,-98.677,32.635,161.0,transformer,161.0,0.0,NORTH,0.0,False,False
5217,13195,13194,1,231.9,151.2,65.201,T1_normal,-101.179,34.028,20.0,-101.179,34.028,161.0,transformer,161.0,0.0,NORTH,65.201,False,False
5218,13199,13198,1,227.2,150.0,66.021,T1_normal,-100.651,31.067,20.0,-100.651,31.067,115.0,transformer,115.0,0.0,WEST,66.021,False,False
5219,13201,13200,1,194.1,148.156,76.33,T1_normal,-101.355,35.279,20.0,-101.355,35.279,161.0,transformer,161.0,0.0,NORTH,77.28,False,False
5220,13203,13202,1,218.3,4.586,2.101,T1_normal,-99.29,33.643,20.0,-99.29,33.643,161.0,transformer,161.0,0.0,NORTH,0.0,False,False
5221,13202,13204,1,471.0,65.531,13.913,T1_normal,-99.29,33.643,161.0,-99.29,33.643,161.0,line,161.0,0.0,NORTH,48.357,False,False
5222,13202,13204,1,471.0,65.531,13.913,T1_normal,-99.29,33.643,161.0,-99.29,33.643,161.0,line,161.0,0.0,NORTH,48.357,False,False
5223,13205,13204,1,218.8,145.414,66.46,T1_normal,-99.29,33.643,20.0,-99.29,33.643,161.0,transformer,161.0,0.0,NORTH,68.556,False,False
5224,13208,13207,1,213.9,150.0,70.126,T1_normal,-102.352,34.669,20.0,-102.352,34.669,161.0,transformer,161.0,0.0,NORTH,70.126,False,False
5225,13210,13209,1,227.2,0.0,0.0,T1_normal,-98.18,31.842,20.0,-98.18,31.842,161.0,transformer,161.0,0.0,HOUSTON,0.0,False,False
5226,13212,13211,1,193.0,150.0,77.72,T1_normal,-102.273,31.191,20.0,-102.273,31.191,115.0,transformer,115.0,0.0,WEST,77.72,False,False
5227,13211,13214,1,144.7,31.712,21.916,T1_normal,-102.273,31.191,115.0,-102.399,31.161,115.0,line,115.0,7.728,WEST,37.391,False,False
5228,13211,13218,1,120.4,30.847,25.62,T1_normal,-102.273,31.191,115.0,-102.273,31.191,115.0,line,115.0,0.0,WEST,37.852,False,False
5229,13211,13415,1,124.6,37.995,30.494,T1_normal,-102.273,31.191,115.0,-102.273,31.191,115.0,line,115.0,0.0,WEST,42.566,False,False
5230,13215,13214,1,195.9,150.0,76.57,T1_normal,-102.399,31.161,20.0,-102.399,31.161,115.0,transformer,115.0,0.0,WEST,76.57,False,False
5231,13214,13218,1,117.7,10.575,8.985,T1_normal,-102.399,31.161,115.0,-102.273,31.191,115.0,line,115.0,7.728,WEST,6.098,False,False
5232,13214,13415,1,123.9,21.162,17.08,T1_normal,-102.399,31.161,115.0,-102.273,31.191,115.0,line,115.0,7.728,WEST,6.272,False,False
5233,13217,13216,1,200.9,0.0,0.0,T1_normal,-94.61,30.043,20.0,-94.61,30.043,115.0,transformer,115.0,0.0,HOUSTON,0.0,False,False
5234,13216,13398,1,126.1,32.0,25.377,T1_normal,-94.61,30.043,115.0,-94.066,30.342,115.0,line,115.0,38.512,HOUSTON,25.377,False,False
5235,13219,13218,1,180.6,150.0,83.056,T2_watch,-102.273,31.191,20.0,-102.273,31.191,115.0,transformer,115.0,0.0,WEST,83.056,False,False
5236,13218,13415,1,102.0,1.085,1.063,T1_normal,-102.273,31.191,115.0,-102.273,31.191,115.0,line,115.0,0.0,WEST,5.844,False,False
5237,13221,13220,1,178.6,75.926,42.512,T1_normal,-100.939,32.131,20.0,-100.939,32.131,115.0,transformer,115.0,0.0,WEST,83.987,False,False
5238,13220,13222,1,157.2,241.067,153.351,T7_structural,-100.939,32.131,115.0,-99.569,33.096,115.0,line,115.0,103.928,WEST,18.12,True,True
5239,13220,13315,1,330.0,108.933,33.01,T1_normal,-100.939,32.131,115.0,-99.569,33.096,115.0,line,115.0,103.928,WEST,36.823,False,False
5240,13223,13222,1,195.1,150.0,76.884,T1_normal,-99.569,33.096,20.0,-99.569,33.096,115.0,transformer,115.0,0.0,NORTH,76.884,False,False
5241,13222,13315,1,330.0,91.067,27.596,T1_normal,-99.569,33.096,115.0,-99.569,33.096,115.0,line,115.0,0.0,NORTH,54.086,False,False
5242,13225,13224,1,177.7,150.0,84.412,T2_watch,-97.495,28.48,20.0,-97.495,28.48,115.0,transformer,115.0,0.0,SOUTH,84.412,False,False
5243,13224,13226,1,231.8,195.053,84.147,T2_watch,-97.495,28.48,115.0,-97.495,28.48,115.0,line,115.0,0.0,SOUTH,50.99,False,False
5244,13227,13226,1,179.1,150.0,83.752,T2_watch,-97.495,28.48,20.0,-97.495,28.48,115.0,transformer,115.0,0.0,SOUTH,83.752,False,False
5245,13229,13228,1,181.2,149.992,82.777,T2_watch,-99.391,27.588,20.0,-99.391,27.588,115.0,transformer,115.0,0.0,SOUTH,82.781,False,False
5246,13231,13230,1,205.5,150.0,72.993,T1_normal,-101.64,32.673,20.0,-101.64,32.673,115.0,transformer,115.0,0.0,WEST,72.993,False,False
5247,13233,13232,1,180.8,150.0,82.965,T2_watch,-95.433,29.213,20.0,-95.433,29.213,115.0,transformer,115.0,0.0,HOUSTON,82.965,False,False
5248,13235,13234,1,211.6,0.0,0.0,T1_normal,-96.209,29.056,20.0,-96.209,29.056,115.0,transformer,115.0,0.0,HOUSTON,0.0,False,False
5249,13238,13237,1,178.4,0.0,0.0,T1_normal,-97.235,33.503,20.0,-97.235,33.503,161.0,transformer,161.0,0.0,NORTH,0.0,False,False
5250,13237,13390,1,227.6,98.904,43.455,T1_normal,-97.235,33.503,161.0,-97.235,33.503,161.0,line,161.0,0.0,NORTH,64.148,False,False
5251,13240,13239,1,221.4,149.3,67.435,T1_normal,-100.968,29.705,20.0,-100.968,29.705,115.0,transformer,115.0,0.0,WEST,67.435,False,False
5252,13239,13385,1,170.4,64.914,38.095,T1_normal,-100.968,29.705,115.0,-100.968,29.705,115.0,line,115.0,0.0,WEST,23.301,False,False
5253,13239,13391,1,174.2,42.193,24.221,T1_normal,-100.968,29.705,115.0,-100.968,29.705,115.0,line,115.0,0.0,WEST,54.249,False,False
5254,13239,13391,1,174.2,42.193,24.221,T1_normal,-100.968,29.705,115.0,-100.968,29.705,115.0,line,115.0,0.0,WEST,54.249,False,False
5255,13242,13241,1,210.6,0.0,0.0,T1_normal,-99.936,31.188,20.0,-99.936,31.188,115.0,transformer,115.0,0.0,WEST,0.0,False,False
5256,13244,13243,1,198.3,0.0,0.0,T1_normal,-99.153,32.386,20.0,-99.153,32.386,161.0,transformer,161.0,0.0,NORTH,0.0,False,False
5257,13243,13282,1,245.8,114.331,46.514,T1_normal,-99.153,32.386,161.0,-99.153,32.386,161.0,line,161.0,0.0,NORTH,43.696,False,False
5258,13243,13380,1,223.6,24.882,11.128,T1_normal,-99.153,32.386,161.0,-99.153,32.386,161.0,line,161.0,0.0,NORTH,15.015,False,False
5259,13248,13247,1,205.7,142.6,69.324,T1_normal,-97.491,26.245,20.0,-97.491,26.245,115.0,transformer,115.0,0.0,SOUTH,69.324,False,False
5260,13247,13296,1,157.0,70.427,44.858,T1_normal,-97.491,26.245,115.0,-97.454,25.947,115.0,line,115.0,20.715,SOUTH,44.636,False,False
5261,13257,13256,1,203.4,131.0,64.405,T1_normal,-97.98,27.918,20.0,-97.98,27.918,115.0,transformer,115.0,0.0,SOUTH,64.405,False,False
5262,13260,13259,1,190.5,124.11,65.15,T1_normal,-99.118,28.923,20.0,-99.118,28.923,115.0,transformer,115.0,0.0,SOUTH,68.241,False,False
5263,13267,13266,1,195.0,0.0,0.0,T1_normal,-97.467,33.244,20.0,-97.467,33.244,161.0,transformer,161.0,0.0,NORTH,0.0,False,False
5264,13269,13268,1,173.4,123.6,71.28,T1_normal,-96.014,33.413,20.0,-96.014,33.413,161.0,transformer,161.0,0.0,NORTH,71.28,False,False
5265,13270,13377,1,217.0,36.534,16.836,T1_normal,-101.838,33.553,115.0,-101.841,33.604,115.0,line,115.0,3.507,WEST,41.76,False,False
5266,13270,13417,1,214.0,21.582,10.085,T1_normal,-101.838,33.553,115.0,-101.838,33.553,115.0,line,115.0,0.0,WEST,39.105,False,False
5267,13272,13271,1,160.5,0.0,0.0,T1_normal,-95.694,29.204,20.0,-95.694,29.204,115.0,transformer,115.0,0.0,HOUSTON,0.0,False,False
5268,13271,13287,1,126.5,61.823,48.872,T1_normal,-95.694,29.204,115.0,-95.219,29.306,115.0,line,115.0,29.512,HOUSTON,55.257,False,False
5269,13271,13328,1,133.8,86.73,64.821,T1_normal,-95.694,29.204,115.0,-95.433,29.213,115.0,line,115.0,15.77,HOUSTON,63.973,False,False
5270,13275,13274,1,152.1,0.0,0.0,T1_normal,-102.273,31.191,20.0,-102.273,31.191,115.0,transformer,115.0,0.0,WEST,0.0,False,False
5271,13274,13277,1,108.4,46.875,43.243,T1_normal,-102.273,31.191,115.0,-102.599,30.92,115.0,line,115.0,26.894,WEST,52.01,False,False
5272,13274,13361,1,128.4,1.753,1.366,T1_normal,-102.273,31.191,115.0,-101.984,30.861,115.0,line,115.0,28.475,WEST,0.292,False,False
5273,13274,13364,1,129.2,67.38,52.152,T1_normal,-102.273,31.191,115.0,-102.414,30.956,115.0,line,115.0,18.221,WEST,57.482,False,False
5274,13274,13399,1,122.7,22.887,18.653,T1_normal,-102.273,31.191,115.0,-102.599,30.92,115.0,line,115.0,26.894,WEST,27.371,False,False
5275,13278,13277,1,174.1,110.865,63.679,T1_normal,-102.599,30.92,20.0,-102.599,30.92,115.0,transformer,115.0,0.0,WEST,66.628,False,False
5276,13277,13294,1,129.7,51.733,39.887,T1_normal,-102.599,30.92,115.0,-102.399,31.161,115.0,line,115.0,20.446,WEST,39.846,False,False
5277,13277,13361,1,99.7,3.649,3.66,T1_normal,-102.599,30.92,115.0,-101.984,30.861,115.0,line,115.0,36.692,WEST,7.879,False,False
5278,13277,13399,1,134.2,44.746,33.343,T1_normal,-102.599,30.92,115.0,-102.599,30.92,115.0,line,115.0,0.0,WEST,37.983,False,False
5279,13281,13280,1,157.0,115.0,73.248,T1_normal,-100.825,31.888,20.0,-100.825,31.888,115.0,transformer,115.0,0.0,WEST,73.248,False,False
5280,13280,13413,1,150.0,28.628,19.085,T1_normal,-100.825,31.888,115.0,-100.984,31.876,115.0,line,115.0,9.384,WEST,32.953,False,False
5281,13280,13413,1,150.0,28.628,19.085,T1_normal,-100.825,31.888,115.0,-100.984,31.876,115.0,line,115.0,9.384,WEST,32.953,False,False
5282,13283,13282,1,177.1,114.9,64.879,T1_normal,-99.153,32.386,20.0,-99.153,32.386,161.0,transformer,161.0,0.0,NORTH,64.879,False,False
5283,13282,13380,1,233.1,31.795,13.64,T1_normal,-99.153,32.386,161.0,-99.153,32.386,161.0,line,161.0,0.0,NORTH,0.192,False,False
5284,13286,13285,1,178.2,0.0,0.0,T1_normal,-95.733,29.48,20.0,-95.733,29.48,115.0,transformer,115.0,0.0,HOUSTON,0.0,False,False
5285,13287,13406,1,132.3,1.983,1.499,T1_normal,-95.219,29.306,115.0,-95.219,29.306,115.0,line,115.0,0.0,HOUSTON,0.435,False,False
5286,13290,13289,1,164.7,110.0,66.788,T1_normal,-98.746,26.441,20.0,-98.746,26.441,115.0,transformer,115.0,0.0,SOUTH,66.788,False,False
5287,13292,13291,1,142.3,0.0,0.0,T1_normal,-99.85,31.441,20.0,-99.85,31.441,115.0,transformer,115.0,0.0,WEST,0.0,False,False
5288,13295,13294,1,158.0,108.0,68.354,T1_normal,-102.399,31.161,20.0,-102.399,31.161,115.0,transformer,115.0,0.0,WEST,68.354,False,False
5289,13298,13297,1,141.0,102.6,72.766,T1_normal,-100.34,28.588,20.0,-100.34,28.588,115.0,transformer,115.0,0.0,SOUTH,72.766,False,False
5290,13301,13300,1,152.4,26.667,17.498,T1_normal,-100.891,32.313,20.0,-100.891,32.313,115.0,transformer,115.0,0.0,WEST,0.0,False,False
5291,13303,13302,1,158.2,101.0,63.843,T1_normal,-103.431,31.454,20.0,-103.431,31.454,115.0,transformer,115.0,0.0,WEST,63.843,False,False
5292,13302,13397,1,178.0,97.354,54.693,T1_normal,-103.431,31.454,115.0,-102.599,30.92,115.0,line,115.0,61.453,WEST,71.133,False,False
5293,13305,13304,1,134.6,101.0,75.037,T1_normal,-103.362,31.451,20.0,-103.362,31.451,115.0,transformer,115.0,0.0,WEST,75.037,False,False
5294,13307,13306,1,156.0,100.8,64.615,T1_normal,-101.836,32.758,20.0,-101.836,32.758,115.0,transformer,115.0,0.0,WEST,64.615,False,False
5295,13306,13317,1,129.7,67.327,51.91,T1_normal,-101.836,32.758,115.0,-101.836,32.758,115.0,line,115.0,0.0,WEST,51.91,False,False
5296,13306,13401,1,105.6,33.473,31.698,T1_normal,-101.836,32.758,115.0,-101.836,32.758,115.0,line,115.0,0.0,WEST,31.698,False,False
5297,13311,13310,1,155.2,100.1,64.497,T1_normal,-97.083,31.357,20.0,-97.083,31.357,161.0,transformer,161.0,0.0,NORTH,64.497,False,False
5298,13312,13403,1,128.1,33.253,25.959,T1_normal,-100.94,32.806,115.0,-100.94,32.806,115.0,line,115.0,0.0,WEST,4.86,False,False
5299,13314,13313,1,162.4,100.0,61.576,T1_normal,-99.795,29.203,20.0,-99.795,29.203,115.0,transformer,115.0,0.0,WEST,61.576,False,False
5300,13313,13335,1,135.9,1.057,0.778,T1_normal,-99.795,29.203,115.0,-99.795,29.203,115.0,line,115.0,0.0,WEST,7.346,False,False
5301,13313,13337,1,138.4,76.798,55.49,T1_normal,-99.795,29.203,115.0,-99.795,29.203,115.0,line,115.0,0.0,WEST,55.772,False,False
5302,13316,13315,1,163.8,100.0,61.05,T1_normal,-99.569,33.096,20.0,-99.569,33.096,115.0,transformer,115.0,0.0,NORTH,61.05,False,False
5303,13318,13317,1,160.4,100.0,62.344,T1_normal,-101.836,32.758,20.0,-101.836,32.758,115.0,transformer,115.0,0.0,WEST,62.344,False,False
5304,13317,13401,1,140.0,35.432,25.309,T1_normal,-101.836,32.758,115.0,-101.836,32.758,115.0,line,115.0,0.0,WEST,25.309,False,False
5305,13320,13319,1,134.7,78.815,58.511,T1_normal,-102.668,31.183,20.0,-102.668,31.183,115.0,transformer,115.0,0.0,WEST,74.239,False,False
5306,13319,13416,1,265.0,128.31,48.419,T1_normal,-102.668,31.183,115.0,-104.085,31.816,115.0,line,115.0,94.246,WEST,53.975,False,False
5307,13326,13325,1,135.2,0.0,0.0,T1_normal,-99.401,30.79,20.0,-99.401,30.79,115.0,transformer,115.0,0.0,WEST,0.0,False,False
5308,13329,13328,1,147.5,0.0,0.0,T1_normal,-95.433,29.213,20.0,-95.433,29.213,115.0,transformer,115.0,0.0,HOUSTON,0.0,False,False
5309,13331,13330,1,141.5,0.0,0.0,T1_normal,-97.342,33.318,20.0,-97.342,33.318,161.0,transformer,161.0,0.0,NORTH,0.0,False,False
5310,13334,13333,1,161.2,0.0,0.0,T1_normal,-95.681,29.154,20.0,-95.681,29.154,115.0,transformer,115.0,0.0,HOUSTON,0.0,False,False
5311,13336,13335,1,121.1,100.0,82.576,T2_watch,-99.795,29.203,20.0,-99.795,29.203,115.0,transformer,115.0,0.0,WEST,82.576,False,False
5312,13335,13337,1,116.4,48.744,41.876,T1_normal,-99.795,29.203,115.0,-99.795,29.203,115.0,line,115.0,0.0,WEST,44.624,False,False
5313,13338,13337,1,150.6,100.0,66.401,T1_normal,-99.795,29.203,20.0,-99.795,29.203,115.0,transformer,115.0,0.0,WEST,66.401,False,False
5314,13340,13339,1,155.9,100.0,64.144,T1_normal,-102.752,30.75,20.0,-102.752,30.75,115.0,transformer,115.0,0.0,WEST,64.144,False,False
5315,13339,13397,1,286.0,6.082,2.127,T1_normal,-102.752,30.75,115.0,-102.599,30.92,115.0,line,115.0,14.853,WEST,5.977,False,False
5316,13343,13342,1,158.4,0.0,0.0,T1_normal,-97.409,31.54,20.0,-97.409,31.54,161.0,transformer,161.0,0.0,NORTH,0.0,False,False
5317,13350,13349,1,145.9,90.34,61.919,T1_normal,-99.45,34.161,20.0,-99.45,34.161,161.0,transformer,161.0,0.0,NORTH,68.129,False,False
5318,13349,13412,1,206.0,45.535,22.105,T1_normal,-99.45,34.161,161.0,-99.45,34.161,161.0,line,161.0,0.0,NORTH,27.335,False,False
5319,13356,13357,1,139.0,101.177,72.789,T1_normal,-97.006,28.747,115.0,-97.006,28.747,115.0,line,115.0,0.0,HOUSTON,44.948,False,False
5320,13357,13375,1,111.2,34.637,31.149,T1_normal,-97.006,28.747,115.0,-97.006,28.747,115.0,line,115.0,0.0,HOUSTON,9.209,False,False
5321,13360,13359,1,126.1,84.0,66.614,T1_normal,-101.17,32.935,20.0,-101.17,32.935,115.0,transformer,115.0,0.0,WEST,66.614,False,False
5322,13362,13361,1,102.7,82.5,80.331,T2_watch,-101.984,30.861,20.0,-101.984,30.861,115.0,transformer,115.0,0.0,WEST,80.331,False,False
5323,13361,13399,1,99.9,1.845,1.847,T1_normal,-101.984,30.861,115.0,-102.599,30.92,115.0,line,115.0,36.692,WEST,1.119,False,False
5324,13365,13364,1,120.3,82.0,68.163,T1_normal,-102.414,30.956,20.0,-102.414,30.956,115.0,transformer,115.0,0.0,WEST,68.163,False,False
5325,13364,13371,1,131.4,10.101,7.687,T1_normal,-102.414,30.956,115.0,-102.414,30.956,115.0,line,115.0,0.0,WEST,8.504,False,False
5326,13364,13399,1,147.1,62.835,42.716,T1_normal,-102.414,30.956,115.0,-102.599,30.92,115.0,line,115.0,11.247,WEST,47.309,False,False
5327,13367,13366,1,120.6,80.5,66.75,T1_normal,-100.568,32.361,20.0,-100.568,32.361,115.0,transformer,115.0,0.0,WEST,66.75,False,False
5328,13370,13369,1,110.4,78.1,70.743,T1_normal,-95.278,29.276,20.0,-95.278,29.276,115.0,transformer,115.0,0.0,HOUSTON,70.743,False,False
5329,13372,13371,1,125.7,78.0,62.053,T1_normal,-102.414,30.956,20.0,-102.414,30.956,115.0,transformer,115.0,0.0,WEST,62.053,False,False
5330,13374,13373,1,111.8,78.0,69.767,T1_normal,-98.853,27.14,20.0,-98.853,27.14,115.0,transformer,115.0,0.0,SOUTH,69.767,False,False
5331,13376,13375,1,110.5,62.398,56.468,T1_normal,-97.006,28.747,20.0,-97.006,28.747,115.0,transformer,115.0,0.0,HOUSTON,13.594,False,False
5332,13377,13395,1,117.1,28.844,24.632,T1_normal,-101.841,33.604,115.0,-101.179,34.028,115.0,line,115.0,47.969,WEST,43.669,False,False
5333,13377,13417,1,192.0,50.069,26.077,T1_normal,-101.841,33.604,115.0,-101.838,33.553,115.0,line,115.0,3.507,WEST,39.97,False,False
5334,13379,13378,1,92.7,0.0,0.0,T1_normal,-95.633,29.479,20.0,-95.633,29.479,115.0,transformer,115.0,0.0,HOUSTON,0.0,False,False
5335,13381,13380,1,108.3,0.0,0.0,T1_normal,-99.153,32.386,20.0,-99.153,32.386,161.0,transformer,161.0,0.0,NORTH,0.0,False,False
5336,13383,13382,1,91.8,70.667,76.98,T1_normal,-97.462,31.82,20.0,-97.462,31.82,161.0,transformer,161.0,0.0,NORTH,77.778,False,False
5337,13386,13385,1,88.6,70.0,79.007,T1_normal,-100.968,29.705,20.0,-100.968,29.705,115.0,transformer,115.0,0.0,WEST,79.007,False,False
5338,13388,13387,1,81.9,60.2,73.504,T1_normal,-96.445,30.263,20.0,-96.445,30.263,115.0,transformer,115.0,0.0,SOUTH,73.504,False,False
5339,13389,13400,1,140.1,14.971,10.686,T1_normal,-103.383,30.251,115.0,-103.383,30.251,115.0,line,115.0,0.0,WEST,10.382,False,False
5340,13396,13427,1,286.0,103.617,36.23,T1_normal,-98.316,26.439,115.0,-98.746,26.441,115.0,line,115.0,26.574,SOUTH,48.978,False,False
5341,13397,13400,1,121.0,64.971,53.695,T1_normal,-102.599,30.92,115.0,-103.383,30.251,115.0,line,115.0,65.639,WEST,53.344,False,False
5342,13405,13419,1,445.0,64.366,14.464,T1_normal,-101.9,35.945,161.0,-101.541,35.945,161.0,line,161.0,20.121,NORTH,9.991,False,False
5343,13419,13420,1,456.0,74.366,16.308,T1_normal,-101.541,35.945,161.0,-101.541,35.945,161.0,line,161.0,0.0,NORTH,11.943,False,False
