branch_id,from_bus,to_bus,component,tier,high_kv,from_kv,to_kv,zone,base_mw,new_mw,added_mw,rate_factor,upgrade_type,capex_musd,distance_mile,from_lon,from_lat,to_lon,to_lat,loading_before_pct,loading_after_pct,cleared,recovery,portfolio,criterion
15,1003,1055,line,T4_light,115.0,115.0,115.0,WEST,98.0,137.2,39.2,1.4,Reconductor(ACSR->ACSS),9.691,8.8,-101.6131975,32.9277015,-101.764414,32.92701,100.7955480752731,68.65166298293691,True,NEW,generation,N1
48,1086,1013,line,T6_heavy,115.0,115.0,115.0,WEST,220.0,484.0,264.0,2.2,New Parallel Circuit,66.999,22.4,-103.43056166666668,31.453610666666663,-103.062173,31.534243,138.5550458504295,66.25891114826939,True,NEW,generation,N1
172,1047,1085,line,T6_heavy,115.0,115.0,115.0,WEST,221.0,486.2,265.2,2.2,New Parallel Circuit,36.095,12.1,-103.062173,31.534243,-103.138992,31.696251,131.13664002737946,74.65062925334018,True,NEW,generation,N1
199,1061,1112,line,T6_heavy,115.0,115.0,115.0,WEST,169.8,373.6,203.8,2.2,New Parallel Circuit,65.462,21.9,-101.3548315,32.107940125,-101.014,32.239,133.46202087302666,85.7179576043479,True,NEW,generation,N1
249,1085,1086,line,T6_heavy,115.0,115.0,115.0,WEST,287.0,631.4,344.4,2.2,New Parallel Circuit,71.738,24.0,-103.138992,31.696251,-103.43056166666668,31.453610666666663,148.74149950899957,71.24170437254205,True,NEW,generation,N1
317,1106,12795,line,T5_moderate,115.0,115.0,115.0,WEST,106.5,186.4,79.9,1.75,HTLS Reconductor,32.322,16.6,-101.152,31.683,-100.98431625,31.875952,114.12857455322073,65.52857464373372,True,NEW,generation,N1
342,1112,1120,line,T6_heavy,115.0,115.0,115.0,WEST,130.4,286.9,156.5,2.2,New Parallel Circuit,48.456,16.2,-101.014,32.239,-101.28,32.173,127.22374783197854,86.52123742758836,True,NEW,generation,N1
344,1112,13300,line,T6_heavy,115.0,115.0,115.0,WEST,122.5,269.5,147.0,2.2,New Parallel Circuit,26.447,8.8,-101.014,32.239,-100.890668,32.313261999999995,146.93877551020424,67.25417439703153,True,NEW,generation,N1
405,2014,2008,line,T7_structural,161.0,161.0,161.0,NORTH,187.0,467.5,280.5,2.5,New Corridor/Aggressive Parallel,230.324,30.8,-100.4547365,34.413879,-100.512868,34.857258,346.9377983016922,145.84954674337794,False,NEW,generation,N1
406,2008,2052,line,T6_heavy,161.0,161.0,161.0,NORTH,187.0,411.4,224.4,2.2,New Parallel Circuit,210.417,55.8,-100.512868,34.857258,-101.35485071428572,35.27871242857143,133.41151779589055,65.18600873689468,True,NEW,generation,N1
407,2008,13149,line,T7_structural,161.0,161.0,161.0,NORTH,226.2,565.5,339.3,2.5,New Corridor/Aggressive Parallel,244.69,32.7,-100.512868,34.857258,-100.934408,35.18172,195.8610015093283,82.26653770210892,True,NEW,generation,N1
428,2012,2052,line,T7_structural,161.0,161.0,161.0,NORTH,187.0,467.5,280.5,2.5,New Corridor/Aggressive Parallel,224.25,0.0,-101.35485071428572,35.27871242857143,-101.35485071428572,35.27871242857143,162.5650223580639,69.02508951333677,True,NEW,generation,N1
434,2014,2029,line,T7_structural,161.0,161.0,161.0,NORTH,187.0,467.5,280.5,2.5,New Corridor/Aggressive Parallel,337.154,45.1,-100.4547365,34.413879,-101.244172,34.371689,455.77544629758984,189.7318408255902,False,NEW,generation,N1
435,2014,13085,line,T7_structural,161.0,161.0,161.0,NORTH,220.0,550.0,330.0,2.5,New Corridor/Aggressive Parallel,374.7,50.1,-100.4547365,34.413879,-100.883227,33.781077,322.79800227927774,123.10593760241518,False,NEW,generation,N1
437,5014,2015,line,T6_heavy,161.0,161.0,161.0,NORTH,187.0,411.4,224.4,2.2,New Parallel Circuit,59.596,15.8,-97.466582,33.243525500000004,-97.445189,33.471617,139.97256365587606,78.7034772087114,True,NEW,generation,N1
438,2015,13330,line,T6_heavy,161.0,161.0,161.0,NORTH,211.3,464.9,253.6,2.2,New Parallel Circuit,45.867,12.2,-97.445189,33.471617,-97.3420515,33.318023,128.98946718703746,74.5498063843575,True,NEW,generation,N1
481,2029,12632,line,T7_structural,161.0,161.0,161.0,NORTH,218.7,546.8,328.0,2.5,New Corridor/Aggressive Parallel,151.296,20.2,-101.244172,34.371689,-101.59661,34.4067,260.4882636534072,141.70569737019716,False,NEW,generation,N1
482,2029,13055,line,T7_structural,161.0,161.0,161.0,NORTH,242.3,605.8,363.5,2.5,New Corridor/Aggressive Parallel,224.25,0.0,-101.244172,34.371689,-101.244172,34.371689,217.76714488564264,86.83307759961606,True,NEW,generation,N1
517,5285,2039,line,T5_moderate,161.0,161.0,161.0,NORTH,251.0,439.2,188.2,1.75,HTLS Reconductor,28.272,11.4,-97.857678,33.315883,-97.751818,33.455991,110.24094521538916,70.33452970614796,True,NEW,generation,N1
522,2041,2058,line,T5_moderate,161.0,161.0,161.0,NORTH,187.0,327.2,140.2,1.75,HTLS Reconductor,37.491,15.2,-101.35485071428572,35.27871242857143,-101.2439,35.4789,118.40694196928403,67.12915991140449,True,NEW,generation,N1
537,2048,13085,line,T7_structural,161.0,161.0,161.0,NORTH,307.6,769.0,461.4,2.5,New Corridor/Aggressive Parallel,39.097,5.2,-100.967402,33.752201,-100.883227,33.781077,224.36788199428213,85.44637929951683,True,NEW,generation,N1
539,2048,13392,line,T4_light,161.0,161.0,161.0,NORTH,363.0,508.2,145.2,1.4,Reconductor(ACSR->ACSS),30.877,22.6,-100.967402,33.752201,-101.1794378,34.0282444,107.41728491581439,70.84990085352497,True,NEW,generation,N1
551,2053,2088,line,T7_structural,161.0,161.0,161.0,NORTH,352.9,882.2,529.3,2.5,New Corridor/Aggressive Parallel,252.234,33.7,-97.95612,33.520572,-98.540972,33.494167000000004,184.81369826831815,77.75850067964265,True,NEW,generation,N1
552,5285,2053,line,T6_heavy,161.0,161.0,161.0,NORTH,291.0,640.2,349.2,2.2,New Parallel Circuit,57.454,15.2,-97.857678,33.315883,-97.95612,33.520572,126.2274373786318,70.90098902516404,True,NEW,generation,N1
553,2053,5362,line,T5_moderate,161.0,161.0,161.0,NORTH,251.0,439.2,188.2,1.75,HTLS Reconductor,55.553,22.5,-97.95612,33.520572,-97.9208,33.1964,110.65028782358159,50.36580738944772,True,NEW,generation,N1
562,2123,2058,line,T6_heavy,161.0,161.0,161.0,NORTH,187.0,411.4,224.4,2.2,New Parallel Circuit,57.223,15.2,-101.35485071428572,35.27871242857143,-101.2439,35.4789,131.9027614132248,62.390371123498255,True,NEW,generation,N1
573,2068,2067,line,T7_structural,161.0,161.0,161.0,NORTH,251.0,627.5,376.5,2.5,New Corridor/Aggressive Parallel,209.739,28.1,-98.360833,33.509722,-98.50555385714286,33.89755828571428,296.29724867287666,110.04951823568561,False,NEW,generation,N1
575,2068,2088,line,T7_structural,161.0,161.0,161.0,NORTH,251.0,627.5,376.5,2.5,New Corridor/Aggressive Parallel,77.996,10.4,-98.360833,33.509722,-98.540972,33.494167000000004,256.93610028262333,102.77444011304908,False,NEW,generation,N1
576,13017,2068,transformer,T7_structural,161.0,20.0,161.0,NORTH,286.4,859.2,572.8,3.0,Major Transformer 3x,16.0,0.0,-98.360833,33.509722,-98.360833,33.509722,227.9048923566286,76.01547951582869,True,NEW,generation,N1
579,2071,2070,transformer,T7_structural,161.0,18.0,161.0,NORTH,251.1,753.3,502.2,3.0,Major Transformer 3x,16.0,0.0,-98.540972,33.494167000000004,-98.540972,33.494167000000004,205.19090999601752,68.44882516925529,True,NEW,generation,N1
580,2070,2088,line,T7_structural,161.0,161.0,161.0,NORTH,251.0,627.5,376.5,2.5,New Corridor/Aggressive Parallel,224.25,0.0,-98.540972,33.494167000000004,-98.540972,33.494167000000004,205.33152427827235,82.13260971130882,True,NEW,generation,N1
581,2070,5237,line,T7_structural,161.0,161.0,161.0,NORTH,245.0,612.5,367.5,2.5,New Corridor/Aggressive Parallel,150.749,20.2,-98.540972,33.494167000000004,-98.81875,33.316907,295.6643093821131,128.6451525686749,False,NEW,generation,N1
584,2074,2073,transformer,T4_light,161.0,115.0,161.0,NORTH,164.0,246.0,82.0,1.5,Transformer Replace 1.5x,4.5,0.0,-100.56428,32.96736,-100.56428,32.96736,107.77931822186366,74.1041274807073,True,NEW,generation,N1
598,2083,2082,transformer,T7_structural,161.0,20.0,161.0,NORTH,36.8,110.4,73.6,3.0,Major Transformer 3x,16.0,0.0,-98.50555385714286,33.89755828571428,-98.50555385714286,33.89755828571428,161.6104789402174,53.86640799695889,True,NEW,generation,N1
599,2084,2082,transformer,T6_heavy,161.0,20.0,161.0,NORTH,43.5,87.0,43.5,2.0,Parallel Transformer 2x,11.0,0.0,-98.50555385714286,33.89755828571428,-98.50555385714286,33.89755828571428,136.71875,68.359375,True,NEW,generation,N1
600,2085,2082,transformer,T7_structural,161.0,20.0,161.0,NORTH,36.4,109.2,72.8,3.0,Major Transformer 3x,16.0,0.0,-98.50555385714286,33.89755828571428,-98.50555385714286,33.89755828571428,163.37503963912806,54.45834654637602,True,NEW,generation,N1
604,2089,2088,transformer,T7_structural,161.0,24.0,161.0,NORTH,93.5,280.5,187.0,3.0,Major Transformer 3x,16.0,0.0,-98.540972,33.494167000000004,-98.540972,33.494167000000004,231.32979842484193,77.15017825311944,True,NEW,generation,N1
607,2091,12735,line,T5_moderate,161.0,161.0,161.0,NORTH,463.0,810.2,347.2,1.75,HTLS Reconductor,63.652,25.8,-99.2898065,33.642922,-99.091918,33.9776965,119.52686985954901,69.47202617216604,True,NEW,generation,N1
663,2126,13390,line,T6_heavy,161.0,161.0,161.0,NORTH,245.9,541.0,295.1,2.2,New Parallel Circuit,25.907,6.9,-97.128552,33.458028,-97.234707,33.503328,140.6822839708491,71.13716261900426,True,NEW,generation,N1
689,3003,3103,line,T5_moderate,115.0,115.0,115.0,WEST,220.0,385.0,165.0,1.75,HTLS Reconductor,58.5,0.0,-100.2940896,32.3397188,-100.2940896,32.3397188,112.43218128312796,64.24696073321597,True,NEW,generation,N1
690,3003,3141,line,T6_heavy,115.0,115.0,115.0,WEST,176.0,387.2,211.2,2.2,New Parallel Circuit,89.7,0.0,-100.2940896,32.3397188,-100.2940896,32.3397188,140.54022660390999,77.00524051908495,True,NEW,generation,N1
693,3006,3049,line,T4_light,115.0,115.0,115.0,WEST,149.0,208.6,59.6,1.4,Reconductor(ACSR->ACSS),10.718,9.7,-100.0652435,32.819086,-99.8991875,32.803981,102.62341337957716,74.67236833354812,True,NEW,generation,N1
694,3006,3100,line,T5_moderate,115.0,115.0,115.0,WEST,112.8,197.4,84.6,1.75,HTLS Reconductor,36.782,18.9,-100.0652435,32.819086,-99.830642,32.630473,119.30949828406922,66.72919942057682,True,NEW,generation,N1
695,3145,3006,line,T5_moderate,115.0,115.0,115.0,WEST,149.0,260.8,111.8,1.75,HTLS Reconductor,40.796,20.9,-100.2242635,32.5474795,-100.0652435,32.819086,123.84815508897339,67.05102005946956,True,NEW,generation,N1
717,3013,3031,line,T6_heavy,115.0,115.0,115.0,WEST,141.2,310.6,169.4,2.2,New Parallel Circuit,43.498,14.5,-99.70613471428572,32.45867642857143,-99.826041,32.274081,135.68577304272145,67.05447673943488,True,NEW,generation,N1
718,3013,3077,line,T7_structural,115.0,115.0,115.0,WEST,98.0,245.0,147.0,2.5,New Corridor/Aggressive Parallel,185.25,0.0,-99.70613471428572,32.45867642857143,-99.70613471428572,32.45867642857143,169.43224052681578,78.76656388495714,True,NEW,generation,N1
724,3015,3127,line,T7_structural,115.0,115.0,115.0,WEST,98.0,245.0,147.0,2.5,New Corridor/Aggressive Parallel,99.01,16.0,-100.56760671428572,32.36118885714286,-100.2940896,32.3397188,243.1749435554997,135.6019092081041,False,NEW,generation,N1
725,3015,3128,line,T6_heavy,115.0,115.0,115.0,WEST,98.0,215.6,117.6,2.2,New Parallel Circuit,30.586,10.2,-100.56760671428572,32.36118885714286,-100.727898,32.421184499999995,125.13432810764988,92.88492002418408,True,NEW,generation,N1
726,3015,3129,line,T5_moderate,115.0,115.0,115.0,WEST,118.8,207.9,89.1,1.75,HTLS Reconductor,58.5,0.0,-100.56760671428572,32.36118885714286,-100.56760671428572,32.36118885714286,116.1788142686641,66.85451633702277,True,NEW,generation,N1
752,3021,12996,line,T6_heavy,115.0,115.0,115.0,WEST,137.5,302.5,165.0,2.2,New Parallel Circuit,60.365,20.2,-99.720186,32.783669,-100.0652435,32.819086,128.87142673881718,70.87800478581336,True,NEW,generation,N1
754,3033,3022,line,T4_light,115.0,115.0,115.0,WEST,342.0,478.8,136.8,1.4,Reconductor(ACSR->ACSS),37.788,34.2,-100.94008825,32.806441125,-100.890668,32.313261999999995,103.99903220584783,74.28502300417705,True,NEW,generation,N1
761,3023,3115,line,T7_structural,115.0,115.0,115.0,WEST,135.0,337.5,202.5,2.5,New Corridor/Aggressive Parallel,241.323,39.1,-99.850964,32.940911,-100.524167,32.969722,158.35373376759523,87.26261126256003,True,NEW,generation,N1
773,3026,5395,line,T5_moderate,230.0,230.0,230.0,WEST,443.0,775.2,332.2,1.75,HTLS Reconductor,86.77,31.0,-99.70613471428572,32.45867642857143,-99.33232,32.77921550000001,114.60265799035892,56.52688729058753,True,NEW,generation,N1
774,3027,3032,line,T5_moderate,115.0,115.0,115.0,WEST,140.0,245.0,105.0,1.75,HTLS Reconductor,58.5,0.0,-99.70613471428572,32.45867642857143,-99.70613471428572,32.45867642857143,122.03738913288933,56.32108199766515,True,NEW,generation,N1
788,3032,3070,line,T4_light,115.0,115.0,115.0,WEST,122.1,170.9,48.8,1.4,Reconductor(ACSR->ACSS),28.552,25.8,-99.70613471428572,32.45867642857143,-100.1,32.2878,103.2416251874818,71.5200813394595,True,NEW,generation,N1
791,3032,3094,line,T7_structural,115.0,115.0,115.0,WEST,113.2,283.0,169.8,2.5,New Corridor/Aggressive Parallel,143.746,23.3,-99.70613471428572,32.45867642857143,-100.09043266666669,32.36779933333333,151.65580441704532,94.84671283428061,True,NEW,generation,N1
795,3033,3136,line,T4_light,115.0,115.0,115.0,WEST,342.0,478.8,136.8,1.4,Reconductor(ACSR->ACSS),33.15,0.0,-100.94008825,32.806441125,-100.94008825,32.806441125,103.99903220584794,74.2850230041771,True,NEW,generation,N1
799,3038,3037,transformer,T7_structural,230.0,115.0,230.0,WEST,114.0,342.0,228.0,3.0,Major Transformer 3x,25.0,0.0,-100.56760671428572,32.36118885714286,-100.56760671428572,32.36118885714286,208.7822726897871,105.65336597386423,False,NEW,generation,N1
805,3038,3121,line,T7_structural,115.0,115.0,115.0,WEST,155.0,387.5,232.5,2.5,New Corridor/Aggressive Parallel,185.25,0.0,-100.56760671428572,32.36118885714286,-100.56760671428572,32.36118885714286,154.23562716448936,88.37148107673919,True,NEW,generation,N1
806,3072,3040,line,T4_light,115.0,115.0,115.0,WEST,193.0,270.2,77.2,1.4,Reconductor(ACSR->ACSS),19.455,17.6,-100.113803,31.534768,-99.934162,31.738576,107.26591496563013,74.12410526915409,True,NEW,generation,N1
862,3054,3125,line,T7_structural,115.0,115.0,115.0,WEST,122.3,305.8,183.4,2.5,New Corridor/Aggressive Parallel,193.707,31.4,-100.1097475,32.1590745,-99.70613471428572,32.45867642857143,162.71098662415005,99.88214059308024,True,NEW,generation,N1
885,3064,3141,line,T7_structural,115.0,115.0,115.0,WEST,149.0,372.5,223.5,2.5,New Corridor/Aggressive Parallel,99.01,16.0,-100.56760671428572,32.36118885714286,-100.2940896,32.3397188,217.95149646468204,101.42763773261113,False,NEW,generation,N1
886,3064,13366,line,T7_structural,115.0,115.0,115.0,WEST,121.0,302.5,181.5,2.5,New Corridor/Aggressive Parallel,185.25,0.0,-100.56760671428572,32.36118885714286,-100.56760671428572,32.36118885714286,210.77824162022975,90.30633131052242,True,NEW,generation,N1
887,3066,3142,line,T5_moderate,115.0,115.0,115.0,WEST,98.0,171.5,73.5,1.75,HTLS Reconductor,71.852,36.8,-99.529678,31.25981966666667,-100.15267,31.289523,123.37562710436058,65.9831484558696,True,NEW,generation,N1
888,3066,12910,line,T5_moderate,115.0,115.0,115.0,WEST,143.5,251.1,107.6,1.75,HTLS Reconductor,44.194,22.7,-99.529678,31.25981966666667,-99.849793,31.4410845,121.44727233907822,74.58487927493746,True,NEW,generation,N1
898,3069,3091,line,T4_light,115.0,115.0,115.0,WEST,165.8,232.1,66.3,1.4,Reconductor(ACSR->ACSS),26.015,23.5,-99.753027,32.120249,-99.70613471428572,32.45867642857143,108.01866341614735,63.05886497714685,True,NEW,generation,N1
927,3077,3125,line,T6_heavy,115.0,115.0,115.0,WEST,107.0,235.4,128.4,2.2,New Parallel Circuit,89.7,0.0,-99.70613471428572,32.45867642857143,-99.70613471428572,32.45867642857143,139.7455940350834,79.4562188675607,True,NEW,generation,N1
936,3083,3082,transformer,T6_heavy,230.0,115.0,230.0,WEST,143.8,287.6,143.8,2.0,Parallel Transformer 2x,17.0,0.0,-100.09043266666669,32.36779933333333,-100.09043266666669,32.36779933333333,128.56344858581667,80.03932477138693,True,NEW,generation,N1
939,3083,3099,line,T4_light,115.0,115.0,115.0,WEST,137.8,192.9,55.1,1.4,Reconductor(ACSR->ACSS),12.429,11.2,-100.09043266666669,32.36779933333333,-99.90623,32.415823,100.83976182461251,69.90455258254575,True,NEW,generation,N1
946,3089,3088,transformer,T6_heavy,230.0,161.0,230.0,WEST,411.0,822.0,411.0,2.0,Parallel Transformer 2x,17.0,0.0,-99.70613471428572,32.45867642857143,-99.70613471428572,32.45867642857143,139.17126524920766,72.85360874811127,True,NEW,generation,N1
953,3091,3102,line,T7_structural,115.0,115.0,115.0,WEST,98.0,245.0,147.0,2.5,New Corridor/Aggressive Parallel,185.25,0.0,-99.70613471428572,32.45867642857143,-99.70613471428572,32.45867642857143,216.9457040372939,124.50767571014593,False,NEW,generation,N1
959,3097,3096,transformer,T4_light,230.0,115.0,230.0,WEST,233.0,349.5,116.5,1.5,Transformer Replace 1.5x,8.0,0.0,-101.17026400000002,32.93510466666667,-101.17026400000002,32.93510466666667,109.38577830551648,85.55540471774674,True,NEW,generation,N1
960,3097,3096,transformer,T4_light,230.0,115.0,230.0,WEST,233.0,349.5,116.5,1.5,Transformer Replace 1.5x,8.0,0.0,-101.17026400000002,32.93510466666667,-101.17026400000002,32.93510466666667,109.38577830551648,85.55540471774674,True,NEW,generation,N1
965,3097,12939,line,T4_light,115.0,115.0,115.0,WEST,267.0,373.8,106.8,1.4,Reconductor(ACSR->ACSS),17.73,16.0,-101.17026400000002,32.93510466666667,-100.94008825,32.806441125,103.78522417132424,74.13230297951723,True,NEW,generation,N1
966,3097,12939,line,T4_light,115.0,115.0,115.0,WEST,267.0,373.8,106.8,1.4,Reconductor(ACSR->ACSS),17.73,16.0,-101.17026400000002,32.93510466666667,-100.94008825,32.806441125,103.78522417132424,74.13230297951723,True,NEW,generation,N1
1003,3121,3145,line,T5_moderate,115.0,115.0,115.0,WEST,149.0,260.8,111.8,1.75,HTLS Reconductor,46.408,23.8,-100.56760671428572,32.36118885714286,-100.2242635,32.5474795,120.75874586686857,65.05613356861633,True,NEW,generation,N1
1014,3127,13366,line,T7_structural,115.0,115.0,115.0,WEST,203.2,508.0,304.8,2.5,New Corridor/Aggressive Parallel,99.01,16.0,-100.2940896,32.3397188,-100.56760671428572,32.36118885714286,165.1287757679514,69.62138823116737,True,NEW,generation,N1
1015,3128,3129,line,T4_light,115.0,115.0,115.0,WEST,136.0,190.4,54.4,1.4,Reconductor(ACSR->ACSS),11.304,10.2,-100.727898,32.421184499999995,-100.56760671428572,32.36118885714286,109.9600525469334,64.21742193897063,True,NEW,generation,N1
1023,3132,3144,line,T6_heavy,115.0,115.0,115.0,WEST,98.0,215.6,117.6,2.2,New Parallel Circuit,64.401,21.5,-99.9360515,31.18751,-99.682323,31.411505,135.84014894030602,82.93012230768464,True,NEW,generation,N1
1069,4008,6346,line,T4_light,115.0,115.0,115.0,SOUTH,149.0,208.6,59.6,1.4,Reconductor(ACSR->ACSS),10.733,9.7,-98.642309,29.079849,-98.48181,29.070547,100.30232563354,70.27307453893606,True,NEW,generation,N1
1125,12976,4020,line,T4_light,115.0,115.0,115.0,SOUTH,228.0,319.2,91.2,1.4,Reconductor(ACSR->ACSS),24.497,22.2,-97.7314385,27.5750945,-97.4230987368421,27.74350405263158,107.48526196469165,76.97751505482356,True,NEW,generation,N1
1126,12976,4020,line,T4_light,115.0,115.0,115.0,SOUTH,228.0,319.2,91.2,1.4,Reconductor(ACSR->ACSS),24.497,22.2,-97.7314385,27.5750945,-97.4230987368421,27.74350405263158,107.48526196469165,76.97751505482356,True,NEW,generation,N1
1137,4187,4022,line,T6_heavy,115.0,115.0,115.0,SOUTH,214.0,470.8,256.8,2.2,New Parallel Circuit,61.909,20.7,-99.214344,28.293173,-99.399193,28.041684,125.66599936760319,62.331588842903706,True,NEW,generation,N1
1178,4031,4147,line,T4_light,115.0,115.0,115.0,SOUTH,247.0,345.8,98.8,1.4,Reconductor(ACSR->ACSS),38.93,35.2,-99.359609,27.0792565,-99.3906115,27.588413625,102.15705817679483,73.70017695849805,True,NEW,generation,N1
1179,4031,4147,line,T4_light,115.0,115.0,115.0,SOUTH,270.0,378.0,108.0,1.4,Reconductor(ACSR->ACSS),38.93,35.2,-99.359609,27.0792565,-99.3906115,27.588413625,101.9799531135269,73.53662249073486,True,NEW,generation,N1
1190,4033,4114,line,T6_heavy,115.0,115.0,115.0,SOUTH,125.5,276.1,150.6,2.2,New Parallel Circuit,89.7,0.0,-99.3906115,27.588413625,-99.3906115,27.588413625,126.0204383618083,78.72587236932584,True,NEW,generation,N1
1195,4033,13228,line,T4_light,115.0,115.0,115.0,SOUTH,172.0,240.8,68.8,1.4,Reconductor(ACSR->ACSS),33.15,0.0,-99.3906115,27.588413625,-99.3906115,27.588413625,106.18572237483578,76.39819028274583,True,NEW,generation,N1
1201,4036,4189,line,T7_structural,115.0,115.0,115.0,SOUTH,111.0,277.5,166.5,2.5,New Corridor/Aggressive Parallel,174.851,28.3,-99.562652,28.888748,-99.63215,28.4834915,155.94276304877332,79.37886426282054,True,NEW,generation,N1
1202,4036,13337,line,T4_light,115.0,115.0,115.0,SOUTH,213.4,298.8,85.4,1.4,Reconductor(ACSR->ACSS),28.582,25.9,-99.562652,28.888748,-99.79466125,29.20340125,102.80271933553753,75.2047627280826,True,NEW,generation,N1
1203,4036,13337,line,T4_light,115.0,115.0,115.0,SOUTH,213.4,298.8,85.4,1.4,Reconductor(ACSR->ACSS),28.582,25.9,-99.562652,28.888748,-99.79466125,29.20340125,102.80271933553753,75.2047627280826,True,NEW,generation,N1
1215,4038,4169,line,T4_light,115.0,115.0,115.0,SOUTH,218.0,305.2,87.2,1.4,Reconductor(ACSR->ACSS),19.06,17.2,-97.8000875,28.41935,-97.817507,28.170179,105.72700383688958,75.13025122384008,True,NEW,generation,N1
1216,4038,4169,line,T4_light,115.0,115.0,115.0,SOUTH,218.0,305.2,87.2,1.4,Reconductor(ACSR->ACSS),19.06,17.2,-97.8000875,28.41935,-97.817507,28.170179,105.72700383688958,75.13025122384008,True,NEW,generation,N1
1256,4048,4164,line,T4_light,115.0,115.0,115.0,SOUTH,192.1,268.9,76.8,1.4,Reconductor(ACSR->ACSS),11.247,10.2,-98.494493,26.242813,-98.654824,26.274827,100.77335218407688,71.90868053790756,True,NEW,generation,N1
1257,4048,4164,line,T4_light,115.0,115.0,115.0,SOUTH,192.1,268.9,76.8,1.4,Reconductor(ACSR->ACSS),11.247,10.2,-98.494493,26.242813,-98.654824,26.274827,100.77335218407688,71.90868053790756,True,NEW,generation,N1
1258,4048,4164,line,T4_light,115.0,115.0,115.0,SOUTH,192.1,268.9,76.8,1.4,Reconductor(ACSR->ACSS),11.247,10.2,-98.494493,26.242813,-98.654824,26.274827,100.77335218407688,71.90868053790756,True,NEW,generation,N1
1384,4101,13228,line,T4_light,115.0,115.0,115.0,SOUTH,132.0,184.8,52.8,1.4,Reconductor(ACSR->ACSS),33.15,0.0,-99.3906115,27.588413625,-99.3906115,27.588413625,104.46204605730604,75.33682949974516,True,NEW,generation,N1
1417,4114,4197,line,T4_light,115.0,115.0,115.0,SOUTH,165.5,231.7,66.2,1.4,Reconductor(ACSR->ACSS),27.189,24.6,-99.3906115,27.588413625,-99.005278,27.488056,102.89840489609554,73.2500417044541,True,NEW,generation,N1
1418,4114,4197,line,T4_light,115.0,115.0,115.0,SOUTH,165.5,231.7,66.2,1.4,Reconductor(ACSR->ACSS),27.189,24.6,-99.3906115,27.588413625,-99.005278,27.488056,102.89840489609554,73.2500417044541,True,NEW,generation,N1
1435,6264,4125,line,T4_light,115.0,115.0,115.0,SOUTH,333.0,466.2,133.2,1.4,Reconductor(ACSR->ACSS),9.327,8.4,-97.894958,28.733411,-97.8308125,28.6249795,105.76755500426594,78.9482117541503,True,NEW,generation,N1
1513,4172,6346,line,T4_light,115.0,115.0,115.0,SOUTH,149.0,208.6,59.6,1.4,Reconductor(ACSR->ACSS),10.877,9.8,-98.428996,28.935779,-98.48181,29.070547,101.84594979461384,71.37566322541728,True,NEW,generation,N1
1538,4187,4189,line,T4_light,115.0,115.0,115.0,SOUTH,197.0,275.8,78.8,1.4,Reconductor(ACSR->ACSS),31.602,28.6,-99.214344,28.293173,-99.63215,28.4834915,108.96806526829616,77.83433233449728,True,NEW,generation,N1
1555,5003,5181,line,T4_light,161.0,161.0,161.0,NORTH,218.0,305.2,87.2,1.4,Reconductor(ACSR->ACSS),40.95,0.0,-96.6344372,32.9086048,-96.6344372,32.9086048,104.85248622172884,67.62892181450914,True,NEW,generation,N1
1558,5003,5351,line,T5_moderate,161.0,161.0,161.0,NORTH,292.1,511.2,219.1,1.75,HTLS Reconductor,74.1,0.0,-96.6344372,32.9086048,-96.6344372,32.9086048,118.92025926269565,58.40983427953633,True,NEW,generation,N1
1559,5003,5351,line,T5_moderate,161.0,161.0,161.0,NORTH,292.1,511.2,219.1,1.75,HTLS Reconductor,74.1,0.0,-96.6344372,32.9086048,-96.6344372,32.9086048,118.92025926269565,58.40983427953633,True,NEW,generation,N1
1560,5003,5436,line,T5_moderate,161.0,161.0,161.0,NORTH,236.0,413.0,177.0,1.75,HTLS Reconductor,29.362,11.9,-96.6344372,32.9086048,-96.80082027272728,32.808276409090915,120.46691943480695,60.287984534033924,True,NEW,generation,N1
1563,5005,5046,line,T7_structural,161.0,161.0,161.0,NORTH,214.7,536.8,322.0,2.5,New Corridor/Aggressive Parallel,192.69,25.8,-98.008849,32.527015,-98.187624,32.1858615,1452.7195631756754,596.0852282438998,False,NEW,generation,N1
1564,5133,5005,line,T7_structural,161.0,161.0,161.0,NORTH,187.0,467.5,280.5,2.5,New Corridor/Aggressive Parallel,92.536,12.4,-97.924354,32.362649,-98.008849,32.527015,2680.194408710841,1072.0777634843362,False,NEW,generation,N1
1565,5005,5435,line,T7_structural,161.0,161.0,161.0,NORTH,187.0,467.5,280.5,2.5,New Corridor/Aggressive Parallel,80.815,10.8,-98.008849,32.527015,-98.17276,32.600503,1026.5331532160174,410.62015327822644,False,NEW,generation,N1
1570,5006,5103,line,T4_light,161.0,161.0,161.0,NORTH,205.0,287.0,82.0,1.4,Reconductor(ACSR->ACSS),18.292,13.4,-96.80082027272728,32.808276409090915,-96.7025715,32.983810000000005,109.84771267968848,67.01056894140021,True,NEW,generation,N1
1578,5347,5008,line,T5_moderate,161.0,161.0,161.0,NORTH,187.0,327.2,140.2,1.75,HTLS Reconductor,71.907,29.1,-99.1533074,32.3857988,-99.33232,32.77921550000001,113.60815478989366,60.05747427824693,True,NEW,generation,N1
1583,5010,5096,line,T5_moderate,161.0,161.0,161.0,NORTH,310.0,542.5,232.5,1.75,HTLS Reconductor,74.1,0.0,-96.73076228571428,33.04730142857143,-96.73076228571428,33.04730142857143,118.17230953039234,64.80818681296624,True,NEW,generation,N1
1584,5010,5096,line,T5_moderate,161.0,161.0,161.0,NORTH,310.0,542.5,232.5,1.75,HTLS Reconductor,74.1,0.0,-96.73076228571428,33.04730142857143,-96.73076228571428,33.04730142857143,118.17230953039234,64.80818681296624,True,NEW,generation,N1
1585,5010,5357,line,T4_light,161.0,161.0,161.0,NORTH,220.0,308.0,88.0,1.4,Reconductor(ACSR->ACSS),8.151,6.0,-96.73076228571428,33.04730142857143,-96.6508655,33.101957,103.04005230508166,76.65504410305583,True,NEW,generation,N1
1591,5012,5165,line,T5_moderate,161.0,161.0,161.0,NORTH,204.9,358.6,153.7,1.75,HTLS Reconductor,74.1,0.0,-97.13581333333332,33.210620166666665,-97.13581333333332,33.210620166666665,117.5084420445137,71.75177522641297,True,NEW,generation,N1
1593,5012,13266,line,T7_structural,161.0,161.0,161.0,NORTH,209.6,524.0,314.4,2.5,New Corridor/Aggressive Parallel,143.911,19.3,-97.13581333333332,33.210620166666665,-97.466582,33.243525500000004,229.83691895473098,117.564772518927,False,NEW,generation,N1
1594,5013,5101,line,T5_moderate,161.0,161.0,161.0,NORTH,187.0,327.2,140.2,1.75,HTLS Reconductor,22.252,9.0,-98.805134,31.842565,-98.6525545,31.8568005,119.19684381281432,42.64875310209938,True,NEW,generation,N1
1596,5013,5226,line,T6_heavy,161.0,161.0,161.0,NORTH,187.0,411.4,224.4,2.2,New Parallel Circuit,41.106,10.9,-98.805134,31.842565,-98.776277,31.686677,147.95253956013525,58.035839110660135,True,NEW,generation,N1
1599,5014,13266,line,T7_structural,161.0,161.0,161.0,NORTH,186.5,466.2,279.8,2.5,New Corridor/Aggressive Parallel,224.25,0.0,-97.466582,33.243525500000004,-97.466582,33.243525500000004,200.90307768594909,80.36123107437963,True,NEW,generation,N1
1628,5022,5021,transformer,T4_light,500.0,161.0,500.0,NORTH,1375.0,2062.5,687.5,1.5,Transformer Replace 1.5x,20.0,0.0,-97.572841,32.708154,-97.572841,32.708154,100.83880679906787,74.55690572261327,True,NEW,generation,N1
1629,5022,5021,transformer,T4_light,500.0,161.0,500.0,NORTH,1375.0,2062.5,687.5,1.5,Transformer Replace 1.5x,20.0,0.0,-97.572841,32.708154,-97.572841,32.708154,100.83880679906787,74.55690572261327,True,NEW,generation,N1
1638,5022,5441,line,T4_light,161.0,161.0,161.0,NORTH,550.0,770.0,220.0,1.4,Reconductor(ACSR->ACSS),18.95,13.9,-97.572841,32.708154,-97.34008506896552,32.753233586206896,100.63173320165744,76.40309530235429,True,NEW,generation,N1
1639,5022,5441,line,T4_light,161.0,161.0,161.0,NORTH,550.0,770.0,220.0,1.4,Reconductor(ACSR->ACSS),18.95,13.9,-97.572841,32.708154,-97.34008506896552,32.753233586206896,100.63173320165744,76.40309530235429,True,NEW,generation,N1
1653,5027,5441,line,T5_moderate,161.0,161.0,161.0,NORTH,252.0,441.0,189.0,1.75,HTLS Reconductor,74.1,0.0,-97.34008506896552,32.753233586206896,-97.34008506896552,32.753233586206896,115.98669635125094,67.49201988726706,True,NEW,generation,N1
1657,5097,5028,line,T5_moderate,161.0,161.0,161.0,NORTH,310.0,542.5,232.5,1.75,HTLS Reconductor,38.81,15.7,-97.0886755,32.837196,-97.34008506896552,32.753233586206896,117.03712712930276,71.37394951210312,True,NEW,generation,N1
1658,5097,5028,line,T5_moderate,161.0,161.0,161.0,NORTH,310.0,542.5,232.5,1.75,HTLS Reconductor,38.81,15.7,-97.0886755,32.837196,-97.34008506896552,32.753233586206896,117.03712712930276,71.37394951210312,True,NEW,generation,N1
1673,5032,5229,line,T5_moderate,161.0,161.0,161.0,NORTH,224.0,392.0,168.0,1.75,HTLS Reconductor,74.1,0.0,-96.80082027272728,32.808276409090915,-96.80082027272728,32.808276409090915,115.74091195629656,49.318484557689175,True,NEW,generation,N1
1674,5032,5329,line,T6_heavy,161.0,161.0,161.0,NORTH,187.0,411.4,224.4,2.2,New Parallel Circuit,113.1,0.0,-96.80082027272728,32.808276409090915,-96.80082027272728,32.808276409090915,126.80306958056453,65.33954058857931,True,NEW,generation,N1
1677,5034,5033,transformer,T6_heavy,500.0,161.0,500.0,NORTH,1209.0,2418.0,1209.0,2.0,Parallel Transformer 2x,40.0,0.0,-96.80082027272728,32.808276409090915,-96.80082027272728,32.808276409090915,128.41732167709105,79.36211344618243,True,NEW,generation,N1
1686,5034,5313,line,T7_structural,161.0,161.0,161.0,NORTH,227.6,569.0,341.4,2.5,New Corridor/Aggressive Parallel,98.897,13.2,-96.80082027272728,32.808276409090915,-96.695516,32.63852,153.85760886597632,110.86664434848606,False,NEW,generation,N1
1687,5034,5329,line,T6_heavy,161.0,161.0,161.0,NORTH,204.1,449.0,244.9,2.2,New Parallel Circuit,113.1,0.0,-96.80082027272728,32.808276409090915,-96.80082027272728,32.808276409090915,126.02666644735189,93.45531550705893,True,NEW,generation,N1
1691,5044,5153,line,T5_moderate,161.0,161.0,161.0,NORTH,600.0,1050.0,450.0,1.75,HTLS Reconductor,20.503,8.3,-97.597083,33.041942,-97.723422,33.098727,112.69354529741433,63.50417029417321,True,NEW,generation,N1
1692,5044,5153,line,T5_moderate,161.0,161.0,161.0,NORTH,600.0,1050.0,450.0,1.75,HTLS Reconductor,20.503,8.3,-97.597083,33.041942,-97.723422,33.098727,112.69354529741433,63.50417029417321,True,NEW,generation,N1
1695,5044,5312,line,T6_heavy,161.0,161.0,161.0,NORTH,326.0,717.2,391.2,2.2,New Parallel Circuit,37.747,10.0,-97.597083,33.041942,-97.561179,32.900196,127.38353644957084,70.55868448944899,True,NEW,generation,N1
1696,5044,5312,line,T6_heavy,161.0,161.0,161.0,NORTH,326.0,717.2,391.2,2.2,New Parallel Circuit,37.747,10.0,-97.597083,33.041942,-97.561179,32.900196,127.38353644957084,70.55868448944899,True,NEW,generation,N1
1697,5046,5045,transformer,T7_structural,500.0,161.0,500.0,NORTH,550.0,1650.0,1100.0,3.0,Major Transformer 3x,55.0,0.0,-98.187624,32.1858615,-98.187624,32.1858615,424.4269132579032,160.0223395223563,False,NEW,generation,N1
1704,5286,5046,line,T7_structural,161.0,161.0,161.0,NORTH,187.0,467.5,280.5,2.5,New Corridor/Aggressive Parallel,98.816,13.2,-98.4123355,32.20698,-98.187624,32.1858615,262.8689619857473,102.37854967608514,False,NEW,generation,N1
1705,5046,13018,line,T7_structural,161.0,161.0,161.0,NORTH,214.1,535.2,321.1,2.5,New Corridor/Aggressive Parallel,224.25,0.0,-98.187624,32.1858615,-98.187624,32.1858615,344.3894536981625,127.6839469969743,False,NEW,generation,N1
1710,5047,5448,line,T5_moderate,500.0,500.0,500.0,NORTH,2034.0,3559.5,1525.5,1.75,HTLS Reconductor,101.578,18.4,-97.188374,32.503973,-97.010181,32.723688,119.42668538070033,67.84739651122761,True,NEW,generation,N1
1745,5060,5059,transformer,T4_light,161.0,115.0,161.0,NORTH,151.0,226.5,75.5,1.5,Transformer Replace 1.5x,4.5,0.0,-96.092445,32.357217500000004,-96.092445,32.357217500000004,104.6073279015168,92.85927208230571,True,NEW,generation,N1
1746,5059,5426,line,T7_structural,161.0,161.0,161.0,NORTH,251.0,627.5,376.5,2.5,New Corridor/Aggressive Parallel,66.75,8.9,-96.092445,32.357217500000004,-96.245039,32.366686,155.69035993769546,72.12795454054171,True,NEW,generation,N1
1747,8148,5059,line,T5_moderate,161.0,161.0,161.0,NORTH,310.0,542.5,232.5,1.75,HTLS Reconductor,37.496,15.2,-96.1482745,32.142643,-96.092445,32.357217500000004,111.00931145446287,67.93571674480965,True,NEW,generation,N1
1748,5060,8065,line,T7_structural,115.0,115.0,115.0,NORTH,137.0,342.5,205.5,2.5,New Corridor/Aggressive Parallel,93.74,15.2,-96.092445,32.357217500000004,-96.1482745,32.142643,160.4504125045915,79.47043832596275,True,NEW,generation,N1
1749,5064,5063,transformer,T4_light,500.0,161.0,500.0,NORTH,1277.0,1915.5,638.5,1.5,Transformer Replace 1.5x,20.0,0.0,-97.12502636363637,32.69967490909091,-97.12502636363637,32.69967490909091,101.66038016324455,80.88117581447459,True,NEW,generation,N1
1750,5064,5063,transformer,T4_light,500.0,161.0,500.0,NORTH,1277.0,1915.5,638.5,1.5,Transformer Replace 1.5x,20.0,0.0,-97.12502636363637,32.69967490909091,-97.12502636363637,32.69967490909091,101.66038016324455,80.88117581447459,True,NEW,generation,N1
1761,5064,5125,line,T6_heavy,161.0,161.0,161.0,NORTH,217.3,478.1,260.8,2.2,New Parallel Circuit,113.1,0.0,-97.12502636363637,32.69967490909091,-97.12502636363637,32.69967490909091,126.07674018876331,103.05783512158757,False,NEW,generation,N1
1769,5138,5071,line,T4_light,161.0,161.0,161.0,NORTH,251.0,351.4,100.4,1.4,Reconductor(ACSR->ACSS),40.95,0.0,-97.145583,31.5590085,-97.145583,31.5590085,102.40645292139617,65.32250358513326,True,NEW,generation,N1
1770,5071,5359,line,T5_moderate,161.0,161.0,161.0,NORTH,310.0,542.5,232.5,1.75,HTLS Reconductor,37.881,15.3,-97.145583,31.5590085,-96.93121275,31.43308425,120.01787041440421,63.513083695872254,True,NEW,generation,N1
1784,5075,5231,line,T6_heavy,161.0,161.0,161.0,NORTH,225.2,495.4,270.2,2.2,New Parallel Circuit,60.309,16.0,-98.049081,31.553908,-98.213739,31.738177,148.91437891507434,60.832836023637306,True,NEW,generation,N1
1789,5227,5076,line,T6_heavy,161.0,161.0,161.0,NORTH,187.0,411.4,224.4,2.2,New Parallel Circuit,113.1,0.0,-96.243079,32.788987000000006,-96.243079,32.788987000000006,138.16103933953167,67.46579133918154,True,NEW,generation,N1
1814,5157,5085,line,T4_light,161.0,161.0,161.0,NORTH,251.0,351.4,100.4,1.4,Reconductor(ACSR->ACSS),20.327,14.9,-96.864075,32.599427,-96.80082027272728,32.808276409090915,107.76028594313945,50.6097463814286,True,NEW,generation,N1
1815,5085,5194,line,T5_moderate,161.0,161.0,161.0,NORTH,211.2,369.6,158.4,1.75,HTLS Reconductor,31.253,12.7,-96.80082027272728,32.808276409090915,-96.914175,32.651936,124.21971981167037,59.22661742238163,True,NEW,generation,N1
1816,5085,5353,line,T6_heavy,161.0,161.0,161.0,NORTH,191.3,420.9,229.6,2.2,New Parallel Circuit,47.702,12.7,-96.80082027272728,32.808276409090915,-96.914175,32.651936,135.0087974014297,96.68830318893032,True,NEW,generation,N1
1817,5085,5462,line,T6_heavy,161.0,161.0,161.0,NORTH,212.7,467.9,255.2,2.2,New Parallel Circuit,113.1,0.0,-96.80082027272728,32.808276409090915,-96.80082027272728,32.808276409090915,131.85136232000872,85.23576644933318,True,NEW,generation,N1
1831,5088,5290,line,T4_light,161.0,161.0,161.0,NORTH,321.0,449.4,128.4,1.4,Reconductor(ACSR->ACSS),8.957,6.6,-97.46203133333334,31.819786000000004,-97.3667,31.8694,108.61793613374088,67.50615967806563,True,NEW,generation,N1
1832,5088,5290,line,T4_light,161.0,161.0,161.0,NORTH,321.0,449.4,128.4,1.4,Reconductor(ACSR->ACSS),8.957,6.6,-97.46203133333334,31.819786000000004,-97.3667,31.8694,108.61793613374088,67.50615967806563,True,NEW,generation,N1
1833,5088,5393,line,T5_moderate,161.0,161.0,161.0,NORTH,251.0,439.2,188.2,1.75,HTLS Reconductor,24.799,10.0,-97.46203133333334,31.819786000000004,-97.374883,31.694792,121.59776715648906,54.15816807892375,True,NEW,generation,N1
1834,5088,5407,line,T7_structural,161.0,161.0,161.0,NORTH,221.7,554.2,332.5,2.5,New Corridor/Aggressive Parallel,224.25,0.0,-97.46203133333334,31.819786000000004,-97.46203133333334,31.819786000000004,263.3117154410595,118.0854711863959,False,NEW,generation,N1
1835,5088,12547,transformer,T4_light,500.0,161.0,500.0,NORTH,800.0,1200.0,400.0,1.5,Transformer Replace 1.5x,20.0,0.0,-97.46203133333334,31.819786000000004,-97.46203133333334,31.819786000000004,107.89970334729387,73.50475474766138,True,NEW,generation,N1
1843,5171,5091,line,T4_light,161.0,161.0,161.0,NORTH,251.0,351.4,100.4,1.4,Reconductor(ACSR->ACSS),8.541,6.3,-96.91458,32.043976,-96.807932,32.038687,108.54730466436179,70.5950087536266,True,NEW,generation,N1
1844,5091,5257,line,T4_light,161.0,161.0,161.0,NORTH,251.0,351.4,100.4,1.4,Reconductor(ACSR->ACSS),13.559,9.9,-96.807932,32.038687,-96.85118,32.177712,106.42379868826609,69.07821877070118,True,NEW,generation,N1
1846,5453,5092,line,T4_light,161.0,161.0,161.0,NORTH,250.0,350.0,100.0,1.4,Reconductor(ACSR->ACSS),24.304,17.8,-97.458078,32.3380315,-97.16076,32.280923,106.78499940919012,74.40932268037837,True,NEW,generation,N1
1848,5093,5254,line,T4_light,161.0,161.0,161.0,NORTH,245.0,343.0,98.0,1.4,Reconductor(ACSR->ACSS),12.098,8.9,-97.377255,32.986624,-97.22672,33.009335,108.71700763400872,80.70957191027844,True,NEW,generation,N1
1851,5093,5434,line,T4_light,161.0,161.0,161.0,NORTH,310.0,434.0,124.0,1.4,Reconductor(ACSR->ACSS),5.479,4.0,-97.377255,32.986624,-97.444409,33.00085,100.94615423687236,66.06914326851768,True,NEW,generation,N1
1852,5093,5434,line,T4_light,161.0,161.0,161.0,NORTH,310.0,434.0,124.0,1.4,Reconductor(ACSR->ACSS),5.479,4.0,-97.377255,32.986624,-97.444409,33.00085,100.94615423687236,66.06914326851768,True,NEW,generation,N1
1853,5094,5381,line,T5_moderate,161.0,161.0,161.0,NORTH,310.0,542.5,232.5,1.75,HTLS Reconductor,15.584,6.3,-96.706121,32.23256,-96.675,32.32,120.1437524781112,66.16446856587653,True,NEW,generation,N1
1856,5277,5095,line,T5_moderate,161.0,161.0,161.0,NORTH,301.0,526.8,225.8,1.75,HTLS Reconductor,13.748,5.6,-96.950551,33.176495,-97.005469,33.110351,121.44521255638276,70.87727008053629,True,NEW,generation,N1
1857,5341,5095,line,T6_heavy,161.0,161.0,161.0,NORTH,265.0,583.0,318.0,2.2,New Parallel Circuit,9.353,2.5,-97.0124115,33.07492,-97.005469,33.110351,125.85152660582648,58.542448689528875,True,NEW,generation,N1
1861,5096,5412,line,T6_heavy,161.0,161.0,161.0,NORTH,291.0,640.2,349.2,2.2,New Parallel Circuit,43.736,11.6,-96.73076228571428,33.04730142857143,-96.534936,33.012135,129.45518975111833,73.06440319413403,True,NEW,generation,N1
1864,5097,5125,line,T6_heavy,161.0,161.0,161.0,NORTH,205.3,451.7,246.4,2.2,New Parallel Circuit,36.696,9.7,-97.0886755,32.837196,-97.12502636363637,32.69967490909091,125.39395011884925,81.68656214470813,True,NEW,generation,N1
1865,5098,5453,line,T4_light,161.0,161.0,161.0,NORTH,310.0,434.0,124.0,1.4,Reconductor(ACSR->ACSS),40.267,29.5,-97.34008506896552,32.753233586206896,-97.458078,32.3380315,101.68035890774875,72.25497529515984,True,NEW,generation,N1
1871,5250,5100,line,T5_moderate,161.0,161.0,161.0,NORTH,409.0,715.8,306.8,1.75,HTLS Reconductor,74.1,0.0,-96.80082027272728,32.808276409090915,-96.80082027272728,32.808276409090915,115.87809417874311,62.59057116558373,True,NEW,generation,N1
1872,5250,5100,line,T5_moderate,161.0,161.0,161.0,NORTH,409.0,715.8,306.8,1.75,HTLS Reconductor,74.1,0.0,-96.80082027272728,32.808276409090915,-96.80082027272728,32.808276409090915,115.87809417874311,62.59057116558373,True,NEW,generation,N1
1873,5250,5100,line,T5_moderate,161.0,161.0,161.0,NORTH,409.0,715.8,306.8,1.75,HTLS Reconductor,74.1,0.0,-96.80082027272728,32.808276409090915,-96.80082027272728,32.808276409090915,115.87809417874311,62.59057116558373,True,NEW,generation,N1
1874,5100,5272,line,T6_heavy,161.0,161.0,161.0,NORTH,204.2,449.2,245.0,2.2,New Parallel Circuit,113.1,0.0,-96.80082027272728,32.808276409090915,-96.80082027272728,32.808276409090915,125.49937599879884,86.90842780235037,True,NEW,generation,N1
1877,5100,5352,line,T5_moderate,161.0,161.0,161.0,NORTH,238.0,416.5,178.5,1.75,HTLS Reconductor,74.1,0.0,-96.80082027272728,32.808276409090915,-96.80082027272728,32.808276409090915,117.38312205061223,62.7829441466234,True,NEW,generation,N1
1879,5101,13018,line,T7_structural,161.0,161.0,161.0,NORTH,188.4,471.0,282.6,2.5,New Corridor/Aggressive Parallel,265.204,35.5,-98.6525545,31.8568005,-98.187624,32.1858615,311.0036413624709,101.55798234880912,False,NEW,generation,N1
1880,5101,13051,line,T7_structural,161.0,161.0,161.0,NORTH,222.1,555.2,333.1,2.5,New Corridor/Aggressive Parallel,224.25,0.0,-98.6525545,31.8568005,-98.6525545,31.8568005,152.69521375616893,58.80352852198062,True,NEW,generation,N1
1889,5103,5139,line,T5_moderate,161.0,161.0,161.0,NORTH,233.0,407.8,174.8,1.75,HTLS Reconductor,33.1,13.4,-96.7025715,32.983810000000005,-96.80082027272728,32.808276409090915,116.27198736075293,57.81120850656712,True,NEW,generation,N1
1891,5447,5104,line,T4_light,161.0,161.0,161.0,NORTH,363.0,508.2,145.2,1.4,Reconductor(ACSR->ACSS),17.795,13.0,-97.12502636363637,32.69967490909091,-97.34008506896552,32.753233586206896,101.13944828937886,68.0736202576888,True,NEW,generation,N1
1892,5447,5104,line,T4_light,161.0,161.0,161.0,NORTH,363.0,508.2,145.2,1.4,Reconductor(ACSR->ACSS),17.795,13.0,-97.12502636363637,32.69967490909091,-97.34008506896552,32.753233586206896,101.13944828937886,68.0736202576888,True,NEW,generation,N1
1898,5105,5253,line,T6_heavy,161.0,161.0,161.0,NORTH,235.0,517.0,282.0,2.2,New Parallel Circuit,52.515,13.9,-96.9700122,32.8603614,-97.092488,33.0338,130.6434607523546,71.9362213864734,True,NEW,generation,N1
1904,5108,5353,line,T5_moderate,161.0,161.0,161.0,NORTH,251.0,439.2,188.2,1.75,HTLS Reconductor,31.253,12.7,-96.80082027272728,32.808276409090915,-96.914175,32.651936,120.88328228406179,80.04157853535813,True,NEW,generation,N1
1905,5449,5108,line,T5_moderate,161.0,161.0,161.0,NORTH,310.0,542.5,232.5,1.75,HTLS Reconductor,33.333,13.5,-97.010181,32.723688,-96.80082027272728,32.808276409090915,116.06739107516823,85.71834998059282,True,NEW,generation,N1
1906,5449,5108,line,T5_moderate,161.0,161.0,161.0,NORTH,310.0,542.5,232.5,1.75,HTLS Reconductor,33.333,13.5,-97.010181,32.723688,-96.80082027272728,32.808276409090915,116.06739107516823,85.71834998059282,True,NEW,generation,N1
1907,5449,5108,line,T5_moderate,161.0,161.0,161.0,NORTH,310.0,542.5,232.5,1.75,HTLS Reconductor,33.333,13.5,-97.010181,32.723688,-96.80082027272728,32.808276409090915,116.06739107516823,85.71834998059282,True,NEW,generation,N1
1908,5274,5109,line,T7_structural,161.0,161.0,161.0,NORTH,251.0,627.5,376.5,2.5,New Corridor/Aggressive Parallel,40.25,5.4,-96.674333,32.605192,-96.7651095,32.5902035,225.07349167797975,118.30625788682197,False,NEW,generation,N1
1909,5109,5333,line,T7_structural,161.0,161.0,161.0,NORTH,251.0,627.5,376.5,2.5,New Corridor/Aggressive Parallel,39.833,5.3,-96.7651095,32.5902035,-96.807315,32.521773,166.52589641434264,66.61035856573706,True,NEW,generation,N1
1917,5112,5133,line,T7_structural,161.0,161.0,161.0,NORTH,187.0,467.5,280.5,2.5,New Corridor/Aggressive Parallel,187.426,25.1,-97.8826,32.001481,-97.924354,32.362649,2680.1944087108404,1072.0777634843364,False,NEW,generation,N1
1918,5191,5112,line,T7_structural,161.0,161.0,161.0,NORTH,187.0,467.5,280.5,2.5,New Corridor/Aggressive Parallel,87.473,11.7,-97.710123,31.916215,-97.8826,32.001481,780.0301110984951,287.62878795805693,False,NEW,generation,N1
1919,5112,5246,line,T7_structural,161.0,161.0,161.0,NORTH,187.0,467.5,280.5,2.5,New Corridor/Aggressive Parallel,136.231,18.2,-97.8826,32.001481,-97.790381,32.253423999999995,684.7872013843028,280.3693290560917,False,NEW,generation,N1
1920,5286,5112,line,T7_structural,161.0,161.0,161.0,NORTH,150.0,375.0,225.0,2.5,New Corridor/Aggressive Parallel,254.906,34.1,-98.4123355,32.20698,-97.8826,32.001481,614.7939475159645,276.6262728186691,False,NEW,generation,N1
1921,5112,5318,line,T7_structural,161.0,161.0,161.0,NORTH,242.8,607.0,364.2,2.5,New Corridor/Aggressive Parallel,225.301,30.1,-97.8826,32.001481,-97.69946625,32.40925625,565.1664945109121,220.90343067184813,False,NEW,generation,N1
1923,5113,5218,line,T6_heavy,161.0,161.0,161.0,NORTH,187.0,411.4,224.4,2.2,New Parallel Circuit,56.794,15.1,-97.3420515,33.318023,-97.340499,33.099993,137.08281879531577,80.46281178009205,True,NEW,generation,N1
1926,5113,13330,line,T5_moderate,161.0,161.0,161.0,NORTH,306.6,536.6,230.0,1.75,HTLS Reconductor,74.1,0.0,-97.3420515,33.318023,-97.3420515,33.318023,120.4734914458731,84.2101539596959,True,NEW,generation,N1
1927,5219,5114,line,T6_heavy,161.0,161.0,161.0,NORTH,187.0,411.4,224.4,2.2,New Parallel Circuit,39.284,10.4,-96.428985,32.533273,-96.255103,32.568801,127.8028920053234,63.52250511549945,True,NEW,generation,N1
1939,5118,5456,line,T4_light,161.0,161.0,161.0,NORTH,251.0,351.4,100.4,1.4,Reconductor(ACSR->ACSS),29.808,21.8,-99.225355,32.359033,-98.98514,32.116953,104.85879342626549,67.5261222892695,True,NEW,generation,N1
1956,5122,5308,line,T6_heavy,161.0,161.0,161.0,NORTH,251.0,552.2,301.2,2.2,New Parallel Circuit,56.283,14.9,-96.80082027272728,32.808276409090915,-96.5458,32.8358,129.42160814295158,92.01960514205142,True,NEW,generation,N1
1962,5125,5330,line,T4_light,161.0,161.0,161.0,NORTH,211.4,296.0,84.6,1.4,Reconductor(ACSR->ACSS),40.95,0.0,-97.12502636363637,32.69967490909091,-97.12502636363637,32.69967490909091,100.33561038536581,80.18272676053704,True,NEW,generation,N1
1966,5191,5127,line,T7_structural,161.0,161.0,161.0,NORTH,187.0,467.5,280.5,2.5,New Corridor/Aggressive Parallel,86.561,11.6,-97.710123,31.916215,-97.804426,31.769003,254.2785538630189,88.78686961154018,True,NEW,generation,N1
1967,5127,5231,line,T5_moderate,161.0,161.0,161.0,NORTH,187.0,327.2,140.2,1.75,HTLS Reconductor,59.631,24.1,-97.804426,31.769003,-98.213739,31.738177,119.1674703214535,53.941930759043,True,NEW,generation,N1
1968,5314,5127,line,T6_heavy,161.0,161.0,161.0,NORTH,187.0,411.4,224.4,2.2,New Parallel Circuit,71.729,19.0,-97.506079,31.662159,-97.804426,31.769003,138.05226001215388,59.322714395960844,True,NEW,generation,N1
1983,5131,5279,line,T5_moderate,500.0,500.0,500.0,NORTH,2020.0,3535.0,1515.0,1.75,HTLS Reconductor,62.358,11.3,-97.499909,31.051688,-97.314427,31.08967366666667,116.61903559956363,64.76575308070855,True,NEW,generation,N1
1986,5163,5132,line,T7_structural,161.0,161.0,161.0,NORTH,251.0,627.5,376.5,2.5,New Corridor/Aggressive Parallel,47.884,6.4,-97.604369,31.075955,-97.499909,31.051688,150.06396460563164,76.80244165834942,True,NEW,generation,N1
1987,5132,5390,line,T7_structural,161.0,161.0,161.0,NORTH,343.0,857.5,514.5,2.5,New Corridor/Aggressive Parallel,132.239,17.7,-97.499909,31.051688,-97.2120625,30.983119,196.9128873993921,90.62613094366502,True,NEW,generation,N1
1991,5169,5135,line,T5_moderate,161.0,161.0,161.0,NORTH,187.0,327.2,140.2,1.75,HTLS Reconductor,61.217,24.8,-98.4123355,32.20698,-98.66402,32.495875,113.0357069586002,45.270103120224256,True,NEW,generation,N1
2011,5389,5144,line,T7_structural,161.0,161.0,161.0,NORTH,187.0,467.5,280.5,2.5,New Corridor/Aggressive Parallel,224.25,0.0,-97.145583,31.5590085,-97.145583,31.5590085,151.4517282988265,61.40265165532608,True,NEW,generation,N1
2014,5145,5323,line,T4_light,161.0,161.0,161.0,NORTH,310.0,434.0,124.0,1.4,Reconductor(ACSR->ACSS),18.421,13.5,-97.010181,32.723688,-96.80082027272728,32.808276409090915,105.31227198681046,64.58409734133478,True,NEW,generation,N1
2015,5145,5323,line,T4_light,161.0,161.0,161.0,NORTH,310.0,434.0,124.0,1.4,Reconductor(ACSR->ACSS),18.421,13.5,-97.010181,32.723688,-96.80082027272728,32.808276409090915,105.31227198681046,64.58409734133478,True,NEW,generation,N1
2016,5145,5323,line,T4_light,161.0,161.0,161.0,NORTH,310.0,434.0,124.0,1.4,Reconductor(ACSR->ACSS),18.421,13.5,-97.010181,32.723688,-96.80082027272728,32.808276409090915,105.31227198681046,64.58409734133478,True,NEW,generation,N1
2027,5148,5457,line,T5_moderate,161.0,161.0,161.0,NORTH,187.0,327.2,140.2,1.75,HTLS Reconductor,26.299,10.6,-96.9700122,32.8603614,-97.149641,32.891787,123.0521495304027,65.06290939943985,True,NEW,generation,N1
2034,5154,5151,line,T5_moderate,161.0,161.0,161.0,NORTH,187.0,327.2,140.2,1.75,HTLS Reconductor,34.577,14.0,-97.343521,32.116002,-97.52976,31.988989,113.07649975153491,58.66512833349745,True,NEW,generation,N1
2035,5191,5151,line,T7_structural,161.0,161.0,161.0,NORTH,187.0,467.5,280.5,2.5,New Corridor/Aggressive Parallel,87.521,11.7,-97.710123,31.916215,-97.52976,31.988989,211.24005796388096,75.96490423846258,True,NEW,generation,N1
2036,5407,5151,line,T6_heavy,161.0,161.0,161.0,NORTH,187.0,411.4,224.4,2.2,New Parallel Circuit,46.55,12.3,-97.46203133333334,31.819786000000004,-97.52976,31.988989,134.26270600098522,63.48802021024915,True,NEW,generation,N1
2041,5153,12555,line,T4_light,161.0,161.0,161.0,NORTH,488.0,683.2,195.2,1.4,Reconductor(ACSR->ACSS),16.725,12.3,-97.723422,33.098727,-97.93385,33.07965,107.56776171365432,82.93250908244846,True,NEW,generation,N1
2042,5153,12555,line,T4_light,161.0,161.0,161.0,NORTH,488.0,683.2,195.2,1.4,Reconductor(ACSR->ACSS),16.725,12.3,-97.723422,33.098727,-97.93385,33.07965,107.56776171365432,82.93250908244846,True,NEW,generation,N1
2044,5154,5247,line,T7_structural,161.0,161.0,161.0,NORTH,187.0,467.5,280.5,2.5,New Corridor/Aggressive Parallel,101.524,13.6,-97.343521,32.116002,-97.575601,32.117538,167.9670249496236,56.89009066365273,True,NEW,generation,N1
2045,5290,5154,line,T7_structural,161.0,161.0,161.0,NORTH,251.0,627.5,376.5,2.5,New Corridor/Aggressive Parallel,127.769,17.1,-97.3667,31.8694,-97.343521,32.116002,161.72166358598707,51.84774788384152,True,NEW,generation,N1
2049,5456,5156,line,T4_light,161.0,161.0,161.0,NORTH,295.0,413.0,118.0,1.4,Reconductor(ACSR->ACSS),18.114,13.3,-98.98514,32.116953,-98.927404,31.931233,105.39759956100386,62.16109894377495,True,NEW,generation,N1
2051,5157,5194,line,T7_structural,161.0,161.0,161.0,NORTH,187.0,467.5,280.5,2.5,New Corridor/Aggressive Parallel,34.791,4.7,-96.864075,32.599427,-96.914175,32.651936,153.03750555129366,79.37253493964957,True,NEW,generation,N1
2052,5333,5157,line,T6_heavy,161.0,161.0,161.0,NORTH,310.0,682.0,372.0,2.2,New Parallel Circuit,23.758,6.3,-96.807315,32.521773,-96.864075,32.599427,136.56897812558904,65.07517589299249,True,NEW,generation,N1
2053,5333,5157,line,T6_heavy,161.0,161.0,161.0,NORTH,310.0,682.0,372.0,2.2,New Parallel Circuit,23.758,6.3,-96.807315,32.521773,-96.864075,32.599427,136.56897812558904,65.07517589299249,True,NEW,generation,N1
2054,5157,5376,line,T7_structural,161.0,161.0,161.0,NORTH,233.5,583.8,350.2,2.5,New Corridor/Aggressive Parallel,111.314,14.9,-96.864075,32.599427,-96.80082027272728,32.808276409090915,159.56236892932768,85.02700204617634,True,NEW,generation,N1
2085,5169,5264,line,T5_moderate,161.0,161.0,161.0,NORTH,234.7,410.7,176.0,1.75,HTLS Reconductor,25.54,10.3,-98.4123355,32.20698,-98.552257,32.298594,112.28659850816514,60.60404335711004,True,NEW,generation,N1
2086,5169,5456,line,T7_structural,161.0,161.0,161.0,NORTH,264.9,662.2,397.3,2.5,New Corridor/Aggressive Parallel,254.723,34.1,-98.4123355,32.20698,-98.98514,32.116953,175.7832910168433,75.1585130252331,True,NEW,generation,N1
2087,5169,5471,line,T7_structural,161.0,161.0,161.0,NORTH,187.0,467.5,280.5,2.5,New Corridor/Aggressive Parallel,86.231,11.5,-98.4123355,32.20698,-98.377389,32.371306,380.1226472700598,129.65314856001277,False,NEW,generation,N1
2088,5171,5174,line,T4_light,161.0,161.0,161.0,NORTH,251.0,351.4,100.4,1.4,Reconductor(ACSR->ACSS),14.567,10.7,-96.91458,32.043976,-96.8751,31.8932,108.96961542133393,70.896659294321,True,NEW,generation,N1
2095,5175,5370,line,T5_moderate,161.0,161.0,161.0,NORTH,474.0,829.5,355.5,1.75,HTLS Reconductor,29.108,11.8,-97.13581333333332,33.210620166666665,-97.0124115,33.07492,113.9437365409522,68.61956814316648,True,NEW,generation,N1
2096,5175,5370,line,T5_moderate,161.0,161.0,161.0,NORTH,474.0,829.5,355.5,1.75,HTLS Reconductor,29.108,11.8,-97.13581333333332,33.210620166666665,-97.0124115,33.07492,113.9437365409522,68.61956814316648,True,NEW,generation,N1
2099,5177,5287,line,T4_light,161.0,161.0,161.0,NORTH,360.0,504.0,144.0,1.4,Reconductor(ACSR->ACSS),40.95,0.0,-97.12502636363637,32.69967490909091,-97.12502636363637,32.69967490909091,101.28460682323255,64.24419436282024,True,NEW,generation,N1
2100,5258,5178,line,T4_light,161.0,161.0,161.0,NORTH,187.0,261.8,74.8,1.4,Reconductor(ACSR->ACSS),13.856,10.2,-96.4916,32.7563,-96.4445225,32.897791,104.36488941028081,65.89168262456336,True,NEW,generation,N1
2106,5179,8043,line,T4_light,500.0,500.0,500.0,NORTH,2768.0,3875.2,1107.2,1.4,Reconductor(ACSR->ACSS),76.971,23.7,-96.38666966666666,32.061173333333336,-96.08704033333332,31.83128633333333,104.47670506392765,67.96851021003357,True,NEW,generation,N1
2112,5183,5224,line,T4_light,161.0,161.0,161.0,NORTH,251.0,351.4,100.4,1.4,Reconductor(ACSR->ACSS),40.95,0.0,-96.88981733333333,33.00596633333333,-96.88981733333333,33.00596633333333,102.57397078353289,73.26712198823756,True,NEW,generation,N1
2114,5387,5184,line,T4_light,161.0,161.0,161.0,NORTH,251.0,351.4,100.4,1.4,Reconductor(ACSR->ACSS),40.95,0.0,-97.34008506896552,32.753233586206896,-97.34008506896552,32.753233586206896,109.15233977164183,77.96595697974418,True,NEW,generation,N1
2124,5188,5253,line,T6_heavy,161.0,161.0,161.0,NORTH,187.0,411.4,224.4,2.2,New Parallel Circuit,44.855,11.9,-96.88981733333333,33.00596633333333,-97.092488,33.0338,126.27312248211909,74.33462959477727,True,NEW,generation,N1
2134,5190,5255,line,T4_light,161.0,161.0,161.0,NORTH,251.0,351.4,100.4,1.4,Reconductor(ACSR->ACSS),29.197,21.4,-98.333604,32.587603,-97.993148,32.704456,101.55419543056472,49.88735164700862,True,NEW,generation,N1
2135,5190,5264,line,T5_moderate,161.0,161.0,161.0,NORTH,251.0,439.2,188.2,1.75,HTLS Reconductor,58.519,23.7,-98.333604,32.587603,-98.552257,32.298594,120.8361022924381,37.72174665578646,True,NEW,generation,N1
2137,5191,5407,line,T7_structural,161.0,161.0,161.0,NORTH,187.0,467.5,280.5,2.5,New Corridor/Aggressive Parallel,119.675,16.0,-97.710123,31.916215,-97.46203133333334,31.819786000000004,318.8609881963398,124.6168096779526,False,NEW,generation,N1
2138,5193,5192,transformer,T4_light,500.0,161.0,500.0,NORTH,890.0,1335.0,445.0,1.5,Transformer Replace 1.5x,20.0,0.0,-97.7609485,31.05193475,-97.7609485,31.05193475,100.86698220554638,77.7027075378178,True,NEW,generation,N1
2140,5193,5411,line,T7_structural,161.0,161.0,161.0,NORTH,223.8,559.5,335.7,2.5,New Corridor/Aggressive Parallel,224.25,0.0,-97.7609485,31.05193475,-97.7609485,31.05193475,195.97048845622217,83.68448039381194,True,NEW,generation,N1
2141,5193,6316,line,T7_structural,161.0,161.0,161.0,NORTH,187.0,467.5,280.5,2.5,New Corridor/Aggressive Parallel,174.009,23.3,-97.7609485,31.05193475,-97.72702366666664,30.716280333333337,173.06641094349607,96.87213518477668,True,NEW,generation,N1
2142,5194,5330,line,T5_moderate,161.0,161.0,161.0,NORTH,251.0,439.2,188.2,1.75,HTLS Reconductor,31.366,12.7,-96.914175,32.651936,-97.12502636363637,32.69967490909091,113.9707932895742,53.81944950827431,True,NEW,generation,N1
2143,5194,5353,line,T5_moderate,161.0,161.0,161.0,NORTH,242.0,423.5,181.5,1.75,HTLS Reconductor,74.1,0.0,-96.914175,32.651936,-96.914175,32.651936,110.75492178293615,78.0543662514016,True,NEW,generation,N1
2163,5203,5465,line,T5_moderate,161.0,161.0,161.0,NORTH,237.0,414.8,177.8,1.75,HTLS Reconductor,59.214,24.0,-96.80082027272728,32.808276409090915,-96.8232695,33.154732499999994,114.76872834628583,57.25572266510655,True,NEW,generation,N1
2165,5206,5204,transformer,T7_structural,500.0,13.8,500.0,NORTH,357.6,1072.8,715.2,3.0,Major Transformer 3x,55.0,0.0,-97.93385,33.07965,-97.93385,33.07965,253.4295191617087,84.47650638723623,True,NEW,generation,N1
2166,5207,5204,transformer,T7_structural,500.0,13.8,500.0,NORTH,397.9,1193.7,795.8,3.0,Major Transformer 3x,55.0,0.0,-97.93385,33.07965,-97.93385,33.07965,241.50226187484293,80.6316494931725,True,NEW,generation,N1
2167,5208,5204,transformer,T7_structural,500.0,13.8,500.0,NORTH,257.8,773.4,515.6,3.0,Major Transformer 3x,55.0,0.0,-97.93385,33.07965,-97.93385,33.07965,199.70665244375485,66.55617415296766,True,NEW,generation,N1
2170,12532,5204,transformer,T7_structural,500.0,13.8,500.0,NORTH,260.5,781.5,521.0,3.0,Major Transformer 3x,55.0,0.0,-97.93385,33.07965,-97.93385,33.07965,197.936660268714,65.978886756238,True,NEW,generation,N1
2171,12533,5204,transformer,T7_structural,500.0,13.8,500.0,NORTH,212.6,637.8,425.2,3.0,Major Transformer 3x,55.0,0.0,-97.93385,33.07965,-97.93385,33.07965,242.11921491018433,80.72181718407025,True,NEW,generation,N1
2172,12534,5204,transformer,T7_structural,500.0,13.8,500.0,NORTH,245.8,737.4,491.6,3.0,Major Transformer 3x,55.0,0.0,-97.93385,33.07965,-97.93385,33.07965,201.21366828611448,67.17012476267968,True,NEW,generation,N1
2176,5247,5209,line,T7_structural,161.0,161.0,161.0,NORTH,187.0,467.5,280.5,2.5,New Corridor/Aggressive Parallel,72.645,9.7,-97.575601,32.117538,-97.736712,32.083522,165.9242442009604,56.07297836418742,True,NEW,generation,N1
2198,5217,5433,line,T5_moderate,161.0,161.0,161.0,NORTH,279.0,488.2,209.2,1.75,HTLS Reconductor,25.795,10.4,-97.2168395,32.863300499999994,-97.34008506896552,32.753233586206896,112.95404676541379,55.666167215950196,True,NEW,generation,N1
2201,5219,5371,line,T5_moderate,161.0,161.0,161.0,NORTH,187.0,327.2,140.2,1.75,HTLS Reconductor,16.281,6.6,-96.428985,32.533273,-96.539931,32.552083,117.68881529824662,67.25075159899812,True,NEW,generation,N1
2217,5349,5228,line,T6_heavy,161.0,161.0,161.0,NORTH,310.0,682.0,372.0,2.2,New Parallel Circuit,57.341,15.2,-96.7651095,32.5902035,-96.80082027272728,32.808276409090915,140.88520592328578,81.03725046038385,True,NEW,generation,N1
2225,5286,5231,line,T7_structural,161.0,161.0,161.0,NORTH,187.0,467.5,280.5,2.5,New Corridor/Aggressive Parallel,257.286,34.4,-98.4123355,32.20698,-98.213739,31.738177,223.0676006473961,84.15884378866829,True,NEW,generation,N1
2227,5232,5251,line,T6_heavy,161.0,161.0,161.0,NORTH,187.0,411.4,224.4,2.2,New Parallel Circuit,25.936,6.9,-97.12502636363637,32.69967490909091,-97.010181,32.723688,129.92058567991418,92.06546468123327,True,NEW,generation,N1
2234,5235,5271,line,T6_heavy,161.0,161.0,161.0,NORTH,187.0,411.4,224.4,2.2,New Parallel Circuit,77.313,20.5,-97.59865,30.925736,-97.291628,30.789254,134.69763488133418,73.4747285760038,True,NEW,generation,N1
2237,5237,5236,transformer,T7_structural,500.0,161.0,500.0,NORTH,287.0,861.0,574.0,3.0,Major Transformer 3x,55.0,0.0,-98.81875,33.316907,-98.81875,33.316907,252.3963616676578,91.51586056714679,True,NEW,generation,N1
2257,5245,5339,line,T4_light,161.0,161.0,161.0,NORTH,187.0,261.8,74.8,1.4,Reconductor(ACSR->ACSS),6.896,5.1,-97.071545,32.925765,-97.148582,32.959922,104.27750074177669,70.11136887209412,True,NEW,generation,N1
2258,5261,5246,line,T7_structural,161.0,161.0,161.0,NORTH,251.0,627.5,376.5,2.5,New Corridor/Aggressive Parallel,224.25,0.0,-97.790381,32.253423999999995,-97.790381,32.253423999999995,446.04987646945233,190.9957267730147,False,NEW,generation,N1
2274,5253,5370,line,T5_moderate,161.0,161.0,161.0,NORTH,397.0,694.8,297.8,1.75,HTLS Reconductor,13.433,5.4,-97.092488,33.0338,-97.0124115,33.07492,119.82247168577123,74.28441332700812,True,NEW,generation,N1
2275,5370,5253,line,T5_moderate,161.0,161.0,161.0,NORTH,397.0,694.8,297.8,1.75,HTLS Reconductor,13.433,5.4,-97.0124115,33.07492,-97.092488,33.0338,119.82247168577123,74.28441332700812,True,NEW,generation,N1
2280,5257,5256,line,T5_moderate,161.0,161.0,161.0,NORTH,251.0,439.2,188.2,1.75,HTLS Reconductor,10.285,4.2,-96.85118,32.177712,-96.842324,32.237512,110.72556588603256,53.89611957099523,True,NEW,generation,N1
2281,5256,5427,line,T5_moderate,161.0,161.0,161.0,NORTH,251.0,439.2,188.2,1.75,HTLS Reconductor,22.046,8.9,-96.842324,32.237512,-96.8502335,32.366515,116.56832693709038,75.42310819261264,True,NEW,generation,N1
2282,5439,5256,line,T6_heavy,161.0,161.0,161.0,NORTH,310.0,682.0,372.0,2.2,New Parallel Circuit,33.648,8.9,-96.8502335,32.366515,-96.842324,32.237512,137.94442074993427,71.89527905880816,True,NEW,generation,N1
2285,5259,5412,line,T4_light,161.0,161.0,161.0,NORTH,324.0,453.6,129.6,1.4,Reconductor(ACSR->ACSS),8.385,6.1,-96.452481,33.068055,-96.534936,33.012135,109.77651440061081,82.63028255841756,True,NEW,generation,N1
2286,5259,5412,line,T4_light,161.0,161.0,161.0,NORTH,311.0,435.4,124.4,1.4,Reconductor(ACSR->ACSS),8.385,6.1,-96.452481,33.068055,-96.534936,33.012135,109.74040535478188,82.17389025759319,True,NEW,generation,N1
2287,5259,12728,transformer,T4_light,500.0,161.0,500.0,NORTH,600.0,900.0,300.0,1.5,Transformer Replace 1.5x,20.0,0.0,-96.452481,33.068055,-96.452481,33.068055,103.02977372279578,77.61009344226105,True,NEW,generation,N1
2288,5261,5260,transformer,T7_structural,500.0,161.0,500.0,NORTH,375.0,1125.0,750.0,3.0,Major Transformer 3x,55.0,0.0,-97.790381,32.253423999999995,-97.790381,32.253423999999995,183.48208551047847,99.50413452915888,True,NEW,generation,N1
2293,5261,5318,line,T7_structural,161.0,161.0,161.0,NORTH,216.2,540.5,324.3,2.5,New Corridor/Aggressive Parallel,89.732,12.0,-97.790381,32.253423999999995,-97.69946625,32.40925625,222.24619378639164,80.58015802721553,True,NEW,generation,N1
2294,5264,5471,line,T7_structural,161.0,161.0,161.0,NORTH,251.0,627.5,376.5,2.5,New Corridor/Aggressive Parallel,85.051,11.4,-98.552257,32.298594,-98.377389,32.371306,206.96687490887533,64.77905153314866,True,NEW,generation,N1
2302,5427,5269,line,T4_light,161.0,161.0,161.0,NORTH,310.0,434.0,124.0,1.4,Reconductor(ACSR->ACSS),17.982,13.2,-96.8502335,32.366515,-97.0540165,32.448697,106.05457636373079,70.5052814706239,True,NEW,generation,N1
2309,5271,5390,line,T7_structural,161.0,161.0,161.0,NORTH,187.0,467.5,280.5,2.5,New Corridor/Aggressive Parallel,106.156,14.2,-97.291628,30.789254,-97.2120625,30.983119,182.90129790232135,80.70903637849301,True,NEW,generation,N1
2311,5272,5352,line,T5_moderate,161.0,161.0,161.0,NORTH,234.8,410.9,176.1,1.75,HTLS Reconductor,74.1,0.0,-96.80082027272728,32.808276409090915,-96.80082027272728,32.808276409090915,118.94491010441934,66.76195732292727,True,NEW,generation,N1
2313,5273,5339,line,T5_moderate,161.0,161.0,161.0,NORTH,187.0,327.2,140.2,1.75,HTLS Reconductor,23.479,9.5,-96.984664,32.963417,-97.148582,32.959922,118.46488068237879,63.889230104490245,True,NEW,generation,N1
2315,5274,5313,line,T7_structural,161.0,161.0,161.0,NORTH,232.9,582.2,349.4,2.5,New Corridor/Aggressive Parallel,19.524,2.6,-96.674333,32.605192,-96.695516,32.63852,227.85751255977718,115.61147532452065,False,NEW,generation,N1
2317,5274,5374,line,T7_structural,161.0,161.0,161.0,NORTH,187.0,467.5,280.5,2.5,New Corridor/Aggressive Parallel,62.187,8.3,-96.674333,32.605192,-96.620085,32.716601,212.48878963814747,128.22995764717768,False,NEW,generation,N1
2324,5277,5315,line,T5_moderate,161.0,161.0,161.0,NORTH,219.0,383.2,164.2,1.75,HTLS Reconductor,27.092,11.0,-96.950551,33.176495,-97.13581333333332,33.210620166666665,112.61066510364378,63.9948425953643,True,NEW,generation,N1
2325,5277,5315,line,T5_moderate,161.0,161.0,161.0,NORTH,219.0,383.2,164.2,1.75,HTLS Reconductor,27.092,11.0,-96.950551,33.176495,-97.13581333333332,33.210620166666665,112.61066510364378,63.9948425953643,True,NEW,generation,N1
2326,5280,5278,line,T5_moderate,161.0,161.0,161.0,NORTH,251.0,439.2,188.2,1.75,HTLS Reconductor,74.1,0.0,-97.314427,31.08967366666667,-97.314427,31.08967366666667,110.98813328485048,81.00307537375035,True,NEW,generation,N1
2327,5390,5278,line,T7_structural,161.0,161.0,161.0,NORTH,342.0,855.0,513.0,2.5,New Corridor/Aggressive Parallel,71.28,9.5,-97.2120625,30.983119,-97.314427,31.08967366666667,179.32616388320443,74.90783467259457,True,NEW,generation,N1
2328,5278,5461,line,T6_heavy,161.0,161.0,161.0,NORTH,207.2,455.8,248.6,2.2,New Parallel Circuit,113.1,0.0,-97.314427,31.08967366666667,-97.314427,31.08967366666667,138.68426903380484,63.65863042461806,True,NEW,generation,N1
2330,5281,5279,transformer,T6_heavy,500.0,13.8,500.0,NORTH,486.8,973.6,486.8,2.0,Parallel Transformer 2x,40.0,0.0,-97.314427,31.08967366666667,-97.314427,31.08967366666667,148.9317995069844,74.4658997534922,True,NEW,generation,N1
2331,5282,5279,transformer,T7_structural,500.0,13.8,500.0,NORTH,471.2,1413.6,942.4,3.0,Major Transformer 3x,55.0,0.0,-97.314427,31.08967366666667,-97.314427,31.08967366666667,166.2974851443124,55.48776174306735,True,NEW,generation,N1
2332,5283,5279,transformer,T7_structural,500.0,13.8,500.0,NORTH,272.2,816.6,544.4,3.0,Major Transformer 3x,55.0,0.0,-97.314427,31.08967366666667,-97.314427,31.08967366666667,188.5676891991183,62.83666321342287,True,NEW,generation,N1
2334,12520,5279,transformer,T7_structural,500.0,13.8,500.0,NORTH,328.5,985.5,657.0,3.0,Major Transformer 3x,55.0,0.0,-97.314427,31.08967366666667,-97.314427,31.08967366666667,156.48782343987824,52.06739642829133,True,NEW,generation,N1
2335,12521,5279,transformer,T7_structural,500.0,13.8,500.0,NORTH,319.7,959.1,639.4,3.0,Major Transformer 3x,55.0,0.0,-97.314427,31.08967366666667,-97.314427,31.08967366666667,160.55090710040665,53.50059345227933,True,NEW,generation,N1
2336,12522,5279,transformer,T7_structural,500.0,13.8,500.0,NORTH,340.2,1020.6,680.4,3.0,Major Transformer 3x,55.0,0.0,-97.314427,31.08967366666667,-97.314427,31.08967366666667,150.99114491475603,50.276718773350105,True,NEW,generation,N1
2340,5285,13237,line,T4_light,161.0,161.0,161.0,NORTH,195.2,273.3,78.1,1.4,Reconductor(ACSR->ACSS),52.134,38.2,-97.857678,33.315883,-97.234707,33.503328,102.31713892547967,87.31818692714727,True,NEW,generation,N1
2341,5286,13018,line,T7_structural,161.0,161.0,161.0,NORTH,253.1,632.8,379.6,2.5,New Corridor/Aggressive Parallel,98.816,13.2,-98.4123355,32.20698,-98.187624,32.1858615,194.91379176917576,87.71642094863665,True,NEW,generation,N1
2347,5291,5312,line,T4_light,161.0,161.0,161.0,NORTH,375.8,526.1,150.3,1.4,Reconductor(ACSR->ACSS),22.342,16.4,-97.34008506896552,32.753233586206896,-97.561179,32.900196,104.10750311922885,83.84843324992838,True,NEW,generation,N1
2351,5292,5312,line,T4_light,161.0,161.0,161.0,NORTH,187.0,261.8,74.8,1.4,Reconductor(ACSR->ACSS),22.342,16.4,-97.34008506896552,32.753233586206896,-97.561179,32.900196,109.93976702219258,86.8881194265601,True,NEW,generation,N1
2362,5307,5341,line,T4_light,161.0,161.0,161.0,NORTH,310.0,434.0,124.0,1.4,Reconductor(ACSR->ACSS),7.917,5.8,-96.912391,33.070292,-97.0124115,33.07492,102.20713509620451,72.28085066082238,True,NEW,generation,N1
2363,5307,5341,line,T4_light,161.0,161.0,161.0,NORTH,310.0,434.0,124.0,1.4,Reconductor(ACSR->ACSS),7.917,5.8,-96.912391,33.070292,-97.0124115,33.07492,102.20713509620451,72.28085066082238,True,NEW,generation,N1
2366,5308,12536,transformer,T4_light,500.0,161.0,500.0,NORTH,800.0,1200.0,400.0,1.5,Transformer Replace 1.5x,20.0,0.0,-96.5458,32.8358,-96.5458,32.8358,102.32017238916464,82.97677850325763,True,NEW,generation,N1
2383,5318,5402,line,T7_structural,161.0,161.0,161.0,NORTH,326.0,815.0,489.0,2.5,New Corridor/Aggressive Parallel,224.25,0.0,-97.69946625,32.40925625,-97.69946625,32.40925625,281.92193439754396,98.54724004227147,True,NEW,generation,N1
2394,5376,5323,line,T6_heavy,161.0,161.0,161.0,NORTH,349.0,767.8,418.8,2.2,New Parallel Circuit,113.1,0.0,-96.80082027272728,32.808276409090915,-96.80082027272728,32.808276409090915,145.95661460804303,67.50561977600199,True,NEW,generation,N1
2395,5376,5323,line,T6_heavy,161.0,161.0,161.0,NORTH,349.0,767.8,418.8,2.2,New Parallel Circuit,113.1,0.0,-96.80082027272728,32.808276409090915,-96.80082027272728,32.808276409090915,145.95661460804303,67.50561977600199,True,NEW,generation,N1
2399,5446,5328,line,T5_moderate,161.0,161.0,161.0,NORTH,187.0,327.2,140.2,1.75,HTLS Reconductor,38.615,15.6,-97.195339,31.453501,-96.93121275,31.43308425,114.10905043018441,61.5248433325654,True,NEW,generation,N1
2406,5429,5332,line,T4_light,161.0,161.0,161.0,NORTH,187.0,261.8,74.8,1.4,Reconductor(ACSR->ACSS),40.95,0.0,-97.34008506896552,32.753233586206896,-97.34008506896552,32.753233586206896,109.33753120476506,81.04317613276702,True,NEW,generation,N1
2408,5427,5333,line,T6_heavy,161.0,161.0,161.0,NORTH,310.0,682.0,372.0,2.2,New Parallel Circuit,41.528,11.0,-96.8502335,32.366515,-96.807315,32.521773,141.27489296642773,72.04388808193058,True,NEW,generation,N1
2409,5427,5333,line,T6_heavy,161.0,161.0,161.0,NORTH,310.0,682.0,372.0,2.2,New Parallel Circuit,41.528,11.0,-96.8502335,32.366515,-96.807315,32.521773,141.27489296642773,72.04388808193058,True,NEW,generation,N1
2442,5349,5462,line,T7_structural,161.0,161.0,161.0,NORTH,251.0,627.5,376.5,2.5,New Corridor/Aggressive Parallel,113.694,15.2,-96.7651095,32.5902035,-96.80082027272728,32.808276409090915,169.25498007968116,67.70199203187241,True,NEW,generation,N1
2465,5373,5433,line,T4_light,161.0,161.0,161.0,NORTH,251.0,351.4,100.4,1.4,Reconductor(ACSR->ACSS),7.461,5.5,-97.267376,32.803436,-97.34008506896552,32.753233586206896,109.15233977164183,77.96595697974406,True,NEW,generation,N1
2478,5381,5439,line,T5_moderate,161.0,161.0,161.0,NORTH,310.0,542.5,232.5,1.75,HTLS Reconductor,26.484,10.7,-96.675,32.32,-96.8502335,32.366515,116.71141309361647,66.55461286936223,True,NEW,generation,N1
2479,5381,5439,line,T5_moderate,161.0,161.0,161.0,NORTH,310.0,542.5,232.5,1.75,HTLS Reconductor,26.484,10.7,-96.675,32.32,-96.8502335,32.366515,116.71141309361647,66.55461286936223,True,NEW,generation,N1
2480,5385,5384,transformer,T5_moderate,500.0,161.0,500.0,NORTH,1538.0,2691.5,1153.5,1.75,Transformer Replace 1.75x,27.5,0.0,-96.80082027272728,32.808276409090915,-96.80082027272728,32.808276409090915,119.7678654792927,73.75960468300556,True,NEW,generation,N1
2481,5385,5384,transformer,T5_moderate,500.0,161.0,500.0,NORTH,1538.0,2691.5,1153.5,1.75,Transformer Replace 1.75x,27.5,0.0,-96.80082027272728,32.808276409090915,-96.80082027272728,32.808276409090915,119.7678654792927,73.75960468300556,True,NEW,generation,N1
2491,12588,5390,transformer,T7_structural,161.0,20.0,161.0,NORTH,452.4,1357.2,904.8,3.0,Major Transformer 3x,16.0,0.0,-97.2120625,30.983119,-97.2120625,30.983119,159.0475795755968,53.012900913226986,True,NEW,generation,N1
2493,5459,5391,line,T7_structural,115.0,115.0,115.0,NORTH,98.0,245.0,147.0,2.5,New Corridor/Aggressive Parallel,74.166,12.0,-97.378809,30.884326,-97.2120625,30.983119,190.7454054895707,84.96078571205298,True,NEW,generation,N1
2513,5402,12600,line,T7_structural,161.0,161.0,161.0,NORTH,219.1,547.8,328.6,2.5,New Corridor/Aggressive Parallel,224.25,0.0,-97.69946625,32.40925625,-97.69946625,32.40925625,212.3457456505649,102.50302541936357,False,NEW,generation,N1
2514,5407,5470,line,T4_light,161.0,161.0,161.0,NORTH,187.0,261.8,74.8,1.4,Reconductor(ACSR->ACSS),31.789,23.3,-97.46203133333334,31.819786000000004,-97.260442,31.529664,103.22151317699684,42.629699397621906,True,NEW,generation,N1
2522,6316,5411,line,T6_heavy,161.0,161.0,161.0,SOUTH,187.0,411.4,224.4,2.2,New Parallel Circuit,87.761,23.3,-97.72702366666664,30.716280333333337,-97.7609485,31.05193475,147.94481068345706,101.5064133113637,False,NEW,generation,N1
2523,5414,5413,transformer,T7_structural,500.0,161.0,500.0,NORTH,315.0,945.0,630.0,3.0,Major Transformer 3x,55.0,0.0,-98.2935895,32.711098,-98.2935895,32.711098,196.82528440211533,91.17933383888483,True,NEW,generation,N1
2529,5414,5471,line,T7_structural,161.0,161.0,161.0,NORTH,187.0,467.5,280.5,2.5,New Corridor/Aggressive Parallel,179.248,24.0,-98.2935895,32.711098,-98.377389,32.371306,331.55061276292156,184.30902775988474,False,NEW,generation,N1
2533,5435,5471,line,T7_structural,161.0,161.0,161.0,NORTH,187.0,467.5,280.5,2.5,New Corridor/Aggressive Parallel,148.19,19.8,-98.17276,32.600503,-98.377389,32.371306,1028.9395703283174,411.5827201231463,False,NEW,generation,N1
2544,5449,5448,transformer,T6_heavy,500.0,161.0,500.0,NORTH,1267.0,2534.0,1267.0,2.0,Parallel Transformer 2x,40.0,0.0,-97.010181,32.723688,-97.010181,32.723688,130.05478664608654,76.91336990439038,True,NEW,generation,N1
2548,5453,12863,transformer,T5_moderate,500.0,161.0,500.0,NORTH,600.0,1050.0,450.0,1.75,Transformer Replace 1.75x,27.5,0.0,-97.458078,32.3380315,-97.458078,32.3380315,114.09444965423546,64.61861462571983,True,NEW,generation,N1
2552,5459,5458,transformer,T4_light,161.0,115.0,161.0,NORTH,91.0,136.5,45.5,1.5,Transformer Replace 1.5x,4.5,0.0,-97.378809,30.884326,-97.378809,30.884326,108.79344595410373,72.08767705906587,True,NEW,generation,N1
2553,6140,5459,line,T5_moderate,115.0,115.0,115.0,SOUTH,149.0,260.8,111.8,1.75,HTLS Reconductor,16.822,8.6,-97.502485,30.818633,-97.378809,30.884326,124.27064326005001,72.63029078934346,True,NEW,generation,N1
2660,6024,6256,line,T4_light,115.0,115.0,115.0,SOUTH,124.0,173.6,49.6,1.4,Reconductor(ACSR->ACSS),33.15,0.0,-97.77508287179488,30.30416587179487,-97.77508287179488,30.30416587179487,107.77736799854284,79.63082563261068,True,NEW,generation,N1
2671,6027,6116,line,T5_moderate,115.0,115.0,115.0,SOUTH,130.0,227.5,97.5,1.75,HTLS Reconductor,0.221,0.1,-97.35518,30.41432,-97.35701,30.41477,117.98822690648281,66.74929464109802,True,NEW,generation,N1
2672,6027,6116,line,T5_moderate,115.0,115.0,115.0,SOUTH,130.0,227.5,97.5,1.75,HTLS Reconductor,0.221,0.1,-97.35518,30.41432,-97.35701,30.41477,117.98822690648281,66.74929464109802,True,NEW,generation,N1
2688,6032,6207,line,T4_light,115.0,115.0,115.0,SOUTH,149.0,208.6,59.6,1.4,Reconductor(ACSR->ACSS),18.863,17.1,-97.77508287179488,30.30416587179487,-97.9398515,30.5062735,104.8272411571061,74.87660082650436,True,NEW,generation,N1
2694,6035,6034,transformer,T4_light,230.0,115.0,230.0,SOUTH,540.0,810.0,270.0,1.5,Transformer Replace 1.5x,8.0,0.0,-97.57405,30.41217,-97.57405,30.41217,105.03410897460985,80.123856037937,True,NEW,generation,N1
2695,6035,6034,transformer,T4_light,230.0,115.0,230.0,SOUTH,540.0,810.0,270.0,1.5,Transformer Replace 1.5x,8.0,0.0,-97.57405,30.41217,-97.57405,30.41217,105.03410897460985,80.123856037937,True,NEW,generation,N1
2717,6094,6037,line,T4_light,115.0,115.0,115.0,SOUTH,251.0,351.4,100.4,1.4,Reconductor(ACSR->ACSS),33.15,0.0,-98.5093816037736,29.474642000000003,-98.5093816037736,29.474642000000003,106.13123627967478,74.25898970368365,True,NEW,generation,N1
2718,6094,6037,line,T4_light,115.0,115.0,115.0,SOUTH,251.0,351.4,100.4,1.4,Reconductor(ACSR->ACSS),33.15,0.0,-98.5093816037736,29.474642000000003,-98.5093816037736,29.474642000000003,106.13123627967478,74.25898970368365,True,NEW,generation,N1
2731,6039,6350,line,T4_light,230.0,230.0,230.0,SOUTH,454.0,635.6,181.6,1.4,Reconductor(ACSR->ACSS),52.65,0.0,-97.77508287179488,30.30416587179487,-97.77508287179488,30.30416587179487,103.06312223236952,65.8544707969484,True,NEW,generation,N1
2741,6044,6275,line,T6_heavy,115.0,115.0,115.0,SOUTH,204.4,449.7,245.3,2.2,New Parallel Circuit,89.7,0.0,-98.5093816037736,29.474642000000003,-98.5093816037736,29.474642000000003,130.75613892917758,105.84742138227044,False,NEW,generation,N1
2742,6044,6275,line,T6_heavy,115.0,115.0,115.0,SOUTH,204.4,449.7,245.3,2.2,New Parallel Circuit,89.7,0.0,-98.5093816037736,29.474642000000003,-98.5093816037736,29.474642000000003,130.75613892917758,105.84742138227044,False,NEW,generation,N1
2766,6058,6057,transformer,T4_light,230.0,115.0,230.0,SOUTH,328.0,492.0,164.0,1.5,Transformer Replace 1.5x,8.0,0.0,-98.08352933333332,29.745433666666667,-98.08352933333332,29.745433666666667,100.53367257811988,74.84972562968277,True,NEW,generation,N1
2767,6058,6057,transformer,T4_light,230.0,115.0,230.0,SOUTH,328.0,492.0,164.0,1.5,Transformer Replace 1.5x,8.0,0.0,-98.08352933333332,29.745433666666667,-98.08352933333332,29.745433666666667,100.53367257811988,74.84972562968277,True,NEW,generation,N1
2782,6061,6224,line,T5_moderate,115.0,115.0,115.0,SOUTH,98.0,171.5,73.5,1.75,HTLS Reconductor,58.5,0.0,-97.77508287179488,30.30416587179487,-97.77508287179488,30.30416587179487,112.9777010983058,64.21869827706944,True,NEW,generation,N1
2836,6084,6353,line,T6_heavy,115.0,115.0,115.0,SOUTH,163.8,360.4,196.6,2.2,New Parallel Circuit,89.7,0.0,-97.677175,30.5341255,-97.677175,30.5341255,131.98673772482948,68.62785689471636,True,NEW,generation,N1
2847,6116,6095,line,T6_heavy,115.0,115.0,115.0,SOUTH,98.0,215.6,117.6,2.2,New Parallel Circuit,45.102,15.1,-97.35701,30.41477,-97.546124,30.560042,133.82621206369924,64.10435148069038,True,NEW,generation,N1
2850,6095,6353,line,T6_heavy,115.0,115.0,115.0,SOUTH,128.1,281.8,153.7,2.2,New Parallel Circuit,23.923,8.0,-97.546124,30.560042,-97.677175,30.5341255,149.27238228205277,97.74222367920177,True,NEW,generation,N1
2883,6108,6107,transformer,T5_moderate,500.0,230.0,500.0,SOUTH,380.0,665.0,285.0,1.75,Transformer Replace 1.75x,27.5,0.0,-96.947291,30.633128,-96.947291,30.633128,114.85215501624876,85.93775971631784,True,NEW,generation,N1
2885,6109,6108,transformer,T7_structural,230.0,115.0,230.0,SOUTH,137.0,411.0,274.0,3.0,Major Transformer 3x,25.0,0.0,-96.947291,30.633128,-96.947291,30.633128,288.31326034063267,96.1044201135442,True,NEW,generation,N1
2887,6338,6109,line,T7_structural,115.0,115.0,115.0,SOUTH,98.0,245.0,147.0,2.5,New Corridor/Aggressive Parallel,185.25,0.0,-96.947291,30.633128,-96.947291,30.633128,212.0505952380952,84.8202380952382,True,NEW,generation,N1
2912,6290,6120,line,T4_light,115.0,115.0,115.0,SOUTH,221.0,309.4,88.4,1.4,Reconductor(ACSR->ACSS),15.592,14.1,-97.77508287179488,30.30416587179487,-97.8242,30.503949,102.90210879810785,69.93523734959568,True,NEW,generation,N1
2913,6290,6120,line,T4_light,115.0,115.0,115.0,SOUTH,221.0,309.4,88.4,1.4,Reconductor(ACSR->ACSS),15.592,14.1,-97.77508287179488,30.30416587179487,-97.8242,30.503949,102.90210879810785,69.93523734959568,True,NEW,generation,N1
2924,6180,6125,line,T5_moderate,115.0,115.0,115.0,SOUTH,149.0,260.8,111.8,1.75,HTLS Reconductor,9.658,5.0,-98.10703,29.350393,-98.057016,29.293499,121.80596810173478,69.74203634390315,True,NEW,generation,N1
2925,6125,6322,line,T5_moderate,115.0,115.0,115.0,SOUTH,149.0,260.8,111.8,1.75,HTLS Reconductor,29.776,15.3,-98.057016,29.293499,-98.080406,29.073446,124.07009178580977,71.03582130623165,True,NEW,generation,N1
2932,6127,6237,line,T7_structural,115.0,115.0,115.0,SOUTH,220.0,550.0,330.0,2.5,New Corridor/Aggressive Parallel,67.971,11.0,-96.907601,30.891129,-97.0630125,30.978365,151.58100998440344,73.16325734260083,True,NEW,generation,N1
2933,6338,6127,line,T7_structural,115.0,115.0,115.0,SOUTH,220.0,550.0,330.0,2.5,New Corridor/Aggressive Parallel,111.035,18.0,-96.947291,30.633128,-96.907601,30.891129,179.54053030303038,71.82182569387916,True,NEW,generation,N1
2934,6127,8102,line,T7_structural,115.0,115.0,115.0,SOUTH,98.0,245.0,147.0,2.5,New Corridor/Aggressive Parallel,125.578,20.3,-96.907601,30.891129,-96.66368,31.09828,309.27718903918077,147.22186503604757,False,NEW,generation,N1
2948,6134,6140,line,T6_heavy,115.0,115.0,115.0,SOUTH,246.0,541.2,295.2,2.2,New Parallel Circuit,27.26,9.1,-97.413885,30.710857,-97.502485,30.818633,144.92625567590892,66.8123929141678,True,NEW,generation,N1
2953,6137,6207,line,T4_light,115.0,115.0,115.0,SOUTH,111.6,156.2,44.6,1.4,Reconductor(ACSR->ACSS),18.863,17.1,-97.77508287179488,30.30416587179487,-97.9398515,30.5062735,103.75074725519376,81.35954576774367,True,NEW,generation,N1
2954,6137,6217,line,T5_moderate,115.0,115.0,115.0,SOUTH,137.0,239.8,102.8,1.75,HTLS Reconductor,58.5,0.0,-97.77508287179488,30.30416587179487,-97.77508287179488,30.30416587179487,114.00918928765515,65.14810816437466,True,NEW,generation,N1
2995,6153,13418,line,T5_moderate,115.0,115.0,115.0,SOUTH,119.3,208.8,89.5,1.75,HTLS Reconductor,58.5,0.0,-98.5093816037736,29.474642000000003,-98.5093816037736,29.474642000000003,122.76696242942401,58.97353596694935,True,NEW,generation,N1
3038,7020,6173,line,T6_heavy,115.0,115.0,115.0,HOUSTON,120.0,264.0,144.0,2.2,New Parallel Circuit,53.813,18.0,-97.135,28.8947,-97.2968245,29.1133745,128.07231597967845,73.11748192878095,True,NEW,generation,N1
3042,6174,6312,line,T4_light,115.0,115.0,115.0,SOUTH,171.6,240.2,68.6,1.4,Reconductor(ACSR->ACSS),33.15,0.0,-98.5093816037736,29.474642000000003,-98.5093816037736,29.474642000000003,100.04796405945224,66.58738145037351,True,NEW,generation,N1
3043,6174,6312,line,T4_light,115.0,115.0,115.0,SOUTH,171.6,240.2,68.6,1.4,Reconductor(ACSR->ACSS),33.15,0.0,-98.5093816037736,29.474642000000003,-98.5093816037736,29.474642000000003,100.04796405945224,66.58738145037351,True,NEW,generation,N1
3050,6178,6177,transformer,T4_light,230.0,115.0,230.0,SOUTH,172.8,259.2,86.4,1.5,Transformer Replace 1.5x,8.0,0.0,-98.5093816037736,29.474642000000003,-98.5093816037736,29.474642000000003,101.1374117621794,78.32999503102577,True,NEW,generation,N1
3051,6178,6177,transformer,T4_light,230.0,115.0,230.0,SOUTH,172.8,259.2,86.4,1.5,Transformer Replace 1.5x,8.0,0.0,-98.5093816037736,29.474642000000003,-98.5093816037736,29.474642000000003,101.1374117621794,78.32999503102577,True,NEW,generation,N1
3102,6200,6275,line,T5_moderate,115.0,115.0,115.0,SOUTH,109.0,190.8,81.8,1.75,HTLS Reconductor,58.5,0.0,-98.5093816037736,29.474642000000003,-98.5093816037736,29.474642000000003,114.12956499978159,83.4591698819782,True,NEW,generation,N1
3114,6207,6282,line,T4_light,115.0,115.0,115.0,SOUTH,165.0,231.0,66.0,1.4,Reconductor(ACSR->ACSS),12.774,11.6,-97.9398515,30.5062735,-98.112655,30.430044,105.7261058597696,71.14753563075399,True,NEW,generation,N1
3133,6220,6250,line,T4_light,115.0,115.0,115.0,SOUTH,160.0,224.0,64.0,1.4,Reconductor(ACSR->ACSS),33.15,0.0,-98.5093816037736,29.474642000000003,-98.5093816037736,29.474642000000003,106.67578495260034,83.15782649262583,True,NEW,generation,N1
3134,6221,6322,line,T4_light,115.0,115.0,115.0,SOUTH,98.0,137.2,39.2,1.4,Reconductor(ACSR->ACSS),19.042,17.2,-98.240425,28.867033,-98.080406,29.073446,109.94092300512881,77.95521732956767,True,NEW,generation,N1
3155,6229,6299,line,T6_heavy,230.0,230.0,230.0,SOUTH,457.2,1005.8,548.6,2.2,New Parallel Circuit,55.369,11.7,-97.966164,29.880162,-98.08352933333332,29.745433666666667,140.67654679403395,77.97397337773586,True,NEW,generation,N1
3157,6232,6294,line,T4_light,115.0,115.0,115.0,SOUTH,221.0,309.4,88.4,1.4,Reconductor(ACSR->ACSS),6.078,5.5,-97.607312,30.150985,-97.522552,30.119949,107.1347210498141,75.18732514006803,True,NEW,generation,N1
3158,6232,6294,line,T4_light,115.0,115.0,115.0,SOUTH,221.0,309.4,88.4,1.4,Reconductor(ACSR->ACSS),6.078,5.5,-97.607312,30.150985,-97.522552,30.119949,107.1347210498141,75.18732514006803,True,NEW,generation,N1
3176,6241,6324,line,T5_moderate,115.0,115.0,115.0,SOUTH,310.0,542.5,232.5,1.75,HTLS Reconductor,31.727,16.3,-98.35335,29.282378,-98.5093816037736,29.474642000000003,113.9897084638445,66.88925411839705,True,NEW,generation,N1
3177,6241,6324,line,T5_moderate,115.0,115.0,115.0,SOUTH,310.0,542.5,232.5,1.75,HTLS Reconductor,31.727,16.3,-98.35335,29.282378,-98.5093816037736,29.474642000000003,113.9897084638445,66.88925411839705,True,NEW,generation,N1
3178,6241,13126,line,T4_light,115.0,115.0,115.0,SOUTH,109.0,152.6,43.6,1.4,Reconductor(ACSR->ACSS),33.15,0.0,-98.35335,29.282378,-98.35335,29.282378,106.25346276038076,67.34014313974093,True,NEW,generation,N1
3180,6255,6254,transformer,T4_light,500.0,230.0,500.0,SOUTH,1526.0,2289.0,763.0,1.5,Transformer Replace 1.5x,20.0,0.0,-97.77508287179488,30.30416587179487,-97.77508287179488,30.30416587179487,101.53286649900147,73.52021211914376,True,NEW,generation,N1
3192,6262,6319,line,T6_heavy,115.0,115.0,115.0,SOUTH,98.0,215.6,117.6,2.2,New Parallel Circuit,27.252,9.1,-97.875708,30.748955,-97.72702366666664,30.716280333333337,133.96106822221626,109.30965477212412,False,NEW,generation,N1
3194,6264,6263,transformer,T4_light,230.0,115.0,230.0,SOUTH,292.0,438.0,146.0,1.5,Transformer Replace 1.5x,8.0,0.0,-97.894958,28.733411,-97.894958,28.733411,107.64930074116626,75.38506009083302,True,NEW,generation,N1
3198,6275,6324,line,T6_heavy,115.0,115.0,115.0,SOUTH,221.0,486.2,265.2,2.2,New Parallel Circuit,89.7,0.0,-98.5093816037736,29.474642000000003,-98.5093816037736,29.474642000000003,129.55705240912593,102.26565952692924,False,NEW,generation,N1
3199,6275,6324,line,T6_heavy,115.0,115.0,115.0,SOUTH,221.0,486.2,265.2,2.2,New Parallel Circuit,89.7,0.0,-98.5093816037736,29.474642000000003,-98.5093816037736,29.474642000000003,129.55705240912593,102.26565952692924,False,NEW,generation,N1
3206,6284,13126,line,T6_heavy,115.0,115.0,115.0,SOUTH,139.1,306.0,166.9,2.2,New Parallel Circuit,48.649,16.3,-98.5093816037736,29.474642000000003,-98.35335,29.282378,129.37795657154956,70.62547467219784,True,NEW,generation,N1
3208,6284,13418,line,T4_light,115.0,115.0,115.0,SOUTH,140.2,196.3,56.1,1.4,Reconductor(ACSR->ACSS),33.15,0.0,-98.5093816037736,29.474642000000003,-98.5093816037736,29.474642000000003,102.31887076008583,61.194248187454484,True,NEW,generation,N1
3241,6316,6315,transformer,T4_light,230.0,161.0,230.0,SOUTH,251.0,376.5,125.5,1.5,Transformer Replace 1.5x,8.0,0.0,-97.72702366666664,30.716280333333337,-97.72702366666664,30.716280333333337,102.7838812138825,92.59355913597831,True,NEW,generation,N1
3243,6319,6316,transformer,T6_heavy,161.0,115.0,161.0,SOUTH,163.0,326.0,163.0,2.0,Parallel Transformer 2x,11.0,0.0,-97.72702366666664,30.716280333333337,-97.72702366666664,30.716280333333337,127.45512077163917,95.7489618676993,True,NEW,generation,N1
3244,6324,6320,line,T6_heavy,115.0,115.0,115.0,SOUTH,250.0,550.0,300.0,2.2,New Parallel Circuit,89.7,0.0,-98.5093816037736,29.474642000000003,-98.5093816037736,29.474642000000003,133.42160336450448,94.81269814902132,True,NEW,generation,N1
3246,6322,6321,transformer,T4_light,230.0,115.0,230.0,SOUTH,249.0,373.5,124.5,1.5,Transformer Replace 1.5x,8.0,0.0,-98.080406,29.073446,-98.080406,29.073446,108.56474544496037,74.78928110510508,True,NEW,generation,N1
3247,6324,12523,transformer,T5_moderate,500.0,115.0,500.0,SOUTH,1080.0,1890.0,810.0,1.75,Transformer Replace 1.75x,27.5,0.0,-98.5093816037736,29.474642000000003,-98.5093816037736,29.474642000000003,120.44675329872689,92.50380780626901,True,NEW,generation,N1
3248,6324,12523,transformer,T5_moderate,500.0,115.0,500.0,SOUTH,1080.0,1890.0,810.0,1.75,Transformer Replace 1.75x,27.5,0.0,-98.5093816037736,29.474642000000003,-98.5093816037736,29.474642000000003,120.44675329872689,92.50380780626901,True,NEW,generation,N1
3249,6324,13126,line,T5_moderate,115.0,115.0,115.0,SOUTH,223.1,390.4,167.3,1.75,HTLS Reconductor,31.727,16.3,-98.5093816037736,29.474642000000003,-98.35335,29.282378,115.22022876648003,57.63149879750968,True,NEW,generation,N1
3250,6324,13126,line,T5_moderate,115.0,115.0,115.0,SOUTH,223.1,390.4,167.3,1.75,HTLS Reconductor,31.727,16.3,-98.5093816037736,29.474642000000003,-98.35335,29.282378,115.22022876648003,57.63149879750968,True,NEW,generation,N1
3257,6344,6343,transformer,T5_moderate,230.0,115.0,230.0,SOUTH,400.0,700.0,300.0,1.75,Transformer Replace 1.75x,11.5,0.0,-97.677175,30.5341255,-97.677175,30.5341255,121.60409318222074,80.12359442035088,True,NEW,generation,N1
3258,6344,6343,transformer,T5_moderate,230.0,115.0,230.0,SOUTH,400.0,700.0,300.0,1.75,Transformer Replace 1.75x,11.5,0.0,-97.677175,30.5341255,-97.677175,30.5341255,121.60409318222074,80.12359442035088,True,NEW,generation,N1
3264,6344,6353,line,T7_structural,115.0,115.0,115.0,SOUTH,107.3,268.2,160.9,2.5,New Corridor/Aggressive Parallel,185.25,0.0,-97.677175,30.5341255,-97.677175,30.5341255,157.04883099212645,105.98019775707186,False,NEW,generation,N1
3266,6351,6350,transformer,T4_light,230.0,115.0,230.0,SOUTH,191.0,286.5,95.5,1.5,Transformer Replace 1.5x,8.0,0.0,-97.77508287179488,30.30416587179487,-97.77508287179488,30.30416587179487,100.44244285704795,82.69382189914306,True,NEW,generation,N1
3267,6351,6350,transformer,T4_light,230.0,115.0,230.0,SOUTH,191.0,286.5,95.5,1.5,Transformer Replace 1.5x,8.0,0.0,-97.77508287179488,30.30416587179487,-97.77508287179488,30.30416587179487,100.44244285704795,82.69382189914306,True,NEW,generation,N1
3269,6355,6354,transformer,T5_moderate,230.0,115.0,230.0,SOUTH,193.8,339.2,145.4,1.75,Transformer Replace 1.75x,11.5,0.0,-97.677175,30.5341255,-97.677175,30.5341255,110.20827771318797,71.41128714595459,True,NEW,generation,N1
3270,6355,6354,transformer,T5_moderate,230.0,115.0,230.0,SOUTH,193.8,339.2,145.4,1.75,Transformer Replace 1.75x,11.5,0.0,-97.677175,30.5341255,-97.677175,30.5341255,110.20827771318797,71.41128714595459,True,NEW,generation,N1
3305,7010,7182,line,T7_structural,115.0,115.0,115.0,HOUSTON,98.0,245.0,147.0,2.5,New Corridor/Aggressive Parallel,125.756,20.4,-95.990493,30.086834,-96.012215,29.792687,166.64138115770425,82.05808461764502,True,NEW,generation,N1
3307,7233,7010,line,T4_light,115.0,115.0,115.0,HOUSTON,220.0,308.0,88.0,1.4,Reconductor(ACSR->ACSS),3.886,3.5,-95.932264,30.079593,-95.990493,30.086834,100.60041827037287,77.47658304089597,True,NEW,generation,N1
3362,7026,7259,line,T4_light,115.0,115.0,115.0,HOUSTON,221.0,309.4,88.4,1.4,Reconductor(ACSR->ACSS),35.696,32.3,-94.98483,29.49233,-95.41128715217393,29.77727818478261,109.70277459342189,79.18947255780402,True,NEW,generation,N1
3381,7031,7029,transformer,T6_heavy,230.0,13.8,230.0,HOUSTON,47.7,95.4,47.7,2.0,Parallel Transformer 2x,17.0,0.0,-96.70457766666668,28.589903333333336,-96.70457766666668,28.589903333333336,126.8595306867094,63.466325995807125,True,NEW,generation,N1
3382,7032,7029,transformer,T5_moderate,230.0,13.8,230.0,HOUSTON,50.4,88.2,37.8,1.75,Transformer Replace 1.75x,11.5,0.0,-96.70457766666668,28.589903333333336,-96.70457766666668,28.589903333333336,120.1326884920635,68.60770537138366,True,NEW,generation,N1
3383,7033,7029,transformer,T4_light,230.0,13.8,230.0,HOUSTON,59.1,88.7,29.6,1.5,Transformer Replace 1.5x,8.0,0.0,-96.70457766666668,28.589903333333336,-96.70457766666668,28.589903333333336,102.44818104906938,68.29878736604624,True,NEW,generation,N1
3384,7034,7029,transformer,T4_light,230.0,13.8,230.0,HOUSTON,28.3,42.5,14.2,1.5,Transformer Replace 1.5x,8.0,0.0,-96.70457766666668,28.589903333333336,-96.70457766666668,28.589903333333336,106.97327738515901,71.27443596885793,True,NEW,generation,N1
3436,7049,7229,line,T5_moderate,115.0,115.0,115.0,HOUSTON,171.0,299.2,128.2,1.75,HTLS Reconductor,43.67,22.4,-95.7842315,29.79427175,-95.41128715217393,29.77727818478261,114.86905714766463,60.465790889104035,True,NEW,generation,N1
3443,7050,7251,line,T5_moderate,115.0,115.0,115.0,HOUSTON,132.5,231.9,99.4,1.75,HTLS Reconductor,24.491,12.6,-95.698237,30.1865575,-95.833733,30.047619,112.43343667506434,63.96200855204083,True,NEW,generation,N1
3466,7053,7348,line,T4_light,115.0,115.0,115.0,HOUSTON,253.0,354.2,101.2,1.4,Reconductor(ACSR->ACSS),6.687,6.1,-95.733244,29.47971475,-95.6326335,29.479039,106.84403501040663,76.66485019273024,True,NEW,generation,N1
3502,7129,7060,line,T4_light,115.0,115.0,115.0,HOUSTON,172.0,240.8,68.8,1.4,Reconductor(ACSR->ACSS),14.458,13.1,-96.556418,28.852327,-96.542544,28.663349333333333,103.21564825240658,73.5240958601967,True,NEW,generation,N1
3503,7060,7408,line,T4_light,115.0,115.0,115.0,HOUSTON,113.5,158.9,45.4,1.4,Reconductor(ACSR->ACSS),33.15,0.0,-96.542544,28.663349333333333,-96.542544,28.663349333333333,107.78124734762734,77.10217885918313,True,NEW,generation,N1
3504,7060,13122,line,T7_structural,115.0,115.0,115.0,HOUSTON,216.0,540.0,324.0,2.5,New Corridor/Aggressive Parallel,68.295,11.1,-96.542544,28.663349333333333,-96.70457766666668,28.589903333333336,183.31025990436885,73.32410396174754,True,NEW,generation,N1
3516,7070,7257,line,T4_light,115.0,115.0,115.0,HOUSTON,98.0,137.2,39.2,1.4,Reconductor(ACSR->ACSS),18.247,16.5,-95.41128715217393,29.77727818478261,-95.3149035,29.5534395,106.360733015162,76.4756910476801,True,NEW,generation,N1
3529,7074,7073,transformer,T4_light,230.0,115.0,230.0,HOUSTON,185.0,277.5,92.5,1.5,Transformer Replace 1.5x,8.0,0.0,-94.84457,29.28062966666667,-94.84457,29.28062966666667,102.5406713217916,71.83682744810413,True,NEW,generation,N1
3603,7090,7421,line,T4_light,115.0,115.0,115.0,HOUSTON,221.0,309.4,88.4,1.4,Reconductor(ACSR->ACSS),2.763,2.5,-95.669154,30.160534,-95.698237,30.1865575,105.56606698112944,75.18377141293414,True,NEW,generation,N1
3604,7090,7421,line,T4_light,115.0,115.0,115.0,HOUSTON,221.0,309.4,88.4,1.4,Reconductor(ACSR->ACSS),2.763,2.5,-95.669154,30.160534,-95.698237,30.1865575,105.56606698112944,75.18377141293414,True,NEW,generation,N1
3805,7155,7316,line,T4_light,115.0,115.0,115.0,HOUSTON,149.0,208.6,59.6,1.4,Reconductor(ACSR->ACSS),33.15,0.0,-95.41128715217393,29.77727818478261,-95.41128715217393,29.77727818478261,105.05013917186777,75.38614779642056,True,NEW,generation,N1
3855,7174,7257,line,T4_light,115.0,115.0,115.0,HOUSTON,98.0,137.2,39.2,1.4,Reconductor(ACSR->ACSS),18.247,16.5,-95.41128715217393,29.77727818478261,-95.3149035,29.5534395,100.43684653830316,72.19647480450007,True,NEW,generation,N1
3952,7213,7273,line,T5_moderate,115.0,115.0,115.0,HOUSTON,98.0,171.5,73.5,1.75,HTLS Reconductor,17.691,9.1,-95.0817025,29.3340115,-94.945159,29.3895056,111.21469791000055,63.41491255124365,True,NEW,generation,N1
3953,7293,7213,line,T4_light,115.0,115.0,115.0,HOUSTON,149.0,208.6,59.6,1.4,Reconductor(ACSR->ACSS),33.15,0.0,-95.0817025,29.3340115,-95.0817025,29.3340115,108.98881345307534,78.25873805956054,True,NEW,generation,N1
3989,7223,7319,line,T4_light,115.0,115.0,115.0,HOUSTON,220.0,308.0,88.0,1.4,Reconductor(ACSR->ACSS),33.15,0.0,-95.41128715217393,29.77727818478261,-95.41128715217393,29.77727818478261,103.5312608576068,73.95877145071373,True,NEW,generation,N1
3991,7223,7425,line,T4_light,115.0,115.0,115.0,HOUSTON,221.0,309.4,88.4,1.4,Reconductor(ACSR->ACSS),33.15,0.0,-95.41128715217393,29.77727818478261,-95.41128715217393,29.77727818478261,105.58961199153816,77.93511475894016,True,NEW,generation,N1
4020,7251,7235,line,T5_moderate,115.0,115.0,115.0,HOUSTON,149.0,260.8,111.8,1.75,HTLS Reconductor,18.28,9.4,-95.833733,30.047619,-95.708537,29.9660525,121.05672580183425,47.100711598535604,True,NEW,generation,N1
4021,7235,7315,line,T4_light,115.0,115.0,115.0,HOUSTON,221.0,309.4,88.4,1.4,Reconductor(ACSR->ACSS),14.04,12.7,-95.708537,29.9660525,-95.7842315,29.79427175,105.69683221908747,61.28545720947334,True,NEW,generation,N1
4022,7235,7315,line,T4_light,115.0,115.0,115.0,HOUSTON,221.0,309.4,88.4,1.4,Reconductor(ACSR->ACSS),14.04,12.7,-95.708537,29.9660525,-95.7842315,29.79427175,105.69683221908747,61.28545720947334,True,NEW,generation,N1
4045,7244,7272,line,T5_moderate,115.0,115.0,115.0,HOUSTON,220.0,385.0,165.0,1.75,HTLS Reconductor,44.927,23.0,-95.31001,29.45566,-95.41128715217393,29.77727818478261,122.43112568665927,69.24535836947885,True,NEW,generation,N1
4047,7246,7251,line,T7_structural,115.0,115.0,115.0,HOUSTON,98.0,245.0,147.0,2.5,New Corridor/Aggressive Parallel,194.194,31.4,-95.41128715217393,29.77727818478261,-95.833733,30.047619,185.63739059372688,102.97495936862754,False,NEW,generation,N1
4050,7425,7246,line,T6_heavy,115.0,115.0,115.0,HOUSTON,98.0,215.6,117.6,2.2,New Parallel Circuit,89.7,0.0,-95.41128715217393,29.77727818478261,-95.41128715217393,29.77727818478261,132.7242444965315,83.6813580696285,True,NEW,generation,N1
4099,7262,7302,line,T4_light,115.0,115.0,115.0,HOUSTON,149.0,208.6,59.6,1.4,Reconductor(ACSR->ACSS),15.339,13.9,-95.92298475,28.92553375,-95.718793,29.017466,109.65998928804792,78.50942704895209,True,NEW,generation,N1
4100,7262,12935,line,T4_light,115.0,115.0,115.0,HOUSTON,224.5,314.3,89.8,1.4,Reconductor(ACSR->ACSS),33.15,0.0,-95.92298475,28.92553375,-95.92298475,28.92553375,107.74667257704995,76.84304059910765,True,NEW,generation,N1
4101,7262,12935,line,T4_light,115.0,115.0,115.0,HOUSTON,224.5,314.3,89.8,1.4,Reconductor(ACSR->ACSS),33.15,0.0,-95.92298475,28.92553375,-95.92298475,28.92553375,107.74667257704995,76.84304059910765,True,NEW,generation,N1
4102,7262,13402,line,T5_moderate,115.0,115.0,115.0,HOUSTON,157.0,274.8,117.8,1.75,HTLS Reconductor,27.069,13.9,-95.92298475,28.92553375,-95.718793,29.017466,122.7979809976248,68.98526350299747,True,NEW,generation,N1
4161,7303,7393,line,T4_light,115.0,115.0,115.0,HOUSTON,98.0,137.2,39.2,1.4,Reconductor(ACSR->ACSS),36.239,32.8,-96.353868,28.85788,-95.967518,29.191296,104.86726880637869,75.10011987408689,True,NEW,generation,N1
4220,7339,7393,line,T4_light,115.0,115.0,115.0,HOUSTON,249.1,348.7,99.6,1.4,Reconductor(ACSR->ACSS),16.905,15.3,-95.785914,29.3459875,-95.967518,29.191296,105.30543025974684,75.52168302461497,True,NEW,generation,N1
4309,7408,13122,line,T7_structural,115.0,115.0,115.0,HOUSTON,216.0,540.0,324.0,2.5,New Corridor/Aggressive Parallel,68.295,11.1,-96.542544,28.663349333333333,-96.70457766666668,28.589903333333336,183.31025990436885,73.32410396174754,True,NEW,generation,N1
4336,7421,7420,transformer,T6_heavy,230.0,115.0,230.0,HOUSTON,161.4,322.8,161.4,2.0,Parallel Transformer 2x,17.0,0.0,-95.698237,30.1865575,-95.698237,30.1865575,149.51381546801417,100.5024625576046,False,NEW,generation,N1
4337,7421,7420,transformer,T6_heavy,230.0,115.0,230.0,HOUSTON,161.4,322.8,161.4,2.0,Parallel Transformer 2x,17.0,0.0,-95.698237,30.1865575,-95.698237,30.1865575,149.51381546801417,100.5024625576046,False,NEW,generation,N1
4352,7432,8003,line,T7_structural,115.0,115.0,115.0,HOUSTON,98.0,245.0,147.0,2.5,New Corridor/Aggressive Parallel,78.701,12.7,-95.905344,30.953672,-95.934344,31.136452,344.58807214509534,183.96503767180732,False,NEW,generation,N1
4353,7432,8037,line,T7_structural,115.0,115.0,115.0,HOUSTON,149.0,372.5,223.5,2.5,New Corridor/Aggressive Parallel,69.502,11.3,-95.905344,30.953672,-95.715509,30.959521,353.183586771323,141.27343470852938,False,NEW,generation,N1
4354,7432,8141,line,T5_moderate,115.0,115.0,115.0,HOUSTON,221.0,386.8,165.8,1.75,HTLS Reconductor,83.8,43.0,-95.905344,30.953672,-96.62542,30.881424,117.18321866241251,42.283905988457185,True,NEW,generation,N1
4355,8003,8001,line,T7_structural,115.0,115.0,115.0,NORTH,149.0,372.5,223.5,2.5,New Corridor/Aggressive Parallel,74.829,12.1,-95.934344,31.136452,-96.13919,31.132442,234.68879912898873,124.21593081769879,False,NEW,generation,N1
4356,8010,8001,line,T7_structural,115.0,115.0,115.0,NORTH,149.0,372.5,223.5,2.5,New Corridor/Aggressive Parallel,55.037,8.9,-96.22928,31.235882,-96.13919,31.132442,241.95054409543158,127.12062880427604,False,NEW,generation,N1
4369,8006,8007,line,T5_moderate,115.0,115.0,115.0,NORTH,98.0,171.5,73.5,1.75,HTLS Reconductor,16.09,8.3,-95.413415,32.218325,-95.347503,32.11274,110.75012832010508,84.70163087573674,True,NEW,generation,N1
4378,8086,8010,line,T7_structural,115.0,115.0,115.0,NORTH,98.0,245.0,147.0,2.5,New Corridor/Aggressive Parallel,96.848,15.7,-96.4866,31.1803,-96.22928,31.235882,212.27166724403483,95.21042037702601,True,NEW,generation,N1
4379,8010,8103,line,T7_structural,115.0,115.0,115.0,NORTH,98.0,245.0,147.0,2.5,New Corridor/Aggressive Parallel,60.444,9.8,-96.22928,31.235882,-96.202639,31.37571,237.67908300412608,167.68135022832337,False,NEW,generation,N1
4382,8011,8064,line,T5_moderate,115.0,115.0,115.0,NORTH,129.5,226.6,97.1,1.75,HTLS Reconductor,18.223,9.3,-95.980743,31.93201,-96.08704033333332,31.83128633333333,111.71578393863294,34.33854583911689,True,NEW,generation,N1
4384,8012,8032,line,T4_light,115.0,115.0,115.0,NORTH,248.0,347.2,99.2,1.4,Reconductor(ACSR->ACSS),10.371,9.4,-96.011435,30.527987,-95.973798,30.65991,100.11299348037035,68.26668324634524,True,NEW,generation,N1
4385,8104,8012,line,T4_light,115.0,115.0,115.0,NORTH,239.0,334.6,95.6,1.4,Reconductor(ACSR->ACSS),12.447,11.3,-96.054766,30.369294,-96.011435,30.527987,100.7646718051736,68.61006157033964,True,NEW,generation,N1
4389,8014,8037,line,T7_structural,115.0,115.0,115.0,NORTH,149.0,372.5,223.5,2.5,New Corridor/Aggressive Parallel,97.08,15.7,-95.499937,31.092367,-95.715509,30.959521,343.015801536424,137.2063206145695,False,NEW,generation,N1
4390,8118,8014,line,T7_structural,115.0,115.0,115.0,NORTH,98.0,245.0,147.0,2.5,New Corridor/Aggressive Parallel,98.226,15.9,-95.255739,31.188898,-95.499937,31.092367,536.9832084584406,214.79328338337618,False,NEW,generation,N1
4399,8017,8040,line,T7_structural,115.0,115.0,115.0,NORTH,98.0,245.0,147.0,2.5,New Corridor/Aggressive Parallel,96.673,15.7,-95.418796,32.035939,-95.643712,32.158557,160.25012832010506,79.09114161301571,True,NEW,generation,N1
4413,8020,8040,line,T4_light,115.0,115.0,115.0,NORTH,149.0,208.6,59.6,1.4,Reconductor(ACSR->ACSS),24.556,22.2,-95.7156,32.4744,-95.643712,32.158557,101.0474110171516,62.59164386566973,True,NEW,generation,N1
4424,8025,8151,line,T6_heavy,115.0,115.0,115.0,NORTH,98.0,215.6,117.6,2.2,New Parallel Circuit,104.865,35.1,-95.64904,31.9046145,-95.481652,31.417425,136.62940072723288,43.436128099783815,True,NEW,generation,N1
4442,8032,13008,line,T4_light,115.0,115.0,115.0,NORTH,241.0,337.4,96.4,1.4,Reconductor(ACSR->ACSS),7.749,7.0,-95.973798,30.65991,-96.091337,30.651189,104.21864881150007,74.44189200821435,True,NEW,generation,N1
4448,8109,8040,line,T7_structural,115.0,115.0,115.0,NORTH,138.0,345.0,207.0,2.5,New Corridor/Aggressive Parallel,77.106,12.5,-95.8568275,32.169178,-95.643712,32.158557,280.77442661643073,113.2769446916465,False,NEW,generation,N1
4451,8111,8042,line,T7_structural,115.0,115.0,115.0,NORTH,98.0,245.0,147.0,2.5,New Corridor/Aggressive Parallel,64.135,10.4,-94.737065,31.33610733333333,-94.758734,31.186933,285.3411822217324,97.83452828331897,True,NEW,generation,N1
4452,8118,8042,line,T7_structural,115.0,115.0,115.0,NORTH,98.0,245.0,147.0,2.5,New Corridor/Aggressive Parallel,181.405,29.4,-95.255739,31.188898,-94.758734,31.186933,257.47383528295694,86.68758950780884,True,NEW,generation,N1
4454,8046,8043,transformer,T7_structural,500.0,18.0,500.0,NORTH,248.7,746.1,497.4,3.0,Major Transformer 3x,55.0,0.0,-96.08704033333332,31.83128633333333,-96.08704033333332,31.83128633333333,233.71531966224367,77.90510655408123,True,NEW,generation,N1
4455,8047,8043,transformer,T7_structural,500.0,18.0,500.0,NORTH,233.5,700.5,467.0,3.0,Major Transformer 3x,55.0,0.0,-96.08704033333332,31.83128633333333,-96.08704033333332,31.83128633333333,226.7086539728457,75.61563169164883,True,NEW,generation,N1
4456,8048,8043,transformer,T7_structural,500.0,18.0,500.0,NORTH,225.5,676.5,451.0,3.0,Major Transformer 3x,55.0,0.0,-96.08704033333332,31.83128633333333,-96.08704033333332,31.83128633333333,215.40387922672764,71.83111603843311,True,NEW,generation,N1
4457,8049,8043,transformer,T7_structural,500.0,18.0,500.0,NORTH,253.7,761.1,507.4,3.0,Major Transformer 3x,55.0,0.0,-96.08704033333332,31.83128633333333,-96.08704033333332,31.83128633333333,215.71368742609383,71.8967445823585,True,NEW,generation,N1
4458,8050,8043,transformer,T7_structural,500.0,18.0,500.0,NORTH,236.4,709.2,472.8,3.0,Major Transformer 3x,55.0,0.0,-96.08704033333332,31.83128633333333,-96.08704033333332,31.83128633333333,224.84484464568862,74.94828154856292,True,NEW,generation,N1
4459,8051,8043,transformer,T7_structural,500.0,18.0,500.0,NORTH,261.4,784.2,522.8,3.0,Major Transformer 3x,55.0,0.0,-96.08704033333332,31.83128633333333,-96.08704033333332,31.83128633333333,206.37074407039023,68.77960569744569,True,NEW,generation,N1
4460,8043,8057,line,T7_structural,500.0,500.0,500.0,NORTH,2129.2,5323.0,3193.8,2.5,New Corridor/Aggressive Parallel,409.5,0.0,-96.08704033333332,31.83128633333333,-96.08704033333332,31.83128633333333,155.83486339227287,61.511821272264555,True,NEW,generation,N1
4463,8045,8044,transformer,T4_light,230.0,115.0,230.0,NORTH,388.0,582.0,194.0,1.5,Transformer Replace 1.5x,8.0,0.0,-96.08704033333332,31.83128633333333,-96.08704033333332,31.83128633333333,108.52451245849147,73.69731798546866,True,NEW,generation,N1
4464,8044,8058,line,T7_structural,230.0,230.0,230.0,NORTH,402.5,1006.2,603.8,2.5,New Corridor/Aggressive Parallel,273.0,0.0,-96.08704033333332,31.83128633333333,-96.08704033333332,31.83128633333333,157.25477887965897,76.36788560034424,True,NEW,generation,N1
4466,8045,8091,line,T7_structural,115.0,115.0,115.0,NORTH,262.0,655.0,393.0,2.5,New Corridor/Aggressive Parallel,140.602,22.8,-96.08704033333332,31.83128633333333,-96.467327,31.896737,321.7979168473249,128.71916673892986,False,NEW,generation,N1
4467,8045,8144,line,T7_structural,115.0,115.0,115.0,NORTH,98.0,245.0,147.0,2.5,New Corridor/Aggressive Parallel,92.472,15.0,-96.08704033333332,31.83128633333333,-96.329922,31.76524,164.01384664473838,97.94465891236241,True,NEW,generation,N1
4470,8053,8065,line,T6_heavy,115.0,115.0,115.0,NORTH,149.0,327.8,178.8,2.2,New Parallel Circuit,51.268,17.1,-95.8568275,32.169178,-96.1482745,32.142643,126.64369712725295,61.23377888784251,True,NEW,generation,N1
4472,8054,8092,line,T7_structural,115.0,115.0,115.0,NORTH,98.0,245.0,147.0,2.5,New Corridor/Aggressive Parallel,63.791,10.3,-96.009175,31.473728,-95.863721,31.557267,189.78154825362972,112.50201174205064,False,NEW,generation,N1
4473,8132,8054,line,T7_structural,115.0,115.0,115.0,NORTH,98.0,245.0,147.0,2.5,New Corridor/Aggressive Parallel,80.295,13.0,-96.229757,31.4789,-96.009175,31.473728,206.27134417199707,119.09793010939754,False,NEW,generation,N1
4475,8121,8055,line,T4_light,115.0,115.0,115.0,NORTH,98.0,137.2,39.2,1.4,Reconductor(ACSR->ACSS),13.243,12.0,-95.123407,31.9424935,-95.19267,31.779325,104.56914700075231,60.3157585278385,True,NEW,generation,N1
4478,8058,8057,transformer,T5_moderate,500.0,230.0,500.0,NORTH,491.0,859.2,368.2,1.75,Transformer Replace 1.75x,27.5,0.0,-96.08704033333332,31.83128633333333,-96.08704033333332,31.83128633333333,110.89393464353483,84.60283425377528,True,NEW,generation,N1
4500,8068,8067,transformer,T7_structural,500.0,230.0,500.0,NORTH,343.0,1029.0,686.0,3.0,Major Transformer 3x,55.0,0.0,-96.202639,31.37571,-96.202639,31.37571,159.03046741957937,84.49198149917171,True,NEW,generation,N1
4501,8068,8067,transformer,T7_structural,500.0,230.0,500.0,NORTH,343.0,1029.0,686.0,3.0,Major Transformer 3x,55.0,0.0,-96.202639,31.37571,-96.202639,31.37571,159.03046741957937,84.49198149917171,True,NEW,generation,N1
4502,8070,8067,transformer,T7_structural,500.0,13.8,500.0,NORTH,1254.5,3763.5,2509.0,3.0,Major Transformer 3x,55.0,0.0,-96.202639,31.37571,-96.202639,31.37571,205.99805121773622,68.66601707257874,True,NEW,generation,N1
4504,8069,8068,transformer,T7_structural,230.0,115.0,230.0,NORTH,143.0,429.0,286.0,3.0,Major Transformer 3x,25.0,0.0,-96.202639,31.37571,-96.202639,31.37571,192.9788674836939,121.63494735943877,False,NEW,generation,N1
4505,8068,8083,line,T5_moderate,230.0,230.0,230.0,NORTH,673.0,1177.8,504.8,1.75,HTLS Reconductor,60.172,21.5,-96.202639,31.37571,-96.4866,31.1803,122.2859399562615,73.3000003363745,True,NEW,generation,N1
4506,8069,8103,line,T7_structural,115.0,115.0,115.0,NORTH,149.0,372.5,223.5,2.5,New Corridor/Aggressive Parallel,185.25,0.0,-96.202639,31.37571,-96.202639,31.37571,161.1110747275459,112.20115652601137,False,NEW,generation,N1
4507,8069,8132,line,T5_moderate,115.0,115.0,115.0,NORTH,102.7,179.7,77.0,1.75,HTLS Reconductor,14.248,7.3,-96.202639,31.37571,-96.229757,31.4789,123.2468233778675,107.2646760206498,False,NEW,generation,N1
4538,8090,8092,line,T7_structural,115.0,115.0,115.0,NORTH,98.0,245.0,147.0,2.5,New Corridor/Aggressive Parallel,104.068,16.9,-95.58334,31.606693,-95.863721,31.557267,182.5264462128134,109.59997092572405,False,NEW,generation,N1
4539,8151,8090,line,T7_structural,115.0,115.0,115.0,NORTH,98.0,245.0,147.0,2.5,New Corridor/Aggressive Parallel,88.82,14.4,-95.481652,31.417425,-95.58334,31.606693,167.0060380495482,103.3918076604179,False,NEW,generation,N1
4540,8091,8109,line,T7_structural,115.0,115.0,115.0,NORTH,262.0,655.0,393.0,2.5,New Corridor/Aggressive Parallel,249.54,40.4,-96.467327,31.896737,-95.8568275,32.169178,321.7979168473252,128.7191667389299,False,NEW,generation,N1
4541,12921,8091,transformer,T7_structural,115.0,20.0,115.0,NORTH,321.0,963.0,642.0,3.0,Major Transformer 3x,11.0,0.0,-96.467327,31.896737,-96.467327,31.896737,266.34907854828384,88.78302618276135,True,NEW,generation,N1
4583,8109,8123,line,T7_structural,115.0,115.0,115.0,NORTH,98.0,245.0,147.0,2.5,New Corridor/Aggressive Parallel,59.579,9.6,-95.8568275,32.169178,-96.01423,32.12747,412.12431980542607,163.487788960739,False,NEW,generation,N1
4589,8114,8113,transformer,T5_moderate,230.0,115.0,230.0,NORTH,190.0,332.5,142.5,1.75,Transformer Replace 1.75x,11.5,0.0,-95.123407,31.9424935,-95.123407,31.9424935,112.30733937933243,53.456039542363726,True,NEW,generation,N1
4594,8118,8151,line,T7_structural,115.0,115.0,115.0,NORTH,98.0,245.0,147.0,2.5,New Corridor/Aggressive Parallel,127.629,20.7,-95.255739,31.188898,-95.481652,31.417425,285.90074489923035,130.66224256506598,False,NEW,generation,N1
4600,8149,8123,line,T7_structural,115.0,115.0,115.0,NORTH,98.0,245.0,147.0,2.5,New Corridor/Aggressive Parallel,48.86,7.9,-96.1482745,32.142643,-96.01423,32.12747,394.23656470338494,156.33268691992265,False,NEW,generation,N1
4605,8132,8144,line,T6_heavy,115.0,115.0,115.0,NORTH,149.0,327.8,178.8,2.2,New Parallel Circuit,61.724,20.6,-96.229757,31.4789,-96.329922,31.76524,137.58275730781878,90.19769646824231,True,NEW,generation,N1
4619,8143,13008,line,T4_light,115.0,115.0,115.0,NORTH,232.4,325.4,93.0,1.4,Reconductor(ACSR->ACSS),4.368,4.0,-96.069829,30.705329,-96.091337,30.651189,108.0752769516847,77.1966263940605,True,NEW,generation,N1
4673,12555,12556,transformer,T4_light,500.0,161.0,500.0,NORTH,800.0,1200.0,400.0,1.5,Transformer Replace 1.5x,20.0,0.0,-97.93385,33.07965,-97.93385,33.07965,107.75748267498915,76.5838616435124,True,NEW,generation,N1
4674,12557,12556,transformer,T7_structural,500.0,20.0,500.0,NORTH,300.8,902.4,601.6,3.0,Major Transformer 3x,55.0,0.0,-97.93385,33.07965,-97.93385,33.07965,244.14265630758587,81.72650709219857,True,NEW,generation,N1
4697,12581,12846,line,T4_light,161.0,161.0,161.0,NORTH,180.9,253.3,72.4,1.4,Reconductor(ACSR->ACSS),6.72,4.9,-101.9707005,34.487581000000006,-102.051944,34.511944,108.44536677618433,78.61566561943178,True,NEW,generation,N1
4739,12614,12613,transformer,T5_moderate,500.0,20.0,500.0,SOUTH,260.5,455.9,195.4,1.75,Transformer Replace 1.75x,27.5,0.0,-98.3721,30.558,-98.3721,30.558,118.76199616122841,67.86399780641624,True,NEW,generation,N1
4740,12615,12613,transformer,T4_light,500.0,20.0,500.0,SOUTH,235.9,353.9,118.0,1.5,Transformer Replace 1.5x,20.0,0.0,-98.3721,30.558,-98.3721,30.558,103.02819021221391,68.68546014147593,True,NEW,generation,N1
4741,12616,12613,transformer,T6_heavy,500.0,20.0,500.0,SOUTH,238.9,477.8,238.9,2.0,Parallel Transformer 2x,40.0,0.0,-98.3721,30.558,-98.3721,30.558,125.08502511511092,62.53968940373881,True,NEW,generation,N1
4762,12632,12633,transformer,T5_moderate,500.0,161.0,500.0,NORTH,600.0,1050.0,450.0,1.75,Transformer Replace 1.75x,27.5,0.0,-101.59661,34.4067,-101.59661,34.4067,122.96090971986615,86.5048084246585,True,NEW,generation,N1
4792,12659,12897,line,T4_light,115.0,115.0,115.0,WEST,264.0,369.6,105.6,1.4,Reconductor(ACSR->ACSS),33.15,0.0,-100.94008825,32.806441125,-100.94008825,32.806441125,103.88249242265631,74.20178030189737,True,NEW,generation,N1
4793,12659,12897,line,T4_light,115.0,115.0,115.0,WEST,264.0,369.6,105.6,1.4,Reconductor(ACSR->ACSS),33.15,0.0,-100.94008825,32.806441125,-100.94008825,32.806441125,103.88249242265631,74.20178030189737,True,NEW,generation,N1
4794,12659,12897,line,T4_light,115.0,115.0,115.0,WEST,264.0,369.6,105.6,1.4,Reconductor(ACSR->ACSS),33.15,0.0,-100.94008825,32.806441125,-100.94008825,32.806441125,103.88249242265631,74.20178030189737,True,NEW,generation,N1
4796,12663,12897,line,T4_light,115.0,115.0,115.0,WEST,356.0,498.4,142.4,1.4,Reconductor(ACSR->ACSS),33.15,0.0,-100.94008825,32.806441125,-100.94008825,32.806441125,101.41970951902276,69.64108642936522,True,NEW,generation,N1
4800,12664,12788,line,T5_moderate,230.0,230.0,230.0,WEST,595.0,1041.2,446.2,1.75,HTLS Reconductor,145.738,52.1,-100.94008825,32.806441125,-101.83586283333334,32.75809566666667,119.66550105154177,62.64553455420644,True,NEW,generation,N1
4821,12690,13333,line,T4_light,115.0,115.0,115.0,HOUSTON,144.4,202.2,57.8,1.4,Reconductor(ACSR->ACSS),7.558,6.8,-95.745,29.0728,-95.68083125,29.15439325,109.79572226639341,78.45513106852566,True,NEW,generation,N1
4856,12735,12736,transformer,T4_light,500.0,161.0,500.0,NORTH,1195.0,1792.5,597.5,1.5,Transformer Replace 1.5x,20.0,0.0,-99.091918,33.9776965,-99.091918,33.9776965,106.11001222083793,74.39072615923807,True,NEW,generation,N1
4859,12737,12736,transformer,T7_structural,500.0,20.0,500.0,NORTH,539.0,1617.0,1078.0,3.0,Major Transformer 3x,55.0,0.0,-99.091918,33.9776965,-99.091918,33.9776965,217.6206934161484,72.54023113871617,True,NEW,generation,N1
4871,12754,12937,line,T6_heavy,161.0,161.0,161.0,NORTH,371.0,816.2,445.2,2.2,New Parallel Circuit,113.1,0.0,-99.695954,33.73925199999999,-99.695954,33.73925199999999,131.91346425041263,65.88723488838863,True,NEW,generation,N1
4872,12754,12945,line,T7_structural,161.0,161.0,161.0,NORTH,256.5,641.2,384.8,2.5,New Corridor/Aggressive Parallel,476.201,63.7,-99.695954,33.73925199999999,-100.4547365,34.413879,492.05043859649123,193.66414737298211,False,NEW,generation,N1
4873,12754,12978,line,T6_heavy,161.0,161.0,161.0,NORTH,214.6,472.1,257.5,2.2,New Parallel Circuit,41.866,11.1,-99.695954,33.73925199999999,-99.58229,33.609313,144.18327010123235,91.19699667317087,True,NEW,generation,N1
4874,12754,13029,line,T6_heavy,161.0,161.0,161.0,NORTH,271.0,596.2,325.2,2.2,New Parallel Circuit,27.828,7.4,-99.695954,33.73925199999999,-99.657805,33.841272,138.2621103364318,79.69529715724799,True,NEW,generation,N1
4876,12754,13204,line,T5_moderate,161.0,161.0,161.0,NORTH,262.2,458.8,196.6,1.75,HTLS Reconductor,59.969,24.3,-99.695954,33.73925199999999,-99.2898065,33.642922,120.15219254107207,52.73455143069896,True,NEW,generation,N1
4878,12764,12763,transformer,T6_heavy,500.0,20.0,500.0,NORTH,288.6,577.2,288.6,2.0,Parallel Transformer 2x,40.0,0.0,-96.38666966666666,32.061173333333336,-96.38666966666666,32.061173333333336,138.6001386001386,39.251992376992376,True,NEW,generation,N1
4891,12788,12898,line,T4_light,230.0,230.0,230.0,WEST,596.0,834.4,238.4,1.4,Reconductor(ACSR->ACSS),91.51,52.1,-101.83586283333334,32.75809566666667,-100.94008825,32.806441125,109.70149906096,77.46669152464473,True,NEW,generation,N1
4892,12788,12898,line,T4_light,230.0,230.0,230.0,WEST,596.0,834.4,238.4,1.4,Reconductor(ACSR->ACSS),91.51,52.1,-101.83586283333334,32.75809566666667,-100.94008825,32.806441125,109.70149906096,77.46669152464473,True,NEW,generation,N1
4953,12846,13038,line,T4_light,161.0,161.0,161.0,NORTH,205.2,287.3,82.1,1.4,Reconductor(ACSR->ACSS),6.72,4.9,-102.051944,34.511944,-101.9707005,34.487581000000006,104.31000160075365,75.48074141913978,True,NEW,generation,N1
4991,12897,12898,transformer,T5_moderate,230.0,115.0,230.0,WEST,700.0,1225.0,525.0,1.75,Transformer Replace 1.75x,11.5,0.0,-100.94008825,32.806441125,-100.94008825,32.806441125,116.61285883436229,65.38775207368464,True,NEW,generation,N1
5069,13009,13008,transformer,T4_light,115.0,20.0,115.0,NORTH,248.4,372.6,124.2,1.5,Transformer Replace 1.5x,3.0,0.0,-96.091337,30.651189,-96.091337,30.651189,101.11589170692432,67.4092709704013,True,NEW,generation,N1
5101,13059,13149,line,T6_heavy,161.0,161.0,161.0,NORTH,200.3,440.7,240.4,2.2,New Parallel Circuit,56.895,15.1,-101.186622,35.254184,-100.934408,35.18172,134.0230745291642,65.95286696619623,True,NEW,generation,N1
5135,13089,13270,line,T6_heavy,115.0,115.0,115.0,WEST,186.4,410.1,223.7,2.2,New Parallel Circuit,69.76,23.3,-101.80158,33.889462,-101.8383465,33.5531785,146.97132625671253,76.42502739928004,True,NEW,generation,N1
5136,13089,13377,line,T6_heavy,115.0,115.0,115.0,WEST,191.0,420.2,229.2,2.2,New Parallel Circuit,59.378,19.9,-101.80158,33.889462,-101.8408,33.6039,148.39572395688975,76.59700435089866,True,NEW,generation,N1
5144,13097,13402,line,T5_moderate,115.0,115.0,115.0,HOUSTON,98.5,172.4,73.9,1.75,HTLS Reconductor,58.5,0.0,-95.718793,29.017466,-95.718793,29.017466,119.71028629706879,67.06895638879769,True,NEW,generation,N1
5162,13123,13122,transformer,T6_heavy,115.0,20.0,115.0,HOUSTON,271.9,543.8,271.9,2.0,Parallel Transformer 2x,7.5,0.0,-96.70457766666668,28.589903333333336,-96.70457766666668,28.589903333333336,145.96358955498346,72.81172515510056,True,NEW,generation,N1
5180,13140,13214,line,T6_heavy,115.0,115.0,115.0,WEST,107.5,236.5,129.0,2.2,New Parallel Circuit,325.698,108.9,-100.938705,32.130795,-102.39869175,31.160862,126.88138057372662,84.34574069758125,True,NEW,generation,N1
5238,13220,13222,line,T7_structural,115.0,115.0,115.0,WEST,157.2,393.0,235.8,2.5,New Corridor/Aggressive Parallel,641.756,103.9,-100.938705,32.130795,-99.5687984,33.0957078,220.8865616705959,88.35462466823854,True,NEW,generation,N1
5239,13220,13315,line,T4_light,115.0,115.0,115.0,WEST,330.0,462.0,132.0,1.4,Reconductor(ACSR->ACSS),114.841,103.9,-100.938705,32.130795,-99.5687984,33.0957078,105.2223257412657,75.15880410090409,True,NEW,generation,N1
5250,13237,13390,line,T5_moderate,161.0,161.0,161.0,NORTH,227.6,398.3,170.7,1.75,HTLS Reconductor,74.1,0.0,-97.234707,33.503328,-97.234707,33.503328,124.4328807249536,80.87103253376003,True,NEW,generation,N1
5257,13243,13282,line,T4_light,161.0,161.0,161.0,NORTH,245.8,344.1,98.3,1.4,Reconductor(ACSR->ACSS),40.95,0.0,-99.1533074,32.3857988,-99.1533074,32.3857988,101.7087062652563,58.119260723003606,True,NEW,generation,N1
5263,13267,13266,transformer,T7_structural,161.0,20.0,161.0,NORTH,195.0,585.0,390.0,3.0,Major Transformer 3x,16.0,0.0,-97.466582,33.243525500000004,-97.466582,33.243525500000004,192.1457640432282,64.1025641025641,True,NEW,generation,N1
5301,13313,13337,line,T4_light,115.0,115.0,115.0,WEST,138.4,193.8,55.4,1.4,Reconductor(ACSR->ACSS),33.15,0.0,-99.79466125,29.20340125,-99.79466125,29.20340125,101.36100479999105,76.0500132593908,True,NEW,generation,N1
5306,13319,13416,line,T6_heavy,115.0,115.0,115.0,WEST,265.0,583.0,318.0,2.2,New Parallel Circuit,281.796,94.2,-102.66795,31.1834,-104.085297,31.815992,145.49515751479663,63.41168753473882,True,NEW,generation,N1
5312,13335,13337,line,T5_moderate,115.0,115.0,115.0,WEST,116.4,203.7,87.3,1.75,HTLS Reconductor,58.5,0.0,-99.79466125,29.20340125,-99.79466125,29.20340125,117.7325004827072,70.42298555302933,True,NEW,generation,N1
5319,13356,13357,line,T4_light,115.0,115.0,115.0,HOUSTON,139.0,194.6,55.6,1.4,Reconductor(ACSR->ACSS),33.15,0.0,-97.00621414285716,28.74651585714286,-97.00621414285716,28.74651585714286,103.37380467374084,75.2400908946595,True,NEW,generation,N1
15,1003,1055,line,T4_light,115.0,115.0,115.0,WEST,98.0,137.2,39.2,1.4,Reconductor(ACSR->ACSS),9.691,8.8,-101.6131975,32.9277015,-101.764414,32.92701,100.7955480752731,68.7040213717405,True,ALL,generation,N1
48,1086,1013,line,T6_heavy,115.0,115.0,115.0,WEST,220.0,484.0,264.0,2.2,New Parallel Circuit,66.999,22.4,-103.43056166666668,31.453610666666663,-103.062173,31.534243,138.5550458504295,66.25778459876571,True,ALL,generation,N1
55,1014,13186,line,T5_moderate,115.0,115.0,115.0,WEST,251.0,439.2,188.2,1.75,HTLS Reconductor,69.231,35.5,-103.125868,31.165245,-102.59898166666666,30.91979725,115.38904798137166,65.74312558197896,True,ALL,generation,N1
172,1047,1085,line,T6_heavy,115.0,115.0,115.0,WEST,221.0,486.2,265.2,2.2,New Parallel Circuit,36.095,12.1,-103.062173,31.534243,-103.138992,31.696251,131.13664002737946,74.63996913455769,True,ALL,generation,N1
199,1061,1112,line,T6_heavy,115.0,115.0,115.0,WEST,169.8,373.6,203.8,2.2,New Parallel Circuit,65.462,21.9,-101.3548315,32.107940125,-101.014,32.239,133.46202087302666,85.57956255800232,True,ALL,generation,N1
249,1085,1086,line,T6_heavy,115.0,115.0,115.0,WEST,287.0,631.4,344.4,2.2,New Parallel Circuit,71.738,24.0,-103.138992,31.696251,-103.43056166666668,31.453610666666663,148.74149950899957,71.23794312120732,True,ALL,generation,N1
317,1106,12795,line,T5_moderate,115.0,115.0,115.0,WEST,106.5,186.4,79.9,1.75,HTLS Reconductor,32.322,16.6,-101.152,31.683,-100.98431625,31.875952,114.12857455322073,65.49344055790058,True,ALL,generation,N1
340,3078,1111,line,T4_light,230.0,230.0,230.0,WEST,384.3,538.0,153.7,1.4,Reconductor(ACSR->ACSS),54.928,31.3,-100.6728,32.5886,-101.014,32.239,101.85175594948606,63.60278772046639,True,ALL,generation,N1
342,1112,1120,line,T6_heavy,115.0,115.0,115.0,WEST,130.4,286.9,156.5,2.2,New Parallel Circuit,48.456,16.2,-101.014,32.239,-101.28,32.173,127.22374783197854,86.37158279163377,True,ALL,generation,N1
344,1112,13300,line,T6_heavy,115.0,115.0,115.0,WEST,122.5,269.5,147.0,2.2,New Parallel Circuit,26.447,8.8,-101.014,32.239,-100.890668,32.313261999999995,146.93877551020424,66.79035250463825,True,ALL,generation,N1
405,2014,2008,line,T7_structural,161.0,161.0,161.0,NORTH,187.0,467.5,280.5,2.5,New Corridor/Aggressive Parallel,230.324,30.8,-100.4547365,34.413879,-100.512868,34.857258,346.9377983016922,145.13460459359666,False,ALL,generation,N1
406,2008,2052,line,T6_heavy,161.0,161.0,161.0,NORTH,187.0,411.4,224.4,2.2,New Parallel Circuit,210.417,55.8,-100.512868,34.857258,-101.35485071428572,35.27871242857143,133.41151779589055,63.538425611097125,True,ALL,generation,N1
407,2008,13149,line,T7_structural,161.0,161.0,161.0,NORTH,226.2,565.5,339.3,2.5,New Corridor/Aggressive Parallel,244.69,32.7,-100.512868,34.857258,-100.934408,35.18172,195.8610015093283,81.91451365107595,True,ALL,generation,N1
428,2012,2052,line,T7_structural,161.0,161.0,161.0,NORTH,187.0,467.5,280.5,2.5,New Corridor/Aggressive Parallel,224.25,0.0,-101.35485071428572,35.27871242857143,-101.35485071428572,35.27871242857143,162.5650223580639,67.5752163626348,True,ALL,generation,N1
434,2014,2029,line,T7_structural,161.0,161.0,161.0,NORTH,187.0,467.5,280.5,2.5,New Corridor/Aggressive Parallel,337.154,45.1,-100.4547365,34.413879,-101.244172,34.371689,455.77544629758984,192.01669741538655,False,ALL,generation,N1
435,2014,13085,line,T7_structural,161.0,161.0,161.0,NORTH,220.0,550.0,330.0,2.5,New Corridor/Aggressive Parallel,374.7,50.1,-100.4547365,34.413879,-100.883227,33.781077,322.79800227927774,123.7136384297293,False,ALL,generation,N1
437,5014,2015,line,T6_heavy,161.0,161.0,161.0,NORTH,187.0,411.4,224.4,2.2,New Parallel Circuit,59.596,15.8,-97.466582,33.243525500000004,-97.445189,33.471617,139.97256365587606,80.85193368077984,True,ALL,generation,N1
438,2015,13330,line,T6_heavy,161.0,161.0,161.0,NORTH,211.3,464.9,253.6,2.2,New Parallel Circuit,45.867,12.2,-97.445189,33.471617,-97.3420515,33.318023,128.98946718703746,74.30858065225998,True,ALL,generation,N1
481,2029,12632,line,T7_structural,161.0,161.0,161.0,NORTH,218.7,546.8,328.0,2.5,New Corridor/Aggressive Parallel,151.296,20.2,-101.244172,34.371689,-101.59661,34.4067,260.4882636534072,124.1843143710845,False,ALL,generation,N1
482,2029,13055,line,T7_structural,161.0,161.0,161.0,NORTH,242.3,605.8,363.5,2.5,New Corridor/Aggressive Parallel,224.25,0.0,-101.244172,34.371689,-101.244172,34.371689,217.76714488564264,98.84586078097574,True,ALL,generation,N1
517,5285,2039,line,T5_moderate,161.0,161.0,161.0,NORTH,251.0,439.2,188.2,1.75,HTLS Reconductor,28.272,11.4,-97.857678,33.315883,-97.751818,33.455991,110.24094521538916,71.54899650890002,True,ALL,generation,N1
522,2041,2058,line,T5_moderate,161.0,161.0,161.0,NORTH,187.0,327.2,140.2,1.75,HTLS Reconductor,37.491,15.2,-101.35485071428572,35.27871242857143,-101.2439,35.4789,118.40694196928403,67.12863287955882,True,ALL,generation,N1
528,2065,2044,line,T6_heavy,161.0,161.0,161.0,NORTH,187.0,411.4,224.4,2.2,New Parallel Circuit,56.301,14.9,-97.17635,33.661583,-96.936121,33.743893,144.06513694735108,72.91767180063414,True,ALL,generation,N1
537,2048,13085,line,T7_structural,161.0,161.0,161.0,NORTH,307.6,769.0,461.4,2.5,New Corridor/Aggressive Parallel,39.097,5.2,-100.967402,33.752201,-100.883227,33.781077,224.36788199428213,85.88101578199094,True,ALL,generation,N1
539,2048,13392,line,T4_light,161.0,161.0,161.0,NORTH,363.0,508.2,145.2,1.4,Reconductor(ACSR->ACSS),30.877,22.6,-100.967402,33.752201,-101.1794378,34.0282444,107.41728491581439,70.65968933258502,True,ALL,generation,N1
551,2053,2088,line,T7_structural,161.0,161.0,161.0,NORTH,352.9,882.2,529.3,2.5,New Corridor/Aggressive Parallel,252.234,33.7,-97.95612,33.520572,-98.540972,33.494167000000004,184.81369826831815,78.6522065260642,True,ALL,generation,N1
552,5285,2053,line,T6_heavy,161.0,161.0,161.0,NORTH,291.0,640.2,349.2,2.2,New Parallel Circuit,57.454,15.2,-97.857678,33.315883,-97.95612,33.520572,126.2274373786318,73.42064929106023,True,ALL,generation,N1
553,2053,5362,line,T5_moderate,161.0,161.0,161.0,NORTH,251.0,439.2,188.2,1.75,HTLS Reconductor,55.553,22.5,-97.95612,33.520572,-97.9208,33.1964,110.65028782358159,50.266235624671694,True,ALL,generation,N1
562,2123,2058,line,T6_heavy,161.0,161.0,161.0,NORTH,187.0,411.4,224.4,2.2,New Parallel Circuit,57.223,15.2,-101.35485071428572,35.27871242857143,-101.2439,35.4789,131.9027614132248,62.39504229990792,True,ALL,generation,N1
573,2068,2067,line,T7_structural,161.0,161.0,161.0,NORTH,251.0,627.5,376.5,2.5,New Corridor/Aggressive Parallel,209.739,28.1,-98.360833,33.509722,-98.50555385714286,33.89755828571428,296.29724867287666,108.79298917910329,False,ALL,generation,N1
575,2068,2088,line,T7_structural,161.0,161.0,161.0,NORTH,251.0,627.5,376.5,2.5,New Corridor/Aggressive Parallel,77.996,10.4,-98.360833,33.509722,-98.540972,33.494167000000004,256.93610028262333,102.77444011304934,False,ALL,generation,N1
576,13017,2068,transformer,T7_structural,161.0,20.0,161.0,NORTH,286.4,859.2,572.8,3.0,Major Transformer 3x,16.0,0.0,-98.360833,33.509722,-98.360833,33.509722,227.9048923566286,76.01547951582869,True,ALL,generation,N1
579,2071,2070,transformer,T7_structural,161.0,18.0,161.0,NORTH,251.1,753.3,502.2,3.0,Major Transformer 3x,16.0,0.0,-98.540972,33.494167000000004,-98.540972,33.494167000000004,205.19090999601752,68.44882516925529,True,ALL,generation,N1
580,2070,2088,line,T7_structural,161.0,161.0,161.0,NORTH,251.0,627.5,376.5,2.5,New Corridor/Aggressive Parallel,224.25,0.0,-98.540972,33.494167000000004,-98.540972,33.494167000000004,205.33152427827235,82.13260971130882,True,ALL,generation,N1
581,2070,5237,line,T7_structural,161.0,161.0,161.0,NORTH,245.0,612.5,367.5,2.5,New Corridor/Aggressive Parallel,150.749,20.2,-98.540972,33.494167000000004,-98.81875,33.316907,295.6643093821131,128.47665184864286,False,ALL,generation,N1
584,2074,2073,transformer,T4_light,161.0,115.0,161.0,NORTH,164.0,246.0,82.0,1.5,Transformer Replace 1.5x,4.5,0.0,-100.56428,32.96736,-100.56428,32.96736,107.77931822186366,73.92459295088601,True,ALL,generation,N1
598,2083,2082,transformer,T7_structural,161.0,20.0,161.0,NORTH,36.8,110.4,73.6,3.0,Major Transformer 3x,16.0,0.0,-98.50555385714286,33.89755828571428,-98.50555385714286,33.89755828571428,161.6104789402174,53.86640799695889,True,ALL,generation,N1
599,2084,2082,transformer,T6_heavy,161.0,20.0,161.0,NORTH,43.5,87.0,43.5,2.0,Parallel Transformer 2x,11.0,0.0,-98.50555385714286,33.89755828571428,-98.50555385714286,33.89755828571428,136.71875,68.3546142857961,True,ALL,generation,N1
600,2085,2082,transformer,T7_structural,161.0,20.0,161.0,NORTH,36.4,109.2,72.8,3.0,Major Transformer 3x,16.0,0.0,-98.50555385714286,33.89755828571428,-98.50555385714286,33.89755828571428,163.37503963912806,54.45834654637602,True,ALL,generation,N1
604,2089,2088,transformer,T7_structural,161.0,24.0,161.0,NORTH,93.5,280.5,187.0,3.0,Major Transformer 3x,16.0,0.0,-98.540972,33.494167000000004,-98.540972,33.494167000000004,231.32979842484193,77.15017825311944,True,ALL,generation,N1
607,2091,12735,line,T5_moderate,161.0,161.0,161.0,NORTH,463.0,810.2,347.2,1.75,HTLS Reconductor,63.652,25.8,-99.2898065,33.642922,-99.091918,33.9776965,119.52686985954901,69.27375031503274,True,ALL,generation,N1
617,2098,2097,transformer,T4_light,230.0,161.0,230.0,WEST,146.0,219.0,73.0,1.5,Transformer Replace 1.5x,8.0,0.0,-101.482424,33.686171,-101.482424,33.686171,106.68657534008734,85.14766766724877,True,ALL,generation,N1
639,2108,13202,line,T5_moderate,161.0,161.0,161.0,NORTH,189.2,331.1,141.9,1.75,HTLS Reconductor,69.602,28.2,-99.624257,33.345366,-99.2898065,33.642922,122.6809510664714,69.15474333291657,True,ALL,generation,N1
663,2126,13390,line,T6_heavy,161.0,161.0,161.0,NORTH,245.9,541.0,295.1,2.2,New Parallel Circuit,25.907,6.9,-97.128552,33.458028,-97.234707,33.503328,140.6822839708491,74.22202611558382,True,ALL,generation,N1
689,3003,3103,line,T5_moderate,115.0,115.0,115.0,WEST,220.0,385.0,165.0,1.75,HTLS Reconductor,58.5,0.0,-100.2940896,32.3397188,-100.2940896,32.3397188,112.43218128312796,64.246960733216,True,ALL,generation,N1
690,3003,3141,line,T6_heavy,115.0,115.0,115.0,WEST,176.0,387.2,211.2,2.2,New Parallel Circuit,89.7,0.0,-100.2940896,32.3397188,-100.2940896,32.3397188,140.54022660390999,75.6035403356477,True,ALL,generation,N1
693,3006,3049,line,T4_light,115.0,115.0,115.0,WEST,149.0,208.6,59.6,1.4,Reconductor(ACSR->ACSS),10.718,9.7,-100.0652435,32.819086,-99.8991875,32.803981,102.62341337957716,74.38639732563506,True,ALL,generation,N1
694,3006,3100,line,T5_moderate,115.0,115.0,115.0,WEST,112.8,197.4,84.6,1.75,HTLS Reconductor,36.782,18.9,-100.0652435,32.819086,-99.830642,32.630473,119.30949828406922,67.0313957339034,True,ALL,generation,N1
695,3145,3006,line,T5_moderate,115.0,115.0,115.0,WEST,149.0,260.8,111.8,1.75,HTLS Reconductor,40.796,20.9,-100.2242635,32.5474795,-100.0652435,32.819086,123.84815508897339,67.19276497638839,True,ALL,generation,N1
717,3013,3031,line,T6_heavy,115.0,115.0,115.0,WEST,141.2,310.6,169.4,2.2,New Parallel Circuit,43.498,14.5,-99.70613471428572,32.45867642857143,-99.826041,32.274081,135.68577304272145,67.26692487708685,True,ALL,generation,N1
718,3013,3077,line,T7_structural,115.0,115.0,115.0,WEST,98.0,245.0,147.0,2.5,New Corridor/Aggressive Parallel,185.25,0.0,-99.70613471428572,32.45867642857143,-99.70613471428572,32.45867642857143,169.43224052681578,78.87881699991205,True,ALL,generation,N1
724,3015,3127,line,T7_structural,115.0,115.0,115.0,WEST,98.0,245.0,147.0,2.5,New Corridor/Aggressive Parallel,99.01,16.0,-100.56760671428572,32.36118885714286,-100.2940896,32.3397188,243.1749435554997,133.33377187864278,False,ALL,generation,N1
725,3015,3128,line,T6_heavy,115.0,115.0,115.0,WEST,98.0,215.6,117.6,2.2,New Parallel Circuit,30.586,10.2,-100.56760671428572,32.36118885714286,-100.727898,32.421184499999995,125.13432810764988,90.42515750985645,True,ALL,generation,N1
726,3015,3129,line,T5_moderate,115.0,115.0,115.0,WEST,118.8,207.9,89.1,1.75,HTLS Reconductor,58.5,0.0,-100.56760671428572,32.36118885714286,-100.56760671428572,32.36118885714286,116.1788142686641,65.21914896416929,True,ALL,generation,N1
752,3021,12996,line,T6_heavy,115.0,115.0,115.0,WEST,137.5,302.5,165.0,2.2,New Parallel Circuit,60.365,20.2,-99.720186,32.783669,-100.0652435,32.819086,128.87142673881718,66.35758787957043,True,ALL,generation,N1
754,3033,3022,line,T4_light,115.0,115.0,115.0,WEST,342.0,478.8,136.8,1.4,Reconductor(ACSR->ACSS),37.788,34.2,-100.94008825,32.806441125,-100.890668,32.313261999999995,103.99903220584783,74.28502300417705,True,ALL,generation,N1
761,3023,3115,line,T7_structural,115.0,115.0,115.0,WEST,135.0,337.5,202.5,2.5,New Corridor/Aggressive Parallel,241.323,39.1,-99.850964,32.940911,-100.524167,32.969722,158.35373376759523,86.56368934349365,True,ALL,generation,N1
773,3026,5395,line,T5_moderate,230.0,230.0,230.0,WEST,443.0,775.2,332.2,1.75,HTLS Reconductor,86.77,31.0,-99.70613471428572,32.45867642857143,-99.33232,32.77921550000001,114.60265799035892,54.442370615137705,True,ALL,generation,N1
774,3027,3032,line,T5_moderate,115.0,115.0,115.0,WEST,140.0,245.0,105.0,1.75,HTLS Reconductor,58.5,0.0,-99.70613471428572,32.45867642857143,-99.70613471428572,32.45867642857143,122.03738913288933,57.5516034144438,True,ALL,generation,N1
788,3032,3070,line,T4_light,115.0,115.0,115.0,WEST,122.1,170.9,48.8,1.4,Reconductor(ACSR->ACSS),28.552,25.8,-99.70613471428572,32.45867642857143,-100.1,32.2878,103.2416251874818,72.94243907587594,True,ALL,generation,N1
791,3032,3094,line,T7_structural,115.0,115.0,115.0,WEST,113.2,283.0,169.8,2.5,New Corridor/Aggressive Parallel,143.746,23.3,-99.70613471428572,32.45867642857143,-100.09043266666669,32.36779933333333,151.65580441704532,95.55495653328215,True,ALL,generation,N1
795,3033,3136,line,T4_light,115.0,115.0,115.0,WEST,342.0,478.8,136.8,1.4,Reconductor(ACSR->ACSS),33.15,0.0,-100.94008825,32.806441125,-100.94008825,32.806441125,103.99903220584794,74.2850230041771,True,ALL,generation,N1
799,3038,3037,transformer,T7_structural,230.0,115.0,230.0,WEST,114.0,342.0,228.0,3.0,Major Transformer 3x,25.0,0.0,-100.56760671428572,32.36118885714286,-100.56760671428572,32.36118885714286,208.7822726897871,103.72817372561734,False,ALL,generation,N1
805,3038,3121,line,T7_structural,115.0,115.0,115.0,WEST,155.0,387.5,232.5,2.5,New Corridor/Aggressive Parallel,185.25,0.0,-100.56760671428572,32.36118885714286,-100.56760671428572,32.36118885714286,154.23562716448936,86.55949160888264,True,ALL,generation,N1
806,3072,3040,line,T4_light,115.0,115.0,115.0,WEST,193.0,270.2,77.2,1.4,Reconductor(ACSR->ACSS),19.455,17.6,-100.113803,31.534768,-99.934162,31.738576,107.26591496563013,73.36943576405034,True,ALL,generation,N1
845,3054,3053,transformer,T7_structural,230.0,115.0,230.0,WEST,103.0,309.0,206.0,3.0,Major Transformer 3x,25.0,0.0,-100.1097475,32.1590745,-100.1097475,32.1590745,259.3982721067539,136.7958314111758,False,ALL,generation,N1
846,3054,3053,transformer,T7_structural,230.0,115.0,230.0,WEST,103.0,309.0,206.0,3.0,Major Transformer 3x,25.0,0.0,-100.1097475,32.1590745,-100.1097475,32.1590745,259.3982721067539,136.7958314111758,False,ALL,generation,N1
862,3054,3125,line,T7_structural,115.0,115.0,115.0,WEST,122.3,305.8,183.4,2.5,New Corridor/Aggressive Parallel,193.707,31.4,-100.1097475,32.1590745,-99.70613471428572,32.45867642857143,162.71098662415005,104.62712340697732,False,ALL,generation,N1
885,3064,3141,line,T7_structural,115.0,115.0,115.0,WEST,149.0,372.5,223.5,2.5,New Corridor/Aggressive Parallel,99.01,16.0,-100.56760671428572,32.36118885714286,-100.2940896,32.3397188,217.95149646468204,99.41890432493585,True,ALL,generation,N1
886,3064,13366,line,T7_structural,115.0,115.0,115.0,WEST,121.0,302.5,181.5,2.5,New Corridor/Aggressive Parallel,185.25,0.0,-100.56760671428572,32.36118885714286,-100.56760671428572,32.36118885714286,210.77824162022975,88.056917221089,True,ALL,generation,N1
887,3066,3142,line,T5_moderate,115.0,115.0,115.0,WEST,98.0,171.5,73.5,1.75,HTLS Reconductor,71.852,36.8,-99.529678,31.25981966666667,-100.15267,31.289523,123.37562710436058,65.8082181308085,True,ALL,generation,N1
888,3066,12910,line,T5_moderate,115.0,115.0,115.0,WEST,143.5,251.1,107.6,1.75,HTLS Reconductor,44.194,22.7,-99.529678,31.25981966666667,-99.849793,31.4410845,121.44727233907822,75.71862878948656,True,ALL,generation,N1
898,3069,3091,line,T4_light,115.0,115.0,115.0,WEST,165.8,232.1,66.3,1.4,Reconductor(ACSR->ACSS),26.015,23.5,-99.753027,32.120249,-99.70613471428572,32.45867642857143,108.01866341614735,63.37473481907097,True,ALL,generation,N1
927,3077,3125,line,T6_heavy,115.0,115.0,115.0,WEST,107.0,235.4,128.4,2.2,New Parallel Circuit,89.7,0.0,-99.70613471428572,32.45867642857143,-99.70613471428572,32.45867642857143,139.7455940350834,83.51139745075872,True,ALL,generation,N1
936,3083,3082,transformer,T6_heavy,230.0,115.0,230.0,WEST,143.8,287.6,143.8,2.0,Parallel Transformer 2x,17.0,0.0,-100.09043266666669,32.36779933333333,-100.09043266666669,32.36779933333333,128.56344858581667,76.88550444826181,True,ALL,generation,N1
939,3083,3099,line,T4_light,115.0,115.0,115.0,WEST,137.8,192.9,55.1,1.4,Reconductor(ACSR->ACSS),12.429,11.2,-100.09043266666669,32.36779933333333,-99.90623,32.415823,100.83976182461251,67.40872779905473,True,ALL,generation,N1
946,3089,3088,transformer,T6_heavy,230.0,161.0,230.0,WEST,411.0,822.0,411.0,2.0,Parallel Transformer 2x,17.0,0.0,-99.70613471428572,32.45867642857143,-99.70613471428572,32.45867642857143,139.17126524920766,68.29120127178383,True,ALL,generation,N1
953,3091,3102,line,T7_structural,115.0,115.0,115.0,WEST,98.0,245.0,147.0,2.5,New Corridor/Aggressive Parallel,185.25,0.0,-99.70613471428572,32.45867642857143,-99.70613471428572,32.45867642857143,216.9457040372939,121.89919229049643,False,ALL,generation,N1
959,3097,3096,transformer,T4_light,230.0,115.0,230.0,WEST,233.0,349.5,116.5,1.5,Transformer Replace 1.5x,8.0,0.0,-101.17026400000002,32.93510466666667,-101.17026400000002,32.93510466666667,109.38577830551648,85.56202784726767,True,ALL,generation,N1
960,3097,3096,transformer,T4_light,230.0,115.0,230.0,WEST,233.0,349.5,116.5,1.5,Transformer Replace 1.5x,8.0,0.0,-101.17026400000002,32.93510466666667,-101.17026400000002,32.93510466666667,109.38577830551648,85.56202784726767,True,ALL,generation,N1
965,3097,12939,line,T4_light,115.0,115.0,115.0,WEST,267.0,373.8,106.8,1.4,Reconductor(ACSR->ACSS),17.73,16.0,-101.17026400000002,32.93510466666667,-100.94008825,32.806441125,103.78522417132424,74.13230297951719,True,ALL,generation,N1
966,3097,12939,line,T4_light,115.0,115.0,115.0,WEST,267.0,373.8,106.8,1.4,Reconductor(ACSR->ACSS),17.73,16.0,-101.17026400000002,32.93510466666667,-100.94008825,32.806441125,103.78522417132424,74.13230297951719,True,ALL,generation,N1
1003,3121,3145,line,T5_moderate,115.0,115.0,115.0,WEST,149.0,260.8,111.8,1.75,HTLS Reconductor,46.408,23.8,-100.56760671428572,32.36118885714286,-100.2242635,32.5474795,120.75874586686857,63.867297066868005,True,ALL,generation,N1
1014,3127,13366,line,T7_structural,115.0,115.0,115.0,WEST,203.2,508.0,304.8,2.5,New Corridor/Aggressive Parallel,99.01,16.0,-100.2940896,32.3397188,-100.56760671428572,32.36118885714286,165.1287757679514,68.2819241326367,True,ALL,generation,N1
1015,3128,3129,line,T4_light,115.0,115.0,115.0,WEST,136.0,190.4,54.4,1.4,Reconductor(ACSR->ACSS),11.304,10.2,-100.727898,32.421184499999995,-100.56760671428572,32.36118885714286,109.9600525469334,63.1867953278241,True,ALL,generation,N1
1023,3132,3144,line,T6_heavy,115.0,115.0,115.0,WEST,98.0,215.6,117.6,2.2,New Parallel Circuit,64.401,21.5,-99.9360515,31.18751,-99.682323,31.411505,135.84014894030602,81.40148283515502,True,ALL,generation,N1
1069,4008,6346,line,T4_light,115.0,115.0,115.0,SOUTH,149.0,208.6,59.6,1.4,Reconductor(ACSR->ACSS),10.733,9.7,-98.642309,29.079849,-98.48181,29.070547,100.30232563354,70.12785400889815,True,ALL,generation,N1
1125,12976,4020,line,T4_light,115.0,115.0,115.0,SOUTH,228.0,319.2,91.2,1.4,Reconductor(ACSR->ACSS),24.497,22.2,-97.7314385,27.5750945,-97.4230987368421,27.74350405263158,107.48526196469165,76.9834668188347,True,ALL,generation,N1
1126,12976,4020,line,T4_light,115.0,115.0,115.0,SOUTH,228.0,319.2,91.2,1.4,Reconductor(ACSR->ACSS),24.497,22.2,-97.7314385,27.5750945,-97.4230987368421,27.74350405263158,107.48526196469165,76.9834668188347,True,ALL,generation,N1
1137,4187,4022,line,T6_heavy,115.0,115.0,115.0,SOUTH,214.0,470.8,256.8,2.2,New Parallel Circuit,61.909,20.7,-99.214344,28.293173,-99.399193,28.041684,125.66599936760319,62.31392028433767,True,ALL,generation,N1
1178,4031,4147,line,T4_light,115.0,115.0,115.0,SOUTH,247.0,345.8,98.8,1.4,Reconductor(ACSR->ACSS),38.93,35.2,-99.359609,27.0792565,-99.3906115,27.588413625,102.15705817679483,73.73090935890234,True,ALL,generation,N1
1179,4031,4147,line,T4_light,115.0,115.0,115.0,SOUTH,270.0,378.0,108.0,1.4,Reconductor(ACSR->ACSS),38.93,35.2,-99.359609,27.0792565,-99.3906115,27.588413625,101.9799531135269,73.56735554601666,True,ALL,generation,N1
1190,4033,4114,line,T6_heavy,115.0,115.0,115.0,SOUTH,125.5,276.1,150.6,2.2,New Parallel Circuit,89.7,0.0,-99.3906115,27.588413625,-99.3906115,27.588413625,126.0204383618083,75.68906329741249,True,ALL,generation,N1
1195,4033,13228,line,T4_light,115.0,115.0,115.0,SOUTH,172.0,240.8,68.8,1.4,Reconductor(ACSR->ACSS),33.15,0.0,-99.3906115,27.588413625,-99.3906115,27.588413625,106.18572237483578,72.57776103432667,True,ALL,generation,N1
1201,4036,4189,line,T7_structural,115.0,115.0,115.0,SOUTH,111.0,277.5,166.5,2.5,New Corridor/Aggressive Parallel,174.851,28.3,-99.562652,28.888748,-99.63215,28.4834915,155.94276304877332,79.37107219527584,True,ALL,generation,N1
1202,4036,13337,line,T4_light,115.0,115.0,115.0,SOUTH,213.4,298.8,85.4,1.4,Reconductor(ACSR->ACSS),28.582,25.9,-99.562652,28.888748,-99.79466125,29.20340125,102.80271933553753,75.19703110794589,True,ALL,generation,N1
1203,4036,13337,line,T4_light,115.0,115.0,115.0,SOUTH,213.4,298.8,85.4,1.4,Reconductor(ACSR->ACSS),28.582,25.9,-99.562652,28.888748,-99.79466125,29.20340125,102.80271933553753,75.19703110794589,True,ALL,generation,N1
1215,4038,4169,line,T4_light,115.0,115.0,115.0,SOUTH,218.0,305.2,87.2,1.4,Reconductor(ACSR->ACSS),19.06,17.2,-97.8000875,28.41935,-97.817507,28.170179,105.72700383688958,75.0267251747388,True,ALL,generation,N1
1216,4038,4169,line,T4_light,115.0,115.0,115.0,SOUTH,218.0,305.2,87.2,1.4,Reconductor(ACSR->ACSS),19.06,17.2,-97.8000875,28.41935,-97.817507,28.170179,105.72700383688958,75.0267251747388,True,ALL,generation,N1
1256,4048,4164,line,T4_light,115.0,115.0,115.0,SOUTH,192.1,268.9,76.8,1.4,Reconductor(ACSR->ACSS),11.247,10.2,-98.494493,26.242813,-98.654824,26.274827,100.77335218407688,71.9060228142546,True,ALL,generation,N1
1257,4048,4164,line,T4_light,115.0,115.0,115.0,SOUTH,192.1,268.9,76.8,1.4,Reconductor(ACSR->ACSS),11.247,10.2,-98.494493,26.242813,-98.654824,26.274827,100.77335218407688,71.9060228142546,True,ALL,generation,N1
1258,4048,4164,line,T4_light,115.0,115.0,115.0,SOUTH,192.1,268.9,76.8,1.4,Reconductor(ACSR->ACSS),11.247,10.2,-98.494493,26.242813,-98.654824,26.274827,100.77335218407688,71.9060228142546,True,ALL,generation,N1
1384,4101,13228,line,T4_light,115.0,115.0,115.0,SOUTH,132.0,184.8,52.8,1.4,Reconductor(ACSR->ACSS),33.15,0.0,-99.3906115,27.588413625,-99.3906115,27.588413625,104.46204605730604,67.692027070313,True,ALL,generation,N1
1417,4114,4197,line,T4_light,115.0,115.0,115.0,SOUTH,165.5,231.7,66.2,1.4,Reconductor(ACSR->ACSS),27.189,24.6,-99.3906115,27.588413625,-99.005278,27.488056,102.89840489609554,75.14005640041964,True,ALL,generation,N1
1418,4114,4197,line,T4_light,115.0,115.0,115.0,SOUTH,165.5,231.7,66.2,1.4,Reconductor(ACSR->ACSS),27.189,24.6,-99.3906115,27.588413625,-99.005278,27.488056,102.89840489609554,75.14005640041964,True,ALL,generation,N1
1435,6264,4125,line,T4_light,115.0,115.0,115.0,SOUTH,333.0,466.2,133.2,1.4,Reconductor(ACSR->ACSS),9.327,8.4,-97.894958,28.733411,-97.8308125,28.6249795,105.76755500426594,78.90989019090073,True,ALL,generation,N1
1446,4129,4130,line,T4_light,115.0,115.0,115.0,SOUTH,98.0,137.2,39.2,1.4,Reconductor(ACSR->ACSS),17.793,16.1,-98.496692,27.634419,-98.62897,27.835918,103.0244821779148,72.54525231744839,True,ALL,generation,N1
1513,4172,6346,line,T4_light,115.0,115.0,115.0,SOUTH,149.0,208.6,59.6,1.4,Reconductor(ACSR->ACSS),10.877,9.8,-98.428996,28.935779,-98.48181,29.070547,101.84594979461384,71.23044269537938,True,ALL,generation,N1
1520,4176,4197,line,T5_moderate,115.0,115.0,115.0,SOUTH,216.4,378.7,162.3,1.75,HTLS Reconductor,14.549,7.5,-98.883685,27.48301875,-99.005278,27.488056,115.71000234283248,60.42089852653292,True,ALL,generation,N1
1523,4176,13423,line,T5_moderate,115.0,115.0,115.0,SOUTH,124.4,217.7,93.3,1.75,HTLS Reconductor,58.5,0.0,-98.883685,27.48301875,-98.883685,27.48301875,119.6481589520755,68.95424753140917,True,ALL,generation,N1
1538,4187,4189,line,T4_light,115.0,115.0,115.0,SOUTH,197.0,275.8,78.8,1.4,Reconductor(ACSR->ACSS),31.602,28.6,-99.214344,28.293173,-99.63215,28.4834915,108.96806526829616,77.83433233449728,True,ALL,generation,N1
1552,4197,13067,line,T6_heavy,115.0,115.0,115.0,SOUTH,187.0,411.4,224.4,2.2,New Parallel Circuit,20.09,6.7,-99.005278,27.488056,-98.91,27.44,139.4125182909472,83.63413740643439,True,ALL,generation,N1
1553,4197,13067,line,T6_heavy,115.0,115.0,115.0,SOUTH,187.0,411.4,224.4,2.2,New Parallel Circuit,20.09,6.7,-99.005278,27.488056,-98.91,27.44,139.4125182909472,83.63413740643439,True,ALL,generation,N1
1555,5003,5181,line,T4_light,161.0,161.0,161.0,NORTH,218.0,305.2,87.2,1.4,Reconductor(ACSR->ACSS),40.95,0.0,-96.6344372,32.9086048,-96.6344372,32.9086048,104.85248622172884,67.52583548333887,True,ALL,generation,N1
1558,5003,5351,line,T5_moderate,161.0,161.0,161.0,NORTH,292.1,511.2,219.1,1.75,HTLS Reconductor,74.1,0.0,-96.6344372,32.9086048,-96.6344372,32.9086048,118.92025926269565,58.337347403433334,True,ALL,generation,N1
1559,5003,5351,line,T5_moderate,161.0,161.0,161.0,NORTH,292.1,511.2,219.1,1.75,HTLS Reconductor,74.1,0.0,-96.6344372,32.9086048,-96.6344372,32.9086048,118.92025926269565,58.337347403433334,True,ALL,generation,N1
1560,5003,5436,line,T5_moderate,161.0,161.0,161.0,NORTH,236.0,413.0,177.0,1.75,HTLS Reconductor,29.362,11.9,-96.6344372,32.9086048,-96.80082027272728,32.808276409090915,120.46691943480695,60.01603029639188,True,ALL,generation,N1
1563,5005,5046,line,T7_structural,161.0,161.0,161.0,NORTH,214.7,536.8,322.0,2.5,New Corridor/Aggressive Parallel,192.69,25.8,-98.008849,32.527015,-98.187624,32.1858615,1452.7195631756754,589.8089297529654,False,ALL,generation,N1
1564,5133,5005,line,T7_structural,161.0,161.0,161.0,NORTH,187.0,467.5,280.5,2.5,New Corridor/Aggressive Parallel,92.536,12.4,-97.924354,32.362649,-98.008849,32.527015,2680.194408710841,1072.0777634843366,False,ALL,generation,N1
1565,5005,5435,line,T7_structural,161.0,161.0,161.0,NORTH,187.0,467.5,280.5,2.5,New Corridor/Aggressive Parallel,80.815,10.8,-98.008849,32.527015,-98.17276,32.600503,1026.5331532160174,416.3409527780416,False,ALL,generation,N1
1570,5006,5103,line,T4_light,161.0,161.0,161.0,NORTH,205.0,287.0,82.0,1.4,Reconductor(ACSR->ACSS),18.292,13.4,-96.80082027272728,32.808276409090915,-96.7025715,32.983810000000005,109.84771267968848,66.95604058648773,True,ALL,generation,N1
1574,5007,5012,line,T6_heavy,161.0,161.0,161.0,NORTH,251.0,552.2,301.2,2.2,New Parallel Circuit,113.1,0.0,-97.13581333333332,33.210620166666665,-97.13581333333332,33.210620166666665,134.06261539999684,79.3799490394163,True,ALL,generation,N1
1578,5347,5008,line,T5_moderate,161.0,161.0,161.0,NORTH,187.0,327.2,140.2,1.75,HTLS Reconductor,71.907,29.1,-99.1533074,32.3857988,-99.33232,32.77921550000001,113.60815478989366,55.3872667671232,True,ALL,generation,N1
1583,5010,5096,line,T5_moderate,161.0,161.0,161.0,NORTH,310.0,542.5,232.5,1.75,HTLS Reconductor,74.1,0.0,-96.73076228571428,33.04730142857143,-96.73076228571428,33.04730142857143,118.17230953039234,64.73690561518443,True,ALL,generation,N1
1584,5010,5096,line,T5_moderate,161.0,161.0,161.0,NORTH,310.0,542.5,232.5,1.75,HTLS Reconductor,74.1,0.0,-96.73076228571428,33.04730142857143,-96.73076228571428,33.04730142857143,118.17230953039234,64.73690561518443,True,ALL,generation,N1
1585,5010,5357,line,T4_light,161.0,161.0,161.0,NORTH,220.0,308.0,88.0,1.4,Reconductor(ACSR->ACSS),8.151,6.0,-96.73076228571428,33.04730142857143,-96.6508655,33.101957,103.04005230508166,76.36499729812942,True,ALL,generation,N1
1591,5012,5165,line,T5_moderate,161.0,161.0,161.0,NORTH,204.9,358.6,153.7,1.75,HTLS Reconductor,74.1,0.0,-97.13581333333332,33.210620166666665,-97.13581333333332,33.210620166666665,117.5084420445137,58.78245097262504,True,ALL,generation,N1
1593,5012,13266,line,T7_structural,161.0,161.0,161.0,NORTH,209.6,524.0,314.4,2.5,New Corridor/Aggressive Parallel,143.911,19.3,-97.13581333333332,33.210620166666665,-97.466582,33.243525500000004,229.83691895473098,112.13522475797461,False,ALL,generation,N1
1594,5013,5101,line,T5_moderate,161.0,161.0,161.0,NORTH,187.0,327.2,140.2,1.75,HTLS Reconductor,22.252,9.0,-98.805134,31.842565,-98.6525545,31.8568005,119.19684381281432,42.70046592449153,True,ALL,generation,N1
1596,5013,5226,line,T6_heavy,161.0,161.0,161.0,NORTH,187.0,411.4,224.4,2.2,New Parallel Circuit,41.106,10.9,-98.805134,31.842565,-98.776277,31.686677,147.95253956013525,55.46919701484811,True,ALL,generation,N1
1599,5014,13266,line,T7_structural,161.0,161.0,161.0,NORTH,186.5,466.2,279.8,2.5,New Corridor/Aggressive Parallel,224.25,0.0,-97.466582,33.243525500000004,-97.466582,33.243525500000004,200.90307768594909,80.36123107437963,True,ALL,generation,N1
1628,5022,5021,transformer,T4_light,500.0,161.0,500.0,NORTH,1375.0,2062.5,687.5,1.5,Transformer Replace 1.5x,20.0,0.0,-97.572841,32.708154,-97.572841,32.708154,100.83880679906787,74.62981568038616,True,ALL,generation,N1
1629,5022,5021,transformer,T4_light,500.0,161.0,500.0,NORTH,1375.0,2062.5,687.5,1.5,Transformer Replace 1.5x,20.0,0.0,-97.572841,32.708154,-97.572841,32.708154,100.83880679906787,74.62981568038616,True,ALL,generation,N1
1638,5022,5441,line,T4_light,161.0,161.0,161.0,NORTH,550.0,770.0,220.0,1.4,Reconductor(ACSR->ACSS),18.95,13.9,-97.572841,32.708154,-97.34008506896552,32.753233586206896,100.63173320165744,76.34887886146065,True,ALL,generation,N1
1639,5022,5441,line,T4_light,161.0,161.0,161.0,NORTH,550.0,770.0,220.0,1.4,Reconductor(ACSR->ACSS),18.95,13.9,-97.572841,32.708154,-97.34008506896552,32.753233586206896,100.63173320165744,76.34887886146065,True,ALL,generation,N1
1653,5027,5441,line,T5_moderate,161.0,161.0,161.0,NORTH,252.0,441.0,189.0,1.75,HTLS Reconductor,74.1,0.0,-97.34008506896552,32.753233586206896,-97.34008506896552,32.753233586206896,115.98669635125094,67.43065368936064,True,ALL,generation,N1
1657,5097,5028,line,T5_moderate,161.0,161.0,161.0,NORTH,310.0,542.5,232.5,1.75,HTLS Reconductor,38.81,15.7,-97.0886755,32.837196,-97.34008506896552,32.753233586206896,117.03712712930276,70.7321941419915,True,ALL,generation,N1
1658,5097,5028,line,T5_moderate,161.0,161.0,161.0,NORTH,310.0,542.5,232.5,1.75,HTLS Reconductor,38.81,15.7,-97.0886755,32.837196,-97.34008506896552,32.753233586206896,117.03712712930276,70.7321941419915,True,ALL,generation,N1
1673,5032,5229,line,T5_moderate,161.0,161.0,161.0,NORTH,224.0,392.0,168.0,1.75,HTLS Reconductor,74.1,0.0,-96.80082027272728,32.808276409090915,-96.80082027272728,32.808276409090915,115.74091195629656,49.30223229949343,True,ALL,generation,N1
1674,5032,5329,line,T6_heavy,161.0,161.0,161.0,NORTH,187.0,411.4,224.4,2.2,New Parallel Circuit,113.1,0.0,-96.80082027272728,32.808276409090915,-96.80082027272728,32.808276409090915,126.80306958056453,65.12948061350828,True,ALL,generation,N1
1677,5034,5033,transformer,T6_heavy,500.0,161.0,500.0,NORTH,1209.0,2418.0,1209.0,2.0,Parallel Transformer 2x,40.0,0.0,-96.80082027272728,32.808276409090915,-96.80082027272728,32.808276409090915,128.41732167709105,79.26520237026072,True,ALL,generation,N1
1686,5034,5313,line,T7_structural,161.0,161.0,161.0,NORTH,227.6,569.0,341.4,2.5,New Corridor/Aggressive Parallel,98.897,13.2,-96.80082027272728,32.808276409090915,-96.695516,32.63852,153.85760886597632,110.73824499458154,False,ALL,generation,N1
1687,5034,5329,line,T6_heavy,161.0,161.0,161.0,NORTH,204.1,449.0,244.9,2.2,New Parallel Circuit,113.1,0.0,-96.80082027272728,32.808276409090915,-96.80082027272728,32.808276409090915,126.02666644735189,93.30691856183539,True,ALL,generation,N1
1691,5044,5153,line,T5_moderate,161.0,161.0,161.0,NORTH,600.0,1050.0,450.0,1.75,HTLS Reconductor,20.503,8.3,-97.597083,33.041942,-97.723422,33.098727,112.69354529741433,63.590375484560816,True,ALL,generation,N1
1692,5044,5153,line,T5_moderate,161.0,161.0,161.0,NORTH,600.0,1050.0,450.0,1.75,HTLS Reconductor,20.503,8.3,-97.597083,33.041942,-97.723422,33.098727,112.69354529741433,63.590375484560816,True,ALL,generation,N1
1695,5044,5312,line,T6_heavy,161.0,161.0,161.0,NORTH,326.0,717.2,391.2,2.2,New Parallel Circuit,37.747,10.0,-97.597083,33.041942,-97.561179,32.900196,127.38353644957084,69.03566664807002,True,ALL,generation,N1
1696,5044,5312,line,T6_heavy,161.0,161.0,161.0,NORTH,326.0,717.2,391.2,2.2,New Parallel Circuit,37.747,10.0,-97.597083,33.041942,-97.561179,32.900196,127.38353644957084,69.03566664807002,True,ALL,generation,N1
1697,5046,5045,transformer,T7_structural,500.0,161.0,500.0,NORTH,550.0,1650.0,1100.0,3.0,Major Transformer 3x,55.0,0.0,-98.187624,32.1858615,-98.187624,32.1858615,424.4269132579032,158.07677144980877,False,ALL,generation,N1
1704,5286,5046,line,T7_structural,161.0,161.0,161.0,NORTH,187.0,467.5,280.5,2.5,New Corridor/Aggressive Parallel,98.816,13.2,-98.4123355,32.20698,-98.187624,32.1858615,262.8689619857473,100.7868210756201,False,ALL,generation,N1
1705,5046,13018,line,T7_structural,161.0,161.0,161.0,NORTH,214.1,535.2,321.1,2.5,New Corridor/Aggressive Parallel,224.25,0.0,-98.187624,32.1858615,-98.187624,32.1858615,344.3894536981625,126.59807781254294,False,ALL,generation,N1
1710,5047,5448,line,T5_moderate,500.0,500.0,500.0,NORTH,2034.0,3559.5,1525.5,1.75,HTLS Reconductor,101.578,18.4,-97.188374,32.503973,-97.010181,32.723688,119.42668538070033,67.63141792899782,True,ALL,generation,N1
1714,5047,12556,line,T5_moderate,500.0,500.0,500.0,NORTH,2034.0,3559.5,1525.5,1.75,HTLS Reconductor,324.847,58.8,-97.188374,32.503973,-97.93385,33.07965,114.78111013041614,63.73260936771235,True,ALL,generation,N1
1745,5060,5059,transformer,T4_light,161.0,115.0,161.0,NORTH,151.0,226.5,75.5,1.5,Transformer Replace 1.5x,4.5,0.0,-96.092445,32.357217500000004,-96.092445,32.357217500000004,104.6073279015168,92.43806940601186,True,ALL,generation,N1
1746,5059,5426,line,T7_structural,161.0,161.0,161.0,NORTH,251.0,627.5,376.5,2.5,New Corridor/Aggressive Parallel,66.75,8.9,-96.092445,32.357217500000004,-96.245039,32.366686,155.69035993769546,71.67104924928995,True,ALL,generation,N1
1747,8148,5059,line,T5_moderate,161.0,161.0,161.0,NORTH,310.0,542.5,232.5,1.75,HTLS Reconductor,37.496,15.2,-96.1482745,32.142643,-96.092445,32.357217500000004,111.00931145446287,67.64484219612574,True,ALL,generation,N1
1748,5060,8065,line,T7_structural,115.0,115.0,115.0,NORTH,137.0,342.5,205.5,2.5,New Corridor/Aggressive Parallel,93.74,15.2,-96.092445,32.357217500000004,-96.1482745,32.142643,160.4504125045915,79.19189115463267,True,ALL,generation,N1
1749,5064,5063,transformer,T4_light,500.0,161.0,500.0,NORTH,1277.0,1915.5,638.5,1.5,Transformer Replace 1.5x,20.0,0.0,-97.12502636363637,32.69967490909091,-97.12502636363637,32.69967490909091,101.66038016324455,80.68649910222143,True,ALL,generation,N1
1750,5064,5063,transformer,T4_light,500.0,161.0,500.0,NORTH,1277.0,1915.5,638.5,1.5,Transformer Replace 1.5x,20.0,0.0,-97.12502636363637,32.69967490909091,-97.12502636363637,32.69967490909091,101.66038016324455,80.68649910222143,True,ALL,generation,N1
1761,5064,5125,line,T6_heavy,161.0,161.0,161.0,NORTH,217.3,478.1,260.8,2.2,New Parallel Circuit,113.1,0.0,-97.12502636363637,32.69967490909091,-97.12502636363637,32.69967490909091,126.07674018876331,102.75814040121439,False,ALL,generation,N1
1769,5138,5071,line,T4_light,161.0,161.0,161.0,NORTH,251.0,351.4,100.4,1.4,Reconductor(ACSR->ACSS),40.95,0.0,-97.145583,31.5590085,-97.145583,31.5590085,102.40645292139617,66.55085963115908,True,ALL,generation,N1
1770,5071,5359,line,T5_moderate,161.0,161.0,161.0,NORTH,310.0,542.5,232.5,1.75,HTLS Reconductor,37.881,15.3,-97.145583,31.5590085,-96.93121275,31.43308425,120.01787041440421,64.3087414185883,True,ALL,generation,N1
1784,5075,5231,line,T6_heavy,161.0,161.0,161.0,NORTH,225.2,495.4,270.2,2.2,New Parallel Circuit,60.309,16.0,-98.049081,31.553908,-98.213739,31.738177,148.91437891507434,59.47976964777692,True,ALL,generation,N1
1789,5227,5076,line,T6_heavy,161.0,161.0,161.0,NORTH,187.0,411.4,224.4,2.2,New Parallel Circuit,113.1,0.0,-96.243079,32.788987000000006,-96.243079,32.788987000000006,138.16103933953167,67.41862157404833,True,ALL,generation,N1
1814,5157,5085,line,T4_light,161.0,161.0,161.0,NORTH,251.0,351.4,100.4,1.4,Reconductor(ACSR->ACSS),20.327,14.9,-96.864075,32.599427,-96.80082027272728,32.808276409090915,107.76028594313945,50.52948649681013,True,ALL,generation,N1
1815,5085,5194,line,T5_moderate,161.0,161.0,161.0,NORTH,211.2,369.6,158.4,1.75,HTLS Reconductor,31.253,12.7,-96.80082027272728,32.808276409090915,-96.914175,32.651936,124.21971981167037,59.08380942708384,True,ALL,generation,N1
1816,5085,5353,line,T6_heavy,161.0,161.0,161.0,NORTH,191.3,420.9,229.6,2.2,New Parallel Circuit,47.702,12.7,-96.80082027272728,32.808276409090915,-96.914175,32.651936,135.0087974014297,96.46394691352712,True,ALL,generation,N1
1817,5085,5462,line,T6_heavy,161.0,161.0,161.0,NORTH,212.7,467.9,255.2,2.2,New Parallel Circuit,113.1,0.0,-96.80082027272728,32.808276409090915,-96.80082027272728,32.808276409090915,131.85136232000872,85.17416349407642,True,ALL,generation,N1
1831,5088,5290,line,T4_light,161.0,161.0,161.0,NORTH,321.0,449.4,128.4,1.4,Reconductor(ACSR->ACSS),8.957,6.6,-97.46203133333334,31.819786000000004,-97.3667,31.8694,108.61793613374088,67.03723407219945,True,ALL,generation,N1
1832,5088,5290,line,T4_light,161.0,161.0,161.0,NORTH,321.0,449.4,128.4,1.4,Reconductor(ACSR->ACSS),8.957,6.6,-97.46203133333334,31.819786000000004,-97.3667,31.8694,108.61793613374088,67.03723407219945,True,ALL,generation,N1
1833,5088,5393,line,T5_moderate,161.0,161.0,161.0,NORTH,251.0,439.2,188.2,1.75,HTLS Reconductor,24.799,10.0,-97.46203133333334,31.819786000000004,-97.374883,31.694792,121.59776715648906,54.0124383467491,True,ALL,generation,N1
1834,5088,5407,line,T7_structural,161.0,161.0,161.0,NORTH,221.7,554.2,332.5,2.5,New Corridor/Aggressive Parallel,224.25,0.0,-97.46203133333334,31.819786000000004,-97.46203133333334,31.819786000000004,263.3117154410595,117.94428894277915,False,ALL,generation,N1
1835,5088,12547,transformer,T4_light,500.0,161.0,500.0,NORTH,800.0,1200.0,400.0,1.5,Transformer Replace 1.5x,20.0,0.0,-97.46203133333334,31.819786000000004,-97.46203133333334,31.819786000000004,107.89970334729387,73.23594045973518,True,ALL,generation,N1
1843,5171,5091,line,T4_light,161.0,161.0,161.0,NORTH,251.0,351.4,100.4,1.4,Reconductor(ACSR->ACSS),8.541,6.3,-96.91458,32.043976,-96.807932,32.038687,108.54730466436179,72.16116274883584,True,ALL,generation,N1
1844,5091,5257,line,T4_light,161.0,161.0,161.0,NORTH,251.0,351.4,100.4,1.4,Reconductor(ACSR->ACSS),13.559,9.9,-96.807932,32.038687,-96.85118,32.177712,106.42379868826609,70.64437276591033,True,ALL,generation,N1
1846,5453,5092,line,T4_light,161.0,161.0,161.0,NORTH,250.0,350.0,100.0,1.4,Reconductor(ACSR->ACSS),24.304,17.8,-97.458078,32.3380315,-97.16076,32.280923,106.78499940919012,74.28780218624573,True,ALL,generation,N1
1848,5093,5254,line,T4_light,161.0,161.0,161.0,NORTH,245.0,343.0,98.0,1.4,Reconductor(ACSR->ACSS),12.098,8.9,-97.377255,32.986624,-97.22672,33.009335,108.71700763400872,77.92806225584361,True,ALL,generation,N1
1851,5093,5434,line,T4_light,161.0,161.0,161.0,NORTH,310.0,434.0,124.0,1.4,Reconductor(ACSR->ACSS),5.479,4.0,-97.377255,32.986624,-97.444409,33.00085,100.94615423687236,63.00498648390997,True,ALL,generation,N1
1852,5093,5434,line,T4_light,161.0,161.0,161.0,NORTH,310.0,434.0,124.0,1.4,Reconductor(ACSR->ACSS),5.479,4.0,-97.377255,32.986624,-97.444409,33.00085,100.94615423687236,63.00498648390997,True,ALL,generation,N1
1853,5094,5381,line,T5_moderate,161.0,161.0,161.0,NORTH,310.0,542.5,232.5,1.75,HTLS Reconductor,15.584,6.3,-96.706121,32.23256,-96.675,32.32,120.1437524781112,65.68420614631081,True,ALL,generation,N1
1856,5277,5095,line,T5_moderate,161.0,161.0,161.0,NORTH,301.0,526.8,225.8,1.75,HTLS Reconductor,13.748,5.6,-96.950551,33.176495,-97.005469,33.110351,121.44521255638276,70.10211701704873,True,ALL,generation,N1
1857,5341,5095,line,T6_heavy,161.0,161.0,161.0,NORTH,265.0,583.0,318.0,2.2,New Parallel Circuit,9.353,2.5,-97.0124115,33.07492,-97.005469,33.110351,125.85152660582648,57.8420852655288,True,ALL,generation,N1
1861,5096,5412,line,T6_heavy,161.0,161.0,161.0,NORTH,291.0,640.2,349.2,2.2,New Parallel Circuit,43.736,11.6,-96.73076228571428,33.04730142857143,-96.534936,33.012135,129.45518975111833,73.01198330891626,True,ALL,generation,N1
1864,5097,5125,line,T6_heavy,161.0,161.0,161.0,NORTH,205.3,451.7,246.4,2.2,New Parallel Circuit,36.696,9.7,-97.0886755,32.837196,-97.12502636363637,32.69967490909091,125.39395011884925,81.06385492386889,True,ALL,generation,N1
1865,5098,5453,line,T4_light,161.0,161.0,161.0,NORTH,310.0,434.0,124.0,1.4,Reconductor(ACSR->ACSS),40.267,29.5,-97.34008506896552,32.753233586206896,-97.458078,32.3380315,101.68035890774875,72.2560889484848,True,ALL,generation,N1
1871,5250,5100,line,T5_moderate,161.0,161.0,161.0,NORTH,409.0,715.8,306.8,1.75,HTLS Reconductor,74.1,0.0,-96.80082027272728,32.808276409090915,-96.80082027272728,32.808276409090915,115.87809417874311,62.45394246498623,True,ALL,generation,N1
1872,5250,5100,line,T5_moderate,161.0,161.0,161.0,NORTH,409.0,715.8,306.8,1.75,HTLS Reconductor,74.1,0.0,-96.80082027272728,32.808276409090915,-96.80082027272728,32.808276409090915,115.87809417874311,62.45394246498623,True,ALL,generation,N1
1873,5250,5100,line,T5_moderate,161.0,161.0,161.0,NORTH,409.0,715.8,306.8,1.75,HTLS Reconductor,74.1,0.0,-96.80082027272728,32.808276409090915,-96.80082027272728,32.808276409090915,115.87809417874311,62.45394246498623,True,ALL,generation,N1
1874,5100,5272,line,T6_heavy,161.0,161.0,161.0,NORTH,204.2,449.2,245.0,2.2,New Parallel Circuit,113.1,0.0,-96.80082027272728,32.808276409090915,-96.80082027272728,32.808276409090915,125.49937599879884,86.64791651146678,True,ALL,generation,N1
1877,5100,5352,line,T5_moderate,161.0,161.0,161.0,NORTH,238.0,416.5,178.5,1.75,HTLS Reconductor,74.1,0.0,-96.80082027272728,32.808276409090915,-96.80082027272728,32.808276409090915,117.38312205061223,62.60516133258656,True,ALL,generation,N1
1879,5101,13018,line,T7_structural,161.0,161.0,161.0,NORTH,188.4,471.0,282.6,2.5,New Corridor/Aggressive Parallel,265.204,35.5,-98.6525545,31.8568005,-98.187624,32.1858615,311.0036413624709,101.8771447183789,False,ALL,generation,N1
1880,5101,13051,line,T7_structural,161.0,161.0,161.0,NORTH,222.1,555.2,333.1,2.5,New Corridor/Aggressive Parallel,224.25,0.0,-98.6525545,31.8568005,-98.6525545,31.8568005,152.69521375616893,59.73789021785282,True,ALL,generation,N1
1889,5103,5139,line,T5_moderate,161.0,161.0,161.0,NORTH,233.0,407.8,174.8,1.75,HTLS Reconductor,33.1,13.4,-96.7025715,32.983810000000005,-96.80082027272728,32.808276409090915,116.27198736075293,57.67938598203886,True,ALL,generation,N1
1891,5447,5104,line,T4_light,161.0,161.0,161.0,NORTH,363.0,508.2,145.2,1.4,Reconductor(ACSR->ACSS),17.795,13.0,-97.12502636363637,32.69967490909091,-97.34008506896552,32.753233586206896,101.13944828937886,67.88292402292986,True,ALL,generation,N1
1892,5447,5104,line,T4_light,161.0,161.0,161.0,NORTH,363.0,508.2,145.2,1.4,Reconductor(ACSR->ACSS),17.795,13.0,-97.12502636363637,32.69967490909091,-97.34008506896552,32.753233586206896,101.13944828937886,67.88292402292986,True,ALL,generation,N1
1898,5105,5253,line,T6_heavy,161.0,161.0,161.0,NORTH,235.0,517.0,282.0,2.2,New Parallel Circuit,52.515,13.9,-96.9700122,32.8603614,-97.092488,33.0338,130.6434607523546,73.67533284241871,True,ALL,generation,N1
1904,5108,5353,line,T5_moderate,161.0,161.0,161.0,NORTH,251.0,439.2,188.2,1.75,HTLS Reconductor,31.253,12.7,-96.80082027272728,32.808276409090915,-96.914175,32.651936,120.88328228406179,79.8032912166287,True,ALL,generation,N1
1905,5449,5108,line,T5_moderate,161.0,161.0,161.0,NORTH,310.0,542.5,232.5,1.75,HTLS Reconductor,33.333,13.5,-97.010181,32.723688,-96.80082027272728,32.808276409090915,116.06739107516823,85.53433006829198,True,ALL,generation,N1
1906,5449,5108,line,T5_moderate,161.0,161.0,161.0,NORTH,310.0,542.5,232.5,1.75,HTLS Reconductor,33.333,13.5,-97.010181,32.723688,-96.80082027272728,32.808276409090915,116.06739107516823,85.53433006829198,True,ALL,generation,N1
1907,5449,5108,line,T5_moderate,161.0,161.0,161.0,NORTH,310.0,542.5,232.5,1.75,HTLS Reconductor,33.333,13.5,-97.010181,32.723688,-96.80082027272728,32.808276409090915,116.06739107516823,85.53433006829198,True,ALL,generation,N1
1908,5274,5109,line,T7_structural,161.0,161.0,161.0,NORTH,251.0,627.5,376.5,2.5,New Corridor/Aggressive Parallel,40.25,5.4,-96.674333,32.605192,-96.7651095,32.5902035,225.07349167797975,118.18815792038352,False,ALL,generation,N1
1909,5109,5333,line,T7_structural,161.0,161.0,161.0,NORTH,251.0,627.5,376.5,2.5,New Corridor/Aggressive Parallel,39.833,5.3,-96.7651095,32.5902035,-96.807315,32.521773,166.52589641434264,66.61035856573706,True,ALL,generation,N1
1917,5112,5133,line,T7_structural,161.0,161.0,161.0,NORTH,187.0,467.5,280.5,2.5,New Corridor/Aggressive Parallel,187.426,25.1,-97.8826,32.001481,-97.924354,32.362649,2680.1944087108404,1072.0777634843362,False,ALL,generation,N1
1918,5191,5112,line,T7_structural,161.0,161.0,161.0,NORTH,187.0,467.5,280.5,2.5,New Corridor/Aggressive Parallel,87.473,11.7,-97.710123,31.916215,-97.8826,32.001481,780.0301110984951,287.3338008331316,False,ALL,generation,N1
1919,5112,5246,line,T7_structural,161.0,161.0,161.0,NORTH,187.0,467.5,280.5,2.5,New Corridor/Aggressive Parallel,136.231,18.2,-97.8826,32.001481,-97.790381,32.253423999999995,684.7872013843028,280.2567142759293,False,ALL,generation,N1
1920,5286,5112,line,T7_structural,161.0,161.0,161.0,NORTH,150.0,375.0,225.0,2.5,New Corridor/Aggressive Parallel,254.906,34.1,-98.4123355,32.20698,-97.8826,32.001481,614.7939475159645,277.23522659526515,False,ALL,generation,N1
1921,5112,5318,line,T7_structural,161.0,161.0,161.0,NORTH,242.8,607.0,364.2,2.5,New Corridor/Aggressive Parallel,225.301,30.1,-97.8826,32.001481,-97.69946625,32.40925625,565.1664945109121,220.84115097564623,False,ALL,generation,N1
1922,5113,5195,line,T6_heavy,161.0,161.0,161.0,NORTH,251.0,552.2,301.2,2.2,New Parallel Circuit,64.424,17.1,-97.3420515,33.318023,-97.173782,33.114675,147.90683875633084,87.28607080683923,True,ALL,generation,N1
1923,5113,5218,line,T6_heavy,161.0,161.0,161.0,NORTH,187.0,411.4,224.4,2.2,New Parallel Circuit,56.794,15.1,-97.3420515,33.318023,-97.340499,33.099993,137.08281879531577,70.28738462233389,True,ALL,generation,N1
1926,5113,13330,line,T5_moderate,161.0,161.0,161.0,NORTH,306.6,536.6,230.0,1.75,HTLS Reconductor,74.1,0.0,-97.3420515,33.318023,-97.3420515,33.318023,120.4734914458731,91.848590562323,True,ALL,generation,N1
1927,5219,5114,line,T6_heavy,161.0,161.0,161.0,NORTH,187.0,411.4,224.4,2.2,New Parallel Circuit,39.284,10.4,-96.428985,32.533273,-96.255103,32.568801,127.8028920053234,63.499736013417525,True,ALL,generation,N1
1939,5118,5456,line,T4_light,161.0,161.0,161.0,NORTH,251.0,351.4,100.4,1.4,Reconductor(ACSR->ACSS),29.808,21.8,-99.225355,32.359033,-98.98514,32.116953,104.85879342626549,63.668091474171185,True,ALL,generation,N1
1956,5122,5308,line,T6_heavy,161.0,161.0,161.0,NORTH,251.0,552.2,301.2,2.2,New Parallel Circuit,56.283,14.9,-96.80082027272728,32.808276409090915,-96.5458,32.8358,129.42160814295158,91.90258062945853,True,ALL,generation,N1
1962,5125,5330,line,T4_light,161.0,161.0,161.0,NORTH,211.4,296.0,84.6,1.4,Reconductor(ACSR->ACSS),40.95,0.0,-97.12502636363637,32.69967490909091,-97.12502636363637,32.69967490909091,100.33561038536581,80.21137574868331,True,ALL,generation,N1
1966,5191,5127,line,T7_structural,161.0,161.0,161.0,NORTH,187.0,467.5,280.5,2.5,New Corridor/Aggressive Parallel,86.561,11.6,-97.710123,31.916215,-97.804426,31.769003,254.2785538630189,88.77201320019475,True,ALL,generation,N1
1967,5127,5231,line,T5_moderate,161.0,161.0,161.0,NORTH,187.0,327.2,140.2,1.75,HTLS Reconductor,59.631,24.1,-97.804426,31.769003,-98.213739,31.738177,119.1674703214535,54.12281661003685,True,ALL,generation,N1
1968,5314,5127,line,T6_heavy,161.0,161.0,161.0,NORTH,187.0,411.4,224.4,2.2,New Parallel Circuit,71.729,19.0,-97.506079,31.662159,-97.804426,31.769003,138.05226001215388,59.1619456379594,True,ALL,generation,N1
1983,5131,5279,line,T5_moderate,500.0,500.0,500.0,NORTH,2020.0,3535.0,1515.0,1.75,HTLS Reconductor,62.358,11.3,-97.499909,31.051688,-97.314427,31.08967366666667,116.61903559956363,64.37388598763683,True,ALL,generation,N1
1986,5163,5132,line,T7_structural,161.0,161.0,161.0,NORTH,251.0,627.5,376.5,2.5,New Corridor/Aggressive Parallel,47.884,6.4,-97.604369,31.075955,-97.499909,31.051688,150.06396460563164,75.55792602386775,True,ALL,generation,N1
1987,5132,5390,line,T7_structural,161.0,161.0,161.0,NORTH,343.0,857.5,514.5,2.5,New Corridor/Aggressive Parallel,132.239,17.7,-97.499909,31.051688,-97.2120625,30.983119,196.9128873993921,88.22485875577969,True,ALL,generation,N1
1990,5155,5135,line,T7_structural,161.0,161.0,161.0,NORTH,279.0,697.5,418.5,2.5,New Corridor/Aggressive Parallel,136.095,18.2,-98.666449,32.759373,-98.66402,32.495875,166.61860041180134,81.96904572531814,True,ALL,generation,N1
1991,5169,5135,line,T5_moderate,161.0,161.0,161.0,NORTH,187.0,327.2,140.2,1.75,HTLS Reconductor,61.217,24.8,-98.4123355,32.20698,-98.66402,32.495875,113.0357069586002,74.8993345344224,True,ALL,generation,N1
2011,5389,5144,line,T7_structural,161.0,161.0,161.0,NORTH,187.0,467.5,280.5,2.5,New Corridor/Aggressive Parallel,224.25,0.0,-97.145583,31.5590085,-97.145583,31.5590085,151.4517282988265,61.5128393908038,True,ALL,generation,N1
2014,5145,5323,line,T4_light,161.0,161.0,161.0,NORTH,310.0,434.0,124.0,1.4,Reconductor(ACSR->ACSS),18.421,13.5,-97.010181,32.723688,-96.80082027272728,32.808276409090915,105.31227198681046,64.43832637373198,True,ALL,generation,N1
2015,5145,5323,line,T4_light,161.0,161.0,161.0,NORTH,310.0,434.0,124.0,1.4,Reconductor(ACSR->ACSS),18.421,13.5,-97.010181,32.723688,-96.80082027272728,32.808276409090915,105.31227198681046,64.43832637373198,True,ALL,generation,N1
2016,5145,5323,line,T4_light,161.0,161.0,161.0,NORTH,310.0,434.0,124.0,1.4,Reconductor(ACSR->ACSS),18.421,13.5,-97.010181,32.723688,-96.80082027272728,32.808276409090915,105.31227198681046,64.43832637373198,True,ALL,generation,N1
2027,5148,5457,line,T5_moderate,161.0,161.0,161.0,NORTH,187.0,327.2,140.2,1.75,HTLS Reconductor,26.299,10.6,-96.9700122,32.8603614,-97.149641,32.891787,123.0521495304027,64.70677324256341,True,ALL,generation,N1
2034,5154,5151,line,T5_moderate,161.0,161.0,161.0,NORTH,187.0,327.2,140.2,1.75,HTLS Reconductor,34.577,14.0,-97.343521,32.116002,-97.52976,31.988989,113.07649975153491,58.265494887823415,True,ALL,generation,N1
2035,5191,5151,line,T7_structural,161.0,161.0,161.0,NORTH,187.0,467.5,280.5,2.5,New Corridor/Aggressive Parallel,87.521,11.7,-97.710123,31.916215,-97.52976,31.988989,211.24005796388096,75.86724937219762,True,ALL,generation,N1
2036,5407,5151,line,T6_heavy,161.0,161.0,161.0,NORTH,187.0,411.4,224.4,2.2,New Parallel Circuit,46.55,12.3,-97.46203133333334,31.819786000000004,-97.52976,31.988989,134.26270600098522,62.990407825408944,True,ALL,generation,N1
2041,5153,12555,line,T4_light,161.0,161.0,161.0,NORTH,488.0,683.2,195.2,1.4,Reconductor(ACSR->ACSS),16.725,12.3,-97.723422,33.098727,-97.93385,33.07965,107.56776171365432,85.01244574380163,True,ALL,generation,N1
2042,5153,12555,line,T4_light,161.0,161.0,161.0,NORTH,488.0,683.2,195.2,1.4,Reconductor(ACSR->ACSS),16.725,12.3,-97.723422,33.098727,-97.93385,33.07965,107.56776171365432,85.01244574380163,True,ALL,generation,N1
2044,5154,5247,line,T7_structural,161.0,161.0,161.0,NORTH,187.0,467.5,280.5,2.5,New Corridor/Aggressive Parallel,101.524,13.6,-97.343521,32.116002,-97.575601,32.117538,167.9670249496236,56.513068838320564,True,ALL,generation,N1
2045,5290,5154,line,T7_structural,161.0,161.0,161.0,NORTH,251.0,627.5,376.5,2.5,New Corridor/Aggressive Parallel,127.769,17.1,-97.3667,31.8694,-97.343521,32.116002,161.72166358598707,51.51851486301735,True,ALL,generation,N1
2047,5155,12636,line,T7_structural,161.0,161.0,161.0,NORTH,294.0,735.0,441.0,2.5,New Corridor/Aggressive Parallel,191.895,25.7,-98.666449,32.759373,-98.7321385,33.1268065,165.98014651075852,89.10321946917419,True,ALL,generation,N1
2049,5456,5156,line,T4_light,161.0,161.0,161.0,NORTH,295.0,413.0,118.0,1.4,Reconductor(ACSR->ACSS),18.114,13.3,-98.98514,32.116953,-98.927404,31.931233,105.39759956100386,65.08272001293997,True,ALL,generation,N1
2051,5157,5194,line,T7_structural,161.0,161.0,161.0,NORTH,187.0,467.5,280.5,2.5,New Corridor/Aggressive Parallel,34.791,4.7,-96.864075,32.599427,-96.914175,32.651936,153.03750555129366,79.2166629386784,True,ALL,generation,N1
2052,5333,5157,line,T6_heavy,161.0,161.0,161.0,NORTH,310.0,682.0,372.0,2.2,New Parallel Circuit,23.758,6.3,-96.807315,32.521773,-96.864075,32.599427,136.56897812558904,64.9659223648231,True,ALL,generation,N1
2053,5333,5157,line,T6_heavy,161.0,161.0,161.0,NORTH,310.0,682.0,372.0,2.2,New Parallel Circuit,23.758,6.3,-96.807315,32.521773,-96.864075,32.599427,136.56897812558904,64.9659223648231,True,ALL,generation,N1
2054,5157,5376,line,T7_structural,161.0,161.0,161.0,NORTH,233.5,583.8,350.2,2.5,New Corridor/Aggressive Parallel,111.314,14.9,-96.864075,32.599427,-96.80082027272728,32.808276409090915,159.56236892932768,84.89190286286906,True,ALL,generation,N1
2085,5169,5264,line,T5_moderate,161.0,161.0,161.0,NORTH,234.7,410.7,176.0,1.75,HTLS Reconductor,25.54,10.3,-98.4123355,32.20698,-98.552257,32.298594,112.28659850816514,63.1720331196884,True,ALL,generation,N1
2086,5169,5456,line,T7_structural,161.0,161.0,161.0,NORTH,264.9,662.2,397.3,2.5,New Corridor/Aggressive Parallel,254.723,34.1,-98.4123355,32.20698,-98.98514,32.116953,175.7832910168433,67.52761707571484,True,ALL,generation,N1
2087,5169,5471,line,T7_structural,161.0,161.0,161.0,NORTH,187.0,467.5,280.5,2.5,New Corridor/Aggressive Parallel,86.231,11.5,-98.4123355,32.20698,-98.377389,32.371306,380.1226472700598,139.13372923735764,False,ALL,generation,N1
2088,5171,5174,line,T4_light,161.0,161.0,161.0,NORTH,251.0,351.4,100.4,1.4,Reconductor(ACSR->ACSS),14.567,10.7,-96.91458,32.043976,-96.8751,31.8932,108.96961542133393,72.4628132895302,True,ALL,generation,N1
2092,5174,5201,line,T4_light,161.0,161.0,161.0,NORTH,242.0,338.8,96.8,1.4,Reconductor(ACSR->ACSS),17.822,13.1,-96.8751,31.8932,-96.818676,31.710422,108.77936904115866,73.00157448533547,True,ALL,generation,N1
2095,5175,5370,line,T5_moderate,161.0,161.0,161.0,NORTH,474.0,829.5,355.5,1.75,HTLS Reconductor,29.108,11.8,-97.13581333333332,33.210620166666665,-97.0124115,33.07492,113.9437365409522,69.78197319702183,True,ALL,generation,N1
2096,5175,5370,line,T5_moderate,161.0,161.0,161.0,NORTH,474.0,829.5,355.5,1.75,HTLS Reconductor,29.108,11.8,-97.13581333333332,33.210620166666665,-97.0124115,33.07492,113.9437365409522,69.78197319702183,True,ALL,generation,N1
2099,5177,5287,line,T4_light,161.0,161.0,161.0,NORTH,360.0,504.0,144.0,1.4,Reconductor(ACSR->ACSS),40.95,0.0,-97.12502636363637,32.69967490909091,-97.12502636363637,32.69967490909091,101.28460682323255,64.2166300739776,True,ALL,generation,N1
2100,5258,5178,line,T4_light,161.0,161.0,161.0,NORTH,187.0,261.8,74.8,1.4,Reconductor(ACSR->ACSS),13.856,10.2,-96.4916,32.7563,-96.4445225,32.897791,104.36488941028081,65.8861259754822,True,ALL,generation,N1
2106,5179,8043,line,T4_light,500.0,500.0,500.0,NORTH,2768.0,3875.2,1107.2,1.4,Reconductor(ACSR->ACSS),76.971,23.7,-96.38666966666666,32.061173333333336,-96.08704033333332,31.83128633333333,104.47670506392765,67.95304287889913,True,ALL,generation,N1
2112,5183,5224,line,T4_light,161.0,161.0,161.0,NORTH,251.0,351.4,100.4,1.4,Reconductor(ACSR->ACSS),40.95,0.0,-96.88981733333333,33.00596633333333,-96.88981733333333,33.00596633333333,102.57397078353289,73.26712198823756,True,ALL,generation,N1
2114,5387,5184,line,T4_light,161.0,161.0,161.0,NORTH,251.0,351.4,100.4,1.4,Reconductor(ACSR->ACSS),40.95,0.0,-97.34008506896552,32.753233586206896,-97.34008506896552,32.753233586206896,109.15233977164183,77.96595697974406,True,ALL,generation,N1
2118,5186,5269,line,T4_light,161.0,161.0,161.0,NORTH,183.9,257.5,73.6,1.4,Reconductor(ACSR->ACSS),1.519,1.1,-97.072628,32.452281,-97.0540165,32.448697,105.51518238852452,61.56840619983275,True,ALL,generation,N1
2124,5188,5253,line,T6_heavy,161.0,161.0,161.0,NORTH,187.0,411.4,224.4,2.2,New Parallel Circuit,44.855,11.9,-96.88981733333333,33.00596633333333,-97.092488,33.0338,126.27312248211909,76.34084104585088,True,ALL,generation,N1
2134,5190,5255,line,T4_light,161.0,161.0,161.0,NORTH,251.0,351.4,100.4,1.4,Reconductor(ACSR->ACSS),29.197,21.4,-98.333604,32.587603,-97.993148,32.704456,101.55419543056472,45.81862266606181,True,ALL,generation,N1
2135,5190,5264,line,T5_moderate,161.0,161.0,161.0,NORTH,251.0,439.2,188.2,1.75,HTLS Reconductor,58.519,23.7,-98.333604,32.587603,-98.552257,32.298594,120.8361022924381,31.544556921300128,True,ALL,generation,N1
2137,5191,5407,line,T7_structural,161.0,161.0,161.0,NORTH,187.0,467.5,280.5,2.5,New Corridor/Aggressive Parallel,119.675,16.0,-97.710123,31.916215,-97.46203133333334,31.819786000000004,318.8609881963398,124.43433383063666,False,ALL,generation,N1
2138,5193,5192,transformer,T4_light,500.0,161.0,500.0,NORTH,890.0,1335.0,445.0,1.5,Transformer Replace 1.5x,20.0,0.0,-97.7609485,31.05193475,-97.7609485,31.05193475,100.86698220554638,77.1998077194842,True,ALL,generation,N1
2140,5193,5411,line,T7_structural,161.0,161.0,161.0,NORTH,223.8,559.5,335.7,2.5,New Corridor/Aggressive Parallel,224.25,0.0,-97.7609485,31.05193475,-97.7609485,31.05193475,195.97048845622217,83.47762918535791,True,ALL,generation,N1
2141,5193,6316,line,T7_structural,161.0,161.0,161.0,NORTH,187.0,467.5,280.5,2.5,New Corridor/Aggressive Parallel,174.009,23.3,-97.7609485,31.05193475,-97.72702366666664,30.716280333333337,173.06641094349607,95.38866712502627,True,ALL,generation,N1
2142,5194,5330,line,T5_moderate,161.0,161.0,161.0,NORTH,251.0,439.2,188.2,1.75,HTLS Reconductor,31.366,12.7,-96.914175,32.651936,-97.12502636363637,32.69967490909091,113.9707932895742,53.78183253873716,True,ALL,generation,N1
2143,5194,5353,line,T5_moderate,161.0,161.0,161.0,NORTH,242.0,423.5,181.5,1.75,HTLS Reconductor,74.1,0.0,-96.914175,32.651936,-96.914175,32.651936,110.75492178293615,77.82932944846625,True,ALL,generation,N1
2158,5276,5201,line,T7_structural,161.0,161.0,161.0,NORTH,251.0,627.5,376.5,2.5,New Corridor/Aggressive Parallel,104.778,14.0,-96.84912,31.509216,-96.818676,31.710422,207.44593035270708,84.49682881025112,True,ALL,generation,N1
2163,5203,5465,line,T5_moderate,161.0,161.0,161.0,NORTH,237.0,414.8,177.8,1.75,HTLS Reconductor,59.214,24.0,-96.80082027272728,32.808276409090915,-96.8232695,33.154732499999994,114.76872834628583,57.07104011035094,True,ALL,generation,N1
2165,5206,5204,transformer,T7_structural,500.0,13.8,500.0,NORTH,357.6,1072.8,715.2,3.0,Major Transformer 3x,55.0,0.0,-97.93385,33.07965,-97.93385,33.07965,253.4295191617087,84.47650638723623,True,ALL,generation,N1
2166,5207,5204,transformer,T7_structural,500.0,13.8,500.0,NORTH,397.9,1193.7,795.8,3.0,Major Transformer 3x,55.0,0.0,-97.93385,33.07965,-97.93385,33.07965,241.50226187484293,81.15523163273856,True,ALL,generation,N1
2167,5208,5204,transformer,T7_structural,500.0,13.8,500.0,NORTH,257.8,773.4,515.6,3.0,Major Transformer 3x,55.0,0.0,-97.93385,33.07965,-97.93385,33.07965,199.70665244375485,66.66989914662528,True,ALL,generation,N1
2170,12532,5204,transformer,T7_structural,500.0,13.8,500.0,NORTH,260.5,781.5,521.0,3.0,Major Transformer 3x,55.0,0.0,-97.93385,33.07965,-97.93385,33.07965,197.936660268714,65.86634048612308,True,ALL,generation,N1
2171,12533,5204,transformer,T7_structural,500.0,13.8,500.0,NORTH,212.6,637.8,425.2,3.0,Major Transformer 3x,55.0,0.0,-97.93385,33.07965,-97.93385,33.07965,242.11921491018433,80.70640497006147,True,ALL,generation,N1
2172,12534,5204,transformer,T7_structural,500.0,13.8,500.0,NORTH,245.8,737.4,491.6,3.0,Major Transformer 3x,55.0,0.0,-97.93385,33.07965,-97.93385,33.07965,201.21366828611448,67.3820179007323,True,ALL,generation,N1
2176,5247,5209,line,T7_structural,161.0,161.0,161.0,NORTH,187.0,467.5,280.5,2.5,New Corridor/Aggressive Parallel,72.645,9.7,-97.575601,32.117538,-97.736712,32.083522,165.9242442009604,55.69595653885529,True,ALL,generation,N1
2198,5217,5433,line,T5_moderate,161.0,161.0,161.0,NORTH,279.0,488.2,209.2,1.75,HTLS Reconductor,25.795,10.4,-97.2168395,32.863300499999994,-97.34008506896552,32.753233586206896,112.95404676541379,55.3790165579827,True,ALL,generation,N1
2201,5219,5371,line,T5_moderate,161.0,161.0,161.0,NORTH,187.0,327.2,140.2,1.75,HTLS Reconductor,16.281,6.6,-96.428985,32.533273,-96.539931,32.552083,117.68881529824662,67.25075159899806,True,ALL,generation,N1
2217,5349,5228,line,T6_heavy,161.0,161.0,161.0,NORTH,310.0,682.0,372.0,2.2,New Parallel Circuit,57.341,15.2,-96.7651095,32.5902035,-96.80082027272728,32.808276409090915,140.88520592328578,81.00438367514577,True,ALL,generation,N1
2225,5286,5231,line,T7_structural,161.0,161.0,161.0,NORTH,187.0,467.5,280.5,2.5,New Corridor/Aggressive Parallel,257.286,34.4,-98.4123355,32.20698,-98.213739,31.738177,223.0676006473961,82.91750032650533,True,ALL,generation,N1
2227,5232,5251,line,T6_heavy,161.0,161.0,161.0,NORTH,187.0,411.4,224.4,2.2,New Parallel Circuit,25.936,6.9,-97.12502636363637,32.69967490909091,-97.010181,32.723688,129.92058567991418,91.87711785451337,True,ALL,generation,N1
2234,5235,5271,line,T6_heavy,161.0,161.0,161.0,NORTH,187.0,411.4,224.4,2.2,New Parallel Circuit,77.313,20.5,-97.59865,30.925736,-97.291628,30.789254,134.69763488133418,70.50806498955889,True,ALL,generation,N1
2237,5237,5236,transformer,T7_structural,500.0,161.0,500.0,NORTH,287.0,861.0,574.0,3.0,Major Transformer 3x,55.0,0.0,-98.81875,33.316907,-98.81875,33.316907,252.3963616676578,91.39599216875003,True,ALL,generation,N1
2257,5245,5339,line,T4_light,161.0,161.0,161.0,NORTH,187.0,261.8,74.8,1.4,Reconductor(ACSR->ACSS),6.896,5.1,-97.071545,32.925765,-97.148582,32.959922,104.27750074177669,72.02642913042075,True,ALL,generation,N1
2258,5261,5246,line,T7_structural,161.0,161.0,161.0,NORTH,251.0,627.5,376.5,2.5,New Corridor/Aggressive Parallel,224.25,0.0,-97.790381,32.253423999999995,-97.790381,32.253423999999995,446.04987646945233,190.99719301043376,False,ALL,generation,N1
2274,5253,5370,line,T5_moderate,161.0,161.0,161.0,NORTH,397.0,694.8,297.8,1.75,HTLS Reconductor,13.433,5.4,-97.092488,33.0338,-97.0124115,33.07492,119.82247168577123,75.79636896350618,True,ALL,generation,N1
2275,5370,5253,line,T5_moderate,161.0,161.0,161.0,NORTH,397.0,694.8,297.8,1.75,HTLS Reconductor,13.433,5.4,-97.0124115,33.07492,-97.092488,33.0338,119.82247168577123,75.79636896350618,True,ALL,generation,N1
2279,5254,5457,line,T5_moderate,161.0,161.0,161.0,NORTH,187.0,327.2,140.2,1.75,HTLS Reconductor,22.897,9.3,-97.22672,33.009335,-97.149641,32.891787,120.83238452735733,63.121195566894244,True,ALL,generation,N1
2280,5257,5256,line,T5_moderate,161.0,161.0,161.0,NORTH,251.0,439.2,188.2,1.75,HTLS Reconductor,10.285,4.2,-96.85118,32.177712,-96.842324,32.237512,110.72556588603256,54.87819856449091,True,ALL,generation,N1
2281,5256,5427,line,T5_moderate,161.0,161.0,161.0,NORTH,251.0,439.2,188.2,1.75,HTLS Reconductor,22.046,8.9,-96.842324,32.237512,-96.8502335,32.366515,116.56832693709038,75.62759224062377,True,ALL,generation,N1
2282,5439,5256,line,T6_heavy,161.0,161.0,161.0,NORTH,310.0,682.0,372.0,2.2,New Parallel Circuit,33.648,8.9,-96.8502335,32.366515,-96.842324,32.237512,137.94442074993427,71.11954077346435,True,ALL,generation,N1
2285,5259,5412,line,T4_light,161.0,161.0,161.0,NORTH,324.0,453.6,129.6,1.4,Reconductor(ACSR->ACSS),8.385,6.1,-96.452481,33.068055,-96.534936,33.012135,109.77651440061081,82.6965710485473,True,ALL,generation,N1
2286,5259,5412,line,T4_light,161.0,161.0,161.0,NORTH,311.0,435.4,124.4,1.4,Reconductor(ACSR->ACSS),8.385,6.1,-96.452481,33.068055,-96.534936,33.012135,109.74040535478188,82.23978720741893,True,ALL,generation,N1
2287,5259,12728,transformer,T4_light,500.0,161.0,500.0,NORTH,600.0,900.0,300.0,1.5,Transformer Replace 1.5x,20.0,0.0,-96.452481,33.068055,-96.452481,33.068055,103.02977372279578,77.56715908000302,True,ALL,generation,N1
2288,5261,5260,transformer,T7_structural,500.0,161.0,500.0,NORTH,375.0,1125.0,750.0,3.0,Major Transformer 3x,55.0,0.0,-97.790381,32.253423999999995,-97.790381,32.253423999999995,183.48208551047847,99.5027444135966,True,ALL,generation,N1
2293,5261,5318,line,T7_structural,161.0,161.0,161.0,NORTH,216.2,540.5,324.3,2.5,New Corridor/Aggressive Parallel,89.732,12.0,-97.790381,32.253423999999995,-97.69946625,32.40925625,222.24619378639164,80.09073137583336,True,ALL,generation,N1
2294,5264,5471,line,T7_structural,161.0,161.0,161.0,NORTH,251.0,627.5,376.5,2.5,New Corridor/Aggressive Parallel,85.051,11.4,-98.552257,32.298594,-98.377389,32.371306,206.96687490887533,72.59340088876769,True,ALL,generation,N1
2302,5427,5269,line,T4_light,161.0,161.0,161.0,NORTH,310.0,434.0,124.0,1.4,Reconductor(ACSR->ACSS),17.982,13.2,-96.8502335,32.366515,-97.0540165,32.448697,106.05457636373079,70.29625178804318,True,ALL,generation,N1
2309,5271,5390,line,T7_structural,161.0,161.0,161.0,NORTH,187.0,467.5,280.5,2.5,New Corridor/Aggressive Parallel,106.156,14.2,-97.291628,30.789254,-97.2120625,30.983119,182.90129790232135,78.54219595875836,True,ALL,generation,N1
2311,5272,5352,line,T5_moderate,161.0,161.0,161.0,NORTH,234.8,410.9,176.1,1.75,HTLS Reconductor,74.1,0.0,-96.80082027272728,32.808276409090915,-96.80082027272728,32.808276409090915,118.94491010441934,66.55655769034502,True,ALL,generation,N1
2313,5273,5339,line,T5_moderate,161.0,161.0,161.0,NORTH,187.0,327.2,140.2,1.75,HTLS Reconductor,23.479,9.5,-96.984664,32.963417,-97.148582,32.959922,118.46488068237879,65.30329169631565,True,ALL,generation,N1
2315,5274,5313,line,T7_structural,161.0,161.0,161.0,NORTH,232.9,582.2,349.4,2.5,New Corridor/Aggressive Parallel,19.524,2.6,-96.674333,32.605192,-96.695516,32.63852,227.85751255977718,115.48364490625859,False,ALL,generation,N1
2317,5274,5374,line,T7_structural,161.0,161.0,161.0,NORTH,187.0,467.5,280.5,2.5,New Corridor/Aggressive Parallel,62.187,8.3,-96.674333,32.605192,-96.620085,32.716601,212.48878963814747,128.0859993818922,False,ALL,generation,N1
2320,5359,5276,line,T6_heavy,161.0,161.0,161.0,NORTH,251.0,552.2,301.2,2.2,New Parallel Circuit,26.943,7.1,-96.93121275,31.43308425,-96.84912,31.509216,142.9365397668143,63.245635497224725,True,ALL,generation,N1
2321,5276,12590,line,T6_heavy,161.0,161.0,161.0,NORTH,264.1,581.0,316.9,2.2,New Parallel Circuit,26.943,7.1,-96.84912,31.509216,-96.93121275,31.43308425,148.4325132507653,81.85650515464634,True,ALL,generation,N1
2322,5276,12926,line,T5_moderate,161.0,161.0,161.0,NORTH,207.2,362.6,155.4,1.75,HTLS Reconductor,17.652,7.1,-96.84912,31.509216,-96.93121275,31.43308425,124.51241916251372,48.0963413542398,True,ALL,generation,N1
2324,5277,5315,line,T5_moderate,161.0,161.0,161.0,NORTH,219.0,383.2,164.2,1.75,HTLS Reconductor,27.092,11.0,-96.950551,33.176495,-97.13581333333332,33.210620166666665,112.61066510364378,62.51195138162632,True,ALL,generation,N1
2325,5277,5315,line,T5_moderate,161.0,161.0,161.0,NORTH,219.0,383.2,164.2,1.75,HTLS Reconductor,27.092,11.0,-96.950551,33.176495,-97.13581333333332,33.210620166666665,112.61066510364378,62.51195138162632,True,ALL,generation,N1
2326,5280,5278,line,T5_moderate,161.0,161.0,161.0,NORTH,251.0,439.2,188.2,1.75,HTLS Reconductor,74.1,0.0,-97.314427,31.08967366666667,-97.314427,31.08967366666667,110.98813328485048,82.24937808251448,True,ALL,generation,N1
2327,5390,5278,line,T7_structural,161.0,161.0,161.0,NORTH,342.0,855.0,513.0,2.5,New Corridor/Aggressive Parallel,71.28,9.5,-97.2120625,30.983119,-97.314427,31.08967366666667,179.32616388320443,74.28952910979467,True,ALL,generation,N1
2328,5278,5461,line,T6_heavy,161.0,161.0,161.0,NORTH,207.2,455.8,248.6,2.2,New Parallel Circuit,113.1,0.0,-97.314427,31.08967366666667,-97.314427,31.08967366666667,138.68426903380484,61.26985982317153,True,ALL,generation,N1
2330,5281,5279,transformer,T6_heavy,500.0,13.8,500.0,NORTH,486.8,973.6,486.8,2.0,Parallel Transformer 2x,40.0,0.0,-97.314427,31.08967366666667,-97.314427,31.08967366666667,148.9317995069844,74.4658997534922,True,ALL,generation,N1
2331,5282,5279,transformer,T7_structural,500.0,13.8,500.0,NORTH,471.2,1413.6,942.4,3.0,Major Transformer 3x,55.0,0.0,-97.314427,31.08967366666667,-97.314427,31.08967366666667,166.2974851443124,55.70882852292021,True,ALL,generation,N1
2332,5283,5279,transformer,T7_structural,500.0,13.8,500.0,NORTH,272.2,816.6,544.4,3.0,Major Transformer 3x,55.0,0.0,-97.314427,31.08967366666667,-97.314427,31.08967366666667,188.5676891991183,62.83666321342286,True,ALL,generation,N1
2334,12520,5279,transformer,T7_structural,500.0,13.8,500.0,NORTH,328.5,985.5,657.0,3.0,Major Transformer 3x,55.0,0.0,-97.314427,31.08967366666667,-97.314427,31.08967366666667,156.48782343987824,52.06739642829133,True,ALL,generation,N1
2335,12521,5279,transformer,T7_structural,500.0,13.8,500.0,NORTH,319.7,959.1,639.4,3.0,Major Transformer 3x,55.0,0.0,-97.314427,31.08967366666667,-97.314427,31.08967366666667,160.55090710040665,53.50059345227933,True,ALL,generation,N1
2336,12522,5279,transformer,T7_structural,500.0,13.8,500.0,NORTH,340.2,1020.6,680.4,3.0,Major Transformer 3x,55.0,0.0,-97.314427,31.08967366666667,-97.314427,31.08967366666667,150.99114491475603,50.2767187733501,True,ALL,generation,N1
2340,5285,13237,line,T4_light,161.0,161.0,161.0,NORTH,195.2,273.3,78.1,1.4,Reconductor(ACSR->ACSS),52.134,38.2,-97.857678,33.315883,-97.234707,33.503328,102.31713892547967,93.42492527016407,True,ALL,generation,N1
2341,5286,13018,line,T7_structural,161.0,161.0,161.0,NORTH,253.1,632.8,379.6,2.5,New Corridor/Aggressive Parallel,98.816,13.2,-98.4123355,32.20698,-98.187624,32.1858615,194.91379176917576,88.10170076385903,True,ALL,generation,N1
2347,5291,5312,line,T4_light,161.0,161.0,161.0,NORTH,375.8,526.1,150.3,1.4,Reconductor(ACSR->ACSS),22.342,16.4,-97.34008506896552,32.753233586206896,-97.561179,32.900196,104.10750311922885,83.26448288124686,True,ALL,generation,N1
2351,5292,5312,line,T4_light,161.0,161.0,161.0,NORTH,187.0,261.8,74.8,1.4,Reconductor(ACSR->ACSS),22.342,16.4,-97.34008506896552,32.753233586206896,-97.561179,32.900196,109.93976702219258,84.74392574405113,True,ALL,generation,N1
2362,5307,5341,line,T4_light,161.0,161.0,161.0,NORTH,310.0,434.0,124.0,1.4,Reconductor(ACSR->ACSS),7.917,5.8,-96.912391,33.070292,-97.0124115,33.07492,102.20713509620451,72.32816251927693,True,ALL,generation,N1
2363,5307,5341,line,T4_light,161.0,161.0,161.0,NORTH,310.0,434.0,124.0,1.4,Reconductor(ACSR->ACSS),7.917,5.8,-96.912391,33.070292,-97.0124115,33.07492,102.20713509620451,72.32816251927693,True,ALL,generation,N1
2366,5308,12536,transformer,T4_light,500.0,161.0,500.0,NORTH,800.0,1200.0,400.0,1.5,Transformer Replace 1.5x,20.0,0.0,-96.5458,32.8358,-96.5458,32.8358,102.32017238916464,82.90277385983612,True,ALL,generation,N1
2383,5318,5402,line,T7_structural,161.0,161.0,161.0,NORTH,326.0,815.0,489.0,2.5,New Corridor/Aggressive Parallel,224.25,0.0,-97.69946625,32.40925625,-97.69946625,32.40925625,281.92193439754396,98.50100425136522,True,ALL,generation,N1
2394,5376,5323,line,T6_heavy,161.0,161.0,161.0,NORTH,349.0,767.8,418.8,2.2,New Parallel Circuit,113.1,0.0,-96.80082027272728,32.808276409090915,-96.80082027272728,32.808276409090915,145.95661460804303,67.4295873121993,True,ALL,generation,N1
2395,5376,5323,line,T6_heavy,161.0,161.0,161.0,NORTH,349.0,767.8,418.8,2.2,New Parallel Circuit,113.1,0.0,-96.80082027272728,32.808276409090915,-96.80082027272728,32.808276409090915,145.95661460804303,67.4295873121993,True,ALL,generation,N1
2399,5446,5328,line,T5_moderate,161.0,161.0,161.0,NORTH,187.0,327.2,140.2,1.75,HTLS Reconductor,38.615,15.6,-97.195339,31.453501,-96.93121275,31.43308425,114.10905043018441,60.88167574266975,True,ALL,generation,N1
2406,5429,5332,line,T4_light,161.0,161.0,161.0,NORTH,187.0,261.8,74.8,1.4,Reconductor(ACSR->ACSS),40.95,0.0,-97.34008506896552,32.753233586206896,-97.34008506896552,32.753233586206896,109.33753120476506,79.5089995546957,True,ALL,generation,N1
2408,5427,5333,line,T6_heavy,161.0,161.0,161.0,NORTH,310.0,682.0,372.0,2.2,New Parallel Circuit,41.528,11.0,-96.8502335,32.366515,-96.807315,32.521773,141.27489296642773,72.14999635744917,True,ALL,generation,N1
2409,5427,5333,line,T6_heavy,161.0,161.0,161.0,NORTH,310.0,682.0,372.0,2.2,New Parallel Circuit,41.528,11.0,-96.8502335,32.366515,-96.807315,32.521773,141.27489296642773,72.14999635744917,True,ALL,generation,N1
2442,5349,5462,line,T7_structural,161.0,161.0,161.0,NORTH,251.0,627.5,376.5,2.5,New Corridor/Aggressive Parallel,113.694,15.2,-96.7651095,32.5902035,-96.80082027272728,32.808276409090915,169.25498007968116,67.70199203187241,True,ALL,generation,N1
2465,5373,5433,line,T4_light,161.0,161.0,161.0,NORTH,251.0,351.4,100.4,1.4,Reconductor(ACSR->ACSS),7.461,5.5,-97.267376,32.803436,-97.34008506896552,32.753233586206896,109.15233977164183,77.96595697974418,True,ALL,generation,N1
2478,5381,5439,line,T5_moderate,161.0,161.0,161.0,NORTH,310.0,542.5,232.5,1.75,HTLS Reconductor,26.484,10.7,-96.675,32.32,-96.8502335,32.366515,116.71141309361647,66.01730341661916,True,ALL,generation,N1
2479,5381,5439,line,T5_moderate,161.0,161.0,161.0,NORTH,310.0,542.5,232.5,1.75,HTLS Reconductor,26.484,10.7,-96.675,32.32,-96.8502335,32.366515,116.71141309361647,66.01730341661916,True,ALL,generation,N1
2480,5385,5384,transformer,T5_moderate,500.0,161.0,500.0,NORTH,1538.0,2691.5,1153.5,1.75,Transformer Replace 1.75x,27.5,0.0,-96.80082027272728,32.808276409090915,-96.80082027272728,32.808276409090915,119.7678654792927,73.65337158932427,True,ALL,generation,N1
2481,5385,5384,transformer,T5_moderate,500.0,161.0,500.0,NORTH,1538.0,2691.5,1153.5,1.75,Transformer Replace 1.75x,27.5,0.0,-96.80082027272728,32.808276409090915,-96.80082027272728,32.808276409090915,119.7678654792927,73.65337158932427,True,ALL,generation,N1
2491,12588,5390,transformer,T7_structural,161.0,20.0,161.0,NORTH,452.4,1357.2,904.8,3.0,Major Transformer 3x,16.0,0.0,-97.2120625,30.983119,-97.2120625,30.983119,159.0475795755968,53.188549955791345,True,ALL,generation,N1
2493,5459,5391,line,T7_structural,115.0,115.0,115.0,NORTH,98.0,245.0,147.0,2.5,New Corridor/Aggressive Parallel,74.166,12.0,-97.378809,30.884326,-97.2120625,30.983119,190.7454054895707,93.91335878763041,True,ALL,generation,N1
2505,5396,12783,line,T4_light,161.0,161.0,161.0,NORTH,445.0,623.0,178.0,1.4,Reconductor(ACSR->ACSS),35.233,25.8,-99.33232,32.77921550000001,-99.5687984,33.0957078,107.61197356850612,73.11981320020969,True,ALL,generation,N1
2513,5402,12600,line,T7_structural,161.0,161.0,161.0,NORTH,219.1,547.8,328.6,2.5,New Corridor/Aggressive Parallel,224.25,0.0,-97.69946625,32.40925625,-97.69946625,32.40925625,212.3457456505649,102.45152026043009,False,ALL,generation,N1
2514,5407,5470,line,T4_light,161.0,161.0,161.0,NORTH,187.0,261.8,74.8,1.4,Reconductor(ACSR->ACSS),31.789,23.3,-97.46203133333334,31.819786000000004,-97.260442,31.529664,103.22151317699684,42.46190774929084,True,ALL,generation,N1
2522,6316,5411,line,T6_heavy,161.0,161.0,161.0,SOUTH,187.0,411.4,224.4,2.2,New Parallel Circuit,87.761,23.3,-97.72702366666664,30.716280333333337,-97.7609485,31.05193475,147.94481068345706,99.85690519005286,True,ALL,generation,N1
2523,5414,5413,transformer,T7_structural,500.0,161.0,500.0,NORTH,315.0,945.0,630.0,3.0,Major Transformer 3x,55.0,0.0,-98.2935895,32.711098,-98.2935895,32.711098,196.82528440211533,84.6246846123282,True,ALL,generation,N1
2529,5414,5471,line,T7_structural,161.0,161.0,161.0,NORTH,187.0,467.5,280.5,2.5,New Corridor/Aggressive Parallel,179.248,24.0,-98.2935895,32.711098,-98.377389,32.371306,331.55061276292156,171.05952290620345,False,ALL,generation,N1
2533,5435,5471,line,T7_structural,161.0,161.0,161.0,NORTH,187.0,467.5,280.5,2.5,New Corridor/Aggressive Parallel,148.19,19.8,-98.17276,32.600503,-98.377389,32.371306,1028.9395703283174,417.30351962296186,False,ALL,generation,N1
2544,5449,5448,transformer,T6_heavy,500.0,161.0,500.0,NORTH,1267.0,2534.0,1267.0,2.0,Parallel Transformer 2x,40.0,0.0,-97.010181,32.723688,-97.010181,32.723688,130.05478664608654,76.81604614149865,True,ALL,generation,N1
2548,5453,12863,transformer,T5_moderate,500.0,161.0,500.0,NORTH,600.0,1050.0,450.0,1.75,Transformer Replace 1.75x,27.5,0.0,-97.458078,32.3380315,-97.458078,32.3380315,114.09444965423546,64.62864734006409,True,ALL,generation,N1
2552,5459,5458,transformer,T4_light,161.0,115.0,161.0,NORTH,91.0,136.5,45.5,1.5,Transformer Replace 1.5x,4.5,0.0,-97.378809,30.884326,-97.378809,30.884326,108.79344595410373,87.30046950150067,True,ALL,generation,N1
2553,6140,5459,line,T5_moderate,115.0,115.0,115.0,SOUTH,149.0,260.8,111.8,1.75,HTLS Reconductor,16.822,8.6,-97.502485,30.818633,-97.378809,30.884326,124.27064326005001,85.0393928490234,True,ALL,generation,N1
2660,6024,6256,line,T4_light,115.0,115.0,115.0,SOUTH,124.0,173.6,49.6,1.4,Reconductor(ACSR->ACSS),33.15,0.0,-97.77508287179488,30.30416587179487,-97.77508287179488,30.30416587179487,107.77736799854284,78.88575441173985,True,ALL,generation,N1
2671,6027,6116,line,T5_moderate,115.0,115.0,115.0,SOUTH,130.0,227.5,97.5,1.75,HTLS Reconductor,0.221,0.1,-97.35518,30.41432,-97.35701,30.41477,117.98822690648281,63.460741237082445,True,ALL,generation,N1
2672,6027,6116,line,T5_moderate,115.0,115.0,115.0,SOUTH,130.0,227.5,97.5,1.75,HTLS Reconductor,0.221,0.1,-97.35518,30.41432,-97.35701,30.41477,117.98822690648281,63.460741237082445,True,ALL,generation,N1
2688,6032,6207,line,T4_light,115.0,115.0,115.0,SOUTH,149.0,208.6,59.6,1.4,Reconductor(ACSR->ACSS),18.863,17.1,-97.77508287179488,30.30416587179487,-97.9398515,30.5062735,104.8272411571061,74.87660082650436,True,ALL,generation,N1
2694,6035,6034,transformer,T4_light,230.0,115.0,230.0,SOUTH,540.0,810.0,270.0,1.5,Transformer Replace 1.5x,8.0,0.0,-97.57405,30.41217,-97.57405,30.41217,105.03410897460985,79.9570802316319,True,ALL,generation,N1
2695,6035,6034,transformer,T4_light,230.0,115.0,230.0,SOUTH,540.0,810.0,270.0,1.5,Transformer Replace 1.5x,8.0,0.0,-97.57405,30.41217,-97.57405,30.41217,105.03410897460985,79.9570802316319,True,ALL,generation,N1
2717,6094,6037,line,T4_light,115.0,115.0,115.0,SOUTH,251.0,351.4,100.4,1.4,Reconductor(ACSR->ACSS),33.15,0.0,-98.5093816037736,29.474642000000003,-98.5093816037736,29.474642000000003,106.13123627967478,74.25389977775937,True,ALL,generation,N1
2718,6094,6037,line,T4_light,115.0,115.0,115.0,SOUTH,251.0,351.4,100.4,1.4,Reconductor(ACSR->ACSS),33.15,0.0,-98.5093816037736,29.474642000000003,-98.5093816037736,29.474642000000003,106.13123627967478,74.25389977775937,True,ALL,generation,N1
2731,6039,6350,line,T4_light,230.0,230.0,230.0,SOUTH,454.0,635.6,181.6,1.4,Reconductor(ACSR->ACSS),52.65,0.0,-97.77508287179488,30.30416587179487,-97.77508287179488,30.30416587179487,103.06312223236952,65.811803981399,True,ALL,generation,N1
2741,6044,6275,line,T6_heavy,115.0,115.0,115.0,SOUTH,204.4,449.7,245.3,2.2,New Parallel Circuit,89.7,0.0,-98.5093816037736,29.474642000000003,-98.5093816037736,29.474642000000003,130.75613892917758,106.19562728594747,False,ALL,generation,N1
2742,6044,6275,line,T6_heavy,115.0,115.0,115.0,SOUTH,204.4,449.7,245.3,2.2,New Parallel Circuit,89.7,0.0,-98.5093816037736,29.474642000000003,-98.5093816037736,29.474642000000003,130.75613892917758,106.19562728594747,False,ALL,generation,N1
2766,6058,6057,transformer,T4_light,230.0,115.0,230.0,SOUTH,328.0,492.0,164.0,1.5,Transformer Replace 1.5x,8.0,0.0,-98.08352933333332,29.745433666666667,-98.08352933333332,29.745433666666667,100.53367257811988,74.83040577342176,True,ALL,generation,N1
2767,6058,6057,transformer,T4_light,230.0,115.0,230.0,SOUTH,328.0,492.0,164.0,1.5,Transformer Replace 1.5x,8.0,0.0,-98.08352933333332,29.745433666666667,-98.08352933333332,29.745433666666667,100.53367257811988,74.83040577342176,True,ALL,generation,N1
2782,6061,6224,line,T5_moderate,115.0,115.0,115.0,SOUTH,98.0,171.5,73.5,1.75,HTLS Reconductor,58.5,0.0,-97.77508287179488,30.30416587179487,-97.77508287179488,30.30416587179487,112.9777010983058,62.98843445692282,True,ALL,generation,N1
2836,6084,6353,line,T6_heavy,115.0,115.0,115.0,SOUTH,163.8,360.4,196.6,2.2,New Parallel Circuit,89.7,0.0,-97.677175,30.5341255,-97.677175,30.5341255,131.98673772482948,68.50766710886988,True,ALL,generation,N1
2847,6116,6095,line,T6_heavy,115.0,115.0,115.0,SOUTH,98.0,215.6,117.6,2.2,New Parallel Circuit,45.102,15.1,-97.35701,30.41477,-97.546124,30.560042,133.82621206369924,64.12416217001059,True,ALL,generation,N1
2850,6095,6353,line,T6_heavy,115.0,115.0,115.0,SOUTH,128.1,281.8,153.7,2.2,New Parallel Circuit,23.923,8.0,-97.546124,30.560042,-97.677175,30.5341255,149.27238228205277,97.73373823693431,True,ALL,generation,N1
2883,6108,6107,transformer,T5_moderate,500.0,230.0,500.0,SOUTH,380.0,665.0,285.0,1.75,Transformer Replace 1.75x,27.5,0.0,-96.947291,30.633128,-96.947291,30.633128,114.85215501624876,85.577376358255,True,ALL,generation,N1
2885,6109,6108,transformer,T7_structural,230.0,115.0,230.0,SOUTH,137.0,411.0,274.0,3.0,Major Transformer 3x,25.0,0.0,-96.947291,30.633128,-96.947291,30.633128,288.31326034063267,96.10442011354452,True,ALL,generation,N1
2887,6338,6109,line,T7_structural,115.0,115.0,115.0,SOUTH,98.0,245.0,147.0,2.5,New Corridor/Aggressive Parallel,185.25,0.0,-96.947291,30.633128,-96.947291,30.633128,212.0505952380952,84.82023809523814,True,ALL,generation,N1
2912,6290,6120,line,T4_light,115.0,115.0,115.0,SOUTH,221.0,309.4,88.4,1.4,Reconductor(ACSR->ACSS),15.592,14.1,-97.77508287179488,30.30416587179487,-97.8242,30.503949,102.90210879810785,70.71599552737709,True,ALL,generation,N1
2913,6290,6120,line,T4_light,115.0,115.0,115.0,SOUTH,221.0,309.4,88.4,1.4,Reconductor(ACSR->ACSS),15.592,14.1,-97.77508287179488,30.30416587179487,-97.8242,30.503949,102.90210879810785,70.71599552737709,True,ALL,generation,N1
2924,6180,6125,line,T5_moderate,115.0,115.0,115.0,SOUTH,149.0,260.8,111.8,1.75,HTLS Reconductor,9.658,5.0,-98.10703,29.350393,-98.057016,29.293499,121.80596810173478,69.64238323844455,True,ALL,generation,N1
2925,6125,6322,line,T5_moderate,115.0,115.0,115.0,SOUTH,149.0,260.8,111.8,1.75,HTLS Reconductor,29.776,15.3,-98.057016,29.293499,-98.080406,29.073446,124.07009178580977,70.9361682007731,True,ALL,generation,N1
2932,6127,6237,line,T7_structural,115.0,115.0,115.0,SOUTH,220.0,550.0,330.0,2.5,New Corridor/Aggressive Parallel,67.971,11.0,-96.907601,30.891129,-97.0630125,30.978365,151.58100998440344,73.15412356140045,True,ALL,generation,N1
2933,6338,6127,line,T7_structural,115.0,115.0,115.0,SOUTH,220.0,550.0,330.0,2.5,New Corridor/Aggressive Parallel,111.035,18.0,-96.947291,30.633128,-96.907601,30.891129,179.54053030303038,71.81621212121212,True,ALL,generation,N1
2934,6127,8102,line,T7_structural,115.0,115.0,115.0,SOUTH,98.0,245.0,147.0,2.5,New Corridor/Aggressive Parallel,125.578,20.3,-96.907601,30.891129,-96.66368,31.09828,309.27718903918077,144.25600888321657,False,ALL,generation,N1
2948,6134,6140,line,T6_heavy,115.0,115.0,115.0,SOUTH,246.0,541.2,295.2,2.2,New Parallel Circuit,27.26,9.1,-97.413885,30.710857,-97.502485,30.818633,144.92625567590892,82.68945706080582,True,ALL,generation,N1
2949,6134,6358,line,T7_structural,115.0,115.0,115.0,SOUTH,220.0,550.0,330.0,2.5,New Corridor/Aggressive Parallel,114.886,18.6,-97.413885,30.710857,-97.72702366666664,30.716280333333337,158.59026771033453,79.98097120237844,True,ALL,generation,N1
2953,6137,6207,line,T4_light,115.0,115.0,115.0,SOUTH,111.6,156.2,44.6,1.4,Reconductor(ACSR->ACSS),18.863,17.1,-97.77508287179488,30.30416587179487,-97.9398515,30.5062735,103.75074725519376,80.90841805346379,True,ALL,generation,N1
2954,6137,6217,line,T5_moderate,115.0,115.0,115.0,SOUTH,137.0,239.8,102.8,1.75,HTLS Reconductor,58.5,0.0,-97.77508287179488,30.30416587179487,-97.77508287179488,30.30416587179487,114.00918928765515,65.14810816437466,True,ALL,generation,N1
2983,6153,6152,transformer,T5_moderate,230.0,115.0,230.0,SOUTH,155.0,271.2,116.2,1.75,Transformer Replace 1.75x,11.5,0.0,-98.5093816037736,29.474642000000003,-98.5093816037736,29.474642000000003,116.46933901741133,101.49750814879721,False,ALL,generation,N1
2995,6153,13418,line,T5_moderate,115.0,115.0,115.0,SOUTH,119.3,208.8,89.5,1.75,HTLS Reconductor,58.5,0.0,-98.5093816037736,29.474642000000003,-98.5093816037736,29.474642000000003,122.76696242942401,62.153556223219944,True,ALL,generation,N1
3038,7020,6173,line,T6_heavy,115.0,115.0,115.0,HOUSTON,120.0,264.0,144.0,2.2,New Parallel Circuit,53.813,18.0,-97.135,28.8947,-97.2968245,29.1133745,128.07231597967845,73.25620993900728,True,ALL,generation,N1
3042,6174,6312,line,T4_light,115.0,115.0,115.0,SOUTH,171.6,240.2,68.6,1.4,Reconductor(ACSR->ACSS),33.15,0.0,-98.5093816037736,29.474642000000003,-98.5093816037736,29.474642000000003,100.04796405945224,66.6004391111223,True,ALL,generation,N1
3043,6174,6312,line,T4_light,115.0,115.0,115.0,SOUTH,171.6,240.2,68.6,1.4,Reconductor(ACSR->ACSS),33.15,0.0,-98.5093816037736,29.474642000000003,-98.5093816037736,29.474642000000003,100.04796405945224,66.6004391111223,True,ALL,generation,N1
3050,6178,6177,transformer,T4_light,230.0,115.0,230.0,SOUTH,172.8,259.2,86.4,1.5,Transformer Replace 1.5x,8.0,0.0,-98.5093816037736,29.474642000000003,-98.5093816037736,29.474642000000003,101.1374117621794,78.2386279128826,True,ALL,generation,N1
3051,6178,6177,transformer,T4_light,230.0,115.0,230.0,SOUTH,172.8,259.2,86.4,1.5,Transformer Replace 1.5x,8.0,0.0,-98.5093816037736,29.474642000000003,-98.5093816037736,29.474642000000003,101.1374117621794,78.2386279128826,True,ALL,generation,N1
3102,6200,6275,line,T5_moderate,115.0,115.0,115.0,SOUTH,109.0,190.8,81.8,1.75,HTLS Reconductor,58.5,0.0,-98.5093816037736,29.474642000000003,-98.5093816037736,29.474642000000003,114.12956499978159,83.67797686193258,True,ALL,generation,N1
3114,6207,6282,line,T4_light,115.0,115.0,115.0,SOUTH,165.0,231.0,66.0,1.4,Reconductor(ACSR->ACSS),12.774,11.6,-97.9398515,30.5062735,-98.112655,30.430044,105.7261058597696,70.45395902578757,True,ALL,generation,N1
3133,6220,6250,line,T4_light,115.0,115.0,115.0,SOUTH,160.0,224.0,64.0,1.4,Reconductor(ACSR->ACSS),33.15,0.0,-98.5093816037736,29.474642000000003,-98.5093816037736,29.474642000000003,106.67578495260034,83.32598702659962,True,ALL,generation,N1
3134,6221,6322,line,T4_light,115.0,115.0,115.0,SOUTH,98.0,137.2,39.2,1.4,Reconductor(ACSR->ACSS),19.042,17.2,-98.240425,28.867033,-98.080406,29.073446,109.94092300512881,77.93041504249942,True,ALL,generation,N1
3155,6229,6299,line,T6_heavy,230.0,230.0,230.0,SOUTH,457.2,1005.8,548.6,2.2,New Parallel Circuit,55.369,11.7,-97.966164,29.880162,-98.08352933333332,29.745433666666667,140.67654679403395,77.75590977701472,True,ALL,generation,N1
3157,6232,6294,line,T4_light,115.0,115.0,115.0,SOUTH,221.0,309.4,88.4,1.4,Reconductor(ACSR->ACSS),6.078,5.5,-97.607312,30.150985,-97.522552,30.119949,107.1347210498141,75.01527508212028,True,ALL,generation,N1
3158,6232,6294,line,T4_light,115.0,115.0,115.0,SOUTH,221.0,309.4,88.4,1.4,Reconductor(ACSR->ACSS),6.078,5.5,-97.607312,30.150985,-97.522552,30.119949,107.1347210498141,75.01527508212028,True,ALL,generation,N1
3176,6241,6324,line,T5_moderate,115.0,115.0,115.0,SOUTH,310.0,542.5,232.5,1.75,HTLS Reconductor,31.727,16.3,-98.35335,29.282378,-98.5093816037736,29.474642000000003,113.9897084638445,65.62756582375575,True,ALL,generation,N1
3177,6241,6324,line,T5_moderate,115.0,115.0,115.0,SOUTH,310.0,542.5,232.5,1.75,HTLS Reconductor,31.727,16.3,-98.35335,29.282378,-98.5093816037736,29.474642000000003,113.9897084638445,65.62756582375575,True,ALL,generation,N1
3178,6241,13126,line,T4_light,115.0,115.0,115.0,SOUTH,109.0,152.6,43.6,1.4,Reconductor(ACSR->ACSS),33.15,0.0,-98.35335,29.282378,-98.35335,29.282378,106.25346276038076,67.4726509007168,True,ALL,generation,N1
3180,6255,6254,transformer,T4_light,500.0,230.0,500.0,SOUTH,1526.0,2289.0,763.0,1.5,Transformer Replace 1.5x,20.0,0.0,-97.77508287179488,30.30416587179487,-97.77508287179488,30.30416587179487,101.53286649900147,73.16765247591263,True,ALL,generation,N1
3192,6262,6319,line,T6_heavy,115.0,115.0,115.0,SOUTH,98.0,215.6,117.6,2.2,New Parallel Circuit,27.252,9.1,-97.875708,30.748955,-97.72702366666664,30.716280333333337,133.96106822221626,107.06329483756545,False,ALL,generation,N1
3194,6264,6263,transformer,T4_light,230.0,115.0,230.0,SOUTH,292.0,438.0,146.0,1.5,Transformer Replace 1.5x,8.0,0.0,-97.894958,28.733411,-97.894958,28.733411,107.64930074116626,75.34427124885369,True,ALL,generation,N1
3198,6275,6324,line,T6_heavy,115.0,115.0,115.0,SOUTH,221.0,486.2,265.2,2.2,New Parallel Circuit,89.7,0.0,-98.5093816037736,29.474642000000003,-98.5093816037736,29.474642000000003,129.55705240912593,102.48616616934596,False,ALL,generation,N1
3199,6275,6324,line,T6_heavy,115.0,115.0,115.0,SOUTH,221.0,486.2,265.2,2.2,New Parallel Circuit,89.7,0.0,-98.5093816037736,29.474642000000003,-98.5093816037736,29.474642000000003,129.55705240912593,102.48616616934596,False,ALL,generation,N1
3206,6284,13126,line,T6_heavy,115.0,115.0,115.0,SOUTH,139.1,306.0,166.9,2.2,New Parallel Circuit,48.649,16.3,-98.5093816037736,29.474642000000003,-98.35335,29.282378,129.37795657154956,70.84652292284159,True,ALL,generation,N1
3208,6284,13418,line,T4_light,115.0,115.0,115.0,SOUTH,140.2,196.3,56.1,1.4,Reconductor(ACSR->ACSS),33.15,0.0,-98.5093816037736,29.474642000000003,-98.5093816037736,29.474642000000003,102.31887076008583,64.57670553921199,True,ALL,generation,N1
3241,6316,6315,transformer,T4_light,230.0,161.0,230.0,SOUTH,251.0,376.5,125.5,1.5,Transformer Replace 1.5x,8.0,0.0,-97.72702366666664,30.716280333333337,-97.72702366666664,30.716280333333337,102.7838812138825,91.19145340333415,True,ALL,generation,N1
3243,6319,6316,transformer,T6_heavy,161.0,115.0,161.0,SOUTH,163.0,326.0,163.0,2.0,Parallel Transformer 2x,11.0,0.0,-97.72702366666664,30.716280333333337,-97.72702366666664,30.716280333333337,127.45512077163917,94.26333241404635,True,ALL,generation,N1
3244,6324,6320,line,T6_heavy,115.0,115.0,115.0,SOUTH,250.0,550.0,300.0,2.2,New Parallel Circuit,89.7,0.0,-98.5093816037736,29.474642000000003,-98.5093816037736,29.474642000000003,133.42160336450448,94.93923900031359,True,ALL,generation,N1
3246,6322,6321,transformer,T4_light,230.0,115.0,230.0,SOUTH,249.0,373.5,124.5,1.5,Transformer Replace 1.5x,8.0,0.0,-98.080406,29.073446,-98.080406,29.073446,108.56474544496037,74.71519780050653,True,ALL,generation,N1
3247,6324,12523,transformer,T5_moderate,500.0,115.0,500.0,SOUTH,1080.0,1890.0,810.0,1.75,Transformer Replace 1.75x,27.5,0.0,-98.5093816037736,29.474642000000003,-98.5093816037736,29.474642000000003,120.44675329872689,91.66024660637376,True,ALL,generation,N1
3248,6324,12523,transformer,T5_moderate,500.0,115.0,500.0,SOUTH,1080.0,1890.0,810.0,1.75,Transformer Replace 1.75x,27.5,0.0,-98.5093816037736,29.474642000000003,-98.5093816037736,29.474642000000003,120.44675329872689,91.66024660637376,True,ALL,generation,N1
3249,6324,13126,line,T5_moderate,115.0,115.0,115.0,SOUTH,223.1,390.4,167.3,1.75,HTLS Reconductor,31.727,16.3,-98.5093816037736,29.474642000000003,-98.35335,29.282378,115.22022876648003,57.623781032217124,True,ALL,generation,N1
3250,6324,13126,line,T5_moderate,115.0,115.0,115.0,SOUTH,223.1,390.4,167.3,1.75,HTLS Reconductor,31.727,16.3,-98.5093816037736,29.474642000000003,-98.35335,29.282378,115.22022876648003,57.623781032217124,True,ALL,generation,N1
3257,6344,6343,transformer,T5_moderate,230.0,115.0,230.0,SOUTH,400.0,700.0,300.0,1.75,Transformer Replace 1.75x,11.5,0.0,-97.677175,30.5341255,-97.677175,30.5341255,121.60409318222074,76.6345767519647,True,ALL,generation,N1
3258,6344,6343,transformer,T5_moderate,230.0,115.0,230.0,SOUTH,400.0,700.0,300.0,1.75,Transformer Replace 1.75x,11.5,0.0,-97.677175,30.5341255,-97.677175,30.5341255,121.60409318222074,76.6345767519647,True,ALL,generation,N1
3264,6344,6353,line,T7_structural,115.0,115.0,115.0,SOUTH,107.3,268.2,160.9,2.5,New Corridor/Aggressive Parallel,185.25,0.0,-97.677175,30.5341255,-97.677175,30.5341255,157.04883099212645,100.42567251758095,False,ALL,generation,N1
3266,6351,6350,transformer,T4_light,230.0,115.0,230.0,SOUTH,191.0,286.5,95.5,1.5,Transformer Replace 1.5x,8.0,0.0,-97.77508287179488,30.30416587179487,-97.77508287179488,30.30416587179487,100.44244285704795,82.36218214088724,True,ALL,generation,N1
3267,6351,6350,transformer,T4_light,230.0,115.0,230.0,SOUTH,191.0,286.5,95.5,1.5,Transformer Replace 1.5x,8.0,0.0,-97.77508287179488,30.30416587179487,-97.77508287179488,30.30416587179487,100.44244285704795,82.36218214088724,True,ALL,generation,N1
3269,6355,6354,transformer,T5_moderate,230.0,115.0,230.0,SOUTH,193.8,339.2,145.4,1.75,Transformer Replace 1.75x,11.5,0.0,-97.677175,30.5341255,-97.677175,30.5341255,110.20827771318797,69.47243122145302,True,ALL,generation,N1
3270,6355,6354,transformer,T5_moderate,230.0,115.0,230.0,SOUTH,193.8,339.2,145.4,1.75,Transformer Replace 1.75x,11.5,0.0,-97.677175,30.5341255,-97.677175,30.5341255,110.20827771318797,69.47243122145302,True,ALL,generation,N1
3305,7010,7182,line,T7_structural,115.0,115.0,115.0,HOUSTON,98.0,245.0,147.0,2.5,New Corridor/Aggressive Parallel,125.756,20.4,-95.990493,30.086834,-96.012215,29.792687,166.64138115770425,84.52969593934635,True,ALL,generation,N1
3307,7233,7010,line,T4_light,115.0,115.0,115.0,HOUSTON,220.0,308.0,88.0,1.4,Reconductor(ACSR->ACSS),3.886,3.5,-95.932264,30.079593,-95.990493,30.086834,100.60041827037287,78.65096397325917,True,ALL,generation,N1
3362,7026,7259,line,T4_light,115.0,115.0,115.0,HOUSTON,221.0,309.4,88.4,1.4,Reconductor(ACSR->ACSS),35.696,32.3,-94.98483,29.49233,-95.41128715217393,29.77727818478261,109.70277459342189,78.77926863433002,True,ALL,generation,N1
3381,7031,7029,transformer,T6_heavy,230.0,13.8,230.0,HOUSTON,47.7,95.4,47.7,2.0,Parallel Transformer 2x,17.0,0.0,-96.70457766666668,28.589903333333336,-96.70457766666668,28.589903333333336,126.8595306867094,63.4297653433547,True,ALL,generation,N1
3382,7032,7029,transformer,T5_moderate,230.0,13.8,230.0,HOUSTON,50.4,88.2,37.8,1.75,Transformer Replace 1.75x,11.5,0.0,-96.70457766666668,28.589903333333336,-96.70457766666668,28.589903333333336,120.1326884920635,68.64725056689342,True,ALL,generation,N1
3383,7033,7029,transformer,T4_light,230.0,13.8,230.0,HOUSTON,59.1,88.7,29.6,1.5,Transformer Replace 1.5x,8.0,0.0,-96.70457766666668,28.589903333333336,-96.70457766666668,28.589903333333336,102.44818104906938,68.29878736604624,True,ALL,generation,N1
3384,7034,7029,transformer,T4_light,230.0,13.8,230.0,HOUSTON,28.3,42.5,14.2,1.5,Transformer Replace 1.5x,8.0,0.0,-96.70457766666668,28.589903333333336,-96.70457766666668,28.589903333333336,106.97327738515901,71.27443596885793,True,ALL,generation,N1
3425,7044,7416,line,T7_structural,115.0,115.0,115.0,HOUSTON,98.0,245.0,147.0,2.5,New Corridor/Aggressive Parallel,185.25,0.0,-97.00621414285716,28.74651585714286,-97.00621414285716,28.74651585714286,176.3443445683208,88.92268813557295,True,ALL,generation,N1
3426,7044,13356,line,T5_moderate,115.0,115.0,115.0,HOUSTON,191.2,334.6,143.4,1.75,HTLS Reconductor,58.5,0.0,-97.00621414285716,28.74651585714286,-97.00621414285716,28.74651585714286,120.12358457050838,69.45261304941802,True,ALL,generation,N1
3436,7049,7229,line,T5_moderate,115.0,115.0,115.0,HOUSTON,171.0,299.2,128.2,1.75,HTLS Reconductor,43.67,22.4,-95.7842315,29.79427175,-95.41128715217393,29.77727818478261,114.86905714766463,60.206845139578434,True,ALL,generation,N1
3443,7050,7251,line,T5_moderate,115.0,115.0,115.0,HOUSTON,132.5,231.9,99.4,1.75,HTLS Reconductor,24.491,12.6,-95.698237,30.1865575,-95.833733,30.047619,112.43343667506434,63.325691440553626,True,ALL,generation,N1
3466,7053,7348,line,T4_light,115.0,115.0,115.0,HOUSTON,253.0,354.2,101.2,1.4,Reconductor(ACSR->ACSS),6.687,6.1,-95.733244,29.47971475,-95.6326335,29.479039,106.84403501040663,76.37602003625001,True,ALL,generation,N1
3502,7129,7060,line,T4_light,115.0,115.0,115.0,HOUSTON,172.0,240.8,68.8,1.4,Reconductor(ACSR->ACSS),14.458,13.1,-96.556418,28.852327,-96.542544,28.663349333333333,103.21564825240658,73.65445947121862,True,ALL,generation,N1
3503,7060,7408,line,T4_light,115.0,115.0,115.0,HOUSTON,113.5,158.9,45.4,1.4,Reconductor(ACSR->ACSS),33.15,0.0,-96.542544,28.663349333333333,-96.542544,28.663349333333333,107.78124734762734,77.24951487907991,True,ALL,generation,N1
3504,7060,13122,line,T7_structural,115.0,115.0,115.0,HOUSTON,216.0,540.0,324.0,2.5,New Corridor/Aggressive Parallel,68.295,11.1,-96.542544,28.663349333333333,-96.70457766666668,28.589903333333336,183.31025990436885,73.32410396174755,True,ALL,generation,N1
3516,7070,7257,line,T4_light,115.0,115.0,115.0,HOUSTON,98.0,137.2,39.2,1.4,Reconductor(ACSR->ACSS),18.247,16.5,-95.41128715217393,29.77727818478261,-95.3149035,29.5534395,106.360733015162,77.88776258942913,True,ALL,generation,N1
3529,7074,7073,transformer,T4_light,230.0,115.0,230.0,HOUSTON,185.0,277.5,92.5,1.5,Transformer Replace 1.5x,8.0,0.0,-94.84457,29.28062966666667,-94.84457,29.28062966666667,102.5406713217916,71.78169112962745,True,ALL,generation,N1
3599,7237,7088,line,T6_heavy,115.0,115.0,115.0,HOUSTON,200.0,440.0,240.0,2.2,New Parallel Circuit,47.442,15.9,-95.98036,29.560311,-95.733244,29.47971475,129.45602503795004,74.35642292633085,True,ALL,generation,N1
3603,7090,7421,line,T4_light,115.0,115.0,115.0,HOUSTON,221.0,309.4,88.4,1.4,Reconductor(ACSR->ACSS),2.763,2.5,-95.669154,30.160534,-95.698237,30.1865575,105.56606698112944,74.71656776230905,True,ALL,generation,N1
3604,7090,7421,line,T4_light,115.0,115.0,115.0,HOUSTON,221.0,309.4,88.4,1.4,Reconductor(ACSR->ACSS),2.763,2.5,-95.669154,30.160534,-95.698237,30.1865575,105.56606698112944,74.71656776230905,True,ALL,generation,N1
3805,7155,7316,line,T4_light,115.0,115.0,115.0,HOUSTON,149.0,208.6,59.6,1.4,Reconductor(ACSR->ACSS),33.15,0.0,-95.41128715217393,29.77727818478261,-95.41128715217393,29.77727818478261,105.05013917186777,76.53816021548998,True,ALL,generation,N1
3855,7174,7257,line,T4_light,115.0,115.0,115.0,HOUSTON,98.0,137.2,39.2,1.4,Reconductor(ACSR->ACSS),18.247,16.5,-95.41128715217393,29.77727818478261,-95.3149035,29.5534395,100.43684653830316,72.93335004730592,True,ALL,generation,N1
3871,7179,7244,line,T6_heavy,115.0,115.0,115.0,HOUSTON,208.0,457.6,249.6,2.2,New Parallel Circuit,34.067,11.4,-95.474615,29.537301,-95.31001,29.45566,125.68566433688456,72.00379075251612,True,ALL,generation,N1
3886,7182,7237,line,T6_heavy,115.0,115.0,115.0,HOUSTON,150.0,330.0,180.0,2.2,New Parallel Circuit,48.346,16.2,-96.012215,29.792687,-95.98036,29.560311,133.36472764659854,81.29379611847482,True,ALL,generation,N1
3952,7213,7273,line,T5_moderate,115.0,115.0,115.0,HOUSTON,98.0,171.5,73.5,1.75,HTLS Reconductor,17.691,9.1,-95.0817025,29.3340115,-94.945159,29.3895056,111.21469791000055,64.60282839051344,True,ALL,generation,N1
3953,7293,7213,line,T4_light,115.0,115.0,115.0,HOUSTON,149.0,208.6,59.6,1.4,Reconductor(ACSR->ACSS),33.15,0.0,-95.0817025,29.3340115,-95.0817025,29.3340115,108.98881345307534,77.17718858778845,True,ALL,generation,N1
3989,7223,7319,line,T4_light,115.0,115.0,115.0,HOUSTON,220.0,308.0,88.0,1.4,Reconductor(ACSR->ACSS),33.15,0.0,-95.41128715217393,29.77727818478261,-95.41128715217393,29.77727818478261,103.5312608576068,73.9212753741444,True,ALL,generation,N1
3991,7223,7425,line,T4_light,115.0,115.0,115.0,HOUSTON,221.0,309.4,88.4,1.4,Reconductor(ACSR->ACSS),33.15,0.0,-95.41128715217393,29.77727818478261,-95.41128715217393,29.77727818478261,105.58961199153816,77.6813243642634,True,ALL,generation,N1
4020,7251,7235,line,T5_moderate,115.0,115.0,115.0,HOUSTON,149.0,260.8,111.8,1.75,HTLS Reconductor,18.28,9.4,-95.833733,30.047619,-95.708537,29.9660525,121.05672580183425,46.65981759810978,True,ALL,generation,N1
4021,7235,7315,line,T4_light,115.0,115.0,115.0,HOUSTON,221.0,309.4,88.4,1.4,Reconductor(ACSR->ACSS),14.04,12.7,-95.708537,29.9660525,-95.7842315,29.79427175,105.69683221908747,61.124647646444465,True,ALL,generation,N1
4022,7235,7315,line,T4_light,115.0,115.0,115.0,HOUSTON,221.0,309.4,88.4,1.4,Reconductor(ACSR->ACSS),14.04,12.7,-95.708537,29.9660525,-95.7842315,29.79427175,105.69683221908747,61.124647646444465,True,ALL,generation,N1
4045,7244,7272,line,T5_moderate,115.0,115.0,115.0,HOUSTON,220.0,385.0,165.0,1.75,HTLS Reconductor,44.927,23.0,-95.31001,29.45566,-95.41128715217393,29.77727818478261,122.43112568665927,69.13169049931722,True,ALL,generation,N1
4047,7246,7251,line,T7_structural,115.0,115.0,115.0,HOUSTON,98.0,245.0,147.0,2.5,New Corridor/Aggressive Parallel,194.194,31.4,-95.41128715217393,29.77727818478261,-95.833733,30.047619,185.63739059372688,103.03771879991292,False,ALL,generation,N1
4050,7425,7246,line,T6_heavy,115.0,115.0,115.0,HOUSTON,98.0,215.6,117.6,2.2,New Parallel Circuit,89.7,0.0,-95.41128715217393,29.77727818478261,-95.41128715217393,29.77727818478261,132.7242444965315,82.98678562439747,True,ALL,generation,N1
4099,7262,7302,line,T4_light,115.0,115.0,115.0,HOUSTON,149.0,208.6,59.6,1.4,Reconductor(ACSR->ACSS),15.339,13.9,-95.92298475,28.92553375,-95.718793,29.017466,109.65998928804792,78.8936823708603,True,ALL,generation,N1
4100,7262,12935,line,T4_light,115.0,115.0,115.0,HOUSTON,224.5,314.3,89.8,1.4,Reconductor(ACSR->ACSS),33.15,0.0,-95.92298475,28.92553375,-95.92298475,28.92553375,107.74667257704995,76.94894186071122,True,ALL,generation,N1
4101,7262,12935,line,T4_light,115.0,115.0,115.0,HOUSTON,224.5,314.3,89.8,1.4,Reconductor(ACSR->ACSS),33.15,0.0,-95.92298475,28.92553375,-95.92298475,28.92553375,107.74667257704995,76.94894186071122,True,ALL,generation,N1
4102,7262,13402,line,T5_moderate,115.0,115.0,115.0,HOUSTON,157.0,274.8,117.8,1.75,HTLS Reconductor,27.069,13.9,-95.92298475,28.92553375,-95.718793,29.017466,122.7979809976248,69.16982149840166,True,ALL,generation,N1
4116,7273,7405,line,T5_moderate,115.0,115.0,115.0,HOUSTON,167.0,292.2,125.2,1.75,HTLS Reconductor,18.836,9.7,-94.945159,29.3895056,-94.84457,29.28062966666667,116.90792451948056,66.32569191145949,True,ALL,generation,N1
4161,7303,7393,line,T4_light,115.0,115.0,115.0,HOUSTON,98.0,137.2,39.2,1.4,Reconductor(ACSR->ACSS),36.239,32.8,-96.353868,28.85788,-95.967518,29.191296,104.86726880637869,75.41530367483999,True,ALL,generation,N1
4220,7339,7393,line,T4_light,115.0,115.0,115.0,HOUSTON,249.1,348.7,99.6,1.4,Reconductor(ACSR->ACSS),16.905,15.3,-95.785914,29.3459875,-95.967518,29.191296,105.30543025974684,75.37648455439981,True,ALL,generation,N1
4309,7408,13122,line,T7_structural,115.0,115.0,115.0,HOUSTON,216.0,540.0,324.0,2.5,New Corridor/Aggressive Parallel,68.295,11.1,-96.542544,28.663349333333333,-96.70457766666668,28.589903333333336,183.31025990436885,73.32410396174754,True,ALL,generation,N1
4327,7416,13357,line,T7_structural,115.0,115.0,115.0,HOUSTON,121.9,304.8,182.9,2.5,New Corridor/Aggressive Parallel,185.25,0.0,-97.00621414285716,28.74651585714286,-97.00621414285716,28.74651585714286,166.74333927744988,68.5771244037546,True,ALL,generation,N1
4336,7421,7420,transformer,T6_heavy,230.0,115.0,230.0,HOUSTON,161.4,322.8,161.4,2.0,Parallel Transformer 2x,17.0,0.0,-95.698237,30.1865575,-95.698237,30.1865575,149.51381546801417,100.17912568731562,False,ALL,generation,N1
4337,7421,7420,transformer,T6_heavy,230.0,115.0,230.0,HOUSTON,161.4,322.8,161.4,2.0,Parallel Transformer 2x,17.0,0.0,-95.698237,30.1865575,-95.698237,30.1865575,149.51381546801417,100.17912568731562,False,ALL,generation,N1
4352,7432,8003,line,T7_structural,115.0,115.0,115.0,HOUSTON,98.0,245.0,147.0,2.5,New Corridor/Aggressive Parallel,78.701,12.7,-95.905344,30.953672,-95.934344,31.136452,344.58807214509534,183.73651863269183,False,ALL,generation,N1
4353,7432,8037,line,T7_structural,115.0,115.0,115.0,HOUSTON,149.0,372.5,223.5,2.5,New Corridor/Aggressive Parallel,69.502,11.3,-95.905344,30.953672,-95.715509,30.959521,353.183586771323,141.2734347085293,False,ALL,generation,N1
4354,7432,8141,line,T5_moderate,115.0,115.0,115.0,HOUSTON,221.0,386.8,165.8,1.75,HTLS Reconductor,83.8,43.0,-95.905344,30.953672,-96.62542,30.881424,117.18321866241251,42.22795810113818,True,ALL,generation,N1
4355,8003,8001,line,T7_structural,115.0,115.0,115.0,NORTH,149.0,372.5,223.5,2.5,New Corridor/Aggressive Parallel,74.829,12.1,-95.934344,31.136452,-96.13919,31.132442,234.68879912898873,124.06562970472346,False,ALL,generation,N1
4356,8010,8001,line,T7_structural,115.0,115.0,115.0,NORTH,149.0,372.5,223.5,2.5,New Corridor/Aggressive Parallel,55.037,8.9,-96.22928,31.235882,-96.13919,31.132442,241.95054409543158,126.97032769130068,False,ALL,generation,N1
4369,8006,8007,line,T5_moderate,115.0,115.0,115.0,NORTH,98.0,171.5,73.5,1.75,HTLS Reconductor,16.09,8.3,-95.413415,32.218325,-95.347503,32.11274,110.75012832010508,84.68945474838483,True,ALL,generation,N1
4378,8086,8010,line,T7_structural,115.0,115.0,115.0,NORTH,98.0,245.0,147.0,2.5,New Corridor/Aggressive Parallel,96.848,15.7,-96.4866,31.1803,-96.22928,31.235882,212.27166724403483,94.05537766386577,True,ALL,generation,N1
4379,8010,8103,line,T7_structural,115.0,115.0,115.0,NORTH,98.0,245.0,147.0,2.5,New Corridor/Aggressive Parallel,60.444,9.8,-96.22928,31.235882,-96.202639,31.37571,237.67908300412608,169.8460024799617,False,ALL,generation,N1
4382,8011,8064,line,T5_moderate,115.0,115.0,115.0,NORTH,129.5,226.6,97.1,1.75,HTLS Reconductor,18.223,9.3,-95.980743,31.93201,-96.08704033333332,31.83128633333333,111.71578393863294,34.39184900878961,True,ALL,generation,N1
4384,8012,8032,line,T4_light,115.0,115.0,115.0,NORTH,248.0,347.2,99.2,1.4,Reconductor(ACSR->ACSS),10.371,9.4,-96.011435,30.527987,-95.973798,30.65991,100.11299348037035,67.91832242116892,True,ALL,generation,N1
4385,8104,8012,line,T4_light,115.0,115.0,115.0,NORTH,239.0,334.6,95.6,1.4,Reconductor(ACSR->ACSS),12.447,11.3,-96.054766,30.369294,-96.011435,30.527987,100.7646718051736,68.24858255509396,True,ALL,generation,N1
4389,8014,8037,line,T7_structural,115.0,115.0,115.0,NORTH,149.0,372.5,223.5,2.5,New Corridor/Aggressive Parallel,97.08,15.7,-95.499937,31.092367,-95.715509,30.959521,343.015801536424,137.20632061456962,False,ALL,generation,N1
4390,8118,8014,line,T7_structural,115.0,115.0,115.0,NORTH,98.0,245.0,147.0,2.5,New Corridor/Aggressive Parallel,98.226,15.9,-95.255739,31.188898,-95.499937,31.092367,536.9832084584406,214.79328338337618,False,ALL,generation,N1
4399,8017,8040,line,T7_structural,115.0,115.0,115.0,NORTH,98.0,245.0,147.0,2.5,New Corridor/Aggressive Parallel,96.673,15.7,-95.418796,32.035939,-95.643712,32.158557,160.25012832010506,79.08261832386938,True,ALL,generation,N1
4413,8020,8040,line,T4_light,115.0,115.0,115.0,NORTH,149.0,208.6,59.6,1.4,Reconductor(ACSR->ACSS),24.556,22.2,-95.7156,32.4744,-95.643712,32.158557,101.0474110171516,62.50790191348685,True,ALL,generation,N1
4424,8025,8151,line,T6_heavy,115.0,115.0,115.0,NORTH,98.0,215.6,117.6,2.2,New Parallel Circuit,104.865,35.1,-95.64904,31.9046145,-95.481652,31.417425,136.62940072723288,43.650578074042535,True,ALL,generation,N1
4442,8032,13008,line,T4_light,115.0,115.0,115.0,NORTH,241.0,337.4,96.4,1.4,Reconductor(ACSR->ACSS),7.749,7.0,-95.973798,30.65991,-96.091337,30.651189,104.21864881150007,74.44189200821435,True,ALL,generation,N1
4448,8109,8040,line,T7_structural,115.0,115.0,115.0,NORTH,138.0,345.0,207.0,2.5,New Corridor/Aggressive Parallel,77.106,12.5,-95.8568275,32.169178,-95.643712,32.158557,280.77442661643073,113.32565014603426,False,ALL,generation,N1
4451,8111,8042,line,T7_structural,115.0,115.0,115.0,NORTH,98.0,245.0,147.0,2.5,New Corridor/Aggressive Parallel,64.135,10.4,-94.737065,31.33610733333333,-94.758734,31.186933,285.3411822217324,97.93596987795996,True,ALL,generation,N1
4452,8118,8042,line,T7_structural,115.0,115.0,115.0,NORTH,98.0,245.0,147.0,2.5,New Corridor/Aggressive Parallel,181.405,29.4,-95.255739,31.188898,-94.758734,31.186933,257.47383528295694,86.78903110244984,True,ALL,generation,N1
4454,8046,8043,transformer,T7_structural,500.0,18.0,500.0,NORTH,248.7,746.1,497.4,3.0,Major Transformer 3x,55.0,0.0,-96.08704033333332,31.83128633333333,-96.08704033333332,31.83128633333333,233.71531966224367,77.90510655408123,True,ALL,generation,N1
4455,8047,8043,transformer,T7_structural,500.0,18.0,500.0,NORTH,233.5,700.5,467.0,3.0,Major Transformer 3x,55.0,0.0,-96.08704033333332,31.83128633333333,-96.08704033333332,31.83128633333333,226.7086539728457,75.56955132428189,True,ALL,generation,N1
4456,8048,8043,transformer,T7_structural,500.0,18.0,500.0,NORTH,225.5,676.5,451.0,3.0,Major Transformer 3x,55.0,0.0,-96.08704033333332,31.83128633333333,-96.08704033333332,31.83128633333333,215.40387922672764,71.8012930755759,True,ALL,generation,N1
4457,8049,8043,transformer,T7_structural,500.0,18.0,500.0,NORTH,253.7,761.1,507.4,3.0,Major Transformer 3x,55.0,0.0,-96.08704033333332,31.83128633333333,-96.08704033333332,31.83128633333333,215.71368742609383,71.8967445823585,True,ALL,generation,N1
4458,8050,8043,transformer,T7_structural,500.0,18.0,500.0,NORTH,236.4,709.2,472.8,3.0,Major Transformer 3x,55.0,0.0,-96.08704033333332,31.83128633333333,-96.08704033333332,31.83128633333333,224.84484464568862,74.94828154856292,True,ALL,generation,N1
4459,8051,8043,transformer,T7_structural,500.0,18.0,500.0,NORTH,261.4,784.2,522.8,3.0,Major Transformer 3x,55.0,0.0,-96.08704033333332,31.83128633333333,-96.08704033333332,31.83128633333333,206.37074407039023,68.93968375414435,True,ALL,generation,N1
4460,8043,8057,line,T7_structural,500.0,500.0,500.0,NORTH,2129.2,5323.0,3193.8,2.5,New Corridor/Aggressive Parallel,409.5,0.0,-96.08704033333332,31.83128633333333,-96.08704033333332,31.83128633333333,155.83486339227287,61.47690877384029,True,ALL,generation,N1
4463,8045,8044,transformer,T4_light,230.0,115.0,230.0,NORTH,388.0,582.0,194.0,1.5,Transformer Replace 1.5x,8.0,0.0,-96.08704033333332,31.83128633333333,-96.08704033333332,31.83128633333333,108.52451245849147,73.60500927686086,True,ALL,generation,N1
4464,8044,8058,line,T7_structural,230.0,230.0,230.0,NORTH,402.5,1006.2,603.8,2.5,New Corridor/Aggressive Parallel,273.0,0.0,-96.08704033333332,31.83128633333333,-96.08704033333332,31.83128633333333,157.25477887965897,76.31721706809233,True,ALL,generation,N1
4466,8045,8091,line,T7_structural,115.0,115.0,115.0,NORTH,262.0,655.0,393.0,2.5,New Corridor/Aggressive Parallel,140.602,22.8,-96.08704033333332,31.83128633333333,-96.467327,31.896737,321.7979168473249,128.71916673892986,False,ALL,generation,N1
4467,8045,8144,line,T7_structural,115.0,115.0,115.0,NORTH,98.0,245.0,147.0,2.5,New Corridor/Aggressive Parallel,92.472,15.0,-96.08704033333332,31.83128633333333,-96.329922,31.76524,164.01384664473838,98.64437583102448,True,ALL,generation,N1
4470,8053,8065,line,T6_heavy,115.0,115.0,115.0,NORTH,149.0,327.8,178.8,2.2,New Parallel Circuit,51.268,17.1,-95.8568275,32.169178,-96.1482745,32.142643,126.64369712725295,61.212678617054316,True,ALL,generation,N1
4472,8054,8092,line,T7_structural,115.0,115.0,115.0,NORTH,98.0,245.0,147.0,2.5,New Corridor/Aggressive Parallel,63.791,10.3,-96.009175,31.473728,-95.863721,31.557267,189.78154825362972,112.27127588566869,False,ALL,generation,N1
4473,8132,8054,line,T7_structural,115.0,115.0,115.0,NORTH,98.0,245.0,147.0,2.5,New Corridor/Aggressive Parallel,80.295,13.0,-96.229757,31.4789,-96.009175,31.473728,206.27134417199707,118.86719425301558,False,ALL,generation,N1
4475,8121,8055,line,T4_light,115.0,115.0,115.0,NORTH,98.0,137.2,39.2,1.4,Reconductor(ACSR->ACSS),13.243,12.0,-95.123407,31.9424935,-95.19267,31.779325,104.56914700075231,60.442899881454096,True,ALL,generation,N1
4478,8058,8057,transformer,T5_moderate,500.0,230.0,500.0,NORTH,491.0,859.2,368.2,1.75,Transformer Replace 1.75x,27.5,0.0,-96.08704033333332,31.83128633333333,-96.08704033333332,31.83128633333333,110.89393464353483,84.52226598281145,True,ALL,generation,N1
4500,8068,8067,transformer,T7_structural,500.0,230.0,500.0,NORTH,343.0,1029.0,686.0,3.0,Major Transformer 3x,55.0,0.0,-96.202639,31.37571,-96.202639,31.37571,159.03046741957937,84.97301493558388,True,ALL,generation,N1
4501,8068,8067,transformer,T7_structural,500.0,230.0,500.0,NORTH,343.0,1029.0,686.0,3.0,Major Transformer 3x,55.0,0.0,-96.202639,31.37571,-96.202639,31.37571,159.03046741957937,84.97301493558388,True,ALL,generation,N1
4502,8070,8067,transformer,T7_structural,500.0,13.8,500.0,NORTH,1254.5,3763.5,2509.0,3.0,Major Transformer 3x,55.0,0.0,-96.202639,31.37571,-96.202639,31.37571,205.99805121773622,68.66601707257874,True,ALL,generation,N1
4504,8069,8068,transformer,T7_structural,230.0,115.0,230.0,NORTH,143.0,429.0,286.0,3.0,Major Transformer 3x,25.0,0.0,-96.202639,31.37571,-96.202639,31.37571,192.9788674836939,122.39068470834162,False,ALL,generation,N1
4505,8068,8083,line,T5_moderate,230.0,230.0,230.0,NORTH,673.0,1177.8,504.8,1.75,HTLS Reconductor,60.172,21.5,-96.202639,31.37571,-96.4866,31.1803,122.2859399562615,73.54684466573006,True,ALL,generation,N1
4506,8069,8103,line,T7_structural,115.0,115.0,115.0,NORTH,149.0,372.5,223.5,2.5,New Corridor/Aggressive Parallel,185.25,0.0,-96.202639,31.37571,-96.202639,31.37571,161.1110747275459,113.62488753715598,False,ALL,generation,N1
4507,8069,8132,line,T5_moderate,115.0,115.0,115.0,NORTH,102.7,179.7,77.0,1.75,HTLS Reconductor,14.248,7.3,-96.202639,31.37571,-96.229757,31.4789,123.2468233778675,107.06588372928843,False,ALL,generation,N1
4538,8090,8092,line,T7_structural,115.0,115.0,115.0,NORTH,98.0,245.0,147.0,2.5,New Corridor/Aggressive Parallel,104.068,16.9,-95.58334,31.606693,-95.863721,31.557267,182.5264462128134,109.36923506934212,False,ALL,generation,N1
4539,8151,8090,line,T7_structural,115.0,115.0,115.0,NORTH,98.0,245.0,147.0,2.5,New Corridor/Aggressive Parallel,88.82,14.4,-95.481652,31.417425,-95.58334,31.606693,167.0060380495482,103.161071804036,False,ALL,generation,N1
4540,8091,8109,line,T7_structural,115.0,115.0,115.0,NORTH,262.0,655.0,393.0,2.5,New Corridor/Aggressive Parallel,249.54,40.4,-96.467327,31.896737,-95.8568275,32.169178,321.7979168473252,128.7191667389299,False,ALL,generation,N1
4541,12921,8091,transformer,T7_structural,115.0,20.0,115.0,NORTH,321.0,963.0,642.0,3.0,Major Transformer 3x,11.0,0.0,-96.467327,31.896737,-96.467327,31.896737,266.34907854828384,88.91484942886812,True,ALL,generation,N1
4583,8109,8123,line,T7_structural,115.0,115.0,115.0,NORTH,98.0,245.0,147.0,2.5,New Corridor/Aggressive Parallel,59.579,9.6,-95.8568275,32.169178,-96.01423,32.12747,412.12431980542607,163.41920372905017,False,ALL,generation,N1
4589,8114,8113,transformer,T5_moderate,230.0,115.0,230.0,NORTH,190.0,332.5,142.5,1.75,Transformer Replace 1.75x,11.5,0.0,-95.123407,31.9424935,-95.123407,31.9424935,112.30733937933243,53.590937068743266,True,ALL,generation,N1
4594,8118,8151,line,T7_structural,115.0,115.0,115.0,NORTH,98.0,245.0,147.0,2.5,New Corridor/Aggressive Parallel,127.629,20.7,-95.255739,31.188898,-95.481652,31.417425,285.90074489923035,130.5608009704251,False,ALL,generation,N1
4600,8149,8123,line,T7_structural,115.0,115.0,115.0,NORTH,98.0,245.0,147.0,2.5,New Corridor/Aggressive Parallel,48.86,7.9,-96.1482745,32.142643,-96.01423,32.12747,394.23656470338494,156.2641016882337,False,ALL,generation,N1
4605,8132,8144,line,T6_heavy,115.0,115.0,115.0,NORTH,149.0,327.8,178.8,2.2,New Parallel Circuit,61.724,20.6,-96.229757,31.4789,-96.329922,31.76524,137.58275730781878,90.95263989064682,True,ALL,generation,N1
4619,8143,13008,line,T4_light,115.0,115.0,115.0,NORTH,232.4,325.4,93.0,1.4,Reconductor(ACSR->ACSS),4.368,4.0,-96.069829,30.705329,-96.091337,30.651189,108.0752769516847,77.1966263940605,True,ALL,generation,N1
4673,12555,12556,transformer,T4_light,500.0,161.0,500.0,NORTH,800.0,1200.0,400.0,1.5,Transformer Replace 1.5x,20.0,0.0,-97.93385,33.07965,-97.93385,33.07965,107.75748267498915,78.27359803556787,True,ALL,generation,N1
4674,12557,12556,transformer,T7_structural,500.0,20.0,500.0,NORTH,300.8,902.4,601.6,3.0,Major Transformer 3x,55.0,0.0,-97.93385,33.07965,-97.93385,33.07965,244.14265630758587,81.72650709219857,True,ALL,generation,N1
4697,12581,12846,line,T4_light,161.0,161.0,161.0,NORTH,180.9,253.3,72.4,1.4,Reconductor(ACSR->ACSS),6.72,4.9,-101.9707005,34.487581000000006,-102.051944,34.511944,108.44536677618433,92.09035529922616,True,ALL,generation,N1
4739,12614,12613,transformer,T5_moderate,500.0,20.0,500.0,SOUTH,260.5,455.9,195.4,1.75,Transformer Replace 1.75x,27.5,0.0,-98.3721,30.558,-98.3721,30.558,118.76199616122841,67.86399780641624,True,ALL,generation,N1
4740,12615,12613,transformer,T4_light,500.0,20.0,500.0,SOUTH,235.9,353.9,118.0,1.5,Transformer Replace 1.5x,20.0,0.0,-98.3721,30.558,-98.3721,30.558,103.02819021221391,68.68546014147593,True,ALL,generation,N1
4741,12616,12613,transformer,T6_heavy,500.0,20.0,500.0,SOUTH,238.9,477.8,238.9,2.0,Parallel Transformer 2x,40.0,0.0,-98.3721,30.558,-98.3721,30.558,125.08502511511092,62.53968940373881,True,ALL,generation,N1
4762,12632,12633,transformer,T5_moderate,500.0,161.0,500.0,NORTH,600.0,1050.0,450.0,1.75,Transformer Replace 1.75x,27.5,0.0,-101.59661,34.4067,-101.59661,34.4067,122.96090971986615,81.44509236247391,True,ALL,generation,N1
4763,12632,12807,line,T7_structural,161.0,161.0,161.0,NORTH,348.0,870.0,522.0,2.5,New Corridor/Aggressive Parallel,141.978,19.0,-101.59661,34.4067,-101.381494,34.196962,158.51629335160226,82.31521512812085,True,ALL,generation,N1
4764,12632,12846,line,T7_structural,161.0,161.0,161.0,NORTH,282.1,705.2,423.2,2.5,New Corridor/Aggressive Parallel,201.379,26.9,-101.59661,34.4067,-102.051944,34.511944,158.00567087012368,76.78939121058075,True,ALL,generation,N1
4765,12632,12846,line,T7_structural,161.0,161.0,161.0,NORTH,282.1,705.2,423.2,2.5,New Corridor/Aggressive Parallel,201.379,26.9,-101.59661,34.4067,-102.051944,34.511944,158.00567087012368,76.78939121058075,True,ALL,generation,N1
4792,12659,12897,line,T4_light,115.0,115.0,115.0,WEST,264.0,369.6,105.6,1.4,Reconductor(ACSR->ACSS),33.15,0.0,-100.94008825,32.806441125,-100.94008825,32.806441125,103.88249242265631,74.20178030189729,True,ALL,generation,N1
4793,12659,12897,line,T4_light,115.0,115.0,115.0,WEST,264.0,369.6,105.6,1.4,Reconductor(ACSR->ACSS),33.15,0.0,-100.94008825,32.806441125,-100.94008825,32.806441125,103.88249242265631,74.20178030189729,True,ALL,generation,N1
4794,12659,12897,line,T4_light,115.0,115.0,115.0,WEST,264.0,369.6,105.6,1.4,Reconductor(ACSR->ACSS),33.15,0.0,-100.94008825,32.806441125,-100.94008825,32.806441125,103.88249242265631,74.20178030189729,True,ALL,generation,N1
4796,12663,12897,line,T4_light,115.0,115.0,115.0,WEST,356.0,498.4,142.4,1.4,Reconductor(ACSR->ACSS),33.15,0.0,-100.94008825,32.806441125,-100.94008825,32.806441125,101.41970951902276,69.80313303896365,True,ALL,generation,N1
4800,12664,12788,line,T5_moderate,230.0,230.0,230.0,WEST,595.0,1041.2,446.2,1.75,HTLS Reconductor,145.738,52.1,-100.94008825,32.806441125,-101.83586283333334,32.75809566666667,119.66550105154177,62.728259405521335,True,ALL,generation,N1
4821,12690,13333,line,T4_light,115.0,115.0,115.0,HOUSTON,144.4,202.2,57.8,1.4,Reconductor(ACSR->ACSS),7.558,6.8,-95.745,29.0728,-95.68083125,29.15439325,109.79572226639341,79.32676306002985,True,ALL,generation,N1
4856,12735,12736,transformer,T4_light,500.0,161.0,500.0,NORTH,1195.0,1792.5,597.5,1.5,Transformer Replace 1.5x,20.0,0.0,-99.091918,33.9776965,-99.091918,33.9776965,106.11001222083793,74.13939570674039,True,ALL,generation,N1
4859,12737,12736,transformer,T7_structural,500.0,20.0,500.0,NORTH,539.0,1617.0,1078.0,3.0,Major Transformer 3x,55.0,0.0,-99.091918,33.9776965,-99.091918,33.9776965,217.6206934161484,72.54023113871617,True,ALL,generation,N1
4871,12754,12937,line,T6_heavy,161.0,161.0,161.0,NORTH,371.0,816.2,445.2,2.2,New Parallel Circuit,113.1,0.0,-99.695954,33.73925199999999,-99.695954,33.73925199999999,131.91346425041263,65.86634085746951,True,ALL,generation,N1
4872,12754,12945,line,T7_structural,161.0,161.0,161.0,NORTH,256.5,641.2,384.8,2.5,New Corridor/Aggressive Parallel,476.201,63.7,-99.695954,33.73925199999999,-100.4547365,34.413879,492.05043859649123,193.6641473729821,False,ALL,generation,N1
4873,12754,12978,line,T6_heavy,161.0,161.0,161.0,NORTH,214.6,472.1,257.5,2.2,New Parallel Circuit,41.866,11.1,-99.695954,33.73925199999999,-99.58229,33.609313,144.18327010123235,91.13066609880454,True,ALL,generation,N1
4874,12754,13029,line,T6_heavy,161.0,161.0,161.0,NORTH,271.0,596.2,325.2,2.2,New Parallel Circuit,27.828,7.4,-99.695954,33.73925199999999,-99.657805,33.841272,138.2621103364318,79.671121687257,True,ALL,generation,N1
4876,12754,13204,line,T5_moderate,161.0,161.0,161.0,NORTH,262.2,458.8,196.6,1.75,HTLS Reconductor,59.969,24.3,-99.695954,33.73925199999999,-99.2898065,33.642922,120.15219254107207,52.66323413513507,True,ALL,generation,N1
4878,12764,12763,transformer,T6_heavy,500.0,20.0,500.0,NORTH,288.6,577.2,288.6,2.0,Parallel Transformer 2x,40.0,0.0,-96.38666966666666,32.061173333333336,-96.38666966666666,32.061173333333336,138.6001386001386,39.251992376992376,True,ALL,generation,N1
4891,12788,12898,line,T4_light,230.0,230.0,230.0,WEST,596.0,834.4,238.4,1.4,Reconductor(ACSR->ACSS),91.51,52.1,-101.83586283333334,32.75809566666667,-100.94008825,32.806441125,109.70149906096,77.55448453481429,True,ALL,generation,N1
4892,12788,12898,line,T4_light,230.0,230.0,230.0,WEST,596.0,834.4,238.4,1.4,Reconductor(ACSR->ACSS),91.51,52.1,-101.83586283333334,32.75809566666667,-100.94008825,32.806441125,109.70149906096,77.55448453481429,True,ALL,generation,N1
4904,12807,13055,line,T7_structural,161.0,161.0,161.0,NORTH,243.0,607.5,364.5,2.5,New Corridor/Aggressive Parallel,107.6,14.4,-101.381494,34.196962,-101.244172,34.371689,155.4114370608692,73.86976159354039,True,ALL,generation,N1
4907,12807,13392,line,T5_moderate,161.0,161.0,161.0,NORTH,300.0,525.0,225.0,1.75,HTLS Reconductor,40.549,16.4,-101.381494,34.196962,-101.1794378,34.0282444,110.97491474813535,57.54143641679948,True,ALL,generation,N1
4919,12816,13067,line,T5_moderate,115.0,115.0,115.0,SOUTH,146.4,256.2,109.8,1.75,HTLS Reconductor,6.595,3.4,-98.883685,27.48301875,-98.91,27.44,117.74763121714861,72.28975037294238,True,ALL,generation,N1
4920,12816,13423,line,T5_moderate,115.0,115.0,115.0,SOUTH,160.0,280.0,120.0,1.75,HTLS Reconductor,58.5,0.0,-98.883685,27.48301875,-98.883685,27.48301875,110.7872428005483,64.8715014692071,True,ALL,generation,N1
4953,12846,13038,line,T4_light,161.0,161.0,161.0,NORTH,205.2,287.3,82.1,1.4,Reconductor(ACSR->ACSS),6.72,4.9,-102.051944,34.511944,-101.9707005,34.487581000000006,104.31000160075365,86.64965326214924,True,ALL,generation,N1
4991,12897,12898,transformer,T5_moderate,230.0,115.0,230.0,WEST,700.0,1225.0,525.0,1.75,Transformer Replace 1.75x,11.5,0.0,-100.94008825,32.806441125,-100.94008825,32.806441125,116.61285883436229,65.48474104151238,True,ALL,generation,N1
4999,12906,13108,line,T4_light,115.0,115.0,115.0,SOUTH,147.1,205.9,58.8,1.4,Reconductor(ACSR->ACSS),6.785,6.1,-98.411111,26.465556,-98.3163296,26.4391468,103.33602133725871,73.84833483665653,True,ALL,generation,N1
5060,13000,12999,transformer,T4_light,161.0,20.0,161.0,NORTH,183.5,275.2,91.8,1.5,Transformer Replace 1.5x,4.5,0.0,-95.574442,33.433264,-95.574442,33.433264,108.99182561307902,55.631244323342415,True,ALL,generation,N1
5069,13009,13008,transformer,T4_light,115.0,20.0,115.0,NORTH,248.4,372.6,124.2,1.5,Transformer Replace 1.5x,3.0,0.0,-96.091337,30.651189,-96.091337,30.651189,101.11589170692432,67.4092709704013,True,ALL,generation,N1
5101,13059,13149,line,T6_heavy,161.0,161.0,161.0,NORTH,200.3,440.7,240.4,2.2,New Parallel Circuit,56.895,15.1,-101.186622,35.254184,-100.934408,35.18172,134.0230745291642,65.50111368507461,True,ALL,generation,N1
5135,13089,13270,line,T6_heavy,115.0,115.0,115.0,WEST,186.4,410.1,223.7,2.2,New Parallel Circuit,69.76,23.3,-101.80158,33.889462,-101.8383465,33.5531785,146.97132625671253,76.42502739928018,True,ALL,generation,N1
5136,13089,13377,line,T6_heavy,115.0,115.0,115.0,WEST,191.0,420.2,229.2,2.2,New Parallel Circuit,59.378,19.9,-101.80158,33.889462,-101.8408,33.6039,148.39572395688975,76.59700435089869,True,ALL,generation,N1
5144,13097,13402,line,T5_moderate,115.0,115.0,115.0,HOUSTON,98.5,172.4,73.9,1.75,HTLS Reconductor,58.5,0.0,-95.718793,29.017466,-95.718793,29.017466,119.71028629706879,66.95229863295835,True,ALL,generation,N1
5162,13123,13122,transformer,T6_heavy,115.0,20.0,115.0,HOUSTON,271.9,543.8,271.9,2.0,Parallel Transformer 2x,7.5,0.0,-96.70457766666668,28.589903333333336,-96.70457766666668,28.589903333333336,145.96358955498346,72.98179477749173,True,ALL,generation,N1
5180,13140,13214,line,T6_heavy,115.0,115.0,115.0,WEST,107.5,236.5,129.0,2.2,New Parallel Circuit,325.698,108.9,-100.938705,32.130795,-102.39869175,31.160862,126.88138057372662,84.34466270655852,True,ALL,generation,N1
5238,13220,13222,line,T7_structural,115.0,115.0,115.0,WEST,157.2,393.0,235.8,2.5,New Corridor/Aggressive Parallel,641.756,103.9,-100.938705,32.130795,-99.5687984,33.0957078,220.8865616705959,88.35462466823854,True,ALL,generation,N1
5239,13220,13315,line,T4_light,115.0,115.0,115.0,WEST,330.0,462.0,132.0,1.4,Reconductor(ACSR->ACSS),114.841,103.9,-100.938705,32.130795,-99.5687984,33.0957078,105.2223257412657,75.15880410090409,True,ALL,generation,N1
5250,13237,13390,line,T5_moderate,161.0,161.0,161.0,NORTH,227.6,398.3,170.7,1.75,HTLS Reconductor,74.1,0.0,-97.234707,33.503328,-97.234707,33.503328,124.4328807249536,85.06096337578772,True,ALL,generation,N1
5257,13243,13282,line,T4_light,161.0,161.0,161.0,NORTH,245.8,344.1,98.3,1.4,Reconductor(ACSR->ACSS),40.95,0.0,-99.1533074,32.3857988,-99.1533074,32.3857988,101.7087062652563,48.34090873323199,True,ALL,generation,N1
5263,13267,13266,transformer,T7_structural,161.0,20.0,161.0,NORTH,195.0,585.0,390.0,3.0,Major Transformer 3x,16.0,0.0,-97.466582,33.243525500000004,-97.466582,33.243525500000004,192.1457640432282,64.36965811965813,True,ALL,generation,N1
5292,13302,13397,line,T5_moderate,115.0,115.0,115.0,WEST,178.0,311.5,133.5,1.75,HTLS Reconductor,119.833,61.5,-103.43056166666668,31.453610666666663,-102.59898166666666,30.91979725,117.93796321337052,67.85610060628979,True,ALL,generation,N1
5298,13312,13403,line,T5_moderate,115.0,115.0,115.0,WEST,128.1,224.2,96.1,1.75,HTLS Reconductor,58.5,0.0,-100.94008825,32.806441125,-100.94008825,32.806441125,118.31525573920335,64.42241953889321,True,ALL,generation,N1
5301,13313,13337,line,T4_light,115.0,115.0,115.0,WEST,138.4,193.8,55.4,1.4,Reconductor(ACSR->ACSS),33.15,0.0,-99.79466125,29.20340125,-99.79466125,29.20340125,101.36100479999105,76.03719952852333,True,ALL,generation,N1
5306,13319,13416,line,T6_heavy,115.0,115.0,115.0,WEST,265.0,583.0,318.0,2.2,New Parallel Circuit,281.796,94.2,-102.66795,31.1834,-104.085297,31.815992,145.49515751479663,63.41262278338335,True,ALL,generation,N1
5312,13335,13337,line,T5_moderate,115.0,115.0,115.0,WEST,116.4,203.7,87.3,1.75,HTLS Reconductor,58.5,0.0,-99.79466125,29.20340125,-99.79466125,29.20340125,117.7325004827072,70.4107448208976,True,ALL,generation,N1
5319,13356,13357,line,T4_light,115.0,115.0,115.0,HOUSTON,139.0,194.6,55.6,1.4,Reconductor(ACSR->ACSS),33.15,0.0,-97.00621414285716,28.74651585714286,-97.00621414285716,28.74651585714286,103.37380467374084,75.2321367220145,True,ALL,generation,N1
