{
"type": "FeatureCollection",
"name": "state_boundaries",
"crs": { "type": "name", "properties": { "name": "urn:ogc:def:crs:OGC:1.3:CRS84" } },
"features": [
{ "type": "Feature", "properties": { "name": "Texas", "country": "US" }, "geometry": { "type": "MultiPolygon", "coordinates": [ [ [ [ -103.311514476411958, 29.026042537832836 ], [ -103.309994262999865, 29.031174825000036 ], [ -103.324799560999878, 29.026808167000056 ], [ -103.330483968999914, 29.023733419000038 ], [ -103.342602091999908, 29.041225892000071 ], [ -103.351671305999886, 29.039417217000093 ], [ -103.360533813999893, 29.029831238000085 ], [ -103.37208349699992, 29.023733419000038 ], [ -103.386630411999874, 29.02879771 ], [ -103.414639037999891, 29.05241383900001 ], [ -103.423604899999916, 29.057865702000086 ], [ -103.43569718499991, 29.061121318000076 ], [ -103.478536946999853, 29.082050273000064 ], [ -103.529748291999866, 29.126776225000029 ], [ -103.535587727999939, 29.135121969000082 ], [ -103.538223226999961, 29.142408345000078 ], [ -103.541711385999918, 29.1488162240001 ], [ -103.550237996999925, 29.154655660000103 ], [ -103.558015299999937, 29.156205953000025 ], [ -103.584990396999871, 29.154655660000103 ], [ -103.673124552999923, 29.173569235000045 ], [ -103.702476766999894, 29.187857768000114 ], [ -103.749476481999864, 29.222971904000062 ], [ -103.759062459999967, 29.226847637 ], [ -103.77076717199995, 29.229844869000132 ], [ -103.777717651999936, 29.235296733000027 ], [ -103.769423584999885, 29.257543437000052 ], [ -103.774229492999893, 29.267516989000072 ], [ -103.783660441999942, 29.274803365000039 ], [ -103.794176595999915, 29.277593893000088 ], [ -103.864120646999908, 29.281366272000028 ], [ -103.928121907999909, 29.293019308000098 ], [ -104.019149943999935, 29.320330303 ], [ -104.057312988999911, 29.339037171000101 ], [ -104.105423746999875, 29.385675150000068 ], [ -104.139788573999908, 29.400583802000099 ], [ -104.161647705999954, 29.41675852500002 ], [ -104.194513915999977, 29.448927104000049 ], [ -104.212290608999908, 29.484661357000064 ], [ -104.218698486999955, 29.489829 ], [ -104.227147583999852, 29.493032939000031 ], [ -104.251022094999939, 29.508587545000054 ], [ -104.267170979999918, 29.526570943000038 ], [ -104.292750813999874, 29.532823792000059 ], [ -104.320604411999938, 29.532255351000103 ], [ -104.338484456999907, 29.524012960000064 ], [ -104.349026448999865, 29.537578024000041 ], [ -104.430442667999884, 29.582794902000032 ], [ -104.437832397999898, 29.585430399000032 ], [ -104.444007731999875, 29.589202779000075 ], [ -104.448555257999914, 29.597677714000056 ], [ -104.45206925499987, 29.607108664000023 ], [ -104.455221517999917, 29.613387350000053 ], [ -104.469380859999958, 29.62540212 ], [ -104.516638957999902, 29.654315084000061 ], [ -104.530824137999872, 29.667905986000065 ], [ -104.535035766999911, 29.677802022000051 ], [ -104.535190795999938, 29.687853088000068 ], [ -104.537102824999877, 29.702115784000043 ], [ -104.543665731999852, 29.716430156000044 ], [ -104.561390747999866, 29.745420634000098 ], [ -104.570279093999972, 29.787511089000063 ], [ -104.583585774999904, 29.802574768000042 ], [ -104.601207437999889, 29.814770407000069 ], [ -104.619681762999903, 29.833063864000039 ], [ -104.623764200999915, 29.841487122000032 ], [ -104.637587646999876, 29.887995911000061 ], [ -104.656346191999958, 29.908201396000052 ], [ -104.660635335999928, 29.918433330000127 ], [ -104.663477539999903, 29.923084208 ], [ -104.676525838999851, 29.936830140000026 ], [ -104.68047908599992, 29.942307841000016 ], [ -104.682468628999871, 29.952126363000062 ], [ -104.680117349999918, 29.967784322000043 ], [ -104.68047908599992, 29.976465963000081 ], [ -104.699108438999886, 30.031449687000034 ], [ -104.701588907999863, 30.055324199000026 ], [ -104.698591674999946, 30.075271301000029 ], [ -104.684639037999943, 30.111134746000076 ], [ -104.68047908599992, 30.134130758000126 ], [ -104.678670410999928, 30.170355937000082 ], [ -104.681564290999916, 30.192938538000092 ], [ -104.6958528239999, 30.208441467000014 ], [ -104.715231486999869, 30.243994853000075 ], [ -104.724584920999902, 30.252211406000114 ], [ -104.74215490799989, 30.259859518 ], [ -104.749389608999948, 30.264458721000054 ], [ -104.761688598999896, 30.284199117000085 ], [ -104.774142619999878, 30.311587627000037 ], [ -104.788767048999944, 30.335927226000067 ], [ -104.807732300999902, 30.346417541 ], [ -104.812899943999909, 30.350706686000066 ], [ -104.814967000999872, 30.360576884000054 ], [ -104.816000528999851, 30.371997376000067 ], [ -104.81827429199987, 30.380523987000075 ], [ -104.824268757999889, 30.387190247 ], [ -104.837549601999896, 30.394063212000063 ], [ -104.844939330999907, 30.401039530000062 ], [ -104.853259236999875, 30.412149964000079 ], [ -104.85501623599994, 30.417472636000113 ], [ -104.853620972999877, 30.423983866000086 ], [ -104.85243241399985, 30.438866679000043 ], [ -104.854654500999942, 30.448736877 ], [ -104.864473022999917, 30.462017721 ], [ -104.866695109999924, 30.47302480000009 ], [ -104.86524816999993, 30.479897767000082 ], [ -104.859615438999896, 30.491111552000021 ], [ -104.859253703999897, 30.497261048 ], [ -104.863026082999923, 30.502377015 ], [ -104.879717570999858, 30.51085194900007 ], [ -104.882146362999919, 30.520928854000104 ], [ -104.884006714999927, 30.541857809000092 ], [ -104.886590535999929, 30.551883037000025 ], [ -104.89816605699987, 30.569401347000095 ], [ -104.928241739999933, 30.59952870700009 ], [ -104.934339559999898, 30.610535787000074 ], [ -104.941057495999928, 30.61404978500012 ], [ -104.972735148999931, 30.61802887 ], [ -104.982760375999945, 30.620716044000048 ], [ -104.98911657799988, 30.629552714000042 ], [ -104.991648722999869, 30.640301412000056 ], [ -104.992940633999922, 30.6514635220001 ], [ -104.995782837999897, 30.661747132000087 ], [ -105.008495239999945, 30.676991679000125 ], [ -105.027977254999939, 30.690117493000102 ], [ -105.049474650999883, 30.699264221000064 ], [ -105.068129842999852, 30.70267486600001 ], [ -105.08704341699989, 30.709806214000039 ], [ -105.133603882999935, 30.757916972000103 ], [ -105.14042517099989, 30.750475566 ], [ -105.153240926999885, 30.763187969000043 ], [ -105.15778845299991, 30.765720113000029 ], [ -105.160889037999951, 30.764118144000108 ], [ -105.162697712999943, 30.774918518000035 ], [ -105.167296916999902, 30.781171367000027 ], [ -105.174789998999927, 30.783961894000086 ], [ -105.185125284999941, 30.784633688000085 ], [ -105.195305542999904, 30.787940980000073 ], [ -105.204917358999921, 30.802410381000087 ], [ -105.212100382999964, 30.805717672000085 ], [ -105.218249878999941, 30.806802877000095 ], [ -105.229256958999926, 30.810213522000126 ], [ -105.232874308999911, 30.809128316000042 ], [ -105.23985062699991, 30.801531881000059 ], [ -105.243984741999839, 30.799103089000099 ], [ -105.249049032999906, 30.798844706000025 ], [ -105.259487670999945, 30.802978821000053 ], [ -105.265843872999966, 30.808404847000034 ], [ -105.270753133999904, 30.814347636000051 ], [ -105.277005981999906, 30.819411926000029 ], [ -105.334315144999962, 30.843803202000046 ], [ -105.363770711999877, 30.850366109000035 ], [ -105.376173055999942, 30.859564514000041 ], [ -105.415550496999941, 30.902455954000075 ], [ -105.496682495999892, 30.95650950100007 ], [ -105.530788940999869, 30.991701152000033 ], [ -105.5559553639999, 31.002604879 ], [ -105.565722208999944, 31.016660868000102 ], [ -105.578641316999949, 31.052162577000061 ], [ -105.590940307999901, 31.071437887000101 ], [ -105.605874796999871, 31.081928203000061 ], [ -105.623496459999856, 31.090351461000054 ], [ -105.643805297999876, 31.103683980000071 ], [ -105.668041544999951, 31.127868551000049 ], [ -105.675224568999909, 31.131950989000032 ], [ -105.692277791999928, 31.137635396000078 ], [ -105.768190470999869, 31.180010071000098 ], [ -105.777853963999888, 31.192722474000064 ], [ -105.784830281999888, 31.21101593000013 ], [ -105.861983194999937, 31.288375550000055 ], [ -105.880147461999883, 31.300881246000031 ], [ -105.896993978999959, 31.305997213000026 ], [ -105.8971490079999, 31.309511211000071 ], [ -105.908802042999866, 31.317004293000124 ], [ -105.928051513999904, 31.326461080000101 ], [ -105.934562743999962, 31.335504456000038 ], [ -105.941771606999922, 31.352350973000043 ], [ -105.948515381999954, 31.361239319000035 ], [ -105.961201945999903, 31.371006165 ], [ -106.004739338999926, 31.396947734000051 ], [ -106.021146606999892, 31.40216705300007 ], [ -106.04626135299992, 31.404647522000047 ], [ -106.06530411899989, 31.410952047000038 ], [ -106.09938472499995, 31.428883769000024 ], [ -106.141113444999888, 31.439167379000097 ], [ -106.164316162999896, 31.447797343000062 ], [ -106.174470581999856, 31.46025136300004 ], [ -106.2092488199999, 31.477304586000074 ], [ -106.21542415499988, 31.483919170000078 ], [ -106.217439534999926, 31.488725077000069 ], [ -106.218731444999975, 31.494616191 ], [ -106.222891398999906, 31.504589742000078 ], [ -106.23265824399995, 31.519937643000063 ], [ -106.2747486989999, 31.56262237600005 ], [ -106.286298380999938, 31.580140687000025 ], [ -106.312291626999894, 31.648611959000036 ], [ -106.331308553999875, 31.682149963000128 ], [ -106.358490356999951, 31.717548320000063 ], [ -106.391769979999893, 31.745918681000049 ], [ -106.428951172999902, 31.75847605400007 ], [ -106.473134521999896, 31.755065409000039 ], [ -106.492797404999934, 31.759044495000026 ], [ -106.50142524799989, 31.766343684 ], [ -106.506052409999938, 31.770258281000068 ], [ -106.553070111096702, 31.812186705352133 ], [ -106.56627811943963, 31.819608579971941 ], [ -106.566180462957959, 31.819608579971941 ], [ -106.580023236183365, 31.821634946795314 ], [ -106.591497846248558, 31.827201352760198 ], [ -106.60072636083288, 31.835941588533444 ], [ -106.607782025220274, 31.847538268076619 ], [ -106.600335735805515, 31.854984557491321 ], [ -106.62496952462385, 31.885550963406217 ], [ -106.632366986247405, 31.903129087837101 ], [ -106.635076946643721, 31.926053893172593 ], [ -106.64044804144396, 31.947294127122234 ], [ -106.661419720743481, 31.983402525106442 ], [ -106.66217655600326, 32.000297056863644 ], [ -106.645623822381481, 32.000297056863644 ], [ -106.619769329790699, 32.000345885554168 ], [ -106.397625774909557, 32.000443541136519 ], [ -106.175506634823307, 32.000541196718814 ], [ -105.953363079942164, 32.000590025409338 ], [ -105.731219525061022, 32.000687681891009 ], [ -105.509027142388675, 32.000760924477049 ], [ -105.286932416197999, 32.000834166163827 ], [ -105.064764447421283, 32.000907407850548 ], [ -104.842669721230607, 32.000980650436645 ], [ -104.620501751554571, 32.001078306918316 ], [ -104.398407025363895, 32.001151549504414 ], [ -104.176263471382072, 32.001224791191134 ], [ -103.954144330396502, 32.001346861568379 ], [ -103.73200077461604, 32.001468931945624 ], [ -103.50988163542911, 32.001542174531721 ], [ -103.287738079648648, 32.001615416218442 ], [ -103.065594524767505, 32.00168865790522 ], [ -103.064837688608407, 32.140726743844141 ], [ -103.064056438553791, 32.279740415887488 ], [ -103.063348431085217, 32.418705260139632 ], [ -103.062591595825438, 32.557767759974126 ], [ -103.061834759666397, 32.696781432017474 ], [ -103.061126752197822, 32.835770689265871 ], [ -103.060394329934354, 32.974784361309219 ], [ -103.059637493775313, 33.11382244724814 ], [ -103.058905072411164, 33.252860533187061 ], [ -103.05817265014764, 33.391849791334778 ], [ -103.057391400093024, 33.530839049482552 ], [ -103.056658977829557, 33.669877135421416 ], [ -103.055926555566089, 33.808890807464763 ], [ -103.055145306410736, 33.947953307299258 ], [ -103.054412885046588, 34.086966978443286 ], [ -103.05368046278312, 34.225980650486633 ], [ -103.052923626624022, 34.364994322529924 ], [ -103.052215619155504, 34.503983579778378 ], [ -103.051434369100832, 34.643046080512192 ], [ -103.050677532941791, 34.78205975255554 ], [ -103.049969524573896, 34.921122252390035 ], [ -103.049188275418544, 35.060111510537752 ], [ -103.048431439259502, 35.199100767786206 ], [ -103.047674603100404, 35.33813885282575 ], [ -103.046966595631886, 35.477152524869098 ], [ -103.046234174267681, 35.616166196912445 ], [ -103.045452924213066, 35.755155455060162 ], [ -103.044720501949598, 35.894193540999083 ], [ -103.0439636657905, 36.033231626938004 ], [ -103.043182415735885, 36.172220885085778 ], [ -103.042449994371736, 36.311234557129069 ], [ -103.041717572108269, 36.450248228273097 ], [ -103.041522260044246, 36.481644712933132 ], [ -103.042108197135576, 36.49958904939507 ], [ -103.000238080223198, 36.500199400381973 ], [ -102.967352338039973, 36.500199400381973 ], [ -102.874285931350641, 36.500199400381973 ], [ -102.729657024651942, 36.500199400381973 ], [ -102.542108197235507, 36.5001749864864 ], [ -102.320184369213223, 36.5001749864864 ], [ -102.072454877290738, 36.500150571691506 ], [ -101.807537885065301, 36.500150571691506 ], [ -101.53407597092928, 36.500150571691506 ], [ -101.260589641998365, 36.500150571691506 ], [ -100.995697063668558, 36.500150571691506 ], [ -100.747967571746017, 36.500101743900359 ], [ -100.52604374372379, 36.500101743900359 ], [ -100.338470502411724, 36.500052916109155 ], [ -100.193866009608655, 36.500052916109155 ], [ -100.10077518902375, 36.500052916109155 ], [ -100.067840619049321, 36.500052916109155 ], [ -100.013421674370761, 36.500052916109155 ], [ -100.002386517124023, 36.49985760314587 ], [ -100.00236210322845, 36.450443541236439 ], [ -100.002191205060058, 36.336820494170468 ], [ -100.001971478201142, 36.223173033208866 ], [ -100.001824993928324, 36.109476744456174 ], [ -100.001629680964982, 35.995853697390203 ], [ -100.001434368900959, 35.882157407738134 ], [ -100.001287884628141, 35.768534361571483 ], [ -100.001092571664856, 35.654935728401142 ], [ -100.000897259600833, 35.541239438749074 ], [ -100.000677532741918, 35.427591977787529 ], [ -100.000506634573526, 35.31392010293041 ], [ -100.000311321610184, 35.200272642868129 ], [ -100.000116010445481, 35.086649595802157 ], [ -99.999920696582876, 34.973002134840613 ], [ -99.999725385418174, 34.859330259983494 ], [ -99.999578900246036, 34.745682799021949 ], [ -99.999383588182013, 34.632035338060405 ], [ -99.999285930801022, 34.585697446779704 ], [ -99.999285930801022, 34.575467955281908 ], [ -99.98331913516995, 34.576713072050609 ], [ -99.938397259725718, 34.58198651036912 ], [ -99.922967571596132, 34.578251158264322 ], [ -99.913836712594218, 34.573832213485844 ], [ -99.891693158212661, 34.570414243822256 ], [ -99.882000775115671, 34.564921080443469 ], [ -99.713153119420895, 34.430839049482529 ], [ -99.693573041162892, 34.406156431973727 ], [ -99.680804485638475, 34.394681821908534 ], [ -99.662249799088954, 34.389896665998322 ], [ -99.601727338246064, 34.385038268401331 ], [ -99.58346561934286, 34.389896665998322 ], [ -99.57650761143708, 34.394632994117387 ], [ -99.56498417358074, 34.405643736569175 ], [ -99.556121869228889, 34.41035564989329 ], [ -99.547283977873235, 34.41245526020208 ], [ -99.49901737715021, 34.406840025546728 ], [ -99.460809368857269, 34.389310728007672 ], [ -99.440057416416607, 34.382425962687989 ], [ -99.416473431403688, 34.380375181969043 ], [ -99.401385541409581, 34.386381040752383 ], [ -99.393377727899804, 34.401664243709831 ], [ -99.387396283012038, 34.451444518549692 ], [ -99.377362102678887, 34.46269939995733 ], [ -99.362371869166395, 34.462259947138818 ], [ -99.343866010408021, 34.451322447273128 ], [ -99.339080852699169, 34.445243345903691 ], [ -99.336199994134404, 34.438260924102337 ], [ -99.332049603106668, 34.431009946751601 ], [ -99.323358196923209, 34.424003111054731 ], [ -99.314886516699346, 34.420804869149379 ], [ -99.304803510373688, 34.418876157908358 ], [ -99.285516399762002, 34.417801939308049 ], [ -99.265496868685545, 34.411551938870844 ], [ -99.255682416110574, 34.396561705358408 ], [ -99.249481244363892, 34.378324400350778 ], [ -99.24020390018984, 34.362552915884351 ], [ -99.209393352621134, 34.339750181825423 ], [ -99.192059368944683, 34.322220885185686 ], [ -99.196136517386321, 34.314139829989131 ], [ -99.199725385218358, 34.302445493964342 ], [ -99.197137494299909, 34.248295103036583 ], [ -99.193035931063321, 34.232230650024462 ], [ -99.175921674245842, 34.220609557485091 ], [ -99.153533978210532, 34.21692303317144 ], [ -99.107049602657014, 34.218583188863079 ], [ -99.08644413538849, 34.216312682184537 ], [ -99.048529095641243, 34.206547057400769 ], [ -99.028558392355876, 34.204300962819161 ], [ -99.007098430648057, 34.207230650074393 ], [ -98.991351360976523, 34.212748228248131 ], [ -98.975262494068829, 34.215897643261599 ], [ -98.952825971141635, 34.211722838338289 ], [ -98.877703900014978, 34.170780454854082 ], [ -98.857537884665646, 34.164799009966316 ], [ -98.732147259888109, 34.142093932389059 ], [ -98.720062298836012, 34.136625182006526 ], [ -98.653167767178672, 34.159672056819943 ], [ -98.630682415561012, 34.1633341663387 ], [ -98.618548626717711, 34.162919127415762 ], [ -98.586004680871326, 34.157108579797125 ], [ -98.574725384668739, 34.151688658105058 ], [ -98.558709760347142, 34.127787291550248 ], [ -98.551873821919344, 34.122367368958862 ], [ -98.539178509880287, 34.114969908234684 ], [ -98.505780072292509, 34.082572447560381 ], [ -98.490692181399027, 34.075174985936826 ], [ -98.440692180599626, 34.07529705721339 ], [ -98.416546674189647, 34.079007994523295 ], [ -98.410955853429869, 34.088212096111306 ], [ -98.396405071836568, 34.104740415837512 ], [ -98.384295696888898, 34.122904478259045 ], [ -98.368597455008512, 34.137528502438443 ], [ -98.343280071717913, 34.143461119535004 ], [ -98.209539837993134, 34.129178893491144 ], [ -98.178778119114895, 34.132352721500865 ], [ -98.131878704638495, 34.146488463271965 ], [ -98.106512493556693, 34.149662291281686 ], [ -98.090667767403545, 34.138285337698164 ], [ -98.091278119289768, 34.111820494120479 ], [ -98.095330852936513, 34.082108579946976 ], [ -98.090057416416641, 34.060917173788539 ], [ -98.088397259825683, 34.027836119541291 ], [ -98.050506634873273, 34.011918149902669 ], [ -98.001434369300682, 34.003568540955371 ], [ -97.965936322303435, 33.993265806871477 ], [ -97.955950970660751, 33.995316588489743 ], [ -97.948602337727664, 33.98743084625653 ], [ -97.946649212591069, 33.977054868687219 ], [ -97.952874799132644, 33.965311704871283 ], [ -97.946209759772557, 33.954667174450492 ], [ -97.946087689395313, 33.945023619144706 ], [ -97.952874799132644, 33.924369322286395 ], [ -97.954949993747221, 33.914066588202445 ], [ -97.9566833920249, 33.907865416455763 ], [ -97.959100384774899, 33.893021666316827 ], [ -97.949285931300665, 33.883158385051388 ], [ -97.926654096309505, 33.873148619513131 ], [ -97.884002728443136, 33.861649596451684 ], [ -97.84022831418531, 33.868021666366815 ], [ -97.800750775228096, 33.887845885379306 ], [ -97.714959759785074, 33.960038268351354 ], [ -97.679974408192379, 33.98350018208771 ], [ -97.640643352608606, 33.994510924539497 ], [ -97.602825971141613, 33.97898357992824 ], [ -97.593914838099295, 33.962113462965931 ], [ -97.594744915945114, 33.925004088068192 ], [ -97.585736127320388, 33.90635174413768 ], [ -97.570941204972598, 33.898978697309019 ], [ -97.506634564233707, 33.902640806827776 ], [ -97.484002728343228, 33.899296079750286 ], [ -97.469256634685905, 33.89214275978054 ], [ -97.461248822075447, 33.879276549573092 ], [ -97.458831830224767, 33.858549010128684 ], [ -97.452459760309694, 33.835355650143129 ], [ -97.43644413508872, 33.826957213404683 ], [ -97.371746869322521, 33.830497252546138 ], [ -97.360443158325097, 33.833646665761023 ], [ -97.352679485569809, 33.838407407775605 ], [ -97.348211713000126, 33.841923033021544 ], [ -97.337762493744094, 33.847342954713554 ], [ -97.332489056324846, 33.851737486495779 ], [ -97.329486127382836, 33.855912291419088 ], [ -97.323846477932591, 33.866092955125737 ], [ -97.321649212940827, 33.869120298862697 ], [ -97.305780071992729, 33.877982603214548 ], [ -97.29374393873178, 33.875443540986623 ], [ -97.267034955298925, 33.855448423805683 ], [ -97.261444135438467, 33.861771665929609 ], [ -97.243646283249348, 33.887382017765901 ], [ -97.240423627448422, 33.894828307180603 ], [ -97.236004680871304, 33.899540221404095 ], [ -97.230584760078614, 33.902714049413817 ], [ -97.217987102722589, 33.906986509919477 ], [ -97.211785930975907, 33.910062682346904 ], [ -97.199188275418578, 33.902469907760008 ], [ -97.188104291280013, 33.892875182044008 ], [ -97.180316204629094, 33.881595884942101 ], [ -97.177655072023924, 33.869120298862697 ], [ -97.182415814038563, 33.852933775473332 ], [ -97.201336712619195, 33.827689634768831 ], [ -97.205584760128545, 33.810770689115998 ], [ -97.200579877359417, 33.786576353116175 ], [ -97.187176556053203, 33.76011151043781 ], [ -97.167547650003996, 33.737577330129682 ], [ -97.144110150163272, 33.725126157945795 ], [ -97.112518353439214, 33.726102720963809 ], [ -97.093817180818235, 33.742338072144321 ], [ -97.084954877365703, 33.767924010084982 ], [ -97.082684368888522, 33.797123227954557 ], [ -97.07831425190119, 33.807914244446806 ], [ -97.059149212566069, 33.817264830307636 ], [ -97.054754680783844, 33.824418150277381 ], [ -97.058538860679846, 33.834427915815638 ], [ -97.066571088085254, 33.839408384689193 ], [ -97.073846478432188, 33.846195494426524 ], [ -97.075238080373083, 33.861649596451684 ], [ -97.039813275062556, 33.853592955150759 ], [ -97.017669720681056, 33.858549010128684 ], [ -97.002166790864692, 33.875321471508698 ], [ -96.986541790671083, 33.902640806827776 ], [ -96.98417362661155, 33.926835142827542 ], [ -96.985076947043467, 33.939896665998333 ], [ -96.977874799282517, 33.947538268376377 ], [ -96.972601360964006, 33.950004088018204 ], [ -96.966888470726303, 33.9520792835321 ], [ -96.932708783083854, 33.957328307055718 ], [ -96.924090618587172, 33.957328307055718 ], [ -96.914520305867427, 33.955936705114823 ], [ -96.9008972604002, 33.950834165864023 ], [ -96.894061321972401, 33.946268735913407 ], [ -96.889202924375468, 33.94145916610762 ], [ -96.884759563902719, 33.931571470946608 ], [ -96.878558392156037, 33.903422056882391 ], [ -96.87389530572375, 33.893656432098624 ], [ -96.867620892290347, 33.885331236147636 ], [ -96.855560346033144, 33.8748331891004 ], [ -96.850775189223612, 33.871927915740685 ], [ -96.843524212772195, 33.869925962812886 ], [ -96.83395390005245, 33.869291197031089 ], [ -96.798309368782327, 33.873343932476473 ], [ -96.790106244107847, 33.872196471290124 ], [ -96.779827923919527, 33.86787518209394 ], [ -96.753704876678682, 33.851371275364045 ], [ -96.748407025363917, 33.848881040927267 ], [ -96.73981327476281, 33.847611510262993 ], [ -96.728851361001489, 33.847172057444482 ], [ -96.709686321666368, 33.849247252059001 ], [ -96.699481244064145, 33.851688657805312 ], [ -96.691961712962666, 33.854618345959864 ], [ -96.687616009870965, 33.857889830451313 ], [ -96.684002728143355, 33.861698424242888 ], [ -96.680780072342429, 33.865897643061771 ], [ -96.678070111046793, 33.87065838507641 ], [ -96.665155072148821, 33.901664243809762 ], [ -96.658807416129321, 33.910184751824829 ], [ -96.65453495472434, 33.913480650211795 ], [ -96.64935917378682, 33.915970885547893 ], [ -96.639276165662523, 33.916166196712595 ], [ -96.625555462814361, 33.913382993730181 ], [ -96.600799602719462, 33.904886900510007 ], [ -96.592498821563368, 33.897831236122613 ], [ -96.589862102853772, 33.891898619026051 ], [ -96.600701947137111, 33.873221861199909 ], [ -96.602557415792091, 33.868265807121304 ], [ -96.602508588000887, 33.862845885429238 ], [ -96.601068158268845, 33.857767760074069 ], [ -96.598065228427515, 33.853373228291844 ], [ -96.594232220740366, 33.84975994746361 ], [ -96.581976360620502, 33.838724791116192 ], [ -96.540887493762796, 33.828177916277809 ], [ -96.540814252076075, 33.828177916277809 ], [ -96.518914838449007, 33.818754087830882 ], [ -96.513494915857677, 33.814506041220795 ], [ -96.510199016571335, 33.807132994392134 ], [ -96.507806438616228, 33.797855650218082 ], [ -96.504046674414496, 33.789921080193665 ], [ -96.4964538998276, 33.786576353116175 ], [ -96.428704877328187, 33.789725768129699 ], [ -96.410467572320613, 33.786576353116175 ], [ -96.387054486375405, 33.762821470834183 ], [ -96.358612102866232, 33.725614439454773 ], [ -96.328778119214803, 33.701859557172781 ], [ -96.301214642241916, 33.718314635212209 ], [ -96.29547733810864, 33.739115416343395 ], [ -96.295867963135947, 33.754056822064683 ], [ -96.289520306217128, 33.763041196793779 ], [ -96.26337284598003, 33.766044127534428 ], [ -96.220770305904864, 33.762040220779568 ], [ -96.202728313860575, 33.763675963474896 ], [ -96.183905071761615, 33.773539243841014 ], [ -96.1740906191867, 33.786722838288313 ], [ -96.156414838274145, 33.821171080580882 ], [ -96.146698041281581, 33.828177916277809 ], [ -96.135858196998186, 33.830277524787903 ], [ -96.115301555722226, 33.83970135323483 ], [ -96.105413860561214, 33.841800963543619 ], [ -96.05421757168358, 33.841800963543619 ], [ -96.040203900289725, 33.843290221066809 ], [ -96.006414837674583, 33.855448423805683 ], [ -95.987835736330169, 33.866263853294186 ], [ -95.97252811857777, 33.873026549135886 ], [ -95.965423627298549, 33.872538268526228 ], [ -95.960980266825857, 33.879984557041666 ], [ -95.950457805882991, 33.889457213279741 ], [ -95.937884564221235, 33.895560728544751 ], [ -95.927581830137342, 33.893021666316827 ], [ -95.916961712712862, 33.884061705483305 ], [ -95.860394329934365, 33.853959166282493 ], [ -95.848895305973599, 33.851493345741289 ], [ -95.820819135394743, 33.855448423805683 ], [ -95.814740033125986, 33.862259947438588 ], [ -95.808880657716145, 33.866874205180409 ], [ -95.800946087691784, 33.869120298862697 ], [ -95.795574993790922, 33.862259947438588 ], [ -95.790155072098855, 33.8575968610063 ], [ -95.78327030587991, 33.855448423805683 ], [ -95.772283978223015, 33.86186932241128 ], [ -95.776556438728619, 33.890018736475497 ], [ -95.769622845617789, 33.896439635081094 ], [ -95.736981244189053, 33.895658385026422 ], [ -95.721991009777241, 33.897294126822487 ], [ -95.711590619211677, 33.896439635081094 ], [ -95.705096478020039, 33.902933775373413 ], [ -95.695159955067879, 33.909623227729753 ], [ -95.683953899652749, 33.914823424361543 ], [ -95.673724408154897, 33.916898618976063 ], [ -95.650116010145723, 33.927469907710076 ], [ -95.646991009927149, 33.929764830082831 ], [ -95.630389446715583, 33.924662290832032 ], [ -95.622821087822899, 33.924369322286395 ], [ -95.609515423897676, 33.943461119035419 ], [ -95.598114056418524, 33.9520792835321 ], [ -95.584954876766119, 33.947953307299258 ], [ -95.571893352696065, 33.938871275189172 ], [ -95.559124798970288, 33.933231627537566 ], [ -95.54808964172355, 33.925541197368318 ], [ -95.54025272818086, 33.910062682346904 ], [ -95.549774213109401, 33.8957316267132 ], [ -95.537127727962229, 33.889921079993826 ], [ -95.505535931238228, 33.889603697552559 ], [ -95.50570683030594, 33.888016783547698 ], [ -95.503436321828758, 33.884549986092964 ], [ -95.499310345595973, 33.87966717370108 ], [ -95.497088665809258, 33.875321471508698 ], [ -95.491961712662885, 33.877176939264302 ], [ -95.48607792425679, 33.88118084601922 ], [ -95.481610149888468, 33.883402524906558 ], [ -95.472015424172469, 33.882792173919654 ], [ -95.464422649585572, 33.880521666341792 ], [ -95.457830852811583, 33.876175963250091 ], [ -95.451507610687656, 33.869120298862697 ], [ -95.44059452471754, 33.870536313799846 ], [ -95.357049602956806, 33.86821697843078 ], [ -95.348455853255018, 33.869120298862697 ], [ -95.341912885171496, 33.871781432367186 ], [ -95.33768925155772, 33.874369322386315 ], [ -95.335491985666579, 33.878617368996345 ], [ -95.334832805989208, 33.886503111229558 ], [ -95.331756635360421, 33.895511899854284 ], [ -95.324847455245845, 33.895341001685836 ], [ -95.313714642416812, 33.889603697552559 ], [ -95.302850385137162, 33.894974791453421 ], [ -95.293743939131446, 33.898099790772733 ], [ -95.286248821925597, 33.902103697527593 ], [ -95.280194135351053, 33.910062682346904 ], [ -95.268597454908615, 33.904569518068797 ], [ -95.263250774903327, 33.915458189244021 ], [ -95.26178593127571, 33.933060728469798 ], [ -95.255682416010643, 33.947953307299258 ], [ -95.236737102635175, 33.960673033233888 ], [ -95.22030643939064, 33.96294354081175 ], [ -95.154315228165217, 33.944193541298887 ], [ -95.143035931063366, 33.938041197343352 ], [ -95.137664838061824, 33.932108580246734 ], [ -95.13370975999743, 33.925150572341011 ], [ -95.128314252200937, 33.919340024722317 ], [ -95.096991010126999, 33.912992368702817 ], [ -95.079412884796795, 33.903055845750657 ], [ -95.047454876941003, 33.875931822495602 ], [ -95.031756635060617, 33.866727720907591 ], [ -95.016400188617808, 33.862577329879855 ], [ -94.981658977779603, 33.861649596451684 ], [ -94.974481243914283, 33.859794126897441 ], [ -94.966522259994292, 33.855253110842398 ], [ -94.960076946593801, 33.849711118773087 ], [ -94.957440227884206, 33.844925962862874 ], [ -94.954998822137895, 33.82976483028267 ], [ -94.948675580013969, 33.823563658535988 ], [ -94.939910931244469, 33.820414244421841 ], [ -94.930145305561382, 33.814506041220795 ], [ -94.924920696832658, 33.808426938952039 ], [ -94.910272259657063, 33.786576353116175 ], [ -94.872747845836386, 33.755912290719607 ], [ -94.807244916119942, 33.746195493727043 ], [ -94.781927532829343, 33.739652524744201 ], [ -94.769696088403748, 33.738773619107235 ], [ -94.755487103147289, 33.733426939101946 ], [ -94.73961796309851, 33.709989439261165 ], [ -94.722186322041125, 33.70261639333188 ], [ -94.713665814026058, 33.693607602908514 ], [ -94.707928509892781, 33.691581236085142 ], [ -94.701068157569409, 33.692777525062695 ], [ -94.689471478026292, 33.697318541117738 ], [ -94.683099408111161, 33.697782407831824 ], [ -94.66871952468631, 33.695414243772291 ], [ -94.655047649629296, 33.691581236085142 ], [ -94.643573041362743, 33.685795103261398 ], [ -94.635955852880272, 33.677323423936855 ], [ -94.609857221333698, 33.681058775142333 ], [ -94.588446088316289, 33.679252135177876 ], [ -94.591741985803992, 33.675541196968652 ], [ -94.594964641604918, 33.669877135421416 ], [ -94.58034061922416, 33.663480649812129 ], [ -94.532904096346954, 33.650004087718457 ], [ -94.532904096346954, 33.65686443914251 ], [ -94.514740033026101, 33.649271666354309 ], [ -94.489398235839872, 33.648466002404064 ], [ -94.484100385424426, 33.647416196800009 ], [ -94.466912885121531, 33.644047056726265 ], [ -94.457171674233336, 33.625809751718634 ], [ -94.449871869091453, 33.604935728001408 ], [ -94.431488079811004, 33.590824400125939 ], [ -94.407122845642789, 33.584720884860928 ], [ -94.38204960310668, 33.587943541561174 ], [ -94.38204960310668, 33.581717955019599 ], [ -94.394574016977288, 33.571488463521746 ], [ -94.387420697007542, 33.561796080424756 ], [ -94.369061321622667, 33.558549009828937 ], [ -94.347918744154697, 33.567460142871255 ], [ -94.327825971391462, 33.558060728319958 ], [ -94.317449993822152, 33.566800963193884 ], [ -94.31032108774798, 33.58271893193313 ], [ -94.300116010145757, 33.594779478190333 ], [ -94.283172649698031, 33.595121275426493 ], [ -94.234979290661727, 33.57427166650416 ], [ -94.221258587813566, 33.579520689128458 ], [ -94.208221477639086, 33.589115415743834 ], [ -94.193182416335446, 33.59392498644894 ], [ -94.159320111134207, 33.577323424136694 ], [ -94.139886517149023, 33.573002134940566 ], [ -94.119134563809041, 33.573881041476852 ], [ -94.10089725970073, 33.581717955019599 ], [ -94.071942180787005, 33.563627135184106 ], [ -94.056951947274513, 33.557377134746957 ], [ -94.047283978073096, 33.554154478046712 ], [ -94.047283978073096, 33.55339764278699 ], [ -94.046575970604522, 33.488382994579524 ], [ -94.04523319735415, 33.369022643380276 ], [ -94.043890424103779, 33.249662291281709 ], [ -94.042596477745235, 33.130301939183141 ], [ -94.041253705394183, 33.010941587983893 ], [ -94.041497846148673, 32.893632018402911 ], [ -94.041717572108269, 32.776273619232143 ], [ -94.041961712862758, 32.658939634856267 ], [ -94.042157024926723, 32.541605650480392 ], [ -94.042352337890065, 32.42429608000009 ], [ -94.042596477745235, 32.306962096523534 ], [ -94.042816204604151, 32.189603697352709 ], [ -94.04306034625796, 32.072318540768038 ], [ -94.043231244426352, 31.998197447454231 ], [ -94.042449994371736, 31.996097838044761 ], [ -94.04037479885784, 31.99231365814876 ], [ -94.035003704956978, 31.987186705002387 ], [ -94.021258588213243, 31.978495298818984 ], [ -94.014935346089317, 31.975614439354899 ], [ -94.00250858780106, 31.967338072094321 ], [ -93.997845502268092, 31.962552916184109 ], [ -93.97743534616427, 31.930082212923764 ], [ -93.973968548709536, 31.926517759886679 ], [ -93.969696088203875, 31.923490416149775 ], [ -93.965252727731183, 31.920975767817424 ], [ -93.932366986447221, 31.906742369564711 ], [ -93.923602337677721, 31.900565610814283 ], [ -93.904168743692537, 31.883207213242258 ], [ -93.890521283430473, 31.86792401028481 ], [ -93.881756634660917, 31.854667174150734 ], [ -93.876922650060237, 31.845316588289904 ], [ -93.87294315810027, 31.83557537740171 ], [ -93.865814252026098, 31.82278240798172 ], [ -93.840057415916988, 31.790360533411842 ], [ -93.837347454621295, 31.781351743887853 ], [ -93.830584759678914, 31.742777525362499 ], [ -93.826898236264583, 31.731009946751612 ], [ -93.823358197123071, 31.723295102686848 ], [ -93.819866985772762, 31.720170103367536 ], [ -93.816864055931433, 31.71687420498057 ], [ -93.814300579807878, 31.713090025084568 ], [ -93.813446088066485, 31.708109557110333 ], [ -93.813861126989423, 31.702372252077737 ], [ -93.818621869004005, 31.686478697234065 ], [ -93.820184369113349, 31.677274596545374 ], [ -93.821893352596135, 31.649320494545179 ], [ -93.823187298954679, 31.640922056907357 ], [ -93.824823040750687, 31.635550963006494 ], [ -93.828997845673996, 31.628275571760184 ], [ -93.832904095947242, 31.61787518209394 ], [ -93.833490033038572, 31.611014829770568 ], [ -93.832904095947242, 31.603446470877884 ], [ -93.829608196660956, 31.593827330366992 ], [ -93.826922650160157, 31.587845885479226 ], [ -93.820721478413475, 31.578690610783042 ], [ -93.810882611043667, 31.567167173825965 ], [ -93.784100385024715, 31.541703307161868 ], [ -93.775335736255215, 31.535502135415186 ], [ -93.770526166449429, 31.532767760223919 ], [ -93.764862103103553, 31.530399596164386 ], [ -93.740496868935338, 31.524051939245567 ], [ -93.734710736111538, 31.521879088149376 ], [ -93.729876752410178, 31.519095885166962 ], [ -93.726702924400399, 31.514994321930374 ], [ -93.726263470682625, 31.509720885410502 ], [ -93.729168744042283, 31.504545103573662 ], [ -93.731585735892963, 31.501639830213946 ], [ -93.732757610974943, 31.500565610714318 ], [ -93.733221477689028, 31.500174985687011 ], [ -93.743719524736264, 31.494291197280916 ], [ -93.746795697163691, 31.490336119216522 ], [ -93.747552533322732, 31.485526549410679 ], [ -93.745428510017689, 31.477543149796531 ], [ -93.743255658022179, 31.473002135540128 ], [ -93.740203900389645, 31.468680846343943 ], [ -93.73641972139302, 31.465873228566636 ], [ -93.731756634960732, 31.463675963574815 ], [ -93.719891399868175, 31.460941588383605 ], [ -93.714422650384961, 31.458841978074815 ], [ -93.710174602875611, 31.455887876923953 ], [ -93.706903119283481, 31.449906432036187 ], [ -93.704461712637908, 31.441605649980715 ], [ -93.701556439278249, 31.425467955281874 ], [ -93.698699993709738, 31.41692303337129 ], [ -93.695428510117608, 31.410306821802351 ], [ -93.685540814057276, 31.398734557054127 ], [ -93.670062299035862, 31.384330259733701 ], [ -93.656243938806711, 31.376346861018817 ], [ -93.654461712737827, 31.373636899723124 ], [ -93.655072063724731, 31.3702677605487 ], [ -93.667645306285863, 31.356327329942303 ], [ -93.670599408335988, 31.352347837982336 ], [ -93.674871868841649, 31.343558775317206 ], [ -93.676824993978244, 31.337723813802938 ], [ -93.677899212578552, 31.330716978106011 ], [ -93.67589725965081, 31.320048032890384 ], [ -93.672625775159361, 31.314139829689395 ], [ -93.668255658172086, 31.30940350246965 ], [ -93.642669721130687, 31.290775572434711 ], [ -93.631634563884006, 31.28064373651921 ], [ -93.628460735874228, 31.276639829764292 ], [ -93.625775189373485, 31.271830259958506 ], [ -93.623577924381664, 31.266263853094301 ], [ -93.621600385349495, 31.258109557110345 ], [ -93.619232221289963, 31.251200376995769 ], [ -93.616180462758109, 31.246000182162675 ], [ -93.610784954961673, 31.238627135334013 ], [ -93.609100385374461, 31.233451353497173 ], [ -93.605194135101215, 31.206791196956146 ], [ -93.603167767378523, 31.201566588227422 ], [ -93.600457806082886, 31.198002135190393 ], [ -93.597357220659205, 31.195267759999126 ], [ -93.594574016777415, 31.193387877448572 ], [ -93.592474408267321, 31.192508970912286 ], [ -93.589398235839894, 31.192142759780495 ], [ -93.585833782802808, 31.192069518093774 ], [ -93.566400188817624, 31.196439635081049 ], [ -93.548455853255007, 31.192533384807859 ], [ -93.543035930663677, 31.176175963250103 ], [ -93.545916791027082, 31.131571471146458 ], [ -93.548065228227699, 31.121732602877273 ], [ -93.557440227984102, 31.108207212992454 ], [ -93.559588666084039, 31.097123227954569 ], [ -93.532879680852545, 31.059891783578905 ], [ -93.518841595563174, 31.049222838363278 ], [ -93.514764447121536, 31.042045102699319 ], [ -93.518597454808685, 31.031962096373604 ], [ -93.526556438728619, 31.027274596045743 ], [ -93.553680462883051, 31.02007244738553 ], [ -93.563006634848307, 31.018900572303551 ], [ -93.577557416441607, 31.008402525256315 ], [ -93.569085736217744, 30.985697446779739 ], [ -93.553289837855687, 30.964115416493257 ], [ -93.545916791027082, 30.956840025246947 ], [ -93.538153119171113, 30.943900572453458 ], [ -93.539642376694303, 30.939432798984456 ], [ -93.545916791027082, 30.928910338041646 ], [ -93.561053509711712, 30.917313658498529 ], [ -93.569915814063563, 30.908817564379092 ], [ -93.573846478232383, 30.898490416399568 ], [ -93.572674603150404, 30.887406432261002 ], [ -93.567572063899604, 30.86841229109433 ], [ -93.566400188817624, 30.85720623657852 ], [ -93.566815227740562, 30.845267759799242 ], [ -93.568182415785827, 30.836478697134169 ], [ -93.573846478232383, 30.81968182185858 ], [ -93.610028118802632, 30.761869322311384 ], [ -93.618231244376432, 30.714139829989165 ], [ -93.627850384887324, 30.699882017840821 ], [ -93.661981243839307, 30.676298032827958 ], [ -93.670404096272023, 30.660697447429243 ], [ -93.684930463070373, 30.611136900347674 ], [ -93.686810345620927, 30.600565610714341 ], [ -93.7064880803606, 30.595756040908554 ], [ -93.721746869422475, 30.583207213142373 ], [ -93.730535931188228, 30.565653501707743 ], [ -93.730877728424389, 30.545951353072439 ], [ -93.728045696751508, 30.540897643411483 ], [ -93.719842572077027, 30.536381041252014 ], [ -93.717205853367432, 30.531669127028579 ], [ -93.716326946831089, 30.512259946938968 ], [ -93.717205853367432, 30.51118572833866 ], [ -93.704998821938091, 30.481302915996764 ], [ -93.703582806101622, 30.473343932076773 ], [ -93.706390423878929, 30.454789243728612 ], [ -93.713958782771613, 30.441288267739367 ], [ -93.738324016939828, 30.414994322330074 ], [ -93.752410930919723, 30.392679868880805 ], [ -93.75580448578836, 30.373368346172242 ], [ -93.751971478101211, 30.329349791159927 ], [ -93.744891399818243, 30.313968931720808 ], [ -93.729657024651942, 30.301761900291467 ], [ -93.71517948564474, 30.287259947388634 ], [ -93.710394329734527, 30.264774595770973 ], [ -93.713324016989759, 30.25478924412829 ], [ -93.722821088022783, 30.23513592418351 ], [ -93.724676555778387, 30.223807799290512 ], [ -93.722259563927707, 30.213798032852935 ], [ -93.712567180830717, 30.199174010472177 ], [ -93.710394329734527, 30.192484557216517 ], [ -93.70824589163459, 30.174003111454397 ], [ -93.704681438597504, 30.159672056720012 ], [ -93.703973431128929, 30.143754087980767 ], [ -93.710394329734527, 30.120780454854071 ], [ -93.723284954736869, 30.10105389322257 ], [ -93.724896282637303, 30.091825376839665 ], [ -93.717205853367432, 30.07981365837361 ], [ -93.776092572414257, 30.021805845863071 ], [ -93.796405072036407, 29.990238463034643 ], [ -93.798421170438431, 29.985606595902414 ], [ -93.818646052999895, 29.986755367000058 ], [ -93.834597684999949, 29.983621329000073 ], [ -93.854074673999946, 29.986558335000041 ], [ -93.858021613999938, 29.968247789000088 ], [ -93.867543097999942, 29.950018622000073 ], [ -93.924398587999917, 29.865621589000057 ], [ -93.93811194999995, 29.805902690000039 ], [ -93.9327117119999, 29.776194375000046 ], [ -93.875843878999945, 29.72337474200009 ], [ -93.859934048999946, 29.692572333000044 ], [ -93.875803188999896, 29.675034898000035 ], [ -93.887318488999938, 29.67454661700009 ], [ -93.916737433999913, 29.681830145000049 ], [ -94.037587042999917, 29.684027411000045 ], [ -94.060129360999895, 29.681830145000049 ], [ -94.101958787999934, 29.670599677000041 ], [ -94.131459113999938, 29.658880927000041 ], [ -94.215972459999932, 29.61749909100007 ], [ -94.335275844999899, 29.578192450000074 ], [ -94.654286261999914, 29.45189036700009 ], [ -94.690744594999899, 29.428615627000056 ], [ -94.74242102799991, 29.374660549000055 ], [ -94.762766079999949, 29.366522528000075 ], [ -94.786203579999949, 29.370306708000044 ], [ -94.790638800999943, 29.380031643000052 ], [ -94.782053188999896, 29.393377997000073 ], [ -94.700998501999948, 29.462795315000051 ], [ -94.675160285999937, 29.474798895000049 ], [ -94.651600714999915, 29.478257554000038 ], [ -94.640126105999911, 29.481431382000039 ], [ -94.630034959999932, 29.485663153000075 ], [ -94.622425910999937, 29.490057684000078 ], [ -94.592600063999896, 29.517564195000091 ], [ -94.580881313999896, 29.524237372000073 ], [ -94.572132941999939, 29.526434637000079 ], [ -94.521880662999934, 29.523993231000077 ], [ -94.504465298999946, 29.52602773600006 ], [ -94.491810675999943, 29.534125067000048 ], [ -94.485259568999936, 29.552150783000059 ], [ -94.485951300999943, 29.566107489000046 ], [ -94.494943813999896, 29.558783270000049 ], [ -94.510121222999942, 29.549017645000049 ], [ -94.529652472999942, 29.555568752000056 ], [ -94.545521613999938, 29.568426825000074 ], [ -94.561431443999936, 29.574611721000053 ], [ -94.605448177999904, 29.552650016000086 ], [ -94.695232459999943, 29.538958957000091 ], [ -94.73681933499995, 29.52847728900008 ], [ -94.755235444999926, 29.524271247000058 ], [ -94.779050171999927, 29.529876915000045 ], [ -94.787429412999927, 29.540713928000059 ], [ -94.78508043599993, 29.546933688000081 ], [ -94.773754470999904, 29.541801409000072 ], [ -94.761274074999903, 29.543918331000043 ], [ -94.749457597999935, 29.561037903000056 ], [ -94.735778778999929, 29.579235245000064 ], [ -94.716138389999912, 29.611408156000039 ], [ -94.703110390999939, 29.650437504000081 ], [ -94.69274089399994, 29.696340139000085 ], [ -94.695470327999942, 29.718122638000068 ], [ -94.702143978999914, 29.735306485000081 ], [ -94.703531807999923, 29.751361552000049 ], [ -94.710175682999932, 29.76051782400009 ], [ -94.719493652999915, 29.776550538000038 ], [ -94.734054998999909, 29.782240880000074 ], [ -94.744626804999939, 29.782205729000054 ], [ -94.760457555999949, 29.776416445000052 ], [ -94.773654627999917, 29.772927863000064 ], [ -94.794792360999907, 29.771705170000075 ], [ -94.806743235999932, 29.781989296000063 ], [ -94.826490230999923, 29.768144031000077 ], [ -94.826385918999904, 29.749786788000051 ], [ -94.848660794999944, 29.717577818000052 ], [ -94.862984139999924, 29.683106243000054 ], [ -94.876076243999933, 29.665842342000076 ], [ -94.906409530999895, 29.657682431000069 ], [ -94.919596500999944, 29.655327353000075 ], [ -94.931555765999917, 29.666740910000044 ], [ -94.938316759999907, 29.68965262100005 ], [ -94.948914997999907, 29.694190100000071 ], [ -94.966172105999931, 29.704433957000049 ], [ -94.999175584999932, 29.716009833000044 ], [ -95.015502401999925, 29.720300111000086 ], [ -95.026744931999929, 29.736093650000043 ], [ -95.03399277199992, 29.748461307000071 ], [ -95.05228023199993, 29.749748170000089 ], [ -95.064076300999943, 29.712876695000091 ], [ -95.05032848399992, 29.707025646000091 ], [ -95.036812351999913, 29.704342920000045 ], [ -95.028824080999925, 29.697496674000035 ], [ -95.018488186999946, 29.69548353600004 ], [ -95.00894678599991, 29.693465439000079 ], [ -94.99857961999993, 29.686629898000035 ], [ -94.985801383999899, 29.674985390000074 ], [ -95.008696001999908, 29.659713857000042 ], [ -95.015723264999906, 29.644522457000051 ], [ -95.010031173999948, 29.625952994000045 ], [ -94.984518507999951, 29.60612019000007 ], [ -94.98919473299992, 29.594386967000048 ], [ -95.005441860999895, 29.578599351000037 ], [ -95.015980597999942, 29.568915106000077 ], [ -95.023915167999917, 29.542181708000044 ], [ -94.98391111199993, 29.513819470000044 ], [ -94.907798281999931, 29.496309994000057 ], [ -94.914873307999926, 29.488005564000048 ], [ -94.923506217999943, 29.475557837000053 ], [ -94.936390753999945, 29.480047919000071 ], [ -94.950591600999928, 29.473781643000052 ], [ -94.96507727799991, 29.469631252000056 ], [ -94.96507727799991, 29.462795315000051 ], [ -94.948231574999909, 29.451971747000073 ], [ -94.947092251999948, 29.435370184000078 ], [ -94.942941860999895, 29.422023830000057 ], [ -94.917307094999899, 29.421128648000035 ], [ -94.917307094999899, 29.428615627000056 ], [ -94.921498175999943, 29.432114976000037 ], [ -94.921986456999946, 29.433986721000053 ], [ -94.921783006999931, 29.436509507000039 ], [ -94.919585740999935, 29.436509507000039 ], [ -94.918324347999942, 29.436997789000088 ], [ -94.91820227799991, 29.44009023600006 ], [ -94.917307094999899, 29.442287502000056 ], [ -94.889556443999936, 29.400824286000045 ], [ -94.878773566999939, 29.393866278000075 ], [ -94.865793423999946, 29.391750393000052 ], [ -94.821115688999896, 29.373968817000048 ], [ -94.824940558999913, 29.372788804000038 ], [ -94.828277147999927, 29.372259833000044 ], [ -94.831288214999915, 29.370754299000055 ], [ -94.834095831999946, 29.366522528000075 ], [ -94.849436001999948, 29.375962632000039 ], [ -94.870350714999915, 29.380845445000091 ], [ -94.888824022999927, 29.375962632000039 ], [ -94.89679928299995, 29.356350002000056 ], [ -94.901356574999909, 29.33462148600006 ], [ -94.912912563999896, 29.315578518000052 ], [ -94.928212042999917, 29.307562567000048 ], [ -94.943959113999938, 29.318793036000045 ], [ -94.950795050999943, 29.318793036000045 ], [ -94.955148891999897, 29.306341864000046 ], [ -94.964466925999943, 29.297796942000048 ], [ -94.984934048999946, 29.28461334800005 ], [ -94.987863735999895, 29.283880927000041 ], [ -94.996205206999946, 29.285223700000074 ], [ -94.999175584999932, 29.28461334800005 ], [ -94.999867316999939, 29.28196849200009 ], [ -94.998646613999938, 29.27374909100007 ], [ -94.999175584999932, 29.270982164000088 ], [ -95.065174933999913, 29.204169012000079 ], [ -95.088368292999917, 29.188625393000052 ], [ -95.11587480399993, 29.174750067000048 ], [ -95.124256964999915, 29.193548895000049 ], [ -95.137196417999917, 29.198919989000046 ], [ -95.153146938999896, 29.200873114000046 ], [ -95.170521613999938, 29.208929755000042 ], [ -95.162912563999896, 29.20062897300005 ], [ -95.150013800999943, 29.174750067000048 ], [ -95.159169074999909, 29.152411200000074 ], [ -95.158111131999931, 29.130926825000074 ], [ -95.150013800999943, 29.089097398000035 ], [ -95.149647589999915, 29.072170315000051 ], [ -95.151234503999945, 29.058498440000051 ], [ -95.158924933999913, 29.045721747000073 ], [ -95.231516079999949, 28.995510158000059 ], [ -95.25999915299991, 28.981756903000075 ], [ -95.313872850999928, 28.92837148600006 ], [ -95.367746548999946, 28.887152411000045 ], [ -95.379383917999917, 28.880560614000046 ], [ -95.401722785999937, 28.87836334800005 ], [ -95.419178839999915, 28.872300523000035 ], [ -95.487172003999945, 28.829657294000071 ], [ -95.601918097999942, 28.763861395000049 ], [ -95.644886847999942, 28.745917059000078 ], [ -95.688872850999928, 28.736314195000091 ], [ -95.733957485999895, 28.733587958000044 ], [ -95.780018683999913, 28.735907294000071 ], [ -95.817372199999909, 28.732489325000074 ], [ -95.951975063999896, 28.688706773000035 ], [ -95.945790167999917, 28.676459052000041 ], [ -95.947132941999939, 28.666245835000041 ], [ -95.950998501999948, 28.65696849200009 ], [ -95.952381964999915, 28.640326239000046 ], [ -95.954945441999939, 28.636379299000055 ], [ -95.955922003999945, 28.632635809000078 ], [ -95.951975063999896, 28.626654364000046 ], [ -95.947255011999914, 28.62531159100007 ], [ -95.940174933999913, 28.62571849200009 ], [ -95.933705206999946, 28.62759023600006 ], [ -95.930816209999932, 28.630072333000044 ], [ -95.793446417999917, 28.699448960000041 ], [ -95.754953579999949, 28.712469794000071 ], [ -95.719227667999917, 28.71548086100006 ], [ -95.837147589999915, 28.646470445000091 ], [ -95.902414516999897, 28.617865302000041 ], [ -96.005116339999915, 28.596502997000073 ], [ -96.066273566999939, 28.553859768000052 ], [ -96.12368730399993, 28.536810614000046 ], [ -96.188221808999913, 28.501654364000046 ], [ -96.218861456999946, 28.489488023000035 ], [ -96.194569464999915, 28.515570380000042 ], [ -96.160878058999913, 28.537258205000057 ], [ -96.017241990999935, 28.602240302000041 ], [ -95.996001756999931, 28.60618724200009 ], [ -95.984934048999946, 28.613104559000078 ], [ -95.981353318999936, 28.628607489000046 ], [ -95.987782355999911, 28.64484284100007 ], [ -96.006581183999913, 28.653998114000046 ], [ -96.026437954999949, 28.65102773600006 ], [ -96.06476803299995, 28.631333726000037 ], [ -96.077951626999948, 28.626654364000046 ], [ -96.098378058999913, 28.623277085000041 ], [ -96.157378709999932, 28.598781643000052 ], [ -96.204904751999948, 28.58665599200009 ], [ -96.226470506999931, 28.587144273000035 ], [ -96.222279425999943, 28.602484442000048 ], [ -96.204741990999935, 28.610581773000035 ], [ -96.158924933999913, 28.615139065000051 ], [ -96.143137173999946, 28.626654364000046 ], [ -96.136870897999927, 28.626654364000046 ], [ -96.136870897999927, 28.63353099200009 ], [ -96.153920050999943, 28.635199286000045 ], [ -96.16828365799995, 28.632554429000038 ], [ -96.181385870999918, 28.628648179000038 ], [ -96.194935675999943, 28.626654364000046 ], [ -96.215443488999938, 28.629380601000037 ], [ -96.220448370999918, 28.636867580000057 ], [ -96.215443488999938, 28.64789459800005 ], [ -96.192250128999945, 28.680894273000035 ], [ -96.188059048999946, 28.69086334800005 ], [ -96.195057745999918, 28.694484768000052 ], [ -96.215443488999938, 28.694973049000055 ], [ -96.230824347999942, 28.69281647300005 ], [ -96.244536912999934, 28.687567450000074 ], [ -96.266672329999949, 28.675116278000075 ], [ -96.26040605399993, 28.688706773000035 ], [ -96.281402147999927, 28.679754950000074 ], [ -96.308094855999911, 28.651068427000041 ], [ -96.328724738999938, 28.639715887000079 ], [ -96.345773891999897, 28.635321356000077 ], [ -96.34984290299991, 28.637396552000041 ], [ -96.350209113999938, 28.644110419000071 ], [ -96.356027798999946, 28.653998114000046 ], [ -96.385161912999934, 28.679348049000055 ], [ -96.390207485999895, 28.688706773000035 ], [ -96.380034959999932, 28.700262762000079 ], [ -96.37759355399993, 28.714911200000074 ], [ -96.383290167999917, 28.730047919000071 ], [ -96.397613084999932, 28.743394273000035 ], [ -96.403716600999928, 28.738755601000037 ], [ -96.413075324999909, 28.73383209800005 ], [ -96.416859503999945, 28.729722398000035 ], [ -96.435047980999911, 28.755682684000078 ], [ -96.438588019999941, 28.763861395000049 ], [ -96.444813605999911, 28.763861395000049 ], [ -96.443959113999938, 28.749253648000035 ], [ -96.438384568999936, 28.731756903000075 ], [ -96.430978969999899, 28.716498114000046 ], [ -96.424305792999917, 28.708644924000055 ], [ -96.417103644999941, 28.710679429000038 ], [ -96.408273891999897, 28.716945705000057 ], [ -96.400786912999934, 28.719875393000052 ], [ -96.397613084999932, 28.712062893000052 ], [ -96.400298631999931, 28.70258209800005 ], [ -96.40648352799991, 28.696763414000088 ], [ -96.412993943999936, 28.69281647300005 ], [ -96.416859503999945, 28.688706773000035 ], [ -96.416371222999942, 28.680975653000075 ], [ -96.412709113999938, 28.673773505000042 ], [ -96.410308397999927, 28.66632721600007 ], [ -96.413726365999935, 28.657700914000088 ], [ -96.416818813999896, 28.643703518000052 ], [ -96.403431769999941, 28.635565497000073 ], [ -96.369699673999946, 28.626654364000046 ], [ -96.427642381999931, 28.595404364000046 ], [ -96.462513800999943, 28.583197333000044 ], [ -96.493234829999949, 28.578924872000073 ], [ -96.477894660999937, 28.591620184000078 ], [ -96.459828253999945, 28.593329169000071 ], [ -96.444813605999911, 28.597357489000046 ], [ -96.438588019999941, 28.616766669000071 ], [ -96.447132941999939, 28.635646877000056 ], [ -96.48468990799995, 28.612616278000075 ], [ -96.493234829999949, 28.636623440000051 ], [ -96.497385219999899, 28.644761460000041 ], [ -96.507476365999935, 28.643459377000056 ], [ -96.51976477799991, 28.640448309000078 ], [ -96.530425584999932, 28.643459377000056 ], [ -96.536284959999932, 28.646063544000071 ], [ -96.549875454999949, 28.645493882000039 ], [ -96.554676886999914, 28.647162177000041 ], [ -96.559478318999936, 28.654282945000091 ], [ -96.560292120999918, 28.660711981000077 ], [ -96.559966600999928, 28.667222398000035 ], [ -96.561512824999909, 28.675116278000075 ], [ -96.565785285999937, 28.68891022300005 ], [ -96.567250128999945, 28.696519273000035 ], [ -96.570179816999939, 28.702622789000088 ], [ -96.578521287999934, 28.712062893000052 ], [ -96.590443488999938, 28.720363674000055 ], [ -96.60383053299995, 28.723700262000079 ], [ -96.61750240799995, 28.722072658000059 ], [ -96.630360480999911, 28.71548086100006 ], [ -96.634510870999918, 28.720851955000057 ], [ -96.639149542999917, 28.724188544000071 ], [ -96.650868292999917, 28.729722398000035 ], [ -96.649810350999928, 28.704820054000038 ], [ -96.645659959999932, 28.687079169000071 ], [ -96.637196417999917, 28.671616929000038 ], [ -96.608794725999928, 28.637762762000079 ], [ -96.604888475999928, 28.630560614000046 ], [ -96.602447068999936, 28.620510158000059 ], [ -96.603098110999895, 28.610174872000073 ], [ -96.608509894999941, 28.586167710000041 ], [ -96.608631964999915, 28.578924872000073 ], [ -96.59984290299991, 28.568345445000091 ], [ -96.591908331999946, 28.569647528000075 ], [ -96.581939256999931, 28.578924872000073 ], [ -96.570179816999939, 28.575384833000044 ], [ -96.541005011999914, 28.557806708000044 ], [ -96.520375128999945, 28.549221096000053 ], [ -96.513661261999914, 28.544134833000044 ], [ -96.506581183999913, 28.536851304000038 ], [ -96.501291469999899, 28.529120184000078 ], [ -96.493234829999949, 28.510646877000056 ], [ -96.545521613999938, 28.48773834800005 ], [ -96.554676886999914, 28.486070054000038 ], [ -96.547596808999913, 28.469305731000077 ], [ -96.53156490799995, 28.46946849200009 ], [ -96.514230923999946, 28.47797272300005 ], [ -96.503488735999895, 28.486070054000038 ], [ -96.473500128999945, 28.493557033000059 ], [ -96.435658331999946, 28.481350002000056 ], [ -96.406809048999946, 28.458726304000038 ], [ -96.403797980999911, 28.434881903000075 ], [ -96.475819464999915, 28.400783596000053 ], [ -96.495106574999909, 28.396470445000091 ], [ -96.529164191999939, 28.377752997000073 ], [ -96.544748501999948, 28.373480536000045 ], [ -96.653716600999928, 28.319484768000052 ], [ -96.671376105999911, 28.331854559000078 ], [ -96.68773352799991, 28.327378648000035 ], [ -96.698312954999949, 28.335882880000042 ], [ -96.703846808999913, 28.351792710000041 ], [ -96.705922003999945, 28.388495184000078 ], [ -96.70921790299991, 28.39984772300005 ], [ -96.718495245999918, 28.405462958000044 ], [ -96.736480272999927, 28.406927802000041 ], [ -96.741769985999895, 28.410589911000045 ], [ -96.743560350999928, 28.419094143000052 ], [ -96.74437415299991, 28.42845286700009 ], [ -96.746449347999942, 28.434881903000075 ], [ -96.751291469999899, 28.438666083000044 ], [ -96.762277798999946, 28.444322007000039 ], [ -96.766957160999937, 28.447943427000041 ], [ -96.784657355999911, 28.472601630000042 ], [ -96.793324347999942, 28.479722398000035 ], [ -96.801665818999936, 28.47524648600006 ], [ -96.810129360999895, 28.467840887000079 ], [ -96.813303188999896, 28.457993882000039 ], [ -96.810658331999946, 28.451849677000041 ], [ -96.801665818999936, 28.45538971600007 ], [ -96.777455206999946, 28.437404690000051 ], [ -96.76976477799991, 28.426214911000045 ], [ -96.766957160999937, 28.410711981000077 ], [ -96.775135870999918, 28.400458075000074 ], [ -96.793853318999936, 28.408189195000091 ], [ -96.814523891999897, 28.421698309000078 ], [ -96.82835852799991, 28.428697007000039 ], [ -96.844471808999913, 28.415594794000071 ], [ -96.825103318999936, 28.387925523000035 ], [ -96.79556230399993, 28.356512762000079 ], [ -96.781158006999931, 28.331854559000078 ], [ -96.787464972999942, 28.314276434000078 ], [ -96.79710852799991, 28.296942450000074 ], [ -96.801258917999917, 28.279120184000078 ], [ -96.782338019999941, 28.241603908000059 ], [ -96.792388475999928, 28.228664455000057 ], [ -96.82835852799991, 28.208970445000091 ], [ -96.845122850999928, 28.193264065000051 ], [ -96.880238410999937, 28.150620835000041 ], [ -96.895904100999928, 28.140814520000049 ], [ -96.928212042999917, 28.133246161000045 ], [ -96.945057745999918, 28.126450914000088 ], [ -96.933461066999939, 28.162909247000073 ], [ -96.924549933999913, 28.179185289000088 ], [ -96.910308397999927, 28.195257880000042 ], [ -96.924712693999936, 28.214097398000035 ], [ -96.918934699999909, 28.232123114000046 ], [ -96.908802863999938, 28.24876536700009 ], [ -96.910308397999927, 28.263617255000042 ], [ -96.921945766999897, 28.263332424000055 ], [ -96.93578040299991, 28.248277085000041 ], [ -96.959339972999942, 28.215765692000048 ], [ -96.946115688999896, 28.205145575000074 ], [ -96.943430141999897, 28.191351630000042 ], [ -96.948719855999911, 28.174221096000053 ], [ -96.959339972999942, 28.15375397300005 ], [ -96.973011847999942, 28.133937893000052 ], [ -96.984364386999914, 28.12954336100006 ], [ -97.02017167899993, 28.14008209800005 ], [ -97.01626542899993, 28.142279364000046 ], [ -97.012928839999915, 28.144964911000045 ], [ -97.009755011999914, 28.148667710000041 ], [ -97.00649980399993, 28.15375397300005 ], [ -97.013050910999937, 28.164007880000042 ], [ -97.007435675999943, 28.194525458000044 ], [ -97.01398678299995, 28.208970445000091 ], [ -97.02017167899993, 28.208970445000091 ], [ -97.036203579999949, 28.187648830000057 ], [ -97.071359829999949, 28.168117580000057 ], [ -97.110218878999945, 28.153631903000075 ], [ -97.137521938999896, 28.147528387000079 ], [ -97.130848761999914, 28.157782294000071 ], [ -97.138579881999931, 28.165594794000071 ], [ -97.15265865799995, 28.169256903000075 ], [ -97.164784308999913, 28.167385158000059 ], [ -97.173247850999928, 28.159002997000073 ], [ -97.177316860999895, 28.148016669000071 ], [ -97.173207160999937, 28.138373114000046 ], [ -97.157338019999941, 28.133856512000079 ], [ -97.198597785999937, 28.096828518000052 ], [ -97.217518683999913, 28.074774481000077 ], [ -97.208851691999939, 28.065008856000077 ], [ -97.186675584999932, 28.062486070000091 ], [ -97.168446417999917, 28.055609442000048 ], [ -97.154286261999914, 28.044623114000046 ], [ -97.144276495999918, 28.030218817000048 ], [ -97.144398566999939, 28.019761460000041 ], [ -97.14867102799991, 28.010199286000045 ], [ -97.14907792899993, 28.005519924000055 ], [ -97.137521938999896, 28.009711005000042 ], [ -97.129872199999909, 28.016750393000052 ], [ -97.123117641999897, 28.028306382000039 ], [ -97.118234829999949, 28.04173411700009 ], [ -97.116363084999932, 28.054388739000046 ], [ -97.10610917899993, 28.07094961100006 ], [ -97.057443813999896, 28.088812567000048 ], [ -97.04124915299991, 28.105902411000045 ], [ -97.044911261999914, 28.110419012000079 ], [ -97.046457485999895, 28.113714911000045 ], [ -97.045399542999917, 28.114813544000071 ], [ -97.04165605399993, 28.116603908000059 ], [ -97.034413214999915, 28.119574286000045 ], [ -97.02407792899993, 28.111802476000037 ], [ -97.021066860999895, 28.10032786700009 ], [ -97.02765865799995, 28.061590887000079 ], [ -97.026275193999936, 28.047674872000073 ], [ -97.024973110999895, 28.041449286000045 ], [ -97.027495897999927, 28.036688544000071 ], [ -97.037912563999896, 28.027085679000038 ], [ -97.044585740999935, 28.019110419000071 ], [ -97.061146613999938, 27.989243882000039 ], [ -97.066070115999935, 27.988674221000053 ], [ -97.067453579999949, 27.990139065000051 ], [ -97.067534959999932, 27.99282461100006 ], [ -97.06859290299991, 27.996039130000042 ], [ -97.105336066999939, 27.936997789000088 ], [ -97.184071417999917, 27.836615302000041 ], [ -97.206288214999915, 27.82172272300005 ], [ -97.232492641999897, 27.824774481000077 ], [ -97.232492641999897, 27.832220770000049 ], [ -97.211984829999949, 27.832220770000049 ], [ -97.223255988999938, 27.84906647300005 ], [ -97.235910610999895, 27.863836981000077 ], [ -97.25031490799995, 27.874579169000071 ], [ -97.267201300999943, 27.879380601000037 ], [ -97.290842251999948, 27.876654364000046 ], [ -97.331369594999899, 27.861070054000038 ], [ -97.355946417999917, 27.859564520000049 ], [ -97.348988410999937, 27.864935614000046 ], [ -97.346506313999896, 27.868719794000071 ], [ -97.345326300999943, 27.872748114000046 ], [ -97.342274542999917, 27.879380601000037 ], [ -97.368153449999909, 27.873236395000049 ], [ -97.424387173999946, 27.875189520000049 ], [ -97.452137824999909, 27.873195705000057 ], [ -97.457590298999946, 27.869818427000041 ], [ -97.460194464999915, 27.860663153000075 ], [ -97.465809699999909, 27.859564520000049 ], [ -97.473378058999913, 27.861029364000046 ], [ -97.481190558999913, 27.864569403000075 ], [ -97.486927863999938, 27.866359768000052 ], [ -97.488270636999914, 27.868638414000088 ], [ -97.489125128999945, 27.872951565000051 ], [ -97.492298956999946, 27.877183335000041 ], [ -97.500599738999938, 27.879380601000037 ], [ -97.50454667899993, 27.878851630000042 ], [ -97.521066860999895, 27.873195705000057 ], [ -97.504872199999909, 27.849025783000059 ], [ -97.487049933999913, 27.835272528000075 ], [ -97.463978644999941, 27.831732489000046 ], [ -97.431711391999897, 27.838446356000077 ], [ -97.42218990799995, 27.832709052000041 ], [ -97.409820115999935, 27.83234284100007 ], [ -97.398182745999918, 27.836900132000039 ], [ -97.390736456999946, 27.845892645000049 ], [ -97.385609503999945, 27.830064195000091 ], [ -97.394032355999911, 27.801703192000048 ], [ -97.390736456999946, 27.791245835000041 ], [ -97.371815558999913, 27.75531647300005 ], [ -97.356068488999938, 27.741766669000071 ], [ -97.267201300999943, 27.708075262000079 ], [ -97.259592251999948, 27.695054429000038 ], [ -97.262806769999941, 27.679266669000071 ], [ -97.272531704999949, 27.663397528000075 ], [ -97.284291144999941, 27.650051174000055 ], [ -97.28929602799991, 27.641994533000059 ], [ -97.292591925999943, 27.630926825000074 ], [ -97.29515540299991, 27.608791408000059 ], [ -97.298817511999914, 27.600572007000039 ], [ -97.329335089999915, 27.549627997000073 ], [ -97.346424933999913, 27.505764065000051 ], [ -97.349761522999927, 27.485825914000088 ], [ -97.352935350999928, 27.475734768000052 ], [ -97.367054816999939, 27.460760809000078 ], [ -97.408314581999946, 27.357367255000042 ], [ -97.411203579999949, 27.335028387000079 ], [ -97.422352667999917, 27.327785549000055 ], [ -97.486927863999938, 27.304022528000075 ], [ -97.508412238999938, 27.282416083000044 ], [ -97.522572394999941, 27.278509833000044 ], [ -97.541574673999946, 27.290350653000075 ], [ -97.505279100999928, 27.307603257000039 ], [ -97.493153449999909, 27.317694403000075 ], [ -97.49868730399993, 27.320786851000037 ], [ -97.501291469999899, 27.323919989000046 ], [ -97.503244594999899, 27.327378648000035 ], [ -97.506743943999936, 27.331284898000035 ], [ -97.486805792999917, 27.330226955000057 ], [ -97.476389126999948, 27.33148834800005 ], [ -97.469227667999917, 27.335028387000079 ], [ -97.461293097999942, 27.343654690000051 ], [ -97.460926886999914, 27.345770575000074 ], [ -97.46548417899993, 27.346747137000079 ], [ -97.472645636999914, 27.351752020000049 ], [ -97.474191860999895, 27.34837474200009 ], [ -97.481353318999936, 27.347072658000059 ], [ -97.489369269999941, 27.350653387000079 ], [ -97.493153449999909, 27.36204661700009 ], [ -97.491200324999909, 27.38149648600006 ], [ -97.486927863999938, 27.400213934000078 ], [ -97.50617428299995, 27.392523505000042 ], [ -97.529204881999931, 27.372137762000079 ], [ -97.541574673999946, 27.365464585000041 ], [ -97.534087693999936, 27.351752020000049 ], [ -97.544911261999914, 27.348089911000045 ], [ -97.553089972999942, 27.343817450000074 ], [ -97.568837042999917, 27.331284898000035 ], [ -97.575103318999936, 27.345648505000042 ], [ -97.584706183999913, 27.341782945000091 ], [ -97.603016730999911, 27.317694403000075 ], [ -97.599720831999946, 27.310939846000053 ], [ -97.600656704999949, 27.304510809000078 ], [ -97.606190558999913, 27.299709377000056 ], [ -97.616932745999918, 27.297796942000048 ], [ -97.630238410999937, 27.30023834800005 ], [ -97.634103969999899, 27.306545315000051 ], [ -97.634510870999918, 27.315130927000041 ], [ -97.637766079999949, 27.324448960000041 ], [ -97.717640753999945, 27.427435614000046 ], [ -97.742909308999913, 27.449693101000037 ], [ -97.774281378999945, 27.468491929000038 ], [ -97.770497199999909, 27.444566148000035 ], [ -97.736439581999946, 27.414129950000074 ], [ -97.725900844999899, 27.393377997000073 ], [ -97.740142381999931, 27.393377997000073 ], [ -97.70376542899993, 27.361070054000038 ], [ -97.691761847999942, 27.34048086100006 ], [ -97.712228969999899, 27.331284898000035 ], [ -97.710560675999943, 27.324164130000042 ], [ -97.709095831999946, 27.321356512000079 ], [ -97.706654425999943, 27.317694403000075 ], [ -97.687082485999895, 27.325140692000048 ], [ -97.672230597999942, 27.321356512000079 ], [ -97.667632615999935, 27.31085846600007 ], [ -97.678700324999909, 27.297796942000048 ], [ -97.700698032999924, 27.285942942000077 ], [ -97.7247244859999, 27.287669315000073 ], [ -97.749989386999914, 27.297308661000045 ], [ -97.774281378999945, 27.297796942000048 ], [ -97.760568813999896, 27.279120184000078 ], [ -97.715199869999935, 27.267359579000072 ], [ -97.678708221999898, 27.274019982000084 ], [ -97.658885318999921, 27.274121889000071 ], [ -97.642153348999898, 27.266802172000041 ], [ -97.629522356999928, 27.24466093500007 ], [ -97.598236218999944, 27.242959479000035 ], [ -97.559661022999933, 27.23480500800008 ], [ -97.521127373999946, 27.232190847000084 ], [ -97.501398366999922, 27.243362016000049 ], [ -97.476475518999905, 27.25639566500007 ], [ -97.440117637999947, 27.272232046000056 ], [ -97.42609615799995, 27.263657945000091 ], [ -97.427154100999928, 27.249986070000091 ], [ -97.434071417999917, 27.239243882000039 ], [ -97.44595292899993, 27.23509349200009 ], [ -97.443837042999917, 27.224188544000071 ], [ -97.443470831999946, 27.20571523600006 ], [ -97.445057745999918, 27.18821849200009 ], [ -97.449086066999939, 27.180487372000073 ], [ -97.458363410999937, 27.174790757000039 ], [ -97.455433722999942, 27.161322333000044 ], [ -97.448597785999937, 27.145493882000039 ], [ -97.44595292899993, 27.132717190000051 ], [ -97.453114386999914, 27.120754299000055 ], [ -97.465809699999909, 27.112372137000079 ], [ -97.481312628999945, 27.107570705000057 ], [ -97.496896938999896, 27.106024481000077 ], [ -97.498199022999927, 27.100734768000052 ], [ -97.488189256999931, 27.088324286000045 ], [ -97.481556769999941, 27.074286200000074 ], [ -97.493153449999909, 27.063788153000075 ], [ -97.480946417999917, 27.038723049000055 ], [ -97.48070227799991, 27.021958726000037 ], [ -97.494496222999942, 27.012640692000048 ], [ -97.550200975999928, 27.009182033000059 ], [ -97.560943162999934, 27.004868882000039 ], [ -97.56281490799995, 26.993719794000071 ], [ -97.559966600999928, 26.950751044000071 ], [ -97.554310675999943, 26.93305084800005 ], [ -97.545521613999938, 26.918646552000041 ], [ -97.534087693999936, 26.906805731000077 ], [ -97.494536912999934, 26.890529690000051 ], [ -97.481312628999945, 26.877630927000041 ], [ -97.493153449999909, 26.858343817000048 ], [ -97.537709113999938, 26.895575262000079 ], [ -97.548410610999895, 26.899888414000088 ], [ -97.555246548999946, 26.890204169000071 ], [ -97.560047980999911, 26.87140534100007 ], [ -97.562489386999914, 26.851385809000078 ], [ -97.562001105999911, 26.837876695000091 ], [ -97.554758266999897, 26.825140692000048 ], [ -97.543690558999913, 26.822211005000042 ], [ -97.529652472999942, 26.822007554000038 ], [ -97.513661261999914, 26.817368882000039 ], [ -97.501291469999899, 26.806626695000091 ], [ -97.493031378999945, 26.79173411700009 ], [ -97.488392706999946, 26.775091864000046 ], [ -97.481516079999949, 26.731350002000056 ], [ -97.457630988999938, 26.667222398000035 ], [ -97.447255011999914, 26.601304429000038 ], [ -97.424916144999941, 26.534898179000038 ], [ -97.41860917899993, 26.502020575000074 ], [ -97.422271287999934, 26.508978583000044 ], [ -97.428863084999932, 26.517726955000057 ], [ -97.431711391999897, 26.523179429000038 ], [ -97.436838344999899, 26.509914455000057 ], [ -97.446034308999913, 26.502875067000048 ], [ -97.472645636999914, 26.495835679000038 ], [ -97.438547329999949, 26.485296942000048 ], [ -97.43968665299991, 26.476467190000051 ], [ -97.444813605999911, 26.461371161000045 ], [ -97.447987433999913, 26.433335679000038 ], [ -97.450428839999915, 26.423895575000074 ], [ -97.447865363999938, 26.420152085000041 ], [ -97.435129360999895, 26.419501044000071 ], [ -97.417062954999949, 26.415187893000052 ], [ -97.411936001999948, 26.404527085000041 ], [ -97.41079667899993, 26.391180731000077 ], [ -97.405018683999913, 26.378566799000055 ], [ -97.398060675999943, 26.376288153000075 ], [ -97.376372850999928, 26.374416408000059 ], [ -97.370228644999941, 26.372300523000035 ], [ -97.369862433999913, 26.364081122000073 ], [ -97.378814256999931, 26.343980210000041 ], [ -97.377064581999946, 26.337591864000046 ], [ -97.370106574999909, 26.336818752000056 ], [ -97.363270636999914, 26.34015534100007 ], [ -97.35806230399993, 26.344956773000035 ], [ -97.355946417999917, 26.348456122000073 ], [ -97.351918097999942, 26.35382721600007 ], [ -97.34439042899993, 26.349351304000038 ], [ -97.340199347999942, 26.341620184000078 ], [ -97.346058722999942, 26.337591864000046 ], [ -97.355295376999948, 26.327948309000078 ], [ -97.361073370999918, 26.306870835000041 ], [ -97.361073370999918, 26.28579336100006 ], [ -97.352894660999937, 26.27610911700009 ], [ -97.343739386999914, 26.27798086100006 ], [ -97.336537238999938, 26.281154690000051 ], [ -97.329823370999918, 26.281724351000037 ], [ -97.321848110999895, 26.27610911700009 ], [ -97.315785285999937, 26.264878648000035 ], [ -97.319162563999896, 26.257147528000075 ], [ -97.325672980999911, 26.250392971000053 ], [ -97.329253709999932, 26.242010809000078 ], [ -97.327626105999911, 26.230414130000042 ], [ -97.32290605399993, 26.221502997000073 ], [ -97.308745897999927, 26.201076565000051 ], [ -97.313954230999911, 26.180121161000045 ], [ -97.315256313999896, 26.150132554000038 ], [ -97.310536261999914, 26.123277085000041 ], [ -97.298247850999928, 26.11163971600007 ], [ -97.292713995999918, 26.109605210000041 ], [ -97.285633917999917, 26.105169989000046 ], [ -97.276234503999945, 26.100653387000079 ], [ -97.263783331999946, 26.098618882000039 ], [ -97.236439581999946, 26.098089911000045 ], [ -97.223866339999915, 26.095892645000049 ], [ -97.211984829999949, 26.091213283000059 ], [ -97.215402798999946, 26.076320705000057 ], [ -97.222157355999911, 26.067084052000041 ], [ -97.232533331999946, 26.06476471600007 ], [ -97.246693488999938, 26.070705471000053 ], [ -97.248036261999914, 26.053168036000045 ], [ -97.259836391999897, 26.029120184000078 ], [ -97.260365363999938, 26.015448309000078 ], [ -97.255604620999918, 25.998928127000056 ], [ -97.252023891999897, 25.992987372000073 ], [ -97.246693488999938, 25.988755601000037 ], [ -97.236236131999931, 25.984198309000078 ], [ -97.233225063999896, 25.985541083000044 ], [ -97.231760219999899, 25.989976304000038 ], [ -97.226226365999935, 25.995021877000056 ], [ -97.201730923999946, 26.005072333000044 ], [ -97.192616339999915, 26.011542059000078 ], [ -97.185292120999918, 26.022284247000073 ], [ -97.181467251999948, 26.038031317000048 ], [ -97.179554816999939, 26.056057033000059 ], [ -97.175363735999895, 26.070868231000077 ], [ -97.164784308999913, 26.07689036700009 ], [ -97.151844855999911, 26.075018622000073 ], [ -97.143177863999938, 26.047756252000056 ], [ -97.140736456999946, 26.019191799000055 ], [ -97.137521938999896, 25.974514065000051 ], [ -97.139271613999938, 25.965806382000039 ], [ -97.204940551999869, 25.960638733000067 ], [ -97.253051309999933, 25.963480937000028 ], [ -97.266357991999939, 25.960638733000067 ], [ -97.269200194999939, 25.944360657000047 ], [ -97.28764868199994, 25.928651021000078 ], [ -97.31098059099989, 25.92208811400009 ], [ -97.328447224999934, 25.933301900000046 ], [ -97.351107340999874, 25.918419088000078 ], [ -97.355112263999871, 25.912786357000059 ], [ -97.352270060999899, 25.894492899000099 ], [ -97.345164550999868, 25.871703593000106 ], [ -97.34573299199991, 25.852221578000112 ], [ -97.365990152999927, 25.843901673000047 ], [ -97.376015381999935, 25.846743877 ], [ -97.380123657999974, 25.853203431000068 ], [ -97.383120890999891, 25.860541484000052 ], [ -97.389890503999908, 25.865657451000047 ], [ -97.397822835999875, 25.86581248 ], [ -97.399476481999926, 25.861161601000035 ], [ -97.399889892999937, 25.855115459000089 ], [ -97.404179036999892, 25.85139475600009 ], [ -97.425418050999866, 25.854857076000101 ], [ -97.435727498999967, 25.869274801000032 ], [ -97.441308553999903, 25.884932760000098 ], [ -97.448259032999971, 25.892322490000097 ], [ -97.469420532999919, 25.89294260700008 ], [ -97.486318725999922, 25.895733134000025 ], [ -97.502209228999845, 25.90188263 ], [ -97.520270141999845, 25.912786357000059 ], [ -97.565176961999867, 25.954747620000049 ], [ -97.594322468999877, 25.966374818000119 ], [ -97.604786946999923, 25.97996571900002 ], [ -97.61305517699995, 25.995985413000071 ], [ -97.622641154999968, 26.009059550000117 ], [ -97.641451374999889, 26.02249542300008 ], [ -97.65987402399989, 26.030660299000075 ], [ -97.67961442099994, 26.034639385000062 ], [ -97.766947590999877, 26.039651998000025 ], [ -97.78030594899991, 26.043217672000097 ], [ -97.782321329999945, 26.058617249000079 ], [ -97.802010050999911, 26.063733215000084 ], [ -97.878181111999908, 26.063733215000084 ], [ -97.941665609999944, 26.056808574000101 ], [ -97.999233153999882, 26.06430165600004 ], [ -98.013056599999942, 26.063681539000058 ], [ -98.044165812999893, 26.048798726000101 ], [ -98.065456502999979, 26.042184143000028 ], [ -98.075145833999898, 26.046628317000042 ], [ -98.083310710999939, 26.07091624000013 ], [ -98.103102783999901, 26.074947001000012 ], [ -98.150231689999913, 26.063681539000058 ], [ -98.185061604999873, 26.065231832000066 ], [ -98.222656209999883, 26.075412089000039 ], [ -98.300429240999932, 26.111430562000024 ], [ -98.30980851299995, 26.121094056000047 ], [ -98.333037068999971, 26.15303009000003 ], [ -98.339264078999889, 26.159851380000092 ], [ -98.365774088999871, 26.16016143800006 ], [ -98.37727209499991, 26.163572083000091 ], [ -98.37727209499991, 26.17364898700005 ], [ -98.369339762999942, 26.194009502000071 ], [ -98.397193359999903, 26.201140849000112 ], [ -98.428845174999907, 26.217728984000118 ], [ -98.456543741999837, 26.225945536000054 ], [ -98.472382568999933, 26.207652079000084 ], [ -98.492949788999937, 26.230596415000022 ], [ -98.521526855999895, 26.240931702000026 ], [ -98.552791096999897, 26.248321431000122 ], [ -98.58162654599991, 26.262274068000025 ], [ -98.640563517999936, 26.241810201000064 ], [ -98.653663492999897, 26.244290670000041 ], [ -98.664696411999898, 26.250646871000058 ], [ -98.685289469999901, 26.26847524 ], [ -98.693325154999883, 26.270542298000052 ], [ -98.702239338999902, 26.271627503000062 ], [ -98.704254720999927, 26.276640117000014 ], [ -98.691464803999878, 26.290231019000103 ], [ -98.701412516999966, 26.299119365000124 ], [ -98.713168904999861, 26.30335683300008 ], [ -98.726217203999909, 26.304390360000056 ], [ -98.739911458999927, 26.303253479000048 ], [ -98.735932372999855, 26.320048320000112 ], [ -98.746396850999901, 26.332140605000106 ], [ -98.780839192999849, 26.351674296000013 ], [ -98.795851196999934, 26.368314108000035 ], [ -98.801328898999913, 26.372138163000059 ], [ -98.810294759999948, 26.372448222000045 ], [ -98.817322753999875, 26.368520813000075 ], [ -98.825022542999946, 26.366453756000041 ], [ -98.836081298999957, 26.372138163000059 ], [ -98.842334147999864, 26.365833639000058 ], [ -98.850834920999958, 26.364076640000079 ], [ -98.860524251999905, 26.366298727000085 ], [ -98.870213581999934, 26.372138163000059 ], [ -98.893028727999933, 26.36784902 ], [ -98.929899861999857, 26.392240295000036 ], [ -98.945376953999954, 26.378287659000037 ], [ -98.954136108999933, 26.393945618000103 ], [ -98.962843587999899, 26.399526673000096 ], [ -98.986950643999947, 26.400095114000052 ], [ -99.004055541999904, 26.39384226500006 ], [ -99.010515095999949, 26.392602031000123 ], [ -99.016432047999871, 26.394462383000032 ], [ -99.022994954999945, 26.403350729000053 ], [ -99.027878377999883, 26.406244609000041 ], [ -99.047644612999946, 26.406968079000038 ], [ -99.066351480999927, 26.40474599300002 ], [ -99.085497599999925, 26.407639872000018 ], [ -99.106426554999913, 26.423039450000104 ], [ -99.10890702399989, 26.434253235000043 ], [ -99.102524983999857, 26.446965637000105 ], [ -99.093739990999964, 26.459781393000085 ], [ -99.089373332999884, 26.471150208000083 ], [ -99.091492065999958, 26.484017639000072 ], [ -99.102990071999884, 26.51207794200009 ], [ -99.115108194999962, 26.525617167000078 ], [ -99.140946410999902, 26.531404928000043 ], [ -99.164872599999896, 26.540448303000105 ], [ -99.171280476999939, 26.563961080000084 ], [ -99.178385986999871, 26.613673808 ], [ -99.181124837999917, 26.629900208000024 ], [ -99.221354939999941, 26.735733541000073 ], [ -99.234093179999903, 26.783637594000069 ], [ -99.248278361999866, 26.827097473 ], [ -99.262799438999906, 26.844047343000099 ], [ -99.279671793999896, 26.859653625000036 ], [ -99.293960327999869, 26.876293437000058 ], [ -99.325973877999871, 26.911536763000029 ], [ -99.336980956999952, 26.924765930000021 ], [ -99.376849324999895, 26.953756409 ], [ -99.38617692099993, 26.962231344000102 ], [ -99.39036271199987, 26.973135071000073 ], [ -99.390156005999913, 26.993598938000034 ], [ -99.39279150499992, 27.004761048000049 ], [ -99.399328572999906, 27.012667542000102 ], [ -99.407312581999875, 27.014527893000022 ], [ -99.41604589899994, 27.014889628 ], [ -99.424650024999977, 27.017886862000026 ], [ -99.439868733999916, 27.028945618000122 ], [ -99.443744466999959, 27.034578349000057 ], [ -99.461727864999943, 27.056954244000039 ], [ -99.442039143999907, 27.089613749000094 ], [ -99.439403645999889, 27.098347067000091 ], [ -99.441419026999938, 27.107493795000082 ], [ -99.445734008999906, 27.114728496000041 ], [ -99.45017818299992, 27.120464579 ], [ -99.452451945999925, 27.125012106000028 ], [ -99.450333211999862, 27.145165914000088 ], [ -99.435786295999904, 27.18841908800006 ], [ -99.431988077999875, 27.207591044000068 ], [ -99.434029297999928, 27.226969706000133 ], [ -99.440902262999899, 27.244798075000077 ], [ -99.451831827999868, 27.261179504000026 ], [ -99.466120361999941, 27.276527405000095 ], [ -99.468962565999917, 27.278232727000059 ], [ -99.480408894999925, 27.283297018000027 ], [ -99.482941039999915, 27.286707663000058 ], [ -99.484878906999938, 27.294820862000066 ], [ -99.486584228999902, 27.297611389000039 ], [ -99.493198811999903, 27.30128041600004 ], [ -99.52136246799995, 27.311253967000127 ], [ -99.514799560999876, 27.321795960000102 ], [ -99.497591308999901, 27.338797506000034 ], [ -99.494025634999929, 27.348202617000069 ], [ -99.492888753999921, 27.358847961000052 ], [ -99.487721110999914, 27.3718704220001 ], [ -99.48462052399988, 27.391765849000095 ], [ -99.475706339999945, 27.414761862000049 ], [ -99.472915812999901, 27.426647441000071 ], [ -99.473639281999894, 27.463802796000081 ], [ -99.472915812999901, 27.468298645000104 ], [ -99.476429809999857, 27.482509664000062 ], [ -99.480408894999925, 27.4907778930001 ], [ -99.48828955199987, 27.494653626000073 ], [ -99.503689128999866, 27.495583802000013 ], [ -99.509502726999926, 27.500027974000105 ], [ -99.510071166999893, 27.510518291000082 ], [ -99.507073934999966, 27.533436788000088 ], [ -99.507203124999904, 27.573770244000073 ], [ -99.515006265999929, 27.5886013800001 ], [ -99.53503088399988, 27.604827779000104 ], [ -99.5550296629999, 27.613509420000057 ], [ -99.572263753999977, 27.618470358000096 ], [ -99.578232381999911, 27.622811178000077 ], [ -99.590247151999876, 27.642060649000101 ], [ -99.600169026999964, 27.64642730700011 ], [ -99.612442178999899, 27.643636780000051 ], [ -99.633526163999932, 27.633068950000066 ], [ -99.644869140999916, 27.632733052000091 ], [ -99.648641519999842, 27.636918843000032 ], [ -99.658692585999873, 27.654023743000053 ], [ -99.664738729999911, 27.659398092000018 ], [ -99.700369629999898, 27.659191386000074 ], [ -99.705692301999932, 27.663170471000043 ], [ -99.710673655264941, 27.67011619710479 ], [ -99.723055582999862, 27.687380880000021 ], [ -99.730652018999919, 27.691825053000045 ], [ -99.734036824999933, 27.702031148000017 ], [ -99.736310587999952, 27.713606669000043 ], [ -99.740444702999881, 27.722159119000068 ], [ -99.74734350599995, 27.726009013000024 ], [ -99.76519771399991, 27.731176657000034 ], [ -99.774576985999957, 27.735827535000098 ], [ -99.786850138999895, 27.748488261000134 ], [ -99.795428426999919, 27.761924134000068 ], [ -99.806962777110471, 27.771423009864009 ], [ -99.808166666999881, 27.772414449000038 ], [ -99.832919677999911, 27.77675526900002 ], [ -99.832971354999927, 27.782181295000086 ], [ -99.844779418999934, 27.793575949000072 ], [ -99.858241129999897, 27.803523662000075 ], [ -99.863357096999977, 27.804660543000082 ], [ -99.864726522999945, 27.814324036000116 ], [ -99.861858479999881, 27.83607981400003 ], [ -99.863357096999977, 27.845665792000133 ], [ -99.870927693999931, 27.854476624000128 ], [ -99.880203613999953, 27.859230856000025 ], [ -99.888006754999878, 27.864811910000029 ], [ -99.891288208999867, 27.87602569600007 ], [ -99.88268408299993, 27.891580302000094 ], [ -99.878808349999886, 27.901838074000082 ], [ -99.881340495999964, 27.906463115000051 ], [ -99.896765909999957, 27.91292266900011 ], [ -99.91433589699993, 27.928244731000078 ], [ -99.929916341999871, 27.946331482000076 ], [ -99.939683187999918, 27.961085104000105 ], [ -99.928288533999918, 27.975761210000073 ], [ -99.940716715999898, 27.983254293000115 ], [ -99.961852376999843, 27.987491760000083 ], [ -99.976605997999854, 27.992452698000122 ], [ -99.991127075999898, 28.007800599000078 ], [ -100.000583862999875, 28.020409648000012 ], [ -100.007456827999931, 28.033561300000073 ], [ -100.014123087999849, 28.050459493000076 ], [ -100.01350297099988, 28.056970724000038 ], [ -100.010505737999949, 28.063611145000053 ], [ -100.010195678999878, 28.068882141000088 ], [ -100.017585408999892, 28.070949199000054 ], [ -100.031538045999881, 28.081801250000083 ], [ -100.045077270999855, 28.095288799000073 ], [ -100.048022826999855, 28.102523499000128 ], [ -100.048901326999896, 28.115959371000073 ], [ -100.05649776199995, 28.137921855000045 ], [ -100.074894572999952, 28.154406637000122 ], [ -100.172873087999875, 28.198538310000018 ], [ -100.189202839999908, 28.201328838000066 ], [ -100.197626098999905, 28.207168274000068 ], [ -100.201191772999962, 28.220345764000044 ], [ -100.202948771999857, 28.234427592000074 ], [ -100.205946004999959, 28.242876689000056 ], [ -100.21281896999993, 28.245072938000064 ], [ -100.240724243999907, 28.2496979780001 ], [ -100.257932494999892, 28.260524191000044 ], [ -100.275089071999858, 28.277241516000103 ], [ -100.284339152999863, 28.29651682500004 ], [ -100.277931274999915, 28.314887797000026 ], [ -100.278551391999898, 28.33108835900002 ], [ -100.293899291999949, 28.3534125770001 ], [ -100.322631388999866, 28.386898906000098 ], [ -100.331674764999917, 28.422013041000028 ], [ -100.336325643999885, 28.458574117000055 ], [ -100.340201375999939, 28.464258525 ], [ -100.348314575999936, 28.470252991000038 ], [ -100.355549275999905, 28.478185323 ], [ -100.356789510999945, 28.489321595000021 ], [ -100.351621867999938, 28.496711325000021 ], [ -100.322631388999866, 28.51040557900005 ], [ -100.364024210999915, 28.524797465000049 ], [ -100.384229695999906, 28.53717397100003 ], [ -100.39776892099988, 28.557586162000078 ], [ -100.39875077399995, 28.568644918000061 ], [ -100.397097127999899, 28.59272613500012 ], [ -100.401437947999881, 28.602260437000027 ], [ -100.411463175999899, 28.609314270000127 ], [ -100.434820922999862, 28.619132793000077 ], [ -100.446189738999934, 28.626496684000088 ], [ -100.444897826999892, 28.643782450000074 ], [ -100.481381388999907, 28.686053773000069 ], [ -100.493938761999914, 28.708377991000035 ], [ -100.519053507999843, 28.804961243 ], [ -100.524996297999863, 28.814831441000067 ], [ -100.529285441999917, 28.819947408000061 ], [ -100.534453084999924, 28.830231018000049 ], [ -100.538638875999951, 28.835631205000098 ], [ -100.545150105999923, 28.838990174000045 ], [ -100.559671183999882, 28.839377747000029 ], [ -100.566234090999856, 28.842504171000073 ], [ -100.569696410999896, 28.849609681000018 ], [ -100.563340210999868, 28.86208953900011 ], [ -100.566234090999856, 28.869789327 ], [ -100.571763468999862, 28.873199972000023 ], [ -100.586542927999872, 28.879788717000011 ], [ -100.589540161999892, 28.883457743000108 ], [ -100.594966186999869, 28.899322408000032 ], [ -100.606955119999924, 28.910122782000045 ], [ -100.618840698999946, 28.917925924000073 ], [ -100.624318399999936, 28.924721375000033 ], [ -100.624783487999963, 28.93776967400008 ], [ -100.626695515999884, 28.948337504000037 ], [ -100.6307779549999, 28.956683248 ], [ -100.637909301999926, 28.962884420000094 ], [ -100.628917602999891, 28.984330140000012 ], [ -100.632793334999931, 29.005155742000071 ], [ -100.652223673999913, 29.044817404000057 ], [ -100.660853637999963, 29.102669169000066 ], [ -100.668966837999875, 29.116208394000054 ], [ -100.678165242999867, 29.119412334000017 ], [ -100.690825968999903, 29.121014303000052 ], [ -100.702039754999944, 29.123649800000081 ], [ -100.706845662999868, 29.13018687000006 ], [ -100.709739542999856, 29.135561218000092 ], [ -100.762501180999976, 29.17377594 ], [ -100.770097616999948, 29.187289327000073 ], [ -100.762087768999962, 29.208657532000061 ], [ -100.783171753999895, 29.243074036000039 ], [ -100.796142537999927, 29.257672628000094 ], [ -100.816089640999849, 29.270772604000044 ], [ -100.86389034099993, 29.290616353000033 ], [ -100.871796834999969, 29.296455791000128 ], [ -100.891227172999947, 29.318547465000037 ], [ -100.914739949999856, 29.337047628000064 ], [ -100.987397013999896, 29.36632232700002 ], [ -100.998300740999952, 29.372471822000065 ], [ -101.00806758599991, 29.380585023 ], [ -101.016232462999923, 29.390067648000056 ], [ -101.022175252999929, 29.400480449 ], [ -101.025947631999955, 29.414355571000058 ], [ -101.029616658999956, 29.442984315000032 ], [ -101.037781535999883, 29.460063375000075 ], [ -101.067960571999976, 29.469494324000053 ], [ -101.134778197999935, 29.487658590000066 ], [ -101.163561971999854, 29.501301168000069 ], [ -101.18270808899986, 29.522359314000099 ], [ -101.191415567999925, 29.528147075000064 ], [ -101.201776692999928, 29.530653382000068 ], [ -101.212861287999942, 29.531583558000094 ], [ -101.222783162999946, 29.540781962000025 ], [ -101.226478027999946, 29.554450378000027 ], [ -101.21777054899988, 29.58419016500001 ], [ -101.219010782999916, 29.610286764000094 ], [ -101.233919433999873, 29.622663269000057 ], [ -101.258775797999917, 29.620156962000081 ], [ -101.283580484999874, 29.607806295000032 ], [ -101.300969604999892, 29.594137878000097 ], [ -101.312157551999931, 29.597858581000125 ], [ -101.310865641999882, 29.612767233000071 ], [ -101.302726603999957, 29.6338512170001 ], [ -101.301072957999921, 29.649509176000052 ], [ -101.309780435999883, 29.654547628000032 ], [ -101.336238769999881, 29.654315084000061 ], [ -101.349028686999944, 29.660102845000026 ], [ -101.357684489999897, 29.667440898000038 ], [ -101.364350749999915, 29.676665141000043 ], [ -101.376623901999935, 29.70064300500006 ], [ -101.383367675999878, 29.718497213 ], [ -101.399619914999889, 29.740718079000132 ], [ -101.406544555999872, 29.752887879000056 ], [ -101.409309244999918, 29.765781149000034 ], [ -101.405097615999878, 29.77844187400008 ], [ -101.414011799999898, 29.774411113 ], [ -101.424217895999874, 29.771413880000082 ], [ -101.43509578499993, 29.770121969000016 ], [ -101.446102864999915, 29.77105214400008 ], [ -101.455688843999923, 29.775909729 ], [ -101.462432617999951, 29.78893219000004 ], [ -101.470907552999861, 29.791516012000031 ], [ -101.490286214999927, 29.785547384000026 ], [ -101.505763306999924, 29.773894348000042 ], [ -101.521808838999888, 29.765936178000075 ], [ -101.542892822999917, 29.77105214400008 ], [ -101.539688883999943, 29.779191182000076 ], [ -101.530516317999869, 29.79647694900008 ], [ -101.528604289999933, 29.801437887000034 ], [ -101.531911580999932, 29.811101380000068 ], [ -101.539172119999904, 29.817974345000025 ], [ -101.54645849699989, 29.820144755000015 ], [ -101.549765787999888, 29.815700582000105 ], [ -101.553977416999928, 29.796683655000052 ], [ -101.564906982999901, 29.78647756000008 ], [ -101.58028072099988, 29.781568298000039 ], [ -101.63221553599989, 29.775651347000021 ], [ -101.794531209999889, 29.795856832000098 ], [ -101.802980305999895, 29.801437887000034 ], [ -101.805977539999901, 29.811928203 ], [ -101.812695474999927, 29.812031556000093 ], [ -101.824090128999927, 29.805184428000061 ], [ -101.857602294999921, 29.805184428000061 ], [ -101.877523559999943, 29.81084299700008 ], [ -101.887419596999933, 29.812289938000092 ], [ -101.895455281999915, 29.808620911000091 ], [ -101.902379923999902, 29.803246562000126 ], [ -101.910880696999911, 29.799887594000026 ], [ -101.920156616999918, 29.798182271000044 ], [ -101.929613403999895, 29.797717183000103 ], [ -101.942661702999942, 29.803608297000025 ], [ -101.957053588999941, 29.814046936000054 ], [ -101.972246460999969, 29.818181051000082 ], [ -101.987930256999846, 29.805184428000061 ], [ -102.014595295999882, 29.810998027000025 ], [ -102.109344034999921, 29.802109681000033 ], [ -102.145646728999893, 29.815700582000105 ], [ -102.157248087999847, 29.824537252000098 ], [ -102.203679362999949, 29.846138001000085 ], [ -102.23977534999996, 29.849135234000087 ], [ -102.25344376599989, 29.855284729000076 ], [ -102.258275513999891, 29.873474833 ], [ -102.27618139699986, 29.86954742500005 ], [ -102.289022990999854, 29.878125712000056 ], [ -102.302174641999926, 29.889391174000124 ], [ -102.321010701999938, 29.893938700000078 ], [ -102.330234944999944, 29.888926087000087 ], [ -102.339769246999936, 29.870632629000042 ], [ -102.351060547999907, 29.866601868000132 ], [ -102.363230346999913, 29.8642764290001 ], [ -102.370723429999941, 29.857765198000052 ], [ -102.374547485999884, 29.848101705000104 ], [ -102.376588704999847, 29.82148834200008 ], [ -102.38005102599989, 29.811385600000037 ], [ -102.404132242999921, 29.780793152000015 ], [ -102.406095947999859, 29.777279155000073 ], [ -102.515288248999923, 29.7847205610001 ], [ -102.523065551999935, 29.782317607000053 ], [ -102.531127075999933, 29.769915263000073 ], [ -102.541539876999948, 29.762473857000046 ], [ -102.543348551999941, 29.760122579000026 ], [ -102.546578328999928, 29.757874654000105 ], [ -102.553141235999917, 29.756737773000097 ], [ -102.558308879999913, 29.759089050000043 ], [ -102.562882242999947, 29.769346822000031 ], [ -102.566757975999906, 29.77105214400008 ], [ -102.58530981499986, 29.764695944000053 ], [ -102.621224934999915, 29.747280986000121 ], [ -102.638743245999962, 29.743715312000049 ], [ -102.676053629999913, 29.744490458000072 ], [ -102.683469197999926, 29.743715312000049 ], [ -102.691039794999881, 29.736816508000075 ], [ -102.693623617999975, 29.729400940000048 ], [ -102.694708821999967, 29.72061594700007 ], [ -102.6977577319999, 29.709557190000069 ], [ -102.726748209999883, 29.664495341000119 ], [ -102.731269897999908, 29.650594381000062 ], [ -102.735507364999961, 29.649509176000052 ], [ -102.75165624999994, 29.622456564000103 ], [ -102.751759602999883, 29.620156962000081 ], [ -102.761345580999972, 29.603413798000034 ], [ -102.767598429999879, 29.597290141000073 ], [ -102.77966487699986, 29.59230336600011 ], [ -102.774083821999938, 29.579616801000057 ], [ -102.776460937999886, 29.575947774000056 ], [ -102.785891886999948, 29.571813660000046 ], [ -102.780750081999955, 29.558248597000059 ], [ -102.786512003999917, 29.550497131000057 ], [ -102.795477864999867, 29.544270122000071 ], [ -102.8273105479999, 29.470502014000104 ], [ -102.833950968999915, 29.461355286000028 ], [ -102.839066935999895, 29.451950175000079 ], [ -102.841133992999872, 29.438307597000076 ], [ -102.838705200999897, 29.426938782000079 ], [ -102.834984497999898, 29.415699158000038 ], [ -102.835191202999852, 29.4038394170001 ], [ -102.844544636999885, 29.390532736000083 ], [ -102.845578165999967, 29.384719137 ], [ -102.838033406999912, 29.370533956000045 ], [ -102.837671671999914, 29.36632232700002 ], [ -102.846560018999938, 29.361748963000068 ], [ -102.853872233999923, 29.360999655000072 ], [ -102.859866699999941, 29.361154683 ], [ -102.864956827999933, 29.359526876000061 ], [ -102.876971598999901, 29.350871073000107 ], [ -102.883069417999948, 29.343765564000066 ], [ -102.885188151999927, 29.333378601000064 ], [ -102.885498209999909, 29.314800924000011 ], [ -102.899399169999896, 29.276095276 ], [ -102.899709228999967, 29.263899638000069 ], [ -102.892138630999924, 29.254391175000094 ], [ -102.867954060999949, 29.240386862 ], [ -102.858781493999857, 29.229147237000049 ], [ -102.869866088999871, 29.22478057900004 ], [ -102.896892862999906, 29.220284730000046 ], [ -102.942264770999941, 29.190209046000049 ], [ -102.947535766999877, 29.182018331000037 ], [ -102.969756632999903, 29.192844543000078 ], [ -102.988385986999873, 29.177134908000099 ], [ -103.015826171999919, 29.126776225000029 ], [ -103.024275268999915, 29.116156718000028 ], [ -103.032621012999897, 29.110213928000022 ], [ -103.072541055999935, 29.091403707000026 ], [ -103.080757609999878, 29.08520253600004 ], [ -103.085589355999886, 29.075719910000046 ], [ -103.091532144999903, 29.057865702000086 ], [ -103.095356201999934, 29.060294495000065 ], [ -103.104683797999968, 29.057865702000086 ], [ -103.109205484999904, 29.023371684000026 ], [ -103.122770548999881, 28.996474101000032 ], [ -103.147988647999938, 28.985105286000035 ], [ -103.187107706999953, 28.990221253000115 ], [ -103.241755534999911, 29.003502096000133 ], [ -103.301545166999858, 29.002365214000022 ], [ -103.316247111999942, 29.010065002000104 ], [ -103.311514476411958, 29.026042537832836 ] ] ], [ [ [ -97.198312954999949, 26.27610911700009 ], [ -97.182679856999926, 26.231154556000035 ], [ -97.177423894999947, 26.20500766400005 ], [ -97.17067950899991, 26.17952332100009 ], [ -97.164401777999899, 26.131494536000048 ], [ -97.163398650999909, 26.113592979000089 ], [ -97.166379235999898, 26.102846573000079 ], [ -97.179330813999911, 26.119828581000036 ], [ -97.188313979999919, 26.14933564200004 ], [ -97.213016566999897, 26.29271411600007 ], [ -97.227160603999948, 26.337414977000037 ], [ -97.239898240999935, 26.364935614000046 ], [ -97.249175584999932, 26.390814520000049 ], [ -97.260365363999938, 26.467962958000044 ], [ -97.268381313999896, 26.490383205000057 ], [ -97.292062954999949, 26.529201565000051 ], [ -97.301340298999946, 26.550482489000046 ], [ -97.313221808999913, 26.606756903000075 ], [ -97.318104620999918, 26.616441148000035 ], [ -97.329253709999932, 26.633042710000041 ], [ -97.337880011999914, 26.653957424000055 ], [ -97.350087042999917, 26.697414455000057 ], [ -97.363392706999946, 26.721177476000037 ], [ -97.355946417999917, 26.728583075000074 ], [ -97.362538214999915, 26.734442450000074 ], [ -97.366810675999943, 26.740708726000037 ], [ -97.369211391999897, 26.747788804000038 ], [ -97.370228644999941, 26.755926825000074 ], [ -97.368234829999949, 26.759955145000049 ], [ -97.358265753999945, 26.762518622000073 ], [ -97.355946417999917, 26.765855210000041 ], [ -97.357004360999895, 26.771551825000074 ], [ -97.361927863999938, 26.779282945000091 ], [ -97.363392706999946, 26.783270575000074 ], [ -97.36742102799991, 26.791205145000049 ], [ -97.397531704999949, 26.831000067000048 ], [ -97.388050910999937, 26.86554596600007 ], [ -97.38540605399993, 26.900376695000091 ], [ -97.393910285999937, 26.994289455000057 ], [ -97.403065558999913, 27.030910549000055 ], [ -97.405018683999913, 27.050767320000091 ], [ -97.398019985999895, 27.088364976000037 ], [ -97.397084113999938, 27.107326565000051 ], [ -97.405018683999913, 27.125230210000041 ], [ -97.396962042999917, 27.146185614000046 ], [ -97.391590949999909, 27.193101304000038 ], [ -97.377064581999946, 27.207831122000073 ], [ -97.383900519999941, 27.187933661000045 ], [ -97.376291469999899, 26.931626695000091 ], [ -97.342884894999941, 26.756740627000056 ], [ -97.238677537999934, 26.445786851000037 ], [ -97.239898240999935, 26.433783270000049 ], [ -97.231271938999896, 26.421087958000044 ], [ -97.22492428299995, 26.39907461100006 ], [ -97.212190004999911, 26.340282908000063 ], [ -97.202259894999941, 26.298773505000042 ], [ -97.198312954999949, 26.27610911700009 ] ] ], [ [ [ -97.075428839999915, 27.814520575000074 ], [ -97.067534959999932, 27.840887762000079 ], [ -97.052601691999939, 27.844183661000045 ], [ -97.044016079999949, 27.835272528000075 ], [ -97.05492102799991, 27.824774481000077 ], [ -97.178007216999902, 27.652843669000049 ], [ -97.259354604999942, 27.496174655000061 ], [ -97.320256321999921, 27.357574337000074 ], [ -97.346609416999911, 27.274163730000055 ], [ -97.351642487999925, 27.235170581000091 ], [ -97.365912490999904, 27.224231404000079 ], [ -97.388091600999928, 27.223944403000075 ], [ -97.397531704999949, 27.228908596000053 ], [ -97.389759894999941, 27.24555084800005 ], [ -97.370252640999922, 27.348366418000069 ], [ -97.338758743999904, 27.409122490000073 ], [ -97.321527833999937, 27.456231586000058 ], [ -97.312397116999932, 27.477972228000056 ], [ -97.29818255999993, 27.507865422000066 ], [ -97.28295436399992, 27.540472627000042 ], [ -97.270767838999916, 27.56673760700005 ], [ -97.257232225999928, 27.592759507000039 ], [ -97.245106574999909, 27.623195705000057 ], [ -97.244007941999939, 27.632635809000078 ], [ -97.249582485999895, 27.643784898000035 ], [ -97.25413977799991, 27.659654039000088 ], [ -97.230620897999927, 27.651190497000073 ], [ -97.219227667999917, 27.643947658000059 ], [ -97.211984829999949, 27.632961330000057 ], [ -97.20571855399993, 27.632961330000057 ], [ -97.15103105399993, 27.739894924000055 ], [ -97.123850063999896, 27.769517320000091 ], [ -97.081857876999948, 27.80414459800005 ], [ -97.075428839999915, 27.814520575000074 ] ] ], [ [ [ -96.880238410999937, 28.130113023000035 ], [ -96.867583787999934, 28.135565497000073 ], [ -96.854847785999937, 28.130682684000078 ], [ -96.845366990999935, 28.121242580000057 ], [ -96.842640753999945, 28.112779039000088 ], [ -96.845692511999914, 28.102850653000075 ], [ -96.847157355999911, 28.080471096000053 ], [ -96.850087042999917, 28.071193752000056 ], [ -96.938221808999913, 27.98305898600006 ], [ -96.979237433999913, 27.927801825000074 ], [ -97.014637824999909, 27.89093659100007 ], [ -97.028675910999937, 27.871527411000045 ], [ -97.034413214999915, 27.852036851000037 ], [ -97.043039516999897, 27.870306708000044 ], [ -97.029774542999917, 27.900580145000049 ], [ -96.993478969999899, 27.948309637000079 ], [ -96.963978644999941, 27.976711330000057 ], [ -96.959339972999942, 27.98305898600006 ], [ -96.953033006999931, 27.994208075000074 ], [ -96.95335852799991, 28.00031159100007 ], [ -96.972564256999931, 28.005031643000052 ], [ -96.972564256999931, 28.009914455000057 ], [ -96.914051886999914, 28.099107164000088 ], [ -96.900257941999939, 28.101955471000053 ], [ -96.89289303299995, 28.109198309000078 ], [ -96.887603318999936, 28.119208075000074 ], [ -96.880238410999937, 28.130113023000035 ] ] ], [ [ [ -96.427723761999914, 28.39329661700009 ], [ -96.418812628999945, 28.395086981000077 ], [ -96.41234290299991, 28.397528387000079 ], [ -96.407582160999937, 28.396389065000051 ], [ -96.403797980999911, 28.387111721000053 ], [ -96.40298417899993, 28.36078522300005 ], [ -96.403797980999911, 28.352362372000073 ], [ -96.406727667999917, 28.344427802000041 ], [ -96.415150519999941, 28.333075262000079 ], [ -96.416859503999945, 28.32876211100006 ], [ -96.489491339999915, 28.297105210000041 ], [ -96.522328253999945, 28.289618231000077 ], [ -96.553537563999896, 28.271429755000042 ], [ -96.608631964999915, 28.229437567000048 ], [ -96.702626105999911, 28.185532945000091 ], [ -96.727650519999941, 28.161607164000088 ], [ -96.781158006999931, 28.126450914000088 ], [ -96.808705206999946, 28.103257554000038 ], [ -96.820871548999946, 28.088324286000045 ], [ -96.82835852799991, 28.071193752000056 ], [ -96.835804816999939, 28.071193752000056 ], [ -96.832508917999917, 28.088771877000056 ], [ -96.824289516999897, 28.107489325000074 ], [ -96.813221808999913, 28.12368398600006 ], [ -96.801665818999936, 28.133856512000079 ], [ -96.801665818999936, 28.14008209800005 ], [ -96.808990037999934, 28.151434637000079 ], [ -96.812367316999939, 28.170111395000049 ], [ -96.807769334999932, 28.187648830000057 ], [ -96.791127081999946, 28.195257880000042 ], [ -96.770741339999915, 28.197455145000049 ], [ -96.73851477799991, 28.206854559000078 ], [ -96.722238735999895, 28.208970445000091 ], [ -96.710357225999928, 28.213364976000037 ], [ -96.67210852799991, 28.233710028000075 ], [ -96.663889126999948, 28.23969147300005 ], [ -96.654286261999914, 28.257147528000075 ], [ -96.612049933999913, 28.277492580000057 ], [ -96.602447068999936, 28.287502346000053 ], [ -96.594797329999949, 28.292669989000046 ], [ -96.548451300999943, 28.311428127000056 ], [ -96.528065558999913, 28.330145575000074 ], [ -96.514963344999899, 28.336818752000056 ], [ -96.493234829999949, 28.33930084800005 ], [ -96.455433722999942, 28.336004950000074 ], [ -96.443226691999939, 28.341376044000071 ], [ -96.431141730999911, 28.359767971000053 ], [ -96.430490688999896, 28.36782461100006 ], [ -96.431467251999948, 28.38898346600007 ], [ -96.427723761999914, 28.39329661700009 ] ] ], [ [ [ -96.369699673999946, 28.406927802000041 ], [ -96.369699673999946, 28.414455471000053 ], [ -96.312896287999934, 28.458563544000071 ], [ -96.275257941999939, 28.478705145000049 ], [ -96.232533331999946, 28.489488023000035 ], [ -96.232533331999946, 28.48273346600007 ], [ -96.24046790299991, 28.481919664000088 ], [ -96.244618292999917, 28.480169989000046 ], [ -96.247873501999948, 28.477769273000035 ], [ -96.24673417899993, 28.47524648600006 ], [ -96.254953579999949, 28.471096096000053 ], [ -96.27603105399993, 28.457098700000074 ], [ -96.283924933999913, 28.447658596000053 ], [ -96.308216925999943, 28.44171784100007 ], [ -96.333729620999918, 28.418850002000056 ], [ -96.350087042999917, 28.408880927000041 ], [ -96.369699673999946, 28.406927802000041 ] ] ], [ [ [ -94.814279751999948, 29.352932033000059 ], [ -94.724408970999946, 29.333154895000064 ], [ -94.891654983999899, 29.224861529000066 ], [ -94.947248464999916, 29.19391369300007 ], [ -95.075955386999908, 29.114043627000058 ], [ -95.108281049999903, 29.088597249000088 ], [ -95.116543590999925, 29.088992912000037 ], [ -95.102255879999916, 29.111171470000045 ], [ -95.081280775999915, 29.136083932000076 ], [ -95.034002990999909, 29.162938401000076 ], [ -94.967765416999896, 29.207876314000089 ], [ -94.943098856999939, 29.222860288000049 ], [ -94.928740668999922, 29.23689138800006 ], [ -94.920725063999896, 29.250474351000037 ], [ -94.917225714999915, 29.25531647300005 ], [ -94.875111456999946, 29.28461334800005 ], [ -94.866810675999943, 29.299953518000052 ], [ -94.862049933999913, 29.305121161000045 ], [ -94.839833136999914, 29.310492255000042 ], [ -94.837880011999914, 29.31126536700009 ], [ -94.828033006999931, 29.317613023000035 ], [ -94.821644660999937, 29.331122137000079 ], [ -94.824289516999897, 29.343329169000071 ], [ -94.841542120999918, 29.346096096000053 ], [ -94.841542120999918, 29.352932033000059 ], [ -94.836496548999946, 29.352362372000073 ], [ -94.835275844999899, 29.353989976000037 ], [ -94.835275844999899, 29.356838283000059 ], [ -94.834095831999946, 29.359767971000053 ], [ -94.831939256999931, 29.360174872000073 ], [ -94.827870245999918, 29.359767971000053 ], [ -94.827015753999945, 29.353949286000045 ], [ -94.814279751999948, 29.352932033000059 ] ] ] ] } }
]
}
