bus_num,bus_type,is_slack,is_isolated,base_kv,area,zone,pd_mw,qd_mvar,vm_pu,va_deg,v_low_viol,v_high_viol,station_clean,station_name_shp,longitude,latitude,area_name,zone_name,is_mapped
1001,1,False,False,115.0,1,1,20.78,5.32,1.0328674724116804,53.62354762633074,False,False,ODESSA,ODESSA 2,-102.45323571428573,31.843002285714284,Far West,1.0,True
1002,1,False,False,115.0,1,1,27.08,4.37,1.038344243986259,60.81386163558679,False,False,PRESIDIO,PRESIDIO 2,-104.4095695,29.744023,Far West,1.0,True
1003,1,False,False,115.0,1,1,0.0,0.0,1.031476095498708,61.27285669711112,False,False,O DONNELL,O DONNELL 1,-101.6131975,32.9277015,Far West,1.0,True
1004,1,False,False,230.0,1,1,0.0,0.0,1.0337458308333254,58.324299969098966,False,False,O DONNELL,O DONNELL 1,-101.6131975,32.9277015,Far West,1.0,True
1005,1,False,False,115.0,1,1,0.0,0.0,1.0398679987358446,50.411049897033536,False,False,BIG SPRING,BIG SPRING 5,-101.3548315,32.107940125,Far West,1.0,True
1006,2,False,False,13.8,1,1,0.0,0.0,1.04,52.2587066131126,False,False,BIG SPRING,BIG SPRING 5,-101.3548315,32.107940125,Far West,1.0,True
1007,1,False,False,115.0,1,1,10.48,7.93,1.0520631038964252,61.790767236633336,False,True,VAN HORN,VAN HORN,-104.508314,31.504614333333333,Far West,1.0,True
1008,2,False,False,115.0,1,1,0.0,0.0,1.0400000000000007,73.21693924132416,False,False,IRAAN,IRAAN 2,-101.9839414,30.8611026,Far West,1.0,True
1009,2,False,False,13.8,1,1,0.0,0.0,1.0399999999999998,78.32388451019628,False,False,IRAAN,IRAAN 2,-101.9839414,30.8611026,Far West,1.0,True
1010,1,False,False,115.0,1,1,0.0,0.0,1.0479469444107488,62.50383172525934,False,False,PRESIDIO,PRESIDIO 2,-104.4095695,29.744023,Far West,1.0,True
1011,2,False,False,22.0,1,1,0.0,0.0,1.0399999999999998,65.26584103570246,False,False,PRESIDIO,PRESIDIO 2,-104.4095695,29.744023,Far West,1.0,True
1012,1,False,False,115.0,1,1,2.99,0.85,1.037726843156162,53.23280605516019,False,False,SANDERSON,SANDERSON,-101.970461,30.028067,Far West,1.0,True
1013,1,False,False,115.0,1,1,29.38,8.34,1.0298095641902774,68.25907936069862,False,False,MONAHANS,MONAHANS 2,-103.062173,31.534243,Far West,1.0,True
1014,1,False,False,115.0,1,1,2.22,0.63,1.035358649465883,72.81831823542215,False,False,GRANDFALLS,GRANDFALLS,-103.125868,31.165245,Far West,1.0,True
1015,1,False,False,115.0,1,1,7.51,2.13,1.051993381491497,61.53049923832006,False,True,MARFA,MARFA,-104.005761,30.285296,Far West,1.0,True
1016,1,False,False,115.0,1,1,2.89,0.82,1.0395459530314604,55.82330433635679,False,False,GARDEN CITY,GARDEN CITY,-101.5842835,31.7486435,Far West,1.0,True
1017,1,False,False,115.0,1,1,34.67,-0.91,1.0368754864388865,54.0119803898566,False,False,ODESSA,ODESSA 2,-102.45323571428573,31.843002285714284,Far West,1.0,True
1018,1,False,False,115.0,1,1,0.08,0.02,1.039095497802954,53.89280904112119,False,False,NOTREES,NOTREES,-102.632933,31.799171,Far West,1.0,True
1019,1,False,False,115.0,1,1,61.78,17.5,1.029393493363837,52.18783302258759,False,False,MIDLAND,MIDLAND 4,-102.075159,31.9729432,Far West,1.0,True
1020,1,False,False,115.0,1,1,0.0,0.0,1.044864254753002,48.46960902393682,False,False,BIG SPRING,BIG SPRING 5,-101.3548315,32.107940125,Far West,1.0,True
1021,2,False,False,13.8,1,1,0.0,0.0,1.04,54.21327107010364,False,False,BIG SPRING,BIG SPRING 5,-101.3548315,32.107940125,Far West,1.0,True
1022,1,False,False,115.0,1,1,0.0,0.0,1.0381409913484432,63.8444427756222,False,False,O DONNELL,O DONNELL 1,-101.6131975,32.9277015,Far West,1.0,True
1023,2,False,False,13.8,1,1,0.0,0.0,1.04,70.259049592481,False,False,O DONNELL,O DONNELL 1,-101.6131975,32.9277015,Far West,1.0,True
1024,2,False,False,115.0,1,1,63.94,17.86,1.04,54.55698022445669,False,False,ODESSA,ODESSA 2,-102.45323571428573,31.843002285714284,Far West,1.0,True
1025,1,False,False,115.0,1,1,0.0,0.0,1.0396840399130372,49.63578553251286,False,False,BIG SPRINGS,BIG SPRINGS,-101.22,32.039,Far West,1.0,True
1026,2,False,False,13.8,1,1,0.0,0.0,1.0400000000000005,54.384988568323685,False,False,BIG SPRINGS,BIG SPRINGS,-101.22,32.039,Far West,1.0,True
1027,1,False,False,115.0,1,1,101.42,10.09,1.0344750612416422,50.15780022513263,False,False,MIDLAND,MIDLAND 4,-102.075159,31.9729432,Far West,1.0,True
1028,1,False,False,115.0,1,1,10.53,4.0,1.0387704889189715,65.23052144774624,False,False,COAHOMA,COAHOMA,-101.242778,32.6847095,Far West,1.0,True
1029,1,False,False,115.0,1,1,131.33,23.57,1.0291912553122111,51.63801062459148,False,False,MIDLAND,MIDLAND 4,-102.075159,31.9729432,Far West,1.0,True
1030,1,False,False,115.0,1,1,24.63,0.24,1.050006023779699,66.31146280496198,False,True,ALPINE,ALPINE,-103.382675,30.250960666666668,Far West,1.0,True
1031,1,False,False,115.0,1,1,9.25,4.22,1.03726303768195,64.34672023504521,False,False,FORT DAVIS,FORT DAVIS,-103.759065,31.004969,Far West,1.0,True
1032,1,False,False,115.0,1,1,0.0,0.0,1.0367564572983388,67.46015750569556,False,False,MCCAMEY,MCCAMEY 1,-102.2726905,31.190672000000003,Far West,1.0,True
1033,2,False,False,230.0,1,1,0.0,0.0,1.04,63.59353957029765,False,False,MCCAMEY,MCCAMEY 1,-102.2726905,31.190672000000003,Far West,1.0,True
1034,1,False,False,115.0,1,1,0.0,0.0,1.0360976251467342,49.4235986960217,False,False,BIG SPRING,BIG SPRING 5,-101.3548315,32.107940125,Far West,1.0,True
1035,2,False,False,13.8,1,1,0.0,0.0,1.04,51.95667699053499,False,False,BIG SPRING,BIG SPRING 5,-101.3548315,32.107940125,Far West,1.0,True
1036,1,False,False,115.0,1,1,24.12,3.85,1.0332033238760232,69.33152763550538,False,False,CRANE,CRANE,-102.39869175,31.160862,Far West,1.0,True
1037,1,False,False,115.0,1,1,102.24,28.97,1.0383265102626889,53.0982741863182,False,False,ODESSA,ODESSA 2,-102.45323571428573,31.843002285714284,Far West,1.0,True
1038,1,False,False,115.0,1,1,0.0,0.0,1.0469446978939445,71.48242202963633,False,False,FORT STOCKTON,FORT STOCKTON 1,-102.59898166666666,30.91979725,Far West,1.0,True
1039,2,False,False,22.0,1,1,0.0,0.0,1.0400000000000005,79.57299615385746,False,False,FORT STOCKTON,FORT STOCKTON 1,-102.59898166666666,30.91979725,Far West,1.0,True
1040,1,False,False,115.0,1,1,56.23,12.57,1.0404307743708958,52.69901907807934,False,False,ANDREWS,ANDREWS,-102.7719682,32.2803608,Far West,1.0,True
1041,1,False,False,115.0,1,1,0.0,0.0,1.0393668056223613,50.16485805968853,False,False,FORSAN,FORSAN,-101.3986,32.1408,Far West,1.0,True
1042,2,False,False,13.8,1,1,0.0,0.0,1.04,56.75786431014095,False,False,FORSAN,FORSAN,-101.3986,32.1408,Far West,1.0,True
1044,1,False,False,115.0,1,1,23.03,2.65,1.0342659242011292,54.48060850214038,False,False,BIG LAKE,BIG LAKE,-101.214787,31.1946825,Far West,1.0,True
1045,1,False,False,115.0,1,1,112.79,63.27,1.0259641149557732,52.22857654213709,False,False,MIDLAND,MIDLAND 4,-102.075159,31.9729432,Far West,1.0,True
1046,1,False,False,115.0,1,1,11.09,2.03,1.0401232847341546,60.32370442605941,False,False,OZONA,OZONA,-101.2971195,30.742809,Far West,1.0,True
1047,1,False,False,115.0,1,1,0.0,0.0,1.057313197029329,63.87048363132275,False,True,MONAHANS,MONAHANS 2,-103.062173,31.534243,Far West,1.0,True
1048,2,False,False,18.0,1,1,0.0,0.0,1.04,71.52684830818036,False,False,MONAHANS,MONAHANS 2,-103.062173,31.534243,Far West,1.0,True
1049,2,False,False,18.0,1,1,0.0,0.0,1.0400000000000005,67.01121777307085,False,False,MONAHANS,MONAHANS 2,-103.062173,31.534243,Far West,1.0,True
1050,2,False,False,18.0,1,1,0.0,0.0,1.0400000000000005,68.10299881644437,False,False,MONAHANS,MONAHANS 2,-103.062173,31.534243,Far West,1.0,True
1051,2,False,False,18.0,1,1,0.0,0.0,1.0399999999999998,69.50115483366037,False,False,MONAHANS,MONAHANS 2,-103.062173,31.534243,Far West,1.0,True
1052,2,False,False,18.0,1,1,0.0,0.0,1.04,72.14992624848183,False,False,MONAHANS,MONAHANS 2,-103.062173,31.534243,Far West,1.0,True
1053,1,False,False,230.0,1,1,0.0,0.0,1.0370869118016983,60.91009171680528,False,False,MONAHANS,MONAHANS 2,-103.062173,31.534243,Far West,1.0,True
1054,1,False,False,115.0,1,1,17.02,4.25,1.0402186724697913,55.2534616773026,False,False,STANTON,STANTON,-101.754488,32.489818,Far West,1.0,True
1055,1,False,False,115.0,1,1,3.98,1.13,1.0222863275860703,60.19213923618886,False,False,ODONNELL,ODONNELL,-101.764414,32.92701,Far West,1.0,True
1056,1,False,False,115.0,1,1,0.0,0.0,1.0459016338142575,52.16711747644581,False,False,LENORAH,LENORAH,-101.8367,32.2353,Far West,1.0,True
1057,2,False,False,18.0,1,1,0.0,0.0,1.0400000000000005,59.58920182656319,False,False,LENORAH,LENORAH,-101.8367,32.2353,Far West,1.0,True
1058,1,False,False,115.0,1,1,18.07,0.22,1.0387856446590205,69.21896679861266,False,False,IRAAN,IRAAN 2,-101.9839414,30.8611026,Far West,1.0,True
1061,1,False,False,115.0,1,1,0.0,0.0,1.0383158152393115,50.22254442678256,False,False,BIG SPRING,BIG SPRING 5,-101.3548315,32.107940125,Far West,1.0,True
1062,2,False,False,13.8,1,1,0.0,0.0,1.04,55.7057253993845,False,False,BIG SPRING,BIG SPRING 5,-101.3548315,32.107940125,Far West,1.0,True
1063,2,False,False,13.8,1,1,0.0,0.0,1.0399999999999998,56.73066015688678,False,False,BIG SPRING,BIG SPRING 5,-101.3548315,32.107940125,Far West,1.0,True
1064,1,False,False,115.0,1,1,162.0,35.07,1.025172125965101,52.17850914050913,False,False,ODESSA,ODESSA 2,-102.45323571428573,31.843002285714284,Far West,1.0,True
1065,1,False,False,115.0,1,1,0.0,0.0,1.0381440354731708,50.223492058761856,False,False,BIG SPRING,BIG SPRING 5,-101.3548315,32.107940125,Far West,1.0,True
1066,2,False,False,13.8,1,1,0.0,0.0,1.0399999999999998,57.9143250522484,False,False,BIG SPRING,BIG SPRING 5,-101.3548315,32.107940125,Far West,1.0,True
1067,2,False,False,115.0,1,1,101.55,28.77,1.04,49.98572544158596,False,False,BIG SPRING,BIG SPRING 5,-101.3548315,32.107940125,Far West,1.0,True
1068,1,False,False,115.0,1,1,80.94,16.5,1.0397984393583355,57.09112181657434,False,False,MIDLAND,MIDLAND 4,-102.075159,31.9729432,Far West,1.0,True
1069,1,False,False,115.0,1,1,0.0,0.0,1.0383167683302867,71.69582638574988,False,False,IRAAN,IRAAN 2,-101.9839414,30.8611026,Far West,1.0,True
1070,2,False,False,13.8,1,1,0.0,0.0,1.0383167683302867,71.69582638574988,False,False,IRAAN,IRAAN 2,-101.9839414,30.8611026,Far West,1.0,True
1071,1,False,False,115.0,1,1,91.46,25.91,1.030284063947319,53.281185876080194,False,False,ODESSA,ODESSA 2,-102.45323571428573,31.843002285714284,Far West,1.0,True
1072,2,False,False,18.0,1,1,0.0,0.0,1.0400000000000005,56.726728883042455,False,False,ODESSA,ODESSA 2,-102.45323571428573,31.843002285714284,Far West,1.0,True
1073,2,False,False,18.0,1,1,0.0,0.0,1.0399999999999998,54.341293887908016,False,False,ODESSA,ODESSA 2,-102.45323571428573,31.843002285714284,Far West,1.0,True
1074,2,False,False,18.0,1,1,0.0,0.0,1.04,56.539706753741854,False,False,ODESSA,ODESSA 2,-102.45323571428573,31.843002285714284,Far West,1.0,True
1075,2,False,False,18.0,1,1,0.0,0.0,1.0400000000000005,56.08421911814654,False,False,ODESSA,ODESSA 2,-102.45323571428573,31.843002285714284,Far West,1.0,True
1076,2,False,False,18.0,1,1,0.0,0.0,1.0399999999999998,59.02501116109677,False,False,ODESSA,ODESSA 2,-102.45323571428573,31.843002285714284,Far West,1.0,True
1077,2,False,False,18.0,1,1,0.0,0.0,1.0399999999999998,55.01799709129763,False,False,ODESSA,ODESSA 2,-102.45323571428573,31.843002285714284,Far West,1.0,True
1079,1,False,False,500.0,1,1,0.0,0.0,1.0220977522343442,28.43322563067573,False,False,ODESSA,ODESSA 2,-102.45323571428573,31.843002285714284,Far West,1.0,True
1081,1,False,False,230.0,1,1,0.0,0.0,1.0417601981085935,55.06233141496224,False,False,ODESSA,ODESSA 2,-102.45323571428573,31.843002285714284,Far West,1.0,True
1082,1,False,False,115.0,1,1,0.0,0.0,1.0413068228082365,71.50386746495957,False,False,FORT STOCKTON,FORT STOCKTON 1,-102.59898166666666,30.91979725,Far West,1.0,True
1083,1,False,False,115.0,1,1,39.95,11.32,1.0474512128439288,70.70501078036817,False,False,FORT STOCKTON,FORT STOCKTON 1,-102.59898166666666,30.91979725,Far West,1.0,True
1084,1,False,False,115.0,1,1,0.0,0.0,1.032853146337024,48.23823704534579,False,False,BIG SPRING,BIG SPRING 5,-101.3548315,32.107940125,Far West,1.0,True
1085,1,False,False,115.0,1,1,22.78,6.03,1.0274055804070827,62.79209603736537,False,False,KERMIT,KERMIT,-103.138992,31.696251,Far West,1.0,True
1086,1,False,False,115.0,1,1,43.68,11.24,1.032666402794346,77.66782574741427,False,False,PECOS,PECOS,-103.43056166666668,31.453610666666663,Far West,1.0,True
1087,1,False,False,115.0,1,1,0.91,0.26,1.045340723526288,64.5197513633737,False,False,SHEFFIELD,SHEFFIELD,-101.78453,30.596998,Far West,1.0,True
1088,1,False,False,115.0,1,1,0.0,0.0,1.0360781001503911,66.16184713847642,False,False,MCCAMEY,MCCAMEY 1,-102.2726905,31.190672000000003,Far West,1.0,True
1089,1,False,False,115.0,1,1,43.57,23.14,0.9973949037966676,56.86193767266432,False,False,LAMESA,LAMESA,-101.83586283333334,32.75809566666667,Far West,1.0,True
1090,2,False,False,115.0,1,1,0.0,0.0,1.0399999999999998,57.76501407718516,False,False,GOLDSMITH,GOLDSMITH,-102.7069445,32.0320835,Far West,1.0,True
1091,1,False,False,161.0,1,1,18.43,3.29,1.0348301653003134,54.54157308795524,False,False,RALLS,RALLS 2,-101.482424,33.686171,Far West,1.0,True
1093,1,False,False,230.0,1,1,153.57,27.79,1.033887918802779,57.00479381791858,False,False,IND W TWFV 0_230,IND W TWFV 0,-102.868295,31.843422,Far West,1.0,True
1094,1,False,False,115.0,1,1,57.59,16.9,1.0160420120017115,59.94483636409952,False,False,IND W TWFV 0_115,IND W TWFV 0,-102.868295,31.843422,Far West,1.0,True
1095,1,False,False,500.0,1,1,0.0,0.0,1.0208071790625062,43.63283981648564,False,False,IND W TWFV 1_500,IND W TWFV 1,-101.65,31.624,Far West,1.0,True
1096,1,False,False,230.0,1,1,146.12,72.93,1.0284770030413986,47.26665836277208,False,False,IND W TWFV 1_230,IND W TWFV 1,-101.65,31.624,Far West,1.0,True
1097,1,False,False,115.0,1,1,69.42,-7.58,1.0326017461474142,49.35706838599496,False,False,IND W TWFV 1_115,IND W TWFV 1,-101.65,31.624,Far West,1.0,True
1099,1,False,False,230.0,1,1,175.68,85.54,1.0309735419932806,57.0175969402036,False,False,IND W TWFV 2_230,IND W TWFV 2,-102.701206,31.703258,Far West,1.0,True
1100,1,False,False,115.0,1,1,53.58,24.03,1.0388327592376867,53.94294193926816,False,False,IND W TWFV 2_115,IND W TWFV 2,-102.701206,31.703258,Far West,1.0,True
1101,1,False,False,230.0,1,1,128.12,52.27,1.0367441685034209,54.39771859686783,False,False,IND W TWFV 3_230,IND W TWFV 3,-102.672809,32.460054,Far West,1.0,True
1102,1,False,False,115.0,1,1,114.01,45.73,1.0615448238481873,52.23882853578476,False,True,IND W TWFV 3_115,IND W TWFV 3,-102.672809,32.460054,Far West,1.0,True
1103,1,False,False,230.0,1,1,140.63,-10.05,1.0244695956808845,51.1343588643341,False,False,IND W TWFV 4_230,IND W TWFV 4,-101.368,32.377,Far West,1.0,True
1104,1,False,False,115.0,1,1,125.19,86.93,1.0348742901127077,49.89813331784503,False,False,IND W TWFV 4_115,IND W TWFV 4,-101.368,32.377,Far West,1.0,True
1105,1,False,False,230.0,1,1,114.69,41.56,1.0227004738322698,53.53602172496827,False,False,IND W TWFV 5_230,IND W TWFV 5,-101.152,31.683,Far West,1.0,True
1106,1,False,False,115.0,1,1,62.69,25.52,1.0244985162683786,54.14956505622599,False,False,IND W TWFV 5_115,IND W TWFV 5,-101.152,31.683,Far West,1.0,True
1107,1,False,False,230.0,1,1,133.45,33.91,1.0233075874420123,49.905173096249065,False,False,IND W TWFV 6_230,IND W TWFV 6,-101.46,32.055,Far West,1.0,True
1108,1,False,False,115.0,1,1,125.99,52.8,1.0340303099794967,49.72446550985576,False,False,IND W TWFV 6_115,IND W TWFV 6,-101.46,32.055,Far West,1.0,True
1109,1,False,False,230.0,1,1,184.67,48.39,1.0368299713857183,54.4109341630378,False,False,IND W TWFV 7_230,IND W TWFV 7,-102.68,32.22,Far West,1.0,True
1110,1,False,False,115.0,1,1,110.09,45.17,1.028378922648298,52.90835379737229,False,False,IND W TWFV 7_115,IND W TWFV 7,-102.68,32.22,Far West,1.0,True
1111,1,False,False,230.0,1,1,173.45,55.26,1.0276441989907168,44.74350077414082,False,False,IND W TWFV 8_230,IND W TWFV 8,-101.014,32.239,Far West,1.0,True
1112,1,False,False,115.0,1,1,144.51,111.62,1.003876497500278,46.618468045702194,False,False,IND W TWFV 8_115,IND W TWFV 8,-101.014,32.239,Far West,1.0,True
1113,1,False,False,230.0,1,1,142.18,75.88,1.0272238056792249,50.36711242986812,False,False,IND W TWFV 9_230,IND W TWFV 9,-101.9043,31.7983,Far West,1.0,True
1114,1,False,False,115.0,1,1,90.83,49.49,1.032541115349258,49.22379853390891,False,False,IND W TWFV 9_115,IND W TWFV 9,-101.9043,31.7983,Far West,1.0,True
1115,1,False,False,230.0,1,1,182.49,55.26,1.0395329956405996,53.36898310836544,False,False,IND W TWFV 10_230,IND W TWFV 10,-102.314,32.21,Far West,1.0,True
1116,1,False,False,115.0,1,1,81.15,55.04,1.016902786485904,50.00319736105236,False,False,IND W TWFV 10_115,IND W TWFV 10,-102.314,32.21,Far West,1.0,True
1117,1,False,False,230.0,1,1,197.47,28.72,1.0316851211177558,52.59310898176941,False,False,IND W TWFV 11_230,IND W TWFV 11,-102.1,32.271,Far West,1.0,True
1118,1,False,False,115.0,1,1,72.53,20.79,1.0247795056813134,50.006926030659535,False,False,IND W TWFV 11_115,IND W TWFV 11,-102.1,32.271,Far West,1.0,True
1119,1,False,False,230.0,1,1,152.36,-8.43,1.024866842376345,47.981408944668345,False,False,IND W TWFV 12_230,IND W TWFV 12,-101.28,32.173,Far West,1.0,True
1120,1,False,False,115.0,1,1,66.25,22.58,1.032847533182245,49.5399278940484,False,False,IND W TWFV 12_115,IND W TWFV 12,-101.28,32.173,Far West,1.0,True
1121,1,False,False,230.0,1,1,197.5,8.39,1.0257210307566005,52.151443404820725,False,False,IND W TWFV 13_230,IND W TWFV 13,-101.558,32.414,Far West,1.0,True
1122,1,False,False,115.0,1,1,66.8,26.41,1.0218282404677146,49.69901550671618,False,False,IND W TWFV 13_115,IND W TWFV 13,-101.558,32.414,Far West,1.0,True
1123,1,False,False,230.0,1,1,191.83,48.51,1.0276743424732262,50.42652631241941,False,False,IND W TWFV 14_230,IND W TWFV 14,-101.836,31.726,Far West,1.0,True
1124,1,False,False,115.0,1,1,81.1,19.25,1.0291010844012505,49.22088955253511,False,False,IND W TWFV 14_115,IND W TWFV 14,-101.836,31.726,Far West,1.0,True
1125,1,False,False,230.0,1,1,182.98,58.43,1.034487380212629,55.52517728538966,False,False,IND W TWFV 15_230,IND W TWFV 15,-102.78,31.939,Far West,1.0,True
1126,1,False,False,115.0,1,1,70.19,29.82,1.0282033607795946,56.493854161729615,False,False,IND W TWFV 15_115,IND W TWFV 15,-102.78,31.939,Far West,1.0,True
1127,1,False,False,230.0,1,1,172.59,54.0,1.0282541593752688,52.81874145602628,False,False,IND W TWFV 16_230,IND W TWFV 16,-101.826,32.411,Far West,1.0,True
1128,1,False,False,115.0,1,1,109.99,55.68,1.0492917859197557,52.92808695609683,False,False,IND W TWFV 16_115,IND W TWFV 16,-101.826,32.411,Far West,1.0,True
1129,1,False,False,230.0,1,1,177.24,45.1,1.0381919976445158,54.85085657936157,False,False,IND W TWFV 17_230,IND W TWFV 17,-102.426,31.865,Far West,1.0,True
1130,1,False,False,115.0,1,1,67.79,39.53,1.0311728310935244,53.24046303488496,False,False,IND W TWFV 17_115,IND W TWFV 17,-102.426,31.865,Far West,1.0,True
1131,1,False,False,230.0,1,1,153.87,23.8,1.0283097326433424,52.53393985807533,False,False,IND W TWFV 18_230,IND W TWFV 18,-101.902,32.309,Far West,1.0,True
1132,1,False,False,115.0,1,1,104.68,16.73,1.0369829080224946,51.31849263379803,False,False,IND W TWFV 18_115,IND W TWFV 18,-101.902,32.309,Far West,1.0,True
1133,1,False,False,230.0,1,1,152.56,83.09,1.0226454347912777,50.225388159645,False,False,IND W TWFV 19_230,IND W TWFV 19,-101.362,32.319,Far West,1.0,True
1134,1,False,False,115.0,1,1,52.39,-7.53,1.0368578392395866,49.94862268908524,False,False,IND W TWFV 19_115,IND W TWFV 19,-101.362,32.319,Far West,1.0,True
2001,2,False,False,161.0,2,1,87.84,22.68,1.0399999999999996,8.62530035794124,False,False,PARIS,PARIS 3,-95.538503,33.639774,North,1.0,True
2002,1,False,False,500.0,2,1,0.0,0.0,1.0400319104115012,1.5978004542005824,False,False,SAVOY,SAVOY,-96.367605,33.628143,North,1.0,True
2003,1,False,False,161.0,2,1,0.0,0.0,1.0402010711363927,0.6722404142306617,False,False,SAVOY,SAVOY,-96.367605,33.628143,North,1.0,True
2007,1,False,False,161.0,2,1,16.12,2.7,1.0336190853109384,5.940007588954794,False,False,HONEY GROVE,HONEY GROVE,-95.900109,33.615167,North,1.0,True
2008,1,False,False,161.0,2,1,12.43,2.28,1.0409465017666188,58.477483274367714,False,False,MEMPHIS,MEMPHIS,-100.512868,34.857258,North,1.0,True
2009,1,False,False,161.0,2,1,57.37,11.09,1.0426888528830542,25.337201795485804,False,False,IOWA PARK,IOWA PARK,-98.721096,33.973297,North,1.0,True
2010,1,False,False,161.0,2,1,67.54,16.15,1.0392838078223383,37.9775760443216,False,False,VERNON,VERNON 2,-99.4499348,34.1610722,North,1.0,True
2011,1,False,False,500.0,2,1,0.0,0.0,1.0445358996932343,53.92736546170045,False,False,PANHANDLE,PANHANDLE 2,-101.35485071428572,35.27871242857143,North,1.0,True
2012,1,False,False,161.0,2,1,0.0,0.0,1.0412855240229348,58.45985783363281,False,False,PANHANDLE,PANHANDLE 2,-101.35485071428572,35.27871242857143,North,1.0,True
2013,2,False,False,18.0,2,1,0.0,0.0,1.04,57.25828203504519,False,False,PANHANDLE,PANHANDLE 2,-101.35485071428572,35.27871242857143,North,1.0,True
2014,1,False,False,161.0,2,1,41.39,3.21,1.039011560937111,56.87462227412109,False,False,CHILDRESS,CHILDRESS,-100.4547365,34.413879,North,1.0,True
2015,1,False,False,161.0,2,1,8.75,1.33,1.0329973334965374,3.604185122315189,False,False,FORESTBURG,FORESTBURG,-97.445189,33.471617,North,1.0,True
2016,1,False,False,161.0,2,1,71.93,26.49,1.032818638126801,-2.980802679654426,False,False,SHERMAN,SHERMAN 3,-96.64523066666668,33.60477566666666,North,1.0,True
2017,1,False,False,500.0,2,1,0.0,0.0,1.0431120962147875,52.88305386971616,False,False,PANHANDLE,PANHANDLE 2,-101.35485071428572,35.27871242857143,North,1.0,True
2018,1,False,False,161.0,2,1,0.0,0.0,1.0346267773059088,56.247700281435215,False,False,PANHANDLE,PANHANDLE 2,-101.35485071428572,35.27871242857143,North,1.0,True
2019,2,False,False,20.0,2,1,0.0,0.0,1.04,56.56133355478267,False,False,PANHANDLE,PANHANDLE 2,-101.35485071428572,35.27871242857143,North,1.0,True
2020,1,False,False,161.0,2,1,47.97,13.59,1.0386591372261795,24.77732074496009,False,False,WICHITA FALLS,WICHITA FALLS 6,-98.50555385714286,33.89755828571428,North,1.0,True
2021,1,False,False,500.0,2,1,0.0,0.0,1.0439178622275151,4.916944075462275,False,False,PARIS,PARIS 3,-95.538503,33.639774,North,1.0,True
2022,1,False,False,161.0,2,1,13.39,3.28,1.0378687009799672,7.657450099492089,False,False,PARIS,PARIS 3,-95.538503,33.639774,North,1.0,True
2023,2,False,False,13.8,2,1,0.0,0.0,1.0400000000000005,8.636366796903543,False,False,PARIS,PARIS 3,-95.538503,33.639774,North,1.0,True
2024,2,False,False,13.8,2,1,0.0,0.0,1.0400000000000005,9.732192208886064,False,False,PARIS,PARIS 3,-95.538503,33.639774,North,1.0,True
2025,1,False,False,161.0,2,1,67.72,11.23,1.0387083623697924,24.91159483464166,False,False,WICHITA FALLS,WICHITA FALLS 6,-98.50555385714286,33.89755828571428,North,1.0,True
2026,1,False,False,161.0,2,1,27.71,6.82,1.029184714433572,52.22713276237552,False,False,WHEELER,WHEELER,-100.765905,35.830763,North,1.0,True
2027,1,False,False,161.0,2,1,6.35,1.01,1.0425250274464612,11.467398451561357,False,False,DEPORT,DEPORT,-95.3200515,33.474677,North,1.0,True
2028,1,False,False,161.0,2,1,19.06,4.03,1.0378459569568563,24.21231882496463,False,False,WICHITA FALLS,WICHITA FALLS 6,-98.50555385714286,33.89755828571428,North,1.0,True
2029,1,False,False,161.0,2,1,3.82,0.91,1.0433234614960332,58.35374994452423,False,False,SILVERTON,SILVERTON,-101.244172,34.371689,North,1.0,True
2030,1,False,False,161.0,2,1,70.51,12.28,1.0297034606382476,1.9303228924699047,False,False,BONHAM,BONHAM,-96.240654,33.708311,North,1.0,True
2031,1,False,False,161.0,2,1,9.44,2.4,1.0376873709601886,51.30359845958137,False,False,MATADOR,MATADOR,-100.384217,33.710684,North,1.0,True
2032,1,False,False,161.0,2,1,5.65,0.95,1.0343365975203331,6.359050366622167,False,False,ARTHUR CITY,ARTHUR CITY,-95.649137,33.857868,North,1.0,True
2033,1,False,False,161.0,2,1,19.65,3.93,1.0380797103536077,2.8334646891835766,False,False,LEONARD,LEONARD,-96.146489,33.500378,North,1.0,True
2034,1,False,False,161.0,2,1,7.41,1.15,1.0346734116692642,-1.3492310776253529,False,False,GORDONVILLE,GORDONVILLE,-96.839764,33.830932,North,1.0,True
2035,1,False,False,161.0,2,1,8.45,1.76,1.0372879342720072,37.89972281321595,False,False,KNOX CITY,KNOX CITY,-99.853667,33.431837,North,1.0,True
2036,1,False,False,161.0,2,1,66.08,11.78,1.0385565816064128,25.24948980693562,False,False,WICHITA FALLS,WICHITA FALLS 6,-98.50555385714286,33.89755828571428,North,1.0,True
2037,1,False,False,161.0,2,1,4.48,1.52,1.0424541081880752,5.503857037768529,False,False,LINDSAY,LINDSAY,-97.32958,33.54915,North,1.0,True
2038,1,False,False,161.0,2,1,4.19,3.26,1.0397355706587168,0.6411404888648824,False,False,ECTOR,ECTOR,-96.282897,33.55352,North,1.0,True
2039,1,False,False,161.0,2,1,8.26,1.58,1.0224946382387812,7.001039341902271,False,False,SUNSET,SUNSET,-97.751818,33.455991,North,1.0,True
2040,1,False,False,161.0,2,1,16.75,4.51,1.0386794482753894,8.30907864169391,False,False,CLARKSVILLE,CLARKSVILLE,-94.997258,33.663063,North,1.0,True
2041,1,False,False,161.0,2,1,0.0,0.0,1.0430775417983085,60.35508651844373,False,False,PANHANDLE,PANHANDLE 2,-101.35485071428572,35.27871242857143,North,1.0,True
2042,2,False,False,18.0,2,1,0.0,0.0,1.04,65.53592360135555,False,False,PANHANDLE,PANHANDLE 2,-101.35485071428572,35.27871242857143,North,1.0,True
2043,1,False,False,161.0,2,1,7.85,-0.63,1.0347998907327516,-1.3467210694330936,False,False,SADLER,SADLER,-96.839543,33.737974,North,1.0,True
2044,1,False,False,161.0,2,1,41.32,7.76,1.0353919989128235,-0.7172485275585478,False,False,WHITESBORO,WHITESBORO,-96.936121,33.743893,North,1.0,True
2045,1,False,False,161.0,2,1,23.61,6.4,1.0383718023719934,24.690269761519826,False,False,SHEPPARD AFB,SHEPPARD AFB,-98.509016,33.969523,North,1.0,True
2046,1,False,False,161.0,2,1,35.74,23.8,1.0346358730398697,-1.2743428271875146,False,False,POTTSBORO,POTTSBORO,-96.725989,33.800717,North,1.0,True
2047,1,False,False,161.0,2,1,20.15,4.24,1.0397589930901765,0.4391019924110041,False,False,BELLS,BELLS,-96.427874,33.623645,North,1.0,True
2048,1,False,False,161.0,2,1,9.44,1.82,1.0345903521570103,53.83911903392171,False,False,CROSBYTON,CROSBYTON,-100.967402,33.752201,North,1.0,True
2049,1,False,False,161.0,2,1,17.25,3.28,1.0360452554746142,34.75125392196786,False,False,ELECTRA,ELECTRA,-99.091918,33.9776965,North,1.0,True
2050,1,False,False,161.0,2,1,3.66,1.04,1.0427985610629598,12.285306402352903,False,False,PATTONVILLE,PATTONVILLE,-95.42519,33.39167,North,1.0,True
2051,1,False,False,161.0,2,1,33.68,5.06,1.0374019103585663,15.195214151125676,False,False,HENRIETTA,HENRIETTA,-98.202251,33.75849,North,1.0,True
2052,1,False,False,161.0,2,1,39.67,5.0,1.036976734949405,57.57246102285748,False,False,PANHANDLE,PANHANDLE 2,-101.35485071428572,35.27871242857143,North,1.0,True
2053,1,False,False,161.0,2,1,56.93,8.25,1.015636205730888,14.395901387491408,False,False,BOWIE,BOWIE,-97.95612,33.520572,North,1.0,True
2054,1,False,False,500.0,2,1,0.0,0.0,1.0401383461241127,23.835814490375817,False,False,WICHITA FALLS,WICHITA FALLS 6,-98.50555385714286,33.89755828571428,North,1.0,True
2055,1,False,False,161.0,2,1,90.64,1.75,1.0383029020462766,24.687503572156395,False,False,WICHITA FALLS,WICHITA FALLS 6,-98.50555385714286,33.89755828571428,North,1.0,True
2058,1,False,False,161.0,2,1,0.0,0.0,1.040441940937188,59.03091207859574,False,False,WHITE DEER,WHITE DEER,-101.2439,35.4789,North,1.0,True
2060,1,False,False,161.0,2,1,5.52,0.88,1.0336058469871106,6.066956272271507,False,False,ROXTON,ROXTON,-95.809701,33.576823,North,1.0,True
2061,1,False,False,161.0,2,1,0.0,0.0,1.0402999125458248,41.47083593611768,False,False,VERNON,VERNON 2,-99.4499348,34.1610722,North,1.0,True
2062,2,False,False,18.0,2,1,0.0,0.0,1.04,46.264542036404734,False,False,VERNON,VERNON 2,-99.4499348,34.1610722,North,1.0,True
2063,2,False,False,161.0,2,1,82.36,18.59,1.04,-0.7660897367873798,False,False,DENISON,DENISON 2,-96.519997,33.772613,North,1.0,True
2064,1,False,False,161.0,2,1,11.42,3.22,1.0351809773356648,6.811828187764689,False,False,SUMNER,SUMNER,-95.744327,33.745236,North,1.0,True
2065,1,False,False,161.0,2,1,103.15,22.2,1.0468966582101635,2.913416677302896,False,False,GAINESVILLE,GAINESVILLE,-97.17635,33.661583,North,1.0,True
2066,1,False,False,161.0,2,1,10.42,2.77,1.033288363976015,44.06360115867148,False,False,ASPERMONT,ASPERMONT,-100.245133,33.183064,North,1.0,True
2067,1,False,False,161.0,2,1,63.88,15.29,1.0383336923966096,24.966210010653885,False,False,WICHITA FALLS,WICHITA FALLS 6,-98.50555385714286,33.89755828571428,North,1.0,True
2068,1,False,False,161.0,2,1,7.81,1.63,1.0348619832629495,25.938065507593357,False,False,WINDTHORST,WINDTHORST,-98.360833,33.509722,North,1.0,True
2069,1,False,False,161.0,2,1,34.61,6.21,1.04555804040984,-3.969825090127905,False,False,HOWE,HOWE,-96.742245,33.450768,North,1.0,True
2070,1,False,False,161.0,2,1,0.0,0.0,1.032990120877534,25.59259938690546,False,False,ARCHER,ARCHER 2,-98.540972,33.494167000000004,North,1.0,True
2071,2,False,False,18.0,2,1,0.0,0.0,1.0400000000000005,31.52684808146802,False,False,ARCHER,ARCHER 2,-98.540972,33.494167000000004,North,1.0,True
2072,1,False,False,161.0,2,1,14.3,2.75,1.0367101743412808,-2.5767613316144664,False,False,COLLINSVILLE,COLLINSVILLE,-96.906575,33.537706,North,1.0,True
2073,1,False,False,161.0,2,1,0.0,0.0,1.0393360981578703,49.159957589237486,False,False,JAYTON,JAYTON,-100.56428,32.96736,North,1.0,True
2074,1,False,False,115.0,2,1,0.0,0.0,1.0364388855312694,51.95200749827825,False,False,JAYTON,JAYTON,-100.56428,32.96736,North,1.0,True
2076,2,False,False,24.0,2,1,0.0,0.0,1.0393360981578703,49.159957589237486,False,False,JAYTON,JAYTON,-100.56428,32.96736,North,1.0,True
2077,1,False,False,161.0,2,1,0.0,0.0,1.0427688412802731,7.457216305731667,False,False,MUENSTER,MUENSTER 1,-97.4002075,33.7184285,North,1.0,True
2078,2,False,False,13.8,2,1,0.0,0.0,1.0399999999999998,15.317890963118272,False,False,MUENSTER,MUENSTER 1,-97.4002075,33.7184285,North,1.0,True
2079,1,False,False,161.0,2,1,6.22,1.27,1.0291692774516832,44.27600331609966,False,False,PADUCAH,PADUCAH,-100.287247,33.994322,North,1.0,True
2080,1,False,False,161.0,2,1,27.45,13.98,1.03101938678882,11.132355147923947,False,False,NOCONA,NOCONA,-97.963802,33.793074,North,1.0,True
2081,1,False,False,161.0,2,1,4.54,1.26,1.0387326540399238,0.5594600409328924,False,False,DODD CITY,DODD CITY,-96.072156,33.615539,North,1.0,True
2082,2,False,False,161.0,2,1,66.45,16.73,1.04,25.206776583396863,False,False,WICHITA FALLS,WICHITA FALLS 6,-98.50555385714286,33.89755828571428,North,1.0,True
2083,2,False,False,20.0,2,1,0.0,0.0,1.0400000000000005,28.540259470243605,False,False,WICHITA FALLS,WICHITA FALLS 6,-98.50555385714286,33.89755828571428,North,1.0,True
2084,2,False,False,20.0,2,1,0.0,0.0,1.04,29.928456745307244,False,False,WICHITA FALLS,WICHITA FALLS 6,-98.50555385714286,33.89755828571428,North,1.0,True
2085,2,False,False,20.0,2,1,0.0,0.0,1.04,30.90221618270941,False,False,WICHITA FALLS,WICHITA FALLS 6,-98.50555385714286,33.89755828571428,North,1.0,True
2086,1,False,False,161.0,2,1,3.31,0.62,1.025378539312134,8.562442813571042,False,False,MONTAGUE,MONTAGUE,-97.687873,33.626904,North,1.0,True
2087,1,False,False,161.0,2,1,8.72,2.24,1.0409844528306085,49.58585636058765,False,False,SPUR,SPUR,-100.89286566666664,33.327416666666664,North,1.0,True
2088,1,False,False,161.0,2,1,0.0,0.0,1.032267325783909,25.236824452824465,False,False,ARCHER,ARCHER 2,-98.540972,33.494167000000004,North,1.0,True
2089,2,False,False,24.0,2,1,0.0,0.0,1.04,29.247177076586706,False,False,ARCHER,ARCHER 2,-98.540972,33.494167000000004,North,1.0,True
2090,1,False,False,161.0,2,1,2.42,0.69,1.0429849573865049,10.759003550520776,False,False,ANNONA,ANNONA,-94.890845,33.498221,North,1.0,True
2091,2,False,False,161.0,2,1,19.99,11.46,1.0400000000000005,34.277141448358854,False,False,SEYMOUR,SEYMOUR,-99.2898065,33.642922,North,1.0,True
2092,1,False,False,161.0,2,1,32.7,2.75,1.0390271979578976,-0.3356553353909967,False,False,DENISON,DENISON 2,-96.519997,33.772613,North,1.0,True
2093,1,False,False,161.0,2,1,0.0,0.0,1.042669226202889,59.76350263031648,False,False,PANHANDLE,PANHANDLE 2,-101.35485071428572,35.27871242857143,North,1.0,True
2096,1,False,False,500.0,2,1,0.0,0.0,1.0340858491528462,51.7752384322272,False,False,RALLS,RALLS 2,-101.482424,33.686171,Far West,1.0,True
2097,1,False,False,230.0,2,1,0.0,0.0,1.0303290018074869,54.69108946241218,False,False,RALLS,RALLS 2,-101.482424,33.686171,Far West,1.0,True
2098,1,False,False,161.0,2,1,0.0,0.0,1.034074355779085,54.42444168638348,False,False,RALLS,RALLS 2,-101.482424,33.686171,Far West,1.0,True
2099,2,False,False,18.0,2,1,0.0,0.0,1.0400000000000005,56.99133682835704,False,False,RALLS,RALLS 2,-101.482424,33.686171,Far West,1.0,True
2101,1,False,False,500.0,2,1,0.0,0.0,1.0376901557521725,0.7290257435227148,False,False,SHERMAN,SHERMAN 3,-96.64523066666668,33.60477566666666,North,1.0,True
2102,1,False,False,161.0,2,1,0.0,0.0,1.0370269784702169,-0.5226295141579432,False,False,SHERMAN,SHERMAN 3,-96.64523066666668,33.60477566666666,North,1.0,True
2103,2,False,False,20.0,2,1,0.0,0.0,1.04,5.240825679466202,False,False,SHERMAN,SHERMAN 3,-96.64523066666668,33.60477566666666,North,1.0,True
2104,2,False,False,20.0,2,1,0.0,0.0,1.0376901557521725,0.7290257435227148,False,False,SHERMAN,SHERMAN 3,-96.64523066666668,33.60477566666666,North,1.0,True
2105,2,False,False,20.0,2,1,0.0,0.0,1.0376901557521725,0.7290257435227148,False,False,SHERMAN,SHERMAN 3,-96.64523066666668,33.60477566666666,North,1.0,True
2106,2,False,False,161.0,2,1,25.46,13.25,1.0400000000000005,0.6798728711372386,False,False,WHITEWRIGHT,WHITEWRIGHT,-96.378894,33.498186,North,1.0,True
2107,1,False,False,161.0,2,1,133.2,21.01,1.0347066200918589,-1.0558036266674102,False,False,SHERMAN,SHERMAN 3,-96.64523066666668,33.60477566666666,North,1.0,True
2108,1,False,False,161.0,2,1,2.22,0.61,1.0382079018611563,35.71571769618271,False,False,ROCHESTER,ROCHESTER,-99.624257,33.345366,North,1.0,True
2109,1,False,False,161.0,2,1,53.41,-8.44,1.0395264672995486,24.579667275234826,False,False,BURKBURNETT,BURKBURNETT,-98.622467,34.103273,North,1.0,True
2110,1,False,False,161.0,2,1,14.76,2.43,1.04342044731159,6.932321691019155,False,False,MUENSTER,MUENSTER 1,-97.4002075,33.7184285,North,1.0,True
2111,1,False,False,161.0,2,1,19.81,8.84,1.0303199681557336,31.010378378647697,False,False,ARCHER CITY,ARCHER CITY,-98.884782,33.527396,North,1.0,True
2112,1,False,False,161.0,2,1,5.7,1.29,1.0351594513667668,21.42462491332651,False,False,PETROLIA,PETROLIA,-98.25932,34.008308,North,1.0,True
2113,1,False,False,500.0,2,1,0.0,0.0,1.0443397311544644,4.930226105825757,False,False,PARIS,PARIS 3,-95.538503,33.639774,North,1.0,True
2114,1,False,False,161.0,2,1,140.57,15.15,1.037694691686418,7.911358810567124,False,False,PARIS,PARIS 3,-95.538503,33.639774,North,1.0,True
2115,2,False,False,13.8,2,1,0.0,0.0,1.04,8.630555394576561,False,False,PARIS,PARIS 3,-95.538503,33.639774,North,1.0,True
2116,2,False,False,13.8,2,1,0.0,0.0,1.0400000000000005,6.334924607973238,False,False,PARIS,PARIS 3,-95.538503,33.639774,North,1.0,True
2117,2,False,False,13.8,2,1,0.0,0.0,1.04,10.66962937126988,False,False,PARIS,PARIS 3,-95.538503,33.639774,North,1.0,True
2118,2,False,False,13.8,2,1,0.0,0.0,1.0399999999999996,6.918025918202815,False,False,PARIS,PARIS 3,-95.538503,33.639774,North,1.0,True
2119,2,False,False,13.8,2,1,0.0,0.0,1.0400000000000005,7.824301147575638,False,False,PARIS,PARIS 3,-95.538503,33.639774,North,1.0,True
2120,2,False,False,13.8,2,1,0.0,0.0,1.0443397311544644,4.930226105825757,False,False,PARIS,PARIS 3,-95.538503,33.639774,North,1.0,True
2121,1,False,False,161.0,2,1,3.65,0.5,1.0402856685436694,9.096356525823728,False,False,BAGWELL,BAGWELL,-95.151966,33.801868,North,1.0,True
2122,1,False,False,161.0,2,1,11.41,1.9,1.0306996859083035,4.5471404973380665,False,False,TELEPHONE,TELEPHONE,-95.996823,33.778716,North,1.0,True
2123,1,False,False,161.0,2,1,0.0,0.0,1.0424562569970683,59.9861219314067,False,False,PANHANDLE,PANHANDLE 2,-101.35485071428572,35.27871242857143,North,1.0,True
2124,1,False,False,161.0,2,1,27.63,6.03,1.0319163586857978,-1.2990922771957911,False,False,VAN ALSTYNE,VAN ALSTYNE,-96.549913,33.43566,North,1.0,True
2125,1,False,False,161.0,2,1,4.36,1.15,1.0343803039387034,-2.488521614916362,False,False,TIOGA,TIOGA,-96.892724,33.464643,North,1.0,True
2126,1,False,False,161.0,2,1,14.34,4.03,1.0395960146446217,4.345666653646867,False,False,VALLEY VIEW,VALLEY VIEW,-97.128552,33.458028,North,1.0,True
2127,1,False,False,500.0,2,1,0.0,0.0,1.0515999871375217,46.70059936224349,False,True,MIAMI,MIAMI,-100.538611,35.653889,North,1.0,True
2128,1,False,False,161.0,2,1,0.0,0.0,1.0334641658326869,49.5551931122853,False,False,MIAMI,MIAMI,-100.538611,35.653889,North,1.0,True
2129,1,False,False,161.0,2,1,6.63,1.88,1.0370903676212986,0.5834274358726141,False,False,TRENTON,TRENTON,-96.311485,33.439125,North,1.0,True
2130,1,False,False,161.0,2,1,0.0,0.0,1.0359284232492914,34.528062540886104,False,False,HASKELL,HASKELL,-99.5687984,33.0957078,North,1.0,True
2131,1,False,False,115.0,2,1,23.0,-2.51,1.0312316210852377,36.50819644353937,False,False,HASKELL,HASKELL,-99.5687984,33.0957078,North,1.0,True
2133,1,False,False,161.0,2,1,8.33,1.61,1.0417300992297205,7.726524138605693,False,False,SAINT JO,SAINT JO,-97.535329,33.741367,North,1.0,True
3001,1,False,False,230.0,3,1,0.0,0.0,1.0412376321361203,-7.646573840232039,False,False,KERRVILLE,KERRVILLE,-99.163039,30.036701,West,1.0,True
3002,1,False,False,115.0,3,1,112.86,31.98,1.031322611307477,-7.359101754874752,False,False,KERRVILLE,KERRVILLE,-99.163039,30.036701,West,1.0,True
3003,1,False,False,115.0,3,1,0.0,0.0,1.037739274982873,42.68812129006479,False,False,SWEETWATER,SWEETWATER 4,-100.2940896,32.3397188,West,1.0,True
3004,2,False,False,18.0,3,1,0.0,0.0,1.04,48.68724291427754,False,False,SWEETWATER,SWEETWATER 4,-100.2940896,32.3397188,West,1.0,True
3005,1,False,False,115.0,3,1,7.78,3.09,1.0602589167379202,14.180175933964264,False,True,LEAKEY,LEAKEY,-99.682471,29.64447,West,1.0,True
3006,1,False,False,115.0,3,1,11.49,3.19,1.0336606687690737,38.74975043237846,False,False,HAMLIN,HAMLIN,-100.0652435,32.819086,West,1.0,True
3007,1,False,False,115.0,3,1,14.96,8.6,1.030779644088843,37.49271156607482,False,False,MERKEL,MERKEL 3,-100.09043266666669,32.36779933333333,West,1.0,True
3008,1,False,False,115.0,3,1,26.07,19.68,1.0493826078699409,32.389829708543154,False,False,COLEMAN,COLEMAN,-99.567791,31.736902,West,1.0,True
3009,1,False,False,115.0,3,1,14.41,3.55,1.0307306498472877,46.31154419636365,False,False,SONORA,SONORA,-100.56062,30.441414,West,1.0,True
3010,1,False,False,115.0,3,1,4.67,0.35,1.0324818010925747,16.37493075916681,False,False,CAMP WOOD,CAMP WOOD,-100.078588,29.6747,West,1.0,True
3011,1,False,False,115.0,3,1,31.35,11.3,1.0863982809907098,5.732011682449396,False,True,LLANO,LLANO,-98.918266,30.653746,West,1.0,True
3012,1,False,False,115.0,3,1,0.97,0.16,1.06839226193613,1.5838912296145633,False,True,WILLOW CITY,WILLOW CITY,-98.708714,30.437069,West,1.0,True
3013,1,False,False,115.0,3,1,64.56,18.29,1.0353515687123622,35.24630601056942,False,False,ABILENE,ABILENE 4,-99.70613471428572,32.45867642857143,West,1.0,True
3014,2,False,False,115.0,3,1,22.0,15.14,1.04,0.4210760572459823,False,False,KINGSLAND,KINGSLAND,-98.385422,30.731599,West,1.0,True
3015,1,False,False,115.0,3,1,5.36,1.52,1.04053187761304,45.98915468219807,False,False,ROSCOE,ROSCOE 6,-100.56760671428572,32.36118885714286,West,1.0,True
3016,1,False,False,115.0,3,1,0.0,0.0,1.0317453052294363,38.2840734978083,False,False,BLACKWELL,BLACKWELL,-100.2944545,32.227039,West,1.0,True
3017,2,False,False,18.0,3,1,0.0,0.0,1.04,45.26853242731393,False,False,BLACKWELL,BLACKWELL,-100.2944545,32.227039,West,1.0,True
3018,1,False,False,230.0,3,1,0.0,0.0,1.0339482537397346,48.54338093465123,False,False,CHRISTOVAL,CHRISTOVAL,-100.650967,31.066996,West,1.0,True
3019,1,False,False,115.0,3,1,0.0,0.0,1.0343308500036894,48.84158188732674,False,False,CHRISTOVAL,CHRISTOVAL,-100.650967,31.066996,West,1.0,True
3020,2,False,False,13.8,3,1,0.0,0.0,1.0399999999999998,53.69516364920788,False,False,CHRISTOVAL,CHRISTOVAL,-100.650967,31.066996,West,1.0,True
3021,1,False,False,115.0,3,1,1.94,0.55,1.039124618501317,40.17162718967274,False,False,LUEDERS,LUEDERS,-99.720186,32.783669,West,1.0,True
3022,1,False,False,115.0,3,1,35.1,-0.48,1.022123618794818,46.926021284805216,False,False,COLORADO CITY,COLORADO CITY,-100.890668,32.313261999999995,West,1.0,True
3023,1,False,False,115.0,3,1,10.41,0.56,1.0399925782568318,45.327905256972855,False,False,STAMFORD,STAMFORD,-99.850964,32.940911,West,1.0,True
3024,1,False,False,115.0,3,1,10.13,2.87,1.0314450130143256,47.75771092755186,False,False,ELDORADO,ELDORADO,-100.595464,30.883539,West,1.0,True
3025,1,False,False,115.0,3,1,16.95,1.84,1.0265144936134012,11.578348217947102,False,False,SAN SABA,SAN SABA,-98.763991,31.157093,West,1.0,True
3026,1,False,False,230.0,3,1,0.0,0.0,1.050582436531477,30.992248640995868,False,True,ABILENE,ABILENE 4,-99.70613471428572,32.45867642857143,West,1.0,True
3027,1,False,False,115.0,3,1,0.0,0.0,1.0361805351987756,34.21680879641547,False,False,ABILENE,ABILENE 4,-99.70613471428572,32.45867642857143,West,1.0,True
3028,2,False,False,18.0,3,1,0.0,0.0,1.050582436531477,30.992248640995868,False,True,ABILENE,ABILENE 4,-99.70613471428572,32.45867642857143,West,1.0,True
3029,1,False,False,115.0,3,1,4.87,3.73,1.0458079295867806,7.008623998080477,False,False,LOMETA,LOMETA,-98.376742,31.257224,West,1.0,True
3030,1,False,False,115.0,3,1,129.72,36.75,1.0393104045069783,47.18555831989133,False,False,SAN ANGELO,SAN ANGELO 1,-100.559245,31.4624622,West,1.0,True
3031,1,False,False,115.0,3,1,14.73,4.17,1.0293196173635164,35.61432598578613,False,False,TUSCOLA,TUSCOLA,-99.826041,32.274081,West,1.0,True
3032,1,False,False,115.0,3,1,72.86,53.15,1.0271470855324898,36.03495515373003,False,False,ABILENE,ABILENE 4,-99.70613471428572,32.45867642857143,West,1.0,True
3033,1,False,False,115.0,3,1,0.0,0.0,1.0437641157318875,64.99728193062599,False,False,SNYDER,SNYDER 1,-100.94008825,32.806441125,West,1.0,True
3034,2,False,False,22.0,3,1,0.0,0.0,1.04,71.85828485271999,False,False,SNYDER,SNYDER 1,-100.94008825,32.806441125,West,1.0,True
3035,1,False,False,115.0,3,1,6.17,0.98,0.9960857174007144,22.92374134712047,False,False,CHEROKEE,CHEROKEE,-99.079893,30.93982,West,1.0,True
3036,1,False,False,115.0,3,1,5.8,2.31,1.0124129178963863,24.79109551103616,False,False,RICHLAND SPRINGS,RICHLAND SPRINGS,-99.1872,31.5481,West,1.0,True
3037,1,False,False,230.0,3,1,0.0,0.0,1.03501548525123,47.10320934969711,False,False,ROSCOE,ROSCOE 6,-100.56760671428572,32.36118885714286,West,1.0,True
3038,1,False,False,115.0,3,1,0.0,0.0,1.0383164709904475,46.805190517329294,False,False,ROSCOE,ROSCOE 6,-100.56760671428572,32.36118885714286,West,1.0,True
3039,2,False,False,13.8,3,1,0.0,0.0,1.0400000000000005,49.95841754487712,False,False,ROSCOE,ROSCOE 6,-100.56760671428572,32.36118885714286,West,1.0,True
3040,1,False,False,115.0,3,1,14.61,4.14,1.036219576028714,39.768061126858434,False,False,BALLINGER,BALLINGER,-99.934162,31.738576,West,1.0,True
3041,1,False,False,230.0,3,1,0.0,0.0,1.035211090179413,42.62906882769611,False,False,SILVER,SILVER,-100.6917,32.05,West,1.0,True
3042,1,False,False,115.0,3,1,8.75,2.48,1.0351564180781745,44.75743897794141,False,False,SILVER,SILVER,-100.6917,32.05,West,1.0,True
3046,1,False,False,230.0,3,1,0.0,0.0,1.048439077601877,36.83547400240617,False,False,ROSCOE,ROSCOE 6,-100.56760671428572,32.36118885714286,West,1.0,True
3047,1,False,False,115.0,3,1,0.0,0.0,1.042866079796585,41.42411087417732,False,False,ROSCOE,ROSCOE 6,-100.56760671428572,32.36118885714286,West,1.0,True
3048,1,False,False,500.0,3,1,0.0,0.0,1.0250500605482096,24.454814495024884,False,False,ROSCOE,ROSCOE 6,-100.56760671428572,32.36118885714286,West,1.0,True
3049,1,False,False,115.0,3,1,12.94,3.0,1.0371427624708982,39.96230214756287,False,False,ANSON,ANSON,-99.8991875,32.803981,West,1.0,True
3050,1,False,False,230.0,3,1,0.0,0.0,1.0477924166700108,41.49125642646527,False,False,DEL RIO,DEL RIO,-100.967827,29.7051495,West,1.0,True
3051,1,False,False,115.0,3,1,283.46,41.17,1.052046027630941,40.367172046923095,False,True,DEL RIO,DEL RIO,-100.967827,29.7051495,West,1.0,True
3052,1,False,False,115.0,3,1,8.08,6.06,1.0771400841149044,2.244751780837364,False,True,HUNT,HUNT,-99.628211,30.095115,West,1.0,True
3053,1,False,False,230.0,3,1,0.0,0.0,1.0260254363378474,33.334111508844195,False,False,WINGATE,WINGATE,-100.1097475,32.1590745,West,1.0,True
3054,1,False,False,115.0,3,1,0.0,0.0,1.021171033966242,33.645378306353585,False,False,WINGATE,WINGATE,-100.1097475,32.1590745,West,1.0,True
3055,2,False,False,13.8,3,1,0.0,0.0,1.0260254363378474,33.334111508844195,False,False,WINGATE,WINGATE,-100.1097475,32.1590745,West,1.0,True
3056,2,False,False,13.8,3,1,0.0,0.0,1.0399999999999998,40.47991664043104,False,False,WINGATE,WINGATE,-100.1097475,32.1590745,West,1.0,True
3057,2,False,False,13.8,3,1,0.0,0.0,1.0260254363378474,33.334111508844195,False,False,WINGATE,WINGATE,-100.1097475,32.1590745,West,1.0,True
3058,1,False,False,230.0,3,1,0.0,0.0,1.0324934433490196,44.72164571123453,False,False,STERLING CITY,STERLING CITY 1,-100.98431625,31.875952,West,1.0,True
3059,1,False,False,115.0,3,1,0.0,0.0,1.0176130859976718,43.09812276141491,False,False,STERLING CITY,STERLING CITY 1,-100.98431625,31.875952,West,1.0,True
3060,2,False,False,18.0,3,1,0.0,0.0,1.04,51.86538996992651,False,False,STERLING CITY,STERLING CITY 1,-100.98431625,31.875952,West,1.0,True
3061,2,False,False,18.0,3,1,0.0,0.0,1.04,47.24144692992926,False,False,STERLING CITY,STERLING CITY 1,-100.98431625,31.875952,West,1.0,True
3062,2,False,False,18.0,3,1,0.0,0.0,1.04,46.22625019944013,False,False,STERLING CITY,STERLING CITY 1,-100.98431625,31.875952,West,1.0,True
3063,2,False,False,18.0,3,1,0.0,0.0,1.04,49.96635168374294,False,False,STERLING CITY,STERLING CITY 1,-100.98431625,31.875952,West,1.0,True
3064,1,False,False,115.0,3,1,0.0,0.0,1.043225421924634,45.14619505925522,False,False,ROSCOE,ROSCOE 6,-100.56760671428572,32.36118885714286,West,1.0,True
3065,2,False,False,18.0,3,1,0.0,0.0,1.04,47.1912610674067,False,False,ROSCOE,ROSCOE 6,-100.56760671428572,32.36118885714286,West,1.0,True
3066,1,False,False,115.0,3,1,26.93,6.24,1.032350443779636,40.66222124593482,False,False,BRADY,BRADY,-99.529678,31.25981966666667,West,1.0,True
3067,1,False,False,115.0,3,1,0.0,0.0,1.0338072690561626,39.64902489081203,False,False,TRENT,TRENT 1,-100.2242635,32.5474795,West,1.0,True
3068,2,False,False,20.0,3,1,0.0,0.0,1.0399999999999998,45.72673139010809,False,False,TRENT,TRENT 1,-100.2242635,32.5474795,West,1.0,True
3069,1,False,False,115.0,3,1,3.81,1.08,1.030791755005874,36.3006016579102,False,False,OVALO,OVALO,-99.753027,32.120249,West,1.0,True
3070,1,False,False,115.0,3,1,0.0,0.0,1.0308601761249856,36.45750108970443,False,False,NOLAN,NOLAN,-100.1,32.2878,West,1.0,True
3071,2,False,False,24.0,3,1,0.0,0.0,1.0399999999999998,39.17384592457154,False,False,NOLAN,NOLAN,-100.1,32.2878,West,1.0,True
3072,1,False,False,115.0,3,1,5.98,1.7,1.04029159165956,45.27298961277733,False,False,MILES,MILES,-100.113803,31.534768,West,1.0,True
3073,1,False,False,115.0,3,1,0.0,0.0,1.036787672595812,27.216771160052144,False,False,BRACKETTVILLE,BRACKETTVILLE 2,-100.40075675,29.326592,West,1.0,True
3074,2,False,False,13.8,3,1,0.0,0.0,1.04,34.95247667659351,False,False,BRACKETTVILLE,BRACKETTVILLE 2,-100.40075675,29.326592,West,1.0,True
3075,1,False,False,115.0,3,1,12.18,3.45,1.0713167548995426,12.13250823145846,False,True,MASON,MASON,-99.4009155,30.7904335,West,1.0,True
3076,1,False,False,115.0,3,1,10.79,3.06,1.0324313424855631,23.65154830299309,False,False,BRACKETTVILLE,BRACKETTVILLE 2,-100.40075675,29.326592,West,1.0,True
3077,1,False,False,115.0,3,1,68.66,19.45,1.0278390059489255,35.76493638007033,False,False,ABILENE,ABILENE 4,-99.70613471428572,32.45867642857143,West,1.0,True
3078,1,False,False,230.0,3,1,0.0,0.0,1.0314928070429603,47.87438586931069,False,False,HERMLEIGH,HERMLEIGH,-100.6728,32.5886,West,1.0,True
3079,1,False,False,161.0,3,1,0.0,0.0,1.0328440550101017,49.58150166199041,False,False,HERMLEIGH,HERMLEIGH,-100.6728,32.5886,West,1.0,True
3080,1,False,False,115.0,3,1,0.0,0.0,1.038906316073753,47.29769644603202,False,False,HERMLEIGH,HERMLEIGH,-100.6728,32.5886,West,1.0,True
3081,2,False,False,20.0,3,1,0.0,0.0,1.04,52.99993027926582,False,False,HERMLEIGH,HERMLEIGH,-100.6728,32.5886,West,1.0,True
3082,1,False,False,230.0,3,1,0.0,0.0,1.0333303427366818,34.91834454878651,False,False,MERKEL,MERKEL 3,-100.09043266666669,32.36779933333333,West,1.0,True
3083,1,False,False,115.0,3,1,0.0,0.0,1.0306682547943045,37.61205056991769,False,False,MERKEL,MERKEL 3,-100.09043266666669,32.36779933333333,West,1.0,True
3084,2,False,False,13.8,3,1,0.0,0.0,1.0333303427366818,34.91834454878651,False,False,MERKEL,MERKEL 3,-100.09043266666669,32.36779933333333,West,1.0,True
3085,1,False,False,115.0,3,1,0.0,0.0,1.0391175459051885,47.34556803680855,False,False,LORAINE,LORAINE 1,-100.727898,32.421184499999995,West,1.0,True
3086,2,False,False,13.2,3,1,0.0,0.0,1.0400000000000005,55.4238288118148,False,False,LORAINE,LORAINE 1,-100.727898,32.421184499999995,West,1.0,True
3087,2,False,False,13.2,3,1,0.0,0.0,1.0399999999999998,54.1345602471543,False,False,LORAINE,LORAINE 1,-100.727898,32.421184499999995,West,1.0,True
3088,1,False,False,230.0,3,1,0.0,0.0,1.0485216143072502,32.82398807005139,False,False,ABILENE,ABILENE 4,-99.70613471428572,32.45867642857143,West,1.0,True
3089,1,False,False,161.0,3,1,0.0,0.0,1.0412968762117716,32.966722182803224,False,False,ABILENE,ABILENE 4,-99.70613471428572,32.45867642857143,West,1.0,True
3091,1,False,False,115.0,3,1,0.0,0.0,1.0356847874274715,35.694801106895625,False,False,ABILENE,ABILENE 4,-99.70613471428572,32.45867642857143,West,1.0,True
3092,2,False,False,13.8,3,1,0.0,0.0,1.04,41.82127772260017,False,False,ABILENE,ABILENE 4,-99.70613471428572,32.45867642857143,West,1.0,True
3093,1,False,False,115.0,3,1,5.05,-0.09,1.0436065281225526,10.562455186067286,False,False,ROCKSPRINGS,ROCKSPRINGS,-100.286076,29.988092,West,1.0,True
3094,1,False,False,115.0,3,1,0.0,0.0,1.0304262950234413,36.88824492663873,False,False,MERKEL,MERKEL 3,-100.09043266666669,32.36779933333333,West,1.0,True
3095,2,False,False,18.0,3,1,0.0,0.0,1.0399999999999998,39.34472764066453,False,False,MERKEL,MERKEL 3,-100.09043266666669,32.36779933333333,West,1.0,True
3096,1,False,False,230.0,3,1,0.0,0.0,1.0323772499266533,57.7270228799804,False,False,FLUVANNA,FLUVANNA 2,-101.17026400000002,32.93510466666667,West,1.0,True
3097,1,False,False,115.0,3,1,0.0,0.0,1.0281289040022803,62.72088425873043,False,False,FLUVANNA,FLUVANNA 2,-101.17026400000002,32.93510466666667,West,1.0,True
3098,2,False,False,13.8,3,1,0.0,0.0,1.0400000000000005,64.97501616320753,False,False,FLUVANNA,FLUVANNA 2,-101.17026400000002,32.93510466666667,West,1.0,True
3099,1,False,False,115.0,3,1,18.22,0.97,1.0289325457810925,36.462746199402176,False,False,DYESS AFB,DYESS AFB,-99.90623,32.415823,West,1.0,True
3100,1,False,False,115.0,3,1,14.5,1.74,1.033499015299937,37.31273509534439,False,False,HAWLEY,HAWLEY,-99.830642,32.630473,West,1.0,True
3101,1,False,False,115.0,3,1,12.11,2.65,1.0399849576331424,3.283313787341666,False,False,BUCHANAN DAM,BUCHANAN DAM 2,-98.442333,30.843734,West,1.0,True
3102,1,False,False,115.0,3,1,80.44,45.22,1.035749208163059,35.125700157674075,False,False,ABILENE,ABILENE 4,-99.70613471428572,32.45867642857143,West,1.0,True
3103,1,False,False,115.0,3,1,39.46,11.14,1.0307494308509428,38.60418617375611,False,False,SWEETWATER,SWEETWATER 4,-100.2940896,32.3397188,West,1.0,True
3104,2,False,False,115.0,3,1,0.0,0.0,1.0388325115953672,0.5859922987975537,False,False,BUCHANAN DAM,BUCHANAN DAM 2,-98.442333,30.843734,West,1.0,True
3105,2,False,False,13.2,3,1,0.0,0.0,1.0388325115953672,0.5859922987975537,False,False,BUCHANAN DAM,BUCHANAN DAM 2,-98.442333,30.843734,West,1.0,True
3106,2,False,False,13.2,3,1,0.0,0.0,1.0399999999999998,4.274071376862959,False,False,BUCHANAN DAM,BUCHANAN DAM 2,-98.442333,30.843734,West,1.0,True
3107,1,False,False,115.0,3,1,16.75,4.21,1.0383231342159986,-5.790696508932281,False,False,INGRAM,INGRAM,-99.345011,30.159136,West,1.0,True
3108,1,False,False,115.0,3,1,23.52,6.66,1.030958540328831,1.1013248843716388,False,False,KEMPNER,KEMPNER,-98.01069,31.088158,West,1.0,True
3109,1,False,False,115.0,3,1,0.0,0.0,1.034284501454365,63.45087705423606,False,False,FLUVANNA,FLUVANNA 2,-101.17026400000002,32.93510466666667,West,1.0,True
3110,2,False,False,13.8,3,1,0.0,0.0,1.034284501454365,63.45087705423606,False,False,FLUVANNA,FLUVANNA 2,-101.17026400000002,32.93510466666667,West,1.0,True
3111,1,False,False,115.0,3,1,0.0,0.0,1.0386930644802566,46.186473424736064,False,False,STERLING CITY,STERLING CITY 1,-100.98431625,31.875952,West,1.0,True
3112,2,False,False,18.0,3,1,0.0,0.0,1.04,50.56364546774169,False,False,STERLING CITY,STERLING CITY 1,-100.98431625,31.875952,West,1.0,True
3113,2,False,False,18.0,3,1,0.0,0.0,1.0399999999999998,51.27090922603988,False,False,STERLING CITY,STERLING CITY 1,-100.98431625,31.875952,West,1.0,True
3114,1,False,False,115.0,3,1,147.71,62.3,1.0213313619130593,47.69615286217784,False,False,SAN ANGELO,SAN ANGELO 1,-100.559245,31.4624622,West,1.0,True
3115,2,False,False,115.0,3,1,11.55,4.7,1.0400000000000005,53.82789635730177,False,False,ROTAN,ROTAN,-100.524167,32.969722,West,1.0,True
3116,1,False,False,115.0,3,1,0.0,0.0,1.0413013441113137,62.54572783687003,False,False,SYNDER,SYNDER,-100.793333,32.718056,West,1.0,True
3117,2,False,False,13.8,3,1,0.0,0.0,1.04,66.33345220978612,False,False,SYNDER,SYNDER,-100.793333,32.718056,West,1.0,True
3119,1,False,False,115.0,3,1,0.0,0.0,1.0175157135838566,16.900585772334072,False,False,BRACKETTVILLE,BRACKETTVILLE 2,-100.40075675,29.326592,West,1.0,True
3120,2,False,False,13.8,3,1,0.0,0.0,1.0399999999999998,20.61498072124365,False,False,BRACKETTVILLE,BRACKETTVILLE 2,-100.40075675,29.326592,West,1.0,True
3121,1,False,False,115.0,3,1,0.0,0.0,1.0396447376627418,45.91334215994372,False,False,ROSCOE,ROSCOE 6,-100.56760671428572,32.36118885714286,West,1.0,True
3122,2,False,False,18.0,3,1,0.0,0.0,1.0400000000000005,47.437271820164426,False,False,ROSCOE,ROSCOE 6,-100.56760671428572,32.36118885714286,West,1.0,True
3123,1,False,False,115.0,3,1,123.65,-21.57,1.0414721319159057,23.30335967130861,False,False,UVALDE,UVALDE,-99.79466125,29.20340125,West,1.0,True
3124,1,False,False,115.0,3,1,64.54,18.29,1.0715912719596814,0.6956916647380479,False,True,FREDERICKSBURG,FREDERICKSBURG,-98.876683,30.280938,West,1.0,True
3125,1,False,False,115.0,3,1,177.47,25.86,1.0285656327015391,34.996519729528245,False,False,ABILENE,ABILENE 4,-99.70613471428572,32.45867642857143,West,1.0,True
3126,1,False,False,115.0,3,1,15.84,2.82,1.0454163447742255,23.11998631454955,False,False,SABINAL,SABINAL,-99.612368,29.291845,West,1.0,True
3127,1,False,False,115.0,3,1,0.0,0.0,1.0417017827598654,44.82813495252017,False,False,SWEETWATER,SWEETWATER 4,-100.2940896,32.3397188,West,1.0,True
3128,1,False,False,115.0,3,1,2.82,0.8,1.0392964391394532,46.860477440545225,False,False,LORAINE,LORAINE 1,-100.727898,32.421184499999995,West,1.0,True
3129,1,False,False,115.0,3,1,0.0,0.0,1.042306289290824,46.123270176988896,False,False,ROSCOE,ROSCOE 6,-100.56760671428572,32.36118885714286,West,1.0,True
3130,1,False,False,115.0,3,1,107.83,25.93,1.03598056283263,44.39828025830408,False,False,SAN ANGELO,SAN ANGELO 1,-100.559245,31.4624622,West,1.0,True
3131,1,False,False,115.0,3,1,0.0,0.0,1.028182565675866,35.997208034780115,False,False,TUSOCOLA,TUSOCOLA,-100.021667,32.303889,West,1.0,True
3132,1,False,False,115.0,3,1,9.56,2.71,1.0391044287840068,41.08207766995264,False,False,EDEN,EDEN,-99.9360515,31.18751,West,1.0,True
3133,1,False,False,230.0,3,1,0.0,0.0,1.0325468630138583,53.53984414757385,False,False,SNYDER,SNYDER 1,-100.94008825,32.806441125,West,1.0,True
3134,1,False,False,161.0,3,1,0.0,0.0,1.0369795649666589,52.7665107120347,False,False,SNYDER,SNYDER 1,-100.94008825,32.806441125,West,1.0,True
3136,1,False,False,115.0,3,1,46.96,13.3,1.036998515578791,63.93226841938832,False,False,SNYDER,SNYDER 1,-100.94008825,32.806441125,West,1.0,True
3137,1,False,False,115.0,3,1,0.0,0.0,1.0330676496262297,38.27794540182401,False,False,SWEETWATER,SWEETWATER 4,-100.2940896,32.3397188,West,1.0,True
3138,1,False,False,115.0,3,1,17.45,3.1,1.0493401850483928,30.994088056791448,False,False,MENARD,MENARD,-100.107479,30.897544,West,1.0,True
3139,1,False,False,115.0,3,1,27.96,4.23,1.0299471693605369,38.41653175968744,False,False,WINTERS,WINTERS,-100.165338,31.858516,West,1.0,True
3140,1,False,False,115.0,3,1,0.22,0.18,1.032660670924897,36.98057866121448,False,False,GOLDSBORO,GOLDSBORO,-99.69465,32.052075,West,1.0,True
3141,1,False,False,115.0,3,1,0.0,0.0,1.0392992547768405,43.45742046537147,False,False,SWEETWATER,SWEETWATER 4,-100.2940896,32.3397188,West,1.0,True
3142,1,False,False,115.0,3,1,7.79,2.0,1.0422780946714747,40.533795871458544,False,False,GOODFELLOW AFB,GOODFELLOW AFB,-100.15267,31.289523,West,1.0,True
3143,1,False,False,115.0,3,1,10.88,7.62,1.045195614020242,36.46966316533581,False,False,SANTA ANNA,SANTA ANNA,-99.380601,31.515316,West,1.0,True
3144,1,False,False,115.0,3,1,5.56,2.06,1.04322280909311,41.47186021222368,False,False,ROWENA,ROWENA,-99.682323,31.411505,West,1.0,True
3145,1,False,False,115.0,3,1,2.94,0.83,1.0341345688970809,39.68244353114913,False,False,TRENT,TRENT 1,-100.2242635,32.5474795,West,1.0,True
3146,1,False,False,115.0,3,1,21.09,3.41,1.0576955703934208,37.647986956514856,False,True,JUNCTION,JUNCTION,-100.06915,30.45867,West,1.0,True
3147,1,False,False,115.0,3,1,34.76,9.85,1.051010970347655,3.5876297113937152,False,True,LAMPASAS,LAMPASAS,-98.25934,31.102377,West,1.0,True
4002,1,False,False,115.0,4,1,1.01,0.61,1.0300605193209538,34.604778767603655,False,False,LAUGHLIN A F B,LAUGHLIN A F B,-100.777486,29.358523,South,1.0,True
4003,1,False,False,115.0,4,1,127.29,36.07,1.0359317915330848,18.688977469545325,False,False,EDINBURG,EDINBURG 3,-98.3163296,26.4391468,South,1.0,True
4004,1,False,False,230.0,4,1,0.0,0.0,1.0315299259710682,21.422930106858423,False,False,LAREDO,LAREDO 7,-99.3906115,27.588413625,South,1.0,True
4005,1,False,False,115.0,4,1,164.14,46.51,1.0271598443792016,20.72753737253736,False,False,LAREDO,LAREDO 7,-99.3906115,27.588413625,South,1.0,True
4006,1,False,False,115.0,4,1,2.75,1.28,1.0381139136503197,28.435088474991097,False,False,BRUNI,BRUNI 2,-98.883685,27.48301875,South,1.0,True
4007,2,False,False,115.0,4,1,98.79,52.04,1.0400000000000005,18.77408591390172,False,False,MCALLEN,MCALLEN 2,-98.27456266666668,26.232699,South,1.0,True
4008,1,False,False,115.0,4,1,32.49,9.21,1.0281481567214568,-8.428637809515564,False,False,POTEET,POTEET,-98.642309,29.079849,South,1.0,True
4009,1,False,False,115.0,4,1,0.0,0.0,1.0384833317633264,25.402655996387107,False,False,SARITA,SARITA 3,-97.61079925,27.13808725,South,1.0,True
4010,2,False,False,20.0,4,1,0.0,0.0,1.04,28.8458056207808,False,False,SARITA,SARITA 3,-97.61079925,27.13808725,South,1.0,True
4011,1,False,False,115.0,4,1,16.05,4.55,1.036336925898952,30.74272753175191,False,False,HEBBRONVILLE,HEBBRONVILLE,-98.8533165,27.140224,South,1.0,True
4012,1,False,False,115.0,4,1,13.74,6.82,1.045127342372613,18.44285472369693,False,False,PROGRESO,PROGRESO,-97.96214,26.083177,South,1.0,True
4013,1,False,False,115.0,4,1,92.35,20.03,1.0326385650186434,17.193057153774895,False,False,EDINBURG,EDINBURG 3,-98.3163296,26.4391468,South,1.0,True
4014,1,False,False,230.0,4,1,0.0,0.0,1.0303385497634612,20.19475877726565,False,False,EAGLE PASS,EAGLE PASS,-100.340209,28.587968,South,1.0,True
4015,1,False,False,115.0,4,1,159.81,45.28,1.0332551584784446,19.46034523795548,False,False,EAGLE PASS,EAGLE PASS,-100.340209,28.587968,South,1.0,True
4016,1,False,False,115.0,4,1,6.25,1.77,1.0328041142818063,-1.1304726311658726,False,False,CHARLOTTE,CHARLOTTE,-98.717634,28.790915,South,1.0,True
4017,1,False,False,115.0,4,1,89.56,25.38,1.031822988712752,9.357308407691058,False,False,CORPUS CHRISTI,CORPUS CHRISTI 4,-97.4230987368421,27.74350405263158,South,1.0,True
4018,1,False,False,115.0,4,1,3.32,2.02,1.0383021301993325,10.167741854465186,False,False,WOODSBORO,WOODSBORO,-97.444953,28.197778,South,1.0,True
4019,1,False,False,115.0,4,1,135.83,35.29,1.0387830931957018,20.859368994456275,False,False,MERCEDES,MERCEDES,-97.855505,26.160302,South,1.0,True
4020,1,False,False,115.0,4,1,117.81,42.76,1.0291730677329871,10.44247357828652,False,False,CORPUS CHRISTI,CORPUS CHRISTI 4,-97.4230987368421,27.74350405263158,South,1.0,True
4021,1,False,False,115.0,4,1,31.97,17.05,1.0382208052304165,22.551267323986544,False,False,EDCOUCH,EDCOUCH,-97.993045,26.376651,South,1.0,True
4022,1,False,False,115.0,4,1,5.56,1.58,1.0281410677478853,27.09046780728417,False,False,ENCINAL,ENCINAL,-99.399193,28.041684,South,1.0,True
4023,1,False,False,115.0,4,1,5.06,-0.94,1.0369441911350397,-4.517254512551846,False,False,MOORE,MOORE,-98.851298,28.941736,South,1.0,True
4024,1,False,False,230.0,4,1,0.0,0.0,1.03832431730666,6.354778447657607,False,False,CHRISTINE,CHRISTINE,-98.4775,28.7044,South,1.0,True
4025,1,False,False,115.0,4,1,0.0,0.0,1.0397755265385378,3.229714186588742,False,False,CHRISTINE,CHRISTINE,-98.4775,28.7044,South,1.0,True
4026,2,False,False,13.8,4,1,0.0,0.0,1.04,8.369664584007717,False,False,CHRISTINE,CHRISTINE,-98.4775,28.7044,South,1.0,True
4027,1,False,False,115.0,4,1,65.12,18.45,1.0392814650598892,19.141801972216165,False,False,MCALLEN,MCALLEN 2,-98.27456266666668,26.232699,South,1.0,True
4028,1,False,False,230.0,4,1,0.0,0.0,1.037719587221384,1.4263409807025045,False,False,FANNIN,FANNIN,-97.214167,28.7128,South,1.0,True
4029,1,False,False,115.0,4,1,0.0,0.0,1.0341935199381742,1.704472869896638,False,False,FANNIN,FANNIN,-97.214167,28.7128,South,1.0,True
4030,2,False,False,13.8,4,1,0.0,0.0,1.04,2.0650202957199992,False,False,FANNIN,FANNIN,-97.214167,28.7128,South,1.0,True
4031,1,False,False,115.0,4,1,2.75,0.78,1.03235952700259,28.68235799204535,False,False,SAN YGNACIO,SAN YGNACIO,-99.359609,27.0792565,South,1.0,True
4032,1,False,False,115.0,4,1,91.39,4.08,1.0307516676997963,12.839577624949044,False,False,KINGSVILLE,KINGSVILLE,-97.7704405,27.4987795,South,1.0,True
4033,1,False,False,115.0,4,1,126.25,35.77,1.02737846019498,24.163271598441543,False,False,LAREDO,LAREDO 7,-99.3906115,27.588413625,South,1.0,True
4034,1,False,False,115.0,4,1,37.64,10.66,1.0387549151716406,19.04923197302604,False,False,HIDALGO,HIDALGO,-98.241746,26.111189,South,1.0,True
4035,2,False,False,115.0,4,1,79.16,22.43,1.0399999999999998,9.985992897615969,False,False,CORPUS CHRISTI,CORPUS CHRISTI 4,-97.4230987368421,27.74350405263158,South,1.0,True
4036,1,False,False,115.0,4,1,35.07,14.07,1.029420875626058,20.19216248524611,False,False,CRYSTAL CITY,CRYSTAL CITY,-99.562652,28.888748,South,1.0,True
4037,1,False,False,115.0,4,1,28.72,12.53,1.0408699727239412,10.811694681264337,False,False,SINTON,SINTON,-97.522673,28.2078,South,1.0,True
4038,1,False,False,115.0,4,1,83.3,23.6,1.035780883670293,11.04709900795505,False,False,BEEVILLE,BEEVILLE,-97.8000875,28.41935,South,1.0,True
4039,1,False,False,230.0,4,1,0.0,0.0,1.041060385509885,19.21019724366756,False,False,MISSION,MISSION 4,-98.349756,26.24829825,South,1.0,True
4040,1,False,False,115.0,4,1,225.66,63.94,1.0396975284279857,18.9822649996007,False,False,MISSION,MISSION 4,-98.349756,26.24829825,South,1.0,True
4041,2,False,False,230.0,4,1,0.0,0.0,1.0380003946067518,18.741352082289865,False,False,SAN JUAN,SAN JUAN,-98.114039,26.230677,South,1.0,True
4042,1,False,False,115.0,4,1,215.18,60.97,1.0348135660182634,18.17935077011223,False,False,SAN JUAN,SAN JUAN,-98.114039,26.230677,South,1.0,True
4043,1,False,False,115.0,4,1,2.47,0.74,1.0410358062675515,36.63337489961342,False,False,FALCON HEIGHTS,FALCON HEIGHTS 2,-99.10145,26.603250000000003,South,1.0,True
4044,1,False,False,115.0,4,1,0.0,0.0,1.0357775592026668,29.89832042064073,False,False,FALCON HEIGHTS,FALCON HEIGHTS 2,-99.10145,26.603250000000003,South,1.0,True
4045,2,False,False,13.8,4,1,0.0,0.0,1.0399999999999998,33.32848190037203,False,False,FALCON HEIGHTS,FALCON HEIGHTS 2,-99.10145,26.603250000000003,South,1.0,True
4046,2,False,False,13.8,4,1,0.0,0.0,1.04,33.11317882250295,False,False,FALCON HEIGHTS,FALCON HEIGHTS 2,-99.10145,26.603250000000003,South,1.0,True
4047,2,False,False,13.8,4,1,0.0,0.0,1.04,32.08380404803134,False,False,FALCON HEIGHTS,FALCON HEIGHTS 2,-99.10145,26.603250000000003,South,1.0,True
4048,1,False,False,115.0,4,1,13.1,3.71,1.0356266603712476,22.46641482614244,False,False,LA JOYA,LA JOYA,-98.494493,26.242813,South,1.0,True
4049,1,False,False,115.0,4,1,0.0,0.0,1.041332673254043,23.923393531363928,False,False,SEBASTIAN,SEBASTIAN 2,-97.59928033333334,26.348161,South,1.0,True
4050,2,False,False,13.8,4,1,0.0,0.0,1.04,27.080811770807536,False,False,SEBASTIAN,SEBASTIAN 2,-97.59928033333334,26.348161,South,1.0,True
4051,1,False,False,115.0,4,1,89.39,25.33,1.0247490297300343,11.39746415054318,False,False,BISHOP,BISHOP,-97.7314385,27.5750945,South,1.0,True
4052,2,False,False,18.0,4,1,0.0,0.0,1.04,12.93802469836111,False,False,BISHOP,BISHOP,-97.7314385,27.5750945,South,1.0,True
4053,1,False,False,115.0,4,1,0.11,0.05,1.0332696562958188,22.78356723153606,False,False,ARMSTRONG,ARMSTRONG 2,-97.67189133333332,26.95126033333333,South,1.0,True
4054,1,False,False,115.0,4,1,5.6,-0.01,1.0384623012307013,10.827844629224598,False,False,SKIDMORE,SKIDMORE,-97.650894,28.246189,South,1.0,True
4055,1,False,False,115.0,4,1,17.01,-2.53,1.035979972479651,9.57970357110328,False,False,CORPUS CHRISTI,CORPUS CHRISTI 4,-97.4230987368421,27.74350405263158,South,1.0,True
4056,1,False,False,230.0,4,1,0.0,0.0,1.0386631538636495,13.260794670034556,False,False,GREGORY,GREGORY,-97.242778,27.882778,South,1.0,True
4057,1,False,False,115.0,4,1,0.0,0.0,1.0373939346185093,12.145008552234817,False,False,GREGORY,GREGORY,-97.242778,27.882778,South,1.0,True
4058,2,False,False,13.8,4,1,0.0,0.0,1.04,17.459689061622264,False,False,GREGORY,GREGORY,-97.242778,27.882778,South,1.0,True
4059,2,False,False,13.8,4,1,0.0,0.0,1.0400000000000005,14.027526090607031,False,False,GREGORY,GREGORY,-97.242778,27.882778,South,1.0,True
4060,2,False,False,13.8,4,1,0.0,0.0,1.0399999999999998,16.969287902951486,False,False,GREGORY,GREGORY,-97.242778,27.882778,South,1.0,True
4064,1,False,False,115.0,4,1,1.98,2.5,1.0406806391437615,10.551478397008816,False,False,CORPUS CHRISTI,CORPUS CHRISTI 4,-97.4230987368421,27.74350405263158,South,1.0,True
4065,2,False,False,18.0,4,1,0.0,0.0,1.04,13.748591002820357,False,False,CORPUS CHRISTI,CORPUS CHRISTI 4,-97.4230987368421,27.74350405263158,South,1.0,True
4066,1,False,False,115.0,4,1,191.53,54.27,1.039867743181685,17.45698857289229,False,False,WESLACO,WESLACO,-97.989155,26.158622,South,1.0,True
4067,2,False,False,115.0,4,1,159.46,103.21,1.0399999999999998,21.405613292918048,False,False,HARLINGEN,HARLINGEN 1,-97.77439,26.2062325,South,1.0,True
4068,2,False,False,115.0,4,1,27.99,13.21,1.0399999999999998,19.10062431562581,False,False,ELSA,ELSA,-98.0096,26.296101,South,1.0,True
4069,2,False,False,115.0,4,1,4.24,1.2,1.0400000000000005,9.983186432955774,False,False,CORPUS CHRISTI,CORPUS CHRISTI 4,-97.4230987368421,27.74350405263158,South,1.0,True
4070,1,False,False,230.0,4,1,0.0,0.0,1.0322936155276787,16.224165532052876,False,False,BROWNSVILLE,BROWNSVILLE 2,-97.4539215,25.94677375,South,1.0,True
4071,1,False,False,115.0,4,1,281.45,79.75,1.0234926502690886,15.953762265991305,False,False,BROWNSVILLE,BROWNSVILLE 2,-97.4539215,25.94677375,South,1.0,True
4072,1,False,False,115.0,4,1,51.71,17.47,1.034760824727296,9.36645558998454,False,False,CORPUS CHRISTI,CORPUS CHRISTI 4,-97.4230987368421,27.74350405263158,South,1.0,True
4073,1,False,False,230.0,4,1,0.0,0.0,1.0407305008234795,19.199525043272995,False,False,MISSION,MISSION 4,-98.349756,26.24829825,South,1.0,True
4074,1,False,False,115.0,4,1,0.0,0.0,1.0398924114154702,19.129595218818405,False,False,MISSION,MISSION 4,-98.349756,26.24829825,South,1.0,True
4075,2,False,False,24.0,4,1,0.0,0.0,1.04,20.887256045884225,False,False,MISSION,MISSION 4,-98.349756,26.24829825,South,1.0,True
4076,2,False,False,24.0,4,1,0.0,0.0,1.0407305008234795,19.199525043272995,False,False,MISSION,MISSION 4,-98.349756,26.24829825,South,1.0,True
4077,2,False,False,24.0,4,1,0.0,0.0,1.04,20.78075910806001,False,False,MISSION,MISSION 4,-98.349756,26.24829825,South,1.0,True
4078,1,False,False,115.0,4,1,84.07,23.82,1.034177725244133,9.383700817970048,False,False,CORPUS CHRISTI,CORPUS CHRISTI 4,-97.4230987368421,27.74350405263158,South,1.0,True
4079,1,False,False,115.0,4,1,171.21,48.51,1.0289428369118367,17.700410548964676,False,False,MISSION,MISSION 4,-98.349756,26.24829825,South,1.0,True
4080,1,False,False,230.0,4,1,0.0,0.0,1.0368756870920246,10.04336644774917,False,False,CORPUS CHRISTI,CORPUS CHRISTI 4,-97.4230987368421,27.74350405263158,South,1.0,True
4081,1,False,False,115.0,4,1,0.0,0.0,1.035757273408352,9.93608641291514,False,False,CORPUS CHRISTI,CORPUS CHRISTI 4,-97.4230987368421,27.74350405263158,South,1.0,True
4082,2,False,False,13.8,4,1,0.0,0.0,1.0400000000000005,12.105147070345048,False,False,CORPUS CHRISTI,CORPUS CHRISTI 4,-97.4230987368421,27.74350405263158,South,1.0,True
4083,2,False,False,13.8,4,1,0.0,0.0,1.0400000000000005,12.193756854172136,False,False,CORPUS CHRISTI,CORPUS CHRISTI 4,-97.4230987368421,27.74350405263158,South,1.0,True
4084,2,False,False,13.8,4,1,0.0,0.0,1.04,16.061552271778115,False,False,CORPUS CHRISTI,CORPUS CHRISTI 4,-97.4230987368421,27.74350405263158,South,1.0,True
4085,2,False,False,13.8,4,1,0.0,0.0,1.0399999999999996,13.657840232491669,False,False,CORPUS CHRISTI,CORPUS CHRISTI 4,-97.4230987368421,27.74350405263158,South,1.0,True
4086,1,False,False,115.0,4,1,19.87,14.79,1.039125946525165,22.179532108468656,False,False,RIO HONDO,RIO HONDO,-97.49144733333333,26.244685,South,1.0,True
4087,1,False,False,115.0,4,1,2.08,0.03,1.036164945548463,8.908648876495395,False,False,CORPUS CHRISTI,CORPUS CHRISTI 4,-97.4230987368421,27.74350405263158,South,1.0,True
4088,1,False,False,115.0,4,1,128.18,60.21,1.0398255456269194,19.13061064397805,False,False,PHARR,PHARR,-98.189714,26.149684,South,1.0,True
4089,1,False,False,115.0,4,1,8.6,-0.98,1.0384042162275646,20.575012539172604,False,False,SANTA ROSA,SANTA ROSA 1,-97.8237255,26.316918,South,1.0,True
4090,2,False,False,13.8,4,1,0.0,0.0,1.0400000000000005,22.44853210010176,False,False,SANTA ROSA,SANTA ROSA 1,-97.8237255,26.316918,South,1.0,True
4099,1,False,False,115.0,4,1,15.17,-0.24,1.0420346105662928,12.913236732312004,False,False,ODEM,ODEM,-97.743983,27.992706,South,1.0,True
4100,2,False,False,115.0,4,1,50.6,28.68,1.04,9.864515708660337,False,False,CORPUS CHRISTI,CORPUS CHRISTI 4,-97.4230987368421,27.74350405263158,South,1.0,True
4101,1,False,False,115.0,4,1,20.29,-2.53,1.035314083534307,26.2564699345296,False,False,LAREDO,LAREDO 7,-99.3906115,27.588413625,South,1.0,True
4102,2,False,False,115.0,4,1,24.17,14.0,1.0399999999999998,15.706066597944492,False,False,OLMITO,OLMITO,-97.52318,26.074676,South,1.0,True
4103,2,False,False,115.0,4,1,189.88,53.8,1.0400000000000005,19.01594326361447,False,False,EDINBURG,EDINBURG 3,-98.3163296,26.4391468,South,1.0,True
4104,1,False,False,115.0,4,1,0.0,0.0,1.0397617111391306,10.672683845578566,False,False,TAFT,TAFT 2,-97.351834,27.96312533333333,South,1.0,True
4105,2,False,False,18.0,4,1,0.0,0.0,1.0397617111391306,10.672683845578566,False,False,TAFT,TAFT 2,-97.351834,27.96312533333333,South,1.0,True
4106,1,False,False,115.0,4,1,37.55,10.64,1.0309476688955976,18.38177217225948,False,False,PORT ISABEL,PORT ISABEL,-97.377599,26.125979,South,1.0,True
4107,1,False,False,115.0,4,1,118.36,33.54,1.0351587390707315,17.88611222892939,False,False,DONNA,DONNA,-98.058657,26.1619,South,1.0,True
4108,1,False,False,115.0,4,1,28.34,8.03,1.0373740327486292,12.819018008379112,False,False,INGLESIDE,INGLESIDE,-97.258417,27.88929,South,1.0,True
4109,1,False,False,115.0,4,1,110.86,86.19,1.0164436372528896,8.52727705720825,False,False,CORPUS CHRISTI,CORPUS CHRISTI 4,-97.4230987368421,27.74350405263158,South,1.0,True
4110,1,False,False,115.0,4,1,57.35,16.25,1.0264920180578212,18.153225870496293,False,False,LOS FRESNOS,LOS FRESNOS,-97.271778,26.235,South,1.0,True
4111,2,False,False,115.0,4,1,104.08,29.37,1.04,20.80541533806184,False,False,HARLINGEN,HARLINGEN 1,-97.77439,26.2062325,South,1.0,True
4112,1,False,False,115.0,4,1,5.59,2.08,1.0341827891379558,16.40639581210475,False,False,RIVIERA,RIVIERA,-97.90137,27.139147,South,1.0,True
4113,1,False,False,230.0,4,1,0.0,0.0,1.0330641225598165,22.455853677761013,False,False,LAREDO,LAREDO 7,-99.3906115,27.588413625,South,1.0,True
4114,1,False,False,115.0,4,1,0.0,0.0,1.0292253836629426,23.711147857926512,False,False,LAREDO,LAREDO 7,-99.3906115,27.588413625,South,1.0,True
4115,2,False,False,13.8,4,1,0.0,0.0,1.0330641225598165,22.455853677761013,False,False,LAREDO,LAREDO 7,-99.3906115,27.588413625,South,1.0,True
4116,2,False,False,13.8,4,1,0.0,0.0,1.04,29.182550588846187,False,False,LAREDO,LAREDO 7,-99.3906115,27.588413625,South,1.0,True
4117,1,False,False,115.0,4,1,18.89,5.35,1.0382226923696478,2.40175882298679,False,False,JOURDANTON,JOURDANTON,-98.48596,28.764536,South,1.0,True
4118,1,False,False,115.0,4,1,13.88,3.93,1.0235255547139337,14.964649439111737,False,False,GEORGE WEST,GEORGE WEST,-98.143051,28.257475,South,1.0,True
4119,1,False,False,115.0,4,1,55.57,15.37,1.0350365576363925,29.752058728926112,False,False,ROMA,ROMA,-99.017108,26.523359,South,1.0,True
4120,1,False,False,115.0,4,1,46.52,-7.06,1.0373284092420865,9.641445667095098,False,False,CORPUS CHRISTI,CORPUS CHRISTI 4,-97.4230987368421,27.74350405263158,South,1.0,True
4121,2,False,False,115.0,4,1,4.11,1.16,1.04,20.80864922580693,False,False,SANTA MARIA,SANTA MARIA,-97.798453,26.100103,South,1.0,True
4122,1,False,False,115.0,4,1,146.11,78.73,1.032210038691813,17.386637124700584,False,False,MCALLEN,MCALLEN 2,-98.27456266666668,26.232699,South,1.0,True
4123,1,False,False,115.0,4,1,90.5,25.64,1.0201512210825554,8.885034212279509,False,False,CORPUS CHRISTI,CORPUS CHRISTI 4,-97.4230987368421,27.74350405263158,South,1.0,True
4124,1,False,False,115.0,4,1,24.38,5.4,1.034450502911952,17.514331277554827,False,False,FALFURRIAS,FALFURRIAS,-98.216213,26.880517,South,1.0,True
4125,1,False,False,115.0,4,1,4.5,1.28,1.0329242745404603,9.400775085304824,False,False,PETTUS,PETTUS,-97.8308125,28.6249795,South,1.0,True
4126,1,False,False,115.0,4,1,127.38,15.43,1.0346774234065708,15.900125007986068,False,False,BROWNSVILLE,BROWNSVILLE 2,-97.4539215,25.94677375,South,1.0,True
4127,1,False,False,115.0,4,1,87.29,24.73,1.0334735802992234,10.867055204406006,False,False,ALICE,ALICE,-98.07572,27.65992,South,1.0,True
4128,1,False,False,115.0,4,1,123.51,35.0,1.0382882809754046,19.476520734833773,False,False,RIO GRANDE CITY,RIO GRANDE CITY,-98.74585185714284,26.441022428571426,South,1.0,True
4129,1,False,False,115.0,4,1,17.4,4.81,1.0312496491202952,23.582774338140712,False,False,PREMONT,PREMONT,-98.496692,27.634419,South,1.0,True
4130,1,False,False,115.0,4,1,9.48,7.11,1.0228868973565195,20.59453453906427,False,False,FREER,FREER,-98.62897,27.835918,South,1.0,True
4131,1,False,False,230.0,4,1,0.0,0.0,1.0346383018779786,7.3155133118835485,False,False,PEARSALL,PEARSALL,-99.11781366666668,28.92295633333333,South,1.0,True
4132,1,False,False,115.0,4,1,33.09,5.87,1.0245722945276037,8.882675218616585,False,False,PEARSALL,PEARSALL,-99.11781366666668,28.92295633333333,South,1.0,True
4133,2,False,False,20.0,4,1,0.0,0.0,1.04,9.131678966378532,False,False,PEARSALL,PEARSALL,-99.11781366666668,28.92295633333333,South,1.0,True
4139,1,False,False,115.0,4,1,10.62,8.36,1.0321814274272367,15.022755712050827,False,False,SANDIA,SANDIA,-97.962915,28.093161,South,1.0,True
4140,1,False,False,230.0,4,1,0.0,0.0,1.0344985219922649,15.705754794125268,False,False,SARITA,SARITA 3,-97.61079925,27.13808725,South,1.0,True
4141,1,False,False,115.0,4,1,0.0,0.0,1.0341204736625773,16.091174425491896,False,False,SARITA,SARITA 3,-97.61079925,27.13808725,South,1.0,True
4143,1,False,False,115.0,4,1,14.36,4.07,1.0174943018581497,10.402190498591455,False,False,DILLEY,DILLEY,-99.191188,28.703396,South,1.0,True
4144,1,False,False,115.0,4,1,1.27,4.63,1.0332052999555306,16.370023665184885,False,False,ORANGE GROVE,ORANGE GROVE,-98.060187,27.986244,South,1.0,True
4145,1,False,False,115.0,4,1,36.56,14.13,1.0358031994979773,10.761352742407505,False,False,PORTLAND,PORTLAND,-97.384238,27.892132,South,1.0,True
4146,1,False,False,230.0,4,1,0.0,0.0,1.035144823729625,20.43796330354084,False,False,LAREDO,LAREDO 7,-99.3906115,27.588413625,South,1.0,True
4147,1,False,False,115.0,4,1,193.64,54.87,1.0289462841621029,22.35795263361872,False,False,LAREDO,LAREDO 7,-99.3906115,27.588413625,South,1.0,True
4148,1,False,False,115.0,4,1,14.1,4.15,1.015483278948193,15.911579913156858,False,False,THREE RIVERS,THREE RIVERS,-98.573186,28.310347,South,1.0,True
4149,1,False,False,115.0,4,1,61.36,17.38,1.0272618034285177,9.240794694511582,False,False,ROCKPORT,ROCKPORT,-97.19689,28.120701,South,1.0,True
4150,1,False,False,115.0,4,1,12.53,3.55,1.037048144082959,9.955218033437855,False,False,CORPUS CHRISTI,CORPUS CHRISTI 4,-97.4230987368421,27.74350405263158,South,1.0,True
4151,1,False,False,230.0,4,1,0.0,0.0,1.040281697646856,18.5255052591481,False,False,ARMSTRONG,ARMSTRONG 2,-97.67189133333332,26.95126033333333,South,1.0,True
4152,1,False,False,115.0,4,1,0.0,0.0,1.0327384701055164,23.60718718200883,False,False,ARMSTRONG,ARMSTRONG 2,-97.67189133333332,26.95126033333333,South,1.0,True
4153,2,False,False,18.0,4,1,0.0,0.0,1.0399999999999998,21.249241352579816,False,False,ARMSTRONG,ARMSTRONG 2,-97.67189133333332,26.95126033333333,South,1.0,True
4154,1,False,False,115.0,4,1,26.32,7.46,1.0338212177253134,21.439398053088546,False,False,PENITAS,PENITAS,-98.476164,26.321607,South,1.0,True
4155,1,False,False,115.0,4,1,19.45,5.51,1.0366657799975616,22.332191700440664,False,False,SULLIVAN CITY,SULLIVAN CITY,-98.567191,26.253727,South,1.0,True
4156,1,False,False,115.0,4,1,108.01,30.6,1.02594105536084,8.681865184763003,False,False,CORPUS CHRISTI,CORPUS CHRISTI 4,-97.4230987368421,27.74350405263158,South,1.0,True
4157,1,False,False,115.0,4,1,104.67,80.03,1.0262800773744158,17.374204870917577,False,False,MISSION,MISSION 4,-98.349756,26.24829825,South,1.0,True
4158,1,False,False,230.0,4,1,0.0,0.0,1.0362959952407105,12.602640518354386,False,False,CORPUS CHRISTI,CORPUS CHRISTI 4,-97.4230987368421,27.74350405263158,South,1.0,True
4159,1,False,False,115.0,4,1,36.18,10.25,1.0371033404169925,9.339901244858105,False,False,CORPUS CHRISTI,CORPUS CHRISTI 4,-97.4230987368421,27.74350405263158,South,1.0,True
4160,2,False,False,13.8,4,1,0.0,0.0,1.0362959952407105,12.602640518354386,False,False,CORPUS CHRISTI,CORPUS CHRISTI 4,-97.4230987368421,27.74350405263158,South,1.0,True
4161,2,False,False,13.8,4,1,0.0,0.0,1.04,17.422760407881427,False,False,CORPUS CHRISTI,CORPUS CHRISTI 4,-97.4230987368421,27.74350405263158,South,1.0,True
4162,2,False,False,13.8,4,1,0.0,0.0,1.04,18.467380304163072,False,False,CORPUS CHRISTI,CORPUS CHRISTI 4,-97.4230987368421,27.74350405263158,South,1.0,True
4164,1,False,False,115.0,4,1,2.03,0.57,1.0355683691899462,23.480051868536357,False,False,GRULLA,GRULLA,-98.654824,26.274827,South,1.0,True
4165,1,False,False,115.0,4,1,0.0,0.0,1.0396298603283591,25.021931779095567,False,False,SARITA,SARITA 3,-97.61079925,27.13808725,South,1.0,True
4166,2,False,False,13.8,4,1,0.0,0.0,1.04,27.97573509783513,False,False,SARITA,SARITA 3,-97.61079925,27.13808725,South,1.0,True
4167,1,False,False,115.0,4,1,5.31,1.5,1.0386206675169456,22.54667600124408,False,False,HARGILL,HARGILL,-97.921496,26.477435,South,1.0,True
4168,1,False,False,115.0,4,1,8.87,2.87,1.0374463473847555,9.454800346362262,False,False,CORPUS CHRISTI,CORPUS CHRISTI 4,-97.4230987368421,27.74350405263158,South,1.0,True
4169,1,False,False,115.0,4,1,27.68,1.68,1.0401177916359483,13.945165493841996,False,False,MATHIS,MATHIS,-97.817507,28.170179,South,1.0,True
4170,1,False,False,115.0,4,1,35.86,10.16,1.0287028892635683,11.180884927826044,False,False,ARANSAS PASS,ARANSAS PASS,-97.092196,27.873028,South,1.0,True
4171,1,False,False,115.0,4,1,167.63,47.5,1.0430442484234073,14.908798598889351,False,False,SAN BENITO,SAN BENITO,-97.629292,26.106086,South,1.0,True
4172,1,False,False,115.0,4,1,42.31,11.99,1.0307144037663294,-2.772695318151212,False,False,PLEASANTON,PLEASANTON,-98.428996,28.935779,South,1.0,True
4173,1,False,False,115.0,4,1,12.05,7.81,1.023218738246707,4.5411962217387245,False,False,REFUGIO,REFUGIO,-96.899059,28.291147,South,1.0,True
4174,1,False,False,115.0,4,1,19.16,5.43,1.0368166722598846,-12.039557094283184,False,False,LYTLE,LYTLE,-98.776694,29.203679,South,1.0,True
4175,1,False,False,115.0,4,1,3.16,0.97,1.0375197790213977,27.55093943640556,False,False,LAREDO,LAREDO 7,-99.3906115,27.588413625,South,1.0,True
4176,1,False,False,115.0,4,1,0.0,0.0,1.04076429265097,29.25833706491504,False,False,BRUNI,BRUNI 2,-98.883685,27.48301875,South,1.0,True
4177,2,False,False,13.8,4,1,0.0,0.0,1.04,32.087175609628666,False,False,BRUNI,BRUNI 2,-98.883685,27.48301875,South,1.0,True
4178,1,False,False,115.0,4,1,17.46,4.95,1.0358509394173354,5.1259045603240745,False,False,GOLIAD,GOLIAD,-97.49466233333334,28.47964933333333,South,1.0,True
4179,1,False,False,115.0,4,1,19.92,10.04,1.013438933209815,18.646737589706664,False,False,SAN DIEGO,SAN DIEGO,-98.385775,27.849558,South,1.0,True
4180,1,False,False,115.0,4,1,10.76,3.05,1.0268058454602065,10.183542054302054,False,False,PORT ARANSAS,PORT ARANSAS,-97.114983,27.777437,South,1.0,True
4181,1,False,False,230.0,4,1,0.0,0.0,1.0381808231413745,12.186416473937523,False,False,TAFT,TAFT 2,-97.351834,27.96312533333333,South,1.0,True
4182,1,False,False,115.0,4,1,22.68,6.43,1.0341583694837118,12.24130218148206,False,False,TAFT,TAFT 2,-97.351834,27.96312533333333,South,1.0,True
4183,1,False,False,230.0,4,1,0.0,0.0,1.036437354336515,15.96885478635154,False,False,SAN PERLITA,SAN PERLITA,-97.6450875,26.4880805,South,1.0,True
4184,1,False,False,115.0,4,1,0.0,0.0,1.0344078644748471,20.80232372869885,False,False,SAN PERLITA,SAN PERLITA,-97.6450875,26.4880805,South,1.0,True
4185,1,False,False,115.0,4,1,37.84,3.61,1.0313552024370696,28.782859442064886,False,False,ZAPATA,ZAPATA,-99.162765,26.930929,South,1.0,True
4186,1,False,False,115.0,4,1,24.25,6.61,1.0403501377465134,22.71389985296977,False,False,SANTA ROSA,SANTA ROSA 1,-97.8237255,26.316918,South,1.0,True
4187,1,False,False,115.0,4,1,15.06,-2.09,1.0141057894512284,21.83559701646024,False,False,COTULLA,COTULLA,-99.214344,28.293173,South,1.0,True
4188,1,False,False,115.0,4,1,2.97,0.84,1.03258764529846,17.755201765123232,False,False,QUEMADO,QUEMADO,-100.593386,28.951173,South,1.0,True
4189,1,False,False,115.0,4,1,29.89,8.47,1.007420157580197,16.428511995085206,False,False,CARRIZO SPRINGS,CARRIZO SPRINGS,-99.63215,28.4834915,South,1.0,True
4190,1,False,False,115.0,4,1,132.46,60.4,1.026369527500723,23.836546967780382,False,False,LAREDO,LAREDO 7,-99.3906115,27.588413625,South,1.0,True
4191,1,False,False,115.0,4,1,46.43,3.54,1.0321749592030585,20.84897044272339,False,False,RAYMONDVILLE,RAYMONDVILLE,-97.566721,26.545765,South,1.0,True
4192,1,False,False,230.0,4,1,0.0,0.0,1.0332448525768578,16.395916876474846,False,False,BROWNSVILLE,BROWNSVILLE 2,-97.4539215,25.94677375,South,1.0,True
4193,1,False,False,115.0,4,1,178.22,50.5,1.032467701760702,16.242753595024798,False,False,BROWNSVILLE,BROWNSVILLE 2,-97.4539215,25.94677375,South,1.0,True
4194,1,False,False,115.0,4,1,0.0,0.0,1.039861617961795,22.55823748724134,False,False,SEBASTIAN,SEBASTIAN 2,-97.59928033333334,26.348161,South,1.0,True
4195,1,False,False,500.0,4,1,0.0,0.0,1.0374280244754273,15.949849371210894,False,False,OILTON,OILTON,-99.005278,27.488056,South,1.0,True
4196,1,False,False,230.0,4,1,0.0,0.0,1.038637090334561,17.710942101906184,False,False,OILTON,OILTON,-99.005278,27.488056,South,1.0,True
4197,1,False,False,115.0,4,1,0.0,0.0,1.0347466132280716,24.48652048056286,False,False,OILTON,OILTON,-99.005278,27.488056,South,1.0,True
5003,1,False,False,161.0,5,1,113.64,40.82,1.026813607733047,-4.687250054195193,False,False,GARLAND,GARLAND 5,-96.6344372,32.9086048,North Central,1.0,True
5004,1,False,False,161.0,5,1,11.73,5.63,1.023695951861955,-0.6701273325960264,False,False,KERENS,KERENS,-96.329632,32.158265,North Central,1.0,True
5005,1,False,False,161.0,5,1,8.95,2.53,1.0305908043336631,11.794444867908638,False,False,LIPAN,LIPAN,-98.008849,32.527015,North Central,1.0,True
5006,1,False,False,161.0,5,1,118.83,28.39,1.025771093395662,-6.245762055370253,False,False,DALLAS,DALLAS 24,-96.80082027272728,32.808276409090915,North Central,1.0,True
5007,1,False,False,161.0,5,1,131.44,20.42,1.0387013534471934,0.1481476833311297,False,False,DENTON,DENTON 4,-97.13581333333332,33.210620166666665,North Central,1.0,True
5008,1,False,False,161.0,5,1,12.28,8.73,1.0348305795973587,26.42434044331512,False,False,ALBANY,ALBANY 2,-99.33232,32.77921550000001,North Central,1.0,True
5009,1,False,False,161.0,5,1,62.68,17.76,1.0283219057154054,-6.798350110630909,False,False,DALLAS,DALLAS 24,-96.80082027272728,32.808276409090915,North Central,1.0,True
5010,1,False,False,161.0,5,1,133.87,94.09,1.0318590826256155,-5.605538851330022,False,False,PLANO,PLANO 2,-96.73076228571428,33.04730142857143,North Central,1.0,True
5011,1,False,False,161.0,5,1,7.64,2.17,1.028148435655324,-2.051221476024576,False,False,THORNTON,THORNTON,-96.608952,31.299588,North Central,1.0,True
5012,2,False,False,161.0,5,1,151.19,20.81,1.0399999999999998,0.3166356932367937,False,False,DENTON,DENTON 4,-97.13581333333332,33.210620166666665,North Central,1.0,True
5013,1,False,False,161.0,5,1,19.34,5.48,1.0517205797067375,12.767545715974808,False,True,EARLY,EARLY,-98.805134,31.842565,North Central,1.0,True
5014,1,False,False,161.0,5,1,90.18,13.25,1.0271893422599283,2.458721937260401,False,False,DECATUR,DECATUR,-97.466582,33.243525500000004,North Central,1.0,True
5015,1,False,False,500.0,5,1,0.0,0.0,1.0259741049926705,3.927204040631936,False,False,KELLER,KELLER 2,-97.254531,32.926023,North Central,1.0,True
5016,1,False,False,161.0,5,1,227.15,51.33,1.0289709994880658,-0.760471812961383,False,False,KELLER,KELLER 2,-97.254531,32.926023,North Central,1.0,True
5017,1,False,False,161.0,5,1,23.69,3.93,1.0351754298900888,0.2786439000074795,False,False,PONDER,PONDER,-97.311628,33.198704,North Central,1.0,True
5018,1,False,False,500.0,5,1,0.0,0.0,1.024289902555941,17.98609719838488,False,False,JACKSBORO,JACKSBORO 1,-98.244763,33.097641,North Central,1.0,True
5019,1,False,False,161.0,5,1,0.0,0.0,1.0244774015060891,16.47557755915966,False,False,JACKSBORO,JACKSBORO 1,-98.244763,33.097641,North Central,1.0,True
5020,2,False,False,13.8,5,1,0.0,0.0,1.0399999999999998,19.831270756250877,False,False,JACKSBORO,JACKSBORO 1,-98.244763,33.097641,North Central,1.0,True
5021,1,False,False,500.0,5,1,0.0,0.0,1.0237921991054475,9.04387619516818,False,False,ALEDO,ALEDO 1,-97.572841,32.708154,North Central,1.0,True
5022,1,False,False,161.0,5,1,140.24,39.73,1.0281122381894647,4.391846553661296,False,False,ALEDO,ALEDO 1,-97.572841,32.708154,North Central,1.0,True
5024,1,False,False,161.0,5,1,50.92,25.17,1.0312645423791515,2.898904106489907,False,False,GATESVILLE,GATESVILLE 4,-97.73162625,31.4620585,North Central,1.0,True
5025,1,False,False,161.0,5,1,74.46,-7.29,1.0320864823134883,4.319234274298574,False,False,CLEBURNE,CLEBURNE 2,-97.458078,32.3380315,North Central,1.0,True
5026,1,False,False,161.0,5,1,104.38,20.15,1.0280652244486084,-1.857504514370777,False,False,FORT WORTH,FORT WORTH 14,-97.34008506896552,32.753233586206896,North Central,1.0,True
5027,1,False,False,161.0,5,1,74.13,5.09,1.0321394245012452,-1.6636073290512223,False,False,FORT WORTH,FORT WORTH 14,-97.34008506896552,32.753233586206896,North Central,1.0,True
5028,1,False,False,161.0,5,1,9.35,2.65,1.0280579278103972,-4.001202136278444,False,False,FORT WORTH,FORT WORTH 14,-97.34008506896552,32.753233586206896,North Central,1.0,True
5029,2,False,False,161.0,5,1,12.77,6.79,1.0400000000000005,1.228070338306246,False,False,TROY,TROY,-97.260738,31.291151,North Central,1.0,True
5030,1,False,False,161.0,5,1,79.61,9.1,1.0302604330748173,2.127735695064379,False,False,SPRINGTOWN,SPRINGTOWN,-97.6966,32.853068,North Central,1.0,True
5031,1,False,False,161.0,5,1,73.3,5.41,1.0308797408961314,-3.072977937161364,False,False,PRINCETON,PRINCETON,-96.483157,33.151747,North Central,1.0,True
5032,1,False,False,161.0,5,1,53.43,-4.58,1.0276573417002792,-5.987173178397261,False,False,DALLAS,DALLAS 24,-96.80082027272728,32.808276409090915,North Central,1.0,True
5033,1,False,False,500.0,5,1,0.0,0.0,1.0319814746817615,-0.7408065615141554,False,False,DALLAS,DALLAS 24,-96.80082027272728,32.808276409090915,North Central,1.0,True
5034,1,False,False,161.0,5,1,55.35,11.19,1.029773889613399,-3.25407731448694,False,False,DALLAS,DALLAS 24,-96.80082027272728,32.808276409090915,North Central,1.0,True
5043,1,False,False,161.0,5,1,68.1,19.29,1.026338829926429,-5.025081963879927,False,False,ROYSE CITY,ROYSE CITY,-96.375325,32.945503,North Central,1.0,True
5044,1,False,False,161.0,5,1,17.5,4.96,1.028233721987449,3.648954174002911,False,False,BOYD,BOYD,-97.597083,33.041942,North Central,1.0,True
5045,1,False,False,500.0,5,1,0.0,0.0,1.0244084312926107,11.811403723895806,False,False,STEPHENVILLE,STEPHENVILLE,-98.187624,32.1858615,North Central,1.0,True
5046,1,False,False,161.0,5,1,77.11,21.85,1.0285837637544142,11.577758494078328,False,False,STEPHENVILLE,STEPHENVILLE,-98.187624,32.1858615,North Central,1.0,True
5047,1,False,False,500.0,5,1,0.0,0.0,1.0296767293580975,3.536479588107264,False,False,MANSFIELD,MANSFIELD,-97.188374,32.503973,North Central,1.0,True
5048,1,False,False,161.0,5,1,334.74,178.62,1.016118252648926,0.2007680278507764,False,False,MANSFIELD,MANSFIELD,-97.188374,32.503973,North Central,1.0,True
5049,2,False,False,500.0,5,1,0.0,0.0,1.0400000000000005,0.9233435788995452,False,False,GREENVILLE,GREENVILLE 1,-96.12497666666668,33.113726,North Central,1.0,True
5050,1,False,False,161.0,5,1,81.69,18.57,1.0390161141076864,-2.2306445093267397,False,False,GREENVILLE,GREENVILLE 1,-96.12497666666668,33.113726,North Central,1.0,True
5051,2,False,False,22.0,5,1,0.0,0.0,1.0400000000000005,0.9233435788995448,False,False,GREENVILLE,GREENVILLE 1,-96.12497666666668,33.113726,North Central,1.0,True
5052,1,False,False,115.0,5,1,0.0,0.0,1.0304143449418586,3.696632842287034,False,False,GREENVILLE,GREENVILLE 1,-96.12497666666668,33.113726,North Central,1.0,True
5053,1,False,False,161.0,5,1,269.95,43.29,1.0204073697432168,-6.246836365145413,False,False,PLANO,PLANO 2,-96.73076228571428,33.04730142857143,North Central,1.0,True
5054,1,False,False,161.0,5,1,27.79,4.02,1.0251514669543702,-1.6770281007161392,False,False,GROESBECK,GROESBECK,-96.520013,31.503056,North Central,1.0,True
5055,1,False,False,500.0,5,1,0.0,0.0,1.0246493796932117,19.978840773098277,False,False,GRAHAM,GRAHAM,-98.7321385,33.1268065,North Central,1.0,True
5056,1,False,False,161.0,5,1,40.4,11.45,1.0209853156186286,19.792581382042123,False,False,GRAHAM,GRAHAM,-98.7321385,33.1268065,North Central,1.0,True
5057,2,False,False,13.8,5,1,0.0,0.0,1.0246493796932117,19.978840773098277,False,False,GRAHAM,GRAHAM,-98.7321385,33.1268065,North Central,1.0,True
5058,2,False,False,13.8,5,1,0.0,0.0,1.0246493796932117,19.978840773098277,False,False,GRAHAM,GRAHAM,-98.7321385,33.1268065,North Central,1.0,True
5059,1,False,False,161.0,5,1,0.0,0.0,1.0284410624125373,-0.0552909858397956,False,False,MABANK,MABANK 2,-96.092445,32.357217500000004,North Central,1.0,True
5060,1,False,False,115.0,5,1,61.86,12.39,1.0234913523656248,0.4279120478863607,False,False,MABANK,MABANK 2,-96.092445,32.357217500000004,North Central,1.0,True
5063,1,False,False,500.0,5,1,0.0,0.0,1.030795176660486,1.307391993810794,False,False,ARLINGTON,ARLINGTON 1,-97.12502636363637,32.69967490909091,North Central,1.0,True
5064,1,False,False,161.0,5,1,123.56,21.84,1.029448145505966,-2.3648916088543177,False,False,ARLINGTON,ARLINGTON 1,-97.12502636363637,32.69967490909091,North Central,1.0,True
5070,1,False,False,161.0,5,1,91.05,37.87,1.0261594289220743,-6.087754164864821,False,False,DALLAS,DALLAS 24,-96.80082027272728,32.808276409090915,North Central,1.0,True
5071,1,False,False,161.0,5,1,74.11,28.38,1.0318876845667309,2.9102398383209778,False,False,WACO,WACO 3,-97.145583,31.5590085,North Central,1.0,True
5072,1,False,False,161.0,5,1,104.72,20.5,1.024796928300159,-6.106824870127239,False,False,DALLAS,DALLAS 24,-96.80082027272728,32.808276409090915,North Central,1.0,True
5073,1,False,False,161.0,5,1,11.83,2.5,1.0436801099959845,17.742001154796117,False,False,BANGS,BANGS,-99.151374,31.706204,North Central,1.0,True
5074,1,False,False,161.0,5,1,60.1,9.0,1.023547149077032,-5.680865136371014,False,False,PROSPER,PROSPER,-96.807989,33.241902,North Central,1.0,True
5075,1,False,False,161.0,5,1,3.96,1.03,1.051518413321623,7.206635911788322,False,True,EVANT,EVANT,-98.049081,31.553908,North Central,1.0,True
5076,1,False,False,161.0,5,1,0.0,0.0,1.0344028625907578,-1.6642118518749585,False,False,TERRELL,TERRELL 1,-96.243079,32.788987000000006,North Central,1.0,True
5077,1,False,False,115.0,5,1,18.49,5.34,1.0469079939008783,-3.163505128155707,False,False,TERRELL,TERRELL 1,-96.243079,32.788987000000006,North Central,1.0,True
5078,1,False,False,161.0,5,1,84.07,18.82,1.0313764979483322,-1.6450324269166174,False,False,AUBREY,AUBREY,-96.990119,33.273449,North Central,1.0,True
5079,1,False,False,161.0,5,1,38.19,17.05,1.0387492797102469,2.870134299508428,False,False,WACO,WACO 3,-97.145583,31.5590085,North Central,1.0,True
5080,2,False,False,161.0,5,1,45.91,7.27,1.0400000000000005,3.7559506632199584,False,False,LORENA,LORENA,-97.21786,31.34904,North Central,1.0,True
5081,2,False,False,161.0,5,1,89.83,3.02,1.04,-1.7735513081943035,False,False,FORT HOOD,FORT HOOD,-97.845111,31.114983,North Central,1.0,True
5082,1,False,False,161.0,5,1,102.22,28.96,1.027631985522908,-4.142965442176674,False,False,ARLINGTON,ARLINGTON 1,-97.12502636363637,32.69967490909091,North Central,1.0,True
5083,1,False,False,500.0,5,1,0.0,0.0,1.032285534103811,-0.5556504747590407,False,False,MCKINNEY,MCKINNEY 3,-96.643077,33.194952,North Central,1.0,True
5084,1,False,False,161.0,5,1,224.2,94.93,1.0237305159747891,-4.660537650339279,False,False,MCKINNEY,MCKINNEY 3,-96.643077,33.194952,North Central,1.0,True
5085,1,False,False,161.0,5,1,51.3,14.54,1.0299145869827164,-5.2666101034431865,False,False,DALLAS,DALLAS 24,-96.80082027272728,32.808276409090915,North Central,1.0,True
5086,1,False,False,161.0,5,1,92.04,9.19,1.0242876815540296,-3.97929690354128,False,False,ARLINGTON,ARLINGTON 1,-97.12502636363637,32.69967490909091,North Central,1.0,True
5087,1,False,False,161.0,5,1,4.89,1.17,1.0283077745933942,0.2959227130190572,False,False,MILFORD,MILFORD,-97.06,32.139,North Central,1.0,True
5088,1,False,False,161.0,5,1,0.0,0.0,1.0400989793469335,8.003338455523613,False,False,CLIFTON,CLIFTON 1,-97.46203133333334,31.819786000000004,North Central,1.0,True
5089,2,False,False,13.8,5,1,0.0,0.0,1.0400989793469335,8.003338455523613,False,False,CLIFTON,CLIFTON 1,-97.46203133333334,31.819786000000004,North Central,1.0,True
5090,1,False,False,161.0,5,1,121.3,30.81,1.0309730971513065,-6.500670507897184,False,False,DALLAS,DALLAS 24,-96.80082027272728,32.808276409090915,North Central,1.0,True
5091,1,False,False,161.0,5,1,5.33,3.63,1.0301047680261226,2.3069844623928604,False,False,FROST,FROST,-96.807932,32.038687,North Central,1.0,True
5092,1,False,False,161.0,5,1,25.08,8.59,1.0278040596029845,0.0846039478729263,False,False,GRANDVIEW,GRANDVIEW,-97.16076,32.280923,North Central,1.0,True
5093,1,False,False,161.0,5,1,47.98,1.93,1.0439602689111909,-1.0122097203558127,False,False,HASLET,HASLET,-97.377255,32.986624,North Central,1.0,True
5094,1,False,False,161.0,5,1,2.66,1.39,1.0337765252458415,1.566410687583032,False,False,BARDWELL,BARDWELL,-96.706121,32.23256,North Central,1.0,True
5095,1,False,False,161.0,5,1,32.24,9.14,1.0303663200041124,-5.307326146690418,False,False,LAKE DALLAS,LAKE DALLAS,-97.005469,33.110351,North Central,1.0,True
5096,1,False,False,161.0,5,1,61.74,17.49,1.0288993644541535,-4.652226717371004,False,False,PLANO,PLANO 2,-96.73076228571428,33.04730142857143,North Central,1.0,True
5097,1,False,False,161.0,5,1,82.57,42.23,1.0275479461427957,-3.383926139213416,False,False,EULESS,EULESS 2,-97.0886755,32.837196,North Central,1.0,True
5098,1,False,False,161.0,5,1,227.2,61.37,1.0467079771490049,-1.619651687868605,False,False,FORT WORTH,FORT WORTH 14,-97.34008506896552,32.753233586206896,North Central,1.0,True
5099,1,False,False,161.0,5,1,67.63,42.9,1.0471119605476649,-4.07209128140296,False,False,FLOWER MOUND,FLOWER MOUND 2,-97.092488,33.0338,North Central,1.0,True
5100,1,False,False,161.0,5,1,22.45,2.6,1.028775182049663,-5.702926266766223,False,False,DALLAS,DALLAS 24,-96.80082027272728,32.808276409090915,North Central,1.0,True
5101,1,False,False,161.0,5,1,40.37,6.41,1.0470783878905523,12.419849735796255,False,False,COMANCHE,COMANCHE,-98.6525545,31.8568005,North Central,1.0,True
5102,1,False,False,500.0,5,1,0.0,0.0,1.0308718458582462,-1.3496176185104916,False,False,RICHARDSON,RICHARDSON 2,-96.7025715,32.983810000000005,North Central,1.0,True
5103,1,False,False,161.0,5,1,234.49,66.87,1.0258517691058564,-5.56878411523926,False,False,RICHARDSON,RICHARDSON 2,-96.7025715,32.983810000000005,North Central,1.0,True
5104,1,False,False,161.0,5,1,87.12,21.61,1.0217050708084383,-1.6945821723614032,False,False,FORT WORTH,FORT WORTH 14,-97.34008506896552,32.753233586206896,North Central,1.0,True
5105,1,False,False,161.0,5,1,205.94,29.83,1.028592762476099,-6.649934113025966,False,False,IRVING,IRVING 1,-96.9700122,32.8603614,North Central,1.0,True
5108,1,False,False,161.0,5,1,40.12,11.37,1.0457311222565269,-4.480212828313453,False,False,DALLAS,DALLAS 24,-96.80082027272728,32.808276409090915,North Central,1.0,True
5109,1,False,False,161.0,5,1,53.98,6.65,1.02384961821085,-4.587493958120059,False,False,LANCASTER,LANCASTER 1,-96.7651095,32.5902035,North Central,1.0,True
5110,1,False,False,161.0,5,1,3.44,0.97,1.017338311047958,13.09681724151188,False,False,PALO PINTO,PALO PINTO 2,-98.2935895,32.711098,North Central,1.0,True
5111,1,False,False,161.0,5,1,37.24,23.32,1.0274130768517686,-6.586893813290592,False,False,ADDISON,ADDISON,-96.838522,32.960047,North Central,1.0,True
5112,1,False,False,161.0,5,1,21.66,4.04,1.03637111074487,7.659800918494462,False,False,HICO,HICO,-97.8826,32.001481,North Central,1.0,True
5113,1,False,False,161.0,5,1,21.58,6.11,1.0323212655136187,2.301464164748581,False,False,KRUM,KRUM,-97.3420515,33.318023,North Central,1.0,True
5114,1,False,False,161.0,5,1,56.95,40.38,1.0175687760079837,-3.598345715493704,False,False,KAUFMAN,KAUFMAN,-96.255103,32.568801,North Central,1.0,True
5115,2,False,False,161.0,5,1,24.54,5.02,1.0399999999999996,-3.219506382321645,False,False,CADDO MILLS,CADDO MILLS,-96.239739,33.16114,North Central,1.0,True
5116,1,False,False,161.0,5,1,150.06,40.11,1.022558456914605,-6.7112572201240495,False,False,PLANO,PLANO 2,-96.73076228571428,33.04730142857143,North Central,1.0,True
5117,1,False,False,161.0,5,1,128.28,36.35,1.024042461741706,-3.473629819405528,False,False,FORT WORTH,FORT WORTH 14,-97.34008506896552,32.753233586206896,North Central,1.0,True
5118,1,False,False,161.0,5,1,15.16,2.45,1.033648381252793,22.970491022993738,False,False,BAIRD,BAIRD,-99.225355,32.359033,North Central,1.0,True
5119,1,False,False,161.0,5,1,4.4,1.25,1.0232062235394894,13.116815909605211,False,False,PERRIN,PERRIN,-98.053654,33.014983,North Central,1.0,True
5120,1,False,False,500.0,5,1,0.0,0.0,1.0153531064119017,16.247327683196406,False,False,BROWNWOOD,BROWNWOOD,-99.032891,31.748303,North Central,1.0,True
5121,1,False,False,161.0,5,1,76.66,-5.26,1.0366884856053498,16.64660060430293,False,False,BROWNWOOD,BROWNWOOD,-99.032891,31.748303,North Central,1.0,True
5122,1,False,False,161.0,5,1,65.0,18.42,1.0325755449391985,-6.423627447771247,False,False,DALLAS,DALLAS 24,-96.80082027272728,32.808276409090915,North Central,1.0,True
5123,1,False,False,161.0,5,1,0.0,0.0,1.0265925616121114,0.9725553929489144,False,False,MARLIN,MARLIN,-96.814239,31.202394,North Central,1.0,True
5124,1,False,False,115.0,5,1,26.69,18.88,1.02174716935763,1.2320707575360086,False,False,MARLIN,MARLIN,-96.814239,31.202394,North Central,1.0,True
5125,1,False,False,161.0,5,1,67.92,19.24,1.0283582919190966,-2.98469572919032,False,False,ARLINGTON,ARLINGTON 1,-97.12502636363637,32.69967490909091,North Central,1.0,True
5126,1,False,False,161.0,5,1,211.4,-14.41,1.028109602214686,-7.028766224335847,False,False,DALLAS,DALLAS 24,-96.80082027272728,32.808276409090915,North Central,1.0,True
5127,1,False,False,161.0,5,1,5.5,1.14,1.0415001384755744,6.870641651064093,False,False,JONESBORO,JONESBORO,-97.804426,31.769003,North Central,1.0,True
5128,1,False,False,161.0,5,1,90.51,-16.49,1.027416381493918,-6.111487148104557,False,False,DALLAS,DALLAS 24,-96.80082027272728,32.808276409090915,North Central,1.0,True
5129,1,False,False,161.0,5,1,18.33,3.18,1.0632927284840692,9.87984468604576,False,True,GOLDTHWAITE,GOLDTHWAITE 2,-98.44031233333334,31.441731,North Central,1.0,True
5130,1,False,False,161.0,5,1,141.19,108.23,1.0214079146421409,-6.087623317698451,False,False,PLANO,PLANO 2,-96.73076228571428,33.04730142857143,North Central,1.0,True
5131,1,False,False,500.0,5,1,0.0,0.0,1.0370728991136142,0.5483815234485955,False,False,BELTON,BELTON,-97.499909,31.051688,North Central,1.0,True
5132,1,False,False,161.0,5,1,102.52,29.05,1.0332353456286554,0.2216046948169489,False,False,BELTON,BELTON,-97.499909,31.051688,North Central,1.0,True
5133,1,False,False,161.0,5,1,12.16,-1.57,1.0322770392137823,10.251973877361566,False,False,TOLAR,TOLAR,-97.924354,32.362649,North Central,1.0,True
5134,1,False,False,161.0,5,1,26.98,20.02,1.0360524258915484,22.795687001397404,False,False,BRECKENRIDGE,BRECKENRIDGE,-98.892466,32.804272,North Central,1.0,True
5135,1,False,False,161.0,5,1,47.41,11.78,1.027995500056731,17.511773641996577,False,False,EASTLAND,EASTLAND,-98.66402,32.495875,North Central,1.0,True
5136,1,False,False,161.0,5,1,21.21,3.38,1.0325963682141837,5.831786302086163,False,False,COOPER,COOPER,-95.667897,33.457143,North Central,1.0,True
5137,1,False,False,500.0,5,1,0.0,0.0,1.0383768341332955,4.286464874529104,False,False,WACO,WACO 3,-97.145583,31.5590085,North Central,1.0,True
5138,1,False,False,161.0,5,1,183.03,31.37,1.036682950448396,3.067896288350433,False,False,WACO,WACO 3,-97.145583,31.5590085,North Central,1.0,True
5139,1,False,False,161.0,5,1,86.38,5.09,1.0345158924445703,-6.902309235023692,False,False,DALLAS,DALLAS 24,-96.80082027272728,32.808276409090915,North Central,1.0,True
5140,1,False,False,161.0,5,1,8.65,-0.89,1.0323729819759448,2.954735996546026,False,False,GATESVILLE,GATESVILLE 4,-97.73162625,31.4620585,North Central,1.0,True
5141,1,False,False,161.0,5,1,84.89,12.86,1.031140716383807,-2.157138426603286,False,False,ANNA,ANNA,-96.378479,33.321734,North Central,1.0,True
5142,1,False,False,161.0,5,1,20.87,10.57,1.0371947917227942,2.362902056661932,False,False,MOODY,MOODY,-97.390061,31.285086,North Central,1.0,True
5143,1,False,False,161.0,5,1,88.78,32.22,1.028779043291315,-2.8606366779192,False,False,FORT WORTH,FORT WORTH 14,-97.34008506896552,32.753233586206896,North Central,1.0,True
5144,1,False,False,161.0,5,1,73.43,20.8,1.0288780831674882,3.8837506614159776,False,False,WACO,WACO 3,-97.145583,31.5590085,North Central,1.0,True
5145,1,False,False,161.0,5,1,117.86,33.39,1.0257572823927696,-4.678366211334367,False,False,GRAND PRAIRIE,GRAND PRAIRIE 1,-97.010181,32.723688,North Central,1.0,True
5146,1,False,False,161.0,5,1,90.75,25.71,1.0265685366174215,-4.787227657046504,False,False,ROWLETT,ROWLETT 2,-96.553376,32.917961500000004,North Central,1.0,True
5147,1,False,False,161.0,5,1,108.12,30.63,1.020431246502062,-6.822602537835545,False,False,PLANO,PLANO 2,-96.73076228571428,33.04730142857143,North Central,1.0,True
5148,1,False,False,161.0,5,1,83.41,23.63,1.0281913146945048,-6.433850911557971,False,False,IRVING,IRVING 1,-96.9700122,32.8603614,North Central,1.0,True
5149,1,False,False,161.0,5,1,180.78,25.91,1.02687745213588,-6.756731526130084,False,False,DALLAS,DALLAS 24,-96.80082027272728,32.808276409090915,North Central,1.0,True
5150,1,False,False,161.0,5,1,4.38,1.41,1.0239244246553767,15.241767605901488,False,False,BRYSON,BRYSON 2,-98.3737215,33.2411135,North Central,1.0,True
5151,1,False,False,161.0,5,1,5.39,2.55,1.0419713448511094,7.153461874948966,False,False,MORGAN,MORGAN,-97.52976,31.988989,North Central,1.0,True
5152,1,False,False,161.0,5,1,60.98,-2.82,1.025798385112663,-5.191225406152722,False,False,SACHSE,SACHSE,-96.580883,32.969008,North Central,1.0,True
5153,1,False,False,161.0,5,1,15.98,4.53,1.0274631852573437,8.528726364936976,False,False,PARADISE,PARADISE,-97.723422,33.098727,North Central,1.0,True
5154,2,False,False,161.0,5,1,25.12,5.42,1.0389592297515975,7.184574129580778,False,False,RIO VISTA,RIO VISTA,-97.343521,32.116002,North Central,1.0,True
5155,1,False,False,161.0,5,1,3.83,1.05,1.0307450483364584,21.04430437994094,False,False,STRAWN,STRAWN,-98.666449,32.759373,North Central,1.0,True
5156,1,False,False,161.0,5,1,6.22,1.76,1.045412055172441,14.650789810638996,False,False,MAY-00,MAY,-98.927404,31.931233,North Central,1.0,True
5157,1,False,False,161.0,5,1,227.99,47.62,1.0259977617610687,-5.294805452540289,False,False,DESOTO,DESOTO,-96.864075,32.599427,North Central,1.0,True
5158,1,False,False,161.0,5,1,262.44,47.66,1.0372425266454803,-5.529648934284973,False,False,MESQUITE,MESQUITE 2,-96.601994,32.77155966666667,North Central,1.0,True
5159,1,False,False,161.0,5,1,18.67,2.28,1.0282373390341726,0.8259499044859769,False,False,ROSEBUD,ROSEBUD,-96.896708,31.037352,North Central,1.0,True
5160,1,False,False,161.0,5,1,69.13,-6.88,1.0365940606615618,-0.5482851056754477,False,False,DENTON,DENTON 4,-97.13581333333332,33.210620166666665,North Central,1.0,True
5161,1,False,False,161.0,5,1,199.65,-12.33,1.0381578457906169,-6.529526933915661,False,False,DALLAS,DALLAS 24,-96.80082027272728,32.808276409090915,North Central,1.0,True
5162,1,False,False,161.0,5,1,6.69,1.9,1.0361365490638927,4.4051690565303225,False,False,AXTELL,AXTELL,-96.955129,31.661047,North Central,1.0,True
5163,1,False,False,161.0,5,1,21.12,4.29,1.033113304826103,-1.1548275748815415,False,False,NOLANVILLE,NOLANVILLE,-97.604369,31.075955,North Central,1.0,True
5164,1,False,False,500.0,5,1,0.0,0.0,1.0298653279431942,3.14808482743291,False,False,DENTON,DENTON 4,-97.13581333333332,33.210620166666665,North Central,1.0,True
5165,1,False,False,161.0,5,1,80.57,15.73,1.0392349344442078,0.3357913737678896,False,False,DENTON,DENTON 4,-97.13581333333332,33.210620166666665,North Central,1.0,True
5166,2,False,False,13.8,5,1,0.0,0.0,1.0298653279431942,3.14808482743291,False,False,DENTON,DENTON 4,-97.13581333333332,33.210620166666665,North Central,1.0,True
5167,2,False,False,13.8,5,1,0.0,0.0,1.0298653279431942,3.14808482743291,False,False,DENTON,DENTON 4,-97.13581333333332,33.210620166666665,North Central,1.0,True
5168,1,False,False,161.0,5,1,125.67,37.68,1.0269683771778124,-6.89402863212463,False,False,DALLAS,DALLAS 24,-96.80082027272728,32.808276409090915,North Central,1.0,True
5169,1,False,False,161.0,5,1,0.0,0.0,1.0326270400245643,17.02565103926657,False,False,DUBLIN,DUBLIN 1,-98.4123355,32.20698,North Central,1.0,True
5170,2,False,False,18.0,5,1,0.0,0.0,1.04,20.89632503402697,False,False,DUBLIN,DUBLIN 1,-98.4123355,32.20698,North Central,1.0,True
5171,1,False,False,161.0,5,1,1.06,0.19,1.0339652417648757,3.822704499739608,False,False,MERTENS,MERTENS,-96.91458,32.043976,North Central,1.0,True
5172,1,False,False,161.0,5,1,74.24,23.52,1.0478043791311784,2.8634411119639407,False,False,WEATHERFORD,WEATHERFORD 1,-97.825534,32.762033333333335,North Central,1.0,True
5173,1,False,False,161.0,5,1,136.36,38.63,1.02049452088765,-6.261386805904026,False,False,PLANO,PLANO 2,-96.73076228571428,33.04730142857143,North Central,1.0,True
5174,2,False,False,161.0,5,1,6.83,1.22,1.0399999999999998,5.822430836364256,False,False,MALONE,MALONE,-96.8751,31.8932,North Central,1.0,True
5175,1,False,False,161.0,5,1,118.67,-8.89,1.036022919014328,-0.9440526365606362,False,False,DENTON,DENTON 4,-97.13581333333332,33.210620166666665,North Central,1.0,True
5176,1,False,False,161.0,5,1,14.01,-1.49,1.0204038604384662,14.547034594068396,False,False,GRAFORD,GRAFORD,-98.324274,32.904994,North Central,1.0,True
5177,1,False,False,161.0,5,1,171.89,36.66,1.020785167572903,-4.267486982009998,False,False,ARLINGTON,ARLINGTON 1,-97.12502636363637,32.69967490909091,North Central,1.0,True
5178,1,False,False,161.0,5,1,129.64,23.79,1.0275603676685643,-4.104746755339383,False,False,ROCKWALL,ROCKWALL 1,-96.4445225,32.897791,North Central,1.0,True
5179,1,False,False,500.0,5,1,0.0,0.0,1.0400044571876896,2.1093548157469013,False,False,CORSICANA,CORSICANA 2,-96.38666966666666,32.061173333333336,North Central,1.0,True
5180,1,False,False,161.0,5,1,90.44,44.94,1.0332126686862435,1.4144619024380929,False,False,CORSICANA,CORSICANA 2,-96.38666966666666,32.061173333333336,North Central,1.0,True
5181,1,False,False,161.0,5,1,251.53,50.5,1.024884889683492,-5.592842804666912,False,False,GARLAND,GARLAND 5,-96.6344372,32.9086048,North Central,1.0,True
5182,1,False,False,161.0,5,1,3.82,1.34,1.032360415242957,2.971204001579226,False,False,GATESVILLE,GATESVILLE 4,-97.73162625,31.4620585,North Central,1.0,True
5183,1,False,False,161.0,5,1,231.8,39.41,1.0250981018768386,-7.582198202200793,False,False,CARROLLTON,CARROLLTON 3,-96.88981733333333,33.00596633333333,North Central,1.0,True
5184,1,False,False,161.0,5,1,82.87,8.27,1.027580242367331,-2.983554310946188,False,False,FORT WORTH,FORT WORTH 14,-97.34008506896552,32.753233586206896,North Central,1.0,True
5185,1,False,False,161.0,5,1,26.79,7.29,1.0336353621609085,1.3118711364410267,False,False,RHOME,RHOME,-97.462793,33.093365,North Central,1.0,True
5186,1,False,False,161.0,5,1,24.98,12.5,1.0296502182620917,-1.25317017456727,False,False,VENUS,VENUS,-97.072628,32.452281,North Central,1.0,True
5187,1,False,False,161.0,5,1,29.11,4.37,1.0187502639988015,24.950100533830383,False,False,OLNEY,OLNEY 2,-98.81875,33.316907,North Central,1.0,True
5188,1,False,False,161.0,5,1,64.82,18.37,1.024243221351142,-6.265801965254232,False,False,CARROLLTON,CARROLLTON 3,-96.88981733333333,33.00596633333333,North Central,1.0,True
5189,1,False,False,161.0,5,1,78.84,23.15,1.029507223145988,-6.334166378075354,False,False,DALLAS,DALLAS 24,-96.80082027272728,32.808276409090915,North Central,1.0,True
5190,1,False,False,161.0,5,1,3.8,0.96,1.0230331947282534,11.433777965645325,False,False,GORDON,GORDON,-98.333604,32.587603,North Central,1.0,True
5191,1,False,False,161.0,5,1,8.33,2.15,1.045753199548361,7.125912968677601,False,False,MERIDIAN,MERIDIAN,-97.710123,31.916215,North Central,1.0,True
5192,1,False,False,500.0,5,1,0.0,0.0,1.038358812385651,0.0644759268350487,False,False,KILLEEN,KILLEEN 4,-97.7609485,31.05193475,North Central,1.0,True
5193,1,False,False,161.0,5,1,135.5,40.4,1.0358409979619978,-1.123024123525565,False,False,KILLEEN,KILLEEN 4,-97.7609485,31.05193475,North Central,1.0,True
5194,1,False,False,161.0,5,1,59.01,16.72,1.0311707657049336,-5.014360684224104,False,False,DUNCANVILLE,DUNCANVILLE 1,-96.914175,32.651936,North Central,1.0,True
5195,1,False,False,161.0,5,1,55.26,15.66,1.0373756310672066,-1.779317045907108,False,False,ARGYLE,ARGYLE,-97.173782,33.114675,North Central,1.0,True
5196,1,False,False,500.0,5,1,0.0,0.0,1.02353466777384,17.53209157055257,False,False,BRYSON,BRYSON 2,-98.3737215,33.2411135,North Central,1.0,True
5197,1,False,False,161.0,5,1,0.0,0.0,1.0234879374189938,16.323538889801576,False,False,BRYSON,BRYSON 2,-98.3737215,33.2411135,North Central,1.0,True
5198,2,False,False,18.0,5,1,0.0,0.0,1.02353466777384,17.53209157055257,False,False,BRYSON,BRYSON 2,-98.3737215,33.2411135,North Central,1.0,True
5199,1,False,False,161.0,5,1,42.96,6.89,1.0309635136785191,-2.4525492781242493,False,False,FORT WORTH,FORT WORTH 14,-97.34008506896552,32.753233586206896,North Central,1.0,True
5200,1,False,False,161.0,5,1,66.35,18.8,1.013867720440237,12.31510402234915,False,False,MINERAL WELLS,MINERAL WELLS,-98.126806,32.799602,North Central,1.0,True
5201,1,False,False,161.0,5,1,5.56,1.36,1.042354891534339,7.116711058138847,False,False,COOLIDGE,COOLIDGE,-96.818676,31.710422,North Central,1.0,True
5202,1,False,False,161.0,5,1,8.64,2.45,1.026651168345004,-0.751998052210152,False,False,RICE,RICE,-96.475509,32.229113,North Central,1.0,True
5203,1,False,False,161.0,5,1,147.01,41.65,1.0245960983101976,-6.409325137481595,False,False,DALLAS,DALLAS 24,-96.80082027272728,32.808276409090915,North Central,1.0,True
5204,1,False,False,500.0,5,1,0.0,0.0,1.0234327692010454,13.583220461561789,False,False,POOLVILLE,POOLVILLE,-97.93385,33.07965,North Central,1.0,True
5205,1,False,False,161.0,5,1,0.0,0.0,1.0254136519451618,12.036191890178747,False,False,POOLVILLE,POOLVILLE,-97.93385,33.07965,North Central,1.0,True
5206,2,False,False,13.8,5,1,0.0,0.0,1.0234327692010454,13.583220461561789,False,False,POOLVILLE,POOLVILLE,-97.93385,33.07965,North Central,1.0,True
5207,2,False,False,13.8,5,1,0.0,0.0,1.04,14.461737017614649,False,False,POOLVILLE,POOLVILLE,-97.93385,33.07965,North Central,1.0,True
5208,2,False,False,13.8,5,1,0.0,0.0,1.0234327692010454,13.583220461561789,False,False,POOLVILLE,POOLVILLE,-97.93385,33.07965,North Central,1.0,True
5209,1,False,False,161.0,5,1,3.59,1.02,1.0355993245254924,6.785800848649135,False,False,WALNUT SPRINGS,WALNUT SPRINGS,-97.736712,32.083522,North Central,1.0,True
5210,1,False,False,161.0,5,1,39.64,11.23,1.0287471836290445,-3.790656310073326,False,False,BEDFORD,BEDFORD 2,-97.1378,32.8418145,North Central,1.0,True
5211,1,False,False,161.0,5,1,8.38,1.96,1.038801599906816,4.635769791146871,False,False,HUBBARD,HUBBARD,-96.807276,31.848506,North Central,1.0,True
5212,1,False,False,161.0,5,1,33.89,9.6,1.021044089360359,-3.563662456527564,False,False,FERRIS,FERRIS,-96.678049,32.439873,North Central,1.0,True
5213,1,False,False,161.0,5,1,173.2,26.09,1.0244236921483107,-5.147216067644554,False,False,GARLAND,GARLAND 5,-96.6344372,32.9086048,North Central,1.0,True
5214,1,False,False,161.0,5,1,102.1,41.15,1.027108274508333,-5.974862903002905,False,False,DALLAS,DALLAS 24,-96.80082027272728,32.808276409090915,North Central,1.0,True
5215,1,False,False,161.0,5,1,29.14,2.01,1.0312244572546323,-3.0875269313543763,False,False,PILOT POINT,PILOT POINT,-96.933242,33.371246,North Central,1.0,True
5216,1,False,False,161.0,5,1,127.24,18.86,1.0264428857949266,-3.2935173966671107,False,False,FORT WORTH,FORT WORTH 14,-97.34008506896552,32.753233586206896,North Central,1.0,True
5217,1,False,False,161.0,5,1,165.7,28.43,1.0376758464910405,-3.4938460344677957,False,False,NORTH RICHLAND HILLS,NORTH RICHLAND HILLS 2,-97.2168395,32.863300499999994,North Central,1.0,True
5218,1,False,False,161.0,5,1,39.29,9.63,1.032753708580863,0.9521088126250472,False,False,JUSTIN,JUSTIN,-97.340499,33.099993,North Central,1.0,True
5219,2,False,False,161.0,5,1,16.72,3.78,1.0260674431526629,-4.034418475580552,False,False,SCURRY,SCURRY,-96.428985,32.533273,North Central,1.0,True
5220,1,False,False,161.0,5,1,47.39,11.47,1.0343066258234008,3.08731230014519,False,False,SANGER,SANGER,-97.213359,33.373051,North Central,1.0,True
5221,1,False,False,161.0,5,1,91.29,18.92,1.0337696617929248,-1.488344626430139,False,False,KILLEEN,KILLEEN 4,-97.7609485,31.05193475,North Central,1.0,True
5222,1,False,False,161.0,5,1,33.14,9.56,1.0192614828945443,-2.227816258608422,False,False,MABANK,MABANK 2,-96.092445,32.357217500000004,North Central,1.0,True
5223,1,False,False,161.0,5,1,60.24,9.86,1.0252431697184998,-0.9535511680923748,False,False,MEXIA,MEXIA,-96.468137,31.654919,North Central,1.0,True
5224,1,False,False,161.0,5,1,154.87,43.88,1.0228700336293486,-7.271074528275412,False,False,CARROLLTON,CARROLLTON 3,-96.88981733333333,33.00596633333333,North Central,1.0,True
5225,1,False,False,161.0,5,1,24.02,3.7,1.039709913263908,-3.096018371082051,False,False,NEVADA,NEVADA,-96.357203,33.030354,North Central,1.0,True
5226,1,False,False,161.0,5,1,5.49,1.04,1.0586066165138144,10.948099645678171,False,True,ZEPHYR,ZEPHYR,-98.776277,31.686677,North Central,1.0,True
5227,1,False,False,161.0,5,1,70.88,19.52,1.0242226640595458,-3.514870343980033,False,False,TERRELL,TERRELL 1,-96.243079,32.788987000000006,North Central,1.0,True
5228,1,False,False,161.0,5,1,91.66,13.96,1.0273851920853532,-4.815873579293971,False,False,DALLAS,DALLAS 24,-96.80082027272728,32.808276409090915,North Central,1.0,True
5229,1,False,False,161.0,5,1,43.94,12.45,1.0282632908867828,-5.880827051194677,False,False,DALLAS,DALLAS 24,-96.80082027272728,32.808276409090915,North Central,1.0,True
5230,1,False,False,161.0,5,1,66.37,18.81,1.029346172201982,-6.407950178261093,False,False,DALLAS,DALLAS 24,-96.80082027272728,32.808276409090915,North Central,1.0,True
5231,2,False,False,161.0,5,1,14.93,3.77,1.0447959395026665,9.52056766917524,False,False,HAMILTON,HAMILTON,-98.213739,31.738177,North Central,1.0,True
5232,1,False,False,161.0,5,1,99.8,14.16,1.0261509159701174,-3.915553361597597,False,False,ARLINGTON,ARLINGTON 1,-97.12502636363637,32.69967490909091,North Central,1.0,True
5233,1,False,False,161.0,5,1,98.77,27.99,1.0300460482971632,-4.658491012902888,False,False,EULESS,EULESS 2,-97.0886755,32.837196,North Central,1.0,True
5234,1,False,False,161.0,5,1,277.33,40.42,1.036256845790844,-5.709187493367182,False,False,FRISCO,FRISCO 1,-96.8232695,33.154732499999994,North Central,1.0,True
5235,1,False,False,161.0,5,1,32.82,-2.1,1.035029482651281,-0.9010712055444148,False,False,SALADO,SALADO,-97.59865,30.925736,North Central,1.0,True
5236,1,False,False,500.0,5,1,0.0,0.0,1.0294829438271913,21.09582814387012,False,False,OLNEY,OLNEY 2,-98.81875,33.316907,North Central,1.0,True
5237,1,False,False,161.0,5,1,0.0,0.0,1.0265351774986309,23.70095219856871,False,False,OLNEY,OLNEY 2,-98.81875,33.316907,North Central,1.0,True
5238,2,False,False,18.0,5,1,0.0,0.0,1.0294829438271913,21.09582814387013,False,False,OLNEY,OLNEY 2,-98.81875,33.316907,North Central,1.0,True
5239,1,False,False,500.0,5,1,0.0,0.0,1.0229613080196205,10.539933254611723,False,False,GOLDTHWAITE,GOLDTHWAITE 2,-98.44031233333334,31.441731,North Central,1.0,True
5240,1,False,False,161.0,5,1,0.0,0.0,1.0677197821672622,9.649330422125256,False,True,GOLDTHWAITE,GOLDTHWAITE 2,-98.44031233333334,31.441731,North Central,1.0,True
5241,1,False,False,115.0,5,1,0.0,0.0,1.049379483296072,9.741944410742851,False,False,GOLDTHWAITE,GOLDTHWAITE 2,-98.44031233333334,31.441731,North Central,1.0,True
5243,2,False,False,13.8,5,1,0.0,0.0,1.0229613080196205,10.539933254611723,False,False,GOLDTHWAITE,GOLDTHWAITE 2,-98.44031233333334,31.441731,North Central,1.0,True
5244,1,False,False,161.0,5,1,65.13,-4.13,1.030115031524211,-2.319069876997705,False,False,FORT WORTH,FORT WORTH 14,-97.34008506896552,32.753233586206896,North Central,1.0,True
5245,1,False,False,161.0,5,1,178.96,39.37,1.030529370947434,-5.752668269990568,False,False,GRAPEVINE,GRAPEVINE,-97.071545,32.925765,North Central,1.0,True
5246,1,False,False,161.0,5,1,21.21,-0.43,1.0349504439956432,6.7448637236926245,False,False,GLEN ROSE,GLEN ROSE 2,-97.790381,32.253423999999995,North Central,1.0,True
5247,1,False,False,161.0,5,1,3.82,0.92,1.037166738273942,6.945339282410765,False,False,KOPPERL,KOPPERL,-97.575601,32.117538,North Central,1.0,True
5248,1,False,False,161.0,5,1,155.19,28.62,1.0282001684999549,-3.7695531559583424,False,False,BEDFORD,BEDFORD 2,-97.1378,32.8418145,North Central,1.0,True
5249,1,False,False,161.0,5,1,132.72,23.53,1.0275829255116622,2.703564299023964,False,False,FORT WORTH,FORT WORTH 14,-97.34008506896552,32.753233586206896,North Central,1.0,True
5250,1,False,False,161.0,5,1,182.7,46.77,1.028845108595149,-4.519062307428082,False,False,DALLAS,DALLAS 24,-96.80082027272728,32.808276409090915,North Central,1.0,True
5251,1,False,False,161.0,5,1,123.12,34.88,1.0241016687421096,-5.276651745151208,False,False,GRAND PRAIRIE,GRAND PRAIRIE 1,-97.010181,32.723688,North Central,1.0,True
5252,1,False,False,161.0,5,1,80.8,22.89,1.0278429756393637,-6.632133551551592,False,False,DALLAS,DALLAS 24,-96.80082027272728,32.808276409090915,North Central,1.0,True
5253,1,False,False,161.0,5,1,126.68,35.89,1.0275018846464767,-4.089899285156044,False,False,FLOWER MOUND,FLOWER MOUND 2,-97.092488,33.0338,North Central,1.0,True
5254,1,False,False,161.0,5,1,160.33,23.5,1.0318019346587548,-2.5449977130199297,False,False,ROANOKE,ROANOKE,-97.22672,33.009335,North Central,1.0,True
5255,1,False,False,161.0,5,1,17.94,2.67,1.0184640080762946,12.48027242128104,False,False,MILLSAP,MILLSAP,-97.993148,32.704456,North Central,1.0,True
5256,1,False,False,161.0,5,1,1.3,0.16,1.0248844632982617,-1.056378441297212,False,False,FORRESTON,FORRESTON,-96.842324,32.237512,North Central,1.0,True
5257,1,False,False,161.0,5,1,14.16,2.8,1.0263318360737212,-0.0402691553246205,False,False,ITALY,ITALY,-96.85118,32.177712,North Central,1.0,True
5258,1,False,False,161.0,5,1,188.85,28.39,1.032425499668869,-2.5591256115109124,False,False,FORNEY,FORNEY,-96.4916,32.7563,North Central,1.0,True
5259,1,False,False,161.0,5,1,9.21,7.27,1.0332661048158511,-2.7634900446955712,False,False,LAVON,LAVON,-96.452481,33.068055,North Central,1.0,True
5260,1,False,False,500.0,5,1,0.0,0.0,1.032702871112017,7.678797684662586,False,False,GLEN ROSE,GLEN ROSE 2,-97.790381,32.253423999999995,North Central,1.0,True
5261,1,False,False,161.0,5,1,0.0,0.0,1.0338232074543892,6.519848357234801,False,False,GLEN ROSE,GLEN ROSE 2,-97.790381,32.253423999999995,North Central,1.0,True
5262,2,False,False,13.8,5,1,0.0,0.0,1.04,11.606807299273532,False,False,GLEN ROSE,GLEN ROSE 2,-97.790381,32.253423999999995,North Central,1.0,True
5263,2,False,False,13.8,5,1,0.0,0.0,1.0399999999999998,12.52697696520845,False,False,GLEN ROSE,GLEN ROSE 2,-97.790381,32.253423999999995,North Central,1.0,True
5264,1,False,False,161.0,5,1,23.59,14.09,1.0293418595169763,16.179299988885745,False,False,DE LEON,DE LEON,-98.552257,32.298594,North Central,1.0,True
5265,1,False,False,161.0,5,1,154.01,29.45,1.0295778431752445,-2.0526767272601885,False,False,KELLER,KELLER 2,-97.254531,32.926023,North Central,1.0,True
5266,1,False,False,161.0,5,1,156.16,38.57,1.0354509211438303,-5.199659619378681,False,False,CEDAR HILL,CEDAR HILL,-96.964675,32.580181,North Central,1.0,True
5267,1,False,False,161.0,5,1,42.45,7.33,1.0430279037533805,3.379299261805352,False,False,MC GREGOR,MC GREGOR,-97.531134,31.409518,North Central,1.0,True
5268,1,False,False,161.0,5,1,61.85,9.13,1.0339003191782408,8.962050968599264,False,False,COMMERCE,COMMERCE,-95.788968,33.316269,North Central,1.0,True
5269,1,False,False,161.0,5,1,86.96,24.64,1.0301881443144425,-0.9741933962843554,False,False,MIDLOTHIAN,MIDLOTHIAN 2,-97.0540165,32.448697,North Central,1.0,True
5270,1,False,False,161.0,5,1,26.75,6.35,1.035009467325874,4.537761033538709,False,False,WEST,WEST,-97.243292,31.816191,North Central,1.0,True
5271,1,False,False,161.0,5,1,14.78,2.83,1.0352476939394235,1.341085620978571,False,False,BARTLETT,BARTLETT,-97.291628,30.789254,North Central,1.0,True
5272,1,False,False,161.0,5,1,20.6,5.33,1.029600623686184,-6.275185276008294,False,False,DALLAS,DALLAS 24,-96.80082027272728,32.808276409090915,North Central,1.0,True
5273,1,False,False,161.0,5,1,116.0,32.87,1.0407629632990414,-6.897614363770543,False,False,COPPELL,COPPELL,-96.984664,32.963417,North Central,1.0,True
5274,1,False,False,161.0,5,1,11.87,3.36,1.0274929975546303,-4.286035775784006,False,False,WILMER,WILMER,-96.674333,32.605192,North Central,1.0,True
5275,1,False,False,161.0,5,1,8.7,1.35,1.0360800901094482,1.9903869640288692,False,False,DAWSON,DAWSON,-96.624458,31.85346,North Central,1.0,True
5276,1,False,False,161.0,5,1,10.54,2.99,1.0405118600774823,6.336963159636859,False,False,MART,MART,-96.84912,31.509216,North Central,1.0,True
5277,1,False,False,161.0,5,1,155.37,29.69,1.0272399671066432,-3.655633059448187,False,False,LITTLE ELM,LITTLE ELM,-96.950551,33.176495,North Central,1.0,True
5278,1,False,False,161.0,5,1,86.25,-16.01,1.0356949268196125,0.6360155569558981,False,False,TEMPLE,TEMPLE 2,-97.314427,31.08967366666667,North Central,1.0,True
5279,1,False,False,500.0,5,1,0.0,0.0,1.0384303305059437,0.9282612046501344,False,False,TEMPLE,TEMPLE 2,-97.314427,31.08967366666667,North Central,1.0,True
5280,1,False,False,161.0,5,1,153.79,26.81,1.0359500029330193,0.4712180441599347,False,False,TEMPLE,TEMPLE 2,-97.314427,31.08967366666667,North Central,1.0,True
5281,2,False,False,13.8,5,1,0.0,0.0,1.0384303305059437,0.9282612046501344,False,False,TEMPLE,TEMPLE 2,-97.314427,31.08967366666667,North Central,1.0,True
5282,2,False,False,13.8,5,1,0.0,0.0,1.04,2.646763205605,False,False,TEMPLE,TEMPLE 2,-97.314427,31.08967366666667,North Central,1.0,True
5283,2,False,False,13.8,5,1,0.0,0.0,1.0384303305059437,0.9282612046501344,False,False,TEMPLE,TEMPLE 2,-97.314427,31.08967366666667,North Central,1.0,True
5284,2,False,False,161.0,5,1,44.65,33.42,1.0399999999999998,-3.2620347143832387,False,False,QUINLAN,QUINLAN,-96.085998,32.986,North Central,1.0,True
5285,1,False,False,161.0,5,1,10.47,2.88,1.0230425891208197,8.70061320541312,False,False,CHICO,CHICO,-97.857678,33.315883,North Central,1.0,True
5286,1,False,False,161.0,5,1,36.89,8.55,1.0360779950302894,11.073865442043344,False,False,DUBLIN,DUBLIN 1,-98.4123355,32.20698,North Central,1.0,True
5287,1,False,False,161.0,5,1,245.56,96.22,1.0182737874915666,-5.840763894042264,False,False,ARLINGTON,ARLINGTON 1,-97.12502636363637,32.69967490909091,North Central,1.0,True
5288,1,False,False,161.0,5,1,22.43,3.86,1.0329849419171693,5.8850370042487095,False,False,WOLFE CITY,WOLFE CITY,-96.0140895,33.412679,North Central,1.0,True
5289,1,False,False,161.0,5,1,69.76,19.77,1.028751271964825,-6.475082691759543,False,False,DALLAS,DALLAS 24,-96.80082027272728,32.808276409090915,North Central,1.0,True
5290,2,False,False,161.0,5,1,30.34,8.57,1.0399999999999994,7.865007619112252,False,False,WHITNEY,WHITNEY,-97.3667,31.8694,North Central,1.0,True
5291,1,False,False,161.0,5,1,144.17,-13.98,1.035647625570508,-0.985651628880647,False,False,FORT WORTH,FORT WORTH 14,-97.34008506896552,32.753233586206896,North Central,1.0,True
5292,1,False,False,161.0,5,1,84.14,42.48,1.027568540391267,1.4457891729815755,False,False,FORT WORTH,FORT WORTH 14,-97.34008506896552,32.753233586206896,North Central,1.0,True
5293,1,False,False,161.0,5,1,62.97,17.84,1.0263221399942328,3.261062283100855,False,False,JOSHUA,JOSHUA,-97.539874,32.425936,North Central,1.0,True
5294,1,False,False,161.0,5,1,163.9,31.49,1.025325459864744,-6.963140643691609,False,False,DALLAS,DALLAS 24,-96.80082027272728,32.808276409090915,North Central,1.0,True
5295,1,False,False,500.0,5,1,0.0,0.0,1.0324443061341748,-0.7266557524012918,False,False,MCKINNEY,MCKINNEY 3,-96.643077,33.194952,North Central,1.0,True
5296,1,False,False,161.0,5,1,102.32,28.99,1.0313142426588335,-2.937537471057343,False,False,MCKINNEY,MCKINNEY 3,-96.643077,33.194952,North Central,1.0,True
5304,1,False,False,500.0,5,1,0.0,0.0,1.0324335746741395,-0.7079225266396506,False,False,ALLEN,ALLEN 1,-96.6508655,33.101957,North Central,1.0,True
5305,1,False,False,161.0,5,1,189.42,88.41,1.0280540083869631,-3.799048511521432,False,False,ALLEN,ALLEN 1,-96.6508655,33.101957,North Central,1.0,True
5306,1,False,False,161.0,5,1,40.81,11.56,1.0320881474250292,2.913732008002597,False,False,ALEDO,ALEDO 1,-97.572841,32.708154,North Central,1.0,True
5307,1,False,False,161.0,5,1,282.86,40.67,1.0292983370663562,-6.963403348978781,False,False,THE COLONY,THE COLONY,-96.912391,33.070292,North Central,1.0,True
5308,1,False,False,161.0,5,1,15.77,4.35,1.0313849238301998,-3.242949559291923,False,False,SUNNYVALE,SUNNYVALE,-96.5458,32.8358,North Central,1.0,True
5309,1,False,False,161.0,5,1,101.75,28.01,1.028787908296714,-6.539074729786862,False,False,DALLAS,DALLAS 24,-96.80082027272728,32.808276409090915,North Central,1.0,True
5310,1,False,False,161.0,5,1,77.66,31.37,1.0357432780121794,-3.676885796371239,False,False,FORT WORTH,FORT WORTH 14,-97.34008506896552,32.753233586206896,North Central,1.0,True
5311,1,False,False,161.0,5,1,40.96,11.61,1.0293867711370508,-6.655628908796119,False,False,DALLAS,DALLAS 24,-96.80082027272728,32.808276409090915,North Central,1.0,True
5312,1,False,False,161.0,5,1,134.76,23.18,1.027616153560649,1.687549263451365,False,False,AZLE,AZLE,-97.561179,32.900196,North Central,1.0,True
5313,1,False,False,161.0,5,1,16.12,8.41,1.0284406441435407,-3.9022864717120833,False,False,HUTCHINS,HUTCHINS,-96.695516,32.63852,North Central,1.0,True
5314,1,False,False,161.0,5,1,17.59,3.4,1.033011789084508,4.360341098937963,False,False,VALLEY MILLS,VALLEY MILLS,-97.506079,31.662159,North Central,1.0,True
5315,1,False,False,161.0,5,1,60.23,9.53,1.035884509684066,-0.2049484960419938,False,False,DENTON,DENTON 4,-97.13581333333332,33.210620166666665,North Central,1.0,True
5316,1,False,False,161.0,5,1,176.19,49.92,1.0449842948705064,-6.144777657797763,False,False,MESQUITE,MESQUITE 2,-96.601994,32.77155966666667,North Central,1.0,True
5317,1,False,False,500.0,5,1,0.0,0.0,1.0328112648609606,7.052052877061629,False,False,GRANBURY,GRANBURY 1,-97.69946625,32.40925625,North Central,1.0,True
5318,1,False,False,161.0,5,1,0.0,0.0,1.032054749210459,5.804191904136554,False,False,GRANBURY,GRANBURY 1,-97.69946625,32.40925625,North Central,1.0,True
5319,2,False,False,13.2,5,1,0.0,0.0,1.0328112648609606,7.052052877061629,False,False,GRANBURY,GRANBURY 1,-97.69946625,32.40925625,North Central,1.0,True
5320,2,False,False,13.2,5,1,0.0,0.0,1.0328112648609606,7.052052877061629,False,False,GRANBURY,GRANBURY 1,-97.69946625,32.40925625,North Central,1.0,True
5321,2,False,False,13.2,5,1,0.0,0.0,1.0328112648609606,7.052052877061629,False,False,GRANBURY,GRANBURY 1,-97.69946625,32.40925625,North Central,1.0,True
5322,1,False,False,500.0,5,1,0.0,0.0,1.0311698384009012,0.5519195597940186,False,False,DALLAS,DALLAS 24,-96.80082027272728,32.808276409090915,North Central,1.0,True
5323,1,False,False,161.0,5,1,404.05,62.17,1.0285515992244012,-4.057087839397808,False,False,DALLAS,DALLAS 24,-96.80082027272728,32.808276409090915,North Central,1.0,True
5324,2,False,False,13.8,5,1,0.0,0.0,1.0400000000000005,3.0977786466054207,False,False,DALLAS,DALLAS 24,-96.80082027272728,32.808276409090915,North Central,1.0,True
5325,2,False,False,13.8,5,1,0.0,0.0,1.0400000000000005,6.392437599653573,False,False,DALLAS,DALLAS 24,-96.80082027272728,32.808276409090915,North Central,1.0,True
5326,2,False,False,13.8,5,1,0.0,0.0,1.0400000000000005,3.545576321298929,False,False,DALLAS,DALLAS 24,-96.80082027272728,32.808276409090915,North Central,1.0,True
5327,1,False,False,161.0,5,1,6.32,1.14,1.0425247570840257,7.124969335726796,False,False,MOUNT CALM,MOUNT CALM,-96.828196,31.77471,North Central,1.0,True
5328,1,False,False,161.0,5,1,14.39,3.86,1.041654959829392,5.542022434932752,False,False,RIESEL,RIESEL 2,-96.93121275,31.43308425,North Central,1.0,True
5329,1,False,False,161.0,5,1,232.95,42.0,1.0235289100317524,-5.84364514557867,False,False,DALLAS,DALLAS 24,-96.80082027272728,32.808276409090915,North Central,1.0,True
5330,1,False,False,161.0,5,1,77.76,18.35,1.0282977886480122,-3.4021793691709123,False,False,ARLINGTON,ARLINGTON 1,-97.12502636363637,32.69967490909091,North Central,1.0,True
5331,1,False,False,161.0,5,1,26.36,7.47,1.0229021945888794,-4.575641368725384,False,False,CELINA,CELINA,-96.752977,33.338899,North Central,1.0,True
5332,1,False,False,161.0,5,1,85.12,24.12,1.0370706993930334,-1.5666816390674585,False,False,FORT WORTH,FORT WORTH 14,-97.34008506896552,32.753233586206896,North Central,1.0,True
5333,1,False,False,161.0,5,1,126.49,30.63,1.022736296085529,-4.475881270786006,False,False,RED OAK,RED OAK,-96.807315,32.521773,North Central,1.0,True
5334,1,False,False,161.0,5,1,28.02,6.78,1.0336267302712585,24.62160461348453,False,False,CLYDE,CLYDE,-99.518879,32.2664,North Central,1.0,True
5335,1,False,False,161.0,5,1,166.71,47.23,1.0360033294652589,-6.865797893171586,False,False,IRVING,IRVING 1,-96.9700122,32.8603614,North Central,1.0,True
5336,1,False,False,161.0,5,1,98.28,-11.95,1.0278899423773076,-4.282470634051383,False,False,ROWLETT,ROWLETT 2,-96.553376,32.917961500000004,North Central,1.0,True
5337,1,False,False,161.0,5,1,18.78,5.32,1.025917427070971,15.76100844333809,False,False,JACKSBORO,JACKSBORO 1,-98.244763,33.097641,North Central,1.0,True
5338,1,False,False,161.0,5,1,80.26,-5.23,1.0258974796721734,0.9000129534673458,False,False,GRANBURY,GRANBURY 1,-97.69946625,32.40925625,North Central,1.0,True
5339,1,False,False,161.0,5,1,158.58,22.67,1.0434110874466198,-5.413183108366492,False,False,SOUTHLAKE,SOUTHLAKE,-97.148582,32.959922,North Central,1.0,True
5340,1,False,False,161.0,5,1,55.0,7.91,1.0286035967354452,-6.273296891152828,False,False,DALLAS,DALLAS 24,-96.80082027272728,32.808276409090915,North Central,1.0,True
5341,1,False,False,161.0,5,1,46.38,7.91,1.0346406278706997,-6.231907902863798,False,False,LEWISVILLE,LEWISVILLE 1,-97.0124115,33.07492,North Central,1.0,True
5344,1,False,False,161.0,5,1,94.71,26.84,1.0291380121069034,-6.948248994274864,False,False,DALLAS,DALLAS 24,-96.80082027272728,32.808276409090915,North Central,1.0,True
5345,1,False,False,161.0,5,1,33.12,9.38,1.0295908713524526,3.6023860516664192,False,False,HILLSBORO,HILLSBORO,-97.133361,32.022461,North Central,1.0,True
5346,1,False,False,161.0,5,1,170.62,-22.81,1.0354922824327917,-2.422749883414371,False,False,FORT WORTH,FORT WORTH 14,-97.34008506896552,32.753233586206896,North Central,1.0,True
5347,1,False,False,161.0,5,1,18.68,5.29,1.0334444091326365,23.450268291528204,False,False,CISCO,CISCO,-99.1533074,32.3857988,North Central,1.0,True
5348,1,False,False,161.0,5,1,14.26,-2.26,1.0286816523665605,-0.1966692715382486,False,False,ITASCA,ITASCA,-97.07141,32.18398,North Central,1.0,True
5349,1,False,False,161.0,5,1,60.83,17.23,1.0260343475382938,-5.310126922458962,False,False,LANCASTER,LANCASTER 1,-96.7651095,32.5902035,North Central,1.0,True
5350,1,False,False,500.0,5,1,0.0,0.0,1.0329409565347951,-1.0477088962081955,False,False,GARLAND,GARLAND 5,-96.6344372,32.9086048,North Central,1.0,True
5351,1,False,False,161.0,5,1,174.28,49.38,1.0294905600615034,-3.552405974452714,False,False,GARLAND,GARLAND 5,-96.6344372,32.9086048,North Central,1.0,True
5352,1,False,False,161.0,5,1,41.84,11.85,1.0289671880586038,-5.957756794761834,False,False,DALLAS,DALLAS 24,-96.80082027272728,32.808276409090915,North Central,1.0,True
5353,1,False,False,161.0,5,1,56.58,16.03,1.0352965305766595,-4.881879723096521,False,False,DUNCANVILLE,DUNCANVILLE 1,-96.914175,32.651936,North Central,1.0,True
5354,1,False,False,161.0,5,1,101.88,22.02,1.030516181266567,-5.431310020575618,False,False,MESQUITE,MESQUITE 2,-96.601994,32.77155966666667,North Central,1.0,True
5355,1,False,False,161.0,5,1,5.65,1.6,1.036997875967762,-0.7228704567813805,False,False,MAYPEARL,MAYPEARL,-97.037219,32.302367,North Central,1.0,True
5356,1,False,False,161.0,5,1,122.43,34.69,1.0293876610429318,-6.315459619343517,False,False,GARLAND,GARLAND 5,-96.6344372,32.9086048,North Central,1.0,True
5357,1,False,False,161.0,5,1,130.89,-0.43,1.0237763340420067,-5.577970409131273,False,False,ALLEN,ALLEN 1,-96.6508655,33.101957,North Central,1.0,True
5358,1,False,False,500.0,5,1,0.0,0.0,1.040792785830201,3.1231512015372105,False,False,RIESEL,RIESEL 2,-96.93121275,31.43308425,North Central,1.0,True
5359,1,False,False,161.0,5,1,0.0,0.0,1.036942628259093,3.960416912295442,False,False,RIESEL,RIESEL 2,-96.93121275,31.43308425,North Central,1.0,True
5360,2,False,False,13.8,5,1,0.0,0.0,1.04,5.661541643361311,False,False,RIESEL,RIESEL 2,-96.93121275,31.43308425,North Central,1.0,True
5361,1,False,False,500.0,5,1,0.0,0.0,1.01973912471558,15.14213267691855,False,False,BRIDGEPORT,BRIDGEPORT,-97.9208,33.1964,North Central,1.0,True
5362,1,False,False,161.0,5,1,33.91,25.04,1.016947690453521,15.000142713404491,False,False,BRIDGEPORT,BRIDGEPORT,-97.9208,33.1964,North Central,1.0,True
5370,1,False,False,161.0,5,1,107.41,30.03,1.0293003319636125,-2.998975037396556,False,False,LEWISVILLE,LEWISVILLE 1,-97.0124115,33.07492,North Central,1.0,True
5371,1,False,False,161.0,5,1,69.0,19.55,1.02480269316313,-3.97659635982472,False,False,SEAGOVILLE,SEAGOVILLE,-96.539931,32.552083,North Central,1.0,True
5372,1,False,False,161.0,5,1,51.27,11.28,1.0288621515306675,-6.852235497041267,False,False,DALLAS,DALLAS 24,-96.80082027272728,32.808276409090915,North Central,1.0,True
5373,1,False,False,161.0,5,1,164.35,44.48,1.0314233378980957,-2.702344201104164,False,False,HALTOM CITY,HALTOM CITY,-97.267376,32.803436,North Central,1.0,True
5374,1,False,False,161.0,5,1,69.09,19.58,1.0327208019095562,-4.083794562797564,False,False,BALCH SPRINGS,BALCH SPRINGS,-96.620085,32.716601,North Central,1.0,True
5375,1,False,False,161.0,5,1,62.09,14.55,1.0367551258643437,-2.075506058410017,False,False,FORT WORTH,FORT WORTH 14,-97.34008506896552,32.753233586206896,North Central,1.0,True
5376,1,False,False,161.0,5,1,53.19,13.56,1.031083301152951,-4.794098775013185,False,False,DALLAS,DALLAS 24,-96.80082027272728,32.808276409090915,North Central,1.0,True
5377,1,False,False,161.0,5,1,57.62,43.79,1.0316680139361234,-1.157372305317242,False,False,KILLEEN,KILLEEN 4,-97.7609485,31.05193475,North Central,1.0,True
5378,1,False,False,161.0,5,1,68.06,19.28,1.0431973427196022,2.776231761938344,False,False,WACO,WACO 3,-97.145583,31.5590085,North Central,1.0,True
5379,1,False,False,161.0,5,1,164.73,46.67,1.0334997549840332,-3.7968515111039394,False,False,FORT WORTH,FORT WORTH 14,-97.34008506896552,32.753233586206896,North Central,1.0,True
5380,1,False,False,500.0,5,1,0.0,0.0,1.036197889008387,0.767521073817584,False,False,ENNIS,ENNIS,-96.675,32.32,North Central,1.0,True
5381,1,False,False,161.0,5,1,79.8,0.1,1.0314460881242158,-0.0778358860210169,False,False,ENNIS,ENNIS,-96.675,32.32,North Central,1.0,True
5382,2,False,False,13.8,5,1,0.0,0.0,1.036197889008387,0.767521073817584,False,False,ENNIS,ENNIS,-96.675,32.32,North Central,1.0,True
5383,2,False,False,13.8,5,1,0.0,0.0,1.036197889008387,0.767521073817584,False,False,ENNIS,ENNIS,-96.675,32.32,North Central,1.0,True
5384,1,False,False,500.0,5,1,0.0,0.0,1.0319419787642763,-0.7176903697092718,False,False,DALLAS,DALLAS 24,-96.80082027272728,32.808276409090915,North Central,1.0,True
5385,1,False,False,161.0,5,1,240.97,68.28,1.0317919634600563,-3.0711732694624696,False,False,DALLAS,DALLAS 24,-96.80082027272728,32.808276409090915,North Central,1.0,True
5386,1,False,False,161.0,5,1,63.55,18.0,1.0327564508090334,-6.073484473673267,False,False,RICHARDSON,RICHARDSON 2,-96.7025715,32.983810000000005,North Central,1.0,True
5387,1,False,False,161.0,5,1,120.19,53.37,1.0285996180572918,-2.5963200443842727,False,False,FORT WORTH,FORT WORTH 14,-97.34008506896552,32.753233586206896,North Central,1.0,True
5388,1,False,False,500.0,5,1,0.0,0.0,1.0388047671076168,4.579500003783071,False,False,WACO,WACO 3,-97.145583,31.5590085,North Central,1.0,True
5389,1,False,False,161.0,5,1,133.62,34.08,1.0344730076102735,4.460969588477653,False,False,WACO,WACO 3,-97.145583,31.5590085,North Central,1.0,True
5390,1,False,False,161.0,5,1,0.0,0.0,1.039529672592271,3.0195559983460143,False,False,ROGERS,ROGERS,-97.2120625,30.983119,North Central,1.0,True
5391,1,False,False,115.0,5,1,8.59,5.53,1.0328058675020322,7.500494195680646,False,False,ROGERS,ROGERS,-97.2120625,30.983119,North Central,1.0,True
5393,1,False,False,161.0,5,1,14.92,4.23,1.0384138204020676,7.883829999353791,False,False,CHINA SPRING,CHINA SPRING,-97.374883,31.694792,North Central,1.0,True
5394,1,False,False,500.0,5,1,0.0,0.0,1.0364215826426957,28.19449094596681,False,False,ALBANY,ALBANY 2,-99.33232,32.77921550000001,North Central,1.0,True
5395,1,False,False,230.0,5,1,0.0,0.0,1.057864787347106,29.251040981732075,False,True,ALBANY,ALBANY 2,-99.33232,32.77921550000001,North Central,1.0,True
5396,1,False,False,161.0,5,1,0.0,0.0,1.0368885780866026,30.12190857051307,False,False,ALBANY,ALBANY 2,-99.33232,32.77921550000001,North Central,1.0,True
5397,1,False,False,115.0,5,1,0.0,0.0,1.028201113201432,32.66052706721165,False,False,ALBANY,ALBANY 2,-99.33232,32.77921550000001,North Central,1.0,True
5399,2,False,False,13.8,5,1,0.0,0.0,1.0364215826426957,28.19449094596681,False,False,ALBANY,ALBANY 2,-99.33232,32.77921550000001,North Central,1.0,True
5400,1,False,False,161.0,5,1,108.27,36.77,1.023309266758851,-4.088477526470283,False,False,MCKINNEY,MCKINNEY 3,-96.643077,33.194952,North Central,1.0,True
5401,1,False,False,500.0,5,1,0.0,0.0,1.0326884871136113,7.0788255869880015,False,False,GRANBURY,GRANBURY 1,-97.69946625,32.40925625,North Central,1.0,True
5402,1,False,False,161.0,5,1,105.72,18.69,1.031451244951354,5.681559320886866,False,False,GRANBURY,GRANBURY 1,-97.69946625,32.40925625,North Central,1.0,True
5403,2,False,False,18.0,5,1,0.0,0.0,1.0326884871136113,7.0788255869880015,False,False,GRANBURY,GRANBURY 1,-97.69946625,32.40925625,North Central,1.0,True
5404,2,False,False,18.0,5,1,0.0,0.0,1.0326884871136113,7.0788255869880015,False,False,GRANBURY,GRANBURY 1,-97.69946625,32.40925625,North Central,1.0,True
5405,2,False,False,18.0,5,1,0.0,0.0,1.0326884871136113,7.0788255869880015,False,False,GRANBURY,GRANBURY 1,-97.69946625,32.40925625,North Central,1.0,True
5407,1,False,False,161.0,5,1,29.56,6.03,1.0416694262814206,7.248784841302335,False,False,CLIFTON,CLIFTON 1,-97.46203133333334,31.819786000000004,North Central,1.0,True
5408,1,False,False,161.0,5,1,47.24,31.45,1.033227369649808,-3.061799221701657,False,False,FARMERSVILLE,FARMERSVILLE,-96.356004,33.174219,North Central,1.0,True
5409,1,False,False,161.0,5,1,176.04,26.22,1.01755083101091,-3.654600915573473,False,False,ARLINGTON,ARLINGTON 1,-97.12502636363637,32.69967490909091,North Central,1.0,True
5410,1,False,False,500.0,5,1,0.0,0.0,1.035191240509661,1.8738189995734489,False,False,KILLEEN,KILLEEN 4,-97.7609485,31.05193475,North Central,1.0,True
5411,1,False,False,161.0,5,1,120.07,34.02,1.040754269748208,-0.8557221938126643,False,False,KILLEEN,KILLEEN 4,-97.7609485,31.05193475,North Central,1.0,True
5412,1,False,False,161.0,5,1,254.42,40.97,1.027704169314663,-4.214372687238436,False,False,WYLIE,WYLIE,-96.534936,33.012135,North Central,1.0,True
5413,1,False,False,500.0,5,1,0.0,0.0,1.025290153642585,13.570563320309228,False,False,PALO PINTO,PALO PINTO 2,-98.2935895,32.711098,North Central,1.0,True
5414,1,False,False,161.0,5,1,0.0,0.0,1.028020755059215,15.10483587941506,False,False,PALO PINTO,PALO PINTO 2,-98.2935895,32.711098,North Central,1.0,True
5415,2,False,False,13.8,5,1,0.0,0.0,1.025290153642585,13.570563320309228,False,False,PALO PINTO,PALO PINTO 2,-98.2935895,32.711098,North Central,1.0,True
5416,2,False,False,13.8,5,1,0.0,0.0,1.025290153642585,13.570563320309228,False,False,PALO PINTO,PALO PINTO 2,-98.2935895,32.711098,North Central,1.0,True
5417,2,False,False,13.8,5,1,0.0,0.0,1.025290153642585,13.570563320309228,False,False,PALO PINTO,PALO PINTO 2,-98.2935895,32.711098,North Central,1.0,True
5418,2,False,False,13.8,5,1,0.0,0.0,1.025290153642585,13.570563320309228,False,False,PALO PINTO,PALO PINTO 2,-98.2935895,32.711098,North Central,1.0,True
5419,2,False,False,13.8,5,1,0.0,0.0,1.025290153642585,13.570563320309228,False,False,PALO PINTO,PALO PINTO 2,-98.2935895,32.711098,North Central,1.0,True
5420,1,False,False,161.0,5,1,24.59,4.16,1.0298120358830642,-1.518185599352176,False,False,FORT WORTH,FORT WORTH 14,-97.34008506896552,32.753233586206896,North Central,1.0,True
5421,1,False,False,161.0,5,1,2.37,0.57,1.046742405266358,-3.225481381215067,False,False,JOSEPHINE,JOSEPHINE,-96.309004,33.066219,North Central,1.0,True
5422,1,False,False,161.0,5,1,190.68,51.83,1.0464196998500634,-6.836732560706469,False,False,LEWSIVILLE,LEWSIVILLE,-96.961986,33.019646,North Central,1.0,True
5425,1,False,False,161.0,5,1,99.53,15.0,1.027906711630886,-5.760560058282012,False,False,DALLAS,DALLAS 24,-96.80082027272728,32.808276409090915,North Central,1.0,True
5426,1,False,False,161.0,5,1,43.86,10.54,1.0218079067651795,-1.3977420781642065,False,False,KEMP,KEMP,-96.245039,32.366686,North Central,1.0,True
5427,1,False,False,161.0,5,1,25.31,19.68,1.0244414337508574,-2.0472900613272973,False,False,WAXAHACHIE,WAXAHACHIE 2,-96.8502335,32.366515,North Central,1.0,True
5428,1,False,False,161.0,5,1,85.26,24.16,1.0297650787023755,-3.5176747886779327,False,False,HURST,HURST,-97.180586,32.8172,North Central,1.0,True
5429,1,False,False,161.0,5,1,106.17,30.08,1.0309340476373212,-2.3076355761635177,False,False,FORT WORTH,FORT WORTH 14,-97.34008506896552,32.753233586206896,North Central,1.0,True
5430,1,False,False,161.0,5,1,60.59,17.17,1.0373516918309156,3.6119995502212983,False,False,WEATHERFORD,WEATHERFORD 1,-97.825534,32.762033333333335,North Central,1.0,True
5431,1,False,False,161.0,5,1,84.43,66.95,1.017572600379083,-5.402999393839323,False,False,ROCKWALL,ROCKWALL 1,-96.4445225,32.897791,North Central,1.0,True
5432,1,False,False,161.0,5,1,43.0,11.91,1.0379443590449675,5.183152976456686,False,False,WEATHERFORD,WEATHERFORD 1,-97.825534,32.762033333333335,North Central,1.0,True
5433,1,False,False,161.0,5,1,189.93,66.76,1.0315715125327618,-1.2624741938503192,False,False,FORT WORTH,FORT WORTH 14,-97.34008506896552,32.753233586206896,North Central,1.0,True
5434,1,False,False,161.0,5,1,12.39,2.82,1.039718749823533,-0.1518580260675386,False,False,NEWARK,NEWARK,-97.444409,33.00085,North Central,1.0,True
5435,1,False,False,161.0,5,1,4.5,1.27,1.031188361690092,13.479232307917128,False,False,SANTO,SANTO,-98.17276,32.600503,North Central,1.0,True
5436,1,False,False,161.0,5,1,72.89,37.6,1.028075532055572,-6.476656404004355,False,False,DALLAS,DALLAS 24,-96.80082027272728,32.808276409090915,North Central,1.0,True
5437,1,False,False,161.0,5,1,10.89,2.55,1.0352403768151572,4.374563708794767,False,False,ELM MOTT,ELM MOTT,-97.073707,31.696619,North Central,1.0,True
5438,1,False,False,161.0,5,1,50.24,9.03,1.0311216802895866,-2.430104131508269,False,False,FORT WORTH,FORT WORTH 14,-97.34008506896552,32.753233586206896,North Central,1.0,True
5439,1,False,False,161.0,5,1,165.48,32.27,1.0256945137845237,-1.0102210076561668,False,False,WAXAHACHIE,WAXAHACHIE 2,-96.8502335,32.366515,North Central,1.0,True
5440,1,False,False,161.0,5,1,243.52,47.35,1.0298905800242475,-4.2067309734846265,False,False,ARLINGTON,ARLINGTON 1,-97.12502636363637,32.69967490909091,North Central,1.0,True
5441,1,False,False,161.0,5,1,145.18,75.36,1.0314990099685617,-1.4845784801816,False,False,FORT WORTH,FORT WORTH 14,-97.34008506896552,32.753233586206896,North Central,1.0,True
5442,1,False,False,161.0,5,1,44.51,12.39,1.0269576384348442,-3.3409514982316413,False,False,FORT WORTH,FORT WORTH 14,-97.34008506896552,32.753233586206896,North Central,1.0,True
5443,1,False,False,161.0,5,1,100.31,14.83,1.0315725290979587,-2.70390456307415,False,False,FORT WORTH,FORT WORTH 14,-97.34008506896552,32.753233586206896,North Central,1.0,True
5444,1,False,False,500.0,5,1,0.0,0.0,1.0307486062471891,2.345527401427836,False,False,MIDLOTHIAN,MIDLOTHIAN 2,-97.0540165,32.448697,North Central,1.0,True
5445,1,False,False,161.0,5,1,0.0,0.0,1.0330580248846777,-0.2073260023967851,False,False,MIDLOTHIAN,MIDLOTHIAN 2,-97.0540165,32.448697,North Central,1.0,True
5446,1,False,False,161.0,5,1,71.26,11.52,1.036345883600876,3.544135689462222,False,False,HEWITT,HEWITT,-97.195339,31.453501,North Central,1.0,True
5447,1,False,False,161.0,5,1,154.46,79.54,1.0184267068256778,-2.805430855090053,False,False,ARLINGTON,ARLINGTON 1,-97.12502636363637,32.69967490909091,North Central,1.0,True
5448,1,False,False,500.0,5,1,0.0,0.0,1.0303193637466797,1.709862406971597,False,False,GRAND PRAIRIE,GRAND PRAIRIE 1,-97.010181,32.723688,North Central,1.0,True
5449,1,False,False,161.0,5,1,444.81,345.9,1.033094076878956,-3.081048675394184,False,False,GRAND PRAIRIE,GRAND PRAIRIE 1,-97.010181,32.723688,North Central,1.0,True
5450,1,False,False,161.0,5,1,17.1,4.84,1.0270507917958456,-2.940852421088344,False,False,MELISSA,MELISSA,-96.566247,33.285118,North Central,1.0,True
5451,1,False,False,500.0,5,1,0.0,0.0,1.0334655356264268,4.540478148039828,False,False,COPPERAS COVE,COPPERAS COVE,-97.968224,31.219045,North Central,1.0,True
5452,1,False,False,161.0,5,1,201.28,30.2,1.0302150825051188,3.302770702205181,False,False,COPPERAS COVE,COPPERAS COVE,-97.968224,31.219045,North Central,1.0,True
5453,1,False,False,161.0,5,1,86.54,22.24,1.0325986887888636,3.613125612253528,False,False,CLEBURNE,CLEBURNE 2,-97.458078,32.3380315,North Central,1.0,True
5454,1,False,False,161.0,5,1,86.97,13.53,1.0393669684597635,-3.1271895339804403,False,False,GREENVILLE,GREENVILLE 1,-96.12497666666668,33.113726,North Central,1.0,True
5455,1,False,False,161.0,5,1,13.95,7.14,1.0225653342878696,5.085940139772915,False,False,ALVORD,ALVORD,-97.669953,33.372433,North Central,1.0,True
5456,1,False,False,161.0,5,1,19.81,8.29,1.0352488684316838,19.410394313465627,False,False,GORMAN,GORMAN,-98.98514,32.116953,North Central,1.0,True
5457,1,False,False,161.0,5,1,114.89,29.34,1.0258900694886235,-4.390864708373663,False,False,COLLEYVILLE,COLLEYVILLE,-97.149641,32.891787,North Central,1.0,True
5458,1,False,False,161.0,5,1,0.0,0.0,1.0400982808091088,3.661262266180432,False,False,HOLLAND,HOLLAND,-97.378809,30.884326,North Central,1.0,True
5459,1,False,False,115.0,5,1,14.16,2.95,1.0339527419553094,6.13455288598624,False,False,HOLLAND,HOLLAND,-97.378809,30.884326,North Central,1.0,True
5461,1,False,False,161.0,5,1,119.29,20.63,1.0348304523392902,0.4092586600592959,False,False,TEMPLE,TEMPLE 2,-97.314427,31.08967366666667,North Central,1.0,True
5462,1,False,False,161.0,5,1,153.81,46.07,1.0272741774838752,-5.555755272531859,False,False,DALLAS,DALLAS 24,-96.80082027272728,32.808276409090915,North Central,1.0,True
5463,1,False,False,161.0,5,1,160.33,45.43,1.02419239775717,-6.044681358299975,False,False,IRVING,IRVING 1,-96.9700122,32.8603614,North Central,1.0,True
5464,1,False,False,500.0,5,1,0.0,0.0,1.0311051101820616,-0.3391349764700871,False,False,FRISCO,FRISCO 1,-96.8232695,33.154732499999994,North Central,1.0,True
5465,1,False,False,161.0,5,1,218.17,61.81,1.0314070746984283,-4.816268069361447,False,False,FRISCO,FRISCO 1,-96.8232695,33.154732499999994,North Central,1.0,True
5466,1,False,False,161.0,5,1,7.44,2.11,1.0324881569951296,2.957758649738364,False,False,GATESVILLE,GATESVILLE 4,-97.73162625,31.4620585,North Central,1.0,True
5467,1,False,False,161.0,5,1,28.23,8.0,1.028953190563618,-6.299029744915624,False,False,DALLAS,DALLAS 24,-96.80082027272728,32.808276409090915,North Central,1.0,True
5468,1,False,False,161.0,5,1,42.13,32.41,1.028836836014217,-5.499676989584921,False,False,DALLAS,DALLAS 24,-96.80082027272728,32.808276409090915,North Central,1.0,True
5469,1,False,False,161.0,5,1,8.5,2.41,1.031715416283909,-2.31050362908472,False,False,FORT WORTH,FORT WORTH 14,-97.34008506896552,32.753233586206896,North Central,1.0,True
5470,1,False,False,161.0,5,1,70.52,19.98,1.0390017385556432,3.204603578000804,False,False,WOODWAY,WOODWAY,-97.260442,31.529664,North Central,1.0,True
5471,1,False,False,161.0,5,1,2.33,0.41,1.0344554836072408,16.228849552933905,False,False,MINGUS,MINGUS,-98.377389,32.371306,North Central,1.0,True
5472,1,False,False,161.0,5,1,4.62,1.06,1.0205238305259423,28.963253472923306,False,False,THROCKMORTON,THROCKMORTON,-99.37463133333334,33.20651766666666,North Central,1.0,True
5473,1,False,False,161.0,5,1,5.47,0.47,1.0319161613834105,5.243075784309857,False,False,NEMO,NEMO,-97.655141,32.266222,North Central,1.0,True
5474,1,False,False,161.0,5,1,4.49,0.88,1.0373734738574047,5.134639942089926,False,False,ABBOTT,ABBOTT,-97.01498,31.86976,North Central,1.0,True
5475,1,False,False,161.0,5,1,59.28,16.8,1.030036533464175,-1.022124068892234,False,False,ALVARADO,ALVARADO,-97.196367,32.414944,North Central,1.0,True
5476,1,False,False,161.0,5,1,21.04,3.11,1.0260737825205728,-0.1508231663221532,False,False,CORSICANA,CORSICANA 2,-96.38666966666666,32.061173333333336,North Central,1.0,True
5477,1,False,False,161.0,5,1,152.38,43.22,1.0322134340358786,-1.289327802880976,False,False,HARKER HEIGHTS,HARKER HEIGHTS,-97.644625,31.050856,North Central,1.0,True
5478,1,False,False,161.0,5,1,137.94,39.08,1.0248617632640709,-5.815352353633752,False,False,IRVING,IRVING 1,-96.9700122,32.8603614,North Central,1.0,True
5479,1,False,False,500.0,5,1,0.0,0.0,1.0272276782571814,4.628201138964343,False,False,BURLESON,BURLESON,-97.306547,32.532666,North Central,1.0,True
5480,1,False,False,161.0,5,1,179.23,50.78,1.019441288383043,-0.2593092071758198,False,False,BURLESON,BURLESON,-97.306547,32.532666,North Central,1.0,True
5481,1,False,False,161.0,5,1,65.39,16.49,1.026850594511283,-0.5002697804482809,False,False,FORT WORTH,FORT WORTH 14,-97.34008506896552,32.753233586206896,North Central,1.0,True
5482,1,False,False,161.0,5,1,93.93,19.6,1.031658339514021,-6.598292027398687,False,False,DALLAS,DALLAS 24,-96.80082027272728,32.808276409090915,North Central,1.0,True
5483,1,False,False,161.0,5,1,90.54,0.07,1.0316206367653478,-2.8812480862643515,False,False,NORTH RICHLAND HILLS,NORTH RICHLAND HILLS 2,-97.2168395,32.863300499999994,North Central,1.0,True
5484,1,False,False,161.0,5,1,9.12,1.78,1.0369449396338355,21.57025769833833,False,False,CROSS PLAINS,CROSS PLAINS,-99.290758,32.006925,North Central,1.0,True
5485,1,False,False,161.0,5,1,4.69,1.33,1.0334262660336635,1.470601131348962,False,False,BLOOMING GROVE,BLOOMING GROVE,-96.723661,32.122927,North Central,1.0,True
6001,2,False,False,115.0,6,1,103.81,29.41,1.0399999999999998,-12.610184839386932,False,False,CONVERSE,CONVERSE,-98.29926,29.47982,South Central,1.0,True
6002,1,False,False,115.0,6,1,64.29,9.2,1.0274101773407796,-13.282155652029996,False,False,SAN ANTONIO,SAN ANTONIO 46,-98.5093816037736,29.474642000000003,South Central,1.0,True
6003,1,False,False,500.0,6,1,0.0,0.0,1.040684523568026,-3.965071528938919,False,False,BASTROP,BASTROP,-97.2711,30.146700000000003,South Central,1.0,True
6004,1,False,False,230.0,6,1,0.0,0.0,1.0414416825538446,-5.124785713202212,False,False,BASTROP,BASTROP,-97.2711,30.146700000000003,South Central,1.0,True
6005,1,False,False,115.0,6,1,75.48,21.39,1.0414082525222312,-5.099512641946788,False,False,BASTROP,BASTROP,-97.2711,30.146700000000003,South Central,1.0,True
6006,2,False,False,13.8,6,1,0.0,0.0,1.0399999999999998,-3.5193964452679056,False,False,BASTROP,BASTROP,-97.2711,30.146700000000003,South Central,1.0,True
6007,2,False,False,13.8,6,1,0.0,0.0,1.04,-2.738780531211087,False,False,BASTROP,BASTROP,-97.2711,30.146700000000003,South Central,1.0,True
6008,2,False,False,13.8,6,1,0.0,0.0,1.04,-2.7174161770752105,False,False,BASTROP,BASTROP,-97.2711,30.146700000000003,South Central,1.0,True
6011,1,False,False,115.0,6,1,26.89,17.65,1.0362146186397418,-10.349152699425924,False,False,MARION,MARION 2,-98.094738,29.6124265,South Central,1.0,True
6012,1,False,False,115.0,6,1,26.74,3.83,1.048193566760092,-7.341624624147231,False,False,PAIGE,PAIGE,-97.218899,30.303885,South Central,1.0,True
6013,1,False,False,115.0,6,1,95.45,26.79,1.0373783982933675,-11.96820199998195,False,False,SAN ANTONIO,SAN ANTONIO 46,-98.5093816037736,29.474642000000003,South Central,1.0,True
6014,1,False,False,115.0,6,1,5.51,-0.4,1.0381922758162772,-12.725758954045808,False,False,WAELDER,WAELDER,-97.301328,29.700745,South Central,1.0,True
6015,1,False,False,115.0,6,1,44.05,7.02,1.0308974694421165,-11.461729298902393,False,False,ATASCOSA,ATASCOSA,-98.737267,29.283035,South Central,1.0,True
6016,1,False,False,115.0,6,1,176.43,49.99,1.0401443054643509,-12.317140621549113,False,False,SAN ANTONIO,SAN ANTONIO 46,-98.5093816037736,29.474642000000003,South Central,1.0,True
6017,1,False,False,115.0,6,1,128.4,-25.48,1.0345646435453562,-12.129828669066342,False,False,CIBOLO,CIBOLO,-98.220552,29.575004,South Central,1.0,True
6018,1,False,False,115.0,6,1,4.35,3.05,1.0407127521680275,-10.231547658186338,False,False,AUSTIN,AUSTIN 6,-97.77508287179488,30.30416587179487,South Central,1.0,True
6019,1,False,False,115.0,6,1,59.07,16.74,1.037365657117469,-10.72942167233599,False,False,AUSTIN,AUSTIN 6,-97.77508287179488,30.30416587179487,South Central,1.0,True
6020,1,False,False,115.0,6,1,16.53,4.68,1.0276203299741646,1.414575090552925,False,False,HORSESHOE BAY,HORSESHOE BAY,-98.3721,30.558,South Central,1.0,True
6021,1,False,False,500.0,6,1,0.0,0.0,1.031727067415452,-1.9317342793951773,False,False,LEANDER,LEANDER 1,-97.9398515,30.5062735,South Central,1.0,True
6022,1,False,False,230.0,6,1,0.0,0.0,1.0317737162758451,-4.959366369652911,False,False,LEANDER,LEANDER 1,-97.9398515,30.5062735,South Central,1.0,True
6023,1,False,False,115.0,6,1,132.89,37.65,1.0277779899684318,-7.398345976093154,False,False,LEANDER,LEANDER 1,-97.9398515,30.5062735,South Central,1.0,True
6024,1,False,False,115.0,6,1,84.99,18.69,1.0501286701062655,-11.00631187717394,False,True,AUSTIN,AUSTIN 6,-97.77508287179488,30.30416587179487,South Central,1.0,True
6025,1,False,False,115.0,6,1,89.31,53.96,1.054589429019985,-13.81612414937809,False,True,SAN ANTONIO,SAN ANTONIO 46,-98.5093816037736,29.474642000000003,South Central,1.0,True
6026,1,False,False,115.0,6,1,22.12,9.05,1.0319840047461368,-11.55191639461006,False,False,SAN ANTONIO,SAN ANTONIO 46,-98.5093816037736,29.474642000000003,South Central,1.0,True
6027,2,False,False,115.0,6,1,64.98,18.41,1.0399999999999998,-8.67829848026459,False,False,ELGIN,ELGIN,-97.35518,30.41432,South Central,1.0,True
6028,1,False,False,115.0,6,1,135.85,29.28,1.0355670687912897,-10.86847682674173,False,False,AUSTIN,AUSTIN 6,-97.77508287179488,30.30416587179487,South Central,1.0,True
6029,1,False,False,115.0,6,1,10.89,1.98,1.0407855727567212,-1.3822938015713775,False,False,RUNGE,RUNGE,-97.887161,28.952237,South Central,1.0,True
6030,1,False,False,230.0,6,1,0.0,0.0,1.0311395422699232,-4.5676692751084165,False,False,YOAKUM,YOAKUM,-97.076333,29.202338,South Central,1.0,True
6031,1,False,False,115.0,6,1,29.18,8.27,1.0287392302136718,-5.329490736842863,False,False,YOAKUM,YOAKUM,-97.076333,29.202338,South Central,1.0,True
6032,1,False,False,115.0,6,1,62.02,7.28,1.0329081032125431,-11.227608109098526,False,False,AUSTIN,AUSTIN 6,-97.77508287179488,30.30416587179487,South Central,1.0,True
6033,1,False,False,500.0,6,1,0.0,0.0,1.0331041838116346,-3.5973217993193165,False,False,PFLUGERVILLE,PFLUGERVILLE,-97.57405,30.41217,South Central,1.0,True
6034,1,False,False,230.0,6,1,0.0,0.0,1.0316603425800412,-6.318061557082967,False,False,PFLUGERVILLE,PFLUGERVILLE,-97.57405,30.41217,South Central,1.0,True
6035,1,False,False,115.0,6,1,206.37,58.47,1.031593845370834,-9.079098683466716,False,False,PFLUGERVILLE,PFLUGERVILLE,-97.57405,30.41217,South Central,1.0,True
6036,1,False,False,230.0,6,1,0.0,0.0,1.0350114745009844,-8.89875768307625,False,False,SAN ANTONIO,SAN ANTONIO 46,-98.5093816037736,29.474642000000003,South Central,1.0,True
6037,1,False,False,115.0,6,1,231.51,41.8,1.0321660693208083,-11.611111690831256,False,False,SAN ANTONIO,SAN ANTONIO 46,-98.5093816037736,29.474642000000003,South Central,1.0,True
6038,1,False,False,500.0,6,1,0.0,0.0,1.0373231715042828,-3.1198192508316738,False,False,AUSTIN,AUSTIN 6,-97.77508287179488,30.30416587179487,South Central,1.0,True
6039,1,False,False,230.0,6,1,0.0,0.0,1.0340433856351063,-6.308770525621325,False,False,AUSTIN,AUSTIN 6,-97.77508287179488,30.30416587179487,South Central,1.0,True
6040,1,False,False,115.0,6,1,80.78,23.09,1.0373748984118922,-10.502409702073477,False,False,AUSTIN,AUSTIN 6,-97.77508287179488,30.30416587179487,South Central,1.0,True
6043,1,False,False,115.0,6,1,231.22,42.02,1.0176440284482002,-12.48250521729945,False,False,SAN ANTONIO,SAN ANTONIO 46,-98.5093816037736,29.474642000000003,South Central,1.0,True
6044,1,False,False,115.0,6,1,18.3,7.1,1.0313606989752548,-11.432614420271165,False,False,SAN ANTONIO,SAN ANTONIO 46,-98.5093816037736,29.474642000000003,South Central,1.0,True
6045,1,False,False,500.0,6,1,0.0,0.0,1.0362069889834482,-5.819365242637351,False,False,SAN ANTONIO,SAN ANTONIO 46,-98.5093816037736,29.474642000000003,South Central,1.0,True
6046,1,False,False,230.0,6,1,0.0,0.0,1.0371737570252628,-8.279001004147593,False,False,SAN ANTONIO,SAN ANTONIO 46,-98.5093816037736,29.474642000000003,South Central,1.0,True
6047,1,False,False,115.0,6,1,263.88,42.46,1.0333105295716027,-12.94322358042632,False,False,SAN ANTONIO,SAN ANTONIO 46,-98.5093816037736,29.474642000000003,South Central,1.0,True
6055,1,False,False,115.0,6,1,8.22,2.07,1.052578323442508,-6.10467280127349,False,True,BERGHEIM,BERGHEIM,-98.556446,29.903262,South Central,1.0,True
6056,1,False,False,500.0,6,1,0.0,0.0,1.040803594212617,-4.964639590703448,False,False,NEW BRAUNFELS,NEW BRAUNFELS 2,-98.08352933333332,29.745433666666667,South Central,1.0,True
6057,1,False,False,230.0,6,1,0.0,0.0,1.0394154273638556,-7.331645960216182,False,False,NEW BRAUNFELS,NEW BRAUNFELS 2,-98.08352933333332,29.745433666666667,South Central,1.0,True
6058,1,False,False,115.0,6,1,178.64,50.61,1.0321209536361473,-9.511335388883913,False,False,NEW BRAUNFELS,NEW BRAUNFELS 2,-98.08352933333332,29.745433666666667,South Central,1.0,True
6059,1,False,False,115.0,6,1,4.04,0.97,1.0079761360785422,16.243596121127947,False,False,D HANIS,D HANIS,-99.329182,29.285285,South Central,1.0,True
6060,1,False,False,115.0,6,1,111.17,21.12,1.0264826164003895,-14.496967979220022,False,False,SAN ANTONIO,SAN ANTONIO 46,-98.5093816037736,29.474642000000003,South Central,1.0,True
6061,1,False,False,115.0,6,1,147.9,41.91,1.0331631134378907,-10.676716106610414,False,False,AUSTIN,AUSTIN 6,-97.77508287179488,30.30416587179487,South Central,1.0,True
6062,1,False,False,500.0,6,1,0.0,0.0,1.039871320598268,-11.147361046045102,False,False,BRENHAM,BRENHAM,-96.444571,30.2627995,South Central,1.0,True
6063,1,False,False,230.0,6,1,0.0,0.0,1.0370553433468674,-11.163047410455787,False,False,BRENHAM,BRENHAM,-96.444571,30.2627995,South Central,1.0,True
6064,1,False,False,115.0,6,1,92.79,11.85,1.035245590080907,-13.871037756649596,False,False,BRENHAM,BRENHAM,-96.444571,30.2627995,South Central,1.0,True
6065,1,False,False,115.0,6,1,14.86,4.21,1.0225111975051857,-3.987325358207898,False,False,BERTRAM,BERTRAM,-98.04518,30.773295,South Central,1.0,True
6066,1,False,False,500.0,6,1,0.0,0.0,1.0407405806441052,-4.775880323345365,False,False,MARION,MARION 2,-98.094738,29.6124265,South Central,1.0,True
6067,1,False,False,230.0,6,1,0.0,0.0,1.03910761895076,-7.530583085859527,False,False,MARION,MARION 2,-98.094738,29.6124265,South Central,1.0,True
6068,1,False,False,115.0,6,1,0.0,0.0,1.0372916141908202,-10.679635374891014,False,False,MARION,MARION 2,-98.094738,29.6124265,South Central,1.0,True
6069,2,False,False,18.0,6,1,0.0,0.0,1.0400000000000005,-1.5191536706487594,False,False,MARION,MARION 2,-98.094738,29.6124265,South Central,1.0,True
6070,2,False,False,18.0,6,1,0.0,0.0,1.0407405806441052,-4.775880323345365,False,False,MARION,MARION 2,-98.094738,29.6124265,South Central,1.0,True
6071,2,False,False,18.0,6,1,0.0,0.0,1.0407405806441052,-4.775880323345365,False,False,MARION,MARION 2,-98.094738,29.6124265,South Central,1.0,True
6072,2,False,False,18.0,6,1,0.0,0.0,1.0399999999999998,-3.676571317652244,False,False,MARION,MARION 2,-98.094738,29.6124265,South Central,1.0,True
6073,2,False,False,18.0,6,1,0.0,0.0,1.0399999999999998,-0.0979158692511733,False,False,MARION,MARION 2,-98.094738,29.6124265,South Central,1.0,True
6074,2,False,False,18.0,6,1,0.0,0.0,1.0399999999999998,-2.5722197556342072,False,False,MARION,MARION 2,-98.094738,29.6124265,South Central,1.0,True
6075,1,False,False,500.0,6,1,0.0,0.0,1.040925240602737,-8.906785362216175,False,False,LA GRANGE,LA GRANGE,-96.7506,29.9172,South Central,1.0,True
6076,1,False,False,230.0,6,1,0.0,0.0,1.0378836347464917,-8.466735045241576,False,False,LA GRANGE,LA GRANGE,-96.7506,29.9172,South Central,1.0,True
6077,1,False,False,115.0,6,1,0.0,0.0,1.0339591672142756,-9.157328382903913,False,False,LA GRANGE,LA GRANGE,-96.7506,29.9172,South Central,1.0,True
6078,2,False,False,22.0,6,1,0.0,0.0,1.04,-6.997939824165674,False,False,LA GRANGE,LA GRANGE,-96.7506,29.9172,South Central,1.0,True
6079,2,False,False,22.0,6,1,0.0,0.0,1.0399999999999998,-7.736563932556796,False,False,LA GRANGE,LA GRANGE,-96.7506,29.9172,South Central,1.0,True
6080,2,False,False,22.0,6,1,0.0,0.0,1.04,-6.09637906482449,False,False,LA GRANGE,LA GRANGE,-96.7506,29.9172,South Central,1.0,True
6081,1,False,False,115.0,6,1,0.0,0.0,1.0299407960917193,-0.9025784578983296,False,False,MARBLE FALLS,MARBLE FALLS 1,-98.26824166666664,30.564168,South Central,1.0,True
6082,2,False,False,13.8,6,1,0.0,0.0,1.04,1.142539368991586,False,False,MARBLE FALLS,MARBLE FALLS 1,-98.26824166666664,30.564168,South Central,1.0,True
6083,2,False,False,13.8,6,1,0.0,0.0,1.0400000000000005,1.283554787547617,False,False,MARBLE FALLS,MARBLE FALLS 1,-98.26824166666664,30.564168,South Central,1.0,True
6084,1,False,False,115.0,6,1,0.0,0.0,1.0290508917552337,-8.556733049986319,False,False,ROUND ROCK,ROUND ROCK 1,-97.677175,30.5341255,South Central,1.0,True
6091,1,False,False,115.0,6,1,37.81,15.48,1.0324793758082833,-14.4152596374355,False,False,WIMBERLEY,WIMBERLEY,-98.142776,30.034449,South Central,1.0,True
6092,1,False,False,115.0,6,1,58.88,10.1,1.0461824847132892,-13.10226973128586,False,False,GONZALES,GONZALES,-97.448924,29.476954,South Central,1.0,True
6093,1,False,False,115.0,6,1,40.54,6.29,1.0264698884533856,-12.970617639449848,False,False,SAN ANTONIO,SAN ANTONIO 46,-98.5093816037736,29.474642000000003,South Central,1.0,True
6094,1,False,False,115.0,6,1,67.98,19.26,1.0309005013971693,-12.759470726521394,False,False,SAN ANTONIO,SAN ANTONIO 46,-98.5093816037736,29.474642000000003,South Central,1.0,True
6095,1,False,False,115.0,6,1,68.37,8.06,1.03127116810672,-9.017311995112522,False,False,HUTTO,HUTTO,-97.546124,30.560042,South Central,1.0,True
6096,1,False,False,115.0,6,1,25.78,3.36,1.048227683448046,-13.279303504617534,False,False,LULING,LULING,-97.470663,29.69611,South Central,1.0,True
6097,1,False,False,115.0,6,1,105.36,29.85,1.0251275820299417,-13.00455033569514,False,False,SAN ANTONIO,SAN ANTONIO 46,-98.5093816037736,29.474642000000003,South Central,1.0,True
6098,1,False,False,115.0,6,1,132.22,37.46,1.0353689254610647,-11.350228329347413,False,False,AUSTIN,AUSTIN 6,-97.77508287179488,30.30416587179487,South Central,1.0,True
6099,1,False,False,115.0,6,1,26.86,6.06,1.0299671308124383,-11.925512694251925,False,False,SAN ANTONIO,SAN ANTONIO 46,-98.5093816037736,29.474642000000003,South Central,1.0,True
6100,1,False,False,115.0,6,1,37.71,10.69,1.0337195583740302,-10.910013385908014,False,False,ADKINS,ADKINS,-98.238308,29.353553,South Central,1.0,True
6101,2,False,False,500.0,6,1,0.0,0.0,1.0399999999999998,-6.486176296960987,False,False,WINCHESTER,WINCHESTER,-96.9945,30.02547,South Central,1.0,True
6102,1,False,False,230.0,6,1,0.0,0.0,1.040130860483239,-6.4946221180375225,False,False,WINCHESTER,WINCHESTER,-96.9945,30.02547,South Central,1.0,True
6103,1,False,False,115.0,6,1,34.21,9.69,1.0375882193711228,-6.025584541090383,False,False,WINCHESTER,WINCHESTER,-96.9945,30.02547,South Central,1.0,True
6104,2,False,False,13.8,6,1,0.0,0.0,1.0399999999999996,-2.59359637402337,False,False,WINCHESTER,WINCHESTER,-96.9945,30.02547,South Central,1.0,True
6105,2,False,False,13.8,6,1,0.0,0.0,1.04,-2.0601777547942057,False,False,WINCHESTER,WINCHESTER,-96.9945,30.02547,South Central,1.0,True
6106,2,False,False,13.8,6,1,0.0,0.0,1.04,-3.120456322674106,False,False,WINCHESTER,WINCHESTER,-96.9945,30.02547,South Central,1.0,True
6107,1,False,False,500.0,6,1,0.0,0.0,1.0390110187307615,-4.473764022746223,False,False,ROCKDALE,ROCKDALE 1,-96.947291,30.633128,South Central,1.0,True
6108,1,False,False,230.0,6,1,0.0,0.0,1.0335279442006342,-6.4019625817688,False,False,ROCKDALE,ROCKDALE 1,-96.947291,30.633128,South Central,1.0,True
6109,1,False,False,115.0,6,1,14.44,5.13,1.0275017665606707,-5.57982210297186,False,False,ROCKDALE,ROCKDALE 1,-96.947291,30.633128,South Central,1.0,True
6112,1,False,False,115.0,6,1,17.41,4.58,1.0288897999472313,-9.165317654572846,False,False,NATALIA,NATALIA,-98.842165,29.1998,South Central,1.0,True
6113,1,False,False,115.0,6,1,20.81,12.13,1.038315539697375,-11.041122230115285,False,False,AUSTIN,AUSTIN 6,-97.77508287179488,30.30416587179487,South Central,1.0,True
6114,1,False,False,115.0,6,1,70.54,42.54,1.0325675397993457,-12.573962185100337,False,False,SAN ANTONIO,SAN ANTONIO 46,-98.5093816037736,29.474642000000003,South Central,1.0,True
6115,1,False,False,115.0,6,1,131.13,-17.22,1.0302148637567734,-12.630830891996087,False,False,SAN ANTONIO,SAN ANTONIO 46,-98.5093816037736,29.474642000000003,South Central,1.0,True
6116,2,False,False,115.0,6,1,56.85,16.11,1.0399999999999996,-8.695477919550335,False,False,TAYLOR,TAYLOR,-97.35701,30.41477,South Central,1.0,True
6117,1,False,False,115.0,6,1,28.03,7.71,1.038299742180745,-5.715008231532073,False,False,SMITHVILLE,SMITHVILLE,-97.182148,30.013899,South Central,1.0,True
6118,1,False,False,500.0,6,1,0.0,0.0,1.031452259152587,-2.1485756676597965,False,False,CEDAR PARK,CEDAR PARK,-97.8242,30.503949,South Central,1.0,True
6119,1,False,False,230.0,6,1,0.0,0.0,1.0314541793468042,-6.140374474337324,False,False,CEDAR PARK,CEDAR PARK,-97.8242,30.503949,South Central,1.0,True
6120,1,False,False,115.0,6,1,195.3,79.96,1.0357130622569124,-9.385837034611042,False,False,CEDAR PARK,CEDAR PARK,-97.8242,30.503949,South Central,1.0,True
6121,1,False,False,115.0,6,1,232.56,96.36,1.0291976236580274,-13.390086552993909,False,False,SAN ANTONIO,SAN ANTONIO 46,-98.5093816037736,29.474642000000003,South Central,1.0,True
6122,1,False,False,115.0,6,1,45.33,-5.86,1.0261813128450026,-11.263740110594336,False,False,HALLETTSVILLE,HALLETTSVILLE,-96.836189,29.380036,South Central,1.0,True
6123,1,False,False,115.0,6,1,89.57,12.78,1.0337540589694996,-10.629157059696174,False,False,AUSTIN,AUSTIN 6,-97.77508287179488,30.30416587179487,South Central,1.0,True
6124,1,False,False,115.0,6,1,62.73,16.27,1.0261987993094288,-11.433612920132123,False,False,NEW BRAUNFELS,NEW BRAUNFELS 2,-98.08352933333332,29.745433666666667,South Central,1.0,True
6125,1,False,False,115.0,6,1,3.57,0.73,1.0257574316108575,-8.497755070743843,False,False,SUTHERLAND SPRINGS,SUTHERLAND SPRINGS,-98.057016,29.293499,South Central,1.0,True
6126,1,False,False,115.0,6,1,50.38,14.27,1.0344259388388797,-11.134977738775676,False,False,AUSTIN,AUSTIN 6,-97.77508287179488,30.30416587179487,South Central,1.0,True
6127,1,False,False,115.0,6,1,25.24,1.43,1.044972628674671,2.051601693479343,False,False,CAMERON,CAMERON,-96.907601,30.891129,South Central,1.0,True
6128,1,False,False,115.0,6,1,98.66,14.96,1.03552379506709,-11.60605351548032,False,False,SAN ANTONIO,SAN ANTONIO 46,-98.5093816037736,29.474642000000003,South Central,1.0,True
6129,1,False,False,115.0,6,1,16.94,2.79,1.0081874186181712,-5.928185167437945,False,False,MEDINA,MEDINA,-99.316592,29.678291,South Central,1.0,True
6130,1,False,False,115.0,6,1,13.7,3.8,1.0343111873708402,-11.10419797587883,False,False,MANCHACA,MANCHACA,-97.874687,30.132806,South Central,1.0,True
6131,1,False,False,115.0,6,1,72.91,12.43,1.011430328625578,-15.045421725083274,False,False,SPRING BRANCH,SPRING BRANCH,-98.390967,29.89476,South Central,1.0,True
6132,1,False,False,115.0,6,1,64.74,19.92,1.0362927619949351,-11.258541378735186,False,False,AUSTIN,AUSTIN 6,-97.77508287179488,30.30416587179487,South Central,1.0,True
6133,1,False,False,115.0,6,1,15.14,7.27,1.0344922436888826,-13.111846954514055,False,False,FLATONIA,FLATONIA,-97.15845,29.727617,South Central,1.0,True
6134,1,False,False,115.0,6,1,7.62,2.16,1.031998653413051,-0.1139608793406507,False,False,GRANGER,GRANGER,-97.413885,30.710857,South Central,1.0,True
6135,1,False,False,115.0,6,1,32.49,12.65,1.0204164741558963,-12.0172110673004,False,False,FAYETTEVILLE,FAYETTEVILLE,-96.699188,30.043016,South Central,1.0,True
6136,1,False,False,115.0,6,1,119.73,20.17,1.0305974960957451,-9.471487042827532,False,False,GEORGETOWN,GEORGETOWN 2,-97.72702366666664,30.716280333333337,South Central,1.0,True
6137,2,False,False,115.0,6,1,48.87,11.95,1.0399999999999998,-10.381927811170044,False,False,AUSTIN,AUSTIN 6,-97.77508287179488,30.30416587179487,South Central,1.0,True
6138,1,False,False,115.0,6,1,32.1,7.84,1.0335251679462296,-11.362937434462417,False,False,PIPE CREEK,PIPE CREEK,-98.911216,29.689692,South Central,1.0,True
6139,1,False,False,115.0,6,1,11.21,2.72,1.0307326868800464,-11.642491392608528,False,False,RED ROCK,RED ROCK,-97.357996,29.844013,South Central,1.0,True
6140,1,False,False,115.0,6,1,17.79,3.31,1.0361474068842491,5.784366127817814,False,False,JARRELL,JARRELL,-97.502485,30.818633,South Central,1.0,True
6141,1,False,False,500.0,6,1,0.0,0.0,1.0372282358317562,-6.481950287857484,False,False,SAN ANTONIO,SAN ANTONIO 46,-98.5093816037736,29.474642000000003,South Central,1.0,True
6142,1,False,False,230.0,6,1,0.0,0.0,1.0360369327687429,-8.047033079397194,False,False,SAN ANTONIO,SAN ANTONIO 46,-98.5093816037736,29.474642000000003,South Central,1.0,True
6143,1,False,False,115.0,6,1,0.0,0.0,1.0360011531516338,-10.423930014702078,False,False,SAN ANTONIO,SAN ANTONIO 46,-98.5093816037736,29.474642000000003,South Central,1.0,True
6150,1,False,False,115.0,6,1,117.27,33.23,1.042198374608955,-13.510566531663253,False,False,SAN ANTONIO,SAN ANTONIO 46,-98.5093816037736,29.474642000000003,South Central,1.0,True
6151,1,False,False,115.0,6,1,29.69,4.57,1.041811600625301,-12.624462554491224,False,False,SCHULENBURG,SCHULENBURG,-96.933605,29.686278,South Central,1.0,True
6152,1,False,False,230.0,6,1,0.0,0.0,1.0379357429069866,-7.590453814396745,False,False,SAN ANTONIO,SAN ANTONIO 46,-98.5093816037736,29.474642000000003,South Central,1.0,True
6153,1,False,False,115.0,6,1,107.97,49.21,1.0354046971048898,-8.894470909822227,False,False,SAN ANTONIO,SAN ANTONIO 46,-98.5093816037736,29.474642000000003,South Central,1.0,True
6154,1,False,False,115.0,6,1,78.35,12.21,1.0441210585681326,-9.805115059940103,False,False,DRIPPING SPRINGS,DRIPPING SPRINGS,-98.134815,30.224134,South Central,1.0,True
6155,2,False,False,115.0,6,1,48.28,19.42,1.0400000000000007,-10.215064308233584,False,False,SAN ANTONIO,SAN ANTONIO 46,-98.5093816037736,29.474642000000003,South Central,1.0,True
6156,1,False,False,115.0,6,1,100.36,14.92,1.0265216923641125,-1.956224568447252,False,False,MARBLE FALLS,MARBLE FALLS 1,-98.26824166666664,30.564168,South Central,1.0,True
6157,1,False,False,115.0,6,1,28.81,8.16,1.020854774678293,-13.86244430046526,False,False,BOERNE,BOERNE 1,-98.6782725,29.80345,South Central,1.0,True
6158,1,False,False,115.0,6,1,9.86,1.6,1.04397165558721,-19.48991484007464,False,False,WASHINGTON,WASHINGTON,-96.189365,30.286936,South Central,1.0,True
6159,1,False,False,115.0,6,1,108.26,25.79,1.032933865390633,-12.593452464463676,False,False,SCHERTZ,SCHERTZ,-98.262642,29.547068,South Central,1.0,True
6160,1,False,False,115.0,6,1,98.28,27.85,1.0391548494831824,-10.622655907779516,False,False,AUSTIN,AUSTIN 6,-97.77508287179488,30.30416587179487,South Central,1.0,True
6161,1,False,False,500.0,6,1,0.0,0.0,1.041528261841069,-5.201886195852943,False,False,SEGUIN,SEGUIN 1,-97.97505466666668,28.59622966666667,South Central,1.0,True
6162,1,False,False,230.0,6,1,0.0,0.0,1.040170794478403,-7.523947916142335,False,False,SEGUIN,SEGUIN 1,-97.97505466666668,28.59622966666667,South Central,1.0,True
6163,1,False,False,115.0,6,1,0.0,0.0,1.0399302588193555,-9.841311826075565,False,False,SEGUIN,SEGUIN 1,-97.97505466666668,28.59622966666667,South Central,1.0,True
6164,2,False,False,13.8,6,1,0.0,0.0,1.04,-3.410792170532103,False,False,SEGUIN,SEGUIN 1,-97.97505466666668,28.59622966666667,South Central,1.0,True
6165,2,False,False,13.8,6,1,0.0,0.0,1.04,-3.0676380747913106,False,False,SEGUIN,SEGUIN 1,-97.97505466666668,28.59622966666667,South Central,1.0,True
6166,2,False,False,13.8,6,1,0.0,0.0,1.04,-0.9970573904577676,False,False,SEGUIN,SEGUIN 1,-97.97505466666668,28.59622966666667,South Central,1.0,True
6167,2,False,False,13.8,6,1,0.0,0.0,1.04,-3.921344245459108,False,False,SEGUIN,SEGUIN 1,-97.97505466666668,28.59622966666667,South Central,1.0,True
6168,2,False,False,115.0,6,1,138.23,29.26,1.0400000000000005,-12.346455173060772,False,False,SAN ANTONIO,SAN ANTONIO 46,-98.5093816037736,29.474642000000003,South Central,1.0,True
6169,1,False,False,500.0,6,1,0.0,0.0,1.040620227182676,-5.461314006925695,False,False,SAN ANTONIO,SAN ANTONIO 46,-98.5093816037736,29.474642000000003,South Central,1.0,True
6170,1,False,False,230.0,6,1,0.0,0.0,1.0334088211803036,-6.65121572593047,False,False,SAN ANTONIO,SAN ANTONIO 46,-98.5093816037736,29.474642000000003,South Central,1.0,True
6171,1,False,False,115.0,6,1,113.76,32.23,1.0243160220251477,-9.723705539691393,False,False,SAN ANTONIO,SAN ANTONIO 46,-98.5093816037736,29.474642000000003,South Central,1.0,True
6172,1,False,False,230.0,6,1,0.0,0.0,1.0294727774395631,-5.023830989718939,False,False,CUERO,CUERO 2,-97.2968245,29.1133745,South Central,1.0,True
6173,1,False,False,115.0,6,1,35.48,10.05,1.026788799588831,-6.223657098118503,False,False,CUERO,CUERO 2,-97.2968245,29.1133745,South Central,1.0,True
6174,1,False,False,115.0,6,1,95.75,66.31,1.0318190456439096,-11.618933856498042,False,False,SAN ANTONIO,SAN ANTONIO 46,-98.5093816037736,29.474642000000003,South Central,1.0,True
6175,2,False,False,115.0,6,1,160.48,27.37,1.0400000000000005,-11.013417933013711,False,False,AUSTIN,AUSTIN 6,-97.77508287179488,30.30416587179487,South Central,1.0,True
6176,1,False,False,115.0,6,1,45.32,12.84,1.036180635664949,-11.227957432476504,False,False,AUSTIN,AUSTIN 6,-97.77508287179488,30.30416587179487,South Central,1.0,True
6177,1,False,False,230.0,6,1,0.0,0.0,1.0449494811900095,-7.923744660789566,False,False,SAN ANTONIO,SAN ANTONIO 46,-98.5093816037736,29.474642000000003,South Central,1.0,True
6178,1,False,False,115.0,6,1,134.45,38.09,1.0287221864695124,-10.301539582291976,False,False,SAN ANTONIO,SAN ANTONIO 46,-98.5093816037736,29.474642000000003,South Central,1.0,True
6179,1,False,False,115.0,6,1,11.85,3.36,1.029249001474673,-13.30772287452958,False,False,SAN ANTONIO,SAN ANTONIO 46,-98.5093816037736,29.474642000000003,South Central,1.0,True
6180,1,False,False,115.0,6,1,34.14,9.67,1.0257723168791155,-9.674115420435328,False,False,LA VERNIA,LA VERNIA,-98.10703,29.350393,South Central,1.0,True
6181,1,False,False,115.0,6,1,49.13,37.37,1.0358778582903865,-9.884044421338158,False,False,MANOR,MANOR,-97.516162,30.289094,South Central,1.0,True
6182,2,False,False,115.0,6,1,95.83,27.15,1.0400000000000005,-11.769246466131897,False,False,SAN ANTONIO,SAN ANTONIO 46,-98.5093816037736,29.474642000000003,South Central,1.0,True
6183,1,False,False,115.0,6,1,45.91,26.13,1.0168955042246028,-8.236507766441276,False,False,GIDDINGS,GIDDINGS,-96.923038,30.167624,South Central,1.0,True
6184,1,False,False,115.0,6,1,59.96,24.37,1.0284864766111248,-11.06002968811866,False,False,AUSTIN,AUSTIN 6,-97.77508287179488,30.30416587179487,South Central,1.0,True
6185,1,False,False,115.0,6,1,20.84,5.9,1.029488816835287,-11.17587429806613,False,False,AUSTIN,AUSTIN 6,-97.77508287179488,30.30416587179487,South Central,1.0,True
6186,1,False,False,115.0,6,1,59.78,11.15,1.029837382029242,-10.261248819132962,False,False,AUSTIN,AUSTIN 6,-97.77508287179488,30.30416587179487,South Central,1.0,True
6187,1,False,False,115.0,6,1,140.1,35.3,1.0300365462930028,-10.783671333007666,False,False,AUSTIN,AUSTIN 6,-97.77508287179488,30.30416587179487,South Central,1.0,True
6188,1,False,False,230.0,6,1,0.0,0.0,1.0363755732741964,-9.265304087928858,False,False,COLUMBUS,COLUMBUS,-96.42546,29.695979,South Central,1.0,True
6189,1,False,False,115.0,6,1,28.37,7.75,1.0316409453792592,-10.733866145431206,False,False,COLUMBUS,COLUMBUS,-96.42546,29.695979,South Central,1.0,True
6190,1,False,False,115.0,6,1,18.47,5.23,1.0354177932513615,-13.17490544307796,False,False,SHINER,SHINER,-97.083825,29.5649,South Central,1.0,True
6191,1,False,False,115.0,6,1,25.71,4.75,1.0268003126015686,-12.699617126559886,False,False,SAN ANTONIO,SAN ANTONIO 46,-98.5093816037736,29.474642000000003,South Central,1.0,True
6192,1,False,False,230.0,6,1,0.0,0.0,1.0317870099683946,-8.971907231694148,False,False,CALDWELL,CALDWELL,-96.676232,30.541565,South Central,1.0,True
6193,1,False,False,115.0,6,1,35.69,10.11,1.0238832911881022,-10.208279147626076,False,False,CALDWELL,CALDWELL,-96.676232,30.541565,South Central,1.0,True
6194,1,False,False,115.0,6,1,44.42,12.59,1.0459152571243042,-11.104685294352524,False,False,AUSTIN,AUSTIN 6,-97.77508287179488,30.30416587179487,South Central,1.0,True
6195,1,False,False,115.0,6,1,3.14,0.75,1.0166911304339248,-15.49241950623948,False,False,INDUSTRY,INDUSTRY,-96.451051,30.024253,South Central,1.0,True
6196,1,False,False,115.0,6,1,21.28,6.03,1.0428605502509198,-12.606249793381188,False,False,DALE,DALE,-97.568294,29.940066,South Central,1.0,True
6197,1,False,False,500.0,6,1,0.0,0.0,1.0370500341479727,-6.948531736371197,False,False,SAN ANTONIO,SAN ANTONIO 46,-98.5093816037736,29.474642000000003,South Central,1.0,True
6198,1,False,False,230.0,6,1,0.0,0.0,1.0380088869994355,-8.834565894155853,False,False,SAN ANTONIO,SAN ANTONIO 46,-98.5093816037736,29.474642000000003,South Central,1.0,True
6199,1,False,False,115.0,6,1,319.9,67.93,1.038905265916495,-11.514306672360108,False,False,SAN ANTONIO,SAN ANTONIO 46,-98.5093816037736,29.474642000000003,South Central,1.0,True
6200,1,False,False,115.0,6,1,46.28,26.83,1.0290983554034363,-11.917095874882444,False,False,SAN ANTONIO,SAN ANTONIO 46,-98.5093816037736,29.474642000000003,South Central,1.0,True
6201,1,False,False,115.0,6,1,39.07,5.35,1.0341347519364557,-12.13587451305848,False,False,SAN ANTONIO,SAN ANTONIO 46,-98.5093816037736,29.474642000000003,South Central,1.0,True
6202,1,False,False,115.0,6,1,25.32,4.71,1.034688490691399,-12.718145146060676,False,False,MARTINDALE,MARTINDALE,-97.785202,29.659595,South Central,1.0,True
6203,1,False,False,115.0,6,1,203.49,33.32,1.0260338056476117,-12.326015910830296,False,False,SAN ANTONIO,SAN ANTONIO 46,-98.5093816037736,29.474642000000003,South Central,1.0,True
6204,1,False,False,115.0,6,1,10.23,-1.14,1.0311625006984246,-11.98513863173292,False,False,SAN ANTONIO,SAN ANTONIO 46,-98.5093816037736,29.474642000000003,South Central,1.0,True
6205,1,False,False,115.0,6,1,121.95,35.32,1.0284460010231933,-10.4156526514019,False,False,AUSTIN,AUSTIN 6,-97.77508287179488,30.30416587179487,South Central,1.0,True
6206,1,False,False,115.0,6,1,31.3,5.03,1.0160693154968976,-9.813920014696068,False,False,LEXINGTON,LEXINGTON,-96.840158,30.354823,South Central,1.0,True
6207,1,False,False,115.0,6,1,49.72,8.31,1.043200856558865,-10.069021841977042,False,False,LEANDER,LEANDER 1,-97.9398515,30.5062735,South Central,1.0,True
6208,1,False,False,115.0,6,1,173.97,39.94,1.0457878484898229,-11.824682978481558,False,False,AUSTIN,AUSTIN 6,-97.77508287179488,30.30416587179487,South Central,1.0,True
6209,1,False,False,115.0,6,1,7.52,2.93,1.0258654829040563,-8.898370183049966,False,False,MICO,MICO,-98.853494,29.501055,South Central,1.0,True
6210,1,False,False,500.0,6,1,0.0,0.0,1.0264178544788334,2.002056998345888,False,False,MARBLE FALLS,MARBLE FALLS 1,-98.26824166666664,30.564168,South Central,1.0,True
6211,1,False,False,230.0,6,1,0.0,0.0,1.0232542996195562,2.4378499181527924,False,False,MARBLE FALLS,MARBLE FALLS 1,-98.26824166666664,30.564168,South Central,1.0,True
6212,1,False,False,115.0,6,1,0.0,0.0,1.0311181030280447,-0.0156574723473501,False,False,MARBLE FALLS,MARBLE FALLS 1,-98.26824166666664,30.564168,South Central,1.0,True
6213,2,False,False,13.8,6,1,0.0,0.0,1.0399999999999996,7.330928595196449,False,False,MARBLE FALLS,MARBLE FALLS 1,-98.26824166666664,30.564168,South Central,1.0,True
6214,2,False,False,13.8,6,1,0.0,0.0,1.0399999999999998,6.12087896941319,False,False,MARBLE FALLS,MARBLE FALLS 1,-98.26824166666664,30.564168,South Central,1.0,True
6217,1,False,False,115.0,6,1,62.29,14.6,1.0324742676181176,-11.087867828590332,False,False,AUSTIN,AUSTIN 6,-97.77508287179488,30.30416587179487,South Central,1.0,True
6218,1,False,False,115.0,6,1,93.48,14.52,1.0183542108410866,-12.16240938136649,False,False,LOCKHART,LOCKHART,-97.676772,29.871471,South Central,1.0,True
6219,1,False,False,115.0,6,1,63.93,18.11,1.0353692802815222,-11.140696584190003,False,False,AUSTIN,AUSTIN 6,-97.77508287179488,30.30416587179487,South Central,1.0,True
6220,1,False,False,115.0,6,1,136.2,53.36,1.0304709831196306,-12.500015814084945,False,False,SAN ANTONIO,SAN ANTONIO 46,-98.5093816037736,29.474642000000003,South Central,1.0,True
6221,1,False,False,115.0,6,1,10.99,2.6,1.0462517109997085,-3.2809801770089573,False,False,FALLS CITY,FALLS CITY,-98.240425,28.867033,South Central,1.0,True
6222,1,False,False,230.0,6,1,0.0,0.0,1.0325721722910115,-7.310608252542639,False,False,AUSTIN,AUSTIN 6,-97.77508287179488,30.30416587179487,South Central,1.0,True
6223,1,False,False,115.0,6,1,166.84,47.27,1.0322701049891934,-9.825600124792622,False,False,AUSTIN,AUSTIN 6,-97.77508287179488,30.30416587179487,South Central,1.0,True
6224,1,False,False,115.0,6,1,171.82,73.71,1.0351823213886338,-11.89293563741578,False,False,AUSTIN,AUSTIN 6,-97.77508287179488,30.30416587179487,South Central,1.0,True
6225,1,False,False,115.0,6,1,85.25,60.27,1.0265907746794545,-12.334664876046746,False,False,SAN ANTONIO,SAN ANTONIO 46,-98.5093816037736,29.474642000000003,South Central,1.0,True
6226,1,False,False,115.0,6,1,18.02,5.11,1.0546647196084031,-2.626737247291692,False,True,BLANCO,BLANCO,-98.566548,30.182914,South Central,1.0,True
6227,1,False,False,115.0,6,1,212.91,35.8,1.0324676802035833,-11.089684219359404,False,False,AUSTIN,AUSTIN 6,-97.77508287179488,30.30416587179487,South Central,1.0,True
6228,1,False,False,500.0,6,1,0.0,0.0,1.0415711977323805,-5.187004676607585,False,False,SAN MARCOS,SAN MARCOS,-97.966164,29.880162,South Central,1.0,True
6229,1,False,False,230.0,6,1,0.0,0.0,1.0476584860411209,-7.296828818896044,False,False,SAN MARCOS,SAN MARCOS,-97.966164,29.880162,South Central,1.0,True
6230,1,False,False,115.0,6,1,191.51,54.26,1.035732547659668,-10.400138662656753,False,False,SAN MARCOS,SAN MARCOS,-97.966164,29.880162,South Central,1.0,True
6231,1,False,False,115.0,6,1,70.51,19.98,1.0326729949911766,-11.546438667331472,False,False,BUDA,BUDA,-97.838012,30.078514,South Central,1.0,True
6232,1,False,False,115.0,6,1,115.69,65.93,1.02929987028237,-8.531314020921176,False,False,DEL VALLE,DEL VALLE,-97.607312,30.150985,South Central,1.0,True
6233,2,False,False,115.0,6,1,79.16,18.44,1.0400000000000005,-10.25789824857043,False,False,AUSTIN,AUSTIN 6,-97.77508287179488,30.30416587179487,South Central,1.0,True
6234,1,False,False,500.0,6,1,0.0,0.0,1.036227244430446,-6.752606090016231,False,False,SAN ANTONIO,SAN ANTONIO 46,-98.5093816037736,29.474642000000003,South Central,1.0,True
6235,1,False,False,230.0,6,1,0.0,0.0,1.0353078879808084,-7.639158577820897,False,False,SAN ANTONIO,SAN ANTONIO 46,-98.5093816037736,29.474642000000003,South Central,1.0,True
6236,1,False,False,115.0,6,1,247.25,48.03,1.026840004532396,-11.187168321862906,False,False,SAN ANTONIO,SAN ANTONIO 46,-98.5093816037736,29.474642000000003,South Central,1.0,True
6237,1,False,False,115.0,6,1,1.88,0.53,1.0399040002171611,7.6551119143167075,False,False,BURLINGTON,BURLINGTON,-97.0630125,30.978365,South Central,1.0,True
6238,1,False,False,115.0,6,1,258.69,38.19,1.0327740405069947,-11.558683586701417,False,False,AUSTIN,AUSTIN 6,-97.77508287179488,30.30416587179487,South Central,1.0,True
6239,1,False,False,500.0,6,1,0.0,0.0,1.0366956521258257,-5.608607115321932,False,False,ELMENDORF,ELMENDORF,-98.35335,29.282378,South Central,1.0,True
6240,1,False,False,230.0,6,1,0.0,0.0,1.0360102517600374,-7.177868818449821,False,False,ELMENDORF,ELMENDORF,-98.35335,29.282378,South Central,1.0,True
6241,1,False,False,115.0,6,1,294.7,131.18,1.0350817504310328,-8.427869362488543,False,False,ELMENDORF,ELMENDORF,-98.35335,29.282378,South Central,1.0,True
6242,2,False,False,13.8,6,1,0.0,0.0,1.04,-4.804665333965005,False,False,ELMENDORF,ELMENDORF,-98.35335,29.282378,South Central,1.0,True
6243,2,False,False,13.8,6,1,0.0,0.0,1.0366956521258257,-5.608607115321932,False,False,ELMENDORF,ELMENDORF,-98.35335,29.282378,South Central,1.0,True
6250,1,False,False,115.0,6,1,92.3,24.43,1.0305912867691616,-11.928338283217814,False,False,SAN ANTONIO,SAN ANTONIO 46,-98.5093816037736,29.474642000000003,South Central,1.0,True
6251,1,False,False,115.0,6,1,81.18,14.52,1.0177817903415796,-15.672442355533397,False,False,CANYON LAKE,CANYON LAKE,-98.228231,29.971139,South Central,1.0,True
6252,1,False,False,115.0,6,1,14.16,3.82,1.0268943204719605,-2.540231331240024,False,False,JOHNSON CITY,JOHNSON CITY,-98.359569,30.402261,South Central,1.0,True
6253,1,False,False,115.0,6,1,19.9,9.96,1.0333809839403596,1.6990395256480966,False,False,YORKTOWN,YORKTOWN,-97.428562,28.857734,South Central,1.0,True
6254,2,False,False,500.0,6,1,0.0,0.0,1.04,-2.2869839912139165,False,False,AUSTIN,AUSTIN 6,-97.77508287179488,30.30416587179487,South Central,1.0,True
6255,1,False,False,230.0,6,1,0.0,0.0,1.0382413316662662,-4.95994151713835,False,False,AUSTIN,AUSTIN 6,-97.77508287179488,30.30416587179487,South Central,1.0,True
6256,1,False,False,115.0,6,1,18.25,5.17,1.0420553531553265,-9.999737150588414,False,False,AUSTIN,AUSTIN 6,-97.77508287179488,30.30416587179487,South Central,1.0,True
6257,2,False,False,13.8,6,1,0.0,0.0,1.0400000000000005,1.0529302119834236,False,False,AUSTIN,AUSTIN 6,-97.77508287179488,30.30416587179487,South Central,1.0,True
6258,2,False,False,13.8,6,1,0.0,0.0,1.0400000000000005,1.8820419202497067,False,False,AUSTIN,AUSTIN 6,-97.77508287179488,30.30416587179487,South Central,1.0,True
6259,2,False,False,13.8,6,1,0.0,0.0,1.0399999999999998,-0.4178955615480502,False,False,AUSTIN,AUSTIN 6,-97.77508287179488,30.30416587179487,South Central,1.0,True
6260,2,False,False,13.8,6,1,0.0,0.0,1.0399999999999998,-0.3263095122407382,False,False,AUSTIN,AUSTIN 6,-97.77508287179488,30.30416587179487,South Central,1.0,True
6261,1,False,False,115.0,6,1,31.18,8.83,1.0353898017053922,-12.41510001217666,False,False,LACKLAND A F B,LACKLAND A F B,-98.618734,29.391283,South Central,1.0,True
6262,1,False,False,115.0,6,1,40.16,8.05,1.0236548782923678,-5.602361667143788,False,False,LIBERTY HILL,LIBERTY HILL,-97.875708,30.748955,South Central,1.0,True
6263,1,False,False,230.0,6,1,0.0,0.0,1.0313046334556106,5.931280399814328,False,False,KENEDY,KENEDY,-97.894958,28.733411,South Central,1.0,True
6264,1,False,False,115.0,6,1,37.87,9.91,1.023397035400027,6.409222884795129,False,False,KENEDY,KENEDY,-97.894958,28.733411,South Central,1.0,True
6265,1,False,False,115.0,6,1,0.0,0.0,1.0280233960791056,-6.900482876212013,False,False,CUERO,CUERO 2,-97.2968245,29.1133745,South Central,1.0,True
6275,1,False,False,115.0,6,1,110.59,31.34,1.03132447539769,-11.217471533208634,False,False,SAN ANTONIO,SAN ANTONIO 46,-98.5093816037736,29.474642000000003,South Central,1.0,True
6276,1,False,False,115.0,6,1,39.92,11.31,1.03072508413036,-12.237802108572344,False,False,VON ORMY,VON ORMY,-98.622442,29.243915,South Central,1.0,True
6277,2,False,False,230.0,6,1,0.0,0.0,1.0399999999999996,-7.262490864747837,False,False,KYLE,KYLE,-97.807,29.875,South Central,1.0,True
6278,1,False,False,115.0,6,1,135.68,67.5,1.0267993907096633,-10.416689739455174,False,False,KYLE,KYLE,-97.807,29.875,South Central,1.0,True
6279,1,False,False,230.0,6,1,0.0,0.0,1.0395566653156916,-7.980102590779973,False,False,SEGUIN,SEGUIN 1,-97.97505466666668,28.59622966666667,South Central,1.0,True
6280,1,False,False,115.0,6,1,253.99,-18.6,1.0402777210187997,-10.484770892880515,False,False,SEGUIN,SEGUIN 1,-97.97505466666668,28.59622966666667,South Central,1.0,True
6281,1,False,False,115.0,6,1,85.79,-7.89,1.0350943935119934,-12.866464751223308,False,False,UNIVERSAL CITY,UNIVERSAL CITY,-98.277499,29.525969,South Central,1.0,True
6282,1,False,False,115.0,6,1,27.58,7.42,1.0333212829374598,-6.928477258205824,False,False,SPICEWOOD,SPICEWOOD,-98.112655,30.430044,South Central,1.0,True
6283,1,False,False,115.0,6,1,6.88,1.95,1.0375768002913843,-11.733118173560383,False,False,SAINT HEDWIG,SAINT HEDWIG,-98.205116,29.43659,South Central,1.0,True
6284,1,False,False,115.0,6,1,71.58,20.14,1.037928332856213,-10.162490899060852,False,False,SAN ANTONIO,SAN ANTONIO 46,-98.5093816037736,29.474642000000003,South Central,1.0,True
6285,1,False,False,230.0,6,1,0.0,0.0,1.0460724552369232,-7.868202905169496,False,False,BOERNE,BOERNE 1,-98.6782725,29.80345,South Central,1.0,True
6286,1,False,False,115.0,6,1,82.67,23.42,1.0536772077862568,-7.519308815550263,False,True,BOERNE,BOERNE 1,-98.6782725,29.80345,South Central,1.0,True
6287,1,False,False,230.0,6,1,0.0,0.0,1.0369535869590156,-8.442929471894221,False,False,SAN ANTONIO,SAN ANTONIO 46,-98.5093816037736,29.474642000000003,South Central,1.0,True
6288,1,False,False,115.0,6,1,307.39,88.02,1.0295171537233945,-12.034917249083868,False,False,SAN ANTONIO,SAN ANTONIO 46,-98.5093816037736,29.474642000000003,South Central,1.0,True
6289,1,False,False,115.0,6,1,73.84,24.33,1.0317919085747034,-11.301062132575812,False,False,AUSTIN,AUSTIN 6,-97.77508287179488,30.30416587179487,South Central,1.0,True
6290,1,False,False,115.0,6,1,67.61,19.16,1.0496221321050987,-11.051474634003238,False,False,AUSTIN,AUSTIN 6,-97.77508287179488,30.30416587179487,South Central,1.0,True
6291,1,False,False,115.0,6,1,20.57,5.83,1.030068667059803,-13.163193093372934,False,False,SAN ANTONIO,SAN ANTONIO 46,-98.5093816037736,29.474642000000003,South Central,1.0,True
6292,1,False,False,500.0,6,1,0.0,0.0,1.0390454175183257,-2.4812619657144217,False,False,CEDAR CREEK,CEDAR CREEK 1,-97.522552,30.119949,South Central,1.0,True
6293,1,False,False,230.0,6,1,0.0,0.0,1.036030692348212,-5.406136649748447,False,False,CEDAR CREEK,CEDAR CREEK 1,-97.522552,30.119949,South Central,1.0,True
6294,1,False,False,115.0,6,1,0.0,0.0,1.0330610288843127,-7.551981143384197,False,False,CEDAR CREEK,CEDAR CREEK 1,-97.522552,30.119949,South Central,1.0,True
6295,2,False,False,13.8,6,1,0.0,0.0,1.0390454175183257,-2.4812619657144217,False,False,CEDAR CREEK,CEDAR CREEK 1,-97.522552,30.119949,South Central,1.0,True
6296,2,False,False,13.8,6,1,0.0,0.0,1.0399999999999998,-1.509279933949928,False,False,CEDAR CREEK,CEDAR CREEK 1,-97.522552,30.119949,South Central,1.0,True
6297,2,False,False,13.8,6,1,0.0,0.0,1.0400000000000005,-0.6267796012918888,False,False,CEDAR CREEK,CEDAR CREEK 1,-97.522552,30.119949,South Central,1.0,True
6298,1,False,False,500.0,6,1,0.0,0.0,1.0408709994809315,-4.757519866658523,False,False,NEW BRAUNFELS,NEW BRAUNFELS 2,-98.08352933333332,29.745433666666667,South Central,1.0,True
6299,1,False,False,230.0,6,1,0.0,0.0,1.0426990584782356,-7.114132135023284,False,False,NEW BRAUNFELS,NEW BRAUNFELS 2,-98.08352933333332,29.745433666666667,South Central,1.0,True
6300,1,False,False,115.0,6,1,0.0,0.0,1.03528169660575,-8.987506766181758,False,False,NEW BRAUNFELS,NEW BRAUNFELS 2,-98.08352933333332,29.745433666666667,South Central,1.0,True
6301,2,False,False,22.0,6,1,0.0,0.0,1.0400000000000005,-0.7211298641996768,False,False,NEW BRAUNFELS,NEW BRAUNFELS 2,-98.08352933333332,29.745433666666667,South Central,1.0,True
6302,2,False,False,22.0,6,1,0.0,0.0,1.04,0.7828751015852319,False,False,NEW BRAUNFELS,NEW BRAUNFELS 2,-98.08352933333332,29.745433666666667,South Central,1.0,True
6303,2,False,False,22.0,6,1,0.0,0.0,1.0408709994809315,-4.757519866658523,False,False,NEW BRAUNFELS,NEW BRAUNFELS 2,-98.08352933333332,29.745433666666667,South Central,1.0,True
6304,2,False,False,22.0,6,1,0.0,0.0,1.0400000000000005,-1.9002232078281132,False,False,NEW BRAUNFELS,NEW BRAUNFELS 2,-98.08352933333332,29.745433666666667,South Central,1.0,True
6306,1,False,False,115.0,6,1,54.19,15.35,1.0327508008652893,-10.664915027608624,False,False,AUSTIN,AUSTIN 6,-97.77508287179488,30.30416587179487,South Central,1.0,True
6307,1,False,False,115.0,6,1,130.73,21.13,1.0292339420697032,-12.286716894171642,False,False,SAN ANTONIO,SAN ANTONIO 46,-98.5093816037736,29.474642000000003,South Central,1.0,True
6308,1,False,False,230.0,6,1,0.0,0.0,1.027840086440479,-2.7916743573495757,False,False,HONDO,HONDO,-99.141134,29.427375,South Central,1.0,True
6309,1,False,False,115.0,6,1,76.64,11.65,1.0171694821428052,-2.197814812255422,False,False,HONDO,HONDO,-99.141134,29.427375,South Central,1.0,True
6310,1,False,False,115.0,6,1,139.58,26.14,1.0304192400189192,-11.859817915246394,False,False,SAN ANTONIO,SAN ANTONIO 46,-98.5093816037736,29.474642000000003,South Central,1.0,True
6311,1,False,False,115.0,6,1,13.27,3.43,1.0345816189417991,-10.532534082981329,False,False,NEW ULM,NEW ULM,-96.686537,29.806557,South Central,1.0,True
6312,1,False,False,115.0,6,1,88.02,40.89,1.0339945347555066,-11.275585342459694,False,False,SAN ANTONIO,SAN ANTONIO 46,-98.5093816037736,29.474642000000003,South Central,1.0,True
6313,1,False,False,115.0,6,1,26.29,7.45,1.0353229716876975,-10.9590749782945,False,False,AUSTIN,AUSTIN 6,-97.77508287179488,30.30416587179487,South Central,1.0,True
6314,1,False,False,115.0,6,1,44.76,16.4,1.020667116189315,-14.193921996774128,False,False,BULVERDE,BULVERDE,-98.453225,29.769466,South Central,1.0,True
6315,1,False,False,230.0,6,1,0.0,0.0,1.0325969936175938,-4.974417374987051,False,False,GEORGETOWN,GEORGETOWN 2,-97.72702366666664,30.716280333333337,South Central,1.0,True
6316,1,False,False,161.0,6,1,0.0,0.0,1.029417647556433,-2.247312262314759,False,False,GEORGETOWN,GEORGETOWN 2,-97.72702366666664,30.716280333333337,South Central,1.0,True
6319,1,False,False,115.0,6,1,70.22,35.38,1.0148366751455258,-4.923188571755287,False,False,GEORGETOWN,GEORGETOWN 2,-97.72702366666664,30.716280333333337,South Central,1.0,True
6320,1,False,False,115.0,6,1,47.89,27.01,1.037996663856411,-11.129676575081769,False,False,SAN ANTONIO,SAN ANTONIO 46,-98.5093816037736,29.474642000000003,South Central,1.0,True
6321,1,False,False,230.0,6,1,0.0,0.0,1.028129362649729,-2.354730229899252,False,False,FLORESVILLE,FLORESVILLE,-98.080406,29.073446,South Central,1.0,True
6322,1,False,False,115.0,6,1,70.61,19.8,1.0285836027958954,-4.533737790437942,False,False,FLORESVILLE,FLORESVILLE,-98.080406,29.073446,South Central,1.0,True
6323,1,False,False,115.0,6,1,33.38,9.46,1.0309042237460204,-11.965630103178547,False,False,SAN ANTONIO,SAN ANTONIO 46,-98.5093816037736,29.474642000000003,South Central,1.0,True
6324,1,False,False,115.0,6,1,58.22,16.78,1.0367463180015446,-8.264960852449981,False,False,SAN ANTONIO,SAN ANTONIO 46,-98.5093816037736,29.474642000000003,South Central,1.0,True
6325,1,False,False,115.0,6,1,4.74,1.34,1.0366520414814235,6.903426551849594,False,False,BUCKHOLTS,BUCKHOLTS,-97.148898,30.852653,South Central,1.0,True
6326,1,False,False,115.0,6,1,15.43,4.62,1.027870440368767,-10.629687902596435,False,False,SOMERVILLE,SOMERVILLE,-96.438114,30.471301,South Central,1.0,True
6327,1,False,False,115.0,6,1,17.61,4.89,1.030030710684943,-11.75982694871261,False,False,WEIMAR,WEIMAR,-96.652467,29.488624,South Central,1.0,True
6328,1,False,False,115.0,6,1,27.95,7.92,1.0300923453277984,-7.810683888164456,False,False,COMFORT,COMFORT,-98.904706,29.972312,South Central,1.0,True
6329,2,False,False,115.0,6,1,1.79,0.22,1.04,0.4122838284623355,False,False,NORDHEIM,NORDHEIM,-97.696944,28.871642,South Central,1.0,True
6330,1,False,False,115.0,6,1,133.75,13.21,1.036544240332792,-11.15436514799465,False,False,AUSTIN,AUSTIN 6,-97.77508287179488,30.30416587179487,South Central,1.0,True
6331,1,False,False,115.0,6,1,81.32,58.45,1.0589748703990944,-11.709919321854418,False,True,AUSTIN,AUSTIN 6,-97.77508287179488,30.30416587179487,South Central,1.0,True
6332,1,False,False,115.0,6,1,73.0,38.47,1.0216840118283623,-12.036979637813369,False,False,HELOTES,HELOTES,-98.746764,29.609914,South Central,1.0,True
6333,1,False,False,500.0,6,1,0.0,0.0,1.037021477400785,-7.059423059460632,False,False,SAN ANTONIO,SAN ANTONIO 46,-98.5093816037736,29.474642000000003,South Central,1.0,True
6334,1,False,False,230.0,6,1,0.0,0.0,1.0376123110680913,-8.334447988006191,False,False,SAN ANTONIO,SAN ANTONIO 46,-98.5093816037736,29.474642000000003,South Central,1.0,True
6335,1,False,False,115.0,6,1,164.71,46.67,1.0181532036134022,-12.282658397050524,False,False,SAN ANTONIO,SAN ANTONIO 46,-98.5093816037736,29.474642000000003,South Central,1.0,True
6336,1,False,False,115.0,6,1,46.4,7.39,1.0099413760131364,-7.833293329034352,False,False,BANDERA,BANDERA,-99.095171,29.707222,South Central,1.0,True
6337,1,False,False,115.0,6,1,127.62,34.34,1.0406075187126196,-12.58266653102696,False,False,SAN ANTONIO,SAN ANTONIO 46,-98.5093816037736,29.474642000000003,South Central,1.0,True
6338,1,False,False,115.0,6,1,35.07,9.97,1.0351113567086856,-1.9256436191366733,False,False,ROCKDALE,ROCKDALE 1,-96.947291,30.633128,South Central,1.0,True
6339,1,False,False,115.0,6,1,60.8,9.74,1.0227479032016622,-9.116271347929024,False,False,CEDAR CREEK,CEDAR CREEK 1,-97.522552,30.119949,South Central,1.0,True
6340,1,False,False,115.0,6,1,43.66,19.12,1.033948503924402,-13.718398453971671,False,False,NIXON,NIXON,-97.735834,29.428917,South Central,1.0,True
6341,1,False,False,115.0,6,1,6.3,1.79,1.0272380028418764,-18.876360778965037,False,False,CHAPPELL HILL,CHAPPELL HILL,-96.258442,30.1223,South Central,1.0,True
6342,1,False,False,500.0,6,1,0.0,0.0,1.0323089953754414,-3.1287362172376567,False,False,ROUND ROCK,ROUND ROCK 1,-97.677175,30.5341255,South Central,1.0,True
6343,1,False,False,230.0,6,1,0.0,0.0,1.0306089650404897,-6.369289550128414,False,False,ROUND ROCK,ROUND ROCK 1,-97.677175,30.5341255,South Central,1.0,True
6344,1,False,False,115.0,6,1,172.24,61.98,1.0293291403753129,-8.356350955778703,False,False,ROUND ROCK,ROUND ROCK 1,-97.677175,30.5341255,South Central,1.0,True
6345,1,False,False,115.0,6,1,33.68,5.02,1.037743281499787,-11.141407903324136,False,False,AUSTIN,AUSTIN 6,-97.77508287179488,30.30416587179487,South Central,1.0,True
6346,1,False,False,115.0,6,1,2.3,0.65,1.027994310644795,-5.623981454467438,False,False,LEMING,LEMING,-98.48181,29.070547,South Central,1.0,True
6349,1,False,False,500.0,6,1,0.0,0.0,1.0351690757901195,-2.943707789746958,False,False,AUSTIN,AUSTIN 6,-97.77508287179488,30.30416587179487,South Central,1.0,True
6350,1,False,False,230.0,6,1,0.0,0.0,1.0314141799556142,-5.037644693376701,False,False,AUSTIN,AUSTIN 6,-97.77508287179488,30.30416587179487,South Central,1.0,True
6351,1,False,False,115.0,6,1,23.86,0.69,1.0307523049273275,-9.53212189417878,False,False,AUSTIN,AUSTIN 6,-97.77508287179488,30.30416587179487,South Central,1.0,True
6352,1,False,False,115.0,6,1,226.71,34.5,1.0339826293143186,-13.874875558998117,False,False,SAN ANTONIO,SAN ANTONIO 46,-98.5093816037736,29.474642000000003,South Central,1.0,True
6353,1,False,False,115.0,6,1,194.47,30.59,1.0292173941682472,-8.988798536350915,False,False,ROUND ROCK,ROUND ROCK 1,-97.677175,30.5341255,South Central,1.0,True
6354,1,False,False,230.0,6,1,0.0,0.0,1.0305852083804632,-6.577995349498524,False,False,ROUND ROCK,ROUND ROCK 1,-97.677175,30.5341255,South Central,1.0,True
6355,1,False,False,115.0,6,1,151.82,52.81,1.0293396215659014,-8.374162193867233,False,False,ROUND ROCK,ROUND ROCK 1,-97.677175,30.5341255,South Central,1.0,True
6356,1,False,False,115.0,6,1,135.92,38.51,1.0585348231932796,-13.37401543432348,False,True,SAN ANTONIO,SAN ANTONIO 46,-98.5093816037736,29.474642000000003,South Central,1.0,True
6357,1,False,False,115.0,6,1,57.4,8.74,1.0052433824161828,11.57063106459812,False,False,DEVINE,DEVINE,-99.168888,29.135837,South Central,1.0,True
6358,1,False,False,115.0,6,1,77.99,14.56,1.0456238963406344,-7.976886398341374,False,False,GEORGETOWN,GEORGETOWN 2,-97.72702366666664,30.716280333333337,South Central,1.0,True
6359,1,False,False,230.0,6,1,0.0,0.0,1.0187963084116949,5.180843094358624,False,False,BURNET,BURNET,-98.283025,30.800718,South Central,1.0,True
6360,1,False,False,115.0,6,1,56.05,11.03,1.0214303209814577,4.101327616012172,False,False,BURNET,BURNET,-98.283025,30.800718,South Central,1.0,True
7001,1,False,False,115.0,7,1,9.36,4.56,1.0361774971563245,-2.8876498178527386,False,False,INEZ,INEZ,-96.889623,28.83905,Coast,1.0,True
7002,1,False,False,500.0,7,1,0.0,0.0,1.0399641595172953,-20.114833349348377,False,False,PASADENA,PASADENA 2,-95.1431518,29.6833732,Coast,1.0,True
7003,1,False,False,230.0,7,1,0.0,0.0,1.0367375053958583,-22.913213861527417,False,False,PASADENA,PASADENA 2,-95.1431518,29.6833732,Coast,1.0,True
7004,1,False,False,115.0,7,1,221.92,23.21,1.0372881742283593,-25.86115940112648,False,False,PASADENA,PASADENA 2,-95.1431518,29.6833732,Coast,1.0,True
7005,2,False,False,13.8,7,1,0.0,0.0,1.04,-15.846284630592036,False,False,PASADENA,PASADENA 2,-95.1431518,29.6833732,Coast,1.0,True
7006,2,False,False,13.8,7,1,0.0,0.0,1.0399641595172953,-20.114833349348377,False,False,PASADENA,PASADENA 2,-95.1431518,29.6833732,Coast,1.0,True
7007,2,False,False,13.8,7,1,0.0,0.0,1.0400000000000005,-15.790025016416577,False,False,PASADENA,PASADENA 2,-95.1431518,29.6833732,Coast,1.0,True
7008,2,False,False,13.8,7,1,0.0,0.0,1.0399641595172953,-20.114833349348377,False,False,PASADENA,PASADENA 2,-95.1431518,29.6833732,Coast,1.0,True
7009,2,False,False,13.8,7,1,0.0,0.0,1.0399641595172953,-20.114833349348377,False,False,PASADENA,PASADENA 2,-95.1431518,29.6833732,Coast,1.0,True
7010,1,False,False,115.0,7,1,15.65,7.85,1.0133993395887837,-24.702693958847963,False,False,PRAIRIE VIEW,PRAIRIE VIEW,-95.990493,30.086834,Coast,1.0,True
7011,1,False,False,115.0,7,1,36.99,24.39,1.0335770615698054,-26.631133998285307,False,False,CONROE,CONROE 1,-95.41198228571427,30.277086714285712,Coast,1.0,True
7012,1,False,False,115.0,7,1,0.94,0.65,1.0310233536197722,-22.645090454065105,False,False,SIMONTON,SIMONTON,-95.95226,29.687606,Coast,1.0,True
7013,1,False,False,115.0,7,1,138.05,-26.19,1.026802584135074,-26.002390648120656,False,False,HOUSTON,HOUSTON 80,-95.41128715217393,29.77727818478261,Coast,1.0,True
7014,1,False,False,115.0,7,1,59.41,8.97,1.0285031428936189,-26.82364020895121,False,False,HOUSTON,HOUSTON 80,-95.41128715217393,29.77727818478261,Coast,1.0,True
7016,1,False,False,115.0,7,1,110.29,67.52,1.0371312639891614,-21.6388557696561,False,False,HOUSTON,HOUSTON 80,-95.41128715217393,29.77727818478261,Coast,1.0,True
7017,1,False,False,115.0,7,1,143.75,114.0,1.0220080034435015,-26.28264546837957,False,False,HOUSTON,HOUSTON 80,-95.41128715217393,29.77727818478261,Coast,1.0,True
7018,1,False,False,500.0,7,1,0.0,0.0,1.041862607326023,-1.4395954919465446,False,False,NURSERY,NURSERY,-97.135,28.8947,Coast,1.0,True
7019,1,False,False,230.0,7,1,0.0,0.0,1.036669432840338,-0.622613295971649,False,False,NURSERY,NURSERY,-97.135,28.8947,Coast,1.0,True
7020,1,False,False,115.0,7,1,75.58,21.55,1.0347177419885598,-2.8455690491767185,False,False,NURSERY,NURSERY,-97.135,28.8947,Coast,1.0,True
7021,2,False,False,18.0,7,1,0.0,0.0,1.041862607326023,-1.4395954919465446,False,False,NURSERY,NURSERY,-97.135,28.8947,Coast,1.0,True
7022,2,False,False,18.0,7,1,0.0,0.0,1.041862607326023,-1.4395954919465446,False,False,NURSERY,NURSERY,-97.135,28.8947,Coast,1.0,True
7023,2,False,False,18.0,7,1,0.0,0.0,1.041862607326023,-1.4395954919465446,False,False,NURSERY,NURSERY,-97.135,28.8947,Coast,1.0,True
7024,2,False,False,18.0,7,1,0.0,0.0,1.04,5.794841758926499,False,False,NURSERY,NURSERY,-97.135,28.8947,Coast,1.0,True
7026,1,False,False,115.0,7,1,43.39,12.29,1.0367422366662056,-20.21759299185828,False,False,BACLIFF,BACLIFF,-94.98483,29.49233,Coast,1.0,True
7027,1,False,False,115.0,7,1,109.22,30.95,1.0273757295537682,-26.68709033193587,False,False,SPRING,SPRING 1,-95.47181825,30.112047375,Coast,1.0,True
7028,1,False,False,115.0,7,1,77.01,4.15,1.0410573517707973,-25.31976593634375,False,False,HOUSTON,HOUSTON 80,-95.41128715217393,29.77727818478261,Coast,1.0,True
7029,2,False,False,230.0,7,1,0.0,0.0,1.0400000000000005,0.0227437748190576,False,False,PORT LAVACA,PORT LAVACA,-96.70457766666668,28.589903333333336,Coast,1.0,True
7030,1,False,False,115.0,7,1,0.0,0.0,1.0334157812657865,0.959141159920468,False,False,PORT LAVACA,PORT LAVACA,-96.70457766666668,28.589903333333336,Coast,1.0,True
7031,2,False,False,13.8,7,1,0.0,0.0,1.0400000000000005,6.631945195833874,False,False,PORT LAVACA,PORT LAVACA,-96.70457766666668,28.589903333333336,Coast,1.0,True
7032,2,False,False,13.8,7,1,0.0,0.0,1.0400000000000005,2.689342159928152,False,False,PORT LAVACA,PORT LAVACA,-96.70457766666668,28.589903333333336,Coast,1.0,True
7033,2,False,False,13.8,7,1,0.0,0.0,1.0400000000000005,3.561862987618428,False,False,PORT LAVACA,PORT LAVACA,-96.70457766666668,28.589903333333336,Coast,1.0,True
7034,2,False,False,13.8,7,1,0.0,0.0,1.0399999999999998,1.2268237172069592,False,False,PORT LAVACA,PORT LAVACA,-96.70457766666668,28.589903333333336,Coast,1.0,True
7035,1,False,False,230.0,7,1,0.0,0.0,1.027281684478656,-20.51292238203096,False,False,CONROE,CONROE 1,-95.41198228571427,30.277086714285712,Coast,1.0,True
7036,1,False,False,115.0,7,1,146.0,26.15,1.0231662243449235,-22.696437681235658,False,False,CONROE,CONROE 1,-95.41198228571427,30.277086714285712,Coast,1.0,True
7037,1,False,False,500.0,7,1,0.0,0.0,1.0399854502169903,-18.468987310123605,False,False,SUGAR LAND,SUGAR LAND 3,-95.64513933333336,29.591588,Coast,1.0,True
7038,1,False,False,230.0,7,1,0.0,0.0,1.0333263413029083,-20.5421655456421,False,False,SUGAR LAND,SUGAR LAND 3,-95.64513933333336,29.591588,Coast,1.0,True
7039,1,False,False,115.0,7,1,235.5,-27.97,1.0298995260929802,-24.395900528316687,False,False,SUGAR LAND,SUGAR LAND 3,-95.64513933333336,29.591588,Coast,1.0,True
7040,1,False,False,230.0,7,1,0.0,0.0,1.03196839717387,-22.903572935946357,False,False,DAYTON,DAYTON,-94.921994,30.054436,Coast,1.0,True
7041,1,False,False,115.0,7,1,93.88,26.6,1.0274716067255838,-25.48614462805673,False,False,DAYTON,DAYTON,-94.921994,30.054436,Coast,1.0,True
7042,1,False,False,500.0,7,1,0.0,0.0,1.0413154169837735,-1.9204572634561847,False,False,VICTORIA,VICTORIA 2,-97.00621414285716,28.74651585714286,Coast,1.0,True
7043,1,False,False,230.0,7,1,0.0,0.0,1.0378160420345084,-0.8787361995743256,False,False,VICTORIA,VICTORIA 2,-97.00621414285716,28.74651585714286,Coast,1.0,True
7044,1,False,False,115.0,7,1,184.92,35.32,1.0385214472074829,-1.4588131145086798,False,False,VICTORIA,VICTORIA 2,-97.00621414285716,28.74651585714286,Coast,1.0,True
7045,2,False,False,20.0,7,1,0.0,0.0,1.0413154169837735,-1.9204572634561847,False,False,VICTORIA,VICTORIA 2,-97.00621414285716,28.74651585714286,Coast,1.0,True
7046,2,False,False,20.0,7,1,0.0,0.0,1.0413154169837735,-1.9204572634561847,False,False,VICTORIA,VICTORIA 2,-97.00621414285716,28.74651585714286,Coast,1.0,True
7047,1,False,False,500.0,7,1,0.0,0.0,1.0399574381367236,-17.58194574349767,False,False,KATY,KATY 1,-95.7842315,29.79427175,Coast,1.0,True
7048,1,False,False,230.0,7,1,0.0,0.0,1.0313318856052347,-20.76077316856717,False,False,KATY,KATY 1,-95.7842315,29.79427175,Coast,1.0,True
7049,1,False,False,115.0,7,1,498.79,89.88,1.0244712663956714,-25.24452459530356,False,False,KATY,KATY 1,-95.7842315,29.79427175,Coast,1.0,True
7050,1,False,False,115.0,7,1,72.03,48.74,1.0060995713357217,-26.876817824999858,False,False,MAGNOLIA,MAGNOLIA 2,-95.698237,30.1865575,Coast,1.0,True
7051,1,False,False,115.0,7,1,199.36,84.7,1.0258103567027386,-26.565815283532142,False,False,HOUSTON,HOUSTON 80,-95.41128715217393,29.77727818478261,Coast,1.0,True
7052,1,False,False,115.0,7,1,106.66,30.22,1.0274666908682697,-24.764702332553707,False,False,MISSOURI CITY,MISSOURI CITY 1,-95.567913,29.5403555,Coast,1.0,True
7053,1,False,False,115.0,7,1,192.01,20.69,1.0357018905726676,-22.28716086684125,False,False,RICHMOND,RICHMOND 1,-95.733244,29.47971475,Coast,1.0,True
7054,2,False,False,115.0,7,1,101.99,26.31,1.0400000000000005,-26.75862340893533,False,False,HOUSTON,HOUSTON 80,-95.41128715217393,29.77727818478261,Coast,1.0,True
7055,1,False,False,115.0,7,1,131.68,27.79,1.0277384906690084,-25.66140230175121,False,False,HOUSTON,HOUSTON 80,-95.41128715217393,29.77727818478261,Coast,1.0,True
7056,1,False,False,230.0,7,1,0.0,0.0,1.0288016216282905,-21.724521712856905,False,False,SPRING,SPRING 1,-95.47181825,30.112047375,Coast,1.0,True
7057,1,False,False,115.0,7,1,197.64,30.06,1.008262129505954,-26.755279361198543,False,False,SPRING,SPRING 1,-95.47181825,30.112047375,Coast,1.0,True
7058,2,False,False,500.0,7,1,0.0,0.0,1.0399999999999996,-4.087685081247306,False,False,POINT COMFORT,POINT COMFORT 2,-96.542544,28.663349333333333,Coast,1.0,True
7059,1,False,False,230.0,7,1,0.0,0.0,1.0383925818248445,-3.2851975054081164,False,False,POINT COMFORT,POINT COMFORT 2,-96.542544,28.663349333333333,Coast,1.0,True
7060,1,False,False,115.0,7,1,0.0,0.0,1.0400388443375703,-2.570677331938719,False,False,POINT COMFORT,POINT COMFORT 2,-96.542544,28.663349333333333,Coast,1.0,True
7061,2,False,False,13.8,7,1,0.0,0.0,1.0399999999999996,-4.087685081247305,False,False,POINT COMFORT,POINT COMFORT 2,-96.542544,28.663349333333333,Coast,1.0,True
7062,2,False,False,13.8,7,1,0.0,0.0,1.0399999999999996,-4.087685081247306,False,False,POINT COMFORT,POINT COMFORT 2,-96.542544,28.663349333333333,Coast,1.0,True
7063,2,False,False,13.8,7,1,0.0,0.0,1.0399999999999996,-4.087685081247306,False,False,POINT COMFORT,POINT COMFORT 2,-96.542544,28.663349333333333,Coast,1.0,True
7064,2,False,False,13.8,7,1,0.0,0.0,1.0399999999999996,-4.087685081247306,False,False,POINT COMFORT,POINT COMFORT 2,-96.542544,28.663349333333333,Coast,1.0,True
7065,2,False,False,13.8,7,1,0.0,0.0,1.0399999999999996,-4.087685081247307,False,False,POINT COMFORT,POINT COMFORT 2,-96.542544,28.663349333333333,Coast,1.0,True
7066,2,False,False,13.8,7,1,0.0,0.0,1.0399999999999996,-4.087685081247306,False,False,POINT COMFORT,POINT COMFORT 2,-96.542544,28.663349333333333,Coast,1.0,True
7067,1,False,False,115.0,7,1,125.19,23.43,1.018635970099272,-27.16038999352545,False,False,HOUSTON,HOUSTON 80,-95.41128715217393,29.77727818478261,Coast,1.0,True
7068,1,False,False,230.0,7,1,0.0,0.0,1.03815209970656,-13.002751761696429,False,False,EL CAMPO,EL CAMPO,-96.2086544,29.0561128,Coast,1.0,True
7069,1,False,False,115.0,7,1,101.16,-4.81,1.035349755853485,-15.67733548342614,False,False,EL CAMPO,EL CAMPO,-96.2086544,29.0561128,Coast,1.0,True
7070,1,False,False,115.0,7,1,101.03,28.63,1.030187047241938,-26.638168605647262,False,False,HOUSTON,HOUSTON 80,-95.41128715217393,29.77727818478261,Coast,1.0,True
7071,1,False,False,115.0,7,1,5.72,1.07,1.035583504624156,-3.810015929458222,False,False,PORT O CONNOR,PORT O CONNOR,-96.491788,28.444644,Coast,1.0,True
7072,1,False,False,115.0,7,1,116.42,69.49,1.0311529428342792,-20.80779747614025,False,False,DICKINSON,DICKINSON,-95.031051,29.456766,Coast,1.0,True
7073,1,False,False,230.0,7,1,0.0,0.0,1.0312919402844951,-21.72894594613686,False,False,GALVESTON,GALVESTON 1,-94.84457,29.28062966666667,Coast,1.0,True
7074,1,False,False,115.0,7,1,132.64,21.59,1.0179592040974192,-23.95563362467562,False,False,GALVESTON,GALVESTON 1,-94.84457,29.28062966666667,Coast,1.0,True
7075,2,False,False,115.0,7,1,230.97,45.58,1.0434099904467595,-26.71007844705581,False,False,HOUSTON,HOUSTON 80,-95.41128715217393,29.77727818478261,Coast,1.0,True
7076,1,False,False,500.0,7,1,0.0,0.0,1.039992235487811,-20.796637252185352,False,False,BAYTOWN,BAYTOWN 2,-94.9321116,29.75354,Coast,1.0,True
7077,1,False,False,230.0,7,1,0.0,0.0,1.0379319828783742,-21.73292641488006,False,False,BAYTOWN,BAYTOWN 2,-94.9321116,29.75354,Coast,1.0,True
7078,1,False,False,115.0,7,1,0.0,0.0,1.0352923730023087,-25.43749891966912,False,False,BAYTOWN,BAYTOWN 2,-94.9321116,29.75354,Coast,1.0,True
7079,2,False,False,13.8,7,1,0.0,0.0,1.039992235487811,-20.796637252185352,False,False,BAYTOWN,BAYTOWN 2,-94.9321116,29.75354,Coast,1.0,True
7080,2,False,False,13.8,7,1,0.0,0.0,1.039992235487811,-20.796637252185352,False,False,BAYTOWN,BAYTOWN 2,-94.9321116,29.75354,Coast,1.0,True
7083,1,False,False,230.0,7,1,0.0,0.0,1.0341574340869484,-21.515694534274655,False,False,LEAGUE CITY,LEAGUE CITY,-95.08195,29.50069,Coast,1.0,True
7084,1,False,False,115.0,7,1,214.74,60.84,1.0268344522548178,-21.88657410249732,False,False,LEAGUE CITY,LEAGUE CITY,-95.08195,29.50069,Coast,1.0,True
7085,1,False,False,115.0,7,1,4.1,1.16,1.039626183758188,-19.541342126350564,False,False,LIVERPOOL,LIVERPOOL,-95.2783065,29.276466,Coast,1.0,True
7086,2,False,False,115.0,7,1,79.59,23.47,1.0399999999999998,-26.17894769251407,False,False,HOUSTON,HOUSTON 80,-95.41128715217393,29.77727818478261,Coast,1.0,True
7087,1,False,False,115.0,7,1,105.79,21.03,1.0325680430681936,-23.55498957176033,False,False,SUGAR LAND,SUGAR LAND 3,-95.64513933333336,29.591588,Coast,1.0,True
7088,1,False,False,115.0,7,1,187.54,28.63,1.0242696682278023,-23.628207556264528,False,False,RICHMOND,RICHMOND 1,-95.733244,29.47971475,Coast,1.0,True
7089,1,False,False,115.0,7,1,70.07,19.85,1.0386405099197982,-26.814054207610567,False,False,HOUSTON,HOUSTON 80,-95.41128715217393,29.77727818478261,Coast,1.0,True
7090,1,False,False,115.0,7,1,18.29,11.16,1.0090713523698822,-26.33240506559273,False,False,PINEHURST,PINEHURST,-95.669154,30.160534,Coast,1.0,True
7091,1,False,False,115.0,7,1,383.8,59.69,1.0436482012937474,-27.604778511466566,False,False,PEARLAND,PEARLAND 2,-95.3149035,29.5534395,Coast,1.0,True
7092,1,False,False,115.0,7,1,50.42,11.11,1.026995331838475,-25.66382948445935,False,False,HOUSTON,HOUSTON 80,-95.41128715217393,29.77727818478261,Coast,1.0,True
7093,1,False,False,115.0,7,1,109.15,30.93,1.0225170921726314,-26.10728519109632,False,False,HOUSTON,HOUSTON 80,-95.41128715217393,29.77727818478261,Coast,1.0,True
7094,1,False,False,115.0,7,1,76.69,21.73,1.0273512071050646,-26.542322644860533,False,False,HOUSTON,HOUSTON 80,-95.41128715217393,29.77727818478261,Coast,1.0,True
7095,1,False,False,500.0,7,1,0.0,0.0,1.0401736808647204,-4.708916830920425,False,False,WADSWORTH,WADSWORTH,-96.0481,28.795,Coast,1.0,True
7096,1,False,False,230.0,7,1,0.0,0.0,1.037922708094543,-7.859987862857807,False,False,WADSWORTH,WADSWORTH,-96.0481,28.795,Coast,1.0,True
7097,1,False,False,115.0,7,1,0.0,0.0,1.0333131678003944,-9.397544614000529,False,False,WADSWORTH,WADSWORTH,-96.0481,28.795,Coast,1.0,True
7098,3,True,False,13.8,7,1,0.0,0.0,1.04,0.0,False,False,WADSWORTH,WADSWORTH,-96.0481,28.795,Coast,1.0,True
7099,2,False,False,13.8,7,1,0.0,0.0,1.0400000000000005,-0.1111414443475722,False,False,WADSWORTH,WADSWORTH,-96.0481,28.795,Coast,1.0,True
7100,1,False,False,115.0,7,1,111.61,17.61,1.0352122466945175,-26.2019637954963,False,False,HOUSTON,HOUSTON 80,-95.41128715217393,29.77727818478261,Coast,1.0,True
7101,1,False,False,115.0,7,1,212.51,60.21,1.027284176510831,-25.62996715762712,False,False,HOUSTON,HOUSTON 80,-95.41128715217393,29.77727818478261,Coast,1.0,True
7102,1,False,False,115.0,7,1,118.05,33.45,1.026603944429117,-26.14568973723447,False,False,TOMBALL,TOMBALL 1,-95.633665,30.0783065,Coast,1.0,True
7103,1,False,False,115.0,7,1,58.64,-1.7,1.0312165397815676,-26.205939303261665,False,False,HOUSTON,HOUSTON 80,-95.41128715217393,29.77727818478261,Coast,1.0,True
7104,1,False,False,500.0,7,1,0.0,0.0,1.0398533954156008,-20.24197579205873,False,False,DEER PARK,DEER PARK,-95.134508,29.713414,Coast,1.0,True
7105,1,False,False,230.0,7,1,0.0,0.0,1.0368350050551345,-21.99003830149641,False,False,DEER PARK,DEER PARK,-95.134508,29.713414,Coast,1.0,True
7106,1,False,False,115.0,7,1,92.07,26.09,1.0368593679407072,-25.51261081573273,False,False,DEER PARK,DEER PARK,-95.134508,29.713414,Coast,1.0,True
7107,2,False,False,24.0,7,1,0.0,0.0,1.0398533954156008,-20.24197579205873,False,False,DEER PARK,DEER PARK,-95.134508,29.713414,Coast,1.0,True
7108,2,False,False,24.0,7,1,0.0,0.0,1.0398533954156008,-20.24197579205873,False,False,DEER PARK,DEER PARK,-95.134508,29.713414,Coast,1.0,True
7109,2,False,False,24.0,7,1,0.0,0.0,1.0398533954156008,-20.24197579205873,False,False,DEER PARK,DEER PARK,-95.134508,29.713414,Coast,1.0,True
7110,2,False,False,24.0,7,1,0.0,0.0,1.0398533954156008,-20.24197579205873,False,False,DEER PARK,DEER PARK,-95.134508,29.713414,Coast,1.0,True
7111,2,False,False,24.0,7,1,0.0,0.0,1.0398533954156008,-20.24197579205873,False,False,DEER PARK,DEER PARK,-95.134508,29.713414,Coast,1.0,True
7112,2,False,False,24.0,7,1,0.0,0.0,1.0398533954156008,-20.24197579205873,False,False,DEER PARK,DEER PARK,-95.134508,29.713414,Coast,1.0,True
7116,2,False,False,115.0,7,1,12.16,8.24,1.04,-23.060564396116487,False,False,WALLIS,WALLIS,-96.076894,29.631324,Coast,1.0,True
7117,1,False,False,115.0,7,1,84.03,23.81,1.028318888230602,-23.00770097436032,False,False,HOUSTON,HOUSTON 80,-95.41128715217393,29.77727818478261,Coast,1.0,True
7118,1,False,False,115.0,7,1,121.15,32.48,1.022593740519076,-25.8430200862952,False,False,SPRING,SPRING 1,-95.47181825,30.112047375,Coast,1.0,True
7119,1,False,False,115.0,7,1,49.7,-2.35,1.0352099920994031,-26.301423310376844,False,False,SOUTH HOUSTON,SOUTH HOUSTON,-95.229784,29.661032,Coast,1.0,True
7120,1,False,False,115.0,7,1,149.7,42.41,1.0241834918148685,-25.961461567156626,False,False,HOUSTON,HOUSTON 80,-95.41128715217393,29.77727818478261,Coast,1.0,True
7123,1,False,False,115.0,7,1,6.63,3.2,1.0349148139028286,-4.151062816586908,False,False,SEADRIFT,SEADRIFT,-96.574173,28.429626,Coast,1.0,True
7124,1,False,False,115.0,7,1,184.73,46.65,1.023671084622673,-26.4510795742692,False,False,HOUSTON,HOUSTON 80,-95.41128715217393,29.77727818478261,Coast,1.0,True
7125,1,False,False,500.0,7,1,0.0,0.0,1.0366900416443203,-15.518848741326217,False,False,SUGAR LAND,SUGAR LAND 3,-95.64513933333336,29.591588,Coast,1.0,True
7126,1,False,False,230.0,7,1,0.0,0.0,1.0340609583539828,-20.2069883108982,False,False,SUGAR LAND,SUGAR LAND 3,-95.64513933333336,29.591588,Coast,1.0,True
7127,1,False,False,115.0,7,1,402.37,30.94,1.0352350632359135,-22.31528817736088,False,False,SUGAR LAND,SUGAR LAND 3,-95.64513933333336,29.591588,Coast,1.0,True
7128,1,False,False,115.0,7,1,63.94,18.12,1.0228169600964756,-22.24561067163773,False,False,CONROE,CONROE 1,-95.41198228571427,30.277086714285712,Coast,1.0,True
7129,1,False,False,115.0,7,1,6.04,1.46,1.0376125749362344,-6.002269208883034,False,False,LOLITA,LOLITA,-96.556418,28.852327,Coast,1.0,True
7130,1,False,False,500.0,7,1,0.0,0.0,1.0398716891983524,-20.425073267423805,False,False,LAPORTE,LAPORTE,-95.009648,29.759124,Coast,1.0,True
7131,1,False,False,230.0,7,1,0.0,0.0,1.0371806776004755,-22.007139049964245,False,False,LAPORTE,LAPORTE,-95.009648,29.759124,Coast,1.0,True
7132,1,False,False,115.0,7,1,115.16,20.61,1.0375200043521422,-25.133236923375826,False,False,LAPORTE,LAPORTE,-95.009648,29.759124,Coast,1.0,True
7133,2,False,False,13.8,7,1,0.0,0.0,1.04,-14.67598897272615,False,False,LAPORTE,LAPORTE,-95.009648,29.759124,Coast,1.0,True
7134,2,False,False,13.8,7,1,0.0,0.0,1.0398716891983524,-20.425073267423805,False,False,LAPORTE,LAPORTE,-95.009648,29.759124,Coast,1.0,True
7135,2,False,False,13.8,7,1,0.0,0.0,1.04,-16.99732298053024,False,False,LAPORTE,LAPORTE,-95.009648,29.759124,Coast,1.0,True
7136,2,False,False,13.8,7,1,0.0,0.0,1.04,-19.48298409295229,False,False,LAPORTE,LAPORTE,-95.009648,29.759124,Coast,1.0,True
7137,2,False,False,13.8,7,1,0.0,0.0,1.0399999999999996,-15.070762875417122,False,False,LAPORTE,LAPORTE,-95.009648,29.759124,Coast,1.0,True
7143,1,False,False,115.0,7,1,111.24,16.99,1.0349874514941846,-28.189638279956668,False,False,NEW CANEY,NEW CANEY,-95.189761,30.161219,Coast,1.0,True
7144,2,False,False,115.0,7,1,103.68,27.68,1.04,-25.96635126925964,False,False,HOUSTON,HOUSTON 80,-95.41128715217393,29.77727818478261,Coast,1.0,True
7145,1,False,False,115.0,7,1,226.69,21.24,1.0445203608269062,-27.396605768858365,False,False,HOUSTON,HOUSTON 80,-95.41128715217393,29.77727818478261,Coast,1.0,True
7147,1,False,False,115.0,7,1,74.65,13.4,1.034038262099098,-24.754004790830496,False,False,HOUSTON,HOUSTON 80,-95.41128715217393,29.77727818478261,Coast,1.0,True
7148,1,False,False,115.0,7,1,61.8,37.59,1.0205731609931934,-26.257948197908657,False,False,HOUSTON,HOUSTON 80,-95.41128715217393,29.77727818478261,Coast,1.0,True
7149,1,False,False,115.0,7,1,12.25,4.04,1.0359937846372311,-2.9539879447662747,False,False,BLOOMINGTON,BLOOMINGTON,-96.794157,28.695562,Coast,1.0,True
7150,1,False,False,230.0,7,1,0.0,0.0,1.0423311498270895,-19.098493099597057,False,False,WILLIS,WILLIS 2,-95.442636,30.453487000000003,Coast,1.0,True
7151,1,False,False,115.0,7,1,75.77,12.48,1.036594085338944,-21.76925596054437,False,False,WILLIS,WILLIS 2,-95.442636,30.453487000000003,Coast,1.0,True
7152,1,False,False,115.0,7,1,4.04,1.87,1.027124425285934,-25.54398909904289,False,False,HOUSTON,HOUSTON 80,-95.41128715217393,29.77727818478261,Coast,1.0,True
7153,1,False,False,115.0,7,1,43.78,7.42,1.02011339463724,-8.76127675833087,False,False,PALACIOS,PALACIOS,-96.189925,28.623423,Coast,1.0,True
7154,1,False,False,115.0,7,1,93.78,16.6,1.0264346086267429,-27.07792988433168,False,False,CONROE,CONROE 1,-95.41198228571427,30.277086714285712,Coast,1.0,True
7155,1,False,False,115.0,7,1,82.45,40.46,1.0209252538692122,-25.17876695245745,False,False,HOUSTON,HOUSTON 80,-95.41128715217393,29.77727818478261,Coast,1.0,True
7156,1,False,False,230.0,7,1,0.0,0.0,1.0295530217087578,-22.86395636197884,False,False,SPRING,SPRING 1,-95.47181825,30.112047375,Coast,1.0,True
7157,1,False,False,115.0,7,1,163.83,46.42,1.0258942444222303,-25.6318849236792,False,False,SPRING,SPRING 1,-95.47181825,30.112047375,Coast,1.0,True
7158,1,False,False,115.0,7,1,118.65,22.2,1.01990126831512,-28.525320522901936,False,False,KINGWOOD,KINGWOOD 1,-95.1894825,30.049941,Coast,1.0,True
7159,2,False,False,500.0,7,1,0.0,0.0,1.04,-17.66356453112287,False,False,HOUSTON,HOUSTON 80,-95.41128715217393,29.77727818478261,Coast,1.0,True
7160,1,False,False,230.0,7,1,0.0,0.0,1.0345053783522908,-20.32070638528808,False,False,HOUSTON,HOUSTON 80,-95.41128715217393,29.77727818478261,Coast,1.0,True
7161,1,False,False,115.0,7,1,148.43,38.97,1.0293235633053712,-22.86528059332336,False,False,HOUSTON,HOUSTON 80,-95.41128715217393,29.77727818478261,Coast,1.0,True
7162,2,False,False,18.0,7,1,0.0,0.0,1.04,-17.66356453112287,False,False,HOUSTON,HOUSTON 80,-95.41128715217393,29.77727818478261,Coast,1.0,True
7163,2,False,False,18.0,7,1,0.0,0.0,1.04,-17.66356453112287,False,False,HOUSTON,HOUSTON 80,-95.41128715217393,29.77727818478261,Coast,1.0,True
7164,2,False,False,18.0,7,1,0.0,0.0,1.04,-16.254585182961662,False,False,HOUSTON,HOUSTON 80,-95.41128715217393,29.77727818478261,Coast,1.0,True
7165,2,False,False,18.0,7,1,0.0,0.0,1.0400000000000005,-11.166896295340123,False,False,HOUSTON,HOUSTON 80,-95.41128715217393,29.77727818478261,Coast,1.0,True
7166,2,False,False,18.0,7,1,0.0,0.0,1.0399999999999998,-12.583048593532943,False,False,HOUSTON,HOUSTON 80,-95.41128715217393,29.77727818478261,Coast,1.0,True
7167,2,False,False,18.0,7,1,0.0,0.0,1.0400000000000005,-13.861022004477066,False,False,HOUSTON,HOUSTON 80,-95.41128715217393,29.77727818478261,Coast,1.0,True
7168,2,False,False,18.0,7,1,0.0,0.0,1.0399999999999998,-16.549090345301437,False,False,HOUSTON,HOUSTON 80,-95.41128715217393,29.77727818478261,Coast,1.0,True
7169,2,False,False,18.0,7,1,0.0,0.0,1.0399999999999998,-14.24172579622273,False,False,HOUSTON,HOUSTON 80,-95.41128715217393,29.77727818478261,Coast,1.0,True
7170,2,False,False,18.0,7,1,0.0,0.0,1.0400000000000005,-13.730085004365533,False,False,HOUSTON,HOUSTON 80,-95.41128715217393,29.77727818478261,Coast,1.0,True
7171,1,False,False,230.0,7,1,0.0,0.0,1.0356002579663122,-20.817413682429805,False,False,TEXAS CITY,TEXAS CITY 1,-94.945159,29.3895056,Coast,1.0,True
7172,1,False,False,115.0,7,1,92.96,40.6,1.0383097913047996,-19.952339316056385,False,False,TEXAS CITY,TEXAS CITY 1,-94.945159,29.3895056,Coast,1.0,True
7173,1,False,False,115.0,7,1,188.71,-2.5,1.0262080340391928,-29.032259399521447,False,False,KINGWOOD,KINGWOOD 1,-95.1894825,30.049941,Coast,1.0,True
7174,1,False,False,115.0,7,1,186.48,30.76,1.023160726827136,-27.1017518084582,False,False,HOUSTON,HOUSTON 80,-95.41128715217393,29.77727818478261,Coast,1.0,True
7175,1,False,False,500.0,7,1,0.0,0.0,1.037571648615233,-17.810709402929792,False,False,SPRING,SPRING 1,-95.47181825,30.112047375,Coast,1.0,True
7176,1,False,False,230.0,7,1,0.0,0.0,1.035546308267728,-20.88897199646724,False,False,SPRING,SPRING 1,-95.47181825,30.112047375,Coast,1.0,True
7177,1,False,False,115.0,7,1,343.23,59.96,1.0248472392724275,-25.23276711957632,False,False,SPRING,SPRING 1,-95.47181825,30.112047375,Coast,1.0,True
7178,1,False,False,115.0,7,1,187.8,22.56,1.0181281021847406,-26.25836548655433,False,False,HOUSTON,HOUSTON 80,-95.41128715217393,29.77727818478261,Coast,1.0,True
7179,1,False,False,115.0,7,1,58.29,16.52,1.0277149196782915,-23.741210803074665,False,False,FRESNO,FRESNO,-95.474615,29.537301,Coast,1.0,True
7180,1,False,False,115.0,7,1,91.45,-16.69,1.0241900356205904,-26.419307856947885,False,False,HOUSTON,HOUSTON 80,-95.41128715217393,29.77727818478261,Coast,1.0,True
7181,1,False,False,115.0,7,1,278.49,42.21,1.0181275466407214,-26.612859013188068,False,False,HOUSTON,HOUSTON 80,-95.41128715217393,29.77727818478261,Coast,1.0,True
7182,1,False,False,115.0,7,1,3.26,0.59,1.0281763023940496,-22.232974293843476,False,False,PATTISON,PATTISON,-96.012215,29.792687,Coast,1.0,True
7183,1,False,False,115.0,7,1,303.31,61.17,1.0378608908763491,-26.34510552886789,False,False,HOUSTON,HOUSTON 80,-95.41128715217393,29.77727818478261,Coast,1.0,True
7184,2,False,False,230.0,7,1,0.0,0.0,1.04,-18.70349496949142,False,False,MISSOURI CITY,MISSOURI CITY 1,-95.567913,29.5403555,Coast,1.0,True
7185,1,False,False,115.0,7,1,209.35,-20.61,1.0360098101761566,-22.27384169973764,False,False,MISSOURI CITY,MISSOURI CITY 1,-95.567913,29.5403555,Coast,1.0,True
7186,1,False,False,500.0,7,1,0.0,0.0,1.043552619465612,-18.093098515941445,False,False,HOUSTON,HOUSTON 80,-95.41128715217393,29.77727818478261,Coast,1.0,True
7187,1,False,False,230.0,7,1,0.0,0.0,1.0349275452551263,-21.42430474306526,False,False,HOUSTON,HOUSTON 80,-95.41128715217393,29.77727818478261,Coast,1.0,True
7188,1,False,False,115.0,7,1,76.58,21.7,1.028955827878253,-25.01377572302471,False,False,HOUSTON,HOUSTON 80,-95.41128715217393,29.77727818478261,Coast,1.0,True
7198,1,False,False,115.0,7,1,96.34,24.4,1.0424918867344437,-25.499051724853004,False,False,TOMBALL,TOMBALL 1,-95.633665,30.0783065,Coast,1.0,True
7199,1,False,False,500.0,7,1,0.0,0.0,1.0400979271684696,-16.898438300608266,False,False,CYPRESS,CYPRESS 1,-95.708537,29.9660525,Coast,1.0,True
7200,1,False,False,230.0,7,1,0.0,0.0,1.0518534886979996,-21.128061619709975,False,True,CYPRESS,CYPRESS 1,-95.708537,29.9660525,Coast,1.0,True
7201,1,False,False,115.0,7,1,216.79,61.42,1.0394111824213927,-24.655358650418897,False,False,CYPRESS,CYPRESS 1,-95.708537,29.9660525,Coast,1.0,True
7202,1,False,False,115.0,7,1,65.59,10.18,1.01219783169357,-23.71603135808188,False,False,HEMPSTEAD,HEMPSTEAD,-96.065554,30.099931,Coast,1.0,True
7203,1,False,False,115.0,7,1,35.39,5.82,1.0371338470409903,-15.597260861209946,False,False,WEST COLUMBIA,WEST COLUMBIA,-95.68083125,29.15439325,Coast,1.0,True
7204,1,False,False,500.0,7,1,0.0,0.0,1.0403881431634812,-20.792510263654968,False,False,BAYTOWN,BAYTOWN 2,-94.9321116,29.75354,Coast,1.0,True
7205,1,False,False,230.0,7,1,0.0,0.0,1.0385459136608404,-21.789746931664403,False,False,BAYTOWN,BAYTOWN 2,-94.9321116,29.75354,Coast,1.0,True
7206,1,False,False,115.0,7,1,0.0,0.0,1.0400936162191317,-24.199441899066272,False,False,BAYTOWN,BAYTOWN 2,-94.9321116,29.75354,Coast,1.0,True
7213,1,False,False,115.0,7,1,116.76,34.53,1.0292276526777375,-20.97005672796872,False,False,SANTA FE,SANTA FE 1,-95.0817025,29.3340115,Coast,1.0,True
7214,1,False,False,115.0,7,1,83.89,23.77,1.0251899847190349,-25.453696102975854,False,False,HOUSTON,HOUSTON 80,-95.41128715217393,29.77727818478261,Coast,1.0,True
7215,1,False,False,115.0,7,1,104.88,70.27,1.008583480776572,-26.69546775902204,False,False,SPRING,SPRING 1,-95.47181825,30.112047375,Coast,1.0,True
7216,1,False,False,115.0,7,1,161.88,26.23,1.0244651605452857,-26.30122919304236,False,False,HOUSTON,HOUSTON 80,-95.41128715217393,29.77727818478261,Coast,1.0,True
7217,1,False,False,115.0,7,1,123.13,21.64,1.024863353123243,-27.059249252762903,False,False,HOUSTON,HOUSTON 80,-95.41128715217393,29.77727818478261,Coast,1.0,True
7218,1,False,False,115.0,7,1,48.11,25.62,1.010271841038341,-25.078396594274015,False,False,MONTGOMERY,MONTGOMERY,-95.68639,30.306163,Coast,1.0,True
7219,1,False,False,115.0,7,1,1.25,0.36,1.0381249256303695,-16.11850178000772,False,False,HUNGERFORD,HUNGERFORD,-96.088253,29.45527,Coast,1.0,True
7220,1,False,False,115.0,7,1,279.04,-10.33,1.0294877334267387,-25.19384260033495,False,False,HOUSTON,HOUSTON 80,-95.41128715217393,29.77727818478261,Coast,1.0,True
7221,1,False,False,115.0,7,1,169.58,-21.55,1.0277589446947202,-25.39467143633111,False,False,HOUSTON,HOUSTON 80,-95.41128715217393,29.77727818478261,Coast,1.0,True
7222,1,False,False,115.0,7,1,86.99,35.0,1.0320974391238031,-26.354101958073738,False,False,HOUSTON,HOUSTON 80,-95.41128715217393,29.77727818478261,Coast,1.0,True
7223,1,False,False,115.0,7,1,49.62,14.06,1.0275164526857945,-23.312929390545836,False,False,HOUSTON,HOUSTON 80,-95.41128715217393,29.77727818478261,Coast,1.0,True
7224,2,False,False,115.0,7,1,30.77,8.72,1.0269995890906785,-25.281231646649783,False,False,HOUSTON,HOUSTON 80,-95.41128715217393,29.77727818478261,Coast,1.0,True
7225,1,False,False,115.0,7,1,111.44,31.57,1.0154928876252254,-26.94969909729373,False,False,HOUSTON,HOUSTON 80,-95.41128715217393,29.77727818478261,Coast,1.0,True
7226,1,False,False,115.0,7,1,45.25,12.82,1.0306938227954798,-26.202915819375573,False,False,HOUSTON,HOUSTON 80,-95.41128715217393,29.77727818478261,Coast,1.0,True
7227,1,False,False,500.0,7,1,0.0,0.0,1.0390842978977015,-19.11112525351027,False,False,HOUSTON,HOUSTON 80,-95.41128715217393,29.77727818478261,Coast,1.0,True
7228,1,False,False,230.0,7,1,0.0,0.0,1.0293181405690874,-21.601149633908,False,False,HOUSTON,HOUSTON 80,-95.41128715217393,29.77727818478261,Coast,1.0,True
7229,1,False,False,115.0,7,1,441.65,80.87,1.024472730759607,-24.19960759753713,False,False,HOUSTON,HOUSTON 80,-95.41128715217393,29.77727818478261,Coast,1.0,True
7230,2,False,False,115.0,7,1,7.37,2.09,1.04,-18.534531192019703,False,False,BEASLEY,BEASLEY,-95.969548,29.537482,Coast,1.0,True
7231,1,False,False,115.0,7,1,50.85,5.53,1.0298748062612697,-26.29230097880301,False,False,HOUSTON,HOUSTON 80,-95.41128715217393,29.77727818478261,Coast,1.0,True
7232,1,False,False,115.0,7,1,42.92,12.16,1.0391017165291794,-19.91918811257497,False,False,LA MARQUE,LA MARQUE,-94.943829,29.378697,Coast,1.0,True
7233,1,False,False,115.0,7,1,33.2,-5.67,1.013752051304,-25.70550800729767,False,False,WALLER,WALLER,-95.932264,30.079593,Coast,1.0,True
7234,1,False,False,115.0,7,1,121.94,9.49,1.0278897172024493,-27.44091568367421,False,False,PORTER,PORTER,-95.297121,30.106685,Coast,1.0,True
7235,1,False,False,115.0,7,1,151.62,4.59,1.0440416161652308,-27.933666712526524,False,False,CYPRESS,CYPRESS 1,-95.708537,29.9660525,Coast,1.0,True
7236,1,False,False,115.0,7,1,46.92,10.84,1.0432861406952545,-25.6931615625244,False,False,HOUSTON,HOUSTON 80,-95.41128715217393,29.77727818478261,Coast,1.0,True
7237,1,False,False,115.0,7,1,15.09,4.28,1.0333397120583263,-17.92839333123665,False,False,FULSHEAR,FULSHEAR,-95.98036,29.560311,Coast,1.0,True
7238,1,False,False,115.0,7,1,47.85,13.56,1.0329650459359978,-26.75973272652404,False,False,LIBERTY,LIBERTY,-94.609877,30.042956500000003,Coast,1.0,True
7239,1,False,False,115.0,7,1,56.59,12.01,1.0220487613963989,-27.681838171131325,False,False,WINNIE,WINNIE,-94.603021,29.868546,Coast,1.0,True
7240,1,False,False,115.0,7,1,107.69,79.81,1.028970518906431,-25.95492877102789,False,False,HOUSTON,HOUSTON 80,-95.41128715217393,29.77727818478261,Coast,1.0,True
7241,1,False,False,115.0,7,1,156.28,90.94,1.01705955542646,-26.73390319578942,False,False,HOUSTON,HOUSTON 80,-95.41128715217393,29.77727818478261,Coast,1.0,True
7242,1,False,False,115.0,7,1,80.14,22.71,1.0232965422972775,-24.73244512878821,False,False,HOUSTON,HOUSTON 80,-95.41128715217393,29.77727818478261,Coast,1.0,True
7243,1,False,False,115.0,7,1,78.71,22.3,1.0362447709671687,-24.42189519302269,False,False,CROSBY,CROSBY,-98.1803245,31.84167,Coast,1.0,True
7244,1,False,False,115.0,7,1,38.02,10.77,1.0378107208433982,-20.38344512508006,False,False,MANVEL,MANVEL,-95.31001,29.45566,Coast,1.0,True
7245,1,False,False,115.0,7,1,98.79,27.99,1.025507599687748,-26.62608000442071,False,False,HOUSTON,HOUSTON 80,-95.41128715217393,29.77727818478261,Coast,1.0,True
7246,1,False,False,115.0,7,1,199.51,57.93,1.0095801292817477,-26.906519198646414,False,False,HOUSTON,HOUSTON 80,-95.41128715217393,29.77727818478261,Coast,1.0,True
7247,1,False,False,115.0,7,1,12.71,2.61,1.0372072701204438,-15.785307821468482,False,False,DAMON,DAMON,-95.69411466666666,29.203734666666666,Coast,1.0,True
7248,1,False,False,115.0,7,1,220.52,74.39,1.022915468803726,-26.375016265849844,False,False,HOUSTON,HOUSTON 80,-95.41128715217393,29.77727818478261,Coast,1.0,True
7249,1,False,False,115.0,7,1,71.82,20.35,1.0223476082685985,-26.60096714096152,False,False,HOUSTON,HOUSTON 80,-95.41128715217393,29.77727818478261,Coast,1.0,True
7250,1,False,False,115.0,7,1,32.62,16.15,1.030462178734325,-25.985914164033115,False,False,HOUSTON,HOUSTON 80,-95.41128715217393,29.77727818478261,Coast,1.0,True
7251,1,False,False,115.0,7,1,66.27,10.09,1.0120695945775158,-27.11848246599969,False,False,HOCKLEY,HOCKLEY,-95.833733,30.047619,Coast,1.0,True
7252,1,False,False,230.0,7,1,0.0,0.0,1.0388629828373432,-18.33239664350069,False,False,ANGLETON,ANGLETON,-95.43283075,29.2128395,Coast,1.0,True
7253,1,False,False,115.0,7,1,90.93,25.76,1.0391256229621524,-19.579883217597324,False,False,ANGLETON,ANGLETON,-95.43283075,29.2128395,Coast,1.0,True
7254,1,False,False,115.0,7,1,62.49,28.9,1.0290309463412008,-24.401744776501182,False,False,CONROE,CONROE 1,-95.41198228571427,30.277086714285712,Coast,1.0,True
7255,1,False,False,115.0,7,1,58.99,16.71,1.0278409613312316,-25.349818267768867,False,False,HOUSTON,HOUSTON 80,-95.41128715217393,29.77727818478261,Coast,1.0,True
7256,1,False,False,115.0,7,1,106.74,24.61,1.0250491711305916,-24.09647095339082,False,False,HOUSTON,HOUSTON 80,-95.41128715217393,29.77727818478261,Coast,1.0,True
7257,1,False,False,115.0,7,1,127.6,36.03,1.0224444207056314,-25.30510081706384,False,False,PEARLAND,PEARLAND 2,-95.3149035,29.5534395,Coast,1.0,True
7258,1,False,False,115.0,7,1,42.99,12.18,1.0270364382711443,-25.557338357852156,False,False,HOUSTON,HOUSTON 80,-95.41128715217393,29.77727818478261,Coast,1.0,True
7259,1,False,False,115.0,7,1,146.05,41.38,1.0317608550474635,-26.685568202506055,False,False,HOUSTON,HOUSTON 80,-95.41128715217393,29.77727818478261,Coast,1.0,True
7260,1,False,False,115.0,7,1,124.64,35.31,1.037925602907851,-21.839285181290304,False,False,CHANNELVIEW,CHANNELVIEW 2,-95.069071,29.842662,Coast,1.0,True
7261,1,False,False,230.0,7,1,0.0,0.0,1.0320215404916822,-11.91633706490359,False,False,BAY CITY,BAY CITY,-95.92298475,28.92553375,Coast,1.0,True
7262,1,False,False,115.0,7,1,72.03,20.41,1.0317570214596503,-13.544829679176209,False,False,BAY CITY,BAY CITY,-95.92298475,28.92553375,Coast,1.0,True
7263,1,False,False,500.0,7,1,0.0,0.0,1.0397005151792038,-20.83092974470852,False,False,PASADENA,PASADENA 2,-95.1431518,29.6833732,Coast,1.0,True
7264,1,False,False,230.0,7,1,0.0,0.0,1.037160842570419,-21.876334082555204,False,False,PASADENA,PASADENA 2,-95.1431518,29.6833732,Coast,1.0,True
7265,1,False,False,115.0,7,1,111.94,20.72,1.0318209282997792,-25.400298762531733,False,False,PASADENA,PASADENA 2,-95.1431518,29.6833732,Coast,1.0,True
7266,2,False,False,13.8,7,1,0.0,0.0,1.0397005151792038,-20.83092974470852,False,False,PASADENA,PASADENA 2,-95.1431518,29.6833732,Coast,1.0,True
7267,2,False,False,13.8,7,1,0.0,0.0,1.0397005151792038,-20.83092974470852,False,False,PASADENA,PASADENA 2,-95.1431518,29.6833732,Coast,1.0,True
7268,2,False,False,13.8,7,1,0.0,0.0,1.0397005151792038,-20.83092974470852,False,False,PASADENA,PASADENA 2,-95.1431518,29.6833732,Coast,1.0,True
7269,2,False,False,13.8,7,1,0.0,0.0,1.0397005151792038,-20.83092974470852,False,False,PASADENA,PASADENA 2,-95.1431518,29.6833732,Coast,1.0,True
7271,1,False,False,115.0,7,1,41.41,1.06,1.0194325497393526,-25.88519905772105,False,False,BROOKSHIRE,BROOKSHIRE,-95.977102,29.848463,Coast,1.0,True
7272,1,False,False,115.0,7,1,86.4,-13.62,1.0333337617180645,-25.02813536811023,False,False,HOUSTON,HOUSTON 80,-95.41128715217393,29.77727818478261,Coast,1.0,True
7273,1,False,False,115.0,7,1,71.74,11.16,1.0378569617207534,-19.982212555782272,False,False,TEXAS CITY,TEXAS CITY 1,-94.945159,29.3895056,Coast,1.0,True
7274,1,False,False,230.0,7,1,0.0,0.0,1.0371504528923683,1.4374720580327784,False,False,VICTORIA,VICTORIA 2,-97.00621414285716,28.74651585714286,Coast,1.0,True
7275,1,False,False,115.0,7,1,42.31,5.06,1.0338194220212906,1.399520690951176,False,False,VICTORIA,VICTORIA 2,-97.00621414285716,28.74651585714286,Coast,1.0,True
7276,1,False,False,115.0,7,1,100.13,25.12,1.0428019978307648,-26.749419107472285,False,False,HOUSTON,HOUSTON 80,-95.41128715217393,29.77727818478261,Coast,1.0,True
7277,1,False,False,115.0,7,1,15.99,4.53,1.0335570577951103,-7.01344998329218,False,False,GANADO,GANADO,-96.528761,29.109147,Coast,1.0,True
7278,1,False,False,230.0,7,1,0.0,0.0,1.0362723756611978,-22.13227512460095,False,False,MONT BELVIEU,MONT BELVIEU,-94.9019,29.7731,Coast,1.0,True
7279,1,False,False,115.0,7,1,261.43,42.08,1.0339935376413234,-25.8883644715656,False,False,MONT BELVIEU,MONT BELVIEU,-94.9019,29.7731,Coast,1.0,True
7280,2,False,False,13.8,7,1,0.0,0.0,1.0362723756611978,-22.13227512460095,False,False,MONT BELVIEU,MONT BELVIEU,-94.9019,29.7731,Coast,1.0,True
7281,2,False,False,13.8,7,1,0.0,0.0,1.0362723756611978,-22.13227512460095,False,False,MONT BELVIEU,MONT BELVIEU,-94.9019,29.7731,Coast,1.0,True
7282,1,False,False,230.0,7,1,0.0,0.0,1.0376547101882998,-21.85697549396924,False,False,BAYTOWN,BAYTOWN 2,-94.9321116,29.75354,Coast,1.0,True
7283,1,False,False,115.0,7,1,215.13,31.02,1.0350268833288268,-25.51028933607313,False,False,BAYTOWN,BAYTOWN 2,-94.9321116,29.75354,Coast,1.0,True
7284,2,False,False,13.2,7,1,0.0,0.0,1.0376547101882998,-21.85697549396924,False,False,BAYTOWN,BAYTOWN 2,-94.9321116,29.75354,Coast,1.0,True
7285,2,False,False,13.2,7,1,0.0,0.0,1.0376547101882998,-21.85697549396924,False,False,BAYTOWN,BAYTOWN 2,-94.9321116,29.75354,Coast,1.0,True
7286,2,False,False,13.2,7,1,0.0,0.0,1.0376547101882998,-21.85697549396924,False,False,BAYTOWN,BAYTOWN 2,-94.9321116,29.75354,Coast,1.0,True
7290,1,False,False,115.0,7,1,63.77,13.77,1.0184252413426125,-26.940226020257185,False,False,SPRING,SPRING 1,-95.47181825,30.112047375,Coast,1.0,True
7291,1,False,False,115.0,7,1,191.02,28.88,1.015348955655121,-28.713695068236973,False,False,HUMBLE,HUMBLE 2,-95.231858,30.0059,Coast,1.0,True
7292,1,False,False,115.0,7,1,104.9,-12.47,1.0347430728365248,-21.09818756476711,False,False,HOUSTON,HOUSTON 80,-95.41128715217393,29.77727818478261,Coast,1.0,True
7293,1,False,False,115.0,7,1,17.75,4.52,1.0236725804769446,-23.24129475592753,False,False,SANTA FE,SANTA FE 1,-95.0817025,29.3340115,Coast,1.0,True
7294,1,False,False,115.0,7,1,11.48,2.05,1.0419224935684908,-24.927534476736916,False,False,PORT BOLIVAR,PORT BOLIVAR,-94.520121,29.506866,Coast,1.0,True
7295,1,False,False,115.0,7,1,169.98,31.41,1.0181850388070963,-26.60037258158565,False,False,HOUSTON,HOUSTON 80,-95.41128715217393,29.77727818478261,Coast,1.0,True
7296,1,False,False,115.0,7,1,151.17,-26.88,1.0241627187293747,-26.80832654164927,False,False,HOUSTON,HOUSTON 80,-95.41128715217393,29.77727818478261,Coast,1.0,True
7297,1,False,False,115.0,7,1,93.77,26.57,1.0391524115383328,-20.978186663784903,False,False,HOUSTON,HOUSTON 80,-95.41128715217393,29.77727818478261,Coast,1.0,True
7298,1,False,False,115.0,7,1,103.65,28.68,1.0219867837921215,-26.55869317351545,False,False,HOUSTON,HOUSTON 80,-95.41128715217393,29.77727818478261,Coast,1.0,True
7299,1,False,False,115.0,7,1,28.2,-1.07,1.0328087962342711,-18.193385670569583,False,False,EAGLE LAKE,EAGLE LAKE,-96.384508,29.397447,Coast,1.0,True
7300,1,False,False,115.0,7,1,54.35,15.4,1.0446728250642296,-27.576689139677388,False,False,CONROE,CONROE 1,-95.41198228571427,30.277086714285712,Coast,1.0,True
7301,1,False,False,115.0,7,1,135.0,19.6,1.0193260251251504,-27.680704278627893,False,False,WEBSTER,WEBSTER,-95.1361,29.53864,Coast,1.0,True
7302,1,False,False,115.0,7,1,24.53,0.94,1.0354315678647872,-15.785547276019892,False,False,SWEENY,SWEENY,-95.718793,29.017466,Coast,1.0,True
7303,1,False,False,115.0,7,1,6.49,-0.7,1.034360670575265,-8.925443691297845,False,False,BLESSING,BLESSING,-96.353868,28.85788,Coast,1.0,True
7304,1,False,False,500.0,7,1,0.0,0.0,1.0398839874439685,-9.573598981174964,False,False,WHARTON,WHARTON 1,-96.087226,29.2829165,Coast,1.0,True
7305,1,False,False,230.0,7,1,0.0,0.0,1.0399252408200794,-12.240234191744683,False,False,WHARTON,WHARTON 1,-96.087226,29.2829165,Coast,1.0,True
7306,1,False,False,115.0,7,1,11.7,-1.06,1.0402271299682524,-11.059094357463715,False,False,WHARTON,WHARTON 1,-96.087226,29.2829165,Coast,1.0,True
7307,2,False,False,24.0,7,1,0.0,0.0,1.04,-9.176112027638618,False,False,WHARTON,WHARTON 1,-96.087226,29.2829165,Coast,1.0,True
7308,2,False,False,24.0,7,1,0.0,0.0,1.0398839874439685,-9.573598981174964,False,False,WHARTON,WHARTON 1,-96.087226,29.2829165,Coast,1.0,True
7309,2,False,False,24.0,7,1,0.0,0.0,1.0398839874439685,-9.573598981174964,False,False,WHARTON,WHARTON 1,-96.087226,29.2829165,Coast,1.0,True
7312,2,False,False,230.0,7,1,0.0,0.0,1.04,-18.65030062349619,False,False,LAKE JACKSON,LAKE JACKSON,-95.394,29.002,Coast,1.0,True
7313,1,False,False,115.0,7,1,110.28,24.43,1.0385875461779497,-18.977576662981697,False,False,LAKE JACKSON,LAKE JACKSON,-95.394,29.002,Coast,1.0,True
7314,1,False,False,115.0,7,1,46.65,8.15,1.0074137716895015,-20.23246071592457,False,False,BELLVILLE,BELLVILLE,-96.252942,29.987117,Coast,1.0,True
7315,1,False,False,115.0,7,1,69.31,38.29,1.026762892036522,-26.35198037279861,False,False,KATY,KATY 1,-95.7842315,29.79427175,Coast,1.0,True
7316,1,False,False,115.0,7,1,63.23,17.92,1.0306628295497426,-23.27805413330368,False,False,HOUSTON,HOUSTON 80,-95.41128715217393,29.77727818478261,Coast,1.0,True
7317,1,False,False,115.0,7,1,283.23,-12.81,1.022225222794836,-25.789082613314164,False,False,FRIENDSWOOD,FRIENDSWOOD,-95.192133,29.515074,Coast,1.0,True
7318,1,False,False,115.0,7,1,112.16,31.78,1.0243391560374366,-26.530397955008077,False,False,HOUSTON,HOUSTON 80,-95.41128715217393,29.77727818478261,Coast,1.0,True
7319,1,False,False,115.0,7,1,38.75,8.55,1.0240618877803596,-24.616830799389707,False,False,HOUSTON,HOUSTON 80,-95.41128715217393,29.77727818478261,Coast,1.0,True
7320,1,False,False,500.0,7,1,0.0,0.0,1.0415323334971878,-20.42433274446211,False,False,FREEPORT,FREEPORT 1,-95.3629605,28.98485425,Coast,1.0,True
7321,1,False,False,230.0,7,1,0.0,0.0,1.0386426586446131,-19.65354512494908,False,False,FREEPORT,FREEPORT 1,-95.3629605,28.98485425,Coast,1.0,True
7322,1,False,False,115.0,7,1,0.0,0.0,1.0278188409915874,-21.50913902915501,False,False,FREEPORT,FREEPORT 1,-95.3629605,28.98485425,Coast,1.0,True
7323,2,False,False,13.8,7,1,0.0,0.0,1.0415323334971878,-20.42433274446211,False,False,FREEPORT,FREEPORT 1,-95.3629605,28.98485425,Coast,1.0,True
7324,2,False,False,13.8,7,1,0.0,0.0,1.0415323334971878,-20.42433274446211,False,False,FREEPORT,FREEPORT 1,-95.3629605,28.98485425,Coast,1.0,True
7325,2,False,False,13.8,7,1,0.0,0.0,1.0415323334971878,-20.42433274446211,False,False,FREEPORT,FREEPORT 1,-95.3629605,28.98485425,Coast,1.0,True
7326,2,False,False,13.8,7,1,0.0,0.0,1.0415323334971878,-20.42433274446211,False,False,FREEPORT,FREEPORT 1,-95.3629605,28.98485425,Coast,1.0,True
7327,1,False,False,230.0,7,1,0.0,0.0,1.039345829422897,-13.769719470465729,False,False,NEWGULF,NEWGULF,-95.8997,29.2639,Coast,1.0,True
7328,1,False,False,115.0,7,1,0.0,0.0,1.0394652275705725,-13.32615171619325,False,False,NEWGULF,NEWGULF,-95.8997,29.2639,Coast,1.0,True
7329,2,False,False,13.8,7,1,0.0,0.0,1.039345829422897,-13.769719470465729,False,False,NEWGULF,NEWGULF,-95.8997,29.2639,Coast,1.0,True
7330,1,False,False,115.0,7,1,196.05,42.58,1.0260406497915588,-25.89102822770928,False,False,HOUSTON,HOUSTON 80,-95.41128715217393,29.77727818478261,Coast,1.0,True
7331,1,False,False,500.0,7,1,0.0,0.0,1.0389288290920211,-19.005748999306928,False,False,PASADENA,PASADENA 2,-95.1431518,29.6833732,Coast,1.0,True
7332,1,False,False,230.0,7,1,0.0,0.0,1.037065913696483,-21.91695766186745,False,False,PASADENA,PASADENA 2,-95.1431518,29.6833732,Coast,1.0,True
7333,1,False,False,115.0,7,1,29.21,8.27,1.039236736579742,-25.573701145327217,False,False,PASADENA,PASADENA 2,-95.1431518,29.6833732,Coast,1.0,True
7334,2,False,False,20.0,7,1,0.0,0.0,1.0389288290920211,-19.005748999306928,False,False,PASADENA,PASADENA 2,-95.1431518,29.6833732,Coast,1.0,True
7335,2,False,False,20.0,7,1,0.0,0.0,1.0389288290920211,-19.005748999306928,False,False,PASADENA,PASADENA 2,-95.1431518,29.6833732,Coast,1.0,True
7336,1,False,False,115.0,7,1,107.69,30.51,1.032044148373464,-23.98933893868439,False,False,STAFFORD,STAFFORD,-95.567968,29.62431,Coast,1.0,True
7337,1,False,False,115.0,7,1,24.56,13.96,1.0202393475177545,-7.147858969843226,False,False,EDNA,EDNA,-96.689715,29.042415,Coast,1.0,True
7338,1,False,False,115.0,7,1,109.2,37.14,1.026304138304679,-26.455303480228736,False,False,HOUSTON,HOUSTON 80,-95.41128715217393,29.77727818478261,Coast,1.0,True
7339,1,False,False,115.0,7,1,32.04,9.08,1.041363749341463,-12.767884696190189,False,False,NEEDVILLE,NEEDVILLE,-95.785914,29.3459875,Coast,1.0,True
7340,1,False,False,115.0,7,1,76.34,10.95,1.0169023974121167,-24.42746795795368,False,False,SEALY,SEALY,-96.107713,29.795148,Coast,1.0,True
7341,1,False,False,500.0,7,1,0.0,0.0,1.037314631078348,-14.000689269476222,False,False,KATY,KATY 1,-95.7842315,29.79427175,Coast,1.0,True
7342,1,False,False,230.0,7,1,0.0,0.0,1.031905266790252,-19.822789470142364,False,False,KATY,KATY 1,-95.7842315,29.79427175,Coast,1.0,True
7343,1,False,False,115.0,7,1,184.8,52.36,1.018182997495484,-23.28480134894203,False,False,KATY,KATY 1,-95.7842315,29.79427175,Coast,1.0,True
7344,1,False,False,115.0,7,1,101.41,28.73,1.0179247727164125,-26.89745079022489,False,False,HOUSTON,HOUSTON 80,-95.41128715217393,29.77727818478261,Coast,1.0,True
7345,1,False,False,115.0,7,1,114.99,20.79,1.0269747363535482,-26.172686566049823,False,False,HOUSTON,HOUSTON 80,-95.41128715217393,29.77727818478261,Coast,1.0,True
7346,1,False,False,500.0,7,1,0.0,0.0,1.0379800963140746,-15.370332458792433,False,False,THOMPSONS,THOMPSONS,-95.6326335,29.479039,Coast,1.0,True
7347,1,False,False,230.0,7,1,0.0,0.0,1.039269053287653,-18.22723288165088,False,False,THOMPSONS,THOMPSONS,-95.6326335,29.479039,Coast,1.0,True
7348,1,False,False,115.0,7,1,0.0,0.0,1.035974435555738,-22.13942625745706,False,False,THOMPSONS,THOMPSONS,-95.6326335,29.479039,Coast,1.0,True
7349,2,False,False,13.8,7,1,0.0,0.0,1.04,-14.979025790087624,False,False,THOMPSONS,THOMPSONS,-95.6326335,29.479039,Coast,1.0,True
7350,2,False,False,13.8,7,1,0.0,0.0,1.0379800963140746,-15.370332458792433,False,False,THOMPSONS,THOMPSONS,-95.6326335,29.479039,Coast,1.0,True
7351,2,False,False,13.8,7,1,0.0,0.0,1.0379800963140746,-15.370332458792433,False,False,THOMPSONS,THOMPSONS,-95.6326335,29.479039,Coast,1.0,True
7352,2,False,False,13.8,7,1,0.0,0.0,1.0379800963140746,-15.370332458792433,False,False,THOMPSONS,THOMPSONS,-95.6326335,29.479039,Coast,1.0,True
7353,2,False,False,13.8,7,1,0.0,0.0,1.0400000000000005,-14.853818471159906,False,False,THOMPSONS,THOMPSONS,-95.6326335,29.479039,Coast,1.0,True
7354,2,False,False,13.8,7,1,0.0,0.0,1.0379800963140746,-15.370332458792433,False,False,THOMPSONS,THOMPSONS,-95.6326335,29.479039,Coast,1.0,True
7355,2,False,False,13.8,7,1,0.0,0.0,1.0400000000000005,-14.64033234010436,False,False,THOMPSONS,THOMPSONS,-95.6326335,29.479039,Coast,1.0,True
7356,2,False,False,13.8,7,1,0.0,0.0,1.0379800963140746,-15.370332458792433,False,False,THOMPSONS,THOMPSONS,-95.6326335,29.479039,Coast,1.0,True
7357,2,False,False,13.8,7,1,0.0,0.0,1.04,-11.111364164480973,False,False,THOMPSONS,THOMPSONS,-95.6326335,29.479039,Coast,1.0,True
7362,1,False,False,115.0,7,1,56.02,15.87,1.0200626059797546,-26.54977536429316,False,False,HOUSTON,HOUSTON 80,-95.41128715217393,29.77727818478261,Coast,1.0,True
7363,1,False,False,115.0,7,1,37.94,7.53,1.023788071466495,-21.840846931954932,False,False,GALVESTON,GALVESTON 1,-94.84457,29.28062966666667,Coast,1.0,True
7364,1,False,False,115.0,7,1,18.88,4.04,1.0373595523974743,-20.88180235506995,False,False,EAST BERNARD,EAST BERNARD,-96.218695,29.522218,Coast,1.0,True
7365,1,False,False,115.0,7,1,80.97,-15.57,1.0285479691371882,-25.73555295835078,False,False,HOUSTON,HOUSTON 80,-95.41128715217393,29.77727818478261,Coast,1.0,True
7366,1,False,False,500.0,7,1,0.0,0.0,1.0398099910267993,-20.119616597084416,False,False,CHANNELVIEW,CHANNELVIEW 2,-95.069071,29.842662,Coast,1.0,True
7367,1,False,False,230.0,7,1,0.0,0.0,1.0376218744186596,-21.459209074236085,False,False,CHANNELVIEW,CHANNELVIEW 2,-95.069071,29.842662,Coast,1.0,True
7368,1,False,False,115.0,7,1,0.0,0.0,1.037597990090534,-21.67081533051489,False,False,CHANNELVIEW,CHANNELVIEW 2,-95.069071,29.842662,Coast,1.0,True
7369,2,False,False,18.0,7,1,0.0,0.0,1.0398099910267993,-20.119616597084416,False,False,CHANNELVIEW,CHANNELVIEW 2,-95.069071,29.842662,Coast,1.0,True
7370,2,False,False,18.0,7,1,0.0,0.0,1.0398099910267993,-20.119616597084416,False,False,CHANNELVIEW,CHANNELVIEW 2,-95.069071,29.842662,Coast,1.0,True
7371,2,False,False,18.0,7,1,0.0,0.0,1.0398099910267993,-20.119616597084416,False,False,CHANNELVIEW,CHANNELVIEW 2,-95.069071,29.842662,Coast,1.0,True
7372,2,False,False,18.0,7,1,0.0,0.0,1.0398099910267993,-20.119616597084416,False,False,CHANNELVIEW,CHANNELVIEW 2,-95.069071,29.842662,Coast,1.0,True
7373,2,False,False,18.0,7,1,0.0,0.0,1.0398099910267993,-20.119616597084416,False,False,CHANNELVIEW,CHANNELVIEW 2,-95.069071,29.842662,Coast,1.0,True
7380,1,False,False,115.0,7,1,52.24,14.8,1.0218391503004984,-22.1321204338852,False,False,FREEPORT,FREEPORT 1,-95.3629605,28.98485425,Coast,1.0,True
7381,1,False,False,115.0,7,1,183.45,75.89,1.0246262592201492,-26.91183294669339,False,False,HOUSTON,HOUSTON 80,-95.41128715217393,29.77727818478261,Coast,1.0,True
7382,1,False,False,115.0,7,1,78.13,22.14,1.025025486855193,-26.21688931127526,False,False,HOUSTON,HOUSTON 80,-95.41128715217393,29.77727818478261,Coast,1.0,True
7383,1,False,False,115.0,7,1,85.59,39.53,1.0366776168174237,-21.05771561294448,False,False,ROSHARON,ROSHARON,-95.435068,29.364128,Coast,1.0,True
7384,1,False,False,115.0,7,1,66.87,18.95,1.0284390201086853,-24.717335750413216,False,False,HOUSTON,HOUSTON 80,-95.41128715217393,29.77727818478261,Coast,1.0,True
7385,1,False,False,115.0,7,1,135.24,38.32,1.0219515692320138,-26.66587194268639,False,False,HOUSTON,HOUSTON 80,-95.41128715217393,29.77727818478261,Coast,1.0,True
7386,1,False,False,115.0,7,1,156.32,31.68,1.0310990221823055,-25.96628672194825,False,False,HOUSTON,HOUSTON 80,-95.41128715217393,29.77727818478261,Coast,1.0,True
7387,1,False,False,115.0,7,1,160.73,-31.55,1.0309574089863007,-28.648530195229373,False,False,HUMBLE,HUMBLE 2,-95.231858,30.0059,Coast,1.0,True
7388,1,False,False,115.0,7,1,125.97,8.33,1.0238067009171443,-26.836136926912005,False,False,HOUSTON,HOUSTON 80,-95.41128715217393,29.77727818478261,Coast,1.0,True
7389,1,False,False,500.0,7,1,0.0,0.0,1.034480863326641,-15.00339108141584,False,False,WILLIS,WILLIS 2,-95.442636,30.453487000000003,Coast,1.0,True
7390,1,False,False,230.0,7,1,0.0,0.0,1.0372156384512528,-18.526477033111885,False,False,WILLIS,WILLIS 2,-95.442636,30.453487000000003,Coast,1.0,True
7391,1,False,False,115.0,7,1,42.84,5.52,1.0321058288680556,-20.19415408245754,False,False,WILLIS,WILLIS 2,-95.442636,30.453487000000003,Coast,1.0,True
7392,2,False,False,115.0,7,1,57.52,14.46,1.0400000000000005,-26.860730091280185,False,False,BAYTOWN,BAYTOWN 2,-94.9321116,29.75354,Coast,1.0,True
7393,1,False,False,115.0,7,1,7.31,2.07,1.039306897825386,-14.302155843561746,False,False,VAN VLECK,VAN VLECK,-95.967518,29.191296,Coast,1.0,True
7394,1,False,False,115.0,7,1,66.55,10.6,1.021086792292686,-27.73340787736772,False,False,HUFFMAN,HUFFMAN,-95.040827,30.009659,Coast,1.0,True
7395,1,False,False,115.0,7,1,114.29,65.88,1.0251816681970574,-26.043043965913057,False,False,HOUSTON,HOUSTON 80,-95.41128715217393,29.77727818478261,Coast,1.0,True
7396,1,False,False,115.0,7,1,25.49,7.22,1.024767583419438,-25.03173574639824,False,False,HOUSTON,HOUSTON 80,-95.41128715217393,29.77727818478261,Coast,1.0,True
7397,1,False,False,115.0,7,1,105.72,42.56,1.0406871386133976,-21.211811730342408,False,False,ROSENBERG,ROSENBERG,-95.80023,29.56318,Coast,1.0,True
7398,1,False,False,115.0,7,1,135.01,-10.41,1.0328787324087156,-26.766704475897495,False,False,PASADENA,PASADENA 2,-95.1431518,29.6833732,Coast,1.0,True
7399,1,False,False,115.0,7,1,56.83,14.12,1.0268630004253043,-25.676453986069777,False,False,HOUSTON,HOUSTON 80,-95.41128715217393,29.77727818478261,Coast,1.0,True
7400,2,False,False,500.0,7,1,0.0,0.0,1.0400000000000005,-19.983121324984577,False,False,HOUSTON,HOUSTON 80,-95.41128715217393,29.77727818478261,Coast,1.0,True
7401,1,False,False,230.0,7,1,0.0,0.0,1.0382588961499797,-21.135042486822428,False,False,HOUSTON,HOUSTON 80,-95.41128715217393,29.77727818478261,Coast,1.0,True
7402,1,False,False,115.0,7,1,0.0,0.0,1.0376879680986626,-21.54319985245719,False,False,HOUSTON,HOUSTON 80,-95.41128715217393,29.77727818478261,Coast,1.0,True
7403,2,False,False,115.0,7,1,121.02,3.4,1.0335662784586046,-26.424290420817364,False,False,PASADENA,PASADENA 2,-95.1431518,29.6833732,Coast,1.0,True
7404,1,False,False,115.0,7,1,177.73,64.63,1.0212605640908174,-25.36953062637334,False,False,HOUSTON,HOUSTON 80,-95.41128715217393,29.77727818478261,Coast,1.0,True
7405,1,False,False,115.0,7,1,62.05,42.93,1.0169913921203897,-23.650595678424704,False,False,GALVESTON,GALVESTON 1,-94.84457,29.28062966666667,Coast,1.0,True
7406,1,False,False,500.0,7,1,0.0,0.0,1.0397720574430942,-4.327611503988206,False,False,POINT COMFORT,POINT COMFORT 2,-96.542544,28.663349333333333,Coast,1.0,True
7407,1,False,False,230.0,7,1,0.0,0.0,1.038249017277482,-3.1120111229345744,False,False,POINT COMFORT,POINT COMFORT 2,-96.542544,28.663349333333333,Coast,1.0,True
7408,1,False,False,115.0,7,1,91.48,-12.41,1.039904096006448,-2.546964712888706,False,False,POINT COMFORT,POINT COMFORT 2,-96.542544,28.663349333333333,Coast,1.0,True
7409,1,False,False,230.0,7,1,0.0,0.0,1.0314523969587306,-20.74066504289297,False,False,KATY,KATY 1,-95.7842315,29.79427175,Coast,1.0,True
7410,1,False,False,115.0,7,1,215.67,18.77,1.025350081895583,-24.342127873877786,False,False,KATY,KATY 1,-95.7842315,29.79427175,Coast,1.0,True
7411,1,False,False,115.0,7,1,69.41,19.67,1.0172743070754289,-26.972146303654004,False,False,SPRING,SPRING 1,-95.47181825,30.112047375,Coast,1.0,True
7412,1,False,False,115.0,7,1,15.44,-1.87,1.0379121395187785,-20.11304662204917,False,False,DANBURY,DANBURY,-95.295533,29.281605,Coast,1.0,True
7413,1,False,False,115.0,7,1,42.91,12.16,1.036375658756934,-14.670097170396737,False,False,WHARTON,WHARTON 1,-96.087226,29.2829165,Coast,1.0,True
7414,2,False,False,500.0,7,1,0.0,0.0,1.0400000000000007,-2.235278602796109,False,False,VICTORIA,VICTORIA 2,-97.00621414285716,28.74651585714286,Coast,1.0,True
7415,1,False,False,230.0,7,1,0.0,0.0,1.0393587380076688,-0.4655004038956642,False,False,VICTORIA,VICTORIA 2,-97.00621414285716,28.74651585714286,Coast,1.0,True
7416,1,False,False,115.0,7,1,0.0,0.0,1.04003808496464,-0.1709572459805121,False,False,VICTORIA,VICTORIA 2,-97.00621414285716,28.74651585714286,Coast,1.0,True
7417,1,False,False,115.0,7,1,163.64,27.73,1.0288742348832192,-25.91787856513903,False,False,HOUSTON,HOUSTON 80,-95.41128715217393,29.77727818478261,Coast,1.0,True
7418,1,False,False,115.0,7,1,48.22,33.52,1.0310619143672857,-25.4855076064208,False,False,HOUSTON,HOUSTON 80,-95.41128715217393,29.77727818478261,Coast,1.0,True
7419,1,False,False,115.0,7,1,107.0,-4.6,1.0367581194564115,-25.63236002962285,False,False,LA PORTE,LA PORTE,-95.062261,29.713119,Coast,1.0,True
7420,1,False,False,230.0,7,1,0.0,0.0,1.0321349277928988,-21.703872885803307,False,False,MAGNOLIA,MAGNOLIA 2,-95.698237,30.1865575,Coast,1.0,True
7421,1,False,False,115.0,7,1,140.34,25.68,1.0131122047747754,-25.745529858606204,False,False,MAGNOLIA,MAGNOLIA 2,-95.698237,30.1865575,Coast,1.0,True
7422,2,False,False,500.0,7,1,0.0,0.0,1.0402807200688309,-20.788677059142888,False,False,ALVIN,ALVIN,-95.21873266666668,29.305820666666666,Coast,1.0,True
7423,1,False,False,230.0,7,1,0.0,0.0,1.0331378407487437,-21.88825913839767,False,False,ALVIN,ALVIN,-95.21873266666668,29.305820666666666,Coast,1.0,True
7424,1,False,False,115.0,7,1,177.93,69.88,1.022805156910846,-24.690913764753475,False,False,ALVIN,ALVIN,-95.21873266666668,29.305820666666666,Coast,1.0,True
7425,1,False,False,115.0,7,1,156.98,69.11,1.0143863764100274,-26.411226889105627,False,False,HOUSTON,HOUSTON 80,-95.41128715217393,29.77727818478261,Coast,1.0,True
7426,1,False,False,115.0,7,1,61.96,11.84,1.0294185059134997,-16.447361794569183,False,False,BRAZORIA,BRAZORIA,-95.558277,28.960572,Coast,1.0,True
7427,1,False,False,115.0,7,1,156.45,44.33,1.0241250841787548,-26.62846678620728,False,False,HOUSTON,HOUSTON 80,-95.41128715217393,29.77727818478261,Coast,1.0,True
7428,2,False,False,500.0,7,1,0.0,0.0,1.0442782137903055,-19.11655205794589,False,False,FREEPORT,FREEPORT 1,-95.3629605,28.98485425,Coast,1.0,True
7429,1,False,False,230.0,7,1,0.0,0.0,1.0396353325116117,-18.24333619700178,False,False,FREEPORT,FREEPORT 1,-95.3629605,28.98485425,Coast,1.0,True
7430,1,False,False,115.0,7,1,46.92,13.29,1.039137702216613,-18.949214441514847,False,False,FREEPORT,FREEPORT 1,-95.3629605,28.98485425,Coast,1.0,True
7431,1,False,False,115.0,7,1,46.47,10.08,1.0191488106457105,-25.127488919279216,False,False,CONROE,CONROE 1,-95.41198228571427,30.277086714285712,Coast,1.0,True
7432,1,False,False,115.0,7,1,25.27,6.5,1.0243761343978048,-9.202328054330318,False,False,MADISONVILLE,MADISONVILLE,-95.905344,30.953672,Coast,1.0,True
8001,1,False,False,115.0,8,1,10.82,3.07,1.033243931313056,-5.038445351425777,False,False,NORMANGEE,NORMANGEE,-96.13919,31.132442,East,1.0,True
8002,1,False,False,115.0,8,1,11.81,3.35,1.0355258537859884,-5.671198325340873,False,False,ARP,ARP,-95.077715,32.26754,East,1.0,True
8003,1,False,False,115.0,8,1,11.99,3.4,1.041926876091448,-7.311086570129096,False,False,CENTERVILLE,CENTERVILLE,-95.934344,31.136452,East,1.0,True
8004,1,False,False,230.0,8,1,0.0,0.0,1.0352723306434783,-9.175338300365564,False,False,LUFKIN,LUFKIN 3,-94.737065,31.33610733333333,East,1.0,True
8005,1,False,False,115.0,8,1,102.01,28.9,1.035563954740602,-9.85244438415662,False,False,LUFKIN,LUFKIN 3,-94.737065,31.33610733333333,East,1.0,True
8006,1,False,False,115.0,8,1,37.4,4.45,1.0332304312005456,-5.319502726108176,False,False,FLINT,FLINT,-95.413415,32.218325,East,1.0,True
8007,1,False,False,115.0,8,1,30.07,2.52,1.022688412009787,-5.151649344757085,False,False,BULLARD,BULLARD,-95.347503,32.11274,East,1.0,True
8008,1,False,False,115.0,8,1,39.22,11.11,1.0166149387604924,-5.256849904898683,False,False,CHANDLER,CHANDLER,-95.521442,32.271436,East,1.0,True
8009,1,False,False,115.0,8,1,9.81,2.78,1.0340419729663957,-22.73708750765237,False,False,PLANTERSVILLE,PLANTERSVILLE,-95.84999,30.316397,East,1.0,True
8010,1,False,False,115.0,8,1,5.39,3.86,1.0300855268438056,-3.099851665586405,False,False,MARQUEZ,MARQUEZ,-96.22928,31.235882,East,1.0,True
8011,1,False,False,115.0,8,1,27.25,7.72,1.0262975987995002,1.0790500610570029,False,False,TENNESSEE COLONY,TENNESSEE COLONY,-95.980743,31.93201,East,1.0,True
8012,1,False,False,115.0,8,1,7.6,2.15,1.0249824559667102,-14.627937503484372,False,False,ANDERSON,ANDERSON,-96.011435,30.527987,East,1.0,True
8013,1,False,False,115.0,8,1,60.03,26.33,1.037006429597263,-5.580103250533349,False,False,MINEOLA,MINEOLA,-95.424745,32.816432,East,1.0,True
8014,1,False,False,115.0,8,1,15.15,4.29,1.0106755975985,-10.602234000326703,False,False,LOVELADY,LOVELADY,-95.499937,31.092367,East,1.0,True
8015,1,False,False,115.0,8,1,19.47,6.78,1.0322573156750914,-9.52322930565954,False,False,HUNTINGTON,HUNTINGTON,-94.509986,31.230511,East,1.0,True
8016,1,False,False,115.0,8,1,69.86,19.79,1.0395171362335902,-10.571693810588698,False,False,BRYAN,BRYAN 4,-96.4032496,30.7142204,East,1.0,True
8017,1,False,False,115.0,8,1,18.44,13.7,1.020764752479662,-4.878803480658232,False,False,FRANKSTON,FRANKSTON,-95.418796,32.035939,East,1.0,True
8018,1,False,False,230.0,8,1,0.0,0.0,1.0484724243024122,-3.3911101826453645,False,False,TYLER,TYLER 4,-95.28425288888889,32.35432222222222,East,1.0,True
8019,1,False,False,115.0,8,1,103.12,29.22,1.0398843714390138,-5.428283249813372,False,False,TYLER,TYLER 4,-95.28425288888889,32.35432222222222,East,1.0,True
8020,2,False,False,115.0,8,1,17.25,4.92,1.04,-3.3346607199878235,False,False,BEN WHEELER,BEN WHEELER,-95.7156,32.4744,East,1.0,True
8021,1,False,False,115.0,8,1,10.73,3.04,1.0352495193733235,-7.648510253595848,False,False,GARRISON,GARRISON,-94.520617,31.81932,East,1.0,True
8022,1,False,False,115.0,8,1,6.89,1.95,1.032173436379807,-9.118192588362444,False,False,ETOILE,ETOILE,-94.367277,31.465312,East,1.0,True
8023,1,False,False,115.0,8,1,0.0,0.0,1.033433968854155,-10.003370557876655,False,False,LUFKIN,LUFKIN 3,-94.737065,31.33610733333333,East,1.0,True
8025,1,False,False,115.0,8,1,50.76,30.91,1.0224864675605734,-9.885387043470947,False,False,PALESTINE,PALESTINE 1,-95.64904,31.9046145,East,1.0,True
8026,1,False,False,115.0,8,1,55.08,28.92,1.0340112453271957,-6.935876396397214,False,False,LINDALE,LINDALE,-95.435716,32.537897,East,1.0,True
8027,1,False,False,115.0,8,1,39.38,14.53,1.0356323242418612,-5.362317237454358,False,False,WHITEHOUSE,WHITEHOUSE,-95.220644,32.221577,East,1.0,True
8028,1,False,False,115.0,8,1,24.06,6.82,1.0343319021953192,-5.301240530055141,False,False,OVERTON,OVERTON,-94.936535,32.250339,East,1.0,True
8029,1,False,False,115.0,8,1,25.65,6.63,1.039951683232535,-4.185682677353014,False,False,GRAND SALINE,GRAND SALINE,-95.687531,32.646573,East,1.0,True
8030,1,False,False,500.0,8,1,0.0,0.0,1.035294168883803,-10.273031446205303,False,False,SHIRO,SHIRO,-95.973798,30.65991,East,1.0,True
8031,1,False,False,230.0,8,1,0.0,0.0,1.0345612367298378,-10.199144258029127,False,False,SHIRO,SHIRO,-95.973798,30.65991,East,1.0,True
8032,1,False,False,115.0,8,1,77.96,21.83,1.0290947556343233,-11.607107037442429,False,False,SHIRO,SHIRO,-95.973798,30.65991,East,1.0,True
8033,2,False,False,13.8,8,1,0.0,0.0,1.035294168883803,-10.273031446205303,False,False,SHIRO,SHIRO,-95.973798,30.65991,East,1.0,True
8037,1,False,False,115.0,8,1,11.29,3.2,1.0169912089763158,-9.989168513993434,False,False,MIDWAY,MIDWAY,-95.715509,30.959521,East,1.0,True
8038,1,False,False,115.0,8,1,73.15,30.06,1.0273371111098208,7.081270187749658,False,False,SULPHUR SPRINGS,SULPHUR SPRINGS,-95.669493,33.1959495,East,1.0,True
8039,1,False,False,115.0,8,1,12.61,3.57,1.0261455758745568,-6.075667165841925,False,False,VAN,VAN,-95.643977,32.535169,East,1.0,True
8040,1,False,False,115.0,8,1,10.01,3.07,1.0205955701646023,-2.3291546537337044,False,False,MURCHISON,MURCHISON,-95.643712,32.158557,East,1.0,True
8041,1,False,False,115.0,8,1,32.46,22.3,1.0349952845802246,-7.833549971844638,False,False,NACOGDOCHES,NACOGDOCHES 2,-94.63217766666666,31.621374,East,1.0,True
8042,1,False,False,115.0,8,1,27.31,20.81,1.0093442339212375,-10.97673877206517,False,False,DIBOLL,DIBOLL,-94.758734,31.186933,East,1.0,True
8043,1,False,False,500.0,8,1,0.0,0.0,1.0433973865571171,3.0020533995861736,False,False,FAIRFIELD,FAIRFIELD 1,-96.08704033333332,31.83128633333333,East,1.0,True
8044,1,False,False,230.0,8,1,0.0,0.0,1.0413043575846233,2.372739279841757,False,False,FAIRFIELD,FAIRFIELD 1,-96.08704033333332,31.83128633333333,East,1.0,True
8045,1,False,False,115.0,8,1,0.0,0.0,1.031796365220761,2.288450213191517,False,False,FAIRFIELD,FAIRFIELD 1,-96.08704033333332,31.83128633333333,East,1.0,True
8046,2,False,False,18.0,8,1,0.0,0.0,1.0400000000000005,4.295377049188584,False,False,FAIRFIELD,FAIRFIELD 1,-96.08704033333332,31.83128633333333,East,1.0,True
8047,2,False,False,18.0,8,1,0.0,0.0,1.0433973865571171,3.0020533995861736,False,False,FAIRFIELD,FAIRFIELD 1,-96.08704033333332,31.83128633333333,East,1.0,True
8048,2,False,False,18.0,8,1,0.0,0.0,1.0433973865571171,3.0020533995861736,False,False,FAIRFIELD,FAIRFIELD 1,-96.08704033333332,31.83128633333333,East,1.0,True
8049,2,False,False,18.0,8,1,0.0,0.0,1.0400000000000005,7.787444169739221,False,False,FAIRFIELD,FAIRFIELD 1,-96.08704033333332,31.83128633333333,East,1.0,True
8050,2,False,False,18.0,8,1,0.0,0.0,1.04,3.9835822397498175,False,False,FAIRFIELD,FAIRFIELD 1,-96.08704033333332,31.83128633333333,East,1.0,True
8051,2,False,False,18.0,8,1,0.0,0.0,1.0400000000000005,6.054395908479631,False,False,FAIRFIELD,FAIRFIELD 1,-96.08704033333332,31.83128633333333,East,1.0,True
8052,1,False,False,115.0,8,1,15.19,4.3,1.035402743114581,-5.58814021223494,False,False,TYLER,TYLER 4,-95.28425288888889,32.35432222222222,East,1.0,True
8053,1,False,False,115.0,8,1,20.96,13.14,1.0209490584177847,-2.574967202402874,False,False,ATHENS,ATHENS 1,-95.8568275,32.169178,East,1.0,True
8054,1,False,False,115.0,8,1,16.16,4.58,1.017510360811693,-4.40916392028621,False,False,BUFFALO,BUFFALO,-96.009175,31.473728,East,1.0,True
8055,1,False,False,115.0,8,1,33.79,8.82,1.026805223475904,-8.215656850097147,False,False,RUSK,RUSK,-95.19267,31.779325,East,1.0,True
8056,1,False,False,115.0,8,1,10.55,6.67,1.0351579195745522,-5.8678625524915615,False,False,WINONA,WINONA,-95.106353,32.482238,East,1.0,True
8057,1,False,False,500.0,8,1,0.0,0.0,1.04397665976759,2.5549004279958867,False,False,FAIRFIELD,FAIRFIELD 1,-96.08704033333332,31.83128633333333,East,1.0,True
8058,1,False,False,230.0,8,1,0.0,0.0,1.0415703416152278,2.094145033906642,False,False,FAIRFIELD,FAIRFIELD 1,-96.08704033333332,31.83128633333333,East,1.0,True
8059,1,False,False,115.0,8,1,0.0,0.0,1.0328490528644163,1.2286066468758197,False,False,FAIRFIELD,FAIRFIELD 1,-96.08704033333332,31.83128633333333,East,1.0,True
8062,1,False,False,115.0,8,1,8.03,4.21,1.036481240731932,-5.879498803681158,False,False,CUSHING,CUSHING 2,-94.87749,31.8141905,East,1.0,True
8063,1,False,False,115.0,8,1,69.38,10.72,1.026491916163793,-8.90249227922826,False,False,NACOGDOCHES,NACOGDOCHES 2,-94.63217766666666,31.621374,East,1.0,True
8064,1,False,False,115.0,8,1,15.28,8.87,1.0294551954475166,1.0021749605217438,False,False,FAIRFIELD,FAIRFIELD 1,-96.08704033333332,31.83128633333333,East,1.0,True
8065,1,False,False,115.0,8,1,6.85,4.37,1.031060440933678,2.03312633444057,False,False,TRINIDAD,TRINIDAD 2,-96.1482745,32.142643,East,1.0,True
8066,1,False,False,115.0,8,1,3.23,0.92,1.040512203792194,11.302664658448991,False,False,DIKE,DIKE,-95.4621,33.21732,East,1.0,True
8067,1,False,False,500.0,8,1,0.0,0.0,1.0417169057624691,4.298724249571053,False,False,JEWETT,JEWETT 1,-96.202639,31.37571,East,1.0,True
8068,1,False,False,230.0,8,1,0.0,0.0,1.0408725731990265,1.1994893576147827,False,False,JEWETT,JEWETT 1,-96.202639,31.37571,East,1.0,True
8069,1,False,False,115.0,8,1,0.0,0.0,1.0321084239365237,-1.3596268325071863,False,False,JEWETT,JEWETT 1,-96.202639,31.37571,East,1.0,True
8070,2,False,False,13.8,8,1,0.0,0.0,1.0400000000000005,4.968587680056546,False,False,JEWETT,JEWETT 1,-96.202639,31.37571,East,1.0,True
8071,2,False,False,13.8,8,1,0.0,0.0,1.0400000000000005,6.450745243983793,False,False,JEWETT,JEWETT 1,-96.202639,31.37571,East,1.0,True
8072,1,False,False,115.0,8,1,70.08,19.85,1.01480629349981,-1.3027639202779004,False,False,PALESTINE,PALESTINE 1,-95.64904,31.9046145,East,1.0,True
8073,1,False,False,115.0,8,1,19.05,5.4,1.036470810877051,-3.801080768028808,False,False,EMORY,EMORY,-95.749061,32.880733,East,1.0,True
8074,1,False,False,500.0,8,1,0.0,0.0,1.046975304194036,-1.4452954417824944,False,False,MT. ENTERPRISE,MT. ENTERPRISE,-94.619743,32.017826,East,1.0,True
8075,1,False,False,230.0,8,1,0.0,0.0,1.0457358742375804,-3.081828446108287,False,False,MT. ENTERPRISE,MT. ENTERPRISE,-94.619743,32.017826,East,1.0,True
8076,1,False,False,115.0,8,1,0.0,0.0,1.0418687416471828,-5.289771118875402,False,False,MT. ENTERPRISE,MT. ENTERPRISE,-94.619743,32.017826,East,1.0,True
8077,2,False,False,13.8,8,1,0.0,0.0,1.046975304194036,-1.4452954417824944,False,False,MT. ENTERPRISE,MT. ENTERPRISE,-94.619743,32.017826,East,1.0,True
8078,2,False,False,13.8,8,1,0.0,0.0,1.0400000000000005,4.454301680258257,False,False,MT. ENTERPRISE,MT. ENTERPRISE,-94.619743,32.017826,East,1.0,True
8079,2,False,False,13.8,8,1,0.0,0.0,1.04,2.3579338609421736,False,False,MT. ENTERPRISE,MT. ENTERPRISE,-94.619743,32.017826,East,1.0,True
8080,2,False,False,13.8,8,1,0.0,0.0,1.04,1.160737491867604,False,False,MT. ENTERPRISE,MT. ENTERPRISE,-94.619743,32.017826,East,1.0,True
8081,1,False,False,115.0,8,1,26.05,11.15,1.0228848682576963,-5.856714469377612,False,False,TYLER,TYLER 4,-95.28425288888889,32.35432222222222,East,1.0,True
8082,1,False,False,500.0,8,1,0.0,0.0,1.0409922724803746,-0.9775109823553154,False,False,FRANKLIN,FRANKLIN,-96.4866,31.1803,East,1.0,True
8083,1,False,False,230.0,8,1,0.0,0.0,1.0417346905739149,-3.774005834121878,False,False,FRANKLIN,FRANKLIN,-96.4866,31.1803,East,1.0,True
8084,1,False,False,161.0,8,1,0.0,0.0,1.0308154675154528,-2.1916976354946733,False,False,FRANKLIN,FRANKLIN,-96.4866,31.1803,East,1.0,True
8086,1,False,False,115.0,8,1,19.44,6.02,1.025357733524804,-0.7435253744984494,False,False,FRANKLIN,FRANKLIN,-96.4866,31.1803,East,1.0,True
8087,2,False,False,18.0,8,1,0.0,0.0,1.04,-0.3088673938836775,False,False,FRANKLIN,FRANKLIN,-96.4866,31.1803,East,1.0,True
8088,2,False,False,18.0,8,1,0.0,0.0,1.0399999999999998,1.8033437902063068,False,False,FRANKLIN,FRANKLIN,-96.4866,31.1803,East,1.0,True
8089,1,False,False,115.0,8,1,21.47,8.08,1.0346422339021288,-5.862512189906953,False,False,TYLER,TYLER 4,-95.28425288888889,32.35432222222222,East,1.0,True
8090,1,False,False,115.0,8,1,15.21,-1.99,1.0126466478458829,-8.408799523799384,False,False,ELKHART,ELKHART,-95.58334,31.606693,East,1.0,True
8091,1,False,False,115.0,8,1,11.87,1.95,1.0417116156642567,10.41629758925044,False,False,WORTHAM,WORTHAM,-96.467327,31.896737,East,1.0,True
8092,1,False,False,115.0,8,1,7.11,1.66,1.0145405390115785,-6.108162988119091,False,False,OAKWOOD,OAKWOOD,-95.863721,31.557267,East,1.0,True
8093,1,False,False,115.0,8,1,1.7,1.39,1.0454124754144338,8.473033908508459,False,False,COOKVILLE,COOKVILLE,-94.857848,33.241961,East,1.0,True
8094,1,False,False,230.0,8,1,0.0,0.0,1.0390212929688278,-8.223355077648895,False,False,COLLEGE STATION,COLLEGE STATION 1,-96.307958,30.5895815,East,1.0,True
8095,1,False,False,115.0,8,1,146.81,41.6,1.0314389286623984,-10.45534266344504,False,False,COLLEGE STATION,COLLEGE STATION 1,-96.307958,30.5895815,East,1.0,True
8096,1,False,False,115.0,8,1,11.17,5.59,1.0364668377136073,-2.37017783932373,False,False,EDGEWOOD,EDGEWOOD,-95.854461,32.715013,East,1.0,True
8097,1,False,False,230.0,8,1,0.0,0.0,1.043776997750319,-3.744448693311732,False,False,CUSHING,CUSHING 2,-94.87749,31.8141905,East,1.0,True
8098,1,False,False,115.0,8,1,0.0,0.0,1.039202567872643,-5.2038240948264285,False,False,CUSHING,CUSHING 2,-94.87749,31.8141905,East,1.0,True
8099,2,False,False,13.8,8,1,0.0,0.0,1.04,4.348693728960719,False,False,CUSHING,CUSHING 2,-94.87749,31.8141905,East,1.0,True
8100,1,False,False,115.0,8,1,41.13,11.65,1.0355108962067008,-5.7356791971085865,False,False,TYLER,TYLER 4,-95.28425288888889,32.35432222222222,East,1.0,True
8101,1,False,False,115.0,8,1,12.54,3.55,1.0229360261268428,-10.126156963101929,False,False,ALTO,ALTO,-95.06209,31.61295,East,1.0,True
8102,1,False,False,115.0,8,1,4.76,1.35,1.03329855076711,2.5001085489722485,False,False,CALVERT,CALVERT,-96.66368,31.09828,East,1.0,True
8103,1,False,False,115.0,8,1,7.13,2.31,1.0298435499400955,-2.340708339689323,False,False,JEWETT,JEWETT 1,-96.202639,31.37571,East,1.0,True
8104,1,False,False,115.0,8,1,34.61,26.5,1.0257796140275948,-19.18222384559548,False,False,NAVASOTA,NAVASOTA,-96.054766,30.369294,East,1.0,True
8105,1,False,False,230.0,8,1,0.0,0.0,1.050224151841052,5.505662173972926,False,True,MOUNT PLEASANT,MOUNT PLEASANT 2,-95.1026285,33.188059,East,1.0,True
8106,1,False,False,115.0,8,1,99.13,29.93,1.0388660790372348,9.4971647583467,False,False,MOUNT PLEASANT,MOUNT PLEASANT 2,-95.1026285,33.188059,East,1.0,True
8107,1,False,False,115.0,8,1,9.21,4.86,1.0430653949377546,7.11049653981062,False,False,SCROGGINS,SCROGGINS,-95.197098,33.024442,East,1.0,True
8108,1,False,False,115.0,8,1,43.93,12.45,1.0377479644992569,-3.852166974636857,False,False,WILLS POINT,WILLS POINT,-95.994666,32.703269,East,1.0,True
8109,1,False,False,115.0,8,1,51.76,14.67,1.0120474103318926,0.7120905839789019,False,False,ATHENS,ATHENS 1,-95.8568275,32.169178,East,1.0,True
8110,1,False,False,115.0,8,1,16.64,1.68,1.0480195125513323,1.1687538527734531,False,False,POINT,POINT,-95.912936,32.989261,East,1.0,True
8111,1,False,False,115.0,8,1,87.11,24.68,1.02670202190849,-10.492837890800782,False,False,LUFKIN,LUFKIN 3,-94.737065,31.33610733333333,East,1.0,True
8112,1,False,False,500.0,8,1,0.0,0.0,1.0458637992601572,-1.36523648575449,False,False,JACKSONVILLE,JACKSONVILLE 1,-95.123407,31.9424935,East,1.0,True
8113,1,False,False,230.0,8,1,0.0,0.0,1.0457700517305013,-2.806543132732372,False,False,JACKSONVILLE,JACKSONVILLE 1,-95.123407,31.9424935,East,1.0,True
8114,1,False,False,115.0,8,1,24.41,6.92,1.0386226011496609,-4.746338837094609,False,False,JACKSONVILLE,JACKSONVILLE 1,-95.123407,31.9424935,East,1.0,True
8115,2,False,False,13.8,8,1,0.0,0.0,1.04,-1.1482054672346544,False,False,JACKSONVILLE,JACKSONVILLE 1,-95.123407,31.9424935,East,1.0,True
8116,2,False,False,13.8,8,1,0.0,0.0,1.0400000000000005,4.350062342661564,False,False,JACKSONVILLE,JACKSONVILLE 1,-95.123407,31.9424935,East,1.0,True
8118,1,False,False,115.0,8,1,6.46,4.18,1.0096390060825329,-10.545417804116674,False,False,CROCKETT,CROCKETT,-95.255739,31.188898,East,1.0,True
8119,1,False,False,115.0,8,1,17.99,11.48,1.0378965412006933,-6.417679485432279,False,False,HENDERSON,HENDERSON 1,-94.7161785,32.082429000000005,East,1.0,True
8120,1,False,False,115.0,8,1,31.9,5.06,1.0445978952878534,-10.380815013129322,False,False,BRYAN,BRYAN 4,-96.4032496,30.7142204,East,1.0,True
8121,1,False,False,115.0,8,1,79.16,22.43,1.021251743922765,-8.593856122913092,False,False,JACKSONVILLE,JACKSONVILLE 1,-95.123407,31.9424935,East,1.0,True
8122,1,False,False,115.0,8,1,29.41,8.33,1.0384856231594923,-10.207038109891442,False,False,BRYAN,BRYAN 4,-96.4032496,30.7142204,East,1.0,True
8123,1,False,False,115.0,8,1,17.53,4.97,1.0209338379588149,1.2238689095220716,False,False,MALAKOFF,MALAKOFF,-96.01423,32.12747,East,1.0,True
8124,1,False,False,115.0,8,1,20.2,5.72,1.0370806687359952,3.497031656510974,False,False,CUMBY,CUMBY,-95.803234,33.098096,East,1.0,True
8125,1,False,False,115.0,8,1,45.16,30.52,1.0246783392532055,-10.8910494256789,False,False,NACOGDOCHES,NACOGDOCHES 2,-94.63217766666666,31.621374,East,1.0,True
8126,1,False,False,500.0,8,1,0.0,0.0,1.0553438927976748,3.69750861764943,False,True,MOUNT PLEASANT,MOUNT PLEASANT 2,-95.1026285,33.188059,East,1.0,True
8127,1,False,False,230.0,8,1,0.0,0.0,1.0521338837009728,4.265642625148624,False,True,MOUNT PLEASANT,MOUNT PLEASANT 2,-95.1026285,33.188059,East,1.0,True
8128,1,False,False,115.0,8,1,0.0,0.0,1.0430237135019012,6.514453239896369,False,False,MOUNT PLEASANT,MOUNT PLEASANT 2,-95.1026285,33.188059,East,1.0,True
8132,1,False,False,115.0,8,1,21.93,6.21,1.0273564503816264,-1.8107009739705464,False,False,TEAGUE,TEAGUE,-96.229757,31.4789,East,1.0,True
8133,1,False,False,230.0,8,1,0.0,0.0,1.045910534933597,-3.2820393139808437,False,False,TYLER,TYLER 4,-95.28425288888889,32.35432222222222,East,1.0,True
8134,1,False,False,115.0,8,1,29.19,31.59,1.0378576827901038,-4.945808550155667,False,False,TYLER,TYLER 4,-95.28425288888889,32.35432222222222,East,1.0,True
8135,1,False,False,115.0,8,1,81.21,41.32,1.0362065411721166,-5.662294496221423,False,False,TYLER,TYLER 4,-95.28425288888889,32.35432222222222,East,1.0,True
8136,1,False,False,115.0,8,1,10.05,7.87,1.0372877483143617,-2.5167526285679807,False,False,YANTIS,YANTIS,-95.568154,32.925093,East,1.0,True
8137,1,False,False,115.0,8,1,24.32,7.7,1.023873353886678,-10.560760106568964,False,False,POLLOK,POLLOK,-95.126653,31.390774,East,1.0,True
8138,1,False,False,115.0,8,1,6.5,1.84,1.0392568984955184,-5.636496272385074,False,False,TYLER,TYLER 4,-95.28425288888889,32.35432222222222,East,1.0,True
8139,2,False,False,230.0,8,1,0.0,0.0,1.04,-7.897846796869822,False,False,COLLEGE STATION,COLLEGE STATION 1,-96.307958,30.5895815,East,1.0,True
8140,1,False,False,115.0,8,1,168.51,47.75,1.037352443635017,-10.455894567173228,False,False,COLLEGE STATION,COLLEGE STATION 1,-96.307958,30.5895815,East,1.0,True
8141,2,False,False,115.0,8,1,20.94,5.93,1.0400000000000005,-9.24157282950752,False,False,HEARNE,HEARNE,-96.62542,30.881424,East,1.0,True
8142,1,False,False,115.0,8,1,22.36,6.34,1.0409409869401822,9.315037891284543,False,False,MOUNT VERNON,MOUNT VERNON,-95.319229,33.201315,East,1.0,True
8143,1,False,False,115.0,8,1,22.94,12.93,1.034431701649808,-9.977132950702112,False,False,IOLA,IOLA,-96.069829,30.705329,East,1.0,True
8144,1,False,False,115.0,8,1,5.69,1.71,1.0297342304016823,0.5773821046733061,False,False,STREETMAN,STREETMAN,-96.329922,31.76524,East,1.0,True
8145,1,False,False,115.0,8,1,6.16,1.74,1.0353886941300463,0.9005109323079448,False,False,COMO,COMO,-95.460935,33.01419,East,1.0,True
8146,1,False,False,115.0,8,1,37.23,14.14,1.040010188993188,-3.768745603569938,False,False,HENDERSON,HENDERSON 1,-94.7161785,32.082429000000005,East,1.0,True
8147,1,False,False,230.0,8,1,0.0,0.0,1.0406564657002404,1.7096417989219683,False,False,TRINIDAD,TRINIDAD 2,-96.1482745,32.142643,East,1.0,True
8148,1,False,False,161.0,8,1,0.0,0.0,1.0359415890740864,1.1520129805193984,False,False,TRINIDAD,TRINIDAD 2,-96.1482745,32.142643,East,1.0,True
8149,1,False,False,115.0,8,1,0.0,0.0,1.029756245173698,1.8522860122085008,False,False,TRINIDAD,TRINIDAD 2,-96.1482745,32.142643,East,1.0,True
8150,1,False,False,115.0,8,1,8.51,2.41,1.0344099627636554,-9.038389755325056,False,False,ZAVALLA,ZAVALLA,-94.375214,31.138382,East,1.0,True
8151,1,False,False,115.0,8,1,17.38,4.92,1.0117092922359197,-9.76777586880066,False,False,GRAPELAND,GRAPELAND,-95.481652,31.417425,East,1.0,True
8152,2,False,False,115.0,8,1,46.35,13.13,1.0400000000000005,-10.38416860773414,False,False,BRYAN,BRYAN 4,-96.4032496,30.7142204,East,1.0,True
8153,1,False,False,115.0,8,1,35.07,10.92,1.0396874340981543,-3.3064350050151323,False,False,CANTON,CANTON,-95.888865,32.518146,East,1.0,True
8154,1,False,False,115.0,8,1,26.31,7.46,1.0341717579009395,-5.940096117504459,False,False,TYLER,TYLER 4,-95.28425288888889,32.35432222222222,East,1.0,True
8155,1,False,False,500.0,8,1,0.0,0.0,1.040509097175223,-0.9499573285693804,False,False,BREMOND,BREMOND,-96.69503,31.091925,East,1.0,True
8156,1,False,False,230.0,8,1,0.0,0.0,1.0420031625409358,-3.2438130698906966,False,False,BREMOND,BREMOND,-96.69503,31.091925,East,1.0,True
8157,1,False,False,115.0,8,1,0.0,0.0,1.032196122878026,2.155365390124535,False,False,BREMOND,BREMOND,-96.69503,31.091925,East,1.0,True
8158,2,False,False,500.0,8,1,0.0,0.0,1.0400000000000005,-5.3451247175349605,False,False,BRYAN,BRYAN 4,-96.4032496,30.7142204,East,1.0,True
8159,1,False,False,230.0,8,1,0.0,0.0,1.0417341890824012,-6.810995090540255,False,False,BRYAN,BRYAN 4,-96.4032496,30.7142204,East,1.0,True
8160,1,False,False,115.0,8,1,90.76,25.71,1.0389201410654942,-9.56408855890457,False,False,BRYAN,BRYAN 4,-96.4032496,30.7142204,East,1.0,True
12500,1,False,False,115.0,8,1,0.0,0.0,1.046298580313476,-2.3045620564702736,False,False,TATUM,TATUM 1,-94.5706,32.2606,East,1.0,True
12501,1,False,False,500.0,8,1,0.0,0.0,1.046653290890856,-1.8921356809193637,False,False,TATUM,TATUM 1,-94.5706,32.2606,East,1.0,True
12502,2,False,False,20.0,8,1,0.0,0.0,1.04,-0.4192401687958023,False,False,TATUM,TATUM 1,-94.5706,32.2606,East,1.0,True
12503,2,False,False,20.0,8,1,0.0,0.0,1.0400000000000005,-0.6012190538406001,False,False,TATUM,TATUM 1,-94.5706,32.2606,East,1.0,True
12504,2,False,False,20.0,8,1,0.0,0.0,1.0399999999999998,-0.9973857711632376,False,False,TATUM,TATUM 1,-94.5706,32.2606,East,1.0,True
12505,1,False,False,500.0,5,1,0.0,0.0,1.0344435423257017,-1.0402218337228963,False,False,FORNEY,FORNEY,-96.4916,32.7563,North Central,1.0,True
12506,2,False,False,20.0,5,1,0.0,0.0,1.04,0.7263666658210587,False,False,FORNEY,FORNEY,-96.4916,32.7563,North Central,1.0,True
12507,2,False,False,20.0,5,1,0.0,0.0,1.0400000000000005,-0.572043115329946,False,False,FORNEY,FORNEY,-96.4916,32.7563,North Central,1.0,True
12508,2,False,False,20.0,5,1,0.0,0.0,1.04,4.368915875916346,False,False,FORNEY,FORNEY,-96.4916,32.7563,North Central,1.0,True
12509,2,False,False,20.0,5,1,0.0,0.0,1.0344435423257017,-1.0402218337228963,False,False,FORNEY,FORNEY,-96.4916,32.7563,North Central,1.0,True
12510,2,False,False,20.0,5,1,0.0,0.0,1.0344435423257017,-1.0402218337228963,False,False,FORNEY,FORNEY,-96.4916,32.7563,North Central,1.0,True
12511,2,False,False,20.0,5,1,0.0,0.0,1.0344435423257017,-1.0402218337228963,False,False,FORNEY,FORNEY,-96.4916,32.7563,North Central,1.0,True
12512,2,False,False,20.0,5,1,0.0,0.0,1.0344435423257017,-1.040221833722896,False,False,FORNEY,FORNEY,-96.4916,32.7563,North Central,1.0,True
12513,2,False,False,20.0,5,1,0.0,0.0,1.0344435423257017,-1.0402218337228963,False,False,FORNEY,FORNEY,-96.4916,32.7563,North Central,1.0,True
12514,2,False,False,20.0,5,1,0.0,0.0,1.0307486062471891,2.345527401427836,False,False,MIDLOTHIAN,MIDLOTHIAN 2,-97.0540165,32.448697,North Central,1.0,True
12515,2,False,False,20.0,5,1,0.0,0.0,1.0307486062471891,2.345527401427836,False,False,MIDLOTHIAN,MIDLOTHIAN 2,-97.0540165,32.448697,North Central,1.0,True
12516,2,False,False,20.0,5,1,0.0,0.0,1.0307486062471891,2.345527401427836,False,False,MIDLOTHIAN,MIDLOTHIAN 2,-97.0540165,32.448697,North Central,1.0,True
12517,2,False,False,20.0,5,1,0.0,0.0,1.0399999999999996,6.534017967490578,False,False,MIDLOTHIAN,MIDLOTHIAN 2,-97.0540165,32.448697,North Central,1.0,True
12518,2,False,False,20.0,5,1,0.0,0.0,1.0307486062471891,2.345527401427835,False,False,MIDLOTHIAN,MIDLOTHIAN 2,-97.0540165,32.448697,North Central,1.0,True
12519,2,False,False,20.0,5,1,0.0,0.0,1.0307486062471891,2.345527401427836,False,False,MIDLOTHIAN,MIDLOTHIAN 2,-97.0540165,32.448697,North Central,1.0,True
12520,2,False,False,13.8,5,1,0.0,0.0,1.0384303305059437,0.9282612046501344,False,False,TEMPLE,TEMPLE 2,-97.314427,31.08967366666667,North Central,1.0,True
12521,2,False,False,13.8,5,1,0.0,0.0,1.0384303305059437,0.9282612046501342,False,False,TEMPLE,TEMPLE 2,-97.314427,31.08967366666667,North Central,1.0,True
12522,2,False,False,13.8,5,1,0.0,0.0,1.0384303305059437,0.9282612046501344,False,False,TEMPLE,TEMPLE 2,-97.314427,31.08967366666667,North Central,1.0,True
12523,1,False,False,500.0,6,1,0.0,0.0,1.0366211544830826,-5.6489560348675925,False,False,SAN ANTONIO,SAN ANTONIO 46,-98.5093816037736,29.474642000000003,South Central,1.0,True
12524,2,False,False,20.0,6,1,0.0,0.0,1.0399999999999998,-2.370731437518565,False,False,SAN ANTONIO,SAN ANTONIO 46,-98.5093816037736,29.474642000000003,South Central,1.0,True
12525,2,False,False,20.0,6,1,0.0,0.0,1.0399999999999996,-4.566647250250516,False,False,SAN ANTONIO,SAN ANTONIO 46,-98.5093816037736,29.474642000000003,South Central,1.0,True
12526,2,False,False,18.0,6,1,0.0,0.0,1.04,-1.128135265844341,False,False,MARION,MARION 2,-98.094738,29.6124265,South Central,1.0,True
12527,2,False,False,18.0,6,1,0.0,0.0,1.0399999999999996,-3.4310509102932394,False,False,MARION,MARION 2,-98.094738,29.6124265,South Central,1.0,True
12528,1,False,False,500.0,5,1,0.0,0.0,1.030752317873168,1.7785945052316718,False,False,FORT WORTH,FORT WORTH 14,-97.34008506896552,32.753233586206896,North Central,1.0,True
12529,2,False,False,20.0,5,1,0.0,0.0,1.0400000000000005,3.5146059325802885,False,False,FORT WORTH,FORT WORTH 14,-97.34008506896552,32.753233586206896,North Central,1.0,True
12530,2,False,False,20.0,5,1,0.0,0.0,1.04,3.503102264035616,False,False,FORT WORTH,FORT WORTH 14,-97.34008506896552,32.753233586206896,North Central,1.0,True
12531,2,False,False,20.0,5,1,0.0,0.0,1.030752317873168,1.7785945052316718,False,False,FORT WORTH,FORT WORTH 14,-97.34008506896552,32.753233586206896,North Central,1.0,True
12532,2,False,False,13.8,5,1,0.0,0.0,1.0234327692010454,13.583220461561789,False,False,POOLVILLE,POOLVILLE,-97.93385,33.07965,North Central,1.0,True
12533,2,False,False,13.8,5,1,0.0,0.0,1.0234327692010454,13.583220461561789,False,False,POOLVILLE,POOLVILLE,-97.93385,33.07965,North Central,1.0,True
12534,2,False,False,13.8,5,1,0.0,0.0,1.0234327692010454,13.583220461561789,False,False,POOLVILLE,POOLVILLE,-97.93385,33.07965,North Central,1.0,True
12535,1,False,False,500.0,4,1,0.0,0.0,1.0413279900402386,8.299328222547027,False,False,CORPUS CHRISTI,CORPUS CHRISTI 4,-97.4230987368421,27.74350405263158,South,1.0,True
12536,1,False,False,500.0,5,1,0.0,0.0,1.033018881674071,-1.1591937150504974,False,False,SUNNYVALE,SUNNYVALE,-96.5458,32.8358,North Central,1.0,True
12537,2,False,False,20.0,5,1,0.0,0.0,1.04,-0.5862438668046903,False,False,SUNNYVALE,SUNNYVALE,-96.5458,32.8358,North Central,1.0,True
12538,2,False,False,20.0,5,1,0.0,0.0,1.033018881674071,-1.1591937150504974,False,False,SUNNYVALE,SUNNYVALE,-96.5458,32.8358,North Central,1.0,True
12540,2,False,False,13.8,7,1,0.0,0.0,1.0362723756611978,-22.13227512460095,False,False,MONT BELVIEU,MONT BELVIEU,-94.9019,29.7731,Coast,1.0,True
12541,2,False,False,13.8,7,1,0.0,0.0,1.0362723756611978,-22.13227512460095,False,False,MONT BELVIEU,MONT BELVIEU,-94.9019,29.7731,Coast,1.0,True
12542,2,False,False,13.8,7,1,0.0,0.0,1.0399999999999996,-4.087685081247307,False,False,POINT COMFORT,POINT COMFORT 2,-96.542544,28.663349333333333,Coast,1.0,True
12543,2,False,False,13.8,7,1,0.0,0.0,1.0399999999999996,-4.087685081247306,False,False,POINT COMFORT,POINT COMFORT 2,-96.542544,28.663349333333333,Coast,1.0,True
12544,1,False,False,500.0,7,1,0.0,0.0,1.0410646534438313,-14.533430994303767,False,False,VAN VLECK,VAN VLECK,-95.967518,29.191296,Coast,1.0,True
12545,2,False,False,20.0,7,1,0.0,0.0,1.04,-10.429195360451812,False,False,VAN VLECK,VAN VLECK,-95.967518,29.191296,Coast,1.0,True
12546,2,False,False,20.0,7,1,0.0,0.0,1.0410646534438313,-14.533430994303767,False,False,VAN VLECK,VAN VLECK,-95.967518,29.191296,Coast,1.0,True
12547,1,False,False,500.0,5,1,0.0,0.0,1.0373393840746563,9.271463465905908,False,False,CLIFTON,CLIFTON 1,-97.46203133333334,31.819786000000004,North Central,1.0,True
12548,2,False,False,13.8,5,1,0.0,0.0,1.0373393840746563,9.271463465905908,False,False,CLIFTON,CLIFTON 1,-97.46203133333334,31.819786000000004,North Central,1.0,True
12549,2,False,False,13.8,5,1,0.0,0.0,1.0400000000000005,15.388718131379989,False,False,CLIFTON,CLIFTON 1,-97.46203133333334,31.819786000000004,North Central,1.0,True
12550,2,False,False,13.8,5,1,0.0,0.0,1.0373393840746563,9.271463465905908,False,False,CLIFTON,CLIFTON 1,-97.46203133333334,31.819786000000004,North Central,1.0,True
12551,2,False,False,13.8,5,1,0.0,0.0,1.0373393840746563,9.271463465905908,False,False,CLIFTON,CLIFTON 1,-97.46203133333334,31.819786000000004,North Central,1.0,True
12552,2,False,False,20.0,7,1,0.0,0.0,1.0389288290920211,-19.005748999306928,False,False,PASADENA,PASADENA 2,-95.1431518,29.6833732,Coast,1.0,True
12553,2,False,False,20.0,7,1,0.0,0.0,1.0389288290920211,-19.005748999306928,False,False,PASADENA,PASADENA 2,-95.1431518,29.6833732,Coast,1.0,True
12554,1,False,False,500.0,3,1,0.0,0.0,1.0255335981135485,29.765091811266924,False,False,WINGATE,WINGATE,-100.1097475,32.1590745,West,1.0,True
12555,1,False,False,161.0,5,1,0.0,0.0,1.0284171126992654,10.435035836874254,False,False,POOLVILLE,POOLVILLE,-97.93385,33.07965,North Central,1.0,True
12556,1,False,False,500.0,5,1,0.0,0.0,1.0236628777219956,12.7100970720281,False,False,POOLVILLE,POOLVILLE,-97.93385,33.07965,North Central,1.0,True
12557,2,False,False,20.0,5,1,0.0,0.0,1.0236628777219956,12.7100970720281,False,False,POOLVILLE,POOLVILLE,-97.93385,33.07965,North Central,1.0,True
12558,2,False,False,20.0,5,1,0.0,0.0,1.0236628777219956,12.7100970720281,False,False,POOLVILLE,POOLVILLE,-97.93385,33.07965,North Central,1.0,True
12559,2,False,False,20.0,5,1,0.0,0.0,1.0236628777219956,12.7100970720281,False,False,POOLVILLE,POOLVILLE,-97.93385,33.07965,North Central,1.0,True
12560,1,False,False,500.0,4,1,0.0,0.0,1.04087433429557,15.212247972967196,False,False,EDINBURG,EDINBURG 3,-98.3163296,26.4391468,South,1.0,True
12561,2,False,False,20.0,4,1,0.0,0.0,1.0399999999999998,20.73462231248396,False,False,EDINBURG,EDINBURG 3,-98.3163296,26.4391468,South,1.0,True
12562,2,False,False,20.0,4,1,0.0,0.0,1.0400000000000005,18.778280711288406,False,False,EDINBURG,EDINBURG 3,-98.3163296,26.4391468,South,1.0,True
12563,2,False,False,20.0,4,1,0.0,0.0,1.04,16.506549580787294,False,False,EDINBURG,EDINBURG 3,-98.3163296,26.4391468,South,1.0,True
12564,1,False,False,500.0,3,1,0.0,0.0,1.0110353158240724,39.335737817882446,False,False,STERLING CITY,STERLING CITY 1,-100.98431625,31.875952,West,1.0,True
12565,1,False,False,500.0,4,1,0.0,0.0,1.041006265574568,-0.2164423919939511,False,False,FANNIN,FANNIN,-97.214167,28.7128,South,1.0,True
12566,1,False,False,500.0,4,1,0.0,0.0,1.0408551787284357,7.190499997723928,False,False,CORPUS CHRISTI,CORPUS CHRISTI 4,-97.4230987368421,27.74350405263158,South,1.0,True
12567,1,False,False,500.0,7,1,0.0,0.0,1.039820806324329,-19.10372586942479,False,False,TEXAS CITY,TEXAS CITY 1,-94.945159,29.3895056,Coast,1.0,True
12568,2,False,False,20.0,7,1,0.0,0.0,1.039820806324329,-19.10372586942479,False,False,TEXAS CITY,TEXAS CITY 1,-94.945159,29.3895056,Coast,1.0,True
12569,2,False,False,20.0,7,1,0.0,0.0,1.039820806324329,-19.10372586942479,False,False,TEXAS CITY,TEXAS CITY 1,-94.945159,29.3895056,Coast,1.0,True
12570,2,False,False,20.0,7,1,0.0,0.0,1.039820806324329,-19.10372586942479,False,False,TEXAS CITY,TEXAS CITY 1,-94.945159,29.3895056,Coast,1.0,True
12571,2,False,False,20.0,7,1,0.0,0.0,1.039820806324329,-19.10372586942479,False,False,TEXAS CITY,TEXAS CITY 1,-94.945159,29.3895056,Coast,1.0,True
12572,2,False,False,20.0,7,1,0.0,0.0,1.039820806324329,-19.10372586942479,False,False,TEXAS CITY,TEXAS CITY 1,-94.945159,29.3895056,Coast,1.0,True
12573,1,False,False,115.0,7,1,0.0,0.0,1.0405364185813577,-10.965837461669878,False,False,WHARTON,WHARTON 1,-96.087226,29.2829165,Coast,1.0,True
12574,2,False,False,500.0,7,1,0.0,0.0,1.0400000000000005,-9.506587064394475,False,False,WHARTON,WHARTON 1,-96.087226,29.2829165,Coast,1.0,True
12575,2,False,False,20.0,7,1,0.0,0.0,1.0400000000000005,-9.506587064394475,False,False,WHARTON,WHARTON 1,-96.087226,29.2829165,Coast,1.0,True
12576,2,False,False,20.0,7,1,0.0,0.0,1.0400000000000005,-9.506587064394475,False,False,WHARTON,WHARTON 1,-96.087226,29.2829165,Coast,1.0,True
12577,2,False,False,20.0,7,1,0.0,0.0,1.0400000000000005,-4.7125026893978985,False,False,WHARTON,WHARTON 1,-96.087226,29.2829165,Coast,1.0,True
12578,2,False,False,20.0,7,1,0.0,0.0,1.0400000000000005,-9.50658706439448,False,False,WHARTON,WHARTON 1,-96.087226,29.2829165,Coast,1.0,True
12579,2,False,False,20.0,7,1,0.0,0.0,1.0400000000000005,-9.506587064394475,False,False,WHARTON,WHARTON 1,-96.087226,29.2829165,Coast,1.0,True
12580,2,False,False,20.0,7,1,0.0,0.0,1.0400000000000005,-9.50658706439448,False,False,WHARTON,WHARTON 1,-96.087226,29.2829165,Coast,1.0,True
12581,1,False,False,161.0,2,1,0.0,0.0,1.0447727689878894,60.42847707991877,False,False,TULIA,TULIA 1,-101.9707005,34.487581000000006,North,1.0,True
12582,1,False,False,500.0,2,1,0.0,0.0,1.0454092308406184,59.728285791288826,False,False,TULIA,TULIA 1,-101.9707005,34.487581000000006,North,1.0,True
12583,2,False,False,20.0,2,1,0.0,0.0,1.04,62.228894958523775,False,False,TULIA,TULIA 1,-101.9707005,34.487581000000006,North,1.0,True
12584,1,False,False,115.0,7,1,0.0,0.0,1.0403611211173784,-5.950215119897547,False,False,EL CAMPO,EL CAMPO,-96.2086544,29.0561128,Coast,1.0,True
12585,1,False,False,500.0,7,1,0.0,0.0,1.0403311901243102,-5.854495618343322,False,False,EL CAMPO,EL CAMPO,-96.2086544,29.0561128,Coast,1.0,True
12586,2,False,False,20.0,7,1,0.0,0.0,1.04,-2.173491541040356,False,False,EL CAMPO,EL CAMPO,-96.2086544,29.0561128,Coast,1.0,True
12588,2,False,False,20.0,5,1,0.0,0.0,1.039529672592271,3.0195559983460143,False,False,ROGERS,ROGERS,-97.2120625,30.983119,North Central,1.0,True
12589,2,False,False,20.0,5,1,0.0,0.0,1.0400000000000005,4.506505125007177,False,False,ROGERS,ROGERS,-97.2120625,30.983119,North Central,1.0,True
12590,1,False,False,161.0,5,1,0.0,0.0,1.0394602204592265,5.8781079496364,False,False,RIESEL,RIESEL 2,-96.93121275,31.43308425,North Central,1.0,True
12591,2,False,False,500.0,5,1,0.0,0.0,1.0408301141295369,4.675508292140376,False,False,RIESEL,RIESEL 2,-96.93121275,31.43308425,North Central,1.0,True
12592,2,False,False,20.0,5,1,0.0,0.0,1.0399999999999998,11.045799984013495,False,False,RIESEL,RIESEL 2,-96.93121275,31.43308425,North Central,1.0,True
12593,1,False,False,115.0,1,1,0.0,0.0,1.037323505195082,61.27089381502196,False,False,RANKIN,RANKIN 1,-101.856375,31.1644605,Far West,1.0,True
12594,2,False,False,230.0,1,1,0.0,0.0,1.04,60.0917625044917,False,False,RANKIN,RANKIN 1,-101.856375,31.1644605,Far West,1.0,True
12595,2,False,False,20.0,1,1,0.0,0.0,1.04,64.4783623143885,False,False,RANKIN,RANKIN 1,-101.856375,31.1644605,Far West,1.0,True
12596,1,False,False,500.0,7,1,0.0,0.0,1.039189477585314,-21.097064279928333,False,False,RICHMOND,RICHMOND 1,-95.733244,29.47971475,Coast,1.0,True
12597,2,False,False,20.0,7,1,0.0,0.0,1.04,-18.03607112654522,False,False,RICHMOND,RICHMOND 1,-95.733244,29.47971475,Coast,1.0,True
12598,2,False,False,20.0,7,1,0.0,0.0,1.039189477585314,-21.097064279928333,False,False,RICHMOND,RICHMOND 1,-95.733244,29.47971475,Coast,1.0,True
12599,2,False,False,20.0,7,1,0.0,0.0,1.039189477585314,-21.097064279928333,False,False,RICHMOND,RICHMOND 1,-95.733244,29.47971475,Coast,1.0,True
12600,1,False,False,161.0,5,1,0.0,0.0,1.0330708821952443,6.627927547377108,False,False,GRANBURY,GRANBURY 1,-97.69946625,32.40925625,North Central,1.0,True
12601,1,False,False,500.0,5,1,0.0,0.0,1.0328096548500534,7.0386062658708335,False,False,GRANBURY,GRANBURY 1,-97.69946625,32.40925625,North Central,1.0,True
12602,2,False,False,20.0,5,1,0.0,0.0,1.0328096548500534,7.0386062658708335,False,False,GRANBURY,GRANBURY 1,-97.69946625,32.40925625,North Central,1.0,True
12603,2,False,False,20.0,5,1,0.0,0.0,1.0328096548500534,7.0386062658708335,False,False,GRANBURY,GRANBURY 1,-97.69946625,32.40925625,North Central,1.0,True
12604,2,False,False,20.0,5,1,0.0,0.0,1.0328096548500534,7.0386062658708335,False,False,GRANBURY,GRANBURY 1,-97.69946625,32.40925625,North Central,1.0,True
12605,2,False,False,20.0,5,1,0.0,0.0,1.0328096548500534,7.0386062658708335,False,False,GRANBURY,GRANBURY 1,-97.69946625,32.40925625,North Central,1.0,True
12606,2,False,False,20.0,5,1,0.0,0.0,1.0328096548500534,7.0386062658708335,False,False,GRANBURY,GRANBURY 1,-97.69946625,32.40925625,North Central,1.0,True
12607,1,False,False,115.0,3,1,0.0,0.0,1.0422134967101575,48.25309748158949,False,False,ROBERT LEE,ROBERT LEE 1,-100.69729,31.79261,West,1.0,True
12609,2,False,False,20.0,3,1,0.0,0.0,1.04,49.65694157780748,False,False,ROBERT LEE,ROBERT LEE 1,-100.69729,31.79261,West,1.0,True
12610,2,False,False,20.0,6,1,0.0,0.0,1.0399999999999998,-3.384336942521318,False,False,SAN ANTONIO,SAN ANTONIO 46,-98.5093816037736,29.474642000000003,South Central,1.0,True
12611,2,False,False,20.0,6,1,0.0,0.0,1.04,-2.0051375977179053,False,False,SAN ANTONIO,SAN ANTONIO 46,-98.5093816037736,29.474642000000003,South Central,1.0,True
12612,2,False,False,20.0,6,1,0.0,0.0,1.04,-2.897244290660928,False,False,SAN ANTONIO,SAN ANTONIO 46,-98.5093816037736,29.474642000000003,South Central,1.0,True
12613,1,False,False,500.0,6,1,0.0,0.0,1.025979204533066,2.11489302139848,False,False,HORSESHOE BAY,HORSESHOE BAY,-98.3721,30.558,South Central,1.0,True
12614,2,False,False,20.0,6,1,0.0,0.0,1.0399999999999998,5.1541617459369045,False,False,HORSESHOE BAY,HORSESHOE BAY,-98.3721,30.558,South Central,1.0,True
12615,2,False,False,20.0,6,1,0.0,0.0,1.025979204533066,2.11489302139848,False,False,HORSESHOE BAY,HORSESHOE BAY,-98.3721,30.558,South Central,1.0,True
12616,2,False,False,20.0,6,1,0.0,0.0,1.04,6.906265888874295,False,False,HORSESHOE BAY,HORSESHOE BAY,-98.3721,30.558,South Central,1.0,True
12617,1,False,False,161.0,2,1,0.0,0.0,1.0443172530313476,60.1638162131593,False,False,DAWN,DAWN 1,-102.2706,34.913,North,1.0,True
12618,1,False,False,500.0,2,1,0.0,0.0,1.04775537964884,58.99667056451904,False,False,DAWN,DAWN 1,-102.2706,34.913,North,1.0,True
12619,2,False,False,20.0,2,1,0.0,0.0,1.0400000000000005,64.4556563476814,False,False,DAWN,DAWN 1,-102.2706,34.913,North,1.0,True
12620,1,False,False,115.0,6,1,0.0,0.0,1.0415690642037545,-5.055800328780433,False,False,BASTROP,BASTROP,-97.2711,30.146700000000003,South Central,1.0,True
12621,1,False,False,500.0,6,1,0.0,0.0,1.0407280037185638,-3.990374544051994,False,False,BASTROP,BASTROP,-97.2711,30.146700000000003,South Central,1.0,True
12622,2,False,False,20.0,6,1,0.0,0.0,1.04,-2.776677225846832,False,False,BASTROP,BASTROP,-97.2711,30.146700000000003,South Central,1.0,True
12623,2,False,False,20.0,6,1,0.0,0.0,1.0400000000000005,-1.515640520137356,False,False,BASTROP,BASTROP,-97.2711,30.146700000000003,South Central,1.0,True
12624,2,False,False,20.0,6,1,0.0,0.0,1.0407280037185638,-3.990374544051994,False,False,BASTROP,BASTROP,-97.2711,30.146700000000003,South Central,1.0,True
12626,2,False,False,20.0,4,1,0.0,0.0,1.0400000000000005,15.207179132670785,False,False,CORPUS CHRISTI,CORPUS CHRISTI 4,-97.4230987368421,27.74350405263158,South,1.0,True
12627,2,False,False,20.0,4,1,0.0,0.0,1.04,10.92066771716273,False,False,CORPUS CHRISTI,CORPUS CHRISTI 4,-97.4230987368421,27.74350405263158,South,1.0,True
12628,2,False,False,20.0,4,1,0.0,0.0,1.04,13.060759450159765,False,False,CORPUS CHRISTI,CORPUS CHRISTI 4,-97.4230987368421,27.74350405263158,South,1.0,True
12629,1,False,False,115.0,1,1,0.0,0.0,1.0373719494130662,60.1171652390761,False,False,OZONA,OZONA,-101.2971195,30.742809,Far West,1.0,True
12630,1,False,False,230.0,1,1,0.0,0.0,1.0375461473785992,59.98676120678374,False,False,OZONA,OZONA,-101.2971195,30.742809,Far West,1.0,True
12631,2,False,False,20.0,1,1,0.0,0.0,1.0399999999999998,65.53618049508853,False,False,OZONA,OZONA,-101.2971195,30.742809,Far West,1.0,True
12632,1,False,False,161.0,2,1,0.0,0.0,1.0440013013800182,58.68892547769555,False,False,KRESS,KRESS 1,-101.59661,34.4067,North,1.0,True
12633,1,False,False,500.0,2,1,0.0,0.0,1.044131401168492,58.36543293093338,False,False,KRESS,KRESS 1,-101.59661,34.4067,North,1.0,True
12634,2,False,False,20.0,2,1,0.0,0.0,1.0400000000000005,64.63491152178023,False,False,KRESS,KRESS 1,-101.59661,34.4067,North,1.0,True
12635,2,False,False,20.0,7,1,0.0,0.0,1.03815209970656,-13.002751761696429,False,False,EL CAMPO,EL CAMPO,-96.2086544,29.0561128,Coast,1.0,True
12636,1,False,False,161.0,5,1,0.0,0.0,1.0259397272936075,22.566191760806717,False,False,GRAHAM,GRAHAM,-98.7321385,33.1268065,North Central,1.0,True
12637,1,False,False,500.0,5,1,0.0,0.0,1.0246159098738792,22.740529072143623,False,False,GRAHAM,GRAHAM,-98.7321385,33.1268065,North Central,1.0,True
12638,2,False,False,20.0,5,1,0.0,0.0,1.0400000000000005,28.95567186033833,False,False,GRAHAM,GRAHAM,-98.7321385,33.1268065,North Central,1.0,True
12639,1,False,False,115.0,7,1,0.0,0.0,1.0402117617507822,-5.99389178703923,False,False,EL CAMPO,EL CAMPO,-96.2086544,29.0561128,Coast,1.0,True
12640,1,False,False,500.0,7,1,0.0,0.0,1.040220173564346,-6.089601776364504,False,False,EL CAMPO,EL CAMPO,-96.2086544,29.0561128,Coast,1.0,True
12641,2,False,False,20.0,7,1,0.0,0.0,1.0399999999999998,-4.318062483776741,False,False,EL CAMPO,EL CAMPO,-96.2086544,29.0561128,Coast,1.0,True
12643,2,False,False,20.0,4,1,0.0,0.0,1.0399999999999998,21.759487141753507,False,False,MCALLEN,MCALLEN 2,-98.27456266666668,26.232699,South,1.0,True
12644,2,False,False,20.0,4,1,0.0,0.0,1.0400000000000005,21.77559176171175,False,False,MCALLEN,MCALLEN 2,-98.27456266666668,26.232699,South,1.0,True
12645,2,False,False,20.0,4,1,0.0,0.0,1.04,20.06017387967119,False,False,MCALLEN,MCALLEN 2,-98.27456266666668,26.232699,South,1.0,True
12646,1,False,False,230.0,3,1,0.0,0.0,1.033140405447513,42.38484466744276,False,False,EDEN,EDEN,-99.9360515,31.18751,West,1.0,True
12647,2,False,False,20.0,3,1,0.0,0.0,1.0400000000000005,43.47526692685092,False,False,EDEN,EDEN,-99.9360515,31.18751,West,1.0,True
12648,1,False,False,500.0,7,1,0.0,0.0,1.0398095957609128,-20.12247893013753,False,False,HOUSTON,HOUSTON 80,-95.41128715217393,29.77727818478261,Coast,1.0,True
12649,2,False,False,20.0,7,1,0.0,0.0,1.0398095957609128,-20.12247893013753,False,False,HOUSTON,HOUSTON 80,-95.41128715217393,29.77727818478261,Coast,1.0,True
12650,2,False,False,20.0,7,1,0.0,0.0,1.0398095957609128,-20.12247893013753,False,False,HOUSTON,HOUSTON 80,-95.41128715217393,29.77727818478261,Coast,1.0,True
12651,2,False,False,20.0,7,1,0.0,0.0,1.0398095957609128,-20.12247893013753,False,False,HOUSTON,HOUSTON 80,-95.41128715217393,29.77727818478261,Coast,1.0,True
12652,2,False,False,20.0,7,1,0.0,0.0,1.0398095957609128,-20.12247893013753,False,False,HOUSTON,HOUSTON 80,-95.41128715217393,29.77727818478261,Coast,1.0,True
12653,2,False,False,20.0,7,1,0.0,0.0,1.0398095957609128,-20.12247893013753,False,False,HOUSTON,HOUSTON 80,-95.41128715217393,29.77727818478261,Coast,1.0,True
12654,2,False,False,20.0,7,1,0.0,0.0,1.0398095957609128,-20.12247893013753,False,False,HOUSTON,HOUSTON 80,-95.41128715217393,29.77727818478261,Coast,1.0,True
12655,2,False,False,20.0,7,1,0.0,0.0,1.0398095957609128,-20.12247893013753,False,False,HOUSTON,HOUSTON 80,-95.41128715217393,29.77727818478261,Coast,1.0,True
12656,1,False,False,230.0,3,1,0.0,0.0,1.0131763753916576,24.40927869099495,False,False,RICHLAND SPRINGS,RICHLAND SPRINGS,-99.1872,31.5481,West,1.0,True
12657,2,False,False,20.0,3,1,0.0,0.0,1.0400000000000005,25.903508711481336,False,False,RICHLAND SPRINGS,RICHLAND SPRINGS,-99.1872,31.5481,West,1.0,True
12658,2,False,False,20.0,3,1,0.0,0.0,1.04,29.900544712740015,False,False,RICHLAND SPRINGS,RICHLAND SPRINGS,-99.1872,31.5481,West,1.0,True
12659,1,False,False,115.0,3,1,0.0,0.0,1.0416947768580174,65.3986110300957,False,False,SNYDER,SNYDER 1,-100.94008825,32.806441125,West,1.0,True
12661,2,False,False,20.0,3,1,0.0,0.0,1.0399999999999998,68.13075348976939,False,False,SNYDER,SNYDER 1,-100.94008825,32.806441125,West,1.0,True
12662,2,False,False,20.0,3,1,0.0,0.0,1.0400000000000005,72.0491506980206,False,False,SNYDER,SNYDER 1,-100.94008825,32.806441125,West,1.0,True
12663,1,False,False,115.0,3,1,0.0,0.0,1.0351428437806025,62.968908319028806,False,False,SNYDER,SNYDER 1,-100.94008825,32.806441125,West,1.0,True
12664,1,False,False,230.0,3,1,0.0,0.0,1.035472162688713,62.22947585319854,False,False,SNYDER,SNYDER 1,-100.94008825,32.806441125,West,1.0,True
12665,2,False,False,20.0,3,1,0.0,0.0,1.035472162688713,62.22947585319854,False,False,SNYDER,SNYDER 1,-100.94008825,32.806441125,West,1.0,True
12666,2,False,False,20.0,3,1,0.0,0.0,1.04,67.0625518922308,False,False,SNYDER,SNYDER 1,-100.94008825,32.806441125,West,1.0,True
12667,1,False,False,230.0,1,1,0.0,0.0,1.038394235877768,55.05777438503924,False,False,ODESSA,ODESSA 2,-102.45323571428573,31.843002285714284,Far West,1.0,True
12668,2,False,False,20.0,1,1,0.0,0.0,1.038394235877768,55.05777438503924,False,False,ODESSA,ODESSA 2,-102.45323571428573,31.843002285714284,Far West,1.0,True
12669,2,False,False,20.0,1,1,0.0,0.0,1.0400000000000005,58.54057406319,False,False,ODESSA,ODESSA 2,-102.45323571428573,31.843002285714284,Far West,1.0,True
12670,2,False,False,20.0,1,1,0.0,0.0,1.0399999999999998,60.213951523851925,False,False,ODESSA,ODESSA 2,-102.45323571428573,31.843002285714284,Far West,1.0,True
12671,2,False,False,20.0,1,1,0.0,0.0,1.04,59.673153777780406,False,False,ODESSA,ODESSA 2,-102.45323571428573,31.843002285714284,Far West,1.0,True
12672,2,False,False,20.0,1,1,0.0,0.0,1.04,59.47590761299387,False,False,ODESSA,ODESSA 2,-102.45323571428573,31.843002285714284,Far West,1.0,True
12673,2,False,False,20.0,1,1,0.0,0.0,1.0399999999999996,63.12537466862435,False,False,ODESSA,ODESSA 2,-102.45323571428573,31.843002285714284,Far West,1.0,True
12675,2,False,False,20.0,2,1,0.0,0.0,1.04,20.25058089910036,False,False,PATTONVILLE,PATTONVILLE,-95.42519,33.39167,North,1.0,True
12676,1,False,False,500.0,5,1,0.0,0.0,1.0232840424260226,26.57474311712683,False,False,THROCKMORTON,THROCKMORTON,-99.37463133333334,33.20651766666666,North Central,1.0,True
12677,2,False,False,20.0,5,1,0.0,0.0,1.04,34.17445709860334,False,False,THROCKMORTON,THROCKMORTON,-99.37463133333334,33.20651766666666,North Central,1.0,True
12678,2,False,False,20.0,5,1,0.0,0.0,1.0232840424260226,26.57474311712683,False,False,THROCKMORTON,THROCKMORTON,-99.37463133333334,33.20651766666666,North Central,1.0,True
12679,1,False,False,115.0,1,1,0.0,0.0,1.039980797008325,54.97933540644353,False,False,ANDREWS,ANDREWS,-102.7719682,32.2803608,Far West,1.0,True
12680,2,False,False,230.0,1,1,0.0,0.0,1.0399999999999998,55.15287456796343,False,False,ANDREWS,ANDREWS,-102.7719682,32.2803608,Far West,1.0,True
12681,2,False,False,20.0,1,1,0.0,0.0,1.0399999999999998,58.787875494246165,False,False,ANDREWS,ANDREWS,-102.7719682,32.2803608,Far West,1.0,True
12682,2,False,False,20.0,7,1,0.0,0.0,1.0442782137903055,-19.11655205794589,False,False,FREEPORT,FREEPORT 1,-95.3629605,28.98485425,Coast,1.0,True
12683,2,False,False,20.0,7,1,0.0,0.0,1.0442782137903055,-19.11655205794589,False,False,FREEPORT,FREEPORT 1,-95.3629605,28.98485425,Coast,1.0,True
12684,2,False,False,20.0,7,1,0.0,0.0,1.0442782137903055,-19.11655205794589,False,False,FREEPORT,FREEPORT 1,-95.3629605,28.98485425,Coast,1.0,True
12685,2,False,False,20.0,7,1,0.0,0.0,1.0442782137903055,-19.11655205794589,False,False,FREEPORT,FREEPORT 1,-95.3629605,28.98485425,Coast,1.0,True
12686,2,False,False,20.0,7,1,0.0,0.0,1.0442782137903055,-19.11655205794589,False,False,FREEPORT,FREEPORT 1,-95.3629605,28.98485425,Coast,1.0,True
12687,2,False,False,20.0,1,1,0.0,0.0,1.04,63.59353957029765,False,False,MCCAMEY,MCCAMEY 1,-102.2726905,31.190672000000003,Far West,1.0,True
12688,2,False,False,20.0,1,1,0.0,0.0,1.04,70.87745072717158,False,False,MCCAMEY,MCCAMEY 1,-102.2726905,31.190672000000003,Far West,1.0,True
12689,2,False,False,500.0,7,1,0.0,0.0,1.04,-19.049212447410063,False,False,TEXAS CITY,TEXAS CITY 1,-94.945159,29.3895056,Coast,1.0,True
12690,1,False,False,115.0,7,1,0.0,0.0,1.0379975756619275,-16.075248508410294,False,False,OLD OCEAN,OLD OCEAN 1,-95.745,29.0728,Coast,1.0,True
12691,1,False,False,500.0,7,1,0.0,0.0,1.0417167701523795,-16.468086982058423,False,False,OLD OCEAN,OLD OCEAN 1,-95.745,29.0728,Coast,1.0,True
12692,2,False,False,20.0,7,1,0.0,0.0,1.0399999999999998,-12.016668869807932,False,False,OLD OCEAN,OLD OCEAN 1,-95.745,29.0728,Coast,1.0,True
12693,2,False,False,20.0,7,1,0.0,0.0,1.0417167701523795,-16.468086982058423,False,False,OLD OCEAN,OLD OCEAN 1,-95.745,29.0728,Coast,1.0,True
12694,2,False,False,20.0,7,1,0.0,0.0,1.0417167701523795,-16.468086982058423,False,False,OLD OCEAN,OLD OCEAN 1,-95.745,29.0728,Coast,1.0,True
12695,2,False,False,20.0,7,1,0.0,0.0,1.0417167701523795,-16.468086982058423,False,False,OLD OCEAN,OLD OCEAN 1,-95.745,29.0728,Coast,1.0,True
12696,1,False,False,500.0,7,1,0.0,0.0,1.038370641295097,-10.851600334282136,False,False,NEEDVILLE,NEEDVILLE,-95.785914,29.3459875,Coast,1.0,True
12697,2,False,False,20.0,7,1,0.0,0.0,1.038370641295097,-10.851600334282136,False,False,NEEDVILLE,NEEDVILLE,-95.785914,29.3459875,Coast,1.0,True
12699,1,False,False,500.0,7,1,0.0,0.0,1.0398251073277218,-19.09475119320337,False,False,LA MARQUE,LA MARQUE,-94.943829,29.378697,Coast,1.0,True
12700,2,False,False,20.0,7,1,0.0,0.0,1.0398251073277218,-19.09475119320337,False,False,LA MARQUE,LA MARQUE,-94.943829,29.378697,Coast,1.0,True
12701,2,False,False,20.0,7,1,0.0,0.0,1.0399999999999998,-10.947895906163351,False,False,LA MARQUE,LA MARQUE,-94.943829,29.378697,Coast,1.0,True
12702,2,False,False,20.0,7,1,0.0,0.0,1.0400000000000005,-14.030224995786991,False,False,LA MARQUE,LA MARQUE,-94.943829,29.378697,Coast,1.0,True
12703,2,False,False,20.0,7,1,0.0,0.0,1.0398251073277218,-19.09475119320337,False,False,LA MARQUE,LA MARQUE,-94.943829,29.378697,Coast,1.0,True
12704,1,False,False,500.0,7,1,0.0,0.0,1.0377174415585648,-17.588298124126236,False,False,HOUSTON,HOUSTON 80,-95.41128715217393,29.77727818478261,Coast,1.0,True
12705,2,False,False,20.0,7,1,0.0,0.0,1.04,-14.184338761704511,False,False,HOUSTON,HOUSTON 80,-95.41128715217393,29.77727818478261,Coast,1.0,True
12706,2,False,False,20.0,7,1,0.0,0.0,1.0399999999999996,-16.014030944790548,False,False,HOUSTON,HOUSTON 80,-95.41128715217393,29.77727818478261,Coast,1.0,True
12708,2,False,False,20.0,5,1,0.0,0.0,1.0283077745933942,0.2959227130190572,False,False,MILFORD,MILFORD,-97.06,32.139,North Central,1.0,True
12709,1,False,False,500.0,5,1,0.0,0.0,1.0345417444009073,0.7214100610300002,False,False,DENTON,DENTON 4,-97.13581333333332,33.210620166666665,North Central,1.0,True
12710,2,False,False,20.0,5,1,0.0,0.0,1.0345417444009073,0.72141006103,False,False,DENTON,DENTON 4,-97.13581333333332,33.210620166666665,North Central,1.0,True
12711,2,False,False,20.0,5,1,0.0,0.0,1.04,8.29206707464187,False,False,DENTON,DENTON 4,-97.13581333333332,33.210620166666665,North Central,1.0,True
12712,1,False,False,500.0,5,1,0.0,0.0,1.0417905510831955,8.02556303184986,False,False,COOLIDGE,COOLIDGE,-96.818676,31.710422,North Central,1.0,True
12713,2,False,False,20.0,5,1,0.0,0.0,1.0417905510831955,8.02556303184986,False,False,COOLIDGE,COOLIDGE,-96.818676,31.710422,North Central,1.0,True
12715,1,False,False,500.0,5,1,0.0,0.0,1.049628969669598,-1.3559839055457106,False,False,SULPHUR SPRINGS,SULPHUR SPRINGS,-95.669493,33.1959495,East,1.0,True
12716,2,False,False,20.0,5,1,0.0,0.0,1.049628969669598,-1.3559839055457106,False,False,SULPHUR SPRINGS,SULPHUR SPRINGS,-95.669493,33.1959495,East,1.0,True
12717,2,False,False,20.0,5,1,0.0,0.0,1.049628969669598,-1.3559839055457106,False,False,SULPHUR SPRINGS,SULPHUR SPRINGS,-95.669493,33.1959495,East,1.0,True
12718,1,False,False,115.0,1,1,0.0,0.0,1.0321669482939697,56.02871236611357,False,False,GAIL,GAIL 1,-101.64011833333332,32.67313766666667,Far West,1.0,True
12719,1,False,False,230.0,1,1,0.0,0.0,1.0304789056597827,54.82930430590375,False,False,GAIL,GAIL 1,-101.64011833333332,32.67313766666667,Far West,1.0,True
12720,2,False,False,20.0,1,1,0.0,0.0,1.0399999999999998,61.45998791608666,False,False,GAIL,GAIL 1,-101.64011833333332,32.67313766666667,Far West,1.0,True
12721,1,False,False,230.0,3,1,0.0,0.0,1.028632963507203,46.60194299041925,False,False,COLORADO CITY,COLORADO CITY,-100.890668,32.313261999999995,West,1.0,True
12722,2,False,False,20.0,3,1,0.0,0.0,1.0400000000000005,47.27397003481915,False,False,COLORADO CITY,COLORADO CITY,-100.890668,32.313261999999995,West,1.0,True
12723,2,False,False,20.0,3,1,0.0,0.0,1.04,49.81856740768859,False,False,COLORADO CITY,COLORADO CITY,-100.890668,32.313261999999995,West,1.0,True
12724,2,False,False,20.0,3,1,0.0,0.0,1.028632963507203,46.60194299041925,False,False,COLORADO CITY,COLORADO CITY,-100.890668,32.313261999999995,West,1.0,True
12725,2,False,False,20.0,3,1,0.0,0.0,1.0400000000000005,47.43727686566375,False,False,COLORADO CITY,COLORADO CITY,-100.890668,32.313261999999995,West,1.0,True
12726,2,False,False,20.0,3,1,0.0,0.0,1.0399999999999998,49.436917151221,False,False,COLORADO CITY,COLORADO CITY,-100.890668,32.313261999999995,West,1.0,True
12727,2,False,False,20.0,3,1,0.0,0.0,1.04,47.99620936333872,False,False,COLORADO CITY,COLORADO CITY,-100.890668,32.313261999999995,West,1.0,True
12728,1,False,False,500.0,5,1,0.0,0.0,1.0327154316359148,-1.05547877099703,False,False,LAVON,LAVON,-96.452481,33.068055,North Central,1.0,True
12729,2,False,False,20.0,5,1,0.0,0.0,1.04,1.923891656853637,False,False,LAVON,LAVON,-96.452481,33.068055,North Central,1.0,True
12730,2,False,False,20.0,5,1,0.0,0.0,1.0327154316359148,-1.05547877099703,False,False,LAVON,LAVON,-96.452481,33.068055,North Central,1.0,True
12731,2,False,False,20.0,5,1,0.0,0.0,1.0327154316359148,-1.05547877099703,False,False,LAVON,LAVON,-96.452481,33.068055,North Central,1.0,True
12732,2,False,False,20.0,5,1,0.0,0.0,1.0327154316359148,-1.05547877099703,False,False,LAVON,LAVON,-96.452481,33.068055,North Central,1.0,True
12733,2,False,False,20.0,1,1,0.0,0.0,1.04,61.03774547234474,False,False,O DONNELL,O DONNELL 1,-101.6131975,32.9277015,Far West,1.0,True
12734,2,False,False,20.0,1,1,0.0,0.0,1.0399999999999998,61.784064338742624,False,False,O DONNELL,O DONNELL 1,-101.6131975,32.9277015,Far West,1.0,True
12735,1,False,False,161.0,2,1,0.0,0.0,1.03941769002919,35.19126528675923,False,False,ELECTRA,ELECTRA,-99.091918,33.9776965,North,1.0,True
12736,1,False,False,500.0,2,1,0.0,0.0,1.0386847508792567,35.42607656626041,False,False,ELECTRA,ELECTRA,-99.091918,33.9776965,North,1.0,True
12737,2,False,False,20.0,2,1,0.0,0.0,1.04,42.09806263541228,False,False,ELECTRA,ELECTRA,-99.091918,33.9776965,North,1.0,True
12739,2,False,False,20.0,4,1,0.0,0.0,1.0373740327486292,12.819018008379112,False,False,INGLESIDE,INGLESIDE,-97.258417,27.88929,South,1.0,True
12740,2,False,False,20.0,4,1,0.0,0.0,1.04,20.38127233623079,False,False,INGLESIDE,INGLESIDE,-97.258417,27.88929,South,1.0,True
12741,2,False,False,20.0,4,1,0.0,0.0,1.0399999999999996,15.221613492567808,False,False,INGLESIDE,INGLESIDE,-97.258417,27.88929,South,1.0,True
12742,2,False,False,500.0,7,1,0.0,0.0,1.04,-18.585294713312745,False,False,HOUSTON,HOUSTON 80,-95.41128715217393,29.77727818478261,Coast,1.0,True
12743,2,False,False,500.0,7,1,0.0,0.0,1.04,-20.38582097330539,False,False,CHANNELVIEW,CHANNELVIEW 2,-95.069071,29.842662,Coast,1.0,True
12745,2,False,False,20.0,2,1,0.0,0.0,1.04,42.37524579691778,False,False,VERNON,VERNON 2,-99.4499348,34.1610722,North,1.0,True
12746,1,False,False,115.0,7,1,0.0,0.0,1.0390112744390818,-8.84199165382656,False,False,PIERCE,PIERCE 1,-96.141572,29.159228,Coast,1.0,True
12747,1,False,False,500.0,7,1,0.0,0.0,1.0389705178139887,-8.841961667168732,False,False,PIERCE,PIERCE 1,-96.141572,29.159228,Coast,1.0,True
12748,2,False,False,20.0,7,1,0.0,0.0,1.0389705178139887,-8.841961667168732,False,False,PIERCE,PIERCE 1,-96.141572,29.159228,Coast,1.0,True
12749,1,False,False,500.0,7,1,0.0,0.0,1.0400536095403004,-19.09485770965646,False,False,LIVERPOOL,LIVERPOOL,-95.2783065,29.276466,Coast,1.0,True
12750,2,False,False,20.0,7,1,0.0,0.0,1.0400536095403004,-19.09485770965646,False,False,LIVERPOOL,LIVERPOOL,-95.2783065,29.276466,Coast,1.0,True
12751,1,False,False,115.0,1,1,0.0,0.0,1.030320429291136,59.29468584024458,False,False,WILSON,WILSON 1,-101.65722,33.303497,Far West,1.0,True
12752,1,False,False,230.0,1,1,0.0,0.0,1.031867979299614,58.75801696377515,False,False,WILSON,WILSON 1,-101.65722,33.303497,Far West,1.0,True
12753,2,False,False,20.0,1,1,0.0,0.0,1.0399999999999998,64.84966223172752,False,False,WILSON,WILSON 1,-101.65722,33.303497,Far West,1.0,True
12754,1,False,False,161.0,2,1,0.0,0.0,1.0342487870018389,34.89698550042804,False,False,TRUSCOTT,TRUSCOTT 1,-99.695954,33.73925199999999,North,1.0,True
12755,1,False,False,500.0,2,1,0.0,0.0,1.036535090818611,32.92412725761982,False,False,TRUSCOTT,TRUSCOTT 1,-99.695954,33.73925199999999,North,1.0,True
12756,2,False,False,20.0,2,1,0.0,0.0,1.0400000000000005,35.779779416908966,False,False,TRUSCOTT,TRUSCOTT 1,-99.695954,33.73925199999999,North,1.0,True
12758,2,False,False,20.0,8,1,0.0,0.0,1.0409409869401822,9.315037891284543,False,False,MOUNT VERNON,MOUNT VERNON,-95.319229,33.201315,East,1.0,True
12759,2,False,False,20.0,8,1,0.0,0.0,1.0400000000000005,15.642915408382532,False,False,MOUNT VERNON,MOUNT VERNON,-95.319229,33.201315,East,1.0,True
12760,2,False,False,20.0,7,1,0.0,0.0,1.0400000000000005,-19.983121324984577,False,False,HOUSTON,HOUSTON 80,-95.41128715217393,29.77727818478261,Coast,1.0,True
12761,2,False,False,500.0,7,1,0.0,0.0,1.0399999999999998,-19.036032498898887,False,False,BACLIFF,BACLIFF,-94.98483,29.49233,Coast,1.0,True
12763,1,False,False,500.0,5,1,0.0,0.0,1.0435931972213903,3.276386371514745,False,False,CORSICANA,CORSICANA 2,-96.38666966666666,32.061173333333336,North Central,1.0,True
12764,2,False,False,20.0,5,1,0.0,0.0,1.0400000000000005,9.403504311577628,False,False,CORSICANA,CORSICANA 2,-96.38666966666666,32.061173333333336,North Central,1.0,True
12765,2,False,False,20.0,5,1,0.0,0.0,1.0435931972213903,3.276386371514745,False,False,CORSICANA,CORSICANA 2,-96.38666966666666,32.061173333333336,North Central,1.0,True
12766,2,False,False,20.0,7,1,0.0,0.0,1.0388629828373432,-18.33239664350069,False,False,ANGLETON,ANGLETON,-95.43283075,29.2128395,Coast,1.0,True
12769,2,False,False,20.0,2,1,0.0,0.0,1.0400000000000007,15.259900632936413,False,False,DEPORT,DEPORT,-95.3200515,33.474677,North,1.0,True
12771,2,False,False,20.0,5,1,0.0,0.0,1.0416694262814206,7.248784841302335,False,False,CLIFTON,CLIFTON 1,-97.46203133333334,31.819786000000004,North Central,1.0,True
12773,2,False,False,20.0,4,1,0.0,0.0,1.04,18.298728807261348,False,False,MATHIS,MATHIS,-97.817507,28.170179,South,1.0,True
12774,1,False,False,230.0,1,1,0.0,0.0,1.037578577908206,68.13488702368734,False,False,CRANE,CRANE,-102.39869175,31.160862,Far West,1.0,True
12775,2,False,False,20.0,1,1,0.0,0.0,1.0400000000000005,71.61999489464563,False,False,CRANE,CRANE,-102.39869175,31.160862,Far West,1.0,True
12776,2,False,False,20.0,8,1,0.0,0.0,1.04,3.614359138257247,False,False,BREMOND,BREMOND,-96.69503,31.091925,East,1.0,True
12777,2,False,False,20.0,8,1,0.0,0.0,1.0399999999999998,-0.0382770936994951,False,False,BREMOND,BREMOND,-96.69503,31.091925,East,1.0,True
12779,2,False,False,20.0,5,1,0.0,0.0,1.0325963682141837,5.831786302086163,False,False,COOPER,COOPER,-95.667897,33.457143,North Central,1.0,True
12780,2,False,False,20.0,5,1,0.0,0.0,1.0325963682141837,5.831786302086163,False,False,COOPER,COOPER,-95.667897,33.457143,North Central,1.0,True
12782,2,False,False,20.0,7,1,0.0,0.0,1.0400000000000005,-14.352997950998684,False,False,MANVEL,MANVEL,-95.31001,29.45566,Coast,1.0,True
12783,1,False,False,161.0,2,1,0.0,0.0,1.033951310804071,33.267452017989285,False,False,HASKELL,HASKELL,-99.5687984,33.0957078,North,1.0,True
12785,2,False,False,20.0,2,1,0.0,0.0,1.033951310804071,33.267452017989285,False,False,HASKELL,HASKELL,-99.5687984,33.0957078,North,1.0,True
12786,2,False,False,20.0,2,1,0.0,0.0,1.04,39.88590893991043,False,False,HASKELL,HASKELL,-99.5687984,33.0957078,North,1.0,True
12788,1,False,False,230.0,1,1,0.0,0.0,1.0297779375256209,56.88298605832057,False,False,LAMESA,LAMESA,-101.83586283333334,32.75809566666667,Far West,1.0,True
12789,2,False,False,20.0,1,1,0.0,0.0,1.0400000000000005,62.90046913118506,False,False,LAMESA,LAMESA,-101.83586283333334,32.75809566666667,Far West,1.0,True
12790,2,False,False,20.0,1,1,0.0,0.0,1.0400000000000005,63.93706583313478,False,False,LAMESA,LAMESA,-101.83586283333334,32.75809566666667,Far West,1.0,True
12791,1,False,False,230.0,1,1,0.0,0.0,1.0344560265112568,54.87387340564296,False,False,BIG LAKE,BIG LAKE,-101.214787,31.1946825,Far West,1.0,True
12792,2,False,False,20.0,1,1,0.0,0.0,1.04,60.32573318590944,False,False,BIG LAKE,BIG LAKE,-101.214787,31.1946825,Far West,1.0,True
12794,2,False,False,20.0,5,1,0.0,0.0,1.0632927284840692,9.87984468604576,False,True,GOLDTHWAITE,GOLDTHWAITE 2,-98.44031233333334,31.441731,North Central,1.0,True
12795,1,False,False,115.0,1,1,0.0,0.0,1.0299389631238929,54.484697728963695,False,False,STERLING CITY,STERLING CITY 1,-100.98431625,31.875952,West,1.0,True
12796,1,False,False,230.0,1,1,0.0,0.0,1.0302663107993022,54.34977817026375,False,False,STERLING CITY,STERLING CITY 1,-100.98431625,31.875952,West,1.0,True
12797,2,False,False,20.0,1,1,0.0,0.0,1.0302663107993022,54.34977817026375,False,False,STERLING CITY,STERLING CITY 1,-100.98431625,31.875952,West,1.0,True
12799,2,False,False,20.0,2,1,0.0,0.0,1.0359284232492914,34.528062540886104,False,False,HASKELL,HASKELL,-99.5687984,33.0957078,North,1.0,True
12800,2,False,False,20.0,4,1,0.0,0.0,1.0400000000000005,19.44191022187341,False,False,SAN PERLITA,SAN PERLITA,-97.6450875,26.4880805,South,1.0,True
12802,2,False,False,13.8,4,1,0.0,0.0,1.0399999999999996,31.35706961858562,False,False,BRUNI,BRUNI 2,-98.883685,27.48301875,South,1.0,True
12803,1,False,False,115.0,1,1,0.0,0.0,1.037476243334166,54.3180004977451,False,False,GOLDSMITH,GOLDSMITH,-102.7069445,32.0320835,Far West,1.0,True
12804,1,False,False,230.0,1,1,0.0,0.0,1.038589391565279,55.082413034953866,False,False,GOLDSMITH,GOLDSMITH,-102.7069445,32.0320835,Far West,1.0,True
12805,2,False,False,20.0,1,1,0.0,0.0,1.0399999999999998,59.53113865390708,False,False,GOLDSMITH,GOLDSMITH,-102.7069445,32.0320835,Far West,1.0,True
12806,2,False,False,20.0,1,1,0.0,0.0,1.0400000000000005,56.94164706239402,False,False,GOLDSMITH,GOLDSMITH,-102.7069445,32.0320835,Far West,1.0,True
12807,1,False,False,161.0,2,1,0.0,0.0,1.0409611081999048,57.31133170406911,False,False,LOCKNEY,LOCKNEY 1,-101.381494,34.196962,North,1.0,True
12808,1,False,False,500.0,2,1,0.0,0.0,1.0428187482162168,56.03472364267611,False,False,LOCKNEY,LOCKNEY 1,-101.381494,34.196962,North,1.0,True
12809,2,False,False,20.0,2,1,0.0,0.0,1.04,63.52973477239345,False,False,LOCKNEY,LOCKNEY 1,-101.381494,34.196962,North,1.0,True
12810,1,False,False,115.0,1,1,0.0,0.0,1.0343182051126267,55.79365809084924,False,False,BIG LAKE,BIG LAKE,-101.214787,31.1946825,Far West,1.0,True
12811,1,False,False,230.0,1,1,0.0,0.0,1.034967492683761,55.23758637273521,False,False,BIG LAKE,BIG LAKE,-101.214787,31.1946825,Far West,1.0,True
12812,2,False,False,20.0,1,1,0.0,0.0,1.0399999999999998,57.02456947470558,False,False,BIG LAKE,BIG LAKE,-101.214787,31.1946825,Far West,1.0,True
12813,1,False,False,115.0,1,1,0.0,0.0,1.0283047263534038,60.857929580387015,False,False,TAHOKA,TAHOKA 1,-101.679188,33.150904,Far West,1.0,True
12814,1,False,False,230.0,1,1,0.0,0.0,1.0320428484946058,59.77264458818269,False,False,TAHOKA,TAHOKA 1,-101.679188,33.150904,Far West,1.0,True
12815,2,False,False,20.0,1,1,0.0,0.0,1.0399999999999998,66.81368717955058,False,False,TAHOKA,TAHOKA 1,-101.679188,33.150904,Far West,1.0,True
12816,1,False,False,115.0,4,1,0.0,0.0,1.0432277629396394,31.0417235380616,False,False,BRUNI,BRUNI 2,-98.883685,27.48301875,South,1.0,True
12818,2,False,False,20.0,4,1,0.0,0.0,1.04,32.51362998425961,False,False,BRUNI,BRUNI 2,-98.883685,27.48301875,South,1.0,True
12819,1,False,False,115.0,1,1,0.0,0.0,1.040872252211661,62.02148553876821,False,False,IRAAN,IRAAN 2,-101.9839414,30.8611026,Far West,1.0,True
12820,1,False,False,230.0,1,1,0.0,0.0,1.0398927917599496,62.41777174050648,False,False,IRAAN,IRAAN 2,-101.9839414,30.8611026,Far West,1.0,True
12821,2,False,False,20.0,1,1,0.0,0.0,1.04,71.28568203384606,False,False,IRAAN,IRAAN 2,-101.9839414,30.8611026,Far West,1.0,True
12822,1,False,False,115.0,1,1,0.0,0.0,1.0403630066759022,55.90853628922013,False,False,ANDREWS,ANDREWS,-102.7719682,32.2803608,Far West,1.0,True
12823,1,False,False,230.0,1,1,0.0,0.0,1.039594101735638,55.15261345306027,False,False,ANDREWS,ANDREWS,-102.7719682,32.2803608,Far West,1.0,True
12824,2,False,False,20.0,1,1,0.0,0.0,1.039594101735638,55.15261345306027,False,False,ANDREWS,ANDREWS,-102.7719682,32.2803608,Far West,1.0,True
12826,1,False,False,500.0,5,1,0.0,0.0,1.0409111922537402,4.080194800524864,False,False,MART,MART,-96.84912,31.509216,North Central,1.0,True
12827,2,False,False,20.0,5,1,0.0,0.0,1.0409111922537402,4.080194800524864,False,False,MART,MART,-96.84912,31.509216,North Central,1.0,True
12828,2,False,False,20.0,8,1,0.0,0.0,1.050224151841052,5.505662173972926,False,True,MOUNT PLEASANT,MOUNT PLEASANT 2,-95.1026285,33.188059,East,1.0,True
12829,1,False,False,500.0,5,1,0.0,0.0,1.0418237147480305,7.936016979663507,False,False,MOUNT CALM,MOUNT CALM,-96.828196,31.77471,North Central,1.0,True
12830,2,False,False,20.0,5,1,0.0,0.0,1.0418237147480305,7.936016979663507,False,False,MOUNT CALM,MOUNT CALM,-96.828196,31.77471,North Central,1.0,True
12831,1,False,False,115.0,4,1,0.0,0.0,1.0400544421903597,9.304778271892364,False,False,GOLLAD,GOLLAD 1,-97.4544,28.4279,South,1.0,True
12833,2,False,False,20.0,4,1,0.0,0.0,1.0399999999999998,13.36205774325404,False,False,GOLLAD,GOLLAD 1,-97.4544,28.4279,South,1.0,True
12834,1,False,False,115.0,1,1,0.0,0.0,1.027722547573756,69.31863378460932,False,False,PECOS,PECOS,-103.43056166666668,31.453610666666663,Far West,1.0,True
12835,1,False,False,230.0,1,1,0.0,0.0,1.0309753072618304,67.41012048649495,False,False,PECOS,PECOS,-103.43056166666668,31.453610666666663,Far West,1.0,True
12836,2,False,False,20.0,1,1,0.0,0.0,1.0309753072618304,67.41012048649495,False,False,PECOS,PECOS,-103.43056166666668,31.453610666666663,Far West,1.0,True
12837,1,False,False,161.0,2,1,0.0,0.0,1.0432081203440071,59.54207324998744,False,False,HEREFORD,HEREFORD 1,-102.2138885,34.734027999999995,North,1.0,True
12838,1,False,False,500.0,2,1,0.0,0.0,1.0476426585435148,58.28261955643951,False,False,HEREFORD,HEREFORD 1,-102.2138885,34.734027999999995,North,1.0,True
12839,2,False,False,20.0,2,1,0.0,0.0,1.0400000000000005,61.12962339995945,False,False,HEREFORD,HEREFORD 1,-102.2138885,34.734027999999995,North,1.0,True
12841,2,False,False,20.0,5,1,0.0,0.0,1.0360800901094482,1.9903869640288692,False,False,DAWSON,DAWSON,-96.624458,31.85346,North Central,1.0,True
12842,1,False,False,161.0,5,1,0.0,0.0,1.0350644798411526,23.277541599084863,False,False,BAIRD,BAIRD,-99.225355,32.359033,North Central,1.0,True
12844,2,False,False,20.0,5,1,0.0,0.0,1.0350644798411526,23.277541599084863,False,False,BAIRD,BAIRD,-99.225355,32.359033,North Central,1.0,True
12845,2,False,False,20.0,2,1,0.0,0.0,1.04,50.45442197315484,False,False,MIAMI,MIAMI,-100.538611,35.653889,North,1.0,True
12846,1,False,False,161.0,2,1,0.0,0.0,1.0453418328738562,60.02131923641074,False,False,NAZARETH,NAZARETH 1,-102.051944,34.511944,North,1.0,True
12847,1,False,False,500.0,2,1,0.0,0.0,1.0460014141570588,59.7486013008475,False,False,NAZARETH,NAZARETH 1,-102.051944,34.511944,North,1.0,True
12848,2,False,False,20.0,2,1,0.0,0.0,1.04,66.09623242508299,False,False,NAZARETH,NAZARETH 1,-102.051944,34.511944,North,1.0,True
12849,2,False,False,20.0,7,1,0.0,0.0,1.0397720574430942,-4.327611503988206,False,False,POINT COMFORT,POINT COMFORT 2,-96.542544,28.663349333333333,Coast,1.0,True
12850,2,False,False,20.0,7,1,0.0,0.0,1.0397720574430942,-4.327611503988206,False,False,POINT COMFORT,POINT COMFORT 2,-96.542544,28.663349333333333,Coast,1.0,True
12852,1,False,False,500.0,6,1,0.0,0.0,1.0408216657645502,-5.0896725604215165,False,False,ROSANKY,ROSANKY 1,-97.270537,29.894053,South Central,1.0,True
12853,2,False,False,20.0,6,1,0.0,0.0,1.0400000000000005,-2.7295616723024985,False,False,ROSANKY,ROSANKY 1,-97.270537,29.894053,South Central,1.0,True
12854,2,False,False,20.0,6,1,0.0,0.0,1.0408216657645502,-5.0896725604215165,False,False,ROSANKY,ROSANKY 1,-97.270537,29.894053,South Central,1.0,True
12855,1,False,False,230.0,1,1,0.0,0.0,1.0393648572394742,64.42510173139479,False,False,MCCAMEY,MCCAMEY 1,-102.2726905,31.190672000000003,Far West,1.0,True
12856,2,False,False,20.0,1,1,0.0,0.0,1.0400000000000005,66.39259452792854,False,False,MCCAMEY,MCCAMEY 1,-102.2726905,31.190672000000003,Far West,1.0,True
12858,1,False,False,230.0,4,1,0.0,0.0,1.034329293650906,8.33870205901749,False,False,PETTUS,PETTUS,-97.8308125,28.6249795,South,1.0,True
12859,2,False,False,20.0,4,1,0.0,0.0,1.0400000000000005,11.552816088972405,False,False,PETTUS,PETTUS,-97.8308125,28.6249795,South,1.0,True
12860,1,False,False,115.0,7,1,0.0,0.0,1.0394339241398558,-19.589526623850045,False,False,ANGLETON,ANGLETON,-95.43283075,29.2128395,Coast,1.0,True
12861,2,False,False,500.0,7,1,0.0,0.0,1.04,-18.97300494107137,False,False,ANGLETON,ANGLETON,-95.43283075,29.2128395,Coast,1.0,True
12862,2,False,False,500.0,7,1,0.0,0.0,1.0399999999999996,-20.06510617800468,False,False,ROSHARON,ROSHARON,-95.435068,29.364128,Coast,1.0,True
12863,1,False,False,500.0,5,1,0.0,0.0,1.0300085585758976,5.35975519956018,False,False,CLEBURNE,CLEBURNE 2,-97.458078,32.3380315,North Central,1.0,True
12864,2,False,False,20.0,5,1,0.0,0.0,1.0300085585758976,5.35975519956018,False,False,CLEBURNE,CLEBURNE 2,-97.458078,32.3380315,North Central,1.0,True
12865,2,False,False,20.0,5,1,0.0,0.0,1.0300085585758976,5.35975519956018,False,False,CLEBURNE,CLEBURNE 2,-97.458078,32.3380315,North Central,1.0,True
12866,1,False,False,161.0,2,1,0.0,0.0,1.0408764608128285,56.470629287467794,False,False,CLAUDE,CLAUDE 1,-101.326111,35.093889,North,1.0,True
12867,1,False,False,500.0,2,1,0.0,0.0,1.0448942857655343,55.176053729036695,False,False,CLAUDE,CLAUDE 1,-101.326111,35.093889,North,1.0,True
12868,2,False,False,20.0,2,1,0.0,0.0,1.04,58.28482099477911,False,False,CLAUDE,CLAUDE 1,-101.326111,35.093889,North,1.0,True
12870,2,False,False,20.0,7,1,0.0,0.0,1.0367581194564115,-25.63236002962285,False,False,LA PORTE,LA PORTE,-95.062261,29.713119,Coast,1.0,True
12871,2,False,False,20.0,7,1,0.0,0.0,1.0367581194564115,-25.63236002962285,False,False,LA PORTE,LA PORTE,-95.062261,29.713119,Coast,1.0,True
12872,2,False,False,20.0,7,1,0.0,0.0,1.0367581194564115,-25.63236002962285,False,False,LA PORTE,LA PORTE,-95.062261,29.713119,Coast,1.0,True
12873,2,False,False,20.0,7,1,0.0,0.0,1.0367581194564115,-25.63236002962285,False,False,LA PORTE,LA PORTE,-95.062261,29.713119,Coast,1.0,True
12874,2,False,False,500.0,8,1,0.0,0.0,1.0352930085902263,-10.107342648073688,False,False,IOLA,IOLA,-96.069829,30.705329,East,1.0,True
12875,2,False,False,20.0,8,1,0.0,0.0,1.0400000000000005,-1.9652882857035807,False,False,IOLA,IOLA,-96.069829,30.705329,East,1.0,True
12876,1,False,False,115.0,1,1,0.0,0.0,1.0438887160553247,90.78145899714583,False,False,VAN HORN,VAN HORN,-104.508314,31.504614333333333,Far West,1.0,True
12878,2,False,False,20.0,1,1,0.0,0.0,1.0400000000000005,95.36739754266566,False,False,VAN HORN,VAN HORN,-104.508314,31.504614333333333,Far West,1.0,True
12879,1,False,False,115.0,7,1,0.0,0.0,1.0413256870105707,-15.48560093445074,False,False,LANE CITY,LANE CITY 1,-96.020566,29.225064,Coast,1.0,True
12880,1,False,False,500.0,7,1,0.0,0.0,1.041241295505824,-14.802354687011366,False,False,LANE CITY,LANE CITY 1,-96.020566,29.225064,Coast,1.0,True
12881,2,False,False,20.0,7,1,0.0,0.0,1.0399999999999998,-11.412750836833684,False,False,LANE CITY,LANE CITY 1,-96.020566,29.225064,Coast,1.0,True
12882,1,False,False,161.0,2,1,0.0,0.0,1.0285768173326255,52.001341059475,False,False,FLOYDADA,FLOYDADA 1,-101.1794378,34.0282444,North,1.0,True
12883,1,False,False,500.0,2,1,0.0,0.0,1.0298086460489857,49.97379096998032,False,False,FLOYDADA,FLOYDADA 1,-101.1794378,34.0282444,North,1.0,True
12884,2,False,False,20.0,2,1,0.0,0.0,1.04,56.34797237471434,False,False,FLOYDADA,FLOYDADA 1,-101.1794378,34.0282444,North,1.0,True
12885,1,False,False,161.0,5,1,0.0,0.0,1.0337447630934142,23.103210106854597,False,False,CISCO,CISCO,-99.1533074,32.3857988,North Central,1.0,True
12887,2,False,False,20.0,5,1,0.0,0.0,1.0337447630934142,23.103210106854597,False,False,CISCO,CISCO,-99.1533074,32.3857988,North Central,1.0,True
12888,1,False,False,115.0,4,1,0.0,0.0,1.043863049830629,6.621769480278823,False,False,PETTUS,PETTUS,-97.8308125,28.6249795,South,1.0,True
12890,2,False,False,20.0,4,1,0.0,0.0,1.0399999999999998,10.291365717005474,False,False,PETTUS,PETTUS,-97.8308125,28.6249795,South,1.0,True
12891,1,False,False,230.0,1,1,0.0,0.0,1.0358268599212452,72.01275675756375,False,False,GRANDFALLS,GRANDFALLS,-103.125868,31.165245,Far West,1.0,True
12892,2,False,False,20.0,1,1,0.0,0.0,1.0400000000000005,76.4593118263883,False,False,GRANDFALLS,GRANDFALLS,-103.125868,31.165245,Far West,1.0,True
12893,1,False,False,115.0,1,1,0.0,0.0,1.0358557118909042,69.83595140477658,False,False,FORT STOCKTON,FORT STOCKTON 1,-102.59898166666666,30.91979725,Far West,1.0,True
12894,1,False,False,230.0,1,1,0.0,0.0,1.038720588853449,68.06344562229289,False,False,FORT STOCKTON,FORT STOCKTON 1,-102.59898166666666,30.91979725,Far West,1.0,True
12895,2,False,False,20.0,1,1,0.0,0.0,1.0399999999999998,70.73450164137175,False,False,FORT STOCKTON,FORT STOCKTON 1,-102.59898166666666,30.91979725,Far West,1.0,True
12896,2,False,False,20.0,4,1,0.0,0.0,1.0332448525768578,16.395916876474846,False,False,BROWNSVILLE,BROWNSVILLE 2,-97.4539215,25.94677375,South,1.0,True
12897,1,False,False,115.0,3,1,0.0,0.0,1.036164581052183,63.13129886504286,False,False,SNYDER,SNYDER 1,-100.94008825,32.806441125,West,1.0,True
12898,1,False,False,230.0,3,1,0.0,0.0,1.036150188852103,61.25171036348599,False,False,SNYDER,SNYDER 1,-100.94008825,32.806441125,West,1.0,True
12899,2,False,False,20.0,3,1,0.0,0.0,1.04,64.50933538153497,False,False,SNYDER,SNYDER 1,-100.94008825,32.806441125,West,1.0,True
12900,1,False,False,161.0,2,1,0.0,0.0,1.041642209553875,49.44184868826818,False,False,SPUR,SPUR,-100.89286566666664,33.327416666666664,North,1.0,True
12902,2,False,False,20.0,2,1,0.0,0.0,1.041642209553875,49.44184868826818,False,False,SPUR,SPUR,-100.89286566666664,33.327416666666664,North,1.0,True
12903,1,False,False,500.0,5,1,0.0,0.0,1.0341002672602375,-0.8729747066991257,False,False,TERRELL,TERRELL 1,-96.243079,32.788987000000006,North Central,1.0,True
12904,2,False,False,20.0,5,1,0.0,0.0,1.0399999999999996,3.8739867847403335,False,False,TERRELL,TERRELL 1,-96.243079,32.788987000000006,North Central,1.0,True
12905,2,False,False,20.0,5,1,0.0,0.0,1.0341002672602375,-0.8729747066991257,False,False,TERRELL,TERRELL 1,-96.243079,32.788987000000006,North Central,1.0,True
12906,1,False,False,115.0,4,1,0.0,0.0,1.039628373453359,23.99954254112533,False,False,MCCOOK,MCCOOK 1,-98.411111,26.465556,South,1.0,True
12907,2,False,False,20.0,4,1,0.0,0.0,1.04,27.69565844209446,False,False,MCCOOK,MCCOOK 1,-98.411111,26.465556,South,1.0,True
12908,2,False,False,20.0,2,1,0.0,0.0,1.04,42.426953899082285,False,False,ROCHESTER,ROCHESTER,-99.624257,33.345366,North,1.0,True
12909,2,False,False,20.0,1,1,0.0,0.0,1.04,61.347017439740185,False,False,IND W TWFV,IND W TWFV 0,-101.9427305,32.0820017,Far West,1.0,True
12910,1,False,False,115.0,3,1,0.0,0.0,1.0427221637079496,42.80680847139258,False,False,PAINT ROCK,PAINT ROCK 1,-99.849793,31.4410845,West,1.0,True
12911,2,False,False,20.0,3,1,0.0,0.0,1.0400000000000005,47.646396159332745,False,False,PAINT ROCK,PAINT ROCK 1,-99.849793,31.4410845,West,1.0,True
12912,1,False,False,115.0,8,1,0.0,0.0,1.04094308639995,10.283554758962154,False,False,CUNNINGHAM,CUNNINGHAM 1,-95.24810033333334,33.312846,East,1.0,True
12913,2,False,False,20.0,8,1,0.0,0.0,1.0400000000000005,15.217185212379157,False,False,CUNNINGHAM,CUNNINGHAM 1,-95.24810033333334,33.312846,East,1.0,True
12914,1,False,False,115.0,6,1,0.0,0.0,1.0348802916297617,10.548524817655212,False,False,PAWNEE,PAWNEE 1,-98.001388,28.655277,South Central,1.0,True
12915,2,False,False,20.0,6,1,0.0,0.0,1.0399999999999998,19.93858620011871,False,False,PAWNEE,PAWNEE 1,-98.001388,28.655277,South Central,1.0,True
12916,1,False,False,115.0,8,1,0.0,0.0,1.0393286279331653,11.799293389839832,False,False,CUNNINGHAM,CUNNINGHAM 1,-95.24810033333334,33.312846,East,1.0,True
12917,2,False,False,20.0,8,1,0.0,0.0,1.0399999999999998,20.406398428456804,False,False,CUNNINGHAM,CUNNINGHAM 1,-95.24810033333334,33.312846,East,1.0,True
12918,1,False,False,115.0,1,1,0.0,0.0,1.0410822966814148,56.21921063576456,False,False,ANDREWS,ANDREWS,-102.7719682,32.2803608,Far West,1.0,True
12919,2,False,False,20.0,1,1,0.0,0.0,1.04,60.69054558458457,False,False,ANDREWS,ANDREWS,-102.7719682,32.2803608,Far West,1.0,True
12920,2,False,False,20.0,5,1,0.0,0.0,1.0373734738574047,5.134639942089926,False,False,ABBOTT,ABBOTT,-97.01498,31.86976,North Central,1.0,True
12921,2,False,False,20.0,8,1,0.0,0.0,1.04,16.023767132196493,False,False,WORTHAM,WORTHAM,-96.467327,31.896737,East,1.0,True
12922,1,False,False,115.0,7,1,0.0,0.0,1.0383129132518405,-19.95238367744705,False,False,TEXAS CITY,TEXAS CITY 1,-94.945159,29.3895056,Coast,1.0,True
12923,2,False,False,20.0,7,1,0.0,0.0,1.0383129132518405,-19.95238367744705,False,False,TEXAS CITY,TEXAS CITY 1,-94.945159,29.3895056,Coast,1.0,True
12924,2,False,False,20.0,6,1,0.0,0.0,1.04,10.976741605682918,False,False,BURLINGTON,BURLINGTON,-97.0630125,30.978365,South Central,1.0,True
12925,2,False,False,20.0,5,1,0.0,0.0,1.0282373390341726,0.8259499044859772,False,False,ROSEBUD,ROSEBUD,-96.896708,31.037352,North Central,1.0,True
12926,1,False,False,161.0,5,1,0.0,0.0,1.0403498964576827,6.253499261012383,False,False,RIESEL,RIESEL 2,-96.93121275,31.43308425,North Central,1.0,True
12927,2,False,False,20.0,5,1,0.0,0.0,1.0400000000000005,8.806022953892901,False,False,RIESEL,RIESEL 2,-96.93121275,31.43308425,North Central,1.0,True
12928,2,False,False,20.0,5,1,0.0,0.0,1.0403498964576827,6.253499261012383,False,False,RIESEL,RIESEL 2,-96.93121275,31.43308425,North Central,1.0,True
12929,2,False,False,20.0,8,1,0.0,0.0,1.0399999999999998,17.981673680642174,False,False,DIKE,DIKE,-95.4621,33.21732,East,1.0,True
12930,2,False,False,20.0,4,1,0.0,0.0,1.04,31.13438331719808,False,False,BRUNI,BRUNI 2,-98.883685,27.48301875,South,1.0,True
12931,2,False,False,20.0,4,1,0.0,0.0,1.0291730677329871,10.44247357828652,False,False,CORPUS CHRISTI,CORPUS CHRISTI 4,-97.4230987368421,27.74350405263158,South,1.0,True
12932,2,False,False,20.0,5,1,0.0,0.0,1.0323212655136187,2.301464164748581,False,False,KRUM,KRUM,-97.3420515,33.318023,North Central,1.0,True
12933,2,False,False,20.0,7,1,0.0,0.0,1.0434099904467595,-26.71007844705581,False,False,HOUSTON,HOUSTON 80,-95.41128715217393,29.77727818478261,Coast,1.0,True
12934,2,False,False,20.0,7,1,0.0,0.0,1.0434099904467595,-26.71007844705581,False,False,HOUSTON,HOUSTON 80,-95.41128715217393,29.77727818478261,Coast,1.0,True
12935,1,False,False,115.0,7,1,0.0,0.0,1.031995938903021,-13.17253836266064,False,False,BAY CITY,BAY CITY,-95.92298475,28.92553375,Coast,1.0,True
12936,2,False,False,20.0,7,1,0.0,0.0,1.031995938903021,-13.17253836266064,False,False,BAY CITY,BAY CITY,-95.92298475,28.92553375,Coast,1.0,True
12937,1,False,False,161.0,2,1,0.0,0.0,1.0379724847431888,36.64405991273017,False,False,TRUSCOTT,TRUSCOTT 1,-99.695954,33.73925199999999,North,1.0,True
12938,2,False,False,20.0,2,1,0.0,0.0,1.04,39.69480619777652,False,False,TRUSCOTT,TRUSCOTT 1,-99.695954,33.73925199999999,North,1.0,True
12939,1,False,False,115.0,3,1,0.0,0.0,1.0379872845722096,67.03806259950633,False,False,SNYDER,SNYDER 1,-100.94008825,32.806441125,West,1.0,True
12940,2,False,False,20.0,3,1,0.0,0.0,1.04,71.39040060274039,False,False,SNYDER,SNYDER 1,-100.94008825,32.806441125,West,1.0,True
12941,2,False,False,20.0,3,1,0.0,0.0,1.04,27.05645653236285,False,False,ROSCOE,ROSCOE 6,-100.56760671428572,32.36118885714286,West,1.0,True
12942,1,False,False,115.0,7,1,0.0,0.0,1.036796072361946,-2.540308209286179,False,False,VICTORIA,VICTORIA 2,-97.00621414285716,28.74651585714286,Coast,1.0,True
12943,2,False,False,20.0,7,1,0.0,0.0,1.036796072361946,-2.540308209286179,False,False,VICTORIA,VICTORIA 2,-97.00621414285716,28.74651585714286,Coast,1.0,True
12944,2,False,False,20.0,7,1,0.0,0.0,1.04,0.1122895356877295,False,False,VICTORIA,VICTORIA 2,-97.00621414285716,28.74651585714286,Coast,1.0,True
12945,1,False,False,161.0,2,1,0.0,0.0,1.0371807047344797,44.8571893606218,False,False,CHILDRESS,CHILDRESS,-100.4547365,34.413879,North,1.0,True
12946,2,False,False,20.0,2,1,0.0,0.0,1.04,52.04322804535153,False,False,CHILDRESS,CHILDRESS,-100.4547365,34.413879,North,1.0,True
12947,2,False,False,20.0,7,1,0.0,0.0,1.0399999999999998,-10.169798605076911,False,False,FULSHEAR,FULSHEAR,-95.98036,29.560311,Coast,1.0,True
12948,1,False,False,115.0,6,1,0.0,0.0,1.0421439799127967,-2.327129131304414,False,False,MULDOON,MULDOON 1,-97.07408,29.806984,South Central,1.0,True
12949,2,False,False,20.0,6,1,0.0,0.0,1.0399999999999998,1.838428983057199,False,False,MULDOON,MULDOON 1,-97.07408,29.806984,South Central,1.0,True
12950,2,False,False,20.0,5,1,0.0,0.0,1.0400000000000005,11.517576607431389,False,False,MART,MART,-96.84912,31.509216,North Central,1.0,True
12951,1,False,False,115.0,6,1,0.0,0.0,1.0366031636615336,3.9706607447192495,False,False,ROSEBUD,ROSEBUD,-96.896708,31.037352,North Central,1.0,True
12952,2,False,False,20.0,6,1,0.0,0.0,1.04,11.282477590132054,False,False,ROSEBUD,ROSEBUD,-96.896708,31.037352,North Central,1.0,True
12953,1,False,False,161.0,2,1,0.0,0.0,1.0391762991881466,8.6074351515752,False,False,PARIS,PARIS 3,-95.538503,33.639774,North,1.0,True
12954,2,False,False,20.0,2,1,0.0,0.0,1.04,10.576372604005153,False,False,PARIS,PARIS 3,-95.538503,33.639774,North,1.0,True
12955,2,False,False,20.0,5,1,0.0,0.0,1.02480269316313,-3.97659635982472,False,False,SEAGOVILLE,SEAGOVILLE,-96.539931,32.552083,North Central,1.0,True
12956,2,False,False,20.0,4,1,0.0,0.0,1.0400000000000005,25.73587223774832,False,False,EDCOUCH,EDCOUCH,-97.993045,26.376651,South,1.0,True
12957,2,False,False,20.0,4,1,0.0,0.0,1.0399999999999998,16.542603547578786,False,False,SINTON,SINTON,-97.522673,28.2078,South,1.0,True
12958,2,False,False,13.8,2,1,0.0,0.0,1.0400000000000005,6.4873425247063,False,False,PARIS,PARIS 3,-95.538503,33.639774,North,1.0,True
12959,2,False,False,20.0,4,1,0.0,0.0,1.0399999999999996,21.74642699747873,False,False,EDINBURG,EDINBURG 3,-98.3163296,26.4391468,South,1.0,True
12960,2,False,False,20.0,4,1,0.0,0.0,1.04,42.11189011380423,False,False,FALCON HEIGHTS,FALCON HEIGHTS 2,-99.10145,26.603250000000003,South,1.0,True
12961,2,False,False,20.0,8,1,0.0,0.0,1.0399999999999998,4.378953100242288,False,False,TRINIDAD,TRINIDAD 2,-96.1482745,32.142643,East,1.0,True
12962,1,False,False,161.0,2,1,0.0,0.0,1.0476810732158093,59.99951208344996,False,False,FRIONA,FRIONA 1,-102.577778,34.6675,North,1.0,True
12963,2,False,False,20.0,2,1,0.0,0.0,1.0476810732158093,59.99951208344996,False,False,FRIONA,FRIONA 1,-102.577778,34.6675,North,1.0,True
12964,2,False,False,20.0,2,1,0.0,0.0,1.04,37.7205937104688,False,False,ELECTRA,ELECTRA,-99.091918,33.9776965,North,1.0,True
12965,1,False,False,161.0,2,1,0.0,0.0,1.03974802499296,36.43519655718974,False,False,WEINERT,WEINERT 1,-99.54,33.35,North,1.0,True
12966,2,False,False,20.0,2,1,0.0,0.0,1.0400000000000005,40.38596844956204,False,False,WEINERT,WEINERT 1,-99.54,33.35,North,1.0,True
12967,2,False,False,20.0,7,1,0.0,0.0,1.0381249256303695,-16.11850178000772,False,False,HUNGERFORD,HUNGERFORD,-96.088253,29.45527,Coast,1.0,True
12968,2,False,False,20.0,8,1,0.0,0.0,1.0399999999999996,4.765088390443166,False,False,TRINIDAD,TRINIDAD 2,-96.1482745,32.142643,East,1.0,True
12969,2,False,False,20.0,8,1,0.0,0.0,1.04,7.461965700246639,False,False,TRINIDAD,TRINIDAD 2,-96.1482745,32.142643,East,1.0,True
12970,1,False,False,115.0,4,1,0.0,0.0,1.0389763754831416,27.886393351626765,False,False,RAYMONDVILLE,RAYMONDVILLE,-97.566721,26.545765,South,1.0,True
12971,2,False,False,20.0,4,1,0.0,0.0,1.04,30.77978430576224,False,False,RAYMONDVILLE,RAYMONDVILLE,-97.566721,26.545765,South,1.0,True
12972,1,False,False,115.0,7,1,0.0,0.0,1.035134109822096,-22.270892706007704,False,False,NEEDVILLE,NEEDVILLE,-95.785914,29.3459875,Coast,1.0,True
12973,2,False,False,20.0,7,1,0.0,0.0,1.035134109822096,-22.270892706007704,False,False,NEEDVILLE,NEEDVILLE,-95.785914,29.3459875,Coast,1.0,True
12974,1,False,False,115.0,7,1,0.0,0.0,1.0329328207030466,-11.098777391312137,False,False,BAY CITY,BAY CITY,-95.92298475,28.92553375,Coast,1.0,True
12975,2,False,False,20.0,7,1,0.0,0.0,1.0329328207030466,-11.098777391312137,False,False,BAY CITY,BAY CITY,-95.92298475,28.92553375,Coast,1.0,True
12976,1,False,False,115.0,4,1,0.0,0.0,1.0349470364795248,13.214690975441512,False,False,BISHOP,BISHOP,-97.7314385,27.5750945,South,1.0,True
12977,2,False,False,20.0,4,1,0.0,0.0,1.04,17.640115833552976,False,False,BISHOP,BISHOP,-97.7314385,27.5750945,South,1.0,True
12978,1,False,False,161.0,2,1,0.0,0.0,1.0392681926490936,36.8014577662497,False,False,E SEYMOUR,E SEYMOUR 1,-99.58229,33.609313,North,1.0,True
12979,2,False,False,20.0,2,1,0.0,0.0,1.0400000000000005,42.64688314741581,False,False,E SEYMOUR,E SEYMOUR 1,-99.58229,33.609313,North,1.0,True
12980,1,False,False,115.0,1,1,0.0,0.0,1.0412515913422669,58.84022604487815,False,False,GAIL,GAIL 1,-101.64011833333332,32.67313766666667,Far West,1.0,True
12981,2,False,False,20.0,1,1,0.0,0.0,1.04,64.81477969777767,False,False,GAIL,GAIL 1,-101.64011833333332,32.67313766666667,Far West,1.0,True
12982,1,False,False,115.0,7,1,0.0,0.0,1.039400291079987,-19.623422670514767,False,False,BONNEY,BONNEY 1,-95.42685,29.295201,Coast,1.0,True
12983,2,False,False,20.0,7,1,0.0,0.0,1.039400291079987,-19.623422670514767,False,False,BONNEY,BONNEY 1,-95.42685,29.295201,Coast,1.0,True
12984,1,False,False,115.0,1,1,0.0,0.0,1.0407357140802247,60.30963977079679,False,False,TBD,TBD 1,-102.66795,31.1834,Far West,1.0,True
12985,2,False,False,20.0,1,1,0.0,0.0,1.0400000000000005,61.73717104815541,False,False,TBD,TBD 1,-102.66795,31.1834,Far West,1.0,True
12986,2,False,False,161.0,2,1,0.0,0.0,1.038635001560862,8.239285524111402,False,False,PARIS,PARIS 3,-95.538503,33.639774,North,1.0,True
12987,2,False,False,20.0,2,1,0.0,0.0,1.0399999999999998,12.744759450132827,False,False,PARIS,PARIS 3,-95.538503,33.639774,North,1.0,True
12988,2,False,False,20.0,7,1,0.0,0.0,1.0335570577951103,-7.01344998329218,False,False,GANADO,GANADO,-96.528761,29.109147,Coast,1.0,True
12989,2,False,False,20.0,7,1,0.0,0.0,1.0335570577951103,-7.01344998329218,False,False,GANADO,GANADO,-96.528761,29.109147,Coast,1.0,True
12990,2,False,False,20.0,4,1,0.0,0.0,1.0383021301993325,10.167741854465186,False,False,WOODSBORO,WOODSBORO,-97.444953,28.197778,South,1.0,True
12991,1,False,False,115.0,4,1,0.0,0.0,1.034356395904762,13.309214013739345,False,False,KINGSVILLE,KINGSVILLE,-97.7704405,27.4987795,South,1.0,True
12992,2,False,False,20.0,4,1,0.0,0.0,1.034356395904762,13.309214013739345,False,False,KINGSVILLE,KINGSVILLE,-97.7704405,27.4987795,South,1.0,True
12993,2,False,False,20.0,4,1,0.0,0.0,1.04,20.75709042385134,False,False,KINGSVILLE,KINGSVILLE,-97.7704405,27.4987795,South,1.0,True
12994,2,False,False,115.0,7,1,0.0,0.0,1.04,-18.92441717916612,False,False,FREEPORT,FREEPORT 1,-95.3629605,28.98485425,Coast,1.0,True
12995,2,False,False,20.0,7,1,0.0,0.0,1.04,-18.92441717916611,False,False,FREEPORT,FREEPORT 1,-95.3629605,28.98485425,Coast,1.0,True
12996,1,False,False,115.0,3,1,0.0,0.0,1.040433908615944,41.00137567447274,False,False,HAMLIN,HAMLIN,-100.0652435,32.819086,West,1.0,True
12997,2,False,False,20.0,3,1,0.0,0.0,1.0400000000000005,42.689677266284704,False,False,HAMLIN,HAMLIN,-100.0652435,32.819086,West,1.0,True
12998,2,False,False,13.8,1,1,0.0,0.0,1.04,55.102671143743,False,False,BIG SPRING,BIG SPRING 5,-101.3548315,32.107940125,Far West,1.0,True
12999,1,False,False,161.0,5,1,0.0,0.0,1.0409123428847993,10.144762473804516,False,False,DELTA,DELTA 1,-95.574442,33.433264,North Central,1.0,True
13000,2,False,False,20.0,5,1,0.0,0.0,1.04,11.482206767061689,False,False,DELTA,DELTA 1,-95.574442,33.433264,North Central,1.0,True
13001,2,False,False,20.0,5,1,0.0,0.0,1.0409123428847993,10.144762473804516,False,False,DELTA,DELTA 1,-95.574442,33.433264,North Central,1.0,True
13002,1,False,False,115.0,1,1,0.0,0.0,1.0387474730570436,57.671238574213,False,False,LAMESA,LAMESA,-101.83586283333334,32.75809566666667,Far West,1.0,True
13003,2,False,False,20.0,1,1,0.0,0.0,1.0387474730570436,57.671238574213,False,False,LAMESA,LAMESA,-101.83586283333334,32.75809566666667,Far West,1.0,True
13004,1,False,False,161.0,2,1,0.0,0.0,1.0439569688802366,63.98448945894555,False,False,VEGA,VEGA 1,-102.315517,35.200164,North,1.0,True
13005,2,False,False,20.0,2,1,0.0,0.0,1.04,65.81430106042251,False,False,VEGA,VEGA 1,-102.315517,35.200164,North,1.0,True
13006,1,False,False,115.0,6,1,0.0,0.0,1.0364886716927224,8.588551957777062,False,False,ROGERS,ROGERS,-97.2120625,30.983119,North Central,1.0,True
13007,2,False,False,20.0,6,1,0.0,0.0,1.04,15.826045030368627,False,False,ROGERS,ROGERS,-97.2120625,30.983119,North Central,1.0,True
13008,1,False,False,115.0,8,1,0.0,0.0,1.0350734224643336,-9.31532343914536,False,False,LOLA,LOLA 1,-96.091337,30.651189,East,1.0,True
13009,2,False,False,20.0,8,1,0.0,0.0,1.04,-1.032442197205719,False,False,LOLA,LOLA 1,-96.091337,30.651189,East,1.0,True
13010,1,False,False,115.0,4,1,0.0,0.0,1.0372439993434548,30.10514611004172,False,False,SAN YGNACIO,SAN YGNACIO,-99.359609,27.0792565,South,1.0,True
13011,2,False,False,20.0,4,1,0.0,0.0,1.0400000000000005,34.846628099307964,False,False,SAN YGNACIO,SAN YGNACIO,-99.359609,27.0792565,South,1.0,True
13012,1,False,False,161.0,5,1,0.0,0.0,1.0270183787339933,31.122051723469763,False,False,THROCKMORTON,THROCKMORTON,-99.37463133333334,33.20651766666666,North Central,1.0,True
13013,2,False,False,20.0,5,1,0.0,0.0,1.0270183787339933,31.122051723469763,False,False,THROCKMORTON,THROCKMORTON,-99.37463133333334,33.20651766666666,North Central,1.0,True
13014,2,False,False,20.0,1,1,0.0,0.0,1.04,61.12099749303758,False,False,GARDEN CITY,GARDEN CITY,-101.5842835,31.7486435,Far West,1.0,True
13015,2,False,False,20.0,7,1,0.0,0.0,1.0362447709671687,-24.42189519302269,False,False,CROSBY,CROSBY,-98.1803245,31.84167,Coast,1.0,True
13016,2,False,False,20.0,8,1,0.0,0.0,1.0399999999999998,-0.6723482881271525,False,False,BRYAN,BRYAN 4,-96.4032496,30.7142204,East,1.0,True
13017,2,False,False,20.0,2,1,0.0,0.0,1.04,31.02608002157069,False,False,WINDTHORST,WINDTHORST,-98.360833,33.509722,North,1.0,True
13018,1,False,False,161.0,5,1,0.0,0.0,1.0386500904961633,12.72993729157836,False,False,STEPHENVILLE,STEPHENVILLE,-98.187624,32.1858615,North Central,1.0,True
13019,2,False,False,20.0,5,1,0.0,0.0,1.0400000000000005,17.104536530245095,False,False,STEPHENVILLE,STEPHENVILLE,-98.187624,32.1858615,North Central,1.0,True
13020,2,False,False,20.0,3,1,0.0,0.0,1.0371427624708982,39.96230214756287,False,False,ANSON,ANSON,-99.8991875,32.803981,West,1.0,True
13021,2,False,False,20.0,3,1,0.0,0.0,1.04,43.98896968683317,False,False,LUEDERS,LUEDERS,-99.720186,32.783669,West,1.0,True
13022,1,False,False,115.0,1,1,0.0,0.0,1.036652267018804,73.32744721082342,False,False,COYANOSA,COYANOSA 1,-103.128,31.186,Far West,1.0,True
13023,2,False,False,20.0,1,1,0.0,0.0,1.0400000000000005,81.70796307747837,False,False,COYANOSA,COYANOSA 1,-103.128,31.186,Far West,1.0,True
13024,2,False,False,20.0,3,1,0.0,0.0,1.04,29.6841553862218,False,False,SABINAL,SABINAL,-99.612368,29.291845,West,1.0,True
13025,1,False,False,115.0,4,1,0.0,0.0,1.0344894842246315,20.80121713670191,False,False,SAN PERLITA,SAN PERLITA,-97.6450875,26.4880805,South,1.0,True
13026,2,False,False,20.0,4,1,0.0,0.0,1.0344894842246315,20.80121713670191,False,False,SAN PERLITA,SAN PERLITA,-97.6450875,26.4880805,South,1.0,True
13027,1,False,False,115.0,1,1,0.0,0.0,1.039755530708599,67.43692047616679,False,False,CRANE,CRANE,-102.39869175,31.160862,Far West,1.0,True
13028,2,False,False,20.0,1,1,0.0,0.0,1.04,71.0892578253827,False,False,CRANE,CRANE,-102.39869175,31.160862,Far West,1.0,True
13029,1,False,False,161.0,2,1,0.0,0.0,1.038491892916174,37.01715703790644,False,False,CROWELL,CROWELL 1,-99.657805,33.841272,North,1.0,True
13030,2,False,False,20.0,2,1,0.0,0.0,1.0400000000000005,43.76950657435071,False,False,CROWELL,CROWELL 1,-99.657805,33.841272,North,1.0,True
13031,1,False,False,115.0,7,1,0.0,0.0,1.0402091851932105,-15.51377596321412,False,False,LANE CITY,LANE CITY 1,-96.020566,29.225064,Coast,1.0,True
13032,2,False,False,20.0,7,1,0.0,0.0,1.0402091851932105,-15.51377596321412,False,False,LANE CITY,LANE CITY 1,-96.020566,29.225064,Coast,1.0,True
13033,2,False,False,20.0,4,1,0.0,0.0,1.04,26.97036196729455,False,False,SEBASTIAN,SEBASTIAN 2,-97.59928033333334,26.348161,South,1.0,True
13034,1,False,False,115.0,4,1,0.0,0.0,1.0423161853802263,37.195460759711466,False,False,FALCON,FALCON 1,-99.05745,26.69842,South,1.0,True
13035,2,False,False,20.0,4,1,0.0,0.0,1.0399999999999996,38.568582176769056,False,False,FALCON,FALCON 1,-99.05745,26.69842,South,1.0,True
13036,1,False,False,115.0,4,1,0.0,0.0,1.038957562973719,29.653790149410664,False,False,ARMSTRONG,ARMSTRONG 2,-97.67189133333332,26.95126033333333,South,1.0,True
13037,2,False,False,20.0,4,1,0.0,0.0,1.0399999999999996,32.43138013955992,False,False,ARMSTRONG,ARMSTRONG 2,-97.67189133333332,26.95126033333333,South,1.0,True
13038,1,False,False,161.0,2,1,0.0,0.0,1.044902988259185,60.54005738466368,False,False,TULIA,TULIA 1,-101.9707005,34.487581000000006,North,1.0,True
13039,2,False,False,20.0,2,1,0.0,0.0,1.04,63.43659219489628,False,False,TULIA,TULIA 1,-101.9707005,34.487581000000006,North,1.0,True
13040,2,False,False,20.0,7,1,0.0,0.0,1.0371338470409903,-15.597260861209946,False,False,WEST COLUMBIA,WEST COLUMBIA,-95.68083125,29.15439325,Coast,1.0,True
13041,1,False,False,161.0,2,1,0.0,0.0,1.039466336585812,33.04260920696034,False,False,SEYMOUR,SEYMOUR,-99.2898065,33.642922,North,1.0,True
13042,2,False,False,20.0,2,1,0.0,0.0,1.04,35.160715255264115,False,False,SEYMOUR,SEYMOUR,-99.2898065,33.642922,North,1.0,True
13043,2,False,False,20.0,2,1,0.0,0.0,1.04,36.06121103891745,False,False,SEYMOUR,SEYMOUR,-99.2898065,33.642922,North,1.0,True
13044,2,False,False,115.0,3,1,0.0,0.0,1.0336943567510553,23.94877231747101,False,False,BRACKETTVILLE,BRACKETTVILLE 2,-100.40075675,29.326592,West,1.0,True
13045,2,False,False,20.0,3,1,0.0,0.0,1.04,26.299048609498527,False,False,BRACKETTVILLE,BRACKETTVILLE 2,-100.40075675,29.326592,West,1.0,True
13046,1,False,False,161.0,2,1,0.0,0.0,1.0419839893992509,42.97214099409156,False,False,CHILICOTHE,CHILICOTHE 1,-99.563436,34.170488,North,1.0,True
13047,2,False,False,20.0,2,1,0.0,0.0,1.0399999999999998,50.67346177136304,False,False,CHILICOTHE,CHILICOTHE 1,-99.563436,34.170488,North,1.0,True
13048,2,False,False,20.0,4,1,0.0,0.0,1.0400000000000005,30.49407413319197,False,False,SANTA ROSA,SANTA ROSA 1,-97.8237255,26.316918,South,1.0,True
13049,2,False,False,20.0,4,1,0.0,0.0,1.04,15.034143977746076,False,False,ODEM,ODEM,-97.743983,27.992706,South,1.0,True
13050,2,False,False,20.0,4,1,0.0,0.0,1.0400000000000007,14.03525429744906,False,False,TAFT,TAFT 2,-97.351834,27.96312533333333,South,1.0,True
13051,1,False,False,161.0,5,1,0.0,0.0,1.0486288497187195,12.99607976292466,False,False,COMANCHE,COMANCHE,-98.6525545,31.8568005,North Central,1.0,True
13052,2,False,False,20.0,5,1,0.0,0.0,1.0486288497187195,12.99607976292466,False,False,COMANCHE,COMANCHE,-98.6525545,31.8568005,North Central,1.0,True
13053,1,False,False,115.0,4,1,0.0,0.0,1.0429647690634067,33.582589202342824,False,False,SEBASTIAN,SEBASTIAN 2,-97.59928033333334,26.348161,South,1.0,True
13054,2,False,False,20.0,4,1,0.0,0.0,1.0400000000000005,40.45560339620477,False,False,SEBASTIAN,SEBASTIAN 2,-97.59928033333334,26.348161,South,1.0,True
13055,1,False,False,161.0,2,1,0.0,0.0,1.0431512705875792,59.13589476045132,False,False,SILVERTON,SILVERTON,-101.244172,34.371689,North,1.0,True
13056,2,False,False,20.0,2,1,0.0,0.0,1.0400000000000005,63.38847214364123,False,False,SILVERTON,SILVERTON,-101.244172,34.371689,North,1.0,True
13057,1,False,False,161.0,2,1,0.0,0.0,1.043992598926868,60.80858861520253,False,False,HEREFORD,HEREFORD 1,-102.2138885,34.734027999999995,North,1.0,True
13058,2,False,False,20.0,2,1,0.0,0.0,1.04,62.904898372642485,False,False,HEREFORD,HEREFORD 1,-102.2138885,34.734027999999995,North,1.0,True
13059,1,False,False,161.0,2,1,0.0,0.0,1.0424055938755383,59.39560572448543,False,False,GROOM,GROOM 1,-101.186622,35.254184,North,1.0,True
13060,2,False,False,20.0,2,1,0.0,0.0,1.0400000000000005,63.33394899266014,False,False,GROOM,GROOM 1,-101.186622,35.254184,North,1.0,True
13061,1,False,False,115.0,4,1,0.0,0.0,1.0404333561256196,26.531418128400688,False,False,RIO GRANDE CITY,RIO GRANDE CITY,-98.74585185714284,26.441022428571426,South,1.0,True
13062,2,False,False,20.0,4,1,0.0,0.0,1.04,34.02319112075182,False,False,RIO GRANDE CITY,RIO GRANDE CITY,-98.74585185714284,26.441022428571426,South,1.0,True
13063,1,False,False,115.0,4,1,0.0,0.0,1.0399410306944168,26.14694991748159,False,False,RIO GRANDE CITY,RIO GRANDE CITY,-98.74585185714284,26.441022428571426,South,1.0,True
13064,2,False,False,20.0,4,1,0.0,0.0,1.0399410306944168,26.14694991748159,False,False,RIO GRANDE CITY,RIO GRANDE CITY,-98.74585185714284,26.441022428571426,South,1.0,True
13065,1,False,False,161.0,2,1,0.0,0.0,1.041165946082203,58.17818310410043,False,False,FLOYDADA,FLOYDADA 1,-101.1794378,34.0282444,North,1.0,True
13066,2,False,False,20.0,2,1,0.0,0.0,1.04,60.72965909458584,False,False,FLOYDADA,FLOYDADA 1,-101.1794378,34.0282444,North,1.0,True
13067,1,False,False,115.0,4,1,0.0,0.0,1.0396364675237284,27.424543607779555,False,False,MIRANDO,MIRANDO 1,-98.91,27.44,South,1.0,True
13068,2,False,False,20.0,4,1,0.0,0.0,1.0400000000000005,29.031990759902413,False,False,MIRANDO,MIRANDO 1,-98.91,27.44,South,1.0,True
13069,1,False,False,161.0,5,1,0.0,0.0,1.0608777537656608,10.500743228269084,False,True,MULLIN,MULLIN 1,-98.603358,31.684511,North Central,1.0,True
13070,2,False,False,20.0,5,1,0.0,0.0,1.0608777537656608,10.500743228269084,False,True,MULLIN,MULLIN 1,-98.603358,31.684511,North Central,1.0,True
13071,1,False,False,115.0,3,1,0.0,0.0,1.0381162587889534,39.34590365911853,False,False,WINGATE,WINGATE,-100.1097475,32.1590745,West,1.0,True
13072,2,False,False,20.0,3,1,0.0,0.0,1.04,47.46992454457743,False,False,WINGATE,WINGATE,-100.1097475,32.1590745,West,1.0,True
13073,1,False,False,115.0,3,1,0.0,0.0,1.042612188289732,54.729219402239146,False,False,SAN ANGELO,SAN ANGELO 1,-100.559245,31.4624622,West,1.0,True
13074,2,False,False,20.0,3,1,0.0,0.0,1.0399999999999998,57.610344006142434,False,False,SAN ANGELO,SAN ANGELO 1,-100.559245,31.4624622,West,1.0,True
13075,1,False,False,115.0,4,1,0.0,0.0,1.041917362501544,26.189352514320596,False,False,RIO GRANDE CITY,RIO GRANDE CITY,-98.74585185714284,26.441022428571426,South,1.0,True
13076,2,False,False,20.0,4,1,0.0,0.0,1.0399999999999998,34.634742329052656,False,False,RIO GRANDE CITY,RIO GRANDE CITY,-98.74585185714284,26.441022428571426,South,1.0,True
13077,1,False,False,115.0,8,1,0.0,0.0,1.0400220380061276,9.93992173085095,False,False,CUNNINGHAM,CUNNINGHAM 1,-95.24810033333334,33.312846,East,1.0,True
13078,2,False,False,20.0,8,1,0.0,0.0,1.0400000000000005,12.452259010844626,False,False,CUNNINGHAM,CUNNINGHAM 1,-95.24810033333334,33.312846,East,1.0,True
13079,1,False,False,115.0,3,1,0.0,0.0,1.039408150197907,40.69088423570275,False,False,ANSON,ANSON,-99.8991875,32.803981,West,1.0,True
13080,2,False,False,20.0,3,1,0.0,0.0,1.0400000000000005,45.27234539212572,False,False,ANSON,ANSON,-99.8991875,32.803981,West,1.0,True
13081,2,False,False,20.0,7,1,0.0,0.0,1.0372072701204438,-15.785307821468482,False,False,DAMON,DAMON,-95.69411466666666,29.203734666666666,Coast,1.0,True
13082,2,False,False,20.0,4,1,0.0,0.0,1.04,29.32485140112185,False,False,LAREDO,LAREDO 7,-99.3906115,27.588413625,South,1.0,True
13083,1,False,False,115.0,4,1,0.0,0.0,1.0401664738667613,32.77120805778276,False,False,CARRIZO SPRINGS,CARRIZO SPRINGS,-99.63215,28.4834915,South,1.0,True
13084,2,False,False,20.0,4,1,0.0,0.0,1.04,34.67316464438455,False,False,CARRIZO SPRINGS,CARRIZO SPRINGS,-99.63215,28.4834915,South,1.0,True
13085,1,False,False,161.0,2,1,0.0,0.0,1.0376688792853237,55.3934287945169,False,False,AFTON,AFTON 1,-100.883227,33.781077,North,1.0,True
13086,2,False,False,20.0,2,1,0.0,0.0,1.0400000000000005,61.01123302411701,False,False,AFTON,AFTON 1,-100.883227,33.781077,North,1.0,True
13087,1,False,False,115.0,1,1,0.0,0.0,1.0404001860823615,73.30243593124939,False,False,FORT STOCKTON,FORT STOCKTON 1,-102.59898166666666,30.91979725,Far West,1.0,True
13088,2,False,False,20.0,1,1,0.0,0.0,1.0400000000000005,77.56910321374104,False,False,FORT STOCKTON,FORT STOCKTON 1,-102.59898166666666,30.91979725,Far West,1.0,True
13089,1,False,False,115.0,1,1,0.0,0.0,1.0443971484725485,73.71406279913192,False,False,ABERNATHY,ABERNATHY 1,-101.80158,33.889462,Far West,1.0,True
13090,2,False,False,20.0,1,1,0.0,0.0,1.04,79.04563071739962,False,False,ABERNATHY,ABERNATHY 1,-101.80158,33.889462,Far West,1.0,True
13091,1,False,False,161.0,2,1,0.0,0.0,1.0416402225581824,49.44399528043169,False,False,SPUR,SPUR,-100.89286566666664,33.327416666666664,North,1.0,True
13092,2,False,False,20.0,2,1,0.0,0.0,1.0416402225581824,49.44399528043169,False,False,SPUR,SPUR,-100.89286566666664,33.327416666666664,North,1.0,True
13093,1,False,False,115.0,4,1,0.0,0.0,1.0432696895977176,24.159346181007848,False,False,SEGUIN,SEGUIN 1,-97.97505466666668,28.59622966666667,South Central,1.0,True
13094,2,False,False,20.0,4,1,0.0,0.0,1.0400000000000005,32.87287815463259,False,False,SEGUIN,SEGUIN 1,-97.97505466666668,28.59622966666667,South Central,1.0,True
13095,1,False,False,115.0,7,1,0.0,0.0,1.037249558046828,-15.652581191411612,False,False,WEST COLUMBIA,WEST COLUMBIA,-95.68083125,29.15439325,Coast,1.0,True
13096,2,False,False,20.0,7,1,0.0,0.0,1.037249558046828,-15.652581191411612,False,False,WEST COLUMBIA,WEST COLUMBIA,-95.68083125,29.15439325,Coast,1.0,True
13097,1,False,False,115.0,7,1,0.0,0.0,1.0376755843283294,-16.0293311468416,False,False,SWEENY,SWEENY,-95.718793,29.017466,Coast,1.0,True
13098,2,False,False,20.0,7,1,0.0,0.0,1.0376755843283294,-16.0293311468416,False,False,SWEENY,SWEENY,-95.718793,29.017466,Coast,1.0,True
13099,1,False,False,115.0,7,1,0.0,0.0,1.0377155431475178,-15.757076535601842,False,False,DAMON,DAMON,-95.69411466666666,29.203734666666666,Coast,1.0,True
13100,2,False,False,20.0,7,1,0.0,0.0,1.0377155431475178,-15.757076535601842,False,False,DAMON,DAMON,-95.69411466666666,29.203734666666666,Coast,1.0,True
13101,1,False,False,115.0,7,1,0.0,0.0,1.0341602810550887,-22.38110924639149,False,False,RICHMOND,RICHMOND 1,-95.733244,29.47971475,Coast,1.0,True
13102,2,False,False,20.0,7,1,0.0,0.0,1.0341602810550887,-22.38110924639149,False,False,RICHMOND,RICHMOND 1,-95.733244,29.47971475,Coast,1.0,True
13103,2,False,False,20.0,8,1,0.0,0.0,1.03329855076711,2.5001085489722485,False,False,CALVERT,CALVERT,-96.66368,31.09828,East,1.0,True
13104,1,False,False,115.0,6,1,0.0,0.0,1.0245868176419597,8.882511264419524,False,False,PEARSALL,PEARSALL,-99.11781366666668,28.92295633333333,South,1.0,True
13105,2,False,False,20.0,6,1,0.0,0.0,1.0245868176419597,8.882511264419524,False,False,PEARSALL,PEARSALL,-99.11781366666668,28.92295633333333,South,1.0,True
13106,1,False,False,115.0,6,1,0.0,0.0,1.0420567801562386,11.80362225135056,False,False,BURLINGTON,BURLINGTON,-97.0630125,30.978365,South Central,1.0,True
13107,2,False,False,20.0,6,1,0.0,0.0,1.04,13.385795133196504,False,False,BURLINGTON,BURLINGTON,-97.0630125,30.978365,South Central,1.0,True
13108,1,False,False,115.0,4,1,0.0,0.0,1.040988178905242,24.792627209663785,False,False,EDINBURG,EDINBURG 3,-98.3163296,26.4391468,South,1.0,True
13109,2,False,False,20.0,4,1,0.0,0.0,1.040988178905242,24.792627209663785,False,False,EDINBURG,EDINBURG 3,-98.3163296,26.4391468,South,1.0,True
13110,2,False,False,20.0,6,1,0.0,0.0,1.0268003126015686,-12.699617126559886,False,False,SAN ANTONIO,SAN ANTONIO 46,-98.5093816037736,29.474642000000003,South Central,1.0,True
13111,1,False,False,161.0,2,1,0.0,0.0,1.038651261628828,35.92006286428924,False,False,HASKELL,HASKELL,-99.5687984,33.0957078,North,1.0,True
13112,2,False,False,20.0,2,1,0.0,0.0,1.04,43.91720517713276,False,False,HASKELL,HASKELL,-99.5687984,33.0957078,North,1.0,True
13113,2,False,False,20.0,7,1,0.0,0.0,1.0366900416443203,-15.518848741326217,False,False,SUGAR LAND,SUGAR LAND 3,-95.64513933333336,29.591588,Coast,1.0,True
13114,1,False,False,161.0,2,1,0.0,0.0,1.0410200968695589,10.564289818542465,False,False,DEPORT,DEPORT,-95.3200515,33.474677,North,1.0,True
13115,2,False,False,20.0,2,1,0.0,0.0,1.0399999999999998,14.976212124864372,False,False,DEPORT,DEPORT,-95.3200515,33.474677,North,1.0,True
13116,2,False,False,20.0,4,1,0.0,0.0,1.0400000000000005,26.934163831859955,False,False,RIO HONDO,RIO HONDO,-97.49144733333333,26.244685,South,1.0,True
13117,1,False,False,161.0,5,1,0.0,0.0,1.0634470487799568,9.254725798053714,False,True,GOLDTHWAITE,GOLDTHWAITE 2,-98.44031233333334,31.441731,North Central,1.0,True
13118,2,False,False,20.0,5,1,0.0,0.0,1.0634470487799568,9.254725798053714,False,True,GOLDTHWAITE,GOLDTHWAITE 2,-98.44031233333334,31.441731,North Central,1.0,True
13119,1,False,False,115.0,1,1,0.0,0.0,1.0389259546191856,51.078355449927166,False,False,ST. LAWRENCE,ST. LAWRENCE 1,-101.582,31.727237,Far West,1.0,True
13120,2,False,False,20.0,1,1,0.0,0.0,1.0400000000000005,53.12962403067542,False,False,ST. LAWRENCE,ST. LAWRENCE 1,-101.582,31.727237,Far West,1.0,True
13121,2,False,False,20.0,5,1,0.0,0.0,1.0260674431526629,-4.034418475580552,False,False,SCURRY,SCURRY,-96.428985,32.533273,North Central,1.0,True
13122,1,False,False,115.0,7,1,0.0,0.0,1.0410194597298972,-2.107808861198448,False,False,PORT LAVACA,PORT LAVACA,-96.70457766666668,28.589903333333336,Coast,1.0,True
13123,2,False,False,20.0,7,1,0.0,0.0,1.0400000000000005,1.6528211361466358,False,False,PORT LAVACA,PORT LAVACA,-96.70457766666668,28.589903333333336,Coast,1.0,True
13124,1,False,False,161.0,2,1,0.0,0.0,1.0431733990457424,73.25387600236363,False,False,ADRIAN,ADRIAN 1,-102.7019445,35.285972,North,1.0,True
13125,2,False,False,20.0,2,1,0.0,0.0,1.04,75.90777514784331,False,False,ADRIAN,ADRIAN 1,-102.7019445,35.285972,North,1.0,True
13126,2,False,False,115.0,6,1,0.0,0.0,1.0399999999999994,-9.696152523834002,False,False,ELMENDORF,ELMENDORF,-98.35335,29.282378,South Central,1.0,True
13127,2,False,False,20.0,5,1,0.0,0.0,1.0393669684597635,-3.1271895339804403,False,False,GREENVILLE,GREENVILLE 1,-96.12497666666668,33.113726,North Central,1.0,True
13128,2,False,False,115.0,4,1,0.0,0.0,1.0399999999999998,21.635540234828778,False,False,RIO HONDO,RIO HONDO,-97.49144733333333,26.244685,South,1.0,True
13129,2,False,False,20.0,4,1,0.0,0.0,1.04,24.92233008554638,False,False,RIO HONDO,RIO HONDO,-97.49144733333333,26.244685,South,1.0,True
13130,2,False,False,20.0,1,1,0.0,0.0,1.0400000000000005,64.70468616498557,False,False,GOLDSMITH,GOLDSMITH,-102.7069445,32.0320835,Far West,1.0,True
13131,1,False,False,115.0,4,1,0.0,0.0,1.0415609834864257,26.767516806828013,False,False,SARITA,SARITA 3,-97.61079925,27.13808725,South,1.0,True
13132,2,False,False,20.0,4,1,0.0,0.0,1.0399999999999998,29.312728725474297,False,False,SARITA,SARITA 3,-97.61079925,27.13808725,South,1.0,True
13133,1,False,False,161.0,2,1,0.0,0.0,1.0394616546193467,36.08632852427181,False,False,THROCKMORTON,THROCKMORTON,-99.37463133333334,33.20651766666666,North Central,1.0,True
13134,2,False,False,20.0,2,1,0.0,0.0,1.04,38.29301868450551,False,False,THROCKMORTON,THROCKMORTON,-99.37463133333334,33.20651766666666,North Central,1.0,True
13135,1,False,False,161.0,2,1,0.0,0.0,1.0393791732300577,37.2619859775452,False,False,VERNON,VERNON 2,-99.4499348,34.1610722,North,1.0,True
13136,2,False,False,20.0,2,1,0.0,0.0,1.04,42.89239565493802,False,False,VERNON,VERNON 2,-99.4499348,34.1610722,North,1.0,True
13137,1,False,False,115.0,1,1,0.0,0.0,1.040147544521549,73.14081822203732,False,False,FORT STOCKTON,FORT STOCKTON 1,-102.59898166666666,30.91979725,Far West,1.0,True
13138,2,False,False,20.0,1,1,0.0,0.0,1.0400000000000005,79.73157430780266,False,False,FORT STOCKTON,FORT STOCKTON 1,-102.59898166666666,30.91979725,Far West,1.0,True
13139,2,False,False,20.0,2,1,0.0,0.0,1.0424562569970683,59.9861219314067,False,False,PANHANDLE,PANHANDLE 2,-101.35485071428572,35.27871242857143,North,1.0,True
13140,1,False,False,115.0,1,1,0.0,0.0,1.0386218499197533,67.15036247011923,False,False,MCCARNEY,MCCARNEY 1,-100.938705,32.130795,Far West,1.0,True
13141,2,False,False,20.0,1,1,0.0,0.0,1.0386218499197533,67.15036247011923,False,False,MCCARNEY,MCCARNEY 1,-100.938705,32.130795,Far West,1.0,True
13142,1,False,False,115.0,3,1,0.0,0.0,1.038615143291164,43.5335637612367,False,False,BRADY,BRADY,-99.529678,31.25981966666667,West,1.0,True
13143,2,False,False,20.0,3,1,0.0,0.0,1.04,45.22873198606094,False,False,BRADY,BRADY,-99.529678,31.25981966666667,West,1.0,True
13144,1,False,False,115.0,1,1,0.0,0.0,1.042997185768349,90.2787059178844,False,False,VAN HORN,VAN HORN,-104.508314,31.504614333333333,Far West,1.0,True
13145,2,False,False,20.0,1,1,0.0,0.0,1.0400000000000005,93.5709370969992,False,False,VAN HORN,VAN HORN,-104.508314,31.504614333333333,Far West,1.0,True
13146,2,False,False,20.0,2,1,0.0,0.0,1.0424541081880752,5.503857037768529,False,False,LINDSAY,LINDSAY,-97.32958,33.54915,North,1.0,True
13147,1,False,False,115.0,1,1,0.0,0.0,1.0387956919413597,71.46906208958417,False,False,FORT STOCKTON,FORT STOCKTON 1,-102.59898166666666,30.91979725,Far West,1.0,True
13148,2,False,False,20.0,1,1,0.0,0.0,1.0387956919413597,71.46906208958417,False,False,FORT STOCKTON,FORT STOCKTON 1,-102.59898166666666,30.91979725,Far West,1.0,True
13149,1,False,False,161.0,2,1,0.0,0.0,1.0431555514544584,61.07869890954608,False,False,CLARENDON,CLARENDON 1,-100.934408,35.18172,North,1.0,True
13150,2,False,False,20.0,2,1,0.0,0.0,1.04,63.01849891285758,False,False,CLARENDON,CLARENDON 1,-100.934408,35.18172,North,1.0,True
13151,2,False,False,20.0,7,1,0.0,0.0,1.0379121395187785,-20.11304662204917,False,False,DANBURY,DANBURY,-95.295533,29.281605,Coast,1.0,True
13152,2,False,False,115.0,7,1,0.0,0.0,1.0390413814991954,-19.924258380673137,False,False,TEXAS CITY,TEXAS CITY 1,-94.945159,29.3895056,Coast,1.0,True
13153,2,False,False,20.0,7,1,0.0,0.0,1.0390413814991954,-19.924258380673137,False,False,TEXAS CITY,TEXAS CITY 1,-94.945159,29.3895056,Coast,1.0,True
13154,2,False,False,20.0,7,1,0.0,0.0,1.0390413814991954,-19.924258380673137,False,False,TEXAS CITY,TEXAS CITY 1,-94.945159,29.3895056,Coast,1.0,True
13155,1,False,False,115.0,1,1,0.0,0.0,1.0402692216084752,61.95079513295261,False,False,RANKIN,RANKIN 1,-101.856375,31.1644605,Far West,1.0,True
13156,2,False,False,20.0,1,1,0.0,0.0,1.0400000000000005,65.5712707376949,False,False,RANKIN,RANKIN 1,-101.856375,31.1644605,Far West,1.0,True
13157,1,False,False,115.0,3,1,0.0,0.0,1.0384161535992895,41.09555169108771,False,False,BLACKWELL,BLACKWELL,-100.2944545,32.227039,West,1.0,True
13158,2,False,False,20.0,3,1,0.0,0.0,1.04,43.93465253364696,False,False,BLACKWELL,BLACKWELL,-100.2944545,32.227039,West,1.0,True
13159,1,False,False,161.0,2,1,0.0,0.0,1.0455221514487678,63.94208163401872,False,False,AMARILLO,AMARILLO 1,-102.06431,35.259819,North,1.0,True
13160,2,False,False,20.0,2,1,0.0,0.0,1.04,71.00643971296837,False,False,AMARILLO,AMARILLO 1,-102.06431,35.259819,North,1.0,True
13161,1,False,False,161.0,2,1,0.0,0.0,1.0452993148060423,60.86777564320155,False,False,CASTRO,CASTRO 1,-102.053717,34.378546,North,1.0,True
13162,2,False,False,20.0,2,1,0.0,0.0,1.0399999999999998,63.963867975092064,False,False,CASTRO,CASTRO 1,-102.053717,34.378546,North,1.0,True
13163,1,False,False,115.0,7,1,0.0,0.0,1.0390832964724137,-8.842947625684593,False,False,EL CAMPO,EL CAMPO,-96.2086544,29.0561128,Coast,1.0,True
13164,2,False,False,20.0,7,1,0.0,0.0,1.0390832964724137,-8.842947625684593,False,False,EL CAMPO,EL CAMPO,-96.2086544,29.0561128,Coast,1.0,True
13165,1,False,False,161.0,2,1,0.0,0.0,1.0451327181449468,61.36478377988817,False,False,HAPPY,HAPPY 1,-102.052422,34.769544,North,1.0,True
13166,2,False,False,20.0,2,1,0.0,0.0,1.0399999999999998,67.95605963697862,False,False,HAPPY,HAPPY 1,-102.052422,34.769544,North,1.0,True
13167,1,False,False,115.0,4,1,0.0,0.0,1.0380869791695544,13.096439556951854,False,False,TAFT,TAFT 2,-97.351834,27.96312533333333,South,1.0,True
13168,2,False,False,20.0,4,1,0.0,0.0,1.04,17.24358703572517,False,False,TAFT,TAFT 2,-97.351834,27.96312533333333,South,1.0,True
13169,1,False,False,115.0,1,1,0.0,0.0,1.0349476554169892,49.83958790346743,False,False,GARDEN CITY,GARDEN CITY,-101.5842835,31.7486435,Far West,1.0,True
13170,2,False,False,20.0,1,1,0.0,0.0,1.04,55.636575483936106,False,False,GARDEN CITY,GARDEN CITY,-101.5842835,31.7486435,Far West,1.0,True
13171,1,False,False,161.0,2,1,0.0,0.0,1.043699406008866,73.51609009145872,False,False,ADRIAN,ADRIAN 1,-102.7019445,35.285972,North,1.0,True
13172,2,False,False,20.0,2,1,0.0,0.0,1.0399999999999996,78.73618402610789,False,False,ADRIAN,ADRIAN 1,-102.7019445,35.285972,North,1.0,True
13173,2,False,False,20.0,5,1,0.0,0.0,1.04,15.90197073682626,False,False,CHINA SPRING,CHINA SPRING,-97.374883,31.694792,North Central,1.0,True
13174,1,False,False,115.0,1,1,0.0,0.0,1.0483526835335568,54.54742057441703,False,False,ANDREWS,ANDREWS,-102.7719682,32.2803608,Far West,1.0,True
13175,2,False,False,20.0,1,1,0.0,0.0,1.0483526835335568,54.54742057441703,False,False,ANDREWS,ANDREWS,-102.7719682,32.2803608,Far West,1.0,True
13176,1,False,False,115.0,7,1,0.0,0.0,1.0335749149875295,-26.424413710905924,False,False,LA PORTE,LA PORTE,-95.062261,29.713119,Coast,1.0,True
13177,2,False,False,20.0,7,1,0.0,0.0,1.0335749149875295,-26.42441371090592,False,False,LA PORTE,LA PORTE,-95.062261,29.713119,Coast,1.0,True
13178,2,False,False,20.0,7,1,0.0,0.0,1.0335749149875295,-26.424413710905924,False,False,LA PORTE,LA PORTE,-95.062261,29.713119,Coast,1.0,True
13179,1,False,False,115.0,3,1,0.0,0.0,1.044418516668402,45.35484753919689,False,False,BRADY,BRADY,-99.529678,31.25981966666667,West,1.0,True
13180,2,False,False,20.0,3,1,0.0,0.0,1.0399999999999998,48.36009080565913,False,False,BRADY,BRADY,-99.529678,31.25981966666667,West,1.0,True
13181,1,False,False,115.0,1,1,0.0,0.0,1.041849538213571,79.51415749230812,False,False,FORT STOCKTON,FORT STOCKTON 1,-102.59898166666666,30.91979725,Far West,1.0,True
13182,2,False,False,20.0,1,1,0.0,0.0,1.0400000000000005,85.29385912459804,False,False,FORT STOCKTON,FORT STOCKTON 1,-102.59898166666666,30.91979725,Far West,1.0,True
13183,1,False,False,115.0,3,1,0.0,0.0,1.0449188829119238,42.78329080461465,False,False,SAN ANGELO,SAN ANGELO 1,-100.559245,31.4624622,West,1.0,True
13184,2,False,False,20.0,3,1,0.0,0.0,1.0449188829119238,42.78329080461465,False,False,SAN ANGELO,SAN ANGELO 1,-100.559245,31.4624622,West,1.0,True
13185,2,False,False,20.0,1,1,0.0,0.0,1.0399999999999998,68.26512163401229,False,False,COAHOMA,COAHOMA,-101.242778,32.6847095,Far West,1.0,True
13186,1,False,False,115.0,1,1,0.0,0.0,1.039715220230793,77.70437838906679,False,False,FORT STOCKTON,FORT STOCKTON 1,-102.59898166666666,30.91979725,Far West,1.0,True
13187,2,False,False,20.0,1,1,0.0,0.0,1.04,85.76064856899771,False,False,FORT STOCKTON,FORT STOCKTON 1,-102.59898166666666,30.91979725,Far West,1.0,True
13188,2,False,False,20.0,5,1,0.0,0.0,1.0389592297515975,7.184574129580778,False,False,RIO VISTA,RIO VISTA,-97.343521,32.116002,North Central,1.0,True
13189,1,False,False,115.0,1,1,0.0,0.0,1.0476348809071672,71.06334345117217,False,False,FT. STOCKTON,FT. STOCKTON 1,-102.7524375,30.7499505,Far West,1.0,True
13190,2,False,False,20.0,1,1,0.0,0.0,1.0476348809071672,71.06334345117217,False,False,FT. STOCKTON,FT. STOCKTON 1,-102.7524375,30.7499505,Far West,1.0,True
13191,1,False,False,161.0,5,1,0.0,0.0,1.0309163564735369,21.042572324323125,False,False,STEPHENS,STEPHENS 1,-98.677196,32.635105,North Central,1.0,True
13192,2,False,False,20.0,5,1,0.0,0.0,1.0309163564735369,21.042572324323125,False,False,STEPHENS,STEPHENS 1,-98.677196,32.635105,North Central,1.0,True
13193,2,False,False,20.0,5,1,0.0,0.0,1.033648381252793,22.970491022993738,False,False,BAIRD,BAIRD,-99.225355,32.359033,North Central,1.0,True
13194,1,False,False,161.0,2,1,0.0,0.0,1.0420295361458924,58.94643260497482,False,False,FLOYDADA,FLOYDADA 1,-101.1794378,34.0282444,North,1.0,True
13195,2,False,False,20.0,2,1,0.0,0.0,1.0400000000000005,60.89782219865315,False,False,FLOYDADA,FLOYDADA 1,-101.1794378,34.0282444,North,1.0,True
13196,2,False,False,20.0,7,1,0.0,0.0,1.0320215404916822,-11.91633706490359,False,False,BAY CITY,BAY CITY,-95.92298475,28.92553375,Coast,1.0,True
13197,2,False,False,20.0,2,1,0.0,0.0,1.0400000000000005,59.624390583290456,False,False,CROSBYTON,CROSBYTON,-100.967402,33.752201,North,1.0,True
13198,1,False,False,115.0,3,1,0.0,0.0,1.0353547750142482,49.56496921523658,False,False,CHRISTOVAL,CHRISTOVAL,-100.650967,31.066996,West,1.0,True
13199,2,False,False,20.0,3,1,0.0,0.0,1.04,52.43204228746159,False,False,CHRISTOVAL,CHRISTOVAL,-100.650967,31.066996,West,1.0,True
13200,1,False,False,161.0,2,1,0.0,0.0,1.0431501452280332,60.13937676132369,False,False,PANHANDLE,PANHANDLE 2,-101.35485071428572,35.27871242857143,North,1.0,True
13201,2,False,False,20.0,2,1,0.0,0.0,1.0399999999999998,62.923837979957,False,False,PANHANDLE,PANHANDLE 2,-101.35485071428572,35.27871242857143,North,1.0,True
13202,1,False,False,161.0,2,1,0.0,0.0,1.0392961113403774,35.09992597262958,False,False,SEYMOUR,SEYMOUR,-99.2898065,33.642922,North,1.0,True
13203,2,False,False,20.0,2,1,0.0,0.0,1.0392961113403774,35.09992597262958,False,False,SEYMOUR,SEYMOUR,-99.2898065,33.642922,North,1.0,True
13204,1,False,False,161.0,2,1,0.0,0.0,1.0392027310567074,36.54850791951559,False,False,SEYMOUR,SEYMOUR,-99.2898065,33.642922,North,1.0,True
13205,2,False,False,20.0,2,1,0.0,0.0,1.0399999999999998,43.90122783963439,False,False,SEYMOUR,SEYMOUR,-99.2898065,33.642922,North,1.0,True
13206,2,False,False,20.0,2,1,0.0,0.0,1.0433234614960332,58.35374994452423,False,False,SILVERTON,SILVERTON,-101.244172,34.371689,North,1.0,True
13207,1,False,False,161.0,2,1,0.0,0.0,1.043978635642968,61.00058575875667,False,False,HART,HART 1,-102.351727,34.668882,North,1.0,True
13208,2,False,False,20.0,2,1,0.0,0.0,1.04,64.64119524330948,False,False,HART,HART 1,-102.351727,34.668882,North,1.0,True
13209,1,False,False,161.0,2,1,0.0,0.0,1.0325362849618318,54.52742904916369,False,False,CROSBY,CROSBY,-98.1803245,31.84167,Coast,1.0,True
13210,2,False,False,20.0,2,1,0.0,0.0,1.0325362849618318,54.52742904916369,False,False,CROSBY,CROSBY,-98.1803245,31.84167,Coast,1.0,True
13211,1,False,False,115.0,1,1,0.0,0.0,1.0386680886219222,67.11473279255925,False,False,MCCAMEY,MCCAMEY 1,-102.2726905,31.190672000000003,Far West,1.0,True
13212,2,False,False,20.0,1,1,0.0,0.0,1.0399999999999996,74.32155556061868,False,False,MCCAMEY,MCCAMEY 1,-102.2726905,31.190672000000003,Far West,1.0,True
13213,2,False,False,20.0,1,1,0.0,0.0,1.0399999999999998,64.76862748604313,False,False,IND W TWFV,IND W TWFV 0,-101.9427305,32.0820017,Far West,1.0,True
13214,1,False,False,115.0,1,1,0.0,0.0,1.03934526493945,67.33376018588757,False,False,CRANE,CRANE,-102.39869175,31.160862,Far West,1.0,True
13215,2,False,False,20.0,1,1,0.0,0.0,1.0399999999999998,74.80654056150192,False,False,CRANE,CRANE,-102.39869175,31.160862,Far West,1.0,True
13216,1,False,False,115.0,7,1,0.0,0.0,1.0346294188277751,-26.42117031573072,False,False,LIBERTY,LIBERTY,-94.609877,30.042956500000003,Coast,1.0,True
13217,2,False,False,20.0,7,1,0.0,0.0,1.0346294188277751,-26.42117031573072,False,False,LIBERTY,LIBERTY,-94.609877,30.042956500000003,Coast,1.0,True
13218,1,False,False,115.0,1,1,0.0,0.0,1.0394242192850376,67.3582805854656,False,False,MCCAMEY,MCCAMEY 1,-102.2726905,31.190672000000003,Far West,1.0,True
13219,2,False,False,20.0,1,1,0.0,0.0,1.04,71.17906776276897,False,False,MCCAMEY,MCCAMEY 1,-102.2726905,31.190672000000003,Far West,1.0,True
13220,1,False,False,115.0,3,1,0.0,0.0,1.0436256667004007,52.26162138961088,False,False,MCCARNEY,MCCARNEY 1,-100.938705,32.130795,Far West,1.0,True
13221,2,False,False,20.0,3,1,0.0,0.0,1.04,56.91802436308193,False,False,MCCARNEY,MCCARNEY 1,-100.938705,32.130795,Far West,1.0,True
13222,1,False,False,115.0,3,1,0.0,0.0,1.043511642069101,52.20313620318329,False,False,HASKELL,HASKELL,-99.5687984,33.0957078,North,1.0,True
13223,2,False,False,20.0,3,1,0.0,0.0,1.04,55.78817924374146,False,False,HASKELL,HASKELL,-99.5687984,33.0957078,North,1.0,True
13224,1,False,False,115.0,4,1,0.0,0.0,1.039862733480919,9.19051829049692,False,False,GOLIAD,GOLIAD,-97.49466233333334,28.47964933333333,South,1.0,True
13225,2,False,False,20.0,4,1,0.0,0.0,1.0399999999999998,11.29407083144434,False,False,GOLIAD,GOLIAD,-97.49466233333334,28.47964933333333,South,1.0,True
13226,1,False,False,115.0,4,1,0.0,0.0,1.040474444485622,9.43966740465596,False,False,GOLIAD,GOLIAD,-97.49466233333334,28.47964933333333,South,1.0,True
13227,2,False,False,20.0,4,1,0.0,0.0,1.04,13.655267546332915,False,False,GOLIAD,GOLIAD,-97.49466233333334,28.47964933333333,South,1.0,True
13228,1,False,False,115.0,4,1,0.0,0.0,1.0372537187958262,27.19733457545373,False,False,LAREDO,LAREDO 7,-99.3906115,27.588413625,South,1.0,True
13229,2,False,False,20.0,4,1,0.0,0.0,1.0400000000000005,30.199369063128906,False,False,LAREDO,LAREDO 7,-99.3906115,27.588413625,South,1.0,True
13230,1,False,False,115.0,1,1,0.0,0.0,1.039863866758721,58.19214986013274,False,False,GAIL,GAIL 1,-101.64011833333332,32.67313766666667,Far West,1.0,True
13231,2,False,False,20.0,1,1,0.0,0.0,1.04,59.911537840870544,False,False,GAIL,GAIL 1,-101.64011833333332,32.67313766666667,Far West,1.0,True
13232,1,False,False,115.0,7,1,0.0,0.0,1.0394265469509407,-19.54156357939808,False,False,ANGLETON,ANGLETON,-95.43283075,29.2128395,Coast,1.0,True
13233,2,False,False,20.0,7,1,0.0,0.0,1.0400000000000005,-14.76088358766144,False,False,ANGLETON,ANGLETON,-95.43283075,29.2128395,Coast,1.0,True
13234,1,False,False,115.0,7,1,0.0,0.0,1.0402947018565376,-5.968697765670743,False,False,EL CAMPO,EL CAMPO,-96.2086544,29.0561128,Coast,1.0,True
13235,2,False,False,20.0,7,1,0.0,0.0,1.0402947018565376,-5.968697765670743,False,False,EL CAMPO,EL CAMPO,-96.2086544,29.0561128,Coast,1.0,True
13236,2,False,False,20.0,5,1,0.0,0.0,1.0296502182620917,-1.25317017456727,False,False,VENUS,VENUS,-97.072628,32.452281,North Central,1.0,True
13237,1,False,False,161.0,5,1,0.0,0.0,1.0374024491288985,5.412518184110443,False,False,GAINSVILLE,GAINSVILLE 1,-97.234707,33.503328,North Central,1.0,True
13238,2,False,False,20.0,5,1,0.0,0.0,1.0374024491288985,5.412518184110443,False,False,GAINSVILLE,GAINSVILLE 1,-97.234707,33.503328,North Central,1.0,True
13239,1,False,False,115.0,4,1,0.0,0.0,1.0463859595196177,42.35954911496511,False,False,DEL RIO,DEL RIO,-100.967827,29.7051495,West,1.0,True
13240,2,False,False,20.0,4,1,0.0,0.0,1.0399999999999998,48.81717130992844,False,False,DEL RIO,DEL RIO,-100.967827,29.7051495,West,1.0,True
13241,1,False,False,115.0,3,1,0.0,0.0,1.0396236309405722,41.07601107369151,False,False,EDEN,EDEN,-99.9360515,31.18751,West,1.0,True
13242,2,False,False,20.0,3,1,0.0,0.0,1.0396236309405722,41.07601107369151,False,False,EDEN,EDEN,-99.9360515,31.18751,West,1.0,True
13243,1,False,False,161.0,5,1,0.0,0.0,1.0365012859740392,22.608045612395134,False,False,CISCO,CISCO,-99.1533074,32.3857988,North Central,1.0,True
13244,2,False,False,20.0,5,1,0.0,0.0,1.0365012859740392,22.608045612395134,False,False,CISCO,CISCO,-99.1533074,32.3857988,North Central,1.0,True
13245,2,False,False,20.0,5,1,0.0,0.0,1.0286816523665605,-0.1966692715382486,False,False,ITASCA,ITASCA,-97.07141,32.18398,North Central,1.0,True
13246,2,False,False,20.0,3,1,0.0,0.0,1.0400000000000005,52.569359196865925,False,False,SWEETWATER,SWEETWATER 4,-100.2940896,32.3397188,West,1.0,True
13247,1,False,False,115.0,4,1,0.0,0.0,1.041209853704163,22.80243632147379,False,False,RIO HONDO,RIO HONDO,-97.49144733333333,26.244685,South,1.0,True
13248,2,False,False,20.0,4,1,0.0,0.0,1.0400000000000005,24.408554232952277,False,False,RIO HONDO,RIO HONDO,-97.49144733333333,26.244685,South,1.0,True
13249,2,False,False,20.0,1,1,0.0,0.0,1.0272238056792249,50.36711242986812,False,False,IND W TWFV,IND W TWFV 0,-101.9427305,32.0820017,Far West,1.0,True
13250,2,False,False,20.0,4,1,0.0,0.0,1.04,33.13989621510009,False,False,ROMA,ROMA,-99.017108,26.523359,South,1.0,True
13251,2,False,False,20.0,4,1,0.0,0.0,1.040000000000001,27.331517597724588,False,False,MERCEDES,MERCEDES,-97.855505,26.160302,South,1.0,True
13252,2,False,False,20.0,5,1,0.0,0.0,1.0399999999999998,8.636682538587216,False,False,BARDWELL,BARDWELL,-96.706121,32.23256,North Central,1.0,True
13253,2,False,False,115.0,7,1,0.0,0.0,1.04,-25.079009018741868,False,False,BAYTOWN,BAYTOWN 2,-94.9321116,29.75354,Coast,1.0,True
13254,2,False,False,20.0,7,1,0.0,0.0,1.0399999999999998,-22.04792866119704,False,False,HUFFMAN,HUFFMAN,-95.040827,30.009659,Coast,1.0,True
13255,2,False,False,20.0,7,1,0.0,0.0,1.021086792292686,-27.73340787736772,False,False,HUFFMAN,HUFFMAN,-95.040827,30.009659,Coast,1.0,True
13256,1,False,False,115.0,4,1,0.0,0.0,1.0394827109997014,18.56623674546824,False,False,JIM WELLS,JIM WELLS 1,-97.98045,27.918286,South,1.0,True
13257,2,False,False,20.0,4,1,0.0,0.0,1.0400000000000005,20.24705205138495,False,False,JIM WELLS,JIM WELLS 1,-97.98045,27.918286,South,1.0,True
13258,2,False,False,20.0,3,1,0.0,0.0,1.0400000000000005,55.07765921317428,False,False,SNYDER,SNYDER 1,-100.94008825,32.806441125,West,1.0,True
13259,1,False,False,115.0,4,1,0.0,0.0,1.032667146265637,10.98735920372063,False,False,PEARSALL,PEARSALL,-99.11781366666668,28.92295633333333,South,1.0,True
13260,2,False,False,20.0,4,1,0.0,0.0,1.04,16.28811888081287,False,False,PEARSALL,PEARSALL,-99.11781366666668,28.92295633333333,South,1.0,True
13261,2,False,False,20.0,5,1,0.0,0.0,1.0400044571876896,2.1093548157469013,False,False,CORSICANA,CORSICANA 2,-96.38666966666666,32.061173333333336,North Central,1.0,True
13262,2,False,False,20.0,3,1,0.0,0.0,1.04,52.77156758875399,False,False,ROSCOE,ROSCOE 6,-100.56760671428572,32.36118885714286,West,1.0,True
13263,2,False,False,20.0,2,1,0.0,0.0,1.0399999999999998,15.946247417627958,False,False,MUENSTER,MUENSTER 1,-97.4002075,33.7184285,North,1.0,True
13264,2,False,False,20.0,3,1,0.0,0.0,1.0400000000000005,52.94495165315036,False,False,MILES,MILES,-100.113803,31.534768,West,1.0,True
13265,2,False,False,20.0,6,1,0.0,0.0,1.0407127521680275,-10.231547658186338,False,False,AUSTIN,AUSTIN 6,-97.77508287179488,30.30416587179487,South Central,1.0,True
13266,1,False,False,161.0,5,1,0.0,0.0,1.032213764078824,1.5995883844311731,False,False,DECATUR,DECATUR,-97.466582,33.243525500000004,North Central,1.0,True
13267,2,False,False,20.0,5,1,0.0,0.0,1.032213764078824,1.5995883844311731,False,False,DECATUR,DECATUR,-97.466582,33.243525500000004,North Central,1.0,True
13268,1,False,False,161.0,2,1,0.0,0.0,1.0395537295795796,4.051983823291814,False,False,WOLFE CITY,WOLFE CITY,-96.0140895,33.412679,North Central,1.0,True
13269,2,False,False,20.0,2,1,0.0,0.0,1.0400000000000007,7.564686857981783,False,False,WOLFE CITY,WOLFE CITY,-96.0140895,33.412679,North Central,1.0,True
13270,2,False,False,115.0,1,1,0.0,0.0,1.04,66.16488891186606,False,False,LUBBOCK,LUBBOCK 1,-101.8383465,33.5531785,Far West,1.0,True
13271,1,False,False,115.0,7,1,0.0,0.0,1.037360419048683,-16.54702218712419,False,False,DAMON,DAMON,-95.69411466666666,29.203734666666666,Coast,1.0,True
13272,2,False,False,20.0,7,1,0.0,0.0,1.037360419048683,-16.54702218712419,False,False,DAMON,DAMON,-95.69411466666666,29.203734666666666,Coast,1.0,True
13273,2,False,False,20.0,5,1,0.0,0.0,1.039709913263908,-3.096018371082051,False,False,NEVADA,NEVADA,-96.357203,33.030354,North Central,1.0,True
13274,1,False,False,115.0,1,1,0.0,0.0,1.040048231224536,73.19875258293916,False,False,MCCAMEY,MCCAMEY 1,-102.2726905,31.190672000000003,Far West,1.0,True
13275,2,False,False,20.0,1,1,0.0,0.0,1.040048231224536,73.19875258293916,False,False,MCCAMEY,MCCAMEY 1,-102.2726905,31.190672000000003,Far West,1.0,True
13276,2,False,False,20.0,7,1,0.0,0.0,1.028970518906431,-25.95492877102789,False,False,HOUSTON,HOUSTON 80,-95.41128715217393,29.77727818478261,Coast,1.0,True
13277,1,False,False,115.0,1,1,0.0,0.0,1.0403307217160194,73.30386644528684,False,False,FORT STOCKTON,FORT STOCKTON 1,-102.59898166666666,30.91979725,Far West,1.0,True
13278,2,False,False,20.0,1,1,0.0,0.0,1.04,74.95195737008258,False,False,FORT STOCKTON,FORT STOCKTON 1,-102.59898166666666,30.91979725,Far West,1.0,True
13279,2,False,False,20.0,1,1,0.0,0.0,1.04,50.84416039086331,False,False,BIG SPRING,BIG SPRING 5,-101.3548315,32.107940125,Far West,1.0,True
13280,1,False,False,115.0,3,1,0.0,0.0,1.039959915942924,46.414833930963226,False,False,STERLING,STERLING 1,-100.825,31.888,West,1.0,True
13281,2,False,False,20.0,3,1,0.0,0.0,1.0399999999999998,52.418357305767664,False,False,STERLING,STERLING 1,-100.825,31.888,West,1.0,True
13282,1,False,False,161.0,5,1,0.0,0.0,1.036534614758921,22.586866714773077,False,False,CISCO,CISCO,-99.1533074,32.3857988,North Central,1.0,True
13283,2,False,False,20.0,5,1,0.0,0.0,1.0399999999999998,25.5229722129769,False,False,CISCO,CISCO,-99.1533074,32.3857988,North Central,1.0,True
13284,2,False,False,20.0,3,1,0.0,0.0,1.04,38.95558542110511,False,False,TUSOCOLA,TUSOCOLA,-100.021667,32.303889,West,1.0,True
13285,1,False,False,115.0,7,1,0.0,0.0,1.0341540695070657,-22.476282705591466,False,False,RICHMOND,RICHMOND 1,-95.733244,29.47971475,Coast,1.0,True
13286,2,False,False,20.0,7,1,0.0,0.0,1.0341540695070657,-22.476282705591466,False,False,RICHMOND,RICHMOND 1,-95.733244,29.47971475,Coast,1.0,True
13287,2,False,False,115.0,7,1,0.0,0.0,1.04,-19.32669152048028,False,False,ALVIN,ALVIN,-95.21873266666668,29.305820666666666,Coast,1.0,True
13288,2,False,False,20.0,5,1,0.0,0.0,1.04,22.263584034866277,False,False,JACKSBORO,JACKSBORO 1,-98.244763,33.097641,North Central,1.0,True
13289,1,False,False,115.0,4,1,0.0,0.0,1.0404525297602143,23.540327661350837,False,False,RIO GRANDE CITY,RIO GRANDE CITY,-98.74585185714284,26.441022428571426,South,1.0,True
13290,2,False,False,20.0,4,1,0.0,0.0,1.0399999999999998,24.828608195545712,False,False,RIO GRANDE CITY,RIO GRANDE CITY,-98.74585185714284,26.441022428571426,South,1.0,True
13291,1,False,False,115.0,3,1,0.0,0.0,1.040851726098723,41.70423584126135,False,False,PAINT ROCK,PAINT ROCK 1,-99.849793,31.4410845,West,1.0,True
13292,2,False,False,20.0,3,1,0.0,0.0,1.040851726098723,41.70423584126135,False,False,PAINT ROCK,PAINT ROCK 1,-99.849793,31.4410845,West,1.0,True
13293,2,False,False,20.0,5,1,0.0,0.0,1.0399999999999998,12.161916916654354,False,False,HAMILTON,HAMILTON,-98.213739,31.738177,North Central,1.0,True
13294,1,False,False,115.0,1,1,0.0,0.0,1.042247860822041,74.67340188624108,False,False,CRANE,CRANE,-102.39869175,31.160862,Far West,1.0,True
13295,2,False,False,20.0,1,1,0.0,0.0,1.0400000000000005,78.6201918356547,False,False,CRANE,CRANE,-102.39869175,31.160862,Far West,1.0,True
13296,2,False,False,115.0,4,1,0.0,0.0,1.04,17.457199062131238,False,False,BROWNSVILLE,BROWNSVILLE 2,-97.4539215,25.94677375,South,1.0,True
13297,1,False,False,115.0,4,1,0.0,0.0,1.044990466808546,24.31580242258392,False,False,EAGLE PASS,EAGLE PASS,-100.340209,28.587968,South,1.0,True
13298,2,False,False,20.0,4,1,0.0,0.0,1.0399999999999998,31.45753836168733,False,False,EAGLE PASS,EAGLE PASS,-100.340209,28.587968,South,1.0,True
13299,2,False,False,20.0,3,1,0.0,0.0,1.0399999999999996,42.118476453641065,False,False,SWEETWATER,SWEETWATER 4,-100.2940896,32.3397188,West,1.0,True
13300,1,False,False,115.0,1,1,0.0,0.0,1.0040670434010348,46.615757670154295,False,False,COLORADO CITY,COLORADO CITY,-100.890668,32.313261999999995,West,1.0,True
13301,2,False,False,20.0,1,1,0.0,0.0,1.0040670434010348,46.615757670154295,False,False,COLORADO CITY,COLORADO CITY,-100.890668,32.313261999999995,West,1.0,True
13302,1,False,False,115.0,1,1,0.0,0.0,1.0371130401142952,73.87500093193827,False,False,PECOS,PECOS,-103.43056166666668,31.453610666666663,Far West,1.0,True
13303,2,False,False,20.0,1,1,0.0,0.0,1.0400000000000005,75.85470745450603,False,False,PECOS,PECOS,-103.43056166666668,31.453610666666663,Far West,1.0,True
13304,1,False,False,115.0,1,1,0.0,0.0,1.0323484719735965,69.7788369849969,False,False,PYOTE,PYOTE 1,-103.361771,31.45115,Far West,1.0,True
13305,2,False,False,20.0,1,1,0.0,0.0,1.0399999999999998,73.88908155937601,False,False,PYOTE,PYOTE 1,-103.361771,31.45115,Far West,1.0,True
13306,1,False,False,115.0,1,1,0.0,0.0,1.0408958059470477,61.03000690311594,False,False,LAMESA,LAMESA,-101.83586283333334,32.75809566666667,Far West,1.0,True
13307,2,False,False,20.0,1,1,0.0,0.0,1.0400000000000005,67.38212200594612,False,False,LAMESA,LAMESA,-101.83586283333334,32.75809566666667,Far West,1.0,True
13308,2,False,False,20.0,5,1,0.0,0.0,1.0399999999999998,17.5543153259053,False,False,MINGUS,MINGUS,-98.377389,32.371306,North Central,1.0,True
13309,2,False,False,20.0,5,1,0.0,0.0,1.0400000000000005,7.832370462968666,False,False,RIESEL,RIESEL 2,-96.93121275,31.43308425,North Central,1.0,True
13310,1,False,False,161.0,5,1,0.0,0.0,1.0418142873724334,5.679745554120288,False,False,CHILTON,CHILTON 1,-97.082774,31.356717000000003,North Central,1.0,True
13311,2,False,False,20.0,5,1,0.0,0.0,1.0400000000000005,12.77927332775563,False,False,CHILTON,CHILTON 1,-97.082774,31.356717000000003,North Central,1.0,True
13312,2,False,False,115.0,3,1,0.0,0.0,1.0399999999999994,64.26016645574056,False,False,SNYDER,SNYDER 1,-100.94008825,32.806441125,West,1.0,True
13313,1,False,False,115.0,3,1,0.0,0.0,1.042834784028986,23.711754293869305,False,False,UVALDE,UVALDE,-99.79466125,29.20340125,West,1.0,True
13314,2,False,False,20.0,3,1,0.0,0.0,1.04,29.167238368226325,False,False,UVALDE,UVALDE,-99.79466125,29.20340125,West,1.0,True
13315,1,False,False,115.0,3,1,0.0,0.0,1.041335747515074,51.02163433653632,False,False,HASKELL,HASKELL,-99.5687984,33.0957078,North,1.0,True
13316,2,False,False,20.0,3,1,0.0,0.0,1.04,54.32194191915715,False,False,HASKELL,HASKELL,-99.5687984,33.0957078,North,1.0,True
13317,1,False,False,115.0,1,1,0.0,0.0,1.04068363910649,60.912279578542645,False,False,LAMESA,LAMESA,-101.83586283333334,32.75809566666667,Far West,1.0,True
13318,2,False,False,20.0,1,1,0.0,0.0,1.0400000000000005,63.302149852068766,False,False,LAMESA,LAMESA,-101.83586283333334,32.75809566666667,Far West,1.0,True
13319,1,False,False,115.0,1,1,0.0,0.0,1.0341952378634165,72.85462964872858,False,False,TBD,TBD 1,-102.66795,31.1834,Far West,1.0,True
13320,2,False,False,20.0,1,1,0.0,0.0,1.04,78.62692115816382,False,False,TBD,TBD 1,-102.66795,31.1834,Far West,1.0,True
13321,2,False,False,20.0,1,1,0.0,0.0,1.0400000000000005,56.0687236862296,False,False,IND W TWFV,IND W TWFV 0,-101.9427305,32.0820017,Far West,1.0,True
13322,2,False,False,20.0,5,1,0.0,0.0,1.0370706993930334,-1.5666816390674585,False,False,FORT WORTH,FORT WORTH 14,-97.34008506896552,32.753233586206896,North Central,1.0,True
13323,2,False,False,20.0,4,1,0.0,0.0,1.0399999999999998,24.581196097909185,False,False,MISSION,MISSION 4,-98.349756,26.24829825,South,1.0,True
13324,2,False,False,20.0,4,1,0.0,0.0,1.04,20.400230108078585,False,False,MCALLEN,MCALLEN 2,-98.27456266666668,26.232699,South,1.0,True
13325,1,False,False,115.0,3,1,0.0,0.0,1.0771533400038928,10.05877588677566,False,True,MASON,MASON,-99.4009155,30.7904335,West,1.0,True
13326,2,False,False,20.0,3,1,0.0,0.0,1.0771533400038928,10.05877588677566,False,True,MASON,MASON,-99.4009155,30.7904335,West,1.0,True
13327,2,False,False,20.0,6,1,0.0,0.0,1.04,1.475175615143821,False,False,LIBERTY HILL,LIBERTY HILL,-97.875708,30.748955,South Central,1.0,True
13328,1,False,False,115.0,7,1,0.0,0.0,1.038168895564931,-18.001115844310494,False,False,ANGLETON,ANGLETON,-95.43283075,29.2128395,Coast,1.0,True
13329,2,False,False,20.0,7,1,0.0,0.0,1.038168895564931,-18.001115844310494,False,False,ANGLETON,ANGLETON,-95.43283075,29.2128395,Coast,1.0,True
13330,1,False,False,161.0,5,1,0.0,0.0,1.031772356360514,3.2810643955947736,False,False,KRUM,KRUM,-97.3420515,33.318023,North Central,1.0,True
13331,2,False,False,20.0,5,1,0.0,0.0,1.031772356360514,3.2810643955947736,False,False,KRUM,KRUM,-97.3420515,33.318023,North Central,1.0,True
13332,2,False,False,20.0,6,1,0.0,0.0,1.0400000000000005,-1.724653635355311,False,False,PFLUGERVILLE,PFLUGERVILLE,-97.57405,30.41217,South Central,1.0,True
13333,1,False,False,115.0,7,1,0.0,0.0,1.037871430295283,-15.89794902224076,False,False,WEST COLUMBIA,WEST COLUMBIA,-95.68083125,29.15439325,Coast,1.0,True
13334,2,False,False,20.0,7,1,0.0,0.0,1.037871430295283,-15.89794902224076,False,False,WEST COLUMBIA,WEST COLUMBIA,-95.68083125,29.15439325,Coast,1.0,True
13335,1,False,False,115.0,3,1,0.0,0.0,1.042864230454645,23.724297461009865,False,False,UVALDE,UVALDE,-99.79466125,29.20340125,West,1.0,True
13336,2,False,False,20.0,3,1,0.0,0.0,1.0399999999999998,27.962405582653385,False,False,UVALDE,UVALDE,-99.79466125,29.20340125,West,1.0,True
13337,1,False,False,115.0,3,1,0.0,0.0,1.0406954384386238,23.306675443402497,False,False,UVALDE,UVALDE,-99.79466125,29.20340125,West,1.0,True
13338,2,False,False,20.0,3,1,0.0,0.0,1.0399999999999996,26.222430151299985,False,False,UVALDE,UVALDE,-99.79466125,29.20340125,West,1.0,True
13339,1,False,False,115.0,1,1,0.0,0.0,1.0392505302987158,78.08879474271161,False,False,FT. STOCKTON,FT. STOCKTON 1,-102.7524375,30.7499505,Far West,1.0,True
13340,2,False,False,20.0,1,1,0.0,0.0,1.04,83.65323273510553,False,False,FT. STOCKTON,FT. STOCKTON 1,-102.7524375,30.7499505,Far West,1.0,True
13341,2,False,False,20.0,7,1,0.0,0.0,1.0288742348832192,-25.91787856513903,False,False,HOUSTON,HOUSTON 80,-95.41128715217393,29.77727818478261,Coast,1.0,True
13342,1,False,False,161.0,5,1,0.0,0.0,1.0391804225470809,3.2032211942146827,False,False,CRAWFORD,CRAWFORD 1,-97.409,31.54,North Central,1.0,True
13343,2,False,False,20.0,5,1,0.0,0.0,1.0391804225470809,3.2032211942146827,False,False,CRAWFORD,CRAWFORD 1,-97.409,31.54,North Central,1.0,True
13344,2,False,False,20.0,6,1,0.0,0.0,1.04,-3.2766833585840582,False,False,SAN ANTONIO,SAN ANTONIO 46,-98.5093816037736,29.474642000000003,South Central,1.0,True
13345,2,False,False,20.0,4,1,0.0,0.0,1.0400000000000005,26.200024151665087,False,False,LAREDO,LAREDO 7,-99.3906115,27.588413625,South,1.0,True
13346,2,False,False,20.0,7,1,0.0,0.0,1.0406871386133976,-21.211811730342408,False,False,ROSENBERG,ROSENBERG,-95.80023,29.56318,Coast,1.0,True
13347,2,False,False,20.0,7,1,0.0,0.0,1.0341574340869484,-21.515694534274655,False,False,LEAGUE CITY,LEAGUE CITY,-95.08195,29.50069,Coast,1.0,True
13348,2,False,False,20.0,7,1,0.0,0.0,1.0376125749362344,-6.002269208883034,False,False,LOLITA,LOLITA,-96.556418,28.852327,Coast,1.0,True
13349,1,False,False,161.0,2,1,0.0,0.0,1.041196162166332,42.36056913746338,False,False,VERNON,VERNON 2,-99.4499348,34.1610722,North,1.0,True
13350,2,False,False,20.0,2,1,0.0,0.0,1.04,46.464896398440914,False,False,VERNON,VERNON 2,-99.4499348,34.1610722,North,1.0,True
13351,2,False,False,20.0,3,1,0.0,0.0,1.0399999999999996,48.36031556862204,False,False,SWEETWATER,SWEETWATER 4,-100.2940896,32.3397188,West,1.0,True
13352,2,False,False,20.0,4,1,0.0,0.0,1.0399999999999996,24.359442045720293,False,False,PORT ISABEL,PORT ISABEL,-97.377599,26.125979,South,1.0,True
13353,2,False,False,20.0,4,1,0.0,0.0,1.0400000000000005,17.055646916767536,False,False,OILTON,OILTON,-99.005278,27.488056,South,1.0,True
13354,2,False,False,20.0,7,1,0.0,0.0,1.04,-18.65030062349619,False,False,LAKE JACKSON,LAKE JACKSON,-95.394,29.002,Coast,1.0,True
13355,2,False,False,115.0,7,1,0.0,0.0,1.04,-2.44643551182097,False,False,POINT COMFORT,POINT COMFORT 2,-96.542544,28.663349333333333,Coast,1.0,True
13356,2,False,False,115.0,7,1,0.0,0.0,1.0399999999999996,-1.3051927475023912,False,False,VICTORIA,VICTORIA 2,-97.00621414285716,28.74651585714286,Coast,1.0,True
13357,2,False,False,115.0,7,1,0.0,0.0,1.0400000000000005,-0.1548663416394183,False,False,VICTORIA,VICTORIA 2,-97.00621414285716,28.74651585714286,Coast,1.0,True
13358,2,False,False,115.0,7,1,0.0,0.0,1.0400000000000005,-26.714949847972186,False,False,HOUSTON,HOUSTON 80,-95.41128715217393,29.77727818478261,Coast,1.0,True
13359,1,False,False,115.0,1,1,0.0,0.0,1.040163490289791,66.01759278007009,False,False,FLUVANNA,FLUVANNA 2,-101.17026400000002,32.93510466666667,West,1.0,True
13360,2,False,False,20.0,1,1,0.0,0.0,1.04,70.75359659944529,False,False,FLUVANNA,FLUVANNA 2,-101.17026400000002,32.93510466666667,West,1.0,True
13361,1,False,False,115.0,1,1,0.0,0.0,1.0401801796994192,73.20286992027732,False,False,IRAAN,IRAAN 2,-101.9839414,30.8611026,Far West,1.0,True
13362,2,False,False,20.0,1,1,0.0,0.0,1.0399999999999998,80.84294231238398,False,False,IRAAN,IRAAN 2,-101.9839414,30.8611026,Far West,1.0,True
13363,2,False,False,20.0,2,1,0.0,0.0,1.0400000000000005,5.707218667757024,False,False,LEONARD,LEONARD,-96.146489,33.500378,North,1.0,True
13364,1,False,False,115.0,1,1,0.0,0.0,1.0387968974497723,71.92223033866252,False,False,GIRVIN,GIRVIN 1,-102.414067,30.9564,Far West,1.0,True
13365,2,False,False,20.0,1,1,0.0,0.0,1.04,77.0388131723578,False,False,GIRVIN,GIRVIN 1,-102.414067,30.9564,Far West,1.0,True
13366,1,False,False,115.0,3,1,0.0,0.0,1.0430851263420975,45.43399893154661,False,False,ROSCOE,ROSCOE 6,-100.56760671428572,32.36118885714286,West,1.0,True
13367,2,False,False,20.0,3,1,0.0,0.0,1.04,52.80126566323818,False,False,ROSCOE,ROSCOE 6,-100.56760671428572,32.36118885714286,West,1.0,True
13368,2,False,False,20.0,5,1,0.0,0.0,1.04,1.0097657610434525,False,False,MIDLOTHIAN,MIDLOTHIAN 2,-97.0540165,32.448697,North Central,1.0,True
13369,1,False,False,115.0,7,1,0.0,0.0,1.0382983464679567,-19.988076225708948,False,False,LIVERPOOL,LIVERPOOL,-95.2783065,29.276466,Coast,1.0,True
13370,2,False,False,20.0,7,1,0.0,0.0,1.0400000000000005,-16.187429985559593,False,False,LIVERPOOL,LIVERPOOL,-95.2783065,29.276466,Coast,1.0,True
13371,1,False,False,115.0,1,1,0.0,0.0,1.0390429634025784,71.90056084428508,False,False,GIRVIN,GIRVIN 1,-102.414067,30.9564,Far West,1.0,True
13372,2,False,False,20.0,1,1,0.0,0.0,1.04,76.56471127137253,False,False,GIRVIN,GIRVIN 1,-102.414067,30.9564,Far West,1.0,True
13373,1,False,False,115.0,4,1,0.0,0.0,1.0402720693034648,32.4436429171059,False,False,HEBBRONVILLE,HEBBRONVILLE,-98.8533165,27.140224,South,1.0,True
13374,2,False,False,20.0,4,1,0.0,0.0,1.0399999999999998,34.632552811287496,False,False,HEBBRONVILLE,HEBBRONVILLE,-98.8533165,27.140224,South,1.0,True
13375,1,False,False,115.0,7,1,0.0,0.0,1.0404408309642763,0.0254832192002098,False,False,VICTORIA,VICTORIA 2,-97.00621414285716,28.74651585714286,Coast,1.0,True
13376,2,False,False,20.0,7,1,0.0,0.0,1.04,3.2382351204332416,False,False,VICTORIA,VICTORIA 2,-97.00621414285716,28.74651585714286,Coast,1.0,True
13377,2,False,False,115.0,1,1,0.0,0.0,1.04,68.6844554725648,False,False,LUBOCK,LUBOCK 1,-101.8408,33.6039,Far West,1.0,True
13378,1,False,False,115.0,7,1,0.0,0.0,1.035775778427362,-22.24133270527605,False,False,THOMPSONS,THOMPSONS,-95.6326335,29.479039,Coast,1.0,True
13379,2,False,False,20.0,7,1,0.0,0.0,1.035775778427362,-22.24133270527605,False,False,THOMPSONS,THOMPSONS,-95.6326335,29.479039,Coast,1.0,True
13380,1,False,False,161.0,5,1,0.0,0.0,1.036565863781936,22.58723864733813,False,False,CISCO,CISCO,-99.1533074,32.3857988,North Central,1.0,True
13381,2,False,False,20.0,5,1,0.0,0.0,1.036565863781936,22.58723864733813,False,False,CISCO,CISCO,-99.1533074,32.3857988,North Central,1.0,True
13382,1,False,False,161.0,5,1,0.0,0.0,1.0418044173907772,7.457917005574314,False,False,CLIFTON,CLIFTON 1,-97.46203133333334,31.819786000000004,North Central,1.0,True
13383,2,False,False,20.0,5,1,0.0,0.0,1.0399999999999998,12.175845126224765,False,False,CLIFTON,CLIFTON 1,-97.46203133333334,31.819786000000004,North Central,1.0,True
13384,2,False,False,20.0,7,1,0.0,0.0,1.0218391503004984,-22.1321204338852,False,False,FREEPORT,FREEPORT 1,-95.3629605,28.98485425,Coast,1.0,True
13385,1,False,False,115.0,3,1,0.0,0.0,1.047814907676831,42.52799311391302,False,False,DEL RIO,DEL RIO,-100.967827,29.7051495,West,1.0,True
13386,2,False,False,20.0,3,1,0.0,0.0,1.04,48.86170022944422,False,False,DEL RIO,DEL RIO,-100.967827,29.7051495,West,1.0,True
13387,1,False,False,115.0,6,1,0.0,0.0,1.028191054724371,-13.446048269421125,False,False,BRENHAM,BRENHAM,-96.444571,30.2627995,South Central,1.0,True
13388,2,False,False,20.0,6,1,0.0,0.0,1.0400000000000005,-9.52281327151759,False,False,BRENHAM,BRENHAM,-96.444571,30.2627995,South Central,1.0,True
13389,2,False,False,115.0,1,1,0.0,0.0,1.0399999999999996,81.63087674143101,False,False,ALPINE,ALPINE,-103.382675,30.250960666666668,Far West,1.0,True
13390,2,False,False,161.0,2,1,0.0,0.0,1.0400000000000005,4.811989507409246,False,False,GAINSVILLE,GAINSVILLE 1,-97.234707,33.503328,North Central,1.0,True
13391,2,False,False,115.0,4,1,0.0,0.0,1.0400000000000005,39.09123957275347,False,False,DEL RIO,DEL RIO,-100.967827,29.7051495,West,1.0,True
13392,2,False,False,161.0,2,1,0.0,0.0,1.04,56.66148811549592,False,False,FLOYDADA,FLOYDADA 1,-101.1794378,34.0282444,North,1.0,True
13393,2,False,False,115.0,8,1,0.0,0.0,1.0400000000000005,-8.301881321591543,False,False,JASPER,JASPER 1,-94.1062,31.060893,East,1.0,True
13394,2,False,False,115.0,4,1,0.0,0.0,1.0399999999999996,10.894427381531708,False,False,BEEVILLE,BEEVILLE,-97.8000875,28.41935,South,1.0,True
13395,2,False,False,115.0,1,1,0.0,0.0,1.0400000000000005,73.8317541158833,False,False,FLOYDADA,FLOYDADA 1,-101.1794378,34.0282444,North,1.0,True
13396,2,False,False,115.0,4,1,0.0,0.0,1.0399999999999998,25.14035937617429,False,False,EDINBURG,EDINBURG 3,-98.3163296,26.4391468,South,1.0,True
13397,2,False,False,115.0,1,1,0.0,0.0,1.0400000000000005,77.7066515113386,False,False,FORT STOCKTON,FORT STOCKTON 1,-102.59898166666666,30.91979725,Far West,1.0,True
13398,2,False,False,115.0,7,1,0.0,0.0,1.04,-24.623339542533024,False,False,EVADALE,EVADALE 1,-94.0656,30.3419,Coast,1.0,True
13399,2,False,False,115.0,1,1,0.0,0.0,1.0400000000000005,73.2249539907646,False,False,FORT STOCKTON,FORT STOCKTON 1,-102.59898166666666,30.91979725,Far West,1.0,True
13400,2,False,False,115.0,1,1,0.0,0.0,1.0399999999999998,81.50974950250627,False,False,ALPINE,ALPINE,-103.382675,30.250960666666668,Far West,1.0,True
13401,2,False,False,115.0,1,1,0.0,0.0,1.0400000000000005,60.76647239512024,False,False,LAMESA,LAMESA,-101.83586283333334,32.75809566666667,Far West,1.0,True
13402,2,False,False,115.0,7,1,0.0,0.0,1.0365548868602572,-15.85909407367479,False,False,SWEENY,SWEENY,-95.718793,29.017466,Coast,1.0,True
13403,2,False,False,115.0,3,1,0.0,0.0,1.04,63.2080073536796,False,False,SNYDER,SNYDER 1,-100.94008825,32.806441125,West,1.0,True
13404,2,False,False,115.0,7,1,0.0,0.0,1.0373517402350438,-15.506725465342516,False,False,WEST COLUMBIA,WEST COLUMBIA,-95.68083125,29.15439325,Coast,1.0,True
13405,2,False,False,161.0,2,1,0.0,0.0,1.04,68.55727346160702,False,False,SUNRAY,SUNRAY 1,-101.9005,35.9454,North,1.0,True
13406,2,False,False,115.0,7,1,0.0,0.0,1.0399999999999998,-19.29535113517965,False,False,ALVIN,ALVIN,-95.21873266666668,29.305820666666666,Coast,1.0,True
13407,2,False,False,115.0,7,1,0.0,0.0,1.0400000000000005,-2.772035902157027,False,False,PORT LAVACA,PORT LAVACA,-96.70457766666668,28.589903333333336,Coast,1.0,True
13408,2,False,False,115.0,7,1,0.0,0.0,1.0400000000000005,-19.94328517939719,False,False,TEXAS CITY,TEXAS CITY 1,-94.945159,29.3895056,Coast,1.0,True
13409,2,False,False,115.0,1,1,0.0,0.0,1.04,50.11162889252968,False,False,BIG SPRING,BIG SPRING 5,-101.3548315,32.107940125,Far West,1.0,True
13410,2,False,False,115.0,4,1,0.0,0.0,1.0399999999999998,10.39683678238284,False,False,CORPUS CHRISTI,CORPUS CHRISTI 4,-97.4230987368421,27.74350405263158,South,1.0,True
13411,2,False,False,115.0,6,1,0.0,0.0,1.0399999999999998,-10.140507389997143,False,False,MANOR,MANOR,-97.516162,30.289094,South Central,1.0,True
13412,2,False,False,161.0,2,1,0.0,0.0,1.0399999999999998,41.721309869799,False,False,VERNON,VERNON 2,-99.4499348,34.1610722,North,1.0,True
13413,2,False,False,115.0,3,1,0.0,0.0,1.0400000000000005,46.27078072305588,False,False,STERLING CITY,STERLING CITY 1,-100.98431625,31.875952,West,1.0,True
13414,2,False,False,115.0,1,1,0.0,0.0,1.0399999999999998,53.98555022991984,False,False,ODESSA,ODESSA 2,-102.45323571428573,31.843002285714284,Far West,1.0,True
13415,2,False,False,115.0,1,1,0.0,0.0,1.0399999999999996,67.3418064643295,False,False,MCCAMEY,MCCAMEY 1,-102.2726905,31.190672000000003,Far West,1.0,True
13416,2,False,False,115.0,1,1,0.0,0.0,1.0400000000000005,83.17231244911025,False,False,ORLA,ORLA 1,-104.085297,31.815992,Far West,1.0,True
13417,2,False,False,115.0,1,1,0.0,0.0,1.04,67.81357435369046,False,False,LUBBOCK,LUBBOCK 1,-101.8383465,33.5531785,Far West,1.0,True
13418,2,False,False,115.0,6,1,0.0,0.0,1.0399999999999998,-9.577645564188472,False,False,SAN ANTONIO,SAN ANTONIO 46,-98.5093816037736,29.474642000000003,South Central,1.0,True
13419,2,False,False,161.0,2,1,0.0,0.0,1.0399999999999998,65.74695770346415,False,False,MORSE,MORSE 1,-101.5408005,35.944565,North,1.0,True
13420,2,False,False,161.0,2,1,0.0,0.0,1.0399999999999998,65.35684016314278,False,False,MORSE,MORSE 1,-101.5408005,35.944565,North,1.0,True
13421,2,False,False,161.0,5,1,0.0,0.0,1.04,-2.967599873616379,False,False,GREENVILLE,GREENVILLE 1,-96.12497666666668,33.113726,North Central,1.0,True
13422,2,False,False,115.0,7,1,0.0,0.0,1.0399999999999998,-15.497122915797478,False,False,WHARTON,WHARTON 1,-96.087226,29.2829165,Coast,1.0,True
13423,2,False,False,115.0,4,1,0.0,0.0,1.04,27.877557769981603,False,False,BRUNI,BRUNI 2,-98.883685,27.48301875,South,1.0,True
13424,2,False,False,115.0,1,1,0.0,0.0,1.0400000000000005,50.07926463799265,False,False,COAHOMA,COAHOMA,-101.242778,32.6847095,Far West,1.0,True
13425,2,False,False,115.0,4,1,0.0,0.0,1.04,17.558390985167538,False,False,MERCEDES,MERCEDES,-97.855505,26.160302,South,1.0,True
13426,2,False,False,115.0,7,1,0.0,0.0,1.033162452195096,-10.790642118002443,False,False,BAY CITY,BAY CITY,-95.92298475,28.92553375,Coast,1.0,True
13427,2,False,False,115.0,4,1,0.0,0.0,1.0400000000000005,33.26896158640092,False,False,RIO GRANDE CITY,RIO GRANDE CITY,-98.74585185714284,26.441022428571426,South,1.0,True
13428,2,False,False,115.0,4,1,0.0,0.0,1.0399999999999998,26.4458202934032,False,False,RIO GRANDE CITY,RIO GRANDE CITY,-98.74585185714284,26.441022428571426,South,1.0,True
13429,1,False,False,500.0,1,1,0.0,0.0,1.0175839793786132,15.27292115055675,False,False,RICHLAND SPRINGS,RICHLAND SPRINGS,-99.1872,31.5481,West,1.0,True
