branch_id,from_bus,to_bus,status,rate_a,mva,loading_pct,tier,from_lon,from_lat,from_kv,to_lon,to_lat,to_kv,loading_base
0,1001,1064,1,221.0,89.03505306723467,40.3,T1_normal,-102.45323571428573,31.843002285714284,115.0,-102.45323571428573,31.843002285714284,115.0,35.0
1,1001,1064,1,221.0,89.03505306723467,40.3,T1_normal,-102.45323571428573,31.843002285714284,115.0,-102.45323571428573,31.843002285714284,115.0,35.0
2,1001,1071,1,221.0,13.810947095686288,6.2,T1_normal,-102.45323571428573,31.843002285714284,115.0,-102.45323571428573,31.843002285714284,115.0,10.2
3,1001,1071,1,221.0,13.810947095686288,6.2,T1_normal,-102.45323571428573,31.843002285714284,115.0,-102.45323571428573,31.843002285714284,115.0,10.2
4,1001,1071,1,187.4,67.55119220464536,36.0,T1_normal,-102.45323571428573,31.843002285714284,115.0,-102.45323571428573,31.843002285714284,115.0,59.0
5,1001,1071,1,187.4,67.55119220464536,36.0,T1_normal,-102.45323571428573,31.843002285714284,115.0,-102.45323571428573,31.843002285714284,115.0,59.0
6,1001,1071,1,187.4,67.55119220464536,36.0,T1_normal,-102.45323571428573,31.843002285714284,115.0,-102.45323571428573,31.843002285714284,115.0,59.0
7,1001,1071,1,187.4,67.55119220464536,36.0,T1_normal,-102.45323571428573,31.843002285714284,115.0,-102.45323571428573,31.843002285714284,115.0,59.0
8,1001,1130,1,115.7,46.087343639096545,39.8,T1_normal,-102.45323571428573,31.843002285714284,115.0,-102.426,31.865,115.0,30.9
9,1001,12667,1,600.0,277.35420892562814,46.2,T1_normal,-102.45323571428573,31.843002285714284,115.0,-102.45323571428573,31.843002285714284,230.0,58.2
10,1001,12667,1,600.0,277.35420892562814,46.2,T1_normal,-102.45323571428573,31.843002285714284,115.0,-102.45323571428573,31.843002285714284,230.0,58.2
11,1002,1007,1,98.0,0.7714453028900614,0.8,T1_normal,-104.4095695,29.744023,115.0,-104.508314,31.504614333333333,115.0,4.8
12,1010,1002,1,98.0,26.308554697109976,26.8,T1_normal,-104.4095695,29.744023,115.0,-104.4095695,29.744023,115.0,22.8
13,1004,1003,1,373.0,237.07746563888713,63.6,T1_normal,-101.6131975,32.9277015,230.0,-101.6131975,32.9277015,115.0,44.3
14,1003,1022,1,450.0,294.553602404234,65.5,T1_normal,-101.6131975,32.9277015,115.0,-101.6131975,32.9277015,115.0,49.3
15,1003,1055,1,98.0,57.47613676534655,58.6,T1_normal,-101.6131975,32.9277015,115.0,-101.764414,32.92701,115.0,58.0
16,1004,1127,1,547.0,277.5443480724167,50.7,T1_normal,-101.6131975,32.9277015,230.0,-101.826,32.411,230.0,58.1
17,1004,3133,1,523.0,241.31563818252636,46.1,T1_normal,-101.6131975,32.9277015,230.0,-100.94008825,32.806441125,230.0,51.4
18,12733,1004,1,321.7,211.00000000000028,65.6,T1_normal,-101.6131975,32.9277015,20.0,-101.6131975,32.9277015,230.0,61.3
19,12734,1004,1,245.7,165.00000000000003,67.2,T1_normal,-101.6131975,32.9277015,20.0,-101.6131975,32.9277015,230.0,62.8
20,1004,12788,1,444.7,5.894237565132343,1.3,T1_normal,-101.6131975,32.9277015,230.0,-101.83586283333334,32.75809566666667,230.0,23.0
21,1004,12814,1,685.0,88.32324181881361,12.9,T1_normal,-101.6131975,32.9277015,230.0,-101.679188,33.150904,230.0,25.1
22,1006,1005,1,174.5,119.99999999999956,68.8,T1_normal,-101.3548315,32.107940125,13.8,-101.3548315,32.107940125,115.0,64.3
23,1025,1005,1,149.0,1.1680601467355167,0.8,T1_normal,-101.22,32.039,115.0,-101.3548315,32.107940125,115.0,11.4
24,1005,1061,1,221.0,28.013726593306387,12.7,T1_normal,-101.3548315,32.107940125,115.0,-101.3548315,32.107940125,115.0,5.4
25,1067,1005,1,98.0,15.906704791640893,16.2,T1_normal,-101.3548315,32.107940125,115.0,-101.3548315,32.107940125,115.0,17.7
26,1005,1104,1,125.4,18.958118945826996,15.1,T1_normal,-101.3548315,32.107940125,115.0,-101.368,32.377,115.0,13.2
27,1005,1134,1,125.2,31.784179468614937,25.4,T1_normal,-101.3548315,32.107940125,115.0,-101.362,32.319,115.0,22.2
28,1005,13409,1,127.0,26.505330347348277,20.9,T1_normal,-101.3548315,32.107940125,115.0,-101.3548315,32.107940125,115.0,16.8
29,1007,1015,1,98.0,1.6593169818028164,1.7,T1_normal,-104.508314,31.504614333333333,115.0,-104.005761,30.285296,115.0,2.0
30,1031,1007,1,98.0,28.410310139269026,29.0,T1_normal,-103.759065,31.004969,115.0,-104.508314,31.504614333333333,115.0,17.5
31,1009,1008,1,331.3,221.9999999999999,67.0,T1_normal,-101.9839414,30.8611026,13.8,-101.9839414,30.8611026,115.0,62.6
32,1008,1032,1,220.0,93.50309090583052,42.5,T1_normal,-101.9839414,30.8611026,115.0,-102.2726905,31.190672000000003,115.0,40.6
33,1008,1036,1,184.0,85.65971896621835,46.6,T1_normal,-101.9839414,30.8611026,115.0,-102.39869175,31.160862,115.0,50.2
34,1008,1069,1,149.0,59.50612220306226,39.9,T1_normal,-101.9839414,30.8611026,115.0,-101.9839414,30.8611026,115.0,47.4
35,1008,13087,1,134.5,11.901565507304213,8.8,T1_normal,-101.9839414,30.8611026,115.0,-102.59898166666666,30.91979725,115.0,11.7
36,1008,13137,1,107.2,26.21585354327749,24.5,T1_normal,-101.9839414,30.8611026,115.0,-102.59898166666666,30.91979725,115.0,17.1
37,1008,13274,1,116.8,5.228220818396778,4.5,T1_normal,-101.9839414,30.8611026,115.0,-102.2726905,31.190672000000003,115.0,1.8
38,1008,13277,1,118.1,12.719087153845976,10.8,T1_normal,-101.9839414,30.8611026,115.0,-102.59898166666666,30.91979725,115.0,16.7
39,1008,13361,1,111.9,2.0908604501201467,1.9,T1_normal,-101.9839414,30.8611026,115.0,-101.9839414,30.8611026,115.0,0.7
40,1008,13399,1,113.7,6.59850667449291,5.8,T1_normal,-101.9839414,30.8611026,115.0,-102.59898166666666,30.91979725,115.0,4.1
41,1011,1010,1,29.6,10.000000000000009,33.8,T1_normal,-104.4095695,29.744023,22.0,-104.4095695,29.744023,115.0,31.6
42,1010,1015,1,98.0,9.169316981802789,9.4,T1_normal,-104.4095695,29.744023,115.0,-104.005761,30.285296,115.0,5.7
43,1010,1030,1,98.0,25.477871678912734,26.0,T1_normal,-104.4095695,29.744023,115.0,-103.382675,30.250960666666668,115.0,18.9
44,1012,1087,1,149.0,64.50316735719656,43.3,T1_normal,-101.970461,30.028067,115.0,-101.78453,30.596998,115.0,64.1
45,3051,1012,1,149.0,61.51316735719665,41.3,T1_normal,-100.967827,29.7051495,115.0,-101.970461,30.028067,115.0,62.1
46,1013,1031,1,98.0,37.660310139269,38.4,T1_normal,-103.062173,31.534243,115.0,-103.759065,31.004969,115.0,26.9
47,1047,1013,1,292.0,103.86553549691584,35.6,T1_normal,-103.062173,31.534243,115.0,-103.062173,31.534243,115.0,42.5
48,1086,1013,1,220.0,60.021305208795184,27.3,T1_normal,-103.43056166666668,31.453610666666663,115.0,-103.062173,31.534243,115.0,37.5
49,1013,12834,1,148.0,48.16427985539988,32.5,T1_normal,-103.062173,31.534243,115.0,-103.43056166666668,31.453610666666663,115.0,27.8
50,1013,13304,1,124.4,62.72026057199085,50.4,T1_normal,-103.062173,31.534243,115.0,-103.361771,31.45115,115.0,45.3
51,1014,1047,1,177.0,101.15879757505262,57.2,T1_normal,-103.125868,31.165245,115.0,-103.062173,31.534243,115.0,58.1
52,1014,1083,1,149.0,27.62081754356167,18.5,T1_normal,-103.125868,31.165245,115.0,-102.59898166666666,30.91979725,115.0,14.0
53,1014,12891,1,600.0,167.1947056247319,27.9,T1_normal,-103.125868,31.165245,115.0,-103.125868,31.165245,230.0,31.5
54,1014,13022,1,279.0,120.7528005782322,43.3,T1_normal,-103.125868,31.165245,115.0,-103.128,31.186,115.0,41.5
55,1014,13186,1,251.0,170.8899913830461,68.1,T1_normal,-103.125868,31.165245,115.0,-102.59898166666666,30.91979725,115.0,75.6
56,1014,13302,1,162.0,40.03756754972194,24.7,T1_normal,-103.125868,31.165245,115.0,-103.43056166666668,31.453610666666663,115.0,30.5
57,1014,13415,1,121.8,33.48603876765317,27.5,T1_normal,-103.125868,31.165245,115.0,-102.2726905,31.190672000000003,115.0,32.7
58,1016,1034,1,220.0,82.66343491671888,37.6,T1_normal,-101.5842835,31.7486435,115.0,-101.3548315,32.107940125,115.0,47.2
59,1068,1016,1,98.0,3.451696576999197,3.5,T1_normal,-102.075159,31.9729432,115.0,-101.5842835,31.7486435,115.0,14.8
60,1016,1106,1,122.8,22.463449777229805,18.3,T1_normal,-101.5842835,31.7486435,115.0,-101.152,31.683,115.0,40.6
61,1016,12795,1,120.0,2.6348118830508582,2.2,T1_normal,-101.5842835,31.7486435,115.0,-100.98431625,31.875952,115.0,42.9
62,13014,1016,1,317.9,192.3851851851852,60.5,T1_normal,-101.5842835,31.7486435,20.0,-101.5842835,31.7486435,115.0,60.9
63,1018,1017,1,98.0,0.4226082139377141,0.4,T1_normal,-102.632933,31.799171,115.0,-102.45323571428573,31.843002285714284,115.0,3.4
64,1017,1029,1,149.0,23.18166914760358,15.6,T1_normal,-102.45323571428573,31.843002285714284,115.0,-102.075159,31.9729432,115.0,20.6
65,1017,1037,1,221.0,25.202775133292658,11.4,T1_normal,-102.45323571428573,31.843002285714284,115.0,-102.45323571428573,31.843002285714284,115.0,21.8
66,1047,1017,1,150.0,95.4213575625709,63.6,T1_normal,-103.062173,31.534243,115.0,-102.45323571428573,31.843002285714284,115.0,78.0
67,1024,1018,1,98.0,11.17519450933946,11.4,T1_normal,-102.45323571428573,31.843002285714284,115.0,-102.632933,31.799171,115.0,17.7
68,1018,1037,1,130.7,20.27245709590044,15.5,T1_normal,-102.632933,31.799171,115.0,-102.45323571428573,31.843002285714284,115.0,25.9
69,1018,1100,1,98.7,5.889287825253575,6.0,T1_normal,-102.632933,31.799171,115.0,-102.701206,31.703258,115.0,8.9
70,1018,13414,1,101.7,2.865366547368531,2.8,T1_normal,-102.632933,31.799171,115.0,-102.45323571428573,31.843002285714284,115.0,4.3
71,1019,1029,1,124.0,76.6840047064111,61.8,T1_normal,-102.075159,31.9729432,115.0,-102.075159,31.9729432,115.0,49.8
72,1019,1037,1,132.1,13.24839725147786,10.0,T1_normal,-102.075159,31.9729432,115.0,-102.45323571428573,31.843002285714284,115.0,14.2
73,1019,1040,1,149.0,5.513648418744754,3.7,T1_normal,-102.075159,31.9729432,115.0,-102.7719682,32.2803608,115.0,2.6
74,1019,1045,1,221.0,9.427394989385183,4.3,T1_normal,-102.075159,31.9729432,115.0,-102.075159,31.9729432,115.0,0.6
75,1019,1045,1,113.4,9.270151294047936,8.2,T1_normal,-102.075159,31.9729432,115.0,-102.075159,31.9729432,115.0,1.1
76,1019,1056,1,122.5,7.457136111979157,6.1,T1_normal,-102.075159,31.9729432,115.0,-101.8367,32.2353,115.0,3.1
77,1019,1064,1,125.7,4.792930640114079,3.8,T1_normal,-102.075159,31.9729432,115.0,-102.45323571428573,31.843002285714284,115.0,1.9
78,1019,1071,1,225.0,91.7506167435402,40.8,T1_normal,-102.075159,31.9729432,115.0,-102.45323571428573,31.843002285714284,115.0,32.1
79,1071,1019,1,225.0,91.7506167435402,40.8,T1_normal,-102.45323571428573,31.843002285714284,115.0,-102.075159,31.9729432,115.0,32.1
80,1019,1084,1,220.0,27.138636801832128,12.3,T1_normal,-102.075159,31.9729432,115.0,-101.3548315,32.107940125,115.0,19.3
81,1021,1020,1,354.4,231.49999999999991,65.3,T1_normal,-101.3548315,32.107940125,13.8,-101.3548315,32.107940125,115.0,61.0
82,1020,1025,1,149.0,19.770327314281033,13.3,T1_normal,-101.3548315,32.107940125,115.0,-101.22,32.039,115.0,37.5
83,1084,1020,1,221.0,22.15432306708625,10.0,T1_normal,-101.3548315,32.107940125,115.0,-101.3548315,32.107940125,115.0,4.4
84,1020,3059,1,300.0,139.99790034305448,46.7,T1_normal,-101.3548315,32.107940125,115.0,-100.98431625,31.875952,115.0,53.4
85,1020,3130,1,221.0,89.11810390414034,40.3,T1_normal,-101.3548315,32.107940125,115.0,-100.559245,31.4624622,115.0,46.2
86,1023,1022,1,217.6,179.9999999999999,82.7,T2_watch,-101.6131975,32.9277015,13.8,-101.6131975,32.9277015,115.0,77.3
87,1022,1028,1,221.0,57.27680120211698,25.9,T1_normal,-101.6131975,32.9277015,115.0,-101.242778,32.6847095,115.0,12.2
88,1022,1028,1,221.0,57.27680120211698,25.9,T1_normal,-101.6131975,32.9277015,115.0,-101.242778,32.6847095,115.0,12.2
89,1024,1090,1,149.0,61.75261324460326,41.4,T1_normal,-102.45323571428573,31.843002285714284,115.0,-102.7069445,32.0320835,115.0,59.7
90,1024,12803,1,116.2,8.50688633247323,7.3,T1_normal,-102.45323571428573,31.843002285714284,115.0,-102.7069445,32.0320835,115.0,20.1
91,1026,1025,1,166.4,124.2,74.6,T1_normal,-101.22,32.039,13.8,-101.22,32.039,115.0,69.7
92,1025,1034,1,131.6,24.552832704369365,18.7,T1_normal,-101.22,32.039,115.0,-101.3548315,32.107940125,115.0,11.9
93,1025,1067,1,130.4,16.298073792792778,12.5,T1_normal,-101.22,32.039,115.0,-101.3548315,32.107940125,115.0,11.0
94,1025,1084,1,121.8,62.41070604182024,51.2,T1_normal,-101.22,32.039,115.0,-101.3548315,32.107940125,115.0,62.4
95,1027,1045,1,221.0,29.17441823028266,13.2,T1_normal,-102.075159,31.9729432,115.0,-102.075159,31.9729432,115.0,14.0
96,1056,1027,1,250.0,53.70138590297966,21.5,T1_normal,-101.8367,32.2353,115.0,-102.075159,31.9729432,115.0,19.5
97,1027,1118,1,135.0,24.43025932661804,18.1,T1_normal,-102.075159,31.9729432,115.0,-102.1,32.271,115.0,17.5
98,1027,1132,1,111.3,52.574455193355085,47.2,T1_normal,-102.075159,31.9729432,115.0,-101.902,32.309,115.0,40.7
99,1028,3109,1,453.0,116.91639759576518,25.8,T1_normal,-101.242778,32.6847095,115.0,-101.17026400000002,32.93510466666667,115.0,35.8
100,13185,1028,1,190.1,157.99999999999983,83.1,T2_watch,-101.242778,32.6847095,20.0,-101.242778,32.6847095,115.0,77.7
101,1028,13359,1,122.4,84.00000000000034,68.6,T1_normal,-101.242778,32.6847095,115.0,-101.17026400000002,32.93510466666667,115.0,64.3
102,1029,1045,1,146.9,26.165239375096583,17.8,T1_normal,-102.075159,31.9729432,115.0,-102.075159,31.9729432,115.0,19.3
103,1029,1056,1,221.0,14.899086770889005,6.7,T1_normal,-102.075159,31.9729432,115.0,-101.8367,32.2353,115.0,4.8
104,1030,1038,1,98.0,26.22369059563119,26.8,T1_normal,-103.382675,30.250960666666668,115.0,-102.59898166666666,30.91979725,115.0,22.4
105,1083,1030,1,98.0,23.884181083281565,24.4,T1_normal,-102.59898166666666,30.91979725,115.0,-103.382675,30.250960666666668,115.0,21.7
106,1033,1032,1,170.0,68.87318213478757,40.5,T1_normal,-102.2726905,31.190672000000003,230.0,-102.2726905,31.190672000000003,115.0,60.0
107,1032,1036,1,98.0,35.144042981708346,35.9,T1_normal,-102.2726905,31.190672000000003,115.0,-102.39869175,31.160862,115.0,27.8
108,1038,1032,1,155.0,41.722103929081825,26.9,T1_normal,-102.59898166666666,30.91979725,115.0,-102.2726905,31.190672000000003,115.0,40.3
109,1032,1088,1,450.0,176.09777173994132,39.1,T1_normal,-102.2726905,31.190672000000003,115.0,-102.2726905,31.190672000000003,115.0,48.0
110,1032,12893,1,136.8,53.85695328635958,39.4,T1_normal,-102.2726905,31.190672000000003,115.0,-102.59898166666666,30.91979725,115.0,33.5
111,1032,13137,1,228.0,153.7345265798665,67.4,T1_normal,-102.2726905,31.190672000000003,115.0,-102.59898166666666,30.91979725,115.0,64.8
112,1032,13140,1,122.9,48.99360094143148,39.9,T1_normal,-102.2726905,31.190672000000003,115.0,-100.938705,32.130795,115.0,13.3
113,1032,13211,1,116.6,27.71607216316312,23.8,T1_normal,-102.2726905,31.190672000000003,115.0,-102.2726905,31.190672000000003,115.0,16.9
114,1032,13214,1,140.7,14.838736703216073,10.5,T1_normal,-102.2726905,31.190672000000003,115.0,-102.39869175,31.160862,115.0,3.6
115,1032,13218,1,117.5,20.9857661058809,17.9,T1_normal,-102.2726905,31.190672000000003,115.0,-102.2726905,31.190672000000003,115.0,5.5
116,1032,13415,1,145.6,20.45558789441735,14.0,T1_normal,-102.2726905,31.190672000000003,115.0,-102.2726905,31.190672000000003,115.0,4.7
117,1033,1081,1,637.0,475.3921648013733,74.6,T1_normal,-102.2726905,31.190672000000003,230.0,-102.45323571428573,31.843002285714284,230.0,77.3
118,1033,3050,1,647.0,172.13726414137204,26.6,T1_normal,-102.2726905,31.190672000000003,230.0,-100.967827,29.7051495,230.0,43.8
119,1033,12594,1,439.0,219.316251729013,50.0,T1_normal,-102.2726905,31.190672000000003,230.0,-101.856375,31.1644605,230.0,61.5
120,12687,1033,1,251.4,0.0,0.0,T1_normal,-102.2726905,31.190672000000003,20.0,-102.2726905,31.190672000000003,230.0,0.0
121,12688,1033,1,231.1,200.0,86.5,T2_watch,-102.2726905,31.190672000000003,20.0,-102.2726905,31.190672000000003,230.0,80.9
122,1033,12855,1,750.7,248.50569394679667,33.1,T1_normal,-102.2726905,31.190672000000003,230.0,-102.2726905,31.190672000000003,230.0,48.1
123,1033,12894,1,550.4,299.4668045901733,54.4,T1_normal,-102.2726905,31.190672000000003,230.0,-102.59898166666666,30.91979725,230.0,63.4
124,1035,1034,1,116.7,89.49999999999996,76.7,T1_normal,-101.3548315,32.107940125,13.8,-101.3548315,32.107940125,115.0,71.7
125,1034,1065,1,118.8,9.840024329243136,8.3,T1_normal,-101.3548315,32.107940125,115.0,-101.3548315,32.107940125,115.0,34.2
126,1034,1067,1,98.0,2.26468535130806,2.3,T1_normal,-101.3548315,32.107940125,115.0,-101.3548315,32.107940125,115.0,23.3
127,1034,1084,1,223.3,62.94785901827247,28.2,T1_normal,-101.3548315,32.107940125,115.0,-101.3548315,32.107940125,115.0,41.8
128,1034,1084,1,223.3,62.94785901827247,28.2,T1_normal,-101.3548315,32.107940125,115.0,-101.3548315,32.107940125,115.0,41.8
129,1034,1084,1,223.3,62.94785901827247,28.2,T1_normal,-101.3548315,32.107940125,115.0,-101.3548315,32.107940125,115.0,41.8
130,1034,1108,1,138.1,15.448029544205788,11.2,T1_normal,-101.3548315,32.107940125,115.0,-101.46,32.055,115.0,9.7
131,1088,1036,1,114.0,50.7755783409543,44.5,T1_normal,-102.2726905,31.190672000000003,115.0,-102.39869175,31.160862,115.0,40.8
132,1036,12774,1,600.0,227.4675314070365,37.9,T1_normal,-102.39869175,31.160862,115.0,-102.39869175,31.160862,230.0,47.4
133,1036,13274,1,129.0,49.790596807960966,38.6,T1_normal,-102.39869175,31.160862,115.0,-102.2726905,31.190672000000003,115.0,41.8
134,1036,13339,1,450.0,202.05683695551485,44.9,T1_normal,-102.39869175,31.160862,115.0,-102.7524375,30.7499505,115.0,52.5
135,1037,1071,1,300.0,30.628230566181003,10.2,T1_normal,-102.45323571428573,31.843002285714284,115.0,-102.45323571428573,31.843002285714284,115.0,2.0
136,1037,1100,1,129.4,15.429584766018856,11.9,T1_normal,-102.45323571428573,31.843002285714284,115.0,-102.701206,31.703258,115.0,19.8
137,1037,1130,1,118.0,35.8996547578208,30.4,T1_normal,-102.45323571428573,31.843002285714284,115.0,-102.426,31.865,115.0,6.3
138,1039,1038,1,167.4,126.38352947848672,75.5,T1_normal,-102.59898166666666,30.91979725,22.0,-102.59898166666666,30.91979725,115.0,73.8
139,1082,1038,1,149.0,36.83319066269757,24.7,T1_normal,-102.59898166666666,30.91979725,115.0,-102.59898166666666,30.91979725,115.0,0.8
140,1083,1038,1,221.0,43.43534805460649,19.7,T1_normal,-102.59898166666666,30.91979725,115.0,-102.59898166666666,30.91979725,115.0,12.1
141,1038,13189,1,145.9,22.306796523488615,15.3,T1_normal,-102.59898166666666,30.91979725,115.0,-102.7524375,30.7499505,115.0,9.4
142,1040,1090,1,149.0,58.69138295608507,39.4,T1_normal,-102.7719682,32.2803608,115.0,-102.7069445,32.0320835,115.0,45.7
143,1040,1102,1,111.7,9.728079897026376,8.7,T1_normal,-102.7719682,32.2803608,115.0,-102.672809,32.460054,115.0,11.9
144,1040,1110,1,135.0,20.31807094372109,15.1,T1_normal,-102.7719682,32.2803608,115.0,-102.68,32.22,115.0,4.0
145,1042,1041,1,195.3,121.90000000000003,62.4,T1_normal,-101.3986,32.1408,13.8,-101.3986,32.1408,115.0,58.4
146,1041,1061,1,133.6,7.534999467238279,5.6,T1_normal,-101.3986,32.1408,115.0,-101.3548315,32.107940125,115.0,2.7
147,1041,1065,1,98.0,9.921089631113844,10.1,T1_normal,-101.3986,32.1408,115.0,-101.3548315,32.107940125,115.0,2.5
148,1041,1067,1,149.0,13.810310962157502,9.3,T1_normal,-101.3986,32.1408,115.0,-101.3548315,32.107940125,115.0,11.6
149,1041,1067,1,119.1,37.856344280221776,31.8,T1_normal,-101.3986,32.1408,115.0,-101.3548315,32.107940125,115.0,39.8
150,1041,1108,1,127.0,14.626008862476958,11.5,T1_normal,-101.3986,32.1408,115.0,-101.46,32.055,115.0,14.2
151,1041,1120,1,136.8,44.7541379272689,32.7,T1_normal,-101.3986,32.1408,115.0,-101.28,32.173,115.0,22.9
152,1041,13409,1,147.1,8.514931463810882,5.8,T1_normal,-101.3986,32.1408,115.0,-101.3548315,32.107940125,115.0,2.0
153,1041,13424,1,115.2,4.724356667938778,4.1,T1_normal,-101.3986,32.1408,115.0,-101.242778,32.6847095,115.0,2.7
154,1044,3019,1,149.0,51.59613044571336,34.6,T1_normal,-101.214787,31.1946825,115.0,-100.650967,31.066996,115.0,37.6
155,3130,1044,1,221.0,88.85708637641412,40.2,T1_normal,-100.559245,31.4624622,115.0,-101.214787,31.1946825,115.0,42.5
156,1044,12791,1,600.0,106.3089963488494,17.7,T1_normal,-101.214787,31.1946825,115.0,-101.214787,31.1946825,230.0,15.8
157,1044,12810,1,239.2,57.174220473277515,23.9,T1_normal,-101.214787,31.1946825,115.0,-101.214787,31.1946825,115.0,32.7
158,1045,1064,1,221.0,3.1648090949952135,1.4,T1_normal,-102.075159,31.9729432,115.0,-102.45323571428573,31.843002285714284,115.0,0.8
159,1045,1064,1,136.0,5.753922611851436,4.2,T1_normal,-102.075159,31.9729432,115.0,-102.45323571428573,31.843002285714284,115.0,2.4
160,1045,12803,1,197.5,75.05668980754959,38.0,T1_normal,-102.075159,31.9729432,115.0,-102.7069445,32.0320835,115.0,44.2
161,1045,12803,1,197.5,75.05668980754959,38.0,T1_normal,-102.075159,31.9729432,115.0,-102.7069445,32.0320835,115.0,44.2
162,1087,1046,1,149.0,32.626649068686135,21.9,T1_normal,-101.78453,30.596998,115.0,-101.2971195,30.742809,115.0,33.0
163,1046,3009,1,149.0,96.51829007244706,64.8,T1_normal,-101.2971195,30.742809,115.0,-100.56062,30.441414,115.0,67.0
164,1046,12819,1,142.8,74.98164100376137,52.5,T1_normal,-101.2971195,30.742809,115.0,-101.9839414,30.8611026,115.0,43.3
165,1048,1047,1,92.6,64.99999999999999,70.2,T1_normal,-103.062173,31.534243,18.0,-103.062173,31.534243,115.0,68.5
166,1049,1047,1,97.0,63.99999999999997,66.0,T1_normal,-103.062173,31.534243,18.0,-103.062173,31.534243,115.0,64.4
167,1050,1047,1,102.9,63.99999999999997,62.2,T1_normal,-103.062173,31.534243,18.0,-103.062173,31.534243,115.0,60.7
168,1051,1047,1,86.4,63.99999999999997,74.1,T1_normal,-103.062173,31.534243,18.0,-103.062173,31.534243,115.0,72.3
169,1052,1047,1,81.4,62.999999999999986,77.4,T1_normal,-103.062173,31.534243,18.0,-103.062173,31.534243,115.0,75.6
170,1053,1047,1,332.0,130.5923733432433,39.3,T1_normal,-103.062173,31.534243,230.0,-103.062173,31.534243,115.0,57.8
171,1053,1047,1,332.0,130.5923733432433,39.3,T1_normal,-103.062173,31.534243,230.0,-103.062173,31.534243,115.0,57.8
172,1047,1085,1,221.0,168.41822882291186,76.2,T1_normal,-103.062173,31.534243,115.0,-103.138992,31.696251,115.0,17.4
173,1053,1081,1,548.0,265.95810755577884,48.5,T1_normal,-103.062173,31.534243,230.0,-102.45323571428573,31.843002285714284,230.0,64.1
174,1053,1093,1,496.9,240.83855945470737,48.5,T1_normal,-103.062173,31.534243,230.0,-102.868295,31.843422,230.0,57.4
175,1053,1099,1,526.0,293.4972461210467,55.8,T1_normal,-103.062173,31.534243,230.0,-102.701206,31.703258,230.0,68.4
176,12667,1053,1,498.7,206.69817991211747,41.4,T1_normal,-102.45323571428573,31.843002285714284,230.0,-103.062173,31.534243,230.0,54.7
177,1053,12835,1,742.6,372.90367317858255,50.2,T1_normal,-103.062173,31.534243,230.0,-103.43056166666668,31.453610666666663,230.0,59.6
178,1053,12835,1,742.6,372.90367317858255,50.2,T1_normal,-103.062173,31.534243,230.0,-103.43056166666668,31.453610666666663,230.0,59.6
179,1054,1056,1,149.0,60.68793819835605,40.7,T1_normal,-101.754488,32.489818,115.0,-101.8367,32.2353,115.0,37.5
180,1089,1054,1,98.0,9.926136765346438,10.1,T1_normal,-101.83586283333334,32.75809566666667,115.0,-101.754488,32.489818,115.0,9.5
181,1054,1128,1,256.0,129.44323641487506,50.6,T1_normal,-101.754488,32.489818,115.0,-101.826,32.411,115.0,47.9
182,1054,1128,1,256.0,129.44323641487506,50.6,T1_normal,-101.754488,32.489818,115.0,-101.826,32.411,115.0,47.9
183,1054,12718,1,264.0,63.17755250736816,23.9,T1_normal,-101.754488,32.489818,115.0,-101.64011833333332,32.67313766666667,115.0,23.1
184,1054,13002,1,212.0,131.74536087769548,62.1,T1_normal,-101.754488,32.489818,115.0,-101.83586283333334,32.75809566666667,115.0,58.4
185,1054,13002,1,212.0,131.74536087769548,62.1,T1_normal,-101.754488,32.489818,115.0,-101.83586283333334,32.75809566666667,115.0,58.4
186,1055,1089,1,98.0,53.49613676534632,54.6,T1_normal,-101.764414,32.92701,115.0,-101.83586283333334,32.75809566666667,115.0,54.0
187,1057,1056,1,155.3,120.00000000000011,77.3,T1_normal,-101.8367,32.2353,18.0,-101.8367,32.2353,115.0,72.2
188,1056,1061,1,150.0,27.816960817892333,18.5,T1_normal,-101.8367,32.2353,115.0,-101.3548315,32.107940125,115.0,17.6
189,1056,1065,1,250.0,24.024123953890843,9.6,T1_normal,-101.8367,32.2353,115.0,-101.3548315,32.107940125,115.0,10.8
190,1056,1132,1,117.9,52.7892446407245,44.8,T1_normal,-101.8367,32.2353,115.0,-101.902,32.309,115.0,43.6
191,1058,1069,1,221.0,58.05490821294157,26.3,T1_normal,-101.9839414,30.8611026,115.0,-101.9839414,30.8611026,115.0,37.0
192,1069,1058,1,221.0,58.05490821294157,26.3,T1_normal,-101.9839414,30.8611026,115.0,-101.9839414,30.8611026,115.0,37.0
193,1058,1087,1,221.0,49.01990821294113,22.2,T1_normal,-101.9839414,30.8611026,115.0,-101.78453,30.596998,115.0,32.9
194,1058,1087,1,221.0,49.01990821294113,22.2,T1_normal,-101.9839414,30.8611026,115.0,-101.78453,30.596998,115.0,32.9
195,1062,1061,1,109.9,71.0,64.6,T1_normal,-101.3548315,32.107940125,13.8,-101.3548315,32.107940125,115.0,63.1
196,1063,1061,1,106.1,71.0,66.9,T1_normal,-101.3548315,32.107940125,13.8,-101.3548315,32.107940125,115.0,65.3
197,1061,1067,1,112.3,0.9938257425620378,0.9,T1_normal,-101.3548315,32.107940125,115.0,-101.3548315,32.107940125,115.0,12.3
198,1061,1104,1,122.5,8.566021141604097,7.0,T1_normal,-101.3548315,32.107940125,115.0,-101.368,32.377,115.0,11.6
199,1061,1112,1,169.8,181.89138247687967,107.1,T4_light,-101.3548315,32.107940125,115.0,-101.014,32.239,115.0,56.6
200,1061,1120,1,144.9,22.9575066893001,15.8,T1_normal,-101.3548315,32.107940125,115.0,-101.28,32.173,115.0,14.8
201,1061,1134,1,125.5,11.585152283738154,9.2,T1_normal,-101.3548315,32.107940125,115.0,-101.362,32.319,115.0,19.3
202,1061,3042,1,221.0,60.81504497567114,27.5,T1_normal,-101.3548315,32.107940125,115.0,-100.6917,32.05,115.0,22.7
203,12998,1061,1,109.6,70.00000000000001,63.9,T1_normal,-101.3548315,32.107940125,13.8,-101.3548315,32.107940125,115.0,62.1
204,1061,13409,1,132.4,9.455594946199142,7.1,T1_normal,-101.3548315,32.107940125,115.0,-101.3548315,32.107940125,115.0,16.2
205,1066,1065,1,179.1,142.49999999999997,79.6,T1_normal,-101.3548315,32.107940125,13.8,-101.3548315,32.107940125,115.0,74.3
206,1065,1067,1,131.9,19.28970621504682,14.6,T1_normal,-101.3548315,32.107940125,115.0,-101.3548315,32.107940125,115.0,11.3
207,1065,1108,1,146.1,67.01108068367247,45.9,T1_normal,-101.3548315,32.107940125,115.0,-101.46,32.055,115.0,46.1
208,1065,1120,1,130.7,48.58455614724537,37.2,T1_normal,-101.3548315,32.107940125,115.0,-101.28,32.173,115.0,24.0
209,1065,13409,1,116.9,11.877666947565402,10.2,T1_normal,-101.3548315,32.107940125,115.0,-101.3548315,32.107940125,115.0,3.0
210,1067,1108,1,122.3,13.55855134236812,11.1,T1_normal,-101.3548315,32.107940125,115.0,-101.46,32.055,115.0,13.6
211,1067,1120,1,107.9,45.87412420229224,42.5,T1_normal,-101.3548315,32.107940125,115.0,-101.28,32.173,115.0,25.7
212,1067,1134,1,129.1,6.902351021503428,5.3,T1_normal,-101.3548315,32.107940125,115.0,-101.362,32.319,115.0,2.0
213,1067,13409,1,137.3,4.653026915555358,3.4,T1_normal,-101.3548315,32.107940125,115.0,-101.3548315,32.107940125,115.0,14.7
214,1088,1068,1,220.0,93.99169657699916,42.7,T1_normal,-102.2726905,31.190672000000003,115.0,-102.075159,31.9729432,115.0,43.4
215,1070,1069,1,218.2,0.0,0.0,T1_normal,-101.9839414,30.8611026,13.8,-101.9839414,30.8611026,115.0,0.0
216,1082,1069,1,149.0,17.94805957672203,12.0,T1_normal,-102.59898166666666,30.91979725,115.0,-101.9839414,30.8611026,115.0,2.5
217,1069,12893,1,132.7,34.22521035249595,25.8,T1_normal,-101.9839414,30.8611026,115.0,-102.59898166666666,30.91979725,115.0,24.7
218,1069,13137,1,125.4,35.12883239412741,28.0,T1_normal,-101.9839414,30.8611026,115.0,-102.59898166666666,30.91979725,115.0,34.4
219,1069,13361,1,122.4,73.6481317579102,60.2,T1_normal,-101.9839414,30.8611026,115.0,-101.9839414,30.8611026,115.0,70.5
220,1072,1071,1,259.1,169.56096443095385,65.4,T1_normal,-102.45323571428573,31.843002285714284,18.0,-102.45323571428573,31.843002285714284,115.0,42.6
221,1073,1071,1,248.6,158.73205780361383,63.9,T1_normal,-102.45323571428573,31.843002285714284,18.0,-102.45323571428573,31.843002285714284,115.0,33.7
222,1074,1071,1,222.3,140.1088551268973,63.0,T1_normal,-102.45323571428573,31.843002285714284,18.0,-102.45323571428573,31.843002285714284,115.0,45.0
223,1075,1071,1,264.8,147.96452885446598,55.9,T1_normal,-102.45323571428573,31.843002285714284,18.0,-102.45323571428573,31.843002285714284,115.0,45.3
224,1076,1071,1,190.0,144.9355792411013,76.3,T1_normal,-102.45323571428573,31.843002285714284,18.0,-102.45323571428573,31.843002285714284,115.0,65.8
225,1077,1071,1,233.8,132.55968595271258,56.7,T1_normal,-102.45323571428573,31.843002285714284,18.0,-102.45323571428573,31.843002285714284,115.0,40.7
226,1079,1071,1,2000.0,882.8772421789404,44.1,T1_normal,-102.45323571428573,31.843002285714284,500.0,-102.45323571428573,31.843002285714284,115.0,46.2
227,1081,1071,1,350.0,37.76212176097759,10.8,T1_normal,-102.45323571428573,31.843002285714284,230.0,-102.45323571428573,31.843002285714284,115.0,14.2
228,1071,1130,1,138.1,29.039444880747567,21.0,T1_normal,-102.45323571428573,31.843002285714284,115.0,-102.426,31.865,115.0,3.6
229,3048,1079,1,2300.0,415.472740507433,18.1,T1_normal,-100.56760671428572,32.36118885714286,500.0,-102.45323571428573,31.843002285714284,500.0,20.1
230,3048,1079,1,2300.0,415.472740507433,18.1,T1_normal,-100.56760671428572,32.36118885714286,500.0,-102.45323571428573,31.843002285714284,500.0,20.1
231,1081,1123,1,1200.0,333.41548870963254,27.8,T1_normal,-102.45323571428573,31.843002285714284,230.0,-101.836,31.726,230.0,39.4
232,1081,1129,1,414.8,104.85736889505688,25.3,T1_normal,-102.45323571428573,31.843002285714284,230.0,-102.426,31.865,230.0,18.6
233,1081,3058,1,548.0,169.492336814438,30.9,T1_normal,-102.45323571428573,31.843002285714284,230.0,-100.98431625,31.875952,230.0,36.3
234,12667,1081,1,418.6,33.395004417252494,8.0,T1_normal,-102.45323571428573,31.843002285714284,230.0,-102.45323571428573,31.843002285714284,230.0,10.1
235,1081,12680,1,387.3,17.27155158514151,4.5,T1_normal,-102.45323571428573,31.843002285714284,230.0,-102.7719682,32.2803608,230.0,0.4
236,1081,12804,1,347.8,21.267790039162904,6.1,T1_normal,-102.45323571428573,31.843002285714284,230.0,-102.7069445,32.0320835,230.0,1.1
237,1082,13147,1,104.3,48.41391212434978,46.4,T1_normal,-102.59898166666666,30.91979725,115.0,-102.59898166666666,30.91979725,115.0,2.3
238,1083,13189,1,116.4,22.30679652348826,19.2,T1_normal,-102.59898166666666,30.91979725,115.0,-102.7524375,30.7499505,115.0,11.8
239,1084,3059,1,198.9,107.4432842569382,54.0,T1_normal,-101.3548315,32.107940125,115.0,-100.98431625,31.875952,115.0,69.4
240,1084,3059,1,198.9,107.4432842569382,54.0,T1_normal,-101.3548315,32.107940125,115.0,-100.98431625,31.875952,115.0,69.4
241,1084,3059,1,198.9,107.4432842569382,54.0,T1_normal,-101.3548315,32.107940125,115.0,-100.98431625,31.875952,115.0,69.4
242,1084,3059,1,198.9,107.4432842569382,54.0,T1_normal,-101.3548315,32.107940125,115.0,-100.98431625,31.875952,115.0,69.4
243,1084,3130,1,221.0,52.339224576804355,23.7,T1_normal,-101.3548315,32.107940125,115.0,-100.559245,31.4624622,115.0,32.1
244,1084,13169,1,230.7,16.51627965974818,7.2,T1_normal,-101.3548315,32.107940125,115.0,-101.5842835,31.7486435,115.0,11.6
245,1084,13169,1,230.7,16.51627965974818,7.2,T1_normal,-101.3548315,32.107940125,115.0,-101.5842835,31.7486435,115.0,11.6
246,1084,13169,1,230.7,16.51627965974818,7.2,T1_normal,-101.3548315,32.107940125,115.0,-101.5842835,31.7486435,115.0,11.6
247,1084,13169,1,230.7,16.51627965974818,7.2,T1_normal,-101.3548315,32.107940125,115.0,-101.5842835,31.7486435,115.0,11.6
248,13279,1084,1,176.8,115.49999999999994,65.3,T1_normal,-101.3548315,32.107940125,20.0,-101.3548315,32.107940125,115.0,61.0
249,1085,1086,1,287.0,190.36468602449315,66.3,T1_normal,-103.138992,31.696251,115.0,-103.43056166666668,31.453610666666663,115.0,60.8
250,1090,1085,1,221.0,0.0709499743531516,0.0,T1_normal,-102.7069445,32.0320835,115.0,-103.138992,31.696251,115.0,30.9
251,1085,1094,1,196.5,36.07386482175876,18.4,T1_normal,-103.138992,31.696251,115.0,-102.868295,31.843422,115.0,62.0
252,1086,13416,1,316.0,147.03299561664414,46.5,T1_normal,-103.43056166666668,31.453610666666663,115.0,-104.085297,31.815992,115.0,47.6
253,1086,13416,1,316.0,147.03299561664414,46.5,T1_normal,-103.43056166666668,31.453610666666663,115.0,-104.085297,31.815992,115.0,47.6
254,1088,12593,1,204.2,83.54840967835955,40.9,T1_normal,-102.2726905,31.190672000000003,115.0,-101.856375,31.1644605,115.0,60.1
255,1088,12855,1,791.0,237.91057835439344,30.1,T1_normal,-102.2726905,31.190672000000003,115.0,-102.2726905,31.190672000000003,230.0,53.0
256,1088,12855,1,791.0,237.91057835439344,30.1,T1_normal,-102.2726905,31.190672000000003,115.0,-102.2726905,31.190672000000003,230.0,53.0
257,1088,13027,1,131.5,66.89983034437432,50.9,T1_normal,-102.2726905,31.190672000000003,115.0,-102.39869175,31.160862,115.0,76.7
258,1088,13140,1,200.8,21.50370734321996,10.7,T1_normal,-102.2726905,31.190672000000003,115.0,-100.938705,32.130795,115.0,69.7
259,1088,13211,1,241.0,103.20863510898732,42.8,T1_normal,-102.2726905,31.190672000000003,115.0,-102.2726905,31.190672000000003,115.0,70.8
260,1088,13211,1,241.0,103.20863510898732,42.8,T1_normal,-102.2726905,31.190672000000003,115.0,-102.2726905,31.190672000000003,115.0,70.8
261,1088,13214,1,127.9,46.167717185081614,36.1,T1_normal,-102.2726905,31.190672000000003,115.0,-102.39869175,31.160862,115.0,59.3
262,1088,13218,1,140.9,42.175665446509214,29.9,T1_normal,-102.2726905,31.190672000000003,115.0,-102.2726905,31.190672000000003,115.0,47.6
263,1088,13415,1,124.8,43.32372234608819,34.7,T1_normal,-102.2726905,31.190672000000003,115.0,-102.2726905,31.190672000000003,115.0,54.8
264,1090,1126,1,171.3,67.98505382495925,39.7,T1_normal,-102.7069445,32.0320835,115.0,-102.78,31.939,115.0,51.0
265,13130,1090,1,116.2,92.5,79.6,T1_normal,-102.7069445,32.0320835,20.0,-102.7069445,32.0320835,115.0,74.4
266,2029,1091,1,187.0,16.373493739862965,8.8,T1_normal,-101.244172,34.371689,161.0,-101.482424,33.686171,161.0,20.8
267,1091,2048,1,187.0,17.21026766726883,9.2,T1_normal,-101.482424,33.686171,161.0,-100.967402,33.752201,161.0,6.6
268,2098,1091,1,187.0,52.0137614071313,27.8,T1_normal,-101.482424,33.686171,161.0,-101.482424,33.686171,161.0,4.3
269,1093,1094,1,250.0,21.516135178241313,8.6,T1_normal,-102.868295,31.843422,230.0,-102.868295,31.843422,115.0,25.7
270,1093,1099,1,452.1,10.118569547493903,2.2,T1_normal,-102.868295,31.843422,230.0,-102.701206,31.703258,230.0,0.1
271,1093,1115,1,414.9,90.28424381919748,21.8,T1_normal,-102.868295,31.843422,230.0,-102.314,32.21,230.0,27.8
272,1093,1125,1,425.8,130.72000702922963,30.7,T1_normal,-102.868295,31.843422,230.0,-102.78,31.939,230.0,41.3
273,1093,12804,1,391.8,99.86674297552972,25.5,T1_normal,-102.868295,31.843422,230.0,-102.7069445,32.0320835,230.0,35.4
274,12909,1093,1,320.8,244.99999999999991,76.4,T1_normal,-101.9427305,32.0820017,20.0,-102.868295,31.843422,230.0,72.8
275,1095,1096,1,2500.0,699.5754312901972,28.0,T1_normal,-101.65,31.624,500.0,-101.65,31.624,230.0,34.7
276,1095,1096,1,2500.0,699.5754312901972,28.0,T1_normal,-101.65,31.624,500.0,-101.65,31.624,230.0,34.7
277,1095,1096,1,2500.0,699.5754312901972,28.0,T1_normal,-101.65,31.624,500.0,-101.65,31.624,230.0,34.7
278,1095,1096,1,2500.0,699.5754312901972,28.0,T1_normal,-101.65,31.624,500.0,-101.65,31.624,230.0,34.7
279,12564,1095,1,2857.1,915.8482875144932,32.1,T1_normal,-100.98431625,31.875952,500.0,-101.65,31.624,500.0,35.6
280,12564,1095,1,2857.1,915.8482875144932,32.1,T1_normal,-100.98431625,31.875952,500.0,-101.65,31.624,500.0,35.6
281,1095,12613,1,2700.0,966.6051501318094,35.8,T1_normal,-101.65,31.624,500.0,-98.3721,30.558,500.0,52.9
282,1096,1097,1,250.0,19.281463506509233,7.7,T1_normal,-101.65,31.624,230.0,-101.65,31.624,115.0,16.2
283,1096,1113,1,423.8,188.96991974724105,44.6,T1_normal,-101.65,31.624,230.0,-101.9043,31.7983,230.0,65.8
284,1096,1113,1,423.8,188.96991974724105,44.6,T1_normal,-101.65,31.624,230.0,-101.9043,31.7983,230.0,65.8
285,1096,1123,1,476.9,226.07127438796724,47.4,T1_normal,-101.65,31.624,230.0,-101.836,31.726,230.0,68.0
286,1096,1123,1,476.9,226.07127438796724,47.4,T1_normal,-101.65,31.624,230.0,-101.836,31.726,230.0,68.0
287,1096,12594,1,687.5,453.7534764285672,66.0,T1_normal,-101.65,31.624,230.0,-101.856375,31.1644605,230.0,77.8
288,1096,12594,1,687.5,453.7534764285672,66.0,T1_normal,-101.65,31.624,230.0,-101.856375,31.1644605,230.0,77.8
289,1096,12594,1,687.5,453.7534764285672,66.0,T1_normal,-101.65,31.624,230.0,-101.856375,31.1644605,230.0,77.8
290,1096,12811,1,608.0,366.8987220490809,60.3,T1_normal,-101.65,31.624,230.0,-101.214787,31.1946825,230.0,62.5
291,1096,12811,1,608.0,366.8987220490809,60.3,T1_normal,-101.65,31.624,230.0,-101.214787,31.1946825,230.0,62.5
292,1097,13119,1,216.0,83.19512619121755,38.5,T1_normal,-101.65,31.624,115.0,-101.582,31.727237,115.0,41.4
293,1097,13169,1,145.6,5.506337315290999,3.8,T1_normal,-101.65,31.624,115.0,-101.5842835,31.7486435,115.0,14.0
294,1099,1100,1,250.0,59.708544206379344,23.9,T1_normal,-102.701206,31.703258,230.0,-102.701206,31.703258,115.0,25.7
295,1099,1125,1,423.6,124.85782645484385,29.5,T1_normal,-102.701206,31.703258,230.0,-102.78,31.939,230.0,36.0
296,12667,1099,1,416.8,68.13230591233044,16.3,T1_normal,-102.45323571428573,31.843002285714284,230.0,-102.701206,31.703258,230.0,25.8
297,13213,1099,1,203.5,145.00000000000003,71.3,T1_normal,-101.9427305,32.0820017,20.0,-102.701206,31.703258,230.0,68.9
298,1100,13414,1,109.2,15.19032838489096,13.9,T1_normal,-102.701206,31.703258,115.0,-102.45323571428573,31.843002285714284,115.0,21.7
299,1101,1102,1,250.0,51.21215920798035,20.5,T1_normal,-102.672809,32.460054,230.0,-102.672809,32.460054,115.0,17.0
300,1101,1109,1,399.8,18.59144401010937,4.7,T1_normal,-102.672809,32.460054,230.0,-102.68,32.22,230.0,1.1
301,1101,12823,1,463.0,65.74071519787275,14.2,T1_normal,-102.672809,32.460054,230.0,-102.7719682,32.2803608,230.0,15.7
302,13321,1101,1,145.8,94.99999999999991,65.2,T1_normal,-101.9427305,32.0820017,20.0,-102.672809,32.460054,230.0,64.1
303,1102,13174,1,275.0,53.0697608949934,19.3,T1_normal,-102.672809,32.460054,115.0,-102.7719682,32.2803608,115.0,21.2
304,1103,1104,1,250.0,27.11076851564016,10.8,T1_normal,-101.368,32.377,230.0,-101.368,32.377,115.0,11.4
305,1103,1107,1,421.1,130.07662998391112,30.9,T1_normal,-101.368,32.377,230.0,-101.46,32.055,230.0,28.0
306,1103,1119,1,697.9,422.771683449572,60.6,T1_normal,-101.368,32.377,230.0,-101.28,32.173,230.0,54.1
307,1103,1121,1,465.4,132.45314971307138,28.5,T1_normal,-101.368,32.377,230.0,-101.558,32.414,230.0,27.5
308,1103,1133,1,623.0,364.2685666399146,58.5,T1_normal,-101.368,32.377,230.0,-101.362,32.319,230.0,52.6
309,1103,12788,1,657.0,476.2022494379849,72.5,T1_normal,-101.368,32.377,230.0,-101.83586283333334,32.75809566666667,230.0,65.7
310,1103,12788,1,657.0,476.2022494379849,72.5,T1_normal,-101.368,32.377,230.0,-101.83586283333334,32.75809566666667,230.0,65.7
311,1104,1122,1,116.9,12.375043083372006,10.6,T1_normal,-101.368,32.377,115.0,-101.558,32.414,115.0,10.3
312,1104,1128,1,122.5,58.723550931280144,47.9,T1_normal,-101.368,32.377,115.0,-101.826,32.411,115.0,46.6
313,1104,1134,1,117.1,9.482226881081957,8.1,T1_normal,-101.368,32.377,115.0,-101.362,32.319,115.0,7.1
314,1104,13424,1,145.4,14.724356667938745,10.1,T1_normal,-101.368,32.377,115.0,-101.242778,32.6847095,115.0,8.6
315,1105,1106,1,250.0,1.8928975347012769,0.8,T1_normal,-101.152,31.683,230.0,-101.152,31.683,115.0,4.8
316,1105,12796,1,467.6,112.7971024652986,24.1,T1_normal,-101.152,31.683,230.0,-100.98431625,31.875952,230.0,22.0
317,1106,12795,1,106.5,42.11944775747121,39.5,T1_normal,-101.152,31.683,115.0,-100.98431625,31.875952,115.0,23.4
318,1107,1108,1,250.0,0.516272664441253,0.2,T1_normal,-101.46,32.055,230.0,-101.46,32.055,115.0,2.8
319,1107,1119,1,448.6,199.08882630077755,44.4,T1_normal,-101.46,32.055,230.0,-101.28,32.173,230.0,39.2
320,1107,1127,1,493.2,169.0080618716003,34.3,T1_normal,-101.46,32.055,230.0,-101.826,32.411,230.0,34.0
321,1107,1133,1,394.7,32.93786178082492,8.3,T1_normal,-101.46,32.055,230.0,-101.362,32.319,230.0,7.7
322,1108,1134,1,148.2,5.959265317052953,4.0,T1_normal,-101.46,32.055,115.0,-101.362,32.319,115.0,10.1
323,1108,13409,1,108.6,9.903336914667982,9.1,T1_normal,-101.46,32.055,115.0,-101.3548315,32.107940125,115.0,14.1
324,1109,1110,1,250.0,38.04478244319238,15.2,T1_normal,-102.68,32.22,230.0,-102.68,32.22,115.0,13.5
325,1109,1115,1,443.3,44.08128627473822,9.9,T1_normal,-102.68,32.22,230.0,-102.314,32.21,230.0,14.9
326,1109,12680,1,478.3,97.8046442315673,20.4,T1_normal,-102.68,32.22,230.0,-102.7719682,32.2803608,230.0,18.1
327,1109,12804,1,422.0,110.08037977879825,26.1,T1_normal,-102.68,32.22,230.0,-102.7069445,32.0320835,230.0,23.7
328,1109,12823,1,470.6,77.50248871767411,16.5,T1_normal,-102.68,32.22,230.0,-102.7719682,32.2803608,230.0,21.8
329,1110,12803,1,144.2,92.36328850052864,64.1,T1_normal,-102.68,32.22,115.0,-102.7069445,32.0320835,115.0,56.6
330,1111,1112,1,250.0,20.06565403088061,8.0,T1_normal,-101.014,32.239,230.0,-101.014,32.239,115.0,12.6
331,1111,1119,1,686.0,410.70138346145984,59.9,T1_normal,-101.014,32.239,230.0,-101.28,32.173,230.0,52.7
332,1111,1119,1,686.0,410.70138346145984,59.9,T1_normal,-101.014,32.239,230.0,-101.28,32.173,230.0,52.7
333,1111,1119,1,686.0,410.70138346145984,59.9,T1_normal,-101.014,32.239,230.0,-101.28,32.173,230.0,52.7
334,1111,1133,1,701.4,376.2030137219714,53.6,T1_normal,-101.014,32.239,230.0,-101.362,32.319,230.0,47.4
335,3041,1111,1,432.0,172.28139567639573,39.9,T1_normal,-100.6917,32.05,230.0,-101.014,32.239,230.0,54.7
336,3046,1111,1,765.0,328.98833191232865,43.0,T1_normal,-100.56760671428572,32.36118885714286,230.0,-101.014,32.239,230.0,48.0
337,3046,1111,1,765.0,328.98833191232865,43.0,T1_normal,-100.56760671428572,32.36118885714286,230.0,-101.014,32.239,230.0,48.0
338,3046,1111,1,765.0,328.98833191232865,43.0,T1_normal,-100.56760671428572,32.36118885714286,230.0,-101.014,32.239,230.0,48.0
339,3046,1111,1,765.0,328.98833191232865,43.0,T1_normal,-100.56760671428572,32.36118885714286,230.0,-101.014,32.239,230.0,48.0
340,3078,1111,1,384.3,190.62057062878583,49.6,T1_normal,-100.6728,32.5886,230.0,-101.014,32.239,230.0,52.7
341,12721,1111,1,470.1,117.17735737854582,24.9,T1_normal,-100.890668,32.313261999999995,230.0,-101.014,32.239,230.0,48.2
342,1112,1120,1,130.4,108.91131334955612,83.5,T2_watch,-101.014,32.239,115.0,-101.28,32.173,115.0,39.7
343,3022,1112,1,181.0,13.641650142682948,7.5,T1_normal,-100.890668,32.313261999999995,115.0,-101.014,32.239,115.0,15.5
344,1112,13300,1,122.5,180.00000000000006,146.9,T6_heavy,-101.014,32.239,115.0,-100.890668,32.313261999999995,115.0,0.0
345,1113,1114,1,250.0,32.621023279088575,13.0,T1_normal,-101.9043,31.7983,230.0,-101.9043,31.7983,115.0,10.4
346,1113,1115,1,428.8,88.62112265372045,20.7,T1_normal,-101.9043,31.7983,230.0,-102.314,32.21,230.0,37.8
347,1113,1123,1,359.2,19.616090576501932,5.5,T1_normal,-101.9043,31.7983,230.0,-101.836,31.726,230.0,3.4
348,1113,12594,1,370.3,264.22412610073707,71.4,T1_normal,-101.9043,31.7983,230.0,-101.856375,31.1644605,230.0,79.2
349,12667,1113,1,430.0,185.27952344261428,43.1,T1_normal,-102.45323571428573,31.843002285714284,230.0,-101.9043,31.7983,230.0,60.1
350,13249,1113,1,186.2,4.999999999999982,2.7,T1_normal,-101.9427305,32.0820017,20.0,-101.9043,31.7983,230.0,0.0
351,1114,1124,1,130.2,1.2514987725337434,1.0,T1_normal,-101.9043,31.7983,115.0,-101.836,31.726,115.0,1.6
352,1114,13169,1,123.9,59.460475493445486,48.0,T1_normal,-101.9043,31.7983,115.0,-101.5842835,31.7486435,115.0,54.1
353,1115,1116,1,250.0,72.70417109797016,29.1,T1_normal,-102.314,32.21,230.0,-102.314,32.21,115.0,29.7
354,1115,1117,1,588.0,84.2758435615913,14.3,T1_normal,-102.314,32.21,230.0,-102.1,32.271,230.0,16.9
355,1115,1117,1,588.0,84.2758435615913,14.3,T1_normal,-102.314,32.21,230.0,-102.1,32.271,230.0,16.9
356,1115,12680,1,638.0,242.33921987317544,38.0,T1_normal,-102.314,32.21,230.0,-102.7719682,32.2803608,230.0,43.4
357,1115,12804,1,394.1,135.66223090776006,34.4,T1_normal,-102.314,32.21,230.0,-102.7069445,32.0320835,230.0,40.4
358,1116,1118,1,138.5,8.445828902029717,6.1,T1_normal,-102.314,32.21,115.0,-102.1,32.271,115.0,5.1
359,1117,1118,1,250.0,56.54556957541308,22.6,T1_normal,-102.1,32.271,230.0,-102.1,32.271,115.0,22.4
360,1117,1127,1,646.6,73.18306641969556,11.3,T1_normal,-102.1,32.271,230.0,-101.826,32.411,230.0,9.0
361,1117,1131,1,466.6,12.280816032534148,2.6,T1_normal,-102.1,32.271,230.0,-101.902,32.309,230.0,0.8
362,1119,1120,1,250.0,31.637935149626895,12.7,T1_normal,-101.28,32.173,230.0,-101.28,32.173,115.0,10.8
363,1119,1121,1,593.6,312.9802482474798,52.7,T1_normal,-101.28,32.173,230.0,-101.558,32.414,230.0,47.9
364,1119,1133,1,680.7,417.98545723692513,61.4,T1_normal,-101.28,32.173,230.0,-101.362,32.319,230.0,54.6
365,1120,13409,1,135.3,44.62892353307506,33.0,T1_normal,-101.28,32.173,115.0,-101.3548315,32.107940125,115.0,24.5
366,1121,1122,1,250.0,54.4249569166281,21.8,T1_normal,-101.558,32.414,230.0,-101.558,32.414,115.0,21.9
367,1121,1127,1,420.9,57.740992282595016,13.7,T1_normal,-101.558,32.414,230.0,-101.826,32.411,230.0,17.6
368,1121,1131,1,414.8,11.628360482226796,2.8,T1_normal,-101.558,32.414,230.0,-101.902,32.309,230.0,3.9
369,1121,1133,1,472.5,233.8558362259583,49.5,T1_normal,-101.558,32.414,230.0,-101.362,32.319,230.0,46.2
370,1121,12719,1,773.6,486.017334945619,62.8,T1_normal,-101.558,32.414,230.0,-101.64011833333332,32.67313766666667,230.0,58.9
371,1121,12788,1,529.9,375.82750339269177,70.9,T1_normal,-101.558,32.414,230.0,-101.83586283333334,32.75809566666667,230.0,63.6
372,1123,1124,1,250.0,35.275558866414244,14.1,T1_normal,-101.836,31.726,230.0,-101.836,31.726,115.0,11.2
373,1123,12594,1,555.0,365.44870950922007,65.8,T1_normal,-101.836,31.726,230.0,-101.856375,31.1644605,230.0,73.5
374,1124,13169,1,129.6,44.572942361052625,34.4,T1_normal,-101.836,31.726,115.0,-101.5842835,31.7486435,115.0,39.4
375,1125,1126,1,250.0,2.204946175040945,0.9,T1_normal,-102.78,31.939,230.0,-102.78,31.939,115.0,6.9
376,1125,1129,1,385.0,21.52655981794389,5.6,T1_normal,-102.78,31.939,230.0,-102.426,31.865,230.0,11.4
377,12667,1125,1,408.1,1.7885949747359575,0.4,T1_normal,-102.45323571428573,31.843002285714284,230.0,-102.78,31.939,230.0,7.9
378,1125,12680,1,499.5,16.60165842134056,3.3,T1_normal,-102.78,31.939,230.0,-102.7719682,32.2803608,230.0,6.8
379,1125,12804,1,505.7,34.053264044484166,6.7,T1_normal,-102.78,31.939,230.0,-102.7069445,32.0320835,230.0,10.4
380,1127,1128,1,250.0,10.483941743205971,4.2,T1_normal,-101.826,32.411,230.0,-101.826,32.411,115.0,2.1
381,1127,1131,1,445.8,32.6561105693024,7.3,T1_normal,-101.826,32.411,230.0,-101.902,32.309,230.0,8.8
382,1127,12719,1,495.9,217.14994132757005,43.8,T1_normal,-101.826,32.411,230.0,-101.64011833333332,32.67313766666667,230.0,38.0
383,1128,1132,1,163.0,79.68898015526307,48.9,T1_normal,-101.826,32.411,115.0,-101.902,32.309,115.0,44.8
384,1129,1130,1,250.0,28.562866237976703,11.4,T1_normal,-102.426,31.865,230.0,-102.426,31.865,115.0,13.8
385,12667,1129,1,371.4,61.58906531655859,16.6,T1_normal,-102.45323571428573,31.843002285714284,230.0,-102.426,31.865,230.0,11.6
386,1129,12680,1,386.3,14.647872225353352,3.8,T1_normal,-102.426,31.865,230.0,-102.7719682,32.2803608,230.0,7.7
387,1129,12804,1,469.5,3.1819999830656087,0.7,T1_normal,-102.426,31.865,230.0,-102.7069445,32.0320835,230.0,3.8
388,1131,1132,1,250.0,24.77623039736674,9.9,T1_normal,-101.902,32.309,230.0,-101.902,32.309,115.0,10.2
389,1131,12719,1,402.7,169.89929634282498,42.2,T1_normal,-101.902,32.309,230.0,-101.64011833333332,32.67313766666667,230.0,38.0
390,1133,1134,1,250.0,5.002762975052644,2.0,T1_normal,-101.362,32.319,230.0,-101.362,32.319,115.0,3.4
391,1133,12788,1,526.0,386.56469284889977,73.5,T1_normal,-101.362,32.319,230.0,-101.83586283333334,32.75809566666667,230.0,66.6
392,1134,13409,1,97.6,12.557046449225597,12.9,T1_normal,-101.362,32.319,115.0,-101.3548315,32.107940125,115.0,12.9
393,2022,2001,1,187.0,48.37191582886193,25.9,T1_normal,-95.538503,33.639774,161.0,-95.538503,33.639774,161.0,23.0
394,2027,2001,1,187.0,126.21191582886198,67.5,T1_normal,-95.3200515,33.474677,161.0,-95.538503,33.639774,161.0,65.0
395,2003,2002,1,981.0,199.60088927809227,20.3,T1_normal,-96.367605,33.628143,161.0,-96.367605,33.628143,500.0,9.0
396,2021,2002,1,2295.0,552.6980814660405,24.1,T1_normal,-95.538503,33.639774,500.0,-96.367605,33.628143,500.0,22.0
397,2002,2101,1,2020.0,353.097192187947,17.5,T1_normal,-96.367605,33.628143,500.0,-96.64523066666668,33.60477566666666,500.0,20.6
398,2003,2038,1,251.0,121.01192177658362,48.2,T1_normal,-96.367605,33.628143,161.0,-96.282897,33.55352,161.0,1.6
399,2003,2047,1,310.0,20.45032212478972,6.6,T1_normal,-96.367605,33.628143,161.0,-96.427874,33.623645,161.0,14.0
400,2003,2047,1,221.7,19.062064686509217,8.6,T1_normal,-96.367605,33.628143,161.0,-96.427874,33.623645,161.0,18.3
401,2003,2106,1,218.2,39.07658069021043,17.9,T1_normal,-96.367605,33.628143,161.0,-96.378894,33.498186,161.0,0.4
402,2007,2060,1,213.8,14.557214346239356,6.8,T1_normal,-95.900109,33.615167,161.0,-95.809701,33.576823,161.0,6.6
403,2007,2114,1,251.0,84.38006364879085,33.6,T1_normal,-95.900109,33.615167,161.0,-95.538503,33.639774,161.0,27.8
404,2007,2122,1,187.0,82.81727799503047,44.3,T1_normal,-95.900109,33.615167,161.0,-95.996823,33.778716,161.0,36.2
405,2014,2008,1,187.0,366.1197422719662,195.8,T7_structural,-100.4547365,34.413879,161.0,-100.512868,34.857258,161.0,14.3
406,2008,2052,1,187.0,105.64731920683,56.5,T1_normal,-100.512868,34.857258,161.0,-101.35485071428572,35.27871242857143,161.0,10.9
407,2008,13149,1,226.2,272.9024230651363,120.6,T5_moderate,-100.512868,34.857258,161.0,-100.934408,35.18172,161.0,26.3
408,2009,2020,1,196.6,38.86120617829691,19.8,T1_normal,-98.721096,33.973297,161.0,-98.50555385714286,33.89755828571428,161.0,28.1
409,2009,2025,1,231.2,17.903817513488374,7.7,T1_normal,-98.721096,33.973297,161.0,-98.50555385714286,33.89755828571428,161.0,16.1
410,2009,2036,1,250.3,1.9783369803937136,0.8,T1_normal,-98.721096,33.973297,161.0,-98.50555385714286,33.89755828571428,161.0,3.7
411,2009,2049,1,328.0,141.22444292829516,43.1,T1_normal,-98.721096,33.973297,161.0,-99.091918,33.9776965,161.0,67.6
412,2009,2082,1,187.0,5.536491293852119,3.0,T1_normal,-98.721096,33.973297,161.0,-98.50555385714286,33.89755828571428,161.0,4.5
413,2009,2082,1,212.7,6.348423367537803,3.0,T1_normal,-98.721096,33.973297,161.0,-98.50555385714286,33.89755828571428,161.0,4.5
414,2009,2109,1,250.0,36.99599691750666,14.8,T1_normal,-98.721096,33.973297,161.0,-98.622467,34.103273,161.0,17.9
415,2061,2010,1,187.0,49.00799665957649,26.2,T1_normal,-99.4499348,34.1610722,161.0,-99.4499348,34.1610722,161.0,29.3
416,2010,2079,1,377.0,84.7289923441478,22.5,T1_normal,-99.4499348,34.1610722,161.0,-100.287247,33.994322,161.0,31.0
417,2010,2091,1,187.0,17.037285753658992,9.1,T1_normal,-99.4499348,34.1610722,161.0,-99.2898065,33.642922,161.0,34.3
418,12745,2010,1,425.0,341.23997734994356,80.3,T2_watch,-99.4499348,34.1610722,20.0,-99.4499348,34.1610722,161.0,77.0
419,2010,12978,1,274.0,105.23377889529452,38.4,T1_normal,-99.4499348,34.1610722,161.0,-99.58229,33.609313,161.0,52.1
420,2010,12978,1,274.0,105.23377889529452,38.4,T1_normal,-99.4499348,34.1610722,161.0,-99.58229,33.609313,161.0,52.1
421,2010,13029,1,212.2,106.99894047646268,50.4,T1_normal,-99.4499348,34.1610722,161.0,-99.657805,33.841272,161.0,38.6
422,2012,2011,1,719.0,78.14495538042667,10.9,T1_normal,-101.35485071428572,35.27871242857143,161.0,-101.35485071428572,35.27871242857143,500.0,31.7
423,2013,2011,1,292.3,209.54008097165973,71.7,T1_normal,-101.35485071428572,35.27871242857143,18.0,-101.35485071428572,35.27871242857143,500.0,67.5
424,2011,2017,1,2007.2,603.3609226046963,30.1,T1_normal,-101.35485071428572,35.27871242857143,500.0,-101.35485071428572,35.27871242857143,500.0,37.8
425,2127,2011,1,2020.0,771.1722393028069,38.2,T1_normal,-100.538611,35.653889,500.0,-101.35485071428572,35.27871242857143,500.0,49.9
426,2011,12867,1,2137.5,1132.9569874537526,53.0,T1_normal,-101.35485071428572,35.27871242857143,500.0,-101.326111,35.093889,500.0,62.8
427,2012,2041,1,187.0,51.487963025779315,27.5,T1_normal,-101.35485071428572,35.27871242857143,161.0,-101.35485071428572,35.27871242857143,161.0,33.5
428,2012,2052,1,187.0,160.1643727380941,85.6,T2_watch,-101.35485071428572,35.27871242857143,161.0,-101.35485071428572,35.27871242857143,161.0,10.3
429,2093,2012,1,187.0,40.53287242611674,21.7,T1_normal,-101.35485071428572,35.27871242857143,161.0,-101.35485071428572,35.27871242857143,161.0,26.8
430,2012,2123,1,251.0,36.37973372726737,14.5,T1_normal,-101.35485071428572,35.27871242857143,161.0,-101.35485071428572,35.27871242857143,161.0,25.0
431,2012,12866,1,282.0,17.916885894711854,6.4,T1_normal,-101.35485071428572,35.27871242857143,161.0,-101.326111,35.093889,161.0,51.4
432,2012,13059,1,346.0,60.891409073234115,17.6,T1_normal,-101.35485071428572,35.27871242857143,161.0,-101.186622,35.254184,161.0,35.6
433,2012,13200,1,216.6,81.78128929209798,37.8,T1_normal,-101.35485071428572,35.27871242857143,161.0,-101.35485071428572,35.27871242857143,161.0,43.1
434,2014,2029,1,187.0,618.3212291162856,330.7,T7_structural,-100.4547365,34.413879,161.0,-101.244172,34.371689,161.0,18.5
435,2014,13085,1,220.0,375.0776835825088,170.5,T7_structural,-100.4547365,34.413879,161.0,-100.883227,33.781077,161.0,9.1
436,2015,2037,1,259.0,111.92223507198422,43.2,T1_normal,-97.445189,33.471617,161.0,-97.32958,33.54915,161.0,35.2
437,5014,2015,1,187.0,75.44283558575744,40.3,T1_normal,-97.466582,33.243525500000004,161.0,-97.445189,33.471617,161.0,26.5
438,2015,13330,1,211.3,27.72939948622728,13.1,T1_normal,-97.445189,33.471617,161.0,-97.3420515,33.318023,161.0,15.6
439,2043,2016,1,187.0,152.07906180038648,81.3,T2_watch,-96.839543,33.737974,161.0,-96.64523066666668,33.60477566666666,161.0,59.9
440,2069,2016,1,187.0,80.14906180038608,42.9,T1_normal,-96.742245,33.450768,161.0,-96.64523066666668,33.60477566666666,161.0,21.5
441,2018,2017,1,271.0,52.38463460044649,19.3,T1_normal,-101.35485071428572,35.27871242857143,161.0,-101.35485071428572,35.27871242857143,500.0,44.3
442,2019,2017,1,323.8,216.15564552406676,66.8,T1_normal,-101.35485071428572,35.27871242857143,20.0,-101.35485071428572,35.27871242857143,500.0,67.3
443,2017,2096,1,2020.0,30.197193154320345,1.5,T1_normal,-101.35485071428572,35.27871242857143,500.0,-101.482424,33.686171,500.0,2.5
444,2017,2127,1,2020.0,795.5951476765556,39.4,T1_normal,-101.35485071428572,35.27871242857143,500.0,-100.538611,35.653889,500.0,51.8
445,2018,2093,1,263.0,67.23168813171068,25.6,T1_normal,-101.35485071428572,35.27871242857143,161.0,-101.35485071428572,35.27871242857143,161.0,45.7
446,2020,2025,1,238.4,19.95438478101468,8.4,T1_normal,-98.50555385714286,33.89755828571428,161.0,-98.50555385714286,33.89755828571428,161.0,6.0
447,2020,2028,1,251.7,125.44792491373684,49.8,T1_normal,-98.50555385714286,33.89755828571428,161.0,-98.50555385714286,33.89755828571428,161.0,54.2
448,2020,2036,1,229.7,100.74300737023948,43.9,T1_normal,-98.50555385714286,33.89755828571428,161.0,-98.50555385714286,33.89755828571428,161.0,53.2
449,2020,2045,1,310.0,31.794265045330228,10.3,T1_normal,-98.50555385714286,33.89755828571428,161.0,-98.509016,33.969523,161.0,9.0
450,2020,2055,1,409.0,30.93197656328499,7.6,T1_normal,-98.50555385714286,33.89755828571428,161.0,-98.50555385714286,33.89755828571428,161.0,2.8
451,2020,2067,1,228.2,79.47723677081981,34.8,T1_normal,-98.50555385714286,33.89755828571428,161.0,-98.50555385714286,33.89755828571428,161.0,4.2
452,2020,2082,1,219.7,44.60476489115904,20.3,T1_normal,-98.50555385714286,33.89755828571428,161.0,-98.50555385714286,33.89755828571428,161.0,17.3
453,2020,2109,1,230.7,18.808466664200377,8.2,T1_normal,-98.50555385714286,33.89755828571428,161.0,-98.622467,34.103273,161.0,6.9
454,2022,2021,1,867.0,261.1818404026936,30.1,T1_normal,-95.538503,33.639774,161.0,-95.538503,33.639774,500.0,28.7
455,2023,2021,1,111.7,87.00000000000001,77.9,T1_normal,-95.538503,33.639774,13.8,-95.538503,33.639774,500.0,74.0
456,2024,2021,1,127.5,76.0,59.6,T1_normal,-95.538503,33.639774,13.8,-95.538503,33.639774,500.0,57.8
457,2021,2113,1,2020.0,52.516241063347024,2.6,T1_normal,-95.538503,33.639774,500.0,-95.538503,33.639774,500.0,1.3
458,12958,2021,1,121.1,75.99999999999997,62.8,T1_normal,-95.538503,33.639774,13.8,-95.538503,33.639774,500.0,60.8
459,2022,2040,1,187.0,12.482124056108557,6.7,T1_normal,-95.538503,33.639774,161.0,-94.997258,33.663063,161.0,6.1
460,2064,2022,1,251.0,61.43292155720444,24.5,T1_normal,-95.744327,33.745236,161.0,-95.538503,33.639774,161.0,20.1
461,2022,2114,1,204.0,29.80197781111311,14.6,T1_normal,-95.538503,33.639774,161.0,-95.538503,33.639774,161.0,13.8
462,2022,12953,1,337.0,168.27990568601408,49.9,T1_normal,-95.538503,33.639774,161.0,-95.538503,33.639774,161.0,46.7
463,2022,12986,1,213.1,77.06883857780085,36.2,T1_normal,-95.538503,33.639774,161.0,-95.538503,33.639774,161.0,33.9
464,2025,2036,1,226.6,47.099809686990035,20.8,T1_normal,-98.50555385714286,33.89755828571428,161.0,-98.50555385714286,33.89755828571428,161.0,36.1
465,2025,2045,1,250.6,30.50085299464209,12.2,T1_normal,-98.50555385714286,33.89755828571428,161.0,-98.509016,33.969523,161.0,9.4
466,2025,2055,1,187.0,56.85821115765464,30.4,T1_normal,-98.50555385714286,33.89755828571428,161.0,-98.50555385714286,33.89755828571428,161.0,17.6
467,2025,2055,1,218.9,74.39528980834157,34.0,T1_normal,-98.50555385714286,33.89755828571428,161.0,-98.50555385714286,33.89755828571428,161.0,19.7
468,2025,2067,1,187.0,149.41780774827427,79.9,T1_normal,-98.50555385714286,33.89755828571428,161.0,-98.50555385714286,33.89755828571428,161.0,1.6
469,2025,2082,1,194.1,63.695270597879095,32.8,T1_normal,-98.50555385714286,33.89755828571428,161.0,-98.50555385714286,33.89755828571428,161.0,30.8
470,2058,2026,1,187.0,61.63267180077128,33.0,T1_normal,-101.2439,35.4789,161.0,-100.765905,35.830763,161.0,61.5
471,2128,2026,1,187.0,33.9226718007712,18.1,T1_normal,-100.538611,35.653889,161.0,-100.765905,35.830763,161.0,46.7
472,2027,2050,1,274.3,73.3627752105102,26.7,T1_normal,-95.3200515,33.474677,161.0,-95.42519,33.39167,161.0,27.1
473,2027,2090,1,187.0,17.372215751110943,9.3,T1_normal,-95.3200515,33.474677,161.0,-94.890845,33.498221,161.0,8.7
474,2027,2114,1,262.2,119.00591374612594,45.4,T1_normal,-95.3200515,33.474677,161.0,-95.538503,33.639774,161.0,42.9
475,12769,2027,1,471.1,310.0,65.8,T1_normal,-95.3200515,33.474677,20.0,-95.3200515,33.474677,161.0,61.5
476,2027,13114,1,296.4,114.42272988441093,38.6,T1_normal,-95.3200515,33.474677,161.0,-95.3200515,33.474677,161.0,36.3
477,2028,2045,1,251.0,36.36231751523913,14.5,T1_normal,-98.50555385714286,33.89755828571428,161.0,-98.509016,33.969523,161.0,16.4
478,2028,2045,1,210.5,54.121486290509054,25.7,T1_normal,-98.50555385714286,33.89755828571428,161.0,-98.509016,33.969523,161.0,29.2
479,2028,2109,1,250.0,11.658075216883043,4.7,T1_normal,-98.50555385714286,33.89755828571428,161.0,-98.622467,34.103273,161.0,6.0
480,2112,2028,1,310.0,179.8418371313888,58.0,T1_normal,-98.25932,34.008308,161.0,-98.50555385714286,33.89755828571428,161.0,75.8
481,2029,12632,1,218.7,348.4244163406034,159.3,T7_structural,-101.244172,34.371689,161.0,-101.59661,34.4067,161.0,7.4
482,2029,13055,1,242.3,302.92224715617203,125.0,T6_heavy,-101.244172,34.371689,161.0,-101.244172,34.371689,161.0,25.3
483,13206,2029,1,205.8,5.524861878453047,2.7,T1_normal,-101.244172,34.371689,20.0,-101.244172,34.371689,161.0,0.0
484,2030,2106,1,187.0,65.53210052883323,35.0,T1_normal,-96.240654,33.708311,161.0,-96.378894,33.498186,161.0,20.6
485,2122,2030,1,251.0,136.04210052883303,54.2,T1_normal,-95.996823,33.778716,161.0,-96.240654,33.708311,161.0,43.5
486,2031,2048,1,218.0,3.929951430465284,1.8,T1_normal,-100.384217,33.710684,161.0,-100.967402,33.752201,161.0,17.9
487,2031,2087,1,207.0,5.510048569534742,2.7,T1_normal,-100.384217,33.710684,161.0,-100.89286566666664,33.327416666666664,161.0,14.3
488,2032,2114,1,187.0,70.28482253380272,37.6,T1_normal,-95.649137,33.857868,161.0,-95.538503,33.639774,161.0,31.2
489,2122,2032,1,187.0,64.63482253380266,34.6,T1_normal,-95.996823,33.778716,161.0,-95.649137,33.857868,161.0,28.2
490,2033,2106,1,326.0,172.5832260701299,52.9,T1_normal,-96.146489,33.500378,161.0,-96.378894,33.498186,161.0,41.6
491,2129,2033,1,338.0,208.89605158727065,61.8,T1_normal,-96.311485,33.439125,161.0,-96.146489,33.500378,161.0,50.7
492,2033,5288,1,254.0,172.74066569944927,68.0,T1_normal,-96.146489,33.500378,161.0,-96.0140895,33.412679,161.0,52.8
493,2033,13268,1,212.6,123.60000000000024,58.1,T1_normal,-96.146489,33.500378,161.0,-96.0140895,33.412679,161.0,54.3
494,13363,2033,1,110.2,104.78861195795174,95.1,T3_prevent,-96.146489,33.500378,20.0,-96.146489,33.500378,161.0,70.0
495,2034,2043,1,187.0,3.65264841111248,2.0,T1_normal,-96.839764,33.830932,161.0,-96.839543,33.737974,161.0,0.6
496,2034,2043,1,223.8,4.01170338463821,1.8,T1_normal,-96.839764,33.830932,161.0,-96.839543,33.737974,161.0,0.5
497,2046,2034,1,187.0,0.2543517957509067,0.1,T1_normal,-96.725989,33.800717,161.0,-96.839764,33.830932,161.0,2.7
498,2035,2066,1,251.0,124.05230964691958,49.4,T1_normal,-99.853667,33.431837,161.0,-100.245133,33.183064,161.0,50.5
499,2035,2091,1,251.0,28.812647020125624,11.5,T1_normal,-99.853667,33.431837,161.0,-99.2898065,33.642922,161.0,24.5
500,2035,12978,1,208.4,86.78966262679388,41.6,T1_normal,-99.853667,33.431837,161.0,-99.58229,33.609313,161.0,27.3
501,2036,2045,1,191.2,66.49066535419088,34.8,T1_normal,-98.50555385714286,33.89755828571428,161.0,-98.509016,33.969523,161.0,39.8
502,2036,2049,1,326.0,138.6667006837431,42.5,T1_normal,-98.50555385714286,33.89755828571428,161.0,-99.091918,33.9776965,161.0,67.3
503,2036,2049,1,326.0,138.6667006837431,42.5,T1_normal,-98.50555385714286,33.89755828571428,161.0,-99.091918,33.9776965,161.0,67.3
504,2036,2055,1,300.0,98.4693477250442,32.8,T1_normal,-98.50555385714286,33.89755828571428,161.0,-98.50555385714286,33.89755828571428,161.0,32.8
505,2036,2055,1,229.0,141.46127405846445,61.8,T1_normal,-98.50555385714286,33.89755828571428,161.0,-98.50555385714286,33.89755828571428,161.0,61.7
506,2036,2067,1,232.9,96.35111094663502,41.4,T1_normal,-98.50555385714286,33.89755828571428,161.0,-98.50555385714286,33.89755828571428,161.0,12.4
507,2036,2082,1,250.0,21.615339660759503,8.6,T1_normal,-98.50555385714286,33.89755828571428,161.0,-98.50555385714286,33.89755828571428,161.0,2.3
508,2036,2082,1,238.2,34.3421284329823,14.4,T1_normal,-98.50555385714286,33.89755828571428,161.0,-98.50555385714286,33.89755828571428,161.0,3.9
509,2036,13041,1,297.0,117.41175361164876,39.5,T1_normal,-98.50555385714286,33.89755828571428,161.0,-99.2898065,33.642922,161.0,61.1
510,2037,2065,1,287.0,171.6872633565778,59.8,T1_normal,-97.32958,33.54915,161.0,-97.17635,33.661583,161.0,66.6
511,2037,2110,1,306.0,144.04474921428107,47.1,T1_normal,-97.32958,33.54915,161.0,-97.4002075,33.7184285,161.0,46.9
512,2037,2110,1,306.0,144.04474921428107,47.1,T1_normal,-97.32958,33.54915,161.0,-97.4002075,33.7184285,161.0,46.9
513,13146,2037,1,272.7,0.0,0.0,T1_normal,-97.32958,33.54915,20.0,-97.32958,33.54915,161.0,0.0
514,2081,2038,1,251.0,14.465799846055916,5.8,T1_normal,-96.072156,33.615539,161.0,-96.282897,33.55352,161.0,1.8
515,2038,2106,1,236.6,118.71227837735994,50.2,T1_normal,-96.282897,33.55352,161.0,-96.378894,33.498186,161.0,2.0
516,2039,2086,1,187.0,36.02233870282676,19.3,T1_normal,-97.751818,33.455991,161.0,-97.687873,33.626904,161.0,41.3
517,5285,2039,1,251.0,220.9593068636403,88.0,T2_watch,-97.857678,33.315883,161.0,-97.751818,33.455991,161.0,36.8
518,2039,5455,1,251.0,248.72164556646703,99.1,T3_prevent,-97.751818,33.455991,161.0,-97.669953,33.372433,161.0,64.3
519,2040,2114,1,187.0,7.260206725557117,3.9,T1_normal,-94.997258,33.663063,161.0,-95.538503,33.639774,161.0,3.5
520,2121,2040,1,187.0,36.49233078166567,19.5,T1_normal,-95.151966,33.801868,161.0,-94.997258,33.663063,161.0,18.6
521,2042,2041,1,99.0,77.94008097165994,78.7,T1_normal,-101.35485071428572,35.27871242857143,18.0,-101.35485071428572,35.27871242857143,161.0,75.4
522,2041,2058,1,187.0,89.33015542749425,47.8,T1_normal,-101.35485071428572,35.27871242857143,161.0,-101.2439,35.4789,161.0,21.9
523,2041,2093,1,225.5,87.30317369615648,38.7,T1_normal,-101.35485071428572,35.27871242857143,161.0,-101.35485071428572,35.27871242857143,161.0,45.5
524,2041,2123,1,211.5,50.94541601560856,24.1,T1_normal,-101.35485071428572,35.27871242857143,161.0,-101.35485071428572,35.27871242857143,161.0,13.3
525,2041,13159,1,416.0,215.97368072464587,51.9,T1_normal,-101.35485071428572,35.27871242857143,161.0,-102.06431,35.259819,161.0,38.4
526,2043,2044,1,214.5,171.7601756461157,80.1,T2_watch,-96.839543,33.737974,161.0,-96.936121,33.743893,161.0,54.8
527,2043,2046,1,222.2,4.166762049979056,1.9,T1_normal,-96.839543,33.737974,161.0,-96.725989,33.800717,161.0,2.1
528,2065,2044,1,187.0,225.8067513263472,120.8,T5_moderate,-97.17635,33.661583,161.0,-96.936121,33.743893,161.0,82.1
529,2044,2102,1,187.0,12.726575680231631,6.8,T1_normal,-96.936121,33.743893,161.0,-96.64523066666668,33.60477566666666,161.0,2.9
530,2045,2055,1,239.5,5.428367953236624,2.3,T1_normal,-98.509016,33.969523,161.0,-98.50555385714286,33.89755828571428,161.0,2.7
531,2045,2109,1,181.8,9.263611635176794,5.1,T1_normal,-98.509016,33.969523,161.0,-98.622467,34.103273,161.0,4.2
532,2063,2046,1,251.0,31.31888615427023,12.5,T1_normal,-96.519997,33.772613,161.0,-96.725989,33.800717,161.0,18.1
533,2047,2092,1,251.0,19.36238681129865,7.7,T1_normal,-96.427874,33.623645,161.0,-96.519997,33.772613,161.0,25.4
534,2079,2048,1,384.0,90.94899234414764,23.7,T1_normal,-100.287247,33.994322,161.0,-100.967402,33.752201,161.0,32.1
535,2048,2098,1,233.5,52.06090244958928,22.3,T1_normal,-100.967402,33.752201,161.0,-101.482424,33.686171,161.0,7.6
536,2048,12882,1,615.0,97.87694670288047,15.9,T1_normal,-100.967402,33.752201,161.0,-101.1794378,34.0282444,161.0,49.0
537,2048,13085,1,307.6,355.07768358250866,115.4,T5_moderate,-100.967402,33.752201,161.0,-100.883227,33.781077,161.0,67.3
538,13197,2048,1,237.3,150.0,63.2,T1_normal,-100.967402,33.752201,20.0,-100.967402,33.752201,161.0,59.1
539,2048,13392,1,363.0,142.2485105373821,39.2,T1_normal,-100.967402,33.752201,161.0,-101.1794378,34.0282444,161.0,26.5
540,2049,2061,1,369.0,106.2817188654504,28.8,T1_normal,-99.091918,33.9776965,161.0,-99.4499348,34.1610722,161.0,58.4
541,12964,2049,1,321.5,230.00000000000009,71.5,T1_normal,-99.091918,33.9776965,20.0,-99.091918,33.9776965,161.0,66.9
542,2049,13029,1,220.2,18.318562752150203,8.3,T1_normal,-99.091918,33.9776965,161.0,-99.657805,33.841272,161.0,20.4
543,2049,13135,1,465.0,117.84468818248222,25.3,T1_normal,-99.091918,33.9776965,161.0,-99.4499348,34.1610722,161.0,43.6
544,2090,2050,1,187.0,25.190115030554704,13.5,T1_normal,-94.890845,33.498221,161.0,-95.42519,33.39167,161.0,13.1
545,2050,5268,1,213.0,124.1474792442423,58.3,T1_normal,-95.42519,33.39167,161.0,-95.788968,33.316269,161.0,51.7
546,2050,5268,1,213.0,124.1474792442423,58.3,T1_normal,-95.42519,33.39167,161.0,-95.788968,33.316269,161.0,51.7
547,12675,2050,1,585.9,471.0,80.4,T2_watch,-95.42519,33.39167,20.0,-95.42519,33.39167,161.0,75.1
548,2050,13114,1,206.6,120.4921512704506,58.3,T1_normal,-95.42519,33.39167,161.0,-95.3200515,33.474677,161.0,56.7
549,2051,2080,1,277.0,140.46183713138888,50.7,T1_normal,-98.202251,33.75849,161.0,-97.963802,33.793074,161.0,70.6
550,2051,2112,1,310.0,174.14183713138883,56.2,T1_normal,-98.202251,33.75849,161.0,-98.25932,34.008308,161.0,73.9
551,2053,2088,1,352.9,644.5873781350751,182.7,T7_structural,-97.95612,33.520572,161.0,-98.540972,33.494167000000004,161.0,78.1
552,5285,2053,1,291.0,376.99268937730994,129.6,T6_heavy,-97.857678,33.315883,161.0,-97.95612,33.520572,161.0,80.5
553,2053,5362,1,251.0,210.6646887577651,83.9,T2_watch,-97.95612,33.520572,161.0,-97.9208,33.1964,161.0,6.3
554,2055,2054,1,1095.0,289.4673220554356,26.4,T1_normal,-98.50555385714286,33.89755828571428,161.0,-98.50555385714286,33.89755828571428,500.0,15.6
555,2055,2054,1,1095.0,289.4673220554356,26.4,T1_normal,-98.50555385714286,33.89755828571428,161.0,-98.50555385714286,33.89755828571428,500.0,15.6
556,2127,2054,1,2020.0,686.6811683043851,34.0,T1_normal,-100.538611,35.653889,500.0,-98.50555385714286,33.89755828571428,500.0,42.7
557,2054,5204,1,2339.3,1500.5258281073338,64.1,T1_normal,-98.50555385714286,33.89755828571428,500.0,-97.93385,33.07965,500.0,76.4
558,2054,5236,1,2020.0,97.4973231627895,4.8,T1_normal,-98.50555385714286,33.89755828571428,500.0,-98.81875,33.316907,500.0,30.4
559,2054,12755,1,1998.1,421.50040346660535,21.1,T1_normal,-98.50555385714286,33.89755828571428,500.0,-99.695954,33.73925199999999,500.0,59.9
560,2055,2067,1,219.1,175.65000222645173,80.2,T2_watch,-98.50555385714286,33.89755828571428,161.0,-98.50555385714286,33.89755828571428,161.0,11.3
561,2055,2082,1,205.0,115.0681414233702,56.1,T1_normal,-98.50555385714286,33.89755828571428,161.0,-98.50555385714286,33.89755828571428,161.0,42.3
562,2123,2058,1,187.0,172.30251637327677,92.1,T3_prevent,-101.35485071428572,35.27871242857143,161.0,-101.2439,35.4789,161.0,39.6
563,2060,2064,1,251.0,50.012921557204315,19.9,T1_normal,-95.809701,33.576823,161.0,-95.744327,33.745236,161.0,15.6
564,5136,2060,1,251.0,29.935707210964857,11.9,T1_normal,-95.667897,33.457143,161.0,-95.809701,33.576823,161.0,7.7
565,2062,2061,1,209.9,127.24597961494904,60.6,T1_normal,-99.4499348,34.1610722,18.0,-99.4499348,34.1610722,161.0,60.5
566,2061,13046,1,230.9,93.90653202574822,40.7,T1_normal,-99.4499348,34.1610722,161.0,-99.563436,34.170488,161.0,45.2
567,2061,13135,1,358.0,73.69669444099839,20.6,T1_normal,-99.4499348,34.1610722,161.0,-99.4499348,34.1610722,161.0,46.1
568,2061,13349,1,250.7,78.16497217353131,31.2,T1_normal,-99.4499348,34.1610722,161.0,-99.4499348,34.1610722,161.0,49.1
569,2061,13412,1,217.6,2.602108484753529,1.2,T1_normal,-99.4499348,34.1610722,161.0,-99.4499348,34.1610722,161.0,37.1
570,2092,2063,1,251.0,13.33761318870188,5.3,T1_normal,-96.519997,33.772613,161.0,-96.519997,33.772613,161.0,12.4
571,2126,2065,1,251.0,157.2694879697691,62.7,T1_normal,-97.128552,33.458028,161.0,-97.17635,33.661583,161.0,26.1
572,2073,2066,1,251.0,134.47230964691963,53.6,T1_normal,-100.56428,32.96736,161.0,-100.245133,33.183064,161.0,54.7
573,2068,2067,1,251.0,782.2374803636225,311.6,T7_structural,-98.360833,33.509722,161.0,-98.50555385714286,33.89755828571428,161.0,6.1
574,2067,2082,1,236.3,188.7733558664619,79.9,T1_normal,-98.50555385714286,33.89755828571428,161.0,-98.50555385714286,33.89755828571428,161.0,24.2
575,2068,2088,1,251.0,212.0740438046525,84.5,T2_watch,-98.360833,33.509722,161.0,-98.540972,33.494167000000004,161.0,66.7
576,13017,2068,1,286.4,1002.1215241682723,349.9,T7_structural,-98.360833,33.509722,20.0,-98.360833,33.509722,161.0,66.6
577,2069,2072,1,251.0,83.3847637385814,33.2,T1_normal,-96.742245,33.450768,161.0,-96.906575,33.537706,161.0,28.5
578,2069,5074,1,187.0,128.9238255389675,68.9,T1_normal,-96.742245,33.450768,161.0,-96.807989,33.241902,161.0,41.3
579,2071,2070,1,251.1,790.8900264269208,315.0,T7_structural,-98.540972,33.494167000000004,18.0,-98.540972,33.494167000000004,161.0,59.9
580,2070,2088,1,251.0,100.437770439369,40.0,T1_normal,-98.540972,33.494167000000004,161.0,-98.540972,33.494167000000004,161.0,17.9
581,2070,5237,1,245.0,690.4522559875514,281.8,T7_structural,-98.540972,33.494167000000004,161.0,-98.81875,33.316907,161.0,43.0
582,2072,2102,1,251.0,103.9830914895078,41.4,T1_normal,-96.906575,33.537706,161.0,-96.64523066666668,33.60477566666666,161.0,29.2
583,2072,2125,1,188.5,6.298327750926802,3.3,T1_normal,-96.906575,33.537706,161.0,-96.892724,33.464643,161.0,6.7
584,2074,2073,1,164.0,106.19223430884615,64.8,T1_normal,-100.56428,32.96736,115.0,-100.56428,32.96736,161.0,67.3
585,2076,2073,1,387.4,0.0,0.0,T1_normal,-100.56428,32.96736,24.0,-100.56428,32.96736,161.0,0.0
586,2087,2073,1,187.0,5.818719220128532,3.1,T1_normal,-100.89286566666664,33.327416666666664,161.0,-100.56428,32.96736,161.0,4.6
587,2073,3079,1,251.0,42.51012390761843,16.9,T1_normal,-100.56428,32.96736,161.0,-100.6728,32.5886,161.0,2.4
588,2073,12900,1,371.2,8.411329349416441,2.3,T1_normal,-100.56428,32.96736,161.0,-100.89286566666664,33.327416666666664,161.0,3.3
589,2074,3115,1,221.0,106.192234308846,48.1,T1_normal,-100.56428,32.96736,115.0,-100.524167,32.969722,115.0,49.9
590,2078,2077,1,135.3,112.5,83.1,T2_watch,-97.4002075,33.7184285,13.8,-97.4002075,33.7184285,161.0,78.0
591,2077,2110,1,310.0,71.87119890335919,23.2,T1_normal,-97.4002075,33.7184285,161.0,-97.4002075,33.7184285,161.0,24.1
592,2077,2110,1,244.2,105.9782995252025,43.4,T1_normal,-97.4002075,33.7184285,161.0,-97.4002075,33.7184285,161.0,45.1
593,2077,2133,1,251.0,23.241414220364653,9.3,T1_normal,-97.4002075,33.7184285,161.0,-97.535329,33.741367,161.0,11.2
594,2077,2133,1,193.2,42.10808420819774,21.8,T1_normal,-97.4002075,33.7184285,161.0,-97.535329,33.741367,161.0,26.4
595,2086,2080,1,187.0,39.33233870282671,21.0,T1_normal,-97.687873,33.626904,161.0,-97.963802,33.793074,161.0,43.1
596,2133,2080,1,251.0,73.67949842856211,29.4,T1_normal,-97.535329,33.741367,161.0,-97.963802,33.793074,161.0,34.9
597,2081,2129,1,187.0,19.005799846055815,10.2,T1_normal,-96.072156,33.615539,161.0,-96.311485,33.439125,161.0,0.1
598,2083,2082,1,36.8,17.26218158127169,46.9,T1_normal,-98.50555385714286,33.89755828571428,20.0,-98.50555385714286,33.89755828571428,161.0,50.4
599,2084,2082,1,43.5,17.26218158127169,39.7,T1_normal,-98.50555385714286,33.89755828571428,20.0,-98.50555385714286,33.89755828571428,161.0,42.6
600,2085,2082,1,36.4,17.262181581271687,47.4,T1_normal,-98.50555385714286,33.89755828571428,20.0,-98.50555385714286,33.89755828571428,161.0,50.9
601,2082,13041,1,335.0,127.81703343495523,38.2,T1_normal,-98.50555385714286,33.89755828571428,161.0,-99.2898065,33.642922,161.0,60.8
602,2087,12900,1,314.2,3.3732617246679197,1.1,T1_normal,-100.89286566666664,33.327416666666664,161.0,-100.89286566666664,33.327416666666664,161.0,1.6
603,2087,13091,1,220.6,5.038067624738574,2.3,T1_normal,-100.89286566666664,33.327416666666664,161.0,-100.89286566666664,33.327416666666664,161.0,3.4
604,2089,2088,1,93.5,332.07556389105514,355.2,T7_structural,-98.540972,33.494167000000004,24.0,-98.540972,33.494167000000004,161.0,67.6
605,2090,2121,1,187.0,40.14233078166571,21.5,T1_normal,-94.890845,33.498221,161.0,-95.151966,33.801868,161.0,20.5
606,2091,2111,1,389.0,97.7095455524548,25.1,T1_normal,-99.2898065,33.642922,161.0,-98.884782,33.527396,161.0,62.6
607,2091,12735,1,463.0,43.73960493505349,9.4,T1_normal,-99.2898065,33.642922,161.0,-99.091918,33.9776965,161.0,3.9
608,2091,13012,1,347.0,32.26854028499781,9.3,T1_normal,-99.2898065,33.642922,161.0,-99.37463133333334,33.20651766666666,161.0,45.0
609,2091,13012,1,347.0,32.26854028499781,9.3,T1_normal,-99.2898065,33.642922,161.0,-99.37463133333334,33.20651766666666,161.0,45.0
610,2091,13202,1,548.0,14.856354042747457,2.7,T1_normal,-99.2898065,33.642922,161.0,-99.2898065,33.642922,161.0,36.8
611,2091,13202,1,548.0,14.856354042747457,2.7,T1_normal,-99.2898065,33.642922,161.0,-99.2898065,33.642922,161.0,36.8
612,2093,2123,1,197.3,16.218862307768234,8.2,T1_normal,-101.35485071428572,35.27871242857143,161.0,-101.35485071428572,35.27871242857143,161.0,10.6
613,2093,13200,1,235.2,51.52730270070407,21.9,T1_normal,-101.35485071428572,35.27871242857143,161.0,-101.35485071428572,35.27871242857143,161.0,19.9
614,2097,2096,1,836.0,757.8359369131647,90.7,T3_prevent,-101.482424,33.686171,230.0,-101.482424,33.686171,500.0,84.0
615,2099,2096,1,184.4,150.0,81.3,T2_watch,-101.482424,33.686171,18.0,-101.482424,33.686171,500.0,76.0
616,2096,12883,1,2240.2,938.0331300674868,41.9,T1_normal,-101.482424,33.686171,500.0,-101.1794378,34.0282444,500.0,39.9
617,2098,2097,1,146.0,49.96839514582256,34.2,T1_normal,-101.482424,33.686171,161.0,-101.482424,33.686171,230.0,2.3
618,2097,3096,1,750.0,215.48809580290856,28.7,T1_normal,-101.482424,33.686171,230.0,-101.17026400000002,32.93510466666667,230.0,12.1
619,2097,12752,1,480.0,296.15811812803906,61.7,T1_normal,-101.482424,33.686171,230.0,-101.65722,33.303497,230.0,64.1
620,2097,12752,1,480.0,296.15811812803906,61.7,T1_normal,-101.482424,33.686171,230.0,-101.65722,33.303497,230.0,64.1
621,2098,13209,1,228.4,54.106268710898675,23.7,T1_normal,-101.482424,33.686171,161.0,-98.1803245,31.84167,161.0,2.7
622,2102,2101,1,1072.0,287.7217399771439,26.8,T1_normal,-96.64523066666668,33.60477566666666,161.0,-96.64523066666668,33.60477566666666,500.0,23.4
623,2103,2101,1,343.7,312.8453598061202,91.0,T3_prevent,-96.64523066666668,33.60477566666666,20.0,-96.64523066666668,33.60477566666666,500.0,43.6
624,2104,2101,1,278.7,177.67738355869218,63.8,T1_normal,-96.64523066666668,33.60477566666666,20.0,-96.64523066666668,33.60477566666666,500.0,0.0
625,2105,2101,1,273.2,177.67738355869218,65.0,T1_normal,-96.64523066666668,33.60477566666666,20.0,-96.64523066666668,33.60477566666666,500.0,0.0
626,2101,5083,1,2020.0,733.5755791343104,36.3,T1_normal,-96.64523066666668,33.60477566666666,500.0,-96.643077,33.194952,500.0,15.6
627,2102,2107,1,310.0,100.069131151929,32.3,T1_normal,-96.64523066666668,33.60477566666666,161.0,-96.64523066666668,33.60477566666666,161.0,28.3
628,2102,2107,1,204.8,96.3960930159395,47.1,T1_normal,-96.64523066666668,33.60477566666666,161.0,-96.64523066666668,33.60477566666666,161.0,41.2
629,2124,2106,1,251.0,137.40450381509785,54.7,T1_normal,-96.549913,33.43566,161.0,-96.378894,33.498186,161.0,51.4
630,2106,2129,1,187.0,4.0697006885537235,2.2,T1_normal,-96.378894,33.498186,161.0,-96.311485,33.439125,161.0,6.6
631,2106,2129,1,233.6,4.2470743424562585,1.8,T1_normal,-96.378894,33.498186,161.0,-96.311485,33.439125,161.0,5.5
632,2107,2125,1,251.0,63.26522416786862,25.2,T1_normal,-96.64523066666668,33.60477566666666,161.0,-96.892724,33.464643,161.0,15.5
633,2108,2130,1,187.0,59.3733962062072,31.8,T1_normal,-99.624257,33.345366,161.0,-99.5687984,33.0957078,161.0,27.5
634,5472,2108,1,250.0,103.09288227394704,41.2,T1_normal,-99.37463133333334,33.20651766666666,161.0,-99.624257,33.345366,161.0,66.4
635,5472,2108,1,250.0,103.09288227394704,41.2,T1_normal,-99.37463133333334,33.20651766666666,161.0,-99.624257,33.345366,161.0,66.4
636,12908,2108,1,359.1,250.0,69.6,T1_normal,-99.624257,33.345366,20.0,-99.624257,33.345366,161.0,65.1
637,2108,12965,1,250.7,138.39728155225473,55.2,T1_normal,-99.624257,33.345366,161.0,-99.54,33.35,161.0,53.7
638,2108,13133,1,199.7,27.46774091051805,13.8,T1_normal,-99.624257,33.345366,161.0,-99.37463133333334,33.20651766666666,161.0,15.0
639,2108,13202,1,189.2,148.08586170867133,78.3,T1_normal,-99.624257,33.345366,161.0,-99.2898065,33.642922,161.0,6.6
640,13263,2110,1,154.2,125.0,81.1,T2_watch,-97.4002075,33.7184285,20.0,-97.4002075,33.7184285,161.0,75.8
641,2111,5187,1,345.0,105.3444735849174,30.5,T1_normal,-98.884782,33.527396,161.0,-98.81875,33.316907,161.0,53.8
642,2111,5472,1,187.0,27.444928032462656,14.7,T1_normal,-98.884782,33.527396,161.0,-99.37463133333334,33.20651766666666,161.0,20.3
643,2114,2113,1,924.0,550.9953933690288,59.6,T1_normal,-95.538503,33.639774,161.0,-95.538503,33.639774,500.0,57.1
644,2115,2113,1,254.9,162.0427032418041,63.6,T1_normal,-95.538503,33.639774,13.8,-95.538503,33.639774,500.0,35.7
645,2116,2113,1,262.3,162.0427032418041,61.8,T1_normal,-95.538503,33.639774,13.8,-95.538503,33.639774,500.0,34.7
646,2117,2113,1,187.5,143.4916917418477,76.5,T1_normal,-95.538503,33.639774,13.8,-95.538503,33.639774,500.0,66.8
647,2118,2113,1,188.3,143.49169174184766,76.2,T1_normal,-95.538503,33.639774,13.8,-95.538503,33.639774,500.0,66.6
648,2119,2113,1,221.2,145.00000000000003,65.6,T1_normal,-95.538503,33.639774,13.8,-95.538503,33.639774,500.0,63.9
649,2120,2113,1,224.8,0.0,0.0,T1_normal,-95.538503,33.639774,13.8,-95.538503,33.639774,500.0,0.0
650,5049,2113,1,2768.0,690.0624179301708,24.9,T1_normal,-96.12497666666668,33.113726,500.0,-95.538503,33.639774,500.0,23.6
651,2113,5164,1,2086.0,442.3215009930768,21.2,T1_normal,-95.538503,33.639774,500.0,-97.13581333333332,33.210620166666665,500.0,10.2
652,2113,8126,1,2768.0,122.16402334974568,4.4,T1_normal,-95.538503,33.639774,500.0,-95.1026285,33.188059,500.0,7.5
653,2114,12953,1,284.9,153.60168587824887,53.9,T1_normal,-95.538503,33.639774,161.0,-95.538503,33.639774,161.0,50.3
654,2114,12986,1,312.5,162.74956985793594,52.1,T1_normal,-95.538503,33.639774,161.0,-95.538503,33.639774,161.0,48.6
655,2114,13114,1,385.0,216.70744057743087,56.3,T1_normal,-95.538503,33.639774,161.0,-95.3200515,33.474677,161.0,53.3
656,2114,13114,1,385.0,216.70744057743087,56.3,T1_normal,-95.538503,33.639774,161.0,-95.3200515,33.474677,161.0,53.3
657,13139,2123,1,253.2,1.844354475933585,0.7,T1_normal,-101.35485071428572,35.27871242857143,20.0,-101.35485071428572,35.27871242857143,161.0,0.0
658,2123,13420,1,456.0,158.20937978436555,34.7,T1_normal,-101.35485071428572,35.27871242857143,161.0,-101.5408005,35.944565,161.0,28.4
659,5450,2124,1,251.0,109.77450381509809,43.7,T1_normal,-96.566247,33.285118,161.0,-96.549913,33.43566,161.0,40.4
660,2125,5078,1,187.0,18.10179210740941,9.7,T1_normal,-96.892724,33.464643,161.0,-96.990119,33.273449,161.0,18.2
661,2125,5215,1,251.0,83.30534402620522,33.2,T1_normal,-96.892724,33.464643,161.0,-96.933242,33.371246,161.0,22.3
662,2126,5220,1,251.0,207.67771786626267,82.7,T2_watch,-97.128552,33.458028,161.0,-97.213359,33.373051,161.0,42.6
663,2126,13390,1,245.9,379.2872058360324,154.2,T7_structural,-97.128552,33.458028,161.0,-97.234707,33.503328,161.0,75.9
664,2128,2127,1,308.0,33.92267180077102,11.0,T1_normal,-100.538611,35.653889,161.0,-100.538611,35.653889,500.0,28.3
665,2127,5164,1,2768.0,659.5881374683069,23.8,T1_normal,-100.538611,35.653889,500.0,-97.13581333333332,33.210620166666665,500.0,27.3
666,2127,12736,1,2367.6,786.4439073899784,33.2,T1_normal,-100.538611,35.653889,500.0,-99.091918,33.9776965,500.0,41.6
667,2127,12736,1,2367.6,786.4439073899784,33.2,T1_normal,-100.538611,35.653889,500.0,-99.091918,33.9776965,500.0,41.6
668,2127,12838,1,2490.9,1029.867061772518,41.3,T1_normal,-100.538611,35.653889,500.0,-102.2138885,34.734027999999995,500.0,47.2
669,12845,2127,1,410.1,288.5999999999999,70.4,T1_normal,-100.538611,35.653889,20.0,-100.538611,35.653889,500.0,65.8
670,2129,5141,1,328.0,191.57702677222588,58.4,T1_normal,-96.311485,33.439125,161.0,-96.378479,33.321734,161.0,58.0
671,2131,2130,1,214.0,66.48128236281323,31.1,T1_normal,-99.5687984,33.0957078,115.0,-99.5687984,33.0957078,161.0,21.1
672,2130,12783,1,337.6,147.0090304602074,43.5,T1_normal,-99.5687984,33.0957078,161.0,-99.5687984,33.0957078,161.0,49.9
673,2130,12783,1,337.6,147.0090304602074,43.5,T1_normal,-99.5687984,33.0957078,161.0,-99.5687984,33.0957078,161.0,49.9
674,2130,12783,1,337.6,147.0090304602074,43.5,T1_normal,-99.5687984,33.0957078,161.0,-99.5687984,33.0957078,161.0,49.9
675,12799,2130,1,422.6,0.0,0.0,T1_normal,-99.5687984,33.0957078,20.0,-99.5687984,33.0957078,161.0,0.0
676,2130,13111,1,247.8,157.57552835920964,63.6,T1_normal,-99.5687984,33.0957078,161.0,-99.5687984,33.0957078,161.0,58.1
677,2130,13111,1,247.8,157.57552835920964,63.6,T1_normal,-99.5687984,33.0957078,161.0,-99.5687984,33.0957078,161.0,58.1
678,2130,13133,1,212.4,132.9839208188078,62.6,T1_normal,-99.5687984,33.0957078,161.0,-99.37463133333334,33.20651766666666,161.0,57.0
679,3021,2131,1,149.0,43.48128236281325,29.2,T1_normal,-99.720186,32.783669,115.0,-99.5687984,33.0957078,115.0,45.7
680,3002,3001,1,171.0,7.251555033422807,4.2,T1_normal,-99.163039,30.036701,115.0,-99.163039,30.036701,230.0,5.2
681,3002,3001,1,171.0,7.251555033422807,4.2,T1_normal,-99.163039,30.036701,115.0,-99.163039,30.036701,230.0,5.2
682,3001,6177,1,548.0,3.2173074926347134,0.6,T1_normal,-99.163039,30.036701,230.0,-98.5093816037736,29.474642000000003,230.0,2.0
683,6285,3001,1,443.0,11.285802574210724,2.5,T1_normal,-98.6782725,29.80345,230.0,-99.163039,30.036701,230.0,1.5
684,3002,3107,1,98.0,42.41119273455478,43.3,T1_normal,-99.163039,30.036701,115.0,-99.345011,30.159136,115.0,41.2
685,3002,3107,1,182.0,54.8489646396757,30.1,T1_normal,-99.163039,30.036701,115.0,-99.345011,30.159136,115.0,28.7
686,3002,3107,1,182.0,54.8489646396757,30.1,T1_normal,-99.163039,30.036701,115.0,-99.345011,30.159136,115.0,28.7
687,3002,6328,1,102.5,24.746011947061497,24.1,T1_normal,-99.163039,30.036701,115.0,-98.904706,29.972312,115.0,14.0
688,3004,3003,1,61.1,1.0911179173047347,1.8,T1_normal,-100.2940896,32.3397188,18.0,-100.2940896,32.3397188,115.0,57.4
689,3003,3103,1,220.0,38.95557936063998,17.7,T1_normal,-100.2940896,32.3397188,115.0,-100.2940896,32.3397188,115.0,72.5
690,3003,3141,1,176.0,208.6899030283341,118.6,T5_moderate,-100.2940896,32.3397188,115.0,-100.2940896,32.3397188,115.0,70.7
691,3005,3052,1,220.0,105.59067925313764,48.0,T1_normal,-99.682471,29.64447,115.0,-99.628211,30.095115,115.0,48.4
692,3126,3005,1,220.0,113.37067925313762,51.5,T1_normal,-99.612368,29.291845,115.0,-99.682471,29.64447,115.0,52.0
693,3006,3049,1,149.0,79.53017221538128,53.4,T1_normal,-100.0652435,32.819086,115.0,-99.8991875,32.803981,115.0,18.5
694,3006,3100,1,112.8,55.99877487774639,49.6,T1_normal,-100.0652435,32.819086,115.0,-99.830642,32.630473,115.0,33.6
695,3145,3006,1,149.0,151.96105290687237,102.0,T4_light,-100.2242635,32.5474795,115.0,-100.0652435,32.819086,115.0,14.6
696,3007,3013,1,149.0,48.44717368082789,32.5,T1_normal,-100.09043266666669,32.36779933333333,115.0,-99.70613471428572,32.45867642857143,115.0,20.7
697,3007,3099,1,124.7,22.982787339274054,18.4,T1_normal,-100.09043266666669,32.36779933333333,115.0,-99.90623,32.415823,115.0,54.9
698,3007,3137,1,149.0,45.28695974424806,30.4,T1_normal,-100.09043266666669,32.36779933333333,115.0,-100.2940896,32.3397188,115.0,23.9
699,3007,3137,1,113.9,45.086729497062535,39.6,T1_normal,-100.09043266666669,32.36779933333333,115.0,-100.2940896,32.3397188,115.0,31.1
700,3007,3145,1,98.0,3.9837282212084713,4.1,T1_normal,-100.09043266666669,32.36779933333333,115.0,-100.2242635,32.5474795,115.0,44.0
701,3008,3036,1,149.0,22.59064080532964,15.2,T1_normal,-99.567791,31.736902,115.0,-99.1872,31.5481,115.0,64.4
702,3140,3008,1,250.0,6.188239641924476,2.5,T1_normal,-99.69465,32.052075,115.0,-99.567791,31.736902,115.0,23.3
703,3143,3008,1,98.0,42.47240116340516,43.3,T1_normal,-99.380601,31.515316,115.0,-99.567791,31.736902,115.0,64.9
704,3009,3024,1,98.0,4.706303273677825,4.8,T1_normal,-100.56062,30.441414,115.0,-100.595464,30.883539,115.0,8.4
705,3146,3009,1,149.0,86.81459334612498,58.3,T1_normal,-100.06915,30.45867,115.0,-100.56062,30.441414,115.0,62.9
706,3010,3076,1,138.0,81.06844276076876,58.7,T1_normal,-100.078588,29.6747,115.0,-100.40075675,29.326592,115.0,52.8
707,3093,3010,1,133.0,76.3984427607688,57.4,T1_normal,-100.286076,29.988092,115.0,-100.078588,29.6747,115.0,51.3
708,3011,3012,1,135.0,61.86997137430087,45.8,T1_normal,-98.918266,30.653746,115.0,-98.708714,30.437069,115.0,65.7
709,3011,3124,1,121.0,57.54384741099003,47.6,T1_normal,-98.918266,30.653746,115.0,-98.876683,30.280938,115.0,67.1
710,3011,3124,1,139.4,62.524446685083035,44.9,T1_normal,-98.918266,30.653746,115.0,-98.876683,30.280938,115.0,63.3
711,3011,3124,1,139.4,62.524446685083035,44.9,T1_normal,-98.918266,30.653746,115.0,-98.876683,30.280938,115.0,63.3
712,3011,13325,1,222.0,68.95317803886427,31.1,T1_normal,-98.918266,30.653746,115.0,-99.4009155,30.7904335,115.0,42.5
713,3011,13325,1,222.0,68.95317803886427,31.1,T1_normal,-98.918266,30.653746,115.0,-99.4009155,30.7904335,115.0,42.5
714,3011,13325,1,222.0,68.95317803886427,31.1,T1_normal,-98.918266,30.653746,115.0,-99.4009155,30.7904335,115.0,42.5
715,3011,13325,1,222.0,68.95317803886427,31.1,T1_normal,-98.918266,30.653746,115.0,-99.4009155,30.7904335,115.0,42.5
716,3012,6226,1,134.0,60.899971374300854,45.4,T1_normal,-98.708714,30.437069,115.0,-98.566548,30.182914,115.0,65.4
717,3013,3031,1,141.2,144.01492087379415,102.0,T4_light,-99.70613471428572,32.45867642857143,115.0,-99.826041,32.274081,115.0,12.7
718,3013,3077,1,98.0,62.37091957626013,63.6,T1_normal,-99.70613471428572,32.45867642857143,115.0,-99.70613471428572,32.45867642857143,115.0,16.1
719,3014,3104,1,146.3,5.316826953201215,3.6,T1_normal,-98.385422,30.731599,115.0,-98.442333,30.843734,115.0,12.1
720,3014,3124,1,149.0,6.17959352003542,4.1,T1_normal,-98.385422,30.731599,115.0,-98.876683,30.280938,115.0,10.7
721,6212,3014,1,149.0,7.337233433165791,4.9,T1_normal,-98.26824166666664,30.564168,115.0,-98.385422,30.731599,115.0,16.8
722,3015,3121,1,98.0,10.287064505847887,10.5,T1_normal,-100.56760671428572,32.36118885714286,115.0,-100.56760671428572,32.36118885714286,115.0,4.1
723,3015,3121,1,107.0,11.36894829523296,10.6,T1_normal,-100.56760671428572,32.36118885714286,115.0,-100.56760671428572,32.36118885714286,115.0,4.2
724,3015,3127,1,98.0,185.86113718597983,189.7,T7_structural,-100.56760671428572,32.36118885714286,115.0,-100.2940896,32.3397188,115.0,31.4
725,3015,3128,1,98.0,78.36292750068577,80.0,T1_normal,-100.56760671428572,32.36118885714286,115.0,-100.727898,32.421184499999995,115.0,34.8
726,3015,3129,1,118.8,91.20219688421275,76.8,T1_normal,-100.56760671428572,32.36118885714286,115.0,-100.56760671428572,32.36118885714286,115.0,8.9
727,3017,3016,1,641.9,418.8999999999999,65.3,T1_normal,-100.2944545,32.227039,18.0,-100.2944545,32.227039,115.0,61.2
728,3016,3054,1,205.1,81.84823019855156,39.9,T1_normal,-100.2944545,32.227039,115.0,-100.1097475,32.1590745,115.0,61.6
729,3016,3054,1,205.1,81.84823019855156,39.9,T1_normal,-100.2944545,32.227039,115.0,-100.1097475,32.1590745,115.0,61.6
730,3016,3054,1,205.1,81.84823019855156,39.9,T1_normal,-100.2944545,32.227039,115.0,-100.1097475,32.1590745,115.0,61.6
731,3016,3054,1,205.1,81.84823019855156,39.9,T1_normal,-100.2944545,32.227039,115.0,-100.1097475,32.1590745,115.0,61.6
732,3016,3083,1,221.0,82.79735322400539,37.5,T1_normal,-100.2944545,32.227039,115.0,-100.09043266666669,32.36779933333333,115.0,9.4
733,3016,3103,1,149.0,114.92382625151176,77.1,T1_normal,-100.2944545,32.227039,115.0,-100.2940896,32.3397188,115.0,10.7
734,3016,3131,1,98.0,55.588606567823426,56.7,T1_normal,-100.2944545,32.227039,115.0,-100.021667,32.303889,115.0,43.0
735,3139,3016,1,221.0,7.697293162453867,3.5,T1_normal,-100.165338,31.858516,115.0,-100.2944545,32.227039,115.0,0.6
736,3016,13157,1,199.7,169.50000000000003,84.9,T2_watch,-100.2944545,32.227039,115.0,-100.2944545,32.227039,115.0,79.3
737,3019,3018,1,142.2,3.208388450662092,2.3,T1_normal,-100.650967,31.066996,115.0,-100.650967,31.066996,230.0,8.8
738,3019,3018,1,142.2,3.208388450662092,2.3,T1_normal,-100.650967,31.066996,115.0,-100.650967,31.066996,230.0,8.8
739,3020,3018,1,289.2,199.5000000000001,69.0,T1_normal,-100.650967,31.066996,13.8,-100.650967,31.066996,230.0,64.5
740,3018,3050,1,548.0,17.48946536498943,3.2,T1_normal,-100.650967,31.066996,230.0,-100.967827,29.7051495,230.0,16.7
741,3018,3058,1,548.0,98.94848648569408,18.1,T1_normal,-100.650967,31.066996,230.0,-100.98431625,31.875952,230.0,14.1
742,3018,12646,1,800.0,348.8905793037686,43.6,T1_normal,-100.650967,31.066996,230.0,-99.9360515,31.18751,230.0,44.7
743,3018,12646,1,800.0,348.8905793037686,43.6,T1_normal,-100.650967,31.066996,230.0,-99.9360515,31.18751,230.0,44.7
744,12791,3018,1,554.3,304.1511667784483,54.9,T1_normal,-101.214787,31.1946825,230.0,-100.650967,31.066996,230.0,60.6
745,12791,3018,1,554.3,304.1511667784483,54.9,T1_normal,-101.214787,31.1946825,230.0,-100.650967,31.066996,230.0,60.6
746,3024,3019,1,98.0,14.836303273677842,15.1,T1_normal,-100.595464,30.883539,115.0,-100.650967,31.066996,115.0,18.8
747,3114,3019,1,221.0,39.60400443868642,17.9,T1_normal,-100.559245,31.4624622,115.0,-100.650967,31.066996,115.0,14.5
748,3114,3019,1,221.0,39.60400443868642,17.9,T1_normal,-100.559245,31.4624622,115.0,-100.650967,31.066996,115.0,14.5
749,3019,13198,1,165.0,48.86495860666038,29.6,T1_normal,-100.650967,31.066996,115.0,-100.650967,31.066996,115.0,31.3
750,3049,3021,1,221.0,105.20309595997206,47.6,T1_normal,-99.8991875,32.803981,115.0,-99.720186,32.783669,115.0,2.0
751,5397,3021,1,220.0,33.04981800931945,15.0,T1_normal,-99.33232,32.77921550000001,115.0,-99.720186,32.783669,115.0,63.1
752,3021,12996,1,137.5,107.28836839352172,78.0,T1_normal,-99.720186,32.783669,115.0,-100.0652435,32.819086,115.0,16.5
753,13021,3021,1,286.0,204.0,71.3,T1_normal,-99.720186,32.783669,20.0,-99.720186,32.783669,115.0,66.6
754,3033,3022,1,342.0,268.44701302228435,78.5,T1_normal,-100.94008825,32.806441125,115.0,-100.890668,32.313261999999995,115.0,55.4
755,3022,3059,1,177.3,23.306342538725833,13.1,T1_normal,-100.890668,32.313261999999995,115.0,-100.98431625,31.875952,115.0,33.9
756,3085,3022,1,149.0,2.272575238644947,1.5,T1_normal,-100.727898,32.421184499999995,115.0,-100.890668,32.313261999999995,115.0,6.9
757,3022,12721,1,600.0,87.40579684635037,14.6,T1_normal,-100.890668,32.313261999999995,115.0,-100.890668,32.313261999999995,230.0,12.8
758,3023,3049,1,362.0,33.83471853133442,9.3,T1_normal,-99.850964,32.940911,115.0,-99.8991875,32.803981,115.0,35.0
759,3023,3049,1,450.0,70.79275991189844,15.7,T1_normal,-99.850964,32.940911,115.0,-99.8991875,32.803981,115.0,58.9
760,3023,3067,1,98.0,29.049852278792915,29.6,T1_normal,-99.850964,32.940911,115.0,-100.2242635,32.5474795,115.0,43.2
761,3023,3115,1,135.0,185.98762616443983,137.8,T6_heavy,-99.850964,32.940911,115.0,-100.524167,32.969722,115.0,52.5
762,3023,13315,1,220.0,33.33333333333333,15.2,T1_normal,-99.850964,32.940911,115.0,-99.5687984,33.0957078,115.0,56.6
763,3023,13315,1,220.0,33.33333333333333,15.2,T1_normal,-99.850964,32.940911,115.0,-99.5687984,33.0957078,115.0,56.6
764,3023,13315,1,220.0,33.33333333333333,15.2,T1_normal,-99.850964,32.940911,115.0,-99.5687984,33.0957078,115.0,56.6
765,3035,3025,1,220.0,72.94470516411398,33.2,T1_normal,-99.079893,30.93982,115.0,-98.763991,31.157093,115.0,64.3
766,3025,3036,1,188.0,124.53630274042014,66.2,T1_normal,-98.763991,31.157093,115.0,-99.1872,31.5481,115.0,69.2
767,3025,3101,1,149.0,39.893460564540995,26.8,T1_normal,-98.763991,31.157093,115.0,-98.442333,30.843734,115.0,82.9
768,3025,5241,1,205.0,46.87918244666438,22.9,T1_normal,-98.763991,31.157093,115.0,-98.44031233333334,31.441731,115.0,21.3
769,3025,5241,1,205.0,46.87918244666438,22.9,T1_normal,-98.763991,31.157093,115.0,-98.44031233333334,31.441731,115.0,21.3
770,3025,5241,1,205.0,46.87918244666438,22.9,T1_normal,-98.763991,31.157093,115.0,-98.44031233333334,31.441731,115.0,21.3
771,3027,3026,1,400.0,114.44199635305358,28.6,T1_normal,-99.70613471428572,32.45867642857143,115.0,-99.70613471428572,32.45867642857143,230.0,47.3
772,3028,3026,1,268.5,185.35186081084385,69.0,T1_normal,-99.70613471428572,32.45867642857143,18.0,-99.70613471428572,32.45867642857143,230.0,0.0
773,3026,5395,1,443.0,309.636163803974,69.9,T1_normal,-99.70613471428572,32.45867642857143,230.0,-99.33232,32.77921550000001,230.0,42.7
774,3027,3032,1,140.0,88.09745422500696,62.9,T1_normal,-99.70613471428572,32.45867642857143,115.0,-99.70613471428572,32.45867642857143,115.0,19.6
775,3027,3049,1,146.9,43.46030331566661,29.6,T1_normal,-99.70613471428572,32.45867642857143,115.0,-99.8991875,32.803981,115.0,63.6
776,3027,3102,1,221.0,19.98993560794286,9.0,T1_normal,-99.70613471428572,32.45867642857143,115.0,-99.70613471428572,32.45867642857143,115.0,11.1
777,3027,3102,1,147.8,35.73680415490209,24.2,T1_normal,-99.70613471428572,32.45867642857143,115.0,-99.70613471428572,32.45867642857143,115.0,29.7
778,3147,3029,1,250.0,40.721383585412816,16.3,T1_normal,-98.25934,31.102377,115.0,-98.376742,31.257224,115.0,37.0
779,3029,5241,1,149.0,45.59138358541279,30.6,T1_normal,-98.376742,31.257224,115.0,-98.44031233333334,31.441731,115.0,65.4
780,3030,3072,1,190.0,102.91305027071216,54.2,T1_normal,-100.559245,31.4624622,115.0,-100.113803,31.534768,115.0,32.7
781,3114,3030,1,149.0,32.63305027071173,21.9,T1_normal,-100.559245,31.4624622,115.0,-100.559245,31.4624622,115.0,3.3
782,3030,13073,1,450.0,200.00000000000043,44.4,T1_normal,-100.559245,31.4624622,115.0,-100.559245,31.4624622,115.0,41.5
783,3031,3032,1,114.1,30.335435916508047,26.6,T1_normal,-99.826041,32.274081,115.0,-99.70613471428572,32.45867642857143,115.0,20.8
784,3054,3031,1,98.0,59.27625110796966,60.5,T1_normal,-100.1097475,32.1590745,115.0,-99.826041,32.274081,115.0,43.8
785,3031,3070,1,150.0,58.67422435514844,39.1,T1_normal,-99.826041,32.274081,115.0,-100.1,32.2878,115.0,10.9
786,3031,3077,1,137.0,49.8100897199262,36.4,T1_normal,-99.826041,32.274081,115.0,-99.70613471428572,32.45867642857143,115.0,6.0
787,3031,3140,1,149.0,60.269099214094155,40.4,T1_normal,-99.826041,32.274081,115.0,-99.69465,32.052075,115.0,18.4
788,3032,3070,1,122.1,109.21100823983288,89.4,T2_watch,-99.70613471428572,32.45867642857143,115.0,-100.1,32.2878,115.0,16.2
789,3032,3077,1,120.5,94.76829424327006,78.6,T1_normal,-99.70613471428572,32.45867642857143,115.0,-99.70613471428572,32.45867642857143,115.0,15.8
790,3032,3094,1,250.0,93.72742693899563,37.5,T1_normal,-99.70613471428572,32.45867642857143,115.0,-100.09043266666669,32.36779933333333,115.0,15.2
791,3032,3094,1,113.2,150.7128127005606,133.1,T6_heavy,-99.70613471428572,32.45867642857143,115.0,-100.09043266666669,32.36779933333333,115.0,53.9
792,3032,3099,1,149.0,0.1349484518854193,0.1,T1_normal,-99.70613471428572,32.45867642857143,115.0,-99.90623,32.415823,115.0,16.8
793,3032,3131,1,143.5,122.54800218439269,85.4,T2_watch,-99.70613471428572,32.45867642857143,115.0,-100.021667,32.303889,115.0,0.6
794,3034,3033,1,469.7,423.27317405217394,90.1,T3_prevent,-100.94008825,32.806441125,22.0,-100.94008825,32.806441125,115.0,61.9
795,3033,3136,1,342.0,154.8261610298887,45.3,T1_normal,-100.94008825,32.806441125,115.0,-100.94008825,32.806441125,115.0,29.5
796,3035,3066,1,220.0,79.11470516411399,36.0,T1_normal,-99.079893,30.93982,115.0,-99.529678,31.25981966666667,115.0,67.1
797,3036,3066,1,220.0,27.109733828680117,12.3,T1_normal,-99.1872,31.5481,115.0,-99.529678,31.25981966666667,115.0,64.1
798,3036,12656,1,600.0,80.63592810641094,13.4,T1_normal,-99.1872,31.5481,115.0,-99.1872,31.5481,230.0,16.8
799,3038,3037,1,114.0,137.35053298731685,120.5,T5_moderate,-100.56760671428572,32.36118885714286,115.0,-100.56760671428572,32.36118885714286,230.0,17.5
800,3039,3037,1,306.2,209.0,68.3,T1_normal,-100.56760671428572,32.36118885714286,13.8,-100.56760671428572,32.36118885714286,230.0,63.8
801,3078,3037,1,548.0,234.332264843178,42.8,T1_normal,-100.6728,32.5886,230.0,-100.56760671428572,32.36118885714286,230.0,19.3
802,3037,3088,1,548.0,305.98173185586137,55.8,T1_normal,-100.56760671428572,32.36118885714286,230.0,-99.70613471428572,32.45867642857143,230.0,51.3
803,3038,3080,1,98.0,25.579710999332228,26.1,T1_normal,-100.56760671428572,32.36118885714286,115.0,-100.6728,32.5886,115.0,19.7
804,3038,3085,1,250.0,15.105057439783032,6.0,T1_normal,-100.56760671428572,32.36118885714286,115.0,-100.727898,32.421184499999995,115.0,12.8
805,3038,3121,1,155.0,178.03530142643228,114.9,T5_moderate,-100.56760671428572,32.36118885714286,115.0,-100.56760671428572,32.36118885714286,115.0,46.0
806,3072,3040,1,193.0,184.5072739755092,95.6,T3_prevent,-100.113803,31.534768,115.0,-99.934162,31.738576,115.0,53.6
807,3139,3040,1,250.0,20.262706837546094,8.1,T1_normal,-100.165338,31.858516,115.0,-99.934162,31.738576,115.0,11.7
808,3040,3140,1,203.2,61.894572453027806,30.5,T1_normal,-99.934162,31.738576,115.0,-99.69465,32.052075,115.0,27.3
809,3040,3140,1,203.2,61.894572453027806,30.5,T1_normal,-99.934162,31.738576,115.0,-99.69465,32.052075,115.0,27.3
810,3040,3140,1,203.2,61.894572453027806,30.5,T1_normal,-99.934162,31.738576,115.0,-99.69465,32.052075,115.0,27.3
811,3040,3140,1,203.2,61.894572453027806,30.5,T1_normal,-99.934162,31.738576,115.0,-99.69465,32.052075,115.0,27.3
812,3040,13291,1,204.8,32.647907558049425,15.9,T1_normal,-99.934162,31.738576,115.0,-99.849793,31.4410845,115.0,26.5
813,3040,13291,1,204.8,32.647907558049425,15.9,T1_normal,-99.934162,31.738576,115.0,-99.849793,31.4410845,115.0,26.5
814,3040,13291,1,204.8,32.647907558049425,15.9,T1_normal,-99.934162,31.738576,115.0,-99.849793,31.4410845,115.0,26.5
815,3042,3041,1,240.0,62.09129834484042,25.9,T1_normal,-100.6917,32.05,115.0,-100.6917,32.05,230.0,49.4
816,3041,3046,1,820.0,470.4039530937616,57.4,T1_normal,-100.6917,32.05,230.0,-100.56760671428572,32.36118885714286,230.0,59.8
817,3041,3058,1,750.0,236.0312590725261,31.5,T1_normal,-100.6917,32.05,230.0,-100.98431625,31.875952,230.0,18.1
818,3042,3064,1,221.0,107.59401041503772,48.7,T1_normal,-100.6917,32.05,115.0,-100.56760671428572,32.36118885714286,115.0,4.6
819,3042,3111,1,221.0,147.4223558376152,66.7,T1_normal,-100.6917,32.05,115.0,-100.98431625,31.875952,115.0,19.2
820,3042,3129,1,111.3,29.802092053408735,26.8,T1_normal,-100.6917,32.05,115.0,-100.56760671428572,32.36118885714286,115.0,22.1
821,3047,3046,1,355.0,79.46213099787407,22.4,T1_normal,-100.56760671428572,32.36118885714286,115.0,-100.56760671428572,32.36118885714286,230.0,78.7
822,3048,3046,1,3500.0,1187.9245480623863,33.9,T1_normal,-100.56760671428572,32.36118885714286,500.0,-100.56760671428572,32.36118885714286,230.0,39.2
823,3048,3046,1,3500.0,1187.9245480623863,33.9,T1_normal,-100.56760671428572,32.36118885714286,500.0,-100.56760671428572,32.36118885714286,230.0,39.2
824,3046,3078,1,820.0,562.1858457144381,68.6,T1_normal,-100.56760671428572,32.36118885714286,230.0,-100.6728,32.5886,230.0,75.4
825,3082,3046,1,750.0,52.15616133061722,7.0,T1_normal,-100.09043266666669,32.36779933333333,230.0,-100.56760671428572,32.36118885714286,230.0,15.2
826,3047,3064,1,221.0,31.137448746704255,14.1,T1_normal,-100.56760671428572,32.36118885714286,115.0,-100.56760671428572,32.36118885714286,115.0,60.0
827,3129,3047,1,221.0,110.59957974457832,50.0,T1_normal,-100.56760671428572,32.36118885714286,115.0,-100.56760671428572,32.36118885714286,115.0,66.5
828,3048,5045,1,2855.0,1698.1041327785017,59.5,T1_normal,-100.56760671428572,32.36118885714286,500.0,-98.187624,32.1858615,500.0,59.7
829,3048,5045,1,2855.0,1698.1041327785017,59.5,T1_normal,-100.56760671428572,32.36118885714286,500.0,-98.187624,32.1858615,500.0,59.7
830,3048,5120,1,2295.0,363.2014575392673,15.8,T1_normal,-100.56760671428572,32.36118885714286,500.0,-99.032891,31.748303,500.0,41.3
831,3048,5394,1,2020.0,311.6151459566341,15.4,T1_normal,-100.56760671428572,32.36118885714286,500.0,-99.33232,32.77921550000001,500.0,23.0
832,12941,3048,1,367.3,241.00000000000009,65.6,T1_normal,-100.56760671428572,32.36118885714286,20.0,-100.56760671428572,32.36118885714286,500.0,61.3
833,3049,3091,1,219.5,68.53205089745606,31.2,T1_normal,-99.8991875,32.803981,115.0,-99.70613471428572,32.45867642857143,115.0,64.7
834,3049,3091,1,219.5,68.53205089745606,31.2,T1_normal,-99.8991875,32.803981,115.0,-99.70613471428572,32.45867642857143,115.0,64.7
835,3049,3091,1,219.5,68.53205089745606,31.2,T1_normal,-99.8991875,32.803981,115.0,-99.70613471428572,32.45867642857143,115.0,64.7
836,3049,12996,1,130.0,43.47467675222805,33.4,T1_normal,-99.8991875,32.803981,115.0,-100.0652435,32.819086,115.0,52.3
837,13020,3049,1,238.8,0.0,0.0,T1_normal,-99.8991875,32.803981,20.0,-99.8991875,32.803981,115.0,0.0
838,3049,13079,1,226.0,88.22137706798313,39.0,T1_normal,-99.8991875,32.803981,115.0,-99.8991875,32.803981,115.0,42.3
839,3051,3050,1,122.0,24.573442650353172,20.1,T1_normal,-100.967827,29.7051495,115.0,-100.967827,29.7051495,230.0,57.9
840,3051,3050,1,122.0,24.573442650353172,20.1,T1_normal,-100.967827,29.7051495,115.0,-100.967827,29.7051495,230.0,57.9
841,4014,3050,1,548.0,140.47984420565606,25.6,T1_normal,-100.340209,28.587968,230.0,-100.967827,29.7051495,230.0,42.6
842,3051,13385,1,199.9,172.79994734209748,86.4,T2_watch,-100.967827,29.7051495,115.0,-100.967827,29.7051495,115.0,24.9
843,3052,3093,1,127.0,71.3484427607688,56.2,T1_normal,-99.628211,30.095115,115.0,-100.286076,29.988092,115.0,49.7
844,3052,3107,1,251.0,168.8591220139064,67.3,T1_normal,-99.628211,30.095115,115.0,-99.345011,30.159136,115.0,64.4
845,3054,3053,1,103.0,203.95841150187488,198.0,T7_structural,-100.1097475,32.1590745,115.0,-100.1097475,32.1590745,230.0,20.7
846,3054,3053,1,103.0,203.95841150187488,198.0,T7_structural,-100.1097475,32.1590745,115.0,-100.1097475,32.1590745,230.0,20.7
847,3055,3053,1,448.3,321.62491721883794,71.7,T1_normal,-100.1097475,32.1590745,13.8,-100.1097475,32.1590745,230.0,0.0
848,3056,3053,1,277.1,324.7415751676693,117.2,T5_moderate,-100.1097475,32.1590745,13.8,-100.1097475,32.1590745,230.0,75.4
849,3057,3053,1,275.6,0.0,0.0,T1_normal,-100.1097475,32.1590745,13.8,-100.1097475,32.1590745,230.0,0.0
850,3058,3053,1,1000.0,650.4590027091288,65.0,T1_normal,-100.98431625,31.875952,230.0,-100.1097475,32.1590745,230.0,64.9
851,3082,3053,1,548.0,178.03582697085645,32.5,T1_normal,-100.09043266666669,32.36779933333333,230.0,-100.1097475,32.1590745,230.0,34.3
852,3053,3088,1,750.0,230.97945045471135,30.8,T1_normal,-100.1097475,32.1590745,230.0,-99.70613471428572,32.45867642857143,230.0,1.9
853,3053,3088,1,750.0,230.97945045471135,30.8,T1_normal,-100.1097475,32.1590745,230.0,-99.70613471428572,32.45867642857143,230.0,1.9
854,12656,3053,1,1200.0,302.4927990766598,25.2,T1_normal,-99.1872,31.5481,230.0,-100.1097475,32.1590745,230.0,44.2
855,12656,3053,1,1200.0,302.4927990766598,25.2,T1_normal,-99.1872,31.5481,230.0,-100.1097475,32.1590745,230.0,44.2
856,3054,3069,1,214.9,10.221613183302836,4.8,T1_normal,-100.1097475,32.1590745,115.0,-99.753027,32.120249,115.0,25.4
857,3054,3069,1,214.9,10.221613183302836,4.8,T1_normal,-100.1097475,32.1590745,115.0,-99.753027,32.120249,115.0,25.4
858,3054,3070,1,223.4,18.084126846763127,8.1,T1_normal,-100.1097475,32.1590745,115.0,-100.1,32.2878,115.0,68.1
859,3054,3070,1,223.4,18.084126846763127,8.1,T1_normal,-100.1097475,32.1590745,115.0,-100.1,32.2878,115.0,68.1
860,3054,3070,1,223.4,18.084126846763127,8.1,T1_normal,-100.1097475,32.1590745,115.0,-100.1,32.2878,115.0,68.1
861,3054,3070,1,223.4,18.084126846763127,8.1,T1_normal,-100.1097475,32.1590745,115.0,-100.1,32.2878,115.0,68.1
862,3054,3125,1,122.3,164.62040126558625,134.6,T6_heavy,-100.1097475,32.1590745,115.0,-99.70613471428572,32.45867642857143,115.0,25.7
863,3054,3131,1,226.2,1.8506546036484828,0.8,T1_normal,-100.1097475,32.1590745,115.0,-100.021667,32.303889,115.0,61.6
864,3054,3131,1,226.2,1.8506546036484828,0.8,T1_normal,-100.1097475,32.1590745,115.0,-100.021667,32.303889,115.0,61.6
865,3054,3131,1,226.2,1.8506546036484828,0.8,T1_normal,-100.1097475,32.1590745,115.0,-100.021667,32.303889,115.0,61.6
866,3054,3131,1,226.2,1.8506546036484828,0.8,T1_normal,-100.1097475,32.1590745,115.0,-100.021667,32.303889,115.0,61.6
867,3054,12554,1,2500.0,285.3544954297206,11.4,T1_normal,-100.1097475,32.1590745,115.0,-100.1097475,32.1590745,500.0,36.2
868,3054,12554,1,2500.0,285.3544954297206,11.4,T1_normal,-100.1097475,32.1590745,115.0,-100.1097475,32.1590745,500.0,36.2
869,3059,3058,1,377.0,44.450561518477016,11.8,T1_normal,-100.98431625,31.875952,115.0,-100.98431625,31.875952,230.0,30.2
870,3060,3058,1,294.0,214.50000000000009,73.0,T1_normal,-100.98431625,31.875952,18.0,-100.98431625,31.875952,230.0,68.3
871,3061,3058,1,280.8,186.0000000000001,66.2,T1_normal,-100.98431625,31.875952,18.0,-100.98431625,31.875952,230.0,62.2
872,3062,3058,1,233.6,149.5000000000001,64.0,T1_normal,-100.98431625,31.875952,18.0,-100.98431625,31.875952,230.0,60.4
873,3063,3058,1,154.4,112.5,72.9,T1_normal,-100.98431625,31.875952,18.0,-100.98431625,31.875952,230.0,68.3
874,3059,3111,1,221.0,95.03811890945413,43.0,T1_normal,-100.98431625,31.875952,115.0,-100.98431625,31.875952,115.0,54.7
875,3059,3130,1,210.2,71.65492183444346,34.1,T1_normal,-100.98431625,31.875952,115.0,-100.559245,31.4624622,115.0,38.8
876,3059,3130,1,210.2,71.65492183444346,34.1,T1_normal,-100.98431625,31.875952,115.0,-100.559245,31.4624622,115.0,38.8
877,3059,3130,1,210.2,71.65492183444346,34.1,T1_normal,-100.98431625,31.875952,115.0,-100.559245,31.4624622,115.0,38.8
878,3059,3130,1,210.2,71.65492183444346,34.1,T1_normal,-100.98431625,31.875952,115.0,-100.559245,31.4624622,115.0,38.8
879,3059,12564,1,2500.0,692.7886576851478,27.7,T1_normal,-100.98431625,31.875952,115.0,-100.98431625,31.875952,500.0,35.4
880,3059,12564,1,2500.0,692.7886576851478,27.7,T1_normal,-100.98431625,31.875952,115.0,-100.98431625,31.875952,500.0,35.4
881,3059,13413,1,218.1,137.668084257502,63.1,T1_normal,-100.98431625,31.875952,115.0,-100.98431625,31.875952,115.0,66.6
882,3059,13413,1,218.1,137.668084257502,63.1,T1_normal,-100.98431625,31.875952,115.0,-100.98431625,31.875952,115.0,66.6
883,3059,13413,1,218.1,137.668084257502,63.1,T1_normal,-100.98431625,31.875952,115.0,-100.98431625,31.875952,115.0,66.6
884,3065,3064,1,255.4,182.40000000000015,71.4,T1_normal,-100.56760671428572,32.36118885714286,18.0,-100.56760671428572,32.36118885714286,115.0,66.7
885,3064,3141,1,149.0,195.1113880506136,130.9,T6_heavy,-100.56760671428572,32.36118885714286,115.0,-100.2940896,32.3397188,115.0,39.7
886,3064,13366,1,121.0,126.02007111112796,104.1,T4_light,-100.56760671428572,32.36118885714286,115.0,-100.56760671428572,32.36118885714286,115.0,26.1
887,3066,3142,1,98.0,96.6897386865106,98.7,T3_prevent,-99.529678,31.25981966666667,115.0,-100.15267,31.289523,115.0,1.3
888,3066,12910,1,143.5,128.8587019685115,89.8,T2_watch,-99.529678,31.25981966666667,115.0,-99.849793,31.4410845,115.0,47.2
889,3066,13142,1,242.0,28.478323844210745,11.8,T1_normal,-99.529678,31.25981966666667,115.0,-99.529678,31.25981966666667,115.0,50.9
890,3066,13142,1,242.0,28.478323844210745,11.8,T1_normal,-99.529678,31.25981966666667,115.0,-99.529678,31.25981966666667,115.0,50.9
891,3068,3067,1,220.1,152.0,69.1,T1_normal,-100.2242635,32.5474795,20.0,-100.2242635,32.5474795,115.0,64.5
892,3067,3070,1,114.0,9.590332607943886,8.4,T1_normal,-100.2242635,32.5474795,115.0,-100.1,32.2878,115.0,72.3
893,3067,3083,1,117.7,9.106520407681318,7.7,T1_normal,-100.2242635,32.5474795,115.0,-100.09043266666669,32.36779933333333,115.0,67.6
894,3067,3094,1,149.0,18.705549218706977,12.6,T1_normal,-100.2242635,32.5474795,115.0,-100.09043266666669,32.36779933333333,115.0,45.8
895,3067,3137,1,113.6,90.60627674848706,79.8,T1_normal,-100.2242635,32.5474795,115.0,-100.2940896,32.3397188,115.0,69.5
896,3067,3141,1,191.0,5.058531261612265,2.6,T1_normal,-100.2242635,32.5474795,115.0,-100.2940896,32.3397188,115.0,65.4
897,3069,3077,1,98.0,57.57897148356841,58.8,T1_normal,-99.753027,32.120249,115.0,-99.70613471428572,32.45867642857143,115.0,11.8
898,3069,3091,1,165.8,139.9552058391305,84.4,T2_watch,-99.753027,32.120249,115.0,-99.70613471428572,32.45867642857143,115.0,7.0
899,3069,3140,1,98.0,47.96495978597895,48.9,T1_normal,-99.753027,32.120249,115.0,-99.69465,32.052075,115.0,36.8
900,3069,3140,1,228.8,66.4679955850569,29.1,T1_normal,-99.753027,32.120249,115.0,-99.69465,32.052075,115.0,21.9
901,3069,3140,1,228.8,66.4679955850569,29.1,T1_normal,-99.753027,32.120249,115.0,-99.69465,32.052075,115.0,21.9
902,3071,3070,1,263.7,247.29761115676644,93.8,T3_prevent,-100.1,32.2878,24.0,-100.1,32.2878,115.0,60.3
903,3070,3083,1,138.5,8.277090847252833,6.0,T1_normal,-100.1,32.2878,115.0,-100.09043266666669,32.36779933333333,115.0,49.8
904,3070,3094,1,151.1,45.749109941238686,30.3,T1_normal,-100.1,32.2878,115.0,-100.09043266666669,32.36779933333333,115.0,33.0
905,3070,3103,1,179.5,10.103096345012563,5.6,T1_normal,-100.1,32.2878,115.0,-100.2940896,32.3397188,115.0,54.6
906,3070,3103,1,179.5,10.103096345012563,5.6,T1_normal,-100.1,32.2878,115.0,-100.2940896,32.3397188,115.0,54.6
907,3070,3131,1,149.0,21.02999852780494,14.1,T1_normal,-100.1,32.2878,115.0,-100.021667,32.303889,115.0,22.2
908,3070,3131,1,110.5,30.274885722065825,27.4,T1_normal,-100.1,32.2878,115.0,-100.021667,32.303889,115.0,43.0
909,3070,3137,1,118.3,51.23638224723277,43.3,T1_normal,-100.1,32.2878,115.0,-100.2940896,32.3397188,115.0,63.7
910,3070,13071,1,220.0,103.14088911839012,46.9,T1_normal,-100.1,32.2878,115.0,-100.1097475,32.1590745,115.0,42.5
911,3142,3072,1,163.0,37.42577629520283,23.0,T1_normal,-100.15267,31.289523,115.0,-100.113803,31.534768,115.0,42.7
912,13264,3072,1,169.1,125.0,73.9,T1_normal,-100.113803,31.534768,20.0,-100.113803,31.534768,115.0,69.1
913,3074,3073,1,128.3,122.42422226433445,95.4,T3_prevent,-100.40075675,29.326592,13.8,-100.40075675,29.326592,115.0,72.7
914,3073,3076,1,149.0,44.85899827376101,30.1,T1_normal,-100.40075675,29.326592,115.0,-100.40075675,29.326592,115.0,40.6
915,3123,3073,1,250.0,135.65125596930932,54.3,T1_normal,-99.79466125,29.20340125,115.0,-100.40075675,29.326592,115.0,41.3
916,3073,4002,1,155.0,58.08603197873592,37.5,T1_normal,-100.40075675,29.326592,115.0,-100.777486,29.358523,115.0,45.6
917,3132,3075,1,450.0,174.75426212760956,38.8,T1_normal,-99.9360515,31.18751,115.0,-99.4009155,30.7904335,115.0,52.2
918,3075,3138,1,253.0,113.23845002784742,44.8,T1_normal,-99.4009155,30.7904335,115.0,-100.107479,30.897544,115.0,61.3
919,3075,13325,1,207.0,68.95317803886425,33.3,T1_normal,-99.4009155,30.7904335,115.0,-99.4009155,30.7904335,115.0,45.6
920,3075,13325,1,207.0,68.95317803886425,33.3,T1_normal,-99.4009155,30.7904335,115.0,-99.4009155,30.7904335,115.0,45.6
921,3075,13325,1,207.0,68.95317803886425,33.3,T1_normal,-99.4009155,30.7904335,115.0,-99.4009155,30.7904335,115.0,45.6
922,3075,13325,1,207.0,68.95317803886425,33.3,T1_normal,-99.4009155,30.7904335,115.0,-99.4009155,30.7904335,115.0,45.6
923,3076,13044,1,163.5,23.49972224350374,14.4,T1_normal,-100.40075675,29.326592,115.0,-100.40075675,29.326592,115.0,7.1
924,3076,13044,1,163.5,23.49972224350374,14.4,T1_normal,-100.40075675,29.326592,115.0,-100.40075675,29.326592,115.0,7.1
925,3077,3099,1,221.0,66.83676853494975,30.2,T1_normal,-99.70613471428572,32.45867642857143,115.0,-99.90623,32.415823,115.0,16.4
926,3077,3099,1,121.1,76.38164715483092,63.1,T1_normal,-99.70613471428572,32.45867642857143,115.0,-99.90623,32.415823,115.0,34.1
927,3077,3125,1,107.0,115.43932651582448,107.9,T4_light,-99.70613471428572,32.45867642857143,115.0,-99.70613471428572,32.45867642857143,115.0,20.3
928,3077,3131,1,250.0,91.36748908642124,36.5,T1_normal,-99.70613471428572,32.45867642857143,115.0,-100.021667,32.303889,115.0,2.5
929,3079,3078,1,166.0,22.16064503277977,13.3,T1_normal,-100.6728,32.5886,161.0,-100.6728,32.5886,230.0,30.5
930,3081,3078,1,341.6,248.99999999999983,72.9,T1_normal,-100.6728,32.5886,20.0,-100.6728,32.5886,230.0,68.1
931,3078,3133,1,672.0,357.9890180768121,53.3,T1_normal,-100.6728,32.5886,230.0,-100.94008825,32.806441125,230.0,47.9
932,3078,3133,1,672.0,357.9890180768121,53.3,T1_normal,-100.6728,32.5886,230.0,-100.94008825,32.806441125,230.0,47.9
933,3080,3079,1,90.0,58.217801210783946,64.7,T1_normal,-100.6728,32.5886,115.0,-100.6728,32.5886,161.0,36.4
934,3134,3079,1,187.0,122.88857015118212,65.7,T1_normal,-100.94008825,32.806441125,161.0,-100.6728,32.5886,161.0,47.7
935,3080,3128,1,143.5,32.638090211451676,22.7,T1_normal,-100.6728,32.5886,115.0,-100.727898,32.421184499999995,115.0,9.3
936,3083,3082,1,143.8,124.21328838444164,86.4,T2_watch,-100.09043266666669,32.36779933333333,115.0,-100.09043266666669,32.36779933333333,230.0,51.4
937,3084,3082,1,268.7,250.09295402468155,93.1,T3_prevent,-100.09043266666669,32.36779933333333,13.8,-100.09043266666669,32.36779933333333,230.0,0.0
938,3083,3094,1,157.1,27.02257622038431,17.2,T1_normal,-100.09043266666669,32.36779933333333,115.0,-100.09043266666669,32.36779933333333,115.0,23.2
939,3083,3099,1,137.8,123.7338151012982,89.8,T2_watch,-100.09043266666669,32.36779933333333,115.0,-99.90623,32.415823,115.0,38.1
940,3083,3103,1,220.0,8.286858478508563,3.8,T1_normal,-100.09043266666669,32.36779933333333,115.0,-100.2940896,32.3397188,115.0,45.1
941,3137,3083,1,149.0,65.37053832570159,43.9,T1_normal,-100.2940896,32.3397188,115.0,-100.09043266666669,32.36779933333333,115.0,21.7
942,3086,3085,1,95.2,75.0,78.8,T1_normal,-100.727898,32.421184499999995,13.2,-100.727898,32.421184499999995,115.0,73.6
943,3087,3085,1,119.3,73.49999999999999,61.6,T1_normal,-100.727898,32.421184499999995,13.2,-100.727898,32.421184499999995,115.0,57.6
944,3085,3128,1,120.0,67.69676984011852,56.4,T1_normal,-100.727898,32.421184499999995,115.0,-100.727898,32.421184499999995,115.0,40.1
945,3085,3128,1,119.1,67.9707479587428,57.1,T1_normal,-100.727898,32.421184499999995,115.0,-100.727898,32.421184499999995,115.0,40.6
946,3089,3088,1,411.0,461.1199377818911,112.2,T5_moderate,-99.70613471428572,32.45867642857143,161.0,-99.70613471428572,32.45867642857143,230.0,2.1
947,3092,3088,1,234.7,267.76372615008313,114.1,T5_moderate,-99.70613471428572,32.45867642857143,13.8,-99.70613471428572,32.45867642857143,230.0,81.0
948,5395,3088,1,750.0,97.01919643585626,12.9,T1_normal,-99.33232,32.77921550000001,230.0,-99.70613471428572,32.45867642857143,230.0,33.9
949,5395,3088,1,750.0,97.01919643585626,12.9,T1_normal,-99.33232,32.77921550000001,230.0,-99.70613471428572,32.45867642857143,230.0,33.9
950,3091,3089,1,268.0,11.991981100756531,4.5,T1_normal,-99.70613471428572,32.45867642857143,115.0,-99.70613471428572,32.45867642857143,161.0,51.4
951,3091,3089,1,268.0,11.991981100756531,4.5,T1_normal,-99.70613471428572,32.45867642857143,115.0,-99.70613471428572,32.45867642857143,161.0,51.4
952,3089,5334,1,409.0,170.75375579714316,41.7,T1_normal,-99.70613471428572,32.45867642857143,161.0,-99.518879,32.2664,161.0,65.2
953,3091,3102,1,98.0,91.20251721475331,93.1,T3_prevent,-99.70613471428572,32.45867642857143,115.0,-99.70613471428572,32.45867642857143,115.0,42.6
954,3091,3125,1,98.0,36.856700936038344,37.6,T1_normal,-99.70613471428572,32.45867642857143,115.0,-99.70613471428572,32.45867642857143,115.0,51.3
955,3091,3125,1,172.3,51.20308845133816,29.7,T1_normal,-99.70613471428572,32.45867642857143,115.0,-99.70613471428572,32.45867642857143,115.0,40.5
956,3095,3094,1,161.7,175.22968217101078,108.4,T4_light,-100.09043266666669,32.36779933333333,18.0,-100.09043266666669,32.36779933333333,115.0,69.7
957,3094,3131,1,243.2,10.742055669493311,4.4,T1_normal,-100.09043266666669,32.36779933333333,115.0,-100.021667,32.303889,115.0,50.5
958,3137,3094,1,221.0,33.00873358127752,14.9,T1_normal,-100.2940896,32.3397188,115.0,-100.09043266666669,32.36779933333333,115.0,24.6
959,3097,3096,1,233.0,210.57542798432465,90.4,T3_prevent,-101.17026400000002,32.93510466666667,115.0,-101.17026400000002,32.93510466666667,230.0,60.3
960,3097,3096,1,233.0,210.57542798432465,90.4,T3_prevent,-101.17026400000002,32.93510466666667,115.0,-101.17026400000002,32.93510466666667,230.0,60.3
961,3098,3096,1,241.7,182.4,75.5,T1_normal,-101.17026400000002,32.93510466666667,13.8,-101.17026400000002,32.93510466666667,230.0,70.8
962,3133,3096,1,538.0,307.6964764433427,57.2,T1_normal,-100.94008825,32.806441125,230.0,-101.17026400000002,32.93510466666667,230.0,48.2
963,3096,12788,1,342.1,80.36628372240102,23.5,T1_normal,-101.17026400000002,32.93510466666667,230.0,-101.83586283333334,32.75809566666667,230.0,29.8
964,3097,3109,1,340.0,91.10666076719625,26.8,T1_normal,-101.17026400000002,32.93510466666667,115.0,-101.17026400000002,32.93510466666667,115.0,16.0
965,3097,12939,1,267.0,165.02209760072705,61.8,T1_normal,-101.17026400000002,32.93510466666667,115.0,-100.94008825,32.806441125,115.0,42.4
966,3097,12939,1,267.0,165.02209760072705,61.8,T1_normal,-101.17026400000002,32.93510466666667,115.0,-100.94008825,32.806441125,115.0,42.4
967,3099,3100,1,250.0,83.57359616159385,33.4,T1_normal,-99.90623,32.415823,115.0,-99.830642,32.630473,115.0,7.8
968,3099,3131,1,134.1,98.4303578626883,73.4,T1_normal,-99.90623,32.415823,115.0,-100.021667,32.303889,115.0,14.8
969,3100,3102,1,98.0,34.92826199416204,35.6,T1_normal,-99.830642,32.630473,115.0,-99.70613471428572,32.45867642857143,115.0,42.9
970,3100,3102,1,114.4,61.655006829804826,53.9,T1_normal,-99.830642,32.630473,115.0,-99.70613471428572,32.45867642857143,115.0,64.9
971,3125,3100,1,149.0,26.823985291411955,18.0,T1_normal,-99.70613471428572,32.45867642857143,115.0,-99.830642,32.630473,115.0,38.8
972,3100,13079,1,246.3,110.33243283153143,44.8,T1_normal,-99.830642,32.630473,115.0,-99.8991875,32.803981,115.0,69.2
973,3104,3101,1,115.0,12.993402898367524,11.3,T1_normal,-98.442333,30.843734,115.0,-98.442333,30.843734,115.0,56.2
974,3101,3108,1,140.4,52.49033129599005,37.4,T1_normal,-98.442333,30.843734,115.0,-98.01069,31.088158,115.0,37.1
975,6360,3101,1,98.0,37.70027362981623,38.5,T1_normal,-98.283025,30.800718,115.0,-98.442333,30.843734,115.0,5.4
976,3102,3125,1,100.9,27.200488329317015,27.0,T1_normal,-99.70613471428572,32.45867642857143,115.0,-99.70613471428572,32.45867642857143,115.0,9.1
977,3103,3121,1,171.4,119.2695843746652,69.6,T1_normal,-100.2940896,32.3397188,115.0,-100.56760671428572,32.36118885714286,115.0,55.7
978,3103,3121,1,171.4,119.2695843746652,69.6,T1_normal,-100.2940896,32.3397188,115.0,-100.56760671428572,32.36118885714286,115.0,55.7
979,3105,3104,1,37.3,0.0,0.0,T1_normal,-98.442333,30.843734,13.2,-98.442333,30.843734,115.0,0.0
980,3106,3104,1,37.5,18.3,48.8,T1_normal,-98.442333,30.843734,13.2,-98.442333,30.843734,115.0,47.5
981,6156,3104,1,149.0,36.610229851568235,24.6,T1_normal,-98.26824166666664,30.564168,115.0,-98.442333,30.843734,115.0,43.4
982,3108,3147,1,98.0,5.961383585412827,6.1,T1_normal,-98.01069,31.088158,115.0,-98.25934,31.102377,115.0,59.0
983,3108,6065,1,98.0,34.93171488140281,35.6,T1_normal,-98.01069,31.088158,115.0,-98.04518,30.773295,115.0,88.2
984,3110,3109,1,224.8,0.0,0.0,T1_normal,-101.17026400000002,32.93510466666667,13.8,-101.17026400000002,32.93510466666667,115.0,0.0
985,3109,12663,1,151.6,12.904868414283754,8.5,T1_normal,-101.17026400000002,32.93510466666667,115.0,-100.94008825,32.806441125,115.0,35.5
986,3109,12663,1,151.6,12.904868414283754,8.5,T1_normal,-101.17026400000002,32.93510466666667,115.0,-100.94008825,32.806441125,115.0,35.5
987,3112,3111,1,102.9,79.99999999999999,77.7,T1_normal,-100.98431625,31.875952,18.0,-100.98431625,31.875952,115.0,72.7
988,3113,3111,1,103.0,69.59999999999997,67.6,T1_normal,-100.98431625,31.875952,18.0,-100.98431625,31.875952,115.0,63.2
989,3111,13280,1,126.8,63.48546958798167,50.1,T1_normal,-100.98431625,31.875952,115.0,-100.825,31.888,115.0,15.5
990,3111,13413,1,109.4,29.3750051590866,26.9,T1_normal,-100.98431625,31.875952,115.0,-100.98431625,31.875952,115.0,3.4
991,3114,13198,1,165.0,101.13504139333926,61.3,T1_normal,-100.559245,31.4624622,115.0,-100.650967,31.066996,115.0,53.7
992,3116,3115,1,450.0,273.72986047328595,60.8,T1_normal,-100.793333,32.718056,115.0,-100.524167,32.969722,115.0,36.6
993,3117,3116,1,158.6,119.99999999999991,75.7,T1_normal,-100.793333,32.718056,13.8,-100.793333,32.718056,115.0,70.7
994,3116,3136,1,221.0,65.49938987182938,29.6,T1_normal,-100.793333,32.718056,115.0,-100.94008825,32.806441125,115.0,13.2
995,3116,13403,1,130.2,88.23047060145672,67.8,T1_normal,-100.793333,32.718056,115.0,-100.94008825,32.806441125,115.0,17.9
996,3120,3119,1,123.1,122.66956138710864,99.7,T3_prevent,-100.40075675,29.326592,13.8,-100.40075675,29.326592,115.0,75.9
997,4188,3119,1,98.0,2.3155409928463655,2.4,T1_normal,-100.593386,28.951173,115.0,-100.40075675,29.326592,115.0,9.9
998,3119,6309,1,307.0,206.10380650700725,67.1,T1_normal,-100.40075675,29.326592,115.0,-99.141134,29.427375,115.0,60.4
999,3119,6309,1,307.0,206.10380650700725,67.1,T1_normal,-100.40075675,29.326592,115.0,-99.141134,29.427375,115.0,60.4
1000,3119,13044,1,450.0,291.8535926197522,64.9,T1_normal,-100.40075675,29.326592,115.0,-100.40075675,29.326592,115.0,59.5
1001,3122,3121,1,255.9,196.99999999999957,77.0,T1_normal,-100.56760671428572,32.36118885714286,18.0,-100.56760671428572,32.36118885714286,115.0,71.9
1002,3121,3129,1,149.0,41.62299593424317,27.9,T1_normal,-100.56760671428572,32.36118885714286,115.0,-100.56760671428572,32.36118885714286,115.0,6.0
1003,3121,3145,1,149.0,156.4631158102656,105.0,T4_light,-100.56760671428572,32.36118885714286,115.0,-100.2242635,32.5474795,115.0,55.0
1004,3126,3123,1,98.0,7.044419601258456,7.2,T1_normal,-99.612368,29.291845,115.0,-99.79466125,29.20340125,115.0,1.5
1005,3123,13335,1,163.0,4.956836368050688,3.0,T1_normal,-99.79466125,29.20340125,115.0,-99.79466125,29.20340125,115.0,13.3
1006,6286,3124,1,220.0,111.8731472611206,50.9,T1_normal,-98.6782725,29.80345,115.0,-98.876683,30.280938,115.0,80.6
1007,3126,6059,1,220.0,128.03032873265917,58.2,T1_normal,-99.612368,29.291845,115.0,-99.329182,29.285285,115.0,53.0
1008,13024,3126,1,300.8,203.5,67.7,T1_normal,-99.612368,29.291845,20.0,-99.612368,29.291845,115.0,63.2
1009,3126,13313,1,144.0,25.007383277422868,17.4,T1_normal,-99.612368,29.291845,115.0,-99.79466125,29.20340125,115.0,21.6
1010,3126,13335,1,112.2,21.68920510711541,19.3,T1_normal,-99.612368,29.291845,115.0,-99.79466125,29.20340125,115.0,21.5
1011,3127,3141,1,221.0,106.11861056172664,48.0,T1_normal,-100.2940896,32.3397188,115.0,-100.2940896,32.3397188,115.0,40.6
1012,3127,3141,1,255.0,140.82921335559533,55.2,T1_normal,-100.2940896,32.3397188,115.0,-100.2940896,32.3397188,115.0,46.7
1013,13246,3127,1,190.5,101.1209800918836,53.1,T1_normal,-100.2940896,32.3397188,20.0,-100.2940896,32.3397188,115.0,70.6
1014,3127,13366,1,203.2,206.5200711111281,101.6,T4_light,-100.2940896,32.3397188,115.0,-100.56760671428572,32.36118885714286,115.0,21.5
1015,3128,3129,1,136.0,87.12268050962635,64.1,T1_normal,-100.727898,32.421184499999995,115.0,-100.56760671428572,32.36118885714286,115.0,53.7
1016,13262,3129,1,180.3,126.49999999999996,70.2,T1_normal,-100.56760671428572,32.36118885714286,20.0,-100.56760671428572,32.36118885714286,115.0,65.6
1017,3130,13280,1,220.0,164.13527248041504,74.6,T1_normal,-100.559245,31.4624622,115.0,-100.825,31.888,115.0,75.8
1018,3131,3137,1,144.3,38.90207655381395,27.0,T1_normal,-100.021667,32.303889,115.0,-100.2940896,32.3397188,115.0,67.1
1019,3131,13071,1,220.0,96.85911088161,44.0,T1_normal,-100.021667,32.303889,115.0,-100.1097475,32.1590745,115.0,42.5
1020,13284,3131,1,161.6,165.63999807209967,102.5,T4_light,-100.021667,32.303889,20.0,-100.021667,32.303889,115.0,66.1
1021,3132,3142,1,156.2,66.00890953651479,42.3,T1_normal,-99.9360515,31.18751,115.0,-100.15267,31.289523,115.0,12.6
1022,3132,3142,1,156.2,66.00890953651479,42.3,T1_normal,-99.9360515,31.18751,115.0,-100.15267,31.289523,115.0,12.6
1023,3132,3144,1,98.0,103.32082414383628,105.4,T4_light,-99.9360515,31.18751,115.0,-99.682323,31.411505,115.0,6.2
1024,3132,12646,1,600.0,419.6529053444763,69.9,T1_normal,-99.9360515,31.18751,115.0,-99.9360515,31.18751,230.0,46.3
1025,3132,13241,1,181.6,3.552713678800501e-13,0.0,T1_normal,-99.9360515,31.18751,115.0,-99.9360515,31.18751,115.0,0.0
1026,3134,3133,1,83.0,10.645490735296148,12.8,T1_normal,-100.94008825,32.806441125,161.0,-100.94008825,32.806441125,230.0,8.2
1027,13258,3133,1,196.6,177.61141226305028,90.3,T3_prevent,-100.94008825,32.806441125,20.0,-100.94008825,32.806441125,230.0,62.0
1028,3136,3134,1,200.0,112.24307941588614,56.1,T1_normal,-100.94008825,32.806441125,115.0,-100.94008825,32.806441125,161.0,41.2
1029,3136,13312,1,183.0,69.87630825782531,38.2,T1_normal,-100.94008825,32.806441125,115.0,-100.94008825,32.806441125,115.0,31.5
1030,3137,3141,1,163.0,37.67739329820306,23.1,T1_normal,-100.2940896,32.3397188,115.0,-100.2940896,32.3397188,115.0,68.2
1031,3137,3145,1,140.7,38.19432713361923,27.1,T1_normal,-100.2940896,32.3397188,115.0,-100.2242635,32.5474795,115.0,32.1
1032,13299,3137,1,154.3,58.3209800918836,37.8,T1_normal,-100.2940896,32.3397188,20.0,-100.2940896,32.3397188,115.0,61.3
1033,3138,3142,1,220.0,64.96385668172225,29.5,T1_normal,-100.107479,30.897544,115.0,-100.15267,31.289523,115.0,45.5
1034,3138,3146,1,149.0,65.72459334612492,44.1,T1_normal,-100.107479,30.897544,115.0,-100.06915,30.45867,115.0,48.7
1035,13351,3141,1,162.3,55.92098009188362,34.5,T1_normal,-100.2940896,32.3397188,20.0,-100.2940896,32.3397188,115.0,56.9
1036,3144,3143,1,110.0,53.3524011634052,48.5,T1_normal,-99.682323,31.411505,115.0,-99.380601,31.515316,115.0,67.7
1037,3144,12910,1,157.0,44.40842298043126,28.3,T1_normal,-99.682323,31.411505,115.0,-99.849793,31.4410845,115.0,54.9
1038,3145,12996,1,111.0,43.74011825822093,39.4,T1_normal,-100.2242635,32.5474795,115.0,-100.0652435,32.819086,115.0,28.0
1039,4002,13044,1,220.0,108.26671440561935,49.2,T1_normal,-100.777486,29.358523,115.0,-100.40075675,29.326592,115.0,64.3
1040,4002,13391,1,241.2,83.68137319217759,34.7,T1_normal,-100.777486,29.358523,115.0,-100.967827,29.7051495,115.0,44.2
1041,4002,13391,1,241.2,83.68137319217759,34.7,T1_normal,-100.777486,29.358523,115.0,-100.967827,29.7051495,115.0,44.2
1042,4003,4013,1,188.0,80.02596421311009,42.6,T1_normal,-98.3163296,26.4391468,115.0,-98.3163296,26.4391468,115.0,37.0
1043,4003,4013,1,188.0,80.02596421311009,42.6,T1_normal,-98.3163296,26.4391468,115.0,-98.3163296,26.4391468,115.0,37.0
1044,4003,4040,1,250.0,10.216343693774554,4.1,T1_normal,-98.3163296,26.4391468,115.0,-98.349756,26.24829825,115.0,2.8
1045,4003,4103,1,221.0,13.890267911203312,6.3,T1_normal,-98.3163296,26.4391468,115.0,-98.3163296,26.4391468,115.0,5.2
1046,4103,4003,1,221.0,13.890267911203312,6.3,T1_normal,-98.3163296,26.4391468,115.0,-98.3163296,26.4391468,115.0,5.2
1047,4128,4003,1,221.0,10.845048910037658,4.9,T1_normal,-98.74585185714284,26.441022428571426,115.0,-98.3163296,26.4391468,115.0,6.3
1048,12959,4003,1,307.7,238.50000000000017,77.5,T1_normal,-98.3163296,26.4391468,20.0,-98.3163296,26.4391468,115.0,72.4
1049,4005,4004,1,190.0,58.898148972876726,31.0,T1_normal,-99.3906115,27.588413625,115.0,-99.3906115,27.588413625,230.0,12.1
1050,4014,4004,1,548.0,112.11026447511964,20.5,T1_normal,-100.340209,28.587968,230.0,-99.3906115,27.588413625,230.0,5.3
1051,4113,4004,1,443.0,171.0964789522377,38.6,T1_normal,-99.3906115,27.588413625,230.0,-99.3906115,27.588413625,230.0,11.8
1052,4022,4005,1,214.0,1.8362087170209485,0.9,T1_normal,-99.399193,28.041684,115.0,-99.3906115,27.588413625,115.0,44.4
1053,4114,4005,1,221.0,107.1220924962649,48.5,T1_normal,-99.3906115,27.588413625,115.0,-99.3906115,27.588413625,115.0,20.9
1054,4006,4011,1,149.0,44.50833816233404,29.9,T1_normal,-98.883685,27.48301875,115.0,-98.8533165,27.140224,115.0,21.2
1055,4006,4147,1,265.0,110.2595010529436,41.6,T1_normal,-98.883685,27.48301875,115.0,-99.3906115,27.588413625,115.0,40.2
1056,4006,4197,1,298.0,181.19883710939035,60.8,T1_normal,-98.883685,27.48301875,115.0,-99.005278,27.488056,115.0,52.2
1057,12930,4006,1,389.2,249.7,64.2,T1_normal,-98.883685,27.48301875,20.0,-98.883685,27.48301875,115.0,59.9
1058,4007,4027,1,221.0,31.914982473197284,14.4,T1_normal,-98.27456266666668,26.232699,115.0,-98.27456266666668,26.232699,115.0,13.3
1059,4007,4027,1,188.7,75.8480072656532,40.2,T1_normal,-98.27456266666668,26.232699,115.0,-98.27456266666668,26.232699,115.0,37.0
1060,4007,4034,1,149.0,12.045434647520814,8.1,T1_normal,-98.27456266666668,26.232699,115.0,-98.241746,26.111189,115.0,6.4
1061,4007,4040,1,123.6,43.21112363403401,35.0,T1_normal,-98.27456266666668,26.232699,115.0,-98.349756,26.24829825,115.0,32.6
1062,4007,4068,1,107.9,5.705473779864789,5.3,T1_normal,-98.27456266666668,26.232699,115.0,-98.0096,26.296101,115.0,4.1
1063,4007,4074,1,131.7,24.758230201187637,18.8,T1_normal,-98.27456266666668,26.232699,115.0,-98.349756,26.24829825,115.0,18.1
1064,4007,4088,1,126.5,18.799719227067335,14.9,T1_normal,-98.27456266666668,26.232699,115.0,-98.189714,26.149684,115.0,11.5
1065,4007,4103,1,127.7,5.1005290913320955,4.0,T1_normal,-98.27456266666668,26.232699,115.0,-98.3163296,26.4391468,115.0,5.2
1066,4007,4122,1,221.0,129.23734885225002,58.5,T1_normal,-98.27456266666668,26.232699,115.0,-98.27456266666668,26.232699,115.0,49.4
1067,4008,6112,1,98.0,23.65758305636696,24.1,T1_normal,-98.642309,29.079849,115.0,-98.842165,29.1998,115.0,17.8
1068,6155,4008,1,149.0,61.07859365022663,41.0,T1_normal,-98.5093816037736,29.474642000000003,115.0,-98.642309,29.079849,115.0,30.7
1069,4008,6346,1,149.0,117.22617670659356,78.7,T1_normal,-98.642309,29.079849,115.0,-98.48181,29.070547,115.0,64.2
1070,4010,4009,1,262.0,108.14628493734836,41.3,T1_normal,-97.61079925,27.13808725,20.0,-97.61079925,27.13808725,115.0,38.6
1071,4010,4009,1,222.0,93.45371506265164,42.1,T1_normal,-97.61079925,27.13808725,20.0,-97.61079925,27.13808725,115.0,39.3
1072,4009,4152,1,221.0,90.72014084541848,41.0,T1_normal,-97.61079925,27.13808725,115.0,-97.67189133333332,26.95126033333333,115.0,39.8
1073,4009,4152,1,221.0,90.72014084541848,41.0,T1_normal,-97.61079925,27.13808725,115.0,-97.67189133333332,26.95126033333333,115.0,39.8
1074,4165,4009,1,221.0,39.27185883235502,17.8,T1_normal,-97.61079925,27.13808725,115.0,-97.61079925,27.13808725,115.0,15.3
1075,4165,4009,1,221.0,39.27185883235502,17.8,T1_normal,-97.61079925,27.13808725,115.0,-97.61079925,27.13808725,115.0,15.3
1076,4009,13131,1,207.0,58.38399935554772,28.2,T1_normal,-97.61079925,27.13808725,115.0,-97.61079925,27.13808725,115.0,26.8
1077,4011,4185,1,149.0,17.441661837666,11.7,T1_normal,-98.8533165,27.140224,115.0,-99.162765,26.930929,115.0,16.9
1078,4011,13373,1,130.8,77.99999999999994,59.6,T1_normal,-98.8533165,27.140224,115.0,-98.8533165,27.140224,115.0,55.8
1079,4034,4012,1,221.0,12.267066957268248,5.6,T1_normal,-98.241746,26.111189,115.0,-97.96214,26.083177,115.0,5.5
1080,4012,4103,1,221.0,7.451398628216621,3.4,T1_normal,-97.96214,26.083177,115.0,-98.3163296,26.4391468,115.0,4.0
1081,4012,4121,1,98.0,53.938620730115616,55.0,T1_normal,-97.96214,26.083177,115.0,-97.798453,26.100103,115.0,51.4
1082,4012,4171,1,221.0,59.91708631560044,27.1,T1_normal,-97.96214,26.083177,115.0,-97.629292,26.106086,115.0,26.1
1083,4013,4089,1,250.0,66.8335055949158,26.7,T1_normal,-98.3163296,26.4391468,115.0,-97.8237255,26.316918,115.0,23.4
1084,4013,4103,1,217.4,102.743863864484,47.3,T1_normal,-98.3163296,26.4391468,115.0,-98.3163296,26.4391468,115.0,40.6
1085,4013,4103,1,217.4,102.743863864484,47.3,T1_normal,-98.3163296,26.4391468,115.0,-98.3163296,26.4391468,115.0,40.6
1086,4107,4013,1,98.0,23.48461906530721,24.0,T1_normal,-98.058657,26.1619,115.0,-98.3163296,26.4391468,115.0,13.0
1087,4013,4122,1,98.0,26.557830354587963,27.1,T1_normal,-98.3163296,26.4391468,115.0,-98.27456266666668,26.232699,115.0,17.2
1088,4013,4122,1,187.6,118.80433639063456,63.3,T1_normal,-98.3163296,26.4391468,115.0,-98.27456266666668,26.232699,115.0,40.2
1089,4013,4122,1,187.6,118.80433639063456,63.3,T1_normal,-98.3163296,26.4391468,115.0,-98.27456266666668,26.232699,115.0,40.2
1090,4013,4122,1,187.6,118.80433639063456,63.3,T1_normal,-98.3163296,26.4391468,115.0,-98.27456266666668,26.232699,115.0,40.2
1091,4013,4122,1,187.6,118.80433639063456,63.3,T1_normal,-98.3163296,26.4391468,115.0,-98.27456266666668,26.232699,115.0,40.2
1092,4013,12560,1,1126.0,575.3596381267606,51.1,T1_normal,-98.3163296,26.4391468,115.0,-98.3163296,26.4391468,500.0,39.1
1093,4013,12560,1,1126.0,575.3596381267606,51.1,T1_normal,-98.3163296,26.4391468,115.0,-98.3163296,26.4391468,500.0,39.1
1094,4013,13289,1,199.9,142.71815976049106,71.4,T1_normal,-98.3163296,26.4391468,115.0,-98.74585185714284,26.441022428571426,115.0,66.9
1095,4013,13289,1,199.9,142.71815976049106,71.4,T1_normal,-98.3163296,26.4391468,115.0,-98.74585185714284,26.441022428571426,115.0,66.9
1096,4015,4014,1,321.0,28.93222950357668,9.0,T1_normal,-100.340209,28.587968,115.0,-100.340209,28.587968,230.0,11.9
1097,4015,4014,1,321.0,28.93222950357668,9.0,T1_normal,-100.340209,28.587968,115.0,-100.340209,28.587968,230.0,11.9
1098,4014,4131,1,443.0,194.72564967362223,44.0,T1_normal,-100.340209,28.587968,230.0,-99.11781366666668,28.92295633333333,230.0,42.0
1099,4188,4015,1,98.0,0.6544590071536627,0.7,T1_normal,-100.593386,28.951173,115.0,-100.340209,28.587968,115.0,12.9
1100,4015,13297,1,166.2,102.60000000000024,61.7,T1_normal,-100.340209,28.587968,115.0,-100.340209,28.587968,115.0,57.7
1101,4016,4023,1,220.0,97.89208729672478,44.5,T1_normal,-98.717634,28.790915,115.0,-98.851298,28.941736,115.0,38.3
1102,4117,4016,1,149.0,104.14208729672482,69.9,T1_normal,-98.48596,28.764536,115.0,-98.717634,28.790915,115.0,60.8
1103,4081,4017,1,221.0,113.48491443562204,51.4,T1_normal,-97.4230987368421,27.74350405263158,115.0,-97.4230987368421,27.74350405263158,115.0,34.1
1104,4081,4017,1,221.0,113.48491443562204,51.4,T1_normal,-97.4230987368421,27.74350405263158,115.0,-97.4230987368421,27.74350405263158,115.0,34.1
1105,4017,4087,1,149.0,62.495815857503345,41.9,T1_normal,-97.4230987368421,27.74350405263158,115.0,-97.4230987368421,27.74350405263158,115.0,19.3
1106,4017,4123,1,221.0,44.94800092914808,20.3,T1_normal,-97.4230987368421,27.74350405263158,115.0,-97.4230987368421,27.74350405263158,115.0,14.7
1107,4018,4037,1,149.0,19.52807933069316,13.1,T1_normal,-97.444953,28.197778,115.0,-97.522673,28.2078,115.0,12.8
1108,4018,4037,1,148.8,38.138145338197305,25.6,T1_normal,-97.444953,28.197778,115.0,-97.522673,28.2078,115.0,25.0
1109,4149,4018,1,149.0,23.674642435854707,15.9,T1_normal,-97.19689,28.120701,115.0,-97.444953,28.197778,115.0,18.7
1110,4018,12831,1,163.3,30.67158223303612,18.8,T1_normal,-97.444953,28.197778,115.0,-97.4544,28.4279,115.0,15.3
1111,12990,4018,1,255.6,0.0,0.0,T1_normal,-97.444953,28.197778,20.0,-97.444953,28.197778,115.0,0.0
1112,4019,4067,1,221.0,15.065959109953742,6.8,T1_normal,-97.855505,26.160302,115.0,-97.77439,26.2062325,115.0,7.2
1113,4019,4067,1,221.0,15.065959109953742,6.8,T1_normal,-97.855505,26.160302,115.0,-97.77439,26.2062325,115.0,7.2
1114,4019,4089,1,119.5,16.253297489791585,13.6,T1_normal,-97.855505,26.160302,115.0,-97.8237255,26.316918,115.0,8.2
1115,4019,4121,1,98.0,0.9174332983063138,0.9,T1_normal,-97.855505,26.160302,115.0,-97.798453,26.100103,115.0,0.9
1116,4019,4121,1,109.4,12.131187431808144,11.1,T1_normal,-97.855505,26.160302,115.0,-97.798453,26.100103,115.0,10.5
1117,13251,4019,1,210.8,135.00000000000006,64.0,T1_normal,-97.855505,26.160302,20.0,-97.855505,26.160302,115.0,59.8
1118,4051,4020,1,221.0,33.18620444482625,15.0,T1_normal,-97.7314385,27.5750945,115.0,-97.4230987368421,27.74350405263158,115.0,6.5
1119,4051,4020,1,221.0,33.18620444482625,15.0,T1_normal,-97.7314385,27.5750945,115.0,-97.4230987368421,27.74350405263158,115.0,6.5
1120,4020,4081,1,149.0,29.598018137757176,19.9,T1_normal,-97.4230987368421,27.74350405263158,115.0,-97.4230987368421,27.74350405263158,115.0,10.9
1121,4020,4123,1,149.0,120.71389640256812,81.0,T2_watch,-97.4230987368421,27.74350405263158,115.0,-97.4230987368421,27.74350405263158,115.0,53.3
1122,4150,4020,1,221.0,69.13428345216053,31.3,T1_normal,-97.4230987368421,27.74350405263158,115.0,-97.4230987368421,27.74350405263158,115.0,10.8
1123,4150,4020,1,221.0,69.13428345216053,31.3,T1_normal,-97.4230987368421,27.74350405263158,115.0,-97.4230987368421,27.74350405263158,115.0,10.8
1124,12931,4020,1,348.5,5.211480362537735,1.5,T1_normal,-97.4230987368421,27.74350405263158,20.0,-97.4230987368421,27.74350405263158,115.0,0.0
1125,12976,4020,1,228.0,187.59778250106197,82.3,T2_watch,-97.7314385,27.5750945,115.0,-97.4230987368421,27.74350405263158,115.0,50.9
1126,12976,4020,1,228.0,187.59778250106197,82.3,T2_watch,-97.7314385,27.5750945,115.0,-97.4230987368421,27.74350405263158,115.0,50.9
1127,4021,4067,1,132.3,42.312200868590736,32.0,T1_normal,-97.993045,26.376651,115.0,-97.77439,26.2062325,115.0,28.9
1128,4021,4088,1,268.0,169.90706610569612,63.4,T1_normal,-97.993045,26.376651,115.0,-98.189714,26.149684,115.0,59.3
1129,4021,4088,1,268.0,169.90706610569612,63.4,T1_normal,-97.993045,26.376651,115.0,-98.189714,26.149684,115.0,59.3
1130,4089,4021,1,149.0,72.32581948343366,48.5,T1_normal,-97.8237255,26.316918,115.0,-97.993045,26.376651,115.0,43.9
1131,4021,4107,1,243.0,179.7673167086039,74.0,T1_normal,-97.993045,26.376651,115.0,-98.058657,26.1619,115.0,70.0
1132,4021,4167,1,149.0,1.6105307279785208,1.1,T1_normal,-97.993045,26.376651,115.0,-97.921496,26.477435,115.0,1.1
1133,12956,4021,1,338.2,239.79999999999995,70.9,T1_normal,-97.993045,26.376651,20.0,-97.993045,26.376651,115.0,66.7
1134,4021,12970,1,235.0,142.6666666666664,60.7,T1_normal,-97.993045,26.376651,115.0,-97.566721,26.545765,115.0,56.7
1135,4021,12970,1,235.0,142.6666666666664,60.7,T1_normal,-97.993045,26.376651,115.0,-97.566721,26.545765,115.0,56.7
1136,4021,12970,1,235.0,142.6666666666664,60.7,T1_normal,-97.993045,26.376651,115.0,-97.566721,26.545765,115.0,56.7
1137,4187,4022,1,214.0,196.27620871702047,91.7,T3_prevent,-99.214344,28.293173,115.0,-99.399193,28.041684,115.0,40.3
1138,4022,13083,1,220.0,99.99999999999972,45.5,T1_normal,-99.399193,28.041684,115.0,-99.63215,28.4834915,115.0,42.5
1139,4022,13083,1,220.0,99.99999999999972,45.5,T1_normal,-99.399193,28.041684,115.0,-99.63215,28.4834915,115.0,42.5
1140,6112,4023,1,220.0,92.8320872967248,42.2,T1_normal,-98.842165,29.1998,115.0,-98.851298,28.941736,115.0,36.0
1141,4025,4024,1,260.0,141.14058575192158,54.3,T1_normal,-98.4775,28.7044,115.0,-98.4775,28.7044,230.0,49.7
1142,4025,4024,1,260.0,141.14058575192158,54.3,T1_normal,-98.4775,28.7044,115.0,-98.4775,28.7044,230.0,49.7
1143,4026,4024,1,577.1,260.6824710123192,45.2,T1_normal,-98.4775,28.7044,13.8,-98.4775,28.7044,230.0,33.4
1144,4026,4024,1,500.0,77.1162804004001,15.4,T1_normal,-98.4775,28.7044,13.8,-98.4775,28.7044,230.0,11.4
1145,4131,4024,1,647.0,86.60824129681912,13.4,T1_normal,-99.11781366666668,28.92295633333333,230.0,-98.4775,28.7044,230.0,4.9
1146,6263,4024,1,443.0,31.09066138794292,7.0,T1_normal,-97.894958,28.733411,230.0,-98.4775,28.7044,230.0,5.2
1147,4025,4117,1,260.0,83.42304282579214,32.1,T1_normal,-98.4775,28.7044,115.0,-98.48596,28.764536,115.0,29.4
1148,4025,4117,1,178.2,99.42906433902547,55.8,T1_normal,-98.4775,28.7044,115.0,-98.48596,28.764536,115.0,51.1
1149,4025,4117,1,178.2,99.42906433902547,55.8,T1_normal,-98.4775,28.7044,115.0,-98.48596,28.764536,115.0,51.1
1150,4027,4034,1,116.1,6.488808032775317,5.6,T1_normal,-98.27456266666668,26.232699,115.0,-98.241746,26.111189,115.0,7.0
1151,4027,4040,1,243.8,121.66850045562114,49.9,T1_normal,-98.27456266666668,26.232699,115.0,-98.349756,26.24829825,115.0,45.2
1152,4027,4040,1,243.8,121.66850045562114,49.9,T1_normal,-98.27456266666668,26.232699,115.0,-98.349756,26.24829825,115.0,45.2
1153,4027,4048,1,227.7,158.16960869058113,69.5,T1_normal,-98.27456266666668,26.232699,115.0,-98.494493,26.242813,115.0,68.1
1154,4027,4048,1,227.7,158.16960869058113,69.5,T1_normal,-98.27456266666668,26.232699,115.0,-98.494493,26.242813,115.0,68.1
1155,4027,4088,1,221.0,0.0344520111163149,0.0,T1_normal,-98.27456266666668,26.232699,115.0,-98.189714,26.149684,115.0,2.4
1156,4027,4088,1,221.0,0.0344520111163149,0.0,T1_normal,-98.27456266666668,26.232699,115.0,-98.189714,26.149684,115.0,2.4
1157,13324,4027,1,153.7,106.43848532392362,69.3,T1_normal,-98.27456266666668,26.232699,20.0,-98.27456266666668,26.232699,115.0,60.8
1158,4029,4028,1,148.8,18.586001924081152,12.5,T1_normal,-97.214167,28.7128,115.0,-97.214167,28.7128,230.0,8.2
1159,4029,4028,1,148.8,18.586001924081152,12.5,T1_normal,-97.214167,28.7128,115.0,-97.214167,28.7128,230.0,8.2
1160,4030,4028,1,861.7,308.2879867123372,35.8,T1_normal,-97.214167,28.7128,13.8,-97.214167,28.7128,230.0,13.2
1161,4030,4028,1,360.0,82.80068989952369,23.0,T1_normal,-97.214167,28.7128,13.8,-97.214167,28.7128,230.0,8.5
1162,4030,4028,1,360.0,82.80068989952369,23.0,T1_normal,-97.214167,28.7128,13.8,-97.214167,28.7128,230.0,8.5
1163,4028,7043,1,555.0,275.40397919172443,49.6,T1_normal,-97.214167,28.7128,230.0,-97.00621414285716,28.74651585714286,230.0,36.3
1164,4028,7274,1,750.0,80.65669173574915,10.8,T1_normal,-97.214167,28.7128,230.0,-97.00621414285716,28.74651585714286,230.0,0.2
1165,4028,7274,1,750.0,80.65669173574915,10.8,T1_normal,-97.214167,28.7128,230.0,-97.00621414285716,28.74651585714286,230.0,0.2
1166,4029,4178,1,199.0,57.22248704152067,28.8,T1_normal,-97.214167,28.7128,115.0,-97.49466233333334,28.47964933333333,115.0,25.7
1167,4029,6253,1,221.0,6.009652197483343,2.7,T1_normal,-97.214167,28.7128,115.0,-97.428562,28.857734,115.0,0.3
1168,4029,7275,1,149.0,15.366769198619211,10.3,T1_normal,-97.214167,28.7128,115.0,-97.00621414285716,28.74651585714286,115.0,27.5
1169,4029,12565,1,1152.0,543.068207266926,47.1,T1_normal,-97.214167,28.7128,115.0,-97.214167,28.7128,500.0,40.0
1170,4029,12565,1,1152.0,543.068207266926,47.1,T1_normal,-97.214167,28.7128,115.0,-97.214167,28.7128,500.0,40.0
1171,4029,12888,1,281.0,127.59999999999992,45.4,T1_normal,-97.214167,28.7128,115.0,-97.8308125,28.6249795,115.0,42.4
1172,4029,12888,1,281.0,127.59999999999992,45.4,T1_normal,-97.214167,28.7128,115.0,-97.8308125,28.6249795,115.0,42.4
1173,4029,13224,1,450.0,189.4795862600679,42.1,T1_normal,-97.214167,28.7128,115.0,-97.49466233333334,28.47964933333333,115.0,38.8
1174,4029,13224,1,450.0,189.4795862600679,42.1,T1_normal,-97.214167,28.7128,115.0,-97.49466233333334,28.47964933333333,115.0,38.8
1175,4029,13224,1,450.0,189.4795862600679,42.1,T1_normal,-97.214167,28.7128,115.0,-97.49466233333334,28.47964933333333,115.0,38.8
1176,4029,13224,1,450.0,189.4795862600679,42.1,T1_normal,-97.214167,28.7128,115.0,-97.49466233333334,28.47964933333333,115.0,38.8
1177,4031,4043,1,205.0,101.30538471494268,49.4,T1_normal,-99.359609,27.0792565,115.0,-99.10145,26.603250000000003,115.0,36.7
1178,4031,4147,1,247.0,144.5685440538025,58.5,T1_normal,-99.359609,27.0792565,115.0,-99.3906115,27.588413625,115.0,48.7
1179,4031,4147,1,270.0,180.8415787601195,67.0,T1_normal,-99.359609,27.0792565,115.0,-99.3906115,27.588413625,115.0,55.7
1180,4031,4185,1,118.5,17.454738098978773,14.7,T1_normal,-99.359609,27.0792565,115.0,-99.162765,26.930929,115.0,1.1
1181,4031,13010,1,230.0,104.70000000000006,45.5,T1_normal,-99.359609,27.0792565,115.0,-99.359609,27.0792565,115.0,42.8
1182,4031,13010,1,230.0,104.70000000000006,45.5,T1_normal,-99.359609,27.0792565,115.0,-99.359609,27.0792565,115.0,42.8
1183,4051,4032,1,98.0,61.41559728109147,62.7,T1_normal,-97.7314385,27.5750945,115.0,-97.7704405,27.4987795,115.0,50.5
1184,4051,4032,1,98.0,61.41559728109147,62.7,T1_normal,-97.7314385,27.5750945,115.0,-97.7704405,27.4987795,115.0,50.5
1185,4141,4032,1,200.0,55.55535110851846,27.8,T1_normal,-97.61079925,27.13808725,115.0,-97.7704405,27.4987795,115.0,35.3
1186,4141,4032,1,200.0,55.55535110851846,27.8,T1_normal,-97.61079925,27.13808725,115.0,-97.7704405,27.4987795,115.0,35.3
1187,4032,12991,1,169.2,51.555246172572744,30.5,T1_normal,-97.7704405,27.4987795,115.0,-97.7704405,27.4987795,115.0,14.5
1188,4032,12991,1,169.2,51.555246172572744,30.5,T1_normal,-97.7704405,27.4987795,115.0,-97.7704405,27.4987795,115.0,14.5
1189,4033,4101,1,450.0,249.5046472281064,55.4,T1_normal,-99.3906115,27.588413625,115.0,-99.3906115,27.588413625,115.0,51.1
1190,4033,4114,1,125.5,73.63880172810724,58.7,T1_normal,-99.3906115,27.588413625,115.0,-99.3906115,27.588413625,115.0,34.4
1191,4033,4147,1,221.0,30.028735737367903,13.6,T1_normal,-99.3906115,27.588413625,115.0,-99.3906115,27.588413625,115.0,19.6
1192,4033,4147,1,221.0,30.028735737367903,13.6,T1_normal,-99.3906115,27.588413625,115.0,-99.3906115,27.588413625,115.0,19.6
1193,4033,4190,1,149.0,48.41816318595491,32.5,T1_normal,-99.3906115,27.588413625,115.0,-99.3906115,27.588413625,115.0,22.8
1194,4033,4190,1,124.3,26.20119949118465,21.1,T1_normal,-99.3906115,27.588413625,115.0,-99.3906115,27.588413625,115.0,14.8
1195,4033,13228,1,172.0,85.10502140399403,49.5,T1_normal,-99.3906115,27.588413625,115.0,-99.3906115,27.588413625,115.0,45.8
1196,4034,4088,1,123.6,14.522672361527356,11.7,T1_normal,-98.241746,26.111189,115.0,-98.189714,26.149684,115.0,8.8
1197,4034,4154,1,221.0,40.94102121048739,18.5,T1_normal,-98.241746,26.111189,115.0,-98.476164,26.321607,115.0,18.3
1198,4064,4035,1,149.0,63.246859142341094,42.4,T1_normal,-97.4230987368421,27.74350405263158,115.0,-97.4230987368421,27.74350405263158,115.0,32.0
1199,4035,4150,1,98.0,6.4495485485061455,6.6,T1_normal,-97.4230987368421,27.74350405263158,115.0,-97.4230987368421,27.74350405263158,115.0,1.2
1200,4132,4036,1,196.0,129.0535834799195,65.8,T1_normal,-99.11781366666668,28.92295633333333,115.0,-99.562652,28.888748,115.0,62.8
1201,4036,4189,1,111.0,94.13666450359432,84.8,T2_watch,-99.562652,28.888748,115.0,-99.63215,28.4834915,115.0,40.7
1202,4036,13337,1,213.4,129.13012399175682,60.5,T1_normal,-99.562652,28.888748,115.0,-99.79466125,29.20340125,115.0,47.6
1203,4036,13337,1,213.4,129.13012399175682,60.5,T1_normal,-99.562652,28.888748,115.0,-99.79466125,29.20340125,115.0,47.6
1204,4037,4054,1,98.0,3.1674993175311528,3.2,T1_normal,-97.522673,28.2078,115.0,-97.650894,28.246189,115.0,1.7
1205,4037,4064,1,118.9,25.339879083580197,21.3,T1_normal,-97.522673,28.2078,115.0,-97.4230987368421,27.74350405263158,115.0,15.0
1206,4099,4037,1,149.0,67.95585539405344,45.6,T1_normal,-97.743983,27.992706,115.0,-97.522673,28.2078,115.0,33.4
1207,4037,4104,1,119.2,9.466370231359544,7.9,T1_normal,-97.522673,28.2078,115.0,-97.351834,27.96312533333333,115.0,6.9
1208,4037,4168,1,132.5,24.26808013317676,18.3,T1_normal,-97.522673,28.2078,115.0,-97.4230987368421,27.74350405263158,115.0,17.2
1209,12957,4037,1,313.6,239.6,76.4,T1_normal,-97.522673,28.2078,20.0,-97.522673,28.2078,115.0,71.9
1210,4037,13224,1,197.6,65.33535122558196,33.1,T1_normal,-97.522673,28.2078,115.0,-97.49466233333334,28.47964933333333,115.0,29.2
1211,4037,13226,1,231.6,61.91141158165338,26.7,T1_normal,-97.522673,28.2078,115.0,-97.49466233333334,28.47964933333333,115.0,23.4
1212,4037,13410,1,122.9,38.01603778734277,30.9,T1_normal,-97.522673,28.2078,115.0,-97.4230987368421,27.74350405263158,115.0,22.6
1213,4038,4054,1,98.0,8.767499317531025,8.9,T1_normal,-97.8000875,28.41935,115.0,-97.650894,28.246189,115.0,4.0
1214,4038,4125,1,131.0,55.61824562122373,42.5,T1_normal,-97.8000875,28.41935,115.0,-97.8308125,28.6249795,115.0,21.5
1215,4038,4169,1,218.0,156.89606162626424,72.0,T1_normal,-97.8000875,28.41935,115.0,-97.817507,28.170179,115.0,54.9
1216,4038,4169,1,218.0,156.89606162626424,72.0,T1_normal,-97.8000875,28.41935,115.0,-97.817507,28.170179,115.0,54.9
1217,4038,4178,1,220.0,139.34850298470104,63.3,T1_normal,-97.8000875,28.41935,115.0,-97.49466233333334,28.47964933333333,115.0,55.6
1218,4038,13394,1,169.5,26.75787532907252,15.8,T1_normal,-97.8000875,28.41935,115.0,-97.8000875,28.41935,115.0,1.1
1219,4040,4039,1,384.0,14.153677258752673,3.7,T1_normal,-98.349756,26.24829825,115.0,-98.349756,26.24829825,230.0,4.4
1220,4040,4039,1,384.0,14.153677258752673,3.7,T1_normal,-98.349756,26.24829825,115.0,-98.349756,26.24829825,230.0,4.4
1221,4073,4039,1,750.0,23.6360940724893,3.2,T1_normal,-98.349756,26.24829825,230.0,-98.349756,26.24829825,230.0,1.9
1222,4073,4039,1,750.0,23.6360940724893,3.2,T1_normal,-98.349756,26.24829825,230.0,-98.349756,26.24829825,230.0,1.9
1223,4039,4151,1,750.0,39.65494454249301,5.3,T1_normal,-98.349756,26.24829825,230.0,-97.67189133333332,26.95126033333333,230.0,1.4
1224,4039,4151,1,750.0,39.65494454249301,5.3,T1_normal,-98.349756,26.24829825,230.0,-97.67189133333332,26.95126033333333,230.0,1.4
1225,4039,4151,1,750.0,39.65494454249301,5.3,T1_normal,-98.349756,26.24829825,230.0,-97.67189133333332,26.95126033333333,230.0,1.4
1226,13323,4039,1,126.0,100.00000000000004,79.4,T1_normal,-98.349756,26.24829825,20.0,-98.349756,26.24829825,230.0,74.2
1227,4040,4074,1,250.0,29.075597453021373,11.6,T1_normal,-98.349756,26.24829825,115.0,-98.349756,26.24829825,115.0,11.6
1228,4074,4040,1,250.0,29.075597453021373,11.6,T1_normal,-98.349756,26.24829825,115.0,-98.349756,26.24829825,115.0,11.6
1229,4074,4040,1,250.0,29.075597453021373,11.6,T1_normal,-98.349756,26.24829825,115.0,-98.349756,26.24829825,115.0,11.6
1230,4079,4040,1,300.0,79.23300484075622,26.4,T1_normal,-98.349756,26.24829825,115.0,-98.349756,26.24829825,115.0,24.7
1231,4079,4040,1,300.0,79.23300484075622,26.4,T1_normal,-98.349756,26.24829825,115.0,-98.349756,26.24829825,115.0,24.7
1232,4079,4040,1,300.0,79.23300484075622,26.4,T1_normal,-98.349756,26.24829825,115.0,-98.349756,26.24829825,115.0,24.7
1233,4040,4155,1,220.0,157.91533406227973,71.8,T1_normal,-98.349756,26.24829825,115.0,-98.567191,26.253727,115.0,70.0
1234,4042,4041,1,442.0,31.204158973397966,7.1,T1_normal,-98.114039,26.230677,115.0,-98.114039,26.230677,230.0,7.1
1235,4042,4041,1,442.0,31.204158973397966,7.1,T1_normal,-98.114039,26.230677,115.0,-98.114039,26.230677,230.0,7.1
1236,4042,4041,1,442.0,31.204158973397966,7.1,T1_normal,-98.114039,26.230677,115.0,-98.114039,26.230677,230.0,7.1
1237,4073,4041,1,820.0,43.37088329274046,5.3,T1_normal,-98.349756,26.24829825,230.0,-98.114039,26.230677,230.0,5.8
1238,4073,4041,1,820.0,43.37088329274046,5.3,T1_normal,-98.349756,26.24829825,230.0,-98.114039,26.230677,230.0,5.8
1239,4088,4042,1,250.0,88.99032232251614,35.6,T1_normal,-98.189714,26.149684,115.0,-98.114039,26.230677,115.0,35.0
1240,4088,4042,1,250.0,88.99032232251614,35.6,T1_normal,-98.189714,26.149684,115.0,-98.114039,26.230677,115.0,35.0
1241,4107,4042,1,221.0,28.20656078261337,12.8,T1_normal,-98.058657,26.1619,115.0,-98.114039,26.230677,115.0,12.2
1242,4107,4042,1,221.0,28.20656078261337,12.8,T1_normal,-98.058657,26.1619,115.0,-98.114039,26.230677,115.0,12.2
1243,4043,4119,1,450.0,221.8773332937699,49.3,T1_normal,-99.10145,26.603250000000003,115.0,-99.017108,26.523359,115.0,48.6
1244,12960,4043,1,358.3,237.5999999999999,66.3,T1_normal,-99.10145,26.603250000000003,20.0,-99.10145,26.603250000000003,115.0,62.0
1245,4043,13034,1,222.0,100.79999999999956,45.4,T1_normal,-99.10145,26.603250000000003,115.0,-99.05745,26.69842,115.0,42.5
1246,4043,13034,1,222.0,100.79999999999956,45.4,T1_normal,-99.10145,26.603250000000003,115.0,-99.05745,26.69842,115.0,42.5
1247,4043,13427,1,275.0,113.5472819912847,41.3,T1_normal,-99.10145,26.603250000000003,115.0,-98.74585185714284,26.441022428571426,115.0,41.6
1248,4045,4044,1,28.5,10.500000000000009,36.8,T1_normal,-99.10145,26.603250000000003,13.8,-99.10145,26.603250000000003,115.0,35.1
1249,4046,4044,1,29.8,9.999999999999998,33.6,T1_normal,-99.10145,26.603250000000003,13.8,-99.10145,26.603250000000003,115.0,32.0
1250,4047,4044,1,27.6,10.000000000000009,36.2,T1_normal,-99.10145,26.603250000000003,13.8,-99.10145,26.603250000000003,115.0,34.6
1251,4044,4119,1,221.0,7.353076261313163,3.3,T1_normal,-99.10145,26.603250000000003,115.0,-99.017108,26.523359,115.0,6.9
1252,4185,4044,1,149.0,37.85307626131278,25.4,T1_normal,-99.162765,26.930929,115.0,-99.10145,26.603250000000003,115.0,9.3
1253,4048,4154,1,221.0,67.26102121048747,30.4,T1_normal,-98.494493,26.242813,115.0,-98.476164,26.321607,115.0,30.2
1254,4048,4155,1,221.0,9.531196343345629,4.3,T1_normal,-98.494493,26.242813,115.0,-98.567191,26.253727,115.0,4.4
1255,4048,4155,1,221.0,9.531196343345629,4.3,T1_normal,-98.494493,26.242813,115.0,-98.567191,26.253727,115.0,4.4
1256,4048,4164,1,192.1,138.58754375944642,72.1,T1_normal,-98.494493,26.242813,115.0,-98.654824,26.274827,115.0,71.1
1257,4048,4164,1,192.1,138.58754375944642,72.1,T1_normal,-98.494493,26.242813,115.0,-98.654824,26.274827,115.0,71.1
1258,4048,4164,1,192.1,138.58754375944642,72.1,T1_normal,-98.494493,26.242813,115.0,-98.654824,26.274827,115.0,71.1
1259,4050,4049,1,326.4,197.80915752251093,60.6,T1_normal,-97.59928033333334,26.348161,13.8,-97.59928033333334,26.348161,115.0,56.6
1260,4050,4049,1,300.0,74.79084247748888,24.9,T1_normal,-97.59928033333334,26.348161,13.8,-97.59928033333334,26.348161,115.0,23.3
1261,4086,4049,1,149.0,80.73188488279115,54.2,T1_normal,-97.49144733333333,26.244685,115.0,-97.59928033333334,26.348161,115.0,52.6
1262,4049,4194,1,221.0,95.93405755860438,43.4,T1_normal,-97.59928033333334,26.348161,115.0,-97.59928033333334,26.348161,115.0,39.9
1263,4049,4194,1,221.0,95.93405755860438,43.4,T1_normal,-97.59928033333334,26.348161,115.0,-97.59928033333334,26.348161,115.0,39.9
1264,4052,4051,1,54.7,38.8321861453548,71.0,T1_normal,-97.7314385,27.5750945,18.0,-97.7314385,27.5750945,115.0,57.7
1265,4127,4051,1,221.0,5.900971817885381,2.7,T1_normal,-98.07572,27.65992,115.0,-97.7314385,27.5750945,115.0,5.5
1266,4053,4152,1,221.0,21.40802560699413,9.7,T1_normal,-97.67189133333332,26.95126033333333,115.0,-97.67189133333332,26.95126033333333,115.0,11.4
1267,4053,4152,1,221.0,21.40802560699413,9.7,T1_normal,-97.67189133333332,26.95126033333333,115.0,-97.67189133333332,26.95126033333333,115.0,11.4
1268,4053,4191,1,221.0,21.35302560699417,9.7,T1_normal,-97.67189133333332,26.95126033333333,115.0,-97.566721,26.545765,115.0,11.4
1269,4053,4191,1,221.0,21.35302560699417,9.7,T1_normal,-97.67189133333332,26.95126033333333,115.0,-97.566721,26.545765,115.0,11.4
1270,4055,4078,1,221.0,20.426256528600373,9.2,T1_normal,-97.4230987368421,27.74350405263158,115.0,-97.4230987368421,27.74350405263158,115.0,6.0
1271,4055,4078,1,221.0,20.426256528600373,9.2,T1_normal,-97.4230987368421,27.74350405263158,115.0,-97.4230987368421,27.74350405263158,115.0,6.0
1272,4055,4109,1,149.0,53.15610065522063,35.7,T1_normal,-97.4230987368421,27.74350405263158,115.0,-97.4230987368421,27.74350405263158,115.0,30.1
1273,4055,4145,1,221.0,93.07533653293136,42.1,T1_normal,-97.4230987368421,27.74350405263158,115.0,-97.384238,27.892132,115.0,35.3
1274,4055,4145,1,221.0,93.07533653293136,42.1,T1_normal,-97.4230987368421,27.74350405263158,115.0,-97.384238,27.892132,115.0,35.3
1275,4055,4159,1,157.9,29.122962052723977,18.4,T1_normal,-97.4230987368421,27.74350405263158,115.0,-97.4230987368421,27.74350405263158,115.0,23.7
1276,4055,4168,1,144.2,16.04308521612481,11.1,T1_normal,-97.4230987368421,27.74350405263158,115.0,-97.4230987368421,27.74350405263158,115.0,21.1
1277,4057,4056,1,500.0,90.25294761083956,18.1,T1_normal,-97.242778,27.882778,115.0,-97.242778,27.882778,230.0,12.8
1278,4058,4056,1,200.9,143.3032715871936,71.3,T1_normal,-97.242778,27.882778,13.8,-97.242778,27.882778,230.0,57.7
1279,4059,4056,1,202.5,131.60654317438727,65.0,T1_normal,-97.242778,27.882778,13.8,-97.242778,27.882778,230.0,42.9
1280,4060,4056,1,232.8,138.68058540696157,59.6,T1_normal,-97.242778,27.882778,13.8,-97.242778,27.882778,230.0,48.2
1281,4056,4158,1,750.0,132.30878390651986,17.6,T1_normal,-97.242778,27.882778,230.0,-97.4230987368421,27.74350405263158,230.0,11.4
1282,4056,4181,1,647.0,191.0286686511821,29.5,T1_normal,-97.242778,27.882778,230.0,-97.351834,27.96312533333333,230.0,25.6
1283,4057,4108,1,221.0,71.04635950024303,32.1,T1_normal,-97.242778,27.882778,115.0,-97.258417,27.88929,115.0,29.9
1284,4108,4057,1,221.0,71.04635950024303,32.1,T1_normal,-97.258417,27.88929,115.0,-97.242778,27.882778,115.0,29.9
1285,4057,4145,1,221.0,73.37931830543569,33.2,T1_normal,-97.242778,27.882778,115.0,-97.384238,27.892132,115.0,28.0
1286,4057,4145,1,221.0,73.37931830543569,33.2,T1_normal,-97.242778,27.882778,115.0,-97.384238,27.892132,115.0,28.0
1287,4057,4145,1,193.6,85.58703000045469,44.2,T1_normal,-97.242778,27.882778,115.0,-97.384238,27.892132,115.0,37.3
1288,4065,4064,1,232.2,145.309667673716,62.6,T1_normal,-97.4230987368421,27.74350405263158,18.0,-97.4230987368421,27.74350405263158,115.0,60.4
1289,4069,4064,1,98.0,41.04730639996612,41.9,T1_normal,-97.4230987368421,27.74350405263158,115.0,-97.4230987368421,27.74350405263158,115.0,39.9
1290,4064,4099,1,221.0,84.19265431646798,38.1,T1_normal,-97.4230987368421,27.74350405263158,115.0,-97.743983,27.992706,115.0,27.8
1291,4064,4099,1,221.0,84.19265431646798,38.1,T1_normal,-97.4230987368421,27.74350405263158,115.0,-97.743983,27.992706,115.0,27.8
1292,4064,4100,1,210.9,135.85855775002074,64.4,T1_normal,-97.4230987368421,27.74350405263158,115.0,-97.4230987368421,27.74350405263158,115.0,61.6
1293,4064,4104,1,221.0,9.550681888411194,4.3,T1_normal,-97.4230987368421,27.74350405263158,115.0,-97.351834,27.96312533333333,115.0,2.6
1294,4064,4104,1,221.0,9.550681888411194,4.3,T1_normal,-97.4230987368421,27.74350405263158,115.0,-97.351834,27.96312533333333,115.0,2.6
1295,4064,4150,1,117.3,18.641439458426355,15.9,T1_normal,-97.4230987368421,27.74350405263158,115.0,-97.4230987368421,27.74350405263158,115.0,18.0
1296,4064,13410,1,138.0,67.39604433170712,48.8,T1_normal,-97.4230987368421,27.74350405263158,115.0,-97.4230987368421,27.74350405263158,115.0,38.0
1297,4066,4068,1,149.0,50.764565396998584,34.1,T1_normal,-97.989155,26.158622,115.0,-98.0096,26.296101,115.0,33.7
1298,4066,4103,1,123.5,36.42961539447755,29.5,T1_normal,-97.989155,26.158622,115.0,-98.3163296,26.4391468,115.0,31.5
1299,4066,4107,1,221.0,35.14284729499941,15.9,T1_normal,-97.989155,26.158622,115.0,-98.058657,26.1619,115.0,15.7
1300,4066,4107,1,221.0,35.14284729499941,15.9,T1_normal,-97.989155,26.158622,115.0,-98.058657,26.1619,115.0,15.7
1301,4066,4107,1,122.2,24.05012461852536,19.7,T1_normal,-97.989155,26.158622,115.0,-98.058657,26.1619,115.0,19.4
1302,4066,13425,1,123.7,10.000000000000142,8.1,T1_normal,-97.989155,26.158622,115.0,-97.855505,26.160302,115.0,7.6
1303,4111,4067,1,300.0,42.839526816914386,14.3,T1_normal,-97.77439,26.2062325,115.0,-97.77439,26.2062325,115.0,14.1
1304,4194,4067,1,300.0,60.156414722743534,20.1,T1_normal,-97.59928033333334,26.348161,115.0,-97.77439,26.2062325,115.0,20.7
1305,4194,4067,1,300.0,60.156414722743534,20.1,T1_normal,-97.59928033333334,26.348161,115.0,-97.77439,26.2062325,115.0,20.7
1306,4194,4067,1,300.0,60.156414722743534,20.1,T1_normal,-97.59928033333334,26.348161,115.0,-97.77439,26.2062325,115.0,20.7
1307,4068,4103,1,98.0,4.061380792452329,4.1,T1_normal,-98.0096,26.296101,115.0,-98.3163296,26.4391468,115.0,0.0
1308,4068,4186,1,149.0,78.52141996931579,52.7,T1_normal,-98.0096,26.296101,115.0,-97.8237255,26.316918,115.0,49.2
1309,4069,4072,1,98.0,35.093357158881666,35.8,T1_normal,-97.4230987368421,27.74350405263158,115.0,-97.4230987368421,27.74350405263158,115.0,30.6
1310,4069,4099,1,107.4,68.40985986222495,63.7,T1_normal,-97.4230987368421,27.74350405263158,115.0,-97.743983,27.992706,115.0,48.6
1311,4069,4100,1,110.9,27.278580941768737,24.6,T1_normal,-97.4230987368421,27.74350405263158,115.0,-97.4230987368421,27.74350405263158,115.0,24.1
1312,4069,4156,1,138.0,61.77925906297324,44.8,T1_normal,-97.4230987368421,27.74350405263158,115.0,-97.4230987368421,27.74350405263158,115.0,37.4
1313,4071,4070,1,353.0,7.090982741033436,2.0,T1_normal,-97.4539215,25.94677375,115.0,-97.4539215,25.94677375,230.0,4.9
1314,4071,4070,1,353.0,7.090982741033436,2.0,T1_normal,-97.4539215,25.94677375,115.0,-97.4539215,25.94677375,230.0,4.9
1315,4070,4183,1,443.0,61.29538689339675,13.8,T1_normal,-97.4539215,25.94677375,230.0,-97.6450875,26.4880805,230.0,0.9
1316,4070,4192,1,750.0,37.73867618773181,5.0,T1_normal,-97.4539215,25.94677375,230.0,-97.4539215,25.94677375,230.0,2.6
1317,4070,4192,1,750.0,37.73867618773181,5.0,T1_normal,-97.4539215,25.94677375,230.0,-97.4539215,25.94677375,230.0,2.6
1318,4106,4071,1,221.0,114.10616041335304,51.6,T1_normal,-97.377599,26.125979,115.0,-97.4539215,25.94677375,115.0,47.4
1319,4071,13296,1,247.0,153.1618741045797,62.0,T1_normal,-97.4539215,25.94677375,115.0,-97.4539215,25.94677375,115.0,57.5
1320,4072,4078,1,121.2,0.6443206448279781,0.5,T1_normal,-97.4230987368421,27.74350405263158,115.0,-97.4230987368421,27.74350405263158,115.0,0.1
1321,4072,4120,1,115.8,53.37728265133865,46.1,T1_normal,-97.4230987368421,27.74350405263158,115.0,-97.4230987368421,27.74350405263158,115.0,39.3
1322,4072,4156,1,221.0,61.14305512946699,27.7,T1_normal,-97.4230987368421,27.74350405263158,115.0,-97.4230987368421,27.74350405263158,115.0,22.7
1323,4072,4168,1,221.0,27.49637402433356,12.4,T1_normal,-97.4230987368421,27.74350405263158,115.0,-97.4230987368421,27.74350405263158,115.0,5.9
1324,4072,4168,1,221.0,27.49637402433356,12.4,T1_normal,-97.4230987368421,27.74350405263158,115.0,-97.4230987368421,27.74350405263158,115.0,5.9
1325,4074,4073,1,397.0,10.544173395209455,2.7,T1_normal,-98.349756,26.24829825,115.0,-98.349756,26.24829825,230.0,2.5
1326,4074,4073,1,397.0,10.544173395209455,2.7,T1_normal,-98.349756,26.24829825,115.0,-98.349756,26.24829825,230.0,2.5
1327,4075,4073,1,246.2,162.09123903509789,65.8,T1_normal,-98.349756,26.24829825,24.0,-98.349756,26.24829825,230.0,40.6
1328,4076,4073,1,270.9,121.61157292441764,44.9,T1_normal,-98.349756,26.24829825,24.0,-98.349756,26.24829825,230.0,0.0
1329,4077,4073,1,269.0,152.77645277089783,56.8,T1_normal,-98.349756,26.24829825,24.0,-98.349756,26.24829825,230.0,40.9
1330,4146,4073,1,548.0,79.36923108008057,14.5,T1_normal,-99.3906115,27.588413625,230.0,-98.349756,26.24829825,230.0,7.0
1331,4073,4183,1,750.0,107.97731599273304,14.4,T1_normal,-98.349756,26.24829825,230.0,-97.6450875,26.4880805,230.0,10.5
1332,4192,4073,1,820.0,94.03041613672956,11.5,T1_normal,-97.4539215,25.94677375,230.0,-98.349756,26.24829825,230.0,10.2
1333,4074,4103,1,127.5,7.242158194978465,5.7,T1_normal,-98.349756,26.24829825,115.0,-98.3163296,26.4391468,115.0,3.5
1334,4155,4074,1,221.0,98.13883396480776,44.4,T1_normal,-98.567191,26.253727,115.0,-98.349756,26.24829825,115.0,43.2
1335,4078,4100,1,125.2,22.32248645369186,17.8,T1_normal,-97.4230987368421,27.74350405263158,115.0,-97.4230987368421,27.74350405263158,115.0,14.6
1336,4120,4078,1,250.0,30.56058193555451,12.2,T1_normal,-97.4230987368421,27.74350405263158,115.0,-97.4230987368421,27.74350405263158,115.0,10.2
1337,4078,4180,1,98.0,19.656109993316814,20.1,T1_normal,-97.4230987368421,27.74350405263158,115.0,-97.114983,27.777437,115.0,14.2
1338,4079,4103,1,103.2,30.11943275035476,29.2,T1_normal,-98.349756,26.24829825,115.0,-98.3163296,26.4391468,115.0,28.7
1339,4079,4157,1,250.0,27.769679292281957,11.1,T1_normal,-98.349756,26.24829825,115.0,-98.349756,26.24829825,115.0,9.3
1340,4079,4157,1,250.0,27.769679292281957,11.1,T1_normal,-98.349756,26.24829825,115.0,-98.349756,26.24829825,115.0,9.3
1341,4079,4157,1,110.9,41.06908868806052,37.0,T1_normal,-98.349756,26.24829825,115.0,-98.349756,26.24829825,115.0,30.9
1342,4081,4080,1,250.0,75.77927427269202,30.3,T1_normal,-97.4230987368421,27.74350405263158,115.0,-97.4230987368421,27.74350405263158,230.0,17.9
1343,4081,4080,1,250.0,75.77927427269202,30.3,T1_normal,-97.4230987368421,27.74350405263158,115.0,-97.4230987368421,27.74350405263158,230.0,17.9
1344,4081,4080,1,250.0,75.77927427269202,30.3,T1_normal,-97.4230987368421,27.74350405263158,115.0,-97.4230987368421,27.74350405263158,230.0,17.9
1345,4082,4080,1,398.2,232.77235202066828,58.5,T1_normal,-97.4230987368421,27.74350405263158,13.8,-97.4230987368421,27.74350405263158,230.0,25.1
1346,4083,4080,1,421.8,218.37463360091763,51.8,T1_normal,-97.4230987368421,27.74350405263158,13.8,-97.4230987368421,27.74350405263158,230.0,24.5
1347,4084,4080,1,214.5,138.76430234285257,64.7,T1_normal,-97.4230987368421,27.74350405263158,13.8,-97.4230987368421,27.74350405263158,230.0,53.3
1348,4085,4080,1,197.3,138.76430234285257,70.3,T1_normal,-97.4230987368421,27.74350405263158,13.8,-97.4230987368421,27.74350405263158,230.0,58.0
1349,4140,4080,1,750.0,260.1944333103131,34.7,T1_normal,-97.61079925,27.13808725,230.0,-97.4230987368421,27.74350405263158,230.0,30.2
1350,4140,4080,1,750.0,260.1944333103131,34.7,T1_normal,-97.61079925,27.13808725,230.0,-97.4230987368421,27.74350405263158,230.0,30.2
1351,4080,4151,1,750.0,341.8232183654852,45.6,T1_normal,-97.4230987368421,27.74350405263158,230.0,-97.67189133333332,26.95126033333333,230.0,39.4
1352,4080,4181,1,647.0,98.38072686111764,15.2,T1_normal,-97.4230987368421,27.74350405263158,230.0,-97.351834,27.96312533333333,230.0,14.2
1353,4183,4080,1,820.0,629.2829477852353,76.7,T1_normal,-97.6450875,26.4880805,230.0,-97.4230987368421,27.74350405263158,230.0,60.7
1354,4080,12535,1,800.0,507.8203757381228,63.5,T1_normal,-97.4230987368421,27.74350405263158,230.0,-97.4230987368421,27.74350405263158,500.0,51.1
1355,4080,12535,1,800.0,507.8203757381228,63.5,T1_normal,-97.4230987368421,27.74350405263158,230.0,-97.4230987368421,27.74350405263158,500.0,51.1
1356,4080,12535,1,800.0,507.8203757381228,63.5,T1_normal,-97.4230987368421,27.74350405263158,230.0,-97.4230987368421,27.74350405263158,500.0,51.1
1357,4080,12535,1,800.0,507.8203757381228,63.5,T1_normal,-97.4230987368421,27.74350405263158,230.0,-97.4230987368421,27.74350405263158,500.0,51.1
1358,4086,4106,1,149.0,75.05590697568549,50.4,T1_normal,-97.49144733333333,26.244685,115.0,-97.377599,26.125979,115.0,47.1
1359,4110,4086,1,149.0,104.32832237007484,70.0,T1_normal,-97.271778,26.235,115.0,-97.49144733333333,26.244685,115.0,68.2
1360,4086,4111,1,102.5,21.8594015395956,21.3,T1_normal,-97.49144733333333,26.244685,115.0,-97.77439,26.2062325,115.0,20.8
1361,13116,4086,1,297.8,198.5000000000001,66.7,T1_normal,-97.49144733333333,26.244685,20.0,-97.49144733333333,26.244685,115.0,62.3
1362,4086,13128,1,120.4,33.89566509311823,28.2,T1_normal,-97.49144733333333,26.244685,115.0,-97.49144733333333,26.244685,115.0,24.1
1363,4086,13247,1,157.0,72.56368723939772,46.2,T1_normal,-97.49144733333333,26.244685,115.0,-97.49144733333333,26.244685,115.0,43.4
1364,4086,13296,1,150.1,96.7862761437135,64.5,T1_normal,-97.49144733333333,26.244685,115.0,-97.4539215,25.94677375,115.0,59.9
1365,4156,4087,1,221.0,30.4498037729112,13.8,T1_normal,-97.4230987368421,27.74350405263158,115.0,-97.4230987368421,27.74350405263158,115.0,12.1
1366,4090,4089,1,25.2,10.000000000000009,39.7,T1_normal,-97.8237255,26.316918,13.8,-97.8237255,26.316918,115.0,38.1
1367,4089,4103,1,120.0,28.7148875443048,23.9,T1_normal,-97.8237255,26.316918,115.0,-98.3163296,26.4391468,115.0,21.4
1368,4089,4194,1,149.0,50.26467726386343,33.7,T1_normal,-97.8237255,26.316918,115.0,-97.59928033333334,26.348161,115.0,33.0
1369,4089,13296,1,99.3,44.69540109786854,45.0,T1_normal,-97.8237255,26.316918,115.0,-97.4539215,25.94677375,115.0,41.7
1370,4169,4099,1,221.0,40.35737861691424,18.3,T1_normal,-97.817507,28.170179,115.0,-97.743983,27.992706,115.0,12.0
1371,4169,4099,1,221.0,40.35737861691424,18.3,T1_normal,-97.817507,28.170179,115.0,-97.743983,27.992706,115.0,12.0
1372,13049,4099,1,234.4,239.2062666553857,102.1,T4_light,-97.743983,27.992706,20.0,-97.743983,27.992706,115.0,79.8
1373,4100,4120,1,250.0,71.42107362129444,28.6,T1_normal,-97.4230987368421,27.74350405263158,115.0,-97.4230987368421,27.74350405263158,115.0,22.9
1374,4100,4120,1,124.5,17.987322812778395,14.4,T1_normal,-97.4230987368421,27.74350405263158,115.0,-97.4230987368421,27.74350405263158,115.0,11.6
1375,4150,4100,1,221.0,18.474482746118422,8.4,T1_normal,-97.4230987368421,27.74350405263158,115.0,-97.4230987368421,27.74350405263158,115.0,2.6
1376,4150,4100,1,221.0,18.474482746118422,8.4,T1_normal,-97.4230987368421,27.74350405263158,115.0,-97.4230987368421,27.74350405263158,115.0,2.6
1377,4168,4100,1,221.0,46.21175974870919,20.9,T1_normal,-97.4230987368421,27.74350405263158,115.0,-97.4230987368421,27.74350405263158,115.0,24.1
1378,4168,4100,1,221.0,46.21175974870919,20.9,T1_normal,-97.4230987368421,27.74350405263158,115.0,-97.4230987368421,27.74350405263158,115.0,24.1
1379,4168,4100,1,221.0,46.21175974870919,20.9,T1_normal,-97.4230987368421,27.74350405263158,115.0,-97.4230987368421,27.74350405263158,115.0,24.1
1380,4100,13410,1,191.0,107.44607003445844,56.3,T1_normal,-97.4230987368421,27.74350405263158,115.0,-97.4230987368421,27.74350405263158,115.0,57.8
1381,4175,4101,1,149.0,31.88233233658435,21.4,T1_normal,-99.3906115,27.588413625,115.0,-99.3906115,27.588413625,115.0,19.0
1382,4197,4101,1,149.0,32.986595872382196,22.1,T1_normal,-99.005278,27.488056,115.0,-99.3906115,27.588413625,115.0,21.1
1383,13082,4101,1,263.7,199.9923421300661,75.8,T1_normal,-99.3906115,27.588413625,20.0,-99.3906115,27.588413625,115.0,70.9
1384,4101,13228,1,132.0,70.9506013859599,53.8,T1_normal,-99.3906115,27.588413625,115.0,-99.3906115,27.588413625,115.0,50.2
1385,4126,4102,1,300.0,7.834399931691394,2.6,T1_normal,-97.4539215,25.94677375,115.0,-97.52318,26.074676,115.0,3.6
1386,4126,4102,1,300.0,7.834399931691394,2.6,T1_normal,-97.4539215,25.94677375,115.0,-97.52318,26.074676,115.0,3.6
1387,4102,4171,1,250.0,30.367295657162252,12.1,T1_normal,-97.52318,26.074676,115.0,-97.629292,26.106086,115.0,13.1
1388,4102,4171,1,250.0,30.367295657162252,12.1,T1_normal,-97.52318,26.074676,115.0,-97.629292,26.106086,115.0,13.1
1389,4102,13296,1,128.2,59.23579145094182,46.2,T1_normal,-97.52318,26.074676,115.0,-97.4539215,25.94677375,115.0,46.0
1390,4103,12906,1,185.0,139.61540644200977,75.5,T1_normal,-98.3163296,26.4391468,115.0,-98.411111,26.465556,115.0,72.3
1391,4103,12906,1,185.0,139.61540644200977,75.5,T1_normal,-98.3163296,26.4391468,115.0,-98.411111,26.465556,115.0,72.3
1392,4105,4104,1,219.8,0.0,0.0,T1_normal,-97.351834,27.96312533333333,18.0,-97.351834,27.96312533333333,115.0,0.0
1393,4105,4104,1,128.0,0.0,0.0,T1_normal,-97.351834,27.96312533333333,18.0,-97.351834,27.96312533333333,115.0,0.0
1394,4104,4145,1,98.0,9.634993545462043,9.8,T1_normal,-97.351834,27.96312533333333,115.0,-97.384238,27.892132,115.0,3.3
1395,4106,13296,1,116.3,18.699746562332287,16.1,T1_normal,-97.377599,26.125979,115.0,-97.4539215,25.94677375,115.0,14.5
1396,13352,4106,1,136.4,95.29999999999998,69.9,T1_normal,-97.377599,26.125979,20.0,-97.377599,26.125979,115.0,65.3
1397,4170,4108,1,149.0,93.3540302948046,62.7,T1_normal,-97.092196,27.873028,115.0,-97.258417,27.88929,115.0,56.8
1398,12739,4108,1,202.9,0.0,0.0,T1_normal,-97.258417,27.88929,20.0,-97.258417,27.88929,115.0,0.0
1399,12740,4108,1,177.1,140.00000000000009,79.1,T1_normal,-97.258417,27.88929,20.0,-97.258417,27.88929,115.0,77.2
1400,12741,4108,1,130.4,85.00000000000006,65.2,T1_normal,-97.258417,27.88929,20.0,-97.258417,27.88929,115.0,61.2
1401,4108,13167,1,179.0,38.786749295290335,21.7,T1_normal,-97.258417,27.88929,115.0,-97.351834,27.96312533333333,115.0,16.0
1402,4109,4123,1,133.6,72.27380554861202,54.1,T1_normal,-97.4230987368421,27.74350405263158,115.0,-97.4230987368421,27.74350405263158,115.0,34.1
1403,4109,4156,1,98.0,15.396105880759592,15.7,T1_normal,-97.4230987368421,27.74350405263158,115.0,-97.4230987368421,27.74350405263158,115.0,20.8
1404,4110,4171,1,149.0,46.978322370074906,31.5,T1_normal,-97.271778,26.235,115.0,-97.629292,26.106086,115.0,29.7
1405,4111,4122,1,122.3,63.99803911517243,52.3,T1_normal,-97.77439,26.2062325,115.0,-98.27456266666668,26.232699,115.0,46.1
1406,4186,4111,1,221.0,93.72911075866313,42.4,T1_normal,-97.8237255,26.316918,115.0,-97.77439,26.2062325,115.0,39.5
1407,4124,4112,1,221.0,20.632475544981155,9.3,T1_normal,-98.216213,26.880517,115.0,-97.90137,27.139147,115.0,5.7
1408,4124,4112,1,221.0,20.632475544981155,9.3,T1_normal,-98.216213,26.880517,115.0,-97.90137,27.139147,115.0,5.7
1409,4112,4141,1,221.0,17.837475544981185,8.1,T1_normal,-97.90137,27.139147,115.0,-97.61079925,27.13808725,115.0,4.4
1410,4112,4141,1,221.0,17.837475544981185,8.1,T1_normal,-97.90137,27.139147,115.0,-97.61079925,27.13808725,115.0,4.4
1411,4114,4113,1,387.0,154.76377249653018,40.0,T1_normal,-99.3906115,27.588413625,115.0,-99.3906115,27.588413625,230.0,29.0
1412,4115,4113,1,124.1,0.005283930254496,0.0,T1_normal,-99.3906115,27.588413625,13.8,-99.3906115,27.588413625,230.0,0.0
1413,4116,4113,1,114.5,87.29471606974553,76.2,T1_normal,-99.3906115,27.588413625,13.8,-99.3906115,27.588413625,230.0,73.2
1414,4146,4113,1,548.0,70.86866017954243,12.9,T1_normal,-99.3906115,27.588413625,230.0,-99.3906115,27.588413625,230.0,26.3
1415,4190,4114,1,221.0,21.053836027542516,9.5,T1_normal,-99.3906115,27.588413625,115.0,-99.3906115,27.588413625,115.0,3.0
1416,4190,4114,1,221.0,21.053836027542516,9.5,T1_normal,-99.3906115,27.588413625,115.0,-99.3906115,27.588413625,115.0,3.0
1417,4114,4197,1,165.5,73.09171198086074,44.2,T1_normal,-99.3906115,27.588413625,115.0,-99.005278,27.488056,115.0,30.9
1418,4114,4197,1,165.5,73.09171198086074,44.2,T1_normal,-99.3906115,27.588413625,115.0,-99.005278,27.488056,115.0,30.9
1419,4117,4172,1,220.0,159.24908420711824,72.4,T1_normal,-98.48596,28.764536,115.0,-98.428996,28.935779,115.0,67.8
1420,4139,4118,1,98.0,7.991960570911871,8.2,T1_normal,-97.962915,28.093161,115.0,-98.143051,28.257475,115.0,2.2
1421,4148,4118,1,98.0,5.8880394290880655,6.0,T1_normal,-98.573186,28.310347,115.0,-98.143051,28.257475,115.0,12.0
1422,4164,4119,1,221.0,63.538984203503325,28.8,T1_normal,-98.654824,26.274827,115.0,-99.017108,26.523359,115.0,29.1
1423,13250,4119,1,214.8,135.99999999999994,63.3,T1_normal,-99.017108,26.523359,20.0,-99.017108,26.523359,115.0,59.2
1424,4119,13428,1,221.0,115.70763641447697,52.4,T1_normal,-99.017108,26.523359,115.0,-98.74585185714284,26.441022428571426,115.0,54.5
1425,4119,13428,1,221.0,115.70763641447697,52.4,T1_normal,-99.017108,26.523359,115.0,-98.74585185714284,26.441022428571426,115.0,54.5
1426,4120,4150,1,116.4,71.01548023741309,61.0,T1_normal,-97.4230987368421,27.74350405263158,115.0,-97.4230987368421,27.74350405263158,115.0,39.4
1427,4122,4157,1,221.0,4.030776363688204,1.8,T1_normal,-98.27456266666668,26.232699,115.0,-98.349756,26.24829825,115.0,5.4
1428,4122,4157,1,221.0,4.030776363688204,1.8,T1_normal,-98.27456266666668,26.232699,115.0,-98.349756,26.24829825,115.0,5.4
1429,12643,4122,1,246.1,162.36146545935634,66.0,T1_normal,-98.27456266666668,26.232699,20.0,-98.27456266666668,26.232699,115.0,42.7
1430,12644,4122,1,210.2,148.40946881384775,70.6,T1_normal,-98.27456266666668,26.232699,20.0,-98.27456266666668,26.232699,115.0,49.0
1431,12645,4122,1,234.0,151.9404064038884,64.9,T1_normal,-98.27456266666668,26.232699,20.0,-98.27456266666668,26.232699,115.0,49.2
1432,4123,4180,1,98.0,27.07792030148792,27.6,T1_normal,-97.4230987368421,27.74350405263158,115.0,-97.114983,27.777437,115.0,24.6
1433,4128,4124,1,221.0,32.822475544981124,14.9,T1_normal,-98.74585185714284,26.441022428571426,115.0,-98.216213,26.880517,115.0,11.2
1434,4128,4124,1,221.0,32.822475544981124,14.9,T1_normal,-98.74585185714284,26.441022428571426,115.0,-98.216213,26.880517,115.0,11.2
1435,6264,4125,1,333.0,74.65172315549744,22.4,T1_normal,-97.894958,28.733411,115.0,-97.8308125,28.6249795,115.0,19.4
1436,4125,12858,1,600.0,303.9243977947985,50.7,T1_normal,-97.8308125,28.6249795,115.0,-97.8308125,28.6249795,230.0,40.3
1437,4125,12914,1,275.0,125.0,45.5,T1_normal,-97.8308125,28.6249795,115.0,-98.001388,28.655277,115.0,42.5
1438,4125,12914,1,275.0,125.0,45.5,T1_normal,-97.8308125,28.6249795,115.0,-98.001388,28.655277,115.0,42.5
1439,4125,13394,1,137.3,77.45787532907241,56.4,T1_normal,-97.8308125,28.6249795,115.0,-97.8000875,28.41935,115.0,35.9
1440,4193,4126,1,250.0,13.968200710261591,5.6,T1_normal,-97.4539215,25.94677375,115.0,-97.4539215,25.94677375,115.0,6.8
1441,4193,4126,1,250.0,13.968200710261591,5.6,T1_normal,-97.4539215,25.94677375,115.0,-97.4539215,25.94677375,115.0,6.8
1442,4193,4126,1,250.0,13.968200710261591,5.6,T1_normal,-97.4539215,25.94677375,115.0,-97.4539215,25.94677375,115.0,6.8
1443,4126,13296,1,220.0,101.14419773259851,46.0,T1_normal,-97.4539215,25.94677375,115.0,-97.4539215,25.94677375,115.0,44.5
1444,4144,4127,1,143.0,81.38902818211471,56.9,T1_normal,-98.060187,27.986244,115.0,-98.07572,27.65992,115.0,52.5
1445,4128,13093,1,239.3,200.0,83.6,T2_watch,-98.74585185714284,26.441022428571426,115.0,-97.97505466666668,28.59622966666667,115.0,78.1
1446,4129,4130,1,98.0,49.38803942908812,50.4,T1_normal,-98.496692,27.634419,115.0,-98.62897,27.835918,115.0,56.3
1447,4129,4176,1,120.0,66.78803942908802,55.7,T1_normal,-98.496692,27.634419,115.0,-98.883685,27.48301875,115.0,60.5
1448,4130,4179,1,98.0,39.90803942908805,40.7,T1_normal,-98.62897,27.835918,115.0,-98.385775,27.849558,115.0,46.7
1449,4132,4131,1,383.0,105.139416338644,27.5,T1_normal,-99.11781366666668,28.92295633333333,115.0,-99.11781366666668,28.92295633333333,230.0,44.2
1450,4132,4131,1,383.0,105.139416338644,27.5,T1_normal,-99.11781366666668,28.92295633333333,115.0,-99.11781366666668,28.92295633333333,230.0,44.2
1451,4133,4131,1,266.4,194.11023622047244,72.9,T1_normal,-99.11781366666668,28.92295633333333,20.0,-99.11781366666668,28.92295633333333,230.0,70.1
1452,4131,6308,1,608.0,308.9953382018174,50.8,T1_normal,-99.11781366666668,28.92295633333333,230.0,-99.141134,29.427375,230.0,55.9
1453,4131,6308,1,608.0,308.9953382018174,50.8,T1_normal,-99.11781366666668,28.92295633333333,230.0,-99.141134,29.427375,230.0,55.9
1454,4132,4143,1,149.0,13.011113613028902,8.7,T1_normal,-99.11781366666668,28.92295633333333,115.0,-99.191188,28.703396,115.0,20.3
1455,4132,4143,1,116.3,18.09175960758596,15.6,T1_normal,-99.11781366666668,28.92295633333333,115.0,-99.191188,28.703396,115.0,36.1
1456,6357,4132,1,149.0,66.59032873265916,44.7,T1_normal,-99.168888,29.135837,115.0,-99.11781366666668,28.92295633333333,115.0,37.0
1457,4132,13104,1,210.8,39.75590551181103,18.9,T1_normal,-99.11781366666668,28.92295633333333,115.0,-99.11781366666668,28.92295633333333,115.0,0.0
1458,4132,13259,1,148.7,90.24409448818888,60.7,T1_normal,-99.11781366666668,28.92295633333333,115.0,-99.11781366666668,28.92295633333333,115.0,81.7
1459,4139,4144,1,143.0,73.86455289608493,51.7,T1_normal,-97.962915,28.093161,115.0,-98.060187,27.986244,115.0,32.2
1460,4139,4169,1,149.0,55.252592325173126,37.1,T1_normal,-97.962915,28.093161,115.0,-97.817507,28.170179,115.0,22.3
1461,4141,4140,1,428.0,167.16198359104055,39.1,T1_normal,-97.61079925,27.13808725,115.0,-97.61079925,27.13808725,230.0,29.8
1462,4141,4140,1,428.0,167.16198359104055,39.1,T1_normal,-97.61079925,27.13808725,115.0,-97.61079925,27.13808725,230.0,29.8
1463,4140,4151,1,443.0,198.06717419422543,44.7,T1_normal,-97.61079925,27.13808725,230.0,-97.67189133333332,26.95126033333333,230.0,38.2
1464,4140,4196,1,523.0,12.002274755683828,2.3,T1_normal,-97.61079925,27.13808725,230.0,-99.005278,27.488056,230.0,5.5
1465,4141,4165,1,450.0,204.87985915458097,45.5,T1_normal,-97.61079925,27.13808725,115.0,-97.61079925,27.13808725,115.0,41.8
1466,4141,4165,1,450.0,204.87985915458097,45.5,T1_normal,-97.61079925,27.13808725,115.0,-97.61079925,27.13808725,115.0,41.8
1467,4189,4143,1,169.0,45.462873220614874,26.9,T1_normal,-99.63215,28.4834915,115.0,-99.191188,28.703396,115.0,51.2
1468,4144,13256,1,172.3,156.52358107819958,90.8,T3_prevent,-98.060187,27.986244,115.0,-97.98045,27.918286,115.0,71.0
1469,4147,4146,1,459.0,302.04306258948003,65.8,T1_normal,-99.3906115,27.588413625,115.0,-99.3906115,27.588413625,230.0,58.9
1470,4146,4196,1,750.0,226.0964441724303,30.1,T1_normal,-99.3906115,27.588413625,230.0,-99.005278,27.488056,230.0,25.1
1471,4146,4196,1,750.0,226.0964441724303,30.1,T1_normal,-99.3906115,27.588413625,230.0,-99.005278,27.488056,230.0,25.1
1472,4148,4179,1,98.0,19.98803942908807,20.4,T1_normal,-98.573186,28.310347,115.0,-98.385775,27.849558,115.0,26.3
1473,4173,4149,1,170.0,76.68968795603439,45.1,T1_normal,-96.899059,28.291147,115.0,-97.19689,28.120701,115.0,40.8
1474,4149,4182,1,221.0,114.37504552017964,51.8,T1_normal,-97.19689,28.120701,115.0,-97.351834,27.96312533333333,115.0,46.5
1475,4152,4151,1,250.0,113.20807682561636,45.3,T1_normal,-97.67189133333332,26.95126033333333,115.0,-97.67189133333332,26.95126033333333,230.0,41.8
1476,4152,4151,1,250.0,113.20807682561636,45.3,T1_normal,-97.67189133333332,26.95126033333333,115.0,-97.67189133333332,26.95126033333333,230.0,41.8
1477,4152,4151,1,250.0,113.20807682561636,45.3,T1_normal,-97.67189133333332,26.95126033333333,115.0,-97.67189133333332,26.95126033333333,230.0,41.8
1478,4153,4151,1,328.9,283.20000000000005,86.1,T2_watch,-97.67189133333332,26.95126033333333,18.0,-97.67189133333332,26.95126033333333,230.0,86.1
1479,4151,4158,1,750.0,201.89867154461933,26.9,T1_normal,-97.67189133333332,26.95126033333333,230.0,-97.4230987368421,27.74350405263158,230.0,21.9
1480,4152,13036,1,450.0,200.9999999999998,44.7,T1_normal,-97.67189133333332,26.95126033333333,115.0,-97.67189133333332,26.95126033333333,115.0,41.7
1481,4164,4155,1,221.0,75.48519119827439,34.2,T1_normal,-98.654824,26.274827,115.0,-98.567191,26.253727,115.0,33.8
1482,4155,12906,1,143.2,90.47829207106108,63.2,T1_normal,-98.567191,26.253727,115.0,-98.411111,26.465556,115.0,61.0
1483,4155,12906,1,143.2,90.47829207106108,63.2,T1_normal,-98.567191,26.253727,115.0,-98.411111,26.465556,115.0,61.0
1484,4159,4158,1,620.0,270.44411320700493,43.6,T1_normal,-97.4230987368421,27.74350405263158,115.0,-97.4230987368421,27.74350405263158,230.0,37.1
1485,4159,4158,1,620.0,270.44411320700493,43.6,T1_normal,-97.4230987368421,27.74350405263158,115.0,-97.4230987368421,27.74350405263158,230.0,37.1
1486,4160,4158,1,421.6,3.595921450151085,0.9,T1_normal,-97.4230987368421,27.74350405263158,13.8,-97.4230987368421,27.74350405263158,230.0,0.0
1487,4161,4158,1,196.1,131.4444142393543,67.0,T1_normal,-97.4230987368421,27.74350405263158,13.8,-97.4230987368421,27.74350405263158,230.0,49.1
1488,4162,4158,1,222.4,138.76430234285257,62.4,T1_normal,-97.4230987368421,27.74350405263158,13.8,-97.4230987368421,27.74350405263158,230.0,51.4
1489,4159,4168,1,250.0,48.144788986572706,19.3,T1_normal,-97.4230987368421,27.74350405263158,115.0,-97.4230987368421,27.74350405263158,115.0,19.7
1490,4159,4168,1,250.0,48.144788986572706,19.3,T1_normal,-97.4230987368421,27.74350405263158,115.0,-97.4230987368421,27.74350405263158,115.0,19.7
1491,4159,4168,1,250.0,48.144788986572706,19.3,T1_normal,-97.4230987368421,27.74350405263158,115.0,-97.4230987368421,27.74350405263158,115.0,19.7
1492,4159,4168,1,250.0,48.144788986572706,19.3,T1_normal,-97.4230987368421,27.74350405263158,115.0,-97.4230987368421,27.74350405263158,115.0,19.7
1493,4159,4168,1,212.5,82.68982938408698,38.9,T1_normal,-97.4230987368421,27.74350405263158,115.0,-97.4230987368421,27.74350405263158,115.0,39.8
1494,4159,4168,1,212.5,82.68982938408698,38.9,T1_normal,-97.4230987368421,27.74350405263158,115.0,-97.4230987368421,27.74350405263158,115.0,39.8
1495,4159,4168,1,212.5,82.68982938408698,38.9,T1_normal,-97.4230987368421,27.74350405263158,115.0,-97.4230987368421,27.74350405263158,115.0,39.8
1496,4159,4168,1,212.5,82.68982938408698,38.9,T1_normal,-97.4230987368421,27.74350405263158,115.0,-97.4230987368421,27.74350405263158,115.0,39.8
1497,4159,12566,1,1284.0,513.6018249323826,40.0,T1_normal,-97.4230987368421,27.74350405263158,115.0,-97.4230987368421,27.74350405263158,500.0,38.8
1498,4159,12566,1,1284.0,513.6018249323826,40.0,T1_normal,-97.4230987368421,27.74350405263158,115.0,-97.4230987368421,27.74350405263158,500.0,38.8
1499,4164,13063,1,177.3,107.43470956827731,60.6,T1_normal,-98.654824,26.274827,115.0,-98.74585185714284,26.441022428571426,115.0,59.5
1500,4164,13063,1,177.3,107.43470956827731,60.6,T1_normal,-98.654824,26.274827,115.0,-98.74585185714284,26.441022428571426,115.0,59.5
1501,4164,13063,1,177.3,107.43470956827731,60.6,T1_normal,-98.654824,26.274827,115.0,-98.74585185714284,26.441022428571426,115.0,59.5
1502,4164,13063,1,177.3,107.43470956827731,60.6,T1_normal,-98.654824,26.274827,115.0,-98.74585185714284,26.441022428571426,115.0,59.5
1503,4166,4165,1,238.7,141.0741807733531,59.1,T1_normal,-97.61079925,27.13808725,13.8,-97.61079925,27.13808725,115.0,55.2
1504,4166,4165,1,222.0,60.52581922664704,27.3,T1_normal,-97.61079925,27.13808725,13.8,-97.61079925,27.13808725,115.0,25.5
1505,4165,13131,1,220.0,129.61600064445236,58.9,T1_normal,-97.61079925,27.13808725,115.0,-97.61079925,27.13808725,115.0,54.7
1506,4186,4167,1,149.0,3.699469272021272,2.5,T1_normal,-97.8237255,26.316918,115.0,-97.921496,26.477435,115.0,2.4
1507,12626,4168,1,242.3,150.13023287232224,62.0,T1_normal,-97.4230987368421,27.74350405263158,20.0,-97.4230987368421,27.74350405263158,115.0,51.2
1508,12627,4168,1,267.5,144.24413728394222,53.9,T1_normal,-97.4230987368421,27.74350405263158,20.0,-97.4230987368421,27.74350405263158,115.0,41.0
1509,12628,4168,1,202.7,143.84641886419175,71.0,T1_normal,-97.4230987368421,27.74350405263158,20.0,-97.4230987368421,27.74350405263158,115.0,60.9
1510,12773,4169,1,368.7,366.9342881611835,99.5,T3_prevent,-97.817507,28.170179,20.0,-97.817507,28.170179,115.0,77.8
1511,4180,4170,1,149.0,57.4940302948046,38.6,T1_normal,-97.114983,27.777437,115.0,-97.092196,27.873028,115.0,32.7
1512,6221,4172,1,149.0,2.5870924994753963,1.7,T1_normal,-98.240425,28.867033,115.0,-98.428996,28.935779,115.0,6.0
1513,4172,6346,1,149.0,119.52617670659367,80.2,T2_watch,-98.428996,28.935779,115.0,-98.48181,29.070547,115.0,65.8
1514,7030,4173,1,149.0,64.63968795603436,43.4,T1_normal,-96.70457766666668,28.589903333333336,115.0,-96.899059,28.291147,115.0,38.4
1515,6015,4174,1,221.0,30.852001688644215,14.0,T1_normal,-98.737267,29.283035,115.0,-98.776694,29.203679,115.0,13.8
1516,6276,4174,1,149.0,11.692001688644105,7.8,T1_normal,-98.622442,29.243915,115.0,-98.776694,29.203679,115.0,7.6
1517,4176,4175,1,149.0,35.08636508870495,23.5,T1_normal,-98.883685,27.48301875,115.0,-99.3906115,27.588413625,115.0,21.1
1518,4177,4176,1,187.6,102.66450543646516,54.7,T1_normal,-98.883685,27.48301875,13.8,-98.883685,27.48301875,115.0,51.2
1519,4177,4176,1,165.0,47.33549456353465,28.7,T1_normal,-98.883685,27.48301875,13.8,-98.883685,27.48301875,115.0,26.8
1520,4176,4197,1,216.4,212.59453537141795,98.2,T3_prevent,-98.883685,27.48301875,115.0,-99.005278,27.488056,115.0,89.7
1521,12802,4176,1,227.0,150.0,66.1,T1_normal,-98.883685,27.48301875,13.8,-98.883685,27.48301875,115.0,61.8
1522,4176,12816,1,178.9,68.94681416607717,38.5,T1_normal,-98.883685,27.48301875,115.0,-98.883685,27.48301875,115.0,37.1
1523,4176,13423,1,124.4,54.477874276865634,43.8,T1_normal,-98.883685,27.48301875,115.0,-98.883685,27.48301875,115.0,39.0
1524,4178,6253,1,149.0,64.66601594318028,43.4,T1_normal,-97.49466233333334,28.47964933333333,115.0,-97.428562,28.857734,115.0,36.1
1525,4182,4181,1,169.0,12.94179481547042,7.7,T1_normal,-97.351834,27.96312533333333,115.0,-97.351834,27.96312533333333,230.0,1.2
1526,7274,4181,1,443.0,279.8061469745947,63.2,T1_normal,-97.00621414285716,28.74651585714286,230.0,-97.351834,27.96312533333333,230.0,58.4
1527,13050,4181,1,253.9,200.0999999999999,78.8,T1_normal,-97.351834,27.96312533333333,20.0,-97.351834,27.96312533333333,230.0,73.6
1528,4182,13167,1,225.0,124.11325070470907,55.2,T1_normal,-97.351834,27.96312533333333,115.0,-97.351834,27.96312533333333,115.0,54.9
1529,4184,4183,1,400.0,159.01024489910532,39.8,T1_normal,-97.6450875,26.4880805,115.0,-97.6450875,26.4880805,230.0,33.3
1530,12800,4183,1,350.0,301.00000000000017,86.0,T2_watch,-97.6450875,26.4880805,20.0,-97.6450875,26.4880805,230.0,80.4
1531,4191,4184,1,221.0,1.8619743930057275,0.8,T1_normal,-97.566721,26.545765,115.0,-97.6450875,26.4880805,115.0,0.9
1532,4191,4184,1,221.0,1.8619743930057275,0.8,T1_normal,-97.566721,26.545765,115.0,-97.6450875,26.4880805,115.0,0.9
1533,4184,4194,1,250.0,81.36709684255817,32.5,T1_normal,-97.6450875,26.4880805,115.0,-97.59928033333334,26.348161,115.0,25.9
1534,4184,4194,1,250.0,81.36709684255817,32.5,T1_normal,-97.6450875,26.4880805,115.0,-97.59928033333334,26.348161,115.0,25.9
1535,4184,13025,1,146.3,0.0,0.0,T1_normal,-97.6450875,26.4880805,115.0,-97.6450875,26.4880805,115.0,0.0
1536,4184,13025,1,146.3,0.0,0.0,T1_normal,-97.6450875,26.4880805,115.0,-97.6450875,26.4880805,115.0,0.0
1537,13048,4186,1,271.1,200.20000000000007,73.8,T1_normal,-97.8237255,26.316918,20.0,-97.8237255,26.316918,115.0,69.5
1538,4187,4189,1,197.0,18.78379128297949,9.5,T1_normal,-99.214344,28.293173,115.0,-99.63215,28.4834915,115.0,36.2
1539,13345,4190,1,122.6,99.99234213006608,81.6,T2_watch,-99.3906115,27.588413625,20.0,-99.3906115,27.588413625,115.0,76.2
1540,4193,4192,1,438.0,6.18435458708948,1.4,T1_normal,-97.4539215,25.94677375,115.0,-97.4539215,25.94677375,230.0,3.4
1541,4193,4192,1,438.0,6.18435458708948,1.4,T1_normal,-97.4539215,25.94677375,115.0,-97.4539215,25.94677375,230.0,3.4
1542,4193,4192,1,438.0,6.18435458708948,1.4,T1_normal,-97.4539215,25.94677375,115.0,-97.4539215,25.94677375,230.0,3.4
1543,12896,4192,1,382.0,0.0,0.0,T1_normal,-97.4539215,25.94677375,20.0,-97.4539215,25.94677375,230.0,0.0
1544,4193,13296,1,289.0,201.5715383695159,69.7,T1_normal,-97.4539215,25.94677375,115.0,-97.4539215,25.94677375,115.0,63.9
1545,13033,4194,1,297.6,201.6,67.7,T1_normal,-97.59928033333334,26.348161,20.0,-97.59928033333334,26.348161,115.0,63.3
1546,4196,4195,1,1233.0,617.1077270953987,50.0,T1_normal,-99.005278,27.488056,230.0,-99.005278,27.488056,500.0,43.8
1547,4196,4195,1,1233.0,617.1077270953987,50.0,T1_normal,-99.005278,27.488056,230.0,-99.005278,27.488056,500.0,43.8
1548,4195,6239,1,2020.0,1326.515454190798,65.7,T1_normal,-99.005278,27.488056,500.0,-98.35335,29.282378,500.0,57.8
1549,13353,4195,1,133.2,92.3,69.3,T1_normal,-99.005278,27.488056,20.0,-99.005278,27.488056,500.0,64.8
1550,4197,4196,1,700.0,385.0101455451254,55.0,T1_normal,-99.005278,27.488056,115.0,-99.005278,27.488056,230.0,52.4
1551,4197,4196,1,700.0,385.0101455451254,55.0,T1_normal,-99.005278,27.488056,115.0,-99.005278,27.488056,230.0,52.4
1552,4197,13067,1,187.0,172.67714818470063,92.3,T3_prevent,-99.005278,27.488056,115.0,-98.91,27.44,115.0,85.8
1553,4197,13067,1,187.0,172.67714818470063,92.3,T3_prevent,-99.005278,27.488056,115.0,-98.91,27.44,115.0,85.8
1554,4197,13423,1,215.7,144.06945032937983,66.8,T1_normal,-99.005278,27.488056,115.0,-98.883685,27.48301875,115.0,61.7
1555,5003,5181,1,218.0,182.2205242638688,83.6,T2_watch,-96.6344372,32.9086048,161.0,-96.6344372,32.9086048,161.0,73.9
1556,5003,5213,1,251.0,182.30742627208087,72.6,T1_normal,-96.6344372,32.9086048,161.0,-96.6344372,32.9086048,161.0,46.9
1557,5003,5308,1,338.1,245.43301218756213,72.6,T1_normal,-96.6344372,32.9086048,161.0,-96.5458,32.8358,161.0,53.3
1558,5003,5351,1,292.1,253.6305477353039,86.8,T2_watch,-96.6344372,32.9086048,161.0,-96.6344372,32.9086048,161.0,64.0
1559,5003,5351,1,292.1,253.6305477353039,86.8,T2_watch,-96.6344372,32.9086048,161.0,-96.6344372,32.9086048,161.0,64.0
1560,5003,5436,1,236.0,227.64493106858873,96.5,T3_prevent,-96.6344372,32.9086048,161.0,-96.80082027272728,32.808276409090915,161.0,68.7
1561,5004,5426,1,251.0,45.01595654172146,17.9,T1_normal,-96.329632,32.158265,161.0,-96.245039,32.366686,161.0,12.8
1562,5476,5004,1,251.0,33.28595654172144,13.3,T1_normal,-96.38666966666666,32.061173333333336,161.0,-96.329632,32.158265,161.0,17.5
1563,5005,5046,1,214.7,1638.9645267682226,763.4,T7_structural,-98.008849,32.527015,161.0,-98.187624,32.1858615,161.0,3.8
1564,5133,5005,1,187.0,2734.9085323468485,1462.5,T7_structural,-97.924354,32.362649,161.0,-98.008849,32.527015,161.0,40.3
1565,5005,5435,1,187.0,1104.8940055786263,590.9,T7_structural,-98.008849,32.527015,161.0,-98.17276,32.600503,161.0,49.4
1566,5006,5072,1,310.0,61.4527169702356,19.8,T1_normal,-96.80082027272728,32.808276409090915,161.0,-96.80082027272728,32.808276409090915,161.0,13.8
1567,5006,5072,1,310.0,61.4527169702356,19.8,T1_normal,-96.80082027272728,32.808276409090915,161.0,-96.80082027272728,32.808276409090915,161.0,13.8
1568,5006,5072,1,310.0,61.4527169702356,19.8,T1_normal,-96.80082027272728,32.808276409090915,161.0,-96.80082027272728,32.808276409090915,161.0,13.8
1569,5006,5072,1,214.9,67.08650043192108,31.2,T1_normal,-96.80082027272728,32.808276409090915,161.0,-96.80082027272728,32.808276409090915,161.0,21.7
1570,5006,5103,1,205.0,198.71429020343143,96.9,T3_prevent,-96.80082027272728,32.808276409090915,161.0,-96.7025715,32.983810000000005,161.0,74.6
1571,5006,5289,1,310.0,109.83518438322476,35.4,T1_normal,-96.80082027272728,32.808276409090915,161.0,-96.80082027272728,32.808276409090915,161.0,23.9
1572,5289,5006,1,310.0,109.83518438322476,35.4,T1_normal,-96.80082027272728,32.808276409090915,161.0,-96.80082027272728,32.808276409090915,161.0,23.9
1573,5006,5294,1,187.0,96.14113242899408,51.4,T1_normal,-96.80082027272728,32.808276409090915,161.0,-96.80082027272728,32.808276409090915,161.0,32.8
1574,5007,5012,1,251.0,91.80298218137608,36.6,T1_normal,-97.13581333333332,33.210620166666665,161.0,-97.13581333333332,33.210620166666665,161.0,20.3
1575,5007,5012,1,217.4,45.53789395292469,20.9,T1_normal,-97.13581333333332,33.210620166666665,161.0,-97.13581333333332,33.210620166666665,161.0,11.6
1576,5165,5007,1,409.0,17.85010734327699,4.4,T1_normal,-97.13581333333332,33.210620166666665,161.0,-97.13581333333332,33.210620166666665,161.0,13.5
1577,5134,5008,1,251.0,120.02115404671056,47.8,T1_normal,-98.892466,32.804272,161.0,-99.33232,32.77921550000001,161.0,44.6
1578,5347,5008,1,187.0,166.09925901631416,88.8,T2_watch,-99.1533074,32.3857988,161.0,-99.33232,32.77921550000001,161.0,55.1
1579,5396,5008,1,400.0,298.40041306302476,74.6,T1_normal,-99.33232,32.77921550000001,161.0,-99.33232,32.77921550000001,161.0,56.8
1580,5009,5294,1,187.0,4.55029990789626,2.4,T1_normal,-96.80082027272728,32.808276409090915,161.0,-96.80082027272728,32.808276409090915,161.0,24.2
1581,5009,5311,1,187.0,27.24710508905872,14.6,T1_normal,-96.80082027272728,32.808276409090915,161.0,-96.80082027272728,32.808276409090915,161.0,21.0
1582,5009,5482,1,409.0,46.40003535363917,11.3,T1_normal,-96.80082027272728,32.808276409090915,161.0,-96.80082027272728,32.808276409090915,161.0,16.8
1583,5010,5096,1,310.0,223.71814572691093,72.2,T1_normal,-96.73076228571428,33.04730142857143,161.0,-96.73076228571428,33.04730142857143,161.0,55.6
1584,5010,5096,1,310.0,223.71814572691093,72.2,T1_normal,-96.73076228571428,33.04730142857143,161.0,-96.73076228571428,33.04730142857143,161.0,55.6
1585,5010,5357,1,220.0,9.19002681903578,4.2,T1_normal,-96.73076228571428,33.04730142857143,161.0,-96.6508655,33.101957,161.0,2.1
1586,5386,5010,1,310.0,136.31387342214154,44.0,T1_normal,-96.7025715,32.983810000000005,161.0,-96.73076228571428,33.04730142857143,161.0,33.3
1587,5386,5010,1,310.0,136.31387342214154,44.0,T1_normal,-96.7025715,32.983810000000005,161.0,-96.73076228571428,33.04730142857143,161.0,33.3
1588,5011,5054,1,251.0,48.17921625358012,19.2,T1_normal,-96.608952,31.299588,161.0,-96.520013,31.503056,161.0,6.3
1589,8084,5011,1,251.0,55.81921625358053,22.2,T1_normal,-96.4866,31.1803,161.0,-96.608952,31.299588,161.0,3.2
1590,5012,5017,1,187.0,4.119156902354959,2.2,T1_normal,-97.13581333333332,33.210620166666665,161.0,-97.311628,33.198704,161.0,1.5
1591,5012,5165,1,204.9,25.91431194851772,12.6,T1_normal,-97.13581333333332,33.210620166666665,161.0,-97.13581333333332,33.210620166666665,161.0,0.8
1592,5012,5315,1,351.0,137.62959211409935,39.2,T1_normal,-97.13581333333332,33.210620166666665,161.0,-97.13581333333332,33.210620166666665,161.0,26.3
1593,5012,13266,1,209.6,220.0344811522255,105.0,T4_light,-97.13581333333332,33.210620166666665,161.0,-97.466582,33.243525500000004,161.0,51.0
1594,5013,5101,1,187.0,108.78469558073772,58.2,T1_normal,-98.805134,31.842565,161.0,-98.6525545,31.8568005,161.0,12.6
1595,5156,5013,1,208.0,65.42510002325574,31.5,T1_normal,-98.927404,31.931233,161.0,-98.805134,31.842565,161.0,55.1
1596,5013,5226,1,187.0,135.19974205687024,72.3,T1_normal,-98.805134,31.842565,161.0,-98.776277,31.686677,161.0,49.1
1597,5013,13051,1,208.1,72.50014649938912,34.8,T1_normal,-98.805134,31.842565,161.0,-98.6525545,31.8568005,161.0,9.7
1598,5014,5455,1,251.0,234.77164556646704,93.5,T3_prevent,-97.466582,33.243525500000004,161.0,-97.669953,33.372433,161.0,58.8
1599,5014,13266,1,186.5,220.03448115222497,118.0,T5_moderate,-97.466582,33.243525500000004,161.0,-97.466582,33.243525500000004,161.0,57.3
1600,5016,5015,1,1206.0,716.5242232996121,59.4,T1_normal,-97.254531,32.926023,161.0,-97.254531,32.926023,500.0,50.2
1601,5016,5015,1,1206.0,716.5242232996121,59.4,T1_normal,-97.254531,32.926023,161.0,-97.254531,32.926023,500.0,50.2
1602,5015,5047,1,2219.0,53.09866393529887,2.4,T1_normal,-97.254531,32.926023,500.0,-97.188374,32.503973,500.0,7.2
1603,5063,5015,1,2020.0,1509.129078325749,74.7,T1_normal,-97.12502636363637,32.69967490909091,500.0,-97.254531,32.926023,500.0,70.6
1604,5015,5164,1,2020.0,163.01585490719148,8.1,T1_normal,-97.254531,32.926023,500.0,-97.13581333333332,33.210620166666665,500.0,12.7
1605,5361,5015,1,4352.0,4047.2355259687297,93.0,T3_prevent,-97.9208,33.1964,500.0,-97.254531,32.926023,500.0,87.0
1606,5015,5384,1,2121.3,1308.889016495786,61.7,T1_normal,-97.254531,32.926023,500.0,-96.80082027272728,32.808276409090915,500.0,62.6
1607,5015,5479,1,2020.0,205.3031273957302,10.2,T1_normal,-97.254531,32.926023,500.0,-97.306547,32.532666,500.0,9.0
1608,5015,12863,1,2149.4,419.02196894258594,19.5,T1_normal,-97.254531,32.926023,500.0,-97.458078,32.3380315,500.0,19.2
1609,5265,5016,1,409.0,278.4048810883533,68.1,T1_normal,-97.254531,32.926023,161.0,-97.254531,32.926023,161.0,58.5
1610,5265,5016,1,409.0,278.4048810883533,68.1,T1_normal,-97.254531,32.926023,161.0,-97.254531,32.926023,161.0,58.5
1611,5265,5016,1,409.0,278.4048810883533,68.1,T1_normal,-97.254531,32.926023,161.0,-97.254531,32.926023,161.0,58.5
1612,5420,5016,1,310.0,152.43679217802892,49.2,T1_normal,-97.34008506896552,32.753233586206896,161.0,-97.254531,32.926023,161.0,42.7
1613,5420,5016,1,310.0,152.43679217802892,49.2,T1_normal,-97.34008506896552,32.753233586206896,161.0,-97.254531,32.926023,161.0,42.7
1614,5218,5017,1,187.0,100.95965912178748,54.0,T1_normal,-97.340499,33.099993,161.0,-97.311628,33.198704,161.0,33.6
1615,5017,5315,1,187.0,73.15050221943284,39.1,T1_normal,-97.311628,33.198704,161.0,-97.13581333333332,33.210620166666665,161.0,22.4
1616,5019,5018,1,590.0,152.77848811303127,25.9,T1_normal,-98.244763,33.097641,161.0,-98.244763,33.097641,500.0,17.9
1617,5020,5018,1,164.2,120.0,73.1,T1_normal,-98.244763,33.097641,13.8,-98.244763,33.097641,500.0,68.3
1618,5018,5021,1,2487.5,1709.7906182889271,68.7,T1_normal,-98.244763,33.097641,500.0,-97.572841,32.708154,500.0,64.3
1619,5018,5055,1,2020.0,2139.674607712068,105.9,T4_light,-98.244763,33.097641,500.0,-98.7321385,33.1268065,500.0,41.7
1620,5018,5236,1,3146.0,976.6620667108012,31.0,T1_normal,-98.244763,33.097641,500.0,-98.81875,33.316907,500.0,24.6
1621,5018,5236,1,3146.0,976.6620667108012,31.0,T1_normal,-98.244763,33.097641,500.0,-98.81875,33.316907,500.0,24.6
1622,5018,5361,1,2468.4,1469.6954684190334,59.5,T1_normal,-98.244763,33.097641,500.0,-97.9208,33.1964,500.0,52.6
1623,5018,5361,1,2468.4,1469.6954684190334,59.5,T1_normal,-98.244763,33.097641,500.0,-97.9208,33.1964,500.0,52.6
1624,5018,5394,1,2587.1,1003.116743527016,38.8,T1_normal,-98.244763,33.097641,500.0,-99.33232,32.77921550000001,500.0,56.5
1625,5018,5394,1,2587.1,1003.116743527016,38.8,T1_normal,-98.244763,33.097641,500.0,-99.33232,32.77921550000001,500.0,56.5
1626,5018,5413,1,2768.0,1417.2721849476754,51.2,T1_normal,-98.244763,33.097641,500.0,-98.2935895,32.711098,500.0,40.7
1627,5019,5176,1,251.0,152.77848811303133,60.9,T1_normal,-98.244763,33.097641,161.0,-98.324274,32.904994,161.0,42.0
1628,5022,5021,1,1375.0,980.5870137482416,71.3,T1_normal,-97.572841,32.708154,161.0,-97.572841,32.708154,500.0,61.1
1629,5022,5021,1,1375.0,980.5870137482416,71.3,T1_normal,-97.572841,32.708154,161.0,-97.572841,32.708154,500.0,61.1
1630,5021,5055,1,2419.1,2375.0764181265204,98.2,T3_prevent,-97.572841,32.708154,500.0,-98.7321385,33.1268065,500.0,73.7
1631,5021,5401,1,3146.0,735.1752550052349,23.4,T1_normal,-97.572841,32.708154,500.0,-97.69946625,32.40925625,500.0,18.4
1632,5021,5413,1,3146.0,632.8831706130188,20.1,T1_normal,-97.572841,32.708154,500.0,-98.2935895,32.711098,500.0,22.7
1633,5479,5021,1,2768.0,2021.4009245267505,73.0,T1_normal,-97.306547,32.532666,500.0,-97.572841,32.708154,500.0,66.3
1634,5249,5022,1,409.0,264.9368049048551,64.8,T1_normal,-97.34008506896552,32.753233586206896,161.0,-97.572841,32.708154,161.0,56.5
1635,5249,5022,1,409.0,264.9368049048551,64.8,T1_normal,-97.34008506896552,32.753233586206896,161.0,-97.572841,32.708154,161.0,56.5
1636,5306,5022,1,310.0,162.0725927557915,52.3,T1_normal,-97.572841,32.708154,161.0,-97.572841,32.708154,161.0,42.2
1637,5306,5022,1,310.0,162.0725927557915,52.3,T1_normal,-97.572841,32.708154,161.0,-97.572841,32.708154,161.0,42.2
1638,5022,5441,1,550.0,483.45761608759386,87.9,T2_watch,-97.572841,32.708154,161.0,-97.34008506896552,32.753233586206896,161.0,74.1
1639,5022,5441,1,550.0,483.45761608759386,87.9,T2_watch,-97.572841,32.708154,161.0,-97.34008506896552,32.753233586206896,161.0,74.1
1640,5140,5024,1,187.0,13.158433719580742,7.0,T1_normal,-97.73162625,31.4620585,161.0,-97.73162625,31.4620585,161.0,3.4
1641,5024,5182,1,187.0,18.641842457857297,10.0,T1_normal,-97.73162625,31.4620585,161.0,-97.73162625,31.4620585,161.0,5.6
1642,5452,5024,1,251.0,113.62907295182136,45.3,T1_normal,-97.968224,31.219045,161.0,-97.73162625,31.4620585,161.0,6.9
1643,5024,5466,1,205.0,30.90879677438352,15.1,T1_normal,-97.73162625,31.4620585,161.0,-97.73162625,31.4620585,161.0,8.2
1644,5453,5025,1,310.0,17.958653325410978,5.8,T1_normal,-97.458078,32.3380315,161.0,-97.458078,32.3380315,161.0,11.0
1645,5453,5025,1,310.0,17.958653325410978,5.8,T1_normal,-97.458078,32.3380315,161.0,-97.458078,32.3380315,161.0,11.0
1646,5025,5473,1,310.0,19.271346674589296,6.2,T1_normal,-97.458078,32.3380315,161.0,-97.655141,32.266222,161.0,23.0
1647,5025,5473,1,310.0,19.271346674589296,6.2,T1_normal,-97.458078,32.3380315,161.0,-97.655141,32.266222,161.0,23.0
1648,5026,5104,1,310.0,55.53834214543585,17.9,T1_normal,-97.34008506896552,32.753233586206896,161.0,-97.34008506896552,32.753233586206896,161.0,6.2
1649,5026,5104,1,310.0,55.53834214543585,17.9,T1_normal,-97.34008506896552,32.753233586206896,161.0,-97.34008506896552,32.753233586206896,161.0,6.2
1650,5026,5375,1,251.0,60.011212178621065,23.9,T1_normal,-97.34008506896552,32.753233586206896,161.0,-97.34008506896552,32.753233586206896,161.0,12.4
1651,5026,5441,1,261.1,80.31247035297753,30.8,T1_normal,-97.34008506896552,32.753233586206896,161.0,-97.34008506896552,32.753233586206896,161.0,37.2
1652,5027,5098,1,409.0,29.288721711001383,7.2,T1_normal,-97.34008506896552,32.753233586206896,161.0,-97.34008506896552,32.753233586206896,161.0,4.2
1653,5027,5441,1,252.0,212.18582662868357,84.2,T2_watch,-97.34008506896552,32.753233586206896,161.0,-97.34008506896552,32.753233586206896,161.0,49.6
1654,5027,5469,1,310.0,104.03918670320706,33.6,T1_normal,-97.34008506896552,32.753233586206896,161.0,-97.34008506896552,32.753233586206896,161.0,32.2
1655,5027,5469,1,310.0,104.03918670320706,33.6,T1_normal,-97.34008506896552,32.753233586206896,161.0,-97.34008506896552,32.753233586206896,161.0,32.2
1656,5027,5481,1,409.0,67.73176753195997,16.6,T1_normal,-97.34008506896552,32.753233586206896,161.0,-97.34008506896552,32.753233586206896,161.0,32.2
1657,5097,5028,1,310.0,218.14591358776596,70.4,T1_normal,-97.0886755,32.837196,161.0,-97.34008506896552,32.753233586206896,161.0,51.4
1658,5097,5028,1,310.0,218.14591358776596,70.4,T1_normal,-97.0886755,32.837196,161.0,-97.34008506896552,32.753233586206896,161.0,51.4
1659,5028,5233,1,310.0,84.344861615088,27.2,T1_normal,-97.34008506896552,32.753233586206896,161.0,-97.0886755,32.837196,161.0,38.1
1660,5028,5478,1,409.0,315.59902309520993,77.2,T1_normal,-97.34008506896552,32.753233586206896,161.0,-96.9700122,32.8603614,161.0,46.7
1661,5029,5142,1,251.0,3.119743948106368,1.2,T1_normal,-97.260738,31.291151,161.0,-97.390061,31.285086,161.0,29.2
1662,5461,5029,1,251.0,0.3497439481062514,0.1,T1_normal,-97.314427,31.08967366666667,161.0,-97.260738,31.291151,161.0,27.8
1663,5312,5030,1,251.0,7.626028413818453,3.0,T1_normal,-97.561179,32.900196,161.0,-97.6966,32.853068,161.0,13.3
1664,5030,5430,1,310.0,87.23602841381854,28.1,T1_normal,-97.6966,32.853068,161.0,-97.825534,32.762033333333335,161.0,36.4
1665,5031,5141,1,187.0,57.74495934290602,30.9,T1_normal,-96.483157,33.151747,161.0,-96.378479,33.321734,161.0,29.3
1666,5031,5296,1,251.0,8.487783035984009,3.4,T1_normal,-96.483157,33.151747,161.0,-96.643077,33.194952,161.0,6.7
1667,5408,5031,1,187.0,7.067257621109135,3.8,T1_normal,-96.356004,33.174219,161.0,-96.483157,33.151747,161.0,0.8
1668,5032,5090,1,251.0,14.557239460305029,5.8,T1_normal,-96.80082027272728,32.808276409090915,161.0,-96.80082027272728,32.808276409090915,161.0,20.1
1669,5032,5128,1,227.9,77.66005746542533,34.1,T1_normal,-96.80082027272728,32.808276409090915,161.0,-96.80082027272728,32.808276409090915,161.0,14.8
1670,5214,5032,1,187.0,39.34885514261879,21.0,T1_normal,-96.80082027272728,32.808276409090915,161.0,-96.80082027272728,32.808276409090915,161.0,0.6
1671,5032,5228,1,310.0,76.21038118345353,24.6,T1_normal,-96.80082027272728,32.808276409090915,161.0,-96.80082027272728,32.808276409090915,161.0,38.6
1672,5032,5228,1,310.0,76.21038118345353,24.6,T1_normal,-96.80082027272728,32.808276409090915,161.0,-96.80082027272728,32.808276409090915,161.0,38.6
1673,5032,5229,1,224.0,120.7226270513857,53.9,T1_normal,-96.80082027272728,32.808276409090915,161.0,-96.80082027272728,32.808276409090915,161.0,12.9
1674,5032,5329,1,187.0,1.6567416678626046,0.9,T1_normal,-96.80082027272728,32.808276409090915,161.0,-96.80082027272728,32.808276409090915,161.0,11.6
1675,5032,5340,1,225.0,47.76823937926764,21.2,T1_normal,-96.80082027272728,32.808276409090915,161.0,-96.80082027272728,32.808276409090915,161.0,41.3
1676,5032,5467,1,199.9,23.2048159522229,11.6,T1_normal,-96.80082027272728,32.808276409090915,161.0,-96.80082027272728,32.808276409090915,161.0,30.1
1677,5034,5033,1,1209.0,1455.1731491836904,120.4,T5_moderate,-96.80082027272728,32.808276409090915,161.0,-96.80082027272728,32.808276409090915,500.0,70.2
1678,5033,5047,1,2768.0,1031.3489486580324,37.3,T1_normal,-96.80082027272728,32.808276409090915,500.0,-97.188374,32.503973,500.0,34.9
1679,5033,5350,1,2768.0,11.570887744522906,0.4,T1_normal,-96.80082027272728,32.808276409090915,500.0,-96.6344372,32.9086048,500.0,5.6
1680,5033,5384,1,3146.0,199.15065317615583,6.3,T1_normal,-96.80082027272728,32.808276409090915,500.0,-96.80082027272728,32.808276409090915,500.0,1.3
1681,5033,5384,1,2086.0,265.0732073525262,12.7,T1_normal,-96.80082027272728,32.808276409090915,500.0,-96.80082027272728,32.808276409090915,500.0,2.6
1682,5033,12903,1,1983.8,3.779739205306498,0.2,T1_normal,-96.80082027272728,32.808276409090915,500.0,-96.243079,32.788987000000006,500.0,2.8
1683,5034,5313,1,409.0,252.36404006135305,61.7,T1_normal,-96.80082027272728,32.808276409090915,161.0,-96.695516,32.63852,161.0,34.6
1684,5034,5313,1,409.0,252.36404006135305,61.7,T1_normal,-96.80082027272728,32.808276409090915,161.0,-96.695516,32.63852,161.0,34.6
1685,5034,5313,1,409.0,252.36404006135305,61.7,T1_normal,-96.80082027272728,32.808276409090915,161.0,-96.695516,32.63852,161.0,34.6
1686,5034,5313,1,227.6,257.9488170819054,113.3,T5_moderate,-96.80082027272728,32.808276409090915,161.0,-96.695516,32.63852,161.0,63.6
1687,5034,5329,1,204.1,187.6280935795654,91.9,T3_prevent,-96.80082027272728,32.808276409090915,161.0,-96.80082027272728,32.808276409090915,161.0,74.7
1688,5371,5034,1,251.0,181.63667798756683,72.4,T1_normal,-96.539931,32.552083,161.0,-96.80082027272728,32.808276409090915,161.0,28.3
1689,5043,5152,1,251.0,36.45603674650868,14.5,T1_normal,-96.375325,32.945503,161.0,-96.580883,32.969008,161.0,2.3
1690,5043,5284,1,251.0,104.5560367465093,41.7,T1_normal,-96.375325,32.945503,161.0,-96.085998,32.986,161.0,29.4
1691,5044,5153,1,600.0,426.7814474870805,71.1,T1_normal,-97.597083,33.041942,161.0,-97.723422,33.098727,161.0,62.2
1692,5044,5153,1,600.0,426.7814474870805,71.1,T1_normal,-97.597083,33.041942,161.0,-97.723422,33.098727,161.0,62.2
1693,5185,5044,1,310.0,175.74798569848244,56.7,T1_normal,-97.462793,33.093365,161.0,-97.597083,33.041942,161.0,55.5
1694,5185,5044,1,310.0,175.74798569848244,56.7,T1_normal,-97.462793,33.093365,161.0,-97.597083,33.041942,161.0,55.5
1695,5044,5312,1,326.0,242.28346178859897,74.3,T1_normal,-97.597083,33.041942,161.0,-97.561179,32.900196,161.0,59.0
1696,5044,5312,1,326.0,242.28346178859897,74.3,T1_normal,-97.597083,33.041942,161.0,-97.561179,32.900196,161.0,59.0
1697,5046,5045,1,550.0,1470.6571109891431,267.4,T7_structural,-98.187624,32.1858615,161.0,-98.187624,32.1858615,500.0,5.0
1698,5045,5120,1,2020.0,1080.3984316459723,53.5,T1_normal,-98.187624,32.1858615,500.0,-99.032891,31.748303,500.0,25.6
1699,5260,5045,1,2295.0,1033.4808399636029,45.0,T1_normal,-97.790381,32.253423999999995,500.0,-98.187624,32.1858615,500.0,53.0
1700,5413,5045,1,2020.0,662.6289697024517,32.8,T1_normal,-98.2935895,32.711098,500.0,-98.187624,32.1858615,500.0,23.2
1701,5045,5479,1,1965.6,1313.5539875538188,66.8,T1_normal,-98.187624,32.1858615,500.0,-97.306547,32.532666,500.0,75.0
1702,5045,12712,1,2152.3,216.61690932109235,10.1,T1_normal,-98.187624,32.1858615,500.0,-96.818676,31.710422,500.0,20.0
1703,5045,12863,1,2149.2,1104.926819077767,51.4,T1_normal,-98.187624,32.1858615,500.0,-97.458078,32.3380315,500.0,57.9
1704,5286,5046,1,187.0,41.925909483359725,22.4,T1_normal,-98.4123355,32.20698,161.0,-98.187624,32.1858615,161.0,9.2
1705,5046,13018,1,214.1,203.49150629571855,95.0,T3_prevent,-98.187624,32.1858615,161.0,-98.187624,32.1858615,161.0,27.6
1706,5048,5047,1,1354.0,584.7775839114626,43.2,T1_normal,-97.188374,32.503973,161.0,-97.188374,32.503973,500.0,36.5
1707,5047,5179,1,2768.0,423.24183531946744,15.3,T1_normal,-97.188374,32.503973,500.0,-96.38666966666666,32.061173333333336,500.0,8.9
1708,5047,5260,1,2295.0,737.7949915825739,32.1,T1_normal,-97.188374,32.503973,500.0,-97.790381,32.253423999999995,500.0,35.1
1709,5047,5444,1,2020.0,836.1944944005486,41.4,T1_normal,-97.188374,32.503973,500.0,-97.0540165,32.448697,500.0,45.7
1710,5047,5448,1,2034.0,1996.8186405464849,98.2,T3_prevent,-97.188374,32.503973,500.0,-97.010181,32.723688,500.0,75.1
1711,5047,5451,1,2312.6,668.4521806201549,28.9,T1_normal,-97.188374,32.503973,500.0,-97.968224,31.219045,500.0,5.1
1712,5047,5479,1,2156.0,1172.053717600886,54.4,T1_normal,-97.188374,32.503973,500.0,-97.306547,32.532666,500.0,65.1
1713,5047,12528,1,2070.0,1356.0089768422656,65.5,T1_normal,-97.188374,32.503973,500.0,-97.34008506896552,32.753233586206896,500.0,55.8
1714,5047,12556,1,2034.0,1594.2013159482856,78.4,T1_normal,-97.188374,32.503973,500.0,-97.93385,33.07965,500.0,73.4
1715,5047,12863,1,2209.8,1156.3059393521255,52.3,T1_normal,-97.188374,32.503973,500.0,-97.458078,32.3380315,500.0,60.2
1716,5480,5048,1,310.0,62.50939597786562,20.2,T1_normal,-97.306547,32.532666,161.0,-97.188374,32.503973,161.0,12.8
1717,5480,5048,1,310.0,62.50939597786562,20.2,T1_normal,-97.306547,32.532666,161.0,-97.188374,32.503973,161.0,12.8
1718,5480,5048,1,310.0,62.50939597786562,20.2,T1_normal,-97.306547,32.532666,161.0,-97.188374,32.503973,161.0,12.8
1719,5480,5048,1,310.0,62.50939597786562,20.2,T1_normal,-97.306547,32.532666,161.0,-97.188374,32.503973,161.0,12.8
1720,5050,5049,1,500.0,288.7003541311996,57.7,T1_normal,-96.12497666666668,33.113726,161.0,-96.12497666666668,33.113726,500.0,47.0
1721,5051,5049,1,59.8,0.0,0.0,T1_normal,-96.12497666666668,33.113726,22.0,-96.12497666666668,33.113726,500.0,0.0
1722,5052,5049,1,308.0,149.5149486058839,48.5,T1_normal,-96.12497666666668,33.113726,115.0,-96.12497666666668,33.113726,500.0,30.9
1723,5049,5304,1,2295.0,836.1994002434826,36.4,T1_normal,-96.12497666666668,33.113726,500.0,-96.6508655,33.101957,500.0,18.1
1724,5049,5350,1,2295.0,729.731316281309,31.8,T1_normal,-96.12497666666668,33.113726,500.0,-96.6344372,32.9086048,500.0,18.3
1725,5049,8074,1,2768.0,393.2134354598165,14.2,T1_normal,-96.12497666666668,33.113726,500.0,-94.619743,32.017826,500.0,5.4
1726,8126,5049,1,3146.0,603.7453483171003,19.2,T1_normal,-95.1026285,33.188059,500.0,-96.12497666666668,33.113726,500.0,14.6
1727,5454,5050,1,310.0,103.5051770655997,33.4,T1_normal,-96.12497666666668,33.113726,161.0,-96.12497666666668,33.113726,161.0,24.7
1728,5454,5050,1,310.0,103.5051770655997,33.4,T1_normal,-96.12497666666668,33.113726,161.0,-96.12497666666668,33.113726,161.0,24.7
1729,5052,8038,1,186.0,126.6427054347937,68.1,T1_normal,-96.12497666666668,33.113726,115.0,-95.669493,33.1959495,115.0,55.5
1730,5052,8124,1,186.0,22.872243171090023,12.3,T1_normal,-96.12497666666668,33.113726,115.0,-95.803234,33.098096,115.0,4.4
1731,5053,5173,1,310.0,11.060768654415654,3.6,T1_normal,-96.73076228571428,33.04730142857143,161.0,-96.73076228571428,33.04730142857143,161.0,1.3
1732,5173,5053,1,310.0,11.060768654415654,3.6,T1_normal,-96.73076228571428,33.04730142857143,161.0,-96.73076228571428,33.04730142857143,161.0,1.3
1733,5053,5357,1,310.0,171.10005436869997,55.2,T1_normal,-96.73076228571428,33.04730142857143,161.0,-96.6508655,33.101957,161.0,44.9
1734,5053,5357,1,310.0,171.10005436869997,55.2,T1_normal,-96.73076228571428,33.04730142857143,161.0,-96.6508655,33.101957,161.0,44.9
1735,5054,5223,1,251.0,20.3892162535805,8.1,T1_normal,-96.520013,31.503056,161.0,-96.468137,31.654919,161.0,17.3
1736,5056,5055,1,913.0,133.1161492175637,14.6,T1_normal,-98.7321385,33.1268065,161.0,-98.7321385,33.1268065,500.0,2.6
1737,5057,5055,1,448.0,1619.980249102186,361.6,T7_structural,-98.7321385,33.1268065,13.8,-98.7321385,33.1268065,500.0,0.0
1738,5058,5055,1,354.7,992.757127013904,279.9,T7_structural,-98.7321385,33.1268065,13.8,-98.7321385,33.1268065,500.0,0.0
1739,5055,5196,1,2020.0,1207.044496361613,59.8,T1_normal,-98.7321385,33.1268065,500.0,-98.3737215,33.2411135,500.0,51.9
1740,12554,5055,1,2350.4,285.3544954297208,12.1,T1_normal,-100.1097475,32.1590745,500.0,-98.7321385,33.1268065,500.0,38.5
1741,12554,5055,1,2350.4,285.3544954297208,12.1,T1_normal,-100.1097475,32.1590745,500.0,-98.7321385,33.1268065,500.0,38.5
1742,5055,12637,1,2173.8,2671.465304442231,122.9,T5_moderate,-98.7321385,33.1268065,500.0,-98.7321385,33.1268065,500.0,86.7
1743,5187,5056,1,313.0,76.2344735849174,24.4,T1_normal,-98.81875,33.316907,161.0,-98.7321385,33.1268065,161.0,50.1
1744,5197,5056,1,251.0,168.95062280248106,67.3,T1_normal,-98.3737215,33.2411135,161.0,-98.7321385,33.1268065,161.0,55.9
1745,5060,5059,1,151.0,116.48829649122209,77.1,T1_normal,-96.092445,32.357217500000004,115.0,-96.092445,32.357217500000004,161.0,4.9
1746,5059,5426,1,251.0,351.3214131361481,140.0,T6_heavy,-96.092445,32.357217500000004,161.0,-96.245039,32.366686,161.0,33.1
1747,8148,5059,1,310.0,234.83311664492615,75.8,T1_normal,-96.1482745,32.142643,161.0,-96.092445,32.357217500000004,161.0,24.4
1748,5060,8065,1,137.0,178.348296491222,130.2,T6_heavy,-96.092445,32.357217500000004,115.0,-96.1482745,32.142643,115.0,50.6
1749,5064,5063,1,1277.0,926.98383246233,72.6,T1_normal,-97.12502636363637,32.69967490909091,161.0,-97.12502636363637,32.69967490909091,500.0,58.6
1750,5064,5063,1,1277.0,926.98383246233,72.6,T1_normal,-97.12502636363637,32.69967490909091,161.0,-97.12502636363637,32.69967490909091,500.0,58.6
1751,5063,5083,1,2186.2,486.7753586700211,22.3,T1_normal,-97.12502636363637,32.69967490909091,500.0,-96.643077,33.194952,500.0,25.9
1752,5063,5304,1,2020.0,345.36370413015834,17.1,T1_normal,-97.12502636363637,32.69967490909091,500.0,-96.6508655,33.101957,500.0,19.5
1753,5322,5063,1,2295.0,522.0537355941673,22.7,T1_normal,-96.80082027272728,32.808276409090915,500.0,-97.12502636363637,32.69967490909091,500.0,19.4
1754,5063,5401,1,3146.0,1069.0054772410608,34.0,T1_normal,-97.12502636363637,32.69967490909091,500.0,-97.69946625,32.40925625,500.0,33.0
1755,5063,12528,1,2076.1,735.6892007059884,35.4,T1_normal,-97.12502636363637,32.69967490909091,500.0,-97.34008506896552,32.753233586206896,500.0,28.6
1756,5063,12709,1,2018.7,95.53559590403891,4.7,T1_normal,-97.12502636363637,32.69967490909091,500.0,-97.13581333333332,33.210620166666665,500.0,7.9
1757,5064,5125,1,409.0,199.8363665085371,48.9,T1_normal,-97.12502636363637,32.69967490909091,161.0,-97.12502636363637,32.69967490909091,161.0,38.5
1758,5064,5125,1,409.0,199.8363665085371,48.9,T1_normal,-97.12502636363637,32.69967490909091,161.0,-97.12502636363637,32.69967490909091,161.0,38.5
1759,5064,5125,1,409.0,199.8363665085371,48.9,T1_normal,-97.12502636363637,32.69967490909091,161.0,-97.12502636363637,32.69967490909091,161.0,38.5
1760,5064,5125,1,409.0,199.8363665085371,48.9,T1_normal,-97.12502636363637,32.69967490909091,161.0,-97.12502636363637,32.69967490909091,161.0,38.5
1761,5064,5125,1,217.3,229.86920908209217,105.8,T4_light,-97.12502636363637,32.69967490909091,161.0,-97.12502636363637,32.69967490909091,161.0,83.3
1762,5064,5143,1,409.0,169.50694387323182,41.4,T1_normal,-97.12502636363637,32.69967490909091,161.0,-97.34008506896552,32.753233586206896,161.0,33.9
1763,5143,5064,1,409.0,169.50694387323182,41.4,T1_normal,-97.34008506896552,32.753233586206896,161.0,-97.12502636363637,32.69967490909091,161.0,33.9
1764,5143,5064,1,409.0,169.50694387323182,41.4,T1_normal,-97.34008506896552,32.753233586206896,161.0,-97.12502636363637,32.69967490909091,161.0,33.9
1765,5064,5232,1,256.3,189.41103973872728,73.9,T1_normal,-97.12502636363637,32.69967490909091,161.0,-97.12502636363637,32.69967490909091,161.0,56.8
1766,5070,5128,1,187.0,2.1873319824990745,1.2,T1_normal,-96.80082027272728,32.808276409090915,161.0,-96.80082027272728,32.808276409090915,161.0,1.8
1767,5070,5128,1,218.4,1.7087939097649496,0.8,T1_normal,-96.80082027272728,32.808276409090915,161.0,-96.80082027272728,32.808276409090915,161.0,1.2
1768,5070,5425,1,251.0,110.46356624285778,44.0,T1_normal,-96.80082027272728,32.808276409090915,161.0,-96.80082027272728,32.808276409090915,161.0,38.6
1769,5138,5071,1,251.0,49.79329091837368,19.8,T1_normal,-97.145583,31.5590085,161.0,-97.145583,31.5590085,161.0,6.9
1770,5071,5359,1,310.0,164.95583415336884,53.2,T1_normal,-97.145583,31.5590085,161.0,-96.93121275,31.43308425,161.0,18.3
1771,5072,5103,1,310.0,142.5743824297406,46.0,T1_normal,-96.80082027272728,32.808276409090915,161.0,-96.7025715,32.983810000000005,161.0,36.3
1772,5103,5072,1,310.0,142.5743824297406,46.0,T1_normal,-96.7025715,32.983810000000005,161.0,-96.80082027272728,32.808276409090915,161.0,36.3
1773,5103,5072,1,310.0,142.5743824297406,46.0,T1_normal,-96.7025715,32.983810000000005,161.0,-96.80082027272728,32.808276409090915,161.0,36.3
1774,5103,5072,1,310.0,142.5743824297406,46.0,T1_normal,-96.7025715,32.983810000000005,161.0,-96.80082027272728,32.808276409090915,161.0,36.3
1775,5103,5072,1,310.0,142.5743824297406,46.0,T1_normal,-96.7025715,32.983810000000005,161.0,-96.80082027272728,32.808276409090915,161.0,36.3
1776,5116,5072,1,310.0,171.19708644579532,55.2,T1_normal,-96.73076228571428,33.04730142857143,161.0,-96.80082027272728,32.808276409090915,161.0,45.4
1777,5116,5072,1,310.0,171.19708644579532,55.2,T1_normal,-96.73076228571428,33.04730142857143,161.0,-96.80082027272728,32.808276409090915,161.0,45.4
1778,5072,5130,1,227.7,1.2043524361075697,0.5,T1_normal,-96.80082027272728,32.808276409090915,161.0,-96.73076228571428,33.04730142857143,161.0,1.0
1779,5121,5073,1,187.0,36.24527451966868,19.4,T1_normal,-99.032891,31.748303,161.0,-99.151374,31.706204,161.0,49.0
1780,5484,5073,1,251.0,24.41527451966867,9.7,T1_normal,-99.290758,32.006925,161.0,-99.151374,31.706204,161.0,41.2
1781,5074,5147,1,310.0,97.98391271723315,31.6,T1_normal,-96.807989,33.241902,161.0,-96.73076228571428,33.04730142857143,161.0,20.4
1782,5074,5173,1,187.8,83.7277468264844,44.6,T1_normal,-96.807989,33.241902,161.0,-96.73076228571428,33.04730142857143,161.0,23.2
1783,5074,5331,1,251.0,112.88783400474892,45.0,T1_normal,-96.807989,33.241902,161.0,-96.752977,33.338899,161.0,35.8
1784,5075,5231,1,225.2,148.17985916255606,65.8,T1_normal,-98.049081,31.553908,161.0,-98.213739,31.738177,161.0,43.9
1785,5075,5267,1,187.0,38.82877119114498,20.8,T1_normal,-98.049081,31.553908,161.0,-97.531134,31.409518,161.0,40.9
1786,5075,5377,1,187.0,17.797270530364393,9.5,T1_normal,-98.049081,31.553908,161.0,-97.7609485,31.05193475,161.0,77.7
1787,5075,13117,1,279.0,208.7659008840653,74.8,T1_normal,-98.049081,31.553908,161.0,-98.44031233333334,31.441731,161.0,45.4
1788,5077,5076,1,260.0,45.557120360930185,17.5,T1_normal,-96.243079,32.788987000000006,115.0,-96.243079,32.788987000000006,161.0,16.4
1789,5227,5076,1,187.0,200.33685956623765,107.1,T4_light,-96.243079,32.788987000000006,161.0,-96.243079,32.788987000000006,161.0,82.1
1790,5076,12903,1,600.0,154.779739205307,25.8,T1_normal,-96.243079,32.788987000000006,161.0,-96.243079,32.788987000000006,500.0,32.7
1791,8108,5077,1,98.0,64.04712036093017,65.4,T1_normal,-95.994666,32.703269,115.0,-96.243079,32.788987000000006,115.0,24.7
1792,5160,5078,1,187.0,102.17179210740925,54.6,T1_normal,-97.13581333333332,33.210620166666665,161.0,-96.990119,33.273449,161.0,63.2
1793,5079,5138,1,310.0,104.5241443701208,33.7,T1_normal,-97.145583,31.5590085,161.0,-97.145583,31.5590085,161.0,8.3
1794,5079,5138,1,310.0,104.5241443701208,33.7,T1_normal,-97.145583,31.5590085,161.0,-97.145583,31.5590085,161.0,8.3
1795,5079,5378,1,409.0,129.80574550524688,31.7,T1_normal,-97.145583,31.5590085,161.0,-97.145583,31.5590085,161.0,3.3
1796,5142,5080,1,251.0,48.649112865870414,19.4,T1_normal,-97.390061,31.285086,161.0,-97.21786,31.34904,161.0,30.5
1797,5080,5328,1,187.0,50.35911286587043,26.9,T1_normal,-97.21786,31.34904,161.0,-96.93121275,31.43308425,161.0,43.4
1798,5081,5163,1,251.0,38.41629506668571,15.3,T1_normal,-97.845111,31.114983,161.0,-97.604369,31.075955,161.0,13.1
1799,5221,5081,1,187.0,20.814600318734833,11.1,T1_normal,-97.7609485,31.05193475,161.0,-97.845111,31.114983,161.0,9.3
1800,5081,5377,1,221.0,15.19910461457954,6.9,T1_normal,-97.845111,31.114983,161.0,-97.7609485,31.05193475,161.0,11.4
1801,5082,5086,1,251.0,13.202003672154916,5.3,T1_normal,-97.12502636363637,32.69967490909091,161.0,-97.12502636363637,32.69967490909091,161.0,7.9
1802,5082,5330,1,409.0,116.92919819744888,28.6,T1_normal,-97.12502636363637,32.69967490909091,161.0,-97.12502636363637,32.69967490909091,161.0,25.8
1803,5082,5440,1,409.0,13.957245914136251,3.4,T1_normal,-97.12502636363637,32.69967490909091,161.0,-97.12502636363637,32.69967490909091,161.0,3.2
1804,5082,5440,1,213.3,10.692837505447985,5.0,T1_normal,-97.12502636363637,32.69967490909091,161.0,-97.12502636363637,32.69967490909091,161.0,4.7
1805,5084,5083,1,1295.0,804.9000076521736,62.2,T1_normal,-96.643077,33.194952,161.0,-96.643077,33.194952,500.0,51.0
1806,5083,5295,1,2768.0,260.8695937763855,9.4,T1_normal,-96.643077,33.194952,500.0,-96.643077,33.194952,500.0,8.5
1807,5083,5295,1,1834.6,245.99947618603437,13.4,T1_normal,-96.643077,33.194952,500.0,-96.643077,33.194952,500.0,12.2
1808,5083,5304,1,2218.8,199.23598826030116,9.0,T1_normal,-96.643077,33.194952,500.0,-96.6508655,33.101957,500.0,8.2
1809,5083,5322,1,2020.0,156.32923629919446,7.7,T1_normal,-96.643077,33.194952,500.0,-96.80082027272728,32.808276409090915,500.0,12.0
1810,5083,5464,1,2020.0,134.4597535381297,6.7,T1_normal,-96.643077,33.194952,500.0,-96.8232695,33.154732499999994,500.0,8.9
1811,5357,5084,1,310.0,193.55219405443336,62.4,T1_normal,-96.6508655,33.101957,161.0,-96.643077,33.194952,161.0,47.0
1812,5357,5084,1,310.0,193.55219405443336,62.4,T1_normal,-96.6508655,33.101957,161.0,-96.643077,33.194952,161.0,47.0
1813,5357,5084,1,310.0,193.55219405443336,62.4,T1_normal,-96.6508655,33.101957,161.0,-96.643077,33.194952,161.0,47.0
1814,5157,5085,1,251.0,178.74055733562315,71.2,T1_normal,-96.864075,32.599427,161.0,-96.80082027272728,32.808276409090915,161.0,3.5
1815,5085,5194,1,211.2,171.7364650167127,81.3,T2_watch,-96.80082027272728,32.808276409090915,161.0,-96.914175,32.651936,161.0,60.4
1816,5085,5353,1,191.3,198.7620975346502,103.9,T4_light,-96.80082027272728,32.808276409090915,161.0,-96.914175,32.651936,161.0,66.7
1817,5085,5462,1,212.7,115.2420651873996,54.2,T1_normal,-96.80082027272728,32.808276409090915,161.0,-96.80082027272728,32.808276409090915,161.0,40.0
1818,5085,5468,1,187.0,4.785447975484658,2.6,T1_normal,-96.80082027272728,32.808276409090915,161.0,-96.80082027272728,32.808276409090915,161.0,29.0
1819,5085,5468,1,203.0,4.913051702257576,2.4,T1_normal,-96.80082027272728,32.808276409090915,161.0,-96.80082027272728,32.808276409090915,161.0,27.4
1820,5086,5177,1,251.0,59.63044882166919,23.8,T1_normal,-97.12502636363637,32.69967490909091,161.0,-97.12502636363637,32.69967490909091,161.0,15.2
1821,5086,5210,1,187.0,31.455684876862477,16.8,T1_normal,-97.12502636363637,32.69967490909091,161.0,-97.1378,32.8418145,161.0,9.0
1822,5086,5232,1,212.5,3.5858307299406533,1.7,T1_normal,-97.12502636363637,32.69967490909091,161.0,-97.12502636363637,32.69967490909091,161.0,11.5
1823,5086,5447,1,187.0,133.09205533705253,71.2,T1_normal,-97.12502636363637,32.69967490909091,161.0,-97.12502636363637,32.69967490909091,161.0,58.1
1824,5257,5087,1,187.0,8.043117326811533,4.3,T1_normal,-96.85118,32.177712,161.0,-97.06,32.139,161.0,13.5
1825,5087,5345,1,251.0,232.2547021959975,92.5,T3_prevent,-97.06,32.139,161.0,-97.133361,32.022461,161.0,74.2
1826,5087,5348,1,251.0,43.9540572864594,17.5,T1_normal,-97.06,32.139,161.0,-97.07141,32.18398,161.0,12.5
1827,5087,5348,1,297.0,175.36752758272627,59.0,T1_normal,-97.06,32.139,161.0,-97.07141,32.18398,161.0,42.0
1828,12708,5087,1,509.8,0.0,0.0,T1_normal,-97.06,32.139,20.0,-97.06,32.139,161.0,0.0
1829,5089,5088,1,303.7,0.5054945054944859,0.2,T1_normal,-97.46203133333334,31.819786000000004,13.8,-97.46203133333334,31.819786000000004,161.0,0.0
1830,5088,5290,1,251.0,29.71803554908874,11.8,T1_normal,-97.46203133333334,31.819786000000004,161.0,-97.3667,31.8694,161.0,5.5
1831,5088,5290,1,321.0,252.5623682339912,78.7,T1_normal,-97.46203133333334,31.819786000000004,161.0,-97.3667,31.8694,161.0,36.6
1832,5088,5290,1,321.0,252.5623682339912,78.7,T1_normal,-97.46203133333334,31.819786000000004,161.0,-97.3667,31.8694,161.0,36.6
1833,5088,5393,1,251.0,50.34259247684725,20.1,T1_normal,-97.46203133333334,31.819786000000004,161.0,-97.374883,31.694792,161.0,4.3
1834,5088,5407,1,221.7,415.8743679458617,187.6,T7_structural,-97.46203133333334,31.819786000000004,161.0,-97.46203133333334,31.819786000000004,161.0,28.4
1835,5088,12547,1,800.0,906.7774778890098,113.3,T5_moderate,-97.46203133333334,31.819786000000004,161.0,-97.46203133333334,31.819786000000004,500.0,40.3
1836,5090,5122,1,187.0,87.2248894463155,46.6,T1_normal,-96.80082027272728,32.808276409090915,161.0,-96.80082027272728,32.808276409090915,161.0,7.0
1837,5090,5189,1,180.7,56.13584411350132,31.1,T1_normal,-96.80082027272728,32.808276409090915,161.0,-96.80082027272728,32.808276409090915,161.0,44.0
1838,5090,5230,1,187.0,3.9326125864910466,2.1,T1_normal,-96.80082027272728,32.808276409090915,161.0,-96.80082027272728,32.808276409090915,161.0,9.0
1839,5090,5272,1,215.2,70.64133096769041,32.8,T1_normal,-96.80082027272728,32.808276409090915,161.0,-96.80082027272728,32.808276409090915,161.0,31.2
1840,5090,5309,1,224.8,5.984583386781139,2.7,T1_normal,-96.80082027272728,32.808276409090915,161.0,-96.80082027272728,32.808276409090915,161.0,9.9
1841,5090,5311,1,251.0,29.079204012513316,11.6,T1_normal,-96.80082027272728,32.808276409090915,161.0,-96.80082027272728,32.808276409090915,161.0,12.2
1842,5090,5482,1,201.8,64.71463042498726,32.1,T1_normal,-96.80082027272728,32.808276409090915,161.0,-96.80082027272728,32.808276409090915,161.0,26.0
1843,5171,5091,1,251.0,229.4135433430462,91.4,T3_prevent,-96.91458,32.043976,161.0,-96.807932,32.038687,161.0,60.6
1844,5091,5257,1,251.0,224.0835433430462,89.3,T2_watch,-96.807932,32.038687,161.0,-96.85118,32.177712,161.0,58.5
1845,5092,5186,1,251.0,93.95497117108052,37.4,T1_normal,-97.16076,32.280923,161.0,-97.072628,32.452281,161.0,31.5
1846,5453,5092,1,250.0,200.40247436438747,80.2,T2_watch,-97.458078,32.3380315,161.0,-97.16076,32.280923,161.0,71.5
1847,5475,5092,1,251.0,81.36750319330713,32.4,T1_normal,-97.196367,32.414944,161.0,-97.16076,32.280923,161.0,29.7
1848,5093,5254,1,245.0,199.66683259717968,81.5,T2_watch,-97.377255,32.986624,161.0,-97.22672,33.009335,161.0,67.9
1849,5093,5291,1,251.0,29.709447032556824,11.8,T1_normal,-97.377255,32.986624,161.0,-97.34008506896552,32.753233586206896,161.0,1.3
1850,5332,5093,1,251.0,80.88123741082889,32.2,T1_normal,-97.34008506896552,32.753233586206896,161.0,-97.377255,32.986624,161.0,20.3
1851,5093,5434,1,310.0,179.11875852028345,57.8,T1_normal,-97.377255,32.986624,161.0,-97.444409,33.00085,161.0,43.3
1852,5093,5434,1,310.0,179.11875852028345,57.8,T1_normal,-97.377255,32.986624,161.0,-97.444409,33.00085,161.0,43.3
1853,5094,5381,1,310.0,156.15164517278686,50.4,T1_normal,-96.706121,32.23256,161.0,-96.675,32.32,161.0,37.5
1854,5485,5094,1,310.0,24.11164517278692,7.8,T1_normal,-96.723661,32.122927,161.0,-96.706121,32.23256,161.0,2.3
1855,13252,5094,1,200.6,134.7,67.1,T1_normal,-96.706121,32.23256,20.0,-96.706121,32.23256,161.0,62.7
1856,5277,5095,1,301.0,235.70519183429928,78.3,T1_normal,-96.950551,33.176495,161.0,-97.005469,33.110351,161.0,57.7
1857,5341,5095,1,265.0,203.4651918343002,76.8,T1_normal,-97.0124115,33.07492,161.0,-97.005469,33.110351,161.0,53.4
1858,5305,5096,1,310.0,148.94749549857025,48.0,T1_normal,-96.6508655,33.101957,161.0,-96.73076228571428,33.04730142857143,161.0,38.0
1859,5305,5096,1,310.0,148.94749549857025,48.0,T1_normal,-96.6508655,33.101957,161.0,-96.73076228571428,33.04730142857143,161.0,38.0
1860,5305,5096,1,310.0,148.94749549857025,48.0,T1_normal,-96.6508655,33.101957,161.0,-96.73076228571428,33.04730142857143,161.0,38.0
1861,5096,5412,1,291.0,112.4623763866829,38.6,T1_normal,-96.73076228571428,33.04730142857143,161.0,-96.534936,33.012135,161.0,18.1
1862,5097,5125,1,409.0,167.44674744155645,40.9,T1_normal,-97.0886755,32.837196,161.0,-97.12502636363637,32.69967490909091,161.0,31.6
1863,5097,5125,1,409.0,167.44674744155645,40.9,T1_normal,-97.0886755,32.837196,161.0,-97.12502636363637,32.69967490909091,161.0,31.6
1864,5097,5125,1,205.3,183.9683322924216,89.6,T2_watch,-97.0886755,32.837196,161.0,-97.12502636363637,32.69967490909091,161.0,69.3
1865,5098,5453,1,310.0,261.39916098292605,84.3,T2_watch,-97.34008506896552,32.753233586206896,161.0,-97.458078,32.3380315,161.0,73.9
1866,5098,5475,1,187.0,22.08750319330708,11.8,T1_normal,-97.34008506896552,32.753233586206896,161.0,-97.196367,32.414944,161.0,8.2
1867,5099,5195,1,409.0,310.31131230091876,75.9,T1_normal,-97.092488,33.0338,161.0,-97.173782,33.114675,161.0,55.6
1868,5099,5339,1,409.0,242.68131230091933,59.3,T1_normal,-97.092488,33.0338,161.0,-97.148582,32.959922,161.0,39.0
1869,5100,5229,1,310.0,159.56375580506688,51.5,T1_normal,-96.80082027272728,32.808276409090915,161.0,-96.80082027272728,32.808276409090915,161.0,25.5
1870,5229,5100,1,310.0,159.56375580506688,51.5,T1_normal,-96.80082027272728,32.808276409090915,161.0,-96.80082027272728,32.808276409090915,161.0,25.5
1871,5250,5100,1,409.0,351.91294312881354,86.0,T2_watch,-96.80082027272728,32.808276409090915,161.0,-96.80082027272728,32.808276409090915,161.0,57.1
1872,5250,5100,1,409.0,351.91294312881354,86.0,T2_watch,-96.80082027272728,32.808276409090915,161.0,-96.80082027272728,32.808276409090915,161.0,57.1
1873,5250,5100,1,409.0,351.91294312881354,86.0,T2_watch,-96.80082027272728,32.808276409090915,161.0,-96.80082027272728,32.808276409090915,161.0,57.1
1874,5100,5272,1,204.2,200.37854310722025,98.1,T3_prevent,-96.80082027272728,32.808276409090915,161.0,-96.80082027272728,32.808276409090915,161.0,74.3
1875,5100,5352,1,310.0,143.88622109633786,46.4,T1_normal,-96.80082027272728,32.808276409090915,161.0,-96.80082027272728,32.808276409090915,161.0,34.3
1876,5100,5352,1,310.0,143.88622109633786,46.4,T1_normal,-96.80082027272728,32.808276409090915,161.0,-96.80082027272728,32.808276409090915,161.0,34.3
1877,5100,5352,1,238.0,210.4928921258221,88.4,T2_watch,-96.80082027272728,32.808276409090915,161.0,-96.80082027272728,32.808276409090915,161.0,65.4
1878,5231,5101,1,187.0,19.411600706791532,10.4,T1_normal,-98.213739,31.738177,161.0,-98.6525545,31.8568005,161.0,32.9
1879,5101,13018,1,188.4,217.16687163466457,115.3,T5_moderate,-98.6525545,31.8568005,161.0,-98.187624,32.1858615,161.0,2.5
1880,5101,13051,1,222.1,168.16377676071886,75.7,T1_normal,-98.6525545,31.8568005,161.0,-98.6525545,31.8568005,161.0,33.1
1881,5103,5102,1,1345.0,852.0090200281124,63.3,T1_normal,-96.7025715,32.983810000000005,161.0,-96.7025715,32.983810000000005,500.0,50.4
1882,5103,5102,1,1345.0,852.0090200281124,63.3,T1_normal,-96.7025715,32.983810000000005,161.0,-96.7025715,32.983810000000005,500.0,50.4
1883,5102,5304,1,2295.0,521.3311085736564,22.7,T1_normal,-96.7025715,32.983810000000005,500.0,-96.6508655,33.101957,500.0,18.4
1884,5384,5102,1,2020.0,295.75123387747055,14.6,T1_normal,-96.80082027272728,32.808276409090915,500.0,-96.7025715,32.983810000000005,500.0,12.3
1885,5464,5102,1,2020.0,610.9070384876333,30.2,T1_normal,-96.8232695,33.154732499999994,500.0,-96.7025715,32.983810000000005,500.0,27.4
1886,5102,12536,1,2239.4,399.9641822318267,17.9,T1_normal,-96.7025715,32.983810000000005,500.0,-96.5458,32.8358,500.0,5.9
1887,5103,5130,1,310.0,143.5654284278911,46.3,T1_normal,-96.7025715,32.983810000000005,161.0,-96.73076228571428,33.04730142857143,161.0,37.5
1888,5103,5130,1,310.0,143.5654284278911,46.3,T1_normal,-96.7025715,32.983810000000005,161.0,-96.73076228571428,33.04730142857143,161.0,37.5
1889,5103,5139,1,233.0,230.90374240550415,99.1,T3_prevent,-96.7025715,32.983810000000005,161.0,-96.80082027272728,32.808276409090915,161.0,74.1
1890,5104,5199,1,251.0,67.09039997729214,26.7,T1_normal,-97.34008506896552,32.753233586206896,161.0,-97.34008506896552,32.753233586206896,161.0,17.4
1891,5447,5104,1,363.0,229.74257591217508,63.3,T1_normal,-97.12502636363637,32.69967490909091,161.0,-97.34008506896552,32.753233586206896,161.0,56.1
1892,5447,5104,1,363.0,229.74257591217508,63.3,T1_normal,-97.12502636363637,32.69967490909091,161.0,-97.34008506896552,32.753233586206896,161.0,56.1
1893,5104,5480,1,310.0,187.94254463943577,60.6,T1_normal,-97.34008506896552,32.753233586206896,161.0,-97.306547,32.532666,161.0,46.5
1894,5104,5480,1,310.0,187.94254463943577,60.6,T1_normal,-97.34008506896552,32.753233586206896,161.0,-97.306547,32.532666,161.0,46.5
1895,5104,5480,1,310.0,187.94254463943577,60.6,T1_normal,-97.34008506896552,32.753233586206896,161.0,-97.306547,32.532666,161.0,46.5
1896,5104,5480,1,310.0,187.94254463943577,60.6,T1_normal,-97.34008506896552,32.753233586206896,161.0,-97.306547,32.532666,161.0,46.5
1897,5105,5148,1,187.0,24.99300925621739,13.4,T1_normal,-96.9700122,32.8603614,161.0,-96.9700122,32.8603614,161.0,22.9
1898,5105,5253,1,235.0,252.76862833734663,107.6,T4_light,-96.9700122,32.8603614,161.0,-97.092488,33.0338,161.0,71.7
1899,5105,5422,1,251.0,27.804380918871985,11.1,T1_normal,-96.9700122,32.8603614,161.0,-96.961986,33.019646,161.0,2.1
1900,5108,5266,1,310.0,108.83097476918664,35.1,T1_normal,-96.80082027272728,32.808276409090915,161.0,-96.964675,32.580181,161.0,42.3
1901,5108,5266,1,310.0,108.83097476918664,35.1,T1_normal,-96.80082027272728,32.808276409090915,161.0,-96.964675,32.580181,161.0,42.3
1902,5108,5353,1,310.0,168.19986044391868,54.3,T1_normal,-96.80082027272728,32.808276409090915,161.0,-96.914175,32.651936,161.0,34.9
1903,5108,5353,1,310.0,168.19986044391868,54.3,T1_normal,-96.80082027272728,32.808276409090915,161.0,-96.914175,32.651936,161.0,34.9
1904,5108,5353,1,251.0,191.78814249348903,76.4,T1_normal,-96.80082027272728,32.808276409090915,161.0,-96.914175,32.651936,161.0,49.2
1905,5449,5108,1,310.0,267.16241775676576,86.2,T2_watch,-97.010181,32.723688,161.0,-96.80082027272728,32.808276409090915,161.0,69.1
1906,5449,5108,1,310.0,267.16241775676576,86.2,T2_watch,-97.010181,32.723688,161.0,-96.80082027272728,32.808276409090915,161.0,69.1
1907,5449,5108,1,310.0,267.16241775676576,86.2,T2_watch,-97.010181,32.723688,161.0,-96.80082027272728,32.808276409090915,161.0,69.1
1908,5274,5109,1,251.0,500.4120700337615,199.4,T7_structural,-96.674333,32.605192,161.0,-96.7651095,32.5902035,161.0,15.3
1909,5109,5333,1,251.0,82.43207003376085,32.8,T1_normal,-96.7651095,32.5902035,161.0,-96.807315,32.521773,161.0,6.2
1910,5176,5110,1,251.0,138.76848811303137,55.3,T1_normal,-98.324274,32.904994,161.0,-98.2935895,32.711098,161.0,36.4
1911,5110,5200,1,251.0,71.43091673706525,28.5,T1_normal,-98.2935895,32.711098,161.0,-98.126806,32.799602,161.0,21.6
1912,5110,5255,1,206.1,63.89757137596632,31.0,T1_normal,-98.2935895,32.711098,161.0,-97.993148,32.704456,161.0,16.4
1913,5203,5111,1,251.0,71.94082871551046,28.7,T1_normal,-96.80082027272728,32.808276409090915,161.0,-96.838522,32.960047,161.0,13.7
1914,5111,5289,1,310.0,48.38425254794885,15.6,T1_normal,-96.838522,32.960047,161.0,-96.80082027272728,32.808276409090915,161.0,10.7
1915,5111,5289,1,310.0,48.38425254794885,15.6,T1_normal,-96.838522,32.960047,161.0,-96.80082027272728,32.808276409090915,161.0,10.7
1916,5111,5372,1,251.0,131.46933381140116,52.4,T1_normal,-96.838522,32.960047,161.0,-96.80082027272728,32.808276409090915,161.0,25.2
1917,5112,5133,1,187.0,2277.2514676531523,1217.8,T7_structural,-97.8826,32.001481,161.0,-97.924354,32.362649,161.0,33.8
1918,5191,5112,1,187.0,750.4584607157439,401.3,T7_structural,-97.710123,31.916215,161.0,-97.8826,32.001481,161.0,13.4
1919,5112,5246,1,187.0,614.269763579746,328.5,T7_structural,-97.8826,32.001481,161.0,-97.790381,32.253423999999995,161.0,20.1
1920,5286,5112,1,150.0,303.88411561646717,202.6,T7_structural,-98.4123355,32.20698,161.0,-97.8826,32.001481,161.0,51.3
1921,5112,5318,1,242.8,630.2991277411946,259.6,T7_structural,-97.8826,32.001481,161.0,-97.69946625,32.40925625,161.0,23.0
1922,5113,5195,1,251.0,326.1090327140836,129.9,T6_heavy,-97.3420515,33.318023,161.0,-97.173782,33.114675,161.0,74.5
1923,5113,5218,1,187.0,186.17120476538912,99.6,T3_prevent,-97.3420515,33.318023,161.0,-97.340499,33.099993,161.0,35.0
1924,5220,5113,1,187.0,160.28771786626254,85.7,T2_watch,-97.213359,33.373051,161.0,-97.3420515,33.318023,161.0,31.8
1925,12932,5113,1,293.1,180.87225767139205,61.7,T1_normal,-97.3420515,33.318023,20.0,-97.3420515,33.318023,161.0,0.0
1926,5113,13330,1,306.6,192.70026194181787,62.9,T1_normal,-97.3420515,33.318023,161.0,-97.3420515,33.318023,161.0,70.0
1927,5219,5114,1,187.0,204.08332201243323,109.1,T4_light,-96.428985,32.533273,161.0,-96.255103,32.568801,161.0,7.9
1928,5114,5222,1,310.0,220.67837528452029,71.2,T1_normal,-96.255103,32.568801,161.0,-96.092445,32.357217500000004,161.0,20.8
1929,5227,5114,1,310.0,40.35494672791344,13.0,T1_normal,-96.243079,32.788987000000006,161.0,-96.255103,32.568801,161.0,2.3
1930,5115,5421,1,251.0,16.294317384689094,6.5,T1_normal,-96.239739,33.16114,161.0,-96.309004,33.066219,161.0,4.5
1931,5454,5115,1,251.0,30.834317384689314,12.3,T1_normal,-96.12497666666668,33.113726,161.0,-96.239739,33.16114,161.0,1.5
1932,5116,5224,1,310.0,71.10280073150861,22.9,T1_normal,-96.73076228571428,33.04730142857143,161.0,-96.88981733333333,33.00596633333333,161.0,21.2
1933,5116,5224,1,310.0,71.10280073150861,22.9,T1_normal,-96.73076228571428,33.04730142857143,161.0,-96.88981733333333,33.00596633333333,161.0,21.2
1934,5117,5216,1,251.0,53.0395979521785,21.1,T1_normal,-97.34008506896552,32.753233586206896,161.0,-97.34008506896552,32.753233586206896,161.0,20.4
1935,5117,5216,1,228.0,112.8674849257976,49.5,T1_normal,-97.34008506896552,32.753233586206896,161.0,-97.34008506896552,32.753233586206896,161.0,47.9
1936,5117,5409,1,187.0,10.629140412744675,5.7,T1_normal,-97.34008506896552,32.753233586206896,161.0,-97.12502636363637,32.69967490909091,161.0,17.2
1937,5334,5118,1,187.0,42.72617690082461,22.8,T1_normal,-99.518879,32.2664,161.0,-99.225355,32.359033,161.0,27.2
1938,5347,5118,1,187.0,38.918593497078334,20.8,T1_normal,-99.1533074,32.3857988,161.0,-99.225355,32.359033,161.0,10.3
1939,5118,5456,1,251.0,150.2687426316698,59.9,T1_normal,-99.225355,32.359033,161.0,-98.98514,32.116953,161.0,43.2
1940,5118,12842,1,209.2,23.555781173641233,11.3,T1_normal,-99.225355,32.359033,161.0,-99.225355,32.359033,161.0,11.2
1941,5118,12885,1,221.0,60.22819106012545,27.3,T1_normal,-99.225355,32.359033,161.0,-99.1533074,32.3857988,161.0,13.5
1942,13193,5118,1,180.5,0.0,0.0,T1_normal,-99.225355,32.359033,20.0,-99.225355,32.359033,161.0,0.0
1943,5119,5205,1,187.0,47.359614207224965,25.3,T1_normal,-98.053654,33.014983,161.0,-97.93385,33.07965,161.0,37.4
1944,5119,5255,1,233.0,106.09839457950903,45.5,T1_normal,-98.053654,33.014983,161.0,-97.993148,32.704456,161.0,10.7
1945,5337,5119,1,187.0,157.85800878673396,84.4,T2_watch,-98.244763,33.097641,161.0,-98.053654,33.014983,161.0,53.1
1946,5121,5120,1,298.0,112.90527451966864,37.9,T1_normal,-99.032891,31.748303,161.0,-99.032891,31.748303,500.0,5.0
1947,5120,5239,1,2020.0,569.1164946195988,28.2,T1_normal,-99.032891,31.748303,500.0,-98.44031233333334,31.441731,500.0,47.5
1948,5120,5239,1,2724.7,848.0159131476692,31.1,T1_normal,-99.032891,31.748303,500.0,-98.44031233333334,31.441731,500.0,52.5
1949,5120,5239,1,2724.7,848.0159131476692,31.1,T1_normal,-99.032891,31.748303,500.0,-98.44031233333334,31.441731,500.0,52.5
1950,12564,5120,1,3036.5,1608.6369451996354,53.0,T1_normal,-100.98431625,31.875952,500.0,-99.032891,31.748303,500.0,62.7
1951,12564,5120,1,3036.5,1608.6369451996354,53.0,T1_normal,-100.98431625,31.875952,500.0,-99.032891,31.748303,500.0,62.7
1952,5120,13429,1,2700.0,122.0233208579609,4.5,T1_normal,-99.032891,31.748303,500.0,-99.1872,31.5481,500.0,15.9
1953,5122,5149,1,198.3,105.69428270283936,53.3,T1_normal,-96.80082027272728,32.808276409090915,161.0,-96.80082027272728,32.808276409090915,161.0,40.6
1954,5122,5161,1,227.7,11.34328450476687,5.0,T1_normal,-96.80082027272728,32.808276409090915,161.0,-96.80082027272728,32.808276409090915,161.0,10.3
1955,5122,5252,1,187.0,28.45101096860496,15.2,T1_normal,-96.80082027272728,32.808276409090915,161.0,-96.80082027272728,32.808276409090915,161.0,12.4
1956,5122,5308,1,251.0,290.5443389635872,115.8,T5_moderate,-96.80082027272728,32.808276409090915,161.0,-96.5458,32.8358,161.0,81.8
1957,5124,5123,1,214.0,6.7053559557716635,3.1,T1_normal,-96.814239,31.202394,115.0,-96.814239,31.202394,161.0,2.4
1958,5159,5123,1,187.0,6.705355955771708,3.6,T1_normal,-96.896708,31.037352,161.0,-96.814239,31.202394,161.0,2.8
1959,8157,5124,1,149.0,33.39535595577159,22.4,T1_normal,-96.69503,31.091925,115.0,-96.814239,31.202394,115.0,21.4
1960,5125,5330,1,409.0,150.445377961411,36.8,T1_normal,-97.12502636363637,32.69967490909091,161.0,-97.12502636363637,32.69967490909091,161.0,28.6
1961,5125,5330,1,409.0,150.445377961411,36.8,T1_normal,-97.12502636363637,32.69967490909091,161.0,-97.12502636363637,32.69967490909091,161.0,28.6
1962,5125,5330,1,211.4,138.28097356786344,65.4,T1_normal,-97.12502636363637,32.69967490909091,161.0,-97.12502636363637,32.69967490909091,161.0,50.9
1963,5126,5252,1,187.0,87.37942043513698,46.7,T1_normal,-96.80082027272728,32.808276409090915,161.0,-96.80082027272728,32.808276409090915,161.0,38.2
1964,5126,5309,1,187.0,21.45498996971753,11.5,T1_normal,-96.80082027272728,32.808276409090915,161.0,-96.80082027272728,32.808276409090915,161.0,27.0
1965,5126,5386,1,310.0,118.0830299457373,38.1,T1_normal,-96.80082027272728,32.808276409090915,161.0,-96.7025715,32.983810000000005,161.0,28.8
1966,5191,5127,1,187.0,183.84517705551477,98.3,T3_prevent,-97.710123,31.916215,161.0,-97.804426,31.769003,161.0,8.7
1967,5127,5231,1,187.0,87.6368001084665,46.9,T1_normal,-97.804426,31.769003,161.0,-98.213739,31.738177,161.0,38.2
1968,5314,5127,1,187.0,101.70837694704808,54.4,T1_normal,-97.506079,31.662159,161.0,-97.804426,31.769003,161.0,43.9
1969,5128,5157,1,186.7,81.08142127004747,43.4,T1_normal,-96.80082027272728,32.808276409090915,161.0,-96.864075,32.599427,161.0,32.6
1970,5128,5214,1,251.0,16.00595658284618,6.4,T1_normal,-96.80082027272728,32.808276409090915,161.0,-96.80082027272728,32.808276409090915,161.0,11.1
1971,5128,5214,1,238.9,19.70252568814459,8.2,T1_normal,-96.80082027272728,32.808276409090915,161.0,-96.80082027272728,32.808276409090915,161.0,14.4
1972,5128,5340,1,194.2,38.13989486609586,19.6,T1_normal,-96.80082027272728,32.808276409090915,161.0,-96.80082027272728,32.808276409090915,161.0,20.6
1973,5128,5467,1,251.0,31.704301125868284,12.6,T1_normal,-96.80082027272728,32.808276409090915,161.0,-96.80082027272728,32.808276409090915,161.0,12.8
1974,5226,5129,1,187.0,69.14259608793563,37.0,T1_normal,-98.776277,31.686677,161.0,-98.44031233333334,31.441731,161.0,22.7
1975,5129,5240,1,187.0,52.97832481737919,28.3,T1_normal,-98.44031233333334,31.441731,161.0,-98.44031233333334,31.441731,161.0,2.8
1976,5129,5240,1,334.1,97.304113864696,29.1,T1_normal,-98.44031233333334,31.441731,161.0,-98.44031233333334,31.441731,161.0,2.9
1977,12794,5129,1,427.3,0.0,0.0,T1_normal,-98.44031233333334,31.441731,20.0,-98.44031233333334,31.441731,161.0,0.0
1978,5129,13069,1,222.0,71.54714596893434,32.2,T1_normal,-98.44031233333334,31.441731,161.0,-98.603358,31.684511,161.0,19.8
1979,5129,13117,1,229.0,8.737303374795147,3.8,T1_normal,-98.44031233333334,31.441731,161.0,-98.44031233333334,31.441731,161.0,23.1
1980,5130,5173,1,310.0,47.30396649555075,15.3,T1_normal,-96.73076228571428,33.04730142857143,161.0,-96.73076228571428,33.04730142857143,161.0,15.1
1981,5173,5130,1,310.0,47.30396649555075,15.3,T1_normal,-96.73076228571428,33.04730142857143,161.0,-96.73076228571428,33.04730142857143,161.0,15.1
1982,5132,5131,1,981.0,132.6414782235684,13.5,T1_normal,-97.499909,31.051688,161.0,-97.499909,31.051688,500.0,4.7
1983,5131,5279,1,2020.0,346.03018824464726,17.1,T1_normal,-97.499909,31.051688,500.0,-97.314427,31.08967366666667,500.0,12.0
1984,5131,5410,1,2768.0,66.99031655983347,2.4,T1_normal,-97.499909,31.051688,500.0,-97.7609485,31.05193475,500.0,24.7
1985,5131,6107,1,2768.0,411.68134990838377,14.9,T1_normal,-97.499909,31.051688,500.0,-96.947291,30.633128,500.0,31.8
1986,5163,5132,1,251.0,178.94126370530685,71.3,T1_normal,-97.604369,31.075955,161.0,-97.499909,31.051688,161.0,52.3
1987,5132,5390,1,343.0,148.81978548173808,43.4,T1_normal,-97.499909,31.051688,161.0,-97.2120625,30.983119,161.0,54.7
1988,5155,5134,1,251.0,54.3794705614894,21.7,T1_normal,-98.666449,32.759373,161.0,-98.892466,32.804272,161.0,32.4
1989,5134,13380,1,248.1,38.66168348522129,15.6,T1_normal,-98.892466,32.804272,161.0,-99.1533074,32.3857988,161.0,1.5
1990,5155,5135,1,279.0,359.60032104388813,128.9,T6_heavy,-98.666449,32.759373,161.0,-98.66402,32.495875,161.0,43.1
1991,5169,5135,1,187.0,144.86160849750033,77.5,T1_normal,-98.4123355,32.20698,161.0,-98.66402,32.495875,161.0,9.5
1992,5135,5264,1,251.0,167.3287125463877,66.7,T1_normal,-98.66402,32.495875,161.0,-98.552257,32.298594,161.0,21.9
1993,5136,5288,1,251.0,8.725707210964817,3.5,T1_normal,-95.667897,33.457143,161.0,-96.0140895,33.412679,161.0,0.7
1994,12779,5136,1,293.3,0.0,0.0,T1_normal,-95.667897,33.457143,20.0,-95.667897,33.457143,161.0,0.0
1995,12780,5136,1,154.9,0.0,0.0,T1_normal,-95.667897,33.457143,20.0,-95.667897,33.457143,161.0,0.0
1996,5138,5137,1,945.0,383.33754105686177,40.6,T1_normal,-97.145583,31.5590085,161.0,-97.145583,31.5590085,500.0,26.7
1997,5137,5388,1,2020.0,207.12873866975912,10.3,T1_normal,-97.145583,31.5590085,500.0,-97.145583,31.5590085,500.0,10.5
1998,5137,5451,1,2020.0,303.7011726821223,15.0,T1_normal,-97.145583,31.5590085,500.0,-97.968224,31.219045,500.0,1.9
1999,5139,5183,1,310.0,173.22890448952464,55.9,T1_normal,-96.80082027272728,32.808276409090915,161.0,-96.88981733333333,33.00596633333333,161.0,54.8
2000,5139,5233,1,409.0,117.68053968576363,28.8,T1_normal,-96.80082027272728,32.808276409090915,161.0,-97.0886755,32.837196,161.0,26.6
2001,5344,5139,1,310.0,73.45793725114191,23.7,T1_normal,-96.80082027272728,32.808276409090915,161.0,-96.80082027272728,32.808276409090915,161.0,8.2
2002,5140,5182,1,213.3,10.464769367141002,4.9,T1_normal,-97.73162625,31.4620585,161.0,-97.73162625,31.4620585,161.0,5.9
2003,5140,5466,1,187.0,1.8740917487875208,1.0,T1_normal,-97.73162625,31.4620585,161.0,-97.73162625,31.4620585,161.0,0.4
2004,5140,5466,1,244.6,4.0822438987689225,1.7,T1_normal,-97.73162625,31.4620585,161.0,-97.73162625,31.4620585,161.0,0.7
2005,5141,5408,1,187.0,48.942067429320346,26.2,T1_normal,-96.378479,33.321734,161.0,-96.356004,33.174219,161.0,26.9
2006,5142,5466,1,187.0,24.65936891776437,13.2,T1_normal,-97.390061,31.285086,161.0,-97.73162625,31.4620585,161.0,9.4
2007,5143,5216,1,409.0,74.24373923640317,18.2,T1_normal,-97.34008506896552,32.753233586206896,161.0,-97.34008506896552,32.753233586206896,161.0,9.9
2008,5143,5428,1,409.0,159.2495749590249,38.9,T1_normal,-97.34008506896552,32.753233586206896,161.0,-97.180586,32.8172,161.0,35.0
2009,5428,5143,1,409.0,159.2495749590249,38.9,T1_normal,-97.180586,32.8172,161.0,-97.34008506896552,32.753233586206896,161.0,35.0
2010,5144,5314,1,187.0,65.35846662050453,35.0,T1_normal,-97.145583,31.5590085,161.0,-97.506079,31.662159,161.0,9.7
2011,5389,5144,1,187.0,179.84100985549975,96.2,T3_prevent,-97.145583,31.5590085,161.0,-97.145583,31.5590085,161.0,29.6
2012,5145,5251,1,310.0,142.28237906016972,45.9,T1_normal,-97.010181,32.723688,161.0,-97.010181,32.723688,161.0,38.1
2013,5145,5251,1,310.0,142.28237906016972,45.9,T1_normal,-97.010181,32.723688,161.0,-97.010181,32.723688,161.0,38.1
2014,5145,5323,1,310.0,232.41218624357103,75.0,T1_normal,-97.010181,32.723688,161.0,-96.80082027272728,32.808276409090915,161.0,38.1
2015,5145,5323,1,310.0,232.41218624357103,75.0,T1_normal,-97.010181,32.723688,161.0,-96.80082027272728,32.808276409090915,161.0,38.1
2016,5145,5323,1,310.0,232.41218624357103,75.0,T1_normal,-97.010181,32.723688,161.0,-96.80082027272728,32.808276409090915,161.0,38.1
2017,5146,5149,1,251.0,188.60831014162187,75.1,T1_normal,-96.553376,32.917961500000004,161.0,-96.80082027272728,32.808276409090915,161.0,49.0
2018,5146,5152,1,310.0,120.92461514452424,39.0,T1_normal,-96.553376,32.917961500000004,161.0,-96.580883,32.969008,161.0,32.9
2019,5146,5152,1,310.0,120.92461514452424,39.0,T1_normal,-96.553376,32.917961500000004,161.0,-96.580883,32.969008,161.0,32.9
2020,5336,5146,1,310.0,145.498446792584,46.9,T1_normal,-96.553376,32.917961500000004,161.0,-96.553376,32.917961500000004,161.0,37.6
2021,5336,5146,1,310.0,145.498446792584,46.9,T1_normal,-96.553376,32.917961500000004,161.0,-96.553376,32.917961500000004,161.0,37.6
2022,5336,5146,1,310.0,145.498446792584,46.9,T1_normal,-96.553376,32.917961500000004,161.0,-96.553376,32.917961500000004,161.0,37.6
2023,5146,5412,1,251.0,84.71220005291933,33.7,T1_normal,-96.553376,32.917961500000004,161.0,-96.534936,33.012135,161.0,27.1
2024,5147,5188,1,187.0,104.58326949248472,55.9,T1_normal,-96.73076228571428,33.04730142857143,161.0,-96.88981733333333,33.00596633333333,161.0,42.9
2025,5147,5224,1,251.0,44.318610781144585,17.7,T1_normal,-96.73076228571428,33.04730142857143,161.0,-96.88981733333333,33.00596633333333,161.0,14.1
2026,5148,5335,1,187.0,77.78808269472677,41.6,T1_normal,-96.9700122,32.8603614,161.0,-96.9700122,32.8603614,161.0,36.3
2027,5148,5457,1,187.0,201.0314388540632,107.5,T4_light,-96.9700122,32.8603614,161.0,-97.149641,32.891787,161.0,75.2
2028,5463,5148,1,187.0,15.186365415553382,8.1,T1_normal,-96.9700122,32.8603614,161.0,-96.9700122,32.8603614,161.0,28.6
2029,5294,5149,1,251.0,87.82660782949563,35.0,T1_normal,-96.80082027272728,32.808276409090915,161.0,-96.80082027272728,32.808276409090915,161.0,22.9
2030,5149,5309,1,187.0,10.178544664374556,5.4,T1_normal,-96.80082027272728,32.808276409090915,161.0,-96.80082027272728,32.808276409090915,161.0,18.5
2031,5197,5150,1,310.0,194.50797382573296,62.7,T1_normal,-98.3737215,33.2411135,161.0,-98.3737215,33.2411135,161.0,45.1
2032,5150,5337,1,206.8,7.731263973792513,3.7,T1_normal,-98.3737215,33.2411135,161.0,-98.244763,33.097641,161.0,9.1
2033,5150,5432,1,310.0,197.8592377995255,63.8,T1_normal,-98.3737215,33.2411135,161.0,-97.825534,32.762033333333335,161.0,49.8
2034,5154,5151,1,187.0,111.61759683586324,59.7,T1_normal,-97.343521,32.116002,161.0,-97.52976,31.988989,161.0,0.2
2035,5191,5151,1,187.0,228.58112533805135,122.2,T5_moderate,-97.710123,31.916215,161.0,-97.52976,31.988989,161.0,1.0
2036,5407,5151,1,187.0,122.35352850218815,65.4,T1_normal,-97.46203133333334,31.819786000000004,161.0,-97.52976,31.988989,161.0,1.8
2037,5181,5152,1,310.0,108.66263351777832,35.1,T1_normal,-96.6344372,32.9086048,161.0,-96.580883,32.969008,161.0,24.0
2038,5181,5152,1,310.0,108.66263351777832,35.1,T1_normal,-96.6344372,32.9086048,161.0,-96.580883,32.969008,161.0,24.0
2039,5205,5153,1,409.0,199.16145616222468,48.7,T1_normal,-97.93385,33.07965,161.0,-97.723422,33.098727,161.0,48.3
2040,5205,5153,1,409.0,199.16145616222468,48.7,T1_normal,-97.93385,33.07965,161.0,-97.723422,33.098727,161.0,48.3
2041,5153,12555,1,488.0,281.18271690542895,57.6,T1_normal,-97.723422,33.098727,161.0,-97.93385,33.07965,161.0,56.2
2042,5153,12555,1,488.0,281.18271690542895,57.6,T1_normal,-97.723422,33.098727,161.0,-97.93385,33.07965,161.0,56.2
2043,5153,13330,1,315.4,91.14545116114463,28.9,T1_normal,-97.723422,33.098727,161.0,-97.3420515,33.318023,161.0,57.6
2044,5154,5247,1,187.0,144.3904729852051,77.2,T1_normal,-97.343521,32.116002,161.0,-97.575601,32.117538,161.0,7.0
2045,5290,5154,1,251.0,281.1280698210682,112.0,T5_moderate,-97.3667,31.8694,161.0,-97.343521,32.116002,161.0,15.3
2046,13188,5154,1,141.3,0.0,0.0,T1_normal,-97.343521,32.116002,20.0,-97.343521,32.116002,161.0,0.0
2047,5155,12636,1,294.0,309.05085048239863,105.1,T4_light,-98.666449,32.759373,161.0,-98.7321385,33.1268065,161.0,14.5
2048,5155,13191,1,210.8,0.0,0.0,T1_normal,-98.666449,32.759373,161.0,-98.677196,32.635105,161.0,0.0
2049,5456,5156,1,295.0,167.30873028458575,56.7,T1_normal,-98.98514,32.116953,161.0,-98.927404,31.931233,161.0,72.7
2050,5156,13051,1,194.4,95.66363026132932,49.2,T1_normal,-98.927404,31.931233,161.0,-98.6525545,31.8568005,161.0,48.2
2051,5157,5194,1,187.0,200.60425109490865,107.3,T4_light,-96.864075,32.599427,161.0,-96.914175,32.651936,161.0,21.5
2052,5333,5157,1,310.0,253.86684806415224,81.9,T2_watch,-96.807315,32.521773,161.0,-96.864075,32.599427,161.0,26.1
2053,5333,5157,1,310.0,253.86684806415224,81.9,T2_watch,-96.807315,32.521773,161.0,-96.864075,32.599427,161.0,26.1
2054,5157,5376,1,233.5,278.2974664277241,119.2,T5_moderate,-96.864075,32.599427,161.0,-96.80082027272728,32.808276409090915,161.0,33.4
2055,5316,5158,1,409.0,124.16610723992888,30.4,T1_normal,-96.601994,32.77155966666667,161.0,-96.601994,32.77155966666667,161.0,27.3
2056,5316,5158,1,409.0,124.16610723992888,30.4,T1_normal,-96.601994,32.77155966666667,161.0,-96.601994,32.77155966666667,161.0,27.3
2057,5374,5158,1,500.0,255.3861072399279,51.1,T1_normal,-96.620085,32.716601,161.0,-96.601994,32.77155966666667,161.0,48.6
2058,5374,5158,1,500.0,255.3861072399279,51.1,T1_normal,-96.620085,32.716601,161.0,-96.601994,32.77155966666667,161.0,48.6
2059,5271,5159,1,187.0,11.964644044228168,6.4,T1_normal,-97.291628,30.789254,161.0,-96.896708,31.037352,161.0,7.2
2060,12925,5159,1,286.6,0.0,0.0,T1_normal,-96.896708,31.037352,20.0,-96.896708,31.037352,161.0,0.0
2061,5165,5160,1,310.0,195.0527755849869,62.9,T1_normal,-97.13581333333332,33.210620166666665,161.0,-97.13581333333332,33.210620166666665,161.0,60.4
2062,5161,5181,1,187.0,101.13456524578552,54.1,T1_normal,-96.80082027272728,32.808276409090915,161.0,-96.6344372,32.9086048,161.0,31.3
2063,5161,5272,1,310.0,41.73645348952277,13.5,T1_normal,-96.80082027272728,32.808276409090915,161.0,-96.80082027272728,32.808276409090915,161.0,5.9
2064,5161,5316,1,409.0,157.10113678975688,38.4,T1_normal,-96.80082027272728,32.808276409090915,161.0,-96.601994,32.77155966666667,161.0,22.4
2065,5161,5356,1,251.0,10.011476309338365,4.0,T1_normal,-96.80082027272728,32.808276409090915,161.0,-96.6344372,32.9086048,161.0,3.0
2066,5162,5211,1,187.0,7.544286572041514,4.0,T1_normal,-96.955129,31.661047,161.0,-96.807276,31.848506,161.0,4.9
2067,5162,5437,1,187.0,0.8542865720414738,0.5,T1_normal,-96.955129,31.661047,161.0,-97.073707,31.696619,161.0,1.4
2068,5163,5221,1,184.3,45.922333459160924,24.9,T1_normal,-97.604369,31.075955,161.0,-97.7609485,31.05193475,161.0,21.6
2069,5163,5235,1,187.0,21.94206899761877,11.7,T1_normal,-97.604369,31.075955,161.0,-97.59865,30.925736,161.0,8.1
2070,5163,5377,1,228.1,30.04243757777907,13.2,T1_normal,-97.604369,31.075955,161.0,-97.7609485,31.05193475,161.0,0.2
2071,5163,5477,1,241.1,65.38226659929904,27.1,T1_normal,-97.604369,31.075955,161.0,-97.644625,31.050856,161.0,21.7
2072,5165,5164,1,1680.0,1112.1490811437816,66.2,T1_normal,-97.13581333333332,33.210620166666665,161.0,-97.13581333333332,33.210620166666665,500.0,63.5
2073,5166,5164,1,97.6,42.99770230581963,44.1,T1_normal,-97.13581333333332,33.210620166666665,13.8,-97.13581333333332,33.210620166666665,500.0,0.0
2074,5167,5164,1,90.7,42.99770230581961,47.4,T1_normal,-97.13581333333332,33.210620166666665,13.8,-97.13581333333332,33.210620166666665,500.0,0.0
2075,5164,5204,1,3146.0,1718.0210172088148,54.6,T1_normal,-97.13581333333332,33.210620166666665,500.0,-97.93385,33.07965,500.0,51.4
2076,5164,5464,1,2768.0,1883.0320157919143,68.0,T1_normal,-97.13581333333332,33.210620166666665,500.0,-96.8232695,33.154732499999994,500.0,64.1
2077,5175,5165,1,409.0,273.61317556214715,66.9,T1_normal,-97.13581333333332,33.210620166666665,161.0,-97.13581333333332,33.210620166666665,161.0,60.5
2078,5175,5165,1,409.0,273.61317556214715,66.9,T1_normal,-97.13581333333332,33.210620166666665,161.0,-97.13581333333332,33.210620166666665,161.0,60.5
2079,5175,5165,1,409.0,273.61317556214715,66.9,T1_normal,-97.13581333333332,33.210620166666665,161.0,-97.13581333333332,33.210620166666665,161.0,60.5
2080,5168,5203,1,187.0,57.49912552923604,30.7,T1_normal,-96.80082027272728,32.808276409090915,161.0,-96.80082027272728,32.808276409090915,161.0,15.5
2081,5168,5245,1,187.0,88.45341804186705,47.3,T1_normal,-96.80082027272728,32.808276409090915,161.0,-97.071545,32.925765,161.0,32.1
2082,5168,5311,1,251.0,2.775101600251162,1.1,T1_normal,-96.80082027272728,32.808276409090915,161.0,-96.80082027272728,32.808276409090915,161.0,18.9
2083,5168,5344,1,200.0,7.540204820753615,3.8,T1_normal,-96.80082027272728,32.808276409090915,161.0,-96.80082027272728,32.808276409090915,161.0,5.4
2084,5170,5169,1,89.3,52.800000000000026,59.1,T1_normal,-98.4123355,32.20698,18.0,-98.4123355,32.20698,161.0,55.3
2085,5169,5264,1,234.7,33.700676500521,14.4,T1_normal,-98.4123355,32.20698,161.0,-98.552257,32.298594,161.0,36.6
2086,5169,5456,1,264.9,256.7312425337502,96.9,T3_prevent,-98.4123355,32.20698,161.0,-98.98514,32.116953,161.0,27.2
2087,5169,5471,1,187.0,420.6921745307293,225.0,T7_structural,-98.4123355,32.20698,161.0,-98.377389,32.371306,161.0,28.5
2088,5171,5174,1,251.0,230.47354334304657,91.8,T3_prevent,-96.91458,32.043976,161.0,-96.8751,31.8932,161.0,61.0
2089,5306,5172,1,251.0,15.660673259870528,6.2,T1_normal,-97.572841,32.708154,161.0,-97.825534,32.762033333333335,161.0,3.6
2090,5430,5172,1,251.0,58.579326740129645,23.3,T1_normal,-97.825534,32.762033333333335,161.0,-97.825534,32.762033333333335,161.0,33.2
2091,5173,5203,1,251.0,13.96864569785592,5.6,T1_normal,-96.73076228571428,33.04730142857143,161.0,-96.80082027272728,32.808276409090915,161.0,3.7
2092,5174,5201,1,242.0,212.5233309393403,87.8,T2_watch,-96.8751,31.8932,161.0,-96.818676,31.710422,161.0,63.7
2093,5474,5174,1,251.0,24.819787596293885,9.9,T1_normal,-97.01498,31.86976,161.0,-96.8751,31.8932,161.0,16.1
2094,5195,5175,1,409.0,39.462279586834015,9.6,T1_normal,-97.173782,33.114675,161.0,-97.13581333333332,33.210620166666665,161.0,23.4
2095,5175,5370,1,474.0,319.47813181101594,67.4,T1_normal,-97.13581333333332,33.210620166666665,161.0,-97.0124115,33.07492,161.0,55.7
2096,5175,5370,1,474.0,319.47813181101594,67.4,T1_normal,-97.13581333333332,33.210620166666665,161.0,-97.0124115,33.07492,161.0,55.7
2097,5177,5186,1,310.0,151.41991926999995,48.8,T1_normal,-97.12502636363637,32.69967490909091,161.0,-97.072628,32.452281,161.0,44.1
2098,5177,5186,1,310.0,151.41991926999995,48.8,T1_normal,-97.12502636363637,32.69967490909091,161.0,-97.072628,32.452281,161.0,44.1
2099,5177,5287,1,360.0,187.31916891164957,52.0,T1_normal,-97.12502636363637,32.69967490909091,161.0,-97.12502636363637,32.69967490909091,161.0,38.8
2100,5258,5178,1,187.0,158.0841670174145,84.5,T2_watch,-96.4916,32.7563,161.0,-96.4445225,32.897791,161.0,67.1
2101,5308,5178,1,251.0,69.29284245416127,27.6,T1_normal,-96.5458,32.8358,161.0,-96.4445225,32.897791,161.0,30.0
2102,5178,5354,1,187.0,97.73700947157629,52.3,T1_normal,-96.4445225,32.897791,161.0,-96.601994,32.77155966666667,161.0,38.0
2103,5180,5179,1,946.0,235.7394744057821,24.9,T1_normal,-96.38666966666666,32.061173333333336,161.0,-96.38666966666666,32.061173333333336,500.0,9.3
2104,5358,5179,1,3146.0,591.3974988077584,18.8,T1_normal,-96.93121275,31.43308425,500.0,-96.38666966666666,32.061173333333336,500.0,5.3
2105,5179,5380,1,3146.0,1458.2269592978355,46.4,T1_normal,-96.38666966666666,32.061173333333336,500.0,-96.675,32.32,500.0,19.6
2106,5179,8043,1,2768.0,1093.5658652608513,39.5,T1_normal,-96.38666966666666,32.061173333333336,500.0,-96.08704033333332,31.83128633333333,500.0,7.4
2107,5179,8057,1,2768.0,808.5111857070033,29.2,T1_normal,-96.38666966666666,32.061173333333336,500.0,-96.08704033333332,31.83128633333333,500.0,3.1
2108,13261,5179,1,166.5,14.47178002894356,8.7,T1_normal,-96.38666966666666,32.061173333333336,20.0,-96.38666966666666,32.061173333333336,500.0,0.0
2109,5180,5485,1,310.0,28.80164517278665,9.3,T1_normal,-96.38666966666666,32.061173333333336,161.0,-96.723661,32.122927,161.0,0.7
2110,5182,5314,1,187.0,53.939910326543306,28.8,T1_normal,-97.73162625,31.4620585,161.0,-97.506079,31.662159,161.0,24.9
2111,5182,5466,1,210.7,28.653298501541254,13.6,T1_normal,-97.73162625,31.4620585,161.0,-97.73162625,31.4620585,161.0,9.3
2112,5183,5224,1,251.0,84.2317621771393,33.6,T1_normal,-96.88981733333333,33.00596633333333,161.0,-96.88981733333333,33.00596633333333,161.0,24.7
2113,5184,5373,1,187.0,49.50580681540515,26.5,T1_normal,-97.34008506896552,32.753233586206896,161.0,-97.267376,32.803436,161.0,9.4
2114,5387,5184,1,251.0,60.3621356498266,24.0,T1_normal,-97.34008506896552,32.753233586206896,161.0,-97.34008506896552,32.753233586206896,161.0,26.0
2115,5185,5218,1,251.0,45.92154564360165,18.3,T1_normal,-97.462793,33.093365,161.0,-97.340499,33.099993,161.0,14.6
2116,5434,5185,1,310.0,185.31375852028376,59.8,T1_normal,-97.444409,33.00085,161.0,-97.462793,33.093365,161.0,45.3
2117,5434,5185,1,310.0,185.31375852028376,59.8,T1_normal,-97.444409,33.00085,161.0,-97.462793,33.093365,161.0,45.3
2118,5186,5269,1,183.9,58.07605848732038,31.6,T1_normal,-97.072628,32.452281,161.0,-97.0540165,32.448697,161.0,72.7
2119,5186,5355,1,310.0,41.18501198221978,13.3,T1_normal,-97.072628,32.452281,161.0,-97.037219,32.302367,161.0,13.8
2120,5186,5355,1,310.0,41.18501198221978,13.3,T1_normal,-97.072628,32.452281,161.0,-97.037219,32.302367,161.0,13.8
2121,13236,5186,1,195.8,93.41878491715649,47.7,T1_normal,-97.072628,32.452281,20.0,-97.072628,32.452281,161.0,0.0
2122,5188,5203,1,251.0,45.531892807370866,18.1,T1_normal,-96.88981733333333,33.00596633333333,161.0,-96.80082027272728,32.808276409090915,161.0,8.7
2123,5188,5234,1,310.0,88.49819368183489,28.5,T1_normal,-96.88981733333333,33.00596633333333,161.0,-96.8232695,33.154732499999994,161.0,13.4
2124,5188,5253,1,187.0,152.09763528468568,81.3,T2_watch,-96.88981733333333,33.00596633333333,161.0,-97.092488,33.0338,161.0,67.0
2125,5189,5230,1,251.0,49.75379710215293,19.8,T1_normal,-96.80082027272728,32.808276409090915,161.0,-96.80082027272728,32.808276409090915,161.0,11.6
2126,5189,5230,1,199.7,84.51586626392213,42.3,T1_normal,-96.80082027272728,32.808276409090915,161.0,-96.80082027272728,32.808276409090915,161.0,24.8
2127,5189,5272,1,409.0,59.71489789176019,14.6,T1_normal,-96.80082027272728,32.808276409090915,161.0,-96.80082027272728,32.808276409090915,161.0,7.5
2128,5189,5272,1,224.8,131.09996618368882,58.3,T1_normal,-96.80082027272728,32.808276409090915,161.0,-96.80082027272728,32.808276409090915,161.0,30.0
2129,5189,5340,1,235.6,42.35409974467785,18.0,T1_normal,-96.80082027272728,32.808276409090915,161.0,-96.80082027272728,32.808276409090915,161.0,8.8
2130,5189,5352,1,310.0,121.11991969229194,39.1,T1_normal,-96.80082027272728,32.808276409090915,161.0,-96.80082027272728,32.808276409090915,161.0,27.9
2131,5189,5352,1,310.0,121.11991969229194,39.1,T1_normal,-96.80082027272728,32.808276409090915,161.0,-96.80082027272728,32.808276409090915,161.0,27.9
2132,5189,5467,1,210.1,42.17011667422241,20.1,T1_normal,-96.80082027272728,32.808276409090915,161.0,-96.80082027272728,32.808276409090915,161.0,7.7
2133,5189,5482,1,200.4,63.76753921095286,31.8,T1_normal,-96.80082027272728,32.808276409090915,161.0,-96.80082027272728,32.808276409090915,161.0,35.4
2134,5190,5255,1,251.0,157.13688269254055,62.6,T1_normal,-98.333604,32.587603,161.0,-97.993148,32.704456,161.0,11.4
2135,5190,5264,1,251.0,101.79076533811887,40.6,T1_normal,-98.333604,32.587603,161.0,-98.552257,32.298594,161.0,48.2
2136,5190,5430,1,310.0,51.54611735442178,16.6,T1_normal,-98.333604,32.587603,161.0,-97.825534,32.762033333333335,161.0,47.0
2137,5191,5407,1,187.0,346.3621583221771,185.2,T7_structural,-97.710123,31.916215,161.0,-97.46203133333334,31.819786000000004,161.0,0.7
2138,5193,5192,1,890.0,147.7887375291708,16.6,T1_normal,-97.7609485,31.05193475,161.0,-97.7609485,31.05193475,500.0,19.1
2139,5192,5279,1,2020.0,147.7887375291708,7.3,T1_normal,-97.7609485,31.05193475,500.0,-97.314427,31.08967366666667,500.0,8.4
2140,5193,5411,1,223.8,5.273722807070769,2.4,T1_normal,-97.7609485,31.05193475,161.0,-97.7609485,31.05193475,161.0,16.9
2141,5193,6316,1,187.0,7.015014722100155,3.8,T1_normal,-97.7609485,31.05193475,161.0,-97.72702366666664,30.716280333333337,161.0,38.5
2142,5194,5330,1,251.0,175.05627127971923,69.7,T1_normal,-96.914175,32.651936,161.0,-97.12502636363637,32.69967490909091,161.0,33.7
2143,5194,5353,1,242.0,184.16158017826092,76.1,T1_normal,-96.914175,32.651936,161.0,-96.914175,32.651936,161.0,40.1
2144,5194,5376,1,310.0,111.17878024721506,35.9,T1_normal,-96.914175,32.651936,161.0,-96.80082027272728,32.808276409090915,161.0,25.0
2145,5194,5376,1,224.2,77.36550406068972,34.5,T1_normal,-96.914175,32.651936,161.0,-96.80082027272728,32.808276409090915,161.0,24.0
2146,5194,5462,1,251.0,116.411419654262,46.4,T1_normal,-96.914175,32.651936,161.0,-96.80082027272728,32.808276409090915,161.0,34.4
2147,5197,5196,1,305.0,129.243068697308,42.4,T1_normal,-98.3737215,33.2411135,161.0,-98.3737215,33.2411135,500.0,22.4
2148,5198,5196,1,183.7,623.0693265777638,339.2,T7_structural,-98.3737215,33.2411135,18.0,-98.3737215,33.2411135,500.0,0.0
2149,5196,5204,1,2020.0,1700.870754242069,84.2,T2_watch,-98.3737215,33.2411135,500.0,-97.93385,33.07965,500.0,48.5
2150,5337,5197,1,187.0,74.3692727605264,39.8,T1_normal,-98.244763,33.097641,161.0,-98.3737215,33.2411135,161.0,18.2
2151,5197,5362,1,197.2,29.31644491352966,14.9,T1_normal,-98.3737215,33.2411135,161.0,-97.9208,33.1964,161.0,17.8
2152,5199,5244,1,221.1,8.896213425244426,4.0,T1_normal,-97.34008506896552,32.753233586206896,161.0,-97.34008506896552,32.753233586206896,161.0,6.5
2153,5199,5375,1,187.0,51.76763564935385,27.7,T1_normal,-97.34008506896552,32.753233586206896,161.0,-97.34008506896552,32.753233586206896,161.0,26.1
2154,5199,5438,1,251.0,21.846209368557368,8.7,T1_normal,-97.34008506896552,32.753233586206896,161.0,-97.34008506896552,32.753233586206896,161.0,3.0
2155,5199,5438,1,194.4,16.609548622795955,8.5,T1_normal,-97.34008506896552,32.753233586206896,161.0,-97.34008506896552,32.753233586206896,161.0,3.0
2156,5199,5443,1,221.1,96.2520645780117,43.5,T1_normal,-97.34008506896552,32.753233586206896,161.0,-97.34008506896552,32.753233586206896,161.0,35.0
2157,5255,5200,1,251.0,5.080916737065344,2.0,T1_normal,-97.993148,32.704456,161.0,-98.126806,32.799602,161.0,4.8
2158,5276,5201,1,251.0,176.51336462797946,70.3,T1_normal,-96.84912,31.509216,161.0,-96.818676,31.710422,161.0,27.8
2159,5327,5201,1,251.0,26.182242279577306,10.4,T1_normal,-96.828196,31.77471,161.0,-96.818676,31.710422,161.0,0.4
2160,5201,12712,1,600.0,67.75220859093807,11.3,T1_normal,-96.818676,31.710422,161.0,-96.818676,31.710422,500.0,38.1
2161,5202,5381,1,187.0,0.0129186900943878,0.0,T1_normal,-96.475509,32.229113,161.0,-96.675,32.32,161.0,18.7
2162,5426,5202,1,187.0,8.62708130990546,4.6,T1_normal,-96.245039,32.366686,161.0,-96.475509,32.229113,161.0,14.1
2163,5203,5465,1,237.0,232.46685609011345,98.1,T3_prevent,-96.80082027272728,32.808276409090915,161.0,-96.8232695,33.154732499999994,161.0,75.6
2164,5205,5204,1,1134.0,350.9632981172242,30.9,T1_normal,-97.93385,33.07965,161.0,-97.93385,33.07965,500.0,28.7
2165,5206,5204,1,357.6,0.0,0.0,T1_normal,-97.93385,33.07965,13.8,-97.93385,33.07965,500.0,0.0
2166,5207,5204,1,397.9,220.9233316347903,55.5,T1_normal,-97.93385,33.07965,13.8,-97.93385,33.07965,500.0,25.9
2167,5208,5204,1,257.8,0.0,0.0,T1_normal,-97.93385,33.07965,13.8,-97.93385,33.07965,500.0,0.0
2168,5204,5361,1,2768.0,992.772783131651,35.9,T1_normal,-97.93385,33.07965,500.0,-97.9208,33.1964,500.0,40.6
2169,5204,5413,1,2020.0,189.54163203066673,9.4,T1_normal,-97.93385,33.07965,500.0,-98.2935895,32.711098,500.0,0.4
2170,12532,5204,1,260.5,0.0,0.0,T1_normal,-97.93385,33.07965,13.8,-97.93385,33.07965,500.0,0.0
2171,12533,5204,1,212.6,0.0,0.0,T1_normal,-97.93385,33.07965,13.8,-97.93385,33.07965,500.0,0.0
2172,12534,5204,1,245.8,0.0,0.0,T1_normal,-97.93385,33.07965,13.8,-97.93385,33.07965,500.0,0.0
2173,5204,12556,1,2811.6,2156.566749759142,76.7,T1_normal,-97.93385,33.07965,500.0,-97.93385,33.07965,500.0,72.7
2174,5209,5246,1,187.0,57.253824296255296,30.6,T1_normal,-97.736712,32.083522,161.0,-97.790381,32.253423999999995,161.0,1.3
2175,5209,5246,1,230.3,79.72664868895052,34.6,T1_normal,-97.736712,32.083522,161.0,-97.790381,32.253423999999995,161.0,1.4
2176,5247,5209,1,187.0,140.5704729852049,75.2,T1_normal,-97.575601,32.117538,161.0,-97.736712,32.083522,161.0,4.9
2177,5210,5233,1,251.0,152.3396153868049,60.7,T1_normal,-97.1378,32.8418145,161.0,-97.0886755,32.837196,161.0,53.8
2178,5210,5248,1,221.4,10.347978152907444,4.7,T1_normal,-97.1378,32.8418145,161.0,-97.1378,32.8418145,161.0,3.7
2179,5210,5428,1,409.0,92.89393935433736,22.7,T1_normal,-97.1378,32.8418145,161.0,-97.180586,32.8172,161.0,19.5
2180,5210,5428,1,215.8,120.19338275643037,55.7,T1_normal,-97.1378,32.8418145,161.0,-97.180586,32.8172,161.0,47.9
2181,5211,5275,1,210.0,152.80265643769332,72.8,T1_normal,-96.807276,31.848506,161.0,-96.624458,31.85346,161.0,84.5
2182,5211,5327,1,251.0,168.72694300973467,67.2,T1_normal,-96.807276,31.848506,161.0,-96.828196,31.77471,161.0,77.7
2183,5212,5256,1,310.0,229.56293036653648,74.1,T1_normal,-96.678049,32.439873,161.0,-96.842324,32.237512,161.0,30.5
2184,5333,5212,1,310.0,195.6729303665366,63.1,T1_normal,-96.807315,32.521773,161.0,-96.678049,32.439873,161.0,19.6
2185,5213,5250,1,409.0,37.77379978156006,9.2,T1_normal,-96.6344372,32.9086048,161.0,-96.80082027272728,32.808276409090915,161.0,13.6
2186,5214,5229,1,187.0,73.03755956549516,39.1,T1_normal,-96.80082027272728,32.808276409090915,161.0,-96.80082027272728,32.808276409090915,161.0,6.0
2187,5214,5468,1,310.0,40.9395079134697,13.2,T1_normal,-96.80082027272728,32.808276409090915,161.0,-96.80082027272728,32.808276409090915,161.0,49.7
2188,5215,5277,1,251.0,54.16534402620492,21.6,T1_normal,-96.933242,33.371246,161.0,-96.950551,33.176495,161.0,10.7
2189,5216,5442,1,251.0,21.02335767008157,8.4,T1_normal,-97.34008506896552,32.753233586206896,161.0,-97.34008506896552,32.753233586206896,161.0,6.6
2190,5216,5442,1,217.4,18.04946036234867,8.3,T1_normal,-97.34008506896552,32.753233586206896,161.0,-97.34008506896552,32.753233586206896,161.0,6.6
2191,5216,5443,1,218.0,139.9768292950185,64.2,T1_normal,-97.34008506896552,32.753233586206896,161.0,-97.34008506896552,32.753233586206896,161.0,62.6
2192,5216,5443,1,242.9,144.99727484420148,59.7,T1_normal,-97.34008506896552,32.753233586206896,161.0,-97.34008506896552,32.753233586206896,161.0,58.2
2193,5217,5310,1,187.0,60.45643104116607,32.3,T1_normal,-97.2168395,32.863300499999994,161.0,-97.34008506896552,32.753233586206896,161.0,25.5
2194,5217,5310,1,187.0,60.45643104116607,32.3,T1_normal,-97.2168395,32.863300499999994,161.0,-97.34008506896552,32.753233586206896,161.0,25.5
2195,5217,5310,1,208.8,93.24740640670086,44.7,T1_normal,-97.2168395,32.863300499999994,161.0,-97.34008506896552,32.753233586206896,161.0,35.2
2196,5217,5379,1,234.5,80.36410800180249,34.3,T1_normal,-97.2168395,32.863300499999994,161.0,-97.34008506896552,32.753233586206896,161.0,26.3
2197,5217,5428,1,223.5,28.828228758543872,12.9,T1_normal,-97.2168395,32.863300499999994,161.0,-97.180586,32.8172,161.0,10.9
2198,5217,5433,1,279.0,248.05783667516545,88.9,T2_watch,-97.2168395,32.863300499999994,161.0,-97.34008506896552,32.753233586206896,161.0,71.8
2199,5483,5217,1,409.0,120.4973842871091,29.5,T1_normal,-97.2168395,32.863300499999994,161.0,-97.2168395,32.863300499999994,161.0,27.0
2200,5483,5217,1,409.0,120.4973842871091,29.5,T1_normal,-97.2168395,32.863300499999994,161.0,-97.2168395,32.863300499999994,161.0,27.0
2201,5219,5371,1,187.0,112.63667798756671,60.2,T1_normal,-96.428985,32.533273,161.0,-96.539931,32.552083,161.0,1.1
2202,13121,5219,1,232.2,33.14917127071819,14.3,T1_normal,-96.428985,32.533273,20.0,-96.428985,32.533273,161.0,0.0
2203,5221,5377,1,238.7,6.4791246958360915,2.7,T1_normal,-97.7609485,31.05193475,161.0,-97.7609485,31.05193475,161.0,13.5
2204,5221,5411,1,187.0,59.70314216373822,31.9,T1_normal,-97.7609485,31.05193475,161.0,-97.7609485,31.05193475,161.0,19.5
2205,5222,5426,1,310.0,126.90918764225998,40.9,T1_normal,-96.092445,32.357217500000004,161.0,-96.245039,32.366686,161.0,15.8
2206,5222,5426,1,310.0,126.90918764225998,40.9,T1_normal,-96.092445,32.357217500000004,161.0,-96.245039,32.366686,161.0,15.8
2207,5223,5275,1,251.0,39.85078374641944,15.9,T1_normal,-96.468137,31.654919,161.0,-96.624458,31.85346,161.0,41.3
2208,5307,5224,1,310.0,78.23821659964167,25.2,T1_normal,-96.912391,33.070292,161.0,-96.88981733333333,33.00596633333333,161.0,16.2
2209,5225,5259,1,251.0,15.46087280709969,6.2,T1_normal,-96.357203,33.030354,161.0,-96.452481,33.068055,161.0,14.4
2210,5225,5421,1,310.0,8.559127192900462,2.8,T1_normal,-96.357203,33.030354,161.0,-96.309004,33.066219,161.0,3.9
2211,13273,5225,1,177.1,0.0,0.0,T1_normal,-96.357203,33.030354,20.0,-96.357203,33.030354,161.0,0.0
2212,5226,13069,1,240.0,71.54714596893453,29.8,T1_normal,-98.776277,31.686677,161.0,-98.603358,31.684511,161.0,18.3
2213,5227,5354,1,251.0,89.10191283832543,35.5,T1_normal,-96.243079,32.788987000000006,161.0,-96.601994,32.77155966666667,161.0,30.1
2214,5313,5228,1,409.0,201.9854605701937,49.4,T1_normal,-96.695516,32.63852,161.0,-96.80082027272728,32.808276409090915,161.0,34.2
2215,5313,5228,1,409.0,201.9854605701937,49.4,T1_normal,-96.695516,32.63852,161.0,-96.80082027272728,32.808276409090915,161.0,34.2
2216,5313,5228,1,409.0,201.9854605701937,49.4,T1_normal,-96.695516,32.63852,161.0,-96.80082027272728,32.808276409090915,161.0,34.2
2217,5349,5228,1,310.0,338.58992479946505,109.2,T4_light,-96.7651095,32.5902035,161.0,-96.80082027272728,32.808276409090915,161.0,29.8
2218,5228,5376,1,208.2,7.768254193626234,3.7,T1_normal,-96.80082027272728,32.808276409090915,161.0,-96.80082027272728,32.808276409090915,161.0,1.6
2219,5229,5309,1,409.0,65.9098846426744,16.1,T1_normal,-96.80082027272728,32.808276409090915,161.0,-96.80082027272728,32.808276409090915,161.0,18.1
2220,5230,5311,1,222.7,41.37460383122118,18.6,T1_normal,-96.80082027272728,32.808276409090915,161.0,-96.80082027272728,32.808276409090915,161.0,32.4
2221,5230,5340,1,203.0,6.755727374952869,3.3,T1_normal,-96.80082027272728,32.808276409090915,161.0,-96.80082027272728,32.808276409090915,161.0,27.5
2222,5230,5467,1,221.4,12.52693620937606,5.7,T1_normal,-96.80082027272728,32.808276409090915,161.0,-96.80082027272728,32.808276409090915,161.0,14.0
2223,5230,5478,1,187.0,5.470195369157338,2.9,T1_normal,-96.80082027272728,32.808276409090915,161.0,-96.9700122,32.8603614,161.0,22.8
2224,5230,5482,1,226.8,28.75269998590113,12.7,T1_normal,-96.80082027272728,32.808276409090915,161.0,-96.80082027272728,32.808276409090915,161.0,23.4
2225,5286,5231,1,187.0,165.02465976088078,88.2,T2_watch,-98.4123355,32.20698,161.0,-98.213739,31.738177,161.0,16.2
2226,13293,5231,1,163.4,100.0,61.2,T1_normal,-98.213739,31.738177,20.0,-98.213739,31.738177,161.0,57.2
2227,5232,5251,1,187.0,194.6614586101198,104.1,T4_light,-97.12502636363637,32.69967490909091,161.0,-97.010181,32.723688,161.0,48.3
2228,5232,5330,1,246.3,95.252895995403,38.7,T1_normal,-97.12502636363637,32.69967490909091,161.0,-97.12502636363637,32.69967490909091,161.0,28.5
2229,5440,5232,1,300.0,24.985463631638535,8.3,T1_normal,-97.12502636363637,32.69967490909091,161.0,-97.12502636363637,32.69967490909091,161.0,14.0
2230,5232,5442,1,187.0,41.629935687592834,22.3,T1_normal,-97.12502636363637,32.69967490909091,161.0,-97.34008506896552,32.753233586206896,161.0,21.9
2231,5233,5339,1,187.0,20.233937316129413,10.8,T1_normal,-97.0886755,32.837196,161.0,-97.148582,32.959922,161.0,24.4
2232,5234,5296,1,310.0,182.9140968409174,59.0,T1_normal,-96.8232695,33.154732499999994,161.0,-96.643077,33.194952,161.0,51.4
2233,5234,5296,1,310.0,182.9140968409174,59.0,T1_normal,-96.8232695,33.154732499999994,161.0,-96.643077,33.194952,161.0,51.4
2234,5235,5271,1,187.0,58.67674176446434,31.4,T1_normal,-97.59865,30.925736,161.0,-97.291628,30.789254,161.0,32.8
2235,5411,5235,1,187.0,24.95203696992956,13.3,T1_normal,-97.7609485,31.05193475,161.0,-97.59865,30.925736,161.0,4.1
2236,5235,5477,1,215.6,28.866709736775498,13.4,T1_normal,-97.59865,30.925736,161.0,-97.644625,31.050856,161.0,9.7
2237,5237,5236,1,287.0,690.452255987552,240.6,T7_structural,-98.81875,33.316907,161.0,-98.81875,33.316907,500.0,36.7
2238,5238,5236,1,246.6,822.4515110826484,333.5,T7_structural,-98.81875,33.316907,18.0,-98.81875,33.316907,500.0,0.0
2239,5236,5394,1,2020.0,342.9230431886114,17.0,T1_normal,-98.81875,33.316907,500.0,-99.33232,32.77921550000001,500.0,41.1
2240,5240,5239,1,477.0,272.7394791863555,57.2,T1_normal,-98.44031233333334,31.441731,161.0,-98.44031233333334,31.441731,500.0,5.2
2241,5243,5239,1,193.9,0.0,0.0,T1_normal,-98.44031233333334,31.441731,13.8,-98.44031233333334,31.441731,500.0,0.0
2242,5451,5239,1,2020.0,1646.57145913588,81.5,T2_watch,-97.968224,31.219045,500.0,-98.44031233333334,31.441731,500.0,68.4
2243,5239,6118,1,2996.5,901.4591576403716,30.1,T1_normal,-98.44031233333334,31.441731,500.0,-97.8242,30.503949,500.0,72.1
2244,5239,6210,1,2020.0,191.4145870100099,9.5,T1_normal,-98.44031233333334,31.441731,500.0,-98.26824166666664,30.564168,500.0,51.7
2245,5239,6254,1,2055.4,32.46444478171533,1.6,T1_normal,-98.44031233333334,31.441731,500.0,-97.77508287179488,30.30416587179487,500.0,67.7
2246,12547,5239,1,1910.0,777.868154844622,40.7,T1_normal,-97.46203133333334,31.819786000000004,500.0,-98.44031233333334,31.441731,500.0,10.0
2247,13429,5239,1,2724.7,778.6844808420095,28.6,T1_normal,-99.1872,31.5481,500.0,-98.44031233333334,31.441731,500.0,43.5
2248,13429,5239,1,2724.7,778.6844808420095,28.6,T1_normal,-99.1872,31.5481,500.0,-98.44031233333334,31.441731,500.0,43.5
2249,5241,5240,1,204.0,47.52308187729035,23.3,T1_normal,-98.44031233333334,31.441731,115.0,-98.44031233333334,31.441731,161.0,8.3
2250,5241,5240,1,204.0,47.52308187729035,23.3,T1_normal,-98.44031233333334,31.441731,115.0,-98.44031233333334,31.441731,161.0,8.3
2251,5240,13117,1,369.8,217.5032042588608,58.8,T1_normal,-98.44031233333334,31.441731,161.0,-98.44031233333334,31.441731,161.0,19.9
2252,5244,5306,1,283.0,267.674512251713,94.6,T3_prevent,-97.34008506896552,32.753233586206896,161.0,-97.572841,32.708154,161.0,81.2
2253,5244,5387,1,206.8,75.75685613336063,36.6,T1_normal,-97.34008506896552,32.753233586206896,161.0,-97.34008506896552,32.753233586206896,161.0,34.2
2254,5244,5442,1,187.0,92.16353283127674,49.3,T1_normal,-97.34008506896552,32.753233586206896,161.0,-97.34008506896552,32.753233586206896,161.0,47.4
2255,5244,5469,1,236.2,1.270032603397908,0.5,T1_normal,-97.34008506896552,32.753233586206896,161.0,-97.34008506896552,32.753233586206896,161.0,4.0
2256,5245,5254,1,251.0,189.96328315627125,75.7,T1_normal,-97.071545,32.925765,161.0,-97.22672,33.009335,161.0,71.9
2257,5245,5339,1,187.0,77.45013488559636,41.4,T1_normal,-97.071545,32.925765,161.0,-97.148582,32.959922,161.0,31.2
2258,5261,5246,1,251.0,498.4992905945407,198.6,T7_structural,-97.790381,32.253423999999995,161.0,-97.790381,32.253423999999995,161.0,8.7
2259,5248,5428,1,251.0,48.9800565658328,19.5,T1_normal,-97.1378,32.8418145,161.0,-97.180586,32.8172,161.0,16.9
2260,5248,5457,1,409.0,167.30173412566813,40.9,T1_normal,-97.1378,32.8418145,161.0,-97.149641,32.891787,161.0,32.4
2261,5248,5483,1,187.0,122.64396669088882,65.6,T1_normal,-97.1378,32.8418145,161.0,-97.2168395,32.863300499999994,161.0,58.5
2262,5248,5483,1,231.5,161.21568902185146,69.6,T1_normal,-97.1378,32.8418145,161.0,-97.2168395,32.863300499999994,161.0,62.2
2263,5292,5249,1,310.0,185.07783367223885,59.7,T1_normal,-97.34008506896552,32.753233586206896,161.0,-97.34008506896552,32.753233586206896,161.0,53.2
2264,5292,5249,1,310.0,185.07783367223885,59.7,T1_normal,-97.34008506896552,32.753233586206896,161.0,-97.34008506896552,32.753233586206896,161.0,53.2
2265,5250,5385,1,500.0,322.9325173796468,64.6,T1_normal,-96.80082027272728,32.808276409090915,161.0,-96.80082027272728,32.808276409090915,161.0,46.9
2266,5250,5385,1,500.0,322.9325173796468,64.6,T1_normal,-96.80082027272728,32.808276409090915,161.0,-96.80082027272728,32.808276409090915,161.0,46.9
2267,5250,5385,1,500.0,322.9325173796468,64.6,T1_normal,-96.80082027272728,32.808276409090915,161.0,-96.80082027272728,32.808276409090915,161.0,46.9
2268,5250,5385,1,500.0,322.9325173796468,64.6,T1_normal,-96.80082027272728,32.808276409090915,161.0,-96.80082027272728,32.808276409090915,161.0,46.9
2269,5251,5478,1,310.0,30.647208060041464,9.9,T1_normal,-97.010181,32.723688,161.0,-96.9700122,32.8603614,161.0,32.8
2270,5251,5478,1,310.0,30.647208060041464,9.9,T1_normal,-97.010181,32.723688,161.0,-96.9700122,32.8603614,161.0,32.8
2271,5252,5340,1,187.0,21.61606422084006,11.6,T1_normal,-96.80082027272728,32.808276409090915,161.0,-96.80082027272728,32.808276409090915,161.0,15.0
2272,5252,5436,1,187.0,84.3344415713176,45.1,T1_normal,-96.80082027272728,32.808276409090915,161.0,-96.80082027272728,32.808276409090915,161.0,25.8
2273,5252,5436,1,231.7,92.52747246665648,39.9,T1_normal,-96.80082027272728,32.808276409090915,161.0,-96.80082027272728,32.808276409090915,161.0,22.8
2274,5253,5370,1,397.0,265.7731318110159,66.9,T1_normal,-97.092488,33.0338,161.0,-97.0124115,33.07492,161.0,53.0
2275,5370,5253,1,397.0,265.7731318110159,66.9,T1_normal,-97.0124115,33.07492,161.0,-97.092488,33.0338,161.0,53.0
2276,5254,5332,1,187.0,55.960513396660616,29.9,T1_normal,-97.22672,33.009335,161.0,-97.34008506896552,32.753233586206896,161.0,30.6
2277,5254,5420,1,310.0,126.642820945413,40.9,T1_normal,-97.22672,33.009335,161.0,-97.34008506896552,32.753233586206896,161.0,38.8
2278,5254,5420,1,310.0,126.642820945413,40.9,T1_normal,-97.22672,33.009335,161.0,-97.34008506896552,32.753233586206896,161.0,38.8
2279,5254,5457,1,187.0,148.61970472839516,79.5,T1_normal,-97.22672,33.009335,161.0,-97.149641,32.891787,161.0,65.8
2280,5257,5256,1,251.0,217.9666606698575,86.8,T2_watch,-96.85118,32.177712,161.0,-96.842324,32.237512,161.0,62.9
2281,5256,5427,1,251.0,173.78055384876455,69.2,T1_normal,-96.842324,32.237512,161.0,-96.8502335,32.366515,161.0,25.4
2282,5439,5256,1,310.0,186.67682354544547,60.2,T1_normal,-96.8502335,32.366515,161.0,-96.842324,32.237512,161.0,0.6
2283,5308,5258,1,310.0,108.79211721501676,35.1,T1_normal,-96.5458,32.8358,161.0,-96.4916,32.7563,161.0,20.6
2284,5258,12505,1,800.0,455.7262842324306,57.0,T1_normal,-96.4916,32.7563,161.0,-96.4916,32.7563,500.0,47.3
2285,5259,5412,1,324.0,236.71445762618396,73.1,T1_normal,-96.452481,33.068055,161.0,-96.534936,33.012135,161.0,60.7
2286,5259,5412,1,311.0,214.88011881342075,69.1,T1_normal,-96.452481,33.068055,161.0,-96.534936,33.012135,161.0,57.4
2287,5259,12728,1,600.0,476.26544924670566,79.4,T1_normal,-96.452481,33.068055,161.0,-96.452481,33.068055,500.0,70.1
2288,5261,5260,1,375.0,365.82725947055275,97.6,T3_prevent,-97.790381,32.253423999999995,161.0,-97.790381,32.253423999999995,500.0,20.6
2289,5262,5260,1,1602.8,1165.3820489243649,72.7,T1_normal,-97.790381,32.253423999999995,13.8,-97.790381,32.253423999999995,500.0,68.6
2290,5263,5260,1,1378.5,1159.1551871220452,84.1,T2_watch,-97.790381,32.253423999999995,13.8,-97.790381,32.253423999999995,500.0,79.8
2291,5260,5317,1,4352.0,1225.974810729491,28.2,T1_normal,-97.790381,32.253423999999995,500.0,-97.69946625,32.40925625,500.0,30.2
2292,5260,5401,1,2205.0,1028.4210142273937,46.6,T1_normal,-97.790381,32.253423999999995,500.0,-97.69946625,32.40925625,500.0,55.4
2293,5261,5318,1,216.2,132.67203112398926,61.4,T1_normal,-97.790381,32.253423999999995,161.0,-97.69946625,32.40925625,161.0,45.8
2294,5264,5471,1,251.0,279.23015438502625,111.2,T5_moderate,-98.552257,32.298594,161.0,-98.377389,32.371306,161.0,1.4
2295,5265,5483,1,409.0,205.1314747623202,50.2,T1_normal,-97.254531,32.926023,161.0,-97.2168395,32.863300499999994,161.0,46.0
2296,5483,5265,1,409.0,205.1314747623202,50.2,T1_normal,-97.2168395,32.863300499999994,161.0,-97.254531,32.926023,161.0,46.0
2297,5483,5265,1,409.0,205.1314747623202,50.2,T1_normal,-97.2168395,32.863300499999994,161.0,-97.254531,32.926023,161.0,46.0
2298,5287,5266,1,310.0,61.50194953837271,19.8,T1_normal,-97.12502636363637,32.69967490909091,161.0,-96.964675,32.580181,161.0,34.2
2299,5267,5466,1,187.0,13.518531543048518,7.2,T1_normal,-97.531134,31.409518,161.0,-97.73162625,31.4620585,161.0,13.2
2300,5470,5267,1,187.0,9.897302734194025,5.3,T1_normal,-97.260442,31.529664,161.0,-97.531134,31.409518,161.0,5.0
2301,5268,5288,1,247.0,186.4449584884846,75.5,T1_normal,-95.788968,33.316269,161.0,-96.0140895,33.412679,161.0,64.2
2302,5427,5269,1,310.0,260.0450855615449,83.9,T2_watch,-96.8502335,32.366515,161.0,-97.0540165,32.448697,161.0,27.5
2303,5269,5445,1,310.0,172.41843065229148,55.6,T1_normal,-97.0540165,32.448697,161.0,-97.0540165,32.448697,161.0,37.3
2304,5445,5269,1,310.0,172.41843065229148,55.6,T1_normal,-97.0540165,32.448697,161.0,-97.0540165,32.448697,161.0,37.3
2305,13368,5269,1,99.8,77.81704781704786,78.0,T1_normal,-97.0540165,32.448697,20.0,-97.0540165,32.448697,161.0,74.9
2306,5270,5389,1,251.0,16.45592583166504,6.6,T1_normal,-97.243292,31.816191,161.0,-97.145583,31.5590085,161.0,0.3
2307,5270,5437,1,187.0,10.035713427958548,5.4,T1_normal,-97.243292,31.816191,161.0,-97.073707,31.696619,161.0,4.5
2308,5270,5474,1,251.0,20.32978759629369,8.1,T1_normal,-97.243292,31.816191,161.0,-97.01498,31.86976,161.0,14.3
2309,5271,5390,1,187.0,85.42138580869212,45.7,T1_normal,-97.291628,30.789254,161.0,-97.2120625,30.983119,161.0,47.9
2310,5272,5309,1,214.7,68.61858440003772,32.0,T1_normal,-96.80082027272728,32.808276409090915,161.0,-96.80082027272728,32.808276409090915,161.0,42.1
2311,5272,5352,1,234.8,198.6680545833252,84.6,T2_watch,-96.80082027272728,32.808276409090915,161.0,-96.80082027272728,32.808276409090915,161.0,65.3
2312,5272,5467,1,187.0,74.59083138629268,39.9,T1_normal,-96.80082027272728,32.808276409090915,161.0,-96.80082027272728,32.808276409090915,161.0,5.6
2313,5273,5339,1,187.0,125.96549605145668,67.4,T1_normal,-96.984664,32.963417,161.0,-97.148582,32.959922,161.0,54.3
2314,5273,5422,1,251.0,9.965496051457023,4.0,T1_normal,-96.984664,32.963417,161.0,-96.961986,33.019646,161.0,5.7
2315,5274,5313,1,232.9,392.9645555553819,168.7,T7_structural,-96.674333,32.605192,161.0,-96.695516,32.63852,161.0,57.3
2316,5274,5329,1,251.0,59.182605103163155,23.6,T1_normal,-96.674333,32.605192,161.0,-96.80082027272728,32.808276409090915,161.0,40.7
2317,5274,5374,1,187.0,178.50011958154326,95.5,T3_prevent,-96.674333,32.605192,161.0,-96.620085,32.716601,161.0,10.2
2318,5275,5476,1,251.0,104.251872691274,41.5,T1_normal,-96.624458,31.85346,161.0,-96.38666966666666,32.061173333333336,161.0,25.9
2319,12841,5275,1,367.4,0.0,0.0,T1_normal,-96.624458,31.85346,20.0,-96.624458,31.85346,161.0,0.0
2320,5359,5276,1,251.0,100.89356004323449,40.2,T1_normal,-96.93121275,31.43308425,161.0,-96.84912,31.509216,161.0,55.2
2321,5276,12590,1,264.1,2.211678668408723,0.8,T1_normal,-96.84912,31.509216,161.0,-96.93121275,31.43308425,161.0,47.8
2322,5276,12926,1,207.2,50.15860333962223,24.2,T1_normal,-96.84912,31.509216,161.0,-96.93121275,31.43308425,161.0,9.0
2323,12950,5276,1,331.1,240.0,72.5,T1_normal,-96.84912,31.509216,20.0,-96.84912,31.509216,161.0,67.7
2324,5277,5315,1,219.0,168.4549239040477,76.9,T1_normal,-96.950551,33.176495,161.0,-97.13581333333332,33.210620166666665,161.0,69.0
2325,5277,5315,1,219.0,168.4549239040477,76.9,T1_normal,-96.950551,33.176495,161.0,-97.13581333333332,33.210620166666665,161.0,69.0
2326,5280,5278,1,251.0,79.4671440490486,31.7,T1_normal,-97.314427,31.08967366666667,161.0,-97.314427,31.08967366666667,161.0,6.8
2327,5390,5278,1,342.0,213.5595411670295,62.4,T1_normal,-97.2120625,30.983119,161.0,-97.314427,31.08967366666667,161.0,41.5
2328,5278,5461,1,207.2,107.530109873613,51.9,T1_normal,-97.314427,31.08967366666667,161.0,-97.314427,31.08967366666667,161.0,18.6
2329,5280,5279,1,1112.0,443.1604409122599,39.9,T1_normal,-97.314427,31.08967366666667,161.0,-97.314427,31.08967366666667,500.0,13.3
2330,5281,5279,1,486.8,8.50684931506862,1.7,T1_normal,-97.314427,31.08967366666667,13.8,-97.314427,31.08967366666667,500.0,0.0
2331,5282,5279,1,471.2,238.1591469405227,50.5,T1_normal,-97.314427,31.08967366666667,13.8,-97.314427,31.08967366666667,500.0,23.9
2332,5283,5279,1,272.2,8.506849315068532,3.1,T1_normal,-97.314427,31.08967366666667,13.8,-97.314427,31.08967366666667,500.0,0.0
2333,5279,5358,1,2020.0,357.5132679137997,17.7,T1_normal,-97.314427,31.08967366666667,500.0,-96.93121275,31.43308425,500.0,22.1
2334,12520,5279,1,328.5,8.506849315068443,2.6,T1_normal,-97.314427,31.08967366666667,13.8,-97.314427,31.08967366666667,500.0,0.0
2335,12521,5279,1,319.7,8.506849315068443,2.7,T1_normal,-97.314427,31.08967366666667,13.8,-97.314427,31.08967366666667,500.0,0.0
2336,12522,5279,1,340.2,8.506849315068532,2.5,T1_normal,-97.314427,31.08967366666667,13.8,-97.314427,31.08967366666667,500.0,0.0
2337,5280,5461,1,310.0,110.65672152074644,35.7,T1_normal,-97.314427,31.08967366666667,161.0,-97.314427,31.08967366666667,161.0,3.5
2338,5284,5454,1,310.0,11.97630400904366,3.9,T1_normal,-96.085998,32.986,161.0,-96.12497666666668,33.113726,161.0,2.8
2339,5284,5454,1,232.2,87.2297327374639,37.6,T1_normal,-96.085998,32.986,161.0,-96.12497666666668,33.113726,161.0,27.2
2340,5285,13237,1,195.2,145.56338251366938,74.6,T1_normal,-97.857678,33.315883,161.0,-97.234707,33.503328,161.0,67.4
2341,5286,13018,1,253.1,217.67536533894616,86.0,T2_watch,-98.4123355,32.20698,161.0,-98.187624,32.1858615,161.0,50.1
2342,5289,5436,1,310.0,9.94035136801017,3.2,T1_normal,-96.80082027272728,32.808276409090915,161.0,-96.80082027272728,32.808276409090915,161.0,1.0
2343,5289,5436,1,310.0,9.94035136801017,3.2,T1_normal,-96.80082027272728,32.808276409090915,161.0,-96.80082027272728,32.808276409090915,161.0,1.0
2344,5289,5436,1,228.1,17.743720583948175,7.8,T1_normal,-96.80082027272728,32.808276409090915,161.0,-96.80082027272728,32.808276409090915,161.0,2.5
2345,5290,5345,1,295.0,265.3747021959976,90.0,T2_watch,-97.3667,31.8694,161.0,-97.133361,32.022461,161.0,74.4
2346,5291,5292,1,409.0,311.3089976283913,76.1,T1_normal,-97.34008506896552,32.753233586206896,161.0,-97.34008506896552,32.753233586206896,161.0,67.2
2347,5291,5312,1,375.8,305.1416792418728,81.2,T2_watch,-97.34008506896552,32.753233586206896,161.0,-97.561179,32.900196,161.0,67.6
2348,5291,5332,1,258.0,230.7666752533976,89.4,T2_watch,-97.34008506896552,32.753233586206896,161.0,-97.34008506896552,32.753233586206896,161.0,76.0
2349,5429,5291,1,187.0,132.1515571988382,70.7,T1_normal,-97.34008506896552,32.753233586206896,161.0,-97.34008506896552,32.753233586206896,161.0,55.6
2350,5291,5438,1,187.0,112.0739489853566,59.9,T1_normal,-97.34008506896552,32.753233586206896,161.0,-97.34008506896552,32.753233586206896,161.0,47.1
2351,5292,5312,1,187.0,52.29127274914411,28.0,T1_normal,-97.34008506896552,32.753233586206896,161.0,-97.561179,32.900196,161.0,15.6
2352,5293,5338,1,310.0,130.52096382816404,42.1,T1_normal,-97.539874,32.425936,161.0,-97.69946625,32.40925625,161.0,44.7
2353,5293,5338,1,310.0,130.52096382816404,42.1,T1_normal,-97.539874,32.425936,161.0,-97.69946625,32.40925625,161.0,44.7
2354,5293,5402,1,409.0,162.00596382816474,39.6,T1_normal,-97.539874,32.425936,161.0,-97.69946625,32.40925625,161.0,41.6
2355,5293,5402,1,409.0,162.00596382816474,39.6,T1_normal,-97.539874,32.425936,161.0,-97.69946625,32.40925625,161.0,41.6
2356,5296,5295,1,1233.0,631.5661578852207,51.2,T1_normal,-96.643077,33.194952,161.0,-96.643077,33.194952,500.0,46.9
2357,5295,5304,1,2020.0,30.85610583706853,1.5,T1_normal,-96.643077,33.194952,500.0,-96.6508655,33.101957,500.0,1.3
2358,5295,5444,1,2768.0,440.76858542587337,15.9,T1_normal,-96.643077,33.194952,500.0,-97.0540165,32.448697,500.0,14.6
2359,12728,5295,1,2307.8,346.7927415734607,15.0,T1_normal,-96.452481,33.068055,500.0,-96.643077,33.194952,500.0,13.5
2360,5296,5400,1,409.0,154.8867556785243,37.9,T1_normal,-96.643077,33.194952,161.0,-96.643077,33.194952,161.0,34.3
2361,5305,5304,1,1239.0,683.1130947682184,55.1,T1_normal,-96.6508655,33.101957,161.0,-96.6508655,33.101957,500.0,43.8
2362,5307,5341,1,310.0,180.54910829982165,58.2,T1_normal,-96.912391,33.070292,161.0,-97.0124115,33.07492,161.0,53.7
2363,5307,5341,1,310.0,180.54910829982165,58.2,T1_normal,-96.912391,33.070292,161.0,-97.0124115,33.07492,161.0,53.7
2364,5308,5351,1,409.0,69.26305817837459,16.9,T1_normal,-96.5458,32.8358,161.0,-96.6344372,32.9086048,161.0,12.3
2365,5351,5308,1,409.0,69.26305817837459,16.9,T1_normal,-96.6344372,32.9086048,161.0,-96.5458,32.8358,161.0,12.3
2366,5308,12536,1,800.0,650.7741927470455,81.3,T2_watch,-96.5458,32.8358,161.0,-96.5458,32.8358,500.0,64.2
2367,5310,5339,1,187.0,99.08038132000492,53.0,T1_normal,-97.34008506896552,32.753233586206896,161.0,-97.148582,32.959922,161.0,60.6
2368,5310,5379,1,409.0,48.23285289060877,11.8,T1_normal,-97.34008506896552,32.753233586206896,161.0,-97.34008506896552,32.753233586206896,161.0,8.7
2369,5310,5379,1,252.3,45.03250886193797,17.8,T1_normal,-97.34008506896552,32.753233586206896,161.0,-97.34008506896552,32.753233586206896,161.0,13.2
2370,5310,5438,1,251.0,82.84341704874727,33.0,T1_normal,-97.34008506896552,32.753233586206896,161.0,-97.34008506896552,32.753233586206896,161.0,36.3
2371,5311,5482,1,200.3,16.04583919616971,8.0,T1_normal,-96.80082027272728,32.808276409090915,161.0,-96.80082027272728,32.808276409090915,161.0,12.5
2372,5315,12709,1,675.0,210.1107369521415,31.1,T1_normal,-97.13581333333332,33.210620166666665,161.0,-97.13581333333332,33.210620166666665,500.0,33.8
2373,5316,5354,1,187.0,84.9589223099013,45.4,T1_normal,-96.601994,32.77155966666667,161.0,-96.601994,32.77155966666667,161.0,24.0
2374,5318,5317,1,1106.0,477.6720503734283,43.2,T1_normal,-97.69946625,32.40925625,161.0,-97.69946625,32.40925625,500.0,13.4
2375,5319,5317,1,573.4,1.6940451745380614,0.3,T1_normal,-97.69946625,32.40925625,13.2,-97.69946625,32.40925625,500.0,0.0
2376,5320,5317,1,463.2,1.6940451745379723,0.4,T1_normal,-97.69946625,32.40925625,13.2,-97.69946625,32.40925625,500.0,0.0
2377,5321,5317,1,378.1,1.6940451745379723,0.4,T1_normal,-97.69946625,32.40925625,13.2,-97.69946625,32.40925625,500.0,0.0
2378,5388,5317,1,2020.0,81.8808386156542,4.1,T1_normal,-97.145583,31.5590085,500.0,-97.69946625,32.40925625,500.0,14.5
2379,5317,5401,1,3146.0,129.75056892725547,4.1,T1_normal,-97.69946625,32.40925625,500.0,-97.69946625,32.40925625,500.0,1.3
2380,5401,5317,1,3146.0,129.75056892725547,4.1,T1_normal,-97.69946625,32.40925625,500.0,-97.69946625,32.40925625,500.0,1.3
2381,5317,12601,1,2256.0,132.05962941667622,5.9,T1_normal,-97.69946625,32.40925625,500.0,-97.69946625,32.40925625,500.0,1.4
2382,5317,12863,1,1989.3,888.374594062546,44.7,T1_normal,-97.69946625,32.40925625,500.0,-97.458078,32.3380315,500.0,46.4
2383,5318,5402,1,326.0,323.9633442507852,99.4,T3_prevent,-97.69946625,32.40925625,161.0,-97.69946625,32.40925625,161.0,59.1
2384,5318,5473,1,310.0,9.00100904995007,2.9,T1_normal,-97.69946625,32.40925625,161.0,-97.655141,32.266222,161.0,17.9
2385,5473,5318,1,310.0,9.00100904995007,2.9,T1_normal,-97.655141,32.266222,161.0,-97.69946625,32.40925625,161.0,17.9
2386,5323,5322,1,1334.0,981.8347882581796,73.6,T1_normal,-96.80082027272728,32.808276409090915,161.0,-96.80082027272728,32.808276409090915,500.0,50.8
2387,5323,5322,1,1334.0,981.8347882581796,73.6,T1_normal,-96.80082027272728,32.808276409090915,161.0,-96.80082027272728,32.808276409090915,500.0,50.8
2388,5324,5322,1,663.2,427.81844800962983,64.5,T1_normal,-96.80082027272728,32.808276409090915,13.8,-96.80082027272728,32.808276409090915,500.0,30.2
2389,5325,5322,1,178.0,120.6699336842349,67.8,T1_normal,-96.80082027272728,32.808276409090915,13.8,-96.80082027272728,32.808276409090915,500.0,64.6
2390,5326,5322,1,148.3,116.6699336842349,78.7,T1_normal,-96.80082027272728,32.808276409090915,13.8,-96.80082027272728,32.808276409090915,500.0,75.0
2391,5322,5384,1,2020.0,451.00075292439783,22.3,T1_normal,-96.80082027272728,32.808276409090915,500.0,-96.80082027272728,32.808276409090915,500.0,30.8
2392,5322,5448,1,2020.0,1283.749275422838,63.6,T1_normal,-96.80082027272728,32.808276409090915,500.0,-97.010181,32.723688,500.0,64.3
2393,12709,5322,1,2002.1,148.2290478870631,7.4,T1_normal,-97.13581333333332,33.210620166666665,500.0,-96.80082027272728,32.808276409090915,500.0,2.4
2394,5376,5323,1,349.0,263.9925999052437,75.6,T1_normal,-96.80082027272728,32.808276409090915,161.0,-96.80082027272728,32.808276409090915,161.0,42.0
2395,5376,5323,1,349.0,263.9925999052437,75.6,T1_normal,-96.80082027272728,32.808276409090915,161.0,-96.80082027272728,32.808276409090915,161.0,42.0
2396,5323,5425,1,310.0,159.44018881228567,51.4,T1_normal,-96.80082027272728,32.808276409090915,161.0,-96.80082027272728,32.808276409090915,161.0,48.9
2397,5323,5425,1,310.0,159.44018881228567,51.4,T1_normal,-96.80082027272728,32.808276409090915,161.0,-96.80082027272728,32.808276409090915,161.0,48.9
2398,5327,12829,1,600.0,148.864700730158,24.8,T1_normal,-96.828196,31.77471,161.0,-96.828196,31.77471,500.0,33.7
2399,5446,5328,1,187.0,135.45088713412977,72.4,T1_normal,-97.195339,31.453501,161.0,-96.93121275,31.43308425,161.0,48.9
2400,13309,5328,1,134.6,100.10000000000004,74.4,T1_normal,-96.93121275,31.43308425,20.0,-96.93121275,31.43308425,161.0,69.5
2401,5328,13310,1,218.3,100.09999999999906,45.9,T1_normal,-96.93121275,31.43308425,161.0,-97.082774,31.356717000000003,161.0,42.8
2402,5330,5433,1,310.0,226.2333258307045,73.0,T1_normal,-97.12502636363637,32.69967490909091,161.0,-97.34008506896552,32.753233586206896,161.0,56.3
2403,5330,5440,1,263.0,197.14557139879855,75.0,T1_normal,-97.12502636363637,32.69967490909091,161.0,-97.12502636363637,32.69967490909091,161.0,67.8
2404,5400,5331,1,251.0,46.57333018965062,18.6,T1_normal,-96.643077,33.194952,161.0,-96.752977,33.338899,161.0,12.7
2405,5450,5331,1,187.0,92.67450381509796,49.6,T1_normal,-96.566247,33.285118,161.0,-96.752977,33.338899,161.0,45.0
2406,5429,5332,1,187.0,140.2156751296328,75.0,T1_normal,-97.34008506896552,32.753233586206896,161.0,-97.34008506896552,32.753233586206896,161.0,55.9
2407,13322,5332,1,163.5,3.353781672699574,2.1,T1_normal,-97.34008506896552,32.753233586206896,20.0,-97.34008506896552,32.753233586206896,161.0,0.0
2408,5427,5333,1,310.0,315.8256517356996,101.9,T4_light,-96.8502335,32.366515,161.0,-96.807315,32.521773,161.0,39.2
2409,5427,5333,1,310.0,315.8256517356996,101.9,T4_light,-96.8502335,32.366515,161.0,-96.807315,32.521773,161.0,39.2
2410,5334,5484,1,251.0,14.982569009733735,6.0,T1_normal,-99.518879,32.2664,161.0,-99.290758,32.006925,161.0,32.5
2411,5334,12842,1,319.4,85.02500988658488,26.6,T1_normal,-99.518879,32.2664,161.0,-99.225355,32.359033,161.0,33.3
2412,5335,5372,1,187.0,45.192546274146395,24.2,T1_normal,-96.9700122,32.8603614,161.0,-96.80082027272728,32.808276409090915,161.0,4.1
2413,5335,5425,1,310.0,93.36937103112356,30.1,T1_normal,-96.9700122,32.8603614,161.0,-96.80082027272728,32.808276409090915,161.0,34.4
2414,5351,5336,1,409.0,178.25844679258296,43.6,T1_normal,-96.6344372,32.9086048,161.0,-96.553376,32.917961500000004,161.0,36.5
2415,5351,5336,1,409.0,178.25844679258296,43.6,T1_normal,-96.6344372,32.9086048,161.0,-96.553376,32.917961500000004,161.0,36.5
2416,5351,5336,1,409.0,178.25844679258296,43.6,T1_normal,-96.6344372,32.9086048,161.0,-96.553376,32.917961500000004,161.0,36.5
2417,13288,5337,1,152.2,110.0,72.3,T1_normal,-98.244763,33.097641,20.0,-98.244763,33.097641,161.0,67.5
2418,5481,5338,1,310.0,80.05985499859545,25.8,T1_normal,-97.34008506896552,32.753233586206896,161.0,-97.69946625,32.40925625,161.0,31.8
2419,5481,5338,1,310.0,80.05985499859545,25.8,T1_normal,-97.34008506896552,32.753233586206896,161.0,-97.69946625,32.40925625,161.0,31.8
2420,5340,5462,1,251.0,23.91403070946367,9.5,T1_normal,-96.80082027272728,32.808276409090915,161.0,-96.80082027272728,32.808276409090915,161.0,19.6
2421,5340,5467,1,187.0,13.902497362144572,7.4,T1_normal,-96.80082027272728,32.808276409090915,161.0,-96.80082027272728,32.808276409090915,161.0,6.1
2422,5340,5467,1,222.1,13.686192594133216,6.2,T1_normal,-96.80082027272728,32.808276409090915,161.0,-96.80082027272728,32.808276409090915,161.0,5.1
2423,5422,5341,1,409.0,174.25944243370353,42.6,T1_normal,-96.961986,33.019646,161.0,-97.0124115,33.07492,161.0,24.4
2424,5422,5341,1,409.0,174.25944243370353,42.6,T1_normal,-96.961986,33.019646,161.0,-97.0124115,33.07492,161.0,24.4
2425,5341,5465,1,310.0,138.13297740819053,44.6,T1_normal,-97.0124115,33.07492,161.0,-96.8232695,33.154732499999994,161.0,35.3
2426,5341,5465,1,310.0,138.13297740819053,44.6,T1_normal,-97.0124115,33.07492,161.0,-96.8232695,33.154732499999994,161.0,35.3
2427,5341,5465,1,310.0,138.13297740819053,44.6,T1_normal,-97.0124115,33.07492,161.0,-96.8232695,33.154732499999994,161.0,35.3
2428,5341,5465,1,310.0,138.13297740819053,44.6,T1_normal,-97.0124115,33.07492,161.0,-96.8232695,33.154732499999994,161.0,35.3
2429,5372,5344,1,187.0,19.489347186659245,10.4,T1_normal,-96.80082027272728,32.808276409090915,161.0,-96.80082027272728,32.808276409090915,161.0,10.4
2430,5344,5482,1,187.0,9.739951092030807,5.2,T1_normal,-96.80082027272728,32.808276409090915,161.0,-96.80082027272728,32.808276409090915,161.0,20.9
2431,5346,5375,1,251.0,128.8285439456203,51.3,T1_normal,-97.34008506896552,32.753233586206896,161.0,-97.34008506896552,32.753233586206896,161.0,43.8
2432,5346,5441,1,310.0,146.28304142335224,47.2,T1_normal,-97.34008506896552,32.753233586206896,161.0,-97.34008506896552,32.753233586206896,161.0,41.7
2433,5346,5441,1,310.0,146.28304142335224,47.2,T1_normal,-97.34008506896552,32.753233586206896,161.0,-97.34008506896552,32.753233586206896,161.0,41.7
2434,5346,5443,1,310.0,119.4862682338453,38.5,T1_normal,-97.34008506896552,32.753233586206896,161.0,-97.34008506896552,32.753233586206896,161.0,35.9
2435,5443,5346,1,310.0,119.4862682338453,38.5,T1_normal,-97.34008506896552,32.753233586206896,161.0,-97.34008506896552,32.753233586206896,161.0,35.9
2436,5346,5469,1,257.3,15.195852140593049,5.9,T1_normal,-97.34008506896552,32.753233586206896,161.0,-97.34008506896552,32.753233586206896,161.0,9.7
2437,5347,12885,1,201.2,60.22819106012545,29.9,T1_normal,-99.1533074,32.3857988,161.0,-99.1533074,32.3857988,161.0,14.9
2438,5347,13243,1,228.9,48.272474459110406,21.1,T1_normal,-99.1533074,32.3857988,161.0,-99.1533074,32.3857988,161.0,15.4
2439,5348,5355,1,187.0,18.07407919190176,9.7,T1_normal,-97.07141,32.18398,161.0,-97.037219,32.302367,161.0,12.0
2440,5348,5427,1,335.1,223.1356640610903,66.6,T1_normal,-97.07141,32.18398,161.0,-96.8502335,32.366515,161.0,35.6
2441,13245,5348,1,206.9,0.0,0.0,T1_normal,-97.07141,32.18398,20.0,-97.07141,32.18398,161.0,0.0
2442,5349,5462,1,251.0,86.24007520053354,34.4,T1_normal,-96.7651095,32.5902035,161.0,-96.80082027272728,32.808276409090915,161.0,12.6
2443,5351,5350,1,1258.0,642.9054655590662,51.1,T1_normal,-96.6344372,32.9086048,161.0,-96.6344372,32.9086048,500.0,40.7
2444,5351,5350,1,1258.0,642.9054655590662,51.1,T1_normal,-96.6344372,32.9086048,161.0,-96.6344372,32.9086048,500.0,40.7
2445,5350,5448,1,2020.0,543.2792555612217,26.9,T1_normal,-96.6344372,32.9086048,500.0,-97.010181,32.723688,500.0,34.3
2446,5350,5464,1,2020.0,134.496458043278,6.7,T1_normal,-96.6344372,32.9086048,500.0,-96.8232695,33.154732499999994,500.0,10.1
2447,12505,5350,1,2110.0,331.99648035986513,15.7,T1_normal,-96.4916,32.7563,500.0,-96.6344372,32.9086048,500.0,0.7
2448,12536,5350,1,2246.0,296.5278216512047,13.2,T1_normal,-96.5458,32.8358,500.0,-96.6344372,32.9086048,500.0,20.6
2449,5351,5431,1,251.0,161.13938557289558,64.2,T1_normal,-96.6344372,32.9086048,161.0,-96.4445225,32.897791,161.0,51.4
2450,5353,5376,1,350.0,0.1021314589479516,0.0,T1_normal,-96.914175,32.651936,161.0,-96.80082027272728,32.808276409090915,161.0,3.9
2451,5376,5353,1,350.0,0.1021314589479516,0.0,T1_normal,-96.80082027272728,32.808276409090915,161.0,-96.914175,32.651936,161.0,3.9
2452,5353,5468,1,310.0,88.88844858632154,28.7,T1_normal,-96.914175,32.651936,161.0,-96.80082027272728,32.808276409090915,161.0,27.8
2453,5355,5445,1,310.0,53.04705157817118,17.1,T1_normal,-97.037219,32.302367,161.0,-97.0540165,32.448697,161.0,11.1
2454,5355,5445,1,310.0,53.04705157817118,17.1,T1_normal,-97.037219,32.302367,161.0,-97.0540165,32.448697,161.0,11.1
2455,5356,5386,1,251.0,102.61331679007952,40.9,T1_normal,-96.6344372,32.9086048,161.0,-96.7025715,32.983810000000005,161.0,34.1
2456,5356,5431,1,251.0,76.70938557289534,30.6,T1_normal,-96.6344372,32.9086048,161.0,-96.4445225,32.897791,161.0,17.7
2457,5357,5386,1,310.0,51.525838334353224,16.6,T1_normal,-96.6508655,33.101957,161.0,-96.7025715,32.983810000000005,161.0,10.4
2458,5359,5358,1,1057.0,64.06227411013444,6.1,T1_normal,-96.93121275,31.43308425,161.0,-96.93121275,31.43308425,500.0,7.7
2459,5360,5358,1,1355.8,716.5501068008726,52.9,T1_normal,-96.93121275,31.43308425,13.8,-96.93121275,31.43308425,500.0,26.6
2460,8155,5358,1,2768.0,96.35157363941076,3.5,T1_normal,-96.69503,31.091925,500.0,-96.93121275,31.43308425,500.0,36.0
2461,5358,12826,1,2065.1,200.0713603914093,9.7,T1_normal,-96.93121275,31.43308425,500.0,-96.84912,31.509216,500.0,56.7
2462,5362,5361,1,646.0,206.0711336712948,31.9,T1_normal,-97.9208,33.1964,161.0,-97.9208,33.1964,500.0,2.3
2463,5361,12736,1,2917.5,1894.54623859102,64.9,T1_normal,-97.9208,33.1964,500.0,-99.091918,33.9776965,500.0,79.8
2464,12955,5371,1,277.3,0.0,0.0,T1_normal,-96.539931,32.552083,20.0,-96.539931,32.552083,161.0,0.0
2465,5373,5433,1,251.0,213.85580681540512,85.2,T2_watch,-97.267376,32.803436,161.0,-97.34008506896552,32.753233586206896,161.0,72.5
2466,5385,5374,1,409.0,252.78744468713157,61.8,T1_normal,-96.80082027272728,32.808276409090915,161.0,-96.620085,32.716601,161.0,46.8
2467,5385,5374,1,409.0,252.78744468713157,61.8,T1_normal,-96.80082027272728,32.808276409090915,161.0,-96.620085,32.716601,161.0,46.8
2468,5385,5374,1,409.0,252.78744468713157,61.8,T1_normal,-96.80082027272728,32.808276409090915,161.0,-96.620085,32.716601,161.0,46.8
2469,5375,5441,1,317.4,209.6729098815871,66.1,T1_normal,-97.34008506896552,32.753233586206896,161.0,-97.34008506896552,32.753233586206896,161.0,59.8
2470,5377,5477,1,251.0,13.14711443671488,5.2,T1_normal,-97.7609485,31.05193475,161.0,-97.644625,31.050856,161.0,5.1
2471,5377,5477,1,208.4,18.31140676555698,8.8,T1_normal,-97.7609485,31.05193475,161.0,-97.644625,31.050856,161.0,8.5
2472,5470,5378,1,409.0,20.69320227025102,5.1,T1_normal,-97.260442,31.529664,161.0,-97.145583,31.5590085,161.0,13.4
2473,5379,5442,1,251.0,18.098472710880387,7.2,T1_normal,-97.34008506896552,32.753233586206896,161.0,-97.34008506896552,32.753233586206896,161.0,13.6
2474,5381,5380,1,1057.0,275.8180970627521,26.1,T1_normal,-96.675,32.32,161.0,-96.675,32.32,500.0,15.7
2475,5382,5380,1,321.0,0.0,0.0,T1_normal,-96.675,32.32,13.8,-96.675,32.32,500.0,0.0
2476,5383,5380,1,166.2,0.0,0.0,T1_normal,-96.675,32.32,13.8,-96.675,32.32,500.0,0.0
2477,5380,5384,1,3146.0,1182.408862235087,37.6,T1_normal,-96.675,32.32,500.0,-96.80082027272728,32.808276409090915,500.0,14.3
2478,5381,5439,1,310.0,176.0784117727228,56.8,T1_normal,-96.675,32.32,161.0,-96.8502335,32.366515,161.0,27.0
2479,5381,5439,1,310.0,176.0784117727228,56.8,T1_normal,-96.675,32.32,161.0,-96.8502335,32.366515,161.0,27.0
2480,5385,5384,1,1538.0,1153.289921965286,75.0,T1_normal,-96.80082027272728,32.808276409090915,161.0,-96.80082027272728,32.808276409090915,500.0,57.0
2481,5385,5384,1,1538.0,1153.289921965286,75.0,T1_normal,-96.80082027272728,32.808276409090915,161.0,-96.80082027272728,32.808276409090915,500.0,57.0
2482,12505,5384,1,2010.0,172.4471152236788,8.6,T1_normal,-96.4916,32.7563,500.0,-96.80082027272728,32.808276409090915,500.0,15.1
2483,5387,5429,1,187.0,52.73612134326626,28.2,T1_normal,-97.34008506896552,32.753233586206896,161.0,-97.34008506896552,32.753233586206896,161.0,19.1
2484,5387,5469,1,310.0,79.05710063843543,25.5,T1_normal,-97.34008506896552,32.753233586206896,161.0,-97.34008506896552,32.753233586206896,161.0,25.4
2485,5389,5388,1,1064.0,275.23207139900524,25.9,T1_normal,-97.145583,31.5590085,161.0,-97.145583,31.5590085,500.0,3.9
2486,5388,8067,1,2768.0,691.7340189794367,25.0,T1_normal,-97.145583,31.5590085,500.0,-96.202639,31.37571,500.0,1.4
2487,5389,5393,1,251.0,95.73740752315274,38.1,T1_normal,-97.145583,31.5590085,161.0,-97.374883,31.694792,161.0,58.3
2488,5391,5390,1,250.0,75.21858978977735,30.1,T1_normal,-97.2120625,30.983119,115.0,-97.2120625,30.983119,161.0,28.2
2489,5391,5390,1,250.0,75.21858978977735,30.1,T1_normal,-97.2120625,30.983119,115.0,-97.2120625,30.983119,161.0,28.2
2490,5390,5458,1,187.0,38.363532877903864,20.5,T1_normal,-97.2120625,30.983119,161.0,-97.378809,30.884326,161.0,19.4
2491,12588,5390,1,452.4,0.0,0.0,T1_normal,-97.2120625,30.983119,20.0,-97.2120625,30.983119,161.0,0.0
2492,12589,5390,1,400.9,259.0,64.6,T1_normal,-97.2120625,30.983119,20.0,-97.2120625,30.983119,161.0,60.4
2493,5459,5391,1,98.0,50.97282042044515,52.0,T1_normal,-97.378809,30.884326,115.0,-97.2120625,30.983119,115.0,47.6
2494,5391,13006,1,231.0,105.0,45.5,T1_normal,-97.2120625,30.983119,115.0,-97.2120625,30.983119,115.0,42.5
2495,5391,13006,1,231.0,105.0,45.5,T1_normal,-97.2120625,30.983119,115.0,-97.2120625,30.983119,115.0,42.5
2496,13173,5393,1,193.4,161.0,83.2,T2_watch,-97.374883,31.694792,20.0,-97.374883,31.694792,161.0,77.8
2497,5395,5394,1,1163.0,58.74950422067329,5.1,T1_normal,-99.33232,32.77921550000001,230.0,-99.33232,32.77921550000001,500.0,31.5
2498,5395,5394,1,1163.0,58.74950422067329,5.1,T1_normal,-99.33232,32.77921550000001,230.0,-99.33232,32.77921550000001,500.0,31.5
2499,5399,5394,1,229.5,0.0,0.0,T1_normal,-99.33232,32.77921550000001,13.8,-99.33232,32.77921550000001,500.0,0.0
2500,5394,12883,1,3197.4,1389.1353423203125,43.4,T1_normal,-99.33232,32.77921550000001,500.0,-101.1794378,34.0282444,500.0,54.5
2501,5394,12883,1,3197.4,1389.1353423203125,43.4,T1_normal,-99.33232,32.77921550000001,500.0,-101.1794378,34.0282444,500.0,54.5
2502,5396,5395,1,320.0,1.9012375090858848,0.6,T1_normal,-99.33232,32.77921550000001,161.0,-99.33232,32.77921550000001,230.0,10.8
2503,5397,5396,1,168.0,16.524909004659747,9.8,T1_normal,-99.33232,32.77921550000001,115.0,-99.33232,32.77921550000001,161.0,41.3
2504,5397,5396,1,168.0,16.524909004659747,9.8,T1_normal,-99.33232,32.77921550000001,115.0,-99.33232,32.77921550000001,161.0,41.3
2505,5396,12783,1,445.0,263.44935754461955,59.2,T1_normal,-99.33232,32.77921550000001,161.0,-99.5687984,33.0957078,161.0,27.7
2506,5402,5401,1,1174.0,525.120441337592,44.7,T1_normal,-97.69946625,32.40925625,161.0,-97.69946625,32.40925625,500.0,16.1
2507,5403,5401,1,380.2,2.3100616016426656,0.6,T1_normal,-97.69946625,32.40925625,18.0,-97.69946625,32.40925625,500.0,0.0
2508,5404,5401,1,297.0,2.31006160164271,0.8,T1_normal,-97.69946625,32.40925625,18.0,-97.69946625,32.40925625,500.0,0.0
2509,5405,5401,1,306.1,2.3100616016426656,0.8,T1_normal,-97.69946625,32.40925625,18.0,-97.69946625,32.40925625,500.0,0.0
2510,5401,12601,1,1830.3,240.85236510848347,13.2,T1_normal,-97.69946625,32.40925625,500.0,-97.69946625,32.40925625,500.0,3.8
2511,5401,12826,1,2289.4,401.98171493737755,17.6,T1_normal,-97.69946625,32.40925625,500.0,-96.84912,31.509216,500.0,18.3
2512,5402,5473,1,218.4,26.01067524927796,11.9,T1_normal,-97.69946625,32.40925625,161.0,-97.655141,32.266222,161.0,17.2
2513,5402,12600,1,219.1,275.24772347793254,125.6,T6_heavy,-97.69946625,32.40925625,161.0,-97.69946625,32.40925625,161.0,46.5
2514,5407,5470,1,187.0,24.261392138575655,13.0,T1_normal,-97.46203133333334,31.819786000000004,161.0,-97.260442,31.529664,161.0,51.1
2515,12771,5407,1,407.6,0.73260073260073,0.2,T1_normal,-97.46203133333334,31.819786000000004,20.0,-97.46203133333334,31.819786000000004,161.0,0.0
2516,5407,13382,1,224.9,64.76996336996308,28.8,T1_normal,-97.46203133333334,31.819786000000004,161.0,-97.46203133333334,31.819786000000004,161.0,29.7
2517,5408,5421,1,187.0,5.365190191787761,2.9,T1_normal,-96.356004,33.174219,161.0,-96.309004,33.066219,161.0,0.8
2518,5409,5447,1,251.0,168.6719780372762,67.2,T1_normal,-97.12502636363637,32.69967490909091,161.0,-97.12502636363637,32.69967490909091,161.0,57.3
2519,5411,5410,1,1041.0,292.5187163219464,28.1,T1_normal,-97.7609485,31.05193475,161.0,-97.7609485,31.05193475,500.0,31.2
2520,5410,5451,1,2020.0,359.5090328817811,17.8,T1_normal,-97.7609485,31.05193475,500.0,-97.968224,31.219045,500.0,49.9
2521,5411,5477,1,251.0,89.58954486619852,35.7,T1_normal,-97.7609485,31.05193475,161.0,-97.644625,31.050856,161.0,19.4
2522,6316,5411,1,187.0,3.477715129151271,1.9,T1_normal,-97.72702366666664,30.716280333333337,161.0,-97.7609485,31.05193475,161.0,39.6
2523,5414,5413,1,315.0,311.30167666287065,98.8,T3_prevent,-98.2935895,32.711098,161.0,-98.2935895,32.711098,500.0,14.2
2524,5415,5413,1,274.9,0.0,0.0,T1_normal,-98.2935895,32.711098,13.8,-98.2935895,32.711098,500.0,0.0
2525,5416,5413,1,125.8,0.0,0.0,T1_normal,-98.2935895,32.711098,13.8,-98.2935895,32.711098,500.0,0.0
2526,5417,5413,1,165.5,0.0,0.0,T1_normal,-98.2935895,32.711098,13.8,-98.2935895,32.711098,500.0,0.0
2527,5418,5413,1,143.7,0.0,0.0,T1_normal,-98.2935895,32.711098,13.8,-98.2935895,32.711098,500.0,0.0
2528,5419,5413,1,99.1,0.0,0.0,T1_normal,-98.2935895,32.711098,13.8,-98.2935895,32.711098,500.0,0.0
2529,5414,5471,1,187.0,311.30167666287065,166.5,T7_structural,-98.2935895,32.711098,161.0,-98.377389,32.371306,161.0,23.9
2530,5429,5438,1,207.4,86.4631685199754,41.7,T1_normal,-97.34008506896552,32.753233586206896,161.0,-97.34008506896552,32.753233586206896,161.0,32.1
2531,5432,5430,1,310.0,154.85923779952574,50.0,T1_normal,-97.825534,32.762033333333335,161.0,-97.825534,32.762033333333335,161.0,35.9
2532,5433,12528,1,1600.0,905.0749117865053,56.6,T1_normal,-97.34008506896552,32.753233586206896,161.0,-97.34008506896552,32.753233586206896,500.0,46.7
2533,5435,5471,1,187.0,1109.3940055786272,593.3,T7_structural,-98.17276,32.600503,161.0,-98.377389,32.371306,161.0,51.8
2534,5443,5469,1,380.0,77.05744555874574,20.3,T1_normal,-97.34008506896552,32.753233586206896,161.0,-97.34008506896552,32.753233586206896,161.0,20.6
2535,5445,5444,1,1266.0,468.503729533689,37.0,T1_normal,-97.0540165,32.448697,161.0,-97.0540165,32.448697,500.0,23.7
2536,5444,5448,1,2095.7,756.6167989890673,36.1,T1_normal,-97.0540165,32.448697,500.0,-97.010181,32.723688,500.0,17.6
2537,12514,5444,1,332.1,165.9708606679297,50.0,T1_normal,-97.0540165,32.448697,20.0,-97.0540165,32.448697,500.0,0.0
2538,12515,5444,1,416.9,165.97086066792954,39.8,T1_normal,-97.0540165,32.448697,20.0,-97.0540165,32.448697,500.0,0.0
2539,12516,5444,1,389.3,165.97086066792963,42.6,T1_normal,-97.0540165,32.448697,20.0,-97.0540165,32.448697,500.0,0.0
2540,12517,5444,1,336.9,222.56793363312192,66.1,T1_normal,-97.0540165,32.448697,20.0,-97.0540165,32.448697,500.0,44.5
2541,12518,5444,1,376.6,165.97086066792963,44.1,T1_normal,-97.0540165,32.448697,20.0,-97.0540165,32.448697,500.0,0.0
2542,12519,5444,1,354.9,2.182952182952036,0.6,T1_normal,-97.0540165,32.448697,20.0,-97.0540165,32.448697,500.0,0.0
2543,5470,5446,1,187.0,64.19088713412968,34.3,T1_normal,-97.260442,31.529664,161.0,-97.195339,31.453501,161.0,10.8
2544,5449,5448,1,1267.0,1541.1090538806732,121.6,T5_moderate,-97.010181,32.723688,161.0,-97.010181,32.723688,500.0,85.8
2545,5448,5479,1,2020.0,1276.6354724376774,63.2,T1_normal,-97.010181,32.723688,500.0,-97.306547,32.532666,500.0,55.8
2546,12528,5448,1,2361.4,253.63127106037385,10.7,T1_normal,-97.34008506896552,32.753233586206896,500.0,-97.010181,32.723688,500.0,2.3
2547,5452,5451,1,960.0,314.9090729518214,32.8,T1_normal,-97.968224,31.219045,161.0,-97.968224,31.219045,500.0,22.8
2548,5453,12863,1,600.0,584.2589419981351,97.4,T3_prevent,-97.458078,32.3380315,161.0,-97.458078,32.3380315,500.0,71.0
2549,13127,5454,1,279.4,0.0,0.0,T1_normal,-96.12497666666668,33.113726,20.0,-96.12497666666668,33.113726,161.0,0.0
2550,5454,13421,1,219.8,9.999999999999964,4.5,T1_normal,-96.12497666666668,33.113726,161.0,-96.12497666666668,33.113726,161.0,4.3
2551,5456,13282,1,382.6,293.5812301866662,76.7,T1_normal,-98.98514,32.116953,161.0,-99.1533074,32.3857988,161.0,51.8
2552,5459,5458,1,91.0,38.363532877903864,42.2,T1_normal,-97.378809,30.884326,115.0,-97.378809,30.884326,161.0,40.0
2553,6140,5459,1,149.0,10.654198880615384,7.2,T1_normal,-97.502485,30.818633,115.0,-97.378809,30.884326,115.0,9.1
2554,5459,6325,1,149.0,12.204911338074131,8.2,T1_normal,-97.378809,30.884326,115.0,-97.148898,30.852653,115.0,11.7
2555,5463,5478,1,409.0,64.04322316468836,15.7,T1_normal,-96.9700122,32.8603614,161.0,-96.9700122,32.8603614,161.0,17.2
2556,5463,5478,1,225.0,130.74041141975954,58.1,T1_normal,-96.9700122,32.8603614,161.0,-96.9700122,32.8603614,161.0,63.8
2557,5465,5464,1,1284.0,1003.1687657228752,78.1,T1_normal,-96.8232695,33.154732499999994,161.0,-96.8232695,33.154732499999994,500.0,65.1
2558,5467,5482,1,409.0,24.39839637059933,6.0,T1_normal,-96.80082027272728,32.808276409090915,161.0,-96.80082027272728,32.808276409090915,161.0,12.2
2559,5470,13342,1,203.8,0.0,0.0,T1_normal,-97.260442,31.529664,161.0,-97.409,31.54,161.0,0.0
2560,13308,5471,1,158.3,100.4999999999999,63.5,T1_normal,-98.377389,32.371306,20.0,-98.377389,32.371306,161.0,59.5
2561,5472,12676,1,2500.0,182.3807448907203,7.3,T1_normal,-99.37463133333334,33.20651766666666,161.0,-99.37463133333334,33.20651766666666,500.0,22.7
2562,5472,12676,1,2500.0,182.3807448907203,7.3,T1_normal,-99.37463133333334,33.20651766666666,161.0,-99.37463133333334,33.20651766666666,500.0,22.7
2563,5472,13012,1,346.2,47.66016331650231,13.8,T1_normal,-99.37463133333334,33.20651766666666,161.0,-99.37463133333334,33.20651766666666,161.0,55.4
2564,5472,13012,1,346.2,47.66016331650231,13.8,T1_normal,-99.37463133333334,33.20651766666666,161.0,-99.37463133333334,33.20651766666666,161.0,55.4
2565,5472,13012,1,346.2,47.66016331650231,13.8,T1_normal,-99.37463133333334,33.20651766666666,161.0,-99.37463133333334,33.20651766666666,161.0,55.4
2566,5472,13012,1,346.2,47.66016331650231,13.8,T1_normal,-99.37463133333334,33.20651766666666,161.0,-99.37463133333334,33.20651766666666,161.0,55.4
2567,12920,5474,1,382.1,0.0,0.0,T1_normal,-97.01498,31.86976,20.0,-97.01498,31.86976,161.0,0.0
2568,5480,5479,1,961.0,680.9625946462855,70.9,T1_normal,-97.306547,32.532666,161.0,-97.306547,32.532666,500.0,62.1
2569,5484,13380,1,254.2,30.27784352940246,11.9,T1_normal,-99.290758,32.006925,161.0,-99.1533074,32.3857988,161.0,12.2
2570,6001,6281,1,250.0,44.43763601144681,17.8,T1_normal,-98.29926,29.47982,115.0,-98.277499,29.525969,115.0,15.3
2571,6001,6283,1,98.0,46.2484615905014,47.2,T1_normal,-98.29926,29.47982,115.0,-98.205116,29.43659,115.0,40.6
2572,6001,6312,1,221.0,62.3991744209448,28.2,T1_normal,-98.29926,29.47982,115.0,-98.5093816037736,29.474642000000003,115.0,29.5
2573,6002,6060,1,98.0,36.48235029140405,37.2,T1_normal,-98.5093816037736,29.474642000000003,115.0,-98.5093816037736,29.474642000000003,115.0,36.5
2574,6002,6291,1,221.0,20.35034706286325,9.2,T1_normal,-98.5093816037736,29.474642000000003,115.0,-98.5093816037736,29.474642000000003,115.0,7.6
2575,6002,6291,1,221.0,20.35034706286325,9.2,T1_normal,-98.5093816037736,29.474642000000003,115.0,-98.5093816037736,29.474642000000003,115.0,7.6
2576,6002,6332,1,149.0,76.58158553834068,51.4,T1_normal,-98.5093816037736,29.474642000000003,115.0,-98.746764,29.609914,115.0,44.6
2577,6004,6003,1,1117.0,307.30530782925985,27.5,T1_normal,-97.2711,30.146700000000003,230.0,-97.2711,30.146700000000003,500.0,11.2
2578,6006,6003,1,412.4,2183.178275587806,529.4,T7_structural,-97.2711,30.146700000000003,13.8,-97.2711,30.146700000000003,500.0,26.4
2579,6007,6003,1,197.4,911.5428870597316,461.8,T7_structural,-97.2711,30.146700000000003,13.8,-97.2711,30.146700000000003,500.0,53.9
2580,6008,6003,1,192.7,911.5428870597316,473.0,T7_structural,-97.2711,30.146700000000003,13.8,-97.2711,30.146700000000003,500.0,55.2
2581,6003,6107,1,2020.0,2699.1749721097117,133.6,T6_heavy,-97.2711,30.146700000000003,500.0,-96.947291,30.633128,500.0,6.2
2582,6292,6003,1,2768.0,1650.6240955171052,59.6,T1_normal,-97.522552,30.119949,500.0,-97.2711,30.146700000000003,500.0,25.9
2583,6003,12621,1,2073.3,650.8403257487998,31.4,T1_normal,-97.2711,30.146700000000003,500.0,-97.2711,30.146700000000003,500.0,38.0
2584,6005,6004,1,200.0,9.062137037282811,4.5,T1_normal,-97.2711,30.146700000000003,115.0,-97.2711,30.146700000000003,230.0,0.5
2585,6005,6004,1,200.0,9.062137037282811,4.5,T1_normal,-97.2711,30.146700000000003,115.0,-97.2711,30.146700000000003,230.0,0.5
2586,6102,6004,1,1400.0,325.42958190382546,23.2,T1_normal,-96.9945,30.02547,230.0,-97.2711,30.146700000000003,230.0,9.1
2587,6012,6005,1,221.0,200.54439209508325,90.7,T3_prevent,-97.218899,30.303885,115.0,-97.2711,30.146700000000003,115.0,31.8
2588,6012,6005,1,221.0,200.54439209508325,90.7,T3_prevent,-97.218899,30.303885,115.0,-97.2711,30.146700000000003,115.0,31.8
2589,6005,6117,1,221.0,68.42276992464025,31.0,T1_normal,-97.2711,30.146700000000003,115.0,-97.182148,30.013899,115.0,11.6
2590,6005,6117,1,221.0,68.42276992464025,31.0,T1_normal,-97.2711,30.146700000000003,115.0,-97.182148,30.013899,115.0,11.6
2591,6005,12620,1,193.6,157.88464952850322,81.6,T2_watch,-97.2711,30.146700000000003,115.0,-97.2711,30.146700000000003,115.0,34.8
2592,6005,12620,1,193.6,157.88464952850322,81.6,T2_watch,-97.2711,30.146700000000003,115.0,-97.2711,30.146700000000003,115.0,34.8
2593,6005,12620,1,193.6,157.88464952850322,81.6,T2_watch,-97.2711,30.146700000000003,115.0,-97.2711,30.146700000000003,115.0,34.8
2594,6005,12620,1,193.6,157.88464952850322,81.6,T2_watch,-97.2711,30.146700000000003,115.0,-97.2711,30.146700000000003,115.0,34.8
2595,6011,6068,1,221.0,27.512604700584298,12.4,T1_normal,-98.094738,29.6124265,115.0,-98.094738,29.6124265,115.0,8.3
2596,6163,6011,1,221.0,54.40260470058451,24.6,T1_normal,-97.97505466666668,28.59622966666667,115.0,-98.094738,29.6124265,115.0,20.5
2597,6027,6012,1,221.0,187.17439209508325,84.7,T2_watch,-97.35518,30.41432,115.0,-97.218899,30.303885,115.0,25.7
2598,6027,6012,1,221.0,187.17439209508325,84.7,T2_watch,-97.35518,30.41432,115.0,-97.218899,30.303885,115.0,25.7
2599,6026,6013,1,221.0,17.27229642098358,7.8,T1_normal,-98.5093816037736,29.474642000000003,115.0,-98.5093816037736,29.474642000000003,115.0,9.5
2600,6013,6128,1,98.0,28.46188795209521,29.0,T1_normal,-98.5093816037736,29.474642000000003,115.0,-98.5093816037736,29.474642000000003,115.0,18.7
2601,6013,6168,1,149.0,42.23157288862005,28.3,T1_normal,-98.5093816037736,29.474642000000003,115.0,-98.5093816037736,29.474642000000003,115.0,23.2
2602,6013,6182,1,174.9,127.81946741731218,73.1,T1_normal,-98.5093816037736,29.474642000000003,115.0,-98.5093816037736,29.474642000000003,115.0,63.0
2603,6013,6225,1,98.0,19.362149529107597,19.8,T1_normal,-98.5093816037736,29.474642000000003,115.0,-98.5093816037736,29.474642000000003,115.0,19.9
2604,6014,6096,1,98.0,28.472118011487524,29.1,T1_normal,-97.301328,29.700745,115.0,-97.470663,29.69611,115.0,10.6
2605,6133,6014,1,149.0,0.3499593326965033,0.2,T1_normal,-97.15845,29.727617,115.0,-97.301328,29.700745,115.0,11.7
2606,6014,6139,1,98.0,33.63215867879106,34.3,T1_normal,-97.301328,29.700745,115.0,-97.357996,29.844013,115.0,34.0
2607,6015,6112,1,220.0,99.07967035309176,45.0,T1_normal,-98.737267,29.283035,115.0,-98.842165,29.1998,115.0,36.0
2608,6015,6182,1,115.6,21.714522192882058,18.8,T1_normal,-98.737267,29.283035,115.0,-98.5093816037736,29.474642000000003,115.0,12.0
2609,6015,6236,1,149.0,2.46314647156467,1.7,T1_normal,-98.737267,29.283035,115.0,-98.5093816037736,29.474642000000003,115.0,6.2
2610,6016,6114,1,120.6,41.36544367338893,34.3,T1_normal,-98.5093816037736,29.474642000000003,115.0,-98.5093816037736,29.474642000000003,115.0,30.7
2611,6016,6168,1,221.0,3.216973709128901,1.5,T1_normal,-98.5093816037736,29.474642000000003,115.0,-98.5093816037736,29.474642000000003,115.0,0.5
2612,6016,6168,1,221.0,3.216973709128901,1.5,T1_normal,-98.5093816037736,29.474642000000003,115.0,-98.5093816037736,29.474642000000003,115.0,0.5
2613,6016,6182,1,126.4,31.30690031895984,24.8,T1_normal,-98.5093816037736,29.474642000000003,115.0,-98.5093816037736,29.474642000000003,115.0,19.9
2614,6199,6016,1,221.0,110.48562350146582,50.0,T1_normal,-98.5093816037736,29.474642000000003,115.0,-98.5093816037736,29.474642000000003,115.0,45.6
2615,6199,6016,1,221.0,110.48562350146582,50.0,T1_normal,-98.5093816037736,29.474642000000003,115.0,-98.5093816037736,29.474642000000003,115.0,45.6
2616,6199,6016,1,221.0,110.48562350146582,50.0,T1_normal,-98.5093816037736,29.474642000000003,115.0,-98.5093816037736,29.474642000000003,115.0,45.6
2617,6016,6356,1,400.0,134.89234519556385,33.7,T1_normal,-98.5093816037736,29.474642000000003,115.0,-98.5093816037736,29.474642000000003,115.0,29.1
2618,6068,6017,1,221.0,103.61848521754916,46.9,T1_normal,-98.094738,29.6124265,115.0,-98.220552,29.575004,115.0,43.7
2619,6068,6017,1,221.0,103.61848521754916,46.9,T1_normal,-98.094738,29.6124265,115.0,-98.220552,29.575004,115.0,43.7
2620,6068,6017,1,221.0,103.61848521754916,46.9,T1_normal,-98.094738,29.6124265,115.0,-98.220552,29.575004,115.0,43.7
2621,6017,6159,1,221.0,60.81848521754907,27.5,T1_normal,-98.220552,29.575004,115.0,-98.262642,29.547068,115.0,24.3
2622,6017,6159,1,221.0,60.81848521754907,27.5,T1_normal,-98.220552,29.575004,115.0,-98.262642,29.547068,115.0,24.3
2623,6017,6159,1,221.0,60.81848521754907,27.5,T1_normal,-98.220552,29.575004,115.0,-98.262642,29.547068,115.0,24.3
2624,6160,6018,1,221.0,86.92458597352513,39.3,T1_normal,-97.77508287179488,30.30416587179487,115.0,-97.77508287179488,30.30416587179487,115.0,27.4
2625,6160,6018,1,221.0,86.92458597352513,39.3,T1_normal,-97.77508287179488,30.30416587179487,115.0,-97.77508287179488,30.30416587179487,115.0,27.4
2626,6160,6018,1,221.0,86.92458597352513,39.3,T1_normal,-97.77508287179488,30.30416587179487,115.0,-97.77508287179488,30.30416587179487,115.0,27.4
2627,6018,6233,1,122.1,6.900135537738272,5.7,T1_normal,-97.77508287179488,30.30416587179487,115.0,-97.77508287179488,30.30416587179487,115.0,2.3
2628,6018,6256,1,221.0,41.04611372064469,18.6,T1_normal,-97.77508287179488,30.30416587179487,115.0,-97.77508287179488,30.30416587179487,115.0,11.8
2629,6018,6256,1,221.0,41.04611372064469,18.6,T1_normal,-97.77508287179488,30.30416587179487,115.0,-97.77508287179488,30.30416587179487,115.0,11.8
2630,6018,6256,1,221.0,41.04611372064469,18.6,T1_normal,-97.77508287179488,30.30416587179487,115.0,-97.77508287179488,30.30416587179487,115.0,11.8
2631,6018,6256,1,191.4,166.0944923164493,86.8,T2_watch,-97.77508287179488,30.30416587179487,115.0,-97.77508287179488,30.30416587179487,115.0,54.9
2632,13265,6018,1,197.4,2.772399071659848,1.4,T1_normal,-97.77508287179488,30.30416587179487,20.0,-97.77508287179488,30.30416587179487,115.0,0.0
2633,6018,13411,1,133.6,1.5047537136329223,1.1,T1_normal,-97.77508287179488,30.30416587179487,115.0,-97.516162,30.289094,115.0,4.1
2634,6019,6040,1,221.0,83.96107106843971,38.0,T1_normal,-97.77508287179488,30.30416587179487,115.0,-97.77508287179488,30.30416587179487,115.0,35.9
2635,6040,6019,1,221.0,83.96107106843971,38.0,T1_normal,-97.77508287179488,30.30416587179487,115.0,-97.77508287179488,30.30416587179487,115.0,35.9
2636,6040,6019,1,221.0,83.96107106843971,38.0,T1_normal,-97.77508287179488,30.30416587179487,115.0,-97.77508287179488,30.30416587179487,115.0,35.9
2637,6019,6113,1,221.0,40.27403547949362,18.2,T1_normal,-97.77508287179488,30.30416587179487,115.0,-97.77508287179488,30.30416587179487,115.0,24.8
2638,6019,6113,1,221.0,40.27403547949362,18.2,T1_normal,-97.77508287179488,30.30416587179487,115.0,-97.77508287179488,30.30416587179487,115.0,24.8
2639,6019,6175,1,138.6,28.141782654980577,20.3,T1_normal,-97.77508287179488,30.30416587179487,115.0,-97.77508287179488,30.30416587179487,115.0,34.5
2640,6019,6306,1,98.0,11.506260913373012,11.7,T1_normal,-97.77508287179488,30.30416587179487,115.0,-97.77508287179488,30.30416587179487,115.0,0.9
2641,6019,6313,1,221.0,28.337902007971927,12.8,T1_normal,-97.77508287179488,30.30416587179487,115.0,-97.77508287179488,30.30416587179487,115.0,4.7
2642,6019,6313,1,221.0,28.337902007971927,12.8,T1_normal,-97.77508287179488,30.30416587179487,115.0,-97.77508287179488,30.30416587179487,115.0,4.7
2643,6020,6252,1,220.0,156.04479924637667,70.9,T1_normal,-98.3721,30.558,115.0,-98.359569,30.402261,115.0,71.6
2644,6020,12613,1,600.0,172.57479924637664,28.8,T1_normal,-98.3721,30.558,115.0,-98.3721,30.558,500.0,29.0
2645,6022,6021,1,948.0,329.34786144696506,34.7,T1_normal,-97.9398515,30.5062735,230.0,-97.9398515,30.5062735,500.0,34.6
2646,6118,6021,1,2020.0,272.11068499679243,13.5,T1_normal,-97.8242,30.503949,500.0,-97.9398515,30.5062735,500.0,13.7
2647,6021,6210,1,2020.0,989.4281711711516,49.0,T1_normal,-97.9398515,30.5062735,500.0,-98.26824166666664,30.564168,500.0,56.8
2648,6021,6298,1,2174.8,387.9696247273973,17.8,T1_normal,-97.9398515,30.5062735,500.0,-98.08352933333332,29.745433666666667,500.0,25.0
2649,6023,6022,1,438.0,212.72448849025443,48.6,T1_normal,-97.9398515,30.5062735,115.0,-97.9398515,30.5062735,230.0,37.6
2650,6022,6222,1,438.9,74.66960129839934,17.0,T1_normal,-97.9398515,30.5062735,230.0,-97.77508287179488,30.30416587179487,230.0,35.2
2651,6315,6022,1,443.0,69.14566777538349,15.6,T1_normal,-97.72702366666664,30.716280333333337,230.0,-97.9398515,30.5062735,230.0,0.8
2652,6022,6350,1,443.0,27.191896117073888,6.1,T1_normal,-97.9398515,30.5062735,230.0,-97.77508287179488,30.30416587179487,230.0,1.3
2653,6023,6084,1,205.0,94.1972935229714,45.9,T1_normal,-97.9398515,30.5062735,115.0,-97.677175,30.5341255,115.0,34.3
2654,6120,6023,1,221.0,84.89046615830702,38.4,T1_normal,-97.8242,30.503949,115.0,-97.9398515,30.5062735,115.0,45.5
2655,6023,6262,1,221.0,49.62663559551235,22.5,T1_normal,-97.9398515,30.5062735,115.0,-97.875708,30.748955,115.0,31.5
2656,6023,6262,1,221.0,49.62663559551235,22.5,T1_normal,-97.9398515,30.5062735,115.0,-97.875708,30.748955,115.0,31.5
2657,6024,6113,1,121.2,48.14877420212813,39.7,T1_normal,-97.77508287179488,30.30416587179487,115.0,-97.77508287179488,30.30416587179487,115.0,12.2
2658,6024,6181,1,221.0,103.363701808724,46.8,T1_normal,-97.77508287179488,30.30416587179487,115.0,-97.516162,30.289094,115.0,13.5
2659,6024,6219,1,300.0,57.569095967486206,19.2,T1_normal,-97.77508287179488,30.30416587179487,115.0,-97.77508287179488,30.30416587179487,115.0,6.4
2660,6024,6256,1,124.0,120.24878838180122,97.0,T3_prevent,-97.77508287179488,30.30416587179487,115.0,-97.77508287179488,30.30416587179487,115.0,80.7
2661,6024,6330,1,221.0,16.963325358866133,7.7,T1_normal,-97.77508287179488,30.30416587179487,115.0,-97.77508287179488,30.30416587179487,115.0,5.0
2662,6025,6060,1,250.0,49.028333700804616,19.6,T1_normal,-98.5093816037736,29.474642000000003,115.0,-98.5093816037736,29.474642000000003,115.0,14.9
2663,6121,6025,1,221.0,22.28783176593172,10.1,T1_normal,-98.5093816037736,29.474642000000003,115.0,-98.5093816037736,29.474642000000003,115.0,5.6
2664,6025,6337,1,221.0,83.84446814348294,37.9,T1_normal,-98.5093816037736,29.474642000000003,115.0,-98.5093816037736,29.474642000000003,115.0,34.1
2665,6025,6337,1,221.0,83.84446814348294,37.9,T1_normal,-98.5093816037736,29.474642000000003,115.0,-98.5093816037736,29.474642000000003,115.0,34.1
2666,6352,6025,1,221.0,35.12850497943134,15.9,T1_normal,-98.5093816037736,29.474642000000003,115.0,-98.5093816037736,29.474642000000003,115.0,16.5
2667,6026,6182,1,221.0,2.440274232826578,1.1,T1_normal,-98.5093816037736,29.474642000000003,115.0,-98.5093816037736,29.474642000000003,115.0,3.3
2668,6026,6182,1,126.6,3.038265536881113,2.4,T1_normal,-98.5093816037736,29.474642000000003,115.0,-98.5093816037736,29.474642000000003,115.0,7.1
2669,6236,6026,1,221.0,30.690382781676465,13.9,T1_normal,-98.5093816037736,29.474642000000003,115.0,-98.5093816037736,29.474642000000003,115.0,13.4
2670,6236,6026,1,221.0,30.690382781676465,13.9,T1_normal,-98.5093816037736,29.474642000000003,115.0,-98.5093816037736,29.474642000000003,115.0,13.4
2671,6027,6116,1,130.0,135.99326188137866,104.6,T4_light,-97.35518,30.41432,115.0,-97.35701,30.41477,115.0,19.5
2672,6027,6116,1,130.0,135.99326188137866,104.6,T4_light,-97.35518,30.41432,115.0,-97.35701,30.41477,115.0,19.5
2673,6027,6181,1,300.0,87.38226042741486,29.1,T1_normal,-97.35518,30.41432,115.0,-97.516162,30.289094,115.0,14.9
2674,6028,6040,1,133.0,28.64847300263076,21.5,T1_normal,-97.77508287179488,30.30416587179487,115.0,-97.77508287179488,30.30416587179487,115.0,15.5
2675,6126,6028,1,221.0,51.03273016437164,23.1,T1_normal,-97.77508287179488,30.30416587179487,115.0,-97.77508287179488,30.30416587179487,115.0,13.0
2676,6126,6028,1,221.0,51.03273016437164,23.1,T1_normal,-97.77508287179488,30.30416587179487,115.0,-97.77508287179488,30.30416587179487,115.0,13.0
2677,6028,6130,1,125.0,26.603106693766776,21.3,T1_normal,-97.77508287179488,30.30416587179487,115.0,-97.874687,30.132806,115.0,11.1
2678,6028,6223,1,221.0,136.546535281777,61.8,T1_normal,-97.77508287179488,30.30416587179487,115.0,-97.77508287179488,30.30416587179487,115.0,45.8
2679,6028,6223,1,221.0,136.546535281777,61.8,T1_normal,-97.77508287179488,30.30416587179487,115.0,-97.77508287179488,30.30416587179487,115.0,45.8
2680,6028,6289,1,98.0,21.28168188162931,21.7,T1_normal,-97.77508287179488,30.30416587179487,115.0,-97.77508287179488,30.30416587179487,115.0,16.2
2681,6029,6221,1,149.0,48.09566814066364,32.3,T1_normal,-97.887161,28.952237,115.0,-98.240425,28.867033,115.0,20.1
2682,6329,6029,1,149.0,58.98566814066364,39.6,T1_normal,-97.696944,28.871642,115.0,-97.887161,28.952237,115.0,27.4
2683,6031,6030,1,124.0,54.441120165248606,43.9,T1_normal,-97.076333,29.202338,115.0,-97.076333,29.202338,230.0,38.0
2684,6030,6172,1,443.0,46.813544298570434,10.6,T1_normal,-97.076333,29.202338,230.0,-97.2968245,29.1133745,230.0,8.2
2685,6030,6188,1,443.0,110.16742988283376,24.9,T1_normal,-97.076333,29.202338,230.0,-96.42546,29.695979,230.0,24.3
2686,6030,7274,1,443.0,211.42209434665276,47.7,T1_normal,-97.076333,29.202338,230.0,-97.00621414285716,28.74651585714286,230.0,43.1
2687,6173,6031,1,98.0,25.26112016524864,25.8,T1_normal,-97.2968245,29.1133745,115.0,-97.076333,29.202338,115.0,18.3
2688,6032,6207,1,149.0,56.56759084659857,38.0,T1_normal,-97.77508287179488,30.30416587179487,115.0,-97.9398515,30.5062735,115.0,34.4
2689,6217,6032,1,98.0,21.393703815445875,21.8,T1_normal,-97.77508287179488,30.30416587179487,115.0,-97.77508287179488,30.30416587179487,115.0,11.1
2690,6034,6033,1,1058.0,597.7135399486748,56.5,T1_normal,-97.57405,30.41217,230.0,-97.57405,30.41217,500.0,50.4
2691,6107,6033,1,2768.0,99.03716984569576,3.6,T1_normal,-96.947291,30.633128,500.0,-97.57405,30.41217,500.0,8.1
2692,6033,6342,1,2020.0,373.6354511040176,18.5,T1_normal,-97.57405,30.41217,500.0,-97.677175,30.5341255,500.0,32.9
2693,13332,6033,1,141.7,159.72299992381815,112.7,T5_moderate,-97.57405,30.41217,20.0,-97.57405,30.41217,500.0,65.9
2694,6035,6034,1,540.0,306.5522692197094,56.8,T1_normal,-97.57405,30.41217,115.0,-97.57405,30.41217,230.0,59.0
2695,6035,6034,1,540.0,306.5522692197094,56.8,T1_normal,-97.57405,30.41217,115.0,-97.57405,30.41217,230.0,59.0
2696,6108,6034,1,548.0,178.36911655641313,32.5,T1_normal,-96.947291,30.633128,230.0,-97.57405,30.41217,230.0,1.3
2697,6034,6119,1,443.0,3.5767664962037315,0.8,T1_normal,-97.57405,30.41217,230.0,-97.8242,30.503949,230.0,4.2
2698,6034,6255,1,443.0,348.1497131021069,78.6,T1_normal,-97.57405,30.41217,230.0,-97.77508287179488,30.30416587179487,230.0,24.0
2699,6034,6343,1,548.0,85.79258032064345,15.7,T1_normal,-97.57405,30.41217,230.0,-97.677175,30.5341255,230.0,1.6
2700,6034,6343,1,435.8,49.06649401266634,11.3,T1_normal,-97.57405,30.41217,230.0,-97.677175,30.5341255,230.0,1.2
2701,6061,6035,1,221.0,86.4499269805151,39.1,T1_normal,-97.77508287179488,30.30416587179487,115.0,-97.57405,30.41217,115.0,43.6
2702,6061,6035,1,221.0,86.4499269805151,39.1,T1_normal,-97.77508287179488,30.30416587179487,115.0,-97.57405,30.41217,115.0,43.6
2703,6123,6035,1,221.0,87.42140980403086,39.6,T1_normal,-97.77508287179488,30.30416587179487,115.0,-97.57405,30.41217,115.0,41.3
2704,6123,6035,1,221.0,87.42140980403086,39.6,T1_normal,-97.77508287179488,30.30416587179487,115.0,-97.57405,30.41217,115.0,41.3
2705,6035,6306,1,98.0,51.01498625761201,52.1,T1_normal,-97.57405,30.41217,115.0,-97.77508287179488,30.30416587179487,115.0,56.9
2706,6037,6036,1,467.0,303.6045027832287,65.0,T1_normal,-98.5093816037736,29.474642000000003,115.0,-98.5093816037736,29.474642000000003,230.0,59.1
2707,6037,6036,1,467.0,303.6045027832287,65.0,T1_normal,-98.5093816037736,29.474642000000003,115.0,-98.5093816037736,29.474642000000003,230.0,59.1
2708,6037,6036,1,467.0,303.6045027832287,65.0,T1_normal,-98.5093816037736,29.474642000000003,115.0,-98.5093816037736,29.474642000000003,230.0,59.1
2709,6036,6046,1,395.9,72.46058221814025,18.3,T1_normal,-98.5093816037736,29.474642000000003,230.0,-98.5093816037736,29.474642000000003,230.0,27.3
2710,6036,6067,1,750.0,164.4462010666592,21.9,T1_normal,-98.5093816037736,29.474642000000003,230.0,-98.094738,29.6124265,230.0,19.1
2711,6036,6067,1,396.9,200.39115435478044,50.5,T1_normal,-98.5093816037736,29.474642000000003,230.0,-98.094738,29.6124265,230.0,43.9
2712,6036,6142,1,750.0,175.42777145037752,23.4,T1_normal,-98.5093816037736,29.474642000000003,230.0,-98.5093816037736,29.474642000000003,230.0,16.1
2713,6036,6142,1,750.0,175.42777145037752,23.4,T1_normal,-98.5093816037736,29.474642000000003,230.0,-98.5093816037736,29.474642000000003,230.0,16.1
2714,6036,6277,1,403.8,81.14532086155828,20.1,T1_normal,-98.5093816037736,29.474642000000003,230.0,-97.807,29.875,230.0,17.8
2715,6287,6036,1,548.0,43.412037004967985,7.9,T1_normal,-98.5093816037736,29.474642000000003,230.0,-98.5093816037736,29.474642000000003,230.0,8.1
2716,6036,6334,1,443.0,31.122528688153928,7.0,T1_normal,-98.5093816037736,29.474642000000003,230.0,-98.5093816037736,29.474642000000003,230.0,10.2
2717,6094,6037,1,251.0,160.73869705825848,64.0,T1_normal,-98.5093816037736,29.474642000000003,115.0,-98.5093816037736,29.474642000000003,115.0,54.8
2718,6094,6037,1,251.0,160.73869705825848,64.0,T1_normal,-98.5093816037736,29.474642000000003,115.0,-98.5093816037736,29.474642000000003,115.0,54.8
2719,6220,6037,1,221.0,104.51156522452509,47.3,T1_normal,-98.5093816037736,29.474642000000003,115.0,-98.5093816037736,29.474642000000003,115.0,43.7
2720,6220,6037,1,221.0,104.51156522452509,47.3,T1_normal,-98.5093816037736,29.474642000000003,115.0,-98.5093816037736,29.474642000000003,115.0,43.7
2721,6220,6037,1,221.0,104.51156522452509,47.3,T1_normal,-98.5093816037736,29.474642000000003,115.0,-98.5093816037736,29.474642000000003,115.0,43.7
2722,6037,6250,1,112.9,27.78148918692729,24.6,T1_normal,-98.5093816037736,29.474642000000003,115.0,-98.5093816037736,29.474642000000003,115.0,27.6
2723,6039,6038,1,1269.0,637.4469853890768,50.2,T1_normal,-97.77508287179488,30.30416587179487,230.0,-97.77508287179488,30.30416587179487,500.0,35.0
2724,6038,6066,1,2020.0,403.2499983034908,20.0,T1_normal,-97.77508287179488,30.30416587179487,500.0,-98.094738,29.6124265,500.0,12.0
2725,6254,6038,1,2020.0,2173.073249216794,107.6,T4_light,-97.77508287179488,30.30416587179487,500.0,-97.77508287179488,30.30416587179487,500.0,25.9
2726,6349,6038,1,2020.0,1063.0662887327312,52.6,T1_normal,-97.77508287179488,30.30416587179487,500.0,-97.77508287179488,30.30416587179487,500.0,8.0
2727,6040,6039,1,338.0,251.94253327005293,74.5,T1_normal,-97.77508287179488,30.30416587179487,115.0,-97.77508287179488,30.30416587179487,230.0,66.5
2728,6040,6039,1,338.0,251.94253327005293,74.5,T1_normal,-97.77508287179488,30.30416587179487,115.0,-97.77508287179488,30.30416587179487,230.0,66.5
2729,6039,6222,1,443.0,164.16115504725326,37.1,T1_normal,-97.77508287179488,30.30416587179487,230.0,-97.77508287179488,30.30416587179487,230.0,46.1
2730,6039,6277,1,411.7,61.91452767218352,15.0,T1_normal,-97.77508287179488,30.30416587179487,230.0,-97.807,29.875,230.0,14.4
2731,6039,6350,1,454.0,124.39635319455462,27.4,T1_normal,-97.77508287179488,30.30416587179487,230.0,-97.77508287179488,30.30416587179487,230.0,59.3
2732,6040,6175,1,140.3,36.977962767228334,26.4,T1_normal,-97.77508287179488,30.30416587179487,115.0,-97.77508287179488,30.30416587179487,115.0,32.6
2733,6040,6224,1,149.0,89.65412290288111,60.2,T1_normal,-97.77508287179488,30.30416587179487,115.0,-97.77508287179488,30.30416587179487,115.0,42.9
2734,6043,6236,1,221.0,98.47652015951915,44.6,T1_normal,-98.5093816037736,29.474642000000003,115.0,-98.5093816037736,29.474642000000003,115.0,41.0
2735,6043,6236,1,221.0,98.47652015951915,44.6,T1_normal,-98.5093816037736,29.474642000000003,115.0,-98.5093816037736,29.474642000000003,115.0,41.0
2736,6335,6043,1,221.0,25.388444526812393,11.5,T1_normal,-98.5093816037736,29.474642000000003,115.0,-98.5093816037736,29.474642000000003,115.0,11.3
2737,6335,6043,1,221.0,25.388444526812393,11.5,T1_normal,-98.5093816037736,29.474642000000003,115.0,-98.5093816037736,29.474642000000003,115.0,11.3
2738,6044,6182,1,132.4,17.923478765479928,13.5,T1_normal,-98.5093816037736,29.474642000000003,115.0,-98.5093816037736,29.474642000000003,115.0,7.3
2739,6044,6203,1,149.0,70.50590950548958,47.3,T1_normal,-98.5093816037736,29.474642000000003,115.0,-98.5093816037736,29.474642000000003,115.0,41.9
2740,6204,6044,1,149.0,113.59766467315497,76.2,T1_normal,-98.5093816037736,29.474642000000003,115.0,-98.5093816037736,29.474642000000003,115.0,58.6
2741,6044,6275,1,204.4,149.91870824483584,73.3,T1_normal,-98.5093816037736,29.474642000000003,115.0,-98.5093816037736,29.474642000000003,115.0,53.8
2742,6044,6275,1,204.4,149.91870824483584,73.3,T1_normal,-98.5093816037736,29.474642000000003,115.0,-98.5093816037736,29.474642000000003,115.0,53.8
2743,6044,6284,1,149.0,109.2213105504019,73.3,T1_normal,-98.5093816037736,29.474642000000003,115.0,-98.5093816037736,29.474642000000003,115.0,61.6
2744,6044,6323,1,221.0,86.11087236164146,39.0,T1_normal,-98.5093816037736,29.474642000000003,115.0,-98.5093816037736,29.474642000000003,115.0,30.3
2745,6044,6323,1,221.0,86.11087236164146,39.0,T1_normal,-98.5093816037736,29.474642000000003,115.0,-98.5093816037736,29.474642000000003,115.0,30.3
2746,6046,6045,1,1198.0,642.6672269323869,53.6,T1_normal,-98.5093816037736,29.474642000000003,230.0,-98.5093816037736,29.474642000000003,500.0,52.3
2747,6066,6045,1,2020.0,440.72016825986856,21.8,T1_normal,-98.094738,29.6124265,500.0,-98.5093816037736,29.474642000000003,500.0,13.0
2748,6210,6045,1,2020.0,722.7447471414605,35.8,T1_normal,-98.26824166666664,30.564168,500.0,-98.5093816037736,29.474642000000003,500.0,41.8
2749,6045,6234,1,2020.0,449.01538684867216,22.2,T1_normal,-98.5093816037736,29.474642000000003,500.0,-98.5093816037736,29.474642000000003,500.0,23.8
2750,6047,6046,1,320.0,226.58749844993852,70.8,T1_normal,-98.5093816037736,29.474642000000003,115.0,-98.5093816037736,29.474642000000003,230.0,64.0
2751,6047,6046,1,320.0,226.58749844993852,70.8,T1_normal,-98.5093816037736,29.474642000000003,115.0,-98.5093816037736,29.474642000000003,230.0,64.0
2752,6046,6198,1,523.0,91.79329945588144,17.6,T1_normal,-98.5093816037736,29.474642000000003,230.0,-98.5093816037736,29.474642000000003,230.0,19.5
2753,6046,6285,1,647.0,13.502173663970396,2.1,T1_normal,-98.5093816037736,29.474642000000003,230.0,-98.6782725,29.80345,230.0,6.3
2754,6046,6287,1,483.2,2.3108111315089275,0.5,T1_normal,-98.5093816037736,29.474642000000003,230.0,-98.5093816037736,29.474642000000003,230.0,6.2
2755,6046,6334,1,411.5,8.031474408637962,2.0,T1_normal,-98.5093816037736,29.474642000000003,230.0,-98.5093816037736,29.474642000000003,230.0,4.3
2756,6047,6150,1,221.0,37.51572234824092,17.0,T1_normal,-98.5093816037736,29.474642000000003,115.0,-98.5093816037736,29.474642000000003,115.0,17.2
2757,6047,6150,1,221.0,37.51572234824092,17.0,T1_normal,-98.5093816037736,29.474642000000003,115.0,-98.5093816037736,29.474642000000003,115.0,17.2
2758,6291,6047,1,221.0,48.876811415366106,22.1,T1_normal,-98.5093816037736,29.474642000000003,115.0,-98.5093816037736,29.474642000000003,115.0,15.8
2759,6291,6047,1,221.0,48.876811415366106,22.1,T1_normal,-98.5093816037736,29.474642000000003,115.0,-98.5093816037736,29.474642000000003,115.0,15.8
2760,6226,6055,1,114.0,42.87997137430089,37.6,T1_normal,-98.566548,30.182914,115.0,-98.556446,29.903262,115.0,61.1
2761,6055,6286,1,98.0,34.6599713743009,35.4,T1_normal,-98.556446,29.903262,115.0,-98.6782725,29.80345,115.0,62.7
2762,6057,6056,1,1171.0,459.517974972713,39.2,T1_normal,-98.08352933333332,29.745433666666667,230.0,-98.08352933333332,29.745433666666667,500.0,34.4
2763,6056,6066,1,2020.0,299.5974539331911,14.8,T1_normal,-98.08352933333332,29.745433666666667,500.0,-98.094738,29.6124265,500.0,11.0
2764,6161,6056,1,3146.0,462.4489243988237,14.7,T1_normal,-97.97505466666668,28.59622966666667,500.0,-98.08352933333332,29.745433666666667,500.0,7.4
2765,6298,6056,1,2020.0,302.5284033592982,15.0,T1_normal,-98.08352933333332,29.745433666666667,500.0,-98.08352933333332,29.745433666666667,500.0,20.4
2766,6058,6057,1,328.0,203.29495370509267,62.0,T1_normal,-98.08352933333332,29.745433666666667,115.0,-98.08352933333332,29.745433666666667,230.0,57.3
2767,6058,6057,1,328.0,203.29495370509267,62.0,T1_normal,-98.08352933333332,29.745433666666667,115.0,-98.08352933333332,29.745433666666667,230.0,57.3
2768,6057,6067,1,548.0,20.87451944322467,3.8,T1_normal,-98.08352933333332,29.745433666666667,230.0,-98.094738,29.6124265,230.0,6.8
2769,6057,6162,1,449.3,1.4688925166471023,0.3,T1_normal,-98.08352933333332,29.745433666666667,230.0,-97.97505466666668,28.59622966666667,230.0,6.6
2770,6057,6177,1,548.0,26.253419429179115,4.8,T1_normal,-98.08352933333332,29.745433666666667,230.0,-98.5093816037736,29.474642000000003,230.0,2.7
2771,6057,6277,1,428.3,11.849348360121148,2.8,T1_normal,-98.08352933333332,29.745433666666667,230.0,-97.807,29.875,230.0,1.3
2772,6057,6299,1,422.1,19.11836956689399,4.5,T1_normal,-98.08352933333332,29.745433666666667,230.0,-98.08352933333332,29.745433666666667,230.0,11.7
2773,6058,6124,1,221.0,92.45894908272383,41.8,T1_normal,-98.08352933333332,29.745433666666667,115.0,-98.08352933333332,29.745433666666667,115.0,37.7
2774,6058,6124,1,221.0,92.45894908272383,41.8,T1_normal,-98.08352933333332,29.745433666666667,115.0,-98.08352933333332,29.745433666666667,115.0,37.7
2775,6058,6124,1,221.0,92.45894908272383,41.8,T1_normal,-98.08352933333332,29.745433666666667,115.0,-98.08352933333332,29.745433666666667,115.0,37.7
2776,6300,6058,1,221.0,49.42693983798492,22.4,T1_normal,-98.08352933333332,29.745433666666667,115.0,-98.08352933333332,29.745433666666667,115.0,23.9
2777,6357,6059,1,173.0,123.99032873265917,71.7,T1_normal,-99.168888,29.135837,115.0,-99.329182,29.285285,115.0,65.1
2778,6060,6157,1,221.0,18.048436507577303,8.2,T1_normal,-98.5093816037736,29.474642000000003,115.0,-98.6782725,29.80345,115.0,10.7
2779,6314,6060,1,149.0,24.120808872877575,16.2,T1_normal,-98.453225,29.769466,115.0,-98.5093816037736,29.474642000000003,115.0,9.8
2780,6061,6160,1,108.7,28.588991777845862,26.3,T1_normal,-97.77508287179488,30.30416587179487,115.0,-97.77508287179488,30.30416587179487,115.0,6.3
2781,6061,6219,1,221.0,25.396984003928047,11.5,T1_normal,-97.77508287179488,30.30416587179487,115.0,-97.77508287179488,30.30416587179487,115.0,13.2
2782,6061,6224,1,98.0,89.5726892523097,91.4,T3_prevent,-97.77508287179488,30.30416587179487,115.0,-97.77508287179488,30.30416587179487,115.0,66.8
2783,6061,6233,1,131.0,84.93216967046457,64.8,T1_normal,-97.77508287179488,30.30416587179487,115.0,-97.77508287179488,30.30416587179487,115.0,30.9
2784,6061,6306,1,113.9,7.610047491058225,6.7,T1_normal,-97.77508287179488,30.30416587179487,115.0,-97.77508287179488,30.30416587179487,115.0,2.2
2785,6063,6062,1,1206.0,350.106061456232,29.0,T1_normal,-96.444571,30.2627995,230.0,-96.444571,30.2627995,500.0,0.7
2786,6062,6075,1,2437.0,1129.4133119753517,46.3,T1_normal,-96.444571,30.2627995,500.0,-96.7506,29.9172,500.0,23.4
2787,6062,6075,1,2437.0,1129.4133119753517,46.3,T1_normal,-96.444571,30.2627995,500.0,-96.7506,29.9172,500.0,23.4
2788,6062,6107,1,3302.0,1193.2461763114854,36.1,T1_normal,-96.444571,30.2627995,500.0,-96.947291,30.633128,500.0,48.8
2789,6062,7199,1,2411.0,1033.988912935315,42.9,T1_normal,-96.444571,30.2627995,500.0,-95.708537,29.9660525,500.0,37.9
2790,6062,7199,1,2411.0,1033.988912935315,42.9,T1_normal,-96.444571,30.2627995,500.0,-95.708537,29.9660525,500.0,37.9
2791,6062,7199,1,2411.0,1033.988912935315,42.9,T1_normal,-96.444571,30.2627995,500.0,-95.708537,29.9660525,500.0,37.9
2792,6064,6063,1,305.0,148.77608348910138,48.8,T1_normal,-96.444571,30.2627995,115.0,-96.444571,30.2627995,230.0,40.9
2793,6064,6063,1,305.0,148.77608348910138,48.8,T1_normal,-96.444571,30.2627995,115.0,-96.444571,30.2627995,230.0,40.9
2794,6063,6192,1,647.0,40.15886817517771,6.2,T1_normal,-96.444571,30.2627995,230.0,-96.676232,30.541565,230.0,15.4
2795,8094,6063,1,800.0,12.395026302851695,1.5,T1_normal,-96.307958,30.5895815,230.0,-96.444571,30.2627995,230.0,17.6
2796,6064,6341,1,450.0,204.7621669782032,45.5,T1_normal,-96.444571,30.2627995,115.0,-96.258442,30.1223,115.0,34.8
2797,6065,6262,1,98.0,20.07171488140287,20.5,T1_normal,-98.04518,30.773295,115.0,-97.875708,30.748955,115.0,73.0
2798,6067,6066,1,1115.0,703.9314103072822,63.1,T1_normal,-98.094738,29.6124265,230.0,-98.094738,29.6124265,500.0,56.7
2799,6069,6066,1,306.2,175.04033568950538,57.2,T1_normal,-98.094738,29.6124265,18.0,-98.094738,29.6124265,500.0,45.3
2800,6070,6066,1,249.9,0.0,0.0,T1_normal,-98.094738,29.6124265,18.0,-98.094738,29.6124265,500.0,0.0
2801,6071,6066,1,211.6,0.0,0.0,T1_normal,-98.094738,29.6124265,18.0,-98.094738,29.6124265,500.0,0.0
2802,6072,6066,1,236.3,147.9259577674256,62.6,T1_normal,-98.094738,29.6124265,18.0,-98.094738,29.6124265,500.0,50.6
2803,6073,6066,1,235.1,141.00142053137924,60.0,T1_normal,-98.094738,29.6124265,18.0,-98.094738,29.6124265,500.0,51.0
2804,6074,6066,1,207.5,137.00189404183894,66.0,T1_normal,-98.094738,29.6124265,18.0,-98.094738,29.6124265,500.0,53.0
2805,6066,6169,1,2138.1,132.95609642104972,6.2,T1_normal,-98.094738,29.6124265,500.0,-98.5093816037736,29.474642000000003,500.0,8.1
2806,6066,6349,1,2079.6,294.98220801453317,14.2,T1_normal,-98.094738,29.6124265,500.0,-97.77508287179488,30.30416587179487,500.0,16.0
2807,12526,6066,1,195.7,141.00142053137924,72.0,T1_normal,-98.094738,29.6124265,18.0,-98.094738,29.6124265,500.0,61.2
2808,12527,6066,1,223.8,137.00189404183902,61.2,T1_normal,-98.094738,29.6124265,18.0,-98.094738,29.6124265,500.0,49.1
2809,6068,6067,1,300.0,141.6714254760314,47.2,T1_normal,-98.094738,29.6124265,115.0,-98.094738,29.6124265,230.0,45.2
2810,6068,6067,1,300.0,141.6714254760314,47.2,T1_normal,-98.094738,29.6124265,115.0,-98.094738,29.6124265,230.0,45.2
2811,6067,6162,1,454.9,17.137426371056108,3.8,T1_normal,-98.094738,29.6124265,230.0,-97.97505466666668,28.59622966666667,230.0,0.1
2812,6067,6277,1,476.7,19.4845358537016,4.1,T1_normal,-98.094738,29.6124265,230.0,-97.807,29.875,230.0,4.1
2813,6279,6067,1,443.0,37.28113980221224,8.4,T1_normal,-97.97505466666668,28.59622966666667,230.0,-98.094738,29.6124265,230.0,9.1
2814,6067,6287,1,490.7,75.9665457995533,15.5,T1_normal,-98.094738,29.6124265,230.0,-98.5093816037736,29.474642000000003,230.0,12.4
2815,6076,6075,1,1058.0,151.19948368265153,14.3,T1_normal,-96.7506,29.9172,230.0,-96.7506,29.9172,500.0,4.8
2816,6078,6075,1,711.2,426.24580222071035,59.9,T1_normal,-96.7506,29.9172,22.0,-96.7506,29.9172,500.0,21.9
2817,6079,6075,1,820.2,426.24580222071023,52.0,T1_normal,-96.7506,29.9172,22.0,-96.7506,29.9172,500.0,19.0
2818,6080,6075,1,530.2,338.7849759591731,63.9,T1_normal,-96.7506,29.9172,22.0,-96.7506,29.9172,500.0,33.9
2819,6075,6101,1,2020.0,2455.2435668576886,121.5,T5_moderate,-96.7506,29.9172,500.0,-96.9945,30.02547,500.0,54.0
2820,6161,6075,1,3146.0,13.765373034972583,0.4,T1_normal,-97.97505466666668,28.59622966666667,500.0,-96.7506,29.9172,500.0,13.1
2821,7018,6075,1,2020.0,666.7170917606876,33.0,T1_normal,-97.135,28.8947,500.0,-96.7506,29.9172,500.0,35.6
2822,6075,7341,1,2411.0,1109.6877358929464,46.0,T1_normal,-96.7506,29.9172,500.0,-95.7842315,29.79427175,500.0,33.7
2823,6075,7341,1,2411.0,1109.6877358929464,46.0,T1_normal,-96.7506,29.9172,500.0,-95.7842315,29.79427175,500.0,33.7
2824,6077,6076,1,203.0,81.42371218406339,40.1,T1_normal,-96.7506,29.9172,115.0,-96.7506,29.9172,230.0,27.6
2825,6076,6102,1,850.0,319.5305480936438,37.6,T1_normal,-96.7506,29.9172,230.0,-96.9945,30.02547,230.0,17.4
2826,6188,6076,1,443.0,86.90735222692796,19.6,T1_normal,-96.42546,29.695979,230.0,-96.7506,29.9172,230.0,9.2
2827,6077,6135,1,450.0,164.92639963996766,36.7,T1_normal,-96.7506,29.9172,115.0,-96.699188,30.043016,115.0,26.6
2828,6077,6311,1,149.0,65.35467424184046,43.9,T1_normal,-96.7506,29.9172,115.0,-96.686537,29.806557,115.0,33.9
2829,6077,12948,1,264.0,148.8573616977448,56.4,T1_normal,-96.7506,29.9172,115.0,-97.07408,29.806984,115.0,43.2
2830,6082,6081,1,41.8,19.800000000000008,47.4,T1_normal,-98.26824166666664,30.564168,13.8,-98.26824166666664,30.564168,115.0,45.7
2831,6083,6081,1,41.5,19.799999999999997,47.7,T1_normal,-98.26824166666664,30.564168,13.8,-98.26824166666664,30.564168,115.0,46.0
2832,6081,6156,1,176.0,102.1377721023974,58.0,T1_normal,-98.26824166666664,30.564168,115.0,-98.26824166666664,30.564168,115.0,59.6
2833,6212,6081,1,149.0,62.53777210239768,42.0,T1_normal,-98.26824166666664,30.564168,115.0,-98.26824166666664,30.564168,115.0,44.8
2834,6084,6136,1,221.0,64.96043771760824,29.4,T1_normal,-97.677175,30.5341255,115.0,-97.72702366666664,30.716280333333337,115.0,20.0
2835,6084,6344,1,187.1,32.925244041631885,17.6,T1_normal,-97.677175,30.5341255,115.0,-97.677175,30.5341255,115.0,12.3
2836,6084,6353,1,163.8,142.61251288839532,87.1,T2_watch,-97.677175,30.5341255,115.0,-97.677175,30.5341255,115.0,44.6
2837,6084,6355,1,221.0,87.73914543576602,39.7,T1_normal,-97.677175,30.5341255,115.0,-97.677175,30.5341255,115.0,10.8
2838,6091,6176,1,221.0,100.96324383964212,45.7,T1_normal,-98.142776,30.034449,115.0,-97.77508287179488,30.30416587179487,115.0,49.0
2839,6251,6091,1,169.0,63.153243839642315,37.4,T1_normal,-98.228231,29.971139,115.0,-98.142776,30.034449,115.0,41.8
2840,6092,6096,1,147.3,17.601965406749454,11.9,T1_normal,-97.448924,29.476954,115.0,-97.470663,29.69611,115.0,3.3
2841,6265,6092,1,221.0,102.80452377679056,46.5,T1_normal,-97.2968245,29.1133745,115.0,-97.448924,29.476954,115.0,35.5
2842,6092,6340,1,221.0,26.322558370041182,11.9,T1_normal,-97.448924,29.476954,115.0,-97.735834,29.428917,115.0,6.7
2843,6094,6093,1,98.0,28.89604035062323,29.5,T1_normal,-98.5093816037736,29.474642000000003,115.0,-98.5093816037736,29.474642000000003,115.0,17.2
2844,6093,6191,1,149.0,28.153889022040342,18.9,T1_normal,-98.5093816037736,29.474642000000003,115.0,-98.5093816037736,29.474642000000003,115.0,15.9
2845,6094,6352,1,221.0,104.0457121966158,47.1,T1_normal,-98.5093816037736,29.474642000000003,115.0,-98.5093816037736,29.474642000000003,115.0,43.0
2846,6094,6352,1,221.0,104.0457121966158,47.1,T1_normal,-98.5093816037736,29.474642000000003,115.0,-98.5093816037736,29.474642000000003,115.0,43.0
2847,6116,6095,1,98.0,200.02508238144975,204.1,T7_structural,-97.35701,30.41477,115.0,-97.546124,30.560042,115.0,6.6
2848,6095,6353,1,221.0,81.89928021206202,37.1,T1_normal,-97.546124,30.560042,115.0,-97.677175,30.5341255,115.0,0.8
2849,6095,6353,1,221.0,81.89928021206202,37.1,T1_normal,-97.546124,30.560042,115.0,-97.677175,30.5341255,115.0,0.8
2850,6095,6353,1,128.1,127.7903152104244,99.8,T3_prevent,-97.546124,30.560042,115.0,-97.677175,30.5341255,115.0,2.2
2851,6095,6358,1,250.0,50.75604198399981,20.3,T1_normal,-97.546124,30.560042,115.0,-97.72702366666664,30.716280333333337,115.0,22.2
2852,6196,6096,1,149.0,4.547175718443608,3.1,T1_normal,-97.568294,29.940066,115.0,-97.470663,29.69611,115.0,7.5
2853,6096,6202,1,98.0,6.206192767015262,6.3,T1_normal,-97.470663,29.69611,115.0,-97.785202,29.659595,115.0,7.4
2854,6096,6340,1,98.0,9.540714932777885,9.7,T1_normal,-97.470663,29.69611,115.0,-97.735834,29.428917,115.0,8.0
2855,6097,6220,1,221.0,45.80430125657155,20.7,T1_normal,-98.5093816037736,29.474642000000003,115.0,-98.5093816037736,29.474642000000003,115.0,17.8
2856,6097,6220,1,221.0,45.80430125657155,20.7,T1_normal,-98.5093816037736,29.474642000000003,115.0,-98.5093816037736,29.474642000000003,115.0,17.8
2857,6097,6225,1,149.0,30.261326859519944,20.3,T1_normal,-98.5093816037736,29.474642000000003,115.0,-98.5093816037736,29.474642000000003,115.0,17.9
2858,6098,6123,1,221.0,76.90586263598593,34.8,T1_normal,-97.77508287179488,30.30416587179487,115.0,-97.77508287179488,30.30416587179487,115.0,28.5
2859,6098,6123,1,221.0,76.90586263598593,34.8,T1_normal,-97.77508287179488,30.30416587179487,115.0,-97.77508287179488,30.30416587179487,115.0,28.5
2860,6098,6175,1,131.2,67.43127184434776,51.4,T1_normal,-97.77508287179488,30.30416587179487,115.0,-97.77508287179488,30.30416587179487,115.0,22.9
2861,6098,6208,1,130.0,81.34406169270534,62.6,T1_normal,-97.77508287179488,30.30416587179487,115.0,-97.77508287179488,30.30416587179487,115.0,19.5
2862,6098,6289,1,149.0,8.262359238429973,5.5,T1_normal,-97.77508287179488,30.30416587179487,115.0,-97.77508287179488,30.30416587179487,115.0,1.1
2863,6099,6200,1,101.7,1.7751319804084176,1.7,T1_normal,-98.5093816037736,29.474642000000003,115.0,-98.5093816037736,29.474642000000003,115.0,0.3
2864,6099,6204,1,98.0,8.793646760471319,9.0,T1_normal,-98.5093816037736,29.474642000000003,115.0,-98.5093816037736,29.474642000000003,115.0,4.4
2865,6099,6225,1,98.0,52.91739768885684,54.0,T1_normal,-98.5093816037736,29.474642000000003,115.0,-98.5093816037736,29.474642000000003,115.0,45.3
2866,6099,6310,1,149.0,10.08463400635371,6.8,T1_normal,-98.5093816037736,29.474642000000003,115.0,-98.5093816037736,29.474642000000003,115.0,2.6
2867,6099,6320,1,118.3,93.22120783522756,78.8,T1_normal,-98.5093816037736,29.474642000000003,115.0,-98.5093816037736,29.474642000000003,115.0,60.5
2868,6100,6128,1,98.0,18.590712219902763,19.0,T1_normal,-98.238308,29.353553,115.0,-98.5093816037736,29.474642000000003,115.0,11.8
2869,6180,6100,1,149.0,71.07774314305092,47.7,T1_normal,-98.10703,29.350393,115.0,-98.238308,29.353553,115.0,33.4
2870,6100,6283,1,98.0,53.128461590501885,54.2,T1_normal,-98.238308,29.353553,115.0,-98.205116,29.43659,115.0,47.7
2871,6100,6320,1,130.1,20.597843797227178,15.8,T1_normal,-98.238308,29.353553,115.0,-98.5093816037736,29.474642000000003,115.0,7.0
2872,6100,13126,1,131.5,58.94927446457983,44.8,T1_normal,-98.238308,29.353553,115.0,-98.35335,29.282378,115.0,42.0
2873,6102,6101,1,1307.0,17.53542690387704,1.3,T1_normal,-96.9945,30.02547,230.0,-96.9945,30.02547,500.0,0.4
2874,6104,6101,1,63.0,44.0,69.8,T1_normal,-96.9945,30.02547,13.8,-96.9945,30.02547,500.0,66.6
2875,6105,6101,1,66.3,44.0,66.4,T1_normal,-96.9945,30.02547,13.8,-96.9945,30.02547,500.0,63.3
2876,6106,6101,1,68.1,44.0,64.6,T1_normal,-96.9945,30.02547,13.8,-96.9945,30.02547,500.0,61.6
2877,6101,12852,1,2277.2,2261.7081399538124,99.3,T3_prevent,-96.9945,30.02547,500.0,-97.270537,29.894053,500.0,40.7
2878,6103,6102,1,439.0,11.636393093694352,2.7,T1_normal,-96.9945,30.02547,115.0,-96.9945,30.02547,230.0,3.5
2879,6103,6117,1,221.0,54.407769924640235,24.6,T1_normal,-96.9945,30.02547,115.0,-97.182148,30.013899,115.0,5.3
2880,6103,6117,1,221.0,54.407769924640235,24.6,T1_normal,-96.9945,30.02547,115.0,-97.182148,30.013899,115.0,5.3
2881,6103,6183,1,149.0,154.111785057841,103.4,T4_light,-96.9945,30.02547,115.0,-96.923038,30.167624,115.0,56.5
2882,6103,12948,1,264.0,91.14263830225504,34.5,T1_normal,-96.9945,30.02547,115.0,-97.07408,29.806984,115.0,41.8
2883,6108,6107,1,380.0,345.57251512222064,90.9,T3_prevent,-96.947291,30.633128,230.0,-96.947291,30.633128,500.0,21.5
2884,6107,8082,1,2020.0,101.40390574474108,5.0,T1_normal,-96.947291,30.633128,500.0,-96.4866,31.1803,500.0,22.9
2885,6109,6108,1,137.0,224.90910732563876,164.2,T7_structural,-96.947291,30.633128,115.0,-96.947291,30.633128,230.0,36.1
2886,6108,6192,1,523.0,46.44664231367113,8.9,T1_normal,-96.947291,30.633128,230.0,-96.676232,30.541565,230.0,26.4
2887,6338,6109,1,98.0,37.72952399230558,38.5,T1_normal,-96.947291,30.633128,115.0,-96.947291,30.633128,115.0,65.2
2888,6113,6175,1,221.0,25.836301043302967,11.7,T1_normal,-97.77508287179488,30.30416587179487,115.0,-97.77508287179488,30.30416587179487,115.0,7.7
2889,6113,6175,1,221.0,25.836301043302967,11.7,T1_normal,-97.77508287179488,30.30416587179487,115.0,-97.77508287179488,30.30416587179487,115.0,7.7
2890,6113,6175,1,106.5,22.2443492398952,20.9,T1_normal,-97.77508287179488,30.30416587179487,115.0,-97.77508287179488,30.30416587179487,115.0,13.7
2891,6113,6227,1,129.4,19.643221053345172,15.2,T1_normal,-97.77508287179488,30.30416587179487,115.0,-97.77508287179488,30.30416587179487,115.0,14.8
2892,6113,6238,1,165.9,124.09544228500307,74.8,T1_normal,-97.77508287179488,30.30416587179487,115.0,-97.77508287179488,30.30416587179487,115.0,70.2
2893,6113,6345,1,149.0,22.12383848722439,14.8,T1_normal,-97.77508287179488,30.30416587179487,115.0,-97.77508287179488,30.30416587179487,115.0,11.2
2894,6114,6204,1,149.0,29.96997439510478,20.1,T1_normal,-98.5093816037736,29.474642000000003,115.0,-98.5093816037736,29.474642000000003,115.0,15.0
2895,6114,6261,1,98.0,15.714511304169498,16.0,T1_normal,-98.5093816037736,29.474642000000003,115.0,-98.618734,29.391283,115.0,11.4
2896,6159,6115,1,221.0,16.421545832047535,7.4,T1_normal,-98.262642,29.547068,115.0,-98.5093816037736,29.474642000000003,115.0,1.3
2897,6159,6115,1,221.0,16.421545832047535,7.4,T1_normal,-98.262642,29.547068,115.0,-98.5093816037736,29.474642000000003,115.0,1.3
2898,6115,6191,1,149.0,18.415828244577703,12.4,T1_normal,-98.5093816037736,29.474642000000003,115.0,-98.5093816037736,29.474642000000003,115.0,3.5
2899,6115,6220,1,117.2,24.802671849479196,21.2,T1_normal,-98.5093816037736,29.474642000000003,115.0,-98.5093816037736,29.474642000000003,115.0,27.0
2900,6115,6225,1,98.0,7.449880941624087,7.6,T1_normal,-98.5093816037736,29.474642000000003,115.0,-98.5093816037736,29.474642000000003,115.0,8.5
2901,6115,6250,1,149.0,100.96011316204212,67.8,T1_normal,-98.5093816037736,29.474642000000003,115.0,-98.5093816037736,29.474642000000003,115.0,60.9
2902,6181,6116,1,98.0,65.11144138130919,66.4,T1_normal,-97.516162,30.289094,115.0,-97.35701,30.41477,115.0,34.9
2903,6119,6118,1,1133.0,631.9528200716045,55.8,T1_normal,-97.8242,30.503949,230.0,-97.8242,30.503949,500.0,53.4
2904,6118,6342,1,2768.0,812.2016173847442,29.3,T1_normal,-97.8242,30.503949,500.0,-97.677175,30.5341255,500.0,36.9
2905,6118,6349,1,2768.0,270.58459481919215,9.8,T1_normal,-97.8242,30.503949,500.0,-97.77508287179488,30.30416587179487,500.0,29.2
2906,6120,6119,1,350.0,220.26306180386743,62.9,T1_normal,-97.8242,30.503949,115.0,-97.8242,30.503949,230.0,57.9
2907,6120,6119,1,350.0,220.26306180386743,62.9,T1_normal,-97.8242,30.503949,115.0,-97.8242,30.503949,230.0,57.9
2908,6119,6354,1,548.0,98.28074150687698,17.9,T1_normal,-97.8242,30.503949,230.0,-97.677175,30.5341255,230.0,16.6
2909,6119,6354,1,421.9,96.72272145319808,22.9,T1_normal,-97.8242,30.503949,230.0,-97.677175,30.5341255,230.0,21.3
2910,6120,6136,1,142.1,51.77049157588884,36.4,T1_normal,-97.8242,30.503949,115.0,-97.72702366666664,30.716280333333337,115.0,4.3
2911,6120,6137,1,143.7,36.59982065516658,25.5,T1_normal,-97.8242,30.503949,115.0,-97.77508287179488,30.30416587179487,115.0,44.2
2912,6290,6120,1,221.0,120.8731387674927,54.7,T1_normal,-97.77508287179488,30.30416587179487,115.0,-97.8242,30.503949,115.0,54.6
2913,6290,6120,1,221.0,120.8731387674927,54.7,T1_normal,-97.77508287179488,30.30416587179487,115.0,-97.8242,30.503949,115.0,54.6
2914,6121,6174,1,220.0,113.19724861105216,51.5,T1_normal,-98.5093816037736,29.474642000000003,115.0,-98.5093816037736,29.474642000000003,115.0,43.2
2915,6121,6179,1,98.0,8.386930040320895,8.6,T1_normal,-98.5093816037736,29.474642000000003,115.0,-98.5093816037736,29.474642000000003,115.0,3.8
2916,6220,6121,1,221.0,83.27372128393087,37.7,T1_normal,-98.5093816037736,29.474642000000003,115.0,-98.5093816037736,29.474642000000003,115.0,33.0
2917,6220,6121,1,221.0,83.27372128393087,37.7,T1_normal,-98.5093816037736,29.474642000000003,115.0,-98.5093816037736,29.474642000000003,115.0,33.0
2918,6122,6327,1,98.0,9.393802072595347,9.6,T1_normal,-96.836189,29.380036,115.0,-96.652467,29.488624,115.0,9.8
2919,7337,6122,1,98.0,54.72380207259542,55.8,T1_normal,-96.689715,29.042415,115.0,-96.836189,29.380036,115.0,56.1
2920,6123,6233,1,98.0,84.48020032595274,86.2,T2_watch,-97.77508287179488,30.30416587179487,115.0,-97.77508287179488,30.30416587179487,115.0,33.7
2921,6124,6131,1,211.0,90.93675616035776,43.1,T1_normal,-98.08352933333332,29.745433666666667,115.0,-98.390967,29.89476,115.0,39.6
2922,6191,6124,1,221.0,54.8292822149369,24.8,T1_normal,-98.5093816037736,29.474642000000003,115.0,-98.08352933333332,29.745433666666667,115.0,20.0
2923,6124,6314,1,149.0,68.88080887287727,46.2,T1_normal,-98.08352933333332,29.745433666666667,115.0,-98.453225,29.769466,115.0,39.8
2924,6180,6125,1,149.0,105.21774314305094,70.6,T1_normal,-98.10703,29.350393,115.0,-98.057016,29.293499,115.0,56.3
2925,6125,6322,1,149.0,108.78774314305086,73.0,T1_normal,-98.057016,29.293499,115.0,-98.080406,29.073446,115.0,58.7
2926,6126,6130,1,221.0,0.5277270000352274,0.2,T1_normal,-97.77508287179488,30.30416587179487,115.0,-97.874687,30.132806,115.0,1.0
2927,6126,6176,1,221.0,22.265817226235107,10.1,T1_normal,-97.77508287179488,30.30416587179487,115.0,-97.77508287179488,30.30416587179487,115.0,0.5
2928,6126,6176,1,221.0,22.265817226235107,10.1,T1_normal,-97.77508287179488,30.30416587179487,115.0,-97.77508287179488,30.30416587179487,115.0,0.5
2929,6126,6231,1,134.0,2.846755949673252,2.1,T1_normal,-97.77508287179488,30.30416587179487,115.0,-97.838012,30.078514,115.0,15.2
2930,6126,6313,1,98.0,5.220038979122332,5.3,T1_normal,-97.77508287179488,30.30416587179487,115.0,-97.77508287179488,30.30416587179487,115.0,6.3
2931,6126,6313,1,140.0,5.886458756285773,4.2,T1_normal,-97.77508287179488,30.30416587179487,115.0,-97.77508287179488,30.30416587179487,115.0,5.0
2932,6127,6237,1,220.0,212.08285045382289,96.4,T3_prevent,-96.907601,30.891129,115.0,-97.0630125,30.978365,115.0,53.5
2933,6338,6127,1,220.0,170.0800593410279,77.3,T1_normal,-96.947291,30.633128,115.0,-96.907601,30.891129,115.0,45.0
2934,6127,8102,1,98.0,103.23720888720489,105.3,T4_light,-96.907601,30.891129,115.0,-96.66368,31.09828,115.0,6.5
2935,6128,6182,1,106.7,25.42009454245111,23.8,T1_normal,-98.5093816037736,29.474642000000003,115.0,-98.5093816037736,29.474642000000003,115.0,9.9
2936,6128,6201,1,102.1,42.35359191934229,41.5,T1_normal,-98.5093816037736,29.474642000000003,115.0,-98.5093816037736,29.474642000000003,115.0,31.5
2937,6128,6276,1,200.0,28.22799831135576,14.1,T1_normal,-98.5093816037736,29.474642000000003,115.0,-98.622442,29.243915,115.0,14.3
2938,6128,13126,1,178.6,110.52139493900172,61.9,T1_normal,-98.5093816037736,29.474642000000003,115.0,-98.35335,29.282378,115.0,49.5
2939,6128,13126,1,178.6,110.52139493900172,61.9,T1_normal,-98.5093816037736,29.474642000000003,115.0,-98.35335,29.282378,115.0,49.5
2940,6129,6309,1,149.0,66.46503807035818,44.6,T1_normal,-99.316592,29.678291,115.0,-99.141134,29.427375,115.0,41.5
2941,6129,6336,1,98.0,49.52503807035815,50.5,T1_normal,-99.316592,29.678291,115.0,-99.095171,29.707222,115.0,45.8
2942,6130,6230,1,230.0,7.340383600171485,3.2,T1_normal,-97.874687,30.132806,115.0,-97.966164,29.880162,115.0,16.1
2943,6130,6231,1,149.0,5.034996093559663,3.4,T1_normal,-97.874687,30.132806,115.0,-97.838012,30.078514,115.0,23.4
2944,6131,6251,1,131.0,18.02675616035776,13.8,T1_normal,-98.390967,29.89476,115.0,-98.228231,29.971139,115.0,8.1
2945,6132,6137,1,98.0,19.300848230069167,19.7,T1_normal,-97.77508287179488,30.30416587179487,115.0,-97.77508287179488,30.30416587179487,115.0,33.1
2946,6175,6132,1,250.0,61.380446431976665,24.6,T1_normal,-97.77508287179488,30.30416587179487,115.0,-97.77508287179488,30.30416587179487,115.0,12.9
2947,6190,6133,1,149.0,15.489959332696568,10.4,T1_normal,-97.083825,29.5649,115.0,-97.15845,29.727617,115.0,1.5
2948,6134,6140,1,246.0,151.86511269050305,61.7,T1_normal,-97.413885,30.710857,115.0,-97.502485,30.818633,115.0,85.6
2949,6134,6358,1,220.0,144.24511269050296,65.6,T1_normal,-97.413885,30.710857,115.0,-97.72702366666664,30.716280333333337,115.0,92.2
2950,6195,6135,1,220.0,132.43639963996765,60.2,T1_normal,-96.451051,30.024253,115.0,-96.699188,30.043016,115.0,39.6
2951,6358,6136,1,221.0,9.24907070650347,4.2,T1_normal,-97.72702366666664,30.716280333333337,115.0,-97.72702366666664,30.716280333333337,115.0,31.4
2952,6137,6184,1,98.0,30.16100953893419,30.8,T1_normal,-97.77508287179488,30.30416587179487,115.0,-97.77508287179488,30.30416587179487,115.0,37.5
2953,6137,6207,1,111.6,16.882521951339058,15.1,T1_normal,-97.77508287179488,30.30416587179487,115.0,-97.9398515,30.5062735,115.0,52.3
2954,6137,6217,1,137.0,99.62499847748988,72.7,T1_normal,-97.77508287179488,30.30416587179487,115.0,-97.77508287179488,30.30416587179487,115.0,53.4
2955,6157,6138,1,98.0,46.85843650757735,47.8,T1_normal,-98.6782725,29.80345,115.0,-98.911216,29.689692,115.0,53.4
2956,6138,6286,1,149.0,78.95843650757728,53.0,T1_normal,-98.911216,29.689692,115.0,-98.6782725,29.80345,115.0,56.7
2957,6139,6339,1,98.0,44.84215867879104,45.8,T1_normal,-97.357996,29.844013,115.0,-97.522552,30.119949,115.0,45.4
2958,6140,6237,1,195.0,79.50045690494379,40.8,T1_normal,-97.502485,30.818633,115.0,-97.0630125,30.978365,115.0,55.0
2959,6140,6237,1,195.0,79.50045690494379,40.8,T1_normal,-97.502485,30.818633,115.0,-97.0630125,30.978365,115.0,55.0
2960,6142,6141,1,1326.0,400.59444453714264,30.2,T1_normal,-98.5093816037736,29.474642000000003,230.0,-98.5093816037736,29.474642000000003,500.0,23.9
2961,6142,6141,1,1326.0,400.59444453714264,30.2,T1_normal,-98.5093816037736,29.474642000000003,230.0,-98.5093816037736,29.474642000000003,500.0,23.9
2962,6141,6161,1,2020.0,534.1722311873102,26.4,T1_normal,-98.5093816037736,29.474642000000003,500.0,-97.97505466666668,28.59622966666667,500.0,18.8
2963,6141,6197,1,4352.0,614.8956581445234,14.1,T1_normal,-98.5093816037736,29.474642000000003,500.0,-98.5093816037736,29.474642000000003,500.0,5.7
2964,6239,6141,1,2400.0,953.6946176517644,39.7,T1_normal,-98.35335,29.282378,500.0,-98.5093816037736,29.474642000000003,500.0,20.9
2965,6143,6142,1,443.0,234.6655961695733,53.0,T1_normal,-98.5093816037736,29.474642000000003,115.0,-98.5093816037736,29.474642000000003,230.0,46.0
2966,6143,6142,1,443.0,234.6655961695733,53.0,T1_normal,-98.5093816037736,29.474642000000003,115.0,-98.5093816037736,29.474642000000003,230.0,46.0
2967,6143,6142,1,443.0,234.6655961695733,53.0,T1_normal,-98.5093816037736,29.474642000000003,115.0,-98.5093816037736,29.474642000000003,230.0,46.0
2968,6142,6162,1,443.0,24.358091302706253,5.5,T1_normal,-98.5093816037736,29.474642000000003,230.0,-97.97505466666668,28.59622966666667,230.0,6.1
2969,6142,6240,1,505.7,262.3252097778113,51.9,T1_normal,-98.5093816037736,29.474642000000003,230.0,-98.35335,29.282378,230.0,37.7
2970,6143,6250,1,181.3,126.57711406390516,69.8,T1_normal,-98.5093816037736,29.474642000000003,115.0,-98.5093816037736,29.474642000000003,115.0,59.6
2971,6143,6250,1,181.3,126.57711406390516,69.8,T1_normal,-98.5093816037736,29.474642000000003,115.0,-98.5093816037736,29.474642000000003,115.0,59.6
2972,6143,6284,1,221.0,15.53595609291616,7.0,T1_normal,-98.5093816037736,29.474642000000003,115.0,-98.5093816037736,29.474642000000003,115.0,5.4
2973,6143,6284,1,221.0,15.53595609291616,7.0,T1_normal,-98.5093816037736,29.474642000000003,115.0,-98.5093816037736,29.474642000000003,115.0,5.4
2974,6143,6312,1,250.0,116.35113579851895,46.5,T1_normal,-98.5093816037736,29.474642000000003,115.0,-98.5093816037736,29.474642000000003,115.0,41.9
2975,6312,6143,1,250.0,116.35113579851895,46.5,T1_normal,-98.5093816037736,29.474642000000003,115.0,-98.5093816037736,29.474642000000003,115.0,41.9
2976,6312,6143,1,250.0,116.35113579851895,46.5,T1_normal,-98.5093816037736,29.474642000000003,115.0,-98.5093816037736,29.474642000000003,115.0,41.9
2977,6312,6143,1,250.0,116.35113579851895,46.5,T1_normal,-98.5093816037736,29.474642000000003,115.0,-98.5093816037736,29.474642000000003,115.0,41.9
2978,6150,6356,1,221.0,29.374242338090717,13.3,T1_normal,-98.5093816037736,29.474642000000003,115.0,-98.5093816037736,29.474642000000003,115.0,9.3
2979,6150,6356,1,221.0,29.374242338090717,13.3,T1_normal,-98.5093816037736,29.474642000000003,115.0,-98.5093816037736,29.474642000000003,115.0,9.3
2980,6190,6151,1,221.0,33.95995933269642,15.4,T1_normal,-97.083825,29.5649,115.0,-96.933605,29.686278,115.0,7.3
2981,6151,6311,1,149.0,52.08467424184047,35.0,T1_normal,-96.933605,29.686278,115.0,-96.686537,29.806557,115.0,25.0
2982,6327,6151,1,150.0,11.565285090855992,7.7,T1_normal,-96.652467,29.488624,115.0,-96.933605,29.686278,115.0,5.7
2983,6153,6152,1,155.0,79.34457147777536,51.2,T1_normal,-98.5093816037736,29.474642000000003,115.0,-98.5093816037736,29.474642000000003,230.0,55.1
2984,6152,6177,1,443.0,44.27329025867319,10.0,T1_normal,-98.5093816037736,29.474642000000003,230.0,-98.5093816037736,29.474642000000003,230.0,2.5
2985,6152,6198,1,548.0,132.39608440234232,24.2,T1_normal,-98.5093816037736,29.474642000000003,230.0,-98.5093816037736,29.474642000000003,230.0,16.6
2986,6152,6240,1,383.3,153.4718129354335,40.0,T1_normal,-98.5093816037736,29.474642000000003,230.0,-98.35335,29.282378,230.0,21.4
2987,6152,6287,1,435.3,295.493782873055,67.9,T1_normal,-98.5093816037736,29.474642000000003,230.0,-98.5093816037736,29.474642000000003,230.0,46.1
2988,12610,6152,1,222.0,147.88807067932237,66.6,T1_normal,-98.5093816037736,29.474642000000003,20.0,-98.5093816037736,29.474642000000003,230.0,38.0
2989,12611,6152,1,216.2,144.3759743374921,66.8,T1_normal,-98.5093816037736,29.474642000000003,20.0,-98.5093816037736,29.474642000000003,230.0,54.4
2990,12612,6152,1,200.9,138.79172980492646,69.1,T1_normal,-98.5093816037736,29.474642000000003,20.0,-98.5093816037736,29.474642000000003,230.0,51.7
2991,6241,6153,1,221.0,43.3192560611344,19.6,T1_normal,-98.35335,29.282378,115.0,-98.5093816037736,29.474642000000003,115.0,12.3
2992,6241,6153,1,221.0,43.3192560611344,19.6,T1_normal,-98.35335,29.282378,115.0,-98.5093816037736,29.474642000000003,115.0,12.3
2993,6153,6324,1,221.0,41.03720167079761,18.6,T1_normal,-98.5093816037736,29.474642000000003,115.0,-98.5093816037736,29.474642000000003,115.0,12.5
2994,6153,6324,1,221.0,41.03720167079761,18.6,T1_normal,-98.5093816037736,29.474642000000003,115.0,-98.5093816037736,29.474642000000003,115.0,12.5
2995,6153,13418,1,119.3,123.57755756897504,103.6,T4_light,-98.5093816037736,29.474642000000003,115.0,-98.5093816037736,29.474642000000003,115.0,72.9
2996,6176,6154,1,149.0,63.53479924637675,42.6,T1_normal,-97.77508287179488,30.30416587179487,115.0,-98.134815,30.224134,115.0,43.7
2997,6252,6154,1,220.0,141.88479924637673,64.5,T1_normal,-98.359569,30.402261,115.0,-98.134815,30.224134,115.0,65.2
2998,6155,6182,1,133.8,113.52541355887578,84.8,T2_watch,-98.5093816037736,29.474642000000003,115.0,-98.5093816037736,29.474642000000003,115.0,66.5
2999,6155,6284,1,98.0,0.962694975497147,1.0,T1_normal,-98.5093816037736,29.474642000000003,115.0,-98.5093816037736,29.474642000000003,115.0,0.7
3000,6155,6284,1,113.4,11.466941008760756,10.1,T1_normal,-98.5093816037736,29.474642000000003,115.0,-98.5093816037736,29.474642000000003,115.0,6.7
3001,6155,13126,1,147.6,64.10711329705396,43.4,T1_normal,-98.5093816037736,29.474642000000003,115.0,-98.35335,29.282378,115.0,30.6
3002,6156,6212,1,175.0,83.57292043632486,47.8,T1_normal,-98.26824166666664,30.564168,115.0,-98.26824166666664,30.564168,115.0,49.9
3003,6156,6282,1,221.0,121.96092239029012,55.2,T1_normal,-98.26824166666664,30.564168,115.0,-98.112655,30.430044,115.0,70.8
3004,6158,6341,1,98.0,18.927372755126104,19.3,T1_normal,-96.189365,30.286936,115.0,-96.258442,30.1223,115.0,5.9
3005,8104,6158,1,98.0,9.067372755125902,9.3,T1_normal,-96.054766,30.369294,115.0,-96.189365,30.286936,115.0,4.2
3006,6159,6281,1,250.0,41.352363988553265,16.5,T1_normal,-98.262642,29.547068,115.0,-98.277499,29.525969,115.0,19.0
3007,6160,6175,1,221.0,69.34187924789477,31.4,T1_normal,-97.77508287179488,30.30416587179487,115.0,-97.77508287179488,30.30416587179487,115.0,20.5
3008,6160,6175,1,221.0,69.34187924789477,31.4,T1_normal,-97.77508287179488,30.30416587179487,115.0,-97.77508287179488,30.30416587179487,115.0,20.5
3009,6160,6175,1,108.5,52.99263132725489,48.8,T1_normal,-97.77508287179488,30.30416587179487,115.0,-97.77508287179488,30.30416587179487,115.0,31.9
3010,6160,6233,1,149.0,38.684127548842184,26.0,T1_normal,-97.77508287179488,30.30416587179487,115.0,-97.77508287179488,30.30416587179487,115.0,19.2
3011,6160,6233,1,102.9,38.81173230492596,37.7,T1_normal,-97.77508287179488,30.30416587179487,115.0,-97.77508287179488,30.30416587179487,115.0,27.9
3012,6160,6330,1,149.0,32.278187797778024,21.7,T1_normal,-97.77508287179488,30.30416587179487,115.0,-97.77508287179488,30.30416587179487,115.0,20.9
3013,6160,13411,1,134.0,28.495246286366704,21.3,T1_normal,-97.77508287179488,30.30416587179487,115.0,-97.516162,30.289094,115.0,16.9
3014,6162,6161,1,1132.0,359.8716923631505,31.8,T1_normal,-97.97505466666668,28.59622966666667,230.0,-97.97505466666668,28.59622966666667,500.0,22.2
3015,6164,6161,1,462.1,226.6316828789672,49.0,T1_normal,-97.97505466666668,28.59622966666667,13.8,-97.97505466666668,28.59622966666667,500.0,21.1
3016,6165,6161,1,253.7,145.72875584415948,57.4,T1_normal,-97.97505466666668,28.59622966666667,13.8,-97.97505466666668,28.59622966666667,500.0,44.2
3017,6166,6161,1,217.8,136.11579845345898,62.5,T1_normal,-97.97505466666668,28.59622966666667,13.8,-97.97505466666668,28.59622966666667,500.0,45.9
3018,6167,6161,1,225.2,149.2463193813835,66.3,T1_normal,-97.97505466666668,28.59622966666667,13.8,-97.97505466666668,28.59622966666667,500.0,58.8
3019,6161,7018,1,3146.0,712.5356644262906,22.6,T1_normal,-97.97505466666668,28.59622966666667,500.0,-97.135,28.8947,500.0,11.8
3020,6163,6162,1,184.2,101.87486072246256,55.3,T1_normal,-97.97505466666668,28.59622966666667,115.0,-97.97505466666668,28.59622966666667,230.0,55.2
3021,6162,6198,1,402.4,78.61985510193001,19.5,T1_normal,-97.97505466666668,28.59622966666667,230.0,-98.5093816037736,29.474642000000003,230.0,14.1
3022,6162,6277,1,443.0,7.849641969574694,1.8,T1_normal,-97.97505466666668,28.59622966666667,230.0,-97.807,29.875,230.0,3.1
3023,6162,6277,1,480.6,14.44356503133406,3.0,T1_normal,-97.97505466666668,28.59622966666667,230.0,-97.807,29.875,230.0,5.2
3024,6162,6279,1,443.0,158.70577334925855,35.8,T1_normal,-97.97505466666668,28.59622966666667,230.0,-97.97505466666668,28.59622966666667,230.0,30.3
3025,6280,6163,1,149.0,47.47225602187761,31.9,T1_normal,-97.97505466666668,28.59622966666667,115.0,-97.97505466666668,28.59622966666667,115.0,37.8
3026,6168,6182,1,144.1,59.56599861864831,41.3,T1_normal,-98.5093816037736,29.474642000000003,115.0,-98.5093816037736,29.474642000000003,115.0,34.6
3027,6168,6209,1,149.0,84.89216280396263,57.0,T1_normal,-98.5093816037736,29.474642000000003,115.0,-98.853494,29.501055,115.0,56.6
3028,6168,6261,1,98.0,35.51585752030988,36.2,T1_normal,-98.5093816037736,29.474642000000003,115.0,-98.618734,29.391283,115.0,38.4
3029,6170,6169,1,1108.0,207.2504704401945,18.7,T1_normal,-98.5093816037736,29.474642000000003,230.0,-98.5093816037736,29.474642000000003,500.0,11.0
3030,6169,6239,1,2020.0,146.07667563941965,7.2,T1_normal,-98.5093816037736,29.474642000000003,500.0,-98.35335,29.282378,500.0,2.6
3031,6171,6170,1,297.0,182.39136187290993,61.4,T1_normal,-98.5093816037736,29.474642000000003,115.0,-98.5093816037736,29.474642000000003,230.0,56.0
3032,6170,6235,1,548.0,134.51466047844997,24.5,T1_normal,-98.5093816037736,29.474642000000003,230.0,-98.5093816037736,29.474642000000003,230.0,22.3
3033,6170,6308,1,443.0,266.70762677553296,60.2,T1_normal,-98.5093816037736,29.474642000000003,230.0,-99.141134,29.427375,230.0,64.7
3034,6170,6334,1,443.0,124.03221611904058,28.0,T1_normal,-98.5093816037736,29.474642000000003,230.0,-98.5093816037736,29.474642000000003,230.0,27.0
3035,6236,6171,1,221.0,52.121432500246726,23.6,T1_normal,-98.5093816037736,29.474642000000003,115.0,-98.5093816037736,29.474642000000003,115.0,23.8
3036,6173,6172,1,137.0,46.813544298570406,34.2,T1_normal,-97.2968245,29.1133745,115.0,-97.2968245,29.1133745,230.0,26.6
3037,6173,6265,1,250.0,102.80452377679038,41.1,T1_normal,-97.2968245,29.1133745,115.0,-97.2968245,29.1133745,115.0,31.4
3038,7020,6173,1,120.0,66.20985931297189,55.2,T1_normal,-97.135,28.8947,115.0,-97.2968245,29.1133745,115.0,49.8
3039,6174,6203,1,221.0,77.56775400516283,35.1,T1_normal,-98.5093816037736,29.474642000000003,115.0,-98.5093816037736,29.474642000000003,115.0,30.1
3040,6174,6250,1,98.0,50.9682758495412,52.0,T1_normal,-98.5093816037736,29.474642000000003,115.0,-98.5093816037736,29.474642000000003,115.0,39.1
3041,6174,6275,1,136.0,26.36219498740644,19.4,T1_normal,-98.5093816037736,29.474642000000003,115.0,-98.5093816037736,29.474642000000003,115.0,16.4
3042,6174,6312,1,171.6,112.48799837841617,65.6,T1_normal,-98.5093816037736,29.474642000000003,115.0,-98.5093816037736,29.474642000000003,115.0,55.5
3043,6174,6312,1,171.6,112.48799837841617,65.6,T1_normal,-98.5093816037736,29.474642000000003,115.0,-98.5093816037736,29.474642000000003,115.0,55.5
3044,6174,6320,1,221.0,51.32750804709083,23.2,T1_normal,-98.5093816037736,29.474642000000003,115.0,-98.5093816037736,29.474642000000003,115.0,18.7
3045,6174,6320,1,221.0,51.32750804709083,23.2,T1_normal,-98.5093816037736,29.474642000000003,115.0,-98.5093816037736,29.474642000000003,115.0,18.7
3046,6175,6194,1,149.0,29.72840277575832,20.0,T1_normal,-97.77508287179488,30.30416587179487,115.0,-97.77508287179488,30.30416587179487,115.0,0.2
3047,6175,6289,1,98.0,48.48160954113147,49.5,T1_normal,-97.77508287179488,30.30416587179487,115.0,-97.77508287179488,30.30416587179487,115.0,23.8
3048,6175,6345,1,148.0,73.49186138521517,49.7,T1_normal,-97.77508287179488,30.30416587179487,115.0,-97.77508287179488,30.30416587179487,115.0,35.9
3049,6230,6176,1,221.0,54.158104802838736,24.5,T1_normal,-97.966164,29.880162,115.0,-97.77508287179488,30.30416587179487,115.0,39.2
3050,6178,6177,1,172.8,115.52902226615592,66.9,T1_normal,-98.5093816037736,29.474642000000003,115.0,-98.5093816037736,29.474642000000003,230.0,60.7
3051,6178,6177,1,172.8,115.52902226615592,66.9,T1_normal,-98.5093816037736,29.474642000000003,115.0,-98.5093816037736,29.474642000000003,230.0,60.7
3052,6177,6198,1,432.3,168.84172382852717,39.1,T1_normal,-98.5093816037736,29.474642000000003,230.0,-98.5093816037736,29.474642000000003,230.0,43.6
3053,6177,6235,1,523.0,30.85010056731043,5.9,T1_normal,-98.5093816037736,29.474642000000003,230.0,-98.5093816037736,29.474642000000003,230.0,4.8
3054,6177,6285,1,383.7,17.390638944494263,4.5,T1_normal,-98.5093816037736,29.474642000000003,230.0,-98.6782725,29.80345,230.0,5.8
3055,6177,6287,1,443.0,29.69524973993689,6.7,T1_normal,-98.5093816037736,29.474642000000003,230.0,-98.5093816037736,29.474642000000003,230.0,11.4
3056,6177,6299,1,548.0,21.581236288573315,3.9,T1_normal,-98.5093816037736,29.474642000000003,230.0,-98.08352933333332,29.745433666666667,230.0,3.7
3057,6177,6308,1,443.0,229.2449956945526,51.7,T1_normal,-98.5093816037736,29.474642000000003,230.0,-99.141134,29.427375,230.0,53.0
3058,6177,6308,1,443.0,229.2449956945526,51.7,T1_normal,-98.5093816037736,29.474642000000003,230.0,-99.141134,29.427375,230.0,53.0
3059,6177,6334,1,647.0,104.6598296348833,16.2,T1_normal,-98.5093816037736,29.474642000000003,230.0,-98.5093816037736,29.474642000000003,230.0,19.3
3060,6178,6209,1,149.0,69.48347037869115,46.6,T1_normal,-98.5093816037736,29.474642000000003,115.0,-98.853494,29.501055,115.0,43.0
3061,6332,6178,1,221.0,149.58158553834036,67.7,T1_normal,-98.746764,29.609914,115.0,-98.5093816037736,29.474642000000003,115.0,63.1
3062,6291,6179,1,98.0,19.97299933234231,20.4,T1_normal,-98.5093816037736,29.474642000000003,115.0,-98.5093816037736,29.474642000000003,115.0,15.9
3063,6182,6201,1,149.0,37.02975310180907,24.9,T1_normal,-98.5093816037736,29.474642000000003,115.0,-98.5093816037736,29.474642000000003,115.0,23.8
3064,6183,6206,1,98.0,108.20178505784097,110.4,T5_moderate,-96.923038,30.167624,115.0,-96.840158,30.354823,115.0,39.0
3065,6184,6185,1,98.0,13.790720239560628,14.1,T1_normal,-97.77508287179488,30.30416587179487,115.0,-97.77508287179488,30.30416587179487,115.0,6.0
3066,6184,6205,1,149.0,49.727253077760025,33.4,T1_normal,-97.77508287179488,30.30416587179487,115.0,-97.77508287179488,30.30416587179487,115.0,19.5
3067,6184,6219,1,98.0,9.803752284910328,10.0,T1_normal,-97.77508287179488,30.30416587179487,115.0,-97.77508287179488,30.30416587179487,115.0,0.0
3068,6185,6313,1,98.0,22.99057442248369,23.5,T1_normal,-97.77508287179488,30.30416587179487,115.0,-97.77508287179488,30.30416587179487,115.0,15.3
3069,6186,6187,1,221.0,76.37832879567341,34.6,T1_normal,-97.77508287179488,30.30416587179487,115.0,-97.77508287179488,30.30416587179487,115.0,38.1
3070,6186,6187,1,221.0,76.37832879567341,34.6,T1_normal,-97.77508287179488,30.30416587179487,115.0,-97.77508287179488,30.30416587179487,115.0,38.1
3071,6186,6351,1,243.0,114.23897612669514,47.0,T1_normal,-97.77508287179488,30.30416587179487,115.0,-97.77508287179488,30.30416587179487,115.0,47.0
3072,6186,6351,1,243.0,114.23897612669514,47.0,T1_normal,-97.77508287179488,30.30416587179487,115.0,-97.77508287179488,30.30416587179487,115.0,47.0
3073,6187,6207,1,133.7,21.78741005142797,16.3,T1_normal,-97.77508287179488,30.30416587179487,115.0,-97.9398515,30.5062735,115.0,27.8
3074,6187,6219,1,149.0,2.0718750675408515,1.4,T1_normal,-97.77508287179488,30.30416587179487,115.0,-97.77508287179488,30.30416587179487,115.0,11.1
3075,6187,6227,1,121.9,7.705714429440658,6.3,T1_normal,-97.77508287179488,30.30416587179487,115.0,-97.77508287179488,30.30416587179487,115.0,10.5
3076,6187,6289,1,149.0,28.280362477713084,19.0,T1_normal,-97.77508287179488,30.30416587179487,115.0,-97.77508287179488,30.30416587179487,115.0,24.4
3077,6189,6188,1,178.0,48.151483018260734,27.1,T1_normal,-96.42546,29.695979,115.0,-96.42546,29.695979,230.0,25.2
3078,6188,7305,1,460.0,148.9232990915012,32.4,T1_normal,-96.42546,29.695979,230.0,-96.087226,29.2829165,230.0,22.4
3079,6327,6189,1,98.0,19.781483018260772,20.2,T1_normal,-96.652467,29.488624,115.0,-96.42546,29.695979,115.0,16.9
3080,13110,6191,1,240.8,2.8712920648109375,1.2,T1_normal,-98.5093816037736,29.474642000000003,20.0,-98.5093816037736,29.474642000000003,115.0,0.0
3081,6193,6192,1,138.0,6.287774138493418,4.6,T1_normal,-96.676232,30.541565,115.0,-96.676232,30.541565,230.0,27.9
3082,6193,6206,1,98.0,76.90178505784102,78.5,T1_normal,-96.676232,30.541565,115.0,-96.840158,30.354823,115.0,7.1
3083,6193,6326,1,98.0,34.924010919347516,35.6,T1_normal,-96.676232,30.541565,115.0,-96.438114,30.471301,115.0,9.9
3084,6196,6194,1,149.0,16.73282428155631,11.2,T1_normal,-97.568294,29.940066,115.0,-97.77508287179488,30.30416587179487,115.0,21.8
3085,6194,6231,1,149.0,77.5188513549102,52.0,T1_normal,-97.77508287179488,30.30416587179487,115.0,-97.838012,30.078514,115.0,19.9
3086,6232,6194,1,221.0,184.3413730742693,83.4,T2_watch,-97.607312,30.150985,115.0,-97.77508287179488,30.30416587179487,115.0,48.4
3087,6195,7314,1,450.0,153.4963996399676,34.1,T1_normal,-96.451051,30.024253,115.0,-96.252942,29.987117,115.0,31.1
3088,6195,13387,1,129.4,60.20000000000003,46.5,T1_normal,-96.451051,30.024253,115.0,-96.444571,30.2627995,115.0,43.5
3089,6198,6197,1,1372.0,283.8367064027235,20.7,T1_normal,-98.5093816037736,29.474642000000003,230.0,-98.5093816037736,29.474642000000003,500.0,17.6
3090,6197,6234,1,2020.0,19.63136988903216,1.0,T1_normal,-98.5093816037736,29.474642000000003,500.0,-98.5093816037736,29.474642000000003,500.0,6.6
3091,6197,6333,1,2020.0,239.64528023249443,11.9,T1_normal,-98.5093816037736,29.474642000000003,500.0,-98.5093816037736,29.474642000000003,500.0,6.9
3092,6199,6198,1,420.0,314.29904657729287,74.8,T1_normal,-98.5093816037736,29.474642000000003,115.0,-98.5093816037736,29.474642000000003,230.0,69.4
3093,6199,6198,1,420.0,314.29904657729287,74.8,T1_normal,-98.5093816037736,29.474642000000003,115.0,-98.5093816037736,29.474642000000003,230.0,69.4
3094,6199,6198,1,420.0,314.29904657729287,74.8,T1_normal,-98.5093816037736,29.474642000000003,115.0,-98.5093816037736,29.474642000000003,230.0,69.4
3095,6198,6287,1,548.0,105.3460690026295,19.2,T1_normal,-98.5093816037736,29.474642000000003,230.0,-98.5093816037736,29.474642000000003,230.0,13.5
3096,6198,6334,1,427.6,115.083260283172,26.9,T1_normal,-98.5093816037736,29.474642000000003,230.0,-98.5093816037736,29.474642000000003,230.0,28.2
3097,6337,6199,1,221.0,137.51516992741023,62.2,T1_normal,-98.5093816037736,29.474642000000003,115.0,-98.5093816037736,29.474642000000003,115.0,56.9
3098,6337,6199,1,221.0,137.51516992741023,62.2,T1_normal,-98.5093816037736,29.474642000000003,115.0,-98.5093816037736,29.474642000000003,115.0,56.9
3099,6200,6203,1,174.0,62.93329232240055,36.2,T1_normal,-98.5093816037736,29.474642000000003,115.0,-98.5093816037736,29.474642000000003,115.0,36.0
3100,6200,6204,1,135.7,20.66266716759202,15.2,T1_normal,-98.5093816037736,29.474642000000003,115.0,-98.5093816037736,29.474642000000003,115.0,7.1
3101,6200,6225,1,98.0,62.75519892400787,64.0,T1_normal,-98.5093816037736,29.474642000000003,115.0,-98.5093816037736,29.474642000000003,115.0,53.1
3102,6200,6275,1,109.0,99.79097679910502,91.6,T3_prevent,-98.5093816037736,29.474642000000003,115.0,-98.5093816037736,29.474642000000003,115.0,71.9
3103,6200,6284,1,149.0,111.12524296796788,74.6,T1_normal,-98.5093816037736,29.474642000000003,115.0,-98.5093816037736,29.474642000000003,115.0,62.1
3104,6201,6203,1,98.0,8.992973539609839,9.2,T1_normal,-98.5093816037736,29.474642000000003,115.0,-98.5093816037736,29.474642000000003,115.0,12.1
3105,6201,6204,1,118.1,13.229270479047628,11.2,T1_normal,-98.5093816037736,29.474642000000003,115.0,-98.5093816037736,29.474642000000003,115.0,8.3
3106,6201,6323,1,133.5,48.24635626535354,36.1,T1_normal,-98.5093816037736,29.474642000000003,115.0,-98.5093816037736,29.474642000000003,115.0,25.5
3107,6201,6356,1,245.0,76.28606885328199,31.1,T1_normal,-98.5093816037736,29.474642000000003,115.0,-98.5093816037736,29.474642000000003,115.0,24.8
3108,6280,6202,1,134.0,26.91053393016567,20.1,T1_normal,-97.97505466666668,28.59622966666667,115.0,-97.785202,29.659595,115.0,39.9
3109,6340,6202,1,115.0,7.7967266971808336,6.8,T1_normal,-97.735834,29.428917,115.0,-97.785202,29.659595,115.0,18.2
3110,6204,6307,1,127.0,36.32627854959125,28.6,T1_normal,-98.5093816037736,29.474642000000003,115.0,-98.5093816037736,29.474642000000003,115.0,25.2
3111,6204,6337,1,98.0,36.7885258048096,37.5,T1_normal,-98.5093816037736,29.474642000000003,115.0,-98.5093816037736,29.474642000000003,115.0,27.5
3112,6205,6223,1,221.0,93.8092738699016,42.4,T1_normal,-97.77508287179488,30.30416587179487,115.0,-97.77508287179488,30.30416587179487,115.0,34.2
3113,6205,6223,1,221.0,93.8092738699016,42.4,T1_normal,-97.77508287179488,30.30416587179487,115.0,-97.77508287179488,30.30416587179487,115.0,34.2
3114,6207,6282,1,165.0,94.38092239029017,57.2,T1_normal,-97.9398515,30.5062735,115.0,-98.112655,30.430044,115.0,78.1
3115,6207,6313,1,221.0,19.65256280399288,8.9,T1_normal,-97.9398515,30.5062735,115.0,-97.77508287179488,30.30416587179487,115.0,15.2
3116,6207,6344,1,119.9,17.96600112666664,15.0,T1_normal,-97.9398515,30.5062735,115.0,-97.677175,30.5341255,115.0,28.9
3117,6207,6355,1,130.6,52.263162136402386,40.0,T1_normal,-97.9398515,30.5062735,115.0,-97.677175,30.5341255,115.0,51.0
3118,6331,6208,1,221.0,26.199602852021897,11.9,T1_normal,-97.77508287179488,30.30416587179487,115.0,-97.77508287179488,30.30416587179487,115.0,11.3
3119,6331,6208,1,221.0,26.199602852021897,11.9,T1_normal,-97.77508287179488,30.30416587179487,115.0,-97.77508287179488,30.30416587179487,115.0,11.3
3120,6208,6353,1,149.0,56.168027265294725,37.7,T1_normal,-97.77508287179488,30.30416587179487,115.0,-97.677175,30.5341255,115.0,66.4
3121,6309,6209,1,220.0,161.895633182654,73.6,T1_normal,-99.141134,29.427375,115.0,-98.853494,29.501055,115.0,70.9
3122,6211,6210,1,978.0,101.71346893748216,10.4,T1_normal,-98.26824166666664,30.564168,230.0,-98.26824166666664,30.564168,500.0,5.3
3123,6213,6210,1,49.1,27.0,55.0,T1_normal,-98.26824166666664,30.564168,13.8,-98.26824166666664,30.564168,500.0,54.5
3124,6214,6210,1,44.0,27.0,61.4,T1_normal,-98.26824166666664,30.564168,13.8,-98.26824166666664,30.564168,500.0,60.8
3125,6210,6292,1,2020.0,480.17093728960026,23.8,T1_normal,-98.26824166666664,30.564168,500.0,-97.522552,30.119949,500.0,30.4
3126,12613,6210,1,2700.0,544.1504314752365,20.2,T1_normal,-98.3721,30.558,500.0,-98.26824166666664,30.564168,500.0,27.0
3127,12613,6210,1,2700.0,544.1504314752365,20.2,T1_normal,-98.3721,30.558,500.0,-98.26824166666664,30.564168,500.0,27.0
3128,6212,6211,1,381.0,153.44792597188817,40.3,T1_normal,-98.26824166666664,30.564168,115.0,-98.26824166666664,30.564168,230.0,33.9
3129,6211,6359,1,443.0,51.73445703440627,11.7,T1_normal,-98.26824166666664,30.564168,230.0,-98.283025,30.800718,230.0,40.7
3130,6218,6231,1,149.0,14.890603398141078,10.0,T1_normal,-97.676772,29.871471,115.0,-97.838012,30.078514,115.0,9.7
3131,6278,6218,1,149.0,78.58939660185894,52.7,T1_normal,-97.807,29.875,115.0,-97.676772,29.871471,115.0,53.1
3132,6219,6345,1,98.0,8.78084204308216,9.0,T1_normal,-97.77508287179488,30.30416587179487,115.0,-97.77508287179488,30.30416587179487,115.0,0.7
3133,6220,6250,1,160.0,122.13395062957488,76.3,T1_normal,-98.5093816037736,29.474642000000003,115.0,-98.5093816037736,29.474642000000003,115.0,64.1
3134,6221,6322,1,98.0,34.518575641188185,35.2,T1_normal,-98.240425,28.867033,115.0,-98.080406,29.073446,115.0,28.5
3135,6223,6222,1,457.0,327.1019491914334,71.6,T1_normal,-97.77508287179488,30.30416587179487,115.0,-97.77508287179488,30.30416587179487,230.0,59.8
3136,6223,6222,1,457.0,327.1019491914334,71.6,T1_normal,-97.77508287179488,30.30416587179487,115.0,-97.77508287179488,30.30416587179487,230.0,59.8
3137,6223,6222,1,457.0,327.1019491914334,71.6,T1_normal,-97.77508287179488,30.30416587179487,115.0,-97.77508287179488,30.30416587179487,230.0,59.8
3138,6222,6229,1,548.0,70.83351333285917,12.9,T1_normal,-97.77508287179488,30.30416587179487,230.0,-97.966164,29.880162,230.0,0.4
3139,6255,6222,1,647.0,498.09855277861,77.0,T1_normal,-97.77508287179488,30.30416587179487,230.0,-97.77508287179488,30.30416587179487,230.0,41.2
3140,6222,6293,1,647.0,382.5690480365385,59.1,T1_normal,-97.77508287179488,30.30416587179487,230.0,-97.522552,30.119949,230.0,23.8
3141,6222,6354,1,443.0,35.47640692955767,8.0,T1_normal,-97.77508287179488,30.30416587179487,230.0,-97.677175,30.5341255,230.0,8.7
3142,6227,6223,1,250.0,160.55086924231966,64.2,T1_normal,-97.77508287179488,30.30416587179487,115.0,-97.77508287179488,30.30416587179487,115.0,57.5
3143,6227,6223,1,250.0,160.55086924231966,64.2,T1_normal,-97.77508287179488,30.30416587179487,115.0,-97.77508287179488,30.30416587179487,115.0,57.5
3144,6223,6278,1,131.5,16.71119612426306,12.7,T1_normal,-97.77508287179488,30.30416587179487,115.0,-97.807,29.875,115.0,9.4
3145,6224,6331,1,149.0,8.53448250685318,5.7,T1_normal,-97.77508287179488,30.30416587179487,115.0,-97.77508287179488,30.30416587179487,115.0,28.5
3146,6225,6307,1,149.0,4.436391031835818,3.0,T1_normal,-98.5093816037736,29.474642000000003,115.0,-98.5093816037736,29.474642000000003,115.0,2.9
3147,6227,6238,1,221.0,56.66114460486256,25.6,T1_normal,-97.77508287179488,30.30416587179487,115.0,-97.77508287179488,30.30416587179487,115.0,23.9
3148,6227,6238,1,221.0,56.66114460486256,25.6,T1_normal,-97.77508287179488,30.30416587179487,115.0,-97.77508287179488,30.30416587179487,115.0,23.9
3149,6227,6330,1,98.0,9.13433876323051,9.3,T1_normal,-97.77508287179488,30.30416587179487,115.0,-97.77508287179488,30.30416587179487,115.0,1.1
3150,6229,6228,1,1208.0,303.1627501262289,25.1,T1_normal,-97.966164,29.880162,230.0,-97.966164,29.880162,500.0,24.5
3151,6298,6228,1,2020.0,1013.2219217238628,50.2,T1_normal,-98.08352933333332,29.745433666666667,500.0,-97.966164,29.880162,500.0,14.6
3152,6230,6229,1,350.0,182.40040533579185,52.1,T1_normal,-97.966164,29.880162,115.0,-97.966164,29.880162,230.0,45.5
3153,6230,6229,1,350.0,182.40040533579185,52.1,T1_normal,-97.966164,29.880162,115.0,-97.966164,29.880162,230.0,45.5
3154,6229,6277,1,548.0,153.92634939190197,28.1,T1_normal,-97.966164,29.880162,230.0,-97.807,29.875,230.0,0.3
3155,6229,6299,1,457.2,163.50541675550616,35.8,T1_normal,-97.966164,29.880162,230.0,-98.08352933333332,29.745433666666667,230.0,5.8
3156,6230,6278,1,140.0,36.84051999853936,26.3,T1_normal,-97.966164,29.880162,115.0,-97.807,29.875,115.0,2.5
3157,6232,6294,1,221.0,150.01568653713466,67.9,T1_normal,-97.607312,30.150985,115.0,-97.522552,30.119949,115.0,50.4
3158,6232,6294,1,221.0,150.01568653713466,67.9,T1_normal,-97.607312,30.150985,115.0,-97.522552,30.119949,115.0,50.4
3159,6235,6234,1,1190.0,396.8644551174279,33.3,T1_normal,-98.5093816037736,29.474642000000003,230.0,-98.5093816037736,29.474642000000003,500.0,29.2
3160,6236,6235,1,406.0,233.75457814162135,57.6,T1_normal,-98.5093816037736,29.474642000000003,115.0,-98.5093816037736,29.474642000000003,230.0,54.8
3161,6236,6235,1,406.0,233.75457814162135,57.6,T1_normal,-98.5093816037736,29.474642000000003,115.0,-98.5093816037736,29.474642000000003,230.0,54.8
3162,6325,6237,1,149.0,16.9449113380741,11.4,T1_normal,-97.148898,30.852653,115.0,-97.0630125,30.978365,115.0,14.9
3163,6237,8102,1,220.0,60.09132439821565,27.3,T1_normal,-97.0630125,30.978365,115.0,-96.66368,31.09828,115.0,29.1
3164,12924,6237,1,363.8,250.0,68.7,T1_normal,-97.0630125,30.978365,20.0,-97.0630125,30.978365,115.0,64.2
3165,6237,13106,1,450.0,200.00000000000009,44.4,T1_normal,-97.0630125,30.978365,115.0,-97.0630125,30.978365,115.0,41.5
3166,6238,6345,1,98.0,37.2135631673153,38.0,T1_normal,-97.77508287179488,30.30416587179487,115.0,-97.77508287179488,30.30416587179487,115.0,37.6
3167,6240,6239,1,1194.0,346.6118680073617,29.0,T1_normal,-98.35335,29.282378,230.0,-98.35335,29.282378,500.0,18.8
3168,6242,6239,1,597.3,287.940163081218,48.2,T1_normal,-98.35335,29.282378,13.8,-98.35335,29.282378,500.0,11.7
3169,6243,6239,1,524.3,0.0,0.0,T1_normal,-98.35335,29.282378,13.8,-98.35335,29.282378,500.0,0.0
3170,6239,7414,1,2000.0,576.4322577995488,28.8,T1_normal,-98.35335,29.282378,500.0,-97.00621414285716,28.74651585714286,500.0,15.0
3171,6239,12523,1,1853.3,744.5047137729489,40.2,T1_normal,-98.35335,29.282378,500.0,-98.5093816037736,29.474642000000003,500.0,46.6
3172,6241,6240,1,300.0,45.594991179712174,15.2,T1_normal,-98.35335,29.282378,115.0,-98.35335,29.282378,230.0,15.8
3173,6241,6240,1,300.0,45.594991179712174,15.2,T1_normal,-98.35335,29.282378,115.0,-98.35335,29.282378,230.0,15.8
3174,6240,6287,1,647.0,166.11233076619777,25.7,T1_normal,-98.35335,29.282378,230.0,-98.5093816037736,29.474642000000003,230.0,16.1
3175,6240,6321,1,443.0,326.4874678315072,73.7,T1_normal,-98.35335,29.282378,230.0,-98.080406,29.073446,230.0,55.7
3176,6241,6324,1,310.0,188.3845330951516,60.8,T1_normal,-98.35335,29.282378,115.0,-98.5093816037736,29.474642000000003,115.0,51.1
3177,6241,6324,1,310.0,188.3845330951516,60.8,T1_normal,-98.35335,29.282378,115.0,-98.5093816037736,29.474642000000003,115.0,51.1
3178,6241,13126,1,109.0,86.62053642745934,79.5,T1_normal,-98.35335,29.282378,115.0,-98.35335,29.282378,115.0,57.4
3179,6253,6329,1,149.0,50.77566814066363,34.1,T1_normal,-97.428562,28.857734,115.0,-97.696944,28.871642,115.0,22.3
3180,6255,6254,1,1526.0,1715.871240710655,112.4,T5_moderate,-97.77508287179488,30.30416587179487,230.0,-97.77508287179488,30.30416587179487,500.0,67.6
3181,6257,6254,1,215.3,241.8538083910696,112.3,T5_moderate,-97.77508287179488,30.30416587179487,13.8,-97.77508287179488,30.30416587179487,500.0,54.7
3182,6258,6254,1,198.4,219.6302961947476,110.7,T5_moderate,-97.77508287179488,30.30416587179487,13.8,-97.77508287179488,30.30416587179487,500.0,45.8
3183,6259,6254,1,74.3,45.387044640554706,61.1,T1_normal,-97.77508287179488,30.30416587179487,13.8,-97.77508287179488,30.30416587179487,500.0,60.5
3184,6260,6254,1,84.9,45.387044640554706,53.5,T1_normal,-97.77508287179488,30.30416587179487,13.8,-97.77508287179488,30.30416587179487,500.0,53.0
3185,6292,6254,1,2768.0,3086.5581160050724,111.5,T5_moderate,-97.522552,30.119949,500.0,-97.77508287179488,30.30416587179487,500.0,9.8
3186,6256,6255,1,300.0,273.9673214142438,91.3,T3_prevent,-97.77508287179488,30.30416587179487,115.0,-97.77508287179488,30.30416587179487,230.0,63.8
3187,6256,6255,1,300.0,273.9673214142438,91.3,T3_prevent,-97.77508287179488,30.30416587179487,115.0,-97.77508287179488,30.30416587179487,230.0,63.8
3188,6255,6277,1,507.5,356.1053482345111,70.2,T1_normal,-97.77508287179488,30.30416587179487,230.0,-97.807,29.875,230.0,35.4
3189,6255,6293,1,442.3,66.29960555715009,15.0,T1_normal,-97.77508287179488,30.30416587179487,230.0,-97.522552,30.119949,230.0,22.0
3190,6256,6330,1,151.9,104.26172630625956,68.6,T1_normal,-97.77508287179488,30.30416587179487,115.0,-97.77508287179488,30.30416587179487,115.0,53.5
3191,6261,6307,1,129.5,11.378653783858894,8.8,T1_normal,-98.618734,29.391283,115.0,-98.5093816037736,29.474642000000003,115.0,3.7
3192,6262,6319,1,98.0,41.76872685119011,42.6,T1_normal,-97.875708,30.748955,115.0,-97.72702366666664,30.716280333333337,115.0,14.6
3193,13327,6262,1,146.7,161.1102831608124,109.8,T4_light,-97.875708,30.748955,20.0,-97.875708,30.748955,115.0,63.7
3194,6264,6263,1,292.0,36.78172315549748,12.6,T1_normal,-97.894958,28.733411,115.0,-97.894958,28.733411,230.0,9.1
3195,6321,6263,1,647.0,471.3666353333699,72.9,T1_normal,-98.080406,29.073446,230.0,-97.894958,28.733411,230.0,58.3
3196,6263,7274,1,750.0,106.4488242289837,14.2,T1_normal,-97.894958,28.733411,230.0,-97.00621414285716,28.74651585714286,230.0,22.0
3197,12858,6263,1,730.4,572.1243977947987,78.3,T1_normal,-97.8308125,28.6249795,230.0,-97.894958,28.733411,230.0,67.4
3198,6275,6324,1,221.0,235.22280493103835,106.4,T4_light,-98.5093816037736,29.474642000000003,115.0,-98.5093816037736,29.474642000000003,115.0,82.4
3199,6275,6324,1,221.0,235.22280493103835,106.4,T4_light,-98.5093816037736,29.474642000000003,115.0,-98.5093816037736,29.474642000000003,115.0,82.4
3200,6275,13126,1,120.8,82.64490778676495,68.4,T1_normal,-98.5093816037736,29.474642000000003,115.0,-98.35335,29.282378,115.0,55.4
3201,6278,6277,1,331.0,239.7211144385034,72.4,T1_normal,-97.807,29.875,115.0,-97.807,29.875,230.0,62.9
3202,6278,6330,1,119.8,5.322393962369709,4.4,T1_normal,-97.807,29.875,115.0,-97.77508287179488,30.30416587179487,115.0,7.8
3203,6280,6279,1,230.0,116.71413895414338,50.7,T1_normal,-97.97505466666668,28.59622966666667,115.0,-97.97505466666668,28.59622966666667,230.0,54.6
3204,6280,6279,1,230.0,116.71413895414338,50.7,T1_normal,-97.97505466666668,28.59622966666667,115.0,-97.97505466666668,28.59622966666667,230.0,54.6
3205,6279,6299,1,548.0,37.44136475681632,6.8,T1_normal,-97.97505466666668,28.59622966666667,230.0,-98.08352933333332,29.745433666666667,230.0,14.0
3206,6284,13126,1,139.1,134.2416949296233,96.5,T3_prevent,-98.5093816037736,29.474642000000003,115.0,-98.35335,29.282378,115.0,68.3
3207,13344,6284,1,131.0,97.128707935189,74.1,T1_normal,-98.5093816037736,29.474642000000003,20.0,-98.5093816037736,29.474642000000003,115.0,71.3
3208,6284,13418,1,140.2,120.56762819631182,86.0,T2_watch,-98.5093816037736,29.474642000000003,115.0,-98.5093816037736,29.474642000000003,115.0,71.0
3209,6286,6285,1,311.0,15.17426785473628,4.9,T1_normal,-98.6782725,29.80345,115.0,-98.6782725,29.80345,230.0,18.1
3210,6328,6286,1,98.0,0.0789499825801787,0.1,T1_normal,-98.904706,29.972312,115.0,-98.6782725,29.80345,115.0,15.4
3211,6288,6287,1,300.0,188.2715829630805,62.8,T1_normal,-98.5093816037736,29.474642000000003,115.0,-98.5093816037736,29.474642000000003,230.0,58.2
3212,6288,6287,1,300.0,188.2715829630805,62.8,T1_normal,-98.5093816037736,29.474642000000003,115.0,-98.5093816037736,29.474642000000003,230.0,58.2
3213,6287,6334,1,408.1,6.635967368147533,1.6,T1_normal,-98.5093816037736,29.474642000000003,230.0,-98.5093816037736,29.474642000000003,230.0,5.1
3214,6288,6307,1,221.0,39.607973222203086,17.9,T1_normal,-98.5093816037736,29.474642000000003,115.0,-98.5093816037736,29.474642000000003,115.0,15.3
3215,6288,6307,1,221.0,39.607973222203086,17.9,T1_normal,-98.5093816037736,29.474642000000003,115.0,-98.5093816037736,29.474642000000003,115.0,15.3
3216,6288,6307,1,143.0,47.512749194362414,33.2,T1_normal,-98.5093816037736,29.474642000000003,115.0,-98.5093816037736,29.474642000000003,115.0,28.3
3217,6288,6323,1,221.0,18.307794975460467,8.3,T1_normal,-98.5093816037736,29.474642000000003,115.0,-98.5093816037736,29.474642000000003,115.0,7.4
3218,6288,6323,1,221.0,18.307794975460467,8.3,T1_normal,-98.5093816037736,29.474642000000003,115.0,-98.5093816037736,29.474642000000003,115.0,7.4
3219,6288,6323,1,102.4,37.46986913434682,36.6,T1_normal,-98.5093816037736,29.474642000000003,115.0,-98.5093816037736,29.474642000000003,115.0,32.7
3220,6290,6331,1,221.0,79.09749143647034,35.8,T1_normal,-97.77508287179488,30.30416587179487,115.0,-97.77508287179488,30.30416587179487,115.0,39.3
3221,6290,6331,1,221.0,79.09749143647034,35.8,T1_normal,-97.77508287179488,30.30416587179487,115.0,-97.77508287179488,30.30416587179487,115.0,39.3
3222,6293,6292,1,1210.0,854.5421853467502,70.6,T1_normal,-97.522552,30.119949,230.0,-97.522552,30.119949,500.0,31.8
3223,6295,6292,1,359.9,1488.8997262665405,413.7,T7_structural,-97.522552,30.119949,13.8,-97.522552,30.119949,500.0,0.0
3224,6296,6292,1,255.1,1128.179315331056,442.2,T7_structural,-97.522552,30.119949,13.8,-97.522552,30.119949,500.0,36.8
3225,6297,6292,1,243.3,153.56810152672077,63.1,T1_normal,-97.522552,30.119949,13.8,-97.522552,30.119949,500.0,50.5
3226,6294,6293,1,335.0,202.83676587653065,60.5,T1_normal,-97.522552,30.119949,115.0,-97.522552,30.119949,230.0,48.9
3227,6294,6293,1,335.0,202.83676587653065,60.5,T1_normal,-97.522552,30.119949,115.0,-97.522552,30.119949,230.0,48.9
3228,6294,6339,1,220.0,105.6421586787911,48.0,T1_normal,-97.522552,30.119949,115.0,-97.522552,30.119949,115.0,47.9
3229,6299,6298,1,994.0,252.83658807198572,25.4,T1_normal,-98.08352933333332,29.745433666666667,230.0,-98.08352933333332,29.745433666666667,500.0,22.7
3230,6301,6298,1,303.2,189.1181660057577,62.4,T1_normal,-98.08352933333332,29.745433666666667,22.0,-98.08352933333332,29.745433666666667,500.0,39.6
3231,6302,6298,1,284.1,199.19220823833203,70.1,T1_normal,-98.08352933333332,29.745433666666667,22.0,-98.08352933333332,29.745433666666667,500.0,52.8
3232,6303,6298,1,270.8,0.0,0.0,T1_normal,-98.08352933333332,29.745433666666667,22.0,-98.08352933333332,29.745433666666667,500.0,0.0
3233,6304,6298,1,351.1,187.25010746506152,53.3,T1_normal,-98.08352933333332,29.745433666666667,22.0,-98.08352933333332,29.745433666666667,500.0,34.2
3234,6300,6299,1,181.0,49.426939837985,27.3,T1_normal,-98.08352933333332,29.745433666666667,115.0,-98.08352933333332,29.745433666666667,230.0,29.1
3235,6309,6308,1,122.4,53.60347088050128,43.8,T1_normal,-99.141134,29.427375,115.0,-99.141134,29.427375,230.0,31.3
3236,6309,6308,1,122.4,53.60347088050128,43.8,T1_normal,-99.141134,29.427375,115.0,-99.141134,29.427375,230.0,31.3
3237,6310,6312,1,221.0,83.08728168950843,37.6,T1_normal,-98.5093816037736,29.474642000000003,115.0,-98.5093816037736,29.474642000000003,115.0,32.4
3238,6310,6312,1,221.0,83.08728168950843,37.6,T1_normal,-98.5093816037736,29.474642000000003,115.0,-98.5093816037736,29.474642000000003,115.0,32.4
3239,6312,6320,1,250.0,46.33756036769796,18.5,T1_normal,-98.5093816037736,29.474642000000003,115.0,-98.5093816037736,29.474642000000003,115.0,13.6
3240,6320,6312,1,250.0,46.33756036769796,18.5,T1_normal,-98.5093816037736,29.474642000000003,115.0,-98.5093816037736,29.474642000000003,115.0,13.6
3241,6316,6315,1,251.0,32.95854329755983,13.1,T1_normal,-97.72702366666664,30.716280333333337,161.0,-97.72702366666664,30.716280333333337,230.0,24.5
3242,6343,6315,1,443.0,23.68712447782393,5.3,T1_normal,-97.677175,30.5341255,230.0,-97.72702366666664,30.716280333333337,230.0,14.6
3243,6319,6316,1,163.0,34.70127314880989,21.3,T1_normal,-97.72702366666664,30.716280333333337,115.0,-97.72702366666664,30.716280333333337,161.0,51.9
3244,6324,6320,1,250.0,271.5432313601877,108.6,T4_light,-98.5093816037736,29.474642000000003,115.0,-98.5093816037736,29.474642000000003,115.0,84.5
3245,6320,13126,1,132.0,60.81019888005734,46.1,T1_normal,-98.5093816037736,29.474642000000003,115.0,-98.35335,29.282378,115.0,37.9
3246,6322,6321,1,249.0,144.87916750186264,58.2,T1_normal,-98.080406,29.073446,115.0,-98.080406,29.073446,230.0,52.3
3247,6324,12523,1,1080.0,833.3688414677315,77.2,T1_normal,-98.5093816037736,29.474642000000003,115.0,-98.5093816037736,29.474642000000003,500.0,59.9
3248,6324,12523,1,1080.0,833.3688414677315,77.2,T1_normal,-98.5093816037736,29.474642000000003,115.0,-98.5093816037736,29.474642000000003,500.0,59.9
3249,6324,13126,1,223.1,195.58772140431185,87.7,T2_watch,-98.5093816037736,29.474642000000003,115.0,-98.35335,29.282378,115.0,64.5
3250,6324,13126,1,223.1,195.58772140431185,87.7,T2_watch,-98.5093816037736,29.474642000000003,115.0,-98.35335,29.282378,115.0,64.5
3251,8140,6326,1,98.0,19.49401091934755,19.9,T1_normal,-96.307958,30.5895815,115.0,-96.438114,30.471301,115.0,5.9
3252,6336,6328,1,98.0,3.125038070358066,3.2,T1_normal,-99.095171,29.707222,115.0,-98.904706,29.972312,115.0,1.6
3253,6334,6333,1,1094.0,167.8629786122221,15.3,T1_normal,-98.5093816037736,29.474642000000003,230.0,-98.5093816037736,29.474642000000003,500.0,12.7
3254,6335,6334,1,271.8,231.9968184262883,85.4,T2_watch,-98.5093816037736,29.474642000000003,115.0,-98.5093816037736,29.474642000000003,230.0,78.9
3255,6341,7202,1,450.0,179.53479422307694,39.9,T1_normal,-96.258442,30.1223,115.0,-96.065554,30.099931,115.0,32.1
3256,6343,6342,1,1137.0,406.8760254356551,35.8,T1_normal,-97.677175,30.5341255,230.0,-97.677175,30.5341255,500.0,31.4
3257,6344,6343,1,400.0,318.6615499842386,79.7,T1_normal,-97.677175,30.5341255,115.0,-97.677175,30.5341255,230.0,57.1
3258,6344,6343,1,400.0,318.6615499842386,79.7,T1_normal,-97.677175,30.5341255,115.0,-97.677175,30.5341255,230.0,57.1
3259,6343,6350,1,443.0,169.6869753760529,38.3,T1_normal,-97.677175,30.5341255,230.0,-97.77508287179488,30.30416587179487,230.0,27.2
3260,6343,6354,1,443.0,38.34763606412466,8.7,T1_normal,-97.677175,30.5341255,230.0,-97.677175,30.5341255,230.0,10.4
3261,6343,6354,1,394.5,44.86099880150789,11.4,T1_normal,-97.677175,30.5341255,230.0,-97.677175,30.5341255,230.0,13.7
3262,6344,6353,1,250.0,143.13238308221764,57.3,T1_normal,-97.677175,30.5341255,115.0,-97.677175,30.5341255,115.0,31.9
3263,6344,6353,1,250.0,143.13238308221764,57.3,T1_normal,-97.677175,30.5341255,115.0,-97.677175,30.5341255,115.0,31.9
3264,6344,6353,1,107.3,120.63835624137732,112.4,T5_moderate,-97.677175,30.5341255,115.0,-97.677175,30.5341255,115.0,62.7
3265,6350,6349,1,1150.0,428.1895091075141,37.2,T1_normal,-97.77508287179488,30.30416587179487,230.0,-97.77508287179488,30.30416587179487,500.0,27.4
3266,6351,6350,1,191.0,134.13962345771742,70.2,T1_normal,-97.77508287179488,30.30416587179487,115.0,-97.77508287179488,30.30416587179487,230.0,66.0
3267,6351,6350,1,191.0,134.13962345771742,70.2,T1_normal,-97.77508287179488,30.30416587179487,115.0,-97.77508287179488,30.30416587179487,230.0,66.0
3268,6350,6359,1,443.0,193.24755181968848,43.6,T1_normal,-97.77508287179488,30.30416587179487,230.0,-98.283025,30.800718,230.0,72.6
3269,6355,6354,1,193.8,149.55551998326655,77.2,T1_normal,-97.677175,30.5341255,115.0,-97.677175,30.5341255,230.0,62.5
3270,6355,6354,1,193.8,149.55551998326655,77.2,T1_normal,-97.677175,30.5341255,115.0,-97.677175,30.5341255,230.0,62.5
3271,6360,6359,1,136.0,93.75027362981623,68.9,T1_normal,-98.283025,30.800718,115.0,-98.283025,30.800718,230.0,45.1
3272,12656,6359,1,384.7,169.3661412419554,44.0,T1_normal,-99.1872,31.5481,230.0,-98.283025,30.800718,230.0,73.2
3273,12656,6359,1,384.7,169.3661412419554,44.0,T1_normal,-99.1872,31.5481,230.0,-98.283025,30.800718,230.0,73.2
3274,7044,7001,1,111.0,68.19056605051846,61.4,T1_normal,-97.00621414285716,28.74651585714286,115.0,-96.889623,28.83905,115.0,58.4
3275,7149,7001,1,98.0,6.646191375986499,6.8,T1_normal,-96.794157,28.695562,115.0,-96.889623,28.83905,115.0,3.2
3276,7001,7337,1,133.0,78.34857944915936,58.9,T1_normal,-96.889623,28.83905,115.0,-96.689715,29.042415,115.0,55.6
3277,7001,12942,1,149.7,26.1642047746272,17.5,T1_normal,-96.889623,28.83905,115.0,-97.00621414285716,28.74651585714286,115.0,14.5
3278,7003,7002,1,1299.0,358.5472218855653,27.6,T1_normal,-95.1431518,29.6833732,230.0,-95.1431518,29.6833732,500.0,26.6
3279,7005,7002,1,266.9,150.39866544067007,56.4,T1_normal,-95.1431518,29.6833732,13.8,-95.1431518,29.6833732,500.0,42.7
3280,7006,7002,1,219.0,0.0,0.0,T1_normal,-95.1431518,29.6833732,13.8,-95.1431518,29.6833732,500.0,0.0
3281,7007,7002,1,241.9,151.60559615346773,62.7,T1_normal,-95.1431518,29.6833732,13.8,-95.1431518,29.6833732,500.0,50.5
3282,7008,7002,1,203.0,0.0,0.0,T1_normal,-95.1431518,29.6833732,13.8,-95.1431518,29.6833732,500.0,0.0
3283,7009,7002,1,104.8,0.0,0.0,T1_normal,-95.1431518,29.6833732,13.8,-95.1431518,29.6833732,500.0,0.0
3284,7104,7002,1,3146.0,386.6294723504325,12.3,T1_normal,-95.134508,29.713414,500.0,-95.1431518,29.6833732,500.0,10.7
3285,7002,7227,1,3146.0,266.4799454454325,8.5,T1_normal,-95.1431518,29.6833732,500.0,-95.41128715217393,29.77727818478261,500.0,8.1
3286,7002,7366,1,2020.0,23.77961751568023,1.2,T1_normal,-95.1431518,29.6833732,500.0,-95.069071,29.842662,500.0,0.1
3287,7002,7400,1,2138.1,164.95148665096053,7.7,T1_normal,-95.1431518,29.6833732,500.0,-95.41128715217393,29.77727818478261,500.0,8.7
3288,7002,12862,1,2348.3,35.5206180611404,1.5,T1_normal,-95.1431518,29.6833732,500.0,-95.435068,29.364128,500.0,0.4
3289,7004,7003,1,386.0,160.73173719105256,41.6,T1_normal,-95.1431518,29.6833732,115.0,-95.1431518,29.6833732,230.0,39.8
3290,7004,7003,1,386.0,160.73173719105256,41.6,T1_normal,-95.1431518,29.6833732,115.0,-95.1431518,29.6833732,230.0,39.8
3291,7004,7003,1,386.0,160.73173719105256,41.6,T1_normal,-95.1431518,29.6833732,115.0,-95.1431518,29.6833732,230.0,39.8
3292,7003,7264,1,523.0,123.64798968759096,23.6,T1_normal,-95.1431518,29.6833732,230.0,-95.1431518,29.6833732,230.0,22.2
3293,7004,7075,1,250.0,109.30823104824796,43.7,T1_normal,-95.1431518,29.6833732,115.0,-95.41128715217393,29.77727818478261,115.0,41.4
3294,7075,7004,1,250.0,109.30823104824796,43.7,T1_normal,-95.41128715217393,29.77727818478261,115.0,-95.1431518,29.6833732,115.0,41.4
3295,7075,7004,1,250.0,109.30823104824796,43.7,T1_normal,-95.41128715217393,29.77727818478261,115.0,-95.1431518,29.6833732,115.0,41.4
3296,7004,7103,1,191.8,23.145745020901742,12.1,T1_normal,-95.1431518,29.6833732,115.0,-95.41128715217393,29.77727818478261,115.0,8.7
3297,7004,7106,1,221.0,48.880256487895934,22.1,T1_normal,-95.1431518,29.6833732,115.0,-95.134508,29.713414,115.0,20.4
3298,7004,7106,1,221.0,48.880256487895934,22.1,T1_normal,-95.1431518,29.6833732,115.0,-95.134508,29.713414,115.0,20.4
3299,7004,7106,1,221.0,48.880256487895934,22.1,T1_normal,-95.1431518,29.6833732,115.0,-95.134508,29.713414,115.0,20.4
3300,7004,7106,1,221.0,48.880256487895934,22.1,T1_normal,-95.1431518,29.6833732,115.0,-95.134508,29.713414,115.0,20.4
3301,7004,7345,1,221.0,20.855013158056934,9.4,T1_normal,-95.1431518,29.6833732,115.0,-95.41128715217393,29.77727818478261,115.0,7.8
3302,7004,7345,1,221.0,20.855013158056934,9.4,T1_normal,-95.1431518,29.6833732,115.0,-95.41128715217393,29.77727818478261,115.0,7.8
3303,7004,7345,1,221.0,20.855013158056934,9.4,T1_normal,-95.1431518,29.6833732,115.0,-95.41128715217393,29.77727818478261,115.0,7.8
3304,7004,7403,1,134.1,42.16075988491994,31.4,T1_normal,-95.1431518,29.6833732,115.0,-95.1431518,29.6833732,115.0,30.8
3305,7010,7182,1,98.0,97.0261410124393,99.0,T3_prevent,-95.990493,30.086834,115.0,-96.012215,29.792687,115.0,39.8
3306,7010,7202,1,220.0,113.94479422307704,51.8,T1_normal,-95.990493,30.086834,115.0,-96.065554,30.099931,115.0,35.8
3307,7233,7010,1,220.0,195.32093523551524,88.8,T2_watch,-95.932264,30.079593,115.0,-95.990493,30.086834,115.0,46.4
3308,7254,7011,1,149.0,82.51639625512581,55.4,T1_normal,-95.41198228571427,30.277086714285712,115.0,-95.41198228571427,30.277086714285712,115.0,64.2
3309,7011,7300,1,149.0,45.526396255126045,30.6,T1_normal,-95.41198228571427,30.277086714285712,115.0,-95.41198228571427,30.277086714285712,115.0,39.4
3310,7012,7116,1,221.0,7.847974832730742,3.6,T1_normal,-95.95226,29.687606,115.0,-96.076894,29.631324,115.0,5.7
3311,7012,7182,1,139.9,3.2465243739171257,2.3,T1_normal,-95.95226,29.687606,115.0,-96.012215,29.792687,115.0,15.9
3312,7343,7012,1,221.0,23.9897315031536,10.9,T1_normal,-95.7842315,29.79427175,115.0,-95.95226,29.687606,115.0,14.0
3313,7012,13101,1,149.3,18.01211535490097,12.1,T1_normal,-95.95226,29.687606,115.0,-95.733244,29.47971475,115.0,7.4
3314,7012,13101,1,149.3,18.01211535490097,12.1,T1_normal,-95.95226,29.687606,115.0,-95.733244,29.47971475,115.0,7.4
3315,7013,7118,1,125.2,28.686242453991007,22.9,T1_normal,-95.41128715217393,29.77727818478261,115.0,-95.47181825,30.112047375,115.0,4.9
3316,7013,7201,1,221.0,105.46042827987137,47.7,T1_normal,-95.41128715217393,29.77727818478261,115.0,-95.708537,29.9660525,115.0,37.7
3317,7013,7201,1,221.0,105.46042827987137,47.7,T1_normal,-95.41128715217393,29.77727818478261,115.0,-95.708537,29.9660525,115.0,37.7
3318,7013,7421,1,135.4,56.53505967462937,41.8,T1_normal,-95.41128715217393,29.77727818478261,115.0,-95.698237,30.1865575,115.0,5.3
3319,7013,7425,1,221.0,33.15883832887643,15.0,T1_normal,-95.41128715217393,29.77727818478261,115.0,-95.41128715217393,29.77727818478261,115.0,18.9
3320,7014,7100,1,221.0,43.01815100130568,19.5,T1_normal,-95.41128715217393,29.77727818478261,115.0,-95.41128715217393,29.77727818478261,115.0,16.3
3321,7014,7100,1,221.0,43.01815100130568,19.5,T1_normal,-95.41128715217393,29.77727818478261,115.0,-95.41128715217393,29.77727818478261,115.0,16.3
3322,7014,7124,1,98.0,19.58826215357856,20.0,T1_normal,-95.41128715217393,29.77727818478261,115.0,-95.41128715217393,29.77727818478261,115.0,15.4
3323,7014,7217,1,221.0,24.41434999921306,11.0,T1_normal,-95.41128715217393,29.77727818478261,115.0,-95.41128715217393,29.77727818478261,115.0,10.1
3324,7014,7381,1,111.8,18.84740445569122,16.9,T1_normal,-95.41128715217393,29.77727818478261,115.0,-95.41128715217393,29.77727818478261,115.0,14.3
3325,7014,13358,1,133.9,8.910391308941001,6.7,T1_normal,-95.41128715217393,29.77727818478261,115.0,-95.41128715217393,29.77727818478261,115.0,7.9
3326,7016,7365,1,221.0,170.94797101007285,77.4,T1_normal,-95.41128715217393,29.77727818478261,115.0,-95.41128715217393,29.77727818478261,115.0,73.3
3327,7016,7365,1,221.0,170.94797101007285,77.4,T1_normal,-95.41128715217393,29.77727818478261,115.0,-95.41128715217393,29.77727818478261,115.0,73.3
3328,7016,7365,1,221.0,170.94797101007285,77.4,T1_normal,-95.41128715217393,29.77727818478261,115.0,-95.41128715217393,29.77727818478261,115.0,73.3
3329,7016,7365,1,221.0,170.94797101007285,77.4,T1_normal,-95.41128715217393,29.77727818478261,115.0,-95.41128715217393,29.77727818478261,115.0,73.3
3330,7016,7368,1,221.0,0.1331427201009205,0.1,T1_normal,-95.41128715217393,29.77727818478261,115.0,-95.069071,29.842662,115.0,1.9
3331,7368,7016,1,221.0,0.1331427201009205,0.1,T1_normal,-95.069071,29.842662,115.0,-95.41128715217393,29.77727818478261,115.0,1.9
3332,7368,7016,1,221.0,0.1331427201009205,0.1,T1_normal,-95.069071,29.842662,115.0,-95.41128715217393,29.77727818478261,115.0,1.9
3333,7016,7402,1,221.0,8.753718145529277,4.0,T1_normal,-95.41128715217393,29.77727818478261,115.0,-95.41128715217393,29.77727818478261,115.0,3.8
3334,7016,7402,1,221.0,8.753718145529277,4.0,T1_normal,-95.41128715217393,29.77727818478261,115.0,-95.41128715217393,29.77727818478261,115.0,3.8
3335,7016,12648,1,673.0,394.019110299579,58.5,T1_normal,-95.41128715217393,29.77727818478261,115.0,-95.41128715217393,29.77727818478261,500.0,56.0
3336,7016,12648,1,673.0,394.019110299579,58.5,T1_normal,-95.41128715217393,29.77727818478261,115.0,-95.41128715217393,29.77727818478261,500.0,56.0
3337,7089,7017,1,221.0,36.56301633807608,16.5,T1_normal,-95.41128715217393,29.77727818478261,115.0,-95.41128715217393,29.77727818478261,115.0,14.7
3338,7017,7183,1,221.0,13.119184233290149,5.9,T1_normal,-95.41128715217393,29.77727818478261,115.0,-95.41128715217393,29.77727818478261,115.0,1.9
3339,7017,7229,1,221.0,100.3180280367209,45.4,T1_normal,-95.41128715217393,29.77727818478261,115.0,-95.41128715217393,29.77727818478261,115.0,41.6
3340,7017,7229,1,221.0,100.3180280367209,45.4,T1_normal,-95.41128715217393,29.77727818478261,115.0,-95.41128715217393,29.77727818478261,115.0,41.6
3341,7017,7229,1,221.0,100.3180280367209,45.4,T1_normal,-95.41128715217393,29.77727818478261,115.0,-95.41128715217393,29.77727818478261,115.0,41.6
3342,7017,7241,1,149.0,54.182146966630995,36.4,T1_normal,-95.41128715217393,29.77727818478261,115.0,-95.41128715217393,29.77727818478261,115.0,37.0
3343,7017,7385,1,221.0,41.86712118303468,18.9,T1_normal,-95.41128715217393,29.77727818478261,115.0,-95.41128715217393,29.77727818478261,115.0,15.8
3344,7017,7385,1,221.0,41.86712118303468,18.9,T1_normal,-95.41128715217393,29.77727818478261,115.0,-95.41128715217393,29.77727818478261,115.0,15.8
3345,7017,7395,1,108.8,16.019338337553535,14.7,T1_normal,-95.41128715217393,29.77727818478261,115.0,-95.41128715217393,29.77727818478261,115.0,19.3
3346,7019,7018,1,383.0,56.22922416592886,14.7,T1_normal,-97.135,28.8947,230.0,-97.135,28.8947,500.0,8.3
3347,7021,7018,1,71.8,0.0,0.0,T1_normal,-97.135,28.8947,18.0,-97.135,28.8947,500.0,0.0
3348,7022,7018,1,84.6,0.0,0.0,T1_normal,-97.135,28.8947,18.0,-97.135,28.8947,500.0,0.0
3349,7023,7018,1,69.0,0.0,0.0,T1_normal,-97.135,28.8947,18.0,-97.135,28.8947,500.0,0.0
3350,7024,7018,1,55.6,37.0,66.5,T1_normal,-97.135,28.8947,18.0,-97.135,28.8947,500.0,63.0
3351,7042,7018,1,2020.0,305.6546312337907,15.1,T1_normal,-97.00621414285716,28.74651585714286,500.0,-97.135,28.8947,500.0,16.4
3352,7018,7414,1,2295.0,362.4841727926798,15.8,T1_normal,-97.135,28.8947,500.0,-97.00621414285716,28.74651585714286,500.0,14.0
3353,12565,7018,1,2211.0,977.0811680237592,44.2,T1_normal,-97.214167,28.7128,500.0,-97.135,28.8947,500.0,37.9
3354,12565,7018,1,2211.0,977.0811680237592,44.2,T1_normal,-97.214167,28.7128,500.0,-97.135,28.8947,500.0,37.9
3355,7020,7019,1,244.0,106.97198316274373,43.8,T1_normal,-97.135,28.8947,115.0,-97.135,28.8947,230.0,41.0
3356,7043,7019,1,443.0,38.4772212404362,8.7,T1_normal,-97.00621414285716,28.74651585714286,230.0,-97.135,28.8947,230.0,5.7
3357,7019,7274,1,443.0,201.67842856910875,45.5,T1_normal,-97.135,28.8947,230.0,-97.00621414285716,28.74651585714286,230.0,35.5
3358,7020,12942,1,178.5,17.408938075114165,9.8,T1_normal,-97.135,28.8947,115.0,-97.00621414285716,28.74651585714286,115.0,9.9
3359,7020,12942,1,178.5,17.408938075114165,9.8,T1_normal,-97.135,28.8947,115.0,-97.00621414285716,28.74651585714286,115.0,9.9
3360,7026,7072,1,221.0,51.442583269734854,23.3,T1_normal,-94.98483,29.49233,115.0,-95.031051,29.456766,115.0,25.0
3361,7026,7072,1,221.0,51.442583269734854,23.3,T1_normal,-94.98483,29.49233,115.0,-95.031051,29.456766,115.0,25.0
3362,7026,7259,1,221.0,162.33968408388623,73.5,T1_normal,-94.98483,29.49233,115.0,-95.41128715217393,29.77727818478261,115.0,72.6
3363,7273,7026,1,221.0,11.399646131106422,5.2,T1_normal,-94.945159,29.3895056,115.0,-94.98483,29.49233,115.0,5.0
3364,7273,7026,1,221.0,11.399646131106422,5.2,T1_normal,-94.945159,29.3895056,115.0,-94.98483,29.49233,115.0,5.0
3365,7026,12761,1,600.0,285.8155583611442,47.6,T1_normal,-94.98483,29.49233,115.0,-94.98483,29.49233,500.0,48.7
3366,7027,7143,1,127.0,79.4770366690102,62.6,T1_normal,-95.47181825,30.112047375,115.0,-95.189761,30.161219,115.0,63.8
3367,7027,7157,1,221.0,126.45699223680396,57.2,T1_normal,-95.47181825,30.112047375,115.0,-95.47181825,30.112047375,115.0,53.7
3368,7027,7157,1,221.0,126.45699223680396,57.2,T1_normal,-95.47181825,30.112047375,115.0,-95.47181825,30.112047375,115.0,53.7
3369,7027,7234,1,149.0,68.56376458983,46.0,T1_normal,-95.47181825,30.112047375,115.0,-95.297121,30.106685,115.0,46.9
3370,7027,7234,1,148.0,75.8201465942065,51.2,T1_normal,-95.47181825,30.112047375,115.0,-95.297121,30.106685,115.0,52.2
3371,7027,7245,1,149.0,2.5309660881845275,1.7,T1_normal,-95.47181825,30.112047375,115.0,-95.41128715217393,29.77727818478261,115.0,1.2
3372,7027,7431,1,149.0,32.38852627436941,21.7,T1_normal,-95.47181825,30.112047375,115.0,-95.41198228571427,30.277086714285712,115.0,26.9
3373,7027,7431,1,121.0,47.18666532968214,39.0,T1_normal,-95.47181825,30.112047375,115.0,-95.41198228571427,30.277086714285712,115.0,48.2
3374,7028,7101,1,135.1,24.634739978647424,18.2,T1_normal,-95.41128715217393,29.77727818478261,115.0,-95.41128715217393,29.77727818478261,115.0,16.4
3375,7028,7147,1,300.0,135.9295847926674,45.3,T1_normal,-95.41128715217393,29.77727818478261,115.0,-95.41128715217393,29.77727818478261,115.0,39.3
3376,7147,7028,1,300.0,135.9295847926674,45.3,T1_normal,-95.41128715217393,29.77727818478261,115.0,-95.41128715217393,29.77727818478261,115.0,39.3
3377,7028,7220,1,221.0,4.214548650739047,1.9,T1_normal,-95.41128715217393,29.77727818478261,115.0,-95.41128715217393,29.77727818478261,115.0,0.6
3378,7028,7240,1,221.0,103.82422534819966,47.0,T1_normal,-95.41128715217393,29.77727818478261,115.0,-95.41128715217393,29.77727818478261,115.0,41.0
3379,7028,7330,1,221.0,58.74155189899781,26.6,T1_normal,-95.41128715217393,29.77727818478261,115.0,-95.41128715217393,29.77727818478261,115.0,21.3
3380,7030,7029,1,126.6,64.63968795603435,51.1,T1_normal,-96.70457766666668,28.589903333333336,115.0,-96.70457766666668,28.589903333333336,230.0,45.2
3381,7031,7029,1,47.7,29.999999999999993,62.9,T1_normal,-96.70457766666668,28.589903333333336,13.8,-96.70457766666668,28.589903333333336,230.0,61.5
3382,7032,7029,1,50.4,30.0,59.5,T1_normal,-96.70457766666668,28.589903333333336,13.8,-96.70457766666668,28.589903333333336,230.0,57.8
3383,7033,7029,1,59.1,30.0,50.8,T1_normal,-96.70457766666668,28.589903333333336,13.8,-96.70457766666668,28.589903333333336,230.0,49.3
3384,7034,7029,1,28.3,15.0,53.0,T1_normal,-96.70457766666668,28.589903333333336,13.8,-96.70457766666668,28.589903333333336,230.0,50.0
3385,7274,7029,1,443.0,107.48471656487064,24.3,T1_normal,-97.00621414285716,28.74651585714286,230.0,-96.70457766666668,28.589903333333336,230.0,16.2
3386,7029,7407,1,443.0,246.59415970328968,55.7,T1_normal,-96.70457766666668,28.589903333333336,230.0,-96.542544,28.663349333333333,230.0,47.9
3387,7415,7029,1,443.0,72.53024481761562,16.4,T1_normal,-97.00621414285716,28.74651585714286,230.0,-96.70457766666668,28.589903333333336,230.0,13.2
3388,7036,7035,1,368.0,188.6842900796001,51.3,T1_normal,-95.41198228571427,30.277086714285712,115.0,-95.41198228571427,30.277086714285712,230.0,53.7
3389,7036,7035,1,368.0,188.6842900796001,51.3,T1_normal,-95.41198228571427,30.277086714285712,115.0,-95.41198228571427,30.277086714285712,230.0,53.7
3390,7040,7035,1,523.0,50.40771505645587,9.6,T1_normal,-94.921994,30.054436,230.0,-95.41198228571427,30.277086714285712,230.0,15.5
3391,7056,7035,1,443.0,97.50347361447318,22.0,T1_normal,-95.47181825,30.112047375,230.0,-95.41198228571427,30.277086714285712,230.0,32.4
3392,7035,7390,1,548.0,216.3661868800162,39.5,T1_normal,-95.41198228571427,30.277086714285712,230.0,-95.442636,30.453487000000003,230.0,45.5
3393,7035,8031,1,803.0,308.9135819501103,38.5,T1_normal,-95.41198228571427,30.277086714285712,230.0,-95.973798,30.65991,230.0,46.1
3394,7036,7128,1,149.0,27.45381912370206,18.4,T1_normal,-95.41198228571427,30.277086714285712,115.0,-95.41198228571427,30.277086714285712,115.0,23.9
3395,7431,7036,1,261.0,129.4111996414518,49.6,T1_normal,-95.41198228571427,30.277086714285712,115.0,-95.41198228571427,30.277086714285712,115.0,54.6
3396,7431,7036,1,261.0,129.4111996414518,49.6,T1_normal,-95.41198228571427,30.277086714285712,115.0,-95.41198228571427,30.277086714285712,115.0,54.6
3397,7038,7037,1,1055.0,406.54040054280574,38.5,T1_normal,-95.64513933333336,29.591588,230.0,-95.64513933333336,29.591588,500.0,36.5
3398,7047,7037,1,2020.0,541.4950041196562,26.8,T1_normal,-95.7842315,29.79427175,500.0,-95.64513933333336,29.591588,500.0,27.9
3399,7037,7428,1,2768.0,108.05220906210238,3.9,T1_normal,-95.64513933333336,29.591588,500.0,-95.3629605,28.98485425,500.0,3.4
3400,7037,12742,1,2330.4,26.354449309263828,1.1,T1_normal,-95.64513933333336,29.591588,500.0,-95.41128715217393,29.77727818478261,500.0,3.6
3401,7039,7038,1,420.0,294.71780579740033,70.2,T1_normal,-95.64513933333336,29.591588,115.0,-95.64513933333336,29.591588,230.0,64.1
3402,7039,7038,1,420.0,294.71780579740033,70.2,T1_normal,-95.64513933333336,29.591588,115.0,-95.64513933333336,29.591588,230.0,64.1
3403,7126,7038,1,750.0,108.55266608718424,14.5,T1_normal,-95.64513933333336,29.591588,230.0,-95.64513933333336,29.591588,230.0,9.1
3404,7126,7038,1,750.0,108.55266608718424,14.5,T1_normal,-95.64513933333336,29.591588,230.0,-95.64513933333336,29.591588,230.0,9.1
3405,7038,7184,1,647.0,176.1997624035427,27.2,T1_normal,-95.64513933333336,29.591588,230.0,-95.567913,29.5403555,230.0,21.8
3406,7409,7038,1,750.0,105.0789143656928,14.0,T1_normal,-95.7842315,29.79427175,230.0,-95.64513933333336,29.591588,230.0,8.3
3407,7409,7038,1,750.0,105.0789143656928,14.0,T1_normal,-95.7842315,29.79427175,230.0,-95.64513933333336,29.591588,230.0,8.3
3408,7039,7049,1,213.8,67.17218890065944,31.4,T1_normal,-95.64513933333336,29.591588,115.0,-95.7842315,29.79427175,115.0,19.6
3409,7039,7101,1,221.0,127.3603220938675,57.6,T1_normal,-95.64513933333336,29.591588,115.0,-95.41128715217393,29.77727818478261,115.0,52.0
3410,7039,7101,1,221.0,127.3603220938675,57.6,T1_normal,-95.64513933333336,29.591588,115.0,-95.41128715217393,29.77727818478261,115.0,52.0
3411,7039,7101,1,221.0,127.3603220938675,57.6,T1_normal,-95.64513933333336,29.591588,115.0,-95.41128715217393,29.77727818478261,115.0,52.0
3412,7039,7397,1,240.0,95.4435709847152,39.8,T1_normal,-95.64513933333336,29.591588,115.0,-95.80023,29.56318,115.0,34.9
3413,7041,7040,1,337.0,143.8540286399661,42.7,T1_normal,-94.921994,30.054436,115.0,-94.921994,30.054436,230.0,42.2
3414,7041,7040,1,337.0,143.8540286399661,42.7,T1_normal,-94.921994,30.054436,115.0,-94.921994,30.054436,230.0,42.2
3415,7040,7077,1,750.0,118.65017111173836,15.8,T1_normal,-94.921994,30.054436,230.0,-94.9321116,29.75354,230.0,13.6
3416,7040,7077,1,750.0,118.65017111173836,15.8,T1_normal,-94.921994,30.054436,230.0,-94.9321116,29.75354,230.0,13.6
3417,7041,7238,1,149.0,33.84344859530639,22.7,T1_normal,-94.921994,30.054436,115.0,-94.609877,30.042956500000003,115.0,23.7
3418,7041,7394,1,221.0,79.99230434231386,36.2,T1_normal,-94.921994,30.054436,115.0,-95.040827,30.009659,115.0,35.1
3419,7394,7041,1,221.0,79.99230434231386,36.2,T1_normal,-95.040827,30.009659,115.0,-94.921994,30.054436,115.0,35.1
3420,7043,7042,1,1048.0,289.930225603382,27.7,T1_normal,-97.00621414285716,28.74651585714286,230.0,-97.00621414285716,28.74651585714286,500.0,19.5
3421,7045,7042,1,226.4,0.002312138728322,0.0,T1_normal,-97.00621414285716,28.74651585714286,20.0,-97.00621414285716,28.74651585714286,500.0,0.0
3422,7046,7042,1,142.9,0.002312138728322,0.0,T1_normal,-97.00621414285716,28.74651585714286,20.0,-97.00621414285716,28.74651585714286,500.0,0.0
3423,7058,7042,1,2295.0,595.5224290915083,25.9,T1_normal,-96.542544,28.663349333333333,500.0,-97.00621414285716,28.74651585714286,500.0,23.3
3424,7044,7043,1,167.0,23.924385233402855,14.3,T1_normal,-97.00621414285716,28.74651585714286,115.0,-97.00621414285716,28.74651585714286,230.0,13.4
3425,7044,7416,1,98.0,47.73236968310023,48.7,T1_normal,-97.00621414285716,28.74651585714286,115.0,-97.00621414285716,28.74651585714286,115.0,48.6
3426,7044,13356,1,191.2,181.4671059317032,94.9,T3_prevent,-97.00621414285716,28.74651585714286,115.0,-97.00621414285716,28.74651585714286,115.0,94.0
3427,7048,7047,1,1125.0,797.3581775855429,70.9,T1_normal,-95.7842315,29.79427175,230.0,-95.7842315,29.79427175,500.0,63.9
3428,7199,7047,1,2020.0,409.3750418967119,20.3,T1_normal,-95.708537,29.9660525,500.0,-95.7842315,29.79427175,500.0,22.6
3429,7047,12691,1,2063.1,246.6885982604822,12.0,T1_normal,-95.7842315,29.79427175,500.0,-95.745,29.0728,500.0,10.1
3430,7047,12880,1,2335.1,696.7546578270777,29.8,T1_normal,-95.7842315,29.79427175,500.0,-96.020566,29.225064,500.0,26.5
3431,7049,7048,1,466.0,347.66872268204594,74.6,T1_normal,-95.7842315,29.79427175,115.0,-95.7842315,29.79427175,230.0,65.9
3432,7049,7048,1,466.0,347.66872268204594,74.6,T1_normal,-95.7842315,29.79427175,115.0,-95.7842315,29.79427175,230.0,65.9
3433,7228,7048,1,548.0,266.2430893701952,48.6,T1_normal,-95.41128715217393,29.77727818478261,230.0,-95.7842315,29.79427175,230.0,43.0
3434,7342,7048,1,548.0,170.64631063710962,31.1,T1_normal,-95.7842315,29.79427175,230.0,-95.7842315,29.79427175,230.0,23.9
3435,7049,7089,1,221.0,53.54742949727651,24.2,T1_normal,-95.7842315,29.79427175,115.0,-95.41128715217393,29.77727818478261,115.0,25.1
3436,7049,7229,1,171.0,103.01898196361849,60.2,T1_normal,-95.7842315,29.79427175,115.0,-95.41128715217393,29.77727818478261,115.0,46.8
3437,7315,7049,1,221.0,103.32640332896936,46.8,T1_normal,-95.7842315,29.79427175,115.0,-95.7842315,29.79427175,115.0,27.4
3438,7315,7049,1,221.0,103.32640332896936,46.8,T1_normal,-95.7842315,29.79427175,115.0,-95.7842315,29.79427175,115.0,27.4
3439,7315,7049,1,221.0,103.32640332896936,46.8,T1_normal,-95.7842315,29.79427175,115.0,-95.7842315,29.79427175,115.0,27.4
3440,7050,7090,1,221.0,115.86126758642692,52.4,T1_normal,-95.698237,30.1865575,115.0,-95.669154,30.160534,115.0,19.9
3441,7050,7090,1,221.0,115.86126758642692,52.4,T1_normal,-95.698237,30.1865575,115.0,-95.669154,30.160534,115.0,19.9
3442,7050,7251,1,149.0,63.44297505719929,42.6,T1_normal,-95.698237,30.1865575,115.0,-95.833733,30.047619,115.0,4.2
3443,7050,7251,1,132.5,96.24956011565332,72.6,T1_normal,-95.698237,30.1865575,115.0,-95.833733,30.047619,115.0,7.2
3444,7051,7067,1,143.1,62.259392089179144,43.5,T1_normal,-95.41128715217393,29.77727818478261,115.0,-95.41128715217393,29.77727818478261,115.0,40.5
3445,7051,7086,1,149.0,23.595979443908632,15.8,T1_normal,-95.41128715217393,29.77727818478261,115.0,-95.41128715217393,29.77727818478261,115.0,12.4
3446,7051,7181,1,98.0,8.159477145961347,8.3,T1_normal,-95.41128715217393,29.77727818478261,115.0,-95.41128715217393,29.77727818478261,115.0,5.0
3447,7276,7051,1,221.0,3.787985226733781,1.7,T1_normal,-95.41128715217393,29.77727818478261,115.0,-95.41128715217393,29.77727818478261,115.0,0.8
3448,7051,7365,1,221.0,128.65509916882303,58.2,T1_normal,-95.41128715217393,29.77727818478261,115.0,-95.41128715217393,29.77727818478261,115.0,55.6
3449,7051,7365,1,221.0,128.65509916882303,58.2,T1_normal,-95.41128715217393,29.77727818478261,115.0,-95.41128715217393,29.77727818478261,115.0,55.6
3450,7051,7385,1,108.0,3.0520927629174466,2.8,T1_normal,-95.41128715217393,29.77727818478261,115.0,-95.41128715217393,29.77727818478261,115.0,3.3
3451,7052,7053,1,221.0,79.953476216415,36.2,T1_normal,-95.567913,29.5403555,115.0,-95.733244,29.47971475,115.0,32.2
3452,7052,7053,1,221.0,79.953476216415,36.2,T1_normal,-95.567913,29.5403555,115.0,-95.733244,29.47971475,115.0,32.2
3453,7052,7053,1,221.0,79.953476216415,36.2,T1_normal,-95.567913,29.5403555,115.0,-95.733244,29.47971475,115.0,32.2
3454,7052,7183,1,221.0,76.05547653673187,34.4,T1_normal,-95.567913,29.5403555,115.0,-95.41128715217393,29.77727818478261,115.0,30.6
3455,7052,7221,1,149.0,32.29732093417255,21.7,T1_normal,-95.567913,29.5403555,115.0,-95.41128715217393,29.77727818478261,115.0,18.8
3456,7052,7248,1,104.6,72.2731970560007,69.1,T1_normal,-95.567913,29.5403555,115.0,-95.41128715217393,29.77727818478261,115.0,60.7
3457,7052,7256,1,221.0,79.61728078730808,36.0,T1_normal,-95.567913,29.5403555,115.0,-95.41128715217393,29.77727818478261,115.0,33.6
3458,7256,7052,1,221.0,79.61728078730808,36.0,T1_normal,-95.41128715217393,29.77727818478261,115.0,-95.567913,29.5403555,115.0,33.6
3459,7052,7417,1,132.7,111.80899569695876,84.3,T2_watch,-95.567913,29.5403555,115.0,-95.41128715217393,29.77727818478261,115.0,72.5
3460,7053,7087,1,205.1,109.79639664398952,53.5,T1_normal,-95.733244,29.47971475,115.0,-95.64513933333336,29.591588,115.0,48.1
3461,7053,7127,1,137.8,4.347086670563272,3.2,T1_normal,-95.733244,29.47971475,115.0,-95.64513933333336,29.591588,115.0,6.4
3462,7053,7185,1,139.0,14.929283499819237,10.7,T1_normal,-95.733244,29.47971475,115.0,-95.567913,29.5403555,115.0,4.9
3463,7053,7348,1,250.0,21.589142268186738,8.6,T1_normal,-95.733244,29.47971475,115.0,-95.6326335,29.479039,115.0,7.2
3464,7053,7348,1,250.0,21.589142268186738,8.6,T1_normal,-95.733244,29.47971475,115.0,-95.6326335,29.479039,115.0,7.2
3465,7053,7348,1,250.0,21.589142268186738,8.6,T1_normal,-95.733244,29.47971475,115.0,-95.6326335,29.479039,115.0,7.2
3466,7053,7348,1,253.0,169.18792198729875,66.9,T1_normal,-95.733244,29.47971475,115.0,-95.6326335,29.479039,115.0,55.4
3467,7053,12596,1,600.0,273.5800510141516,45.6,T1_normal,-95.733244,29.47971475,115.0,-95.733244,29.47971475,500.0,49.2
3468,7053,13378,1,130.9,23.54922865794435,18.0,T1_normal,-95.733244,29.47971475,115.0,-95.6326335,29.479039,115.0,13.0
3469,7054,7086,1,98.0,20.434681072222105,20.9,T1_normal,-95.41128715217393,29.77727818478261,115.0,-95.41128715217393,29.77727818478261,115.0,16.6
3470,7054,7173,1,120.9,76.69956706452669,63.4,T1_normal,-95.41128715217393,29.77727818478261,115.0,-95.1894825,30.049941,115.0,64.3
3471,7243,7054,1,221.0,124.42690460970134,56.3,T1_normal,-98.1803245,31.84167,115.0,-95.41128715217393,29.77727818478261,115.0,52.1
3472,7054,7387,1,150.0,105.5352252879878,70.4,T1_normal,-95.41128715217393,29.77727818478261,115.0,-95.231858,30.0059,115.0,72.6
3473,7054,13358,1,130.2,65.2264076808251,50.1,T1_normal,-95.41128715217393,29.77727818478261,115.0,-95.41128715217393,29.77727818478261,115.0,57.0
3474,7055,7124,1,221.0,66.18273175452885,29.9,T1_normal,-95.41128715217393,29.77727818478261,115.0,-95.41128715217393,29.77727818478261,115.0,27.3
3475,7055,7124,1,221.0,66.18273175452885,29.9,T1_normal,-95.41128715217393,29.77727818478261,115.0,-95.41128715217393,29.77727818478261,115.0,27.3
3476,7188,7055,1,221.0,133.1318147973171,60.2,T1_normal,-95.41128715217393,29.77727818478261,115.0,-95.41128715217393,29.77727818478261,115.0,54.2
3477,7188,7055,1,221.0,133.1318147973171,60.2,T1_normal,-95.41128715217393,29.77727818478261,115.0,-95.41128715217393,29.77727818478261,115.0,54.2
3478,7188,7055,1,221.0,133.1318147973171,60.2,T1_normal,-95.41128715217393,29.77727818478261,115.0,-95.41128715217393,29.77727818478261,115.0,54.2
3479,7188,7055,1,221.0,133.1318147973171,60.2,T1_normal,-95.41128715217393,29.77727818478261,115.0,-95.41128715217393,29.77727818478261,115.0,54.2
3480,7250,7055,1,250.0,60.394379415212285,24.2,T1_normal,-95.41128715217393,29.77727818478261,115.0,-95.41128715217393,29.77727818478261,115.0,20.1
3481,7250,7055,1,250.0,60.394379415212285,24.2,T1_normal,-95.41128715217393,29.77727818478261,115.0,-95.41128715217393,29.77727818478261,115.0,20.1
3482,7055,7382,1,195.6,135.8298358395544,69.4,T1_normal,-95.41128715217393,29.77727818478261,115.0,-95.41128715217393,29.77727818478261,115.0,64.3
3483,7057,7056,1,377.0,185.75474480443148,49.3,T1_normal,-95.47181825,30.112047375,115.0,-95.47181825,30.112047375,230.0,49.3
3484,7056,7156,1,443.0,65.4105166965735,14.8,T1_normal,-95.47181825,30.112047375,230.0,-95.47181825,30.112047375,230.0,22.6
3485,7056,7160,1,750.0,200.89831523724905,26.8,T1_normal,-95.47181825,30.112047375,230.0,-95.41128715217393,29.77727818478261,230.0,18.0
3486,7056,7420,1,443.0,43.35813872512304,9.8,T1_normal,-95.47181825,30.112047375,230.0,-95.698237,30.1865575,230.0,1.7
3487,7215,7057,1,221.0,6.912224754182716,3.1,T1_normal,-95.47181825,30.112047375,115.0,-95.47181825,30.112047375,115.0,2.6
3488,7215,7057,1,221.0,6.912224754182716,3.1,T1_normal,-95.47181825,30.112047375,115.0,-95.47181825,30.112047375,115.0,2.6
3489,7059,7058,1,605.0,100.3338814508954,16.6,T1_normal,-96.542544,28.663349333333333,230.0,-96.542544,28.663349333333333,500.0,14.0
3490,7061,7058,1,159.8,0.0,0.0,T1_normal,-96.542544,28.663349333333333,13.8,-96.542544,28.663349333333333,500.0,0.0
3491,7062,7058,1,129.1,0.0,0.0,T1_normal,-96.542544,28.663349333333333,13.8,-96.542544,28.663349333333333,500.0,0.0
3492,7063,7058,1,116.8,0.0,0.0,T1_normal,-96.542544,28.663349333333333,13.8,-96.542544,28.663349333333333,500.0,0.0
3493,7064,7058,1,100.4,0.0,0.0,T1_normal,-96.542544,28.663349333333333,13.8,-96.542544,28.663349333333333,500.0,0.0
3494,7065,7058,1,104.4,0.0,0.0,T1_normal,-96.542544,28.663349333333333,13.8,-96.542544,28.663349333333333,500.0,0.0
3495,7066,7058,1,92.5,0.0,0.0,T1_normal,-96.542544,28.663349333333333,13.8,-96.542544,28.663349333333333,500.0,0.0
3496,7058,7095,1,2295.0,109.59677200925915,4.8,T1_normal,-96.542544,28.663349333333333,500.0,-96.0481,28.795,500.0,4.4
3497,7406,7058,1,2020.0,704.7595385331448,34.9,T1_normal,-96.542544,28.663349333333333,500.0,-96.542544,28.663349333333333,500.0,31.3
3498,12542,7058,1,121.7,0.0,0.0,T1_normal,-96.542544,28.663349333333333,13.8,-96.542544,28.663349333333333,500.0,0.0
3499,12543,7058,1,119.0,0.0,0.0,T1_normal,-96.542544,28.663349333333333,13.8,-96.542544,28.663349333333333,500.0,0.0
3500,7060,7059,1,188.0,17.49541843231812,9.3,T1_normal,-96.542544,28.663349333333333,115.0,-96.542544,28.663349333333333,230.0,7.5
3501,7059,7407,1,443.0,82.83846301857736,18.7,T1_normal,-96.542544,28.663349333333333,230.0,-96.542544,28.663349333333333,230.0,16.0
3502,7129,7060,1,172.0,127.2594429741932,74.0,T1_normal,-96.556418,28.852327,115.0,-96.542544,28.663349333333333,115.0,67.7
3503,7060,7408,1,113.5,5.240213622691492,4.6,T1_normal,-96.542544,28.663349333333333,115.0,-96.542544,28.663349333333333,115.0,2.4
3504,7060,13122,1,216.0,116.80578787716928,54.1,T1_normal,-96.542544,28.663349333333333,115.0,-96.70457766666668,28.589903333333336,115.0,49.9
3505,7060,13355,1,127.6,22.708859906650947,17.8,T1_normal,-96.542544,28.663349333333333,115.0,-96.542544,28.663349333333333,115.0,15.6
3506,7067,7148,1,154.0,110.02188726615074,71.4,T1_normal,-95.41128715217393,29.77727818478261,115.0,-95.41128715217393,29.77727818478261,115.0,69.4
3507,7067,7245,1,98.0,21.123173622748048,21.6,T1_normal,-95.41128715217393,29.77727818478261,115.0,-95.41128715217393,29.77727818478261,115.0,23.7
3508,7067,7291,1,134.0,63.51493779339421,47.4,T1_normal,-95.41128715217393,29.77727818478261,115.0,-95.231858,30.0059,115.0,49.0
3509,7067,7344,1,98.0,18.147642183114243,18.5,T1_normal,-95.41128715217393,29.77727818478261,115.0,-95.41128715217393,29.77727818478261,115.0,17.2
3510,7067,7394,1,117.0,10.983956357567235,9.4,T1_normal,-95.41128715217393,29.77727818478261,115.0,-95.040827,30.009659,115.0,12.1
3511,7069,7068,1,145.8,74.95409032899482,51.4,T1_normal,-96.2086544,29.0561128,115.0,-96.2086544,29.0561128,230.0,48.0
3512,7305,7068,1,548.0,74.9540903289951,13.7,T1_normal,-96.087226,29.2829165,230.0,-96.2086544,29.0561128,230.0,12.8
3513,12635,7068,1,616.3,0.0,0.0,T1_normal,-96.2086544,29.0561128,20.0,-96.2086544,29.0561128,230.0,0.0
3514,7069,7413,1,149.0,26.205909671005134,17.6,T1_normal,-96.2086544,29.0561128,115.0,-96.087226,29.2829165,115.0,20.9
3515,7070,7100,1,221.0,15.674500021375335,7.1,T1_normal,-95.41128715217393,29.77727818478261,115.0,-95.41128715217393,29.77727818478261,115.0,9.2
3516,7070,7257,1,98.0,74.88594433034876,76.4,T1_normal,-95.41128715217393,29.77727818478261,115.0,-95.3149035,29.5534395,115.0,66.7
3517,7070,7259,1,122.9,3.15237099899619,2.6,T1_normal,-95.41128715217393,29.77727818478261,115.0,-95.41128715217393,29.77727818478261,115.0,0.6
3518,7070,7317,1,221.0,51.29868774638329,23.2,T1_normal,-95.41128715217393,29.77727818478261,115.0,-95.192133,29.515074,115.0,18.5
3519,7070,7398,1,149.0,18.119783151282576,12.2,T1_normal,-95.41128715217393,29.77727818478261,115.0,-95.1431518,29.6833732,115.0,11.8
3520,7070,7398,1,131.3,19.58845671698768,14.9,T1_normal,-95.41128715217393,29.77727818478261,115.0,-95.1431518,29.6833732,115.0,14.5
3521,7070,7403,1,118.7,11.894679779387651,10.0,T1_normal,-95.41128715217393,29.77727818478261,115.0,-95.1431518,29.6833732,115.0,9.9
3522,7071,7123,1,221.0,25.656682546653983,11.6,T1_normal,-96.491788,28.444644,115.0,-96.574173,28.429626,115.0,10.3
3523,7408,7071,1,221.0,31.376682546653967,14.2,T1_normal,-96.542544,28.663349333333333,115.0,-96.491788,28.444644,115.0,12.9
3524,7072,7084,1,221.0,74.39457640215963,33.7,T1_normal,-95.031051,29.456766,115.0,-95.08195,29.50069,115.0,36.7
3525,7072,7084,1,221.0,74.39457640215963,33.7,T1_normal,-95.031051,29.456766,115.0,-95.08195,29.50069,115.0,36.7
3526,7072,7232,1,186.2,60.543661645381874,32.5,T1_normal,-95.031051,29.456766,115.0,-94.943829,29.378697,115.0,33.6
3527,7072,7232,1,186.2,60.543661645381874,32.5,T1_normal,-95.031051,29.456766,115.0,-94.943829,29.378697,115.0,33.6
3528,7072,13408,1,195.9,41.236662974088745,21.0,T1_normal,-95.031051,29.456766,115.0,-94.945159,29.3895056,115.0,21.7
3529,7074,7073,1,185.0,111.9253481346874,60.5,T1_normal,-94.84457,29.28062966666667,115.0,-94.84457,29.28062966666667,230.0,59.3
3530,7171,7073,1,443.0,111.60608495691876,25.2,T1_normal,-94.945159,29.3895056,230.0,-94.84457,29.28062966666667,230.0,24.6
3531,7205,7073,1,548.0,0.3192631777693577,0.1,T1_normal,-94.9321116,29.75354,230.0,-94.84457,29.28062966666667,230.0,0.2
3532,7405,7074,1,149.0,20.71465186531221,13.9,T1_normal,-94.84457,29.28062966666667,115.0,-94.84457,29.28062966666667,115.0,15.4
3533,7075,7387,1,221.0,48.853091499312114,22.1,T1_normal,-95.41128715217393,29.77727818478261,115.0,-95.231858,30.0059,115.0,20.3
3534,7075,7387,1,221.0,48.853091499312114,22.1,T1_normal,-95.41128715217393,29.77727818478261,115.0,-95.231858,30.0059,115.0,20.3
3535,7075,7398,1,221.0,4.900566028549136,2.2,T1_normal,-95.41128715217393,29.77727818478261,115.0,-95.1431518,29.6833732,115.0,2.8
3536,7075,7398,1,221.0,4.900566028549136,2.2,T1_normal,-95.41128715217393,29.77727818478261,115.0,-95.1431518,29.6833732,115.0,2.8
3537,7075,7403,1,111.2,26.54215370736779,23.9,T1_normal,-95.41128715217393,29.77727818478261,115.0,-95.1431518,29.6833732,115.0,20.5
3538,12933,7075,1,129.4,2.06316539308391,1.6,T1_normal,-95.41128715217393,29.77727818478261,20.0,-95.41128715217393,29.77727818478261,115.0,0.0
3539,12934,7075,1,127.4,2.0631653930837324,1.6,T1_normal,-95.41128715217393,29.77727818478261,20.0,-95.41128715217393,29.77727818478261,115.0,0.0
3540,7077,7076,1,1233.0,408.32173876668065,33.1,T1_normal,-94.9321116,29.75354,230.0,-94.9321116,29.75354,500.0,30.7
3541,7079,7076,1,1008.6,0.0,0.0,T1_normal,-94.9321116,29.75354,13.8,-94.9321116,29.75354,500.0,0.0
3542,7080,7076,1,917.6,0.0,0.0,T1_normal,-94.9321116,29.75354,13.8,-94.9321116,29.75354,500.0,0.0
3543,7204,7076,1,2020.0,47.609008282876175,2.4,T1_normal,-94.9321116,29.75354,500.0,-94.9321116,29.75354,500.0,0.3
3544,7076,7422,1,2020.0,31.275207160611274,1.5,T1_normal,-94.9321116,29.75354,500.0,-95.21873266666668,29.305820666666666,500.0,0.1
3545,7076,12743,1,2419.1,329.4375233231847,13.6,T1_normal,-94.9321116,29.75354,500.0,-95.069071,29.842662,500.0,15.3
3546,7078,7077,1,220.0,151.8584014167523,69.0,T1_normal,-94.9321116,29.75354,115.0,-94.9321116,29.75354,230.0,68.4
3547,7077,7282,1,523.0,19.16299512645523,3.7,T1_normal,-94.9321116,29.75354,230.0,-94.9321116,29.75354,230.0,4.7
3548,7206,7078,1,149.0,64.48448239937434,43.3,T1_normal,-94.9321116,29.75354,115.0,-94.9321116,29.75354,115.0,42.2
3549,7078,7279,1,221.0,45.243568005293966,20.5,T1_normal,-94.9321116,29.75354,115.0,-94.9019,29.7731,115.0,20.2
3550,7078,7279,1,221.0,45.243568005293966,20.5,T1_normal,-94.9321116,29.75354,115.0,-94.9019,29.7731,115.0,20.2
3551,7078,7283,1,220.0,149.00014586442012,67.7,T1_normal,-94.9321116,29.75354,115.0,-94.9321116,29.75354,115.0,67.0
3552,7078,13253,1,112.9,23.144398058895987,20.5,T1_normal,-94.9321116,29.75354,115.0,-94.9321116,29.75354,115.0,20.7
3553,7084,7083,1,355.0,32.97542359784025,9.3,T1_normal,-95.08195,29.50069,115.0,-95.08195,29.50069,230.0,7.4
3554,7084,7083,1,355.0,32.97542359784025,9.3,T1_normal,-95.08195,29.50069,115.0,-95.08195,29.50069,230.0,7.4
3555,7083,7105,1,548.0,40.4804840835471,7.4,T1_normal,-95.08195,29.50069,230.0,-95.134508,29.713414,230.0,6.3
3556,7083,7171,1,548.0,59.61277534797098,10.9,T1_normal,-95.08195,29.50069,230.0,-94.945159,29.3895056,230.0,12.1
3557,7083,7184,1,443.0,154.10415514994912,34.8,T1_normal,-95.08195,29.50069,230.0,-95.567913,29.5403555,230.0,27.5
3558,7083,7264,1,647.0,59.03472955625162,9.1,T1_normal,-95.08195,29.50069,230.0,-95.1431518,29.6833732,230.0,7.3
3559,7423,7083,1,443.0,48.25086966244285,10.9,T1_normal,-95.21873266666668,29.305820666666666,230.0,-95.08195,29.50069,230.0,12.2
3560,13347,7083,1,121.2,0.0,0.0,T1_normal,-95.08195,29.50069,20.0,-95.08195,29.50069,230.0,0.0
3561,7085,7244,1,221.0,27.03552815759087,12.2,T1_normal,-95.2783065,29.276466,115.0,-95.31001,29.45566,115.0,11.2
3562,7085,7244,1,221.0,27.03552815759087,12.2,T1_normal,-95.2783065,29.276466,115.0,-95.31001,29.45566,115.0,11.2
3563,7412,7085,1,221.0,49.80031801295048,22.5,T1_normal,-95.295533,29.281605,115.0,-95.2783065,29.276466,115.0,22.2
3564,7412,7085,1,221.0,49.80031801295048,22.5,T1_normal,-95.295533,29.281605,115.0,-95.2783065,29.276466,115.0,22.2
3565,7085,12749,1,600.0,123.05303152958088,20.5,T1_normal,-95.2783065,29.276466,115.0,-95.2783065,29.276466,500.0,18.2
3566,7085,12982,1,128.4,0.0799688547864718,0.1,T1_normal,-95.2783065,29.276466,115.0,-95.42685,29.295201,115.0,2.6
3567,7085,13152,1,155.0,25.769720767629867,16.6,T1_normal,-95.2783065,29.276466,115.0,-94.945159,29.3895056,115.0,7.1
3568,7085,13287,1,127.9,24.089847243597617,18.8,T1_normal,-95.2783065,29.276466,115.0,-95.21873266666668,29.305820666666666,115.0,17.5
3569,7085,13406,1,110.8,36.318565480744525,32.8,T1_normal,-95.2783065,29.276466,115.0,-95.21873266666668,29.305820666666666,115.0,30.7
3570,7086,7222,1,149.0,19.51258073958506,13.1,T1_normal,-95.41128715217393,29.77727818478261,115.0,-95.41128715217393,29.77727818478261,115.0,12.7
3571,7086,7333,1,130.8,105.25113065757168,80.5,T2_watch,-95.41128715217393,29.77727818478261,115.0,-95.1431518,29.6833732,115.0,71.8
3572,7086,7419,1,221.0,17.87265580418591,8.1,T1_normal,-95.41128715217393,29.77727818478261,115.0,-95.062261,29.713119,115.0,5.9
3573,7086,7419,1,221.0,17.87265580418591,8.1,T1_normal,-95.41128715217393,29.77727818478261,115.0,-95.062261,29.713119,115.0,5.9
3574,7087,7127,1,250.0,131.0922387284606,52.4,T1_normal,-95.64513933333336,29.591588,115.0,-95.64513933333336,29.591588,115.0,46.5
3575,7087,7127,1,250.0,131.0922387284606,52.4,T1_normal,-95.64513933333336,29.591588,115.0,-95.64513933333336,29.591588,115.0,46.5
3576,7087,7127,1,250.0,131.0922387284606,52.4,T1_normal,-95.64513933333336,29.591588,115.0,-95.64513933333336,29.591588,115.0,46.5
3577,7087,7127,1,250.0,131.0922387284606,52.4,T1_normal,-95.64513933333336,29.591588,115.0,-95.64513933333336,29.591588,115.0,46.5
3578,7087,7127,1,250.0,131.0922387284606,52.4,T1_normal,-95.64513933333336,29.591588,115.0,-95.64513933333336,29.591588,115.0,46.5
3579,7087,7127,1,250.0,131.0922387284606,52.4,T1_normal,-95.64513933333336,29.591588,115.0,-95.64513933333336,29.591588,115.0,46.5
3580,7087,7127,1,250.0,131.0922387284606,52.4,T1_normal,-95.64513933333336,29.591588,115.0,-95.64513933333336,29.591588,115.0,46.5
3581,7087,7127,1,250.0,131.0922387284606,52.4,T1_normal,-95.64513933333336,29.591588,115.0,-95.64513933333336,29.591588,115.0,46.5
3582,7087,7127,1,250.0,131.0922387284606,52.4,T1_normal,-95.64513933333336,29.591588,115.0,-95.64513933333336,29.591588,115.0,46.5
3583,7087,7221,1,250.0,134.07013398425,53.6,T1_normal,-95.64513933333336,29.591588,115.0,-95.41128715217393,29.77727818478261,115.0,47.0
3584,7087,7221,1,250.0,134.07013398425,53.6,T1_normal,-95.64513933333336,29.591588,115.0,-95.41128715217393,29.77727818478261,115.0,47.0
3585,7087,7221,1,250.0,134.07013398425,53.6,T1_normal,-95.64513933333336,29.591588,115.0,-95.41128715217393,29.77727818478261,115.0,47.0
3586,7087,7336,1,250.0,77.21011253031449,30.9,T1_normal,-95.64513933333336,29.591588,115.0,-95.567968,29.62431,115.0,27.2
3587,7087,7336,1,250.0,77.21011253031449,30.9,T1_normal,-95.64513933333336,29.591588,115.0,-95.567968,29.62431,115.0,27.2
3588,7087,7336,1,250.0,77.21011253031449,30.9,T1_normal,-95.64513933333336,29.591588,115.0,-95.567968,29.62431,115.0,27.2
3589,7087,7336,1,250.0,77.21011253031449,30.9,T1_normal,-95.64513933333336,29.591588,115.0,-95.567968,29.62431,115.0,27.2
3590,7087,7336,1,250.0,77.21011253031449,30.9,T1_normal,-95.64513933333336,29.591588,115.0,-95.567968,29.62431,115.0,27.2
3591,7087,7336,1,200.0,131.81651773285807,65.9,T1_normal,-95.64513933333336,29.591588,115.0,-95.567968,29.62431,115.0,58.0
3592,7087,7336,1,200.0,131.81651773285807,65.9,T1_normal,-95.64513933333336,29.591588,115.0,-95.567968,29.62431,115.0,58.0
3593,7087,7336,1,200.0,131.81651773285807,65.9,T1_normal,-95.64513933333336,29.591588,115.0,-95.567968,29.62431,115.0,58.0
3594,7088,7116,1,149.0,18.40705995548495,12.4,T1_normal,-95.733244,29.47971475,115.0,-96.076894,29.631324,115.0,12.2
3595,7088,7120,1,120.6,86.76473195820992,71.9,T1_normal,-95.733244,29.47971475,115.0,-95.41128715217393,29.77727818478261,115.0,63.8
3596,7088,7127,1,134.0,58.682777240204054,43.8,T1_normal,-95.733244,29.47971475,115.0,-95.64513933333336,29.591588,115.0,37.4
3597,7088,7147,1,149.0,26.975807145168584,18.1,T1_normal,-95.733244,29.47971475,115.0,-95.41128715217393,29.77727818478261,115.0,16.6
3598,7088,7182,1,102.4,24.117343256188484,23.6,T1_normal,-95.733244,29.47971475,115.0,-96.012215,29.792687,115.0,34.6
3599,7237,7088,1,200.0,200.07335865150097,100.0,T4_light,-95.98036,29.560311,115.0,-95.733244,29.47971475,115.0,92.8
3600,7089,7385,1,120.5,5.460628394017419,4.5,T1_normal,-95.41128715217393,29.77727818478261,115.0,-95.41128715217393,29.77727818478261,115.0,2.6
3601,7089,7388,1,149.0,12.998619481483686,8.7,T1_normal,-95.41128715217393,29.77727818478261,115.0,-95.41128715217393,29.77727818478261,115.0,9.7
3602,7089,7427,1,221.0,10.28200305038176,4.7,T1_normal,-95.41128715217393,29.77727818478261,115.0,-95.41128715217393,29.77727818478261,115.0,0.2
3603,7090,7421,1,221.0,125.00626758642674,56.6,T1_normal,-95.669154,30.160534,115.0,-95.698237,30.1865575,115.0,24.0
3604,7090,7421,1,221.0,125.00626758642674,56.6,T1_normal,-95.669154,30.160534,115.0,-95.698237,30.1865575,115.0,24.0
3605,7091,7127,1,183.4,157.7427887978568,86.0,T2_watch,-95.3149035,29.5534395,115.0,-95.64513933333336,29.591588,115.0,78.6
3606,7091,7226,1,221.0,44.419131432472625,20.1,T1_normal,-95.3149035,29.5534395,115.0,-95.41128715217393,29.77727818478261,115.0,22.8
3607,7091,7240,1,112.5,58.555250316807594,52.0,T1_normal,-95.3149035,29.5534395,115.0,-95.41128715217393,29.77727818478261,115.0,53.4
3608,7091,7259,1,221.0,28.89662898172656,13.1,T1_normal,-95.3149035,29.5534395,115.0,-95.41128715217393,29.77727818478261,115.0,14.9
3609,7091,7259,1,221.0,28.89662898172656,13.1,T1_normal,-95.3149035,29.5534395,115.0,-95.41128715217393,29.77727818478261,115.0,14.9
3610,7091,7418,1,98.0,65.2895714894079,66.6,T1_normal,-95.3149035,29.5534395,115.0,-95.41128715217393,29.77727818478261,115.0,64.9
3611,7092,7152,1,100.6,38.568909112998995,38.3,T1_normal,-95.41128715217393,29.77727818478261,115.0,-95.41128715217393,29.77727818478261,115.0,34.1
3612,7092,7216,1,119.0,87.03194402201717,73.1,T1_normal,-95.41128715217393,29.77727818478261,115.0,-95.41128715217393,29.77727818478261,115.0,67.0
3613,7092,7250,1,149.0,32.365333628073856,21.7,T1_normal,-95.41128715217393,29.77727818478261,115.0,-95.41128715217393,29.77727818478261,115.0,17.7
3614,7092,7258,1,149.0,22.793177178777313,15.3,T1_normal,-95.41128715217393,29.77727818478261,115.0,-95.41128715217393,29.77727818478261,115.0,13.4
3615,7092,7258,1,132.4,50.388706598694455,38.1,T1_normal,-95.41128715217393,29.77727818478261,115.0,-95.41128715217393,29.77727818478261,115.0,33.5
3616,7092,7330,1,149.0,20.714250269507065,13.9,T1_normal,-95.41128715217393,29.77727818478261,115.0,-95.41128715217393,29.77727818478261,115.0,15.4
3617,7092,7384,1,110.0,93.2728189587266,84.8,T2_watch,-95.41128715217393,29.77727818478261,115.0,-95.41128715217393,29.77727818478261,115.0,76.1
3618,7092,7399,1,138.2,2.6288829193759966,1.9,T1_normal,-95.41128715217393,29.77727818478261,115.0,-95.41128715217393,29.77727818478261,115.0,2.2
3619,7221,7093,1,221.0,111.50508989107664,50.5,T1_normal,-95.41128715217393,29.77727818478261,115.0,-95.41128715217393,29.77727818478261,115.0,40.3
3620,7221,7093,1,221.0,111.50508989107664,50.5,T1_normal,-95.41128715217393,29.77727818478261,115.0,-95.41128715217393,29.77727818478261,115.0,40.3
3621,7093,7225,1,149.0,60.756064894254,40.8,T1_normal,-95.41128715217393,29.77727818478261,115.0,-95.41128715217393,29.77727818478261,115.0,24.3
3622,7241,7093,1,98.0,68.31972886777535,69.7,T1_normal,-95.41128715217393,29.77727818478261,115.0,-95.41128715217393,29.77727818478261,115.0,60.3
3623,7093,7258,1,98.0,27.07881499011293,27.6,T1_normal,-95.41128715217393,29.77727818478261,115.0,-95.41128715217393,29.77727818478261,115.0,27.0
3624,7094,7276,1,221.0,2.6639099967219693,1.2,T1_normal,-95.41128715217393,29.77727818478261,115.0,-95.41128715217393,29.77727818478261,115.0,1.9
3625,7094,7298,1,148.5,6.907187241007051,4.7,T1_normal,-95.41128715217393,29.77727818478261,115.0,-95.41128715217393,29.77727818478261,115.0,5.4
3626,7094,7388,1,98.0,19.27708155070249,19.7,T1_normal,-95.41128715217393,29.77727818478261,115.0,-95.41128715217393,29.77727818478261,115.0,24.3
3627,7094,7395,1,171.7,117.40137979866743,68.4,T1_normal,-95.41128715217393,29.77727818478261,115.0,-95.41128715217393,29.77727818478261,115.0,65.6
3628,7096,7095,1,846.0,506.9540172771085,59.9,T1_normal,-96.0481,28.795,230.0,-96.0481,28.795,500.0,52.9
3629,7098,7095,1,1828.8,1224.5372360461135,67.0,T1_normal,-96.0481,28.795,13.8,-96.0481,28.795,500.0,60.1
3630,7099,7095,1,1858.1,1212.0835124417692,65.2,T1_normal,-96.0481,28.795,13.8,-96.0481,28.795,500.0,59.2
3631,7304,7095,1,2020.0,1166.045498298402,57.7,T1_normal,-96.087226,29.2829165,500.0,-96.0481,28.795,500.0,53.4
3632,7095,12640,1,2295.3,873.2180049216311,38.0,T1_normal,-96.0481,28.795,500.0,-96.2086544,29.0561128,500.0,33.8
3633,7097,7096,1,200.0,60.840889336497696,30.4,T1_normal,-96.0481,28.795,115.0,-96.0481,28.795,230.0,28.1
3634,7261,7096,1,579.0,446.1131279406107,77.0,T1_normal,-95.92298475,28.92553375,230.0,-96.0481,28.795,230.0,67.6
3635,7097,7153,1,221.0,14.046682546654,6.4,T1_normal,-96.0481,28.795,115.0,-96.189925,28.623423,115.0,4.0
3636,7097,13426,1,199.3,74.88757188315178,37.6,T1_normal,-96.0481,28.795,115.0,-95.92298475,28.92553375,115.0,32.6
3637,7100,7103,1,221.0,4.511486926658392,2.0,T1_normal,-95.41128715217393,29.77727818478261,115.0,-95.41128715217393,29.77727818478261,115.0,1.3
3638,7100,7103,1,221.0,4.511486926658392,2.0,T1_normal,-95.41128715217393,29.77727818478261,115.0,-95.41128715217393,29.77727818478261,115.0,1.3
3639,7100,7144,1,221.0,45.18338046389303,20.4,T1_normal,-95.41128715217393,29.77727818478261,115.0,-95.41128715217393,29.77727818478261,115.0,18.1
3640,7100,7144,1,221.0,45.18338046389303,20.4,T1_normal,-95.41128715217393,29.77727818478261,115.0,-95.41128715217393,29.77727818478261,115.0,18.1
3641,7100,7144,1,221.0,45.18338046389303,20.4,T1_normal,-95.41128715217393,29.77727818478261,115.0,-95.41128715217393,29.77727818478261,115.0,18.1
3642,7100,7144,1,221.0,45.18338046389303,20.4,T1_normal,-95.41128715217393,29.77727818478261,115.0,-95.41128715217393,29.77727818478261,115.0,18.1
3643,7100,7222,1,221.0,25.922797184764335,11.7,T1_normal,-95.41128715217393,29.77727818478261,115.0,-95.41128715217393,29.77727818478261,115.0,10.6
3644,7100,7222,1,221.0,25.922797184764335,11.7,T1_normal,-95.41128715217393,29.77727818478261,115.0,-95.41128715217393,29.77727818478261,115.0,10.6
3645,7100,7333,1,206.7,105.3190494015034,51.0,T1_normal,-95.41128715217393,29.77727818478261,115.0,-95.1431518,29.6833732,115.0,46.7
3646,7101,7120,1,169.5,97.5940014650746,57.6,T1_normal,-95.41128715217393,29.77727818478261,115.0,-95.41128715217393,29.77727818478261,115.0,47.1
3647,7101,7120,1,169.5,97.5940014650746,57.6,T1_normal,-95.41128715217393,29.77727818478261,115.0,-95.41128715217393,29.77727818478261,115.0,47.1
3648,7101,7183,1,221.0,30.339615263207342,13.7,T1_normal,-95.41128715217393,29.77727818478261,115.0,-95.41128715217393,29.77727818478261,115.0,12.6
3649,7101,7220,1,149.1,66.8185210421207,44.8,T1_normal,-95.41128715217393,29.77727818478261,115.0,-95.41128715217393,29.77727818478261,115.0,37.7
3650,7101,7221,1,133.9,26.140902833396495,19.5,T1_normal,-95.41128715217393,29.77727818478261,115.0,-95.41128715217393,29.77727818478261,115.0,17.1
3651,7101,7386,1,149.0,13.627031504162268,9.1,T1_normal,-95.41128715217393,29.77727818478261,115.0,-95.41128715217393,29.77727818478261,115.0,8.5
3652,7101,7386,1,121.2,36.147279428013945,29.8,T1_normal,-95.41128715217393,29.77727818478261,115.0,-95.41128715217393,29.77727818478261,115.0,27.6
3653,7102,7118,1,109.9,15.518581760376549,14.1,T1_normal,-95.633665,30.0783065,115.0,-95.47181825,30.112047375,115.0,15.8
3654,7102,7177,1,221.0,70.55442313218023,31.9,T1_normal,-95.633665,30.0783065,115.0,-95.47181825,30.112047375,115.0,29.9
3655,7102,7177,1,221.0,70.55442313218023,31.9,T1_normal,-95.633665,30.0783065,115.0,-95.47181825,30.112047375,115.0,29.9
3656,7102,7177,1,119.4,72.44901021951051,60.7,T1_normal,-95.633665,30.0783065,115.0,-95.47181825,30.112047375,115.0,56.9
3657,7102,7245,1,122.1,36.56255364563421,29.9,T1_normal,-95.633665,30.0783065,115.0,-95.41128715217393,29.77727818478261,115.0,27.0
3658,7290,7102,1,149.0,74.46388459861204,50.0,T1_normal,-95.47181825,30.112047375,115.0,-95.633665,30.0783065,115.0,44.6
3659,7103,7216,1,147.2,11.89731421001703,8.1,T1_normal,-95.41128715217393,29.77727818478261,115.0,-95.41128715217393,29.77727818478261,115.0,8.6
3660,7103,7226,1,127.3,4.101858802535219,3.2,T1_normal,-95.41128715217393,29.77727818478261,115.0,-95.41128715217393,29.77727818478261,115.0,0.3
3661,7103,7255,1,149.0,63.08610873020335,42.3,T1_normal,-95.41128715217393,29.77727818478261,115.0,-95.41128715217393,29.77727818478261,115.0,37.8
3662,7103,7365,1,124.2,16.738962041681837,13.5,T1_normal,-95.41128715217393,29.77727818478261,115.0,-95.41128715217393,29.77727818478261,115.0,16.8
3663,7103,7381,1,250.0,33.69513322839914,13.5,T1_normal,-95.41128715217393,29.77727818478261,115.0,-95.41128715217393,29.77727818478261,115.0,11.4
3664,7105,7104,1,1312.0,272.6538172883167,20.8,T1_normal,-95.134508,29.713414,230.0,-95.134508,29.713414,500.0,20.6
3665,7107,7104,1,419.2,0.0,0.0,T1_normal,-95.134508,29.713414,24.0,-95.134508,29.713414,500.0,0.0
3666,7108,7104,1,256.7,0.0,0.0,T1_normal,-95.134508,29.713414,24.0,-95.134508,29.713414,500.0,0.0
3667,7109,7104,1,238.2,0.0,0.0,T1_normal,-95.134508,29.713414,24.0,-95.134508,29.713414,500.0,0.0
3668,7110,7104,1,286.7,0.0,0.0,T1_normal,-95.134508,29.713414,24.0,-95.134508,29.713414,500.0,0.0
3669,7111,7104,1,246.9,0.0,0.0,T1_normal,-95.134508,29.713414,24.0,-95.134508,29.713414,500.0,0.0
3670,7112,7104,1,232.8,0.0,0.0,T1_normal,-95.134508,29.713414,24.0,-95.134508,29.713414,500.0,0.0
3671,7130,7104,1,2768.0,387.5266443333828,14.0,T1_normal,-95.009648,29.759124,500.0,-95.134508,29.713414,500.0,12.2
3672,7104,7400,1,2085.3,273.55098927123436,13.1,T1_normal,-95.134508,29.713414,500.0,-95.41128715217393,29.77727818478261,500.0,12.9
3673,7106,7105,1,354.0,203.2817679191524,57.4,T1_normal,-95.134508,29.713414,115.0,-95.134508,29.713414,230.0,54.6
3674,7106,7105,1,354.0,203.2817679191524,57.4,T1_normal,-95.134508,29.713414,115.0,-95.134508,29.713414,230.0,54.6
3675,7105,7187,1,548.0,54.69969838341555,10.0,T1_normal,-95.134508,29.713414,230.0,-95.41128715217393,29.77727818478261,230.0,7.6
3676,7105,7205,1,548.0,15.230109378333268,2.8,T1_normal,-95.134508,29.713414,230.0,-94.9321116,29.75354,230.0,3.3
3677,7105,7332,1,548.0,23.499426704691473,4.3,T1_normal,-95.134508,29.713414,230.0,-95.1431518,29.6833732,230.0,4.0
3678,7106,7403,1,184.6,118.97250988672285,64.4,T1_normal,-95.134508,29.713414,115.0,-95.1431518,29.6833732,115.0,61.8
3679,7116,7340,1,149.0,51.44295969087427,34.5,T1_normal,-96.076894,29.631324,115.0,-96.107713,29.795148,115.0,29.1
3680,7116,7364,1,98.0,64.16204481362851,65.5,T1_normal,-96.076894,29.631324,115.0,-96.218695,29.522218,115.0,52.8
3681,7117,7161,1,186.1,13.64787672742196,7.3,T1_normal,-95.41128715217393,29.77727818478261,115.0,-95.41128715217393,29.77727818478261,115.0,9.6
3682,7117,7161,1,186.1,13.64787672742196,7.3,T1_normal,-95.41128715217393,29.77727818478261,115.0,-95.41128715217393,29.77727818478261,115.0,9.6
3683,7242,7117,1,450.0,235.62304865861063,52.4,T1_normal,-95.41128715217393,29.77727818478261,115.0,-95.41128715217393,29.77727818478261,115.0,47.6
3684,7242,7117,1,450.0,235.62304865861063,52.4,T1_normal,-95.41128715217393,29.77727818478261,115.0,-95.41128715217393,29.77727818478261,115.0,47.6
3685,7117,7292,1,450.0,275.97534924771026,61.3,T1_normal,-95.41128715217393,29.77727818478261,115.0,-95.41128715217393,29.77727818478261,115.0,55.5
3686,7117,7292,1,450.0,275.97534924771026,61.3,T1_normal,-95.41128715217393,29.77727818478261,115.0,-95.41128715217393,29.77727818478261,115.0,55.5
3687,7117,7292,1,256.0,207.90863259376735,81.2,T2_watch,-95.41128715217393,29.77727818478261,115.0,-95.41128715217393,29.77727818478261,115.0,73.5
3688,7117,7292,1,256.0,207.90863259376735,81.2,T2_watch,-95.41128715217393,29.77727818478261,115.0,-95.41128715217393,29.77727818478261,115.0,73.5
3689,7117,7395,1,289.0,213.9622094051706,74.0,T1_normal,-95.41128715217393,29.77727818478261,115.0,-95.41128715217393,29.77727818478261,115.0,68.9
3690,7117,7395,1,289.0,213.9622094051706,74.0,T1_normal,-95.41128715217393,29.77727818478261,115.0,-95.41128715217393,29.77727818478261,115.0,68.9
3691,7177,7118,1,221.0,69.55360142852989,31.5,T1_normal,-95.47181825,30.112047375,115.0,-95.47181825,30.112047375,115.0,27.7
3692,7177,7118,1,221.0,69.55360142852989,31.5,T1_normal,-95.47181825,30.112047375,115.0,-95.47181825,30.112047375,115.0,27.7
3693,7118,7404,1,221.0,28.186815670103016,12.8,T1_normal,-95.47181825,30.112047375,115.0,-95.41128715217393,29.77727818478261,115.0,10.1
3694,7144,7119,1,221.0,51.86458730162258,23.5,T1_normal,-95.41128715217393,29.77727818478261,115.0,-95.229784,29.661032,115.0,24.3
3695,7144,7119,1,221.0,51.86458730162258,23.5,T1_normal,-95.41128715217393,29.77727818478261,115.0,-95.229784,29.661032,115.0,24.3
3696,7119,7231,1,115.4,0.0641341798083061,0.1,T1_normal,-95.229784,29.661032,115.0,-95.41128715217393,29.77727818478261,115.0,2.8
3697,7119,7259,1,98.0,22.104936179625412,22.6,T1_normal,-95.229784,29.661032,115.0,-95.41128715217393,29.77727818478261,115.0,25.5
3698,7119,7318,1,149.0,31.988372603428417,21.5,T1_normal,-95.229784,29.661032,115.0,-95.41128715217393,29.77727818478261,115.0,19.8
3699,7120,7248,1,98.0,21.823707483479104,22.3,T1_normal,-95.41128715217393,29.77727818478261,115.0,-95.41128715217393,29.77727818478261,115.0,21.3
3700,7120,7396,1,221.0,82.50178218042414,37.3,T1_normal,-95.41128715217393,29.77727818478261,115.0,-95.41128715217393,29.77727818478261,115.0,37.7
3701,7120,7396,1,221.0,82.50178218042414,37.3,T1_normal,-95.41128715217393,29.77727818478261,115.0,-95.41128715217393,29.77727818478261,115.0,37.7
3702,7120,7427,1,221.0,131.78469537774615,59.6,T1_normal,-95.41128715217393,29.77727818478261,115.0,-95.41128715217393,29.77727818478261,115.0,52.7
3703,7427,7120,1,221.0,131.78469537774615,59.6,T1_normal,-95.41128715217393,29.77727818478261,115.0,-95.41128715217393,29.77727818478261,115.0,52.7
3704,7123,7153,1,221.0,57.82668254665403,26.2,T1_normal,-96.574173,28.429626,115.0,-96.189925,28.623423,115.0,23.8
3705,7123,13407,1,109.1,38.80000000000001,35.6,T1_normal,-96.574173,28.429626,115.0,-96.70457766666668,28.589903333333336,115.0,33.5
3706,7124,7180,1,98.0,3.608477685366296,3.7,T1_normal,-95.41128715217393,29.77727818478261,115.0,-95.41128715217393,29.77727818478261,115.0,4.7
3707,7124,7180,1,115.7,12.270715289686509,10.6,T1_normal,-95.41128715217393,29.77727818478261,115.0,-95.41128715217393,29.77727818478261,115.0,13.6
3708,7124,7216,1,97.9,67.9368066797096,69.4,T1_normal,-95.41128715217393,29.77727818478261,115.0,-95.41128715217393,29.77727818478261,115.0,60.0
3709,7126,7125,1,1358.0,772.672551465417,56.9,T1_normal,-95.64513933333336,29.591588,230.0,-95.64513933333336,29.591588,500.0,48.2
3710,7126,7125,1,1358.0,772.672551465417,56.9,T1_normal,-95.64513933333336,29.591588,230.0,-95.64513933333336,29.591588,500.0,48.2
3711,7125,7304,1,3942.0,2264.115264734399,57.4,T1_normal,-95.64513933333336,29.591588,500.0,-96.087226,29.2829165,500.0,51.1
3712,7125,7331,1,2020.0,1223.2816275832186,60.6,T1_normal,-95.64513933333336,29.591588,500.0,-95.1431518,29.6833732,500.0,45.7
3713,7125,7346,1,4352.0,505.0813287933466,11.6,T1_normal,-95.64513933333336,29.591588,500.0,-95.6326335,29.479039,500.0,5.0
3714,13113,7125,1,293.0,0.0219178082192073,0.0,T1_normal,-95.64513933333336,29.591588,20.0,-95.64513933333336,29.591588,500.0,0.0
3715,7127,7126,1,512.3,371.24787299119146,72.5,T1_normal,-95.64513933333336,29.591588,115.0,-95.64513933333336,29.591588,230.0,64.7
3716,7127,7126,1,512.3,371.24787299119146,72.5,T1_normal,-95.64513933333336,29.591588,115.0,-95.64513933333336,29.591588,230.0,64.7
3717,7127,7126,1,512.3,371.24787299119146,72.5,T1_normal,-95.64513933333336,29.591588,115.0,-95.64513933333336,29.591588,230.0,64.7
3718,7127,7126,1,512.3,371.24787299119146,72.5,T1_normal,-95.64513933333336,29.591588,115.0,-95.64513933333336,29.591588,230.0,64.7
3719,7126,7305,1,514.0,346.8943918077801,67.5,T1_normal,-95.64513933333336,29.591588,230.0,-96.087226,29.2829165,230.0,58.0
3720,7126,7332,1,443.0,98.38893867990902,22.2,T1_normal,-95.64513933333336,29.591588,230.0,-95.1431518,29.6833732,230.0,16.6
3721,7126,7423,1,443.0,91.5016771250711,20.7,T1_normal,-95.64513933333336,29.591588,230.0,-95.21873266666668,29.305820666666666,230.0,16.3
3722,7127,7147,1,145.7,110.99019840347104,76.2,T1_normal,-95.64513933333336,29.591588,115.0,-95.41128715217393,29.77727818478261,115.0,67.0
3723,7127,7147,1,145.7,110.99019840347104,76.2,T1_normal,-95.64513933333336,29.591588,115.0,-95.41128715217393,29.77727818478261,115.0,67.0
3724,7127,7185,1,127.5,39.6848527313864,31.1,T1_normal,-95.64513933333336,29.591588,115.0,-95.567913,29.5403555,115.0,28.8
3725,7127,7348,1,225.1,125.53803720851135,55.8,T1_normal,-95.64513933333336,29.591588,115.0,-95.6326335,29.479039,115.0,51.1
3726,7127,7348,1,225.1,125.53803720851135,55.8,T1_normal,-95.64513933333336,29.591588,115.0,-95.6326335,29.479039,115.0,51.1
3727,7127,7348,1,225.1,125.53803720851135,55.8,T1_normal,-95.64513933333336,29.591588,115.0,-95.6326335,29.479039,115.0,51.1
3728,7127,7348,1,225.1,125.53803720851135,55.8,T1_normal,-95.64513933333336,29.591588,115.0,-95.6326335,29.479039,115.0,51.1
3729,7127,13285,1,135.8,20.78081713313011,15.3,T1_normal,-95.64513933333336,29.591588,115.0,-95.733244,29.47971475,115.0,8.6
3730,7127,13285,1,135.8,20.78081713313011,15.3,T1_normal,-95.64513933333336,29.591588,115.0,-95.733244,29.47971475,115.0,8.6
3731,7127,13378,1,129.3,31.118192863930005,24.1,T1_normal,-95.64513933333336,29.591588,115.0,-95.6326335,29.479039,115.0,23.1
3732,7391,7128,1,221.0,91.3938191237026,41.4,T1_normal,-95.442636,30.453487000000003,115.0,-95.41198228571427,30.277086714285712,115.0,45.1
3733,7277,7129,1,98.0,16.925222623436255,17.3,T1_normal,-96.528761,29.109147,115.0,-96.556418,28.852327,115.0,22.0
3734,7303,7129,1,220.0,104.29422035075716,47.4,T1_normal,-96.353868,28.85788,115.0,-96.556418,28.852327,115.0,40.4
3735,13348,7129,1,146.0,0.0,0.0,T1_normal,-96.556418,28.852327,20.0,-96.556418,28.852327,115.0,0.0
3736,7131,7130,1,1373.0,210.8337224921705,15.4,T1_normal,-95.009648,29.759124,230.0,-95.009648,29.759124,500.0,14.8
3737,7133,7130,1,202.9,140.00000000000003,69.0,T1_normal,-95.009648,29.759124,13.8,-95.009648,29.759124,500.0,67.1
3738,7134,7130,1,105.9,0.0,0.0,T1_normal,-95.009648,29.759124,13.8,-95.009648,29.759124,500.0,0.0
3739,7135,7130,1,54.1,29.000000000000004,53.6,T1_normal,-95.009648,29.759124,13.8,-95.009648,29.759124,500.0,53.1
3740,7136,7130,1,51.5,29.000000000000004,56.3,T1_normal,-95.009648,29.759124,13.8,-95.009648,29.759124,500.0,55.8
3741,7137,7130,1,49.3,29.000000000000004,58.8,T1_normal,-95.009648,29.759124,13.8,-95.009648,29.759124,500.0,58.3
3742,7263,7130,1,2020.0,381.2495535798746,18.9,T1_normal,-95.1431518,29.6833732,500.0,-95.009648,29.759124,500.0,20.5
3743,7130,12743,1,2159.4,22.44336826134372,1.0,T1_normal,-95.009648,29.759124,500.0,-95.069071,29.842662,500.0,2.7
3744,7132,7131,1,446.0,176.45178304489892,39.6,T1_normal,-95.009648,29.759124,115.0,-95.009648,29.759124,230.0,38.6
3745,7132,7131,1,446.0,176.45178304489892,39.6,T1_normal,-95.009648,29.759124,115.0,-95.009648,29.759124,230.0,38.6
3746,7131,7160,1,548.0,63.50477566795316,11.6,T1_normal,-95.009648,29.759124,230.0,-95.41128715217393,29.77727818478261,230.0,11.8
3747,7131,7278,1,443.0,18.058918559167836,4.1,T1_normal,-95.009648,29.759124,230.0,-94.9019,29.7731,230.0,3.3
3748,7131,7401,1,443.0,96.6239864888415,21.8,T1_normal,-95.009648,29.759124,230.0,-95.41128715217393,29.77727818478261,230.0,20.5
3749,7132,7283,1,221.0,35.62776706677191,16.1,T1_normal,-95.009648,29.759124,115.0,-94.9321116,29.75354,115.0,16.8
3750,7419,7132,1,221.0,76.8450822886976,34.8,T1_normal,-95.062261,29.713119,115.0,-95.009648,29.759124,115.0,32.7
3751,7419,7132,1,221.0,76.8450822886976,34.8,T1_normal,-95.062261,29.713119,115.0,-95.009648,29.759124,115.0,32.7
3752,7419,7132,1,221.0,76.8450822886976,34.8,T1_normal,-95.062261,29.713119,115.0,-95.009648,29.759124,115.0,32.7
3753,7132,13253,1,145.3,28.419447843060652,19.6,T1_normal,-95.009648,29.759124,115.0,-94.9321116,29.75354,115.0,16.6
3754,7143,7173,1,98.0,35.56752855527279,36.3,T1_normal,-95.189761,30.161219,115.0,-95.1894825,30.049941,115.0,41.1
3755,7234,7143,1,98.0,29.084378084706408,29.7,T1_normal,-95.297121,30.106685,115.0,-95.189761,30.161219,115.0,30.3
3756,7143,7238,1,149.0,19.84391657595235,13.3,T1_normal,-95.189761,30.161219,115.0,-94.609877,30.042956500000003,115.0,10.8
3757,7300,7143,1,245.0,18.4021972256053,7.5,T1_normal,-95.41198228571427,30.277086714285712,115.0,-95.189761,30.161219,115.0,10.1
3758,7144,7272,1,221.0,53.64644639584881,24.3,T1_normal,-95.41128715217393,29.77727818478261,115.0,-95.41128715217393,29.77727818478261,115.0,21.6
3759,7144,7272,1,221.0,53.64644639584881,24.3,T1_normal,-95.41128715217393,29.77727818478261,115.0,-95.41128715217393,29.77727818478261,115.0,21.6
3760,7144,7333,1,221.0,42.95216744622081,19.4,T1_normal,-95.41128715217393,29.77727818478261,115.0,-95.1431518,29.6833732,115.0,18.3
3761,7333,7144,1,221.0,42.95216744622081,19.4,T1_normal,-95.1431518,29.6833732,115.0,-95.41128715217393,29.77727818478261,115.0,18.3
3762,7333,7144,1,221.0,42.95216744622081,19.4,T1_normal,-95.1431518,29.6833732,115.0,-95.41128715217393,29.77727818478261,115.0,18.3
3763,7333,7144,1,221.0,42.95216744622081,19.4,T1_normal,-95.1431518,29.6833732,115.0,-95.41128715217393,29.77727818478261,115.0,18.3
3764,7333,7144,1,221.0,42.95216744622081,19.4,T1_normal,-95.1431518,29.6833732,115.0,-95.41128715217393,29.77727818478261,115.0,18.3
3765,7333,7144,1,221.0,42.95216744622081,19.4,T1_normal,-95.1431518,29.6833732,115.0,-95.41128715217393,29.77727818478261,115.0,18.3
3766,7145,7234,1,98.0,6.640466900671171,6.8,T1_normal,-95.41128715217393,29.77727818478261,115.0,-95.297121,30.106685,115.0,4.6
3767,7145,7243,1,221.0,98.4745866792201,44.6,T1_normal,-95.41128715217393,29.77727818478261,115.0,-98.1803245,31.84167,115.0,41.5
3768,7145,7365,1,200.0,82.7783774826635,41.4,T1_normal,-95.41128715217393,29.77727818478261,115.0,-95.41128715217393,29.77727818478261,115.0,39.5
3769,7381,7145,1,221.0,14.453080352813608,6.5,T1_normal,-95.41128715217393,29.77727818478261,115.0,-95.41128715217393,29.77727818478261,115.0,5.9
3770,7145,7404,1,221.0,49.487623396204405,22.4,T1_normal,-95.41128715217393,29.77727818478261,115.0,-95.41128715217393,29.77727818478261,115.0,21.5
3771,7147,7330,1,201.6,93.16848235251598,46.2,T1_normal,-95.41128715217393,29.77727818478261,115.0,-95.41128715217393,29.77727818478261,115.0,38.2
3772,7147,7336,1,221.0,131.59767180137578,59.5,T1_normal,-95.41128715217393,29.77727818478261,115.0,-95.567968,29.62431,115.0,51.6
3773,7147,7336,1,221.0,131.59767180137578,59.5,T1_normal,-95.41128715217393,29.77727818478261,115.0,-95.567968,29.62431,115.0,51.6
3774,7336,7147,1,221.0,131.59767180137578,59.5,T1_normal,-95.567968,29.62431,115.0,-95.41128715217393,29.77727818478261,115.0,51.6
3775,7336,7147,1,221.0,131.59767180137578,59.5,T1_normal,-95.567968,29.62431,115.0,-95.41128715217393,29.77727818478261,115.0,51.6
3776,7386,7147,1,221.0,161.90301910476634,73.3,T1_normal,-95.41128715217393,29.77727818478261,115.0,-95.41128715217393,29.77727818478261,115.0,65.4
3777,7386,7147,1,221.0,161.90301910476634,73.3,T1_normal,-95.41128715217393,29.77727818478261,115.0,-95.41128715217393,29.77727818478261,115.0,65.4
3778,7178,7148,1,221.0,0.4622308301115652,0.2,T1_normal,-95.41128715217393,29.77727818478261,115.0,-95.41128715217393,29.77727818478261,115.0,0.0
3779,7178,7148,1,221.0,0.4622308301115652,0.2,T1_normal,-95.41128715217393,29.77727818478261,115.0,-95.41128715217393,29.77727818478261,115.0,0.0
3780,7148,7242,1,200.0,134.42849523276763,67.2,T1_normal,-95.41128715217393,29.77727818478261,115.0,-95.41128715217393,29.77727818478261,115.0,63.1
3781,7148,7245,1,98.0,14.887119115149972,15.2,T1_normal,-95.41128715217393,29.77727818478261,115.0,-95.41128715217393,29.77727818478261,115.0,11.9
3782,7148,7298,1,149.0,13.68815099058125,9.2,T1_normal,-95.41128715217393,29.77727818478261,115.0,-95.41128715217393,29.77727818478261,115.0,10.4
3783,7148,7365,1,221.0,38.45370074455836,17.4,T1_normal,-95.41128715217393,29.77727818478261,115.0,-95.41128715217393,29.77727818478261,115.0,15.7
3784,7148,7365,1,221.0,38.45370074455836,17.4,T1_normal,-95.41128715217393,29.77727818478261,115.0,-95.41128715217393,29.77727818478261,115.0,15.7
3785,7149,7408,1,98.0,5.603808624013562,5.7,T1_normal,-96.794157,28.695562,115.0,-96.542544,28.663349333333333,115.0,9.3
3786,7151,7150,1,242.0,110.38819812756309,45.6,T1_normal,-95.442636,30.453487000000003,115.0,-95.442636,30.453487000000003,230.0,48.3
3787,7151,7150,1,242.0,110.38819812756309,45.6,T1_normal,-95.442636,30.453487000000003,115.0,-95.442636,30.453487000000003,230.0,48.3
3788,7150,7390,1,750.0,113.9128089466837,15.2,T1_normal,-95.442636,30.453487000000003,230.0,-95.442636,30.453487000000003,230.0,12.3
3789,7150,7390,1,750.0,113.9128089466837,15.2,T1_normal,-95.442636,30.453487000000003,230.0,-95.442636,30.453487000000003,230.0,12.3
3790,7150,7420,1,443.0,106.1162507466344,24.0,T1_normal,-95.442636,30.453487000000003,230.0,-95.698237,30.1865575,230.0,29.9
3791,8004,7150,1,647.0,99.06702910839464,15.3,T1_normal,-94.737065,31.33610733333333,230.0,-95.442636,30.453487000000003,230.0,28.2
3792,7151,7254,1,221.0,145.0063962551262,65.6,T1_normal,-95.442636,30.453487000000003,115.0,-95.41198228571427,30.277086714285712,115.0,71.6
3793,7152,7188,1,181.0,108.7888087452484,60.1,T1_normal,-95.41128715217393,29.77727818478261,115.0,-95.41128715217393,29.77727818478261,115.0,54.7
3794,7152,7188,1,181.0,108.7888087452484,60.1,T1_normal,-95.41128715217393,29.77727818478261,115.0,-95.41128715217393,29.77727818478261,115.0,54.7
3795,7152,7258,1,140.2,6.2536573145820284,4.5,T1_normal,-95.41128715217393,29.77727818478261,115.0,-95.41128715217393,29.77727818478261,115.0,4.4
3796,7330,7152,1,221.0,50.38456494127388,22.8,T1_normal,-95.41128715217393,29.77727818478261,115.0,-95.41128715217393,29.77727818478261,115.0,23.3
3797,7330,7152,1,221.0,50.38456494127388,22.8,T1_normal,-95.41128715217393,29.77727818478261,115.0,-95.41128715217393,29.77727818478261,115.0,23.3
3798,7152,7399,1,221.0,28.0413600850693,12.7,T1_normal,-95.41128715217393,29.77727818478261,115.0,-95.41128715217393,29.77727818478261,115.0,11.5
3799,7152,7399,1,221.0,28.0413600850693,12.7,T1_normal,-95.41128715217393,29.77727818478261,115.0,-95.41128715217393,29.77727818478261,115.0,11.5
3800,7154,7157,1,221.0,60.66442249264643,27.4,T1_normal,-95.41198228571427,30.277086714285712,115.0,-95.47181825,30.112047375,115.0,25.3
3801,7154,7157,1,221.0,60.66442249264643,27.4,T1_normal,-95.41198228571427,30.277086714285712,115.0,-95.47181825,30.112047375,115.0,25.3
3802,7300,7154,1,221.0,27.225800970479597,12.3,T1_normal,-95.41198228571427,30.277086714285712,115.0,-95.41198228571427,30.277086714285712,115.0,9.2
3803,7154,7411,1,98.0,0.323044014813334,0.3,T1_normal,-95.41198228571427,30.277086714285712,115.0,-95.47181825,30.112047375,115.0,2.4
3804,7155,7258,1,98.0,30.252640620230764,30.9,T1_normal,-95.41128715217393,29.77727818478261,115.0,-95.41128715217393,29.77727818478261,115.0,29.0
3805,7155,7316,1,149.0,124.56584163046216,83.6,T2_watch,-95.41128715217393,29.77727818478261,115.0,-95.41128715217393,29.77727818478261,115.0,74.4
3806,7157,7156,1,424.0,233.11703779724553,55.0,T1_normal,-95.47181825,30.112047375,115.0,-95.47181825,30.112047375,230.0,52.9
3807,7157,7156,1,424.0,233.11703779724553,55.0,T1_normal,-95.47181825,30.112047375,115.0,-95.47181825,30.112047375,230.0,52.9
3808,7157,7156,1,424.0,233.11703779724553,55.0,T1_normal,-95.47181825,30.112047375,115.0,-95.47181825,30.112047375,230.0,52.9
3809,7176,7156,1,750.0,398.6988390806381,53.2,T1_normal,-95.47181825,30.112047375,230.0,-95.47181825,30.112047375,230.0,49.8
3810,7156,7367,1,750.0,119.560073120061,15.9,T1_normal,-95.47181825,30.112047375,230.0,-95.069071,29.842662,230.0,13.2
3811,7156,7367,1,750.0,119.560073120061,15.9,T1_normal,-95.47181825,30.112047375,230.0,-95.069071,29.842662,230.0,13.2
3812,7157,7295,1,221.0,79.66954481001771,36.0,T1_normal,-95.47181825,30.112047375,115.0,-95.41128715217393,29.77727818478261,115.0,36.1
3813,7157,7295,1,221.0,79.66954481001771,36.0,T1_normal,-95.47181825,30.112047375,115.0,-95.41128715217393,29.77727818478261,115.0,36.1
3814,7173,7158,1,149.0,43.62979643351537,29.3,T1_normal,-95.1894825,30.049941,115.0,-95.1894825,30.049941,115.0,26.9
3815,7158,7291,1,149.0,9.33876860867766,6.3,T1_normal,-95.1894825,30.049941,115.0,-95.231858,30.0059,115.0,4.7
3816,7158,7394,1,221.0,85.80928252109672,38.8,T1_normal,-95.1894825,30.049941,115.0,-95.040827,30.009659,115.0,37.5
3817,7158,7394,1,221.0,85.80928252109672,38.8,T1_normal,-95.1894825,30.049941,115.0,-95.040827,30.009659,115.0,37.5
3818,7160,7159,1,1310.0,1099.5808427302563,83.9,T2_watch,-95.41128715217393,29.77727818478261,230.0,-95.41128715217393,29.77727818478261,500.0,75.5
3819,7162,7159,1,148.6,1.856848853775439,1.2,T1_normal,-95.41128715217393,29.77727818478261,18.0,-95.41128715217393,29.77727818478261,500.0,0.0
3820,7163,7159,1,141.1,1.856848853775439,1.3,T1_normal,-95.41128715217393,29.77727818478261,18.0,-95.41128715217393,29.77727818478261,500.0,0.0
3821,7164,7159,1,89.8,54.14315114622461,60.3,T1_normal,-95.41128715217393,29.77727818478261,18.0,-95.41128715217393,29.77727818478261,500.0,61.2
3822,7165,7159,1,73.6,54.14315114622461,73.6,T1_normal,-95.41128715217393,29.77727818478261,18.0,-95.41128715217393,29.77727818478261,500.0,74.5
3823,7166,7159,1,86.1,54.14315114622461,62.9,T1_normal,-95.41128715217393,29.77727818478261,18.0,-95.41128715217393,29.77727818478261,500.0,64.0
3824,7167,7159,1,87.1,54.14315114622461,62.2,T1_normal,-95.41128715217393,29.77727818478261,18.0,-95.41128715217393,29.77727818478261,500.0,63.7
3825,7168,7159,1,81.9,54.14315114622461,66.1,T1_normal,-95.41128715217393,29.77727818478261,18.0,-95.41128715217393,29.77727818478261,500.0,67.3
3826,7169,7159,1,75.2,54.14315114622457,72.0,T1_normal,-95.41128715217393,29.77727818478261,18.0,-95.41128715217393,29.77727818478261,500.0,72.9
3827,7170,7159,1,81.7,52.14315114622457,63.8,T1_normal,-95.41128715217393,29.77727818478261,18.0,-95.41128715217393,29.77727818478261,500.0,66.0
3828,7159,7175,1,3146.0,559.0146383607674,17.8,T1_normal,-95.41128715217393,29.77727818478261,500.0,-95.47181825,30.112047375,500.0,5.4
3829,7199,7159,1,2482.0,773.6070878790173,31.2,T1_normal,-95.708537,29.9660525,500.0,-95.41128715217393,29.77727818478261,500.0,25.3
3830,7199,7159,1,2482.0,773.6070878790173,31.2,T1_normal,-95.708537,29.9660525,500.0,-95.41128715217393,29.77727818478261,500.0,25.3
3831,7159,7227,1,3146.0,1073.4526179343788,34.1,T1_normal,-95.41128715217393,29.77727818478261,500.0,-95.41128715217393,29.77727818478261,500.0,31.7
3832,12704,7159,1,2700.0,235.5623488892121,8.7,T1_normal,-95.41128715217393,29.77727818478261,500.0,-95.41128715217393,29.77727818478261,500.0,2.3
3833,12704,7159,1,2700.0,235.5623488892121,8.7,T1_normal,-95.41128715217393,29.77727818478261,500.0,-95.41128715217393,29.77727818478261,500.0,2.3
3834,7161,7160,1,418.0,250.40518692579352,59.9,T1_normal,-95.41128715217393,29.77727818478261,115.0,-95.41128715217393,29.77727818478261,230.0,56.6
3835,7161,7160,1,418.0,250.40518692579352,59.9,T1_normal,-95.41128715217393,29.77727818478261,115.0,-95.41128715217393,29.77727818478261,230.0,56.6
3836,7161,7160,1,418.0,250.40518692579352,59.9,T1_normal,-95.41128715217393,29.77727818478261,115.0,-95.41128715217393,29.77727818478261,230.0,56.6
3837,7187,7160,1,548.0,60.235789027210984,11.0,T1_normal,-95.41128715217393,29.77727818478261,230.0,-95.41128715217393,29.77727818478261,230.0,14.6
3838,7161,7223,1,132.0,64.28361846369341,48.7,T1_normal,-95.41128715217393,29.77727818478261,115.0,-95.41128715217393,29.77727818478261,115.0,44.1
3839,7161,7404,1,223.4,166.44766261620276,74.5,T1_normal,-95.41128715217393,29.77727818478261,115.0,-95.41128715217393,29.77727818478261,115.0,69.7
3840,7161,7404,1,223.4,166.44766261620276,74.5,T1_normal,-95.41128715217393,29.77727818478261,115.0,-95.41128715217393,29.77727818478261,115.0,69.7
3841,7161,7404,1,223.4,166.44766261620276,74.5,T1_normal,-95.41128715217393,29.77727818478261,115.0,-95.41128715217393,29.77727818478261,115.0,69.7
3842,7172,7171,1,352.0,72.41873146183408,20.6,T1_normal,-94.945159,29.3895056,115.0,-94.945159,29.3895056,230.0,25.0
3843,7171,7252,1,443.0,110.5049634486524,24.9,T1_normal,-94.945159,29.3895056,230.0,-95.43283075,29.2128395,230.0,19.7
3844,7172,7213,1,209.4,43.81316067063956,20.9,T1_normal,-94.945159,29.3895056,115.0,-95.0817025,29.3340115,115.0,27.1
3845,7172,7232,1,221.0,2.6998637682101645,1.2,T1_normal,-94.945159,29.3895056,115.0,-94.943829,29.378697,115.0,1.5
3846,7232,7172,1,221.0,2.6998637682101645,1.2,T1_normal,-94.943829,29.378697,115.0,-94.945159,29.3895056,115.0,1.5
3847,7172,12567,1,800.0,196.5469283473567,24.6,T1_normal,-94.945159,29.3895056,115.0,-94.945159,29.3895056,500.0,26.2
3848,7172,12922,1,213.3,3.4351145038172604,1.6,T1_normal,-94.945159,29.3895056,115.0,-94.945159,29.3895056,115.0,0.0
3849,7172,12922,1,213.3,3.4351145038172604,1.6,T1_normal,-94.945159,29.3895056,115.0,-94.945159,29.3895056,115.0,0.0
3850,7172,13152,1,121.8,12.633177120915208,10.4,T1_normal,-94.945159,29.3895056,115.0,-94.945159,29.3895056,115.0,9.7
3851,7172,13408,1,113.8,7.334705438213973,6.4,T1_normal,-94.945159,29.3895056,115.0,-94.945159,29.3895056,115.0,8.7
3852,7173,7387,1,98.0,32.81310794668428,33.5,T1_normal,-95.1894825,30.049941,115.0,-95.231858,30.0059,115.0,31.2
3853,7174,7231,1,221.0,110.72219988720065,50.1,T1_normal,-95.41128715217393,29.77727818478261,115.0,-95.41128715217393,29.77727818478261,115.0,48.8
3854,7174,7231,1,221.0,110.72219988720065,50.1,T1_normal,-95.41128715217393,29.77727818478261,115.0,-95.41128715217393,29.77727818478261,115.0,48.8
3855,7174,7257,1,98.0,72.31774820118116,73.8,T1_normal,-95.41128715217393,29.77727818478261,115.0,-95.3149035,29.5534395,115.0,65.9
3856,7301,7174,1,221.0,95.41894696535068,43.2,T1_normal,-95.1361,29.53864,115.0,-95.41128715217393,29.77727818478261,115.0,42.4
3857,7176,7175,1,1292.0,479.8587519218323,37.1,T1_normal,-95.47181825,30.112047375,230.0,-95.47181825,30.112047375,500.0,35.7
3858,7176,7175,1,1292.0,479.8587519218323,37.1,T1_normal,-95.47181825,30.112047375,230.0,-95.47181825,30.112047375,500.0,35.7
3859,7175,7389,1,2020.0,409.1341451037536,20.3,T1_normal,-95.47181825,30.112047375,500.0,-95.442636,30.453487000000003,500.0,37.3
3860,7177,7176,1,439.0,186.10945105747768,42.4,T1_normal,-95.47181825,30.112047375,115.0,-95.47181825,30.112047375,230.0,40.7
3861,7177,7176,1,439.0,186.10945105747768,42.4,T1_normal,-95.47181825,30.112047375,115.0,-95.47181825,30.112047375,230.0,40.7
3862,7177,7176,1,439.0,186.10945105747768,42.4,T1_normal,-95.47181825,30.112047375,115.0,-95.47181825,30.112047375,230.0,40.7
3863,7176,7200,1,443.0,31.258070685527173,7.1,T1_normal,-95.47181825,30.112047375,230.0,-95.708537,29.9660525,230.0,4.8
3864,7176,7409,1,443.0,32.44614772052756,7.3,T1_normal,-95.47181825,30.112047375,230.0,-95.7842315,29.79427175,230.0,1.6
3865,7319,7177,1,221.0,69.75295024064962,31.6,T1_normal,-95.41128715217393,29.77727818478261,115.0,-95.47181825,30.112047375,115.0,29.5
3866,7319,7177,1,221.0,69.75295024064962,31.6,T1_normal,-95.41128715217393,29.77727818478261,115.0,-95.47181825,30.112047375,115.0,29.5
3867,7295,7178,1,149.0,26.361093781621747,17.7,T1_normal,-95.41128715217393,29.77727818478261,115.0,-95.41128715217393,29.77727818478261,115.0,16.1
3868,7178,7404,1,161.0,90.12059351378312,56.0,T1_normal,-95.41128715217393,29.77727818478261,115.0,-95.41128715217393,29.77727818478261,115.0,52.3
3869,7178,7404,1,198.7,136.82816293829276,68.9,T1_normal,-95.41128715217393,29.77727818478261,115.0,-95.41128715217393,29.77727818478261,115.0,64.3
3870,7179,7214,1,140.1,58.546312642295995,41.8,T1_normal,-95.474615,29.537301,115.0,-95.41128715217393,29.77727818478261,115.0,36.3
3871,7179,7244,1,208.0,150.29011106729743,72.3,T1_normal,-95.474615,29.537301,115.0,-95.31001,29.45566,115.0,67.9
3872,7179,7257,1,149.0,49.55049505825677,33.3,T1_normal,-95.474615,29.537301,115.0,-95.3149035,29.5534395,115.0,31.6
3873,7179,7316,1,127.1,18.334916381233768,14.4,T1_normal,-95.474615,29.537301,115.0,-95.41128715217393,29.77727818478261,115.0,16.0
3874,7179,7336,1,149.0,2.2382197479783983,1.5,T1_normal,-95.474615,29.537301,115.0,-95.567968,29.62431,115.0,3.5
3875,7180,7216,1,98.0,25.26783008338782,25.8,T1_normal,-95.41128715217393,29.77727818478261,115.0,-95.41128715217393,29.77727818478261,115.0,19.9
3876,7180,7298,1,221.0,19.77689670686864,8.9,T1_normal,-95.41128715217393,29.77727818478261,115.0,-95.41128715217393,29.77727818478261,115.0,5.4
3877,7180,7298,1,221.0,19.77689670686864,8.9,T1_normal,-95.41128715217393,29.77727818478261,115.0,-95.41128715217393,29.77727818478261,115.0,5.4
3878,7388,7180,1,221.0,37.315921205243185,16.9,T1_normal,-95.41128715217393,29.77727818478261,115.0,-95.41128715217393,29.77727818478261,115.0,15.4
3879,7388,7180,1,221.0,37.315921205243185,16.9,T1_normal,-95.41128715217393,29.77727818478261,115.0,-95.41128715217393,29.77727818478261,115.0,15.4
3880,7180,7399,1,250.0,104.05509986306144,41.6,T1_normal,-95.41128715217393,29.77727818478261,115.0,-95.41128715217393,29.77727818478261,115.0,36.9
3881,7180,7399,1,250.0,104.05509986306144,41.6,T1_normal,-95.41128715217393,29.77727818478261,115.0,-95.41128715217393,29.77727818478261,115.0,36.9
3882,7242,7181,1,450.0,272.97479699725073,60.7,T1_normal,-95.41128715217393,29.77727818478261,115.0,-95.41128715217393,29.77727818478261,115.0,56.4
3883,7181,7298,1,140.5,17.69056411934713,12.6,T1_normal,-95.41128715217393,29.77727818478261,115.0,-95.41128715217393,29.77727818478261,115.0,6.6
3884,7385,7181,1,98.0,5.805816370203942,5.9,T1_normal,-95.41128715217393,29.77727818478261,115.0,-95.41128715217393,29.77727818478261,115.0,0.3
3885,7181,7425,1,105.2,14.2774536225307,13.6,T1_normal,-95.41128715217393,29.77727818478261,115.0,-95.41128715217393,29.77727818478261,115.0,9.8
3886,7182,7237,1,150.0,121.15695989471024,80.8,T2_watch,-96.012215,29.792687,115.0,-95.98036,29.560311,115.0,66.6
3887,7183,7258,1,125.2,30.282318650361972,24.2,T1_normal,-95.41128715217393,29.77727818478261,115.0,-95.41128715217393,29.77727818478261,115.0,28.4
3888,7183,7386,1,300.0,135.91286843506794,45.3,T1_normal,-95.41128715217393,29.77727818478261,115.0,-95.41128715217393,29.77727818478261,115.0,41.1
3889,7183,7417,1,250.0,20.5507774768801,8.2,T1_normal,-95.41128715217393,29.77727818478261,115.0,-95.41128715217393,29.77727818478261,115.0,8.6
3890,7183,7418,1,113.8,35.15132888127308,30.9,T1_normal,-95.41128715217393,29.77727818478261,115.0,-95.41128715217393,29.77727818478261,115.0,28.0
3891,7185,7184,1,2500.0,235.0652974890307,9.4,T1_normal,-95.567913,29.5403555,115.0,-95.567913,29.5403555,230.0,8.2
3892,7185,7184,1,2500.0,235.0652974890307,9.4,T1_normal,-95.567913,29.5403555,115.0,-95.567913,29.5403555,230.0,8.2
3893,7185,7184,1,2500.0,235.0652974890307,9.4,T1_normal,-95.567913,29.5403555,115.0,-95.567913,29.5403555,230.0,8.2
3894,7347,7184,1,750.0,226.49993667352675,30.2,T1_normal,-95.6326335,29.479039,230.0,-95.567913,29.5403555,230.0,23.8
3895,7347,7184,1,750.0,226.49993667352675,30.2,T1_normal,-95.6326335,29.479039,230.0,-95.567913,29.5403555,230.0,23.8
3896,7347,7184,1,750.0,226.49993667352675,30.2,T1_normal,-95.6326335,29.479039,230.0,-95.567913,29.5403555,230.0,23.8
3897,7185,7220,1,203.0,135.04211688092963,66.5,T1_normal,-95.567913,29.5403555,115.0,-95.41128715217393,29.77727818478261,115.0,59.0
3898,7185,7220,1,203.0,135.04211688092963,66.5,T1_normal,-95.567913,29.5403555,115.0,-95.41128715217393,29.77727818478261,115.0,59.0
3899,7185,7220,1,203.0,135.04211688092963,66.5,T1_normal,-95.567913,29.5403555,115.0,-95.41128715217393,29.77727818478261,115.0,59.0
3900,7185,7220,1,203.0,135.04211688092963,66.5,T1_normal,-95.567913,29.5403555,115.0,-95.41128715217393,29.77727818478261,115.0,59.0
3901,7185,7336,1,197.2,116.82396566938368,59.2,T1_normal,-95.567913,29.5403555,115.0,-95.567968,29.62431,115.0,52.5
3902,7185,7348,1,173.3,61.33611472538121,35.4,T1_normal,-95.567913,29.5403555,115.0,-95.6326335,29.479039,115.0,32.3
3903,7383,7185,1,221.0,45.58642463821965,20.6,T1_normal,-95.435068,29.364128,115.0,-95.567913,29.5403555,115.0,23.6
3904,7383,7185,1,221.0,45.58642463821965,20.6,T1_normal,-95.435068,29.364128,115.0,-95.567913,29.5403555,115.0,23.6
3905,7185,7397,1,164.0,49.63354186487354,30.3,T1_normal,-95.567913,29.5403555,115.0,-95.80023,29.56318,115.0,27.1
3906,7185,13378,1,103.1,13.618171090521969,13.2,T1_normal,-95.567913,29.5403555,115.0,-95.6326335,29.479039,115.0,13.4
3907,7187,7186,1,1600.0,798.2015520449153,49.9,T1_normal,-95.41128715217393,29.77727818478261,230.0,-95.41128715217393,29.77727818478261,500.0,42.7
3908,7187,7186,1,1600.0,798.2015520449153,49.9,T1_normal,-95.41128715217393,29.77727818478261,230.0,-95.41128715217393,29.77727818478261,500.0,42.7
3909,7186,7341,1,2768.0,1398.4867040626,50.5,T1_normal,-95.41128715217393,29.77727818478261,500.0,-95.7842315,29.79427175,500.0,43.0
3910,7346,7186,1,2768.0,1256.5198091347056,45.4,T1_normal,-95.6326335,29.479039,500.0,-95.41128715217393,29.77727818478261,500.0,34.3
3911,7186,12742,1,2330.9,1007.0242742803714,43.2,T1_normal,-95.41128715217393,29.77727818478261,500.0,-95.41128715217393,29.77727818478261,500.0,33.1
3912,7188,7187,1,600.0,397.8817495460174,66.3,T1_normal,-95.41128715217393,29.77727818478261,115.0,-95.41128715217393,29.77727818478261,230.0,59.9
3913,7188,7187,1,600.0,397.8817495460174,66.3,T1_normal,-95.41128715217393,29.77727818478261,115.0,-95.41128715217393,29.77727818478261,230.0,59.9
3914,7188,7187,1,600.0,397.8817495460174,66.3,T1_normal,-95.41128715217393,29.77727818478261,115.0,-95.41128715217393,29.77727818478261,230.0,59.9
3915,7188,7187,1,600.0,397.8817495460174,66.3,T1_normal,-95.41128715217393,29.77727818478261,115.0,-95.41128715217393,29.77727818478261,230.0,59.9
3916,7187,7401,1,647.0,13.314205470908291,2.1,T1_normal,-95.41128715217393,29.77727818478261,230.0,-95.41128715217393,29.77727818478261,230.0,4.9
3917,7188,7224,1,143.9,64.94295091839888,45.1,T1_normal,-95.41128715217393,29.77727818478261,115.0,-95.41128715217393,29.77727818478261,115.0,42.5
3918,7188,7255,1,300.0,96.28201936964444,32.1,T1_normal,-95.41128715217393,29.77727818478261,115.0,-95.41128715217393,29.77727818478261,115.0,29.0
3919,7188,7255,1,250.0,96.28201936964444,38.5,T1_normal,-95.41128715217393,29.77727818478261,115.0,-95.41128715217393,29.77727818478261,115.0,34.8
3920,7188,7255,1,300.0,96.28201936964444,32.1,T1_normal,-95.41128715217393,29.77727818478261,115.0,-95.41128715217393,29.77727818478261,115.0,29.0
3921,7188,7255,1,300.0,96.28201936964444,32.1,T1_normal,-95.41128715217393,29.77727818478261,115.0,-95.41128715217393,29.77727818478261,115.0,29.0
3922,7188,7255,1,300.0,96.28201936964444,32.1,T1_normal,-95.41128715217393,29.77727818478261,115.0,-95.41128715217393,29.77727818478261,115.0,29.0
3923,7188,7255,1,300.0,96.28201936964444,32.1,T1_normal,-95.41128715217393,29.77727818478261,115.0,-95.41128715217393,29.77727818478261,115.0,29.0
3924,7188,7255,1,300.0,96.28201936964444,32.1,T1_normal,-95.41128715217393,29.77727818478261,115.0,-95.41128715217393,29.77727818478261,115.0,29.0
3925,7188,7255,1,300.0,96.28201936964444,32.1,T1_normal,-95.41128715217393,29.77727818478261,115.0,-95.41128715217393,29.77727818478261,115.0,29.0
3926,7188,7384,1,202.2,82.22018538149314,40.7,T1_normal,-95.41128715217393,29.77727818478261,115.0,-95.41128715217393,29.77727818478261,115.0,35.7
3927,7198,7201,1,221.0,68.0942936112956,30.8,T1_normal,-95.633665,30.0783065,115.0,-95.708537,29.9660525,115.0,30.0
3928,7198,7201,1,221.0,68.0942936112956,30.8,T1_normal,-95.633665,30.0783065,115.0,-95.708537,29.9660525,115.0,30.0
3929,7198,7225,1,221.0,39.84858722259111,18.0,T1_normal,-95.633665,30.0783065,115.0,-95.41128715217393,29.77727818478261,115.0,16.4
3930,7200,7199,1,1344.0,644.6943182757299,48.0,T1_normal,-95.708537,29.9660525,230.0,-95.708537,29.9660525,500.0,40.9
3931,7199,7331,1,3146.0,500.6832028754616,15.9,T1_normal,-95.708537,29.9660525,500.0,-95.1431518,29.6833732,500.0,15.2
3932,7201,7200,1,261.0,187.966481260778,72.0,T1_normal,-95.708537,29.9660525,115.0,-95.708537,29.9660525,230.0,65.9
3933,7201,7200,1,261.0,187.966481260778,72.0,T1_normal,-95.708537,29.9660525,115.0,-95.708537,29.9660525,230.0,65.9
3934,7201,7200,1,261.0,187.966481260778,72.0,T1_normal,-95.708537,29.9660525,115.0,-95.708537,29.9660525,230.0,65.9
3935,7420,7200,1,548.0,112.0529451789217,20.4,T1_normal,-95.698237,30.1865575,230.0,-95.708537,29.9660525,230.0,10.0
3936,7203,7247,1,98.0,10.778228649038011,11.0,T1_normal,-95.68083125,29.15439325,115.0,-95.69411466666666,29.203734666666666,115.0,9.5
3937,7203,7247,1,133.0,35.27320699575078,26.5,T1_normal,-95.68083125,29.15439325,115.0,-95.69411466666666,29.203734666666666,115.0,22.8
3938,7203,7313,1,150.0,88.5534455139302,59.0,T1_normal,-95.68083125,29.15439325,115.0,-95.394,29.002,115.0,53.2
3939,7393,7203,1,269.0,24.6994406286968,9.2,T1_normal,-95.967518,29.191296,115.0,-95.68083125,29.15439325,115.0,9.8
3940,7426,7203,1,221.0,19.35235480914379,8.8,T1_normal,-95.558277,28.960572,115.0,-95.68083125,29.15439325,115.0,8.0
3941,13040,7203,1,241.8,0.0,0.0,T1_normal,-95.68083125,29.15439325,20.0,-95.68083125,29.15439325,115.0,0.0
3942,7203,13095,1,126.6,17.050231716211783,13.5,T1_normal,-95.68083125,29.15439325,115.0,-95.68083125,29.15439325,115.0,11.2
3943,7203,13404,1,173.3,90.84901352769634,52.4,T1_normal,-95.68083125,29.15439325,115.0,-95.68083125,29.15439325,115.0,46.3
3944,7203,13404,1,173.3,90.84901352769634,52.4,T1_normal,-95.68083125,29.15439325,115.0,-95.68083125,29.15439325,115.0,46.3
3945,7205,7204,1,1324.0,190.88601809462705,14.4,T1_normal,-94.9321116,29.75354,230.0,-94.9321116,29.75354,500.0,13.7
3946,7263,7204,1,2020.0,33.28519934430574,1.6,T1_normal,-95.1431518,29.6833732,500.0,-94.9321116,29.75354,500.0,1.7
3947,7204,7428,1,2020.0,271.7802257218107,13.5,T1_normal,-94.9321116,29.75354,500.0,-95.3629605,28.98485425,500.0,11.0
3948,7206,7205,1,210.0,152.18681246575,72.5,T1_normal,-94.9321116,29.75354,115.0,-94.9321116,29.75354,230.0,70.5
3949,7282,7205,1,750.0,23.149833072773163,3.1,T1_normal,-94.9321116,29.75354,230.0,-94.9321116,29.75354,230.0,2.0
3950,7206,7294,1,100.0,33.29151566609134,33.3,T1_normal,-94.9321116,29.75354,115.0,-94.520121,29.506866,115.0,32.9
3951,7206,13253,1,139.2,54.41081440028306,39.1,T1_normal,-94.9321116,29.75354,115.0,-94.9321116,29.75354,115.0,37.6
3952,7213,7273,1,98.0,35.98716704644751,36.7,T1_normal,-95.0817025,29.3340115,115.0,-94.945159,29.3895056,115.0,49.0
3953,7293,7213,1,149.0,108.8554559731284,73.1,T1_normal,-95.0817025,29.3340115,115.0,-95.0817025,29.3340115,115.0,71.8
3954,7213,7363,1,98.0,39.23614632857113,40.0,T1_normal,-95.0817025,29.3340115,115.0,-94.84457,29.28062966666667,115.0,42.1
3955,7213,13287,1,169.0,92.52563729230675,54.7,T1_normal,-95.0817025,29.3340115,115.0,-95.21873266666668,29.305820666666666,115.0,47.4
3956,7213,13287,1,169.0,92.52563729230675,54.7,T1_normal,-95.0817025,29.3340115,115.0,-95.21873266666668,29.305820666666666,115.0,47.4
3957,7214,7255,1,175.5,7.48913887003404,4.3,T1_normal,-95.41128715217393,29.77727818478261,115.0,-95.41128715217393,29.77727818478261,115.0,6.6
3958,7214,7257,1,149.0,12.66951608510798,8.5,T1_normal,-95.41128715217393,29.77727818478261,115.0,-95.3149035,29.5534395,115.0,3.7
3959,7214,7297,1,450.0,271.5755761930915,60.4,T1_normal,-95.41128715217393,29.77727818478261,115.0,-95.41128715217393,29.77727818478261,115.0,54.3
3960,7214,7318,1,142.8,101.4104752597305,71.0,T1_normal,-95.41128715217393,29.77727818478261,115.0,-95.41128715217393,29.77727818478261,115.0,64.4
3961,7345,7214,1,221.0,76.55843376028102,34.6,T1_normal,-95.41128715217393,29.77727818478261,115.0,-95.41128715217393,29.77727818478261,115.0,30.9
3962,7345,7214,1,221.0,76.55843376028102,34.6,T1_normal,-95.41128715217393,29.77727818478261,115.0,-95.41128715217393,29.77727818478261,115.0,30.9
3963,7411,7215,1,221.0,12.133563857691598,5.5,T1_normal,-95.47181825,30.112047375,115.0,-95.47181825,30.112047375,115.0,10.6
3964,7215,7431,1,266.0,132.7772076788527,49.9,T1_normal,-95.47181825,30.112047375,115.0,-95.41198228571427,30.277086714285712,115.0,52.6
3965,7216,7382,1,149.0,4.490610410811158,3.0,T1_normal,-95.41128715217393,29.77727818478261,115.0,-95.41128715217393,29.77727818478261,115.0,2.7
3966,7216,7386,1,98.0,23.15283377523354,23.6,T1_normal,-95.41128715217393,29.77727818478261,115.0,-95.41128715217393,29.77727818478261,115.0,16.1
3967,7216,7399,1,197.1,140.3751353552707,71.2,T1_normal,-95.41128715217393,29.77727818478261,115.0,-95.41128715217393,29.77727818478261,115.0,64.9
3968,7249,7217,1,108.0,77.97150545900067,72.2,T1_normal,-95.41128715217393,29.77727818478261,115.0,-95.41128715217393,29.77727818478261,115.0,64.8
3969,7217,7276,1,150.0,32.60734555201772,21.7,T1_normal,-95.41128715217393,29.77727818478261,115.0,-95.41128715217393,29.77727818478261,115.0,20.6
3970,7421,7218,1,149.0,12.152495160518484,8.2,T1_normal,-95.698237,30.1865575,115.0,-95.68639,30.306163,115.0,25.5
3971,7218,8009,1,220.0,103.95750483948164,47.3,T1_normal,-95.68639,30.306163,115.0,-95.84999,30.316397,115.0,39.1
3972,7230,7219,1,149.0,117.06667934201568,78.6,T1_normal,-95.969548,29.537482,115.0,-96.088253,29.45527,115.0,69.6
3973,7219,7237,1,149.0,61.8680689965239,41.5,T1_normal,-96.088253,29.45527,115.0,-95.98036,29.560311,115.0,32.0
3974,7413,7219,1,221.0,85.9921833731434,38.9,T1_normal,-96.087226,29.2829165,115.0,-96.088253,29.45527,115.0,31.1
3975,7413,7219,1,221.0,85.9921833731434,38.9,T1_normal,-96.087226,29.2829165,115.0,-96.088253,29.45527,115.0,31.1
3976,12967,7219,1,299.8,0.0,0.0,T1_normal,-96.088253,29.45527,20.0,-96.088253,29.45527,115.0,0.0
3977,7219,13031,1,182.0,8.200381592253425,4.5,T1_normal,-96.088253,29.45527,115.0,-96.020566,29.225064,115.0,8.3
3978,7220,7221,1,221.0,48.88681973198317,22.1,T1_normal,-95.41128715217393,29.77727818478261,115.0,-95.41128715217393,29.77727818478261,115.0,17.9
3979,7221,7220,1,221.0,48.88681973198317,22.1,T1_normal,-95.41128715217393,29.77727818478261,115.0,-95.41128715217393,29.77727818478261,115.0,17.9
3980,7220,7386,1,128.1,78.7786588832816,61.5,T1_normal,-95.41128715217393,29.77727818478261,115.0,-95.41128715217393,29.77727818478261,115.0,53.7
3981,7220,7396,1,221.0,1.6798984733902955,0.8,T1_normal,-95.41128715217393,29.77727818478261,115.0,-95.41128715217393,29.77727818478261,115.0,2.4
3982,7221,7296,1,250.0,101.68707872510758,40.7,T1_normal,-95.41128715217393,29.77727818478261,115.0,-95.41128715217393,29.77727818478261,115.0,35.7
3983,7222,7333,1,125.4,56.711354530004954,45.2,T1_normal,-95.41128715217393,29.77727818478261,115.0,-95.1431518,29.6833732,115.0,41.4
3984,7222,7338,1,98.0,19.132253208285732,19.5,T1_normal,-95.41128715217393,29.77727818478261,115.0,-95.41128715217393,29.77727818478261,115.0,21.3
3985,7222,7362,1,149.0,10.084075420597747,6.8,T1_normal,-95.41128715217393,29.77727818478261,115.0,-95.41128715217393,29.77727818478261,115.0,6.7
3986,7223,7242,1,169.0,120.85526204488453,71.5,T1_normal,-95.41128715217393,29.77727818478261,115.0,-95.41128715217393,29.77727818478261,115.0,67.2
3987,7292,7223,1,450.0,334.4975027908994,74.3,T1_normal,-95.41128715217393,29.77727818478261,115.0,-95.41128715217393,29.77727818478261,115.0,66.0
3988,7292,7223,1,450.0,334.4975027908994,74.3,T1_normal,-95.41128715217393,29.77727818478261,115.0,-95.41128715217393,29.77727818478261,115.0,66.0
3989,7223,7319,1,220.0,202.0352462362496,91.8,T3_prevent,-95.41128715217393,29.77727818478261,115.0,-95.41128715217393,29.77727818478261,115.0,83.9
3990,7223,7404,1,221.0,134.4310967569264,60.8,T1_normal,-95.41128715217393,29.77727818478261,115.0,-95.41128715217393,29.77727818478261,115.0,57.3
3991,7223,7425,1,221.0,214.47381799720216,97.0,T3_prevent,-95.41128715217393,29.77727818478261,115.0,-95.41128715217393,29.77727818478261,115.0,80.4
3992,7224,7248,1,98.0,48.688690234161136,49.7,T1_normal,-95.41128715217393,29.77727818478261,115.0,-95.41128715217393,29.77727818478261,115.0,50.1
3993,7224,7258,1,145.0,41.009226160647216,28.3,T1_normal,-95.41128715217393,29.77727818478261,115.0,-95.41128715217393,29.77727818478261,115.0,25.0
3994,7384,7224,1,220.0,104.67163946127584,47.6,T1_normal,-95.41128715217393,29.77727818478261,115.0,-95.41128715217393,29.77727818478261,115.0,43.2
3995,7224,7417,1,98.0,37.283472974629106,38.0,T1_normal,-95.41128715217393,29.77727818478261,115.0,-95.41128715217393,29.77727818478261,115.0,40.8
3996,7246,7225,1,149.0,31.494909962840723,21.1,T1_normal,-95.41128715217393,29.77727818478261,115.0,-95.41128715217393,29.77727818478261,115.0,0.5
3997,7225,7395,1,98.0,54.19345885622793,55.3,T1_normal,-95.41128715217393,29.77727818478261,115.0,-95.41128715217393,29.77727818478261,115.0,38.8
3998,7226,7240,1,149.0,18.5793389222507,12.5,T1_normal,-95.41128715217393,29.77727818478261,115.0,-95.41128715217393,29.77727818478261,115.0,8.3
3999,7226,7250,1,98.0,8.933285165229599,9.1,T1_normal,-95.41128715217393,29.77727818478261,115.0,-95.41128715217393,29.77727818478261,115.0,11.4
4000,7226,7272,1,149.0,102.26569085235546,68.6,T1_normal,-95.41128715217393,29.77727818478261,115.0,-95.41128715217393,29.77727818478261,115.0,62.9
4001,7226,7338,1,98.0,24.1441236945942,24.6,T1_normal,-95.41128715217393,29.77727818478261,115.0,-95.41128715217393,29.77727818478261,115.0,21.8
4002,7228,7227,1,1259.0,438.6238383597281,34.8,T1_normal,-95.41128715217393,29.77727818478261,230.0,-95.41128715217393,29.77727818478261,500.0,33.6
4003,7227,7422,1,2768.0,316.7696993021217,11.4,T1_normal,-95.41128715217393,29.77727818478261,500.0,-95.21873266666668,29.305820666666666,500.0,11.6
4004,7229,7228,1,467.0,285.8287556946714,61.2,T1_normal,-95.41128715217393,29.77727818478261,115.0,-95.41128715217393,29.77727818478261,230.0,56.9
4005,7229,7228,1,467.0,285.8287556946714,61.2,T1_normal,-95.41128715217393,29.77727818478261,115.0,-95.41128715217393,29.77727818478261,230.0,56.9
4006,7229,7228,1,467.0,285.8287556946714,61.2,T1_normal,-95.41128715217393,29.77727818478261,115.0,-95.41128715217393,29.77727818478261,230.0,56.9
4007,7409,7228,1,443.0,176.3457413745634,39.8,T1_normal,-95.7842315,29.79427175,230.0,-95.41128715217393,29.77727818478261,230.0,31.3
4008,7230,7397,1,149.0,119.69667934201595,80.3,T2_watch,-95.969548,29.537482,115.0,-95.80023,29.56318,115.0,70.9
4009,7265,7231,1,221.0,77.59136480191486,35.1,T1_normal,-95.1431518,29.6833732,115.0,-95.41128715217393,29.77727818478261,115.0,33.0
4010,7265,7231,1,221.0,77.59136480191486,35.1,T1_normal,-95.1431518,29.6833732,115.0,-95.41128715217393,29.77727818478261,115.0,33.0
4011,7265,7231,1,221.0,77.59136480191486,35.1,T1_normal,-95.1431518,29.6833732,115.0,-95.41128715217393,29.77727818478261,115.0,33.0
4012,7265,7231,1,221.0,77.59136480191486,35.1,T1_normal,-95.1431518,29.6833732,115.0,-95.41128715217393,29.77727818478261,115.0,33.0
4013,7231,7403,1,221.0,13.07186212160829,5.9,T1_normal,-95.41128715217393,29.77727818478261,115.0,-95.1431518,29.6833732,115.0,6.5
4014,7231,7403,1,221.0,13.07186212160829,5.9,T1_normal,-95.41128715217393,29.77727818478261,115.0,-95.1431518,29.6833732,115.0,6.5
4015,7273,7232,1,221.0,11.011224617451632,5.0,T1_normal,-94.945159,29.3895056,115.0,-94.943829,29.378697,115.0,4.5
4016,7232,12699,1,600.0,191.5935582254889,31.9,T1_normal,-94.943829,29.378697,115.0,-94.943829,29.378697,500.0,33.7
4017,7232,13152,1,110.0,2.2039316204853776,2.0,T1_normal,-94.943829,29.378697,115.0,-94.945159,29.3895056,115.0,2.1
4018,7232,13408,1,162.0,13.379214401345507,8.3,T1_normal,-94.943829,29.378697,115.0,-94.945159,29.3895056,115.0,9.1
4019,7233,7251,1,220.0,162.12093523551692,73.7,T1_normal,-95.932264,30.079593,115.0,-95.833733,30.047619,115.0,31.4
4020,7251,7235,1,149.0,126.3765925735642,84.8,T2_watch,-95.833733,30.047619,115.0,-95.708537,29.9660525,115.0,13.4
4021,7235,7315,1,221.0,138.99829628678103,62.9,T1_normal,-95.708537,29.9660525,115.0,-95.7842315,29.79427175,115.0,29.8
4022,7235,7315,1,221.0,138.99829628678103,62.9,T1_normal,-95.708537,29.9660525,115.0,-95.7842315,29.79427175,115.0,29.8
4023,7236,7245,1,221.0,82.8576679603799,37.5,T1_normal,-95.41128715217393,29.77727818478261,115.0,-95.41128715217393,29.77727818478261,115.0,35.9
4024,7236,7292,1,221.0,191.77876512508564,86.8,T2_watch,-95.41128715217393,29.77727818478261,115.0,-95.41128715217393,29.77727818478261,115.0,77.7
4025,7236,7411,1,149.0,50.13789615447308,33.6,T1_normal,-95.41128715217393,29.77727818478261,115.0,-95.47181825,30.112047375,115.0,30.5
4026,7237,7247,1,149.0,34.45224954968786,23.1,T1_normal,-95.98036,29.560311,115.0,-95.69411466666666,29.203734666666666,115.0,19.3
4027,12947,7237,1,313.0,240.00000000000003,76.7,T1_normal,-95.98036,29.560311,20.0,-95.98036,29.560311,115.0,71.6
4028,7238,7392,1,221.0,1.850467980646009,0.8,T1_normal,-94.609877,30.042956500000003,115.0,-94.9321116,29.75354,115.0,1.1
4029,7238,13216,1,139.3,16.000000000000014,11.5,T1_normal,-94.609877,30.042956500000003,115.0,-94.609877,30.042956500000003,115.0,11.1
4030,7238,13216,1,139.3,16.000000000000014,11.5,T1_normal,-94.609877,30.042956500000003,115.0,-94.609877,30.042956500000003,115.0,11.1
4031,7294,7239,1,98.0,36.74352310690172,37.5,T1_normal,-94.520121,29.506866,115.0,-94.603021,29.868546,115.0,36.9
4032,7239,7392,1,98.0,19.84647689309833,20.3,T1_normal,-94.603021,29.868546,115.0,-94.9321116,29.75354,115.0,20.9
4033,7240,7272,1,121.4,31.58729519659822,26.0,T1_normal,-95.41128715217393,29.77727818478261,115.0,-95.41128715217393,29.77727818478261,115.0,26.0
4034,7240,7417,1,142.9,63.33943509758342,44.3,T1_normal,-95.41128715217393,29.77727818478261,115.0,-95.41128715217393,29.77727818478261,115.0,40.4
4035,13276,7240,1,148.3,2.063165393083821,1.4,T1_normal,-95.41128715217393,29.77727818478261,20.0,-95.41128715217393,29.77727818478261,115.0,0.0
4036,7241,7362,1,98.0,25.321603783101665,25.8,T1_normal,-95.41128715217393,29.77727818478261,115.0,-95.41128715217393,29.77727818478261,115.0,22.7
4037,7241,7362,1,105.9,27.617314550533933,26.1,T1_normal,-95.41128715217393,29.77727818478261,115.0,-95.41128715217393,29.77727818478261,115.0,23.0
4038,7241,7388,1,131.2,7.297593157805693,5.6,T1_normal,-95.41128715217393,29.77727818478261,115.0,-95.41128715217393,29.77727818478261,115.0,3.4
4039,7242,7295,1,220.0,104.61101086657364,47.6,T1_normal,-95.41128715217393,29.77727818478261,115.0,-95.41128715217393,29.77727818478261,115.0,44.4
4040,7242,7319,1,221.0,5.958072372358458,2.7,T1_normal,-95.41128715217393,29.77727818478261,115.0,-95.41128715217393,29.77727818478261,115.0,3.5
4041,7242,7319,1,221.0,5.958072372358458,2.7,T1_normal,-95.41128715217393,29.77727818478261,115.0,-95.41128715217393,29.77727818478261,115.0,3.5
4042,7260,7243,1,267.0,150.80574564446073,56.5,T1_normal,-95.069071,29.842662,115.0,-98.1803245,31.84167,115.0,53.5
4043,7260,7243,1,267.0,150.80574564446073,56.5,T1_normal,-95.069071,29.842662,115.0,-98.1803245,31.84167,115.0,53.5
4044,13015,7243,1,312.5,0.0,0.0,T1_normal,-98.1803245,31.84167,20.0,-98.1803245,31.84167,115.0,0.0
4045,7244,7272,1,220.0,169.76094524788348,77.2,T1_normal,-95.31001,29.45566,115.0,-95.41128715217393,29.77727818478261,115.0,70.1
4046,12782,7244,1,423.7,304.0000000000001,71.7,T1_normal,-95.31001,29.45566,20.0,-95.31001,29.45566,115.0,67.0
4047,7246,7251,1,98.0,128.07993701806674,130.7,T6_heavy,-95.41128715217393,29.77727818478261,115.0,-95.833733,30.047619,115.0,1.4
4048,7246,7410,1,221.0,107.4456595635395,48.6,T1_normal,-95.41128715217393,29.77727818478261,115.0,-95.7842315,29.79427175,115.0,33.8
4049,7246,7410,1,221.0,107.4456595635395,48.6,T1_normal,-95.41128715217393,29.77727818478261,115.0,-95.7842315,29.79427175,115.0,33.8
4050,7425,7246,1,98.0,93.06690893837413,95.0,T3_prevent,-95.41128715217393,29.77727818478261,115.0,-95.41128715217393,29.77727818478261,115.0,53.3
4051,7339,7247,1,187.0,108.10764448927266,57.8,T1_normal,-95.785914,29.3459875,115.0,-95.69411466666666,29.203734666666666,115.0,49.8
4052,13081,7247,1,265.4,0.0,0.0,T1_normal,-95.69411466666666,29.203734666666666,20.0,-95.69411466666666,29.203734666666666,115.0,0.0
4053,7247,13095,1,120.4,20.478502699494072,17.0,T1_normal,-95.69411466666666,29.203734666666666,115.0,-95.68083125,29.15439325,115.0,14.8
4054,7247,13271,1,206.8,129.52280288517528,62.6,T1_normal,-95.69411466666666,29.203734666666666,115.0,-95.69411466666666,29.203734666666666,115.0,54.1
4055,7247,13287,1,133.5,71.93030360750954,53.9,T1_normal,-95.69411466666666,29.203734666666666,115.0,-95.21873266666668,29.305820666666666,115.0,45.9
4056,7247,13404,1,153.0,73.97777320881715,48.4,T1_normal,-95.69411466666666,29.203734666666666,115.0,-95.68083125,29.15439325,115.0,41.9
4057,7362,7248,1,149.0,35.51249856786356,23.8,T1_normal,-95.41128715217393,29.77727818478261,115.0,-95.41128715217393,29.77727818478261,115.0,14.5
4058,7248,7386,1,221.0,62.55505240222661,28.3,T1_normal,-95.41128715217393,29.77727818478261,115.0,-95.41128715217393,29.77727818478261,115.0,24.6
4059,7248,7386,1,221.0,62.55505240222661,28.3,T1_normal,-95.41128715217393,29.77727818478261,115.0,-95.41128715217393,29.77727818478261,115.0,24.6
4060,7249,7255,1,221.0,95.9987076645767,43.4,T1_normal,-95.41128715217393,29.77727818478261,115.0,-95.41128715217393,29.77727818478261,115.0,37.8
4061,7249,7255,1,221.0,95.9987076645767,43.4,T1_normal,-95.41128715217393,29.77727818478261,115.0,-95.41128715217393,29.77727818478261,115.0,37.8
4062,7249,7344,1,221.0,26.262604486930385,11.9,T1_normal,-95.41128715217393,29.77727818478261,115.0,-95.41128715217393,29.77727818478261,115.0,9.7
4063,7249,7344,1,221.0,26.262604486930385,11.9,T1_normal,-95.41128715217393,29.77727818478261,115.0,-95.41128715217393,29.77727818478261,115.0,9.7
4064,7249,7382,1,98.0,22.182500113940407,22.6,T1_normal,-95.41128715217393,29.77727818478261,115.0,-95.41128715217393,29.77727818478261,115.0,17.8
4065,7250,7276,1,221.0,49.86880314151527,22.6,T1_normal,-95.41128715217393,29.77727818478261,115.0,-95.41128715217393,29.77727818478261,115.0,18.8
4066,7250,7276,1,221.0,49.86880314151527,22.6,T1_normal,-95.41128715217393,29.77727818478261,115.0,-95.41128715217393,29.77727818478261,115.0,18.8
4067,7253,7252,1,198.0,90.19422729016372,45.6,T1_normal,-95.43283075,29.2128395,115.0,-95.43283075,29.2128395,230.0,38.5
4068,7312,7252,1,647.0,56.24099203745203,8.7,T1_normal,-95.394,29.002,230.0,-95.43283075,29.2128395,230.0,6.5
4069,7327,7252,1,443.0,236.61602183886296,53.4,T1_normal,-95.8997,29.2639,230.0,-95.43283075,29.2128395,230.0,45.0
4070,7347,7252,1,548.0,20.32416093740359,3.7,T1_normal,-95.6326335,29.479039,230.0,-95.43283075,29.2128395,230.0,1.1
4071,12766,7252,1,421.5,0.0,0.0,T1_normal,-95.43283075,29.2128395,20.0,-95.43283075,29.2128395,230.0,0.0
4072,7313,7253,1,149.0,34.6339201463465,23.2,T1_normal,-95.394,29.002,115.0,-95.43283075,29.2128395,115.0,17.8
4073,7253,7412,1,221.0,27.46174278472857,12.4,T1_normal,-95.43283075,29.2128395,115.0,-95.295533,29.281605,115.0,10.3
4074,7253,7412,1,221.0,27.46174278472857,12.4,T1_normal,-95.43283075,29.2128395,115.0,-95.295533,29.281605,115.0,10.3
4075,7253,12860,1,200.0,20.890981177177537,10.4,T1_normal,-95.43283075,29.2128395,115.0,-95.43283075,29.2128395,115.0,5.4
4076,7253,13232,1,165.0,41.91631931013262,25.4,T1_normal,-95.43283075,29.2128395,115.0,-95.43283075,29.2128395,115.0,27.1
4077,7255,7258,1,221.0,24.710974823914,11.2,T1_normal,-95.41128715217393,29.77727818478261,115.0,-95.41128715217393,29.77727818478261,115.0,10.4
4078,7255,7258,1,221.0,24.710974823914,11.2,T1_normal,-95.41128715217393,29.77727818478261,115.0,-95.41128715217393,29.77727818478261,115.0,10.4
4079,7255,7399,1,250.0,96.85208534242662,38.7,T1_normal,-95.41128715217393,29.77727818478261,115.0,-95.41128715217393,29.77727818478261,115.0,35.6
4080,7255,7399,1,250.0,96.85208534242662,38.7,T1_normal,-95.41128715217393,29.77727818478261,115.0,-95.41128715217393,29.77727818478261,115.0,35.6
4081,7255,7399,1,250.0,96.85208534242662,38.7,T1_normal,-95.41128715217393,29.77727818478261,115.0,-95.41128715217393,29.77727818478261,115.0,35.6
4082,7255,7399,1,250.0,96.85208534242662,38.7,T1_normal,-95.41128715217393,29.77727818478261,115.0,-95.41128715217393,29.77727818478261,115.0,35.6
4083,7256,7297,1,450.0,269.93289199029425,60.0,T1_normal,-95.41128715217393,29.77727818478261,115.0,-95.41128715217393,29.77727818478261,115.0,55.5
4084,7256,7336,1,93.3,7.904870594553159,8.5,T1_normal,-95.41128715217393,29.77727818478261,115.0,-95.567968,29.62431,115.0,5.8
4085,7257,7317,1,221.0,25.878272130689695,11.7,T1_normal,-95.3149035,29.5534395,115.0,-95.192133,29.515074,115.0,12.2
4086,7257,7317,1,221.0,25.878272130689695,11.7,T1_normal,-95.3149035,29.5534395,115.0,-95.192133,29.515074,115.0,12.2
4087,7257,7412,1,244.2,144.83962890988113,59.3,T1_normal,-95.3149035,29.5534395,115.0,-95.295533,29.281605,115.0,55.3
4088,7257,7412,1,244.2,144.83962890988113,59.3,T1_normal,-95.3149035,29.5534395,115.0,-95.295533,29.281605,115.0,55.3
4089,7258,7384,1,121.3,58.4587446848893,48.2,T1_normal,-95.41128715217393,29.77727818478261,115.0,-95.41128715217393,29.77727818478261,115.0,43.4
4090,7259,7403,1,221.0,14.054733855587996,6.4,T1_normal,-95.41128715217393,29.77727818478261,115.0,-95.1431518,29.6833732,115.0,5.8
4091,7259,7403,1,221.0,14.054733855587996,6.4,T1_normal,-95.41128715217393,29.77727818478261,115.0,-95.1431518,29.6833732,115.0,5.8
4092,7368,7260,1,221.0,14.92263295363898,6.8,T1_normal,-95.069071,29.842662,115.0,-95.069071,29.842662,115.0,7.7
4093,7368,7260,1,221.0,14.92263295363898,6.8,T1_normal,-95.069071,29.842662,115.0,-95.069071,29.842662,115.0,7.7
4094,7368,7260,1,221.0,14.92263295363898,6.8,T1_normal,-95.069071,29.842662,115.0,-95.069071,29.842662,115.0,7.7
4095,7260,12743,1,600.0,381.48359242800393,63.6,T1_normal,-95.069071,29.842662,115.0,-95.069071,29.842662,500.0,59.8
4096,7262,7261,1,305.0,139.32286216269443,45.7,T1_normal,-95.92298475,28.92553375,115.0,-95.92298475,28.92553375,230.0,40.8
4097,7261,7429,1,548.0,306.7902657779161,56.0,T1_normal,-95.92298475,28.92553375,230.0,-95.3629605,28.98485425,230.0,48.7
4098,13196,7261,1,208.1,0.0,0.0,T1_normal,-95.92298475,28.92553375,20.0,-95.92298475,28.92553375,230.0,0.0
4099,7262,7302,1,149.0,77.49900977032328,52.0,T1_normal,-95.92298475,28.92553375,115.0,-95.718793,29.017466,115.0,43.7
4100,7262,12935,1,224.5,53.092382918427106,23.6,T1_normal,-95.92298475,28.92553375,115.0,-95.92298475,28.92553375,115.0,20.5
4101,7262,12935,1,224.5,53.092382918427106,23.6,T1_normal,-95.92298475,28.92553375,115.0,-95.92298475,28.92553375,115.0,20.5
4102,7262,13402,1,157.0,95.97861822922536,61.1,T1_normal,-95.92298475,28.92553375,115.0,-95.718793,29.017466,115.0,50.6
4103,7264,7263,1,1362.0,243.5045099557669,17.9,T1_normal,-95.1431518,29.6833732,230.0,-95.1431518,29.6833732,500.0,17.4
4104,7264,7263,1,1362.0,243.5045099557669,17.9,T1_normal,-95.1431518,29.6833732,230.0,-95.1431518,29.6833732,500.0,17.4
4105,7266,7263,1,95.6,0.0,0.0,T1_normal,-95.1431518,29.6833732,13.8,-95.1431518,29.6833732,500.0,0.0
4106,7267,7263,1,99.1,0.0,0.0,T1_normal,-95.1431518,29.6833732,13.8,-95.1431518,29.6833732,500.0,0.0
4107,7268,7263,1,112.4,0.0,0.0,T1_normal,-95.1431518,29.6833732,13.8,-95.1431518,29.6833732,500.0,0.0
4108,7269,7263,1,108.1,0.0,0.0,T1_normal,-95.1431518,29.6833732,13.8,-95.1431518,29.6833732,500.0,0.0
4109,7263,7422,1,2193.0,72.47426698734785,3.3,T1_normal,-95.1431518,29.6833732,500.0,-95.21873266666668,29.305820666666666,500.0,1.1
4110,7265,7264,1,461.0,211.1527296038295,45.8,T1_normal,-95.1431518,29.6833732,115.0,-95.1431518,29.6833732,230.0,43.8
4111,7265,7264,1,461.0,211.1527296038295,45.8,T1_normal,-95.1431518,29.6833732,115.0,-95.1431518,29.6833732,230.0,43.8
4112,7264,7332,1,523.0,0.0903005725337635,0.0,T1_normal,-95.1431518,29.6833732,230.0,-95.1431518,29.6833732,230.0,0.3
4113,7315,7271,1,149.0,40.53935933084194,27.2,T1_normal,-95.7842315,29.79427175,115.0,-95.977102,29.848463,115.0,12.8
4114,7271,7340,1,149.0,81.94935933084224,55.0,T1_normal,-95.977102,29.848463,115.0,-96.107713,29.795148,115.0,40.6
4115,7316,7272,1,220.0,169.64813460299908,77.1,T1_normal,-95.41128715217393,29.77727818478261,115.0,-95.41128715217393,29.77727818478261,115.0,69.5
4116,7273,7405,1,167.0,97.6966593061224,58.5,T1_normal,-94.945159,29.3895056,115.0,-94.84457,29.28062966666667,115.0,59.6
4117,7273,12689,1,600.0,223.0643113001257,37.2,T1_normal,-94.945159,29.3895056,115.0,-94.945159,29.3895056,500.0,38.6
4118,7275,7274,1,143.0,26.95652559906862,18.9,T1_normal,-97.00621414285716,28.74651585714286,115.0,-97.00621414285716,28.74651585714286,230.0,0.9
4119,7276,7395,1,221.0,45.98701550922968,20.8,T1_normal,-95.41128715217393,29.77727818478261,115.0,-95.41128715217393,29.77727818478261,115.0,20.5
4120,7277,7337,1,98.0,0.935222623436216,1.0,T1_normal,-96.528761,29.109147,115.0,-96.689715,29.042415,115.0,5.7
4121,12988,7277,1,178.2,0.0,0.0,T1_normal,-96.528761,29.109147,20.0,-96.528761,29.109147,115.0,0.0
4122,12989,7277,1,110.1,0.0,0.0,T1_normal,-96.528761,29.109147,20.0,-96.528761,29.109147,115.0,0.0
4123,7279,7278,1,172.0,87.90269507255566,51.1,T1_normal,-94.9019,29.7731,115.0,-94.9019,29.7731,230.0,50.7
4124,7280,7278,1,313.7,0.0,0.0,T1_normal,-94.9019,29.7731,13.8,-94.9019,29.7731,230.0,0.0
4125,7281,7278,1,258.9,0.0,0.0,T1_normal,-94.9019,29.7731,13.8,-94.9019,29.7731,230.0,0.0
4126,7367,7278,1,443.0,69.84377651338463,15.8,T1_normal,-95.069071,29.842662,230.0,-94.9019,29.7731,230.0,16.4
4127,12540,7278,1,244.8,0.0,0.0,T1_normal,-94.9019,29.7731,13.8,-94.9019,29.7731,230.0,0.0
4128,12541,7278,1,293.9,0.0,0.0,T1_normal,-94.9019,29.7731,13.8,-94.9019,29.7731,230.0,0.0
4129,7279,7283,1,220.0,105.94129252389877,48.2,T1_normal,-94.9019,29.7731,115.0,-94.9321116,29.75354,115.0,47.5
4130,7392,7279,1,221.0,66.91694487374455,30.3,T1_normal,-94.9321116,29.75354,115.0,-94.9019,29.7731,115.0,28.7
4131,7279,13253,1,134.1,44.01582126669901,32.8,T1_normal,-94.9019,29.7731,115.0,-94.9321116,29.75354,115.0,32.7
4132,7283,7282,1,145.0,97.6122323610559,67.3,T1_normal,-94.9321116,29.75354,115.0,-94.9321116,29.75354,230.0,66.2
4133,7284,7282,1,263.8,0.0,0.0,T1_normal,-94.9321116,29.75354,13.2,-94.9321116,29.75354,230.0,0.0
4134,7285,7282,1,206.8,0.0,0.0,T1_normal,-94.9321116,29.75354,13.2,-94.9321116,29.75354,230.0,0.0
4135,7286,7282,1,233.3,0.0,0.0,T1_normal,-94.9321116,29.75354,13.2,-94.9321116,29.75354,230.0,0.0
4136,7282,7332,1,443.0,3.0034772868724247,0.7,T1_normal,-94.9321116,29.75354,230.0,-95.1431518,29.6833732,230.0,0.9
4137,7282,7367,1,523.0,52.295926874954546,10.0,T1_normal,-94.9321116,29.75354,230.0,-95.069071,29.842662,230.0,11.7
4138,7283,13253,1,122.5,38.83114723162713,31.7,T1_normal,-94.9321116,29.75354,115.0,-94.9321116,29.75354,115.0,31.9
4139,7411,7290,1,98.0,8.75469028581577,8.9,T1_normal,-95.47181825,30.112047375,115.0,-95.47181825,30.112047375,115.0,2.8
4140,7291,7295,1,173.0,108.46799325800092,62.7,T1_normal,-95.231858,30.0059,115.0,-95.41128715217393,29.77727818478261,115.0,64.3
4141,7291,7387,1,102.6,9.698300339929132,9.5,T1_normal,-95.231858,30.0059,115.0,-95.231858,30.0059,115.0,7.1
4142,7292,12704,1,2100.0,972.6524677000348,46.3,T1_normal,-95.41128715217393,29.77727818478261,115.0,-95.41128715217393,29.77727818478261,500.0,41.6
4143,7292,12704,1,2100.0,972.6524677000348,46.3,T1_normal,-95.41128715217393,29.77727818478261,115.0,-95.41128715217393,29.77727818478261,500.0,41.6
4144,7424,7293,1,149.0,91.105455973128,61.1,T1_normal,-95.21873266666668,29.305820666666666,115.0,-95.0817025,29.3340115,115.0,59.9
4145,7294,7405,1,98.0,14.932007440809423,15.2,T1_normal,-94.520121,29.506866,115.0,-94.84457,29.28062966666667,115.0,15.0
4146,7296,7427,1,98.0,27.0030338258465,27.6,T1_normal,-95.41128715217393,29.77727818478261,115.0,-95.41128715217393,29.77727818478261,115.0,27.8
4147,7296,7427,1,110.3,34.34308845927916,31.1,T1_normal,-95.41128715217393,29.77727818478261,115.0,-95.41128715217393,29.77727818478261,115.0,31.4
4148,7316,7297,1,450.0,273.3013300723126,60.7,T1_normal,-95.41128715217393,29.77727818478261,115.0,-95.41128715217393,29.77727818478261,115.0,53.7
4149,7297,7384,1,450.0,417.35658949661314,92.7,T3_prevent,-95.41128715217393,29.77727818478261,115.0,-95.41128715217393,29.77727818478261,115.0,82.4
4150,7297,12742,1,1800.0,668.899794381273,37.2,T1_normal,-95.41128715217393,29.77727818478261,115.0,-95.41128715217393,29.77727818478261,500.0,33.3
4151,7297,12742,1,1800.0,668.899794381273,37.2,T1_normal,-95.41128715217393,29.77727818478261,115.0,-95.41128715217393,29.77727818478261,500.0,33.3
4152,7298,7362,1,98.0,4.884608185819417,5.0,T1_normal,-95.41128715217393,29.77727818478261,115.0,-95.41128715217393,29.77727818478261,115.0,1.2
4153,7298,7395,1,149.0,68.17002529843066,45.8,T1_normal,-95.41128715217393,29.77727818478261,115.0,-95.41128715217393,29.77727818478261,115.0,44.8
4154,7364,7299,1,98.0,83.0420448136283,84.7,T2_watch,-96.218695,29.522218,115.0,-96.384508,29.397447,115.0,72.1
4155,7413,7299,1,149.0,111.24204481362838,74.7,T1_normal,-96.087226,29.2829165,115.0,-96.384508,29.397447,115.0,66.3
4156,7301,7318,1,149.0,39.58105303464894,26.6,T1_normal,-95.1361,29.53864,115.0,-95.41128715217393,29.77727818478261,115.0,27.8
4157,7302,7426,1,221.0,21.287029527296397,9.6,T1_normal,-95.718793,29.017466,115.0,-95.558277,28.960572,115.0,9.6
4158,7302,12690,1,130.9,13.241863634239692,10.1,T1_normal,-95.718793,29.017466,115.0,-95.745,29.0728,115.0,7.0
4159,7302,13097,1,126.0,19.28050034411566,15.3,T1_normal,-95.718793,29.017466,115.0,-95.718793,29.017466,115.0,10.4
4160,7302,13422,1,115.2,0.8403837353294197,0.7,T1_normal,-95.718793,29.017466,115.0,-96.087226,29.2829165,115.0,2.5
4161,7303,7393,1,98.0,66.50702639705305,67.9,T1_normal,-96.353868,28.85788,115.0,-95.967518,29.191296,115.0,56.2
4162,7303,13426,1,121.2,31.297193953704095,25.8,T1_normal,-96.353868,28.85788,115.0,-95.92298475,28.92553375,115.0,22.5
4163,7305,7304,1,1160.0,443.2711158053437,38.2,T1_normal,-96.087226,29.2829165,230.0,-96.087226,29.2829165,500.0,34.5
4164,7307,7304,1,585.7,324.30503600676985,55.4,T1_normal,-96.087226,29.2829165,24.0,-96.087226,29.2829165,500.0,12.0
4165,7308,7304,1,396.9,0.0,0.0,T1_normal,-96.087226,29.2829165,24.0,-96.087226,29.2829165,500.0,0.0
4166,7309,7304,1,450.8,0.0,0.0,T1_normal,-96.087226,29.2829165,24.0,-96.087226,29.2829165,500.0,0.0
4167,7341,7304,1,2407.0,1096.40938093633,45.6,T1_normal,-95.7842315,29.79427175,500.0,-96.087226,29.2829165,500.0,39.3
4168,7304,12574,1,2698.0,1581.1750134307658,58.6,T1_normal,-96.087226,29.2829165,500.0,-96.087226,29.2829165,500.0,56.3
4169,7304,12747,1,3461.0,732.2702137400668,21.2,T1_normal,-96.087226,29.2829165,500.0,-96.141572,29.159228,500.0,20.0
4170,7306,7305,1,305.0,49.19191475522826,16.1,T1_normal,-96.087226,29.2829165,115.0,-96.087226,29.2829165,230.0,14.9
4171,7305,7327,1,443.0,219.5378475152971,49.6,T1_normal,-96.087226,29.2829165,230.0,-95.8997,29.2639,230.0,40.8
4172,7306,7413,1,307.0,176.17116061546002,57.4,T1_normal,-96.087226,29.2829165,115.0,-96.087226,29.2829165,115.0,50.6
4173,7306,7413,1,307.0,176.17116061546002,57.4,T1_normal,-96.087226,29.2829165,115.0,-96.087226,29.2829165,115.0,50.6
4174,7306,12573,1,222.5,137.74474532871466,61.9,T1_normal,-96.087226,29.2829165,115.0,-96.087226,29.2829165,115.0,55.1
4175,7306,12573,1,222.5,137.74474532871466,61.9,T1_normal,-96.087226,29.2829165,115.0,-96.087226,29.2829165,115.0,55.1
4176,7306,12573,1,222.5,137.74474532871466,61.9,T1_normal,-96.087226,29.2829165,115.0,-96.087226,29.2829165,115.0,55.1
4177,7313,7312,1,168.0,8.508705042614206,5.1,T1_normal,-95.394,29.002,115.0,-95.394,29.002,230.0,6.1
4178,7312,7321,1,548.0,157.72276652324814,28.8,T1_normal,-95.394,29.002,230.0,-95.3629605,28.98485425,230.0,24.3
4179,7312,7429,1,548.0,98.2904795284135,17.9,T1_normal,-95.394,29.002,230.0,-95.3629605,28.98485425,230.0,16.6
4180,13354,7312,1,122.9,0.0,0.0,T1_normal,-95.394,29.002,20.0,-95.394,29.002,230.0,0.0
4181,7313,7430,1,98.0,2.164291176684507,2.2,T1_normal,-95.394,29.002,115.0,-95.3629605,28.98485425,115.0,2.2
4182,7313,7430,1,149.2,15.427127418581676,10.3,T1_normal,-95.394,29.002,115.0,-95.3629605,28.98485425,115.0,10.4
4183,7313,12994,1,128.9,30.260350994534235,23.5,T1_normal,-95.394,29.002,115.0,-95.3629605,28.98485425,115.0,22.5
4184,7340,7314,1,220.0,106.8463996399678,48.6,T1_normal,-96.107713,29.795148,115.0,-96.252942,29.987117,115.0,42.5
4185,7316,7383,1,221.0,57.170381776306286,25.9,T1_normal,-95.41128715217393,29.77727818478261,115.0,-95.435068,29.364128,115.0,23.9
4186,7316,7383,1,221.0,57.170381776306286,25.9,T1_normal,-95.41128715217393,29.77727818478261,115.0,-95.435068,29.364128,115.0,23.9
4187,7317,7424,1,221.0,70.69303587125191,32.0,T1_normal,-95.192133,29.515074,115.0,-95.21873266666668,29.305820666666666,115.0,30.6
4188,7317,7424,1,221.0,70.69303587125191,32.0,T1_normal,-95.192133,29.515074,115.0,-95.21873266666668,29.305820666666666,115.0,30.6
4189,7317,7424,1,221.0,70.69303587125191,32.0,T1_normal,-95.192133,29.515074,115.0,-95.21873266666668,29.305820666666666,115.0,30.6
4190,7317,7424,1,221.0,70.69303587125191,32.0,T1_normal,-95.192133,29.515074,115.0,-95.21873266666668,29.305820666666666,115.0,30.6
4191,7318,7382,1,149.0,13.644057070844616,9.2,T1_normal,-95.41128715217393,29.77727818478261,115.0,-95.41128715217393,29.77727818478261,115.0,9.7
4192,7318,7382,1,137.3,16.5613491108779,12.1,T1_normal,-95.41128715217393,29.77727818478261,115.0,-95.41128715217393,29.77727818478261,115.0,12.8
4193,7321,7320,1,1000.0,106.77891285181856,10.7,T1_normal,-95.3629605,28.98485425,230.0,-95.3629605,28.98485425,500.0,8.4
4194,7323,7320,1,200.6,0.0,0.0,T1_normal,-95.3629605,28.98485425,13.8,-95.3629605,28.98485425,500.0,0.0
4195,7324,7320,1,93.5,0.0,0.0,T1_normal,-95.3629605,28.98485425,13.8,-95.3629605,28.98485425,500.0,0.0
4196,7325,7320,1,97.7,0.0,0.0,T1_normal,-95.3629605,28.98485425,13.8,-95.3629605,28.98485425,500.0,0.0
4197,7326,7320,1,111.7,0.0,0.0,T1_normal,-95.3629605,28.98485425,13.8,-95.3629605,28.98485425,500.0,0.0
4198,7320,7422,1,2020.0,106.77891285181929,5.3,T1_normal,-95.3629605,28.98485425,500.0,-95.21873266666668,29.305820666666666,500.0,4.2
4199,7322,7321,1,128.4,50.943853671428926,39.7,T1_normal,-95.3629605,28.98485425,115.0,-95.3629605,28.98485425,230.0,38.1
4200,7322,7380,1,149.0,50.94385367142884,34.2,T1_normal,-95.3629605,28.98485425,115.0,-95.3629605,28.98485425,115.0,32.8
4201,7328,7327,1,172.0,17.078174323566664,9.9,T1_normal,-95.8997,29.2639,115.0,-95.8997,29.2639,230.0,10.7
4202,7329,7327,1,99.0,0.0,0.0,T1_normal,-95.8997,29.2639,13.8,-95.8997,29.2639,230.0,0.0
4203,7328,7339,1,149.0,17.07817432356684,11.5,T1_normal,-95.8997,29.2639,115.0,-95.785914,29.3459875,115.0,12.4
4204,7362,7330,1,98.0,80.11015354121831,81.7,T2_watch,-95.41128715217393,29.77727818478261,115.0,-95.41128715217393,29.77727818478261,115.0,71.4
4205,7330,7399,1,112.6,14.62994014788208,13.0,T1_normal,-95.41128715217393,29.77727818478261,115.0,-95.41128715217393,29.77727818478261,115.0,14.3
4206,7332,7331,1,1122.0,346.7617558468973,30.9,T1_normal,-95.1431518,29.6833732,230.0,-95.1431518,29.6833732,500.0,28.2
4207,7334,7331,1,281.5,0.0,0.0,T1_normal,-95.1431518,29.6833732,20.0,-95.1431518,29.6833732,500.0,0.0
4208,7335,7331,1,211.9,0.0,0.0,T1_normal,-95.1431518,29.6833732,20.0,-95.1431518,29.6833732,500.0,0.0
4209,7331,7400,1,2768.0,1377.203074611782,49.8,T1_normal,-95.1431518,29.6833732,500.0,-95.41128715217393,29.77727818478261,500.0,39.2
4210,12552,7331,1,217.3,0.0,0.0,T1_normal,-95.1431518,29.6833732,20.0,-95.1431518,29.6833732,500.0,0.0
4211,12553,7331,1,229.5,0.0,0.0,T1_normal,-95.1431518,29.6833732,20.0,-95.1431518,29.6833732,500.0,0.0
4212,7333,7332,1,280.8,184.73484642213353,65.8,T1_normal,-95.1431518,29.6833732,115.0,-95.1431518,29.6833732,230.0,61.0
4213,7333,7332,1,280.8,184.73484642213353,65.8,T1_normal,-95.1431518,29.6833732,115.0,-95.1431518,29.6833732,230.0,61.0
4214,7333,7332,1,280.8,184.73484642213353,65.8,T1_normal,-95.1431518,29.6833732,115.0,-95.1431518,29.6833732,230.0,61.0
4215,7401,7332,1,548.0,135.46644815861413,24.7,T1_normal,-95.41128715217393,29.77727818478261,230.0,-95.1431518,29.6833732,230.0,25.5
4216,7336,7418,1,221.0,129.28837173370945,58.5,T1_normal,-95.567968,29.62431,115.0,-95.41128715217393,29.77727818478261,115.0,51.2
4217,7336,7418,1,221.0,129.28837173370945,58.5,T1_normal,-95.567968,29.62431,115.0,-95.41128715217393,29.77727818478261,115.0,51.2
4218,7345,7338,1,221.0,38.89341205367742,17.6,T1_normal,-95.41128715217393,29.77727818478261,115.0,-95.41128715217393,29.77727818478261,115.0,15.2
4219,7345,7338,1,221.0,38.89341205367742,17.6,T1_normal,-95.41128715217393,29.77727818478261,115.0,-95.41128715217393,29.77727818478261,115.0,15.2
4220,7339,7393,1,249.1,60.14959147118999,24.1,T1_normal,-95.785914,29.3459875,115.0,-95.967518,29.191296,115.0,18.0
4221,7339,12696,1,1015.0,562.2239986402711,55.4,T1_normal,-95.785914,29.3459875,115.0,-95.785914,29.3459875,500.0,47.8
4222,7339,13404,1,194.1,114.94952945208058,59.2,T1_normal,-95.785914,29.3459875,115.0,-95.68083125,29.15439325,115.0,50.9
4223,7339,13404,1,194.1,114.94952945208058,59.2,T1_normal,-95.785914,29.3459875,115.0,-95.68083125,29.15439325,115.0,50.9
4224,7339,13404,1,194.1,114.94952945208058,59.2,T1_normal,-95.785914,29.3459875,115.0,-95.68083125,29.15439325,115.0,50.9
4225,7342,7341,1,1311.0,1023.303461901772,78.1,T1_normal,-95.7842315,29.79427175,230.0,-95.7842315,29.79427175,500.0,66.1
4226,12696,7341,1,2250.0,1245.6831436990988,55.4,T1_normal,-95.785914,29.3459875,500.0,-95.7842315,29.79427175,500.0,50.0
4227,12704,7341,1,2301.4,2125.7127141778897,92.4,T3_prevent,-95.41128715217393,29.77727818478261,500.0,-95.7842315,29.79427175,500.0,71.3
4228,7343,7342,1,190.0,82.01112262051602,43.2,T1_normal,-95.7842315,29.79427175,115.0,-95.7842315,29.79427175,230.0,40.5
4229,7343,7342,1,190.0,82.01112262051602,43.2,T1_normal,-95.7842315,29.79427175,115.0,-95.7842315,29.79427175,230.0,40.5
4230,7342,7409,1,750.0,341.1054762676329,45.5,T1_normal,-95.7842315,29.79427175,230.0,-95.7842315,29.79427175,230.0,38.7
4231,7342,7409,1,750.0,341.1054762676329,45.5,T1_normal,-95.7842315,29.79427175,230.0,-95.7842315,29.79427175,230.0,38.7
4232,7344,7404,1,149.0,78.89563421948455,53.0,T1_normal,-95.41128715217393,29.77727818478261,115.0,-95.41128715217393,29.77727818478261,115.0,50.5
4233,7345,7382,1,221.0,5.520940938576757,2.5,T1_normal,-95.41128715217393,29.77727818478261,115.0,-95.41128715217393,29.77727818478261,115.0,1.3
4234,7345,7382,1,221.0,5.520940938576757,2.5,T1_normal,-95.41128715217393,29.77727818478261,115.0,-95.41128715217393,29.77727818478261,115.0,1.3
4235,7347,7346,1,1271.0,661.1071832613632,52.0,T1_normal,-95.6326335,29.479039,230.0,-95.6326335,29.479039,500.0,42.4
4236,7347,7346,1,1271.0,661.1071832613632,52.0,T1_normal,-95.6326335,29.479039,230.0,-95.6326335,29.479039,500.0,42.4
4237,7349,7346,1,849.4,479.4935421334728,56.5,T1_normal,-95.6326335,29.479039,13.8,-95.6326335,29.479039,500.0,20.6
4238,7350,7346,1,847.6,0.0,0.0,T1_normal,-95.6326335,29.479039,13.8,-95.6326335,29.479039,500.0,0.0
4239,7351,7346,1,687.5,0.0,0.0,T1_normal,-95.6326335,29.479039,13.8,-95.6326335,29.479039,500.0,0.0
4240,7352,7346,1,720.5,0.0,0.0,T1_normal,-95.6326335,29.479039,13.8,-95.6326335,29.479039,500.0,0.0
4241,7353,7346,1,759.5,366.36160067416944,48.2,T1_normal,-95.6326335,29.479039,13.8,-95.6326335,29.479039,500.0,7.9
4242,7354,7346,1,349.0,0.0,0.0,T1_normal,-95.6326335,29.479039,13.8,-95.6326335,29.479039,500.0,0.0
4243,7355,7346,1,253.3,137.53202743135304,54.3,T1_normal,-95.6326335,29.479039,13.8,-95.6326335,29.479039,500.0,32.4
4244,7356,7346,1,240.0,0.0,0.0,T1_normal,-95.6326335,29.479039,13.8,-95.6326335,29.479039,500.0,0.0
4245,7357,7346,1,30.0,13.0,43.3,T1_normal,-95.6326335,29.479039,13.8,-95.6326335,29.479039,500.0,41.1
4246,7346,12747,1,3834.0,2087.4283342117883,54.4,T1_normal,-95.6326335,29.479039,500.0,-96.141572,29.159228,500.0,50.0
4247,7348,7347,1,407.0,311.195197782369,76.5,T1_normal,-95.6326335,29.479039,115.0,-95.6326335,29.479039,230.0,65.9
4248,7348,7347,1,407.0,311.195197782369,76.5,T1_normal,-95.6326335,29.479039,115.0,-95.6326335,29.479039,230.0,65.9
4249,7348,12860,1,205.7,81.11293646627927,39.4,T1_normal,-95.6326335,29.479039,115.0,-95.43283075,29.2128395,115.0,37.9
4250,7348,12860,1,205.7,81.11293646627927,39.4,T1_normal,-95.6326335,29.479039,115.0,-95.43283075,29.2128395,115.0,37.9
4251,7348,12860,1,205.7,81.11293646627927,39.4,T1_normal,-95.6326335,29.479039,115.0,-95.43283075,29.2128395,115.0,37.9
4252,7348,13378,1,140.7,68.28559261236649,48.5,T1_normal,-95.6326335,29.479039,115.0,-95.6326335,29.479039,115.0,43.1
4253,7380,7363,1,149.0,1.296146328571135,0.9,T1_normal,-95.3629605,28.98485425,115.0,-94.84457,29.28062966666667,115.0,2.2
4254,7365,7381,1,250.0,157.2237436789564,62.9,T1_normal,-95.41128715217393,29.77727818478261,115.0,-95.41128715217393,29.77727818478261,115.0,60.8
4255,7367,7366,1,1249.0,200.5787391201281,16.1,T1_normal,-95.069071,29.842662,230.0,-95.069071,29.842662,500.0,14.6
4256,7367,7366,1,1249.0,200.5787391201281,16.1,T1_normal,-95.069071,29.842662,230.0,-95.069071,29.842662,500.0,14.6
4257,7369,7366,1,201.5,0.0,0.0,T1_normal,-95.069071,29.842662,18.0,-95.069071,29.842662,500.0,0.0
4258,7370,7366,1,239.1,0.0,0.0,T1_normal,-95.069071,29.842662,18.0,-95.069071,29.842662,500.0,0.0
4259,7371,7366,1,202.4,0.0,0.0,T1_normal,-95.069071,29.842662,18.0,-95.069071,29.842662,500.0,0.0
4260,7372,7366,1,192.5,0.0,0.0,T1_normal,-95.069071,29.842662,18.0,-95.069071,29.842662,500.0,0.0
4261,7373,7366,1,192.1,0.0,0.0,T1_normal,-95.069071,29.842662,18.0,-95.069071,29.842662,500.0,0.0
4262,7366,7400,1,2295.0,158.90962984335033,6.9,T1_normal,-95.069071,29.842662,500.0,-95.41128715217393,29.77727818478261,500.0,6.6
4263,7366,7400,1,2391.1,218.46823088120004,9.1,T1_normal,-95.069071,29.842662,500.0,-95.41128715217393,29.77727818478261,500.0,8.7
4264,7368,7367,1,392.0,13.2992095372634,3.4,T1_normal,-95.069071,29.842662,115.0,-95.069071,29.842662,230.0,2.7
4265,7368,7367,1,392.0,13.2992095372634,3.4,T1_normal,-95.069071,29.842662,115.0,-95.069071,29.842662,230.0,2.7
4266,7368,7367,1,392.0,13.2992095372634,3.4,T1_normal,-95.069071,29.842662,115.0,-95.069071,29.842662,230.0,2.7
4267,7368,7402,1,133.8,5.2696984094238175,3.9,T1_normal,-95.069071,29.842662,115.0,-95.41128715217393,29.77727818478261,115.0,5.1
4268,13384,7380,1,101.0,0.0,0.0,T1_normal,-95.3629605,28.98485425,20.0,-95.3629605,28.98485425,115.0,0.0
4269,7383,7412,1,226.2,40.66871021771856,18.0,T1_normal,-95.435068,29.364128,115.0,-95.295533,29.281605,115.0,15.2
4270,7383,7412,1,226.2,40.66871021771856,18.0,T1_normal,-95.435068,29.364128,115.0,-95.295533,29.281605,115.0,15.2
4271,7383,12862,1,600.0,232.0793819388584,38.7,T1_normal,-95.435068,29.364128,115.0,-95.435068,29.364128,500.0,41.5
4272,7383,13101,1,116.3,22.313189545250545,19.2,T1_normal,-95.435068,29.364128,115.0,-95.733244,29.47971475,115.0,18.9
4273,7385,7404,1,98.0,60.662053857431175,61.9,T1_normal,-95.41128715217393,29.77727818478261,115.0,-95.41128715217393,29.77727818478261,115.0,60.3
4274,7388,7427,1,118.4,23.62806440975156,20.0,T1_normal,-95.41128715217393,29.77727818478261,115.0,-95.41128715217393,29.77727818478261,115.0,12.7
4275,7390,7389,1,1278.0,578.4256238970862,45.3,T1_normal,-95.442636,30.453487000000003,230.0,-95.442636,30.453487000000003,500.0,45.0
4276,7389,8030,1,2020.0,987.5597690008426,48.9,T1_normal,-95.442636,30.453487000000003,500.0,-95.973798,30.65991,500.0,65.8
4277,7391,7390,1,127.2,67.11690956185112,52.8,T1_normal,-95.442636,30.453487000000003,115.0,-95.442636,30.453487000000003,230.0,56.0
4278,7391,7390,1,127.2,67.11690956185112,52.8,T1_normal,-95.442636,30.453487000000003,115.0,-95.442636,30.453487000000003,230.0,56.0
4279,7393,12544,1,800.0,94.64717723954692,11.8,T1_normal,-95.967518,29.191296,115.0,-95.967518,29.191296,500.0,8.3
4280,13254,7394,1,112.3,67.19999999999997,59.8,T1_normal,-95.040827,30.009659,20.0,-95.040827,30.009659,115.0,55.9
4281,13255,7394,1,111.6,0.0,0.0,T1_normal,-95.040827,30.009659,20.0,-95.040827,30.009659,115.0,0.0
4282,7396,7410,1,221.0,66.89228896589583,30.3,T1_normal,-95.41128715217393,29.77727818478261,115.0,-95.7842315,29.79427175,115.0,29.8
4283,7396,7410,1,221.0,66.89228896589583,30.3,T1_normal,-95.41128715217393,29.77727818478261,115.0,-95.7842315,29.79427175,115.0,29.8
4284,7396,7410,1,221.0,66.89228896589583,30.3,T1_normal,-95.41128715217393,29.77727818478261,115.0,-95.7842315,29.79427175,115.0,29.8
4285,7397,12879,1,211.7,84.42587704244002,39.9,T1_normal,-95.80023,29.56318,115.0,-96.020566,29.225064,115.0,37.6
4286,7397,12879,1,211.7,84.42587704244002,39.9,T1_normal,-95.80023,29.56318,115.0,-96.020566,29.225064,115.0,37.6
4287,7397,12972,1,131.2,37.75132057730648,28.8,T1_normal,-95.80023,29.56318,115.0,-95.785914,29.3459875,115.0,23.4
4288,13346,7397,1,140.8,0.0,0.0,T1_normal,-95.80023,29.56318,20.0,-95.80023,29.56318,115.0,0.0
4289,7398,7403,1,221.0,43.750314037318105,19.8,T1_normal,-95.1431518,29.6833732,115.0,-95.1431518,29.6833732,115.0,19.4
4290,7403,7398,1,221.0,43.750314037318105,19.8,T1_normal,-95.1431518,29.6833732,115.0,-95.1431518,29.6833732,115.0,19.4
4291,7399,7417,1,221.0,7.15573410984085,3.2,T1_normal,-95.41128715217393,29.77727818478261,115.0,-95.41128715217393,29.77727818478261,115.0,5.4
4292,7399,7417,1,221.0,7.15573410984085,3.2,T1_normal,-95.41128715217393,29.77727818478261,115.0,-95.41128715217393,29.77727818478261,115.0,5.4
4293,7401,7400,1,1297.0,279.9093242643629,21.6,T1_normal,-95.41128715217393,29.77727818478261,230.0,-95.41128715217393,29.77727818478261,500.0,21.0
4294,12648,7400,1,2055.0,446.77111348051994,21.7,T1_normal,-95.41128715217393,29.77727818478261,500.0,-95.41128715217393,29.77727818478261,500.0,10.2
4295,12760,7400,1,95.4,2.063165393083821,2.2,T1_normal,-95.41128715217393,29.77727818478261,20.0,-95.41128715217393,29.77727818478261,500.0,0.0
4296,7402,7401,1,423.0,34.6403357107155,8.2,T1_normal,-95.41128715217393,29.77727818478261,115.0,-95.41128715217393,29.77727818478261,230.0,5.6
4297,7401,7409,1,548.0,23.862053585186693,4.4,T1_normal,-95.41128715217393,29.77727818478261,230.0,-95.7842315,29.79427175,230.0,2.6
4298,7403,7419,1,221.0,43.894967628857806,19.9,T1_normal,-95.1431518,29.6833732,115.0,-95.062261,29.713119,115.0,18.8
4299,7403,7419,1,221.0,43.894967628857806,19.9,T1_normal,-95.1431518,29.6833732,115.0,-95.062261,29.713119,115.0,18.8
4300,7403,13176,1,188.2,2.8421709430404007e-12,0.0,T1_normal,-95.1431518,29.6833732,115.0,-95.062261,29.713119,115.0,0.0
4301,7407,7406,1,1026.0,172.84034410753185,16.8,T1_normal,-96.542544,28.663349333333333,230.0,-96.542544,28.663349333333333,500.0,14.4
4302,7414,7406,1,2633.0,971.0493326555916,36.9,T1_normal,-97.00621414285716,28.74651585714286,500.0,-96.542544,28.663349333333333,500.0,34.7
4303,7414,7406,1,2633.0,971.0493326555916,36.9,T1_normal,-97.00621414285716,28.74651585714286,500.0,-96.542544,28.663349333333333,500.0,34.7
4304,7406,12747,1,3138.0,1409.849273975929,44.9,T1_normal,-96.542544,28.663349333333333,500.0,-96.141572,29.159228,500.0,41.5
4305,7406,12747,1,3138.0,1409.849273975929,44.9,T1_normal,-96.542544,28.663349333333333,500.0,-96.141572,29.159228,500.0,41.5
4306,12849,7406,1,186.0,0.0,0.0,T1_normal,-96.542544,28.663349333333333,20.0,-96.542544,28.663349333333333,500.0,0.0
4307,12850,7406,1,222.5,0.0,0.0,T1_normal,-96.542544,28.663349333333333,20.0,-96.542544,28.663349333333333,500.0,0.0
4308,7408,7407,1,143.8,9.084647422820236,6.3,T1_normal,-96.542544,28.663349333333333,115.0,-96.542544,28.663349333333333,230.0,4.8
4309,7408,13122,1,216.0,79.49421212283082,36.8,T1_normal,-96.542544,28.663349333333333,115.0,-96.70457766666668,28.589903333333336,115.0,35.0
4310,7408,13355,1,136.4,63.291140093349085,46.4,T1_normal,-96.542544,28.663349333333333,115.0,-96.542544,28.663349333333333,115.0,46.2
4311,7410,7409,1,248.4,189.61608302997791,76.3,T1_normal,-95.7842315,29.79427175,115.0,-95.7842315,29.79427175,230.0,68.3
4312,7410,7409,1,248.4,189.61608302997791,76.3,T1_normal,-95.7842315,29.79427175,115.0,-95.7842315,29.79427175,230.0,68.3
4313,7410,7409,1,248.4,189.61608302997791,76.3,T1_normal,-95.7842315,29.79427175,115.0,-95.7842315,29.79427175,230.0,68.3
4314,7409,7420,1,548.0,84.44263600806553,15.4,T1_normal,-95.7842315,29.79427175,230.0,-95.698237,30.1865575,230.0,6.6
4315,7410,13285,1,181.3,65.60191367901442,36.2,T1_normal,-95.7842315,29.79427175,115.0,-95.733244,29.47971475,115.0,29.8
4316,13151,7412,1,219.2,0.0,0.0,T1_normal,-95.295533,29.281605,20.0,-95.295533,29.281605,115.0,0.0
4317,7412,13287,1,137.2,46.4496939321867,33.9,T1_normal,-95.295533,29.281605,115.0,-95.21873266666668,29.305820666666666,115.0,32.7
4318,7412,13328,1,162.1,77.28001064382548,47.7,T1_normal,-95.295533,29.281605,115.0,-95.43283075,29.2128395,115.0,41.6
4319,7412,13369,1,187.3,54.1014260419189,28.9,T1_normal,-95.295533,29.281605,115.0,-95.2783065,29.276466,115.0,26.2
4320,7412,13369,1,187.3,54.1014260419189,28.9,T1_normal,-95.295533,29.281605,115.0,-95.2783065,29.276466,115.0,26.2
4321,7415,7414,1,239.0,90.24868827795648,37.8,T1_normal,-97.00621414285716,28.74651585714286,230.0,-97.00621414285716,28.74651585714286,500.0,29.9
4322,12566,7414,1,3995.0,1830.9771261714484,45.8,T1_normal,-97.4230987368421,27.74350405263158,500.0,-97.00621414285716,28.74651585714286,500.0,40.0
4323,12566,7414,1,3995.0,1830.9771261714484,45.8,T1_normal,-97.4230987368421,27.74350405263158,500.0,-97.00621414285716,28.74651585714286,500.0,40.0
4324,7414,12585,1,2784.3,767.9127680470704,27.6,T1_normal,-97.00621414285716,28.74651585714286,500.0,-96.2086544,29.0561128,500.0,25.4
4325,7414,12640,1,2797.2,914.1856187875256,32.7,T1_normal,-97.00621414285716,28.74651585714286,500.0,-96.2086544,29.0561128,500.0,30.1
4326,7416,7415,1,109.0,17.745033055716565,16.3,T1_normal,-97.00621414285716,28.74651585714286,115.0,-97.00621414285716,28.74651585714286,230.0,12.1
4327,7416,13357,1,121.9,30.837116955836308,25.3,T1_normal,-97.00621414285716,28.74651585714286,115.0,-97.00621414285716,28.74651585714286,115.0,22.8
4328,7416,13375,1,137.6,34.653580580668894,25.2,T1_normal,-97.00621414285716,28.74651585714286,115.0,-97.00621414285716,28.74651585714286,115.0,23.9
4329,7417,7418,1,221.0,49.02632104325413,22.2,T1_normal,-95.41128715217393,29.77727818478261,115.0,-95.41128715217393,29.77727818478261,115.0,18.7
4330,7417,7418,1,221.0,49.02632104325413,22.2,T1_normal,-95.41128715217393,29.77727818478261,115.0,-95.41128715217393,29.77727818478261,115.0,18.7
4331,13341,7417,1,162.9,2.0631653930836436,1.3,T1_normal,-95.41128715217393,29.77727818478261,20.0,-95.41128715217393,29.77727818478261,115.0,0.0
4332,12870,7419,1,100.1,0.0,0.0,T1_normal,-95.062261,29.713119,20.0,-95.062261,29.713119,115.0,0.0
4333,12871,7419,1,106.6,0.0,0.0,T1_normal,-95.062261,29.713119,20.0,-95.062261,29.713119,115.0,0.0
4334,12872,7419,1,105.6,0.0,0.0,T1_normal,-95.062261,29.713119,20.0,-95.062261,29.713119,115.0,0.0
4335,12873,7419,1,97.9,0.0,0.0,T1_normal,-95.062261,29.713119,20.0,-95.062261,29.713119,115.0,0.0
4336,7421,7420,1,161.4,172.98498532937225,107.2,T4_light,-95.698237,30.1865575,115.0,-95.698237,30.1865575,230.0,66.8
4337,7421,7420,1,161.4,172.98498532937225,107.2,T4_light,-95.698237,30.1865575,115.0,-95.698237,30.1865575,230.0,66.8
4338,7423,7422,1,1350.0,229.84414072436437,17.0,T1_normal,-95.21873266666668,29.305820666666666,230.0,-95.21873266666668,29.305820666666666,500.0,17.2
4339,12596,7422,1,2253.2,89.95499728161747,4.0,T1_normal,-95.733244,29.47971475,500.0,-95.21873266666668,29.305820666666666,500.0,6.5
4340,7424,7423,1,213.0,123.19889583729253,57.8,T1_normal,-95.21873266666668,29.305820666666666,115.0,-95.21873266666668,29.305820666666666,230.0,56.2
4341,7424,7423,1,213.0,123.19889583729253,57.8,T1_normal,-95.21873266666668,29.305820666666666,115.0,-95.21873266666668,29.305820666666666,230.0,56.2
4342,7424,7423,1,213.0,123.19889583729253,57.8,T1_normal,-95.21873266666668,29.305820666666666,115.0,-95.21873266666668,29.305820666666666,230.0,56.2
4343,7426,13402,1,140.9,21.320615663559828,15.1,T1_normal,-95.558277,28.960572,115.0,-95.718793,29.017466,115.0,16.3
4344,7429,7428,1,927.0,163.7280166597062,17.7,T1_normal,-95.3629605,28.98485425,230.0,-95.3629605,28.98485425,500.0,14.0
4345,12682,7428,1,151.2,0.0,0.0,T1_normal,-95.3629605,28.98485425,20.0,-95.3629605,28.98485425,500.0,0.0
4346,12683,7428,1,126.0,0.0,0.0,T1_normal,-95.3629605,28.98485425,20.0,-95.3629605,28.98485425,500.0,0.0
4347,12684,7428,1,126.7,0.0,0.0,T1_normal,-95.3629605,28.98485425,20.0,-95.3629605,28.98485425,500.0,0.0
4348,12685,7428,1,109.1,0.0,0.0,T1_normal,-95.3629605,28.98485425,20.0,-95.3629605,28.98485425,500.0,0.0
4349,12686,7428,1,108.6,0.0,0.0,T1_normal,-95.3629605,28.98485425,20.0,-95.3629605,28.98485425,500.0,0.0
4350,7430,7429,1,133.8,44.77176958979623,33.5,T1_normal,-95.3629605,28.98485425,115.0,-95.3629605,28.98485425,230.0,34.8
4351,7430,12994,1,166.3,19.739649005470028,11.9,T1_normal,-95.3629605,28.98485425,115.0,-95.3629605,28.98485425,115.0,10.8
4352,7432,8003,1,98.0,207.41796612335807,211.7,T7_structural,-95.905344,30.953672,115.0,-95.934344,31.136452,115.0,53.7
4353,7432,8037,1,149.0,331.3648730302557,222.4,T7_structural,-95.905344,30.953672,115.0,-95.715509,30.959521,115.0,17.3
4354,7432,8141,1,221.0,149.21690690689772,67.5,T1_normal,-95.905344,30.953672,115.0,-96.62542,30.881424,115.0,0.7
4355,8003,8001,1,149.0,219.4079661233581,147.3,T6_heavy,-95.934344,31.136452,115.0,-96.13919,31.132442,115.0,43.3
4356,8010,8001,1,149.0,230.22796612335785,154.5,T7_structural,-96.22928,31.235882,115.0,-96.13919,31.132442,115.0,50.6
4357,8028,8002,1,98.0,18.07092063291176,18.4,T1_normal,-94.936535,32.250339,115.0,-95.077715,32.26754,115.0,13.6
4358,8002,8100,1,98.0,10.422803625927736,10.6,T1_normal,-95.077715,32.26754,115.0,-95.28425288888889,32.35432222222222,115.0,4.7
4359,8002,8138,1,121.2,4.16188299301572,3.4,T1_normal,-95.077715,32.26754,115.0,-95.28425288888889,32.35432222222222,115.0,2.6
4360,8005,8004,1,459.0,144.83900691334597,31.6,T1_normal,-94.737065,31.33610733333333,115.0,-94.737065,31.33610733333333,230.0,21.7
4361,8005,8004,1,459.0,144.83900691334597,31.6,T1_normal,-94.737065,31.33610733333333,115.0,-94.737065,31.33610733333333,230.0,21.7
4362,8097,8004,1,443.0,194.3725214675432,43.9,T1_normal,-94.87749,31.8141905,230.0,-94.737065,31.33610733333333,230.0,43.1
4363,8097,8004,1,443.0,194.3725214675432,43.9,T1_normal,-94.87749,31.8141905,230.0,-94.737065,31.33610733333333,230.0,43.1
4364,8005,8023,1,221.0,24.176927131858506,10.9,T1_normal,-94.737065,31.33610733333333,115.0,-94.737065,31.33610733333333,115.0,5.2
4365,8005,8023,1,221.0,24.176927131858506,10.9,T1_normal,-94.737065,31.33610733333333,115.0,-94.737065,31.33610733333333,115.0,5.2
4366,8005,8023,1,108.3,63.99047598409666,59.1,T1_normal,-94.737065,31.33610733333333,115.0,-94.737065,31.33610733333333,115.0,28.1
4367,8005,8111,1,123.0,59.583919141122266,48.4,T1_normal,-94.737065,31.33610733333333,115.0,-94.737065,31.33610733333333,115.0,23.0
4368,8137,8005,1,149.0,15.739764437753712,10.6,T1_normal,-95.126653,31.390774,115.0,-94.737065,31.33610733333333,115.0,10.5
4369,8006,8007,1,98.0,17.089435100349615,17.4,T1_normal,-95.413415,32.218325,115.0,-95.347503,32.11274,115.0,4.2
4370,8006,8052,1,115.7,17.84388706220046,15.4,T1_normal,-95.413415,32.218325,115.0,-95.28425288888889,32.35432222222222,115.0,10.7
4371,8006,8134,1,250.0,21.12474341156716,8.4,T1_normal,-95.413415,32.218325,115.0,-95.28425288888889,32.35432222222222,115.0,10.1
4372,8006,8134,1,143.2,17.029708550283207,11.9,T1_normal,-95.413415,32.218325,115.0,-95.28425288888889,32.35432222222222,115.0,14.2
4373,8007,8017,1,98.0,16.389456871948216,16.7,T1_normal,-95.347503,32.11274,115.0,-95.418796,32.035939,115.0,12.1
4374,8007,8017,1,125.9,30.769978228401484,24.4,T1_normal,-95.347503,32.11274,115.0,-95.418796,32.035939,115.0,17.7
4375,8008,8053,1,98.0,69.47712628843519,70.9,T1_normal,-95.521442,32.271436,115.0,-95.8568275,32.169178,115.0,54.2
4376,8081,8008,1,98.0,30.257126288435376,30.9,T1_normal,-95.28425288888889,32.35432222222222,115.0,-95.521442,32.271436,115.0,14.1
4377,8009,8104,1,220.0,113.76750483948167,51.7,T1_normal,-95.84999,30.316397,115.0,-96.054766,30.369294,115.0,43.6
4378,8086,8010,1,98.0,123.0898923551202,125.6,T6_heavy,-96.4866,31.1803,115.0,-96.22928,31.235882,115.0,50.1
4379,8010,8103,1,98.0,112.5280737682381,114.8,T5_moderate,-96.22928,31.235882,115.0,-96.202639,31.37571,115.0,32.3
4380,8045,8011,1,221.0,55.96724995241394,25.3,T1_normal,-96.08704033333332,31.83128633333333,115.0,-95.980743,31.93201,115.0,26.4
4381,8045,8011,1,221.0,55.96724995241394,25.3,T1_normal,-96.08704033333332,31.83128633333333,115.0,-95.980743,31.93201,115.0,26.4
4382,8011,8064,1,129.5,12.40686973402072,9.6,T1_normal,-95.980743,31.93201,115.0,-96.08704033333332,31.83128633333333,115.0,0.2
4383,8072,8011,1,221.0,72.2776301708072,32.7,T1_normal,-95.64904,31.9046145,115.0,-95.980743,31.93201,115.0,40.4
4384,8012,8032,1,248.0,146.91013208435547,59.2,T1_normal,-96.011435,30.527987,115.0,-95.973798,30.65991,115.0,57.3
4385,8104,8012,1,239.0,139.3101320843555,58.3,T1_normal,-96.054766,30.369294,115.0,-96.011435,30.527987,115.0,56.3
4386,8026,8013,1,98.0,5.761438313122813,5.9,T1_normal,-95.435716,32.537897,115.0,-95.424745,32.816432,115.0,23.4
4387,8013,8039,1,98.0,4.6152103341478234,4.7,T1_normal,-95.424745,32.816432,115.0,-95.643977,32.535169,115.0,9.6
4388,8013,8136,1,149.0,61.176227978975106,41.1,T1_normal,-95.424745,32.816432,115.0,-95.568154,32.925093,115.0,62.0
4389,8014,8037,1,149.0,179.92512696974413,120.8,T5_moderate,-95.499937,31.092367,115.0,-95.715509,30.959521,115.0,9.7
4390,8118,8014,1,98.0,195.07512696974408,199.1,T7_structural,-95.255739,31.188898,115.0,-95.499937,31.092367,115.0,0.7
4391,8015,8022,1,132.6,15.967797559009256,12.0,T1_normal,-94.509986,31.230511,115.0,-94.367277,31.465312,115.0,8.9
4392,8111,8015,1,98.0,40.20273187115073,41.0,T1_normal,-94.737065,31.33610733333333,115.0,-94.509986,31.230511,115.0,33.4
4393,8015,8150,1,98.0,18.35079095256864,18.7,T1_normal,-94.509986,31.230511,115.0,-94.375214,31.138382,115.0,16.8
4394,8015,13393,1,132.9,25.35414335957311,19.1,T1_normal,-94.509986,31.230511,115.0,-94.1062,31.060893,115.0,18.0
4395,8016,8122,1,98.0,3.2979972729202167,3.4,T1_normal,-96.4032496,30.7142204,115.0,-96.4032496,30.7142204,115.0,6.9
4396,8016,8140,1,132.7,37.90742606222537,28.6,T1_normal,-96.4032496,30.7142204,115.0,-96.307958,30.5895815,115.0,19.9
4397,8016,8152,1,221.0,19.384997075452404,8.8,T1_normal,-96.4032496,30.7142204,115.0,-96.4032496,30.7142204,115.0,9.0
4398,8016,8152,1,131.9,16.386328852221155,12.4,T1_normal,-96.4032496,30.7142204,115.0,-96.4032496,30.7142204,115.0,12.7
4399,8017,8040,1,98.0,65.5994351003499,66.9,T1_normal,-95.418796,32.035939,115.0,-95.643712,32.158557,115.0,53.7
4400,8019,8018,1,360.0,88.2033482654216,24.5,T1_normal,-95.28425288888889,32.35432222222222,115.0,-95.28425288888889,32.35432222222222,230.0,28.6
4401,8019,8018,1,360.0,88.2033482654216,24.5,T1_normal,-95.28425288888889,32.35432222222222,115.0,-95.28425288888889,32.35432222222222,230.0,28.6
4402,8127,8018,1,647.0,26.68777301621903,4.1,T1_normal,-95.1026285,33.188059,230.0,-95.28425288888889,32.35432222222222,230.0,25.8
4403,8018,8133,1,548.0,80.33361739995044,14.7,T1_normal,-95.28425288888889,32.35432222222222,230.0,-95.28425288888889,32.35432222222222,230.0,3.8
4404,8018,8133,1,432.4,69.38530611467364,16.0,T1_normal,-95.28425288888889,32.35432222222222,230.0,-95.28425288888889,32.35432222222222,230.0,4.2
4405,8019,8052,1,149.0,9.700498954386385,6.5,T1_normal,-95.28425288888889,32.35432222222222,115.0,-95.28425288888889,32.35432222222222,115.0,8.7
4406,8019,8052,1,124.5,9.180152474062098,7.4,T1_normal,-95.28425288888889,32.35432222222222,115.0,-95.28425288888889,32.35432222222222,115.0,9.8
4407,8019,8100,1,150.0,8.63549164377,5.8,T1_normal,-95.28425288888889,32.35432222222222,115.0,-95.28425288888889,32.35432222222222,115.0,9.3
4408,8019,8134,1,117.2,40.265809894810545,34.4,T1_normal,-95.28425288888889,32.35432222222222,115.0,-95.28425288888889,32.35432222222222,115.0,29.0
4409,8019,8135,1,221.0,28.378072018526268,12.8,T1_normal,-95.28425288888889,32.35432222222222,115.0,-95.28425288888889,32.35432222222222,115.0,14.5
4410,8019,8135,1,221.0,28.378072018526268,12.8,T1_normal,-95.28425288888889,32.35432222222222,115.0,-95.28425288888889,32.35432222222222,115.0,14.5
4411,8019,8135,1,147.8,29.280219316382272,19.8,T1_normal,-95.28425288888889,32.35432222222222,115.0,-95.28425288888889,32.35432222222222,115.0,22.4
4412,8020,8029,1,149.0,49.169617346886696,33.0,T1_normal,-95.7156,32.4744,115.0,-95.687531,32.646573,115.0,12.0
4413,8020,8040,1,149.0,24.62995457786863,16.5,T1_normal,-95.7156,32.4744,115.0,-95.643712,32.158557,115.0,11.5
4414,8020,8153,1,98.0,48.08399432165991,49.1,T1_normal,-95.7156,32.4744,115.0,-95.888865,32.518146,115.0,2.3
4415,8020,8154,1,98.0,51.71950922334454,52.8,T1_normal,-95.7156,32.4744,115.0,-95.28425288888889,32.35432222222222,115.0,40.2
4416,8022,8021,1,98.0,23.072731871151085,23.5,T1_normal,-94.367277,31.465312,115.0,-94.520617,31.81932,115.0,18.1
4417,8021,8041,1,149.0,5.187190483995607,3.5,T1_normal,-94.520617,31.81932,115.0,-94.63217766666666,31.621374,115.0,4.4
4418,8021,8119,1,149.0,38.98992235514669,26.2,T1_normal,-94.520617,31.81932,115.0,-94.7161785,32.082429000000005,115.0,23.5
4419,8022,8150,1,98.0,0.2149343121415903,0.2,T1_normal,-94.367277,31.465312,115.0,-94.375214,31.138382,115.0,1.1
4420,8023,8111,1,221.0,56.172165123907014,25.4,T1_normal,-94.737065,31.33610733333333,115.0,-94.737065,31.33610733333333,115.0,12.1
4421,8023,8111,1,221.0,56.172165123907014,25.4,T1_normal,-94.737065,31.33610733333333,115.0,-94.737065,31.33610733333333,115.0,12.1
4422,8025,8055,1,98.0,53.325713774150785,54.4,T1_normal,-95.64904,31.9046145,115.0,-95.19267,31.779325,115.0,27.2
4423,8025,8121,1,98.0,54.77130397064842,55.9,T1_normal,-95.64904,31.9046145,115.0,-95.123407,31.9424935,115.0,24.4
4424,8025,8151,1,98.0,57.337017744799155,58.5,T1_normal,-95.64904,31.9046145,115.0,-95.481652,31.417425,115.0,0.1
4425,8026,8154,1,98.0,49.318561686877246,50.3,T1_normal,-95.435716,32.537897,115.0,-95.28425288888889,32.35432222222222,115.0,32.8
4426,8027,8028,1,216.0,15.317771857082183,7.1,T1_normal,-95.220644,32.221577,115.0,-94.936535,32.250339,115.0,1.7
4427,8027,8100,1,149.0,20.72160107482368,13.9,T1_normal,-95.220644,32.221577,115.0,-95.28425288888889,32.35432222222222,115.0,13.7
4428,8027,8134,1,221.0,23.435927141254,10.6,T1_normal,-95.220644,32.221577,115.0,-95.28425288888889,32.35432222222222,115.0,11.9
4429,8027,8134,1,123.3,37.08350482473506,30.1,T1_normal,-95.220644,32.221577,115.0,-95.28425288888889,32.35432222222222,115.0,33.8
4430,8027,8135,1,130.1,15.735602748248034,12.1,T1_normal,-95.220644,32.221577,115.0,-95.28425288888889,32.35432222222222,115.0,9.0
4431,8028,8146,1,329.0,57.44869248999369,17.5,T1_normal,-94.936535,32.250339,115.0,-94.7161785,32.082429000000005,115.0,12.5
4432,8073,8029,1,149.0,23.51961734688679,15.8,T1_normal,-95.749061,32.880733,115.0,-95.687531,32.646573,115.0,5.2
4433,8031,8030,1,1036.0,39.93068693998865,3.9,T1_normal,-95.973798,30.65991,230.0,-95.973798,30.65991,500.0,1.6
4434,8033,8030,1,121.9,0.0,0.0,T1_normal,-95.973798,30.65991,13.8,-95.973798,30.65991,500.0,0.0
4435,8158,8030,1,2020.0,853.1813776065572,42.2,T1_normal,-96.4032496,30.7142204,500.0,-95.973798,30.65991,500.0,54.1
4436,8030,12874,1,2030.1,174.3090783342808,8.6,T1_normal,-95.973798,30.65991,500.0,-96.069829,30.705329,500.0,10.9
4437,8032,8031,1,400.0,79.35895410648524,19.8,T1_normal,-95.973798,30.65991,115.0,-95.973798,30.65991,230.0,19.5
4438,8031,8094,1,498.7,117.16652903767653,23.5,T1_normal,-95.973798,30.65991,230.0,-96.307958,30.5895815,230.0,30.3
4439,8031,8139,1,538.6,96.85594909206756,18.0,T1_normal,-95.973798,30.65991,230.0,-96.307958,30.5895815,230.0,24.6
4440,8031,8159,1,475.4,134.31937098686416,28.3,T1_normal,-95.973798,30.65991,230.0,-96.4032496,30.7142204,230.0,38.0
4441,8032,8143,1,250.0,39.64370033621787,15.9,T1_normal,-95.973798,30.65991,115.0,-96.069829,30.705329,115.0,15.8
4442,8032,13008,1,241.0,105.86747764165176,43.9,T1_normal,-95.973798,30.65991,115.0,-96.091337,30.651189,115.0,42.6
4443,8038,8066,1,220.0,146.34783521672838,66.5,T1_normal,-95.669493,33.1959495,115.0,-95.4621,33.21732,115.0,61.3
4444,8038,8124,1,220.0,81.6732978026526,37.1,T1_normal,-95.669493,33.1959495,115.0,-95.803234,33.098096,115.0,39.9
4445,8038,12916,1,275.0,135.11816802071797,49.1,T1_normal,-95.669493,33.1959495,115.0,-95.24810033333334,33.312846,115.0,47.0
4446,8039,8081,1,98.0,17.22521033414779,17.6,T1_normal,-95.643977,32.535169,115.0,-95.28425288888889,32.35432222222222,115.0,3.3
4447,8040,8072,1,149.0,2.19763017080723,1.5,T1_normal,-95.643712,32.158557,115.0,-95.64904,31.9046145,115.0,12.8
4448,8109,8040,1,138.0,98.0417595074111,71.0,T1_normal,-95.8568275,32.169178,115.0,-95.643712,32.158557,115.0,44.0
4449,8041,8063,1,119.0,42.77932936686071,35.9,T1_normal,-94.63217766666666,31.621374,115.0,-94.63217766666666,31.621374,115.0,33.1
4450,8041,8119,1,156.7,70.05213888286468,44.7,T1_normal,-94.63217766666666,31.621374,115.0,-94.7161785,32.082429000000005,115.0,41.6
4451,8111,8042,1,98.0,126.24748442918668,128.8,T6_heavy,-94.737065,31.33610733333333,115.0,-94.758734,31.186933,115.0,21.4
4452,8118,8042,1,98.0,98.93748442918672,101.0,T4_light,-95.255739,31.188898,115.0,-94.758734,31.186933,115.0,6.5
4453,8044,8043,1,1072.0,62.27416634148426,5.8,T1_normal,-96.08704033333332,31.83128633333333,230.0,-96.08704033333332,31.83128633333333,500.0,13.5
4454,8046,8043,1,248.7,405.99011212307386,163.2,T7_structural,-96.08704033333332,31.83128633333333,18.0,-96.08704033333332,31.83128633333333,500.0,39.8
4455,8047,8043,1,233.5,368.1078046183717,157.6,T7_structural,-96.08704033333332,31.83128633333333,18.0,-96.08704033333332,31.83128633333333,500.0,0.0
4456,8048,8043,1,225.5,337.7692492926817,149.8,T6_heavy,-96.08704033333332,31.83128633333333,18.0,-96.08704033333332,31.83128633333333,500.0,0.0
4457,8049,8043,1,253.7,383.3487587206499,151.1,T7_structural,-96.08704033333332,31.83128633333333,18.0,-96.08704033333332,31.83128633333333,500.0,46.8
4458,8050,8043,1,236.4,137.94683587786798,58.4,T1_normal,-96.08704033333332,31.83128633333333,18.0,-96.08704033333332,31.83128633333333,500.0,38.1
4459,8051,8043,1,261.4,143.75746870229435,55.0,T1_normal,-96.08704033333332,31.83128633333333,18.0,-96.08704033333332,31.83128633333333,500.0,39.9
4460,8043,8057,1,2129.2,906.8130277661083,42.6,T1_normal,-96.08704033333332,31.83128633333333,500.0,-96.08704033333332,31.83128633333333,500.0,27.7
4461,8043,8067,1,2768.0,311.12255813201205,11.2,T1_normal,-96.08704033333332,31.83128633333333,500.0,-96.202639,31.37571,500.0,10.8
4462,8043,12763,1,2277.0,149.9380607814757,6.6,T1_normal,-96.08704033333332,31.83128633333333,500.0,-96.38666966666666,32.061173333333336,500.0,9.9
4463,8045,8044,1,388.0,0.7582911954564509,0.2,T1_normal,-96.08704033333332,31.83128633333333,115.0,-96.08704033333332,31.83128633333333,230.0,4.5
4464,8044,8058,1,402.5,15.711652802839993,3.9,T1_normal,-96.08704033333332,31.83128633333333,230.0,-96.08704033333332,31.83128633333333,230.0,18.4
4465,8044,8147,1,647.0,77.22752794886843,11.9,T1_normal,-96.08704033333332,31.83128633333333,230.0,-96.1482745,32.142643,230.0,8.2
4466,8045,8091,1,262.0,165.9949034977397,63.4,T1_normal,-96.08704033333332,31.83128633333333,115.0,-96.467327,31.896737,115.0,51.6
4467,8045,8144,1,98.0,53.30211239745557,54.4,T1_normal,-96.08704033333332,31.83128633333333,115.0,-96.329922,31.76524,115.0,36.5
4468,8081,8052,1,98.0,13.01808404571254,13.3,T1_normal,-95.28425288888889,32.35432222222222,115.0,-95.28425288888889,32.35432222222222,115.0,15.7
4469,8052,8135,1,118.5,8.516454444936805,7.2,T1_normal,-95.28425288888889,32.35432222222222,115.0,-95.28425288888889,32.35432222222222,115.0,5.8
4470,8053,8065,1,149.0,150.6909095492532,101.1,T4_light,-95.8568275,32.169178,115.0,-96.1482745,32.142643,115.0,55.4
4471,8053,8153,1,98.0,60.253783260818054,61.5,T1_normal,-95.8568275,32.169178,115.0,-95.888865,32.518146,115.0,8.7
4472,8054,8092,1,98.0,84.96062479575829,86.7,T2_watch,-96.009175,31.473728,115.0,-95.863721,31.557267,115.0,54.4
4473,8132,8054,1,98.0,101.1206247957582,103.2,T4_light,-96.229757,31.4789,115.0,-96.009175,31.473728,115.0,70.9
4474,8055,8098,1,220.0,101.25193241458304,46.0,T1_normal,-95.19267,31.779325,115.0,-94.87749,31.8141905,115.0,32.6
4475,8121,8055,1,98.0,14.136218640432483,14.4,T1_normal,-95.123407,31.9424935,115.0,-95.19267,31.779325,115.0,11.5
4476,8056,8089,1,98.0,4.30436433862571,4.4,T1_normal,-95.106353,32.482238,115.0,-95.28425288888889,32.35432222222222,115.0,0.5
4477,8056,8138,1,98.0,14.854364338625723,15.2,T1_normal,-95.106353,32.482238,115.0,-95.28425288888889,32.35432222222222,115.0,11.2
4478,8058,8057,1,491.0,82.663582212479,16.8,T1_normal,-96.08704033333332,31.83128633333333,230.0,-96.08704033333332,31.83128633333333,500.0,9.4
4479,8057,8112,1,2020.0,180.9654242715844,9.0,T1_normal,-96.08704033333332,31.83128633333333,500.0,-95.123407,31.9424935,500.0,22.6
4480,8059,8058,1,143.8,30.30148257531451,21.1,T1_normal,-96.08704033333332,31.83128633333333,115.0,-96.08704033333332,31.83128633333333,230.0,18.3
4481,8058,8068,1,548.0,52.04936488315095,9.5,T1_normal,-96.08704033333332,31.83128633333333,230.0,-96.202639,31.37571,230.0,6.5
4482,8058,8147,1,548.0,62.356614411273625,11.4,T1_normal,-96.08704033333332,31.83128633333333,230.0,-96.1482745,32.142643,230.0,4.5
4483,8058,8147,1,447.8,86.94616245683049,19.4,T1_normal,-96.08704033333332,31.83128633333333,230.0,-96.1482745,32.142643,230.0,7.6
4484,8059,8064,1,149.0,30.30148257531451,20.3,T1_normal,-96.08704033333332,31.83128633333333,115.0,-96.08704033333332,31.83128633333333,115.0,17.6
4485,8062,8063,1,220.0,94.10740936448585,42.8,T1_normal,-94.87749,31.8141905,115.0,-94.63217766666666,31.621374,115.0,40.9
4486,8062,8098,1,149.0,67.30564219653505,45.2,T1_normal,-94.87749,31.8141905,115.0,-94.87749,31.8141905,115.0,44.1
4487,8062,8098,1,136.3,48.19587757111545,35.4,T1_normal,-94.87749,31.8141905,115.0,-94.87749,31.8141905,115.0,34.6
4488,8119,8062,1,149.0,13.364110403163476,9.0,T1_normal,-94.7161785,32.082429000000005,115.0,-94.87749,31.8141905,115.0,10.0
4489,8101,8063,1,98.0,21.120235562246226,21.6,T1_normal,-95.06209,31.61295,115.0,-94.63217766666666,31.621374,115.0,21.7
4490,8063,8125,1,98.0,46.3865031691002,47.3,T1_normal,-94.63217766666666,31.621374,115.0,-94.63217766666666,31.621374,115.0,39.5
4491,8144,8064,1,149.0,27.42835230933491,18.4,T1_normal,-96.329922,31.76524,115.0,-96.08704033333332,31.83128633333333,115.0,7.6
4492,8065,8149,1,221.0,78.00839979611851,35.3,T1_normal,-96.1482745,32.142643,115.0,-96.1482745,32.142643,115.0,9.2
4493,8065,8149,1,221.0,78.00839979611851,35.3,T1_normal,-96.1482745,32.142643,115.0,-96.1482745,32.142643,115.0,9.2
4494,8065,8149,1,108.5,58.86741248708849,54.3,T1_normal,-96.1482745,32.142643,115.0,-96.1482745,32.142643,115.0,14.1
4495,12968,8065,1,240.9,366.4623134940896,152.1,T7_structural,-96.1482745,32.142643,20.0,-96.1482745,32.142643,115.0,59.2
4496,12969,8065,1,99.1,184.3111046257111,186.0,T7_structural,-96.1482745,32.142643,20.0,-96.1482745,32.142643,115.0,72.4
4497,8066,8093,1,149.0,28.452267235635215,19.1,T1_normal,-95.4621,33.21732,115.0,-94.857848,33.241961,115.0,16.4
4498,8142,8066,1,206.0,71.96989754763649,34.9,T1_normal,-95.319229,33.201315,115.0,-95.4621,33.21732,115.0,34.5
4499,12929,8066,1,352.8,250.0,70.9,T1_normal,-95.4621,33.21732,20.0,-95.4621,33.21732,115.0,66.2
4500,8068,8067,1,343.0,128.59538696726287,37.5,T1_normal,-96.202639,31.37571,230.0,-96.202639,31.37571,500.0,49.4
4501,8068,8067,1,343.0,128.59538696726287,37.5,T1_normal,-96.202639,31.37571,230.0,-96.202639,31.37571,500.0,49.4
4502,8070,8067,1,1254.5,633.7597926043795,50.5,T1_normal,-96.202639,31.37571,13.8,-96.202639,31.37571,500.0,23.9
4503,8071,8067,1,1175.4,626.2875584415949,53.3,T1_normal,-96.202639,31.37571,13.8,-96.202639,31.37571,500.0,25.5
4504,8069,8068,1,143.0,167.66823385720625,117.3,T5_moderate,-96.202639,31.37571,115.0,-96.202639,31.37571,230.0,62.1
4505,8068,8083,1,673.0,141.57190496047028,21.0,T1_normal,-96.202639,31.37571,230.0,-96.4866,31.1803,230.0,42.5
4506,8069,8103,1,149.0,119.6580737682381,80.3,T2_watch,-96.202639,31.37571,115.0,-96.202639,31.37571,115.0,26.0
4507,8069,8132,1,102.7,48.01016008896788,46.7,T1_normal,-96.202639,31.37571,115.0,-96.229757,31.4789,115.0,48.7
4508,8073,8108,1,98.0,23.91828814688988,24.4,T1_normal,-95.749061,32.880733,115.0,-95.994666,32.703269,115.0,0.7
4509,8136,8073,1,98.0,19.448670800002876,19.8,T1_normal,-95.568154,32.925093,115.0,-95.749061,32.880733,115.0,28.2
4510,8075,8074,1,550.0,121.3148458472749,22.1,T1_normal,-94.619743,32.017826,230.0,-94.619743,32.017826,500.0,18.8
4511,8075,8074,1,550.0,121.3148458472749,22.1,T1_normal,-94.619743,32.017826,230.0,-94.619743,32.017826,500.0,18.8
4512,8077,8074,1,468.0,0.0,0.0,T1_normal,-94.619743,32.017826,13.8,-94.619743,32.017826,500.0,0.0
4513,8078,8074,1,204.8,143.6231596906918,70.1,T1_normal,-94.619743,32.017826,13.8,-94.619743,32.017826,500.0,65.1
4514,8079,8074,1,218.2,133.32225565579694,61.1,T1_normal,-94.619743,32.017826,13.8,-94.619743,32.017826,500.0,50.8
4515,8080,8074,1,228.9,141.77408521859894,61.9,T1_normal,-94.619743,32.017826,13.8,-94.619743,32.017826,500.0,57.6
4516,8112,8074,1,2277.0,9.46914941843744,0.4,T1_normal,-95.123407,31.9424935,500.0,-94.619743,32.017826,500.0,2.5
4517,8074,12501,1,2277.0,226.59277600771333,10.0,T1_normal,-94.619743,32.017826,500.0,-94.5706,32.2606,500.0,16.5
4518,8076,8075,1,320.0,113.66795083484745,35.5,T1_normal,-94.619743,32.017826,115.0,-94.619743,32.017826,230.0,32.3
4519,8075,8097,1,740.0,45.99765729315975,6.2,T1_normal,-94.619743,32.017826,230.0,-94.87749,31.8141905,230.0,5.3
4520,8075,8097,1,373.2,94.26526726552068,25.3,T1_normal,-94.619743,32.017826,230.0,-94.87749,31.8141905,230.0,21.5
4521,8075,8113,1,478.7,11.301183698978525,2.4,T1_normal,-94.619743,32.017826,230.0,-95.123407,31.9424935,230.0,3.2
4522,8076,8119,1,221.0,56.83397541742394,25.7,T1_normal,-94.619743,32.017826,115.0,-94.7161785,32.082429000000005,115.0,23.4
4523,8119,8076,1,221.0,56.83397541742394,25.7,T1_normal,-94.7161785,32.082429000000005,115.0,-94.619743,32.017826,115.0,23.4
4524,8083,8082,1,1134.0,478.7260779509079,42.2,T1_normal,-96.4866,31.1803,230.0,-96.4866,31.1803,500.0,29.7
4525,8087,8082,1,1073.7,663.7018933776503,61.8,T1_normal,-96.4866,31.1803,18.0,-96.4866,31.1803,500.0,32.4
4526,8088,8082,1,1115.4,704.0744720928205,63.1,T1_normal,-96.4866,31.1803,18.0,-96.4866,31.1803,500.0,40.8
4527,8155,8082,1,2768.0,787.6463817748238,28.5,T1_normal,-96.69503,31.091925,500.0,-96.4866,31.1803,500.0,0.1
4528,8084,8083,1,184.8,65.71665862827673,35.6,T1_normal,-96.4866,31.1803,161.0,-96.4866,31.1803,230.0,24.3
4529,8083,8139,1,719.5,191.67936970141656,26.6,T1_normal,-96.4866,31.1803,230.0,-96.307958,30.5895815,230.0,34.8
4530,8083,8156,1,431.8,21.432007163627983,5.0,T1_normal,-96.4866,31.1803,230.0,-96.69503,31.091925,230.0,19.5
4531,8083,8159,1,621.9,128.11132058177125,20.6,T1_normal,-96.4866,31.1803,230.0,-96.4032496,30.7142204,230.0,26.9
4532,8083,8159,1,621.9,128.11132058177125,20.6,T1_normal,-96.4866,31.1803,230.0,-96.4032496,30.7142204,230.0,26.9
4533,8083,8159,1,621.9,128.11132058177125,20.6,T1_normal,-96.4866,31.1803,230.0,-96.4032496,30.7142204,230.0,26.9
4534,8086,8084,1,205.0,9.897442374696386,4.8,T1_normal,-96.4866,31.1803,115.0,-96.4866,31.1803,161.0,18.0
4535,8086,8102,1,218.0,132.6324499804235,60.8,T1_normal,-96.4866,31.1803,115.0,-96.66368,31.09828,115.0,48.4
4536,8089,8135,1,221.0,8.582817830686906,3.9,T1_normal,-95.28425288888889,32.35432222222222,115.0,-95.28425288888889,32.35432222222222,115.0,4.8
4537,8089,8135,1,221.0,8.582817830686906,3.9,T1_normal,-95.28425288888889,32.35432222222222,115.0,-95.28425288888889,32.35432222222222,115.0,4.8
4538,8090,8092,1,98.0,77.85062479575835,79.4,T1_normal,-95.58334,31.606693,115.0,-95.863721,31.557267,115.0,47.2
4539,8151,8090,1,98.0,62.64062479575827,63.9,T1_normal,-95.481652,31.417425,115.0,-95.58334,31.606693,115.0,31.7
4540,8091,8109,1,262.0,72.1350965022603,27.5,T1_normal,-96.467327,31.896737,115.0,-95.8568275,32.169178,115.0,33.0
4541,12921,8091,1,321.0,250.0,77.9,T1_normal,-96.467327,31.896737,20.0,-96.467327,31.896737,115.0,72.8
4542,8106,8093,1,150.0,22.505713323577936,15.0,T1_normal,-95.1026285,33.188059,115.0,-94.857848,33.241961,115.0,13.8
4543,8093,8128,1,149.0,49.2579805592132,33.1,T1_normal,-94.857848,33.241961,115.0,-95.1026285,33.188059,115.0,29.2
4544,8095,8094,1,317.0,157.65562717337644,49.7,T1_normal,-96.307958,30.5895815,115.0,-96.307958,30.5895815,230.0,44.6
4545,8094,8139,1,548.0,42.65462448539026,7.8,T1_normal,-96.307958,30.5895815,230.0,-96.307958,30.5895815,230.0,16.5
4546,8094,8139,1,424.3,40.08094384940506,9.4,T1_normal,-96.307958,30.5895815,230.0,-96.307958,30.5895815,230.0,20.1
4547,8094,8159,1,548.0,78.82905638670827,14.4,T1_normal,-96.307958,30.5895815,230.0,-96.4032496,30.7142204,230.0,20.6
4548,8094,8159,1,428.2,100.86250518669571,23.6,T1_normal,-96.307958,30.5895815,230.0,-96.4032496,30.7142204,230.0,33.8
4549,8095,8140,1,250.0,10.845627173376826,4.3,T1_normal,-96.307958,30.5895815,115.0,-96.307958,30.5895815,115.0,2.2
4550,8096,8110,1,98.0,21.961054631562284,22.4,T1_normal,-95.854461,32.715013,115.0,-95.912936,32.989261,115.0,60.2
4551,8096,8153,1,98.0,5.065839546230322,5.2,T1_normal,-95.854461,32.715013,115.0,-95.888865,32.518146,115.0,22.9
4552,8096,8153,1,126.2,5.725215085332014,4.5,T1_normal,-95.854461,32.715013,115.0,-95.888865,32.518146,115.0,20.1
4553,8098,8097,1,800.0,108.3767260911161,13.5,T1_normal,-94.87749,31.8141905,115.0,-94.87749,31.8141905,230.0,11.5
4554,8098,8097,1,800.0,108.3767260911161,13.5,T1_normal,-94.87749,31.8141905,115.0,-94.87749,31.8141905,230.0,11.5
4555,8099,8097,1,128.7,100.0,77.7,T1_normal,-94.87749,31.8141905,13.8,-94.87749,31.8141905,230.0,76.2
4556,8097,8113,1,800.0,131.75164417412049,16.5,T1_normal,-94.87749,31.8141905,230.0,-95.123407,31.9424935,230.0,15.7
4557,8097,8113,1,445.0,233.4839263845172,52.5,T1_normal,-94.87749,31.8141905,230.0,-95.123407,31.9424935,230.0,50.1
4558,8100,8135,1,141.6,0.7630454069592396,0.5,T1_normal,-95.28425288888889,32.35432222222222,115.0,-95.28425288888889,32.35432222222222,115.0,1.4
4559,8138,8100,1,111.0,13.346371233764298,12.0,T1_normal,-95.28425288888889,32.35432222222222,115.0,-95.28425288888889,32.35432222222222,115.0,6.5
4560,8100,8154,1,116.2,11.23322217132614,9.7,T1_normal,-95.28425288888889,32.35432222222222,115.0,-95.28425288888889,32.35432222222222,115.0,6.1
4561,8101,8137,1,98.0,8.580235562246319,8.8,T1_normal,-95.06209,31.61295,115.0,-95.126653,31.390774,115.0,8.9
4562,8102,8157,1,149.0,6.252013510273979,4.2,T1_normal,-96.66368,31.09828,115.0,-96.69503,31.091925,115.0,12.1
4563,8102,8157,1,173.8,26.604826010155236,15.3,T1_normal,-96.66368,31.09828,115.0,-96.69503,31.091925,115.0,44.2
4564,8102,8157,1,173.8,26.604826010155236,15.3,T1_normal,-96.66368,31.09828,115.0,-96.69503,31.091925,115.0,44.2
4565,8102,12951,1,264.0,120.0,45.5,T1_normal,-96.66368,31.09828,115.0,-96.896708,31.037352,115.0,42.5
4566,8102,12951,1,264.0,120.0,45.5,T1_normal,-96.66368,31.09828,115.0,-96.896708,31.037352,115.0,42.5
4567,13103,8102,1,287.6,0.0,0.0,T1_normal,-96.66368,31.09828,20.0,-96.66368,31.09828,115.0,0.0
4568,8106,8105,1,221.0,138.61898243818095,62.7,T1_normal,-95.1026285,33.188059,115.0,-95.1026285,33.188059,230.0,53.2
4569,8106,8105,1,221.0,138.61898243818095,62.7,T1_normal,-95.1026285,33.188059,115.0,-95.1026285,33.188059,230.0,53.2
4570,8105,8127,1,548.0,93.48951899621537,17.1,T1_normal,-95.1026285,33.188059,230.0,-95.1026285,33.188059,230.0,14.5
4571,8105,8127,1,389.6,183.74844588014588,47.2,T1_normal,-95.1026285,33.188059,230.0,-95.1026285,33.188059,230.0,40.0
4572,12828,8105,1,438.2,0.0,0.0,T1_normal,-95.1026285,33.188059,20.0,-95.1026285,33.188059,230.0,0.0
4573,8142,8106,1,149.0,3.25119941009675,2.2,T1_normal,-95.319229,33.201315,115.0,-95.1026285,33.188059,115.0,2.5
4574,8106,12912,1,194.0,74.60018101752564,38.5,T1_normal,-95.1026285,33.188059,115.0,-95.24810033333334,33.312846,115.0,34.2
4575,8106,13077,1,222.1,107.00743259077186,48.2,T1_normal,-95.1026285,33.188059,115.0,-95.24810033333334,33.312846,115.0,43.9
4576,8106,13077,1,222.1,107.00743259077186,48.2,T1_normal,-95.1026285,33.188059,115.0,-95.24810033333334,33.312846,115.0,43.9
4577,8106,13077,1,222.1,107.00743259077186,48.2,T1_normal,-95.1026285,33.188059,115.0,-95.24810033333334,33.312846,115.0,43.9
4578,8128,8107,1,221.0,45.1587386123701,20.4,T1_normal,-95.1026285,33.188059,115.0,-95.197098,33.024442,115.0,8.1
4579,8107,8142,1,151.0,75.60181869567396,50.1,T1_normal,-95.197098,33.024442,115.0,-95.319229,33.201315,115.0,54.1
4580,8107,8142,1,151.0,75.60181869567396,50.1,T1_normal,-95.197098,33.024442,115.0,-95.319229,33.201315,115.0,54.1
4581,8145,8107,1,250.0,96.83489877897804,38.7,T1_normal,-95.460935,33.01419,115.0,-95.197098,33.024442,115.0,54.5
4582,8153,8108,1,186.0,84.05883221404036,45.2,T1_normal,-95.888865,32.518146,115.0,-95.994666,32.703269,115.0,10.2
4583,8109,8123,1,98.0,77.66666300515084,79.3,T1_normal,-95.8568275,32.169178,115.0,-96.01423,32.12747,115.0,26.4
4584,8124,8110,1,111.0,38.60105463156236,34.8,T1_normal,-95.803234,33.098096,115.0,-95.912936,32.989261,115.0,68.1
4585,8111,8125,1,221.0,1.2265031691002015,0.6,T1_normal,-94.737065,31.33610733333333,115.0,-94.63217766666666,31.621374,115.0,2.9
4586,8113,8112,1,1290.0,672.1359935572125,52.1,T1_normal,-95.123407,31.9424935,230.0,-95.123407,31.9424935,500.0,43.7
4587,8115,8112,1,765.1,325.794446168368,42.6,T1_normal,-95.123407,31.9424935,13.8,-95.123407,31.9424935,500.0,4.6
4588,8116,8112,1,212.1,155.9069736988223,73.5,T1_normal,-95.123407,31.9424935,13.8,-95.123407,31.9424935,500.0,61.2
4589,8114,8113,1,190.0,144.20508533021598,75.9,T1_normal,-95.123407,31.9424935,115.0,-95.123407,31.9424935,230.0,61.2
4590,8113,8133,1,750.0,53.45000839084682,7.1,T1_normal,-95.123407,31.9424935,230.0,-95.28425288888889,32.35432222222222,230.0,3.9
4591,8113,8133,1,750.0,53.45000839084682,7.1,T1_normal,-95.123407,31.9424935,230.0,-95.28425288888889,32.35432222222222,230.0,3.9
4592,8113,8133,1,382.2,44.49413718768458,11.6,T1_normal,-95.123407,31.9424935,230.0,-95.28425288888889,32.35432222222222,230.0,6.4
4593,8121,8114,1,221.0,119.79508533021595,54.2,T1_normal,-95.123407,31.9424935,115.0,-95.123407,31.9424935,115.0,41.6
4594,8118,8151,1,98.0,102.59764254055756,104.7,T4_light,-95.255739,31.188898,115.0,-95.481652,31.417425,115.0,13.8
4595,8120,8122,1,98.0,32.11770383058532,32.8,T1_normal,-96.4032496,30.7142204,115.0,-96.4032496,30.7142204,115.0,1.6
4596,8120,8140,1,170.0,43.220214105443944,25.4,T1_normal,-96.4032496,30.7142204,115.0,-96.307958,30.5895815,115.0,2.2
4597,8120,8141,1,221.0,120.15690690689765,54.4,T1_normal,-96.4032496,30.7142204,115.0,-96.62542,30.881424,115.0,12.4
4598,8143,8120,1,221.0,77.23974368784994,35.0,T1_normal,-96.069829,30.705329,115.0,-96.4032496,30.7142204,115.0,3.0
4599,8122,8160,1,113.3,58.75046127464625,51.9,T1_normal,-96.4032496,30.7142204,115.0,-96.4032496,30.7142204,115.0,33.3
4600,8149,8123,1,98.0,95.19666300515092,97.1,T3_prevent,-96.1482745,32.142643,115.0,-96.01423,32.12747,115.0,44.3
4601,8127,8126,1,1175.0,240.79066248367695,20.5,T1_normal,-95.1026285,33.188059,230.0,-95.1026285,33.188059,500.0,10.7
4602,8127,8126,1,1175.0,240.79066248367695,20.5,T1_normal,-95.1026285,33.188059,230.0,-95.1026285,33.188059,500.0,10.7
4603,8128,8127,1,286.0,231.03113310721372,80.8,T2_watch,-95.1026285,33.188059,115.0,-95.1026285,33.188059,230.0,64.3
4604,8128,13077,1,220.0,136.6144139356305,62.1,T1_normal,-95.1026285,33.188059,115.0,-95.24810033333334,33.312846,115.0,55.7
4605,8132,8144,1,149.0,75.0404647067904,50.4,T1_normal,-96.229757,31.4789,115.0,-96.329922,31.76524,115.0,27.8
4606,8134,8133,1,300.0,84.06484691132405,28.0,T1_normal,-95.28425288888889,32.35432222222222,115.0,-95.28425288888889,32.35432222222222,230.0,29.5
4607,8134,8133,1,300.0,84.06484691132405,28.0,T1_normal,-95.28425288888889,32.35432222222222,115.0,-95.28425288888889,32.35432222222222,230.0,29.5
4608,8133,8147,1,548.0,166.45446336789723,30.4,T1_normal,-95.28425288888889,32.35432222222222,230.0,-96.1482745,32.142643,230.0,24.2
4609,8154,8135,1,149.0,12.675830292206136,8.5,T1_normal,-95.28425288888889,32.35432222222222,115.0,-95.28425288888889,32.35432222222222,115.0,8.0
4610,8136,8145,1,166.0,90.6748987789782,54.6,T1_normal,-95.568154,32.925093,115.0,-95.460935,33.01419,115.0,78.3
4611,8138,8146,1,216.0,38.86261856540547,18.0,T1_normal,-95.28425288888889,32.35432222222222,115.0,-94.7161785,32.082429000000005,115.0,12.9
4612,8140,8139,1,365.0,211.7010450405761,58.0,T1_normal,-96.307958,30.5895815,115.0,-96.307958,30.5895815,230.0,51.6
4613,8139,8159,1,430.4,156.2131927660257,36.3,T1_normal,-96.307958,30.5895815,230.0,-96.4032496,30.7142204,230.0,47.3
4614,8140,8152,1,116.4,7.596957034370533,6.5,T1_normal,-96.307958,30.5895815,115.0,-96.4032496,30.7142204,115.0,12.0
4615,12758,8142,1,372.7,0.0,0.0,T1_normal,-95.319229,33.201315,20.0,-95.319229,33.201315,115.0,0.0
4616,12759,8142,1,121.6,72.2,59.4,T1_normal,-95.319229,33.201315,20.0,-95.319229,33.201315,115.0,55.5
4617,8142,12912,1,137.1,32.64493925380805,23.8,T1_normal,-95.319229,33.201315,115.0,-95.24810033333334,33.312846,115.0,31.8
4618,8143,12874,1,600.0,35.690921665720055,5.9,T1_normal,-96.069829,30.705329,115.0,-96.069829,30.705329,500.0,4.1
4619,8143,13008,1,232.4,104.13252235834813,44.8,T1_normal,-96.069829,30.705329,115.0,-96.091337,30.651189,115.0,40.3
4620,8146,12500,1,293.0,66.77065552769949,22.8,T1_normal,-94.7161785,32.082429000000005,115.0,-94.5706,32.2606,115.0,18.1
4621,8146,12500,1,293.0,66.77065552769949,22.8,T1_normal,-94.7161785,32.082429000000005,115.0,-94.5706,32.2606,115.0,18.1
4622,8148,8147,1,201.3,57.572783785375805,28.6,T1_normal,-96.1482745,32.142643,161.0,-96.1482745,32.142643,230.0,15.7
4623,8148,8147,1,201.3,57.572783785375805,28.6,T1_normal,-96.1482745,32.142643,161.0,-96.1482745,32.142643,230.0,15.7
4624,12961,8147,1,310.2,508.1303357556211,163.8,T7_structural,-96.1482745,32.142643,20.0,-96.1482745,32.142643,230.0,27.3
4625,8149,8148,1,254.0,119.68754907417474,47.1,T1_normal,-96.1482745,32.142643,115.0,-96.1482745,32.142643,161.0,4.9
4626,8150,13393,1,124.5,26.645856640426935,21.4,T1_normal,-94.375214,31.138382,115.0,-94.1062,31.060893,115.0,20.9
4627,8152,8160,1,221.0,34.619518839512686,15.7,T1_normal,-96.4032496,30.7142204,115.0,-96.4032496,30.7142204,115.0,17.5
4628,8152,8160,1,221.0,34.619518839512686,15.7,T1_normal,-96.4032496,30.7142204,115.0,-96.4032496,30.7142204,115.0,17.5
4629,8156,8155,1,500.0,97.82032844577336,19.6,T1_normal,-96.69503,31.091925,230.0,-96.69503,31.091925,500.0,18.5
4630,8155,8158,1,2768.0,855.0833904163273,30.9,T1_normal,-96.69503,31.091925,500.0,-96.4032496,30.7142204,500.0,39.7
4631,12776,8155,1,202.7,131.11579845345898,64.7,T1_normal,-96.69503,31.091925,20.0,-96.69503,31.091925,500.0,46.9
4632,12777,8155,1,185.4,130.49311227322687,70.4,T1_normal,-96.69503,31.091925,20.0,-96.69503,31.091925,500.0,51.2
4633,8157,8156,1,277.0,26.06630957481153,9.4,T1_normal,-96.69503,31.091925,115.0,-96.69503,31.091925,230.0,50.4
4634,8156,8159,1,600.0,102.45463085695664,17.1,T1_normal,-96.69503,31.091925,230.0,-96.4032496,30.7142204,230.0,24.6
4635,8159,8158,1,1204.0,203.7472958286372,16.9,T1_normal,-96.4032496,30.7142204,230.0,-96.4032496,30.7142204,500.0,16.4
4636,13016,8158,1,165.1,109.90943396226412,66.6,T1_normal,-96.4032496,30.7142204,20.0,-96.4032496,30.7142204,500.0,62.7
4637,8160,8159,1,377.0,109.635126835326,29.1,T1_normal,-96.4032496,30.7142204,115.0,-96.4032496,30.7142204,230.0,27.3
4638,8160,8159,1,377.0,109.635126835326,29.1,T1_normal,-96.4032496,30.7142204,115.0,-96.4032496,30.7142204,230.0,27.3
4639,12500,12501,1,800.0,133.54131105539898,16.7,T1_normal,-94.5706,32.2606,115.0,-94.5706,32.2606,500.0,13.3
4640,12502,12501,1,1113.6,584.27141543575,52.5,T1_normal,-94.5706,32.2606,20.0,-94.5706,32.2606,500.0,19.8
4641,12503,12501,1,1217.0,588.0445536334296,48.3,T1_normal,-94.5706,32.2606,20.0,-94.5706,32.2606,500.0,18.9
4642,12504,12501,1,1070.8,581.1579845345897,54.3,T1_normal,-94.5706,32.2606,20.0,-94.5706,32.2606,500.0,20.5
4643,12648,12501,1,2889.1,739.7661471871602,25.6,T1_normal,-95.41128715217393,29.77727818478261,500.0,-94.5706,32.2606,500.0,34.7
4644,12501,12715,1,2272.6,653.5737193534933,28.8,T1_normal,-94.5706,32.2606,500.0,-95.669493,33.1959495,500.0,2.7
4645,12506,12505,1,516.9,286.0142053137924,55.3,T1_normal,-96.4916,32.7563,20.0,-96.4916,32.7563,500.0,17.0
4646,12507,12505,1,607.1,286.01420531379205,47.1,T1_normal,-96.4916,32.7563,20.0,-96.4916,32.7563,500.0,14.5
4647,12508,12505,1,230.1,148.0208781104423,64.3,T1_normal,-96.4916,32.7563,20.0,-96.4916,32.7563,500.0,51.3
4648,12509,12505,1,198.9,0.0,0.0,T1_normal,-96.4916,32.7563,20.0,-96.4916,32.7563,500.0,0.0
4649,12510,12505,1,224.6,0.0,0.0,T1_normal,-96.4916,32.7563,20.0,-96.4916,32.7563,500.0,0.0
4650,12511,12505,1,187.8,0.0,0.0,T1_normal,-96.4916,32.7563,20.0,-96.4916,32.7563,500.0,0.0
4651,12512,12505,1,216.4,0.0,0.0,T1_normal,-96.4916,32.7563,20.0,-96.4916,32.7563,500.0,0.0
4652,12513,12505,1,197.5,0.0,0.0,T1_normal,-96.4916,32.7563,20.0,-96.4916,32.7563,500.0,0.0
4653,12505,12536,1,1980.5,413.4531282755603,20.9,T1_normal,-96.4916,32.7563,500.0,-96.5458,32.8358,500.0,7.2
4654,12505,12715,1,2417.3,653.5737193534935,27.0,T1_normal,-96.4916,32.7563,500.0,-95.669493,33.1959495,500.0,2.5
4655,12524,12523,1,978.7,599.1315053477339,61.2,T1_normal,-98.5093816037736,29.474642000000003,20.0,-98.5093816037736,29.474642000000003,500.0,30.7
4656,12525,12523,1,837.3,394.88376543497105,47.2,T1_normal,-98.5093816037736,29.474642000000003,20.0,-98.5093816037736,29.474642000000003,500.0,15.5
4657,12529,12528,1,647.1,312.79236510039664,48.3,T1_normal,-97.34008506896552,32.753233586206896,20.0,-97.34008506896552,32.753233586206896,500.0,18.5
4658,12530,12528,1,552.1,312.79236510039664,56.7,T1_normal,-97.34008506896552,32.753233586206896,20.0,-97.34008506896552,32.753233586206896,500.0,21.7
4659,12531,12528,1,543.0,3.353781672699796,0.6,T1_normal,-97.34008506896552,32.753233586206896,20.0,-97.34008506896552,32.753233586206896,500.0,0.0
4660,12560,12535,1,2919.0,804.8063720669942,27.6,T1_normal,-98.3163296,26.4391468,500.0,-97.4230987368421,27.74350405263158,500.0,20.9
4661,12565,12535,1,2919.0,868.0259215136674,29.7,T1_normal,-97.214167,28.7128,500.0,-97.4230987368421,27.74350405263158,500.0,25.8
4662,12535,12566,1,2437.9,918.8874722211864,37.7,T1_normal,-97.4230987368421,27.74350405263158,500.0,-97.4230987368421,27.74350405263158,500.0,30.6
4663,12535,12566,1,2437.9,918.8874722211864,37.7,T1_normal,-97.4230987368421,27.74350405263158,500.0,-97.4230987368421,27.74350405263158,500.0,30.6
4664,12537,12536,1,708.7,340.7574250520808,48.1,T1_normal,-96.5458,32.8358,20.0,-96.5458,32.8358,500.0,5.6
4665,12538,12536,1,488.1,0.0,0.0,T1_normal,-96.5458,32.8358,20.0,-96.5458,32.8358,500.0,0.0
4666,12545,12544,1,654.4,510.0000000000001,77.9,T1_normal,-95.967518,29.191296,20.0,-95.967518,29.191296,500.0,72.8
4667,12546,12544,1,405.5,0.0,0.0,T1_normal,-95.967518,29.191296,20.0,-95.967518,29.191296,500.0,0.0
4668,12544,12880,1,2120.4,604.6471772395478,28.5,T1_normal,-95.967518,29.191296,500.0,-96.020566,29.225064,500.0,25.6
4669,12548,12547,1,204.8,0.5054945054944859,0.2,T1_normal,-97.46203133333334,31.819786000000004,13.8,-97.46203133333334,31.819786000000004,500.0,0.0
4670,12549,12547,1,200.4,148.74082487588907,74.2,T1_normal,-97.46203133333334,31.819786000000004,13.8,-97.46203133333334,31.819786000000004,500.0,66.1
4671,12550,12547,1,209.9,0.5054945054945748,0.2,T1_normal,-97.46203133333334,31.819786000000004,13.8,-97.46203133333334,31.819786000000004,500.0,0.0
4672,12551,12547,1,131.5,0.5054945054945081,0.4,T1_normal,-97.46203133333334,31.819786000000004,13.8,-97.46203133333334,31.819786000000004,500.0,0.0
4673,12555,12556,1,800.0,562.3654338108572,70.3,T1_normal,-97.93385,33.07965,161.0,-97.93385,33.07965,500.0,68.6
4674,12557,12556,1,300.8,0.0,0.0,T1_normal,-97.93385,33.07965,20.0,-97.93385,33.07965,500.0,0.0
4675,12558,12556,1,293.5,0.0,0.0,T1_normal,-97.93385,33.07965,20.0,-97.93385,33.07965,500.0,0.0
4676,12559,12556,1,365.5,0.0,0.0,T1_normal,-97.93385,33.07965,20.0,-97.93385,33.07965,500.0,0.0
4677,12561,12560,1,342.2,211.7199740755475,61.9,T1_normal,-98.3163296,26.4391468,20.0,-98.3163296,26.4391468,500.0,49.7
4678,12562,12560,1,273.2,184.81489441856417,67.6,T1_normal,-98.3163296,26.4391468,20.0,-98.3163296,26.4391468,500.0,49.4
4679,12563,12560,1,263.3,184.81489441856417,70.2,T1_normal,-98.3163296,26.4391468,20.0,-98.3163296,26.4391468,500.0,51.3
4680,12560,12566,1,2919.0,927.262667099205,31.8,T1_normal,-98.3163296,26.4391468,500.0,-97.4230987368421,27.74350405263158,500.0,24.3
4681,12568,12567,1,245.4,1.0178117048345925,0.4,T1_normal,-94.945159,29.3895056,20.0,-94.945159,29.3895056,500.0,0.0
4682,12569,12567,1,204.5,1.0178117048345925,0.5,T1_normal,-94.945159,29.3895056,20.0,-94.945159,29.3895056,500.0,0.0
4683,12570,12567,1,188.8,1.0178117048345925,0.5,T1_normal,-94.945159,29.3895056,20.0,-94.945159,29.3895056,500.0,0.0
4684,12571,12567,1,111.3,1.0178117048345925,0.9,T1_normal,-94.945159,29.3895056,20.0,-94.945159,29.3895056,500.0,0.0
4685,12572,12567,1,102.9,1.0178117048345925,1.0,T1_normal,-94.945159,29.3895056,20.0,-94.945159,29.3895056,500.0,0.0
4686,12567,12689,1,2270.5,124.9135424923452,5.5,T1_normal,-94.945159,29.3895056,500.0,-94.945159,29.3895056,500.0,5.3
4687,12567,12699,1,2439.6,102.1677369999452,4.2,T1_normal,-94.945159,29.3895056,500.0,-94.943829,29.378697,500.0,3.6
4688,12573,12574,1,800.0,413.23423598614465,51.7,T1_normal,-96.087226,29.2829165,115.0,-96.087226,29.2829165,500.0,46.0
4689,12575,12574,1,149.7,0.0,0.0,T1_normal,-96.087226,29.2829165,20.0,-96.087226,29.2829165,500.0,0.0
4690,12576,12574,1,156.6,0.0,0.0,T1_normal,-96.087226,29.2829165,20.0,-96.087226,29.2829165,500.0,0.0
4691,12577,12574,1,126.8,84.99999999999999,67.0,T1_normal,-96.087226,29.2829165,20.0,-96.087226,29.2829165,500.0,65.0
4692,12578,12574,1,109.3,0.0,0.0,T1_normal,-96.087226,29.2829165,20.0,-96.087226,29.2829165,500.0,0.0
4693,12579,12574,1,136.0,0.0,0.0,T1_normal,-96.087226,29.2829165,20.0,-96.087226,29.2829165,500.0,0.0
4694,12580,12574,1,126.5,0.0,0.0,T1_normal,-96.087226,29.2829165,20.0,-96.087226,29.2829165,500.0,0.0
4695,12574,12640,1,3108.0,1847.4092494168497,59.4,T1_normal,-96.087226,29.2829165,500.0,-96.2086544,29.0561128,500.0,56.0
4696,12581,12582,1,600.0,160.47067602130198,26.7,T1_normal,-101.9707005,34.487581000000006,161.0,-101.9707005,34.487581000000006,500.0,27.4
4697,12581,12846,1,180.9,86.84965100133937,48.0,T1_normal,-101.9707005,34.487581000000006,161.0,-102.051944,34.511944,161.0,33.7
4698,12581,13038,1,297.0,119.23343838290634,40.1,T1_normal,-101.9707005,34.487581000000006,161.0,-101.9707005,34.487581000000006,161.0,44.9
4699,12581,13057,1,222.7,33.58763773231086,15.1,T1_normal,-101.9707005,34.487581000000006,161.0,-102.2138885,34.734027999999995,161.0,5.8
4700,12581,13161,1,224.0,39.78373273688689,17.8,T1_normal,-101.9707005,34.487581000000006,161.0,-102.053717,34.378546,161.0,18.8
4701,12581,13165,1,191.6,54.7155181705385,28.6,T1_normal,-101.9707005,34.487581000000006,161.0,-102.052422,34.769544,161.0,19.1
4702,12583,12582,1,730.3,600.0,82.2,T2_watch,-101.9707005,34.487581000000006,20.0,-101.9707005,34.487581000000006,500.0,76.8
4703,12633,12582,1,2205.4,886.610227467736,40.2,T1_normal,-101.59661,34.4067,500.0,-101.9707005,34.487581000000006,500.0,34.2
4704,12582,12847,1,2092.0,126.13955144643114,6.0,T1_normal,-101.9707005,34.487581000000006,500.0,-102.051944,34.511944,500.0,1.4
4705,12584,12585,1,691.0,24.598016373019504,3.6,T1_normal,-96.2086544,29.0561128,115.0,-96.2086544,29.0561128,500.0,3.3
4706,12584,12639,1,316.0,11.265719284025622,3.6,T1_normal,-96.2086544,29.0561128,115.0,-96.2086544,29.0561128,115.0,3.3
4707,12584,13234,1,375.0,13.332297088992815,3.6,T1_normal,-96.2086544,29.0561128,115.0,-96.2086544,29.0561128,115.0,3.3
4708,12586,12585,1,732.2,600.0000000000001,81.9,T2_watch,-96.2086544,29.0561128,20.0,-96.2086544,29.0561128,500.0,76.6
4709,12585,12640,1,2716.4,1343.3147516740462,49.5,T1_normal,-96.2086544,29.0561128,500.0,-96.2086544,29.0561128,500.0,45.8
4710,12590,12591,1,600.0,102.05307532878685,17.0,T1_normal,-96.93121275,31.43308425,161.0,-96.93121275,31.43308425,500.0,47.5
4711,12590,12926,1,209.6,99.84139666037706,47.6,T1_normal,-96.93121275,31.43308425,161.0,-96.93121275,31.43308425,161.0,75.7
4712,12592,12591,1,561.4,500.0,89.1,T2_watch,-96.93121275,31.43308425,20.0,-96.93121275,31.43308425,500.0,83.2
4713,12591,12826,1,2033.5,602.0530753287844,29.6,T1_normal,-96.93121275,31.43308425,500.0,-96.84912,31.509216,500.0,37.0
4714,12593,12594,1,600.0,255.34840967836203,42.6,T1_normal,-101.856375,31.1644605,115.0,-101.856375,31.1644605,230.0,47.2
4715,12593,13155,1,189.0,85.90000000000018,45.4,T1_normal,-101.856375,31.1644605,115.0,-101.856375,31.1644605,115.0,42.5
4716,12593,13155,1,189.0,85.90000000000018,45.4,T1_normal,-101.856375,31.1644605,115.0,-101.856375,31.1644605,115.0,42.5
4717,12595,12594,1,520.6,449.4999999999998,86.3,T2_watch,-101.856375,31.1644605,20.0,-101.856375,31.1644605,230.0,80.7
4718,12667,12594,1,542.8,187.75830281902284,34.6,T1_normal,-102.45323571428573,31.843002285714284,230.0,-101.856375,31.1644605,230.0,32.3
4719,12774,12594,1,447.8,235.14967830710648,52.5,T1_normal,-102.39869175,31.160862,230.0,-101.856375,31.1644605,230.0,61.4
4720,12791,12594,1,405.4,135.46254951680135,33.4,T1_normal,-101.214787,31.1946825,230.0,-101.856375,31.1644605,230.0,48.9
4721,12855,12594,1,597.6,351.24659250566526,58.8,T1_normal,-102.2726905,31.190672000000003,230.0,-101.856375,31.1644605,230.0,74.6
4722,12855,12594,1,597.6,351.24659250566526,58.8,T1_normal,-102.2726905,31.190672000000003,230.0,-101.856375,31.1644605,230.0,74.6
4723,12855,12594,1,597.6,351.24659250566526,58.8,T1_normal,-102.2726905,31.190672000000003,230.0,-101.856375,31.1644605,230.0,74.6
4724,12597,12596,1,242.4,183.62505373253072,75.8,T1_normal,-95.733244,29.47971475,20.0,-95.733244,29.47971475,500.0,61.9
4725,12598,12596,1,241.7,0.0,0.0,T1_normal,-95.733244,29.47971475,20.0,-95.733244,29.47971475,500.0,0.0
4726,12599,12596,1,198.7,0.0,0.0,T1_normal,-95.733244,29.47971475,20.0,-95.733244,29.47971475,500.0,0.0
4727,12600,12601,1,600.0,295.90994113707046,49.3,T1_normal,-97.69946625,32.40925625,161.0,-97.69946625,32.40925625,500.0,17.0
4728,12602,12601,1,388.5,2.5667351129363247,0.7,T1_normal,-97.69946625,32.40925625,20.0,-97.69946625,32.40925625,500.0,0.0
4729,12603,12601,1,118.2,2.5667351129363247,2.2,T1_normal,-97.69946625,32.40925625,20.0,-97.69946625,32.40925625,500.0,0.0
4730,12604,12601,1,117.8,2.5667351129363247,2.2,T1_normal,-97.69946625,32.40925625,20.0,-97.69946625,32.40925625,500.0,0.0
4731,12605,12601,1,98.8,2.566735112936347,2.6,T1_normal,-97.69946625,32.40925625,20.0,-97.69946625,32.40925625,500.0,0.0
4732,12606,12601,1,92.1,2.566735112936347,2.8,T1_normal,-97.69946625,32.40925625,20.0,-97.69946625,32.40925625,500.0,0.0
4733,12609,12607,1,702.4,524.9999999999986,74.7,T1_normal,-100.69729,31.79261,20.0,-100.69729,31.79261,115.0,69.8
4734,12607,13280,1,164.1,88.43825466683306,53.9,T1_normal,-100.69729,31.79261,115.0,-100.825,31.888,115.0,49.6
4735,12607,13280,1,164.1,88.43825466683306,53.9,T1_normal,-100.69729,31.79261,115.0,-100.825,31.888,115.0,49.6
4736,12607,13413,1,211.5,116.04116355544409,54.9,T1_normal,-100.69729,31.79261,115.0,-100.98431625,31.875952,115.0,51.6
4737,12607,13413,1,211.5,116.04116355544409,54.9,T1_normal,-100.69729,31.79261,115.0,-100.98431625,31.875952,115.0,51.6
4738,12607,13413,1,211.5,116.04116355544409,54.9,T1_normal,-100.69729,31.79261,115.0,-100.98431625,31.875952,115.0,51.6
4739,12614,12613,1,260.5,148.3056391394923,56.9,T1_normal,-98.3721,30.558,20.0,-98.3721,30.558,500.0,36.3
4740,12615,12613,1,235.9,0.0,0.0,T1_normal,-98.3721,30.558,20.0,-98.3721,30.558,500.0,0.0
4741,12616,12613,1,238.9,145.9648729255518,61.1,T1_normal,-98.3721,30.558,20.0,-98.3721,30.558,500.0,45.5
4742,12617,12618,1,943.0,275.5785363028295,29.2,T1_normal,-102.2706,34.913,161.0,-102.2706,34.913,500.0,29.5
4743,12617,12837,1,278.0,16.644691101739717,6.0,T1_normal,-102.2706,34.913,161.0,-102.2138885,34.734027999999995,161.0,10.7
4744,12617,13004,1,416.0,160.92631927535416,38.7,T1_normal,-102.2706,34.913,161.0,-102.315517,35.200164,161.0,46.5
4745,12617,13057,1,368.0,71.42480889966691,19.4,T1_normal,-102.2706,34.913,161.0,-102.2138885,34.734027999999995,161.0,15.7
4746,12617,13165,1,213.7,59.87209922955081,28.0,T1_normal,-102.2706,34.913,161.0,-102.052422,34.769544,161.0,26.8
4747,12619,12618,1,595.9,514.9999999999999,86.4,T2_watch,-102.2706,34.913,20.0,-102.2706,34.913,500.0,80.8
4748,12618,12838,1,1971.5,154.33181448721172,7.8,T1_normal,-102.2706,34.913,500.0,-102.2138885,34.734027999999995,500.0,14.4
4749,12618,12847,1,1971.5,173.08721188178708,8.8,T1_normal,-102.2706,34.913,500.0,-102.051944,34.511944,500.0,15.5
4750,12618,12867,1,2219.1,809.3339336974019,36.5,T1_normal,-102.2706,34.913,500.0,-101.326111,35.093889,500.0,35.2
4751,12620,12621,1,732.0,631.5385981140129,86.3,T2_watch,-97.2711,30.146700000000003,115.0,-97.2711,30.146700000000003,500.0,36.8
4752,12622,12621,1,236.7,1139.776373624397,481.5,T7_structural,-97.2711,30.146700000000003,20.0,-97.2711,30.146700000000003,500.0,44.4
4753,12623,12621,1,210.1,1124.3791290804468,535.2,T7_structural,-97.2711,30.146700000000003,20.0,-97.2711,30.146700000000003,500.0,55.7
4754,12624,12621,1,233.7,1079.9315611117822,462.1,T7_structural,-97.2711,30.146700000000003,20.0,-97.2711,30.146700000000003,500.0,0.0
4755,12621,12852,1,2277.2,2061.7081399538124,90.5,T3_prevent,-97.2711,30.146700000000003,500.0,-97.270537,29.894053,500.0,32.5
4756,12629,12630,1,600.0,31.576852062302407,5.3,T1_normal,-101.2971195,30.742809,115.0,-101.2971195,30.742809,230.0,5.7
4757,12629,12819,1,184.0,31.57685206230134,17.2,T1_normal,-101.2971195,30.742809,115.0,-101.9839414,30.8611026,115.0,18.7
4758,12631,12630,1,695.5,614.0838243038659,88.3,T2_watch,-101.2971195,30.742809,20.0,-101.2971195,30.742809,230.0,67.7
4759,12791,12630,1,757.0,376.9040030997207,49.8,T1_normal,-101.214787,31.1946825,230.0,-101.2971195,30.742809,230.0,42.0
4760,12630,12811,1,773.0,462.1981802003848,59.8,T1_normal,-101.2971195,30.742809,230.0,-101.214787,31.1946825,230.0,50.6
4761,12630,12820,1,496.0,193.4415069339377,39.0,T1_normal,-101.2971195,30.742809,230.0,-101.9839414,30.8611026,230.0,41.1
4762,12632,12633,1,600.0,144.41138107134748,24.1,T1_normal,-101.59661,34.4067,161.0,-101.59661,34.4067,500.0,12.8
4763,12632,12807,1,348.0,79.9926812840809,23.0,T1_normal,-101.59661,34.4067,161.0,-101.381494,34.196962,161.0,19.9
4764,12632,12846,1,282.1,142.0028582766687,50.3,T1_normal,-101.59661,34.4067,161.0,-102.051944,34.511944,161.0,28.7
4765,12632,12846,1,282.1,142.0028582766687,50.3,T1_normal,-101.59661,34.4067,161.0,-102.051944,34.511944,161.0,28.7
4766,12634,12633,1,605.1,500.0,82.6,T2_watch,-101.59661,34.4067,20.0,-101.59661,34.4067,500.0,77.2
4767,12633,12808,1,2205.4,1242.1988463963858,56.3,T1_normal,-101.59661,34.4067,500.0,-101.381494,34.196962,500.0,58.9
4768,12636,12637,1,600.0,309.0508504823987,51.5,T1_normal,-98.7321385,33.1268065,161.0,-98.7321385,33.1268065,500.0,7.1
4769,12638,12637,1,594.8,2265.554665143188,380.9,T7_structural,-98.7321385,33.1268065,20.0,-98.7321385,33.1268065,500.0,78.5
4770,12676,12637,1,2109.1,714.9614897814391,33.9,T1_normal,-99.37463133333334,33.20651766666666,500.0,-98.7321385,33.1268065,500.0,69.2
4771,12639,12640,1,691.0,24.598016373017728,3.6,T1_normal,-96.2086544,29.0561128,115.0,-96.2086544,29.0561128,500.0,3.3
4772,12639,13234,1,375.0,13.332297088993528,3.6,T1_normal,-96.2086544,29.0561128,115.0,-96.2086544,29.0561128,115.0,3.3
4773,12641,12640,1,716.4,500.0,69.8,T1_normal,-96.2086544,29.0561128,20.0,-96.2086544,29.0561128,500.0,65.2
4774,12696,12640,1,2822.0,1807.907142339372,64.1,T1_normal,-95.785914,29.3459875,500.0,-96.2086544,29.0561128,500.0,57.1
4775,12647,12646,1,731.4,491.5999999999997,67.2,T1_normal,-99.9360515,31.18751,20.0,-99.9360515,31.18751,230.0,62.8
4776,12656,12646,1,695.0,384.8641266315306,55.4,T1_normal,-99.1872,31.5481,230.0,-99.9360515,31.18751,230.0,64.5
4777,12656,12646,1,695.0,384.8641266315306,55.4,T1_normal,-99.1872,31.5481,230.0,-99.9360515,31.18751,230.0,64.5
4778,12649,12648,1,114.7,2.063165393083821,1.8,T1_normal,-95.41128715217393,29.77727818478261,20.0,-95.41128715217393,29.77727818478261,500.0,0.0
4779,12650,12648,1,115.9,2.063165393083821,1.8,T1_normal,-95.41128715217393,29.77727818478261,20.0,-95.41128715217393,29.77727818478261,500.0,0.0
4780,12651,12648,1,86.4,2.063165393083821,2.4,T1_normal,-95.41128715217393,29.77727818478261,20.0,-95.41128715217393,29.77727818478261,500.0,0.0
4781,12652,12648,1,90.9,2.0631653930837768,2.3,T1_normal,-95.41128715217393,29.77727818478261,20.0,-95.41128715217393,29.77727818478261,500.0,0.0
4782,12653,12648,1,85.7,2.0631653930837768,2.4,T1_normal,-95.41128715217393,29.77727818478261,20.0,-95.41128715217393,29.77727818478261,500.0,0.0
4783,12654,12648,1,93.9,2.0631653930837768,2.2,T1_normal,-95.41128715217393,29.77727818478261,20.0,-95.41128715217393,29.77727818478261,500.0,0.0
4784,12655,12648,1,91.1,2.0631653930837768,2.3,T1_normal,-95.41128715217393,29.77727818478261,20.0,-95.41128715217393,29.77727818478261,500.0,0.0
4785,12648,12743,1,2116.0,332.4777474898383,15.7,T1_normal,-95.41128715217393,29.77727818478261,500.0,-95.069071,29.842662,500.0,21.6
4786,12657,12656,1,436.4,319.99999999999994,73.3,T1_normal,-99.1872,31.5481,20.0,-99.1872,31.5481,230.0,68.5
4787,12658,12656,1,230.7,160.0,69.4,T1_normal,-99.1872,31.5481,20.0,-99.1872,31.5481,230.0,64.8
4788,12656,13429,1,1608.0,717.6728204130292,44.6,T1_normal,-99.1872,31.5481,230.0,-99.1872,31.5481,500.0,60.4
4789,12656,13429,1,1608.0,717.6728204130292,44.6,T1_normal,-99.1872,31.5481,230.0,-99.1872,31.5481,500.0,60.4
4790,12661,12659,1,486.8,435.52223696686735,89.5,T2_watch,-100.94008825,32.806441125,20.0,-100.94008825,32.806441125,115.0,61.4
4791,12662,12659,1,231.6,217.76111848343368,94.0,T3_prevent,-100.94008825,32.806441125,20.0,-100.94008825,32.806441125,115.0,64.6
4792,12659,12897,1,264.0,217.7611184834305,82.5,T2_watch,-100.94008825,32.806441125,115.0,-100.94008825,32.806441125,115.0,56.6
4793,12659,12897,1,264.0,217.7611184834305,82.5,T2_watch,-100.94008825,32.806441125,115.0,-100.94008825,32.806441125,115.0,56.6
4794,12659,12897,1,264.0,217.7611184834305,82.5,T2_watch,-100.94008825,32.806441125,115.0,-100.94008825,32.806441125,115.0,56.6
4795,12663,12664,1,600.0,20.55609264823346,3.4,T1_normal,-100.94008825,32.806441125,115.0,-100.94008825,32.806441125,230.0,29.2
4796,12663,12897,1,356.0,2.520038681861081,0.7,T1_normal,-100.94008825,32.806441125,115.0,-100.94008825,32.806441125,115.0,11.4
4797,12663,13403,1,145.5,2.7336054984743896,1.9,T1_normal,-100.94008825,32.806441125,115.0,-100.94008825,32.806441125,115.0,18.5
4798,12665,12664,1,376.7,314.7818146411236,83.6,T2_watch,-100.94008825,32.806441125,20.0,-100.94008825,32.806441125,230.0,0.0
4799,12666,12664,1,211.7,217.76111848343368,102.9,T4_light,-100.94008825,32.806441125,20.0,-100.94008825,32.806441125,230.0,70.6
4800,12664,12788,1,595.0,553.0990257727925,93.0,T3_prevent,-100.94008825,32.806441125,230.0,-101.83586283333334,32.75809566666667,230.0,54.6
4801,12668,12667,1,136.5,2.0772704465630287,1.5,T1_normal,-102.45323571428573,31.843002285714284,20.0,-102.45323571428573,31.843002285714284,230.0,0.0
4802,12669,12667,1,161.2,96.022729553437,59.6,T1_normal,-102.45323571428573,31.843002285714284,20.0,-102.45323571428573,31.843002285714284,230.0,59.2
4803,12670,12667,1,101.9,67.922729553437,66.7,T1_normal,-102.45323571428573,31.843002285714284,20.0,-102.45323571428573,31.843002285714284,230.0,67.7
4804,12671,12667,1,88.5,67.92272955343704,76.7,T1_normal,-102.45323571428573,31.843002285714284,20.0,-102.45323571428573,31.843002285714284,230.0,78.0
4805,12672,12667,1,103.3,65.922729553437,63.8,T1_normal,-102.45323571428573,31.843002285714284,20.0,-102.45323571428573,31.843002285714284,230.0,65.0
4806,12673,12667,1,91.3,65.92272955343704,72.2,T1_normal,-102.45323571428573,31.843002285714284,20.0,-102.45323571428573,31.843002285714284,230.0,73.5
4807,12667,12680,1,404.6,13.666322859642577,3.4,T1_normal,-102.45323571428573,31.843002285714284,230.0,-102.7719682,32.2803608,230.0,0.9
4808,12667,12804,1,452.0,16.69963580110263,3.7,T1_normal,-102.45323571428573,31.843002285714284,230.0,-102.7069445,32.0320835,230.0,0.3
4809,12677,12676,1,468.1,350.2,74.8,T1_normal,-99.37463133333334,33.20651766666666,20.0,-99.37463133333334,33.20651766666666,500.0,69.9
4810,12678,12676,1,164.4,0.0,0.0,T1_normal,-99.37463133333334,33.20651766666666,20.0,-99.37463133333334,33.20651766666666,500.0,0.0
4811,12679,12680,1,600.0,62.889955192959235,10.5,T1_normal,-102.7719682,32.2803608,115.0,-102.7719682,32.2803608,230.0,7.2
4812,12679,12803,1,129.8,44.32493277143372,34.1,T1_normal,-102.7719682,32.2803608,115.0,-102.7069445,32.0320835,115.0,33.4
4813,12681,12680,1,639.0,416.77130044843057,65.2,T1_normal,-102.7719682,32.2803608,20.0,-102.7719682,32.2803608,230.0,61.4
4814,12680,12804,1,368.2,25.298440765534735,6.9,T1_normal,-102.7719682,32.2803608,230.0,-102.7069445,32.0320835,230.0,5.0
4815,12680,12823,1,495.5,24.20065618291183,4.9,T1_normal,-102.7719682,32.2803608,230.0,-102.7719682,32.2803608,230.0,0.7
4816,12699,12689,1,2290.2,109.76129522549628,4.8,T1_normal,-94.943829,29.378697,500.0,-94.945159,29.3895056,500.0,4.8
4817,12761,12689,1,2017.9,38.18444163885033,1.9,T1_normal,-94.98483,29.49233,500.0,-94.945159,29.3895056,500.0,1.6
4818,12690,12691,1,600.0,137.68859826048043,22.9,T1_normal,-95.745,29.0728,115.0,-95.745,29.0728,500.0,16.7
4819,12690,13097,1,182.9,30.160070284949825,16.5,T1_normal,-95.745,29.0728,115.0,-95.718793,29.017466,115.0,12.1
4820,12690,13097,1,182.9,30.160070284949825,16.5,T1_normal,-95.745,29.0728,115.0,-95.718793,29.017466,115.0,12.1
4821,12690,13333,1,144.4,30.508231716461864,21.1,T1_normal,-95.745,29.0728,115.0,-95.68083125,29.15439325,115.0,14.8
4822,12690,13402,1,122.7,33.61836233988846,27.4,T1_normal,-95.745,29.0728,115.0,-95.718793,29.017466,115.0,20.6
4823,12692,12691,1,137.9,109.00000000000004,79.0,T1_normal,-95.745,29.0728,20.0,-95.745,29.0728,500.0,78.1
4824,12693,12691,1,170.8,0.0,0.0,T1_normal,-95.745,29.0728,20.0,-95.745,29.0728,500.0,0.0
4825,12694,12691,1,173.3,0.0,0.0,T1_normal,-95.745,29.0728,20.0,-95.745,29.0728,500.0,0.0
4826,12695,12691,1,141.4,0.0,0.0,T1_normal,-95.745,29.0728,20.0,-95.745,29.0728,500.0,0.0
4827,12697,12696,1,632.0,0.0,0.0,T1_normal,-95.785914,29.3459875,20.0,-95.785914,29.3459875,500.0,0.0
4828,12700,12699,1,200.0,0.0,0.0,T1_normal,-94.943829,29.378697,20.0,-94.943829,29.378697,500.0,0.0
4829,12701,12699,1,120.1,92.0,76.6,T1_normal,-94.943829,29.378697,20.0,-94.943829,29.378697,500.0,75.1
4830,12702,12699,1,130.0,92.0,70.8,T1_normal,-94.943829,29.378697,20.0,-94.943829,29.378697,500.0,69.4
4831,12703,12699,1,124.5,0.0,0.0,T1_normal,-94.943829,29.378697,20.0,-94.943829,29.378697,500.0,0.0
4832,12705,12704,1,282.2,171.1480269138516,60.6,T1_normal,-95.41128715217393,29.77727818478261,20.0,-95.41128715217393,29.77727818478261,500.0,40.5
4833,12706,12704,1,286.0,171.1480269138516,59.8,T1_normal,-95.41128715217393,29.77727818478261,20.0,-95.41128715217393,29.77727818478261,500.0,40.0
4834,12710,12709,1,410.4,200.069448329592,48.7,T1_normal,-97.13581333333332,33.210620166666665,20.0,-97.13581333333332,33.210620166666665,500.0,0.0
4835,12711,12709,1,153.7,136.49555885891698,88.8,T2_watch,-97.13581333333332,33.210620166666665,20.0,-97.13581333333332,33.210620166666665,500.0,76.0
4836,12713,12712,1,613.7,0.0,0.0,T1_normal,-96.818676,31.710422,20.0,-96.818676,31.710422,500.0,0.0
4837,12712,12829,1,1914.5,148.864700730158,7.8,T1_normal,-96.818676,31.710422,500.0,-96.828196,31.77471,500.0,10.6
4838,12716,12715,1,453.0,0.0,0.0,T1_normal,-95.669493,33.1959495,20.0,-95.669493,33.1959495,500.0,0.0
4839,12717,12715,1,161.5,0.0,0.0,T1_normal,-95.669493,33.1959495,20.0,-95.669493,33.1959495,500.0,0.0
4840,12718,12719,1,600.0,299.13172573723443,49.9,T1_normal,-101.64011833333332,32.67313766666667,115.0,-101.64011833333332,32.67313766666667,230.0,46.0
4841,12718,13002,1,199.6,107.99511129245474,54.1,T1_normal,-101.64011833333332,32.67313766666667,115.0,-101.83586283333334,32.75809566666667,115.0,50.2
4842,12718,13230,1,207.0,127.1570834760741,61.4,T1_normal,-101.64011833333332,32.67313766666667,115.0,-101.64011833333332,32.67313766666667,115.0,57.2
4843,12718,13230,1,207.0,127.1570834760741,61.4,T1_normal,-101.64011833333332,32.67313766666667,115.0,-101.64011833333332,32.67313766666667,115.0,57.2
4844,12720,12719,1,515.4,400.0,77.6,T1_normal,-101.64011833333332,32.67313766666667,20.0,-101.64011833333332,32.67313766666667,230.0,72.5
4845,12719,12788,1,450.3,173.93484687878208,38.6,T1_normal,-101.64011833333332,32.67313766666667,230.0,-101.83586283333334,32.75809566666667,230.0,32.8
4846,12722,12721,1,92.9,26.37272200191916,28.4,T1_normal,-100.890668,32.313261999999995,20.0,-100.890668,32.313261999999995,230.0,32.3
4847,12723,12721,1,100.5,26.372722001919247,26.2,T1_normal,-100.890668,32.313261999999995,20.0,-100.890668,32.313261999999995,230.0,29.9
4848,12724,12721,1,106.6,26.66666666666664,25.0,T1_normal,-100.890668,32.313261999999995,20.0,-100.890668,32.313261999999995,230.0,0.0
4849,12725,12721,1,98.3,25.750035821687156,26.2,T1_normal,-100.890668,32.313261999999995,20.0,-100.890668,32.313261999999995,230.0,30.5
4850,12726,12721,1,95.1,25.12734964145515,26.4,T1_normal,-100.890668,32.313261999999995,20.0,-100.890668,32.313261999999995,230.0,31.5
4851,12727,12721,1,110.0,25.127349641455112,22.8,T1_normal,-100.890668,32.313261999999995,20.0,-100.890668,32.313261999999995,230.0,27.3
4852,12729,12728,1,179.8,129.47270767324443,72.0,T1_normal,-96.452481,33.068055,20.0,-96.452481,33.068055,500.0,60.9
4853,12730,12728,1,157.4,0.0,0.0,T1_normal,-96.452481,33.068055,20.0,-96.452481,33.068055,500.0,0.0
4854,12731,12728,1,115.5,0.0,0.0,T1_normal,-96.452481,33.068055,20.0,-96.452481,33.068055,500.0,0.0
4855,12732,12728,1,125.3,0.0,0.0,T1_normal,-96.452481,33.068055,20.0,-96.452481,33.068055,500.0,0.0
4856,12735,12736,1,1195.0,65.89368112095144,5.5,T1_normal,-99.091918,33.9776965,161.0,-99.091918,33.9776965,500.0,1.2
4857,12735,13041,1,582.0,79.81287746140157,13.7,T1_normal,-99.091918,33.9776965,161.0,-99.2898065,33.642922,161.0,17.3
4858,12735,13135,1,398.0,57.65880127550345,14.5,T1_normal,-99.091918,33.9776965,161.0,-99.4499348,34.1610722,161.0,33.6
4859,12737,12736,1,539.0,387.5521049320159,71.9,T1_normal,-99.091918,33.9776965,20.0,-99.091918,33.9776965,500.0,63.6
4860,12746,12747,1,600.0,0.0,0.0,T1_normal,-96.141572,29.159228,115.0,-96.141572,29.159228,500.0,0.0
4861,12746,13163,1,187.5,0.0,0.0,T1_normal,-96.141572,29.159228,115.0,-96.2086544,29.0561128,115.0,0.0
4862,12748,12747,1,539.3,0.0,0.0,T1_normal,-96.141572,29.159228,20.0,-96.141572,29.159228,500.0,0.0
4863,12750,12749,1,456.2,0.0,0.0,T1_normal,-95.2783065,29.276466,20.0,-95.2783065,29.276466,500.0,0.0
4864,12749,12861,1,2112.2,123.05303152957948,5.8,T1_normal,-95.2783065,29.276466,500.0,-95.43283075,29.2128395,500.0,5.2
4865,12751,12752,1,600.0,33.35538764363832,5.6,T1_normal,-101.65722,33.303497,115.0,-101.65722,33.303497,230.0,21.6
4866,12751,13270,1,423.0,33.355387643640015,7.9,T1_normal,-101.65722,33.303497,115.0,-101.8383465,33.5531785,115.0,30.7
4867,12753,12752,1,511.4,338.40000000000003,66.2,T1_normal,-101.65722,33.303497,20.0,-101.65722,33.303497,230.0,61.8
4868,12752,12814,1,646.0,287.2716238997185,44.5,T1_normal,-101.65722,33.303497,230.0,-101.679188,33.150904,230.0,26.2
4869,12754,12755,1,864.0,42.750201733302085,4.9,T1_normal,-99.695954,33.73925199999999,161.0,-99.695954,33.73925199999999,500.0,51.1
4870,12754,12755,1,864.0,42.750201733302085,4.9,T1_normal,-99.695954,33.73925199999999,161.0,-99.695954,33.73925199999999,500.0,51.1
4871,12754,12937,1,371.0,404.4146196454687,109.0,T4_light,-99.695954,33.73925199999999,161.0,-99.695954,33.73925199999999,161.0,72.6
4872,12754,12945,1,256.5,1241.87134502924,484.2,T7_structural,-99.695954,33.73925199999999,161.0,-100.4547365,34.413879,161.0,87.4
4873,12754,12978,1,214.6,250.70610905778352,116.8,T5_moderate,-99.695954,33.73925199999999,161.0,-99.58229,33.609313,161.0,56.7
4874,12754,13029,1,271.0,254.15441284735084,93.8,T3_prevent,-99.695954,33.73925199999999,161.0,-99.657805,33.841272,161.0,57.4
4875,12754,13202,1,280.0,156.39592576773094,55.9,T1_normal,-99.695954,33.73925199999999,161.0,-99.2898065,33.642922,161.0,0.3
4876,12754,13204,1,262.2,261.70068117751083,99.8,T3_prevent,-99.695954,33.73925199999999,161.0,-99.2898065,33.642922,161.0,43.1
4877,12756,12755,1,431.4,336.00000000000006,77.9,T1_normal,-99.695954,33.73925199999999,20.0,-99.695954,33.73925199999999,500.0,72.8
4878,12764,12763,1,288.6,226.32821997105648,78.4,T1_normal,-96.38666966666666,32.061173333333336,20.0,-96.38666966666666,32.061173333333336,500.0,78.0
4879,12765,12763,1,113.5,14.47178002894356,12.8,T1_normal,-96.38666966666666,32.061173333333336,20.0,-96.38666966666666,32.061173333333336,500.0,0.0
4880,12775,12774,1,374.2,306.0000000000002,81.8,T2_watch,-102.39869175,31.160862,20.0,-102.39869175,31.160862,230.0,76.4
4881,12774,12855,1,449.4,263.99263701004895,58.7,T1_normal,-102.39869175,31.160862,230.0,-102.2726905,31.190672000000003,230.0,62.9
4882,12774,12894,1,506.4,34.325216089870025,6.8,T1_normal,-102.39869175,31.160862,230.0,-102.59898166666666,30.91979725,230.0,2.5
4883,12785,12783,1,338.7,0.0,0.0,T1_normal,-99.5687984,33.0957078,20.0,-99.5687984,33.0957078,161.0,0.0
4884,12786,12783,1,100.7,77.59999999999998,77.1,T1_normal,-99.5687984,33.0957078,20.0,-99.5687984,33.0957078,161.0,72.0
4885,12783,13012,1,343.2,85.05924461200101,24.8,T1_normal,-99.5687984,33.0957078,161.0,-99.37463133333334,33.20651766666666,161.0,44.2
4886,12783,13012,1,343.2,85.05924461200101,24.8,T1_normal,-99.5687984,33.0957078,161.0,-99.37463133333334,33.20651766666666,161.0,44.2
4887,12783,13012,1,343.2,85.05924461200101,24.8,T1_normal,-99.5687984,33.0957078,161.0,-99.37463133333334,33.20651766666666,161.0,44.2
4888,12789,12788,1,236.7,159.0,67.2,T1_normal,-101.83586283333334,32.75809566666667,20.0,-101.83586283333334,32.75809566666667,230.0,62.8
4889,12790,12788,1,226.5,143.49999999999997,63.4,T1_normal,-101.83586283333334,32.75809566666667,20.0,-101.83586283333334,32.75809566666667,230.0,59.2
4890,12788,12814,1,635.0,47.8929944372652,7.5,T1_normal,-101.83586283333334,32.75809566666667,230.0,-101.679188,33.150904,230.0,32.8
4891,12788,12898,1,596.0,497.3824946866401,83.5,T2_watch,-101.83586283333334,32.75809566666667,230.0,-100.94008825,32.806441125,230.0,56.9
4892,12788,12898,1,596.0,497.3824946866401,83.5,T2_watch,-101.83586283333334,32.75809566666667,230.0,-100.94008825,32.806441125,230.0,56.9
4893,12792,12791,1,380.5,302.4000000000001,79.5,T1_normal,-101.214787,31.1946825,20.0,-101.214787,31.1946825,230.0,74.5
4894,12791,12796,1,384.7,76.14086916985983,19.8,T1_normal,-101.214787,31.1946825,230.0,-100.98431625,31.875952,230.0,9.9
4895,12791,12796,1,384.7,76.14086916985983,19.8,T1_normal,-101.214787,31.1946825,230.0,-100.98431625,31.875952,230.0,9.9
4896,12791,12811,1,404.5,52.12651562894095,12.9,T1_normal,-101.214787,31.1946825,230.0,-101.214787,31.1946825,230.0,10.6
4897,12795,12796,1,600.0,39.48463587442035,6.6,T1_normal,-100.98431625,31.875952,115.0,-100.98431625,31.875952,230.0,4.4
4898,12797,12796,1,386.2,0.0,0.0,T1_normal,-100.98431625,31.875952,20.0,-100.98431625,31.875952,230.0,0.0
4899,12803,12804,1,600.0,206.6586216766709,34.4,T1_normal,-102.7069445,32.0320835,115.0,-102.7069445,32.0320835,230.0,31.6
4900,12805,12804,1,193.2,144.3402927034807,74.7,T1_normal,-102.7069445,32.0320835,20.0,-102.7069445,32.0320835,230.0,67.8
4901,12806,12804,1,210.9,138.6805854069614,65.8,T1_normal,-102.7069445,32.0320835,20.0,-102.7069445,32.0320835,230.0,55.5
4902,12804,12823,1,350.6,24.62351938995866,7.0,T1_normal,-102.7069445,32.0320835,230.0,-102.7719682,32.2803608,230.0,1.0
4903,12807,12808,1,770.0,4.317235583167189,0.6,T1_normal,-101.381494,34.196962,161.0,-101.381494,34.196962,500.0,39.0
4904,12807,13055,1,243.0,152.92224715617238,62.9,T1_normal,-101.381494,34.196962,161.0,-101.244172,34.371689,161.0,51.7
4905,12807,13065,1,230.0,81.2476559963212,35.3,T1_normal,-101.381494,34.196962,161.0,-101.1794378,34.0282444,161.0,32.3
4906,12807,13065,1,230.0,81.2476559963212,35.3,T1_normal,-101.381494,34.196962,161.0,-101.1794378,34.0282444,161.0,32.3
4907,12807,13392,1,300.0,85.24851053738232,28.4,T1_normal,-101.381494,34.196962,161.0,-101.1794378,34.0282444,161.0,14.3
4908,12809,12808,1,429.9,300.0,69.8,T1_normal,-101.381494,34.196962,20.0,-101.381494,34.196962,500.0,65.2
4909,12808,12883,1,2083.9,1546.5160819795583,74.2,T1_normal,-101.381494,34.196962,500.0,-101.1794378,34.0282444,500.0,90.2
4910,12810,12811,1,600.0,23.72577952672117,4.0,T1_normal,-101.214787,31.1946825,115.0,-101.214787,31.1946825,230.0,21.8
4911,12810,12984,1,246.0,40.45000000000005,16.4,T1_normal,-101.214787,31.1946825,115.0,-102.66795,31.1834,115.0,42.5
4912,12810,12984,1,246.0,40.45000000000005,16.4,T1_normal,-101.214787,31.1946825,115.0,-102.66795,31.1834,115.0,42.5
4913,12812,12811,1,389.1,300.0,77.1,T1_normal,-101.214787,31.1946825,20.0,-101.214787,31.1946825,230.0,72.0
4914,12813,12814,1,600.0,148.94461235635958,24.8,T1_normal,-101.679188,33.150904,115.0,-101.679188,33.150904,230.0,44.9
4915,12813,13270,1,220.0,74.47230617817988,33.9,T1_normal,-101.679188,33.150904,115.0,-101.8383465,33.5531785,115.0,61.2
4916,12813,13270,1,220.0,74.47230617817988,33.9,T1_normal,-101.679188,33.150904,115.0,-101.8383465,33.5531785,115.0,61.2
4917,12815,12814,1,415.6,299.99999999999983,72.2,T1_normal,-101.679188,33.150904,20.0,-101.679188,33.150904,230.0,67.4
4918,12818,12816,1,350.0,300.0,85.7,T2_watch,-98.883685,27.48301875,20.0,-98.883685,27.48301875,115.0,80.1
4919,12816,13067,1,146.4,115.5411402338995,78.9,T1_normal,-98.883685,27.48301875,115.0,-98.91,27.44,115.0,72.9
4920,12816,13423,1,160.0,115.51204560002262,72.2,T1_normal,-98.883685,27.48301875,115.0,-98.883685,27.48301875,115.0,67.1
4921,12819,12820,1,600.0,106.55849306606484,17.8,T1_normal,-101.9839414,30.8611026,115.0,-101.9839414,30.8611026,230.0,16.0
4922,12821,12820,1,348.7,300.0,86.0,T2_watch,-101.9839414,30.8611026,20.0,-101.9839414,30.8611026,230.0,86.0
4923,12822,12823,1,600.0,134.77777273729146,22.5,T1_normal,-102.7719682,32.2803608,115.0,-102.7719682,32.2803608,230.0,29.2
4924,12822,12918,1,275.0,114.10313901345148,41.5,T1_normal,-102.7719682,32.2803608,115.0,-102.7719682,32.2803608,115.0,42.5
4925,12822,12918,1,275.0,114.10313901345148,41.5,T1_normal,-102.7719682,32.2803608,115.0,-102.7719682,32.2803608,115.0,42.5
4926,12822,13174,1,275.0,74.8634828680876,27.2,T1_normal,-102.7719682,32.2803608,115.0,-102.7719682,32.2803608,115.0,21.2
4927,12824,12823,1,399.1,3.2286995515695693,0.8,T1_normal,-102.7719682,32.2803608,20.0,-102.7719682,32.2803608,230.0,0.0
4928,12827,12826,1,371.1,0.0,0.0,T1_normal,-96.84912,31.509216,20.0,-96.84912,31.509216,500.0,0.0
4929,12830,12829,1,345.5,0.0,0.0,T1_normal,-96.828196,31.77471,20.0,-96.828196,31.77471,500.0,0.0
4930,12833,12831,1,426.6,300.0,70.3,T1_normal,-97.4544,28.4279,20.0,-97.4544,28.4279,115.0,65.7
4931,12831,13224,1,219.7,137.52093204932407,62.6,T1_normal,-97.4544,28.4279,115.0,-97.49466233333334,28.47964933333333,115.0,57.7
4932,12831,13224,1,219.7,137.52093204932407,62.6,T1_normal,-97.4544,28.4279,115.0,-97.49466233333334,28.47964933333333,115.0,57.7
4933,12831,13224,1,219.7,137.52093204932407,62.6,T1_normal,-97.4544,28.4279,115.0,-97.49466233333334,28.47964933333333,115.0,57.7
4934,12831,13226,1,250.0,81.89121391493472,32.8,T1_normal,-97.4544,28.4279,115.0,-97.49466233333334,28.47964933333333,115.0,30.0
4935,12834,12835,1,783.0,323.6126407324349,41.3,T1_normal,-103.43056166666668,31.453610666666663,115.0,-103.43056166666668,31.453610666666663,230.0,58.4
4936,12834,13022,1,224.0,83.04719942177084,37.1,T1_normal,-103.43056166666668,31.453610666666663,115.0,-103.128,31.186,115.0,33.3
4937,12834,13302,1,291.0,166.89779115315844,57.4,T1_normal,-103.43056166666668,31.453610666666663,115.0,-103.43056166666668,31.453610666666663,115.0,54.6
4938,12834,13304,1,125.9,38.27973942800966,30.4,T1_normal,-103.43056166666668,31.453610666666663,115.0,-103.361771,31.45115,115.0,30.2
4939,12834,13319,1,249.0,41.776095292446946,16.8,T1_normal,-103.43056166666668,31.453610666666663,115.0,-102.66795,31.1834,115.0,45.6
4940,12834,13319,1,249.0,41.776095292446946,16.8,T1_normal,-103.43056166666668,31.453610666666663,115.0,-102.66795,31.1834,115.0,45.6
4941,12836,12835,1,405.0,0.0,0.0,T1_normal,-103.43056166666668,31.453610666666663,20.0,-103.43056166666668,31.453610666666663,230.0,0.0
4942,12891,12835,1,698.0,422.1947056247323,60.5,T1_normal,-103.125868,31.165245,230.0,-103.43056166666668,31.453610666666663,230.0,61.3
4943,12837,12838,1,784.0,287.91762364265026,36.7,T1_normal,-102.2138885,34.734027999999995,161.0,-102.2138885,34.734027999999995,500.0,39.0
4944,12837,12838,1,784.0,287.91762364265026,36.7,T1_normal,-102.2138885,34.734027999999995,161.0,-102.2138885,34.734027999999995,500.0,39.0
4945,12837,13057,1,525.0,183.1164330592756,34.9,T1_normal,-102.2138885,34.734027999999995,161.0,-102.2138885,34.734027999999995,161.0,38.5
4946,12837,13124,1,456.0,265.79062021563243,58.3,T1_normal,-102.2138885,34.734027999999995,161.0,-102.7019445,35.285972,161.0,58.6
4947,12837,13207,1,288.0,110.28350290865524,38.3,T1_normal,-102.2138885,34.734027999999995,161.0,-102.351727,34.668882,161.0,39.2
4948,12839,12838,1,412.1,299.69999999999965,72.7,T1_normal,-102.2138885,34.734027999999995,20.0,-102.2138885,34.734027999999995,500.0,68.0
4949,12844,12842,1,364.5,0.0,0.0,T1_normal,-99.225355,32.359033,20.0,-99.225355,32.359033,161.0,0.0
4950,12842,13243,1,246.2,61.46922871294356,25.0,T1_normal,-99.225355,32.359033,161.0,-99.1533074,32.3857988,161.0,33.6
4951,12846,12847,1,600.0,11.226763328210154,1.9,T1_normal,-102.051944,34.511944,161.0,-102.051944,34.511944,500.0,11.1
4952,12846,12962,1,299.2,1.5099033134902129e-12,0.0,T1_normal,-102.051944,34.511944,161.0,-102.577778,34.6675,161.0,0.0
4953,12846,13038,1,205.2,111.13167875821972,54.2,T1_normal,-102.051944,34.511944,161.0,-101.9707005,34.487581000000006,161.0,41.3
4954,12846,13161,1,196.1,97.25115012198876,49.6,T1_normal,-102.051944,34.511944,161.0,-102.053717,34.378546,161.0,42.2
4955,12848,12847,1,378.5,288.00000000000006,76.1,T1_normal,-102.051944,34.511944,20.0,-102.051944,34.511944,500.0,71.1
4956,12853,12852,1,289.5,200.0,69.1,T1_normal,-97.270537,29.894053,20.0,-97.270537,29.894053,500.0,64.6
4957,12854,12852,1,117.1,0.0,0.0,T1_normal,-97.270537,29.894053,20.0,-97.270537,29.894053,500.0,0.0
4958,12856,12855,1,319.4,278.0000000000001,87.0,T2_watch,-102.2726905,31.190672000000003,20.0,-102.2726905,31.190672000000003,230.0,81.6
4959,12855,12894,1,516.0,284.43167774495566,55.1,T1_normal,-102.2726905,31.190672000000003,230.0,-102.59898166666666,30.91979725,230.0,61.4
4960,12859,12858,1,363.0,268.19999999999993,73.9,T1_normal,-97.8308125,28.6249795,20.0,-97.8308125,28.6249795,230.0,69.0
4961,12860,12861,1,600.0,144.5469684704186,24.1,T1_normal,-95.43283075,29.2128395,115.0,-95.43283075,29.2128395,500.0,24.9
4962,12860,12982,1,171.6,15.091410469311484,8.8,T1_normal,-95.43283075,29.2128395,115.0,-95.42685,29.295201,115.0,6.3
4963,12860,12982,1,171.6,15.091410469311484,8.8,T1_normal,-95.43283075,29.2128395,115.0,-95.42685,29.295201,115.0,6.3
4964,12860,13232,1,203.0,108.08368068986738,53.2,T1_normal,-95.43283075,29.2128395,115.0,-95.43283075,29.2128395,115.0,47.0
4965,12864,12863,1,225.4,101.51507960997677,45.0,T1_normal,-97.458078,32.3380315,20.0,-97.458078,32.3380315,500.0,0.0
4966,12865,12863,1,128.8,64.77035754256188,50.3,T1_normal,-97.458078,32.3380315,20.0,-97.458078,32.3380315,500.0,0.0
4967,12866,12867,1,600.0,58.1230537563421,9.7,T1_normal,-101.326111,35.093889,161.0,-101.326111,35.093889,500.0,52.0
4968,12866,13059,1,321.0,40.20616786162883,12.5,T1_normal,-101.326111,35.093889,161.0,-101.186622,35.254184,161.0,52.0
4969,12868,12867,1,412.3,265.5000000000001,64.4,T1_normal,-101.326111,35.093889,20.0,-101.326111,35.093889,500.0,60.2
4970,12875,12874,1,255.8,210.00000000000009,82.1,T2_watch,-96.069829,30.705329,20.0,-96.069829,30.705329,500.0,76.7
4971,12878,12876,1,323.9,256.727272727273,79.3,T1_normal,-104.508314,31.504614333333333,20.0,-104.508314,31.504614333333333,115.0,75.0
4972,12876,13144,1,286.0,118.95454545454812,41.6,T1_normal,-104.508314,31.504614333333333,115.0,-104.508314,31.504614333333333,115.0,42.5
4973,12876,13144,1,286.0,118.95454545454812,41.6,T1_normal,-104.508314,31.504614333333333,115.0,-104.508314,31.504614333333333,115.0,42.5
4974,12879,12880,1,600.0,167.89251941246022,28.0,T1_normal,-96.020566,29.225064,115.0,-96.020566,29.225064,500.0,28.0
4975,12879,13031,1,158.9,0.5732807764140091,0.4,T1_normal,-96.020566,29.225064,115.0,-96.020566,29.225064,115.0,3.3
4976,12879,13422,1,129.3,1.532515448833749,1.2,T1_normal,-96.020566,29.225064,115.0,-96.087226,29.2829165,115.0,2.6
4977,12881,12880,1,303.3,259.99999999999994,85.7,T2_watch,-96.020566,29.225064,20.0,-96.020566,29.225064,500.0,80.1
4978,12882,12883,1,1087.0,36.72147259357885,3.4,T1_normal,-101.1794378,34.0282444,161.0,-101.1794378,34.0282444,500.0,43.7
4979,12882,13209,1,473.0,134.59841929645916,28.5,T1_normal,-101.1794378,34.0282444,161.0,-98.1803245,31.84167,161.0,36.7
4980,12884,12883,1,321.0,257.0,80.1,T2_watch,-101.1794378,34.0282444,20.0,-101.1794378,34.0282444,500.0,74.8
4981,12887,12885,1,372.0,0.0,0.0,T1_normal,-99.1533074,32.3857988,20.0,-99.1533074,32.3857988,161.0,0.0
4982,12890,12888,1,373.5,255.20000000000005,68.3,T1_normal,-97.8308125,28.6249795,20.0,-97.8308125,28.6249795,115.0,63.8
4983,12892,12891,1,331.3,255.00000000000009,77.0,T1_normal,-103.125868,31.165245,20.0,-103.125868,31.165245,230.0,71.9
4984,12893,12894,1,600.0,358.70345798994805,59.8,T1_normal,-102.59898166666666,30.91979725,115.0,-102.59898166666666,30.91979725,230.0,69.1
4985,12893,13147,1,149.0,105.2552635593706,70.6,T1_normal,-102.59898166666666,30.91979725,115.0,-102.59898166666666,30.91979725,115.0,68.4
4986,12893,13364,1,213.9,135.85279384775504,63.5,T1_normal,-102.59898166666666,30.91979725,115.0,-102.414067,30.9564,115.0,64.7
4987,12893,13364,1,213.9,135.85279384775504,63.5,T1_normal,-102.59898166666666,30.91979725,115.0,-102.414067,30.9564,115.0,64.7
4988,12893,13371,1,158.8,113.1152410147994,71.2,T1_normal,-102.59898166666666,30.91979725,115.0,-102.414067,30.9564,115.0,72.2
4989,12893,13415,1,190.0,82.21211030749238,43.3,T1_normal,-102.59898166666666,30.91979725,115.0,-102.2726905,31.190672000000003,115.0,34.6
4990,12895,12894,1,295.7,249.92737033205543,84.5,T2_watch,-102.59898166666666,30.91979725,20.0,-102.59898166666666,30.91979725,230.0,80.6
4991,12897,12898,1,700.0,650.4302207713522,92.9,T3_prevent,-100.94008825,32.806441125,115.0,-100.94008825,32.806441125,230.0,63.2
4992,12897,13403,1,221.1,5.373173360803207,2.4,T1_normal,-100.94008825,32.806441125,115.0,-100.94008825,32.806441125,115.0,15.4
4993,12899,12898,1,342.2,344.3347686019294,100.6,T4_light,-100.94008825,32.806441125,20.0,-100.94008825,32.806441125,230.0,69.1
4994,12902,12900,1,342.0,0.0,0.0,T1_normal,-100.89286566666664,33.327416666666664,20.0,-100.89286566666664,33.327416666666664,161.0,0.0
4995,12900,13091,1,214.1,5.038067624741416,2.4,T1_normal,-100.89286566666664,33.327416666666664,161.0,-100.89286566666664,33.327416666666664,161.0,3.5
4996,12904,12903,1,224.6,150.99999999999997,67.2,T1_normal,-96.243079,32.788987000000006,20.0,-96.243079,32.788987000000006,500.0,62.8
4997,12905,12903,1,161.0,0.0,0.0,T1_normal,-96.243079,32.788987000000006,20.0,-96.243079,32.788987000000006,500.0,0.0
4998,12907,12906,1,369.5,250.0,67.7,T1_normal,-98.411111,26.465556,20.0,-98.411111,26.465556,115.0,63.2
4999,12906,13108,1,147.1,61.14525125346901,41.6,T1_normal,-98.411111,26.465556,115.0,-98.3163296,26.4391468,115.0,41.8
5000,12906,13396,1,238.0,149.04214577267254,62.6,T1_normal,-98.411111,26.465556,115.0,-98.3163296,26.4391468,115.0,61.9
5001,12911,12910,1,322.9,250.0,77.4,T1_normal,-99.849793,31.4410845,20.0,-99.849793,31.4410845,115.0,72.3
5002,12910,13179,1,178.8,67.60599833777188,37.8,T1_normal,-99.849793,31.4410845,115.0,-99.529678,31.25981966666667,115.0,46.4
5003,12910,13183,1,214.2,4.2188474935755954e-13,0.0,T1_normal,-99.849793,31.4410845,115.0,-100.559245,31.4624622,115.0,0.0
5004,12910,13291,1,204.7,32.64790755804947,15.9,T1_normal,-99.849793,31.4410845,115.0,-99.849793,31.4410845,115.0,26.5
5005,12910,13291,1,204.7,32.64790755804947,15.9,T1_normal,-99.849793,31.4410845,115.0,-99.849793,31.4410845,115.0,26.5
5006,12910,13291,1,204.7,32.64790755804947,15.9,T1_normal,-99.849793,31.4410845,115.0,-99.849793,31.4410845,115.0,26.5
5007,12913,12912,1,356.8,250.0,70.1,T1_normal,-95.24810033333334,33.312846,20.0,-95.24810033333334,33.312846,115.0,65.5
5008,12912,13077,1,222.0,142.75487972866648,64.3,T1_normal,-95.24810033333334,33.312846,115.0,-95.24810033333334,33.312846,115.0,55.7
5009,12915,12914,1,295.3,250.0,84.7,T2_watch,-98.001388,28.655277,20.0,-98.001388,28.655277,115.0,79.1
5010,12917,12916,1,313.4,250.0,79.8,T1_normal,-95.24810033333334,33.312846,20.0,-95.24810033333334,33.312846,115.0,74.5
5011,12916,13077,1,275.0,114.88183197928188,41.8,T1_normal,-95.24810033333334,33.312846,115.0,-95.24810033333334,33.312846,115.0,38.0
5012,12919,12918,1,333.1,246.77130044843025,74.1,T1_normal,-102.7719682,32.2803608,20.0,-102.7719682,32.2803608,115.0,70.1
5013,12923,12922,1,364.0,1.0178117048345925,0.3,T1_normal,-94.945159,29.3895056,20.0,-94.945159,29.3895056,115.0,0.0
5014,12927,12926,1,214.7,150.0,69.9,T1_normal,-96.93121275,31.43308425,20.0,-96.93121275,31.43308425,161.0,65.3
5015,12928,12926,1,124.6,0.0,0.0,T1_normal,-96.93121275,31.43308425,20.0,-96.93121275,31.43308425,161.0,0.0
5016,12936,12935,1,377.9,0.0,0.0,T1_normal,-95.92298475,28.92553375,20.0,-95.92298475,28.92553375,115.0,0.0
5017,12935,12974,1,220.0,106.18476583685484,48.3,T1_normal,-95.92298475,28.92553375,115.0,-95.92298475,28.92553375,115.0,41.9
5018,12938,12937,1,293.3,242.8,82.8,T2_watch,-99.695954,33.73925199999999,20.0,-99.695954,33.73925199999999,161.0,77.4
5019,12937,12978,1,227.7,76.45646614516144,33.6,T1_normal,-99.695954,33.73925199999999,161.0,-99.58229,33.609313,161.0,2.4
5020,12937,13029,1,232.5,85.15815350030795,36.6,T1_normal,-99.695954,33.73925199999999,161.0,-99.657805,33.841272,161.0,15.9
5021,12940,12939,1,334.3,330.0441952014541,98.7,T3_prevent,-100.94008825,32.806441125,20.0,-100.94008825,32.806441125,115.0,67.8
5022,12943,12942,1,252.8,0.002312138728322,0.0,T1_normal,-97.00621414285716,28.74651585714286,20.0,-97.00621414285716,28.74651585714286,115.0,0.0
5023,12944,12942,1,82.0,60.99768786127168,74.4,T1_normal,-97.00621414285716,28.74651585714286,20.0,-97.00621414285716,28.74651585714286,115.0,69.5
5024,12946,12945,1,280.7,76.25730994152048,27.2,T1_normal,-100.4547365,34.413879,20.0,-100.4547365,34.413879,161.0,79.9
5025,12949,12948,1,330.0,239.99999999999991,72.7,T1_normal,-97.07408,29.806984,20.0,-97.07408,29.806984,115.0,68.0
5026,12952,12951,1,302.2,240.00000000000003,79.4,T1_normal,-96.896708,31.037352,20.0,-96.896708,31.037352,115.0,74.2
5027,12954,12953,1,367.1,240.00000000000003,65.4,T1_normal,-95.538503,33.639774,20.0,-95.538503,33.639774,161.0,61.1
5028,12953,12986,1,206.4,68.11840843573833,33.0,T1_normal,-95.538503,33.639774,161.0,-95.538503,33.639774,161.0,30.8
5029,12953,12999,1,335.4,150.0,44.7,T1_normal,-95.538503,33.639774,161.0,-95.574442,33.433264,161.0,41.8
5030,12963,12962,1,360.3,0.0,0.0,T1_normal,-102.577778,34.6675,20.0,-102.577778,34.6675,161.0,0.0
5031,12966,12965,1,325.6,230.00000000000009,70.6,T1_normal,-99.54,33.35,20.0,-99.54,33.35,161.0,66.0
5032,12965,13111,1,198.2,57.768977134348454,29.1,T1_normal,-99.54,33.35,161.0,-99.5687984,33.0957078,161.0,25.6
5033,12965,13133,1,224.7,33.833741313396004,15.1,T1_normal,-99.54,33.35,161.0,-99.37463133333334,33.20651766666666,161.0,13.2
5034,12971,12970,1,290.9,228.0000000000001,78.4,T1_normal,-97.566721,26.545765,20.0,-97.566721,26.545765,115.0,73.2
5035,12970,13053,1,450.0,200.0,44.4,T1_normal,-97.566721,26.545765,115.0,-97.59928033333334,26.348161,115.0,41.5
5036,12973,12972,1,341.5,0.0,0.0,T1_normal,-95.785914,29.3459875,20.0,-95.785914,29.3459875,115.0,0.0
5037,12972,13101,1,143.9,20.92917103719074,14.5,T1_normal,-95.785914,29.3459875,115.0,-95.733244,29.47971475,115.0,9.7
5038,12972,13285,1,141.8,16.82214954011627,11.9,T1_normal,-95.785914,29.3459875,115.0,-95.733244,29.47971475,115.0,11.8
5039,12975,12974,1,325.9,0.0,0.0,T1_normal,-95.92298475,28.92553375,20.0,-95.92298475,28.92553375,115.0,0.0
5040,12974,13426,1,199.1,106.18476583685565,53.3,T1_normal,-95.92298475,28.92553375,115.0,-95.92298475,28.92553375,115.0,46.3
5041,12977,12976,1,344.8,270.1525319219914,78.4,T1_normal,-97.7314385,27.5750945,20.0,-97.7314385,27.5750945,115.0,61.3
5042,12976,12991,1,128.1,52.52151654006667,41.0,T1_normal,-97.7314385,27.5750945,115.0,-97.7704405,27.4987795,115.0,8.2
5043,12976,12991,1,128.1,52.52151654006667,41.0,T1_normal,-97.7314385,27.5750945,115.0,-97.7704405,27.4987795,115.0,8.2
5044,12979,12978,1,263.6,225.59999999999997,85.6,T2_watch,-99.58229,33.609313,20.0,-99.58229,33.609313,161.0,80.0
5045,12978,13041,1,353.0,10.901544944318475,3.1,T1_normal,-99.58229,33.609313,161.0,-99.2898065,33.642922,161.0,27.4
5046,12978,13204,1,383.0,92.39655013506224,24.1,T1_normal,-99.58229,33.609313,161.0,-99.2898065,33.642922,161.0,43.0
5047,12978,13204,1,383.0,92.39655013506224,24.1,T1_normal,-99.58229,33.609313,161.0,-99.2898065,33.642922,161.0,43.0
5048,12981,12980,1,303.7,225.0,74.1,T1_normal,-101.64011833333332,32.67313766666667,20.0,-101.64011833333332,32.67313766666667,115.0,69.2
5049,12980,13002,1,248.0,74.00967995220427,29.8,T1_normal,-101.64011833333332,32.67313766666667,115.0,-101.83586283333334,32.75809566666667,115.0,28.0
5050,12980,13230,1,248.0,150.99032004779502,60.9,T1_normal,-101.64011833333332,32.67313766666667,115.0,-101.64011833333332,32.67313766666667,115.0,56.8
5051,12983,12982,1,259.0,0.0,0.0,T1_normal,-95.42685,29.295201,20.0,-95.42685,29.295201,115.0,0.0
5052,12982,13369,1,212.2,30.10285208383543,14.2,T1_normal,-95.42685,29.295201,115.0,-95.2783065,29.276466,115.0,11.8
5053,12985,12984,1,276.8,202.7148148148143,73.2,T1_normal,-102.66795,31.1834,20.0,-102.66795,31.1834,115.0,75.6
5054,12987,12986,1,235.3,171.7,73.0,T1_normal,-95.538503,33.639774,20.0,-95.538503,33.639774,161.0,68.2
5055,12992,12991,1,182.1,118.54078816676896,65.1,T1_normal,-97.7704405,27.4987795,20.0,-97.7704405,27.4987795,115.0,0.0
5056,12993,12991,1,103.8,89.61273725851109,86.3,T2_watch,-97.7704405,27.4987795,20.0,-97.7704405,27.4987795,115.0,67.5
5057,12995,12994,1,209.3,0.0,0.0,T1_normal,-95.3629605,28.98485425,20.0,-95.3629605,28.98485425,115.0,0.0
5058,12997,12996,1,249.9,167.0,66.8,T1_normal,-100.0652435,32.819086,20.0,-100.0652435,32.819086,115.0,80.4
5059,12996,13079,1,162.0,1.4461901004853672,0.9,T1_normal,-100.0652435,32.819086,115.0,-99.8991875,32.803981,115.0,48.9
5060,13000,12999,1,183.5,150.0,81.7,T2_watch,-95.574442,33.433264,20.0,-95.574442,33.433264,161.0,76.4
5061,13001,12999,1,101.0,0.0,0.0,T1_normal,-95.574442,33.433264,20.0,-95.574442,33.433264,161.0,0.0
5062,13003,13002,1,263.0,0.0,0.0,T1_normal,-101.83586283333334,32.75809566666667,20.0,-101.83586283333334,32.75809566666667,115.0,0.0
5063,13002,13230,1,111.6,46.67615309564539,41.8,T1_normal,-101.83586283333334,32.75809566666667,115.0,-101.64011833333332,32.67313766666667,115.0,39.5
5064,13002,13317,1,276.0,131.8951634381648,47.8,T1_normal,-101.83586283333334,32.75809566666667,115.0,-101.83586283333334,32.75809566666667,115.0,44.7
5065,13002,13401,1,276.0,118.90483656183264,43.1,T1_normal,-101.83586283333334,32.75809566666667,115.0,-101.83586283333334,32.75809566666667,115.0,40.3
5066,13005,13004,1,252.5,210.0999999999999,83.2,T2_watch,-102.315517,35.200164,20.0,-102.315517,35.200164,161.0,77.7
5067,13004,13159,1,246.3,49.17368072464576,20.0,T1_normal,-102.315517,35.200164,161.0,-102.06431,35.259819,161.0,1.2
5068,13007,13006,1,293.3,210.0,71.6,T1_normal,-97.2120625,30.983119,20.0,-97.2120625,30.983119,115.0,66.9
5069,13009,13008,1,248.4,209.99999999999997,84.5,T2_watch,-96.091337,30.651189,20.0,-96.091337,30.651189,115.0,79.0
5070,13011,13010,1,324.4,209.40000000000012,64.5,T1_normal,-99.359609,27.0792565,20.0,-99.359609,27.0792565,115.0,60.7
5071,13013,13012,1,302.5,0.0,0.0,T1_normal,-99.37463133333334,33.20651766666666,20.0,-99.37463133333334,33.20651766666666,161.0,0.0
5072,13019,13018,1,291.4,204.0,70.0,T1_normal,-98.187624,32.1858615,20.0,-98.187624,32.1858615,161.0,65.4
5073,13023,13022,1,239.1,203.8,85.2,T2_watch,-103.128,31.186,20.0,-103.128,31.186,115.0,79.6
5074,13026,13025,1,271.1,0.0,0.0,T1_normal,-97.6450875,26.4880805,20.0,-97.6450875,26.4880805,115.0,0.0
5075,13028,13027,1,239.4,202.99999999999977,84.8,T2_watch,-102.39869175,31.160862,20.0,-102.39869175,31.160862,115.0,79.2
5076,13027,13140,1,120.3,77.62124445443703,64.5,T1_normal,-102.39869175,31.160862,115.0,-100.938705,32.130795,115.0,26.4
5077,13027,13211,1,128.4,23.099491215629087,18.0,T1_normal,-102.39869175,31.160862,115.0,-102.2726905,31.190672000000003,115.0,21.5
5078,13027,13214,1,129.2,10.477694748740165,8.1,T1_normal,-102.39869175,31.160862,115.0,-102.39869175,31.160862,115.0,6.2
5079,13027,13218,1,126.9,9.586479405673742,7.6,T1_normal,-102.39869175,31.160862,115.0,-102.2726905,31.190672000000003,115.0,6.2
5080,13027,13415,1,104.0,15.315259831146475,14.7,T1_normal,-102.39869175,31.160862,115.0,-102.2726905,31.190672000000003,115.0,13.3
5081,13030,13029,1,283.4,202.5,71.5,T1_normal,-99.657805,33.841272,20.0,-99.657805,33.841272,161.0,66.8
5082,13029,13204,1,200.7,11.495063119045843,5.7,T1_normal,-99.657805,33.841272,161.0,-99.2898065,33.642922,161.0,16.8
5083,13032,13031,1,282.6,0.0,0.0,T1_normal,-96.020566,29.225064,20.0,-96.020566,29.225064,115.0,0.0
5084,13031,13422,1,116.7,7.627100815837196,6.5,T1_normal,-96.020566,29.225064,115.0,-96.087226,29.2829165,115.0,8.5
5085,13035,13034,1,313.5,201.60000000000124,64.3,T1_normal,-99.05745,26.69842,20.0,-99.05745,26.69842,115.0,60.2
5086,13037,13036,1,283.2,200.9999999999998,71.0,T1_normal,-97.67189133333332,26.95126033333333,20.0,-97.67189133333332,26.95126033333333,115.0,66.3
5087,13039,13038,1,287.1,201.00000000000017,70.0,T1_normal,-101.9707005,34.487581000000006,20.0,-101.9707005,34.487581000000006,161.0,65.4
5088,13038,13161,1,190.5,29.365117141126262,15.4,T1_normal,-101.9707005,34.487581000000006,161.0,-102.053717,34.378546,161.0,16.0
5089,13042,13041,1,159.3,97.414364640884,61.2,T1_normal,-99.2898065,33.642922,20.0,-99.2898065,33.642922,161.0,59.8
5090,13043,13041,1,134.1,94.01436464088395,70.1,T1_normal,-99.2898065,33.642922,20.0,-99.2898065,33.642922,161.0,68.7
5091,13045,13044,1,234.4,196.2712982193736,83.7,T2_watch,-100.40075675,29.326592,20.0,-100.40075675,29.326592,115.0,63.8
5092,13047,13046,1,264.8,200.2,75.6,T1_normal,-99.563436,34.170488,20.0,-99.563436,34.170488,161.0,70.7
5093,13046,13349,1,241.8,106.29346797425256,44.0,T1_normal,-99.563436,34.170488,161.0,-99.4499348,34.1610722,161.0,34.2
5094,13052,13051,1,244.8,0.0,0.0,T1_normal,-98.6525545,31.8568005,20.0,-98.6525545,31.8568005,161.0,0.0
5095,13054,13053,1,292.7,200.0,68.3,T1_normal,-97.59928033333334,26.348161,20.0,-97.59928033333334,26.348161,115.0,63.8
5096,13056,13055,1,284.8,194.47513812154716,68.3,T1_normal,-101.244172,34.371689,20.0,-101.244172,34.371689,161.0,65.6
5097,13058,13057,1,269.3,200.0,74.3,T1_normal,-102.2138885,34.734027999999995,20.0,-102.2138885,34.734027999999995,161.0,69.4
5098,13057,13165,1,225.3,48.412382599910586,21.5,T1_normal,-102.2138885,34.734027999999995,161.0,-102.052422,34.769544,161.0,26.0
5099,13057,13207,1,251.8,39.71649709134368,15.8,T1_normal,-102.2138885,34.734027999999995,161.0,-102.351727,34.668882,161.0,10.8
5100,13060,13059,1,264.1,200.0,75.7,T1_normal,-101.186622,35.254184,20.0,-101.186622,35.254184,161.0,70.8
5101,13059,13149,1,200.3,98.90242306513636,49.4,T1_normal,-101.186622,35.254184,161.0,-100.934408,35.18172,161.0,51.5
5102,13062,13061,1,250.8,200.0,79.7,T1_normal,-98.74585185714284,26.441022428571426,20.0,-98.74585185714284,26.441022428571426,115.0,74.5
5103,13061,13063,1,220.0,139.467584467792,63.4,T1_normal,-98.74585185714284,26.441022428571426,115.0,-98.74585185714284,26.441022428571426,115.0,61.0
5104,13061,13428,1,220.0,60.53241553220517,27.5,T1_normal,-98.74585185714284,26.441022428571426,115.0,-98.74585185714284,26.441022428571426,115.0,24.0
5105,13064,13063,1,247.6,0.0,0.0,T1_normal,-98.74585185714284,26.441022428571426,20.0,-98.74585185714284,26.441022428571426,115.0,0.0
5106,13063,13428,1,260.0,145.13562690265758,55.8,T1_normal,-98.74585185714284,26.441022428571426,115.0,-98.74585185714284,26.441022428571426,115.0,55.3
5107,13063,13428,1,260.0,145.13562690265758,55.8,T1_normal,-98.74585185714284,26.441022428571426,115.0,-98.74585185714284,26.441022428571426,115.0,55.3
5108,13066,13065,1,242.6,200.0,82.4,T2_watch,-101.1794378,34.0282444,20.0,-101.1794378,34.0282444,161.0,77.0
5109,13065,13194,1,203.8,151.20000000000005,74.2,T1_normal,-101.1794378,34.0282444,161.0,-101.1794378,34.0282444,161.0,69.3
5110,13065,13209,1,547.0,188.70468800735784,34.5,T1_normal,-101.1794378,34.0282444,161.0,-98.1803245,31.84167,161.0,32.9
5111,13068,13067,1,280.1,200.0,71.4,T1_normal,-98.91,27.44,20.0,-98.91,27.44,115.0,66.7
5112,13067,13228,1,138.6,6.107313412007986,4.4,T1_normal,-98.91,27.44,115.0,-99.3906115,27.588413625,115.0,3.5
5113,13067,13423,1,146.4,35.92046954750927,24.5,T1_normal,-98.91,27.44,115.0,-98.883685,27.48301875,115.0,21.9
5114,13070,13069,1,271.1,0.0,0.0,T1_normal,-98.603358,31.684511,20.0,-98.603358,31.684511,161.0,0.0
5115,13072,13071,1,249.8,200.0,80.1,T2_watch,-100.1097475,32.1590745,20.0,-100.1097475,32.1590745,115.0,74.8
5116,13074,13073,1,309.0,200.0,64.7,T1_normal,-100.559245,31.4624622,20.0,-100.559245,31.4624622,115.0,60.5
5117,13076,13075,1,260.6,200.0,76.7,T1_normal,-98.74585185714284,26.441022428571426,20.0,-98.74585185714284,26.441022428571426,115.0,71.8
5118,13075,13108,1,220.0,105.83821727792184,48.1,T1_normal,-98.74585185714284,26.441022428571426,115.0,-98.3163296,26.4391468,115.0,46.0
5119,13075,13108,1,220.0,105.83821727792184,48.1,T1_normal,-98.74585185714284,26.441022428571426,115.0,-98.3163296,26.4391468,115.0,46.0
5120,13075,13428,1,126.8,11.676434555844397,9.2,T1_normal,-98.74585185714284,26.441022428571426,115.0,-98.74585185714284,26.441022428571426,115.0,12.2
5121,13078,13077,1,294.2,200.0,68.0,T1_normal,-95.24810033333334,33.312846,20.0,-95.24810033333334,33.312846,115.0,63.5
5122,13080,13079,1,299.8,200.00000000000009,66.7,T1_normal,-99.8991875,32.803981,20.0,-99.8991875,32.803981,115.0,62.3
5123,13084,13083,1,258.0,200.0,77.5,T1_normal,-99.63215,28.4834915,20.0,-99.63215,28.4834915,115.0,72.4
5124,13086,13085,1,252.8,180.11049723756906,71.2,T1_normal,-100.883227,33.781077,20.0,-100.883227,33.781077,161.0,73.9
5125,13088,13087,1,258.9,194.91382296658344,75.3,T1_normal,-102.59898166666666,30.91979725,20.0,-102.59898166666666,30.91979725,115.0,72.2
5126,13087,13137,1,111.5,15.112057375780095,13.6,T1_normal,-102.59898166666666,30.91979725,115.0,-102.59898166666666,30.91979725,115.0,13.0
5127,13087,13274,1,153.3,40.88864448047218,26.7,T1_normal,-102.59898166666666,30.91979725,115.0,-102.2726905,31.190672000000003,115.0,27.3
5128,13087,13277,1,103.5,2.4668145002721076,2.4,T1_normal,-102.59898166666666,30.91979725,115.0,-102.59898166666666,30.91979725,115.0,0.0
5129,13087,13294,1,111.8,56.13560306574037,50.2,T1_normal,-102.59898166666666,30.91979725,115.0,-102.39869175,31.160862,115.0,47.1
5130,13087,13361,1,134.5,3.496090099513083,2.6,T1_normal,-102.59898166666666,30.91979725,115.0,-101.9839414,30.8611026,115.0,4.4
5131,13087,13364,1,145.4,70.21231448903791,48.3,T1_normal,-102.59898166666666,30.91979725,115.0,-102.414067,30.9564,115.0,53.6
5132,13087,13371,1,136.7,58.85197890265772,43.1,T1_normal,-102.59898166666666,30.91979725,115.0,-102.414067,30.9564,115.0,48.2
5133,13087,13399,1,136.3,18.591179638904975,13.6,T1_normal,-102.59898166666666,30.91979725,115.0,-102.59898166666666,30.91979725,115.0,13.0
5134,13090,13089,1,304.6,111.11111111111116,36.5,T1_normal,-101.80158,33.889462,20.0,-101.80158,33.889462,115.0,61.4
5135,13089,13270,1,186.4,159.82011893602294,85.7,T2_watch,-101.80158,33.889462,115.0,-101.8383465,33.5531785,115.0,57.3
5136,13089,13377,1,191.0,161.77541773941232,84.7,T2_watch,-101.80158,33.889462,115.0,-101.8408,33.6039,115.0,42.2
5137,13089,13395,1,138.6,78.40446332456455,56.6,T1_normal,-101.80158,33.889462,115.0,-101.1794378,34.0282444,115.0,0.4
5138,13092,13091,1,297.6,0.0,0.0,T1_normal,-100.89286566666664,33.327416666666664,20.0,-100.89286566666664,33.327416666666664,161.0,0.0
5139,13094,13093,1,233.2,200.0,85.8,T2_watch,-97.97505466666668,28.59622966666667,20.0,-97.97505466666668,28.59622966666667,115.0,80.1
5140,13096,13095,1,270.0,0.0,0.0,T1_normal,-95.68083125,29.15439325,20.0,-95.68083125,29.15439325,115.0,0.0
5141,13095,13287,1,124.8,55.23628539227992,44.3,T1_normal,-95.68083125,29.15439325,115.0,-95.21873266666668,29.305820666666666,115.0,37.7
5142,13095,13404,1,212.4,58.66455637556243,27.6,T1_normal,-95.68083125,29.15439325,115.0,-95.68083125,29.15439325,115.0,23.9
5143,13098,13097,1,310.6,0.0,0.0,T1_normal,-95.718793,29.017466,20.0,-95.718793,29.017466,115.0,0.0
5144,13097,13402,1,98.5,41.03964022577742,41.7,T1_normal,-95.718793,29.017466,115.0,-95.718793,29.017466,115.0,31.6
5145,13100,13099,1,273.1,0.0,0.0,T1_normal,-95.69411466666666,29.203734666666666,20.0,-95.69411466666666,29.203734666666666,115.0,0.0
5146,13099,13333,1,217.7,30.508231716461864,14.0,T1_normal,-95.69411466666666,29.203734666666666,115.0,-95.68083125,29.15439325,115.0,9.8
5147,13099,13404,1,221.9,30.508231716462575,13.7,T1_normal,-95.69411466666666,29.203734666666666,115.0,-95.68083125,29.15439325,115.0,9.6
5148,13102,13101,1,243.0,0.0,0.0,T1_normal,-95.733244,29.47971475,20.0,-95.733244,29.47971475,115.0,0.0
5149,13101,13285,1,143.0,7.2181298726405885,5.0,T1_normal,-95.733244,29.47971475,115.0,-95.733244,29.47971475,115.0,9.6
5150,13105,13104,1,303.8,5.889763779527568,1.9,T1_normal,-99.11781366666668,28.92295633333333,20.0,-99.11781366666668,28.92295633333333,115.0,0.0
5151,13107,13106,1,255.7,200.0,78.2,T1_normal,-97.0630125,30.978365,20.0,-97.0630125,30.978365,115.0,73.1
5152,13109,13108,1,262.2,0.0,0.0,T1_normal,-98.3163296,26.4391468,20.0,-98.3163296,26.4391468,115.0,0.0
5153,13108,13289,1,220.0,87.71815976049169,39.9,T1_normal,-98.3163296,26.4391468,115.0,-98.74585185714284,26.441022428571426,115.0,37.5
5154,13108,13289,1,220.0,87.71815976049169,39.9,T1_normal,-98.3163296,26.4391468,115.0,-98.74585185714284,26.441022428571426,115.0,37.5
5155,13108,13396,1,181.0,24.905136218612256,13.8,T1_normal,-98.3163296,26.4391468,115.0,-98.3163296,26.4391468,115.0,13.1
5156,13112,13111,1,243.2,200.0,82.2,T2_watch,-99.5687984,33.0957078,20.0,-99.5687984,33.0957078,161.0,76.8
5157,13111,13133,1,229.0,57.3820795840696,25.1,T1_normal,-99.5687984,33.0957078,161.0,-99.37463133333334,33.20651766666666,161.0,22.1
5158,13115,13114,1,272.7,198.5,72.8,T1_normal,-95.3200515,33.474677,20.0,-95.3200515,33.474677,161.0,68.0
5159,13118,13117,1,261.7,0.0,0.0,T1_normal,-98.44031233333334,31.441731,20.0,-98.44031233333334,31.441731,161.0,0.0
5160,13120,13119,1,283.0,196.70000000000024,69.5,T1_normal,-101.582,31.727237,20.0,-101.582,31.727237,115.0,64.9
5161,13119,13169,1,240.5,113.50487380878144,47.2,T1_normal,-101.582,31.727237,115.0,-101.5842835,31.7486435,115.0,39.3
5162,13123,13122,1,271.9,196.3,72.2,T1_normal,-96.70457766666668,28.589903333333336,20.0,-96.70457766666668,28.589903333333336,115.0,67.5
5163,13125,13124,1,292.6,193.99999999999977,66.3,T1_normal,-102.7019445,35.285972,20.0,-102.7019445,35.285972,161.0,62.0
5164,13124,13171,1,215.3,161.00000000000136,74.8,T1_normal,-102.7019445,35.285972,161.0,-102.7019445,35.285972,161.0,69.9
5165,13124,13405,1,391.0,89.20937978436444,22.8,T1_normal,-102.7019445,35.285972,161.0,-101.9005,35.9454,161.0,16.5
5166,13129,13128,1,239.9,165.00000000000003,68.8,T1_normal,-97.49144733333333,26.244685,20.0,-97.49144733333333,26.244685,115.0,65.8
5167,13128,13296,1,194.0,111.44783254655914,57.4,T1_normal,-97.49144733333333,26.244685,115.0,-97.4539215,25.94677375,115.0,53.9
5168,13128,13296,1,194.0,111.44783254655914,57.4,T1_normal,-97.49144733333333,26.244685,115.0,-97.4539215,25.94677375,115.0,53.9
5169,13132,13131,1,233.0,187.9999999999999,80.7,T2_watch,-97.61079925,27.13808725,20.0,-97.61079925,27.13808725,115.0,75.4
5170,13134,13133,1,272.3,183.9999999999998,67.6,T1_normal,-99.37463133333334,33.20651766666666,20.0,-99.37463133333334,33.20651766666666,161.0,63.1
5171,13136,13135,1,233.7,174.7399773499435,74.8,T1_normal,-99.4499348,34.1610722,20.0,-99.4499348,34.1610722,161.0,73.5
5172,13138,13137,1,251.7,176.90938928333804,70.3,T1_normal,-102.59898166666666,30.91979725,20.0,-102.59898166666666,30.91979725,115.0,67.6
5173,13137,13274,1,147.6,5.767614115718089,3.9,T1_normal,-102.59898166666666,30.91979725,115.0,-102.2726905,31.190672000000003,115.0,3.3
5174,13137,13277,1,140.0,28.8523017646952,20.6,T1_normal,-102.59898166666666,30.91979725,115.0,-102.59898166666666,30.91979725,115.0,21.0
5175,13137,13361,1,135.7,10.20720959706125,7.5,T1_normal,-102.59898166666666,30.91979725,115.0,-101.9839414,30.8611026,115.0,4.3
5176,13137,13364,1,123.5,55.13610250879104,44.6,T1_normal,-102.59898166666666,30.91979725,115.0,-102.414067,30.9564,115.0,50.6
5177,13137,13399,1,146.8,10.4638168412734,7.1,T1_normal,-102.59898166666666,30.91979725,115.0,-102.59898166666666,30.91979725,115.0,6.9
5178,13141,13140,1,249.4,74.07407407407405,29.7,T1_normal,-100.938705,32.130795,20.0,-100.938705,32.130795,115.0,0.0
5179,13140,13211,1,124.6,95.75118817624995,76.8,T1_normal,-100.938705,32.130795,115.0,-102.2726905,31.190672000000003,115.0,6.8
5180,13140,13214,1,107.5,128.4908976964957,119.5,T5_moderate,-100.938705,32.130795,115.0,-102.39869175,31.160862,115.0,39.1
5181,13140,13218,1,127.4,96.66095682422052,75.9,T1_normal,-100.938705,32.130795,115.0,-102.2726905,31.190672000000003,115.0,26.3
5182,13140,13415,1,124.4,73.98581925038172,59.5,T1_normal,-100.938705,32.130795,115.0,-102.2726905,31.190672000000003,115.0,19.9
5183,13143,13142,1,262.1,154.02597402597405,58.8,T1_normal,-99.529678,31.25981966666667,20.0,-99.529678,31.25981966666667,115.0,68.7
5184,13142,13179,1,176.0,52.28132301309656,29.7,T1_normal,-99.529678,31.25981966666667,115.0,-99.529678,31.25981966666667,115.0,37.8
5185,13145,13144,1,261.1,176.72727272727224,67.7,T1_normal,-104.508314,31.504614333333333,20.0,-104.508314,31.504614333333333,115.0,64.4
5186,13144,13416,1,242.0,131.93939393939385,54.5,T1_normal,-104.508314,31.504614333333333,115.0,-104.085297,31.815992,115.0,56.6
5187,13144,13416,1,242.0,131.93939393939385,54.5,T1_normal,-104.508314,31.504614333333333,115.0,-104.085297,31.815992,115.0,56.6
5188,13144,13416,1,242.0,131.93939393939385,54.5,T1_normal,-104.508314,31.504614333333333,115.0,-104.085297,31.815992,115.0,56.6
5189,13148,13147,1,207.9,103.87774661379616,50.0,T1_normal,-102.59898166666666,30.91979725,20.0,-102.59898166666666,30.91979725,115.0,0.0
5190,13147,13364,1,115.9,51.18122750514402,44.2,T1_normal,-102.59898166666666,30.91979725,115.0,-102.414067,30.9564,115.0,55.8
5191,13147,13371,1,121.1,28.13898260315426,23.2,T1_normal,-102.59898166666666,30.91979725,115.0,-102.414067,30.9564,115.0,28.7
5192,13150,13149,1,230.4,174.0000000000002,75.5,T1_normal,-100.934408,35.18172,20.0,-100.934408,35.18172,161.0,70.6
5193,13153,13152,1,91.6,1.0178117048345925,1.1,T1_normal,-94.945159,29.3895056,20.0,-94.945159,29.3895056,115.0,0.0
5194,13154,13152,1,88.5,1.0178117048345925,1.2,T1_normal,-94.945159,29.3895056,20.0,-94.945159,29.3895056,115.0,0.0
5195,13152,13408,1,136.7,3.0445713137581265,2.2,T1_normal,-94.945159,29.3895056,115.0,-94.945159,29.3895056,115.0,1.1
5196,13156,13155,1,256.4,171.8,67.0,T1_normal,-101.856375,31.1644605,20.0,-101.856375,31.1644605,115.0,62.6
5197,13158,13157,1,209.1,169.50000000000003,81.1,T2_watch,-100.2944545,32.227039,20.0,-100.2944545,32.227039,115.0,75.7
5198,13160,13159,1,202.1,167.689502762431,83.0,T2_watch,-102.06431,35.259819,20.0,-102.06431,35.259819,161.0,77.6
5199,13162,13161,1,252.0,166.40000000000015,66.0,T1_normal,-102.053717,34.378546,20.0,-102.053717,34.378546,161.0,61.7
5200,13164,13163,1,220.7,0.0,0.0,T1_normal,-96.2086544,29.0561128,20.0,-96.2086544,29.0561128,115.0,0.0
5201,13166,13165,1,248.3,163.00000000000009,65.6,T1_normal,-102.052422,34.769544,20.0,-102.052422,34.769544,161.0,61.4
5202,13168,13167,1,225.3,162.90000000000003,72.3,T1_normal,-97.351834,27.96312533333333,20.0,-97.351834,27.96312533333333,115.0,67.6
5203,13170,13169,1,225.8,147.28518518518516,65.2,T1_normal,-101.5842835,31.7486435,20.0,-101.5842835,31.7486435,115.0,67.1
5204,13172,13171,1,190.1,161.0000000000001,84.7,T2_watch,-102.7019445,35.285972,20.0,-102.7019445,35.285972,161.0,79.1
5205,13175,13174,1,195.2,3.2286995515695693,1.7,T1_normal,-102.7719682,32.2803608,20.0,-102.7719682,32.2803608,115.0,0.0
5206,13177,13176,1,108.8,0.0,0.0,T1_normal,-95.062261,29.713119,20.0,-95.062261,29.713119,115.0,0.0
5207,13178,13176,1,124.6,0.0,0.0,T1_normal,-95.062261,29.713119,20.0,-95.062261,29.713119,115.0,0.0
5208,13180,13179,1,194.4,134.02597402597402,68.9,T1_normal,-99.529678,31.25981966666667,20.0,-99.529678,31.25981966666667,115.0,76.9
5209,13182,13181,1,223.8,154.90397033714913,69.2,T1_normal,-102.59898166666666,30.91979725,20.0,-102.59898166666666,30.91979725,115.0,66.8
5210,13181,13339,1,237.3,125.37518929877436,52.8,T1_normal,-102.59898166666666,30.91979725,115.0,-102.7524375,30.7499505,115.0,63.0
5211,13184,13183,1,206.2,0.0,0.0,T1_normal,-100.559245,31.4624622,20.0,-100.559245,31.4624622,115.0,0.0
5212,13187,13186,1,205.9,152.36455981941307,74.0,T1_normal,-102.59898166666666,30.91979725,20.0,-102.59898166666666,30.91979725,115.0,71.5
5213,13186,13389,1,124.1,45.35516328924274,36.5,T1_normal,-102.59898166666666,30.91979725,115.0,-103.382675,30.250960666666668,115.0,34.1
5214,13186,13397,1,193.0,2.6990493127627246,1.4,T1_normal,-102.59898166666666,30.91979725,115.0,-102.59898166666666,30.91979725,115.0,0.2
5215,13190,13189,1,235.4,0.0,0.0,T1_normal,-102.7524375,30.7499505,20.0,-102.7524375,30.7499505,115.0,0.0
5216,13192,13191,1,186.9,0.0,0.0,T1_normal,-98.677196,32.635105,20.0,-98.677196,32.635105,161.0,0.0
5217,13195,13194,1,231.9,151.20000000000005,65.2,T1_normal,-101.1794378,34.0282444,20.0,-101.1794378,34.0282444,161.0,60.9
5218,13199,13198,1,227.2,150.0,66.0,T1_normal,-100.650967,31.066996,20.0,-100.650967,31.066996,115.0,61.7
5219,13201,13200,1,194.1,148.1556455240666,76.3,T1_normal,-101.35485071428572,35.27871242857143,20.0,-101.35485071428572,35.27871242857143,161.0,72.2
5220,13203,13202,1,218.3,4.585635359116047,2.1,T1_normal,-99.2898065,33.642922,20.0,-99.2898065,33.642922,161.0,0.0
5221,13202,13204,1,471.0,10.04867798678255,2.1,T1_normal,-99.2898065,33.642922,161.0,-99.2898065,33.642922,161.0,41.4
5222,13202,13204,1,471.0,10.04867798678255,2.1,T1_normal,-99.2898065,33.642922,161.0,-99.2898065,33.642922,161.0,41.4
5223,13205,13204,1,218.8,145.41436464088395,66.5,T1_normal,-99.2898065,33.642922,20.0,-99.2898065,33.642922,161.0,64.1
5224,13208,13207,1,213.9,149.99999999999983,70.1,T1_normal,-102.351727,34.668882,20.0,-102.351727,34.668882,161.0,65.5
5225,13210,13209,1,227.2,0.0,0.0,T1_normal,-98.1803245,31.84167,20.0,-98.1803245,31.84167,161.0,0.0
5226,13212,13211,1,193.0,150.0,77.7,T1_normal,-102.2726905,31.190672000000003,20.0,-102.2726905,31.190672000000003,115.0,72.6
5227,13211,13214,1,144.7,32.04898035017578,22.1,T1_normal,-102.2726905,31.190672000000003,115.0,-102.39869175,31.160862,115.0,35.4
5228,13211,13218,1,120.4,31.213781507976535,25.9,T1_normal,-102.2726905,31.190672000000003,115.0,-102.2726905,31.190672000000003,115.0,35.9
5229,13211,13415,1,124.6,38.09013315727725,30.6,T1_normal,-102.2726905,31.190672000000003,115.0,-102.2726905,31.190672000000003,115.0,40.9
5230,13215,13214,1,195.9,150.00000000000009,76.6,T1_normal,-102.39869175,31.160862,20.0,-102.39869175,31.160862,115.0,71.5
5231,13214,13218,1,117.7,10.747429743878456,9.1,T1_normal,-102.39869175,31.160862,115.0,-102.2726905,31.190672000000003,115.0,5.8
5232,13214,13415,1,123.9,20.643734035917305,16.7,T1_normal,-102.39869175,31.160862,115.0,-102.2726905,31.190672000000003,115.0,7.4
5233,13217,13216,1,200.9,0.0,0.0,T1_normal,-94.609877,30.042956500000003,20.0,-94.609877,30.042956500000003,115.0,0.0
5234,13216,13398,1,126.1,32.00000000000003,25.4,T1_normal,-94.609877,30.042956500000003,115.0,-94.0656,30.3419,115.0,24.6
5235,13219,13218,1,180.6,150.0,83.1,T2_watch,-102.2726905,31.190672000000003,20.0,-102.2726905,31.190672000000003,115.0,77.6
5236,13218,13415,1,102.0,0.225588011036848,0.2,T1_normal,-102.2726905,31.190672000000003,115.0,-102.2726905,31.190672000000003,115.0,3.8
5237,13221,13220,1,178.6,75.92592592592594,42.5,T1_normal,-100.938705,32.130795,20.0,-100.938705,32.130795,115.0,78.5
5238,13220,13222,1,157.2,241.0673916153959,153.4,T7_structural,-100.938705,32.130795,115.0,-99.5687984,33.0957078,115.0,16.9
5239,13220,13315,1,330.0,108.93260838460432,33.0,T1_normal,-100.938705,32.130795,115.0,-99.5687984,33.0957078,115.0,34.4
5240,13223,13222,1,195.1,149.99999999999997,76.9,T1_normal,-99.5687984,33.0957078,20.0,-99.5687984,33.0957078,115.0,71.8
5241,13222,13315,1,330.0,91.06739161539554,27.6,T1_normal,-99.5687984,33.0957078,115.0,-99.5687984,33.0957078,115.0,50.5
5242,13225,13224,1,177.7,150.0,84.4,T2_watch,-97.49466233333334,28.47964933333333,20.0,-97.49466233333334,28.47964933333333,115.0,78.9
5243,13224,13226,1,231.8,130.0201976667175,56.1,T1_normal,-97.49466233333334,28.47964933333333,115.0,-97.49466233333334,28.47964933333333,115.0,51.5
5244,13227,13226,1,179.1,149.99999999999994,83.8,T2_watch,-97.49466233333334,28.47964933333333,20.0,-97.49466233333334,28.47964933333333,115.0,78.3
5245,13229,13228,1,181.2,149.9923421300659,82.8,T2_watch,-99.3906115,27.588413625,20.0,-99.3906115,27.588413625,115.0,77.3
5246,13231,13230,1,205.5,150.0,73.0,T1_normal,-101.64011833333332,32.67313766666667,20.0,-101.64011833333332,32.67313766666667,115.0,68.2
5247,13233,13232,1,180.8,150.0,83.0,T2_watch,-95.43283075,29.2128395,20.0,-95.43283075,29.2128395,115.0,77.5
5248,13235,13234,1,211.6,0.0,0.0,T1_normal,-96.2086544,29.0561128,20.0,-96.2086544,29.0561128,115.0,0.0
5249,13238,13237,1,178.4,158.78408871000966,89.0,T2_watch,-97.234707,33.503328,20.0,-97.234707,33.503328,161.0,0.0
5250,13237,13390,1,227.6,304.34747122367935,133.7,T6_heavy,-97.234707,33.503328,161.0,-97.234707,33.503328,161.0,57.8
5251,13240,13239,1,221.4,183.14565515095325,82.7,T2_watch,-100.967827,29.7051495,20.0,-100.967827,29.7051495,115.0,63.0
5252,13239,13385,1,170.4,86.93125437112137,51.0,T1_normal,-100.967827,29.7051495,115.0,-100.967827,29.7051495,115.0,9.2
5253,13239,13391,1,174.2,48.10720038991603,27.6,T1_normal,-100.967827,29.7051495,115.0,-100.967827,29.7051495,115.0,44.6
5254,13239,13391,1,174.2,48.10720038991603,27.6,T1_normal,-100.967827,29.7051495,115.0,-100.967827,29.7051495,115.0,44.6
5255,13242,13241,1,210.6,0.0,0.0,T1_normal,-99.9360515,31.18751,20.0,-99.9360515,31.18751,115.0,0.0
5256,13244,13243,1,198.3,0.0,0.0,T1_normal,-99.1533074,32.3857988,20.0,-99.1533074,32.3857988,161.0,0.0
5257,13243,13282,1,245.8,139.9145892082771,56.9,T1_normal,-99.1533074,32.3857988,161.0,-99.1533074,32.3857988,161.0,36.7
5258,13243,13380,1,223.6,30.17288603622887,13.5,T1_normal,-99.1533074,32.3857988,161.0,-99.1533074,32.3857988,161.0,12.5
5259,13248,13247,1,205.7,142.6000000000002,69.3,T1_normal,-97.49144733333333,26.244685,20.0,-97.49144733333333,26.244685,115.0,64.8
5260,13247,13296,1,157.0,70.03631276060203,44.6,T1_normal,-97.49144733333333,26.244685,115.0,-97.4539215,25.94677375,115.0,41.5
5261,13257,13256,1,203.4,156.5235810781992,77.0,T1_normal,-97.98045,27.918286,20.0,-97.98045,27.918286,115.0,60.2
5262,13260,13259,1,190.5,124.11023622047246,65.1,T1_normal,-99.11781366666668,28.92295633333333,20.0,-99.11781366666668,28.92295633333333,115.0,63.8
5263,13267,13266,1,195.0,0.0,0.0,T1_normal,-97.466582,33.243525500000004,20.0,-97.466582,33.243525500000004,161.0,0.0
5264,13269,13268,1,173.4,123.60000000000008,71.3,T1_normal,-96.0140895,33.412679,20.0,-96.0140895,33.412679,161.0,66.6
5265,13270,13377,1,217.0,54.794609982565845,25.3,T1_normal,-101.8383465,33.5531785,115.0,-101.8408,33.6039,115.0,51.5
5266,13270,13417,1,214.0,41.33527108141095,19.3,T1_normal,-101.8383465,33.5531785,115.0,-101.8383465,33.5531785,115.0,50.3
5267,13272,13271,1,160.5,0.0,0.0,T1_normal,-95.69411466666666,29.203734666666666,20.0,-95.69411466666666,29.203734666666666,115.0,0.0
5268,13271,13287,1,126.5,52.242792241349974,41.3,T1_normal,-95.69411466666666,29.203734666666666,115.0,-95.21873266666668,29.305820666666666,115.0,35.1
5269,13271,13328,1,133.8,77.28001064382575,57.8,T1_normal,-95.69411466666666,29.203734666666666,115.0,-95.43283075,29.2128395,115.0,50.4
5270,13275,13274,1,152.1,0.0,0.0,T1_normal,-102.2726905,31.190672000000003,20.0,-102.2726905,31.190672000000003,115.0,0.0
5271,13274,13277,1,108.4,46.4502230700532,42.9,T1_normal,-102.2726905,31.190672000000003,115.0,-102.59898166666666,30.91979725,115.0,48.5
5272,13274,13361,1,128.4,1.7645240781106963,1.4,T1_normal,-102.2726905,31.190672000000003,115.0,-101.9839414,30.8611026,115.0,0.3
5273,13274,13364,1,129.2,61.99821147281668,48.0,T1_normal,-102.2726905,31.190672000000003,115.0,-102.414067,30.9564,115.0,53.6
5274,13274,13399,1,122.7,23.224809949454084,18.9,T1_normal,-102.2726905,31.190672000000003,115.0,-102.59898166666666,30.91979725,115.0,25.5
5275,13278,13277,1,174.1,110.864559819413,63.7,T1_normal,-102.59898166666666,30.91979725,20.0,-102.59898166666666,30.91979725,115.0,62.3
5276,13277,13294,1,129.7,51.86439693425946,40.0,T1_normal,-102.59898166666666,30.91979725,115.0,-102.39869175,31.160862,115.0,37.2
5277,13277,13361,1,99.7,3.5613456389960163,3.6,T1_normal,-102.59898166666666,30.91979725,115.0,-101.9839414,30.8611026,115.0,7.4
5278,13277,13399,1,134.2,44.08403258797762,32.8,T1_normal,-102.59898166666666,30.91979725,115.0,-102.59898166666666,30.91979725,115.0,35.5
5279,13281,13280,1,157.0,115.00000000000011,73.2,T1_normal,-100.825,31.888,20.0,-100.825,31.888,115.0,68.4
5280,13280,13413,1,150.0,32.12788363263428,21.4,T1_normal,-100.825,31.888,115.0,-100.98431625,31.875952,115.0,28.0
5281,13280,13413,1,150.0,32.12788363263428,21.4,T1_normal,-100.825,31.888,115.0,-100.98431625,31.875952,115.0,28.0
5282,13283,13282,1,177.1,114.9,64.9,T1_normal,-99.1533074,32.3857988,20.0,-99.1533074,32.3857988,161.0,60.6
5283,13282,13380,1,233.1,38.76664097839111,16.6,T1_normal,-99.1533074,32.3857988,161.0,-99.1533074,32.3857988,161.0,0.2
5284,13286,13285,1,178.2,0.0,0.0,T1_normal,-95.733244,29.47971475,20.0,-95.733244,29.47971475,115.0,0.0
5285,13287,13406,1,132.3,6.181434519255902,4.7,T1_normal,-95.21873266666668,29.305820666666666,115.0,-95.21873266666668,29.305820666666666,115.0,4.7
5286,13290,13289,1,164.7,110.00000000000014,66.8,T1_normal,-98.74585185714284,26.441022428571426,20.0,-98.74585185714284,26.441022428571426,115.0,62.4
5287,13292,13291,1,142.3,0.0,0.0,T1_normal,-99.849793,31.4410845,20.0,-99.849793,31.4410845,115.0,0.0
5288,13295,13294,1,158.0,108.0,68.4,T1_normal,-102.39869175,31.160862,20.0,-102.39869175,31.160862,115.0,63.9
5289,13298,13297,1,141.0,102.59999999999998,72.8,T1_normal,-100.340209,28.587968,20.0,-100.340209,28.587968,115.0,68.0
5290,13301,13300,1,152.4,26.66666666666666,17.5,T1_normal,-100.890668,32.313261999999995,20.0,-100.890668,32.313261999999995,115.0,0.0
5291,13303,13302,1,158.2,101.00000000000016,63.8,T1_normal,-103.43056166666668,31.453610666666663,20.0,-103.43056166666668,31.453610666666663,115.0,59.7
5292,13302,13397,1,178.0,105.93535870287953,59.5,T1_normal,-103.43056166666668,31.453610666666663,115.0,-102.59898166666666,30.91979725,115.0,64.0
5293,13305,13304,1,134.6,101.00000000000016,75.0,T1_normal,-103.361771,31.45115,20.0,-103.361771,31.45115,115.0,70.1
5294,13307,13306,1,156.0,100.8,64.6,T1_normal,-101.83586283333334,32.75809566666667,20.0,-101.83586283333334,32.75809566666667,115.0,60.4
5295,13306,13317,1,129.7,67.32711014944357,51.9,T1_normal,-101.83586283333334,32.75809566666667,115.0,-101.83586283333334,32.75809566666667,115.0,48.5
5296,13306,13401,1,105.6,33.47288985055954,31.7,T1_normal,-101.83586283333334,32.75809566666667,115.0,-101.83586283333334,32.75809566666667,115.0,29.6
5297,13311,13310,1,155.2,100.1,64.5,T1_normal,-97.082774,31.356717000000003,20.0,-97.082774,31.356717000000003,161.0,60.3
5298,13312,13403,1,128.1,30.123691742173975,23.5,T1_normal,-100.94008825,32.806441125,115.0,-100.94008825,32.806441125,115.0,29.4
5299,13314,13313,1,162.4,100.0,61.6,T1_normal,-99.79466125,29.20340125,20.0,-99.79466125,29.20340125,115.0,57.5
5300,13313,13335,1,135.9,18.363890164022223,13.5,T1_normal,-99.79466125,29.20340125,115.0,-99.79466125,29.20340125,115.0,3.1
5301,13313,13337,1,138.4,93.35650688660095,67.5,T1_normal,-99.79466125,29.20340125,115.0,-99.79466125,29.20340125,115.0,48.1
5302,13316,13315,1,163.8,100.0,61.1,T1_normal,-99.5687984,33.0957078,20.0,-99.5687984,33.0957078,115.0,57.0
5303,13318,13317,1,160.4,100.0,62.3,T1_normal,-101.83586283333334,32.75809566666667,20.0,-101.83586283333334,32.75809566666667,115.0,58.3
5304,13317,13401,1,140.0,35.4319467112731,25.3,T1_normal,-101.83586283333334,32.75809566666667,115.0,-101.83586283333334,32.75809566666667,115.0,23.6
5305,13320,13319,1,134.7,78.81481481481485,58.5,T1_normal,-102.66795,31.1834,20.0,-102.66795,31.1834,115.0,69.4
5306,13319,13416,1,265.0,126.55219058489396,47.8,T1_normal,-102.66795,31.1834,115.0,-104.085297,31.815992,115.0,50.5
5307,13326,13325,1,135.2,0.0,0.0,T1_normal,-99.4009155,30.7904335,20.0,-99.4009155,30.7904335,115.0,0.0
5308,13329,13328,1,147.5,0.0,0.0,T1_normal,-95.43283075,29.2128395,20.0,-95.43283075,29.2128395,115.0,0.0
5309,13331,13330,1,141.5,73.82541129444573,52.2,T1_normal,-97.3420515,33.318023,20.0,-97.3420515,33.318023,161.0,0.0
5310,13334,13333,1,161.2,0.0,0.0,T1_normal,-95.68083125,29.15439325,20.0,-95.68083125,29.15439325,115.0,0.0
5311,13336,13335,1,121.1,100.0,82.6,T2_watch,-99.79466125,29.20340125,20.0,-99.79466125,29.20340125,115.0,77.2
5312,13335,13337,1,116.4,64.90374109691253,55.8,T1_normal,-99.79466125,29.20340125,115.0,-99.79466125,29.20340125,115.0,37.2
5313,13338,13337,1,150.6,100.0,66.4,T1_normal,-99.79466125,29.20340125,20.0,-99.79466125,29.20340125,115.0,62.0
5314,13340,13339,1,155.9,99.99999999999984,64.1,T1_normal,-102.7524375,30.7499505,20.0,-102.7524375,30.7499505,115.0,59.9
5315,13339,13397,1,286.0,23.318352343259896,8.2,T1_normal,-102.7524375,30.7499505,115.0,-102.59898166666666,30.91979725,115.0,2.4
5316,13343,13342,1,158.4,0.0,0.0,T1_normal,-97.409,31.54,20.0,-97.409,31.54,161.0,0.0
5317,13350,13349,1,145.9,90.33997734994335,61.9,T1_normal,-99.4499348,34.1610722,20.0,-99.4499348,34.1610722,161.0,63.7
5318,13349,13412,1,206.0,45.535290817708685,22.1,T1_normal,-99.4499348,34.1610722,161.0,-99.4499348,34.1610722,161.0,25.6
5319,13356,13357,1,139.0,95.48040072939092,68.7,T1_normal,-97.00621414285716,28.74651585714286,115.0,-97.00621414285716,28.74651585714286,115.0,68.5
5320,13357,13375,1,111.2,40.33081248291484,36.3,T1_normal,-97.00621414285716,28.74651585714286,115.0,-97.00621414285716,28.74651585714286,115.0,34.6
5321,13360,13359,1,126.1,83.99999999999999,66.6,T1_normal,-101.17026400000002,32.93510466666667,20.0,-101.17026400000002,32.93510466666667,115.0,62.5
5322,13362,13361,1,102.7,82.50000000000001,80.3,T2_watch,-101.9839414,30.8611026,20.0,-101.9839414,30.8611026,115.0,75.3
5323,13361,13399,1,99.9,1.8467098553017536,1.8,T1_normal,-101.9839414,30.8611026,115.0,-102.59898166666666,30.91979725,115.0,1.1
5324,13365,13364,1,120.3,82.02019789033983,68.2,T1_normal,-102.414067,30.9564,20.0,-102.414067,30.9564,115.0,64.1
5325,13364,13371,1,131.4,4.383032087892502,3.3,T1_normal,-102.414067,30.9564,115.0,-102.414067,30.9564,115.0,7.7
5326,13364,13399,1,147.1,57.90302092756896,39.4,T1_normal,-102.414067,30.9564,115.0,-102.59898166666666,30.91979725,115.0,44.1
5327,13367,13366,1,120.6,80.5,66.7,T1_normal,-100.56760671428572,32.36118885714286,20.0,-100.56760671428572,32.36118885714286,115.0,62.4
5328,13370,13369,1,110.4,78.09999999999997,70.7,T1_normal,-95.2783065,29.276466,20.0,-95.2783065,29.276466,115.0,66.1
5329,13372,13371,1,125.7,78.01921262739633,62.1,T1_normal,-102.414067,30.9564,20.0,-102.414067,30.9564,115.0,58.4
5330,13374,13373,1,111.8,77.99999999999994,69.8,T1_normal,-98.8533165,27.140224,20.0,-98.8533165,27.140224,115.0,65.2
5331,13376,13375,1,110.5,74.99768786127167,67.9,T1_normal,-97.00621414285716,28.74651585714286,20.0,-97.00621414285716,28.74651585714286,115.0,64.6
5332,13377,13395,1,117.1,28.00446332456459,23.9,T1_normal,-101.8408,33.6039,115.0,-101.1794378,34.0282444,115.0,39.7
5333,13377,13417,1,192.0,60.98527108141205,31.8,T1_normal,-101.8408,33.6039,115.0,-101.8383465,33.5531785,115.0,45.7
5334,13379,13378,1,92.7,0.0,0.0,T1_normal,-95.6326335,29.479039,20.0,-95.6326335,29.479039,115.0,0.0
5335,13381,13380,1,108.3,0.0,0.0,T1_normal,-99.1533074,32.3857988,20.0,-99.1533074,32.3857988,161.0,0.0
5336,13383,13382,1,91.8,70.66739926739926,77.0,T1_normal,-97.46203133333334,31.819786000000004,20.0,-97.46203133333334,31.819786000000004,161.0,72.7
5337,13386,13385,1,88.6,85.86869297097604,96.9,T3_prevent,-100.967827,29.7051495,20.0,-100.967827,29.7051495,115.0,73.8
5338,13388,13387,1,81.9,60.20000000000003,73.5,T1_normal,-96.444571,30.2627995,20.0,-96.444571,30.2627995,115.0,68.7
5339,13389,13400,1,140.1,14.644836710756692,10.5,T1_normal,-103.382675,30.250960666666668,115.0,-103.382675,30.250960666666668,115.0,9.8
5340,13396,13427,1,286.0,123.54728199128502,43.2,T1_normal,-98.3163296,26.4391468,115.0,-98.74585185714284,26.441022428571426,115.0,43.3
5341,13397,13400,1,121.0,64.64483671075757,53.4,T1_normal,-102.59898166666666,30.91979725,115.0,-103.382675,30.250960666666668,115.0,50.0
5342,13405,13419,1,445.0,138.2093797843643,31.1,T1_normal,-101.9005,35.9454,161.0,-101.5408005,35.944565,161.0,24.9
5343,13419,13420,1,456.0,148.20937978436604,32.5,T1_normal,-101.5408005,35.944565,161.0,-101.5408005,35.944565,161.0,26.4
