branch_id,from_bus,to_bus,rate_a,loading_pct,tier,from_lon,from_lat,from_kv,to_lon,to_lat,to_kv,loading_n0,loading_wc,wc_contingency_row,base_wc,tier_wc,component,high_kV,distance_mile,is_over,is_new
0,1001,1064,221.0,40.287354329065465,T1_normal,-102.45323571428573,31.843002285714284,115.0,-102.45323571428573,31.843002285714284,115.0,40.3,55.2,1,47.9,T1_normal,line,115.0,0.0,False,False
1,1001,1064,221.0,40.287354329065465,T1_normal,-102.45323571428573,31.843002285714284,115.0,-102.45323571428573,31.843002285714284,115.0,40.3,55.2,0,47.9,T1_normal,line,115.0,0.0,False,False
2,1001,1071,221.0,6.249297328364836,T1_normal,-102.45323571428573,31.843002285714284,115.0,-102.45323571428573,31.843002285714284,115.0,6.2,7.9,1950,12.8,T1_normal,line,115.0,0.0,False,False
3,1001,1071,221.0,6.249297328364836,T1_normal,-102.45323571428573,31.843002285714284,115.0,-102.45323571428573,31.843002285714284,115.0,6.2,7.9,1950,12.8,T1_normal,line,115.0,0.0,False,False
4,1001,1071,187.4,36.04652732371684,T1_normal,-102.45323571428573,31.843002285714284,115.0,-102.45323571428573,31.843002285714284,115.0,36.0,45.5,1950,74.1,T1_normal,line,115.0,0.0,False,False
5,1001,1071,187.4,36.04652732371684,T1_normal,-102.45323571428573,31.843002285714284,115.0,-102.45323571428573,31.843002285714284,115.0,36.0,45.5,1950,74.1,T1_normal,line,115.0,0.0,False,False
6,1001,1071,187.4,36.04652732371684,T1_normal,-102.45323571428573,31.843002285714284,115.0,-102.45323571428573,31.843002285714284,115.0,36.0,45.5,1950,74.1,T1_normal,line,115.0,0.0,False,False
7,1001,1071,187.4,36.04652732371684,T1_normal,-102.45323571428573,31.843002285714284,115.0,-102.45323571428573,31.843002285714284,115.0,36.0,45.5,1950,74.1,T1_normal,line,115.0,0.0,False,False
8,1001,1130,115.7,39.83348629135397,T1_normal,-102.45323571428573,31.843002285714284,115.0,-102.426,31.865,115.0,39.8,54.2,228,43.5,T1_normal,line,115.0,2.2056893728526803,False,False
9,1001,12667,600.0,46.225701487604695,T1_normal,-102.45323571428573,31.843002285714284,115.0,-102.45323571428573,31.843002285714284,230.0,46.2,75.9,10,95.6,T1_normal,transformer,230.0,0.0,False,False
10,1001,12667,600.0,46.225701487604695,T1_normal,-102.45323571428573,31.843002285714284,115.0,-102.45323571428573,31.843002285714284,230.0,46.2,75.9,9,95.6,T1_normal,transformer,230.0,0.0,False,False
11,1002,1007,98.0,0.7871890845816953,T1_normal,-104.4095695,29.744023,115.0,-104.508314,31.504614333333333,115.0,0.8,27.6,12,27.6,T1_normal,line,115.0,121.78803777085189,False,False
12,1010,1002,98.0,26.845463976642833,T1_normal,-104.4095695,29.744023,115.0,-104.4095695,29.744023,115.0,26.8,46.9,46,36.9,T1_normal,line,115.0,0.0,False,False
13,1004,1003,373.0,63.559642262436235,T1_normal,-101.6131975,32.9277015,230.0,-101.6131975,32.9277015,115.0,63.6,92.2,99,84.0,T3_prevent,transformer,230.0,0.0,False,False
14,1003,1022,450.0,65.45635608982978,T1_normal,-101.6131975,32.9277015,115.0,-101.6131975,32.9277015,115.0,65.5,91.4,99,85.4,T3_prevent,line,115.0,0.0,False,False
15,1003,1055,98.0,58.64911914831281,T1_normal,-101.6131975,32.9277015,115.0,-101.764414,32.92701,115.0,58.6,108.7,13,92.9,T4_light,line,115.0,8.769907466926155,True,True
16,1004,1127,547.0,50.73936893462829,T1_normal,-101.6131975,32.9277015,230.0,-101.826,32.411,230.0,50.7,67.7,614,73.8,T1_normal,line,230.0,37.78569189156069,False,False
17,1004,3133,523.0,46.140657396276545,T1_normal,-101.6131975,32.9277015,230.0,-100.94008825,32.806441125,230.0,46.1,71.7,962,72.9,T1_normal,line,230.0,39.951766028690166,False,False
18,12733,1004,321.7,65.58905812869142,T1_normal,-101.6131975,32.9277015,20.0,-101.6131975,32.9277015,230.0,65.6,65.6,-1,61.3,T1_normal,transformer,230.0,0.0,False,False
19,12734,1004,245.7,67.15506715506717,T1_normal,-101.6131975,32.9277015,20.0,-101.6131975,32.9277015,230.0,67.2,67.2,-1,62.8,T1_normal,transformer,230.0,0.0,False,False
20,1004,12788,444.7,1.3254413233938258,T1_normal,-101.6131975,32.9277015,230.0,-101.83586283333334,32.75809566666667,230.0,1.3,23.8,16,48.8,T1_normal,line,230.0,17.447182919194834,False,False
21,1004,12814,685.0,12.893903915155274,T1_normal,-101.6131975,32.9277015,230.0,-101.679188,33.150904,230.0,12.9,25.9,16,54.8,T1_normal,line,230.0,15.888578422528171,False,False
22,1006,1005,174.5,68.76790830945535,T1_normal,-101.3548315,32.107940125,13.8,-101.3548315,32.107940125,115.0,68.8,68.9,3629,64.5,T1_normal,transformer,115.0,0.0,False,False
23,1025,1005,149.0,0.7839329843862528,T1_normal,-101.22,32.039,115.0,-101.3548315,32.107940125,115.0,0.8,11.8,1950,16.5,T1_normal,line,115.0,9.21991464545884,False,False
24,1005,1061,221.0,12.675894386111487,T1_normal,-101.3548315,32.107940125,115.0,-101.3548315,32.107940125,115.0,12.7,16.8,27,9.1,T1_normal,line,115.0,0.0,False,False
25,1067,1005,98.0,16.231331420041727,T1_normal,-101.3548315,32.107940125,115.0,-101.3548315,32.107940125,115.0,16.2,21.9,28,22.6,T1_normal,line,115.0,0.0,False,False
26,1005,1104,125.4,15.11811718168022,T1_normal,-101.3548315,32.107940125,115.0,-101.368,32.377,115.0,15.1,20.5,1950,19.6,T1_normal,line,115.0,18.606369770698738,False,False
27,1005,1134,125.2,25.38672481518765,T1_normal,-101.3548315,32.107940125,115.0,-101.362,32.319,115.0,25.4,30.9,24,28.2,T1_normal,line,115.0,14.589010725851038,False,False
28,1005,13409,127.0,20.870338856179742,T1_normal,-101.3548315,32.107940125,115.0,-101.3548315,32.107940125,115.0,20.9,28.6,24,23.4,T1_normal,line,115.0,0.0,False,False
29,1007,1015,98.0,1.693180593676343,T1_normal,-104.508314,31.504614333333333,115.0,-104.005761,30.285296,115.0,1.7,20.1,46,12.7,T1_normal,line,115.0,89.36127253796322,False,False
30,1031,1007,98.0,28.990112387009205,T1_normal,-103.759065,31.004969,115.0,-104.508314,31.504614333333333,115.0,29.0,55.0,43,36.5,T1_normal,line,115.0,56.12765729517933,False,False
31,1009,1008,331.3,67.00875339571382,T1_normal,-101.9839414,30.8611026,13.8,-101.9839414,30.8611026,115.0,67.0,67.0,-1,62.6,T1_normal,transformer,115.0,0.0,False,False
32,1008,1032,220.0,42.5014049571957,T1_normal,-101.9839414,30.8611026,115.0,-102.2726905,31.190672000000003,115.0,42.5,54.5,4984,54.5,T1_normal,line,115.0,28.47495769547186,False,False
33,1008,1036,184.0,46.55419509033606,T1_normal,-101.9839414,30.8611026,115.0,-102.39869175,31.160862,115.0,46.6,77.8,4984,86.2,T1_normal,line,115.0,32.12790001625045,False,False
34,1008,1069,149.0,39.93699476715588,T1_normal,-101.9839414,30.8611026,115.0,-101.9839414,30.8611026,115.0,39.9,61.0,219,72.1,T1_normal,line,115.0,0.0,False,False
35,1008,13087,134.5,8.848747589073763,T1_normal,-101.9839414,30.8611026,115.0,-102.59898166666666,30.91979725,115.0,8.8,21.3,4984,26.2,T1_normal,line,115.0,36.69241818395104,False,False
36,1008,13137,107.2,24.455087260520045,T1_normal,-101.9839414,30.8611026,115.0,-102.59898166666666,30.91979725,115.0,24.5,41.9,32,33.8,T1_normal,line,115.0,36.69241818395104,False,False
37,1008,13274,116.8,4.47621645410683,T1_normal,-101.9839414,30.8611026,115.0,-102.2726905,31.190672000000003,115.0,4.5,11.8,33,9.7,T1_normal,line,115.0,28.47495769547186,False,False
38,1008,13277,118.1,10.769760502833172,T1_normal,-101.9839414,30.8611026,115.0,-102.59898166666666,30.91979725,115.0,10.8,20.9,4984,28.4,T1_normal,line,115.0,36.69241818395104,False,False
39,1008,13361,111.9,1.8685079983200592,T1_normal,-101.9839414,30.8611026,115.0,-101.9839414,30.8611026,115.0,1.9,24.7,219,26.0,T1_normal,line,115.0,0.0,False,False
40,1008,13399,113.7,5.803435949422084,T1_normal,-101.9839414,30.8611026,115.0,-102.59898166666666,30.91979725,115.0,5.8,23.8,32,30.8,T1_normal,line,115.0,36.69241818395104,False,False
41,1011,1010,29.6,33.78378378378381,T1_normal,-104.4095695,29.744023,22.0,-104.4095695,29.744023,115.0,33.8,33.8,3629,31.6,T1_normal,transformer,115.0,0.0,False,False
42,1010,1015,98.0,9.356445899798764,T1_normal,-104.4095695,29.744023,115.0,-104.005761,30.285296,115.0,9.4,27.8,46,20.4,T1_normal,line,115.0,44.52332286839862,False,False
43,1010,1030,98.0,25.997828243788504,T1_normal,-104.4095695,29.744023,115.0,-103.382675,30.250960666666668,115.0,26.0,64.4,46,45.9,T1_normal,line,115.0,70.72935355878354,False,False
44,1012,1087,149.0,43.29071634711179,T1_normal,-101.970461,30.028067,115.0,-101.78453,30.596998,115.0,43.3,57.8,118,88.0,T1_normal,line,115.0,40.844252730469805,False,False
45,3051,1012,149.0,41.28400493771588,T1_normal,-100.967827,29.7051495,115.0,-101.970461,30.028067,115.0,41.3,55.8,118,86.0,T1_normal,line,115.0,64.08443808521335,False,False
46,1013,1031,98.0,38.428887897213265,T1_normal,-103.062173,31.534243,115.0,-103.759065,31.004969,115.0,38.4,64.4,43,45.9,T1_normal,line,115.0,55.05599922598409,False,False
47,1047,1013,292.0,35.570388868806795,T1_normal,-103.062173,31.534243,115.0,-103.062173,31.534243,115.0,35.6,69.6,4935,90.6,T1_normal,line,115.0,0.0,False,False
48,1086,1013,220.0,27.282411458543265,T1_normal,-103.43056166666668,31.453610666666663,115.0,-103.062173,31.534243,115.0,27.3,69.5,249,76.2,T1_normal,line,115.0,22.40768885851112,False,False
49,1013,12834,148.0,32.54343233472965,T1_normal,-103.062173,31.534243,115.0,-103.43056166666668,31.453610666666663,115.0,32.5,80.2,4935,95.2,T2_watch,line,115.0,22.40768885851112,False,False
50,1013,13304,124.4,50.418215893883314,T1_normal,-103.062173,31.534243,115.0,-103.361771,31.45115,115.0,50.4,82.8,4935,91.2,T2_watch,line,115.0,18.56162589078176,False,False
51,1014,1047,177.0,57.151863036752886,T1_normal,-103.125868,31.165245,115.0,-103.062173,31.534243,115.0,57.2,95.7,4942,97.1,T3_prevent,line,115.0,25.771118003497303,False,False
52,1014,1083,149.0,18.537461438631993,T1_normal,-103.125868,31.165245,115.0,-102.59898166666666,30.91979725,115.0,18.5,41.5,4942,37.3,T1_normal,line,115.0,35.50327313187226,False,False
53,1014,12891,600.0,27.86578427078865,T1_normal,-103.125868,31.165245,115.0,-103.125868,31.165245,230.0,27.9,54.9,4935,69.8,T1_normal,transformer,230.0,0.0,False,False
54,1014,13022,279.0,43.2805736839542,T1_normal,-103.125868,31.165245,115.0,-103.128,31.186,115.0,43.3,73.0,4936,83.2,T1_normal,line,115.0,1.439575729102122,False,False
55,1014,13186,251.0,68.08366190559606,T1_normal,-103.125868,31.165245,115.0,-102.59898166666666,30.91979725,115.0,68.1,113.7,134,128.9,T5_moderate,line,115.0,35.50327313187226,True,False
56,1014,13302,162.0,24.714547870198732,T1_normal,-103.125868,31.165245,115.0,-103.43056166666668,31.453610666666663,115.0,24.7,98.0,4937,100.3,T3_prevent,line,115.0,26.842146975778626,False,False
57,1014,13415,121.8,27.492642666381915,T1_normal,-103.125868,31.165245,115.0,-102.2726905,31.190672000000003,115.0,27.5,57.5,4942,63.1,T1_normal,line,115.0,50.465526467335984,False,False
58,1016,1034,220.0,37.57428859850859,T1_normal,-101.5842835,31.7486435,115.0,-101.3548315,32.107940125,115.0,37.6,46.1,290,56.0,T1_normal,line,115.0,28.23716033321665,False,False
59,1068,1016,98.0,3.522139364284895,T1_normal,-102.075159,31.9729432,115.0,-101.5842835,31.7486435,115.0,3.5,92.4,214,82.6,T3_prevent,line,115.0,32.71072369124112,False,False
60,1016,1106,122.8,18.29271154497541,T1_normal,-101.5842835,31.7486435,115.0,-101.152,31.683,115.0,18.3,41.9,316,66.4,T1_normal,line,115.0,25.809523251038595,False,False
61,1016,12795,120.0,2.1956765692090485,T1_normal,-101.5842835,31.7486435,115.0,-100.98431625,31.875952,115.0,2.2,39.6,58,89.9,T1_normal,line,115.0,36.30848965829202,False,False
62,13014,1016,317.9,60.51751657287991,T1_normal,-101.5842835,31.7486435,20.0,-101.5842835,31.7486435,115.0,60.5,60.6,3629,60.9,T1_normal,transformer,115.0,0.0,False,False
63,1018,1017,98.0,0.4312328713650143,T1_normal,-102.632933,31.799171,115.0,-102.45323571428573,31.843002285714284,115.0,0.4,23.4,66,27.7,T1_normal,line,115.0,10.975954569649163,False,False
64,1017,1029,149.0,15.558167213156764,T1_normal,-102.45323571428573,31.843002285714284,115.0,-102.075159,31.9729432,115.0,15.6,23.1,71,29.3,T1_normal,line,115.0,23.924169112389155,False,False
65,1017,1037,221.0,11.403970648548713,T1_normal,-102.45323571428573,31.843002285714284,115.0,-102.45323571428573,31.843002285714284,115.0,11.4,17.7,64,30.1,T1_normal,line,115.0,0.0,False,False
66,1047,1017,150.0,63.614238375047265,T1_normal,-103.062173,31.534243,115.0,-102.45323571428573,31.843002285714284,115.0,63.6,72.6,172,88.4,T1_normal,line,115.0,41.6754773064945,False,False
67,1024,1018,98.0,11.40325970340761,T1_normal,-102.45323571428573,31.843002285714284,115.0,-102.632933,31.799171,115.0,11.4,27.5,294,35.0,T1_normal,line,115.0,10.975954569649163,False,False
68,1018,1037,130.7,15.510678726779224,T1_normal,-102.632933,31.799171,115.0,-102.45323571428573,31.843002285714284,115.0,15.5,21.2,136,36.3,T1_normal,line,115.0,10.975954569649163,False,False
69,1018,1100,98.7,5.966856965809093,T1_normal,-102.632933,31.799171,115.0,-102.701206,31.703258,115.0,6.0,29.9,294,29.8,T1_normal,line,115.0,7.746469165592337,False,False
70,1018,13414,101.7,2.817469564767483,T1_normal,-102.632933,31.799171,115.0,-102.45323571428573,31.843002285714284,115.0,2.8,17.8,298,27.6,T1_normal,line,115.0,10.975954569649163,False,False
71,1019,1029,124.0,61.84193927936379,T1_normal,-102.075159,31.9729432,115.0,-102.075159,31.9729432,115.0,61.8,82.9,226,71.9,T2_watch,line,115.0,0.0,False,False
72,1019,1037,132.1,10.02906680656916,T1_normal,-102.075159,31.9729432,115.0,-102.45323571428573,31.843002285714284,115.0,10.0,15.6,78,19.2,T1_normal,line,115.0,23.924169112389155,False,False
73,1019,1040,149.0,3.700435180365607,T1_normal,-102.075159,31.9729432,115.0,-102.7719682,32.2803608,115.0,3.7,10.6,329,14.5,T1_normal,line,115.0,45.97392512498093,False,False
74,1019,1045,221.0,4.265789587957097,T1_normal,-102.075159,31.9729432,115.0,-102.075159,31.9729432,115.0,4.3,11.3,71,6.2,T1_normal,line,115.0,0.0,False,False
75,1019,1045,113.4,8.174736590871195,T1_normal,-102.075159,31.9729432,115.0,-102.075159,31.9729432,115.0,8.2,21.6,71,11.9,T1_normal,line,115.0,0.0,False,False
76,1019,1056,122.5,6.08745805059523,T1_normal,-102.075159,31.9729432,115.0,-101.8367,32.2353,115.0,6.1,35.5,226,40.4,T1_normal,line,115.0,22.87763681967312,False,False
77,1019,1064,125.7,3.812991758245091,T1_normal,-102.075159,31.9729432,115.0,-102.45323571428573,31.843002285714284,115.0,3.8,16.7,0,13.1,T1_normal,line,115.0,23.924169112389155,False,False
78,1019,1071,225.0,40.77805188601786,T1_normal,-102.075159,31.9729432,115.0,-102.45323571428573,31.843002285714284,115.0,40.8,71.0,226,63.7,T1_normal,line,115.0,23.924169112389155,False,False
79,1071,1019,225.0,40.77805188601786,T1_normal,-102.45323571428573,31.843002285714284,115.0,-102.075159,31.9729432,115.0,40.8,71.0,226,63.7,T1_normal,line,115.0,23.924169112389155,False,False
80,1019,1084,220.0,12.335744000832785,T1_normal,-102.075159,31.9729432,115.0,-101.3548315,32.107940125,115.0,12.3,30.0,226,37.8,T1_normal,line,115.0,43.2077460168122,False,False
81,1021,1020,354.4,65.3216704288939,T1_normal,-101.3548315,32.107940125,13.8,-101.3548315,32.107940125,115.0,65.3,65.3,9,61.2,T1_normal,transformer,115.0,0.0,False,False
82,1020,1025,149.0,13.268676049853042,T1_normal,-101.3548315,32.107940125,115.0,-101.22,32.039,115.0,13.3,24.9,84,50.3,T1_normal,line,115.0,9.21991464545884,False,False
83,1084,1020,221.0,10.024580573342194,T1_normal,-101.3548315,32.107940125,115.0,-101.3548315,32.107940125,115.0,10.0,28.1,84,25.1,T1_normal,line,115.0,0.0,False,False
84,1020,3059,300.0,46.66596678101816,T1_normal,-101.3548315,32.107940125,115.0,-100.98431625,31.875952,115.0,46.7,57.2,85,65.5,T1_normal,line,115.0,26.987975901826132,False,False
85,1020,3130,221.0,40.32493389327617,T1_normal,-101.3548315,32.107940125,115.0,-100.559245,31.4624622,115.0,40.3,59.9,84,68.6,T1_normal,line,115.0,64.59364179694943,False,False
86,1023,1022,217.6,82.72058823529407,T2_watch,-101.6131975,32.9277015,13.8,-101.6131975,32.9277015,115.0,82.7,82.8,3629,77.4,T2_watch,transformer,115.0,0.0,False,False
87,1022,1028,221.0,25.917104616342524,T1_normal,-101.6131975,32.9277015,115.0,-101.242778,32.6847095,115.0,25.9,52.4,99,48.8,T1_normal,line,115.0,27.28802221151344,False,False
88,1022,1028,221.0,25.917104616342524,T1_normal,-101.6131975,32.9277015,115.0,-101.242778,32.6847095,115.0,25.9,52.4,99,48.8,T1_normal,line,115.0,27.28802221151344,False,False
89,1024,1090,149.0,41.444706875572656,T1_normal,-102.45323571428573,31.843002285714284,115.0,-102.7069445,32.0320835,115.0,41.4,64.8,264,89.8,T1_normal,line,115.0,19.798474618358963,False,False
90,1024,12803,116.2,7.3209004582385795,T1_normal,-102.45323571428573,31.843002285714284,115.0,-102.7069445,32.0320835,115.0,7.3,49.1,89,50.2,T1_normal,line,115.0,19.798474618358963,False,False
91,1026,1025,166.4,74.63942307692308,T1_normal,-101.22,32.039,13.8,-101.22,32.039,115.0,74.6,74.7,3629,69.7,T1_normal,transformer,115.0,0.0,False,False
92,1025,1034,131.6,18.65716770848736,T1_normal,-101.22,32.039,115.0,-101.3548315,32.107940125,115.0,18.7,39.5,94,37.3,T1_normal,line,115.0,9.21991464545884,False,False
93,1025,1067,130.4,12.498522847233724,T1_normal,-101.22,32.039,115.0,-101.3548315,32.107940125,115.0,12.5,32.7,1950,20.3,T1_normal,line,115.0,9.21991464545884,False,False
94,1025,1084,121.8,51.24031694730726,T1_normal,-101.22,32.039,115.0,-101.3548315,32.107940125,115.0,51.2,65.4,84,78.7,T1_normal,line,115.0,9.21991464545884,False,False
95,1027,1045,221.0,13.20109422184736,T1_normal,-102.075159,31.9729432,115.0,-102.075159,31.9729432,115.0,13.2,25.9,226,27.3,T1_normal,line,115.0,0.0,False,False
96,1056,1027,250.0,21.480554361191864,T1_normal,-101.8367,32.2353,115.0,-102.075159,31.9729432,115.0,21.5,29.8,98,26.7,T1_normal,line,115.0,22.87763681967312,False,False
97,1027,1118,135.0,18.09648839008744,T1_normal,-102.075159,31.9729432,115.0,-102.1,32.271,115.0,18.1,51.2,353,51.3,T1_normal,line,115.0,20.645202521446777,False,False
98,1027,1132,111.3,47.23670727165776,T1_normal,-102.075159,31.9729432,115.0,-101.902,32.309,115.0,47.2,70.5,96,61.8,T1_normal,line,115.0,25.3333038603999,False,False
99,1028,3109,453.0,25.809359292663395,T1_normal,-101.242778,32.6847095,115.0,-101.17026400000002,32.93510466666667,115.0,25.8,90.8,14,84.8,T3_prevent,line,115.0,17.805931205043233,False,False
100,13185,1028,190.1,83.114150447133,T2_watch,-101.242778,32.6847095,20.0,-101.242778,32.6847095,115.0,83.1,83.1,0,77.7,T2_watch,transformer,115.0,0.0,False,False
101,1028,13359,122.4,68.62745098039244,T1_normal,-101.242778,32.6847095,115.0,-101.17026400000002,32.93510466666667,115.0,68.6,68.9,3629,64.3,T1_normal,line,115.0,17.805931205043233,False,False
102,1029,1045,146.9,17.811599302312175,T1_normal,-102.075159,31.9729432,115.0,-102.075159,31.9729432,115.0,17.8,52.7,71,47.4,T1_normal,line,115.0,0.0,False,False
103,1029,1056,221.0,6.741668222121721,T1_normal,-102.075159,31.9729432,115.0,-101.8367,32.2353,115.0,6.7,13.4,4840,11.0,T1_normal,line,115.0,22.87763681967312,False,False
104,1030,1038,98.0,26.758867954725705,T1_normal,-103.382675,30.250960666666668,115.0,-102.59898166666666,30.91979725,115.0,26.8,45.2,46,38.7,T1_normal,line,115.0,65.6392255102473,False,False
105,1083,1030,98.0,24.371613350287312,T1_normal,-102.59898166666666,30.91979725,115.0,-103.382675,30.250960666666668,115.0,24.4,44.9,104,38.8,T1_normal,line,115.0,65.6392255102473,False,False
106,1033,1032,170.0,40.51363654987504,T1_normal,-102.2726905,31.190672000000003,230.0,-102.2726905,31.190672000000003,115.0,40.5,59.3,122,87.3,T1_normal,transformer,230.0,0.0,False,False
107,1032,1036,98.0,35.86126834868198,T1_normal,-102.2726905,31.190672000000003,115.0,-102.39869175,31.160862,115.0,35.9,83.3,132,87.2,T2_watch,line,115.0,7.728185448629848,False,False
108,1038,1032,155.0,26.91748640585924,T1_normal,-102.59898166666666,30.91979725,115.0,-102.2726905,31.190672000000003,115.0,26.9,37.5,4984,52.5,T1_normal,line,115.0,26.89406540094141,False,False
109,1032,1088,450.0,39.132838164431405,T1_normal,-102.2726905,31.190672000000003,115.0,-102.2726905,31.190672000000003,115.0,39.1,53.1,4984,64.2,T1_normal,line,115.0,0.0,False,False
110,1032,12893,136.8,39.36911789938565,T1_normal,-102.2726905,31.190672000000003,115.0,-102.59898166666666,30.91979725,115.0,39.4,83.6,4984,84.7,T2_watch,line,115.0,26.89406540094141,False,False
111,1032,13137,228.0,67.42742393853794,T1_normal,-102.2726905,31.190672000000003,115.0,-102.59898166666666,30.91979725,115.0,67.4,87.1,4984,87.5,T2_watch,line,115.0,26.89406540094141,False,False
112,1032,13140,122.9,39.86460613623391,T1_normal,-102.2726905,31.190672000000003,115.0,-100.938705,32.130795,115.0,39.9,59.7,109,37.7,T1_normal,line,115.0,101.85227842993795,False,False
113,1032,13211,116.6,23.770216263433205,T1_normal,-102.2726905,31.190672000000003,115.0,-102.2726905,31.190672000000003,115.0,23.8,47.3,109,45.8,T1_normal,line,115.0,0.0,False,False
114,1032,13214,140.7,10.546365816073967,T1_normal,-102.2726905,31.190672000000003,115.0,-102.39869175,31.160862,115.0,10.5,24.2,109,20.4,T1_normal,line,115.0,7.728185448629848,False,False
115,1032,13218,117.5,17.860226473090126,T1_normal,-102.2726905,31.190672000000003,115.0,-102.2726905,31.190672000000003,115.0,17.9,43.6,109,37.0,T1_normal,line,115.0,0.0,False,False
116,1032,13415,145.6,14.049167509902023,T1_normal,-102.2726905,31.190672000000003,115.0,-102.2726905,31.190672000000003,115.0,14.0,34.4,109,29.7,T1_normal,line,115.0,0.0,False,False
117,1033,1081,637.0,74.62985318702877,T1_normal,-102.2726905,31.190672000000003,230.0,-102.45323571428573,31.843002285714284,230.0,74.6,83.1,373,86.9,T2_watch,line,230.0,46.30970897574292,False,False
118,1033,3050,647.0,26.605450408249155,T1_normal,-102.2726905,31.190672000000003,230.0,-100.967827,29.7051495,230.0,26.6,34.7,842,50.1,T1_normal,line,230.0,128.74588956237636,False,False
119,1033,12594,439.0,49.95814390182529,T1_normal,-102.2726905,31.190672000000003,230.0,-101.856375,31.1644605,230.0,50.0,74.4,117,86.9,T1_normal,line,230.0,24.676868743520707,False,False
120,12687,1033,251.4,0.0,T1_normal,-102.2726905,31.190672000000003,20.0,-102.2726905,31.190672000000003,230.0,0.0,0.0,-1,0.0,T1_normal,transformer,230.0,0.0,False,False
121,12688,1033,231.1,86.54262224145391,T2_watch,-102.2726905,31.190672000000003,20.0,-102.2726905,31.190672000000003,230.0,86.5,86.5,-1,80.9,T2_watch,transformer,230.0,0.0,False,False
122,1033,12855,750.7,33.103196209777096,T1_normal,-102.2726905,31.190672000000003,230.0,-102.2726905,31.190672000000003,230.0,33.1,62.2,123,82.0,T1_normal,line,230.0,0.0,False,False
123,1033,12894,550.4,54.40893978745881,T1_normal,-102.2726905,31.190672000000003,230.0,-102.59898166666666,30.91979725,230.0,54.4,72.2,4959,84.3,T1_normal,line,230.0,26.89406540094141,False,False
124,1035,1034,116.7,76.69237360754067,T1_normal,-101.3548315,32.107940125,13.8,-101.3548315,32.107940125,115.0,76.7,76.7,12,71.7,T1_normal,transformer,115.0,0.0,False,False
125,1034,1065,118.8,8.282848761989172,T1_normal,-101.3548315,32.107940125,115.0,-101.3548315,32.107940125,115.0,8.3,21.1,614,47.0,T1_normal,line,115.0,0.0,False,False
126,1034,1067,98.0,2.310903419702102,T1_normal,-101.3548315,32.107940125,115.0,-101.3548315,32.107940125,115.0,2.3,27.1,1950,35.8,T1_normal,line,115.0,0.0,False,False
127,1034,1084,223.3,28.189815950860933,T1_normal,-101.3548315,32.107940125,115.0,-101.3548315,32.107940125,115.0,28.2,37.5,128,55.5,T1_normal,line,115.0,0.0,False,False
128,1034,1084,223.3,28.189815950860933,T1_normal,-101.3548315,32.107940125,115.0,-101.3548315,32.107940125,115.0,28.2,37.5,127,55.5,T1_normal,line,115.0,0.0,False,False
129,1034,1084,223.3,28.189815950860933,T1_normal,-101.3548315,32.107940125,115.0,-101.3548315,32.107940125,115.0,28.2,37.5,127,55.5,T1_normal,line,115.0,0.0,False,False
130,1034,1108,138.1,11.18611842447921,T1_normal,-101.3548315,32.107940125,115.0,-101.46,32.055,115.0,11.2,33.3,1950,20.6,T1_normal,line,115.0,7.161495254441741,False,False
131,1088,1036,114.0,44.5399810008371,T1_normal,-102.2726905,31.190672000000003,115.0,-102.39869175,31.160862,115.0,44.5,87.0,132,93.9,T2_watch,line,115.0,7.728185448629848,False,False
132,1036,12774,600.0,37.91125523450608,T1_normal,-102.39869175,31.160862,115.0,-102.39869175,31.160862,230.0,37.9,56.2,4984,68.5,T1_normal,transformer,230.0,0.0,False,False
133,1036,13274,129.0,38.597361866636405,T1_normal,-102.39869175,31.160862,115.0,-102.2726905,31.190672000000003,115.0,38.6,65.4,4984,72.8,T1_normal,line,115.0,7.728185448629848,False,False
134,1036,13339,450.0,44.90151932344774,T1_normal,-102.39869175,31.160862,115.0,-102.7524375,30.7499505,115.0,44.9,56.0,55,64.8,T1_normal,line,115.0,35.29046462211249,False,False
135,1037,1071,300.0,10.209410188727,T1_normal,-102.45323571428573,31.843002285714284,115.0,-102.45323571428573,31.843002285714284,115.0,10.2,20.3,226,12.6,T1_normal,line,115.0,0.0,False,False
136,1037,1100,129.4,11.92394495055553,T1_normal,-102.45323571428573,31.843002285714284,115.0,-102.701206,31.703258,115.0,11.9,18.1,68,30.1,T1_normal,line,115.0,17.475342760722402,False,False
137,1037,1130,118.0,30.42343623544135,T1_normal,-102.45323571428573,31.843002285714284,115.0,-102.426,31.865,115.0,30.4,53.8,66,35.0,T1_normal,line,115.0,2.2056893728526803,False,False
138,1039,1038,167.4,75.49792680913184,T1_normal,-102.59898166666666,30.91979725,22.0,-102.59898166666666,30.91979725,115.0,75.5,75.5,3631,73.9,T1_normal,transformer,115.0,0.0,False,False
139,1082,1038,149.0,24.72026218972991,T1_normal,-102.59898166666666,30.91979725,115.0,-102.59898166666666,30.91979725,115.0,24.7,44.9,4984,29.7,T1_normal,line,115.0,0.0,False,False
140,1083,1038,221.0,19.65400364461832,T1_normal,-102.59898166666666,30.91979725,115.0,-102.59898166666666,30.91979725,115.0,19.7,27.7,141,17.9,T1_normal,line,115.0,0.0,False,False
141,1038,13189,145.9,15.289099741938736,T1_normal,-102.59898166666666,30.91979725,115.0,-102.7524375,30.7499505,115.0,15.3,35.1,140,21.6,T1_normal,line,115.0,14.852785724465775,False,False
142,1040,1090,149.0,39.3901899034128,T1_normal,-102.7719682,32.2803608,115.0,-102.7069445,32.0320835,115.0,39.4,52.0,89,63.8,T1_normal,line,115.0,17.571106030675807,False,False
143,1040,1102,111.7,8.709113605216093,T1_normal,-102.7719682,32.2803608,115.0,-102.672809,32.460054,115.0,8.7,54.2,4923,69.9,T1_normal,line,115.0,13.69802905016669,False,False
144,1040,1110,135.0,15.05042292127488,T1_normal,-102.7719682,32.2803608,115.0,-102.68,32.22,115.0,15.1,35.6,142,34.1,T1_normal,line,115.0,6.802572079875295,False,False
145,1042,1041,195.3,62.4167946748592,T1_normal,-101.3986,32.1408,13.8,-101.3986,32.1408,115.0,62.4,62.5,3629,58.4,T1_normal,transformer,115.0,0.0,False,False
146,1041,1061,133.6,5.639969661106496,T1_normal,-101.3986,32.1408,115.0,-101.3548315,32.107940125,115.0,5.6,9.9,342,9.4,T1_normal,line,115.0,3.422606805208495,False,False
147,1041,1065,98.0,10.12356084807535,T1_normal,-101.3986,32.1408,115.0,-101.3548315,32.107940125,115.0,10.1,26.9,207,19.4,T1_normal,line,115.0,3.422606805208495,False,False
148,1041,1067,149.0,9.268665075273493,T1_normal,-101.3986,32.1408,115.0,-101.3548315,32.107940125,115.0,9.3,18.0,149,22.5,T1_normal,line,115.0,3.422606805208495,False,False
149,1041,1067,119.1,31.785343644182852,T1_normal,-101.3986,32.1408,115.0,-101.3548315,32.107940125,115.0,31.8,45.9,151,49.6,T1_normal,line,115.0,3.422606805208495,False,False
150,1041,1108,127.0,11.51654241139918,T1_normal,-101.3986,32.1408,115.0,-101.46,32.055,115.0,11.5,20.2,207,23.0,T1_normal,line,115.0,6.932567298548016,False,False
151,1041,1120,136.8,32.715013104728726,T1_normal,-101.3986,32.1408,115.0,-101.28,32.173,115.0,32.7,41.0,211,28.3,T1_normal,line,115.0,7.285482494514725,False,False
152,1041,13409,147.1,5.788532606261647,T1_normal,-101.3986,32.1408,115.0,-101.3548315,32.107940125,115.0,5.8,10.4,151,7.6,T1_normal,line,115.0,3.422606805208495,False,False
153,1041,13424,115.2,4.10100405203019,T1_normal,-101.3986,32.1408,115.0,-101.242778,32.6847095,115.0,4.1,9.3,1950,8.8,T1_normal,line,115.0,38.66440805010166,False,False
154,1044,3019,149.0,34.62827546692172,T1_normal,-101.214787,31.1946825,115.0,-100.650967,31.066996,115.0,34.6,50.7,744,55.3,T1_normal,line,115.0,34.49371775662849,False,False
155,3130,1044,221.0,40.20682641466702,T1_normal,-100.559245,31.4624622,115.0,-101.214787,31.1946825,115.0,40.2,48.6,290,51.1,T1_normal,line,115.0,42.88641193937095,False,False
156,1044,12791,600.0,17.718166058141566,T1_normal,-101.214787,31.1946825,115.0,-101.214787,31.1946825,230.0,17.7,31.1,4760,27.6,T1_normal,transformer,230.0,0.0,False,False
157,1044,12810,239.2,23.90226608414612,T1_normal,-101.214787,31.1946825,115.0,-101.214787,31.1946825,115.0,23.9,55.6,156,87.5,T1_normal,line,115.0,0.0,False,False
158,1045,1064,221.0,1.432040314477472,T1_normal,-102.075159,31.9729432,115.0,-102.45323571428573,31.843002285714284,115.0,1.4,9.0,226,7.1,T1_normal,line,115.0,23.924169112389155,False,False
159,1045,1064,136.0,4.230825449890762,T1_normal,-102.075159,31.9729432,115.0,-102.45323571428573,31.843002285714284,115.0,4.2,26.5,226,20.9,T1_normal,line,115.0,23.924169112389155,False,False
160,1045,12803,197.5,38.003387244328906,T1_normal,-102.075159,31.9729432,115.0,-102.7069445,32.0320835,115.0,38.0,50.2,161,58.5,T1_normal,line,115.0,37.2433182978246,False,False
161,1045,12803,197.5,38.003387244328906,T1_normal,-102.075159,31.9729432,115.0,-102.7069445,32.0320835,115.0,38.0,50.2,160,58.5,T1_normal,line,115.0,37.2433182978246,False,False
162,1087,1046,149.0,21.897079911869888,T1_normal,-101.78453,30.596998,115.0,-101.2971195,30.742809,115.0,21.9,53.6,164,59.1,T1_normal,line,115.0,30.668406745473305,False,False
163,1046,3009,149.0,64.77737588754836,T1_normal,-101.2971195,30.742809,115.0,-100.56062,30.441414,115.0,64.8,81.6,4761,84.8,T2_watch,line,115.0,48.502676193563445,False,False
164,1046,12819,142.8,52.50815196341832,T1_normal,-101.2971195,30.742809,115.0,-101.9839414,30.8611026,115.0,52.5,100.0,4761,93.3,T4_light,line,115.0,41.572704430709464,True,True
165,1048,1047,92.6,70.19438444924404,T1_normal,-103.062173,31.534243,18.0,-103.062173,31.534243,115.0,70.2,70.2,3629,68.5,T1_normal,transformer,115.0,0.0,False,False
166,1049,1047,97.0,65.97938144329895,T1_normal,-103.062173,31.534243,18.0,-103.062173,31.534243,115.0,66.0,66.0,3629,64.4,T1_normal,transformer,115.0,0.0,False,False
167,1050,1047,102.9,62.196307094266245,T1_normal,-103.062173,31.534243,18.0,-103.062173,31.534243,115.0,62.2,62.3,3629,60.7,T1_normal,transformer,115.0,0.0,False,False
168,1051,1047,86.4,74.07407407407403,T1_normal,-103.062173,31.534243,18.0,-103.062173,31.534243,115.0,74.1,74.1,3629,72.3,T1_normal,transformer,115.0,0.0,False,False
169,1052,1047,81.4,77.39557739557736,T1_normal,-103.062173,31.534243,18.0,-103.062173,31.534243,115.0,77.4,77.4,-1,75.6,T1_normal,transformer,115.0,0.0,False,False
170,1053,1047,332.0,39.33505221182027,T1_normal,-103.062173,31.534243,230.0,-103.062173,31.534243,115.0,39.3,61.4,171,90.4,T1_normal,transformer,230.0,0.0,False,False
171,1053,1047,332.0,39.33505221182027,T1_normal,-103.062173,31.534243,230.0,-103.062173,31.534243,115.0,39.3,61.4,170,90.4,T1_normal,transformer,230.0,0.0,False,False
172,1047,1085,221.0,76.20734335878363,T1_normal,-103.062173,31.534243,115.0,-103.138992,31.696251,115.0,76.2,123.4,249,60.6,T5_moderate,line,115.0,12.07192934593425,True,True
173,1053,1081,548.0,48.53250137879176,T1_normal,-103.062173,31.534243,230.0,-102.45323571428573,31.843002285714284,230.0,48.5,62.7,175,81.5,T1_normal,line,230.0,41.6754773064945,False,False
174,1053,1093,496.9,48.4682148228431,T1_normal,-103.062173,31.534243,230.0,-102.868295,31.843422,230.0,48.5,69.1,175,82.8,T1_normal,line,230.0,24.213288880761088,False,False
175,1053,1099,526.0,55.797955536320664,T1_normal,-103.062173,31.534243,230.0,-102.701206,31.703258,230.0,55.8,73.4,174,89.2,T1_normal,line,230.0,24.237199224336752,False,False
176,12667,1053,498.7,41.44739922039653,T1_normal,-102.45323571428573,31.843002285714284,230.0,-103.062173,31.534243,230.0,41.4,55.3,173,73.0,T1_normal,line,230.0,41.6754773064945,False,False
177,1053,12835,742.6,50.215953834982834,T1_normal,-103.062173,31.534243,230.0,-103.43056166666668,31.453610666666663,230.0,50.2,81.9,178,97.1,T2_watch,line,230.0,22.40768885851112,False,False
178,1053,12835,742.6,50.215953834982834,T1_normal,-103.062173,31.534243,230.0,-103.43056166666668,31.453610666666663,230.0,50.2,81.9,177,97.1,T2_watch,line,230.0,22.40768885851112,False,False
179,1054,1056,149.0,40.730159864668494,T1_normal,-101.754488,32.489818,115.0,-101.8367,32.2353,115.0,40.7,88.0,4840,81.1,T2_watch,line,115.0,18.228493700473532,False,False
180,1089,1054,98.0,10.128710985047386,T1_normal,-101.83586283333334,32.75809566666667,115.0,-101.754488,32.489818,115.0,10.1,60.2,13,48.5,T1_normal,line,115.0,19.131714591678826,False,False
181,1054,1128,256.0,50.56376422456057,T1_normal,-101.754488,32.489818,115.0,-101.826,32.411,115.0,50.6,90.5,4840,84.7,T3_prevent,line,115.0,6.858749267001462,False,False
182,1054,1128,256.0,50.56376422456057,T1_normal,-101.754488,32.489818,115.0,-101.826,32.411,115.0,50.6,90.5,4840,84.7,T3_prevent,line,115.0,6.858749267001462,False,False
183,1054,12718,264.0,23.93089110127582,T1_normal,-101.754488,32.489818,115.0,-101.64011833333332,32.67313766666667,115.0,23.9,90.9,4840,85.0,T3_prevent,line,115.0,14.309891529793614,False,False
184,1054,13002,212.0,62.14403814985636,T1_normal,-101.754488,32.489818,115.0,-101.83586283333334,32.75809566666667,115.0,62.1,91.0,4840,85.4,T3_prevent,line,115.0,19.131714591678826,False,False
185,1054,13002,212.0,62.14403814985636,T1_normal,-101.754488,32.489818,115.0,-101.83586283333334,32.75809566666667,115.0,62.1,91.0,4840,85.4,T3_prevent,line,115.0,19.131714591678826,False,False
186,1055,1089,98.0,54.58789465851665,T1_normal,-101.764414,32.92701,115.0,-101.83586283333334,32.75809566666667,115.0,54.6,104.7,13,88.9,T4_light,line,115.0,12.386067186320442,True,True
187,1057,1056,155.3,77.26980038634906,T1_normal,-101.8367,32.2353,18.0,-101.8367,32.2353,115.0,77.3,77.3,3629,72.2,T1_normal,transformer,115.0,0.0,False,False
188,1056,1061,150.0,18.54464054526155,T1_normal,-101.8367,32.2353,115.0,-101.3548315,32.107940125,115.0,18.5,32.9,226,32.6,T1_normal,line,115.0,29.524044376968753,False,False
189,1056,1065,250.0,9.609649581556338,T1_normal,-101.8367,32.2353,115.0,-101.3548315,32.107940125,115.0,9.6,17.8,226,19.4,T1_normal,line,115.0,29.524044376968753,False,False
190,1056,1132,117.9,44.77459257058906,T1_normal,-101.8367,32.2353,115.0,-101.902,32.309,115.0,44.8,75.4,383,71.6,T1_normal,line,115.0,6.362705125952557,False,False
191,1058,1069,221.0,26.269189236625145,T1_normal,-101.9839414,30.8611026,115.0,-101.9839414,30.8611026,115.0,26.3,47.8,192,67.4,T1_normal,line,115.0,0.0,False,False
192,1069,1058,221.0,26.269189236625145,T1_normal,-101.9839414,30.8611026,115.0,-101.9839414,30.8611026,115.0,26.3,47.8,191,67.4,T1_normal,line,115.0,0.0,False,False
193,1058,1087,221.0,22.1809539425073,T1_normal,-101.9839414,30.8611026,115.0,-101.78453,30.596998,115.0,22.2,36.7,194,54.4,T1_normal,line,115.0,21.75459574870711,False,False
194,1058,1087,221.0,22.1809539425073,T1_normal,-101.9839414,30.8611026,115.0,-101.78453,30.596998,115.0,22.2,36.7,193,54.4,T1_normal,line,115.0,21.75459574870711,False,False
195,1062,1061,109.9,64.6041856232939,T1_normal,-101.3548315,32.107940125,13.8,-101.3548315,32.107940125,115.0,64.6,64.7,3629,63.1,T1_normal,transformer,115.0,0.0,False,False
196,1063,1061,106.1,66.91800188501414,T1_normal,-101.3548315,32.107940125,13.8,-101.3548315,32.107940125,115.0,66.9,67.0,3629,65.3,T1_normal,transformer,115.0,0.0,False,False
197,1061,1067,112.3,0.8849739470721619,T1_normal,-101.3548315,32.107940125,115.0,-101.3548315,32.107940125,115.0,0.9,16.8,199,21.6,T1_normal,line,115.0,0.0,False,False
198,1061,1104,122.5,6.992670319676813,T1_normal,-101.3548315,32.107940125,115.0,-101.368,32.377,115.0,7.0,18.7,199,18.6,T1_normal,line,115.0,18.606369770698738,False,False
199,1061,1112,169.8,107.1209555223084,T4_light,-101.3548315,32.107940125,115.0,-101.014,32.239,115.0,107.1,132.8,342,68.8,T6_heavy,line,115.0,21.893666803750605,True,True
200,1061,1120,144.9,15.84368991670124,T1_normal,-101.3548315,32.107940125,115.0,-101.28,32.173,115.0,15.8,27.6,199,21.0,T1_normal,line,115.0,6.274905667990946,False,False
201,1061,1134,125.5,9.231197038835182,T1_normal,-101.3548315,32.107940125,115.0,-101.362,32.319,115.0,9.2,28.8,199,29.7,T1_normal,line,115.0,14.589010725851038,False,False
202,1061,3042,221.0,27.51811989849373,T1_normal,-101.3548315,32.107940125,115.0,-100.6917,32.05,115.0,27.5,35.6,819,27.0,T1_normal,line,115.0,39.02856155841371,False,False
203,12998,1061,109.6,63.86861313868615,T1_normal,-101.3548315,32.107940125,13.8,-101.3548315,32.107940125,115.0,63.9,63.9,-1,62.1,T1_normal,transformer,115.0,0.0,False,False
204,1061,13409,132.4,7.141688025830168,T1_normal,-101.3548315,32.107940125,115.0,-101.3548315,32.107940125,115.0,7.1,32.0,199,36.9,T1_normal,line,115.0,0.0,False,False
205,1066,1065,179.1,79.56448911222779,T1_normal,-101.3548315,32.107940125,13.8,-101.3548315,32.107940125,115.0,79.6,79.6,3629,74.4,T1_normal,transformer,115.0,0.0,False,False
206,1065,1067,131.9,14.62449296061169,T1_normal,-101.3548315,32.107940125,115.0,-101.3548315,32.107940125,115.0,14.6,26.7,207,23.4,T1_normal,line,115.0,0.0,False,False
207,1065,1108,146.1,45.86658499909136,T1_normal,-101.3548315,32.107940125,115.0,-101.46,32.055,115.0,45.9,53.7,208,55.1,T1_normal,line,115.0,7.161495254441741,False,False
208,1065,1120,130.7,37.17257547608675,T1_normal,-101.3548315,32.107940125,115.0,-101.28,32.173,115.0,37.2,44.6,211,32.4,T1_normal,line,115.0,6.274905667990946,False,False
209,1065,13409,116.9,10.160536311005476,T1_normal,-101.3548315,32.107940125,115.0,-101.3548315,32.107940125,115.0,10.2,19.9,207,12.8,T1_normal,line,115.0,0.0,False,False
210,1067,1108,122.3,11.086305267676304,T1_normal,-101.3548315,32.107940125,115.0,-101.46,32.055,115.0,11.1,23.3,207,25.9,T1_normal,line,115.0,7.161495254441741,False,False
211,1067,1120,107.9,42.51540704568326,T1_normal,-101.3548315,32.107940125,115.0,-101.28,32.173,115.0,42.5,54.8,199,36.3,T1_normal,line,115.0,6.274905667990946,False,False
212,1067,1134,129.1,5.3465151212265125,T1_normal,-101.3548315,32.107940125,115.0,-101.362,32.319,115.0,5.3,11.0,1950,8.7,T1_normal,line,115.0,14.589010725851038,False,False
213,1067,13409,137.3,3.3889489552478937,T1_normal,-101.3548315,32.107940125,115.0,-101.3548315,32.107940125,115.0,3.4,12.7,199,21.1,T1_normal,line,115.0,0.0,False,False
214,1088,1068,220.0,42.72349844409053,T1_normal,-102.2726905,31.190672000000003,115.0,-102.075159,31.9729432,115.0,42.7,46.7,117,47.5,T1_normal,line,115.0,55.286675480906645,False,False
215,1070,1069,218.2,0.0,T1_normal,-101.9839414,30.8611026,13.8,-101.9839414,30.8611026,115.0,0.0,0.0,-1,0.0,T1_normal,transformer,115.0,0.0,False,False
216,1082,1069,149.0,12.045677568269818,T1_normal,-102.59898166666666,30.91979725,115.0,-101.9839414,30.8611026,115.0,12.0,29.8,237,7.5,T1_normal,line,115.0,36.69241818395104,False,False
217,1069,12893,132.7,25.79141699509869,T1_normal,-101.9839414,30.8611026,115.0,-102.59898166666666,30.91979725,115.0,25.8,32.1,111,32.6,T1_normal,line,115.0,36.69241818395104,False,False
218,1069,13137,125.4,28.013422961824087,T1_normal,-101.9839414,30.8611026,115.0,-102.59898166666666,30.91979725,115.0,28.0,43.9,219,53.0,T1_normal,line,115.0,36.69241818395104,False,False
219,1069,13361,122.4,60.170042285874345,T1_normal,-101.9839414,30.8611026,115.0,-101.9839414,30.8611026,115.0,60.2,82.4,34,96.8,T2_watch,line,115.0,0.0,False,False
220,1072,1071,259.1,65.44228654224385,T1_normal,-102.45323571428573,31.843002285714284,18.0,-102.45323571428573,31.843002285714284,115.0,65.4,65.4,23,42.7,T1_normal,transformer,115.0,0.0,False,False
221,1073,1071,248.6,63.85038527900797,T1_normal,-102.45323571428573,31.843002285714284,18.0,-102.45323571428573,31.843002285714284,115.0,63.9,64.1,3629,33.7,T1_normal,transformer,115.0,0.0,False,False
222,1074,1071,222.3,63.026925383219655,T1_normal,-102.45323571428573,31.843002285714284,18.0,-102.45323571428573,31.843002285714284,115.0,63.0,63.1,3629,45.0,T1_normal,transformer,115.0,0.0,False,False
223,1075,1071,264.8,55.877843222985646,T1_normal,-102.45323571428573,31.843002285714284,18.0,-102.45323571428573,31.843002285714284,115.0,55.9,55.9,25,45.3,T1_normal,transformer,115.0,0.0,False,False
224,1076,1071,190.0,76.28188381110594,T1_normal,-102.45323571428573,31.843002285714284,18.0,-102.45323571428573,31.843002285714284,115.0,76.3,76.3,12,65.8,T1_normal,transformer,115.0,0.0,False,False
225,1077,1071,233.8,56.69789818336723,T1_normal,-102.45323571428573,31.843002285714284,18.0,-102.45323571428573,31.843002285714284,115.0,56.7,56.8,3629,40.8,T1_normal,transformer,115.0,0.0,False,False
226,1079,1071,2000.0,44.14386210894702,T1_normal,-102.45323571428573,31.843002285714284,500.0,-102.45323571428573,31.843002285714284,115.0,44.1,49.1,1950,52.1,T1_normal,transformer,500.0,0.0,False,False
227,1081,1071,350.0,10.7891776459936,T1_normal,-102.45323571428573,31.843002285714284,230.0,-102.45323571428573,31.843002285714284,115.0,10.8,15.9,9,20.6,T1_normal,transformer,230.0,0.0,False,False
228,1071,1130,138.1,21.02783843645733,T1_normal,-102.45323571428573,31.843002285714284,115.0,-102.426,31.865,115.0,21.0,54.0,226,38.2,T1_normal,line,115.0,2.2056893728526803,False,False
229,3048,1079,2300.0,18.064032195975347,T1_normal,-100.56760671428572,32.36118885714286,500.0,-102.45323571428573,31.843002285714284,500.0,18.1,32.6,230,36.3,T1_normal,line,500.0,116.02560401112264,False,False
230,3048,1079,2300.0,18.064032195975347,T1_normal,-100.56760671428572,32.36118885714286,500.0,-102.45323571428573,31.843002285714284,500.0,18.1,32.6,229,36.3,T1_normal,line,500.0,116.02560401112264,False,False
231,1081,1123,1200.0,27.784624059136046,T1_normal,-102.45323571428573,31.843002285714284,230.0,-101.836,31.726,230.0,27.8,40.9,226,53.1,T1_normal,line,230.0,37.14213378262006,False,False
232,1081,1129,414.8,25.279018537863276,T1_normal,-102.45323571428573,31.843002285714284,230.0,-102.426,31.865,230.0,25.3,33.7,385,30.2,T1_normal,line,230.0,2.2056893728526803,False,False
233,1081,3058,548.0,30.929258542780666,T1_normal,-102.45323571428573,31.843002285714284,230.0,-100.98431625,31.875952,230.0,30.9,43.5,226,49.5,T1_normal,line,230.0,86.23255245631918,False,False
234,12667,1081,418.6,7.977784141723004,T1_normal,-102.45323571428573,31.843002285714284,230.0,-102.45323571428573,31.843002285714284,230.0,8.0,58.8,226,68.7,T1_normal,line,230.0,0.0,False,False
235,1081,12680,387.3,4.459476267787635,T1_normal,-102.45323571428573,31.843002285714284,230.0,-102.7719682,32.2803608,230.0,4.5,9.4,231,7.6,T1_normal,line,230.0,35.51770107533843,False,False
236,1081,12804,347.8,6.1149482573786385,T1_normal,-102.45323571428573,31.843002285714284,230.0,-102.7069445,32.0320835,230.0,6.1,10.7,231,7.5,T1_normal,line,230.0,19.798474618358963,False,False
237,1082,13147,104.3,46.41794067531139,T1_normal,-102.59898166666666,30.91979725,115.0,-102.59898166666666,30.91979725,115.0,46.4,77.8,4984,35.5,T1_normal,line,115.0,0.0,False,False
238,1083,13189,116.4,19.16391453907926,T1_normal,-102.59898166666666,30.91979725,115.0,-102.7524375,30.7499505,115.0,19.2,44.0,140,27.0,T1_normal,line,115.0,14.852785724465775,False,False
239,1084,3059,198.9,54.0187452272188,T1_normal,-101.3548315,32.107940125,115.0,-100.98431625,31.875952,115.0,54.0,61.5,240,79.0,T1_normal,line,115.0,26.987975901826132,False,False
240,1084,3059,198.9,54.0187452272188,T1_normal,-101.3548315,32.107940125,115.0,-100.98431625,31.875952,115.0,54.0,61.5,239,79.0,T1_normal,line,115.0,26.987975901826132,False,False
241,1084,3059,198.9,54.0187452272188,T1_normal,-101.3548315,32.107940125,115.0,-100.98431625,31.875952,115.0,54.0,61.5,239,79.0,T1_normal,line,115.0,26.987975901826132,False,False
242,1084,3059,198.9,54.0187452272188,T1_normal,-101.3548315,32.107940125,115.0,-100.98431625,31.875952,115.0,54.0,61.5,239,79.0,T1_normal,line,115.0,26.987975901826132,False,False
243,1084,3130,221.0,23.682907048327763,T1_normal,-101.3548315,32.107940125,115.0,-100.559245,31.4624622,115.0,23.7,28.4,1017,37.5,T1_normal,line,115.0,64.59364179694943,False,False
244,1084,13169,230.7,7.159202279908184,T1_normal,-101.3548315,32.107940125,115.0,-101.5842835,31.7486435,115.0,7.2,11.6,279,16.6,T1_normal,line,115.0,28.23716033321665,False,False
245,1084,13169,230.7,7.159202279908184,T1_normal,-101.3548315,32.107940125,115.0,-101.5842835,31.7486435,115.0,7.2,11.6,279,16.6,T1_normal,line,115.0,28.23716033321665,False,False
246,1084,13169,230.7,7.159202279908184,T1_normal,-101.3548315,32.107940125,115.0,-101.5842835,31.7486435,115.0,7.2,11.6,279,16.6,T1_normal,line,115.0,28.23716033321665,False,False
247,1084,13169,230.7,7.159202279908184,T1_normal,-101.3548315,32.107940125,115.0,-101.5842835,31.7486435,115.0,7.2,11.6,279,16.6,T1_normal,line,115.0,28.23716033321665,False,False
248,13279,1084,176.8,65.3280542986425,T1_normal,-101.3548315,32.107940125,20.0,-101.3548315,32.107940125,115.0,65.3,65.4,3629,61.0,T1_normal,transformer,115.0,0.0,False,False
249,1085,1086,287.0,66.32915889355162,T1_normal,-103.138992,31.696251,115.0,-103.43056166666668,31.453610666666663,115.0,66.3,89.1,5306,84.9,T2_watch,line,115.0,23.992562311877005,False,False
250,1090,1085,221.0,0.0321040607932812,T1_normal,-102.7069445,32.0320835,115.0,-103.138992,31.696251,115.0,0.0,24.5,172,45.3,T1_normal,line,115.0,34.368776873047295,False,False
251,1085,1094,196.5,18.358200927103695,T1_normal,-103.138992,31.696251,115.0,-102.868295,31.843422,115.0,18.4,29.3,269,73.2,T1_normal,line,115.0,18.874570122314942,False,False
252,1086,13416,316.0,46.529428992608906,T1_normal,-103.43056166666668,31.453610666666663,115.0,-104.085297,31.815992,115.0,46.5,84.0,253,85.8,T2_watch,line,115.0,45.93923419499289,False,False
253,1086,13416,316.0,46.529428992608906,T1_normal,-103.43056166666668,31.453610666666663,115.0,-104.085297,31.815992,115.0,46.5,84.0,252,85.8,T2_watch,line,115.0,45.93923419499289,False,False
254,1088,12593,204.2,40.91499004816824,T1_normal,-102.2726905,31.190672000000003,115.0,-101.856375,31.1644605,115.0,40.9,84.1,4714,78.6,T2_watch,line,115.0,24.676868743520707,False,False
255,1088,12855,791.0,30.077190689556694,T1_normal,-102.2726905,31.190672000000003,115.0,-102.2726905,31.190672000000003,230.0,30.1,50.6,256,89.1,T1_normal,transformer,230.0,0.0,False,False
256,1088,12855,791.0,30.077190689556694,T1_normal,-102.2726905,31.190672000000003,115.0,-102.2726905,31.190672000000003,230.0,30.1,50.6,255,89.1,T1_normal,transformer,230.0,0.0,False,False
257,1088,13027,131.5,50.874395699143975,T1_normal,-102.2726905,31.190672000000003,115.0,-102.39869175,31.160862,115.0,50.9,61.8,4984,89.3,T1_normal,line,115.0,7.728185448629848,False,False
258,1088,13140,200.8,10.709017601205158,T1_normal,-102.2726905,31.190672000000003,115.0,-100.938705,32.130795,115.0,10.7,23.6,109,85.5,T1_normal,line,115.0,101.85227842993795,False,False
259,1088,13211,241.0,42.8251597962603,T1_normal,-102.2726905,31.190672000000003,115.0,-102.2726905,31.190672000000003,115.0,42.8,57.0,260,94.3,T1_normal,line,115.0,0.0,False,False
260,1088,13211,241.0,42.8251597962603,T1_normal,-102.2726905,31.190672000000003,115.0,-102.2726905,31.190672000000003,115.0,42.8,57.0,259,94.3,T1_normal,line,115.0,0.0,False,False
261,1088,13214,127.9,36.0967296208613,T1_normal,-102.2726905,31.190672000000003,115.0,-102.39869175,31.160862,115.0,36.1,46.4,4984,71.4,T1_normal,line,115.0,7.728185448629848,False,False
262,1088,13218,140.9,29.93304857807609,T1_normal,-102.2726905,31.190672000000003,115.0,-102.2726905,31.190672000000003,115.0,29.9,38.3,4984,57.5,T1_normal,line,115.0,0.0,False,False
263,1088,13415,124.8,34.71452111064759,T1_normal,-102.2726905,31.190672000000003,115.0,-102.2726905,31.190672000000003,115.0,34.7,46.1,4984,68.0,T1_normal,line,115.0,0.0,False,False
264,1090,1126,171.3,39.68771384994702,T1_normal,-102.7069445,32.0320835,115.0,-102.78,31.939,115.0,39.7,55.0,89,73.1,T1_normal,line,115.0,7.726226338925208,False,False
265,13130,1090,116.2,79.60413080895007,T1_normal,-102.7069445,32.0320835,20.0,-102.7069445,32.0320835,115.0,79.6,79.7,3629,74.5,T1_normal,transformer,115.0,0.0,False,False
266,2029,1091,187.0,8.755879005274313,T1_normal,-101.244172,34.371689,161.0,-101.482424,33.686171,161.0,8.8,37.1,481,63.9,T1_normal,line,161.0,49.29084388854144,False,False
267,1091,2048,187.0,9.203351693726647,T1_normal,-101.482424,33.686171,161.0,-100.967402,33.752201,161.0,9.2,29.5,434,24.8,T1_normal,line,161.0,29.947971769255044,False,False
268,2098,1091,187.0,27.814845672262724,T1_normal,-101.482424,33.686171,161.0,-101.482424,33.686171,161.0,27.8,48.4,481,29.2,T1_normal,line,161.0,0.0,False,False
269,1093,1094,250.0,8.606454071296524,T1_normal,-102.868295,31.843422,230.0,-102.868295,31.843422,115.0,8.6,37.8,172,34.5,T1_normal,transformer,230.0,0.0,False,False
270,1093,1099,452.1,2.238126420591441,T1_normal,-102.868295,31.843422,230.0,-102.701206,31.703258,230.0,2.2,19.7,175,26.9,T1_normal,line,230.0,13.788340192461312,False,False
271,1093,1115,414.9,21.76048296437635,T1_normal,-102.868295,31.843422,230.0,-102.314,32.21,230.0,21.8,27.9,226,34.7,T1_normal,line,230.0,41.17992000861331,False,False
272,1093,1125,425.8,30.699860739603015,T1_normal,-102.868295,31.843422,230.0,-102.78,31.939,230.0,30.7,40.4,273,54.7,T1_normal,line,230.0,8.39293299013176,False,False
273,1093,12804,391.8,25.489214644086196,T1_normal,-102.868295,31.843422,230.0,-102.7069445,32.0320835,230.0,25.5,36.0,272,49.5,T1_normal,line,230.0,16.106750026798835,False,False
274,12909,1093,320.8,76.37157107231917,T1_normal,-101.9427305,32.0820017,20.0,-102.868295,31.843422,230.0,76.4,76.5,3629,72.8,T1_normal,transformer,230.0,56.70432277540452,False,False
275,1095,1096,2500.0,27.98301725160789,T1_normal,-101.65,31.624,500.0,-101.65,31.624,230.0,28.0,36.3,276,45.0,T1_normal,transformer,500.0,0.0,False,False
276,1095,1096,2500.0,27.98301725160789,T1_normal,-101.65,31.624,500.0,-101.65,31.624,230.0,28.0,36.3,275,45.0,T1_normal,transformer,500.0,0.0,False,False
277,1095,1096,2500.0,27.98301725160789,T1_normal,-101.65,31.624,500.0,-101.65,31.624,230.0,28.0,36.3,275,45.0,T1_normal,transformer,500.0,0.0,False,False
278,1095,1096,2500.0,27.98301725160789,T1_normal,-101.65,31.624,500.0,-101.65,31.624,230.0,28.0,36.3,275,45.0,T1_normal,transformer,500.0,0.0,False,False
279,12564,1095,2857.1,32.05517089057062,T1_normal,-100.98431625,31.875952,500.0,-101.65,31.624,500.0,32.1,54.5,280,60.5,T1_normal,line,500.0,42.81092604869384,False,False
280,12564,1095,2857.1,32.05517089057062,T1_normal,-100.98431625,31.875952,500.0,-101.65,31.624,500.0,32.1,54.5,279,60.5,T1_normal,line,500.0,42.81092604869384,False,False
281,1095,12613,2700.0,35.800190745622565,T1_normal,-101.65,31.624,500.0,-98.3721,30.558,500.0,35.8,42.6,1950,61.0,T1_normal,line,500.0,207.4513811022477,False,False
282,1096,1097,250.0,7.712585402603693,T1_normal,-101.65,31.624,230.0,-101.65,31.624,115.0,7.7,20.7,5161,27.0,T1_normal,transformer,230.0,0.0,False,False
283,1096,1113,423.8,44.58941003946225,T1_normal,-101.65,31.624,230.0,-101.9043,31.7983,230.0,44.6,59.1,284,87.3,T1_normal,line,230.0,19.19539578346734,False,False
284,1096,1113,423.8,44.58941003946225,T1_normal,-101.65,31.624,230.0,-101.9043,31.7983,230.0,44.6,59.1,283,87.3,T1_normal,line,230.0,19.19539578346734,False,False
285,1096,1123,476.9,47.40433516208162,T1_normal,-101.65,31.624,230.0,-101.836,31.726,230.0,47.4,64.5,286,92.5,T1_normal,line,230.0,13.011137354260256,False,False
286,1096,1123,476.9,47.40433516208162,T1_normal,-101.65,31.624,230.0,-101.836,31.726,230.0,47.4,64.5,285,92.5,T1_normal,line,230.0,13.011137354260256,False,False
287,1096,12594,687.5,66.00050566233705,T1_normal,-101.65,31.624,230.0,-101.856375,31.1644605,230.0,66.0,77.8,288,91.8,T1_normal,line,230.0,34.004500613777765,False,False
288,1096,12594,687.5,66.00050566233705,T1_normal,-101.65,31.624,230.0,-101.856375,31.1644605,230.0,66.0,77.8,287,91.8,T1_normal,line,230.0,34.004500613777765,False,False
289,1096,12594,687.5,66.00050566233705,T1_normal,-101.65,31.624,230.0,-101.856375,31.1644605,230.0,66.0,77.8,287,91.8,T1_normal,line,230.0,34.004500613777765,False,False
290,1096,12811,608.0,60.34518454754621,T1_normal,-101.65,31.624,230.0,-101.214787,31.1946825,230.0,60.3,85.5,291,88.5,T2_watch,line,230.0,39.224469612848665,False,False
291,1096,12811,608.0,60.34518454754621,T1_normal,-101.65,31.624,230.0,-101.214787,31.1946825,230.0,60.3,85.5,290,88.5,T2_watch,line,230.0,39.224469612848665,False,False
292,1097,13119,216.0,38.51626212556368,T1_normal,-101.65,31.624,115.0,-101.582,31.727237,115.0,38.5,91.1,5161,85.1,T3_prevent,line,115.0,8.177324510594257,False,False
293,1097,13169,145.6,3.7818250791833785,T1_normal,-101.65,31.624,115.0,-101.5842835,31.7486435,115.0,3.8,51.9,5161,57.9,T1_normal,line,115.0,9.439150965038186,False,False
294,1099,1100,250.0,23.883417682551737,T1_normal,-102.701206,31.703258,230.0,-102.701206,31.703258,115.0,23.9,29.0,66,32.0,T1_normal,transformer,230.0,0.0,False,False
295,1099,1125,423.6,29.47540756724359,T1_normal,-102.701206,31.703258,230.0,-102.78,31.939,230.0,29.5,38.3,272,47.8,T1_normal,line,230.0,16.93252678939458,False,False
296,12667,1099,416.8,16.346522531749144,T1_normal,-102.45323571428573,31.843002285714284,230.0,-102.701206,31.703258,230.0,16.3,24.5,173,36.6,T1_normal,line,230.0,17.475342760722402,False,False
297,13213,1099,203.5,71.25307125307127,T1_normal,-101.9427305,32.0820017,20.0,-102.701206,31.703258,230.0,71.3,71.3,26,68.9,T1_normal,transformer,230.0,51.619653546424566,False,False
298,1100,13414,109.2,13.910557129021026,T1_normal,-102.701206,31.703258,115.0,-102.45323571428573,31.843002285714284,115.0,13.9,20.0,294,28.2,T1_normal,line,115.0,17.475342760722402,False,False
299,1101,1102,250.0,20.48486368319214,T1_normal,-102.672809,32.460054,230.0,-102.672809,32.460054,115.0,20.5,34.8,4926,28.1,T1_normal,transformer,230.0,0.0,False,False
300,1101,1109,399.8,4.650186095575131,T1_normal,-102.672809,32.460054,230.0,-102.68,32.22,230.0,4.7,19.1,301,17.1,T1_normal,line,230.0,16.591625134563124,False,False
301,1101,12823,463.0,14.198858574054588,T1_normal,-102.672809,32.460054,230.0,-102.7719682,32.2803608,230.0,14.2,19.3,328,22.4,T1_normal,line,230.0,13.69802905016669,False,False
302,13321,1101,145.8,65.15775034293547,T1_normal,-101.9427305,32.0820017,20.0,-102.672809,32.460054,230.0,65.2,65.4,3629,64.3,T1_normal,transformer,230.0,50.014966794792265,False,False
303,1102,13174,275.0,19.298094870906688,T1_normal,-102.672809,32.460054,115.0,-102.7719682,32.2803608,115.0,19.3,68.3,4923,84.9,T1_normal,line,115.0,13.69802905016669,False,False
304,1103,1104,250.0,10.844307406256064,T1_normal,-101.368,32.377,230.0,-101.368,32.377,115.0,10.8,16.7,308,16.6,T1_normal,transformer,230.0,0.0,False,False
305,1103,1107,421.1,30.88972452716958,T1_normal,-101.368,32.377,230.0,-101.46,32.055,230.0,30.9,47.5,308,43.0,T1_normal,line,230.0,22.889072516885665,False,False
306,1103,1119,697.9,60.5776878420364,T1_normal,-101.368,32.377,230.0,-101.28,32.173,230.0,60.6,78.7,364,70.2,T1_normal,line,230.0,15.003425099481388,False,False
307,1103,1121,465.4,28.46006654771624,T1_normal,-101.368,32.377,230.0,-101.558,32.414,230.0,28.5,48.2,309,45.4,T1_normal,line,230.0,11.37576569153594,False,False
308,1103,1133,623.0,58.470074902072966,T1_normal,-101.368,32.377,230.0,-101.362,32.319,230.0,58.5,91.1,306,81.8,T3_prevent,line,230.0,4.022732452933372,False,False
309,1103,12788,657.0,72.48131650502054,T1_normal,-101.368,32.377,230.0,-101.83586283333334,32.75809566666667,230.0,72.5,93.6,310,84.9,T3_prevent,line,230.0,37.88857247352219,False,False
310,1103,12788,657.0,72.48131650502054,T1_normal,-101.368,32.377,230.0,-101.83586283333334,32.75809566666667,230.0,72.5,93.6,309,84.9,T3_prevent,line,230.0,37.88857247352219,False,False
311,1104,1122,116.9,10.58600777020702,T1_normal,-101.368,32.377,115.0,-101.558,32.414,115.0,10.6,57.1,366,57.1,T1_normal,line,115.0,11.37576569153594,False,False
312,1104,1128,122.5,47.937592596963384,T1_normal,-101.368,32.377,115.0,-101.826,32.411,115.0,47.9,92.1,4840,87.3,T3_prevent,line,115.0,26.82366055911252,False,False
313,1104,1134,117.1,8.097546439865035,T1_normal,-101.368,32.377,115.0,-101.362,32.319,115.0,8.1,26.7,312,25.2,T1_normal,line,115.0,4.022732452933372,False,False
314,1104,13424,145.4,10.12679275649157,T1_normal,-101.368,32.377,115.0,-101.242778,32.6847095,115.0,10.1,14.2,1950,13.4,T1_normal,line,115.0,22.47748224387975,False,False
315,1105,1106,250.0,0.7571590138805107,T1_normal,-101.152,31.683,230.0,-101.152,31.683,115.0,0.8,45.9,316,45.9,T1_normal,transformer,230.0,0.0,False,False
316,1105,12796,467.6,24.122562546043326,T1_normal,-101.152,31.683,230.0,-100.98431625,31.875952,230.0,24.1,28.7,4897,24.5,T1_normal,line,230.0,16.575305963306118,False,False
317,1106,12795,106.5,39.54877723706217,T1_normal,-101.152,31.683,115.0,-100.98431625,31.875952,115.0,39.5,118.2,316,94.9,T5_moderate,line,115.0,16.575305963306118,True,True
318,1107,1108,250.0,0.2065090657765012,T1_normal,-101.46,32.055,230.0,-101.46,32.055,115.0,0.2,8.4,1950,8.3,T1_normal,transformer,230.0,0.0,False,False
319,1107,1119,448.6,44.38003261274577,T1_normal,-101.46,32.055,230.0,-101.28,32.173,230.0,44.4,62.1,364,54.9,T1_normal,line,230.0,13.32058019944092,False,False
320,1107,1127,493.2,34.267652447607524,T1_normal,-101.46,32.055,230.0,-101.826,32.411,230.0,34.3,42.7,226,42.8,T1_normal,line,230.0,32.59776133327928,False,False
321,1107,1133,394.7,8.345037187946522,T1_normal,-101.46,32.055,230.0,-101.362,32.319,230.0,8.3,23.5,364,21.2,T1_normal,line,230.0,19.119824577763115,False,False
322,1108,1134,148.2,4.021096705163936,T1_normal,-101.46,32.055,115.0,-101.362,32.319,115.0,4.0,13.1,207,19.3,T1_normal,line,115.0,19.119824577763115,False,False
323,1108,13409,108.6,9.119094764887643,T1_normal,-101.46,32.055,115.0,-101.3548315,32.107940125,115.0,9.1,18.0,207,23.0,T1_normal,line,115.0,7.161495254441741,False,False
324,1109,1110,250.0,15.217912977276953,T1_normal,-102.68,32.22,230.0,-102.68,32.22,115.0,15.2,34.3,329,30.4,T1_normal,transformer,230.0,0.0,False,False
325,1109,1115,443.3,9.94389494128992,T1_normal,-102.68,32.22,230.0,-102.314,32.21,230.0,9.9,22.5,356,29.3,T1_normal,line,230.0,21.406518555482176,False,False
326,1109,12680,478.3,20.44838892568833,T1_normal,-102.68,32.22,230.0,-102.7719682,32.2803608,230.0,20.4,28.5,327,26.8,T1_normal,line,230.0,6.802572079875295,False,False
327,1109,12804,422.0,26.08539805184792,T1_normal,-102.68,32.22,230.0,-102.7069445,32.0320835,230.0,26.1,35.5,326,32.0,T1_normal,line,230.0,13.079296003906128,False,False
328,1109,12823,470.6,16.468867130827476,T1_normal,-102.68,32.22,230.0,-102.7719682,32.2803608,230.0,16.5,23.4,301,29.4,T1_normal,line,230.0,6.802572079875295,False,False
329,1110,12803,144.2,64.05221116541514,T1_normal,-102.68,32.22,115.0,-102.7069445,32.0320835,115.0,64.1,82.7,324,73.3,T2_watch,line,115.0,13.079296003906128,False,False
330,1111,1112,250.0,8.026261612352243,T1_normal,-101.014,32.239,230.0,-101.014,32.239,115.0,8.0,28.6,199,27.3,T1_normal,transformer,230.0,0.0,False,False
331,1111,1119,686.0,59.86900633548977,T1_normal,-101.014,32.239,230.0,-101.28,32.173,230.0,59.9,79.2,332,69.7,T1_normal,line,230.0,16.206006076075635,False,False
332,1111,1119,686.0,59.86900633548977,T1_normal,-101.014,32.239,230.0,-101.28,32.173,230.0,59.9,79.2,331,69.7,T1_normal,line,230.0,16.206006076075635,False,False
333,1111,1119,686.0,59.86900633548977,T1_normal,-101.014,32.239,230.0,-101.28,32.173,230.0,59.9,79.2,331,69.7,T1_normal,line,230.0,16.206006076075635,False,False
334,1111,1133,701.4,53.63601564328078,T1_normal,-101.014,32.239,230.0,-101.362,32.319,230.0,53.6,63.8,364,56.4,T1_normal,line,230.0,21.06688600763693,False,False
335,3041,1111,432.0,39.87995270286938,T1_normal,-100.6917,32.05,230.0,-101.014,32.239,230.0,39.9,63.9,817,69.9,T1_normal,line,230.0,22.93591882750668,False,False
336,3046,1111,765.0,43.00501070749394,T1_normal,-100.56760671428572,32.36118885714286,230.0,-101.014,32.239,230.0,43.0,51.1,824,56.8,T1_normal,line,230.0,27.403390303113955,False,False
337,3046,1111,765.0,43.00501070749394,T1_normal,-100.56760671428572,32.36118885714286,230.0,-101.014,32.239,230.0,43.0,51.1,824,56.8,T1_normal,line,230.0,27.403390303113955,False,False
338,3046,1111,765.0,43.00501070749394,T1_normal,-100.56760671428572,32.36118885714286,230.0,-101.014,32.239,230.0,43.0,51.1,824,56.8,T1_normal,line,230.0,27.403390303113955,False,False
339,3046,1111,765.0,43.00501070749394,T1_normal,-100.56760671428572,32.36118885714286,230.0,-101.014,32.239,230.0,43.0,51.1,824,56.8,T1_normal,line,230.0,27.403390303113955,False,False
340,3078,1111,384.3,49.60202202154198,T1_normal,-100.6728,32.5886,230.0,-101.014,32.239,230.0,49.6,107.6,824,116.5,T4_light,line,230.0,31.297941942048727,True,False
341,12721,1111,470.1,24.926049219005705,T1_normal,-100.890668,32.313261999999995,230.0,-101.014,32.239,230.0,24.9,57.0,754,60.3,T1_normal,line,230.0,8.845170491116743,False,False
342,1112,1120,130.4,83.52094582021174,T2_watch,-101.014,32.239,115.0,-101.28,32.173,115.0,83.5,126.6,199,62.5,T6_heavy,line,115.0,16.206006076075635,True,True
343,3022,1112,181.0,7.536823283250247,T1_normal,-100.890668,32.313261999999995,115.0,-101.014,32.239,115.0,7.5,48.7,199,62.7,T1_normal,line,115.0,8.845170491116743,False,False
344,1112,13300,122.5,146.93877551020415,T6_heavy,-101.014,32.239,115.0,-100.890668,32.313261999999995,115.0,146.9,146.9,2,0.6,T6_heavy,line,115.0,8.845170491116743,True,True
345,1113,1114,250.0,13.04840931163543,T1_normal,-101.9043,31.7983,230.0,-101.9043,31.7983,115.0,13.0,20.3,352,18.5,T1_normal,transformer,230.0,0.0,False,False
346,1113,1115,428.8,20.66723942484152,T1_normal,-101.9043,31.7983,230.0,-102.314,32.21,230.0,20.7,32.9,231,55.2,T1_normal,line,230.0,37.22132469492565,False,False
347,1113,1123,359.2,5.461049715061786,T1_normal,-101.9043,31.7983,230.0,-101.836,31.726,230.0,5.5,31.5,231,49.0,T1_normal,line,230.0,6.4073664047126355,False,False
348,1113,12594,370.3,71.35407132074994,T1_normal,-101.9043,31.7983,230.0,-101.856375,31.1644605,230.0,71.4,83.7,287,93.7,T2_watch,line,230.0,43.885515745350816,False,False
349,12667,1113,430.0,43.08826126572425,T1_normal,-102.45323571428573,31.843002285714284,230.0,-101.9043,31.7983,230.0,43.1,65.7,226,84.4,T1_normal,line,230.0,32.375340573149266,False,False
350,13249,1113,186.2,2.685284640171849,T1_normal,-101.9427305,32.0820017,20.0,-101.9043,31.7983,230.0,2.7,2.7,3629,0.0,T1_normal,transformer,230.0,19.73119793449009,False,False
351,1114,1124,130.2,0.9612125749107092,T1_normal,-101.9043,31.7983,115.0,-101.836,31.726,115.0,1.0,30.8,352,34.2,T1_normal,line,115.0,6.4073664047126355,False,False
352,1114,13169,123.9,47.990698541925326,T1_normal,-101.9043,31.7983,115.0,-101.5842835,31.7486435,115.0,48.0,72.6,374,82.2,T1_normal,line,115.0,19.108123354421902,False,False
353,1115,1116,250.0,29.081668439188064,T1_normal,-102.314,32.21,230.0,-102.314,32.21,115.0,29.1,36.5,359,37.0,T1_normal,transformer,230.0,0.0,False,False
354,1115,1117,588.0,14.332626456052942,T1_normal,-102.314,32.21,230.0,-102.1,32.271,230.0,14.3,32.3,226,35.8,T1_normal,line,230.0,13.19745649833122,False,False
355,1115,1117,588.0,14.332626456052942,T1_normal,-102.314,32.21,230.0,-102.1,32.271,230.0,14.3,32.3,226,35.8,T1_normal,line,230.0,13.19745649833122,False,False
356,1115,12680,638.0,37.984203741877025,T1_normal,-102.314,32.21,230.0,-102.7719682,32.2803608,230.0,38.0,55.3,226,61.6,T1_normal,line,230.0,27.20064588335973,False,False
357,1115,12804,394.1,34.423301422928205,T1_normal,-102.314,32.21,230.0,-102.7069445,32.0320835,230.0,34.4,54.7,356,63.6,T1_normal,line,230.0,26.07389991740175,False,False
358,1116,1118,138.5,6.098071409407738,T1_normal,-102.314,32.21,115.0,-102.1,32.271,115.0,6.1,58.6,353,58.6,T1_normal,line,115.0,13.19745649833122,False,False
359,1117,1118,250.0,22.61822783016523,T1_normal,-102.1,32.271,230.0,-102.1,32.271,115.0,22.6,33.8,353,33.8,T1_normal,transformer,230.0,0.0,False,False
360,1117,1127,646.6,11.318135852102625,T1_normal,-102.1,32.271,230.0,-101.826,32.411,230.0,11.3,24.0,614,20.7,T1_normal,line,230.0,18.69256829115864,False,False
361,1117,1131,466.6,2.631979432604832,T1_normal,-102.1,32.271,230.0,-101.902,32.309,230.0,2.6,12.8,226,16.9,T1_normal,line,230.0,11.859283624020051,False,False
362,1119,1120,250.0,12.655174059850758,T1_normal,-101.28,32.173,230.0,-101.28,32.173,115.0,12.7,21.0,1950,20.6,T1_normal,transformer,230.0,0.0,False,False
363,1119,1121,593.6,52.725783060559266,T1_normal,-101.28,32.173,230.0,-101.558,32.414,230.0,52.7,63.7,364,57.7,T1_normal,line,230.0,23.25769426483628,False,False
364,1119,1133,680.7,61.405238318925385,T1_normal,-101.28,32.173,230.0,-101.362,32.319,230.0,61.4,84.5,306,75.3,T2_watch,line,230.0,11.168007456721122,False,False
365,1120,13409,135.3,32.98516151742428,T1_normal,-101.28,32.173,115.0,-101.3548315,32.107940125,115.0,33.0,45.5,199,31.2,T1_normal,line,115.0,6.274905667990946,False,False
366,1121,1122,250.0,21.76998276665124,T1_normal,-101.558,32.414,230.0,-101.558,32.414,115.0,21.8,26.7,311,26.7,T1_normal,transformer,230.0,0.0,False,False
367,1121,1127,420.9,13.718458608361848,T1_normal,-101.558,32.414,230.0,-101.826,32.411,230.0,13.7,49.4,370,51.1,T1_normal,line,230.0,15.633808750967466,False,False
368,1121,1131,414.8,2.803365593593731,T1_normal,-101.558,32.414,230.0,-101.902,32.309,230.0,2.8,21.3,370,21.3,T1_normal,line,230.0,21.347426395174836,False,False
369,1121,1133,472.5,49.493298672160485,T1_normal,-101.558,32.414,230.0,-101.362,32.319,230.0,49.5,68.9,308,63.6,T1_normal,line,230.0,13.188045586224248,False,False
370,1121,12719,773.6,62.825405241160674,T1_normal,-101.558,32.414,230.0,-101.64011833333332,32.67313766666667,230.0,62.8,75.7,382,70.1,T1_normal,line,230.0,18.532720836838916,False,False
371,1121,12788,529.9,70.92423162723001,T1_normal,-101.558,32.414,230.0,-101.83586283333334,32.75809566666667,230.0,70.9,86.4,309,77.6,T2_watch,line,230.0,28.75633198407113,False,False
372,1123,1124,250.0,14.110223546565695,T1_normal,-101.836,31.726,230.0,-101.836,31.726,115.0,14.1,19.3,226,17.1,T1_normal,transformer,230.0,0.0,False,False
373,1123,12594,555.0,65.8466143259856,T1_normal,-101.836,31.726,230.0,-101.856375,31.1644605,230.0,65.8,77.2,287,86.9,T1_normal,line,230.0,38.817647884864485,False,False
374,1124,13169,129.6,34.39270243908382,T1_normal,-101.836,31.726,115.0,-101.5842835,31.7486435,115.0,34.4,63.8,352,72.5,T1_normal,line,115.0,14.873964547874404,False,False
375,1125,1126,250.0,0.881978470016378,T1_normal,-102.78,31.939,230.0,-102.78,31.939,115.0,0.9,28.1,264,28.1,T1_normal,transformer,230.0,0.0,False,False
376,1125,1129,385.0,5.5913142384269845,T1_normal,-102.78,31.939,230.0,-102.426,31.865,230.0,5.6,10.1,173,17.3,T1_normal,line,230.0,21.38502309484203,False,False
377,12667,1125,408.1,0.4382737012340008,T1_normal,-102.45323571428573,31.843002285714284,230.0,-102.78,31.939,230.0,0.4,5.8,226,14.6,T1_normal,line,230.0,20.2845988177238,False,False
378,1125,12680,499.5,3.3236553396077197,T1_normal,-102.78,31.939,230.0,-102.7719682,32.2803608,230.0,3.3,6.5,226,10.9,T1_normal,line,230.0,23.59069891798337,False,False
379,1125,12804,505.7,6.733886502765309,T1_normal,-102.78,31.939,230.0,-102.7069445,32.0320835,230.0,6.7,11.7,273,17.4,T1_normal,line,230.0,7.726226338925208,False,False
380,1127,1128,250.0,4.1935766972823885,T1_normal,-101.826,32.411,230.0,-101.826,32.411,115.0,4.2,34.6,4840,30.1,T1_normal,transformer,230.0,0.0,False,False
381,1127,1131,445.8,7.325282765657784,T1_normal,-101.826,32.411,230.0,-101.902,32.309,230.0,7.3,22.4,389,22.4,T1_normal,line,230.0,8.327284771946381,False,False
382,1127,12719,495.9,43.789058545587835,T1_normal,-101.826,32.411,230.0,-101.64011833333332,32.67313766666667,230.0,43.8,77.5,370,69.6,T1_normal,line,230.0,21.101454461144556,False,False
383,1128,1132,163.0,48.88894488052949,T1_normal,-101.826,32.411,115.0,-101.902,32.309,115.0,48.9,94.4,4840,86.7,T3_prevent,line,115.0,8.327284771946381,False,False
384,1129,1130,250.0,11.42514649519068,T1_normal,-102.426,31.865,230.0,-102.426,31.865,115.0,11.4,16.1,9,19.6,T1_normal,transformer,230.0,0.0,False,False
385,12667,1129,371.4,16.582947042692137,T1_normal,-102.45323571428573,31.843002285714284,230.0,-102.426,31.865,230.0,16.6,29.9,232,21.4,T1_normal,line,230.0,2.2056893728526803,False,False
386,1129,12680,386.3,3.791838525848654,T1_normal,-102.426,31.865,230.0,-102.7719682,32.2803608,230.0,3.8,10.9,356,15.8,T1_normal,line,230.0,35.12735499796439,False,False
387,1129,12804,469.5,0.6777422754133352,T1_normal,-102.426,31.865,230.0,-102.7069445,32.0320835,230.0,0.7,4.7,4899,7.5,T1_normal,line,230.0,20.114054547727235,False,False
388,1131,1132,250.0,9.910492158946695,T1_normal,-101.902,32.309,230.0,-101.902,32.309,115.0,9.9,18.8,383,18.3,T1_normal,transformer,230.0,0.0,False,False
389,1131,12719,402.7,42.19004130688477,T1_normal,-101.902,32.309,230.0,-101.64011833333332,32.67313766666667,230.0,42.2,69.1,370,63.3,T1_normal,line,230.0,29.426991322959196,False,False
390,1133,1134,250.0,2.0011051900210575,T1_normal,-101.362,32.319,230.0,-101.362,32.319,115.0,2.0,8.0,364,8.7,T1_normal,transformer,230.0,0.0,False,False
391,1133,12788,526.0,73.49138647317487,T1_normal,-101.362,32.319,230.0,-101.83586283333334,32.75809566666667,230.0,73.5,88.2,309,79.9,T2_watch,line,230.0,41.015808080806416,False,False
392,1134,13409,97.6,12.865826279944258,T1_normal,-101.362,32.319,115.0,-101.3548315,32.107940125,115.0,12.9,19.5,27,20.5,T1_normal,line,115.0,14.589010725851038,False,False
393,2022,2001,187.0,25.86733466784061,T1_normal,-95.538503,33.639774,161.0,-95.538503,33.639774,161.0,25.9,41.6,394,42.0,T1_normal,line,161.0,0.0,False,False
394,2027,2001,187.0,67.4930031170385,T1_normal,-95.3200515,33.474677,161.0,-95.538503,33.639774,161.0,67.5,80.9,2301,76.9,T2_watch,line,161.0,16.98037691275973,False,False
395,2003,2002,981.0,20.346675767389627,T1_normal,-96.367605,33.628143,161.0,-96.367605,33.628143,500.0,20.3,33.1,626,20.5,T1_normal,transformer,500.0,0.0,False,False
396,2021,2002,2295.0,24.082705074773006,T1_normal,-95.538503,33.639774,500.0,-96.367605,33.628143,500.0,24.1,31.2,650,28.7,T1_normal,line,500.0,47.7026137910955,False,False
397,2002,2101,2020.0,17.480059019205296,T1_normal,-96.367605,33.628143,500.0,-96.64523066666668,33.60477566666666,500.0,17.5,25.1,650,27.8,T1_normal,line,500.0,16.05566987795152,False,False
398,2003,2038,251.0,48.21192102652734,T1_normal,-96.367605,33.628143,161.0,-96.282897,33.55352,161.0,48.2,83.0,515,15.9,T2_watch,line,161.0,7.096091228825618,False,False
399,2003,2047,310.0,6.596878104770878,T1_normal,-96.367605,33.628143,161.0,-96.427874,33.623645,161.0,6.6,20.3,526,26.1,T1_normal,line,161.0,3.4813353317117595,False,False
400,2003,2047,221.7,8.598134725534154,T1_normal,-96.367605,33.628143,161.0,-96.427874,33.623645,161.0,8.6,26.5,526,36.4,T1_normal,line,161.0,3.4813353317117595,False,False
401,2003,2106,218.2,17.90860709908819,T1_normal,-96.367605,33.628143,161.0,-96.378894,33.498186,161.0,17.9,55.3,398,25.9,T1_normal,line,161.0,9.002753913733747,False,False
402,2007,2060,213.8,6.808799974854702,T1_normal,-95.900109,33.615167,161.0,-95.809701,33.576823,161.0,6.8,33.3,492,27.2,T1_normal,line,161.0,5.838876709027465,False,False
403,2007,2114,251.0,33.6175552385621,T1_normal,-95.900109,33.615167,161.0,-95.538503,33.639774,161.0,33.6,51.1,643,44.5,T1_normal,line,161.0,20.873119947832336,False,False
404,2007,2122,187.0,44.287314435845175,T1_normal,-95.900109,33.615167,161.0,-95.996823,33.778716,161.0,44.3,68.9,488,56.7,T1_normal,line,161.0,12.593864662139769,False,False
405,2014,2008,187.0,195.78595843420652,T7_structural,-100.4547365,34.413879,161.0,-100.512868,34.857258,161.0,195.8,341.7,434,41.8,T7_structural,line,161.0,30.81260303963334,True,True
406,2008,2052,187.0,56.49589262397326,T1_normal,-100.512868,34.857258,161.0,-101.35485071428572,35.27871242857143,161.0,56.5,129.8,407,38.6,T6_heavy,line,161.0,55.81363259776433,True,True
407,2008,13149,226.2,120.64651771226188,T5_moderate,-100.512868,34.857258,161.0,-100.934408,35.18172,161.0,120.6,193.7,434,71.9,T7_structural,line,161.0,32.7343878206857,True,True
408,2009,2020,196.6,19.766635899438917,T1_normal,-98.721096,33.973297,161.0,-98.50555385714286,33.89755828571428,161.0,19.8,28.6,2463,38.9,T1_normal,line,161.0,13.418470917347934,False,False
409,2009,2025,231.2,7.743865706526113,T1_normal,-98.721096,33.973297,161.0,-98.50555385714286,33.89755828571428,161.0,7.7,14.3,2463,24.6,T1_normal,line,161.0,13.418470917347934,False,False
410,2009,2036,250.3,0.7903863285632095,T1_normal,-98.721096,33.973297,161.0,-98.50555385714286,33.89755828571428,161.0,0.8,11.0,411,14.8,T1_normal,line,161.0,13.418470917347934,False,False
411,2009,2049,328.0,43.056232600089984,T1_normal,-98.721096,33.973297,161.0,-99.091918,33.9776965,161.0,43.1,59.8,2463,89.5,T1_normal,line,161.0,21.249565714474976,False,False
412,2009,2082,187.0,2.960690531471722,T1_normal,-98.721096,33.973297,161.0,-98.50555385714286,33.89755828571428,161.0,3.0,12.8,411,11.0,T1_normal,line,161.0,13.418470917347934,False,False
413,2009,2082,212.7,2.984684234855573,T1_normal,-98.721096,33.973297,161.0,-98.50555385714286,33.89755828571428,161.0,3.0,12.9,411,11.1,T1_normal,line,161.0,13.418470917347934,False,False
414,2009,2109,250.0,14.798398767002665,T1_normal,-98.721096,33.973297,161.0,-98.622467,34.103273,161.0,14.8,18.4,2463,22.3,T1_normal,line,161.0,10.608495665939136,False,False
415,2061,2010,187.0,26.20748484469331,T1_normal,-99.4499348,34.1610722,161.0,-99.4499348,34.1610722,161.0,26.2,43.9,2463,64.1,T1_normal,line,161.0,0.0,False,False
416,2010,2079,377.0,22.47453377828854,T1_normal,-99.4499348,34.1610722,161.0,-100.287247,33.994322,161.0,22.5,33.1,2500,44.3,T1_normal,line,161.0,49.28413531467635,False,False
417,2010,2091,187.0,9.110847996609088,T1_normal,-99.4499348,34.1610722,161.0,-99.2898065,33.642922,161.0,9.1,29.4,1742,54.9,T1_normal,line,161.0,36.96005624589702,False,False
418,12745,2010,425.0,80.2917593764573,T2_watch,-99.4499348,34.1610722,20.0,-99.4499348,34.1610722,161.0,80.3,80.3,573,77.0,T2_watch,transformer,161.0,0.0,False,False
419,2010,12978,274.0,38.40648864791771,T1_normal,-99.4499348,34.1610722,161.0,-99.58229,33.609313,161.0,38.4,61.0,420,82.7,T1_normal,line,161.0,38.87183784004592,False,False
420,2010,12978,274.0,38.40648864791771,T1_normal,-99.4499348,34.1610722,161.0,-99.58229,33.609313,161.0,38.4,61.0,419,82.7,T1_normal,line,161.0,38.87183784004592,False,False
421,2010,13029,212.2,50.42362887674962,T1_normal,-99.4499348,34.1610722,161.0,-99.657805,33.841272,161.0,50.4,75.0,1742,56.9,T1_normal,line,161.0,25.100235078016343,False,False
422,2012,2011,719.0,10.868561249016226,T1_normal,-101.35485071428572,35.27871242857143,161.0,-101.35485071428572,35.27871242857143,500.0,10.9,52.0,426,80.4,T1_normal,transformer,500.0,0.0,False,False
423,2013,2011,292.3,71.6866510337529,T1_normal,-101.35485071428572,35.27871242857143,18.0,-101.35485071428572,35.27871242857143,500.0,71.7,71.7,267,67.5,T1_normal,transformer,500.0,0.0,False,False
424,2011,2017,2007.2,30.05983073957235,T1_normal,-101.35485071428572,35.27871242857143,500.0,-101.35485071428572,35.27871242857143,500.0,30.1,55.4,425,71.0,T1_normal,line,500.0,0.0,False,False
425,2127,2011,2020.0,38.17684352984193,T1_normal,-100.538611,35.653889,500.0,-101.35485071428572,35.27871242857143,500.0,38.2,60.1,444,78.8,T1_normal,line,500.0,52.74280763867463,False,False
426,2011,12867,2137.5,53.003835670351,T1_normal,-101.35485071428572,35.27871242857143,500.0,-101.326111,35.093889,500.0,53.0,81.8,668,95.6,T2_watch,line,500.0,12.87291901483647,False,False
427,2012,2041,187.0,27.533670067261667,T1_normal,-101.35485071428572,35.27871242857143,161.0,-101.35485071428572,35.27871242857143,161.0,27.5,46.9,4744,56.7,T1_normal,line,161.0,0.0,False,False
428,2012,2052,187.0,85.64939718614657,T2_watch,-101.35485071428572,35.27871242857143,161.0,-101.35485071428572,35.27871242857143,161.0,85.6,159.0,407,26.3,T7_structural,line,161.0,0.0,True,True
429,2093,2012,187.0,21.67533284819077,T1_normal,-101.35485071428572,35.27871242857143,161.0,-101.35485071428572,35.27871242857143,161.0,21.7,38.9,4946,44.1,T1_normal,line,161.0,0.0,False,False
430,2012,2123,251.0,14.493917819628434,T1_normal,-101.35485071428572,35.27871242857143,161.0,-101.35485071428572,35.27871242857143,161.0,14.5,44.0,4946,54.7,T1_normal,line,161.0,0.0,False,False
431,2012,12866,282.0,6.353505636422644,T1_normal,-101.35485071428572,35.27871242857143,161.0,-101.326111,35.093889,161.0,6.4,81.4,426,85.9,T2_watch,line,161.0,12.87291901483647,False,False
432,2012,13059,346.0,17.598673142553213,T1_normal,-101.35485071428572,35.27871242857143,161.0,-101.186622,35.254184,161.0,17.6,72.0,407,79.7,T1_normal,line,161.0,9.640532085605416,False,False
433,2012,13200,216.6,37.75682792802308,T1_normal,-101.35485071428572,35.27871242857143,161.0,-101.35485071428572,35.27871242857143,161.0,37.8,61.5,613,64.7,T1_normal,line,161.0,0.0,False,False
434,2014,2029,187.0,330.65306369854846,T7_structural,-100.4547365,34.413879,161.0,-101.244172,34.371689,161.0,330.7,460.6,435,64.5,T7_structural,line,161.0,45.10415288636909,True,True
435,2014,13085,220.0,170.48985617386762,T7_structural,-100.4547365,34.413879,161.0,-100.883227,33.781077,161.0,170.5,327.5,434,84.9,T7_structural,line,161.0,50.12713625093595,True,True
436,2015,2037,259.0,43.21321817451128,T1_normal,-97.445189,33.471617,161.0,-97.32958,33.54915,161.0,43.2,91.3,510,88.8,T3_prevent,line,161.0,8.54730516198079,False,False
437,5014,2015,187.0,40.34376234532483,T1_normal,-97.466582,33.243525500000004,161.0,-97.445189,33.471617,161.0,40.3,99.6,518,65.0,T3_prevent,line,161.0,15.808061230345132,False,False
438,2015,13330,211.3,13.123236860495636,T1_normal,-97.445189,33.471617,161.0,-97.3420515,33.318023,161.0,13.1,64.1,1593,63.1,T1_normal,line,161.0,12.166430166861302,False,False
439,2043,2016,187.0,81.32570149753288,T2_watch,-96.839543,33.737974,161.0,-96.64523066666668,33.60477566666666,161.0,81.3,99.0,577,75.1,T3_prevent,line,161.0,14.475631198569314,False,False
440,2069,2016,187.0,42.86046085582144,T1_normal,-96.742245,33.450768,161.0,-96.64523066666668,33.60477566666666,161.0,42.9,60.5,577,38.5,T1_normal,line,161.0,12.018952961161954,False,False
441,2018,2017,271.0,19.33012346879944,T1_normal,-101.35485071428572,35.27871242857143,161.0,-101.35485071428572,35.27871242857143,500.0,19.3,49.0,426,79.4,T1_normal,transformer,500.0,0.0,False,False
442,2019,2017,323.8,66.7559127622195,T1_normal,-101.35485071428572,35.27871242857143,20.0,-101.35485071428572,35.27871242857143,500.0,66.8,66.8,3629,67.3,T1_normal,transformer,500.0,0.0,False,False
443,2017,2096,2020.0,1.4949105521940764,T1_normal,-101.35485071428572,35.27871242857143,500.0,-101.482424,33.686171,500.0,1.5,20.6,616,25.2,T1_normal,line,500.0,110.27479847780492,False,False
444,2017,2127,2020.0,39.385898399829486,T1_normal,-101.35485071428572,35.27871242857143,500.0,-100.538611,35.653889,500.0,39.4,61.6,425,80.9,T1_normal,line,500.0,52.74280763867463,False,False
445,2018,2093,263.0,25.563379517760715,T1_normal,-101.35485071428572,35.27871242857143,161.0,-101.35485071428572,35.27871242857143,161.0,25.6,56.1,426,81.8,T1_normal,line,161.0,0.0,False,False
446,2020,2025,238.4,8.370127844385351,T1_normal,-98.50555385714286,33.89755828571428,161.0,-98.50555385714286,33.89755828571428,161.0,8.4,13.4,448,12.1,T1_normal,line,161.0,0.0,False,False
447,2020,2028,251.7,49.840256223177136,T1_normal,-98.50555385714286,33.89755828571428,161.0,-98.50555385714286,33.89755828571428,161.0,49.8,62.4,478,68.4,T1_normal,line,161.0,0.0,False,False
448,2020,2036,229.7,43.85851431007378,T1_normal,-98.50555385714286,33.89755828571428,161.0,-98.50555385714286,33.89755828571428,161.0,43.9,56.9,2463,69.2,T1_normal,line,161.0,0.0,False,False
449,2020,2045,310.0,10.256214530751686,T1_normal,-98.50555385714286,33.89755828571428,161.0,-98.509016,33.969523,161.0,10.3,28.4,447,28.7,T1_normal,line,161.0,4.976296219517755,False,False
450,2020,2055,409.0,7.562830455570902,T1_normal,-98.50555385714286,33.89755828571428,161.0,-98.50555385714286,33.89755828571428,161.0,7.6,17.1,480,15.9,T1_normal,line,161.0,0.0,False,False
451,2020,2067,228.2,34.82788640263796,T1_normal,-98.50555385714286,33.89755828571428,161.0,-98.50555385714286,33.89755828571428,161.0,34.8,52.0,581,11.3,T1_normal,line,161.0,0.0,False,False
452,2020,2082,219.7,20.30257846661768,T1_normal,-98.50555385714286,33.89755828571428,161.0,-98.50555385714286,33.89755828571428,161.0,20.3,25.6,448,23.7,T1_normal,line,161.0,0.0,False,False
453,2020,2109,230.7,8.1527813889035,T1_normal,-98.50555385714286,33.89755828571428,161.0,-98.622467,34.103273,161.0,8.2,15.3,414,15.5,T1_normal,line,161.0,15.712330951109909,False,False
454,2022,2021,867.0,30.124779746562123,T1_normal,-95.538503,33.639774,161.0,-95.538503,33.639774,500.0,30.1,79.2,643,75.7,T1_normal,transformer,500.0,0.0,False,False
455,2023,2021,111.7,77.88719785138765,T1_normal,-95.538503,33.639774,13.8,-95.538503,33.639774,500.0,77.9,78.0,3629,74.0,T1_normal,transformer,500.0,0.0,False,False
456,2024,2021,127.5,59.6078431372549,T1_normal,-95.538503,33.639774,13.8,-95.538503,33.639774,500.0,59.6,59.6,59,57.8,T1_normal,transformer,500.0,0.0,False,False
457,2021,2113,2020.0,2.5998139140270804,T1_normal,-95.538503,33.639774,500.0,-95.538503,33.639774,500.0,2.6,22.7,396,21.8,T1_normal,line,500.0,0.0,False,False
458,12958,2021,121.1,62.75805119735754,T1_normal,-95.538503,33.639774,13.8,-95.538503,33.639774,500.0,62.8,62.8,457,60.8,T1_normal,transformer,500.0,0.0,False,False
459,2022,2040,187.0,6.674932650325432,T1_normal,-95.538503,33.639774,161.0,-94.997258,33.663063,161.0,6.7,13.1,643,12.3,T1_normal,line,161.0,31.171556715065883,False,False
460,2064,2022,251.0,24.47526755267109,T1_normal,-95.744327,33.745236,161.0,-95.538503,33.639774,161.0,24.5,40.1,2301,33.4,T1_normal,line,161.0,13.896183049382604,False,False
461,2022,2114,204.0,14.608812652506426,T1_normal,-95.538503,33.639774,161.0,-95.538503,33.639774,161.0,14.6,87.6,643,83.6,T2_watch,line,161.0,0.0,False,False
462,2022,12953,337.0,49.93469011454423,T1_normal,-95.538503,33.639774,161.0,-95.538503,33.639774,161.0,49.9,89.0,643,84.2,T2_watch,line,161.0,0.0,False,False
463,2022,12986,213.1,36.16557418010363,T1_normal,-95.538503,33.639774,161.0,-95.538503,33.639774,161.0,36.2,92.9,643,88.2,T3_prevent,line,161.0,0.0,False,False
464,2025,2036,226.6,20.785441168133293,T1_normal,-98.50555385714286,33.89755828571428,161.0,-98.50555385714286,33.89755828571428,161.0,20.8,35.5,468,51.4,T1_normal,line,161.0,0.0,False,False
465,2025,2045,250.6,12.171130484693572,T1_normal,-98.50555385714286,33.89755828571428,161.0,-98.509016,33.969523,161.0,12.2,16.5,447,14.3,T1_normal,line,161.0,4.976296219517755,False,False
466,2025,2055,187.0,30.405460512114782,T1_normal,-98.50555385714286,33.89755828571428,161.0,-98.50555385714286,33.89755828571428,161.0,30.4,47.9,581,36.5,T1_normal,line,161.0,0.0,False,False
467,2025,2055,218.9,33.985970675350195,T1_normal,-98.50555385714286,33.89755828571428,161.0,-98.50555385714286,33.89755828571428,161.0,34.0,53.6,581,40.8,T1_normal,line,161.0,0.0,False,False
468,2025,2067,187.0,79.90257098838195,T1_normal,-98.50555385714286,33.89755828571428,161.0,-98.50555385714286,33.89755828571428,161.0,79.9,124.2,581,19.4,T5_moderate,line,161.0,0.0,True,True
469,2025,2082,194.1,32.815698401792424,T1_normal,-98.50555385714286,33.89755828571428,161.0,-98.50555385714286,33.89755828571428,161.0,32.8,49.7,468,45.7,T1_normal,line,161.0,0.0,False,False
470,2058,2026,187.0,32.95864802180282,T1_normal,-101.2439,35.4789,161.0,-100.765905,35.830763,161.0,33.0,46.6,668,77.1,T1_normal,line,161.0,36.210456210485646,False,False
471,2128,2026,187.0,18.140466203620964,T1_normal,-100.538611,35.653889,161.0,-100.765905,35.830763,161.0,18.1,31.8,668,62.3,T1_normal,line,161.0,17.65871989340902,False,False
472,2027,2050,274.3,26.74545213653306,T1_normal,-95.3200515,33.474677,161.0,-95.42519,33.39167,161.0,26.7,58.9,2301,58.2,T1_normal,line,161.0,8.34542937728016,False,False
473,2027,2090,187.0,9.28995494711815,T1_normal,-95.3200515,33.474677,161.0,-94.890845,33.498221,161.0,9.3,18.6,544,17.7,T1_normal,line,161.0,24.78670505333574,False,False
474,2027,2114,262.2,45.3874575690793,T1_normal,-95.3200515,33.474677,161.0,-95.538503,33.639774,161.0,45.4,59.3,655,56.0,T1_normal,line,161.0,16.98037691275973,False,False
475,12769,2027,471.1,65.80343876034812,T1_normal,-95.3200515,33.474677,20.0,-95.3200515,33.474677,161.0,65.8,65.8,2,61.5,T1_normal,transformer,161.0,0.0,False,False
476,2027,13114,296.4,38.60415988003068,T1_normal,-95.3200515,33.474677,161.0,-95.3200515,33.474677,161.0,38.6,64.2,548,61.1,T1_normal,line,161.0,0.0,False,False
477,2028,2045,251.0,14.486979089736703,T1_normal,-98.50555385714286,33.89755828571428,161.0,-98.509016,33.969523,161.0,14.5,30.6,447,34.0,T1_normal,line,161.0,4.976296219517755,False,False
478,2028,2045,210.5,25.710919852973426,T1_normal,-98.50555385714286,33.89755828571428,161.0,-98.509016,33.969523,161.0,25.7,54.3,447,60.3,T1_normal,line,161.0,4.976296219517755,False,False
479,2028,2109,250.0,4.6632300867532175,T1_normal,-98.50555385714286,33.89755828571428,161.0,-98.622467,34.103273,161.0,4.7,12.3,447,14.3,T1_normal,line,161.0,15.712330951109909,False,False
480,2112,2028,310.0,58.013495848835106,T1_normal,-98.25932,34.008308,161.0,-98.50555385714286,33.89755828571428,161.0,58.0,76.3,551,96.0,T1_normal,line,161.0,16.053574825685523,False,False
481,2029,12632,218.7,159.31614830388818,T7_structural,-101.244172,34.371689,161.0,-101.59661,34.4067,161.0,159.3,252.8,482,98.8,T7_structural,line,161.0,20.24031781225357,True,True
482,2029,13055,242.3,125.01949944538671,T6_heavy,-101.244172,34.371689,161.0,-101.244172,34.371689,161.0,125.0,217.5,481,77.1,T7_structural,line,161.0,0.0,True,True
483,13206,2029,205.8,2.684578172231801,T1_normal,-101.244172,34.371689,20.0,-101.244172,34.371689,161.0,2.7,2.7,20,0.0,T1_normal,transformer,161.0,0.0,False,False
484,2030,2106,187.0,35.04390402611403,T1_normal,-96.240654,33.708311,161.0,-96.378894,33.498186,161.0,35.0,62.2,643,46.7,T1_normal,line,161.0,16.555123547789393,False,False
485,2122,2030,251.0,54.2000400513279,T1_normal,-95.996823,33.778716,161.0,-96.240654,33.708311,161.0,54.2,74.5,643,62.9,T1_normal,line,161.0,14.829623291369506,False,False
486,2031,2048,218.0,1.8027300139749007,T1_normal,-100.384217,33.710684,161.0,-100.967402,33.752201,161.0,1.8,19.5,992,35.7,T1_normal,line,161.0,33.633523762153295,False,False
487,2031,2087,207.0,2.6618592123356244,T1_normal,-100.384217,33.710684,161.0,-100.89286566666664,33.327416666666664,161.0,2.7,17.5,572,33.1,T1_normal,line,161.0,39.49379566037113,False,False
488,2032,2114,187.0,37.58546659561643,T1_normal,-95.649137,33.857868,161.0,-95.538503,33.639774,161.0,37.6,59.8,404,49.4,T1_normal,line,161.0,16.354608903696246,False,False
489,2122,2032,187.0,34.56407622128484,T1_normal,-95.996823,33.778716,161.0,-95.649137,33.857868,161.0,34.6,56.8,404,46.4,T1_normal,line,161.0,20.694225927346412,False,False
490,2033,2106,326.0,52.93963989881285,T1_normal,-96.146489,33.500378,161.0,-96.378894,33.498186,161.0,52.9,102.4,491,82.2,T4_light,line,161.0,13.391347363420746,True,True
491,2129,2033,338.0,61.80356555836409,T1_normal,-96.311485,33.439125,161.0,-96.146489,33.500378,161.0,61.8,101.5,490,81.9,T4_light,line,161.0,10.409056474268631,True,True
492,2033,5288,254.0,68.00813610214539,T1_normal,-96.146489,33.500378,161.0,-96.0140895,33.412679,161.0,68.0,97.3,643,80.8,T3_prevent,line,161.0,9.745169247663306,False,False
493,2033,13268,212.6,58.13734713076211,T1_normal,-96.146489,33.500378,161.0,-96.0140895,33.412679,161.0,58.1,58.1,-1,54.4,T1_normal,line,161.0,9.745169247663306,False,False
494,13363,2033,110.2,95.0894845353464,T3_prevent,-96.146489,33.500378,20.0,-96.146489,33.500378,161.0,95.1,95.1,395,70.0,T3_prevent,transformer,161.0,0.0,False,False
495,2034,2043,187.0,1.9532879203810056,T1_normal,-96.839764,33.830932,161.0,-96.839543,33.737974,161.0,2.0,6.9,395,6.7,T1_normal,line,161.0,6.422861368507203,False,False
496,2034,2043,223.8,1.7925394926891018,T1_normal,-96.839764,33.830932,161.0,-96.839543,33.737974,161.0,1.8,6.4,395,6.2,T1_normal,line,161.0,6.422861368507203,False,False
497,2046,2034,187.0,0.1360170030753512,T1_normal,-96.725989,33.800717,161.0,-96.839764,33.830932,161.0,0.1,16.5,526,14.1,T1_normal,line,161.0,6.856851708006428,False,False
498,2035,2066,251.0,49.423230935027725,T1_normal,-99.853667,33.431837,161.0,-100.245133,33.183064,161.0,49.4,61.9,761,56.0,T1_normal,line,161.0,28.397807995678946,False,False
499,2035,2091,251.0,11.479142239093871,T1_normal,-99.853667,33.431837,161.0,-99.2898065,33.642922,161.0,11.5,34.3,500,39.4,T1_normal,line,161.0,35.59843927048898,False,False
500,2035,12978,208.4,41.64571143320244,T1_normal,-99.853667,33.431837,161.0,-99.58229,33.609313,161.0,41.6,53.4,499,52.5,T1_normal,line,161.0,19.8678608297546,False,False
501,2036,2045,191.2,34.77545259110402,T1_normal,-98.50555385714286,33.89755828571428,161.0,-98.509016,33.969523,161.0,34.8,44.5,2463,51.8,T1_normal,line,161.0,4.976296219517755,False,False
502,2036,2049,326.0,42.53579775574942,T1_normal,-98.50555385714286,33.89755828571428,161.0,-99.091918,33.9776965,161.0,42.5,59.5,2463,89.8,T1_normal,line,161.0,34.06548358031179,False,False
503,2036,2049,326.0,42.53579775574942,T1_normal,-98.50555385714286,33.89755828571428,161.0,-99.091918,33.9776965,161.0,42.5,59.5,2463,89.8,T1_normal,line,161.0,34.06548358031179,False,False
504,2036,2055,300.0,32.823115908348065,T1_normal,-98.50555385714286,33.89755828571428,161.0,-98.50555385714286,33.89755828571428,161.0,32.8,49.4,2463,53.4,T1_normal,line,161.0,0.0,False,False
505,2036,2055,229.0,61.77348212160018,T1_normal,-98.50555385714286,33.89755828571428,161.0,-98.50555385714286,33.89755828571428,161.0,61.8,93.0,2463,100.4,T3_prevent,line,161.0,0.0,False,False
506,2036,2067,232.9,41.37016356661014,T1_normal,-98.50555385714286,33.89755828571428,161.0,-98.50555385714286,33.89755828571428,161.0,41.4,69.8,581,20.1,T1_normal,line,161.0,0.0,False,False
507,2036,2082,250.0,8.6461358643038,T1_normal,-98.50555385714286,33.89755828571428,161.0,-98.50555385714286,33.89755828571428,161.0,8.6,16.1,561,14.5,T1_normal,line,161.0,0.0,False,False
508,2036,2082,238.2,14.417350307717172,T1_normal,-98.50555385714286,33.89755828571428,161.0,-98.50555385714286,33.89755828571428,161.0,14.4,26.8,561,24.2,T1_normal,line,161.0,0.0,False,False
509,2036,13041,297.0,39.53257697361911,T1_normal,-98.50555385714286,33.89755828571428,161.0,-99.2898065,33.642922,161.0,39.5,71.9,2463,100.8,T1_normal,line,161.0,48.358286697803166,False,False
510,2037,2065,287.0,59.82134611727449,T1_normal,-97.32958,33.54915,161.0,-97.17635,33.661583,161.0,59.8,95.0,663,89.5,T3_prevent,line,161.0,11.751720631461495,False,False
511,2037,2110,306.0,47.07344745564741,T1_normal,-97.32958,33.54915,161.0,-97.4002075,33.7184285,161.0,47.1,89.8,512,89.4,T2_watch,line,161.0,12.381755222664871,False,False
512,2037,2110,306.0,47.07344745564741,T1_normal,-97.32958,33.54915,161.0,-97.4002075,33.7184285,161.0,47.1,89.8,511,89.4,T2_watch,line,161.0,12.381755222664871,False,False
513,13146,2037,272.7,0.0,T1_normal,-97.32958,33.54915,20.0,-97.32958,33.54915,161.0,0.0,0.0,-1,0.0,T1_normal,transformer,161.0,0.0,False,False
514,2081,2038,251.0,5.763266870938612,T1_normal,-96.072156,33.615539,161.0,-96.282897,33.55352,161.0,5.8,18.2,515,6.6,T1_normal,line,161.0,12.864942451459036,False,False
515,2038,2106,236.6,50.17425121612847,T1_normal,-96.282897,33.55352,161.0,-96.378894,33.498186,161.0,50.2,94.5,398,14.2,T3_prevent,line,161.0,6.722436443354643,False,False
516,2039,2086,187.0,19.263282728784365,T1_normal,-97.751818,33.455991,161.0,-97.687873,33.626904,161.0,19.3,59.8,517,64.8,T1_normal,line,161.0,12.369936594186193,False,False
517,5285,2039,251.0,88.03159636001605,T2_watch,-97.857678,33.315883,161.0,-97.751818,33.455991,161.0,88.0,169.7,663,77.0,T7_structural,line,161.0,11.446133416770568,True,True
518,2039,5455,251.0,99.0922890703056,T3_prevent,-97.751818,33.455991,161.0,-97.669953,33.372433,161.0,99.1,152.1,663,90.4,T7_structural,line,161.0,7.458138163928872,True,True
519,2040,2114,187.0,3.882463489602737,T1_normal,-94.997258,33.663063,161.0,-95.538503,33.639774,161.0,3.9,8.1,459,7.3,T1_normal,line,161.0,31.171556715065883,False,False
520,2121,2040,187.0,19.514615391265068,T1_normal,-95.151966,33.801868,161.0,-94.997258,33.663063,161.0,19.5,26.1,2301,24.1,T1_normal,line,161.0,13.076965201821762,False,False
521,2042,2041,99.0,78.72735451682821,T1_normal,-101.35485071428572,35.27871242857143,18.0,-101.35485071428572,35.27871242857143,161.0,78.7,78.7,84,75.4,T1_normal,transformer,161.0,0.0,False,False
522,2041,2058,187.0,47.77013659224291,T1_normal,-101.35485071428572,35.27871242857143,161.0,-101.2439,35.4789,161.0,47.8,120.9,562,53.3,T5_moderate,line,161.0,15.178473345516952,True,True
523,2041,2093,225.5,38.71537636193192,T1_normal,-101.35485071428572,35.27871242857143,161.0,-101.35485071428572,35.27871242857143,161.0,38.7,72.8,4744,86.4,T1_normal,line,161.0,0.0,False,False
524,2041,2123,211.5,24.08766714685984,T1_normal,-101.35485071428572,35.27871242857143,161.0,-101.35485071428572,35.27871242857143,161.0,24.1,44.4,523,37.3,T1_normal,line,161.0,0.0,False,False
525,2041,13159,416.0,51.91675017419372,T1_normal,-101.35485071428572,35.27871242857143,161.0,-102.06431,35.259819,161.0,51.9,90.6,4744,84.9,T3_prevent,line,161.0,40.043000843063595,False,False
526,2043,2044,214.5,80.07467396089311,T2_watch,-96.839543,33.737974,161.0,-96.936121,33.743893,161.0,80.1,96.8,395,74.2,T3_prevent,line,161.0,5.564008107613061,False,False
527,2043,2046,222.2,1.8752304455351287,T1_normal,-96.839543,33.737974,161.0,-96.725989,33.800717,161.0,1.9,21.1,526,17.8,T1_normal,line,161.0,7.831495264255349,False,False
528,2065,2044,187.0,120.75227343654932,T5_moderate,-97.17635,33.661583,161.0,-96.936121,33.743893,161.0,120.8,147.6,662,104.3,T6_heavy,line,161.0,14.933946235641203,True,False
529,2044,2102,187.0,6.8056554439741355,T1_normal,-96.936121,33.743893,161.0,-96.64523066666668,33.60477566666666,161.0,6.8,59.7,622,43.2,T1_normal,line,161.0,19.291499424938618,False,False
530,2045,2055,239.5,2.266541942896294,T1_normal,-98.509016,33.969523,161.0,-98.50555385714286,33.89755828571428,161.0,2.3,16.2,480,17.5,T1_normal,line,161.0,4.976296219517755,False,False
531,2045,2109,181.8,5.095495948942131,T1_normal,-98.509016,33.969523,161.0,-98.622467,34.103273,161.0,5.1,12.3,414,13.0,T1_normal,line,161.0,11.295952290235608,False,False
532,2063,2046,251.0,12.477643886163438,T1_normal,-96.519997,33.772613,161.0,-96.725989,33.800717,161.0,12.5,45.2,526,40.5,T1_normal,line,161.0,11.987422896748244,False,False
533,2047,2092,251.0,7.71409833119468,T1_normal,-96.427874,33.623645,161.0,-96.519997,33.772613,161.0,7.7,40.4,526,47.8,T1_normal,line,161.0,11.575215028955318,False,False
534,2079,2048,384.0,23.684633422955116,T1_normal,-100.287247,33.994322,161.0,-100.967402,33.752201,161.0,23.7,34.1,2500,45.1,T1_normal,line,161.0,42.4533692963835,False,False
535,2048,2098,233.5,22.29588970003823,T1_normal,-100.967402,33.752201,161.0,-101.482424,33.686171,161.0,22.3,42.7,434,27.6,T1_normal,line,161.0,29.947971769255044,False,False
536,2048,12882,615.0,15.914950683395196,T1_normal,-100.967402,33.752201,161.0,-101.1794378,34.0282444,161.0,15.9,44.4,434,114.3,T1_normal,line,161.0,22.62029281923456,False,False
537,2048,13085,307.6,115.4348776276036,T5_moderate,-100.967402,33.752201,161.0,-100.883227,33.781077,161.0,115.4,227.8,434,92.3,T7_structural,line,161.0,5.230370640463535,True,True
538,13197,2048,237.3,63.21112515802781,T1_normal,-100.967402,33.752201,20.0,-100.967402,33.752201,161.0,63.2,63.2,25,59.1,T1_normal,transformer,161.0,0.0,False,False
539,2048,13392,363.0,39.18691750341104,T1_normal,-100.967402,33.752201,161.0,-101.1794378,34.0282444,161.0,39.2,99.5,4909,99.8,T3_prevent,line,161.0,22.62029281923456,False,False
540,2049,2061,369.0,28.802633838875444,T1_normal,-99.091918,33.9776965,161.0,-99.4499348,34.1610722,161.0,28.8,42.5,567,89.0,T1_normal,line,161.0,24.09177415527052,False,False
541,12964,2049,321.5,71.53965785381028,T1_normal,-99.091918,33.9776965,20.0,-99.091918,33.9776965,161.0,71.5,71.5,15,66.9,T1_normal,transformer,161.0,0.0,False,False
542,2049,13029,220.2,8.319056654019166,T1_normal,-99.091918,33.9776965,161.0,-99.657805,33.841272,161.0,8.3,26.9,1742,89.0,T1_normal,line,161.0,33.79071574333477,False,False
543,2049,13135,465.0,25.342943695157462,T1_normal,-99.091918,33.9776965,161.0,-99.4499348,34.1610722,161.0,25.3,63.2,2463,90.1,T1_normal,line,161.0,24.09177415527052,False,False
544,2090,2050,187.0,13.470649748959731,T1_normal,-94.890845,33.498221,161.0,-95.42519,33.39167,161.0,13.5,21.0,2301,19.5,T1_normal,line,161.0,31.674118661964854,False,False
545,2050,5268,213.0,58.28520152311846,T1_normal,-95.42519,33.39167,161.0,-95.788968,33.316269,161.0,58.3,95.2,546,84.5,T3_prevent,line,161.0,21.631652546769185,False,False
546,2050,5268,213.0,58.28520152311846,T1_normal,-95.42519,33.39167,161.0,-95.788968,33.316269,161.0,58.3,95.2,545,84.5,T3_prevent,line,161.0,21.631652546769185,False,False
547,12675,2050,585.9,80.38914490527394,T2_watch,-95.42519,33.39167,20.0,-95.42519,33.39167,161.0,80.4,80.4,3629,75.1,T2_watch,transformer,161.0,0.0,False,False
548,2050,13114,206.6,58.321467217062256,T1_normal,-95.42519,33.39167,161.0,-95.3200515,33.474677,161.0,58.3,99.0,2301,91.3,T3_prevent,line,161.0,8.34542937728016,False,False
549,2051,2080,277.0,50.708244451764934,T1_normal,-98.202251,33.75849,161.0,-97.963802,33.793074,161.0,50.7,71.1,551,93.2,T1_normal,line,161.0,13.901595595814737,False,False
550,2051,2112,310.0,56.17478617141575,T1_normal,-98.202251,33.75849,161.0,-98.25932,34.008308,161.0,56.2,74.4,551,94.1,T1_normal,line,161.0,17.568608389617836,False,False
551,2053,2088,352.9,182.65440015162233,T7_structural,-97.95612,33.520572,161.0,-98.540972,33.494167000000004,161.0,182.7,280.4,573,92.9,T7_structural,line,161.0,33.74361828051441,True,True
552,5285,2053,291.0,129.55075236333676,T6_heavy,-97.857678,33.315883,161.0,-97.95612,33.520572,161.0,129.6,186.1,573,99.6,T7_structural,line,161.0,15.239745454326972,True,True
553,2053,5362,251.0,83.93015488357176,T2_watch,-97.95612,33.520572,161.0,-97.9208,33.1964,161.0,83.9,171.0,552,64.7,T7_structural,line,161.0,22.490927314696435,True,True
554,2055,2054,1095.0,26.43537187720873,T1_normal,-98.50555385714286,33.89755828571428,161.0,-98.50555385714286,33.89755828571428,500.0,26.4,47.2,555,34.2,T1_normal,transformer,500.0,0.0,False,False
555,2055,2054,1095.0,26.43537187720873,T1_normal,-98.50555385714286,33.89755828571428,161.0,-98.50555385714286,33.89755828571428,500.0,26.4,47.2,554,34.2,T1_normal,transformer,500.0,0.0,False,False
556,2127,2054,2020.0,33.99411724279134,T1_normal,-100.538611,35.653889,500.0,-98.50555385714286,33.89755828571428,500.0,34.0,48.1,2463,60.1,T1_normal,line,500.0,167.4409543261177,False,False
557,2054,5204,2339.3,64.14422383222903,T1_normal,-98.50555385714286,33.89755828571428,500.0,-97.93385,33.07965,500.0,64.1,81.9,2463,98.2,T2_watch,line,500.0,65.41358222632279,False,False
558,2054,5236,2020.0,4.826600156573738,T1_normal,-98.50555385714286,33.89755828571428,500.0,-98.81875,33.316907,500.0,4.8,44.6,557,77.7,T1_normal,line,500.0,43.981800164987774,False,False
559,2054,12755,1998.1,21.095060480787016,T1_normal,-98.50555385714286,33.89755828571428,500.0,-99.695954,33.73925199999999,500.0,21.1,50.3,1742,80.5,T1_normal,line,500.0,69.20290886948777,False,False
560,2055,2067,219.1,80.16887367706606,T2_watch,-98.50555385714286,33.89755828571428,161.0,-98.50555385714286,33.89755828571428,161.0,80.2,125.0,581,29.0,T5_moderate,line,161.0,0.0,True,True
561,2055,2082,205.0,56.130800694326936,T1_normal,-98.50555385714286,33.89755828571428,161.0,-98.50555385714286,33.89755828571428,161.0,56.1,79.2,2463,70.7,T1_normal,line,161.0,0.0,False,False
562,2123,2058,187.0,92.14038308731378,T3_prevent,-101.35485071428572,35.27871242857143,161.0,-101.2439,35.4789,161.0,92.1,134.7,522,59.1,T6_heavy,line,161.0,15.178473345516952,True,True
563,2060,2064,251.0,19.925466755858295,T1_normal,-95.809701,33.576823,161.0,-95.744327,33.745236,161.0,19.9,35.6,2301,28.9,T1_normal,line,161.0,12.228618118653086,False,False
564,5136,2060,251.0,11.926576578073648,T1_normal,-95.667897,33.457143,161.0,-95.809701,33.576823,161.0,11.9,46.8,2301,37.4,T1_normal,line,161.0,11.623522794105066,False,False
565,2062,2061,209.9,60.62219133632636,T1_normal,-99.4499348,34.1610722,18.0,-99.4499348,34.1610722,161.0,60.6,60.7,3629,60.5,T1_normal,transformer,161.0,0.0,False,False
566,2061,13046,230.9,40.66978433336865,T1_normal,-99.4499348,34.1610722,161.0,-99.563436,34.170488,161.0,40.7,86.7,5093,81.0,T2_watch,line,161.0,6.521346467956618,False,False
567,2061,13135,358.0,20.585668838267704,T1_normal,-99.4499348,34.1610722,161.0,-99.4499348,34.1610722,161.0,20.6,41.3,540,88.1,T1_normal,line,161.0,0.0,False,False
568,2061,13349,250.7,31.17868854149634,T1_normal,-99.4499348,34.1610722,161.0,-99.4499348,34.1610722,161.0,31.2,56.6,566,77.3,T1_normal,line,161.0,0.0,False,False
569,2061,13412,217.6,1.195821913949232,T1_normal,-99.4499348,34.1610722,161.0,-99.4499348,34.1610722,161.0,1.2,22.3,568,70.3,T1_normal,line,161.0,0.0,False,False
570,2092,2063,251.0,5.3137901150206694,T1_normal,-96.519997,33.772613,161.0,-96.519997,33.772613,161.0,5.3,27.4,526,34.8,T1_normal,line,161.0,0.0,False,False
571,2126,2065,251.0,62.65716652182036,T1_normal,-97.128552,33.458028,161.0,-97.17635,33.661583,161.0,62.7,111.1,662,68.1,T5_moderate,line,161.0,14.331171896884838,True,True
572,2073,2066,251.0,53.5746253573385,T1_normal,-100.56428,32.96736,161.0,-100.245133,33.183064,161.0,53.6,66.1,761,60.1,T1_normal,line,161.0,23.739347038947713,False,False
573,2068,2067,251.0,311.648398551244,T7_structural,-98.360833,33.509722,161.0,-98.50555385714286,33.89755828571428,161.0,311.6,477.6,581,72.8,T7_structural,line,161.0,28.0586730029672,True,True
574,2067,2082,236.3,79.88715864006006,T1_normal,-98.50555385714286,33.89755828571428,161.0,-98.50555385714286,33.89755828571428,161.0,79.9,134.8,581,41.5,T6_heavy,line,161.0,0.0,True,True
575,2068,2088,251.0,84.49165091818824,T2_watch,-98.360833,33.509722,161.0,-98.540972,33.494167000000004,161.0,84.5,396.1,573,97.8,T7_structural,line,161.0,10.434258823932636,True,True
576,13017,2068,286.4,349.90276681853084,T7_structural,-98.360833,33.509722,20.0,-98.360833,33.509722,161.0,349.9,350.0,3629,66.6,T7_structural,transformer,161.0,0.0,True,True
577,2069,2072,251.0,33.22102140979339,T1_normal,-96.742245,33.450768,161.0,-96.906575,33.537706,161.0,33.2,65.4,439,52.3,T1_normal,line,161.0,11.21339850536181,False,False
578,2069,5074,187.0,68.94322221335159,T1_normal,-96.742245,33.450768,161.0,-96.807989,33.241902,161.0,68.9,96.8,626,55.5,T3_prevent,line,161.0,14.921959783414048,False,False
579,2071,2070,251.1,314.97014194620505,T7_structural,-98.540972,33.494167000000004,18.0,-98.540972,33.494167000000004,161.0,315.0,315.0,3629,59.9,T7_structural,transformer,161.0,0.0,True,True
580,2070,2088,251.0,40.01504798381235,T1_normal,-98.540972,33.494167000000004,161.0,-98.540972,33.494167000000004,161.0,40.0,315.1,2237,59.9,T7_structural,line,161.0,0.0,True,True
581,2070,5237,245.0,281.81724734185775,T7_structural,-98.540972,33.494167000000004,161.0,-98.81875,33.316907,161.0,281.8,460.2,573,94.2,T7_structural,line,161.0,20.16705378946889,True,True
582,2072,2102,251.0,41.42752648984375,T1_normal,-96.906575,33.537706,161.0,-96.64523066666668,33.60477566666666,161.0,41.4,71.9,626,46.1,T1_normal,line,161.0,15.742866820192708,False,False
583,2072,2125,188.5,3.3412879315261548,T1_normal,-96.906575,33.537706,161.0,-96.892724,33.464643,161.0,3.3,51.4,2061,39.5,T1_normal,line,161.0,5.1109104484547325,False,False
584,2074,2073,164.0,64.75136238344278,T1_normal,-100.56428,32.96736,115.0,-100.56428,32.96736,161.0,64.8,123.0,761,89.5,T5_moderate,transformer,161.0,0.0,True,True
585,2076,2073,387.4,0.0,T1_normal,-100.56428,32.96736,24.0,-100.56428,32.96736,161.0,0.0,0.0,-1,0.0,T1_normal,transformer,161.0,0.0,False,False
586,2087,2073,187.0,3.1116145562184667,T1_normal,-100.89286566666664,33.327416666666664,161.0,-100.56428,32.96736,161.0,3.1,9.8,572,13.1,T1_normal,line,161.0,31.308684036925403,False,False
587,2073,3079,251.0,16.936304345664716,T1_normal,-100.56428,32.96736,161.0,-100.6728,32.5886,161.0,16.9,53.2,992,24.2,T1_normal,line,161.0,26.91868728330629,False,False
588,2073,12900,371.2,2.2659831221488256,T1_normal,-100.56428,32.96736,161.0,-100.89286566666664,33.327416666666664,161.0,2.3,7.1,572,9.5,T1_normal,line,161.0,31.308684036925403,False,False
589,2074,3115,221.0,48.05078475513394,T1_normal,-100.56428,32.96736,115.0,-100.524167,32.969722,115.0,48.1,91.3,761,66.4,T3_prevent,line,115.0,2.3309839431567045,False,False
590,2078,2077,135.3,83.14855875831485,T2_watch,-97.4002075,33.7184285,13.8,-97.4002075,33.7184285,161.0,83.1,83.1,-1,78.0,T2_watch,transformer,161.0,0.0,False,False
591,2077,2110,310.0,23.184257710761027,T1_normal,-97.4002075,33.7184285,161.0,-97.4002075,33.7184285,161.0,23.2,55.1,592,57.2,T1_normal,line,161.0,0.0,False,False
592,2077,2110,244.2,43.39815705372748,T1_normal,-97.4002075,33.7184285,161.0,-97.4002075,33.7184285,161.0,43.4,71.5,591,74.2,T1_normal,line,161.0,0.0,False,False
593,2077,2133,251.0,9.259527577834524,T1_normal,-97.4002075,33.7184285,161.0,-97.535329,33.741367,161.0,9.3,24.5,594,29.7,T1_normal,line,161.0,7.924608392840705,False,False
594,2077,2133,193.2,21.795074641924295,T1_normal,-97.4002075,33.7184285,161.0,-97.535329,33.741367,161.0,21.8,41.5,663,40.4,T1_normal,line,161.0,7.924608392840705,False,False
595,2086,2080,187.0,21.033336204720165,T1_normal,-97.687873,33.626904,161.0,-97.963802,33.793074,161.0,21.0,61.5,517,66.6,T1_normal,line,161.0,19.57912723053531,False,False
596,2133,2080,251.0,29.35438184404865,T1_normal,-97.535329,33.741367,161.0,-97.963802,33.793074,161.0,29.4,52.9,663,51.6,T1_normal,line,161.0,24.868618252526332,False,False
597,2081,2129,187.0,10.163529329441612,T1_normal,-96.072156,33.615539,161.0,-96.311485,33.439125,161.0,10.2,26.9,515,9.0,T1_normal,line,161.0,18.401102392326617,False,False
598,2083,2082,36.8,46.9081021230209,T1_normal,-98.50555385714286,33.89755828571428,20.0,-98.50555385714286,33.89755828571428,161.0,46.9,47.0,3629,50.4,T1_normal,transformer,161.0,0.0,False,False
599,2084,2082,43.5,39.68317604890044,T1_normal,-98.50555385714286,33.89755828571428,20.0,-98.50555385714286,33.89755828571428,161.0,39.7,39.7,3629,42.7,T1_normal,transformer,161.0,0.0,False,False
600,2085,2082,36.4,47.42357577272441,T1_normal,-98.50555385714286,33.89755828571428,20.0,-98.50555385714286,33.89755828571428,161.0,47.4,47.5,3629,51.0,T1_normal,transformer,161.0,0.0,False,False
601,2082,13041,335.0,38.15433833879261,T1_normal,-98.50555385714286,33.89755828571428,161.0,-99.2898065,33.642922,161.0,38.2,70.2,2463,100.1,T1_normal,line,161.0,48.358286697803166,False,False
602,2087,12900,314.2,1.0736033496715212,T1_normal,-100.89286566666664,33.327416666666664,161.0,-100.89286566666664,33.327416666666664,161.0,1.1,3.5,3629,4.5,T1_normal,line,161.0,0.0,False,False
603,2087,13091,220.6,2.283802187098175,T1_normal,-100.89286566666664,33.327416666666664,161.0,-100.89286566666664,33.327416666666664,161.0,2.3,7.2,572,9.6,T1_normal,line,161.0,0.0,False,False
604,2089,2088,93.5,355.16103089952423,T7_structural,-98.540972,33.494167000000004,24.0,-98.540972,33.494167000000004,161.0,355.2,355.2,-1,67.7,T7_structural,transformer,161.0,0.0,True,True
605,2090,2121,187.0,21.466487049019097,T1_normal,-94.890845,33.498221,161.0,-95.151966,33.801868,161.0,21.5,28.0,2301,26.1,T1_normal,line,161.0,25.801773947919184,False,False
606,2091,2111,389.0,25.118135103458822,T1_normal,-99.2898065,33.642922,161.0,-98.884782,33.527396,161.0,25.1,42.6,2463,88.2,T1_normal,line,161.0,24.6417652695546,False,False
607,2091,12735,463.0,9.44699890605907,T1_normal,-99.2898065,33.642922,161.0,-99.091918,33.9776965,161.0,9.4,78.5,2463,88.8,T1_normal,line,161.0,25.770200533958636,False,False
608,2091,13012,347.0,9.299291148414357,T1_normal,-99.2898065,33.642922,161.0,-99.37463133333334,33.20651766666666,161.0,9.3,153.7,1742,84.0,T7_structural,line,161.0,30.547148043270234,True,True
609,2091,13012,347.0,9.299291148414357,T1_normal,-99.2898065,33.642922,161.0,-99.37463133333334,33.20651766666666,161.0,9.3,153.7,1742,84.0,T7_structural,line,161.0,30.547148043270234,True,True
610,2091,13202,548.0,2.7110135114502656,T1_normal,-99.2898065,33.642922,161.0,-99.2898065,33.642922,161.0,2.7,50.2,1742,82.0,T1_normal,line,161.0,0.0,False,False
611,2091,13202,548.0,2.7110135114502656,T1_normal,-99.2898065,33.642922,161.0,-99.2898065,33.642922,161.0,2.7,50.2,1742,82.0,T1_normal,line,161.0,0.0,False,False
612,2093,2123,197.3,8.220406643572343,T1_normal,-101.35485071428572,35.27871242857143,161.0,-101.35485071428572,35.27871242857143,161.0,8.2,37.4,4946,56.5,T1_normal,line,161.0,0.0,False,False
613,2093,13200,235.2,21.907866794517037,T1_normal,-101.35485071428572,35.27871242857143,161.0,-101.35485071428572,35.27871242857143,161.0,21.9,56.7,433,59.6,T1_normal,line,161.0,0.0,False,False
614,2097,2096,836.0,90.65023168817758,T3_prevent,-101.482424,33.686171,230.0,-101.482424,33.686171,500.0,90.7,107.6,4909,104.6,T4_light,transformer,500.0,0.0,True,False
615,2099,2096,184.4,81.34490238611714,T2_watch,-101.482424,33.686171,18.0,-101.482424,33.686171,500.0,81.3,81.3,2,76.0,T2_watch,transformer,500.0,0.0,False,False
616,2096,12883,2240.2,41.87274038333573,T1_normal,-101.482424,33.686171,500.0,-101.1794378,34.0282444,500.0,41.9,65.0,4909,68.0,T1_normal,line,500.0,29.34022900043647,False,False
617,2098,2097,146.0,34.224928182070244,T1_normal,-101.482424,33.686171,161.0,-101.482424,33.686171,230.0,34.2,140.1,614,100.5,T6_heavy,transformer,230.0,0.0,True,False
618,2097,3096,750.0,28.731746107054477,T1_normal,-101.482424,33.686171,230.0,-101.17026400000002,32.93510466666667,230.0,28.7,37.6,4868,19.0,T1_normal,line,230.0,54.93538835405096,False,False
619,2097,12752,480.0,61.69960794334147,T1_normal,-101.482424,33.686171,230.0,-101.65722,33.303497,230.0,61.7,101.5,620,105.4,T4_light,line,230.0,28.29381556713888,True,False
620,2097,12752,480.0,61.69960794334147,T1_normal,-101.482424,33.686171,230.0,-101.65722,33.303497,230.0,61.7,101.5,619,105.4,T4_light,line,230.0,28.29381556713888,True,False
621,2098,13209,228.4,23.689259505647406,T1_normal,-101.482424,33.686171,161.0,-98.1803245,31.84167,161.0,23.7,52.6,4979,40.0,T1_normal,line,161.0,230.3069382578941,False,False
622,2102,2101,1072.0,26.839714550106702,T1_normal,-96.64523066666668,33.60477566666666,161.0,-96.64523066666668,33.60477566666666,500.0,26.8,44.8,626,31.1,T1_normal,transformer,500.0,0.0,False,False
623,2103,2101,343.7,91.02279889616533,T3_prevent,-96.64523066666668,33.60477566666666,20.0,-96.64523066666668,33.60477566666666,500.0,91.0,91.0,3629,43.8,T3_prevent,transformer,500.0,0.0,False,False
624,2104,2101,278.7,63.752200774557664,T1_normal,-96.64523066666668,33.60477566666666,20.0,-96.64523066666668,33.60477566666666,500.0,63.8,63.8,17,0.0,T1_normal,transformer,500.0,0.0,False,False
625,2105,2101,273.2,65.03564551928704,T1_normal,-96.64523066666668,33.60477566666666,20.0,-96.64523066666668,33.60477566666666,500.0,65.0,65.1,3629,0.0,T1_normal,transformer,500.0,0.0,False,False
626,2101,5083,2020.0,36.31562272942131,T1_normal,-96.64523066666668,33.60477566666666,500.0,-96.643077,33.194952,500.0,36.3,45.3,622,23.4,T1_normal,line,500.0,28.31666763229111,False,False
627,2102,2107,310.0,32.28036488771904,T1_normal,-96.64523066666668,33.60477566666666,161.0,-96.64523066666668,33.60477566666666,161.0,32.3,59.8,628,52.4,T1_normal,line,161.0,0.0,False,False
628,2102,2107,204.8,47.068404792939205,T1_normal,-96.64523066666668,33.60477566666666,161.0,-96.64523066666668,33.60477566666666,161.0,47.1,90.2,627,78.9,T3_prevent,line,161.0,0.0,False,False
629,2124,2106,251.0,54.74283020521826,T1_normal,-96.549913,33.43566,161.0,-96.378894,33.498186,161.0,54.7,70.4,2360,65.5,T1_normal,line,161.0,10.762441171342775,False,False
630,2106,2129,187.0,2.176310528638355,T1_normal,-96.378894,33.498186,161.0,-96.311485,33.439125,161.0,2.2,45.4,491,42.1,T1_normal,line,161.0,5.634542363915783,False,False
631,2106,2129,233.6,1.8180968931747683,T1_normal,-96.378894,33.498186,161.0,-96.311485,33.439125,161.0,1.8,38.0,491,35.2,T1_normal,line,161.0,5.634542363915783,False,False
632,2107,2125,251.0,25.205268592776346,T1_normal,-96.64523066666668,33.60477566666666,161.0,-96.892724,33.464643,161.0,25.2,49.2,626,32.4,T1_normal,line,161.0,17.23148002468798,False,False
633,2108,2130,187.0,31.75047925465626,T1_normal,-99.624257,33.345366,161.0,-99.5687984,33.0957078,161.0,31.8,46.3,639,42.4,T1_normal,line,161.0,17.545233442717187,False,False
634,5472,2108,250.0,41.23715290957882,T1_normal,-99.37463133333334,33.20651766666666,161.0,-99.624257,33.345366,161.0,41.2,52.6,639,81.0,T1_normal,line,161.0,17.3194816700471,False,False
635,5472,2108,250.0,41.23715290957882,T1_normal,-99.37463133333334,33.20651766666666,161.0,-99.624257,33.345366,161.0,41.2,52.6,639,81.0,T1_normal,line,161.0,17.3194816700471,False,False
636,12908,2108,359.1,69.61849067112225,T1_normal,-99.624257,33.345366,20.0,-99.624257,33.345366,161.0,69.6,69.7,3629,65.1,T1_normal,transformer,161.0,0.0,False,False
637,2108,12965,250.7,55.20434046759263,T1_normal,-99.624257,33.345366,161.0,-99.54,33.35,161.0,55.2,67.3,5032,64.4,T1_normal,line,161.0,4.873654207929423,False,False
638,2108,13133,199.7,13.754502208571882,T1_normal,-99.624257,33.345366,161.0,-99.37463133333334,33.20651766666666,161.0,13.8,50.1,637,50.3,T1_normal,line,161.0,17.3194816700471,False,False
639,2108,13202,189.2,78.26948293270155,T1_normal,-99.624257,33.345366,161.0,-99.2898065,33.642922,161.0,78.3,241.4,1742,121.7,T7_structural,line,161.0,28.17914573670148,True,False
640,13263,2110,154.2,81.06355382619975,T2_watch,-97.4002075,33.7184285,20.0,-97.4002075,33.7184285,161.0,81.1,81.1,-1,75.8,T2_watch,transformer,161.0,0.0,False,False
641,2111,5187,345.0,30.534630024613744,T1_normal,-98.884782,33.527396,161.0,-98.81875,33.316907,161.0,30.5,97.6,1742,101.1,T3_prevent,line,161.0,15.033803516200653,False,False
642,2111,5472,187.0,14.676432102921208,T1_normal,-98.884782,33.527396,161.0,-99.37463133333334,33.20651766666666,161.0,14.7,156.2,1742,79.6,T7_structural,line,161.0,35.924184113165175,True,True
643,2114,2113,924.0,59.63153607889922,T1_normal,-95.538503,33.639774,161.0,-95.538503,33.639774,500.0,59.6,84.3,454,80.6,T2_watch,transformer,500.0,0.0,False,False
644,2115,2113,254.9,63.5710879724614,T1_normal,-95.538503,33.639774,13.8,-95.538503,33.639774,500.0,63.6,63.6,3629,35.7,T1_normal,transformer,500.0,0.0,False,False
645,2116,2113,262.3,61.77762228052005,T1_normal,-95.538503,33.639774,13.8,-95.538503,33.639774,500.0,61.8,61.8,2,34.7,T1_normal,transformer,500.0,0.0,False,False
646,2117,2113,187.5,76.52890226231877,T1_normal,-95.538503,33.639774,13.8,-95.538503,33.639774,500.0,76.5,76.5,226,66.9,T1_normal,transformer,500.0,0.0,False,False
647,2118,2113,188.3,76.20376619322765,T1_normal,-95.538503,33.639774,13.8,-95.538503,33.639774,500.0,76.2,76.3,3629,66.6,T1_normal,transformer,500.0,0.0,False,False
648,2119,2113,221.2,65.55153707052443,T1_normal,-95.538503,33.639774,13.8,-95.538503,33.639774,500.0,65.6,65.7,3629,63.9,T1_normal,transformer,500.0,0.0,False,False
649,2120,2113,224.8,0.0,T1_normal,-95.538503,33.639774,13.8,-95.538503,33.639774,500.0,0.0,0.0,-1,0.0,T1_normal,transformer,500.0,0.0,False,False
650,5049,2113,2768.0,24.930000647766285,T1_normal,-96.12497666666668,33.113726,500.0,-95.538503,33.639774,500.0,24.9,34.3,1726,30.7,T1_normal,line,500.0,49.660072742880104,False,False
651,2113,5164,2086.0,21.20429055575632,T1_normal,-95.538503,33.639774,500.0,-97.13581333333332,33.210620166666665,500.0,21.2,32.7,650,21.1,T1_normal,line,500.0,96.76477635675408,False,False
652,2113,8126,2768.0,4.413440149918558,T1_normal,-95.538503,33.639774,500.0,-95.1026285,33.188059,500.0,4.4,13.6,650,16.2,T1_normal,line,500.0,40.07560974442977,False,False
653,2114,12953,284.9,53.91424565751101,T1_normal,-95.538503,33.639774,161.0,-95.538503,33.639774,161.0,53.9,86.8,462,81.1,T2_watch,line,161.0,0.0,False,False
654,2114,12986,312.5,52.0798623545395,T1_normal,-95.538503,33.639774,161.0,-95.538503,33.639774,161.0,52.1,81.9,653,76.4,T2_watch,line,161.0,0.0,False,False
655,2114,13114,385.0,56.2876469032288,T1_normal,-95.538503,33.639774,161.0,-95.3200515,33.474677,161.0,56.3,89.4,656,84.6,T2_watch,line,161.0,16.98037691275973,False,False
656,2114,13114,385.0,56.2876469032288,T1_normal,-95.538503,33.639774,161.0,-95.3200515,33.474677,161.0,56.3,89.4,655,84.6,T2_watch,line,161.0,16.98037691275973,False,False
657,13139,2123,253.2,0.7284180394682406,T1_normal,-101.35485071428572,35.27871242857143,20.0,-101.35485071428572,35.27871242857143,161.0,0.7,0.7,105,0.0,T1_normal,transformer,161.0,0.0,False,False
658,2123,13420,456.0,34.69503942639596,T1_normal,-101.35485071428572,35.27871242857143,161.0,-101.5408005,35.944565,161.0,34.7,93.0,4946,87.0,T3_prevent,line,161.0,47.1772807764848,False,False
659,5450,2124,251.0,43.73486207772832,T1_normal,-96.566247,33.285118,161.0,-96.549913,33.43566,161.0,43.7,59.4,2360,54.5,T1_normal,line,161.0,10.444187651550871,False,False
660,2125,5078,187.0,9.680102731234978,T1_normal,-96.892724,33.464643,161.0,-96.990119,33.273449,161.0,9.7,94.6,2061,81.9,T3_prevent,line,161.0,14.356143012267282,False,False
661,2125,5215,251.0,33.1893800901216,T1_normal,-96.892724,33.464643,161.0,-96.933242,33.371246,161.0,33.2,54.1,626,32.9,T1_normal,line,161.0,6.86322090434039,False,False
662,2126,5220,251.0,82.74012663994529,T2_watch,-97.128552,33.458028,161.0,-97.213359,33.373051,161.0,82.7,122.0,571,67.2,T5_moderate,line,161.0,7.641715794235869,True,True
663,2126,13390,245.9,154.24449200326652,T7_structural,-97.128552,33.458028,161.0,-97.234707,33.503328,161.0,154.2,201.1,517,98.5,T7_structural,line,161.0,6.871851422720619,True,True
664,2128,2127,308.0,11.013854480769812,T1_normal,-100.538611,35.653889,161.0,-100.538611,35.653889,500.0,11.0,19.3,668,37.8,T1_normal,transformer,500.0,0.0,False,False
665,2127,5164,2768.0,23.829051209115132,T1_normal,-100.538611,35.653889,500.0,-97.13581333333332,33.210620166666665,500.0,23.8,29.7,2463,34.5,T1_normal,line,500.0,257.0728755101623,False,False
666,2127,12736,2367.6,33.216924623668625,T1_normal,-100.538611,35.653889,500.0,-99.091918,33.9776965,500.0,33.2,51.5,667,64.6,T1_normal,line,500.0,141.93811721676255,False,False
667,2127,12736,2367.6,33.216924623668625,T1_normal,-100.538611,35.653889,500.0,-99.091918,33.9776965,500.0,33.2,51.5,666,64.6,T1_normal,line,500.0,141.93811721676255,False,False
668,2127,12838,2490.9,41.34517892217744,T1_normal,-100.538611,35.653889,500.0,-102.2138885,34.734027999999995,500.0,41.3,57.1,426,65.9,T1_normal,line,500.0,113.95891745801632,False,False
669,12845,2127,410.1,70.37307973664957,T1_normal,-100.538611,35.653889,20.0,-100.538611,35.653889,500.0,70.4,70.4,668,65.8,T1_normal,transformer,500.0,0.0,False,False
670,2129,5141,328.0,58.4076301134835,T1_normal,-96.311485,33.439125,161.0,-96.378479,33.321734,161.0,58.4,86.2,2356,83.4,T2_watch,line,161.0,8.984941255473823,False,False
671,2131,2130,214.0,31.06601979570712,T1_normal,-99.5687984,33.0957078,115.0,-99.5687984,33.0957078,161.0,31.1,100.5,1742,36.8,T4_light,transformer,161.0,0.0,True,True
672,2130,12783,337.6,43.54532892778656,T1_normal,-99.5687984,33.0957078,161.0,-99.5687984,33.0957078,161.0,43.5,62.2,673,71.4,T1_normal,line,161.0,0.0,False,False
673,2130,12783,337.6,43.54532892778656,T1_normal,-99.5687984,33.0957078,161.0,-99.5687984,33.0957078,161.0,43.5,62.2,672,71.4,T1_normal,line,161.0,0.0,False,False
674,2130,12783,337.6,43.54532892778656,T1_normal,-99.5687984,33.0957078,161.0,-99.5687984,33.0957078,161.0,43.5,62.2,672,71.4,T1_normal,line,161.0,0.0,False,False
675,12799,2130,422.6,0.0,T1_normal,-99.5687984,33.0957078,20.0,-99.5687984,33.0957078,161.0,0.0,0.0,-1,0.0,T1_normal,transformer,161.0,0.0,False,False
676,2130,13111,247.8,63.589801597744,T1_normal,-99.5687984,33.0957078,161.0,-99.5687984,33.0957078,161.0,63.6,94.9,677,86.8,T3_prevent,line,161.0,0.0,False,False
677,2130,13111,247.8,63.589801597744,T1_normal,-99.5687984,33.0957078,161.0,-99.5687984,33.0957078,161.0,63.6,94.9,676,86.8,T3_prevent,line,161.0,0.0,False,False
678,2130,13133,212.4,62.61013221224473,T1_normal,-99.5687984,33.0957078,161.0,-99.37463133333334,33.20651766666666,161.0,62.6,83.0,676,75.6,T2_watch,line,161.0,13.593363777811987,False,False
679,3021,2131,149.0,29.182068699874662,T1_normal,-99.720186,32.783669,115.0,-99.5687984,33.0957078,115.0,29.2,128.9,1742,68.3,T6_heavy,line,115.0,23.278669762028308,True,True
680,3002,3001,171.0,4.240675458141993,T1_normal,-99.163039,30.036701,115.0,-99.163039,30.036701,230.0,4.2,28.9,844,26.6,T1_normal,transformer,230.0,0.0,False,False
681,3002,3001,171.0,4.240675458141993,T1_normal,-99.163039,30.036701,115.0,-99.163039,30.036701,230.0,4.2,28.9,844,26.6,T1_normal,transformer,230.0,0.0,False,False
682,3001,6177,548.0,0.5870999074150937,T1_normal,-99.163039,30.036701,230.0,-98.5093816037736,29.474642000000003,230.0,0.6,9.5,844,7.6,T1_normal,line,230.0,55.18578435030105,False,False
683,6285,3001,443.0,2.547585231198809,T1_normal,-98.6782725,29.80345,230.0,-99.163039,30.036701,230.0,2.5,10.6,844,11.1,T1_normal,line,230.0,33.20385442166509,False,False
684,3002,3107,98.0,43.276727280157935,T1_normal,-99.163039,30.036701,115.0,-99.345011,30.159136,115.0,43.3,65.9,685,62.7,T1_normal,line,115.0,13.780176442198712,False,False
685,3002,3107,182.0,30.13679375806357,T1_normal,-99.163039,30.036701,115.0,-99.345011,30.159136,115.0,30.1,45.9,686,43.7,T1_normal,line,115.0,13.780176442198712,False,False
686,3002,3107,182.0,30.13679375806357,T1_normal,-99.163039,30.036701,115.0,-99.345011,30.159136,115.0,30.1,45.9,685,43.7,T1_normal,line,115.0,13.780176442198712,False,False
687,3002,6328,102.5,24.14245068006,T1_normal,-99.163039,30.036701,115.0,-98.904706,29.972312,115.0,24.1,56.3,2940,43.9,T1_normal,line,115.0,16.084731182420494,False,False
688,3004,3003,61.1,1.7857903720208423,T1_normal,-100.2940896,32.3397188,18.0,-100.2940896,32.3397188,115.0,1.8,1.8,2,57.4,T1_normal,transformer,115.0,0.0,False,False
689,3003,3103,220.0,17.707081527563627,T1_normal,-100.2940896,32.3397188,115.0,-100.2940896,32.3397188,115.0,17.7,112.6,690,91.3,T5_moderate,line,115.0,0.0,True,True
690,3003,3141,176.0,118.5738085388262,T5_moderate,-100.2940896,32.3397188,115.0,-100.2940896,32.3397188,115.0,118.6,140.7,689,94.2,T6_heavy,line,115.0,0.0,True,True
691,3005,3052,220.0,47.995763296880746,T1_normal,-99.682471,29.64447,115.0,-99.628211,30.095115,115.0,48.0,60.8,706,60.0,T1_normal,line,115.0,31.306166730162012,False,False
692,3126,3005,220.0,51.53212693324438,T1_normal,-99.612368,29.291845,115.0,-99.682471,29.64447,115.0,51.5,64.4,706,63.5,T1_normal,line,115.0,24.726563178775873,False,False
693,3006,3049,149.0,53.375954506967304,T1_normal,-100.0652435,32.819086,115.0,-99.8991875,32.803981,115.0,53.4,101.8,695,35.2,T4_light,line,115.0,9.699293189785513,True,True
694,3006,3100,112.8,49.64430396963333,T1_normal,-100.0652435,32.819086,115.0,-99.830642,32.630473,115.0,49.6,120.4,695,65.9,T5_moderate,line,115.0,18.86251782257966,True,True
695,3145,3006,149.0,101.98728383011569,T4_light,-100.2242635,32.5474795,115.0,-100.0652435,32.819086,115.0,102.0,125.7,693,22.9,T6_heavy,line,115.0,20.921221898129748,True,True
696,3007,3013,149.0,32.51488166498516,T1_normal,-100.09043266666669,32.36779933333333,115.0,-99.70613471428572,32.45867642857143,115.0,32.5,59.5,717,27.4,T1_normal,line,115.0,23.27872782484938,False,False
697,3007,3099,124.7,18.43046298257743,T1_normal,-100.09043266666669,32.36779933333333,115.0,-99.90623,32.415823,115.0,18.4,39.4,939,65.9,T1_normal,line,115.0,11.247584925218757,False,False
698,3007,3137,149.0,30.393932714260444,T1_normal,-100.09043266666669,32.36779933333333,115.0,-100.2940896,32.3397188,115.0,30.4,43.4,699,34.1,T1_normal,line,115.0,12.044331010731296,False,False
699,3007,3137,113.9,39.584485950011,T1_normal,-100.09043266666669,32.36779933333333,115.0,-100.2940896,32.3397188,115.0,39.6,56.7,698,44.5,T1_normal,line,115.0,12.044331010731296,False,False
700,3007,3145,98.0,4.065028797151501,T1_normal,-100.09043266666669,32.36779933333333,115.0,-100.2242635,32.5474795,115.0,4.1,38.5,1003,59.1,T1_normal,line,115.0,14.663090920688209,False,False
701,3008,3036,149.0,15.16150389619439,T1_normal,-99.567791,31.736902,115.0,-99.1872,31.5481,115.0,15.2,32.2,798,74.0,T1_normal,line,115.0,25.910690228527336,False,False
702,3140,3008,250.0,2.4752958567697902,T1_normal,-99.69465,32.052075,115.0,-99.567791,31.736902,115.0,2.5,14.2,1036,39.7,T1_normal,line,115.0,23.013060567019043,False,False
703,3143,3008,98.0,43.33918486061751,T1_normal,-99.380601,31.515316,115.0,-99.567791,31.736902,115.0,43.3,57.1,1037,88.6,T1_normal,line,115.0,18.85970994357653,False,False
704,3009,3024,98.0,4.802350279263088,T1_normal,-100.56062,30.441414,115.0,-100.595464,30.883539,115.0,4.8,64.6,163,70.3,T1_normal,line,115.0,30.618340463051855,False,False
705,3146,3009,149.0,58.26482774907717,T1_normal,-100.06915,30.45867,115.0,-100.56062,30.441414,115.0,58.3,82.1,1024,87.4,T2_watch,line,115.0,29.29818591884858,False,False
706,3010,3076,138.0,58.74524837736867,T1_normal,-100.078588,29.6747,115.0,-100.40075675,29.326592,115.0,58.7,96.9,1000,87.8,T3_prevent,line,115.0,30.884565652267888,False,False
707,3093,3010,133.0,57.44243816599158,T1_normal,-100.286076,29.988092,115.0,-100.078588,29.6747,115.0,57.4,97.1,1000,87.6,T3_prevent,line,115.0,24.970834761504435,False,False
708,3011,3012,135.0,45.82960842540805,T1_normal,-98.918266,30.653746,115.0,-98.708714,30.437069,115.0,45.8,65.8,1006,97.4,T1_normal,line,115.0,19.48390897967619,False,False
709,3011,3124,121.0,47.55689868676862,T1_normal,-98.918266,30.653746,115.0,-98.876683,30.280938,115.0,47.6,66.0,710,93.1,T1_normal,line,115.0,25.87759558884354,False,False
710,3011,3124,139.4,44.85254425041825,T1_normal,-98.918266,30.653746,115.0,-98.876683,30.280938,115.0,44.9,62.2,711,87.8,T1_normal,line,115.0,25.87759558884354,False,False
711,3011,3124,139.4,44.85254425041825,T1_normal,-98.918266,30.653746,115.0,-98.876683,30.280938,115.0,44.9,62.2,710,87.8,T1_normal,line,115.0,25.87759558884354,False,False
712,3011,13325,222.0,31.059990107596516,T1_normal,-98.918266,30.653746,115.0,-99.4009155,30.7904335,115.0,31.1,40.3,713,55.1,T1_normal,line,115.0,30.183540052523114,False,False
713,3011,13325,222.0,31.059990107596516,T1_normal,-98.918266,30.653746,115.0,-99.4009155,30.7904335,115.0,31.1,40.3,712,55.1,T1_normal,line,115.0,30.183540052523114,False,False
714,3011,13325,222.0,31.059990107596516,T1_normal,-98.918266,30.653746,115.0,-99.4009155,30.7904335,115.0,31.1,40.3,712,55.1,T1_normal,line,115.0,30.183540052523114,False,False
715,3011,13325,222.0,31.059990107596516,T1_normal,-98.918266,30.653746,115.0,-99.4009155,30.7904335,115.0,31.1,40.3,712,55.1,T1_normal,line,115.0,30.183540052523114,False,False
716,3012,6226,134.0,45.4477398315678,T1_normal,-98.708714,30.437069,115.0,-98.566548,30.182914,115.0,45.4,65.6,1006,97.4,T1_normal,line,115.0,19.50095555214322,False,False
717,3013,3031,141.2,101.99357002393354,T4_light,-99.70613471428572,32.45867642857143,115.0,-99.826041,32.274081,115.0,102.0,136.2,718,25.2,T6_heavy,line,115.0,14.547985395505007,True,True
718,3013,3077,98.0,63.64379548597972,T1_normal,-99.70613471428572,32.45867642857143,115.0,-99.70613471428572,32.45867642857143,115.0,63.6,169.6,717,29.6,T7_structural,line,115.0,0.0,True,True
719,3014,3104,146.3,3.634194773206571,T1_normal,-98.385422,30.731599,115.0,-98.442333,30.843734,115.0,3.6,20.6,3271,44.1,T1_normal,line,115.0,8.452255845337913,False,False
720,3014,3124,149.0,4.147378201366053,T1_normal,-98.385422,30.731599,115.0,-98.876683,30.280938,115.0,4.1,32.2,1006,55.1,T1_normal,line,115.0,42.717817037015934,False,False
721,6212,3014,149.0,4.924317740379725,T1_normal,-98.26824166666664,30.564168,115.0,-98.385422,30.731599,115.0,4.9,34.7,3128,50.1,T1_normal,line,115.0,13.503647348814338,False,False
722,3015,3121,98.0,10.497004597803963,T1_normal,-100.56760671428572,32.36118885714286,115.0,-100.56760671428572,32.36118885714286,115.0,10.5,34.6,726,20.1,T1_normal,line,115.0,0.0,False,False
723,3015,3121,107.0,10.625185322647626,T1_normal,-100.56760671428572,32.36118885714286,115.0,-100.56760671428572,32.36118885714286,115.0,10.6,35.1,726,20.3,T1_normal,line,115.0,0.0,False,False
724,3015,3127,98.0,189.65422161834675,T7_structural,-100.56760671428572,32.36118885714286,115.0,-100.2940896,32.3397188,115.0,189.7,234.4,1014,61.4,T7_structural,line,115.0,16.03397924578288,True,True
725,3015,3128,98.0,79.96217091906712,T1_normal,-100.56760671428572,32.36118885714286,115.0,-100.727898,32.421184499999995,115.0,80.0,119.6,805,66.0,T5_moderate,line,115.0,10.229550602090388,True,True
726,3015,3129,118.8,76.76952599681208,T1_normal,-100.56760671428572,32.36118885714286,115.0,-100.56760671428572,32.36118885714286,115.0,76.8,108.1,725,45.8,T4_light,line,115.0,0.0,True,True
727,3017,3016,641.9,65.25938619722697,T1_normal,-100.2944545,32.227039,18.0,-100.2944545,32.227039,115.0,65.3,65.3,4,61.2,T1_normal,transformer,115.0,0.0,False,False
728,3016,3054,205.1,39.90649936545664,T1_normal,-100.2944545,32.227039,115.0,-100.1097475,32.1590745,115.0,39.9,48.3,733,72.1,T1_normal,line,115.0,11.77682275682441,False,False
729,3016,3054,205.1,39.90649936545664,T1_normal,-100.2944545,32.227039,115.0,-100.1097475,32.1590745,115.0,39.9,48.3,733,72.1,T1_normal,line,115.0,11.77682275682441,False,False
730,3016,3054,205.1,39.90649936545664,T1_normal,-100.2944545,32.227039,115.0,-100.1097475,32.1590745,115.0,39.9,48.3,733,72.1,T1_normal,line,115.0,11.77682275682441,False,False
731,3016,3054,205.1,39.90649936545664,T1_normal,-100.2944545,32.227039,115.0,-100.1097475,32.1590745,115.0,39.9,48.3,733,72.1,T1_normal,line,115.0,11.77682275682441,False,False
732,3016,3083,221.0,37.46486571221963,T1_normal,-100.2944545,32.227039,115.0,-100.09043266666669,32.36779933333333,115.0,37.5,50.0,733,18.0,T1_normal,line,115.0,15.380967801464006,False,False
733,3016,3103,149.0,77.13008473255823,T1_normal,-100.2944545,32.227039,115.0,-100.2940896,32.3397188,115.0,77.1,97.8,690,26.5,T3_prevent,line,115.0,7.785537919168911,False,False
734,3016,3131,98.0,56.72306792635044,T1_normal,-100.2944545,32.227039,115.0,-100.021667,32.303889,115.0,56.7,70.2,733,56.3,T1_normal,line,115.0,16.798829447038294,False,False
735,3139,3016,221.0,3.4829380825583103,T1_normal,-100.165338,31.858516,115.0,-100.2944545,32.227039,115.0,3.5,14.4,1024,12.7,T1_normal,line,115.0,26.561940465771297,False,False
736,3016,13157,199.7,84.87731597396096,T2_watch,-100.2944545,32.227039,115.0,-100.2944545,32.227039,115.0,84.9,84.9,3629,79.4,T2_watch,line,115.0,0.0,False,False
737,3019,3018,142.2,2.2562506685387427,T1_normal,-100.650967,31.066996,115.0,-100.650967,31.066996,230.0,2.3,32.3,780,27.0,T1_normal,transformer,230.0,0.0,False,False
738,3019,3018,142.2,2.2562506685387427,T1_normal,-100.650967,31.066996,115.0,-100.650967,31.066996,230.0,2.3,32.3,780,27.0,T1_normal,transformer,230.0,0.0,False,False
739,3020,3018,289.2,68.9834024896266,T1_normal,-100.650967,31.066996,13.8,-100.650967,31.066996,230.0,69.0,69.0,3629,64.6,T1_normal,transformer,230.0,0.0,False,False
740,3018,3050,548.0,3.1915082782827433,T1_normal,-100.650967,31.066996,230.0,-100.967827,29.7051495,230.0,3.2,17.0,118,39.4,T1_normal,line,230.0,95.97193950726955,False,False
741,3018,3058,548.0,18.05629315432374,T1_normal,-100.650967,31.066996,230.0,-100.98431625,31.875952,230.0,18.1,25.3,4776,22.5,T1_normal,line,230.0,59.24556283068892,False,False
742,3018,12646,800.0,43.61132241297108,T1_normal,-100.650967,31.066996,230.0,-99.9360515,31.18751,230.0,43.6,70.0,743,71.8,T1_normal,line,230.0,43.09639101408718,False,False
743,3018,12646,800.0,43.61132241297108,T1_normal,-100.650967,31.066996,230.0,-99.9360515,31.18751,230.0,43.6,70.0,742,71.8,T1_normal,line,230.0,43.09639101408718,False,False
744,12791,3018,554.3,54.87121897500421,T1_normal,-101.214787,31.1946825,230.0,-100.650967,31.066996,230.0,54.9,83.3,745,92.1,T2_watch,line,230.0,34.49371775662849,False,False
745,12791,3018,554.3,54.87121897500421,T1_normal,-101.214787,31.1946825,230.0,-100.650967,31.066996,230.0,54.9,83.3,744,92.1,T2_watch,line,230.0,34.49371775662849,False,False
746,3024,3019,98.0,15.139084973140656,T1_normal,-100.595464,30.883539,115.0,-100.650967,31.066996,115.0,15.1,74.9,163,80.6,T1_normal,line,115.0,13.095300600794005,False,False
747,3114,3019,221.0,17.92036399940562,T1_normal,-100.559245,31.4624622,115.0,-100.650967,31.066996,115.0,17.9,37.9,991,32.0,T1_normal,line,115.0,27.856176508997457,False,False
748,3114,3019,221.0,17.92036399940562,T1_normal,-100.559245,31.4624622,115.0,-100.650967,31.066996,115.0,17.9,37.9,991,32.0,T1_normal,line,115.0,27.856176508997457,False,False
749,3019,13198,165.0,29.61512642827902,T1_normal,-100.650967,31.066996,115.0,-100.650967,31.066996,115.0,29.6,90.9,991,84.9,T3_prevent,line,115.0,0.0,False,False
750,3049,3021,221.0,47.60321084161631,T1_normal,-99.8991875,32.803981,115.0,-99.720186,32.783669,115.0,47.6,91.2,1742,32.8,T3_prevent,line,115.0,10.491099272734507,False,False
751,5397,3021,220.0,15.02264454969066,T1_normal,-99.33232,32.77921550000001,115.0,-99.720186,32.783669,115.0,15.0,35.3,2505,72.5,T1_normal,line,115.0,22.53334396768939,False,False
752,3021,12996,137.5,78.02790428619761,T1_normal,-99.720186,32.783669,115.0,-100.0652435,32.819086,115.0,78.0,156.1,1742,38.6,T7_structural,line,115.0,20.188850847848403,True,True
753,13021,3021,286.0,71.32867132867133,T1_normal,-99.720186,32.783669,20.0,-99.720186,32.783669,115.0,71.3,71.3,175,66.7,T1_normal,transformer,115.0,0.0,False,False
754,3033,3022,342.0,78.49327866148664,T1_normal,-100.94008825,32.806441125,115.0,-100.890668,32.313261999999995,115.0,78.5,123.8,795,85.0,T5_moderate,line,115.0,34.197080853310936,True,True
755,3022,3059,177.3,13.145145255908536,T1_normal,-100.890668,32.313261999999995,115.0,-100.98431625,31.875952,115.0,13.1,36.2,1950,60.0,T1_normal,line,115.0,30.70874546061231,False,False
756,3085,3022,149.0,1.5252182809697632,T1_normal,-100.727898,32.421184499999995,115.0,-100.890668,32.313261999999995,115.0,1.5,26.6,754,37.5,T1_normal,line,115.0,12.076317607472747,False,False
757,3022,12721,600.0,14.567632807725062,T1_normal,-100.890668,32.313261999999995,115.0,-100.890668,32.313261999999995,230.0,14.6,34.1,341,25.0,T1_normal,transformer,230.0,0.0,False,False
758,3023,3049,362.0,9.346607329097903,T1_normal,-99.850964,32.940911,115.0,-99.8991875,32.803981,115.0,9.3,22.4,759,83.8,T1_normal,line,115.0,9.866248426203692,False,False
759,3023,3049,450.0,15.73172442486632,T1_normal,-99.850964,32.940911,115.0,-99.8991875,32.803981,115.0,15.7,21.8,758,81.6,T1_normal,line,115.0,9.866248426203692,False,False
760,3023,3067,98.0,29.642706406931545,T1_normal,-99.850964,32.940911,115.0,-100.2242635,32.5474795,115.0,29.6,54.9,761,90.9,T1_normal,line,115.0,34.779166570331206,False,False
761,3023,3115,135.0,137.76861197365912,T6_heavy,-99.850964,32.940911,115.0,-100.524167,32.969722,115.0,137.8,165.4,584,81.2,T7_structural,line,115.0,39.08062826905908,True,True
762,3023,13315,220.0,15.15151515151515,T1_normal,-99.850964,32.940911,115.0,-99.5687984,33.0957078,115.0,15.2,22.7,763,84.9,T1_normal,line,115.0,19.53531723319124,False,False
763,3023,13315,220.0,15.15151515151515,T1_normal,-99.850964,32.940911,115.0,-99.5687984,33.0957078,115.0,15.2,22.7,762,84.9,T1_normal,line,115.0,19.53531723319124,False,False
764,3023,13315,220.0,15.15151515151515,T1_normal,-99.850964,32.940911,115.0,-99.5687984,33.0957078,115.0,15.2,22.7,762,84.9,T1_normal,line,115.0,19.53531723319124,False,False
765,3035,3025,220.0,33.156684165506356,T1_normal,-99.079893,30.93982,115.0,-98.763991,31.157093,115.0,33.2,40.1,766,73.5,T1_normal,line,115.0,23.980234808555625,False,False
766,3025,3036,188.0,66.24271422362773,T1_normal,-98.763991,31.157093,115.0,-99.1872,31.5481,115.0,66.2,82.5,2240,89.7,T2_watch,line,115.0,36.78923922981312,False,False
767,3025,3101,149.0,26.774134607074497,T1_normal,-98.763991,31.157093,115.0,-98.442333,30.843734,115.0,26.8,46.3,3271,102.4,T1_normal,line,115.0,28.838931660149957,False,False
768,3025,5241,205.0,22.86789387642165,T1_normal,-98.763991,31.157093,115.0,-98.44031233333334,31.441731,115.0,22.9,34.3,2240,35.0,T1_normal,line,115.0,27.421771883186956,False,False
769,3025,5241,205.0,22.86789387642165,T1_normal,-98.763991,31.157093,115.0,-98.44031233333334,31.441731,115.0,22.9,34.3,2240,35.0,T1_normal,line,115.0,27.421771883186956,False,False
770,3025,5241,205.0,22.86789387642165,T1_normal,-98.763991,31.157093,115.0,-98.44031233333334,31.441731,115.0,22.9,34.3,2240,35.0,T1_normal,line,115.0,27.421771883186956,False,False
771,3027,3026,400.0,28.610499088263396,T1_normal,-99.70613471428572,32.45867642857143,115.0,-99.70613471428572,32.45867642857143,230.0,28.6,48.8,773,57.8,T1_normal,transformer,230.0,0.0,False,False
772,3028,3026,268.5,69.03235039510012,T1_normal,-99.70613471428572,32.45867642857143,18.0,-99.70613471428572,32.45867642857143,230.0,69.0,69.1,3629,0.0,T1_normal,transformer,230.0,0.0,False,False
773,3026,5395,443.0,69.89529656974582,T1_normal,-99.70613471428572,32.45867642857143,230.0,-99.33232,32.77921550000001,230.0,69.9,86.2,946,52.2,T2_watch,line,230.0,31.04455148889672,False,False
774,3027,3032,140.0,62.926753017862104,T1_normal,-99.70613471428572,32.45867642857143,115.0,-99.70613471428572,32.45867642857143,115.0,62.9,113.2,773,34.2,T5_moderate,line,115.0,0.0,True,True
775,3027,3049,146.9,29.58495800930334,T1_normal,-99.70613471428572,32.45867642857143,115.0,-99.8991875,32.803981,115.0,29.6,67.4,773,74.7,T1_normal,line,115.0,26.370746271745286,False,False
776,3027,3102,221.0,9.045219732100842,T1_normal,-99.70613471428572,32.45867642857143,115.0,-99.70613471428572,32.45867642857143,115.0,9.0,20.8,773,19.5,T1_normal,line,115.0,0.0,False,False
777,3027,3102,147.8,24.179163839581925,T1_normal,-99.70613471428572,32.45867642857143,115.0,-99.70613471428572,32.45867642857143,115.0,24.2,55.5,773,52.2,T1_normal,line,115.0,0.0,False,False
778,3147,3029,250.0,16.288553434165127,T1_normal,-98.25934,31.102377,115.0,-98.376742,31.257224,115.0,16.3,26.1,974,47.2,T1_normal,line,115.0,12.752748066199246,False,False
779,3029,5241,149.0,30.598244017055567,T1_normal,-98.376742,31.257224,115.0,-98.44031233333334,31.441731,115.0,30.6,47.1,974,82.5,T1_normal,line,115.0,13.28875391820866,False,False
780,3030,3072,190.0,54.164763300374815,T1_normal,-100.559245,31.4624622,115.0,-100.113803,31.534768,115.0,54.2,87.1,1024,54.5,T2_watch,line,115.0,26.71373962062714,False,False
781,3114,3030,149.0,21.9013760206119,T1_normal,-100.559245,31.4624622,115.0,-100.559245,31.4624622,115.0,21.9,63.9,1024,38.4,T1_normal,line,115.0,0.0,False,False
782,3030,13073,450.0,44.44444444444454,T1_normal,-100.559245,31.4624622,115.0,-100.559245,31.4624622,115.0,44.4,44.4,780,41.5,T1_normal,line,115.0,0.0,False,False
783,3031,3032,114.1,26.58670983041897,T1_normal,-99.826041,32.274081,115.0,-99.70613471428572,32.45867642857143,115.0,26.6,46.4,789,27.9,T1_normal,line,115.0,14.547985395505007,False,False
784,3054,3031,98.0,60.48597051833639,T1_normal,-100.1097475,32.1590745,115.0,-99.826041,32.274081,115.0,60.5,69.7,787,53.0,T1_normal,line,115.0,18.389839378116193,False,False
785,3031,3070,150.0,39.116149570098955,T1_normal,-99.826041,32.274081,115.0,-100.1,32.2878,115.0,39.1,44.6,784,13.4,T1_normal,line,115.0,16.03132585941546,False,False
786,3031,3077,137.0,36.35772972257387,T1_normal,-99.826041,32.274081,115.0,-99.70613471428572,32.45867642857143,115.0,36.4,80.3,717,12.9,T2_watch,line,115.0,14.547985395505007,False,False
787,3031,3140,149.0,40.44905987523098,T1_normal,-99.826041,32.274081,115.0,-99.69465,32.052075,115.0,40.4,54.0,898,26.4,T1_normal,line,115.0,17.156793029131805,False,False
788,3032,3070,122.1,89.44390519232834,T2_watch,-99.70613471428572,32.45867642857143,115.0,-100.1,32.2878,115.0,89.4,108.4,791,23.9,T4_light,line,115.0,25.839202388551904,True,True
789,3032,3077,120.5,78.64588733881334,T1_normal,-99.70613471428572,32.45867642857143,115.0,-99.70613471428572,32.45867642857143,115.0,78.6,98.8,928,23.7,T3_prevent,line,115.0,0.0,False,False
790,3032,3094,250.0,37.49097077559826,T1_normal,-99.70613471428572,32.45867642857143,115.0,-100.09043266666669,32.36779933333333,115.0,37.5,52.1,791,21.1,T1_normal,line,115.0,23.27872782484938,False,False
791,3032,3094,113.2,133.13852712063655,T6_heavy,-99.70613471428572,32.45867642857143,115.0,-100.09043266666669,32.36779933333333,115.0,133.1,161.3,790,73.6,T7_structural,line,115.0,23.27872782484938,True,True
792,3032,3099,149.0,0.0905694307955834,T1_normal,-99.70613471428572,32.45867642857143,115.0,-99.90623,32.415823,115.0,0.1,17.5,939,22.4,T1_normal,line,115.0,12.038168083428529,False,False
793,3032,3131,143.5,85.39930465811337,T2_watch,-99.70613471428572,32.45867642857143,115.0,-100.021667,32.303889,115.0,85.4,105.3,791,12.0,T4_light,line,115.0,21.29221298972686,True,True
794,3034,3033,469.7,90.11564276179986,T3_prevent,-100.94008825,32.806441125,22.0,-100.94008825,32.806441125,115.0,90.1,90.1,1028,61.9,T3_prevent,transformer,115.0,0.0,False,False
795,3033,3136,342.0,45.27080731868091,T1_normal,-100.94008825,32.806441125,115.0,-100.94008825,32.806441125,115.0,45.3,123.8,754,85.0,T5_moderate,line,115.0,0.0,True,True
796,3035,3066,220.0,35.96122962005181,T1_normal,-99.079893,30.93982,115.0,-99.529678,31.25981966666667,115.0,36.0,42.9,766,76.3,T1_normal,line,115.0,34.59739035294096,False,False
797,3036,3066,220.0,12.32260628576369,T1_normal,-99.1872,31.5481,115.0,-99.529678,31.25981966666667,115.0,12.3,23.4,798,80.0,T1_normal,line,115.0,28.36649254060008,False,False
798,3036,12656,600.0,13.439321351068491,T1_normal,-99.1872,31.5481,115.0,-99.1872,31.5481,230.0,13.4,26.8,1024,36.1,T1_normal,transformer,230.0,0.0,False,False
799,3038,3037,114.0,120.48292367308495,T5_moderate,-100.56760671428572,32.36118885714286,115.0,-100.56760671428572,32.36118885714286,230.0,120.5,199.8,802,96.4,T7_structural,transformer,230.0,0.0,True,True
800,3039,3037,306.2,68.25604180274331,T1_normal,-100.56760671428572,32.36118885714286,13.8,-100.56760671428572,32.36118885714286,230.0,68.3,68.3,4,63.8,T1_normal,transformer,230.0,0.0,False,False
801,3078,3037,548.0,42.76136219766022,T1_normal,-100.6728,32.5886,230.0,-100.56760671428572,32.36118885714286,230.0,42.8,67.3,824,46.3,T1_normal,line,230.0,16.866784060792412,False,False
802,3037,3088,548.0,55.83608245544915,T1_normal,-100.56760671428572,32.36118885714286,230.0,-99.70613471428572,32.45867642857143,230.0,55.8,65.4,824,61.8,T1_normal,line,230.0,50.70037418612196,False,False
803,3038,3080,98.0,26.101745917685943,T1_normal,-100.56760671428572,32.36118885714286,115.0,-100.6728,32.5886,115.0,26.1,57.6,801,33.9,T1_normal,line,115.0,16.866784060792412,False,False
804,3038,3085,250.0,6.042022975913213,T1_normal,-100.56760671428572,32.36118885714286,115.0,-100.727898,32.421184499999995,115.0,6.0,26.7,801,23.3,T1_normal,line,115.0,10.229550602090388,False,False
805,3038,3121,155.0,114.86148479124662,T5_moderate,-100.56760671428572,32.36118885714286,115.0,-100.56760671428572,32.36118885714286,115.0,114.9,147.6,802,80.8,T6_heavy,line,115.0,0.0,True,True
806,3072,3040,193.0,95.59962382150734,T3_prevent,-100.113803,31.534768,115.0,-99.934162,31.738576,115.0,95.6,107.8,911,76.3,T4_light,line,115.0,17.60608563145771,True,True
807,3139,3040,250.0,8.105082735018438,T1_normal,-100.165338,31.858516,115.0,-99.934162,31.738576,115.0,8.1,11.2,735,15.2,T1_normal,line,115.0,15.905021988604998,False,False
808,3040,3140,203.2,30.45992738830109,T1_normal,-99.934162,31.738576,115.0,-99.69465,32.052075,115.0,30.5,37.8,809,33.9,T1_normal,line,115.0,25.81866988882909,False,False
809,3040,3140,203.2,30.45992738830109,T1_normal,-99.934162,31.738576,115.0,-99.69465,32.052075,115.0,30.5,37.8,808,33.9,T1_normal,line,115.0,25.81866988882909,False,False
810,3040,3140,203.2,30.45992738830109,T1_normal,-99.934162,31.738576,115.0,-99.69465,32.052075,115.0,30.5,37.8,808,33.9,T1_normal,line,115.0,25.81866988882909,False,False
811,3040,3140,203.2,30.45992738830109,T1_normal,-99.934162,31.738576,115.0,-99.69465,32.052075,115.0,30.5,37.8,808,33.9,T1_normal,line,115.0,25.81866988882909,False,False
812,3040,13291,204.8,15.94136111232882,T1_normal,-99.934162,31.738576,115.0,-99.849793,31.4410845,115.0,15.9,27.2,806,36.6,T1_normal,line,115.0,21.14618651019775,False,False
813,3040,13291,204.8,15.94136111232882,T1_normal,-99.934162,31.738576,115.0,-99.849793,31.4410845,115.0,15.9,27.2,806,36.6,T1_normal,line,115.0,21.14618651019775,False,False
814,3040,13291,204.8,15.94136111232882,T1_normal,-99.934162,31.738576,115.0,-99.849793,31.4410845,115.0,15.9,27.2,806,36.6,T1_normal,line,115.0,21.14618651019775,False,False
815,3042,3041,240.0,25.871374310350173,T1_normal,-100.6917,32.05,115.0,-100.6917,32.05,230.0,25.9,46.9,818,68.2,T1_normal,transformer,230.0,0.0,False,False
816,3041,3046,820.0,57.366335743141654,T1_normal,-100.6917,32.05,230.0,-100.56760671428572,32.36118885714286,230.0,57.4,71.5,850,73.9,T1_normal,line,230.0,22.692286297497997,False,False
817,3041,3058,750.0,31.470834543003477,T1_normal,-100.6917,32.05,230.0,-100.98431625,31.875952,230.0,31.5,65.4,850,51.9,T1_normal,line,230.0,20.948392788182428,False,False
818,3042,3064,221.0,48.68507258598993,T1_normal,-100.6917,32.05,115.0,-100.56760671428572,32.36118885714286,115.0,48.7,59.4,724,24.3,T1_normal,line,115.0,22.692286297497997,False,False
819,3042,3111,221.0,66.7069483428123,T1_normal,-100.6917,32.05,115.0,-100.98431625,31.875952,115.0,66.7,99.3,1950,57.8,T3_prevent,line,115.0,20.948392788182428,False,False
820,3042,3129,111.3,26.77636303091531,T1_normal,-100.6917,32.05,115.0,-100.56760671428572,32.36118885714286,115.0,26.8,45.7,818,45.0,T1_normal,line,115.0,22.692286297497997,False,False
821,3047,3046,355.0,22.383698872640583,T1_normal,-100.56760671428572,32.36118885714286,115.0,-100.56760671428572,32.36118885714286,230.0,22.4,34.7,824,92.3,T1_normal,transformer,230.0,0.0,False,False
822,3048,3046,3500.0,33.94070137321104,T1_normal,-100.56760671428572,32.36118885714286,500.0,-100.56760671428572,32.36118885714286,230.0,33.9,50.3,823,58.1,T1_normal,transformer,500.0,0.0,False,False
823,3048,3046,3500.0,33.94070137321104,T1_normal,-100.56760671428572,32.36118885714286,500.0,-100.56760671428572,32.36118885714286,230.0,33.9,50.3,822,58.1,T1_normal,transformer,500.0,0.0,False,False
824,3046,3078,820.0,68.55924947737049,T1_normal,-100.56760671428572,32.36118885714286,230.0,-100.6728,32.5886,230.0,68.6,77.2,801,84.5,T1_normal,line,230.0,16.866784060792412,False,False
825,3082,3046,750.0,6.954154844082296,T1_normal,-100.09043266666669,32.36779933333333,230.0,-100.56760671428572,32.36118885714286,230.0,7.0,23.2,822,33.9,T1_normal,line,230.0,27.852079129085983,False,False
826,3047,3064,221.0,14.089343324300568,T1_normal,-100.56760671428572,32.36118885714286,115.0,-100.56760671428572,32.36118885714286,115.0,14.1,36.1,724,83.2,T1_normal,line,115.0,0.0,False,False
827,3129,3047,221.0,50.04505870795399,T1_normal,-100.56760671428572,32.36118885714286,115.0,-100.56760671428572,32.36118885714286,115.0,50.0,69.7,724,88.5,T1_normal,line,115.0,0.0,False,False
828,3048,5045,2855.0,59.478253337250486,T1_normal,-100.56760671428572,32.36118885714286,500.0,-98.187624,32.1858615,500.0,59.5,83.2,829,83.5,T2_watch,line,500.0,139.56155037730812,False,False
829,3048,5045,2855.0,59.478253337250486,T1_normal,-100.56760671428572,32.36118885714286,500.0,-98.187624,32.1858615,500.0,59.5,83.2,828,83.5,T2_watch,line,500.0,139.56155037730812,False,False
830,3048,5120,2295.0,15.825771570338446,T1_normal,-100.56760671428572,32.36118885714286,500.0,-99.032891,31.748303,500.0,15.8,31.0,828,56.5,T1_normal,line,500.0,99.34849460303433,False,False
831,3048,5394,2020.0,15.426492374090795,T1_normal,-100.56760671428572,32.36118885714286,500.0,-99.33232,32.77921550000001,500.0,15.4,26.7,1605,34.7,T1_normal,line,500.0,77.5098470400223,False,False
832,12941,3048,367.3,65.61393955894366,T1_normal,-100.56760671428572,32.36118885714286,20.0,-100.56760671428572,32.36118885714286,500.0,65.6,65.6,828,61.3,T1_normal,transformer,500.0,0.0,False,False
833,3049,3091,219.5,31.221891069456063,T1_normal,-99.8991875,32.803981,115.0,-99.70613471428572,32.45867642857143,115.0,31.2,46.7,946,81.7,T1_normal,line,115.0,26.370746271745286,False,False
834,3049,3091,219.5,31.221891069456063,T1_normal,-99.8991875,32.803981,115.0,-99.70613471428572,32.45867642857143,115.0,31.2,46.7,946,81.7,T1_normal,line,115.0,26.370746271745286,False,False
835,3049,3091,219.5,31.221891069456063,T1_normal,-99.8991875,32.803981,115.0,-99.70613471428572,32.45867642857143,115.0,31.2,46.7,946,81.7,T1_normal,line,115.0,26.370746271745286,False,False
836,3049,12996,130.0,33.44205904017542,T1_normal,-99.8991875,32.803981,115.0,-100.0652435,32.819086,115.0,33.4,69.6,838,93.1,T1_normal,line,115.0,9.699293189785513,False,False
837,13020,3049,238.8,0.0,T1_normal,-99.8991875,32.803981,20.0,-99.8991875,32.803981,115.0,0.0,0.0,-1,0.0,T1_normal,transformer,115.0,0.0,False,False
838,3049,13079,226.0,39.03600755220492,T1_normal,-99.8991875,32.803981,115.0,-99.8991875,32.803981,115.0,39.0,67.5,972,86.3,T1_normal,line,115.0,0.0,False,False
839,3051,3050,122.0,20.14216610684686,T1_normal,-100.967827,29.7051495,115.0,-100.967827,29.7051495,230.0,20.1,83.5,842,109.6,T2_watch,transformer,230.0,0.0,False,False
840,3051,3050,122.0,20.14216610684686,T1_normal,-100.967827,29.7051495,115.0,-100.967827,29.7051495,230.0,20.1,83.5,842,109.6,T2_watch,transformer,230.0,0.0,False,False
841,4014,3050,548.0,25.63500806672556,T1_normal,-100.340209,28.587968,230.0,-100.967827,29.7051495,230.0,25.6,32.4,1000,48.8,T1_normal,line,230.0,85.9809443165118,False,False
842,3051,13385,199.9,86.44319526868307,T2_watch,-100.967827,29.7051495,115.0,-100.967827,29.7051495,115.0,86.4,141.7,1000,75.6,T6_heavy,line,115.0,0.0,True,True
843,3052,3093,127.0,56.179876189581734,T1_normal,-99.628211,30.095115,115.0,-100.286076,29.988092,115.0,56.2,97.7,1000,87.8,T3_prevent,line,115.0,40.03705241214588,False,False
844,3052,3107,251.0,67.27455060314996,T1_normal,-99.628211,30.095115,115.0,-99.345011,30.159136,115.0,67.3,91.4,1000,86.5,T3_prevent,line,115.0,17.492684332833598,False,False
845,3054,3053,103.0,198.01787524453871,T7_structural,-100.1097475,32.1590745,115.0,-100.1097475,32.1590745,230.0,198.0,263.3,846,113.1,T7_structural,transformer,230.0,0.0,True,False
846,3054,3053,103.0,198.01787524453871,T7_structural,-100.1097475,32.1590745,115.0,-100.1097475,32.1590745,230.0,198.0,263.3,845,113.1,T7_structural,transformer,230.0,0.0,True,False
847,3055,3053,448.3,71.74323382084272,T1_normal,-100.1097475,32.1590745,13.8,-100.1097475,32.1590745,230.0,71.7,71.8,3629,0.0,T1_normal,transformer,230.0,0.0,False,False
848,3056,3053,277.1,117.19291777974352,T5_moderate,-100.1097475,32.1590745,13.8,-100.1097475,32.1590745,230.0,117.2,117.2,186,75.4,T5_moderate,transformer,230.0,0.0,True,True
849,3057,3053,275.6,0.0,T1_normal,-100.1097475,32.1590745,13.8,-100.1097475,32.1590745,230.0,0.0,0.0,-1,0.0,T1_normal,transformer,230.0,0.0,False,False
850,3058,3053,1000.0,65.04590027091288,T1_normal,-100.98431625,31.875952,230.0,-100.1097475,32.1590745,230.0,65.0,76.6,1950,78.5,T1_normal,line,230.0,54.842894264083974,False,False
851,3082,3053,548.0,32.48828959322198,T1_normal,-100.09043266666669,32.36779933333333,230.0,-100.1097475,32.1590745,230.0,32.5,55.1,850,56.9,T1_normal,line,230.0,14.465737962114956,False,False
852,3053,3088,750.0,30.797260060628183,T1_normal,-100.1097475,32.1590745,230.0,-99.70613471428572,32.45867642857143,230.0,30.8,41.6,853,8.7,T1_normal,line,230.0,31.369548934239894,False,False
853,3053,3088,750.0,30.797260060628183,T1_normal,-100.1097475,32.1590745,230.0,-99.70613471428572,32.45867642857143,230.0,30.8,41.6,852,8.7,T1_normal,line,230.0,31.369548934239894,False,False
854,12656,3053,1200.0,25.20773325638832,T1_normal,-99.1872,31.5481,230.0,-100.1097475,32.1590745,230.0,25.2,34.6,855,60.7,T1_normal,line,230.0,68.65465258200231,False,False
855,12656,3053,1200.0,25.20773325638832,T1_normal,-99.1872,31.5481,230.0,-100.1097475,32.1590745,230.0,25.2,34.6,854,60.7,T1_normal,line,230.0,68.65465258200231,False,False
856,3054,3069,214.9,4.756450992695596,T1_normal,-100.1097475,32.1590745,115.0,-99.753027,32.120249,115.0,4.8,15.6,1024,31.3,T1_normal,line,115.0,21.04187193819084,False,False
857,3054,3069,214.9,4.756450992695596,T1_normal,-100.1097475,32.1590745,115.0,-99.753027,32.120249,115.0,4.8,15.6,1024,31.3,T1_normal,line,115.0,21.04187193819084,False,False
858,3054,3070,223.4,8.094953825766842,T1_normal,-100.1097475,32.1590745,115.0,-100.1,32.2878,115.0,8.1,16.4,1742,77.5,T1_normal,line,115.0,8.912402527207039,False,False
859,3054,3070,223.4,8.094953825766842,T1_normal,-100.1097475,32.1590745,115.0,-100.1,32.2878,115.0,8.1,16.4,1742,77.5,T1_normal,line,115.0,8.912402527207039,False,False
860,3054,3070,223.4,8.094953825766842,T1_normal,-100.1097475,32.1590745,115.0,-100.1,32.2878,115.0,8.1,16.4,1742,77.5,T1_normal,line,115.0,8.912402527207039,False,False
861,3054,3070,223.4,8.094953825766842,T1_normal,-100.1097475,32.1590745,115.0,-100.1,32.2878,115.0,8.1,16.4,1742,77.5,T1_normal,line,115.0,8.912402527207039,False,False
862,3054,3125,122.3,134.60376227766662,T6_heavy,-100.1097475,32.1590745,115.0,-99.70613471428572,32.45867642857143,115.0,134.6,173.1,946,49.6,T7_structural,line,115.0,31.369548934239894,True,True
863,3054,3131,226.2,0.8181496921522912,T1_normal,-100.1097475,32.1590745,115.0,-100.021667,32.303889,115.0,0.8,9.4,1742,71.0,T1_normal,line,115.0,11.252493078107726,False,False
864,3054,3131,226.2,0.8181496921522912,T1_normal,-100.1097475,32.1590745,115.0,-100.021667,32.303889,115.0,0.8,9.4,1742,71.0,T1_normal,line,115.0,11.252493078107726,False,False
865,3054,3131,226.2,0.8181496921522912,T1_normal,-100.1097475,32.1590745,115.0,-100.021667,32.303889,115.0,0.8,9.4,1742,71.0,T1_normal,line,115.0,11.252493078107726,False,False
866,3054,3131,226.2,0.8181496921522912,T1_normal,-100.1097475,32.1590745,115.0,-100.021667,32.303889,115.0,0.8,9.4,1742,71.0,T1_normal,line,115.0,11.252493078107726,False,False
867,3054,12554,2500.0,11.414179817188824,T1_normal,-100.1097475,32.1590745,115.0,-100.1097475,32.1590745,500.0,11.4,20.2,868,64.0,T1_normal,transformer,500.0,0.0,False,False
868,3054,12554,2500.0,11.414179817188824,T1_normal,-100.1097475,32.1590745,115.0,-100.1097475,32.1590745,500.0,11.4,20.2,867,64.0,T1_normal,transformer,500.0,0.0,False,False
869,3059,3058,377.0,11.79059987227507,T1_normal,-100.98431625,31.875952,115.0,-100.98431625,31.875952,230.0,11.8,72.6,850,90.8,T1_normal,transformer,230.0,0.0,False,False
870,3060,3058,294.0,72.95918367346941,T1_normal,-100.98431625,31.875952,18.0,-100.98431625,31.875952,230.0,73.0,73.0,1910,68.3,T1_normal,transformer,230.0,0.0,False,False
871,3061,3058,280.8,66.23931623931628,T1_normal,-100.98431625,31.875952,18.0,-100.98431625,31.875952,230.0,66.2,66.2,-1,62.3,T1_normal,transformer,230.0,0.0,False,False
872,3062,3058,233.6,63.99828767123292,T1_normal,-100.98431625,31.875952,18.0,-100.98431625,31.875952,230.0,64.0,64.2,3629,60.4,T1_normal,transformer,230.0,0.0,False,False
873,3063,3058,154.4,72.86269430051813,T1_normal,-100.98431625,31.875952,18.0,-100.98431625,31.875952,230.0,72.9,72.9,281,68.4,T1_normal,transformer,230.0,0.0,False,False
874,3059,3111,221.0,43.00367371468512,T1_normal,-100.98431625,31.875952,115.0,-100.98431625,31.875952,115.0,43.0,64.0,819,67.1,T1_normal,line,115.0,0.0,False,False
875,3059,3130,210.2,34.08892570620526,T1_normal,-100.98431625,31.875952,115.0,-100.559245,31.4624622,115.0,34.1,41.4,876,47.1,T1_normal,line,115.0,37.96114212942338,False,False
876,3059,3130,210.2,34.08892570620526,T1_normal,-100.98431625,31.875952,115.0,-100.559245,31.4624622,115.0,34.1,41.4,875,47.1,T1_normal,line,115.0,37.96114212942338,False,False
877,3059,3130,210.2,34.08892570620526,T1_normal,-100.98431625,31.875952,115.0,-100.559245,31.4624622,115.0,34.1,41.4,875,47.1,T1_normal,line,115.0,37.96114212942338,False,False
878,3059,3130,210.2,34.08892570620526,T1_normal,-100.98431625,31.875952,115.0,-100.559245,31.4624622,115.0,34.1,41.4,875,47.1,T1_normal,line,115.0,37.96114212942338,False,False
879,3059,12564,2500.0,27.71154630740591,T1_normal,-100.98431625,31.875952,115.0,-100.98431625,31.875952,500.0,27.7,47.6,880,60.7,T1_normal,transformer,500.0,0.0,False,False
880,3059,12564,2500.0,27.71154630740591,T1_normal,-100.98431625,31.875952,115.0,-100.98431625,31.875952,500.0,27.7,47.6,879,60.7,T1_normal,transformer,500.0,0.0,False,False
881,3059,13413,218.1,63.12154252980376,T1_normal,-100.98431625,31.875952,115.0,-100.98431625,31.875952,115.0,63.1,81.4,1017,85.2,T2_watch,line,115.0,0.0,False,False
882,3059,13413,218.1,63.12154252980376,T1_normal,-100.98431625,31.875952,115.0,-100.98431625,31.875952,115.0,63.1,81.4,1017,85.2,T2_watch,line,115.0,0.0,False,False
883,3059,13413,218.1,63.12154252980376,T1_normal,-100.98431625,31.875952,115.0,-100.98431625,31.875952,115.0,63.1,81.4,1017,85.2,T2_watch,line,115.0,0.0,False,False
884,3065,3064,255.4,71.41738449491,T1_normal,-100.56760671428572,32.36118885714286,18.0,-100.56760671428572,32.36118885714286,115.0,71.4,71.6,3629,66.7,T1_normal,transformer,115.0,0.0,False,False
885,3064,3141,149.0,130.9472403024252,T6_heavy,-100.56760671428572,32.36118885714286,115.0,-100.2940896,32.3397188,115.0,130.9,205.5,1014,70.2,T7_structural,line,115.0,16.03397924578288,True,True
886,3064,13366,121.0,104.14881910010574,T4_light,-100.56760671428572,32.36118885714286,115.0,-100.56760671428572,32.36118885714286,115.0,104.1,195.7,885,62.2,T7_structural,line,115.0,0.0,True,True
887,3066,3142,98.0,98.6629986597047,T3_prevent,-99.529678,31.25981966666667,115.0,-100.15267,31.289523,115.0,98.7,126.5,888,45.4,T6_heavy,line,115.0,36.84727081867158,True,True
888,3066,12910,143.5,89.79700485610557,T2_watch,-99.529678,31.25981966666667,115.0,-99.849793,31.4410845,115.0,89.8,121.7,5002,78.6,T5_moderate,line,115.0,22.663766873896034,True,True
889,3066,13142,242.0,11.767902414963116,T1_normal,-99.529678,31.25981966666667,115.0,-99.529678,31.25981966666667,115.0,11.8,24.9,888,89.9,T1_normal,line,115.0,0.0,False,False
890,3066,13142,242.0,11.767902414963116,T1_normal,-99.529678,31.25981966666667,115.0,-99.529678,31.25981966666667,115.0,11.8,24.9,888,89.9,T1_normal,line,115.0,0.0,False,False
891,3068,3067,220.1,69.05951840072694,T1_normal,-100.2242635,32.5474795,20.0,-100.2242635,32.5474795,115.0,69.1,69.1,12,64.6,T1_normal,transformer,115.0,0.0,False,False
892,3067,3070,114.0,8.41257246310867,T1_normal,-100.2242635,32.5474795,115.0,-100.1,32.2878,115.0,8.4,25.4,895,87.1,T1_normal,line,115.0,19.350926380950465,False,False
893,3067,3083,117.7,7.737060669227967,T1_normal,-100.2242635,32.5474795,115.0,-100.09043266666669,32.36779933333333,115.0,7.7,31.3,895,88.1,T1_normal,line,115.0,14.663090920688209,False,False
894,3067,3094,149.0,12.554059878326829,T1_normal,-100.2242635,32.5474795,115.0,-100.09043266666669,32.36779933333333,115.0,12.6,25.0,895,56.7,T1_normal,line,115.0,14.663090920688209,False,False
895,3067,3137,113.6,79.75904643352736,T1_normal,-100.2242635,32.5474795,115.0,-100.2940896,32.3397188,115.0,79.8,91.9,690,95.8,T3_prevent,line,115.0,14.921279866319686,False,False
896,3067,3141,191.0,2.648445686707992,T1_normal,-100.2242635,32.5474795,115.0,-100.2940896,32.3397188,115.0,2.6,38.1,690,92.4,T1_normal,line,115.0,14.921279866319686,False,False
897,3069,3077,98.0,58.75405253425348,T1_normal,-99.753027,32.120249,115.0,-99.70613471428572,32.45867642857143,115.0,58.8,86.5,898,21.8,T2_watch,line,115.0,23.543199304988455,False,False
898,3069,3091,165.8,84.41206624796774,T2_watch,-99.753027,32.120249,115.0,-99.70613471428572,32.45867642857143,115.0,84.4,115.5,946,16.0,T5_moderate,line,115.0,23.543199304988455,True,True
899,3069,3140,98.0,48.94383651630505,T1_normal,-99.753027,32.120249,115.0,-99.69465,32.052075,115.0,48.9,72.1,900,54.3,T1_normal,line,115.0,5.8195023442362785,False,False
900,3069,3140,228.8,29.0506973710913,T1_normal,-99.753027,32.120249,115.0,-99.69465,32.052075,115.0,29.1,42.8,901,32.2,T1_normal,line,115.0,5.8195023442362785,False,False
901,3069,3140,228.8,29.0506973710913,T1_normal,-99.753027,32.120249,115.0,-99.69465,32.052075,115.0,29.1,42.8,900,32.2,T1_normal,line,115.0,5.8195023442362785,False,False
902,3071,3070,263.7,93.77990563396529,T3_prevent,-100.1,32.2878,24.0,-100.1,32.2878,115.0,93.8,93.9,3629,60.4,T3_prevent,transformer,115.0,0.0,False,False
903,3070,3083,138.5,5.976238878882912,T1_normal,-100.1,32.2878,115.0,-100.09043266666669,32.36779933333333,115.0,6.0,23.4,939,59.8,T1_normal,line,115.0,5.555634033079343,False,False
904,3070,3094,151.1,30.277372562037517,T1_normal,-100.1,32.2878,115.0,-100.09043266666669,32.36779933333333,115.0,30.3,46.2,788,64.4,T1_normal,line,115.0,5.555634033079343,False,False
905,3070,3103,179.5,5.628465930369116,T1_normal,-100.1,32.2878,115.0,-100.2940896,32.3397188,115.0,5.6,14.6,690,69.7,T1_normal,line,115.0,11.887783583077429,False,False
906,3070,3103,179.5,5.628465930369116,T1_normal,-100.1,32.2878,115.0,-100.2940896,32.3397188,115.0,5.6,14.6,690,69.7,T1_normal,line,115.0,11.887783583077429,False,False
907,3070,3131,149.0,14.114092971681163,T1_normal,-100.1,32.2878,115.0,-100.021667,32.303889,115.0,14.1,24.2,1019,32.7,T1_normal,line,115.0,4.7081796474359585,False,False
908,3070,3131,110.5,27.398086626303915,T1_normal,-100.1,32.2878,115.0,-100.021667,32.303889,115.0,27.4,47.0,1019,63.5,T1_normal,line,115.0,4.7081796474359585,False,False
909,3070,3137,118.3,43.3105513501545,T1_normal,-100.1,32.2878,115.0,-100.2940896,32.3397188,115.0,43.3,55.8,895,79.2,T1_normal,line,115.0,11.887783583077429,False,False
910,3070,13071,220.0,46.88222232654096,T1_normal,-100.1,32.2878,115.0,-100.1097475,32.1590745,115.0,46.9,90.9,1019,84.9,T3_prevent,line,115.0,8.912402527207039,False,False
911,3142,3072,163.0,22.960598954112168,T1_normal,-100.15267,31.289523,115.0,-100.113803,31.534768,115.0,23.0,92.1,806,84.2,T3_prevent,line,115.0,17.099273747877632,False,False
912,13264,3072,169.1,73.92075694855116,T1_normal,-100.113803,31.534768,20.0,-100.113803,31.534768,115.0,73.9,74.0,3629,69.1,T1_normal,transformer,115.0,0.0,False,False
913,3074,3073,128.3,95.4202823572365,T3_prevent,-100.40075675,29.326592,13.8,-100.40075675,29.326592,115.0,95.4,95.4,3629,72.7,T3_prevent,transformer,115.0,0.0,False,False
914,3073,3076,149.0,30.106710250846316,T1_normal,-100.40075675,29.326592,115.0,-100.40075675,29.326592,115.0,30.1,88.5,915,88.0,T2_watch,line,115.0,0.0,False,False
915,3123,3073,250.0,54.260502387723726,T1_normal,-99.79466125,29.20340125,115.0,-100.40075675,29.326592,115.0,54.3,105.7,1000,88.6,T4_light,line,115.0,37.51111917943275,True,True
916,3073,4002,155.0,37.474859341119945,T1_normal,-100.40075675,29.326592,115.0,-100.777486,29.358523,115.0,37.5,82.8,842,95.2,T2_watch,line,115.0,22.79728849739715,False,False
917,3132,3075,450.0,38.83428047280213,T1_normal,-99.9360515,31.18751,115.0,-99.4009155,30.7904335,115.0,38.8,50.2,918,67.7,T1_normal,line,115.0,41.92155325472628,False,False
918,3075,3138,253.0,44.758280643417955,T1_normal,-99.4009155,30.7904335,115.0,-100.107479,30.897544,115.0,44.8,68.6,917,93.3,T1_normal,line,115.0,42.562933138528464,False,False
919,3075,13325,207.0,33.310714028436834,T1_normal,-99.4009155,30.7904335,115.0,-99.4009155,30.7904335,115.0,33.3,43.8,920,60.0,T1_normal,line,115.0,0.0,False,False
920,3075,13325,207.0,33.310714028436834,T1_normal,-99.4009155,30.7904335,115.0,-99.4009155,30.7904335,115.0,33.3,43.8,919,60.0,T1_normal,line,115.0,0.0,False,False
921,3075,13325,207.0,33.310714028436834,T1_normal,-99.4009155,30.7904335,115.0,-99.4009155,30.7904335,115.0,33.3,43.8,919,60.0,T1_normal,line,115.0,0.0,False,False
922,3075,13325,207.0,33.310714028436834,T1_normal,-99.4009155,30.7904335,115.0,-99.4009155,30.7904335,115.0,33.3,43.8,919,60.0,T1_normal,line,115.0,0.0,False,False
923,3076,13044,163.5,14.3729188033662,T1_normal,-100.40075675,29.326592,115.0,-100.40075675,29.326592,115.0,14.4,68.6,1000,56.8,T1_normal,line,115.0,0.0,False,False
924,3076,13044,163.5,14.3729188033662,T1_normal,-100.40075675,29.326592,115.0,-100.40075675,29.326592,115.0,14.4,68.6,1000,56.8,T1_normal,line,115.0,0.0,False,False
925,3077,3099,221.0,30.24288169002251,T1_normal,-99.70613471428572,32.45867642857143,115.0,-99.90623,32.415823,115.0,30.2,42.3,926,22.9,T1_normal,line,115.0,12.038168083428529,False,False
926,3077,3099,121.1,63.07320161422867,T1_normal,-99.70613471428572,32.45867642857143,115.0,-99.90623,32.415823,115.0,63.1,84.0,925,45.4,T2_watch,line,115.0,12.038168083428529,False,False
927,3077,3125,107.0,107.88722104282662,T4_light,-99.70613471428572,32.45867642857143,115.0,-99.70613471428572,32.45867642857143,115.0,107.9,152.4,946,38.0,T7_structural,line,115.0,0.0,True,True
928,3077,3131,250.0,36.546995634568496,T1_normal,-99.70613471428572,32.45867642857143,115.0,-100.021667,32.303889,115.0,36.5,41.3,789,5.9,T1_normal,line,115.0,21.29221298972686,False,False
929,3079,3078,166.0,13.34978616432516,T1_normal,-100.6728,32.5886,161.0,-100.6728,32.5886,230.0,13.3,34.0,572,51.5,T1_normal,transformer,230.0,0.0,False,False
930,3081,3078,341.6,72.8922716627634,T1_normal,-100.6728,32.5886,20.0,-100.6728,32.5886,230.0,72.9,73.0,3629,68.2,T1_normal,transformer,230.0,0.0,False,False
931,3078,3133,672.0,53.27217530904942,T1_normal,-100.6728,32.5886,230.0,-100.94008825,32.806441125,230.0,53.3,81.0,932,72.8,T2_watch,line,230.0,21.635288944448295,False,False
932,3078,3133,672.0,53.27217530904942,T1_normal,-100.6728,32.5886,230.0,-100.94008825,32.806441125,230.0,53.3,81.0,931,72.8,T2_watch,line,230.0,21.635288944448295,False,False
933,3080,3079,90.0,64.68644578975994,T1_normal,-100.6728,32.5886,115.0,-100.6728,32.5886,161.0,64.7,93.7,801,55.4,T3_prevent,transformer,161.0,0.0,False,False
934,3134,3079,187.0,65.71581291507064,T1_normal,-100.94008825,32.806441125,161.0,-100.6728,32.5886,161.0,65.7,84.0,992,58.7,T2_watch,line,161.0,21.635288944448295,False,False
935,3080,3128,143.5,22.74431373620326,T1_normal,-100.6728,32.5886,115.0,-100.727898,32.421184499999995,115.0,22.7,40.8,805,21.3,T1_normal,line,115.0,12.004707919971294,False,False
936,3083,3082,143.8,86.37919915468821,T2_watch,-100.09043266666669,32.36779933333333,115.0,-100.09043266666669,32.36779933333333,230.0,86.4,128.2,851,72.4,T6_heavy,transformer,230.0,0.0,True,True
937,3084,3082,268.7,93.07515966679624,T3_prevent,-100.09043266666669,32.36779933333333,13.8,-100.09043266666669,32.36779933333333,230.0,93.1,93.1,2887,0.0,T3_prevent,transformer,230.0,0.0,False,False
938,3083,3094,157.1,17.20087601552152,T1_normal,-100.09043266666669,32.36779933333333,115.0,-100.09043266666669,32.36779933333333,115.0,17.2,31.1,939,31.2,T1_normal,line,115.0,0.0,False,False
939,3083,3099,137.8,89.79231865115977,T2_watch,-100.09043266666669,32.36779933333333,115.0,-99.90623,32.415823,115.0,89.8,104.1,968,48.6,T4_light,line,115.0,11.247584925218757,True,True
940,3083,3103,220.0,3.7667538538675287,T1_normal,-100.09043266666669,32.36779933333333,115.0,-100.2940896,32.3397188,115.0,3.8,29.0,690,61.5,T1_normal,line,115.0,12.044331010731296,False,False
941,3137,3083,149.0,43.87284451389368,T1_normal,-100.2940896,32.3397188,115.0,-100.09043266666669,32.36779933333333,115.0,43.9,57.4,939,33.0,T1_normal,line,115.0,12.044331010731296,False,False
942,3086,3085,95.2,78.78151260504201,T1_normal,-100.727898,32.421184499999995,13.2,-100.727898,32.421184499999995,115.0,78.8,78.8,39,73.7,T1_normal,transformer,115.0,0.0,False,False
943,3087,3085,119.3,61.609388097233854,T1_normal,-100.727898,32.421184499999995,13.2,-100.727898,32.421184499999995,115.0,61.6,61.6,2243,57.6,T1_normal,transformer,115.0,0.0,False,False
944,3085,3128,120.0,56.41397486676544,T1_normal,-100.727898,32.421184499999995,115.0,-100.727898,32.421184499999995,115.0,56.4,97.5,945,69.3,T3_prevent,line,115.0,0.0,False,False
945,3085,3128,119.1,57.07031734571184,T1_normal,-100.727898,32.421184499999995,115.0,-100.727898,32.421184499999995,115.0,57.1,98.3,944,69.9,T3_prevent,line,115.0,0.0,False,False
946,3089,3088,411.0,112.19463206372048,T5_moderate,-99.70613471428572,32.45867642857143,161.0,-99.70613471428572,32.45867642857143,230.0,112.2,129.5,773,37.5,T6_heavy,transformer,230.0,0.0,True,True
947,3092,3088,234.7,114.0876549425152,T5_moderate,-99.70613471428572,32.45867642857143,13.8,-99.70613471428572,32.45867642857143,230.0,114.1,114.1,2582,81.1,T5_moderate,transformer,230.0,0.0,True,True
948,5395,3088,750.0,12.935892858114167,T1_normal,-99.33232,32.77921550000001,230.0,-99.70613471428572,32.45867642857143,230.0,12.9,29.2,946,49.0,T1_normal,line,230.0,31.04455148889672,False,False
949,5395,3088,750.0,12.935892858114167,T1_normal,-99.33232,32.77921550000001,230.0,-99.70613471428572,32.45867642857143,230.0,12.9,29.2,946,49.0,T1_normal,line,230.0,31.04455148889672,False,False
950,3091,3089,268.0,4.474619813715124,T1_normal,-99.70613471428572,32.45867642857143,115.0,-99.70613471428572,32.45867642857143,161.0,4.5,59.5,946,78.7,T1_normal,transformer,161.0,0.0,False,False
951,3091,3089,268.0,4.474619813715124,T1_normal,-99.70613471428572,32.45867642857143,115.0,-99.70613471428572,32.45867642857143,161.0,4.5,59.5,946,78.7,T1_normal,transformer,161.0,0.0,False,False
952,3089,5334,409.0,41.74908454697877,T1_normal,-99.70613471428572,32.45867642857143,161.0,-99.518879,32.2664,161.0,41.7,60.8,1579,79.8,T1_normal,line,161.0,17.20264910314602,False,False
953,3091,3102,98.0,93.0637930762789,T3_prevent,-99.70613471428572,32.45867642857143,115.0,-99.70613471428572,32.45867642857143,115.0,93.1,182.4,773,78.5,T7_structural,line,115.0,0.0,True,True
954,3091,3125,98.0,37.608878506161574,T1_normal,-99.70613471428572,32.45867642857143,115.0,-99.70613471428572,32.45867642857143,115.0,37.6,73.1,862,85.1,T1_normal,line,115.0,0.0,False,False
955,3091,3125,172.3,29.71740478893683,T1_normal,-99.70613471428572,32.45867642857143,115.0,-99.70613471428572,32.45867642857143,115.0,29.7,57.8,862,56.8,T1_normal,line,115.0,0.0,False,False
956,3095,3094,161.7,108.3671503840512,T4_light,-100.09043266666669,32.36779933333333,18.0,-100.09043266666669,32.36779933333333,115.0,108.4,108.4,2877,69.7,T4_light,transformer,115.0,0.0,True,True
957,3094,3131,243.2,4.416963679890342,T1_normal,-100.09043266666669,32.36779933333333,115.0,-100.021667,32.303889,115.0,4.4,17.2,793,59.4,T1_normal,line,115.0,5.967894794286926,False,False
958,3137,3094,221.0,14.936078543564488,T1_normal,-100.2940896,32.3397188,115.0,-100.09043266666669,32.36779933333333,115.0,14.9,21.2,895,32.2,T1_normal,line,115.0,12.044331010731296,False,False
959,3097,3096,233.0,90.3757201649462,T3_prevent,-101.17026400000002,32.93510466666667,115.0,-101.17026400000002,32.93510466666667,230.0,90.4,130.9,960,87.3,T6_heavy,transformer,230.0,0.0,True,True
960,3097,3096,233.0,90.3757201649462,T3_prevent,-101.17026400000002,32.93510466666667,115.0,-101.17026400000002,32.93510466666667,230.0,90.4,130.9,959,87.3,T6_heavy,transformer,230.0,0.0,True,True
961,3098,3096,241.7,75.46545304095986,T1_normal,-101.17026400000002,32.93510466666667,13.8,-101.17026400000002,32.93510466666667,230.0,75.5,75.5,3629,70.8,T1_normal,transformer,230.0,0.0,False,False
962,3133,3096,538.0,57.192653614004215,T1_normal,-100.94008825,32.806441125,230.0,-101.17026400000002,32.93510466666667,230.0,57.2,76.7,17,69.9,T1_normal,line,230.0,16.045365680952443,False,False
963,3096,12788,342.1,23.492044350307225,T1_normal,-101.17026400000002,32.93510466666667,230.0,-101.83586283333334,32.75809566666667,230.0,23.5,81.0,962,78.3,T2_watch,line,230.0,40.52593179941443,False,False
964,3097,3109,340.0,26.796076696234188,T1_normal,-101.17026400000002,32.93510466666667,115.0,-101.17026400000002,32.93510466666667,115.0,26.8,69.2,4991,44.8,T1_normal,line,115.0,0.0,False,False
965,3097,12939,267.0,61.80602906394272,T1_normal,-101.17026400000002,32.93510466666667,115.0,-100.94008825,32.806441125,115.0,61.8,123.6,966,84.9,T5_moderate,line,115.0,16.045365680952443,True,True
966,3097,12939,267.0,61.80602906394272,T1_normal,-101.17026400000002,32.93510466666667,115.0,-100.94008825,32.806441125,115.0,61.8,123.6,965,84.9,T5_moderate,line,115.0,16.045365680952443,True,True
967,3099,3100,250.0,33.42943846463754,T1_normal,-99.90623,32.415823,115.0,-99.830642,32.630473,115.0,33.4,43.3,946,16.4,T1_normal,line,115.0,15.471001940295324,False,False
968,3099,3131,134.1,73.40071428984959,T1_normal,-99.90623,32.415823,115.0,-100.021667,32.303889,115.0,73.4,92.4,939,24.1,T3_prevent,line,115.0,10.25702057952954,False,False
969,3100,3102,98.0,35.64108366751229,T1_normal,-99.830642,32.630473,115.0,-99.70613471428572,32.45867642857143,115.0,35.6,53.8,773,62.9,T1_normal,line,115.0,13.910044632425974,False,False
970,3100,3102,114.4,53.89423673933988,T1_normal,-99.830642,32.630473,115.0,-99.70613471428572,32.45867642857143,115.0,53.9,81.3,773,79.1,T2_watch,line,115.0,13.910044632425974,False,False
971,3125,3100,149.0,18.00267469222279,T1_normal,-99.70613471428572,32.45867642857143,115.0,-99.830642,32.630473,115.0,18.0,29.8,862,49.2,T1_normal,line,115.0,13.910044632425974,False,False
972,3100,13079,246.3,44.795953240573056,T1_normal,-99.830642,32.630473,115.0,-99.8991875,32.803981,115.0,44.8,62.5,1742,81.6,T1_normal,line,115.0,12.6332506591913,False,False
973,3104,3101,115.0,11.29861121597176,T1_normal,-98.442333,30.843734,115.0,-98.442333,30.843734,115.0,11.3,58.3,3128,95.7,T1_normal,line,115.0,0.0,False,False
974,3101,3108,140.4,37.386275851844765,T1_normal,-98.442333,30.843734,115.0,-98.01069,31.088158,115.0,37.4,57.2,779,79.5,T1_normal,line,115.0,30.646407245683687,False,False
975,6360,3101,98.0,38.46966696920023,T1_normal,-98.283025,30.800718,115.0,-98.442333,30.843734,115.0,38.5,67.2,3128,57.2,T1_normal,line,115.0,9.908842699069169,False,False
976,3102,3125,100.9,26.95786752162241,T1_normal,-99.70613471428572,32.45867642857143,115.0,-99.70613471428572,32.45867642857143,115.0,27.0,73.6,773,37.6,T1_normal,line,115.0,0.0,False,False
977,3103,3121,171.4,69.58552180552228,T1_normal,-100.2940896,32.3397188,115.0,-100.56760671428572,32.36118885714286,115.0,69.6,82.8,978,66.3,T2_watch,line,115.0,16.03397924578288,False,False
978,3103,3121,171.4,69.58552180552228,T1_normal,-100.2940896,32.3397188,115.0,-100.56760671428572,32.36118885714286,115.0,69.6,82.8,977,66.3,T2_watch,line,115.0,16.03397924578288,False,False
979,3105,3104,37.3,0.0,T1_normal,-98.442333,30.843734,13.2,-98.442333,30.843734,115.0,0.0,0.0,-1,0.0,T1_normal,transformer,115.0,0.0,False,False
980,3106,3104,37.5,48.8,T1_normal,-98.442333,30.843734,13.2,-98.442333,30.843734,115.0,48.8,48.8,38,47.5,T1_normal,transformer,115.0,0.0,False,False
981,6156,3104,149.0,24.57062406145519,T1_normal,-98.26824166666664,30.564168,115.0,-98.442333,30.843734,115.0,24.6,39.0,3128,56.9,T1_normal,line,115.0,21.91090851657608,False,False
982,3108,3147,98.0,6.083044474911048,T1_normal,-98.01069,31.088158,115.0,-98.25934,31.102377,115.0,6.1,40.4,779,85.0,T1_normal,line,115.0,14.744377161740058,False,False
983,3108,6065,98.0,35.644607021839604,T1_normal,-98.01069,31.088158,115.0,-98.04518,30.773295,115.0,35.6,48.1,2649,107.1,T1_normal,line,115.0,21.850998965327182,False,False
984,3110,3109,224.8,0.0,T1_normal,-101.17026400000002,32.93510466666667,13.8,-101.17026400000002,32.93510466666667,115.0,0.0,0.0,-1,0.0,T1_normal,transformer,115.0,0.0,False,False
985,3109,12663,151.6,8.512446183564483,T1_normal,-101.17026400000002,32.93510466666667,115.0,-100.94008825,32.806441125,115.0,8.5,80.1,14,89.5,T2_watch,line,115.0,16.045365680952443,False,False
986,3109,12663,151.6,8.512446183564483,T1_normal,-101.17026400000002,32.93510466666667,115.0,-100.94008825,32.806441125,115.0,8.5,80.1,14,89.5,T2_watch,line,115.0,16.045365680952443,False,False
987,3112,3111,102.9,77.74538386783283,T1_normal,-100.98431625,31.875952,18.0,-100.98431625,31.875952,115.0,77.7,77.7,2,72.7,T1_normal,transformer,115.0,0.0,False,False
988,3113,3111,103.0,67.57281553398055,T1_normal,-100.98431625,31.875952,18.0,-100.98431625,31.875952,115.0,67.6,67.6,14,63.3,T1_normal,transformer,115.0,0.0,False,False
989,3111,13280,126.8,50.06740503784044,T1_normal,-100.98431625,31.875952,115.0,-100.825,31.888,115.0,50.1,77.7,1017,43.5,T1_normal,line,115.0,9.384144377304304,False,False
990,3111,13413,109.4,26.85101020026197,T1_normal,-100.98431625,31.875952,115.0,-100.98431625,31.875952,115.0,26.9,56.3,989,28.2,T1_normal,line,115.0,0.0,False,False
991,3114,13198,165.0,61.29396448081168,T1_normal,-100.559245,31.4624622,115.0,-100.650967,31.066996,115.0,61.3,90.9,749,84.9,T3_prevent,line,115.0,27.856176508997457,False,False
992,3116,3115,450.0,60.828857882952434,T1_normal,-100.793333,32.718056,115.0,-100.524167,32.969722,115.0,60.8,71.9,4991,44.1,T1_normal,line,115.0,23.377397416377782,False,False
993,3117,3116,158.6,75.66204287515758,T1_normal,-100.793333,32.718056,13.8,-100.793333,32.718056,115.0,75.7,75.7,44,70.7,T1_normal,transformer,115.0,0.0,False,False
994,3116,3136,221.0,29.637732973678453,T1_normal,-100.793333,32.718056,115.0,-100.94008825,32.806441125,115.0,29.6,67.1,754,39.7,T1_normal,line,115.0,10.488185038471272,False,False
995,3116,13403,130.2,67.76533840357659,T1_normal,-100.793333,32.718056,115.0,-100.94008825,32.806441125,115.0,67.8,113.1,4991,65.4,T5_moderate,line,115.0,10.488185038471272,True,True
996,3120,3119,123.1,99.65033418936524,T3_prevent,-100.40075675,29.326592,13.8,-100.40075675,29.326592,115.0,99.7,99.7,9,75.9,T3_prevent,transformer,115.0,0.0,False,False
997,4188,3119,98.0,2.362796931475883,T1_normal,-100.593386,28.951173,115.0,-100.40075675,29.326592,115.0,2.4,61.1,1000,68.1,T1_normal,line,115.0,28.42509928938943,False,False
998,3119,6309,307.0,67.13479039316196,T1_normal,-100.40075675,29.326592,115.0,-99.141134,29.427375,115.0,67.1,97.8,999,88.0,T3_prevent,line,115.0,76.1596959071448,False,False
999,3119,6309,307.0,67.13479039316196,T1_normal,-100.40075675,29.326592,115.0,-99.141134,29.427375,115.0,67.1,97.8,998,88.0,T3_prevent,line,115.0,76.1596959071448,False,False
1000,3119,13044,450.0,64.85635391550049,T1_normal,-100.40075675,29.326592,115.0,-100.40075675,29.326592,115.0,64.9,85.6,842,71.6,T2_watch,line,115.0,0.0,False,False
1001,3122,3121,255.9,76.98319656115653,T1_normal,-100.56760671428572,32.36118885714286,18.0,-100.56760671428572,32.36118885714286,115.0,77.0,77.0,0,72.0,T1_normal,transformer,115.0,0.0,False,False
1002,3121,3129,149.0,27.934896600163196,T1_normal,-100.56760671428572,32.36118885714286,115.0,-100.56760671428572,32.36118885714286,115.0,27.9,60.1,805,26.4,T1_normal,line,115.0,0.0,False,False
1003,3121,3145,149.0,105.00880255722524,T4_light,-100.56760671428572,32.36118885714286,115.0,-100.2242635,32.5474795,115.0,105.0,117.2,724,64.2,T5_moderate,line,115.0,23.79902479415686,True,True
1004,3126,3123,98.0,7.188183266590261,T1_normal,-99.612368,29.291845,115.0,-99.79466125,29.20340125,115.0,7.2,35.0,1000,27.0,T1_normal,line,115.0,12.574442232866485,False,False
1005,3123,13335,163.0,3.041003906779563,T1_normal,-99.79466125,29.20340125,115.0,-99.79466125,29.20340125,115.0,3.0,65.2,1000,62.7,T1_normal,line,115.0,0.0,False,False
1006,6286,3124,220.0,50.85143057323664,T1_normal,-98.6782725,29.80345,115.0,-98.876683,30.280938,115.0,50.9,64.8,708,100.6,T1_normal,line,115.0,35.06104019731928,False,False
1007,3126,6059,220.0,58.195603969390525,T1_normal,-99.612368,29.291845,115.0,-99.329182,29.285285,115.0,58.2,76.2,1000,69.5,T1_normal,line,115.0,17.071250977267628,False,False
1008,13024,3126,300.8,67.65292553191489,T1_normal,-99.612368,29.291845,20.0,-99.612368,29.291845,115.0,67.7,67.7,3629,63.2,T1_normal,transformer,115.0,0.0,False,False
1009,3126,13313,144.0,17.366238387099216,T1_normal,-99.612368,29.291845,115.0,-99.79466125,29.20340125,115.0,17.4,38.6,1200,41.8,T1_normal,line,115.0,12.574442232866485,False,False
1010,3126,13335,112.2,19.33084234145758,T1_normal,-99.612368,29.291845,115.0,-99.79466125,29.20340125,115.0,19.3,37.9,1200,41.7,T1_normal,line,115.0,12.574442232866485,False,False
1011,3127,3141,221.0,48.01747084241023,T1_normal,-100.2940896,32.3397188,115.0,-100.2940896,32.3397188,115.0,48.0,89.2,1012,75.5,T2_watch,line,115.0,0.0,False,False
1012,3127,3141,255.0,55.22714249239033,T1_normal,-100.2940896,32.3397188,115.0,-100.2940896,32.3397188,115.0,55.2,84.7,1011,71.7,T2_watch,line,115.0,0.0,False,False
1013,13246,3127,190.5,53.081879313324734,T1_normal,-100.2940896,32.3397188,20.0,-100.2940896,32.3397188,115.0,53.1,53.1,3629,70.6,T1_normal,transformer,115.0,0.0,False,False
1014,3127,13366,203.2,101.63389326335044,T4_light,-100.2940896,32.3397188,115.0,-100.56760671428572,32.36118885714286,115.0,101.6,156.2,885,46.3,T7_structural,line,115.0,16.03397924578288,True,True
1015,3128,3129,136.0,64.06079449237232,T1_normal,-100.727898,32.421184499999995,115.0,-100.56760671428572,32.36118885714286,115.0,64.1,108.8,805,74.0,T4_light,line,115.0,10.229550602090388,True,True
1016,13262,3129,180.3,70.16084303937879,T1_normal,-100.56760671428572,32.36118885714286,20.0,-100.56760671428572,32.36118885714286,115.0,70.2,70.2,3629,65.6,T1_normal,transformer,115.0,0.0,False,False
1017,3130,13280,220.0,74.6069420365523,T1_normal,-100.559245,31.4624622,115.0,-100.825,31.888,115.0,74.6,93.7,881,96.0,T3_prevent,line,115.0,33.296880556423346,False,False
1018,3131,3137,144.3,26.959166010959077,T1_normal,-100.021667,32.303889,115.0,-100.2940896,32.3397188,115.0,27.0,36.4,895,77.0,T1_normal,line,115.0,16.09785250741555,False,False
1019,3131,13071,220.0,44.02686858255001,T1_normal,-100.021667,32.303889,115.0,-100.1097475,32.1590745,115.0,44.0,90.9,910,84.9,T3_prevent,line,115.0,11.252493078107726,False,False
1020,13284,3131,161.6,102.49999880699237,T4_light,-100.021667,32.303889,20.0,-100.021667,32.303889,115.0,102.5,102.5,2788,66.2,T4_light,transformer,115.0,0.0,True,True
1021,3132,3142,156.2,42.2592250553872,T1_normal,-99.9360515,31.18751,115.0,-100.15267,31.289523,115.0,42.3,72.8,1022,37.2,T1_normal,line,115.0,14.609798533319411,False,False
1022,3132,3142,156.2,42.2592250553872,T1_normal,-99.9360515,31.18751,115.0,-100.15267,31.289523,115.0,42.3,72.8,1021,37.2,T1_normal,line,115.0,14.609798533319411,False,False
1023,3132,3144,98.0,105.42941239166966,T4_light,-99.9360515,31.18751,115.0,-99.682323,31.411505,115.0,105.4,140.1,806,93.4,T6_heavy,line,115.0,21.538812111522176,True,True
1024,3132,12646,600.0,69.94215089074605,T1_normal,-99.9360515,31.18751,115.0,-99.9360515,31.18751,230.0,69.9,85.4,4776,64.3,T2_watch,transformer,230.0,0.0,False,False
1025,3132,13241,181.6,1.9563401314980739e-13,T1_normal,-99.9360515,31.18751,115.0,-99.9360515,31.18751,115.0,0.0,0.9,3629,0.9,T1_normal,line,115.0,0.0,False,False
1026,3134,3133,83.0,12.825892452164034,T1_normal,-100.94008825,32.806441125,161.0,-100.94008825,32.806441125,230.0,12.8,70.3,934,52.2,T1_normal,transformer,230.0,0.0,False,False
1027,13258,3133,196.6,90.34151183268072,T3_prevent,-100.94008825,32.806441125,20.0,-100.94008825,32.806441125,230.0,90.3,90.6,3629,62.4,T3_prevent,transformer,230.0,0.0,False,False
1028,3136,3134,200.0,56.12153970794307,T1_normal,-100.94008825,32.806441125,115.0,-100.94008825,32.806441125,161.0,56.1,75.6,754,55.0,T1_normal,transformer,161.0,0.0,False,False
1029,3136,13312,183.0,38.18377500427613,T1_normal,-100.94008825,32.806441125,115.0,-100.94008825,32.806441125,115.0,38.2,84.4,795,61.7,T2_watch,line,115.0,0.0,False,False
1030,3137,3141,163.0,23.114965213621502,T1_normal,-100.2940896,32.3397188,115.0,-100.2940896,32.3397188,115.0,23.1,53.3,690,91.3,T1_normal,line,115.0,0.0,False,False
1031,3137,3145,140.7,27.145932575422343,T1_normal,-100.2940896,32.3397188,115.0,-100.2242635,32.5474795,115.0,27.1,69.1,1003,46.8,T1_normal,line,115.0,14.921279866319686,False,False
1032,13299,3137,154.3,37.79713550996992,T1_normal,-100.2940896,32.3397188,20.0,-100.2940896,32.3397188,115.0,37.8,37.8,0,61.3,T1_normal,transformer,115.0,0.0,False,False
1033,3138,3142,220.0,29.5290257644192,T1_normal,-100.107479,30.897544,115.0,-100.15267,31.289523,115.0,29.5,53.8,705,74.2,T1_normal,line,115.0,27.21509946346086,False,False
1034,3138,3146,149.0,44.110465332969746,T1_normal,-100.107479,30.897544,115.0,-100.06915,30.45867,115.0,44.1,68.0,1024,73.3,T1_normal,line,115.0,30.409020718554387,False,False
1035,13351,3141,162.3,34.455317370230205,T1_normal,-100.2940896,32.3397188,20.0,-100.2940896,32.3397188,115.0,34.5,34.5,-1,56.9,T1_normal,transformer,115.0,0.0,False,False
1036,3144,3143,110.0,48.50218287582291,T1_normal,-99.682323,31.411505,115.0,-99.380601,31.515316,115.0,48.5,60.7,1037,88.8,T1_normal,line,115.0,19.174238179101213,False,False
1037,3144,12910,157.0,28.285619732758764,T1_normal,-99.682323,31.411505,115.0,-99.849793,31.4410845,115.0,28.3,51.4,1036,95.1,T1_normal,line,115.0,10.08312775732101,False,False
1038,3145,12996,111.0,39.405511944343175,T1_normal,-100.2242635,32.5474795,115.0,-100.0652435,32.819086,115.0,39.4,85.8,695,51.6,T2_watch,line,115.0,20.921221898129748,False,False
1039,4002,13044,220.0,49.21214291164516,T1_normal,-100.777486,29.358523,115.0,-100.40075675,29.326592,115.0,49.2,95.8,842,84.7,T3_prevent,line,115.0,22.79728849739715,False,False
1040,4002,13391,241.2,34.69376998017313,T1_normal,-100.777486,29.358523,115.0,-100.967827,29.7051495,115.0,34.7,70.5,842,80.5,T1_normal,line,115.0,26.543032448298938,False,False
1041,4002,13391,241.2,34.69376998017313,T1_normal,-100.777486,29.358523,115.0,-100.967827,29.7051495,115.0,34.7,70.5,842,80.5,T1_normal,line,115.0,26.543032448298938,False,False
1042,4003,4013,188.0,42.567002241016,T1_normal,-98.3163296,26.4391468,115.0,-98.3163296,26.4391468,115.0,42.6,60.1,1043,52.3,T1_normal,line,115.0,0.0,False,False
1043,4003,4013,188.0,42.567002241016,T1_normal,-98.3163296,26.4391468,115.0,-98.3163296,26.4391468,115.0,42.6,60.1,1042,52.3,T1_normal,line,115.0,0.0,False,False
1044,4003,4040,250.0,4.086537477509822,T1_normal,-98.3163296,26.4391468,115.0,-98.349756,26.24829825,115.0,4.1,12.3,1548,10.0,T1_normal,line,115.0,13.347947210859818,False,False
1045,4003,4103,221.0,6.285189100091997,T1_normal,-98.3163296,26.4391468,115.0,-98.3163296,26.4391468,115.0,6.3,11.9,1353,9.6,T1_normal,line,115.0,0.0,False,False
1046,4103,4003,221.0,6.285189100091997,T1_normal,-98.3163296,26.4391468,115.0,-98.3163296,26.4391468,115.0,6.3,11.9,1353,9.6,T1_normal,line,115.0,0.0,False,False
1047,4128,4003,221.0,4.907261950243284,T1_normal,-98.74585185714284,26.441022428571426,115.0,-98.3163296,26.4391468,115.0,4.9,10.7,1433,10.8,T1_normal,line,115.0,26.573507611982063,False,False
1048,12959,4003,307.7,77.51056223594416,T1_normal,-98.3163296,26.4391468,20.0,-98.3163296,26.4391468,115.0,77.5,77.7,3629,72.6,T1_normal,transformer,115.0,0.0,False,False
1049,4005,4004,190.0,30.999025775198277,T1_normal,-99.3906115,27.588413625,115.0,-99.3906115,27.588413625,230.0,31.0,78.5,1053,41.8,T1_normal,transformer,230.0,0.0,False,False
1050,4014,4004,548.0,20.45807745896344,T1_normal,-100.340209,28.587968,230.0,-99.3906115,27.588413625,230.0,20.5,64.1,1548,43.7,T1_normal,line,230.0,90.11179196384666,False,False
1051,4113,4004,443.0,38.62223001179181,T1_normal,-99.3906115,27.588413625,230.0,-99.3906115,27.588413625,230.0,38.6,90.0,1548,56.9,T2_watch,line,230.0,0.0,False,False
1052,4022,4005,214.0,0.8580414565518452,T1_normal,-99.399193,28.041684,115.0,-99.3906115,27.588413625,115.0,0.9,90.9,1137,84.7,T3_prevent,line,115.0,31.322696453173236,False,False
1053,4114,4005,221.0,48.471535066183215,T1_normal,-99.3906115,27.588413625,115.0,-99.3906115,27.588413625,115.0,48.5,84.5,1548,52.5,T2_watch,line,115.0,0.0,False,False
1054,4006,4011,149.0,29.87136789418392,T1_normal,-98.883685,27.48301875,115.0,-98.8533165,27.140224,115.0,29.9,45.6,1179,38.2,T1_normal,line,115.0,23.758356460248024,False,False
1055,4006,4147,265.0,41.607358887903246,T1_normal,-98.883685,27.48301875,115.0,-99.3906115,27.588413625,115.0,41.6,93.1,1056,84.4,T3_prevent,line,115.0,31.900295834120328,False,False
1056,4006,4197,298.0,60.80497889576858,T1_normal,-98.883685,27.48301875,115.0,-99.005278,27.488056,115.0,60.8,91.9,1055,82.3,T3_prevent,line,115.0,7.461196508799145,False,False
1057,12930,4006,389.2,64.15724563206578,T1_normal,-98.883685,27.48301875,20.0,-98.883685,27.48301875,115.0,64.2,64.2,3629,59.9,T1_normal,transformer,115.0,0.0,False,False
1058,4007,4027,221.0,14.441168539908272,T1_normal,-98.27456266666668,26.232699,115.0,-98.27456266666668,26.232699,115.0,14.4,21.1,1059,19.5,T1_normal,line,115.0,0.0,False,False
1059,4007,4027,188.7,40.19502239833238,T1_normal,-98.27456266666668,26.232699,115.0,-98.27456266666668,26.232699,115.0,40.2,56.8,1548,51.7,T1_normal,line,115.0,0.0,False,False
1060,4007,4034,149.0,8.084184327195178,T1_normal,-98.27456266666668,26.232699,115.0,-98.241746,26.111189,115.0,8.1,15.1,1353,11.9,T1_normal,line,115.0,8.638725761488129,False,False
1061,4007,4040,123.6,34.960456014590626,T1_normal,-98.27456266666668,26.232699,115.0,-98.349756,26.24829825,115.0,35.0,62.8,1548,57.1,T1_normal,line,115.0,4.783027800861039,False,False
1062,4007,4068,107.9,5.287742150013707,T1_normal,-98.27456266666668,26.232699,115.0,-98.0096,26.296101,115.0,5.3,18.7,1297,17.4,T1_normal,line,115.0,16.99174013525006,False,False
1063,4007,4074,131.7,18.7989599097856,T1_normal,-98.27456266666668,26.232699,115.0,-98.349756,26.24829825,115.0,18.8,33.7,1548,31.2,T1_normal,line,115.0,4.783027800861039,False,False
1064,4007,4088,126.5,14.861438124163902,T1_normal,-98.27456266666668,26.232699,115.0,-98.189714,26.149684,115.0,14.9,24.6,1353,19.2,T1_normal,line,115.0,7.78292793505254,False,False
1065,4007,4103,127.7,3.99414964082388,T1_normal,-98.27456266666668,26.232699,115.0,-98.3163296,26.4391468,115.0,4.0,11.5,4680,11.0,T1_normal,line,115.0,14.496895559874371,False,False
1066,4007,4122,221.0,58.478438394683266,T1_normal,-98.27456266666668,26.232699,115.0,-98.27456266666668,26.232699,115.0,58.5,98.4,1548,84.5,T3_prevent,line,115.0,0.0,False,False
1067,4008,6112,98.0,24.14039087384384,T1_normal,-98.642309,29.079849,115.0,-98.842165,29.1998,115.0,24.1,67.2,1102,55.2,T1_normal,line,115.0,14.634214586091016,False,False
1068,6155,4008,149.0,40.99234473169573,T1_normal,-98.5093816037736,29.474642000000003,115.0,-98.642309,29.079849,115.0,41.0,77.9,2607,60.2,T1_normal,line,115.0,28.429955751279017,False,False
1069,4008,6346,149.0,78.67528638026413,T1_normal,-98.642309,29.079849,115.0,-98.48181,29.070547,115.0,78.7,98.4,1102,81.4,T3_prevent,line,115.0,9.71334575359722,False,False
1070,4010,4009,262.0,41.27720799135434,T1_normal,-97.61079925,27.13808725,20.0,-97.61079925,27.13808725,115.0,41.3,76.9,1071,71.9,T1_normal,transformer,115.0,0.0,False,False
1071,4010,4009,222.0,42.09626804623948,T1_normal,-97.61079925,27.13808725,20.0,-97.61079925,27.13808725,115.0,42.1,90.8,1070,84.9,T3_prevent,transformer,115.0,0.0,False,False
1072,4009,4152,221.0,41.0498374866147,T1_normal,-97.61079925,27.13808725,115.0,-97.67189133333332,26.95126033333333,115.0,41.0,70.5,1073,68.4,T1_normal,line,115.0,13.444960939006414,False,False
1073,4009,4152,221.0,41.0498374866147,T1_normal,-97.61079925,27.13808725,115.0,-97.67189133333332,26.95126033333333,115.0,41.0,70.5,1072,68.4,T1_normal,line,115.0,13.444960939006414,False,False
1074,4165,4009,221.0,17.770071869843903,T1_normal,-97.61079925,27.13808725,115.0,-97.61079925,27.13808725,115.0,17.8,44.3,1505,40.0,T1_normal,line,115.0,0.0,False,False
1075,4165,4009,221.0,17.770071869843903,T1_normal,-97.61079925,27.13808725,115.0,-97.61079925,27.13808725,115.0,17.8,44.3,1505,40.0,T1_normal,line,115.0,0.0,False,False
1076,4009,13131,207.0,28.204830606544792,T1_normal,-97.61079925,27.13808725,115.0,-97.61079925,27.13808725,115.0,28.2,90.8,1505,84.9,T3_prevent,line,115.0,0.0,False,False
1077,4011,4185,149.0,11.7058133138698,T1_normal,-98.8533165,27.140224,115.0,-99.162765,26.930929,115.0,11.7,41.8,1056,42.8,T1_normal,line,115.0,23.912741442758023,False,False
1078,4011,13373,130.8,59.633027522935734,T1_normal,-98.8533165,27.140224,115.0,-98.8533165,27.140224,115.0,59.6,59.7,3629,55.8,T1_normal,line,115.0,0.0,False,False
1079,4034,4012,221.0,5.55070903043812,T1_normal,-98.241746,26.111189,115.0,-97.96214,26.083177,115.0,5.6,15.4,1081,14.7,T1_normal,line,115.0,17.457143392909533,False,False
1080,4012,4103,221.0,3.3716735874283352,T1_normal,-97.96214,26.083177,115.0,-98.3163296,26.4391468,115.0,3.4,10.6,1081,10.7,T1_normal,line,115.0,32.9633335135536,False,False
1081,4012,4121,98.0,55.039408908281246,T1_normal,-97.96214,26.083177,115.0,-97.798453,26.100103,115.0,55.0,65.3,1359,61.4,T1_normal,line,115.0,10.224346581482584,False,False
1082,4012,4171,221.0,27.111803762715137,T1_normal,-97.96214,26.083177,115.0,-97.629292,26.106086,115.0,27.1,37.3,1359,36.0,T1_normal,line,115.0,20.714194962204683,False,False
1083,4013,4089,250.0,26.73340223796632,T1_normal,-98.3163296,26.4391468,115.0,-97.8237255,26.316918,115.0,26.7,43.1,1353,36.4,T1_normal,line,115.0,31.640165266423224,False,False
1084,4013,4103,217.4,47.260286966184,T1_normal,-98.3163296,26.4391468,115.0,-98.3163296,26.4391468,115.0,47.3,64.3,1548,55.6,T1_normal,line,115.0,0.0,False,False
1085,4013,4103,217.4,47.260286966184,T1_normal,-98.3163296,26.4391468,115.0,-98.3163296,26.4391468,115.0,47.3,64.3,1548,55.6,T1_normal,line,115.0,0.0,False,False
1086,4107,4013,98.0,23.96389700541552,T1_normal,-98.058657,26.1619,115.0,-98.3163296,26.4391468,115.0,24.0,53.0,1548,38.6,T1_normal,line,115.0,24.93388499160727,False,False
1087,4013,4122,98.0,27.0998268924367,T1_normal,-98.3163296,26.4391468,115.0,-98.27456266666668,26.232699,115.0,27.1,36.3,1548,25.3,T1_normal,line,115.0,14.496895559874371,False,False
1088,4013,4122,187.6,63.32853752166021,T1_normal,-98.3163296,26.4391468,115.0,-98.27456266666668,26.232699,115.0,63.3,84.8,1548,59.0,T2_watch,line,115.0,14.496895559874371,False,False
1089,4013,4122,187.6,63.32853752166021,T1_normal,-98.3163296,26.4391468,115.0,-98.27456266666668,26.232699,115.0,63.3,84.8,1548,59.0,T2_watch,line,115.0,14.496895559874371,False,False
1090,4013,4122,187.6,63.32853752166021,T1_normal,-98.3163296,26.4391468,115.0,-98.27456266666668,26.232699,115.0,63.3,84.8,1548,59.0,T2_watch,line,115.0,14.496895559874371,False,False
1091,4013,4122,187.6,63.32853752166021,T1_normal,-98.3163296,26.4391468,115.0,-98.27456266666668,26.232699,115.0,63.3,84.8,1548,59.0,T2_watch,line,115.0,14.496895559874371,False,False
1092,4013,12560,1126.0,51.09765880344233,T1_normal,-98.3163296,26.4391468,115.0,-98.3163296,26.4391468,500.0,51.1,93.1,1093,71.3,T3_prevent,transformer,500.0,0.0,False,False
1093,4013,12560,1126.0,51.09765880344233,T1_normal,-98.3163296,26.4391468,115.0,-98.3163296,26.4391468,500.0,51.1,93.1,1092,71.3,T3_prevent,transformer,500.0,0.0,False,False
1094,4013,13289,199.9,71.39477726887998,T1_normal,-98.3163296,26.4391468,115.0,-98.74585185714284,26.441022428571426,115.0,71.4,94.4,1095,88.5,T3_prevent,line,115.0,26.573507611982063,False,False
1095,4013,13289,199.9,71.39477726887998,T1_normal,-98.3163296,26.4391468,115.0,-98.74585185714284,26.441022428571426,115.0,71.4,94.4,1094,88.5,T3_prevent,line,115.0,26.573507611982063,False,False
1096,4015,4014,321.0,9.013155608590866,T1_normal,-100.340209,28.587968,115.0,-100.340209,28.587968,230.0,9.0,18.7,1000,23.0,T1_normal,transformer,230.0,0.0,False,False
1097,4015,4014,321.0,9.013155608590866,T1_normal,-100.340209,28.587968,115.0,-100.340209,28.587968,230.0,9.0,18.7,1000,23.0,T1_normal,transformer,230.0,0.0,False,False
1098,4014,4131,443.0,43.95612859449712,T1_normal,-100.340209,28.587968,230.0,-99.11781366666668,28.92295633333333,230.0,44.0,71.4,1548,66.1,T1_normal,line,230.0,77.57749924464359,False,False
1099,4188,4015,98.0,0.6678153134221048,T1_normal,-100.593386,28.951173,115.0,-100.340209,28.587968,115.0,0.7,64.1,1000,71.2,T1_normal,line,115.0,29.409131755339644,False,False
1100,4015,13297,166.2,61.732851985559726,T1_normal,-100.340209,28.587968,115.0,-100.340209,28.587968,115.0,61.7,61.7,395,57.9,T1_normal,line,115.0,0.0,False,False
1101,4016,4023,220.0,44.49640331669308,T1_normal,-98.717634,28.790915,115.0,-98.851298,28.941736,115.0,44.5,60.5,1419,53.3,T1_normal,line,115.0,13.19119600469476,False,False
1102,4117,4016,149.0,69.89401831994954,T1_normal,-98.48596,28.764536,115.0,-98.717634,28.790915,115.0,69.9,93.5,1419,82.8,T3_prevent,line,115.0,14.148193982933812,False,False
1103,4081,4017,221.0,51.35064001611857,T1_normal,-97.4230987368421,27.74350405263158,115.0,-97.4230987368421,27.74350405263158,115.0,51.4,87.8,1104,58.4,T2_watch,line,115.0,0.0,False,False
1104,4081,4017,221.0,51.35064001611857,T1_normal,-97.4230987368421,27.74350405263158,115.0,-97.4230987368421,27.74350405263158,115.0,51.4,87.8,1103,58.4,T2_watch,line,115.0,0.0,False,False
1105,4017,4087,149.0,41.9435005755056,T1_normal,-97.4230987368421,27.74350405263158,115.0,-97.4230987368421,27.74350405263158,115.0,41.9,53.2,1402,28.3,T1_normal,line,115.0,0.0,False,False
1106,4017,4123,221.0,20.338461958890537,T1_normal,-97.4230987368421,27.74350405263158,115.0,-97.4230987368421,27.74350405263158,115.0,20.3,42.7,1121,29.5,T1_normal,line,115.0,0.0,False,False
1107,4018,4037,149.0,13.106093510532322,T1_normal,-97.444953,28.197778,115.0,-97.522673,28.2078,115.0,13.1,27.5,1474,25.7,T1_normal,line,115.0,4.782862356952083,False,False
1108,4018,4037,148.8,25.630474017605714,T1_normal,-97.444953,28.197778,115.0,-97.522673,28.2078,115.0,25.6,53.8,1474,50.2,T1_normal,line,115.0,4.782862356952083,False,False
1109,4149,4018,149.0,15.889021769030006,T1_normal,-97.19689,28.120701,115.0,-97.444953,28.197778,115.0,15.9,73.7,1474,70.7,T1_normal,line,115.0,16.0220026709546,False,False
1110,4018,12831,163.3,18.782352867750227,T1_normal,-97.444953,28.197778,115.0,-97.4544,28.4279,115.0,18.8,37.4,4322,31.6,T1_normal,line,115.0,15.910451962397708,False,False
1111,12990,4018,255.6,0.0,T1_normal,-97.444953,28.197778,20.0,-97.444953,28.197778,115.0,0.0,0.0,-1,0.0,T1_normal,transformer,115.0,0.0,False,False
1112,4019,4067,221.0,6.817176067852372,T1_normal,-97.855505,26.160302,115.0,-97.77439,26.2062325,115.0,6.8,11.6,1353,11.1,T1_normal,line,115.0,5.947000030050046,False,False
1113,4019,4067,221.0,6.817176067852372,T1_normal,-97.855505,26.160302,115.0,-97.77439,26.2062325,115.0,6.8,11.6,1353,11.1,T1_normal,line,115.0,5.947000030050046,False,False
1114,4019,4089,119.5,13.60108576551597,T1_normal,-97.855505,26.160302,115.0,-97.8237255,26.316918,115.0,13.6,36.5,1081,29.6,T1_normal,line,115.0,10.999012343802072,False,False
1115,4019,4121,98.0,0.9361564268431772,T1_normal,-97.855505,26.160302,115.0,-97.798453,26.100103,115.0,0.9,10.2,1116,9.7,T1_normal,line,115.0,5.461280968787769,False,False
1116,4019,4121,109.4,11.08883677496174,T1_normal,-97.855505,26.160302,115.0,-97.798453,26.100103,115.0,11.1,34.7,1081,32.2,T1_normal,line,115.0,5.461280968787769,False,False
1117,13251,4019,210.8,64.0417457305503,T1_normal,-97.855505,26.160302,20.0,-97.855505,26.160302,115.0,64.0,64.1,3629,59.9,T1_normal,transformer,115.0,0.0,False,False
1118,4051,4020,221.0,15.016382101731336,T1_normal,-97.7314385,27.5750945,115.0,-97.4230987368421,27.74350405263158,115.0,15.0,22.6,1459,11.3,T1_normal,line,115.0,22.169120997791453,False,False
1119,4051,4020,221.0,15.016382101731336,T1_normal,-97.7314385,27.5750945,115.0,-97.4230987368421,27.74350405263158,115.0,15.0,22.6,1459,11.3,T1_normal,line,115.0,22.169120997791453,False,False
1120,4020,4081,149.0,19.864441703192735,T1_normal,-97.4230987368421,27.74350405263158,115.0,-97.4230987368421,27.74350405263158,115.0,19.9,45.1,1121,28.3,T1_normal,line,115.0,0.0,False,False
1121,4020,4123,149.0,81.01603785407256,T2_watch,-97.4230987368421,27.74350405263158,115.0,-97.4230987368421,27.74350405263158,115.0,81.0,92.7,1106,61.8,T3_prevent,line,115.0,0.0,False,False
1122,4150,4020,221.0,31.28248120007264,T1_normal,-97.4230987368421,27.74350405263158,115.0,-97.4230987368421,27.74350405263158,115.0,31.3,46.1,1121,21.9,T1_normal,line,115.0,0.0,False,False
1123,4150,4020,221.0,31.28248120007264,T1_normal,-97.4230987368421,27.74350405263158,115.0,-97.4230987368421,27.74350405263158,115.0,31.3,46.1,1121,21.9,T1_normal,line,115.0,0.0,False,False
1124,12931,4020,348.5,1.4954032604125496,T1_normal,-97.4230987368421,27.74350405263158,20.0,-97.4230987368421,27.74350405263158,115.0,1.5,1.5,-1,0.0,T1_normal,transformer,115.0,0.0,False,False
1125,12976,4020,228.0,82.27972916713243,T2_watch,-97.7314385,27.5750945,115.0,-97.4230987368421,27.74350405263158,115.0,82.3,131.1,1126,81.1,T6_heavy,line,115.0,22.169120997791453,True,True
1126,12976,4020,228.0,82.27972916713243,T2_watch,-97.7314385,27.5750945,115.0,-97.4230987368421,27.74350405263158,115.0,82.3,131.1,1125,81.1,T6_heavy,line,115.0,22.169120997791453,True,True
1127,4021,4067,132.3,31.982011238541748,T1_normal,-97.993045,26.376651,115.0,-97.77439,26.2062325,115.0,32.0,50.3,1131,46.3,T1_normal,line,115.0,17.947502735951428,False,False
1128,4021,4088,268.0,63.39815899466272,T1_normal,-97.993045,26.376651,115.0,-98.189714,26.149684,115.0,63.4,90.4,1129,84.6,T3_prevent,line,115.0,19.860109939240832,False,False
1129,4021,4088,268.0,63.39815899466272,T1_normal,-97.993045,26.376651,115.0,-98.189714,26.149684,115.0,63.4,90.4,1128,84.6,T3_prevent,line,115.0,19.860109939240832,False,False
1130,4089,4021,149.0,48.54081844525749,T1_normal,-97.8237255,26.316918,115.0,-97.993045,26.376651,115.0,48.5,66.6,1131,61.0,T1_normal,line,115.0,11.266876266522525,False,False
1131,4021,4107,243.0,73.97831963317033,T1_normal,-97.993045,26.376651,115.0,-98.058657,26.1619,115.0,74.0,90.5,1128,85.5,T3_prevent,line,115.0,15.384827184072144,False,False
1132,4021,4167,149.0,1.0808931060258529,T1_normal,-97.993045,26.376651,115.0,-97.921496,26.477435,115.0,1.1,29.7,1406,27.6,T1_normal,line,115.0,8.251659522501974,False,False
1133,12956,4021,338.2,70.90479006505026,T1_normal,-97.993045,26.376651,20.0,-97.993045,26.376651,115.0,70.9,70.9,3629,66.8,T1_normal,transformer,115.0,0.0,False,False
1134,4021,12970,235.0,60.70921985815592,T1_normal,-97.993045,26.376651,115.0,-97.566721,26.545765,115.0,60.7,91.1,1135,85.1,T3_prevent,line,115.0,28.843297870365447,False,False
1135,4021,12970,235.0,60.70921985815592,T1_normal,-97.993045,26.376651,115.0,-97.566721,26.545765,115.0,60.7,91.1,1134,85.1,T3_prevent,line,115.0,28.843297870365447,False,False
1136,4021,12970,235.0,60.70921985815592,T1_normal,-97.993045,26.376651,115.0,-97.566721,26.545765,115.0,60.7,91.1,1134,85.1,T3_prevent,line,115.0,28.843297870365447,False,False
1137,4187,4022,214.0,91.71785454066377,T3_prevent,-99.214344,28.293173,115.0,-99.399193,28.041684,115.0,91.7,123.5,1548,84.7,T5_moderate,line,115.0,20.705396534455033,True,True
1138,4022,13083,220.0,45.45454545454533,T1_normal,-99.399193,28.041684,115.0,-99.63215,28.4834915,115.0,45.5,90.9,1139,84.9,T3_prevent,line,115.0,33.65772750306477,False,False
1139,4022,13083,220.0,45.45454545454533,T1_normal,-99.399193,28.041684,115.0,-99.63215,28.4834915,115.0,45.5,90.9,1138,84.9,T3_prevent,line,115.0,33.65772750306477,False,False
1140,6112,4023,220.0,42.19640331669309,T1_normal,-98.842165,29.1998,115.0,-98.851298,28.941736,115.0,42.2,58.2,1419,51.0,T1_normal,line,115.0,17.839226403070672,False,False
1141,4025,4024,260.0,54.28484067381599,T1_normal,-98.4775,28.7044,115.0,-98.4775,28.7044,230.0,54.3,95.8,1142,87.7,T3_prevent,transformer,230.0,0.0,False,False
1142,4025,4024,260.0,54.28484067381599,T1_normal,-98.4775,28.7044,115.0,-98.4775,28.7044,230.0,54.3,95.8,1141,87.7,T3_prevent,transformer,230.0,0.0,False,False
1143,4026,4024,577.1,45.17110916865693,T1_normal,-98.4775,28.7044,13.8,-98.4775,28.7044,230.0,45.2,58.5,1144,43.3,T1_normal,transformer,230.0,0.0,False,False
1144,4026,4024,500.0,15.42325608008002,T1_normal,-98.4775,28.7044,13.8,-98.4775,28.7044,230.0,15.4,67.6,1143,50.0,T1_normal,transformer,230.0,0.0,False,False
1145,4131,4024,647.0,13.386126939230158,T1_normal,-99.11781366666668,28.92295633333333,230.0,-98.4775,28.7044,230.0,13.4,23.8,3195,16.3,T1_normal,line,230.0,41.601785617289075,False,False
1146,6263,4024,443.0,7.018207988248966,T1_normal,-97.894958,28.733411,230.0,-98.4775,28.7044,230.0,7.0,37.8,3195,19.8,T1_normal,line,230.0,35.35577116130577,False,False
1147,4025,4117,260.0,32.085785702227746,T1_normal,-98.4775,28.7044,115.0,-98.48596,28.764536,115.0,32.1,48.6,1148,44.5,T1_normal,line,115.0,4.186536757258424,False,False
1148,4025,4117,178.2,55.79633240124887,T1_normal,-98.4775,28.7044,115.0,-98.48596,28.764536,115.0,55.8,84.5,1149,77.4,T2_watch,line,115.0,4.186536757258424,False,False
1149,4025,4117,178.2,55.79633240124887,T1_normal,-98.4775,28.7044,115.0,-98.48596,28.764536,115.0,55.8,84.5,1148,77.4,T2_watch,line,115.0,4.186536757258424,False,False
1150,4027,4034,116.1,5.588981940374951,T1_normal,-98.27456266666668,26.232699,115.0,-98.241746,26.111189,115.0,5.6,21.9,1253,23.1,T1_normal,line,115.0,8.638725761488129,False,False
1151,4027,4040,243.8,49.90504530583311,T1_normal,-98.27456266666668,26.232699,115.0,-98.349756,26.24829825,115.0,49.9,87.4,1152,79.2,T2_watch,line,115.0,4.783027800861039,False,False
1152,4027,4040,243.8,49.90504530583311,T1_normal,-98.27456266666668,26.232699,115.0,-98.349756,26.24829825,115.0,49.9,87.4,1151,79.2,T2_watch,line,115.0,4.783027800861039,False,False
1153,4027,4048,227.7,69.4640354372337,T1_normal,-98.27456266666668,26.232699,115.0,-98.494493,26.242813,115.0,69.5,92.3,1154,90.4,T3_prevent,line,115.0,13.64811366174273,False,False
1154,4027,4048,227.7,69.4640354372337,T1_normal,-98.27456266666668,26.232699,115.0,-98.494493,26.242813,115.0,69.5,92.3,1153,90.4,T3_prevent,line,115.0,13.64811366174273,False,False
1155,4027,4088,221.0,0.0155891453014999,T1_normal,-98.27456266666668,26.232699,115.0,-98.189714,26.149684,115.0,0.0,7.7,1128,9.6,T1_normal,line,115.0,7.78292793505254,False,False
1156,4027,4088,221.0,0.0155891453014999,T1_normal,-98.27456266666668,26.232699,115.0,-98.189714,26.149684,115.0,0.0,7.7,1128,9.6,T1_normal,line,115.0,7.78292793505254,False,False
1157,13324,4027,153.7,69.25080372408824,T1_normal,-98.27456266666668,26.232699,20.0,-98.27456266666668,26.232699,115.0,69.3,69.3,-1,61.0,T1_normal,transformer,115.0,0.0,False,False
1158,4029,4028,148.8,12.49059269091475,T1_normal,-97.214167,28.7128,115.0,-97.214167,28.7128,230.0,12.5,36.4,1163,28.7,T1_normal,transformer,230.0,0.0,False,False
1159,4029,4028,148.8,12.49059269091475,T1_normal,-97.214167,28.7128,115.0,-97.214167,28.7128,230.0,12.5,36.4,1163,28.7,T1_normal,transformer,230.0,0.0,False,False
1160,4030,4028,861.7,35.77671889431788,T1_normal,-97.214167,28.7128,13.8,-97.214167,28.7128,230.0,35.8,43.4,1161,16.0,T1_normal,transformer,230.0,0.0,False,False
1161,4030,4028,360.0,23.000191638756583,T1_normal,-97.214167,28.7128,13.8,-97.214167,28.7128,230.0,23.0,65.8,1160,24.3,T1_normal,transformer,230.0,0.0,False,False
1162,4030,4028,360.0,23.000191638756583,T1_normal,-97.214167,28.7128,13.8,-97.214167,28.7128,230.0,23.0,65.8,1160,24.3,T1_normal,transformer,230.0,0.0,False,False
1163,4028,7043,555.0,49.6223385931035,T1_normal,-97.214167,28.7128,230.0,-97.00621414285716,28.74651585714286,230.0,49.6,63.3,3357,47.0,T1_normal,line,230.0,12.813087123659008,False,False
1164,4028,7274,750.0,10.754225564766552,T1_normal,-97.214167,28.7128,230.0,-97.00621414285716,28.74651585714286,230.0,10.8,24.4,1163,9.8,T1_normal,line,230.0,12.813087123659008,False,False
1165,4028,7274,750.0,10.754225564766552,T1_normal,-97.214167,28.7128,230.0,-97.00621414285716,28.74651585714286,230.0,10.8,24.4,1163,9.8,T1_normal,line,230.0,12.813087123659008,False,False
1166,4029,4178,199.0,28.755018613829485,T1_normal,-97.214167,28.7128,115.0,-97.49466233333334,28.47964933333333,115.0,28.8,48.9,3197,43.0,T1_normal,line,115.0,23.43220862127796,False,False
1167,4029,6253,221.0,2.71929963687029,T1_normal,-97.214167,28.7128,115.0,-97.428562,28.857734,115.0,2.7,26.1,1524,19.2,T1_normal,line,115.0,16.396292404707896,False,False
1168,4029,7275,149.0,10.313267918536384,T1_normal,-97.214167,28.7128,115.0,-97.00621414285716,28.74651585714286,115.0,10.3,35.5,1526,50.8,T1_normal,line,115.0,12.813087123659008,False,False
1169,4029,12565,1152.0,47.141337436365106,T1_normal,-97.214167,28.7128,115.0,-97.214167,28.7128,500.0,47.1,80.4,1170,68.3,T2_watch,transformer,500.0,0.0,False,False
1170,4029,12565,1152.0,47.141337436365106,T1_normal,-97.214167,28.7128,115.0,-97.214167,28.7128,500.0,47.1,80.4,1169,68.3,T2_watch,transformer,500.0,0.0,False,False
1171,4029,12888,281.0,45.40925266903911,T1_normal,-97.214167,28.7128,115.0,-97.8308125,28.6249795,115.0,45.4,90.8,1172,84.9,T3_prevent,line,115.0,37.87249211661627,False,False
1172,4029,12888,281.0,45.40925266903911,T1_normal,-97.214167,28.7128,115.0,-97.8308125,28.6249795,115.0,45.4,90.8,1171,84.9,T3_prevent,line,115.0,37.87249211661627,False,False
1173,4029,13224,450.0,42.10657472445953,T1_normal,-97.214167,28.7128,115.0,-97.49466233333334,28.47964933333333,115.0,42.1,50.4,1174,46.4,T1_normal,line,115.0,23.43220862127796,False,False
1174,4029,13224,450.0,42.10657472445953,T1_normal,-97.214167,28.7128,115.0,-97.49466233333334,28.47964933333333,115.0,42.1,50.4,1173,46.4,T1_normal,line,115.0,23.43220862127796,False,False
1175,4029,13224,450.0,42.10657472445953,T1_normal,-97.214167,28.7128,115.0,-97.49466233333334,28.47964933333333,115.0,42.1,50.4,1173,46.4,T1_normal,line,115.0,23.43220862127796,False,False
1176,4029,13224,450.0,42.10657472445953,T1_normal,-97.214167,28.7128,115.0,-97.49466233333334,28.47964933333333,115.0,42.1,50.4,1173,46.4,T1_normal,line,115.0,23.43220862127796,False,False
1177,4031,4043,205.0,49.4172608365574,T1_normal,-99.359609,27.0792565,115.0,-99.10145,26.603250000000003,115.0,49.4,97.4,1243,84.1,T3_prevent,line,115.0,36.5376822444865,False,False
1178,4031,4147,247.0,58.52977492056782,T1_normal,-99.359609,27.0792565,115.0,-99.3906115,27.588413625,115.0,58.5,101.2,1179,84.2,T4_light,line,115.0,35.23117787673536,True,True
1179,4031,4147,270.0,66.97836250374796,T1_normal,-99.359609,27.0792565,115.0,-99.3906115,27.588413625,115.0,67.0,101.1,1178,84.1,T4_light,line,115.0,35.23117787673536,True,True
1180,4031,4185,118.5,14.72973679238715,T1_normal,-99.359609,27.0792565,115.0,-99.162765,26.930929,115.0,14.7,45.3,1177,40.4,T1_normal,line,115.0,15.870542955830375,False,False
1181,4031,13010,230.0,45.52173913043481,T1_normal,-99.359609,27.0792565,115.0,-99.359609,27.0792565,115.0,45.5,91.0,1182,85.6,T3_prevent,line,115.0,0.0,False,False
1182,4031,13010,230.0,45.52173913043481,T1_normal,-99.359609,27.0792565,115.0,-99.359609,27.0792565,115.0,45.5,91.0,1181,85.6,T3_prevent,line,115.0,0.0,False,False
1183,4051,4032,98.0,62.668976817440274,T1_normal,-97.7314385,27.5750945,115.0,-97.7704405,27.4987795,115.0,62.7,99.5,1184,80.1,T3_prevent,line,115.0,5.78908029822377,False,False
1184,4051,4032,98.0,62.668976817440274,T1_normal,-97.7314385,27.5750945,115.0,-97.7704405,27.4987795,115.0,62.7,99.5,1183,80.1,T3_prevent,line,115.0,5.78908029822377,False,False
1185,4141,4032,200.0,27.777675554259233,T1_normal,-97.61079925,27.13808725,115.0,-97.7704405,27.4987795,115.0,27.8,44.6,1548,50.1,T1_normal,line,115.0,26.77931845982589,False,False
1186,4141,4032,200.0,27.777675554259233,T1_normal,-97.61079925,27.13808725,115.0,-97.7704405,27.4987795,115.0,27.8,44.6,1548,50.1,T1_normal,line,115.0,26.77931845982589,False,False
1187,4032,12991,169.2,30.47000364809264,T1_normal,-97.7704405,27.4987795,115.0,-97.7704405,27.4987795,115.0,30.5,53.0,1125,28.5,T1_normal,line,115.0,0.0,False,False
1188,4032,12991,169.2,30.47000364809264,T1_normal,-97.7704405,27.4987795,115.0,-97.7704405,27.4987795,115.0,30.5,53.0,1125,28.5,T1_normal,line,115.0,0.0,False,False
1189,4033,4101,450.0,55.44547716180142,T1_normal,-99.3906115,27.588413625,115.0,-99.3906115,27.588413625,115.0,55.4,68.6,1195,63.2,T1_normal,line,115.0,0.0,False,False
1190,4033,4114,125.5,58.67633603833246,T1_normal,-99.3906115,27.588413625,115.0,-99.3906115,27.588413625,115.0,58.7,125.3,1469,94.1,T6_heavy,line,115.0,0.0,True,True
1191,4033,4147,221.0,13.587663229578238,T1_normal,-99.3906115,27.588413625,115.0,-99.3906115,27.588413625,115.0,13.6,28.6,1469,31.9,T1_normal,line,115.0,0.0,False,False
1192,4033,4147,221.0,13.587663229578238,T1_normal,-99.3906115,27.588413625,115.0,-99.3906115,27.588413625,115.0,13.6,28.6,1469,31.9,T1_normal,line,115.0,0.0,False,False
1193,4033,4190,149.0,32.49541153419793,T1_normal,-99.3906115,27.588413625,115.0,-99.3906115,27.588413625,115.0,32.5,62.5,1469,49.6,T1_normal,line,115.0,0.0,False,False
1194,4033,4190,124.3,21.079002004171077,T1_normal,-99.3906115,27.588413625,115.0,-99.3906115,27.588413625,115.0,21.1,40.5,1469,32.2,T1_normal,line,115.0,0.0,False,False
1195,4033,13228,172.0,49.47966360697328,T1_normal,-99.3906115,27.588413625,115.0,-99.3906115,27.588413625,115.0,49.5,106.3,1189,98.1,T4_light,line,115.0,0.0,True,True
1196,4034,4088,123.6,11.749734920329578,T1_normal,-98.241746,26.111189,115.0,-98.189714,26.149684,115.0,11.7,36.4,1253,33.3,T1_normal,line,115.0,4.182369490286237,False,False
1197,4034,4154,221.0,18.525348964021443,T1_normal,-98.241746,26.111189,115.0,-98.476164,26.321607,115.0,18.5,24.6,1153,24.2,T1_normal,line,115.0,20.555157500104663,False,False
1198,4064,4035,149.0,42.44755647136986,T1_normal,-97.4230987368421,27.74350405263158,115.0,-97.4230987368421,27.74350405263158,115.0,42.4,47.9,1292,37.3,T1_normal,line,115.0,0.0,False,False
1199,4035,4150,98.0,6.581171988271577,T1_normal,-97.4230987368421,27.74350405263158,115.0,-97.4230987368421,27.74350405263158,115.0,6.6,71.1,1198,47.6,T1_normal,line,115.0,0.0,False,False
1200,4132,4036,196.0,65.84366504077525,T1_normal,-99.11781366666668,28.92295633333333,115.0,-99.562652,28.888748,115.0,65.8,90.9,1000,85.8,T3_prevent,line,115.0,27.010097937825396,False,False
1201,4036,4189,111.0,84.80780585909399,T2_watch,-99.562652,28.888748,115.0,-99.63215,28.4834915,115.0,84.8,160.2,1137,81.5,T7_structural,line,115.0,28.315928028882105,True,True
1202,4036,13337,213.4,60.510835984890726,T1_normal,-99.562652,28.888748,115.0,-99.79466125,29.20340125,115.0,60.5,108.9,1203,85.7,T4_light,line,115.0,25.866138009995048,True,True
1203,4036,13337,213.4,60.510835984890726,T1_normal,-99.562652,28.888748,115.0,-99.79466125,29.20340125,115.0,60.5,108.9,1202,85.7,T4_light,line,115.0,25.866138009995048,True,True
1204,4037,4054,98.0,3.2321421607460743,T1_normal,-97.522673,28.2078,115.0,-97.650894,28.246189,115.0,3.2,75.7,3197,60.7,T1_normal,line,115.0,8.244122320819628,False,False
1205,4037,4064,118.9,21.311925217477032,T1_normal,-97.522673,28.2078,115.0,-97.4230987368421,27.74350405263158,115.0,21.3,36.8,1173,29.3,T1_normal,line,115.0,32.65044085939732,False,False
1206,4099,4037,149.0,45.60795664030432,T1_normal,-97.743983,27.992706,115.0,-97.522673,28.2078,115.0,45.6,64.0,3197,49.3,T1_normal,line,115.0,20.070302556836985,False,False
1207,4037,4104,119.2,7.941585764563376,T1_normal,-97.522673,28.2078,115.0,-97.351834,27.96312533333333,115.0,7.9,19.6,4322,17.3,T1_normal,line,115.0,19.855720699534302,False,False
1208,4037,4168,132.5,18.315532175982455,T1_normal,-97.522673,28.2078,115.0,-97.4230987368421,27.74350405263158,115.0,18.3,25.2,3197,23.1,T1_normal,line,115.0,32.65044085939732,False,False
1209,12957,4037,313.6,76.40306122448979,T1_normal,-97.522673,28.2078,20.0,-97.522673,28.2078,115.0,76.4,76.5,3629,71.9,T1_normal,transformer,115.0,0.0,False,False
1210,4037,13224,197.6,33.064449000800586,T1_normal,-97.522673,28.2078,115.0,-97.49466233333334,28.47964933333333,115.0,33.1,57.9,4322,50.9,T1_normal,line,115.0,18.86025912809551,False,False
1211,4037,13226,231.6,26.732042997259665,T1_normal,-97.522673,28.2078,115.0,-97.49466233333334,28.47964933333333,115.0,26.7,49.4,4322,43.2,T1_normal,line,115.0,18.86025912809551,False,False
1212,4037,13410,122.9,30.93249616545383,T1_normal,-97.522673,28.2078,115.0,-97.4230987368421,27.74350405263158,115.0,30.9,45.4,1173,35.9,T1_normal,line,115.0,32.65044085939732,False,False
1213,4038,4054,98.0,8.946427875031658,T1_normal,-97.8000875,28.41935,115.0,-97.650894,28.246189,115.0,8.9,81.5,3197,66.5,T2_watch,line,115.0,15.015836018567688,False,False
1214,4038,4125,131.0,42.45667604673567,T1_normal,-97.8000875,28.41935,115.0,-97.8308125,28.6249795,115.0,42.5,70.0,3197,75.4,T1_normal,line,115.0,14.329700888898298,False,False
1215,4038,4169,218.0,71.97067047076341,T1_normal,-97.8000875,28.41935,115.0,-97.817507,28.170179,115.0,72.0,119.9,1216,91.5,T5_moderate,line,115.0,17.24883216012229,True,True
1216,4038,4169,218.0,71.97067047076341,T1_normal,-97.8000875,28.41935,115.0,-97.817507,28.170179,115.0,72.0,119.9,1215,91.5,T5_moderate,line,115.0,17.24883216012229,True,True
1217,4038,4178,220.0,63.340228629409566,T1_normal,-97.8000875,28.41935,115.0,-97.49466233333334,28.47964933333333,115.0,63.3,95.7,3197,83.5,T3_prevent,line,115.0,19.016615364401066,False,False
1218,4038,13394,169.5,15.786357126296473,T1_normal,-97.8000875,28.41935,115.0,-97.8000875,28.41935,115.0,15.8,68.4,3197,71.4,T1_normal,line,115.0,0.0,False,False
1219,4040,4039,384.0,3.6858534528001754,T1_normal,-98.349756,26.24829825,115.0,-98.349756,26.24829825,230.0,3.7,12.3,1548,11.9,T1_normal,transformer,230.0,0.0,False,False
1220,4040,4039,384.0,3.6858534528001754,T1_normal,-98.349756,26.24829825,115.0,-98.349756,26.24829825,230.0,3.7,12.3,1548,11.9,T1_normal,transformer,230.0,0.0,False,False
1221,4073,4039,750.0,3.15147920966524,T1_normal,-98.349756,26.24829825,230.0,-98.349756,26.24829825,230.0,3.2,15.6,1548,9.1,T1_normal,line,230.0,0.0,False,False
1222,4073,4039,750.0,3.15147920966524,T1_normal,-98.349756,26.24829825,230.0,-98.349756,26.24829825,230.0,3.2,15.6,1548,9.1,T1_normal,line,230.0,0.0,False,False
1223,4039,4151,750.0,5.287325938999069,T1_normal,-98.349756,26.24829825,230.0,-97.67189133333332,26.95126033333333,230.0,5.3,11.6,1353,6.4,T1_normal,line,230.0,64.13198501221045,False,False
1224,4039,4151,750.0,5.287325938999069,T1_normal,-98.349756,26.24829825,230.0,-97.67189133333332,26.95126033333333,230.0,5.3,11.6,1353,6.4,T1_normal,line,230.0,64.13198501221045,False,False
1225,4039,4151,750.0,5.287325938999069,T1_normal,-98.349756,26.24829825,230.0,-97.67189133333332,26.95126033333333,230.0,5.3,11.6,1353,6.4,T1_normal,line,230.0,64.13198501221045,False,False
1226,13323,4039,126.0,79.3650793650794,T1_normal,-98.349756,26.24829825,20.0,-98.349756,26.24829825,230.0,79.4,79.4,-1,74.2,T1_normal,transformer,230.0,0.0,False,False
1227,4040,4074,250.0,11.63023898120855,T1_normal,-98.349756,26.24829825,115.0,-98.349756,26.24829825,115.0,11.6,20.8,1548,19.7,T1_normal,line,115.0,0.0,False,False
1228,4074,4040,250.0,11.63023898120855,T1_normal,-98.349756,26.24829825,115.0,-98.349756,26.24829825,115.0,11.6,20.8,1548,19.7,T1_normal,line,115.0,0.0,False,False
1229,4074,4040,250.0,11.63023898120855,T1_normal,-98.349756,26.24829825,115.0,-98.349756,26.24829825,115.0,11.6,20.8,1548,19.7,T1_normal,line,115.0,0.0,False,False
1230,4079,4040,300.0,26.411001613585405,T1_normal,-98.349756,26.24829825,115.0,-98.349756,26.24829825,115.0,26.4,35.0,1548,32.3,T1_normal,line,115.0,0.0,False,False
1231,4079,4040,300.0,26.411001613585405,T1_normal,-98.349756,26.24829825,115.0,-98.349756,26.24829825,115.0,26.4,35.0,1548,32.3,T1_normal,line,115.0,0.0,False,False
1232,4079,4040,300.0,26.411001613585405,T1_normal,-98.349756,26.24829825,115.0,-98.349756,26.24829825,115.0,26.4,35.0,1548,32.3,T1_normal,line,115.0,0.0,False,False
1233,4040,4155,220.0,71.77969730103624,T1_normal,-98.349756,26.24829825,115.0,-98.567191,26.253727,115.0,71.8,86.5,1153,84.4,T2_watch,line,115.0,13.479245657972536,False,False
1234,4042,4041,442.0,7.05976447361945,T1_normal,-98.114039,26.230677,115.0,-98.114039,26.230677,230.0,7.1,11.3,1548,10.8,T1_normal,transformer,230.0,0.0,False,False
1235,4042,4041,442.0,7.05976447361945,T1_normal,-98.114039,26.230677,115.0,-98.114039,26.230677,230.0,7.1,11.3,1548,10.8,T1_normal,transformer,230.0,0.0,False,False
1236,4042,4041,442.0,7.05976447361945,T1_normal,-98.114039,26.230677,115.0,-98.114039,26.230677,230.0,7.1,11.3,1548,10.8,T1_normal,transformer,230.0,0.0,False,False
1237,4073,4041,820.0,5.289132108870787,T1_normal,-98.349756,26.24829825,230.0,-98.114039,26.230677,230.0,5.3,8.7,1548,9.1,T1_normal,line,230.0,14.659023142979205,False,False
1238,4073,4041,820.0,5.289132108870787,T1_normal,-98.349756,26.24829825,230.0,-98.114039,26.230677,230.0,5.3,8.7,1548,9.1,T1_normal,line,230.0,14.659023142979205,False,False
1239,4088,4042,250.0,35.596128929006454,T1_normal,-98.189714,26.149684,115.0,-98.114039,26.230677,115.0,35.6,53.0,1131,51.8,T1_normal,line,115.0,7.302777002445691,False,False
1240,4088,4042,250.0,35.596128929006454,T1_normal,-98.189714,26.149684,115.0,-98.114039,26.230677,115.0,35.6,53.0,1131,51.8,T1_normal,line,115.0,7.302777002445691,False,False
1241,4107,4042,221.0,12.763149675390665,T1_normal,-98.058657,26.1619,115.0,-98.114039,26.230677,115.0,12.8,38.6,1131,36.7,T1_normal,line,115.0,5.862715862551342,False,False
1242,4107,4042,221.0,12.763149675390665,T1_normal,-98.058657,26.1619,115.0,-98.114039,26.230677,115.0,12.8,38.6,1131,36.7,T1_normal,line,115.0,5.862715862551342,False,False
1243,4043,4119,450.0,49.30607406528221,T1_normal,-99.10145,26.603250000000003,115.0,-99.017108,26.523359,115.0,49.3,70.1,5340,69.4,T1_normal,line,115.0,7.5920551708587585,False,False
1244,12960,4043,358.3,66.31314540887522,T1_normal,-99.10145,26.603250000000003,20.0,-99.10145,26.603250000000003,115.0,66.3,66.3,2,62.0,T1_normal,transformer,115.0,0.0,False,False
1245,4043,13034,222.0,45.40540540540521,T1_normal,-99.10145,26.603250000000003,115.0,-99.05745,26.69842,115.0,45.4,90.8,1246,85.0,T3_prevent,line,115.0,7.114949664481815,False,False
1246,4043,13034,222.0,45.40540540540521,T1_normal,-99.10145,26.603250000000003,115.0,-99.05745,26.69842,115.0,45.4,90.8,1245,85.0,T3_prevent,line,115.0,7.114949664481815,False,False
1247,4043,13427,275.0,41.28992072410353,T1_normal,-99.10145,26.603250000000003,115.0,-98.74585185714284,26.441022428571426,115.0,41.3,86.2,1243,85.8,T2_watch,line,115.0,24.67668864122165,False,False
1248,4045,4044,28.5,36.842105263157926,T1_normal,-99.10145,26.603250000000003,13.8,-99.10145,26.603250000000003,115.0,36.8,36.8,-1,35.1,T1_normal,transformer,115.0,0.0,False,False
1249,4046,4044,29.8,33.55704697986577,T1_normal,-99.10145,26.603250000000003,13.8,-99.10145,26.603250000000003,115.0,33.6,33.6,3629,32.0,T1_normal,transformer,115.0,0.0,False,False
1250,4047,4044,27.6,36.23188405797104,T1_normal,-99.10145,26.603250000000003,13.8,-99.10145,26.603250000000003,115.0,36.2,36.3,3629,34.6,T1_normal,transformer,115.0,0.0,False,False
1251,4044,4119,221.0,3.32718382864849,T1_normal,-99.10145,26.603250000000003,115.0,-99.017108,26.523359,115.0,3.3,39.2,1548,44.4,T1_normal,line,115.0,7.5920551708587585,False,False
1252,4185,4044,149.0,25.404749168666296,T1_normal,-99.162765,26.930929,115.0,-99.10145,26.603250000000003,115.0,25.4,46.6,1177,46.3,T1_normal,line,115.0,22.95447894406437,False,False
1253,4048,4154,221.0,30.43485122646492,T1_normal,-98.494493,26.242813,115.0,-98.476164,26.321607,115.0,30.4,36.5,1153,36.1,T1_normal,line,115.0,5.561356992057808,False,False
1254,4048,4155,221.0,4.312758526400737,T1_normal,-98.494493,26.242813,115.0,-98.567191,26.253727,115.0,4.3,16.5,1153,16.3,T1_normal,line,115.0,4.567738047124527,False,False
1255,4048,4155,221.0,4.312758526400737,T1_normal,-98.494493,26.242813,115.0,-98.567191,26.253727,115.0,4.3,16.5,1153,16.3,T1_normal,line,115.0,4.567738047124527,False,False
1256,4048,4164,192.1,72.14343766759313,T1_normal,-98.494493,26.242813,115.0,-98.654824,26.274827,115.0,72.1,100.8,1257,99.3,T4_light,line,115.0,10.17800507681348,True,True
1257,4048,4164,192.1,72.14343766759313,T1_normal,-98.494493,26.242813,115.0,-98.654824,26.274827,115.0,72.1,100.8,1256,99.3,T4_light,line,115.0,10.17800507681348,True,True
1258,4048,4164,192.1,72.14343766759313,T1_normal,-98.494493,26.242813,115.0,-98.654824,26.274827,115.0,72.1,100.8,1256,99.3,T4_light,line,115.0,10.17800507681348,True,True
1259,4050,4049,326.4,60.603295809592815,T1_normal,-97.59928033333334,26.348161,13.8,-97.59928033333334,26.348161,115.0,60.6,83.5,1260,78.0,T2_watch,transformer,115.0,0.0,False,False
1260,4050,4049,300.0,24.930280825829627,T1_normal,-97.59928033333334,26.348161,13.8,-97.59928033333334,26.348161,115.0,24.9,90.9,1259,84.9,T3_prevent,transformer,115.0,0.0,False,False
1261,4086,4049,149.0,54.18247307569876,T1_normal,-97.49144733333333,26.244685,115.0,-97.59928033333334,26.348161,115.0,54.2,77.4,1529,72.1,T1_normal,line,115.0,9.784343934911949,False,False
1262,4049,4194,221.0,43.409075818373026,T1_normal,-97.59928033333334,26.348161,115.0,-97.59928033333334,26.348161,115.0,43.4,76.5,1263,70.4,T1_normal,line,115.0,0.0,False,False
1263,4049,4194,221.0,43.409075818373026,T1_normal,-97.59928033333334,26.348161,115.0,-97.59928033333334,26.348161,115.0,43.4,76.5,1262,70.4,T1_normal,line,115.0,0.0,False,False
1264,4052,4051,54.7,70.99119953446946,T1_normal,-97.7314385,27.5750945,18.0,-97.7314385,27.5750945,115.0,71.0,71.0,2,57.8,T1_normal,transformer,115.0,0.0,False,False
1265,4127,4051,221.0,2.6701229945182723,T1_normal,-98.07572,27.65992,115.0,-97.7314385,27.5750945,115.0,2.7,39.5,1444,39.5,T1_normal,line,115.0,21.877166565827196,False,False
1266,4053,4152,221.0,9.68688941492947,T1_normal,-97.67189133333332,26.95126033333333,115.0,-97.67189133333332,26.95126033333333,115.0,9.7,16.8,1267,19.9,T1_normal,line,115.0,0.0,False,False
1267,4053,4152,221.0,9.68688941492947,T1_normal,-97.67189133333332,26.95126033333333,115.0,-97.67189133333332,26.95126033333333,115.0,9.7,16.8,1266,19.9,T1_normal,line,115.0,0.0,False,False
1268,4053,4191,221.0,9.662002537101436,T1_normal,-97.67189133333332,26.95126033333333,115.0,-97.566721,26.545765,115.0,9.7,14.2,1269,16.8,T1_normal,line,115.0,28.758970602002965,False,False
1269,4053,4191,221.0,9.662002537101436,T1_normal,-97.67189133333332,26.95126033333333,115.0,-97.566721,26.545765,115.0,9.7,14.2,1268,16.8,T1_normal,line,115.0,28.758970602002965,False,False
1270,4055,4078,221.0,9.242650012941343,T1_normal,-97.4230987368421,27.74350405263158,115.0,-97.4230987368421,27.74350405263158,115.0,9.2,14.1,1397,10.4,T1_normal,line,115.0,0.0,False,False
1271,4055,4078,221.0,9.242650012941343,T1_normal,-97.4230987368421,27.74350405263158,115.0,-97.4230987368421,27.74350405263158,115.0,9.2,14.1,1397,10.4,T1_normal,line,115.0,0.0,False,False
1272,4055,4109,149.0,35.67523533907425,T1_normal,-97.4230987368421,27.74350405263158,115.0,-97.4230987368421,27.74350405263158,115.0,35.7,54.7,1402,42.1,T1_normal,line,115.0,0.0,False,False
1273,4055,4145,221.0,42.115536892729125,T1_normal,-97.4230987368421,27.74350405263158,115.0,-97.384238,27.892132,115.0,42.1,62.7,1274,52.6,T1_normal,line,115.0,10.540315035064651,False,False
1274,4055,4145,221.0,42.115536892729125,T1_normal,-97.4230987368421,27.74350405263158,115.0,-97.384238,27.892132,115.0,42.1,62.7,1273,52.6,T1_normal,line,115.0,10.540315035064651,False,False
1275,4055,4159,157.9,18.443927835797325,T1_normal,-97.4230987368421,27.74350405263158,115.0,-97.4230987368421,27.74350405263158,115.0,18.4,28.1,1281,34.9,T1_normal,line,115.0,0.0,False,False
1276,4055,4168,144.2,11.125579206743977,T1_normal,-97.4230987368421,27.74350405263158,115.0,-97.4230987368421,27.74350405263158,115.0,11.1,28.1,1272,39.8,T1_normal,line,115.0,0.0,False,False
1277,4057,4056,500.0,18.050589522167915,T1_normal,-97.242778,27.882778,115.0,-97.242778,27.882778,230.0,18.1,32.6,1282,25.4,T1_normal,transformer,230.0,0.0,False,False
1278,4058,4056,200.9,71.33064787814514,T1_normal,-97.242778,27.882778,13.8,-97.242778,27.882778,230.0,71.3,71.4,3629,57.7,T1_normal,transformer,230.0,0.0,False,False
1279,4059,4056,202.5,64.99088551821593,T1_normal,-97.242778,27.882778,13.8,-97.242778,27.882778,230.0,65.0,65.0,732,43.2,T1_normal,transformer,230.0,0.0,False,False
1280,4060,4056,232.8,59.57069819886665,T1_normal,-97.242778,27.882778,13.8,-97.242778,27.882778,230.0,59.6,59.6,80,48.2,T1_normal,transformer,230.0,0.0,False,False
1281,4056,4158,750.0,17.64117118753598,T1_normal,-97.242778,27.882778,230.0,-97.4230987368421,27.74350405263158,230.0,17.6,33.4,1282,25.0,T1_normal,line,230.0,14.630002898255736,False,False
1282,4056,4181,647.0,29.525296545777756,T1_normal,-97.242778,27.882778,230.0,-97.351834,27.96312533333333,230.0,29.5,42.2,1281,35.0,T1_normal,line,230.0,8.668718897474077,False,False
1283,4057,4108,221.0,32.14767398201042,T1_normal,-97.242778,27.882778,115.0,-97.258417,27.88929,115.0,32.1,56.3,1284,53.8,T1_normal,line,115.0,1.0557643372918328,False,False
1284,4108,4057,221.0,32.14767398201042,T1_normal,-97.258417,27.88929,115.0,-97.242778,27.882778,115.0,32.1,56.3,1283,53.8,T1_normal,line,115.0,1.0557643372918328,False,False
1285,4057,4145,221.0,33.20331145042339,T1_normal,-97.242778,27.882778,115.0,-97.384238,27.892132,115.0,33.2,46.0,1287,38.8,T1_normal,line,115.0,8.663112944973262,False,False
1286,4057,4145,221.0,33.20331145042339,T1_normal,-97.242778,27.882778,115.0,-97.384238,27.892132,115.0,33.2,46.0,1287,38.8,T1_normal,line,115.0,8.663112944973262,False,False
1287,4057,4145,193.6,44.208176653127424,T1_normal,-97.242778,27.882778,115.0,-97.384238,27.892132,115.0,44.2,58.1,1285,49.0,T1_normal,line,115.0,8.663112944973262,False,False
1288,4065,4064,232.2,62.57952957524376,T1_normal,-97.4230987368421,27.74350405263158,18.0,-97.4230987368421,27.74350405263158,115.0,62.6,62.6,3629,60.4,T1_normal,transformer,115.0,0.0,False,False
1289,4069,4064,98.0,41.88500653057767,T1_normal,-97.4230987368421,27.74350405263158,115.0,-97.4230987368421,27.74350405263158,115.0,41.9,66.7,1292,63.6,T1_normal,line,115.0,0.0,False,False
1290,4064,4099,221.0,38.096223672609945,T1_normal,-97.4230987368421,27.74350405263158,115.0,-97.743983,27.992706,115.0,38.1,53.5,3197,41.1,T1_normal,line,115.0,26.088855375735427,False,False
1291,4064,4099,221.0,38.096223672609945,T1_normal,-97.4230987368421,27.74350405263158,115.0,-97.743983,27.992706,115.0,38.1,53.5,3197,41.1,T1_normal,line,115.0,26.088855375735427,False,False
1292,4064,4100,210.9,64.41847214320566,T1_normal,-97.4230987368421,27.74350405263158,115.0,-97.4230987368421,27.74350405263158,115.0,64.4,90.0,1380,87.9,T3_prevent,line,115.0,0.0,False,False
1293,4064,4104,221.0,4.321575515118187,T1_normal,-97.4230987368421,27.74350405263158,115.0,-97.351834,27.96312533333333,115.0,4.3,7.3,1273,5.1,T1_normal,line,115.0,15.786687566709418,False,False
1294,4064,4104,221.0,4.321575515118187,T1_normal,-97.4230987368421,27.74350405263158,115.0,-97.351834,27.96312533333333,115.0,4.3,7.3,1273,5.1,T1_normal,line,115.0,15.786687566709418,False,False
1295,4064,4150,117.3,15.892105250150346,T1_normal,-97.4230987368421,27.74350405263158,115.0,-97.4230987368421,27.74350405263158,115.0,15.9,27.0,1292,28.6,T1_normal,line,115.0,0.0,False,False
1296,4064,13410,138.0,48.83771328384574,T1_normal,-97.4230987368421,27.74350405263158,115.0,-97.4230987368421,27.74350405263158,115.0,48.8,91.8,1292,79.1,T3_prevent,line,115.0,0.0,False,False
1297,4066,4068,149.0,34.070178118791,T1_normal,-97.989155,26.158622,115.0,-98.0096,26.296101,115.0,34.1,47.6,1131,46.5,T1_normal,line,115.0,9.583138107955577,False,False
1298,4066,4103,123.5,29.497664287026357,T1_normal,-97.989155,26.158622,115.0,-98.3163296,26.4391468,115.0,29.5,44.6,1131,45.8,T1_normal,line,115.0,28.04274007390246,False,False
1299,4066,4107,221.0,15.901740857465798,T1_normal,-97.989155,26.158622,115.0,-98.058657,26.1619,115.0,15.9,23.6,1300,23.3,T1_normal,line,115.0,4.316210173093109,False,False
1300,4066,4107,221.0,15.901740857465798,T1_normal,-97.989155,26.158622,115.0,-98.058657,26.1619,115.0,15.9,23.6,1299,23.3,T1_normal,line,115.0,4.316210173093109,False,False
1301,4066,4107,122.2,19.68095304298311,T1_normal,-97.989155,26.158622,115.0,-98.058657,26.1619,115.0,19.7,29.3,1299,28.9,T1_normal,line,115.0,4.316210173093109,False,False
1302,4066,13425,123.7,8.08407437348435,T1_normal,-97.989155,26.158622,115.0,-97.855505,26.160302,115.0,8.1,8.1,-1,7.6,T1_normal,line,115.0,8.289360705420435,False,False
1303,4111,4067,300.0,14.279842272304796,T1_normal,-97.77439,26.2062325,115.0,-97.77439,26.2062325,115.0,14.3,32.7,1406,31.3,T1_normal,line,115.0,0.0,False,False
1304,4194,4067,300.0,20.052138240914513,T1_normal,-97.59928033333334,26.348161,115.0,-97.77439,26.2062325,115.0,20.1,30.3,1353,28.8,T1_normal,line,115.0,14.624000680789072,False,False
1305,4194,4067,300.0,20.052138240914513,T1_normal,-97.59928033333334,26.348161,115.0,-97.77439,26.2062325,115.0,20.1,30.3,1353,28.8,T1_normal,line,115.0,14.624000680789072,False,False
1306,4194,4067,300.0,20.052138240914513,T1_normal,-97.59928033333334,26.348161,115.0,-97.77439,26.2062325,115.0,20.1,30.3,1353,28.8,T1_normal,line,115.0,14.624000680789072,False,False
1307,4068,4103,98.0,4.144266114747275,T1_normal,-98.0096,26.296101,115.0,-98.3163296,26.4391468,115.0,4.1,28.9,1297,30.2,T1_normal,line,115.0,21.40658517655218,False,False
1308,4068,4186,149.0,52.698939576722005,T1_normal,-98.0096,26.296101,115.0,-97.8237255,26.316918,115.0,52.7,84.8,1406,79.1,T2_watch,line,115.0,11.602275441792504,False,False
1309,4069,4072,98.0,35.80954812130783,T1_normal,-97.4230987368421,27.74350405263158,115.0,-97.4230987368421,27.74350405263158,115.0,35.8,47.6,1312,40.4,T1_normal,line,115.0,0.0,False,False
1310,4069,4099,107.4,63.69633134285377,T1_normal,-97.4230987368421,27.74350405263158,115.0,-97.743983,27.992706,115.0,63.7,87.5,3197,69.1,T2_watch,line,115.0,26.088855375735427,False,False
1311,4069,4100,110.9,24.59745801782573,T1_normal,-97.4230987368421,27.74350405263158,115.0,-97.4230987368421,27.74350405263158,115.0,24.6,57.0,1312,51.1,T1_normal,line,115.0,0.0,False,False
1312,4069,4156,138.0,44.76757903114003,T1_normal,-97.4230987368421,27.74350405263158,115.0,-97.4230987368421,27.74350405263158,115.0,44.8,59.6,1322,49.6,T1_normal,line,115.0,0.0,False,False
1313,4071,4070,353.0,2.00877698046273,T1_normal,-97.4539215,25.94677375,115.0,-97.4539215,25.94677375,230.0,2.0,16.9,1319,18.8,T1_normal,transformer,230.0,0.0,False,False
1314,4071,4070,353.0,2.00877698046273,T1_normal,-97.4539215,25.94677375,115.0,-97.4539215,25.94677375,230.0,2.0,16.9,1319,18.8,T1_normal,transformer,230.0,0.0,False,False
1315,4070,4183,443.0,13.836430449976694,T1_normal,-97.4539215,25.94677375,230.0,-97.6450875,26.4880805,230.0,13.8,47.6,1353,47.7,T1_normal,line,230.0,39.233323831181536,False,False
1316,4070,4192,750.0,5.031823491697575,T1_normal,-97.4539215,25.94677375,230.0,-97.4539215,25.94677375,230.0,5.0,10.7,1319,8.0,T1_normal,line,230.0,0.0,False,False
1317,4070,4192,750.0,5.031823491697575,T1_normal,-97.4539215,25.94677375,230.0,-97.4539215,25.94677375,230.0,5.0,10.7,1319,8.0,T1_normal,line,230.0,0.0,False,False
1318,4106,4071,221.0,51.63174679337242,T1_normal,-97.377599,26.125979,115.0,-97.4539215,25.94677375,115.0,51.6,73.2,1319,67.4,T1_normal,line,115.0,13.257663029316255,False,False
1319,4071,13296,247.0,62.00885591278531,T1_normal,-97.4539215,25.94677375,115.0,-97.4539215,25.94677375,115.0,62.0,91.3,1318,84.4,T3_prevent,line,115.0,0.0,False,False
1320,4072,4078,121.2,0.5316176937524572,T1_normal,-97.4230987368421,27.74350405263158,115.0,-97.4230987368421,27.74350405263158,115.0,0.5,13.6,1321,12.2,T1_normal,line,115.0,0.0,False,False
1321,4072,4120,115.8,46.09437189234771,T1_normal,-97.4230987368421,27.74350405263158,115.0,-97.4230987368421,27.74350405263158,115.0,46.1,57.5,1121,47.9,T1_normal,line,115.0,0.0,False,False
1322,4072,4156,221.0,27.666540782564248,T1_normal,-97.4230987368421,27.74350405263158,115.0,-97.4230987368421,27.74350405263158,115.0,27.7,40.9,1312,33.7,T1_normal,line,115.0,0.0,False,False
1323,4072,4168,221.0,12.441798201055908,T1_normal,-97.4230987368421,27.74350405263158,115.0,-97.4230987368421,27.74350405263158,115.0,12.4,18.1,1497,11.4,T1_normal,line,115.0,0.0,False,False
1324,4072,4168,221.0,12.441798201055908,T1_normal,-97.4230987368421,27.74350405263158,115.0,-97.4230987368421,27.74350405263158,115.0,12.4,18.1,1497,11.4,T1_normal,line,115.0,0.0,False,False
1325,4074,4073,397.0,2.6559630718411724,T1_normal,-98.349756,26.24829825,115.0,-98.349756,26.24829825,230.0,2.7,16.4,1548,14.6,T1_normal,transformer,230.0,0.0,False,False
1326,4074,4073,397.0,2.6559630718411724,T1_normal,-98.349756,26.24829825,115.0,-98.349756,26.24829825,230.0,2.7,16.4,1548,14.6,T1_normal,transformer,230.0,0.0,False,False
1327,4075,4073,246.2,65.83722137899996,T1_normal,-98.349756,26.24829825,24.0,-98.349756,26.24829825,230.0,65.8,65.8,1353,40.6,T1_normal,transformer,230.0,0.0,False,False
1328,4076,4073,270.9,44.8916843574816,T1_normal,-98.349756,26.24829825,24.0,-98.349756,26.24829825,230.0,44.9,45.0,3629,0.0,T1_normal,transformer,230.0,0.0,False,False
1329,4077,4073,269.0,56.79422036092856,T1_normal,-98.349756,26.24829825,24.0,-98.349756,26.24829825,230.0,56.8,56.9,3629,41.0,T1_normal,transformer,230.0,0.0,False,False
1330,4146,4073,548.0,14.483436328481856,T1_normal,-99.3906115,27.588413625,230.0,-98.349756,26.24829825,230.0,14.5,70.0,1548,81.3,T1_normal,line,230.0,112.62909411750412,False,False
1331,4073,4183,750.0,14.396975465697738,T1_normal,-98.349756,26.24829825,230.0,-97.6450875,26.4880805,230.0,14.4,22.9,1548,18.0,T1_normal,line,230.0,46.66287181662528,False,False
1332,4192,4073,820.0,11.467123919113362,T1_normal,-97.4539215,25.94677375,230.0,-98.349756,26.24829825,230.0,11.5,17.3,1548,15.2,T1_normal,line,230.0,59.3619938795239,False,False
1333,4074,4103,127.5,5.680124074492913,T1_normal,-98.349756,26.24829825,115.0,-98.3163296,26.4391468,115.0,5.7,27.8,1548,22.9,T1_normal,line,115.0,13.347947210859818,False,False
1334,4155,4074,221.0,44.40671220127048,T1_normal,-98.567191,26.253727,115.0,-98.349756,26.24829825,115.0,44.4,59.2,1233,57.7,T1_normal,line,115.0,13.479245657972536,False,False
1335,4078,4100,125.2,17.829462023715543,T1_normal,-97.4230987368421,27.74350405263158,115.0,-97.4230987368421,27.74350405263158,115.0,17.8,21.8,1397,18.3,T1_normal,line,115.0,0.0,False,False
1336,4120,4078,250.0,12.224232774221804,T1_normal,-97.4230987368421,27.74350405263158,115.0,-97.4230987368421,27.74350405263158,115.0,12.2,17.9,1321,15.1,T1_normal,line,115.0,0.0,False,False
1337,4078,4180,98.0,20.057255095221244,T1_normal,-97.4230987368421,27.74350405263158,115.0,-97.114983,27.777437,115.0,20.1,33.5,1432,32.6,T1_normal,line,115.0,18.984000879462837,False,False
1338,4079,4103,103.2,29.185496851118952,T1_normal,-98.349756,26.24829825,115.0,-98.3163296,26.4391468,115.0,29.2,36.1,1084,34.8,T1_normal,line,115.0,13.347947210859818,False,False
1339,4079,4157,250.0,11.107871716912785,T1_normal,-98.349756,26.24829825,115.0,-98.349756,26.24829825,115.0,11.1,19.7,1548,16.9,T1_normal,line,115.0,0.0,False,False
1340,4079,4157,250.0,11.107871716912785,T1_normal,-98.349756,26.24829825,115.0,-98.349756,26.24829825,115.0,11.1,19.7,1548,16.9,T1_normal,line,115.0,0.0,False,False
1341,4079,4157,110.9,37.0325416483864,T1_normal,-98.349756,26.24829825,115.0,-98.349756,26.24829825,115.0,37.0,65.8,1548,56.2,T1_normal,line,115.0,0.0,False,False
1342,4081,4080,250.0,30.31170970907681,T1_normal,-97.4230987368421,27.74350405263158,115.0,-97.4230987368421,27.74350405263158,230.0,30.3,44.3,1343,26.2,T1_normal,transformer,230.0,0.0,False,False
1343,4081,4080,250.0,30.31170970907681,T1_normal,-97.4230987368421,27.74350405263158,115.0,-97.4230987368421,27.74350405263158,230.0,30.3,44.3,1342,26.2,T1_normal,transformer,230.0,0.0,False,False
1344,4081,4080,250.0,30.31170970907681,T1_normal,-97.4230987368421,27.74350405263158,115.0,-97.4230987368421,27.74350405263158,230.0,30.3,44.3,1342,26.2,T1_normal,transformer,230.0,0.0,False,False
1345,4082,4080,398.2,58.45614063803825,T1_normal,-97.4230987368421,27.74350405263158,13.8,-97.4230987368421,27.74350405263158,230.0,58.5,58.5,3629,25.1,T1_normal,transformer,230.0,0.0,False,False
1346,4083,4080,421.8,51.772080038150214,T1_normal,-97.4230987368421,27.74350405263158,13.8,-97.4230987368421,27.74350405263158,230.0,51.8,51.9,3629,24.5,T1_normal,transformer,230.0,0.0,False,False
1347,4084,4080,214.5,64.6919824442203,T1_normal,-97.4230987368421,27.74350405263158,13.8,-97.4230987368421,27.74350405263158,230.0,64.7,64.7,50,53.4,T1_normal,transformer,230.0,0.0,False,False
1348,4085,4080,197.3,70.33162815147114,T1_normal,-97.4230987368421,27.74350405263158,13.8,-97.4230987368421,27.74350405263158,230.0,70.3,70.3,152,58.0,T1_normal,transformer,230.0,0.0,False,False
1349,4140,4080,750.0,34.692591108041746,T1_normal,-97.61079925,27.13808725,230.0,-97.4230987368421,27.74350405263158,230.0,34.7,49.8,1548,43.5,T1_normal,line,230.0,43.385289855546354,False,False
1350,4140,4080,750.0,34.692591108041746,T1_normal,-97.61079925,27.13808725,230.0,-97.4230987368421,27.74350405263158,230.0,34.7,49.8,1548,43.5,T1_normal,line,230.0,43.385289855546354,False,False
1351,4080,4151,750.0,45.57642911539803,T1_normal,-97.4230987368421,27.74350405263158,230.0,-97.67189133333332,26.95126033333333,230.0,45.6,56.5,1548,49.0,T1_normal,line,230.0,56.8289548825227,False,False
1352,4080,4181,647.0,15.205676485489592,T1_normal,-97.4230987368421,27.74350405263158,230.0,-97.351834,27.96312533333333,230.0,15.2,30.1,1526,28.0,T1_normal,line,230.0,15.786687566709418,False,False
1353,4183,4080,820.0,76.74182290063844,T1_normal,-97.6450875,26.4880805,230.0,-97.4230987368421,27.74350405263158,230.0,76.7,94.5,1548,76.3,T3_prevent,line,230.0,87.81006013695779,False,False
1354,4080,12535,800.0,63.477546967265354,T1_normal,-97.4230987368421,27.74350405263158,230.0,-97.4230987368421,27.74350405263158,500.0,63.5,81.4,1355,65.5,T2_watch,transformer,500.0,0.0,False,False
1355,4080,12535,800.0,63.477546967265354,T1_normal,-97.4230987368421,27.74350405263158,230.0,-97.4230987368421,27.74350405263158,500.0,63.5,81.4,1354,65.5,T2_watch,transformer,500.0,0.0,False,False
1356,4080,12535,800.0,63.477546967265354,T1_normal,-97.4230987368421,27.74350405263158,230.0,-97.4230987368421,27.74350405263158,500.0,63.5,81.4,1354,65.5,T2_watch,transformer,500.0,0.0,False,False
1357,4080,12535,800.0,63.477546967265354,T1_normal,-97.4230987368421,27.74350405263158,230.0,-97.4230987368421,27.74350405263158,500.0,63.5,81.4,1354,65.5,T2_watch,transformer,500.0,0.0,False,False
1358,4086,4106,149.0,50.37309192999026,T1_normal,-97.49144733333333,26.244685,115.0,-97.377599,26.125979,115.0,50.4,61.6,1319,57.5,T1_normal,line,115.0,10.821255406962528,False,False
1359,4110,4086,149.0,70.01900830206364,T1_normal,-97.271778,26.235,115.0,-97.49144733333333,26.244685,115.0,70.0,77.2,1082,75.1,T1_normal,line,115.0,13.630227964705613,False,False
1360,4086,4111,102.5,21.32624540448351,T1_normal,-97.49144733333333,26.244685,115.0,-97.77439,26.2062325,115.0,21.3,55.1,1353,47.5,T1_normal,line,115.0,17.737371506705312,False,False
1361,13116,4086,297.8,66.65547347212897,T1_normal,-97.49144733333333,26.244685,20.0,-97.49144733333333,26.244685,115.0,66.7,66.7,-1,62.3,T1_normal,transformer,115.0,0.0,False,False
1362,4086,13128,120.4,28.152545758403846,T1_normal,-97.49144733333333,26.244685,115.0,-97.49144733333333,26.244685,115.0,28.2,54.8,1364,48.9,T1_normal,line,115.0,0.0,False,False
1363,4086,13247,157.0,46.21890906968008,T1_normal,-97.49144733333333,26.244685,115.0,-97.49144733333333,26.244685,115.0,46.2,90.8,5260,84.9,T3_prevent,line,115.0,0.0,False,False
1364,4086,13296,150.1,64.48119663138807,T1_normal,-97.49144733333333,26.244685,115.0,-97.4539215,25.94677375,115.0,64.5,77.4,1359,72.5,T1_normal,line,115.0,20.715191898160427,False,False
1365,4156,4087,221.0,13.778191752448508,T1_normal,-97.4230987368421,27.74350405263158,115.0,-97.4230987368421,27.74350405263158,115.0,13.8,21.4,1402,18.1,T1_normal,line,115.0,0.0,False,False
1366,4090,4089,25.2,39.68253968253972,T1_normal,-97.8237255,26.316918,13.8,-97.8237255,26.316918,115.0,39.7,39.7,1353,38.1,T1_normal,transformer,115.0,0.0,False,False
1367,4089,4103,120.0,23.929072953587333,T1_normal,-97.8237255,26.316918,115.0,-98.3163296,26.4391468,115.0,23.9,48.0,1353,40.4,T1_normal,line,115.0,31.640165266423224,False,False
1368,4089,4194,149.0,33.734682727425124,T1_normal,-97.8237255,26.316918,115.0,-97.59928033333334,26.348161,115.0,33.7,55.3,1353,50.0,T1_normal,line,115.0,14.065301214822538,False,False
1369,4089,13296,99.3,45.01047441880014,T1_normal,-97.8237255,26.316918,115.0,-97.4539215,25.94677375,115.0,45.0,59.0,4680,52.4,T1_normal,line,115.0,34.35529690082906,False,False
1370,4169,4099,221.0,18.261257292721375,T1_normal,-97.817507,28.170179,115.0,-97.743983,27.992706,115.0,18.3,45.7,3197,35.6,T1_normal,line,115.0,13.055787368531435,False,False
1371,4169,4099,221.0,18.261257292721375,T1_normal,-97.817507,28.170179,115.0,-97.743983,27.992706,115.0,18.3,45.7,3197,35.6,T1_normal,line,115.0,13.055787368531435,False,False
1372,13049,4099,234.4,102.05045505775838,T4_light,-97.743983,27.992706,20.0,-97.743983,27.992706,115.0,102.1,102.1,0,80.0,T4_light,transformer,115.0,0.0,True,True
1373,4100,4120,250.0,28.568429448517776,T1_normal,-97.4230987368421,27.74350405263158,115.0,-97.4230987368421,27.74350405263158,115.0,28.6,43.5,1426,32.6,T1_normal,line,115.0,0.0,False,False
1374,4100,4120,124.5,14.447648845605135,T1_normal,-97.4230987368421,27.74350405263158,115.0,-97.4230987368421,27.74350405263158,115.0,14.4,25.8,1373,20.7,T1_normal,line,115.0,0.0,False,False
1375,4150,4100,221.0,8.359494455257206,T1_normal,-97.4230987368421,27.74350405263158,115.0,-97.4230987368421,27.74350405263158,115.0,8.4,19.6,1426,9.9,T1_normal,line,115.0,0.0,False,False
1376,4150,4100,221.0,8.359494455257206,T1_normal,-97.4230987368421,27.74350405263158,115.0,-97.4230987368421,27.74350405263158,115.0,8.4,19.6,1426,9.9,T1_normal,line,115.0,0.0,False,False
1377,4168,4100,221.0,20.91029852882769,T1_normal,-97.4230987368421,27.74350405263158,115.0,-97.4230987368421,27.74350405263158,115.0,20.9,31.8,3197,33.5,T1_normal,line,115.0,0.0,False,False
1378,4168,4100,221.0,20.91029852882769,T1_normal,-97.4230987368421,27.74350405263158,115.0,-97.4230987368421,27.74350405263158,115.0,20.9,31.8,3197,33.5,T1_normal,line,115.0,0.0,False,False
1379,4168,4100,221.0,20.91029852882769,T1_normal,-97.4230987368421,27.74350405263158,115.0,-97.4230987368421,27.74350405263158,115.0,20.9,31.8,3197,33.5,T1_normal,line,115.0,0.0,False,False
1380,4100,13410,191.0,56.25448692903583,T1_normal,-97.4230987368421,27.74350405263158,115.0,-97.4230987368421,27.74350405263158,115.0,56.3,87.5,1292,87.7,T2_watch,line,115.0,0.0,False,False
1381,4175,4101,149.0,21.397538480929093,T1_normal,-99.3906115,27.588413625,115.0,-99.3906115,27.588413625,115.0,21.4,46.0,1520,41.5,T1_normal,line,115.0,0.0,False,False
1382,4197,4101,149.0,22.138654947907515,T1_normal,-99.005278,27.488056,115.0,-99.3906115,27.588413625,115.0,22.1,77.2,1189,71.8,T1_normal,line,115.0,24.60507691755682,False,False
1383,13082,4101,263.7,75.84085784227004,T1_normal,-99.3906115,27.588413625,20.0,-99.3906115,27.588413625,115.0,75.8,75.8,3629,70.9,T1_normal,transformer,115.0,0.0,False,False
1384,4101,13228,132.0,53.75045559542416,T1_normal,-99.3906115,27.588413625,115.0,-99.3906115,27.588413625,115.0,53.8,104.6,1195,97.3,T4_light,line,115.0,0.0,True,True
1385,4126,4102,300.0,2.6114666438971312,T1_normal,-97.4539215,25.94677375,115.0,-97.52318,26.074676,115.0,2.6,11.9,1359,12.7,T1_normal,line,115.0,9.828189620389905,False,False
1386,4126,4102,300.0,2.6114666438971312,T1_normal,-97.4539215,25.94677375,115.0,-97.52318,26.074676,115.0,2.6,11.9,1359,12.7,T1_normal,line,115.0,9.828189620389905,False,False
1387,4102,4171,250.0,12.1469182628649,T1_normal,-97.52318,26.074676,115.0,-97.629292,26.106086,115.0,12.1,28.5,1359,29.1,T1_normal,line,115.0,6.9330513543695265,False,False
1388,4102,4171,250.0,12.1469182628649,T1_normal,-97.52318,26.074676,115.0,-97.629292,26.106086,115.0,12.1,28.5,1359,29.1,T1_normal,line,115.0,6.9330513543695265,False,False
1389,4102,13296,128.2,46.205765562357115,T1_normal,-97.52318,26.074676,115.0,-97.4539215,25.94677375,115.0,46.2,71.2,1544,68.9,T1_normal,line,115.0,9.828189620389905,False,False
1390,4103,12906,185.0,75.46778726595123,T1_normal,-98.3163296,26.4391468,115.0,-98.411111,26.465556,115.0,75.5,96.3,1391,92.3,T3_prevent,line,115.0,6.1405845405831485,False,False
1391,4103,12906,185.0,75.46778726595123,T1_normal,-98.3163296,26.4391468,115.0,-98.411111,26.465556,115.0,75.5,96.3,1390,92.3,T3_prevent,line,115.0,6.1405845405831485,False,False
1392,4105,4104,219.8,0.0,T1_normal,-97.351834,27.96312533333333,18.0,-97.351834,27.96312533333333,115.0,0.0,0.0,-1,0.0,T1_normal,transformer,115.0,0.0,False,False
1393,4105,4104,128.0,0.0,T1_normal,-97.351834,27.96312533333333,18.0,-97.351834,27.96312533333333,115.0,0.0,0.0,-1,0.0,T1_normal,transformer,115.0,0.0,False,False
1394,4104,4145,98.0,9.831626066798004,T1_normal,-97.351834,27.96312533333333,115.0,-97.384238,27.892132,115.0,9.8,31.8,1273,21.8,T1_normal,line,115.0,5.289080967146642,False,False
1395,4106,13296,116.3,16.078887843793883,T1_normal,-97.377599,26.125979,115.0,-97.4539215,25.94677375,115.0,16.1,74.3,1318,67.9,T1_normal,line,115.0,13.257663029316255,False,False
1396,13352,4106,136.4,69.86803519061581,T1_normal,-97.377599,26.125979,20.0,-97.377599,26.125979,115.0,69.9,69.9,3629,65.3,T1_normal,transformer,115.0,0.0,False,False
1397,4170,4108,149.0,62.65371160725141,T1_normal,-97.092196,27.873028,115.0,-97.258417,27.88929,115.0,62.7,74.9,1528,69.0,T1_normal,line,115.0,10.213708494232446,False,False
1398,12739,4108,202.9,0.0,T1_normal,-97.258417,27.88929,20.0,-97.258417,27.88929,115.0,0.0,0.0,-1,0.0,T1_normal,transformer,115.0,0.0,False,False
1399,12740,4108,177.1,79.05138339920954,T1_normal,-97.258417,27.88929,20.0,-97.258417,27.88929,115.0,79.1,79.1,3629,77.2,T1_normal,transformer,115.0,0.0,False,False
1400,12741,4108,130.4,65.18404907975464,T1_normal,-97.258417,27.88929,20.0,-97.258417,27.88929,115.0,65.2,65.3,3629,61.2,T1_normal,transformer,115.0,0.0,False,False
1401,4108,13167,179.0,21.668575025301863,T1_normal,-97.258417,27.88929,115.0,-97.351834,27.96312533333333,115.0,21.7,91.0,1528,85.0,T3_prevent,line,115.0,7.651776015449131,False,False
1402,4109,4123,133.6,54.097159841775465,T1_normal,-97.4230987368421,27.74350405263158,115.0,-97.4230987368421,27.74350405263158,115.0,54.1,74.2,1272,51.0,T1_normal,line,115.0,0.0,False,False
1403,4109,4156,98.0,15.710312123224073,T1_normal,-97.4230987368421,27.74350405263158,115.0,-97.4230987368421,27.74350405263158,115.0,15.7,60.6,1402,49.1,T1_normal,line,115.0,0.0,False,False
1404,4110,4171,149.0,31.529075416157653,T1_normal,-97.271778,26.235,115.0,-97.629292,26.106086,115.0,31.5,38.7,1082,38.5,T1_normal,line,115.0,23.89218330773125,False,False
1405,4111,4122,122.3,52.32873190120395,T1_normal,-97.77439,26.2062325,115.0,-98.27456266666668,26.232699,115.0,52.3,87.1,1353,73.6,T2_watch,line,115.0,31.05701080929591,False,False
1406,4186,4111,221.0,42.411362334236706,T1_normal,-97.8237255,26.316918,115.0,-97.77439,26.2062325,115.0,42.4,65.4,1308,60.9,T1_normal,line,115.0,8.23604635031213,False,False
1407,4124,4112,221.0,9.335961785059345,T1_normal,-98.216213,26.880517,115.0,-97.90137,27.139147,115.0,9.3,15.5,4680,10.4,T1_normal,line,115.0,26.361993730649125,False,False
1408,4124,4112,221.0,9.335961785059345,T1_normal,-98.216213,26.880517,115.0,-97.90137,27.139147,115.0,9.3,15.5,4680,10.4,T1_normal,line,115.0,26.361993730649125,False,False
1409,4112,4141,221.0,8.071255902706419,T1_normal,-97.90137,27.139147,115.0,-97.61079925,27.13808725,115.0,8.1,14.9,1410,9.1,T1_normal,line,115.0,17.8665334814621,False,False
1410,4112,4141,221.0,8.071255902706419,T1_normal,-97.90137,27.139147,115.0,-97.61079925,27.13808725,115.0,8.1,14.9,1409,9.1,T1_normal,line,115.0,17.8665334814621,False,False
1411,4114,4113,387.0,39.9906388879923,T1_normal,-99.3906115,27.588413625,115.0,-99.3906115,27.588413625,230.0,40.0,72.5,1548,57.7,T1_normal,transformer,230.0,0.0,False,False
1412,4115,4113,124.1,0.0042578003662337,T1_normal,-99.3906115,27.588413625,13.8,-99.3906115,27.588413625,230.0,0.0,0.0,-1,0.0,T1_normal,transformer,230.0,0.0,False,False
1413,4116,4113,114.5,76.23992669846771,T1_normal,-99.3906115,27.588413625,13.8,-99.3906115,27.588413625,230.0,76.2,76.2,3629,73.2,T1_normal,transformer,230.0,0.0,False,False
1414,4146,4113,548.0,12.932237259040589,T1_normal,-99.3906115,27.588413625,230.0,-99.3906115,27.588413625,230.0,12.9,32.9,1469,44.2,T1_normal,line,230.0,0.0,False,False
1415,4190,4114,221.0,9.526622636897066,T1_normal,-99.3906115,27.588413625,115.0,-99.3906115,27.588413625,115.0,9.5,25.1,1469,17.0,T1_normal,line,115.0,0.0,False,False
1416,4190,4114,221.0,9.526622636897066,T1_normal,-99.3906115,27.588413625,115.0,-99.3906115,27.588413625,115.0,9.5,25.1,1469,17.0,T1_normal,line,115.0,0.0,False,False
1417,4114,4197,165.5,44.16417642348081,T1_normal,-99.3906115,27.588413625,115.0,-99.005278,27.488056,115.0,44.2,102.5,1548,82.1,T4_light,line,115.0,24.60507691755682,True,True
1418,4114,4197,165.5,44.16417642348081,T1_normal,-99.3906115,27.588413625,115.0,-99.005278,27.488056,115.0,44.2,102.5,1548,82.1,T4_light,line,115.0,24.60507691755682,True,True
1419,4117,4172,220.0,72.38594736687193,T1_normal,-98.48596,28.764536,115.0,-98.428996,28.935779,115.0,72.4,97.3,3195,87.7,T3_prevent,line,115.0,12.323869098821287,False,False
1420,4139,4118,98.0,8.155061807052931,T1_normal,-97.962915,28.093161,115.0,-98.143051,28.257475,115.0,8.2,76.3,1447,76.3,T1_normal,line,115.0,15.788216461122172,False,False
1421,4148,4118,98.0,6.008203499069455,T1_normal,-98.573186,28.310347,115.0,-98.143051,28.257475,115.0,6.0,62.1,1447,62.1,T1_normal,line,115.0,26.42527171335768,False,False
1422,4164,4119,221.0,28.75067158529562,T1_normal,-98.654824,26.274827,115.0,-99.017108,26.523359,115.0,28.8,38.6,1548,37.8,T1_normal,line,115.0,28.241743237727093,False,False
1423,13250,4119,214.8,63.314711359404065,T1_normal,-99.017108,26.523359,20.0,-99.017108,26.523359,115.0,63.3,63.3,24,59.2,T1_normal,transformer,115.0,0.0,False,False
1424,4119,13428,221.0,52.35639656763663,T1_normal,-99.017108,26.523359,115.0,-98.74585185714284,26.441022428571426,115.0,52.4,84.6,1425,88.2,T2_watch,line,115.0,17.714009594644246,False,False
1425,4119,13428,221.0,52.35639656763663,T1_normal,-99.017108,26.523359,115.0,-98.74585185714284,26.441022428571426,115.0,52.4,84.6,1424,88.2,T2_watch,line,115.0,17.714009594644246,False,False
1426,4120,4150,116.4,61.00986274691846,T1_normal,-97.4230987368421,27.74350405263158,115.0,-97.4230987368421,27.74350405263158,115.0,61.0,82.9,1373,57.0,T2_watch,line,115.0,0.0,False,False
1427,4122,4157,221.0,1.823880707551224,T1_normal,-98.27456266666668,26.232699,115.0,-98.349756,26.24829825,115.0,1.8,17.4,4680,17.3,T1_normal,line,115.0,4.783027800861039,False,False
1428,4122,4157,221.0,1.823880707551224,T1_normal,-98.27456266666668,26.232699,115.0,-98.349756,26.24829825,115.0,1.8,17.4,4680,17.3,T1_normal,line,115.0,4.783027800861039,False,False
1429,12643,4122,246.1,65.97377710660558,T1_normal,-98.27456266666668,26.232699,20.0,-98.27456266666668,26.232699,115.0,66.0,66.0,3629,42.7,T1_normal,transformer,115.0,0.0,False,False
1430,12644,4122,210.2,70.6039337839428,T1_normal,-98.27456266666668,26.232699,20.0,-98.27456266666668,26.232699,115.0,70.6,70.6,3629,49.0,T1_normal,transformer,115.0,0.0,False,False
1431,12645,4122,234.0,64.93179760849932,T1_normal,-98.27456266666668,26.232699,20.0,-98.27456266666668,26.232699,115.0,64.9,64.9,1548,49.2,T1_normal,transformer,115.0,0.0,False,False
1432,4123,4180,98.0,27.630530919885633,T1_normal,-97.4230987368421,27.74350405263158,115.0,-97.114983,27.777437,115.0,27.6,42.6,1121,34.5,T1_normal,line,115.0,18.984000879462837,False,False
1433,4128,4124,221.0,14.85179888913173,T1_normal,-98.74585185714284,26.441022428571426,115.0,-98.216213,26.880517,115.0,14.9,23.9,1434,18.0,T1_normal,line,115.0,44.62813753392088,False,False
1434,4128,4124,221.0,14.85179888913173,T1_normal,-98.74585185714284,26.441022428571426,115.0,-98.216213,26.880517,115.0,14.9,23.9,1433,18.0,T1_normal,line,115.0,44.62813753392088,False,False
1435,6264,4125,333.0,22.41793488153076,T1_normal,-97.894958,28.733411,115.0,-97.8308125,28.6249795,115.0,22.4,107.1,3197,92.3,T4_light,line,115.0,8.440910411996267,True,True
1436,4125,12858,600.0,50.654066299133085,T1_normal,-97.8308125,28.6249795,115.0,-97.8308125,28.6249795,230.0,50.7,61.5,1435,49.7,T1_normal,transformer,230.0,0.0,False,False
1437,4125,12914,275.0,45.45454545454545,T1_normal,-97.8308125,28.6249795,115.0,-98.001388,28.655277,115.0,45.5,90.9,1438,84.9,T3_prevent,line,115.0,10.553445851618472,False,False
1438,4125,12914,275.0,45.45454545454545,T1_normal,-97.8308125,28.6249795,115.0,-98.001388,28.655277,115.0,45.5,90.9,1437,84.9,T3_prevent,line,115.0,10.553445851618472,False,False
1439,4125,13394,137.3,56.41505850624356,T1_normal,-97.8308125,28.6249795,115.0,-97.8000875,28.41935,115.0,56.4,74.7,1217,53.6,T1_normal,line,115.0,14.329700888898298,False,False
1440,4193,4126,250.0,5.5872802841046365,T1_normal,-97.4539215,25.94677375,115.0,-97.4539215,25.94677375,115.0,5.6,15.1,1443,16.0,T1_normal,line,115.0,0.0,False,False
1441,4193,4126,250.0,5.5872802841046365,T1_normal,-97.4539215,25.94677375,115.0,-97.4539215,25.94677375,115.0,5.6,15.1,1443,16.0,T1_normal,line,115.0,0.0,False,False
1442,4193,4126,250.0,5.5872802841046365,T1_normal,-97.4539215,25.94677375,115.0,-97.4539215,25.94677375,115.0,5.6,15.1,1443,16.0,T1_normal,line,115.0,0.0,False,False
1443,4126,13296,220.0,45.97463533299933,T1_normal,-97.4539215,25.94677375,115.0,-97.4539215,25.94677375,115.0,46.0,80.2,1544,75.9,T2_watch,line,115.0,0.0,False,False
1444,4144,4127,143.0,56.91540432315715,T1_normal,-98.060187,27.986244,115.0,-98.07572,27.65992,115.0,56.9,108.6,1459,84.7,T4_light,line,115.0,22.567030842912292,True,True
1445,4128,13093,239.3,83.57709987463434,T2_watch,-98.74585185714284,26.441022428571426,115.0,-97.97505466666668,28.59622966666667,115.0,83.6,83.6,-1,78.2,T2_watch,line,115.0,156.22160491539282,False,False
1446,4129,4130,98.0,50.39595860111033,T1_normal,-98.496692,27.634419,115.0,-98.62897,27.835918,115.0,50.4,100.7,1548,100.6,T4_light,line,115.0,16.101981710980336,True,False
1447,4129,4176,120.0,55.65669952424001,T1_normal,-98.496692,27.634419,115.0,-98.883685,27.48301875,115.0,55.7,96.8,1548,96.7,T3_prevent,line,115.0,25.910582143736576,False,False
1448,4130,4179,98.0,40.72248921335515,T1_normal,-98.62897,27.835918,115.0,-98.385775,27.849558,115.0,40.7,91.0,1548,90.9,T3_prevent,line,115.0,14.887920571267072,False,False
1449,4132,4131,383.0,27.451544735938384,T1_normal,-99.11781366666668,28.92295633333333,115.0,-99.11781366666668,28.92295633333333,230.0,27.5,52.8,1450,85.1,T1_normal,transformer,230.0,0.0,False,False
1450,4132,4131,383.0,27.451544735938384,T1_normal,-99.11781366666668,28.92295633333333,115.0,-99.11781366666668,28.92295633333333,230.0,27.5,52.8,1449,85.1,T1_normal,transformer,230.0,0.0,False,False
1451,4133,4131,266.4,72.86420278546264,T1_normal,-99.11781366666668,28.92295633333333,20.0,-99.11781366666668,28.92295633333333,230.0,72.9,72.9,29,70.4,T1_normal,transformer,230.0,0.0,False,False
1452,4131,6308,608.0,50.821601677930495,T1_normal,-99.11781366666668,28.92295633333333,230.0,-99.141134,29.427375,230.0,50.8,78.5,1453,86.4,T1_normal,line,230.0,34.88073464028166,False,False
1453,4131,6308,608.0,50.821601677930495,T1_normal,-99.11781366666668,28.92295633333333,230.0,-99.141134,29.427375,230.0,50.8,78.5,1452,86.4,T1_normal,line,230.0,34.88073464028166,False,False
1454,4132,4143,149.0,8.732291015455639,T1_normal,-99.11781366666668,28.92295633333333,115.0,-99.191188,28.703396,115.0,8.7,22.9,1137,41.7,T1_normal,line,115.0,15.807299038548718,False,False
1455,4132,4143,116.3,15.556113162154736,T1_normal,-99.11781366666668,28.92295633333333,115.0,-99.191188,28.703396,115.0,15.6,40.7,1137,63.4,T1_normal,line,115.0,15.807299038548718,False,False
1456,6357,4132,149.0,44.69149579373098,T1_normal,-99.168888,29.135837,115.0,-99.11781366666668,28.92295633333333,115.0,44.7,71.2,1000,61.4,T1_normal,line,115.0,15.028958644867227,False,False
1457,4132,13104,210.8,18.85953771907544,T1_normal,-99.11781366666668,28.92295633333333,115.0,-99.11781366666668,28.92295633333333,115.0,18.9,18.9,842,0.0,T1_normal,line,115.0,0.0,False,False
1458,4132,13259,148.7,60.6886983780692,T1_normal,-99.11781366666668,28.92295633333333,115.0,-99.11781366666668,28.92295633333333,115.0,60.7,61.5,3629,82.0,T1_normal,line,115.0,0.0,False,False
1459,4139,4144,143.0,51.653533493765686,T1_normal,-97.962915,28.093161,115.0,-98.060187,27.986244,115.0,51.7,108.6,1444,84.7,T4_light,line,115.0,9.474264480180157,True,True
1460,4139,4169,149.0,37.08227672830411,T1_normal,-97.962915,28.093161,115.0,-97.817507,28.170179,115.0,37.1,86.6,1444,68.0,T2_watch,line,115.0,10.33524054539001,False,False
1461,4141,4140,428.0,39.05653822220574,T1_normal,-97.61079925,27.13808725,115.0,-97.61079925,27.13808725,230.0,39.1,74.3,1462,56.7,T1_normal,transformer,230.0,0.0,False,False
1462,4141,4140,428.0,39.05653822220574,T1_normal,-97.61079925,27.13808725,115.0,-97.61079925,27.13808725,230.0,39.1,74.3,1461,56.7,T1_normal,transformer,230.0,0.0,False,False
1463,4140,4151,443.0,44.71042306867392,T1_normal,-97.61079925,27.13808725,230.0,-97.67189133333332,26.95126033333333,230.0,44.7,69.3,1351,59.4,T1_normal,line,230.0,13.444960939006414,False,False
1464,4140,4196,523.0,2.294890010647004,T1_normal,-97.61079925,27.13808725,230.0,-99.005278,27.488056,230.0,2.3,60.7,1548,60.9,T1_normal,line,230.0,88.95724639596617,False,False
1465,4141,4165,450.0,45.52885758990688,T1_normal,-97.61079925,27.13808725,115.0,-97.61079925,27.13808725,115.0,45.5,65.8,1466,60.4,T1_normal,line,115.0,0.0,False,False
1466,4141,4165,450.0,45.52885758990688,T1_normal,-97.61079925,27.13808725,115.0,-97.61079925,27.13808725,115.0,45.5,65.8,1465,60.4,T1_normal,line,115.0,0.0,False,False
1467,4189,4143,169.0,26.901108414565016,T1_normal,-99.63215,28.4834915,115.0,-99.191188,28.703396,115.0,26.9,49.8,1548,83.5,T1_normal,line,115.0,30.765639347011337,False,False
1468,4144,13256,172.3,90.84363382367938,T3_prevent,-98.060187,27.986244,115.0,-97.98045,27.918286,115.0,90.8,90.8,378,71.0,T3_prevent,line,115.0,6.762523664418171,False,False
1469,4147,4146,459.0,65.80458879945098,T1_normal,-99.3906115,27.588413625,115.0,-99.3906115,27.588413625,230.0,65.8,86.9,1056,77.0,T2_watch,transformer,230.0,0.0,False,False
1470,4146,4196,750.0,30.14619255632404,T1_normal,-99.3906115,27.588413625,230.0,-99.005278,27.488056,230.0,30.1,46.5,1471,38.7,T1_normal,line,230.0,24.60507691755682,False,False
1471,4146,4196,750.0,30.14619255632404,T1_normal,-99.3906115,27.588413625,230.0,-99.005278,27.488056,230.0,30.1,46.5,1470,38.7,T1_normal,line,230.0,24.60507691755682,False,False
1472,4148,4179,98.0,20.395958601110273,T1_normal,-98.573186,28.310347,115.0,-98.385775,27.849558,115.0,20.4,70.7,1548,70.6,T1_normal,line,115.0,33.825580281666,False,False
1473,4173,4149,170.0,45.111581150608465,T1_normal,-96.899059,28.291147,115.0,-97.19689,28.120701,115.0,45.1,58.0,4322,52.0,T1_normal,line,115.0,21.623201014018665,False,False
1474,4149,4182,221.0,51.75341426252473,T1_normal,-97.19689,28.120701,115.0,-97.351834,27.96312533333333,115.0,51.8,63.3,1526,57.2,T1_normal,line,115.0,14.41597786497363,False,False
1475,4152,4151,250.0,45.28323073024655,T1_normal,-97.67189133333332,26.95126033333333,115.0,-97.67189133333332,26.95126033333333,230.0,45.3,58.7,1476,54.2,T1_normal,transformer,230.0,0.0,False,False
1476,4152,4151,250.0,45.28323073024655,T1_normal,-97.67189133333332,26.95126033333333,115.0,-97.67189133333332,26.95126033333333,230.0,45.3,58.7,1475,54.2,T1_normal,transformer,230.0,0.0,False,False
1477,4152,4151,250.0,45.28323073024655,T1_normal,-97.67189133333332,26.95126033333333,115.0,-97.67189133333332,26.95126033333333,230.0,45.3,58.7,1475,54.2,T1_normal,transformer,230.0,0.0,False,False
1478,4153,4151,328.9,86.10519914867743,T2_watch,-97.67189133333332,26.95126033333333,18.0,-97.67189133333332,26.95126033333333,230.0,86.1,86.1,1548,86.1,T2_watch,transformer,230.0,0.0,False,False
1479,4151,4158,750.0,26.91982287261591,T1_normal,-97.67189133333332,26.95126033333333,230.0,-97.4230987368421,27.74350405263158,230.0,26.9,36.7,1548,30.5,T1_normal,line,230.0,56.8289548825227,False,False
1480,4152,13036,450.0,44.66666666666663,T1_normal,-97.67189133333332,26.95126033333333,115.0,-97.67189133333332,26.95126033333333,115.0,44.7,44.9,3629,41.8,T1_normal,line,115.0,0.0,False,False
1481,4164,4155,221.0,34.15619511234136,T1_normal,-98.654824,26.274827,115.0,-98.567191,26.253727,115.0,34.2,43.3,1548,42.0,T1_normal,line,115.0,5.622139902256991,False,False
1482,4155,12906,143.2,63.18316485409294,T1_normal,-98.567191,26.253727,115.0,-98.411111,26.465556,115.0,63.2,92.0,1483,88.8,T3_prevent,line,115.0,17.538190551747494,False,False
1483,4155,12906,143.2,63.18316485409294,T1_normal,-98.567191,26.253727,115.0,-98.411111,26.465556,115.0,63.2,92.0,1482,88.8,T3_prevent,line,115.0,17.538190551747494,False,False
1484,4159,4158,620.0,43.62001825919434,T1_normal,-97.4230987368421,27.74350405263158,115.0,-97.4230987368421,27.74350405263158,230.0,43.6,65.6,1485,55.8,T1_normal,transformer,230.0,0.0,False,False
1485,4159,4158,620.0,43.62001825919434,T1_normal,-97.4230987368421,27.74350405263158,115.0,-97.4230987368421,27.74350405263158,230.0,43.6,65.6,1484,55.8,T1_normal,transformer,230.0,0.0,False,False
1486,4160,4158,421.6,0.8529225451022496,T1_normal,-97.4230987368421,27.74350405263158,13.8,-97.4230987368421,27.74350405263158,230.0,0.9,0.9,3629,0.0,T1_normal,transformer,230.0,0.0,False,False
1487,4161,4158,196.1,67.02927804148614,T1_normal,-97.4230987368421,27.74350405263158,13.8,-97.4230987368421,27.74350405263158,230.0,67.0,67.0,29,49.1,T1_normal,transformer,230.0,0.0,False,False
1488,4162,4158,222.4,62.39402083761355,T1_normal,-97.4230987368421,27.74350405263158,13.8,-97.4230987368421,27.74350405263158,230.0,62.4,62.4,15,51.5,T1_normal,transformer,230.0,0.0,False,False
1489,4159,4168,250.0,19.257915594629083,T1_normal,-97.4230987368421,27.74350405263158,115.0,-97.4230987368421,27.74350405263158,115.0,19.3,23.0,3197,23.2,T1_normal,line,115.0,0.0,False,False
1490,4159,4168,250.0,19.257915594629083,T1_normal,-97.4230987368421,27.74350405263158,115.0,-97.4230987368421,27.74350405263158,115.0,19.3,23.0,3197,23.2,T1_normal,line,115.0,0.0,False,False
1491,4159,4168,250.0,19.257915594629083,T1_normal,-97.4230987368421,27.74350405263158,115.0,-97.4230987368421,27.74350405263158,115.0,19.3,23.0,3197,23.2,T1_normal,line,115.0,0.0,False,False
1492,4159,4168,250.0,19.257915594629083,T1_normal,-97.4230987368421,27.74350405263158,115.0,-97.4230987368421,27.74350405263158,115.0,19.3,23.0,3197,23.2,T1_normal,line,115.0,0.0,False,False
1493,4159,4168,212.5,38.91286088662916,T1_normal,-97.4230987368421,27.74350405263158,115.0,-97.4230987368421,27.74350405263158,115.0,38.9,46.5,3197,46.9,T1_normal,line,115.0,0.0,False,False
1494,4159,4168,212.5,38.91286088662916,T1_normal,-97.4230987368421,27.74350405263158,115.0,-97.4230987368421,27.74350405263158,115.0,38.9,46.5,3197,46.9,T1_normal,line,115.0,0.0,False,False
1495,4159,4168,212.5,38.91286088662916,T1_normal,-97.4230987368421,27.74350405263158,115.0,-97.4230987368421,27.74350405263158,115.0,38.9,46.5,3197,46.9,T1_normal,line,115.0,0.0,False,False
1496,4159,4168,212.5,38.91286088662916,T1_normal,-97.4230987368421,27.74350405263158,115.0,-97.4230987368421,27.74350405263158,115.0,38.9,46.5,3197,46.9,T1_normal,line,115.0,0.0,False,False
1497,4159,12566,1284.0,40.00014212869024,T1_normal,-97.4230987368421,27.74350405263158,115.0,-97.4230987368421,27.74350405263158,500.0,40.0,65.7,1498,63.7,T1_normal,transformer,500.0,0.0,False,False
1498,4159,12566,1284.0,40.00014212869024,T1_normal,-97.4230987368421,27.74350405263158,115.0,-97.4230987368421,27.74350405263158,500.0,40.0,65.7,1497,63.7,T1_normal,transformer,500.0,0.0,False,False
1499,4164,13063,177.3,60.594872852948285,T1_normal,-98.654824,26.274827,115.0,-98.74585185714284,26.441022428571426,115.0,60.6,75.7,1500,74.4,T1_normal,line,115.0,12.791492376640642,False,False
1500,4164,13063,177.3,60.594872852948285,T1_normal,-98.654824,26.274827,115.0,-98.74585185714284,26.441022428571426,115.0,60.6,75.7,1499,74.4,T1_normal,line,115.0,12.791492376640642,False,False
1501,4164,13063,177.3,60.594872852948285,T1_normal,-98.654824,26.274827,115.0,-98.74585185714284,26.441022428571426,115.0,60.6,75.7,1499,74.4,T1_normal,line,115.0,12.791492376640642,False,False
1502,4164,13063,177.3,60.594872852948285,T1_normal,-98.654824,26.274827,115.0,-98.74585185714284,26.441022428571426,115.0,60.6,75.7,1499,74.4,T1_normal,line,115.0,12.791492376640642,False,False
1503,4166,4165,238.7,59.10103928502435,T1_normal,-97.61079925,27.13808725,13.8,-97.61079925,27.13808725,115.0,59.1,84.5,1504,78.9,T2_watch,transformer,115.0,0.0,False,False
1504,4166,4165,222.0,27.263882534525692,T1_normal,-97.61079925,27.13808725,13.8,-97.61079925,27.13808725,115.0,27.3,90.8,1503,84.9,T3_prevent,transformer,115.0,0.0,False,False
1505,4165,13131,220.0,58.91636392929653,T1_normal,-97.61079925,27.13808725,115.0,-97.61079925,27.13808725,115.0,58.9,85.5,1076,79.8,T2_watch,line,115.0,0.0,False,False
1506,4186,4167,149.0,2.482865283235753,T1_normal,-97.8237255,26.316918,115.0,-97.921496,26.477435,115.0,2.5,33.3,1406,31.2,T1_normal,line,115.0,12.634079822714462,False,False
1507,12626,4168,242.3,61.96047580368231,T1_normal,-97.4230987368421,27.74350405263158,20.0,-97.4230987368421,27.74350405263158,115.0,62.0,62.0,0,51.3,T1_normal,transformer,115.0,0.0,False,False
1508,12627,4168,267.5,53.9230419753055,T1_normal,-97.4230987368421,27.74350405263158,20.0,-97.4230987368421,27.74350405263158,115.0,53.9,54.0,3629,41.0,T1_normal,transformer,115.0,0.0,False,False
1509,12628,4168,202.7,70.96517950872804,T1_normal,-97.4230987368421,27.74350405263158,20.0,-97.4230987368421,27.74350405263158,115.0,71.0,71.0,-1,60.9,T1_normal,transformer,115.0,0.0,False,False
1510,12773,4169,368.7,99.52109795529796,T3_prevent,-97.817507,28.170179,20.0,-97.817507,28.170179,115.0,99.5,99.6,3629,77.8,T3_prevent,transformer,115.0,0.0,False,False
1511,4180,4170,149.0,38.58659751329168,T1_normal,-97.114983,27.777437,115.0,-97.092196,27.873028,115.0,38.6,50.8,1528,44.9,T1_normal,line,115.0,6.749949469298637,False,False
1512,6221,4172,149.0,1.736303690923085,T1_normal,-98.240425,28.867033,115.0,-98.428996,28.935779,115.0,1.7,53.2,1419,42.3,T1_normal,line,115.0,12.355881284466724,False,False
1513,4172,6346,149.0,80.21891054133805,T2_watch,-98.428996,28.935779,115.0,-98.48181,29.070547,115.0,80.2,99.9,1102,82.9,T3_prevent,line,115.0,9.843422557223912,False,False
1514,7030,4173,149.0,43.38234091009018,T1_normal,-96.70457766666668,28.589903333333336,115.0,-96.899059,28.291147,115.0,43.4,58.1,4322,51.3,T1_normal,line,115.0,23.78478808538094,False,False
1515,6015,4174,221.0,13.960181759567517,T1_normal,-98.737267,29.283035,115.0,-98.776694,29.203679,115.0,14.0,26.7,2937,26.7,T1_normal,line,115.0,5.976092438489357,False,False
1516,6276,4174,149.0,7.846980999090003,T1_normal,-98.622442,29.243915,115.0,-98.776694,29.203679,115.0,7.8,26.8,2937,26.8,T1_normal,line,115.0,9.707936280574556,False,False
1517,4176,4175,149.0,23.547896032687888,T1_normal,-98.883685,27.48301875,115.0,-99.3906115,27.588413625,115.0,23.5,48.2,1520,43.6,T1_normal,line,115.0,31.900295834120328,False,False
1518,4177,4176,187.6,54.72521611751875,T1_normal,-98.883685,27.48301875,13.8,-98.883685,27.48301875,115.0,54.7,80.0,1519,74.7,T1_normal,transformer,115.0,0.0,False,False
1519,4177,4176,165.0,28.68817852335433,T1_normal,-98.883685,27.48301875,13.8,-98.883685,27.48301875,115.0,28.7,90.9,1518,85.0,T3_prevent,transformer,115.0,0.0,False,False
1520,4176,4197,216.4,98.24146736202307,T3_prevent,-98.883685,27.48301875,115.0,-99.005278,27.488056,115.0,98.2,116.0,1554,106.1,T5_moderate,line,115.0,7.461196508799145,True,False
1521,12802,4176,227.0,66.07929515418502,T1_normal,-98.883685,27.48301875,13.8,-98.883685,27.48301875,115.0,66.1,66.1,30,61.8,T1_normal,transformer,115.0,0.0,False,False
1522,4176,12816,178.9,38.53930361435281,T1_normal,-98.883685,27.48301875,115.0,-98.883685,27.48301875,115.0,38.5,71.2,4920,67.4,T1_normal,line,115.0,0.0,False,False
1523,4176,13423,124.4,43.79250343799488,T1_normal,-98.883685,27.48301875,115.0,-98.883685,27.48301875,115.0,43.8,120.1,1520,108.7,T5_moderate,line,115.0,0.0,True,False
1524,4178,6253,149.0,43.400010700120994,T1_normal,-97.49466233333334,28.47964933333333,115.0,-97.428562,28.857734,115.0,43.4,64.2,3197,54.0,T1_normal,line,115.0,26.428978190752524,False,False
1525,4182,4181,169.0,7.657866754716226,T1_normal,-97.351834,27.96312533333333,115.0,-97.351834,27.96312533333333,230.0,7.7,62.5,1528,55.7,T1_normal,transformer,230.0,0.0,False,False
1526,7274,4181,443.0,63.16165845927646,T1_normal,-97.00621414285716,28.74651585714286,230.0,-97.351834,27.96312533333333,230.0,63.2,80.8,4322,73.7,T2_watch,line,230.0,58.06401171928357,False,False
1527,13050,4181,253.9,78.81055533674672,T1_normal,-97.351834,27.96312533333333,20.0,-97.351834,27.96312533333333,230.0,78.8,78.8,0,73.8,T1_normal,transformer,230.0,0.0,False,False
1528,4182,13167,225.0,55.16144475764848,T1_normal,-97.351834,27.96312533333333,115.0,-97.351834,27.96312533333333,115.0,55.2,79.9,1282,76.3,T1_normal,line,115.0,0.0,False,False
1529,4184,4183,400.0,39.75256122477633,T1_normal,-97.6450875,26.4880805,115.0,-97.6450875,26.4880805,230.0,39.8,47.3,4680,39.1,T1_normal,transformer,230.0,0.0,False,False
1530,12800,4183,350.0,86.00000000000006,T2_watch,-97.6450875,26.4880805,20.0,-97.6450875,26.4880805,230.0,86.0,86.2,3629,80.6,T2_watch,transformer,230.0,0.0,False,False
1531,4191,4184,221.0,0.8425223497763472,T1_normal,-97.566721,26.545765,115.0,-97.6450875,26.4880805,115.0,0.8,14.6,1353,10.0,T1_normal,line,115.0,6.273755825411654,False,False
1532,4191,4184,221.0,0.8425223497763472,T1_normal,-97.566721,26.545765,115.0,-97.6450875,26.4880805,115.0,0.8,14.6,1353,10.0,T1_normal,line,115.0,6.273755825411654,False,False
1533,4184,4194,250.0,32.546838737023265,T1_normal,-97.6450875,26.4880805,115.0,-97.59928033333334,26.348161,115.0,32.5,52.8,1534,42.0,T1_normal,line,115.0,10.074572604356783,False,False
1534,4184,4194,250.0,32.546838737023265,T1_normal,-97.6450875,26.4880805,115.0,-97.59928033333334,26.348161,115.0,32.5,52.8,1533,42.0,T1_normal,line,115.0,10.074572604356783,False,False
1535,4184,13025,146.3,0.0,T1_normal,-97.6450875,26.4880805,115.0,-97.6450875,26.4880805,115.0,0.0,0.0,-1,0.0,T1_normal,line,115.0,0.0,False,False
1536,4184,13025,146.3,0.0,T1_normal,-97.6450875,26.4880805,115.0,-97.6450875,26.4880805,115.0,0.0,0.0,-1,0.0,T1_normal,line,115.0,0.0,False,False
1537,13048,4186,271.1,73.84728882331245,T1_normal,-97.8237255,26.316918,20.0,-97.8237255,26.316918,115.0,73.8,73.9,3629,69.5,T1_normal,transformer,115.0,0.0,False,False
1538,4187,4189,197.0,9.534919432984513,T1_normal,-99.214344,28.293173,115.0,-99.63215,28.4834915,115.0,9.5,109.2,1137,84.4,T4_light,line,115.0,28.598884244372524,True,True
1539,13345,4190,122.6,81.55982229206045,T2_watch,-99.3906115,27.588413625,20.0,-99.3906115,27.588413625,115.0,81.6,81.6,3629,76.5,T2_watch,transformer,115.0,0.0,False,False
1540,4193,4192,438.0,1.4119531020752236,T1_normal,-97.4539215,25.94677375,115.0,-97.4539215,25.94677375,230.0,1.4,8.2,1544,9.6,T1_normal,transformer,230.0,0.0,False,False
1541,4193,4192,438.0,1.4119531020752236,T1_normal,-97.4539215,25.94677375,115.0,-97.4539215,25.94677375,230.0,1.4,8.2,1544,9.6,T1_normal,transformer,230.0,0.0,False,False
1542,4193,4192,438.0,1.4119531020752236,T1_normal,-97.4539215,25.94677375,115.0,-97.4539215,25.94677375,230.0,1.4,8.2,1544,9.6,T1_normal,transformer,230.0,0.0,False,False
1543,12896,4192,382.0,0.0,T1_normal,-97.4539215,25.94677375,20.0,-97.4539215,25.94677375,230.0,0.0,0.0,-1,0.0,T1_normal,transformer,230.0,0.0,False,False
1544,4193,13296,289.0,69.74793715208165,T1_normal,-97.4539215,25.94677375,115.0,-97.4539215,25.94677375,115.0,69.7,91.4,1319,84.0,T3_prevent,line,115.0,0.0,False,False
1545,13033,4194,297.6,67.74193548387096,T1_normal,-97.59928033333334,26.348161,20.0,-97.59928033333334,26.348161,115.0,67.7,67.7,2,63.3,T1_normal,transformer,115.0,0.0,False,False
1546,4196,4195,1233.0,50.049288491111,T1_normal,-99.005278,27.488056,230.0,-99.005278,27.488056,500.0,50.0,96.5,1547,84.5,T3_prevent,transformer,500.0,0.0,False,False
1547,4196,4195,1233.0,50.049288491111,T1_normal,-99.005278,27.488056,230.0,-99.005278,27.488056,500.0,50.0,96.5,1546,84.5,T3_prevent,transformer,500.0,0.0,False,False
1548,4195,6239,2020.0,65.66908189063356,T1_normal,-99.005278,27.488056,500.0,-98.35335,29.282378,500.0,65.7,70.4,4322,61.9,T1_normal,line,500.0,130.15568662848386,False,False
1549,13353,4195,133.2,69.29429429429432,T1_normal,-99.005278,27.488056,20.0,-99.005278,27.488056,500.0,69.3,69.3,2,64.8,T1_normal,transformer,500.0,0.0,False,False
1550,4197,4196,700.0,55.001449363589344,T1_normal,-99.005278,27.488056,115.0,-99.005278,27.488056,230.0,55.0,83.8,1551,79.8,T2_watch,transformer,230.0,0.0,False,False
1551,4197,4196,700.0,55.001449363589344,T1_normal,-99.005278,27.488056,115.0,-99.005278,27.488056,230.0,55.0,83.8,1550,79.8,T2_watch,transformer,230.0,0.0,False,False
1552,4197,13067,187.0,92.34072095438536,T3_prevent,-99.005278,27.488056,115.0,-98.91,27.44,115.0,92.3,139.5,1553,129.6,T6_heavy,line,115.0,6.718997387749657,True,False
1553,4197,13067,187.0,92.34072095438536,T3_prevent,-99.005278,27.488056,115.0,-98.91,27.44,115.0,92.3,139.5,1552,129.6,T6_heavy,line,115.0,6.718997387749657,True,False
1554,4197,13423,215.7,66.79158568816868,T1_normal,-99.005278,27.488056,115.0,-98.883685,27.48301875,115.0,66.8,97.0,1520,89.3,T3_prevent,line,115.0,7.461196508799145,False,False
1555,5003,5181,218.0,83.58739645131595,T2_watch,-96.6344372,32.9086048,161.0,-96.6344372,32.9086048,161.0,83.6,104.4,1560,88.7,T4_light,line,161.0,0.0,True,True
1556,5003,5213,251.0,72.63244074584895,T1_normal,-96.6344372,32.9086048,161.0,-96.6344372,32.9086048,161.0,72.6,94.9,2480,69.0,T3_prevent,line,161.0,0.0,False,False
1557,5003,5308,338.1,72.591840339415,T1_normal,-96.6344372,32.9086048,161.0,-96.5458,32.8358,161.0,72.6,88.2,1558,64.8,T2_watch,line,161.0,7.194610006397653,False,False
1558,5003,5351,292.1,86.83004030650595,T2_watch,-96.6344372,32.9086048,161.0,-96.6344372,32.9086048,161.0,86.8,119.9,1559,88.4,T5_moderate,line,161.0,0.0,True,True
1559,5003,5351,292.1,86.83004030650595,T2_watch,-96.6344372,32.9086048,161.0,-96.6344372,32.9086048,161.0,86.8,119.9,1558,88.4,T5_moderate,line,161.0,0.0,True,True
1560,5003,5436,236.0,96.45971655448676,T3_prevent,-96.6344372,32.9086048,161.0,-96.80082027272728,32.808276409090915,161.0,96.5,119.7,1881,87.2,T5_moderate,line,161.0,11.887349355034631,True,True
1561,5004,5426,251.0,17.93464404052648,T1_normal,-96.329632,32.158265,161.0,-96.245039,32.366686,161.0,17.9,59.5,2318,27.3,T1_normal,line,161.0,15.225216534653086,False,False
1562,5476,5004,251.0,13.261337267618105,T1_normal,-96.38666966666666,32.061173333333336,161.0,-96.329632,32.158265,161.0,13.3,54.8,2318,28.8,T1_normal,line,161.0,7.493097317884998,False,False
1563,5005,5046,214.7,763.3742555976817,T7_structural,-98.008849,32.527015,161.0,-98.187624,32.1858615,161.0,763.4,1443.9,1917,26.3,T7_structural,line,161.0,25.777917291020508,True,True
1564,5133,5005,187.0,1462.517931736283,T7_structural,-97.924354,32.362649,161.0,-98.008849,32.527015,161.0,1462.5,2680.3,1917,49.8,T7_structural,line,161.0,12.37936454679943,True,True
1565,5005,5435,187.0,590.8524094003351,T7_structural,-98.008849,32.527015,161.0,-98.17276,32.600503,161.0,590.9,1037.8,1563,74.3,T7_structural,line,161.0,10.811399520097536,True,True
1566,5006,5072,310.0,19.823457087172773,T1_normal,-96.80082027272728,32.808276409090915,161.0,-96.80082027272728,32.808276409090915,161.0,19.8,32.1,1570,23.2,T1_normal,line,161.0,0.0,False,False
1567,5006,5072,310.0,19.823457087172773,T1_normal,-96.80082027272728,32.808276409090915,161.0,-96.80082027272728,32.808276409090915,161.0,19.8,32.1,1570,23.2,T1_normal,line,161.0,0.0,False,False
1568,5006,5072,310.0,19.823457087172773,T1_normal,-96.80082027272728,32.808276409090915,161.0,-96.80082027272728,32.808276409090915,161.0,19.8,32.1,1570,23.2,T1_normal,line,161.0,0.0,False,False
1569,5006,5072,214.9,31.217543244262952,T1_normal,-96.80082027272728,32.808276409090915,161.0,-96.80082027272728,32.808276409090915,161.0,31.2,50.6,1570,36.6,T1_normal,line,161.0,0.0,False,False
1570,5006,5103,205.0,96.93380009923486,T3_prevent,-96.80082027272728,32.808276409090915,161.0,-96.7025715,32.983810000000005,161.0,96.9,110.9,1889,85.1,T5_moderate,line,161.0,13.400960304182082,True,True
1571,5006,5289,310.0,35.430704639749926,T1_normal,-96.80082027272728,32.808276409090915,161.0,-96.80082027272728,32.808276409090915,161.0,35.4,57.7,1572,38.9,T1_normal,line,161.0,0.0,False,False
1572,5289,5006,310.0,35.430704639749926,T1_normal,-96.80082027272728,32.808276409090915,161.0,-96.80082027272728,32.808276409090915,161.0,35.4,57.7,1571,38.9,T1_normal,line,161.0,0.0,False,False
1573,5006,5294,187.0,51.41237028288453,T1_normal,-96.80082027272728,32.808276409090915,161.0,-96.80082027272728,32.808276409090915,161.0,51.4,68.4,1677,43.2,T1_normal,line,161.0,0.0,False,False
1574,5007,5012,251.0,36.57489329935302,T1_normal,-97.13581333333332,33.210620166666665,161.0,-97.13581333333332,33.210620166666665,161.0,36.6,122.3,2072,102.5,T5_moderate,line,161.0,0.0,True,False
1575,5007,5012,217.4,20.94659335461117,T1_normal,-97.13581333333332,33.210620166666665,161.0,-97.13581333333332,33.210620166666665,161.0,20.9,70.1,2072,58.7,T1_normal,line,161.0,0.0,False,False
1576,5165,5007,409.0,4.364329423784104,T1_normal,-97.13581333333332,33.210620166666665,161.0,-97.13581333333332,33.210620166666665,161.0,4.4,74.4,2072,62.0,T1_normal,line,161.0,0.0,False,False
1577,5134,5008,251.0,47.81719284729505,T1_normal,-98.892466,32.804272,161.0,-99.33232,32.77921550000001,161.0,47.8,87.2,2047,71.8,T2_watch,line,161.0,25.60686796115697,False,False
1578,5347,5008,187.0,88.82313316380437,T2_watch,-99.1533074,32.3857988,161.0,-99.33232,32.77921550000001,161.0,88.8,146.6,1742,95.9,T6_heavy,line,161.0,29.112229865980694,True,True
1579,5396,5008,400.0,74.60010326575619,T1_normal,-99.33232,32.77921550000001,161.0,-99.33232,32.77921550000001,161.0,74.6,97.1,2047,88.3,T3_prevent,line,161.0,0.0,False,False
1580,5009,5294,187.0,2.4333154587680537,T1_normal,-96.80082027272728,32.808276409090915,161.0,-96.80082027272728,32.808276409090915,161.0,2.4,28.6,2029,44.5,T1_normal,line,161.0,0.0,False,False
1581,5009,5311,187.0,14.570644432651724,T1_normal,-96.80082027272728,32.808276409090915,161.0,-96.80082027272728,32.808276409090915,161.0,14.6,30.9,1582,45.1,T1_normal,line,161.0,0.0,False,False
1582,5009,5482,409.0,11.344751920205177,T1_normal,-96.80082027272728,32.808276409090915,161.0,-96.80082027272728,32.808276409090915,161.0,11.3,19.4,2029,23.6,T1_normal,line,161.0,0.0,False,False
1583,5010,5096,310.0,72.16714378287449,T1_normal,-96.73076228571428,33.04730142857143,161.0,-96.73076228571428,33.04730142857143,161.0,72.2,119.6,1584,92.2,T5_moderate,line,161.0,0.0,True,True
1584,5010,5096,310.0,72.16714378287449,T1_normal,-96.73076228571428,33.04730142857143,161.0,-96.73076228571428,33.04730142857143,161.0,72.2,119.6,1583,92.2,T5_moderate,line,161.0,0.0,True,True
1585,5010,5357,220.0,4.177284917743536,T1_normal,-96.73076228571428,33.04730142857143,161.0,-96.6508655,33.101957,161.0,4.2,102.9,1805,90.0,T4_light,line,161.0,5.971576541386944,True,True
1586,5386,5010,310.0,43.97221723294888,T1_normal,-96.7025715,32.983810000000005,161.0,-96.73076228571428,33.04730142857143,161.0,44.0,73.3,1587,55.5,T1_normal,line,161.0,4.681065178952691,False,False
1587,5386,5010,310.0,43.97221723294888,T1_normal,-96.7025715,32.983810000000005,161.0,-96.73076228571428,33.04730142857143,161.0,44.0,73.3,1586,55.5,T1_normal,line,161.0,4.681065178952691,False,False
1588,5011,5054,251.0,19.194906873936304,T1_normal,-96.608952,31.299588,161.0,-96.520013,31.503056,161.0,19.2,45.5,2181,35.1,T1_normal,line,161.0,15.00503262918344,False,False
1589,8084,5011,251.0,22.238731575131684,T1_normal,-96.4866,31.1803,161.0,-96.608952,31.299588,161.0,22.2,48.5,2181,38.1,T1_normal,line,161.0,10.962501528960829,False,False
1590,5012,5017,187.0,2.202757701794096,T1_normal,-97.13581333333332,33.210620166666665,161.0,-97.311628,33.198704,161.0,2.2,57.0,2072,51.1,T1_normal,line,161.0,10.19755739644636,False,False
1591,5012,5165,204.9,12.647297193029631,T1_normal,-97.13581333333332,33.210620166666665,161.0,-97.13581333333332,33.210620166666665,161.0,12.6,104.9,2072,87.7,T4_light,line,161.0,0.0,True,True
1592,5012,5315,351.0,39.21071000401691,T1_normal,-97.13581333333332,33.210620166666665,161.0,-97.13581333333332,33.210620166666665,161.0,39.2,73.4,2076,67.1,T1_normal,line,161.0,0.0,False,False
1593,5012,13266,209.6,104.978282992474,T4_light,-97.13581333333332,33.210620166666665,161.0,-97.466582,33.243525500000004,161.0,105.0,137.0,2072,81.7,T6_heavy,line,161.0,19.252340208535795,True,True
1594,5013,5101,187.0,58.1736340003945,T1_normal,-98.805134,31.842565,161.0,-98.6525545,31.8568005,161.0,58.2,131.4,1697,40.4,T6_heavy,line,161.0,9.008893391547984,True,True
1595,5156,5013,208.0,31.45437501118064,T1_normal,-98.927404,31.931233,161.0,-98.805134,31.842565,161.0,31.5,73.4,2533,89.7,T1_normal,line,161.0,9.433380444494798,False,False
1596,5013,5226,187.0,72.29932730313917,T1_normal,-98.805134,31.842565,161.0,-98.776277,31.686677,161.0,72.3,164.2,1697,66.0,T7_structural,line,161.0,10.903525603587518,True,True
1597,5013,13051,208.1,34.83909010061947,T1_normal,-98.805134,31.842565,161.0,-98.6525545,31.8568005,161.0,34.8,82.0,1697,43.6,T2_watch,line,161.0,9.008893391547984,False,False
1598,5014,5455,251.0,93.5345201460028,T3_prevent,-97.466582,33.243525500000004,161.0,-97.669953,33.372433,161.0,93.5,146.6,663,84.9,T6_heavy,line,161.0,14.739030887373993,True,True
1599,5014,13266,186.5,117.9809550414075,T5_moderate,-97.466582,33.243525500000004,161.0,-97.466582,33.243525500000004,161.0,118.0,154.0,2072,91.8,T7_structural,line,161.0,0.0,True,True
1600,5016,5015,1206.0,59.413285514064015,T1_normal,-97.254531,32.926023,161.0,-97.254531,32.926023,500.0,59.4,83.9,1601,70.8,T2_watch,transformer,500.0,0.0,False,False
1601,5016,5015,1206.0,59.413285514064015,T1_normal,-97.254531,32.926023,161.0,-97.254531,32.926023,500.0,59.4,83.9,1600,70.8,T2_watch,transformer,500.0,0.0,False,False
1602,5015,5047,2219.0,2.392909596002653,T1_normal,-97.254531,32.926023,500.0,-97.188374,32.503973,500.0,2.4,32.6,1605,25.5,T1_normal,line,500.0,29.413679940999035,False,False
1603,5063,5015,2020.0,74.7093603131559,T1_normal,-97.12502636363637,32.69967490909091,500.0,-97.254531,32.926023,500.0,74.7,91.9,1606,88.1,T3_prevent,line,500.0,17.353474238460986,False,False
1604,5015,5164,2020.0,8.070091827088687,T1_normal,-97.254531,32.926023,500.0,-97.13581333333332,33.210620166666665,500.0,8.1,41.0,2075,43.7,T1_normal,line,500.0,20.830847419330407,False,False
1605,5361,5015,4352.0,92.99713984303148,T3_prevent,-97.9208,33.1964,500.0,-97.254531,32.926023,500.0,93.0,104.7,2075,98.1,T4_light,line,500.0,42.86636920757607,True,True
1606,5015,5384,2121.3,61.70221168603149,T1_normal,-97.254531,32.926023,500.0,-96.80082027272728,32.808276409090915,500.0,61.7,73.6,1603,73.8,T1_normal,line,500.0,27.5589561577509,False,False
1607,5015,5479,2020.0,10.163521158204464,T1_normal,-97.254531,32.926023,500.0,-97.306547,32.532666,500.0,10.2,37.7,1605,34.8,T1_normal,line,500.0,27.346290616557823,False,False
1608,5015,12863,2149.4,19.494834323187213,T1_normal,-97.254531,32.926023,500.0,-97.458078,32.3380315,500.0,19.5,45.4,1605,43.4,T1_normal,line,500.0,42.317937065785216,False,False
1609,5265,5016,409.0,68.069653077837,T1_normal,-97.254531,32.926023,161.0,-97.254531,32.926023,161.0,68.1,93.6,1610,80.5,T3_prevent,line,161.0,0.0,False,False
1610,5265,5016,409.0,68.069653077837,T1_normal,-97.254531,32.926023,161.0,-97.254531,32.926023,161.0,68.1,93.6,1609,80.5,T3_prevent,line,161.0,0.0,False,False
1611,5265,5016,409.0,68.069653077837,T1_normal,-97.254531,32.926023,161.0,-97.254531,32.926023,161.0,68.1,93.6,1609,80.5,T3_prevent,line,161.0,0.0,False,False
1612,5420,5016,310.0,49.1731587671061,T1_normal,-97.34008506896552,32.753233586206896,161.0,-97.254531,32.926023,161.0,49.2,82.8,1613,71.9,T2_watch,line,161.0,12.930599101883663,False,False
1613,5420,5016,310.0,49.1731587671061,T1_normal,-97.34008506896552,32.753233586206896,161.0,-97.254531,32.926023,161.0,49.2,82.8,1612,71.9,T2_watch,line,161.0,12.930599101883663,False,False
1614,5218,5017,187.0,53.98912252502004,T1_normal,-97.340499,33.099993,161.0,-97.311628,33.198704,161.0,54.0,90.7,2072,68.8,T3_prevent,line,161.0,7.021862504732413,False,False
1615,5017,5315,187.0,39.11791562536516,T1_normal,-97.311628,33.198704,161.0,-97.13581333333332,33.210620166666665,161.0,39.1,62.4,2372,47.6,T1_normal,line,161.0,10.19755739644636,False,False
1616,5019,5018,590.0,25.89465900220869,T1_normal,-98.244763,33.097641,161.0,-98.244763,33.097641,500.0,25.9,35.3,1944,22.3,T1_normal,transformer,500.0,0.0,False,False
1617,5020,5018,164.2,73.0816077953715,T1_normal,-98.244763,33.097641,13.8,-98.244763,33.097641,500.0,73.1,73.3,3629,68.5,T1_normal,transformer,500.0,0.0,False,False
1618,5018,5021,2487.5,68.73530123774582,T1_normal,-98.244763,33.097641,500.0,-97.572841,32.708154,500.0,68.7,94.1,1630,85.9,T3_prevent,line,500.0,47.366050312287165,False,False
1619,5018,5055,2020.0,105.9244855303004,T4_light,-98.244763,33.097641,500.0,-98.7321385,33.1268065,500.0,105.9,169.8,1630,89.6,T7_structural,line,500.0,28.277928507886976,True,True
1620,5018,5236,3146.0,31.044566646878614,T1_normal,-98.244763,33.097641,500.0,-98.81875,33.316907,500.0,31.0,48.0,1621,38.1,T1_normal,line,500.0,36.477381273981685,False,False
1621,5018,5236,3146.0,31.044566646878614,T1_normal,-98.244763,33.097641,500.0,-98.81875,33.316907,500.0,31.0,48.0,1620,38.1,T1_normal,line,500.0,36.477381273981685,False,False
1622,5018,5361,2468.4,59.540409513005734,T1_normal,-98.244763,33.097641,500.0,-97.9208,33.1964,500.0,59.5,90.7,1623,80.1,T3_prevent,line,500.0,19.94497308893735,False,False
1623,5018,5361,2468.4,59.540409513005734,T1_normal,-98.244763,33.097641,500.0,-97.9208,33.1964,500.0,59.5,90.7,1622,80.1,T3_prevent,line,500.0,19.94497308893735,False,False
1624,5018,5394,2587.1,38.77379086726512,T1_normal,-98.244763,33.097641,500.0,-99.33232,32.77921550000001,500.0,38.8,52.0,1625,75.8,T1_normal,line,500.0,66.79198952327712,False,False
1625,5018,5394,2587.1,38.77379086726512,T1_normal,-98.244763,33.097641,500.0,-99.33232,32.77921550000001,500.0,38.8,52.0,1624,75.8,T1_normal,line,500.0,66.79198952327712,False,False
1626,5018,5413,2768.0,51.20202980302296,T1_normal,-98.244763,33.097641,500.0,-98.2935895,32.711098,500.0,51.2,67.9,1605,56.3,T1_normal,line,500.0,26.857609337682437,False,False
1627,5019,5176,251.0,60.867923551008495,T1_normal,-98.244763,33.097641,161.0,-98.324274,32.904994,161.0,60.9,82.9,1944,52.4,T2_watch,line,161.0,14.085609942331065,False,False
1628,5022,5021,1375.0,71.3154191816903,T1_normal,-97.572841,32.708154,161.0,-97.572841,32.708154,500.0,71.3,110.5,1629,94.7,T5_moderate,transformer,500.0,0.0,True,True
1629,5022,5021,1375.0,71.3154191816903,T1_normal,-97.572841,32.708154,161.0,-97.572841,32.708154,500.0,71.3,110.5,1628,94.7,T5_moderate,transformer,500.0,0.0,True,True
1630,5021,5055,2419.1,98.18016692681246,T3_prevent,-97.572841,32.708154,500.0,-98.7321385,33.1268065,500.0,98.2,126.5,1619,88.6,T6_heavy,line,500.0,73.19815560505181,True,True
1631,5021,5401,3146.0,23.368571360624124,T1_normal,-97.572841,32.708154,500.0,-97.69946625,32.40925625,500.0,23.4,46.5,1633,39.4,T1_normal,line,500.0,21.929077526302443,False,False
1632,5021,5413,3146.0,20.117074717514903,T1_normal,-97.572841,32.708154,500.0,-98.2935895,32.711098,500.0,20.1,32.0,1630,31.8,T1_normal,line,500.0,41.902679149245664,False,False
1633,5479,5021,2768.0,73.02749004793174,T1_normal,-97.306547,32.532666,500.0,-97.572841,32.708154,500.0,73.0,97.0,1605,88.8,T3_prevent,line,500.0,19.676832747717174,False,False
1634,5249,5022,409.0,64.77672491561249,T1_normal,-97.34008506896552,32.753233586206896,161.0,-97.572841,32.708154,161.0,64.8,107.4,1635,93.8,T4_light,line,161.0,13.882496081108137,True,True
1635,5249,5022,409.0,64.77672491561249,T1_normal,-97.34008506896552,32.753233586206896,161.0,-97.572841,32.708154,161.0,64.8,107.4,1634,93.8,T4_light,line,161.0,13.882496081108137,True,True
1636,5306,5022,310.0,52.28148153412629,T1_normal,-97.572841,32.708154,161.0,-97.572841,32.708154,161.0,52.3,84.3,1637,68.0,T2_watch,line,161.0,0.0,False,False
1637,5306,5022,310.0,52.28148153412629,T1_normal,-97.572841,32.708154,161.0,-97.572841,32.708154,161.0,52.3,84.3,1636,68.0,T2_watch,line,161.0,0.0,False,False
1638,5022,5441,550.0,87.90138474319888,T2_watch,-97.572841,32.708154,161.0,-97.34008506896552,32.753233586206896,161.0,87.9,111.8,1639,94.3,T5_moderate,line,161.0,13.882496081108137,True,True
1639,5022,5441,550.0,87.90138474319888,T2_watch,-97.572841,32.708154,161.0,-97.34008506896552,32.753233586206896,161.0,87.9,111.8,1638,94.3,T5_moderate,line,161.0,13.882496081108137,True,True
1640,5140,5024,187.0,7.036595571968311,T1_normal,-97.73162625,31.4620585,161.0,-97.73162625,31.4620585,161.0,7.0,26.6,2547,26.8,T1_normal,line,161.0,0.0,False,False
1641,5024,5182,187.0,9.968899710084116,T1_normal,-97.73162625,31.4620585,161.0,-97.73162625,31.4620585,161.0,10.0,35.4,2547,37.1,T1_normal,line,161.0,0.0,False,False
1642,5452,5024,251.0,45.27054699275752,T1_normal,-97.968224,31.219045,161.0,-97.73162625,31.4620585,161.0,45.3,80.2,2547,80.2,T2_watch,line,161.0,21.837463938176988,False,False
1643,5024,5466,205.0,15.077461841162693,T1_normal,-97.73162625,31.4620585,161.0,-97.73162625,31.4620585,161.0,15.1,66.4,2547,64.7,T1_normal,line,161.0,0.0,False,False
1644,5453,5025,310.0,5.7931139759390256,T1_normal,-97.458078,32.3380315,161.0,-97.458078,32.3380315,161.0,5.8,36.9,2548,42.2,T1_normal,line,161.0,0.0,False,False
1645,5453,5025,310.0,5.7931139759390256,T1_normal,-97.458078,32.3380315,161.0,-97.458078,32.3380315,161.0,5.8,36.9,2548,42.2,T1_normal,line,161.0,0.0,False,False
1646,5025,5473,310.0,6.216563443415901,T1_normal,-97.458078,32.3380315,161.0,-97.655141,32.266222,161.0,6.2,49.0,2548,54.2,T1_normal,line,161.0,12.53268512638086,False,False
1647,5025,5473,310.0,6.216563443415901,T1_normal,-97.458078,32.3380315,161.0,-97.655141,32.266222,161.0,6.2,49.0,2548,54.2,T1_normal,line,161.0,12.53268512638086,False,False
1648,5026,5104,310.0,17.915594240463175,T1_normal,-97.34008506896552,32.753233586206896,161.0,-97.34008506896552,32.753233586206896,161.0,17.9,31.8,1638,20.4,T1_normal,line,161.0,0.0,False,False
1649,5026,5104,310.0,17.915594240463175,T1_normal,-97.34008506896552,32.753233586206896,161.0,-97.34008506896552,32.753233586206896,161.0,17.9,31.8,1638,20.4,T1_normal,line,161.0,0.0,False,False
1650,5026,5375,251.0,23.90884947355421,T1_normal,-97.34008506896552,32.753233586206896,161.0,-97.34008506896552,32.753233586206896,161.0,23.9,53.3,2469,39.0,T1_normal,line,161.0,0.0,False,False
1651,5026,5441,261.1,30.759276274598815,T1_normal,-97.34008506896552,32.753233586206896,161.0,-97.34008506896552,32.753233586206896,161.0,30.8,71.7,2568,73.0,T1_normal,line,161.0,0.0,False,False
1652,5027,5098,409.0,7.161056653056574,T1_normal,-97.34008506896552,32.753233586206896,161.0,-97.34008506896552,32.753233586206896,161.0,7.2,43.1,1865,39.8,T1_normal,line,161.0,0.0,False,False
1653,5027,5441,252.0,84.20072485265221,T2_watch,-97.34008506896552,32.753233586206896,161.0,-97.34008506896552,32.753233586206896,161.0,84.2,131.9,2548,90.4,T6_heavy,line,161.0,0.0,True,True
1654,5027,5469,310.0,33.56102796877647,T1_normal,-97.34008506896552,32.753233586206896,161.0,-97.34008506896552,32.753233586206896,161.0,33.6,46.1,1655,44.3,T1_normal,line,161.0,0.0,False,False
1655,5027,5469,310.0,33.56102796877647,T1_normal,-97.34008506896552,32.753233586206896,161.0,-97.34008506896552,32.753233586206896,161.0,33.6,46.1,1654,44.3,T1_normal,line,161.0,0.0,False,False
1656,5027,5481,409.0,16.560334359892416,T1_normal,-97.34008506896552,32.753233586206896,161.0,-97.34008506896552,32.753233586206896,161.0,16.6,33.6,1917,38.0,T1_normal,line,161.0,0.0,False,False
1657,5097,5028,310.0,70.36964954444063,T1_normal,-97.0886755,32.837196,161.0,-97.34008506896552,32.753233586206896,161.0,70.4,118.0,1658,86.1,T5_moderate,line,161.0,15.712388946392196,True,True
1658,5097,5028,310.0,70.36964954444063,T1_normal,-97.0886755,32.837196,161.0,-97.34008506896552,32.753233586206896,161.0,70.4,118.0,1657,86.1,T5_moderate,line,161.0,15.712388946392196,True,True
1659,5028,5233,310.0,27.208019875834843,T1_normal,-97.34008506896552,32.753233586206896,161.0,-97.0886755,32.837196,161.0,27.2,58.6,1660,62.5,T1_normal,line,161.0,15.712388946392196,False,False
1660,5028,5478,409.0,77.16357532890218,T1_normal,-97.34008506896552,32.753233586206896,161.0,-96.9700122,32.8603614,161.0,77.2,90.4,2386,55.8,T3_prevent,line,161.0,22.730435499763317,False,False
1661,5029,5142,251.0,1.242925875739589,T1_normal,-97.260738,31.291151,161.0,-97.390061,31.285086,161.0,1.2,57.6,2329,52.2,T1_normal,line,161.0,7.647431066501266,False,False
1662,5461,5029,251.0,0.1393402183690244,T1_normal,-97.314427,31.08967366666667,161.0,-97.260738,31.291151,161.0,0.1,56.5,2329,50.9,T1_normal,line,161.0,14.278010068587047,False,False
1663,5312,5030,251.0,3.038258332198587,T1_normal,-97.561179,32.900196,161.0,-97.6966,32.853068,161.0,3.0,31.7,1664,32.7,T1_normal,line,161.0,8.506167051019077,False,False
1664,5030,5430,310.0,28.14065432703824,T1_normal,-97.6966,32.853068,161.0,-97.825534,32.762033333333335,161.0,28.1,41.8,2533,52.1,T1_normal,line,161.0,9.778954243300168,False,False
1665,5031,5141,187.0,30.87965740262354,T1_normal,-96.483157,33.151747,161.0,-96.378479,33.321734,161.0,30.9,81.3,2356,75.6,T2_watch,line,161.0,13.211484119252397,False,False
1666,5031,5296,251.0,3.3815868669259004,T1_normal,-96.483157,33.151747,161.0,-96.643077,33.194952,161.0,3.4,84.0,2356,73.3,T2_watch,line,161.0,9.718499539140142,False,False
1667,5408,5031,187.0,3.779282150325741,T1_normal,-96.356004,33.174219,161.0,-96.483157,33.151747,161.0,3.8,70.7,2356,62.1,T1_normal,line,161.0,7.5166307905785565,False,False
1668,5032,5090,251.0,5.799696996137461,T1_normal,-96.80082027272728,32.808276409090915,161.0,-96.80082027272728,32.808276409090915,161.0,5.8,22.8,1677,24.1,T1_normal,line,161.0,0.0,False,False
1669,5032,5128,227.9,34.07637449119145,T1_normal,-96.80082027272728,32.808276409090915,161.0,-96.80082027272728,32.808276409090915,161.0,34.1,55.6,2544,30.0,T1_normal,line,161.0,0.0,False,False
1670,5214,5032,187.0,21.042168525464593,T1_normal,-96.80082027272728,32.808276409090915,161.0,-96.80082027272728,32.808276409090915,161.0,21.0,65.0,2544,30.4,T1_normal,line,161.0,0.0,False,False
1671,5032,5228,310.0,24.583993930146303,T1_normal,-96.80082027272728,32.808276409090915,161.0,-96.80082027272728,32.808276409090915,161.0,24.6,46.2,2217,50.4,T1_normal,line,161.0,0.0,False,False
1672,5032,5228,310.0,24.583993930146303,T1_normal,-96.80082027272728,32.808276409090915,161.0,-96.80082027272728,32.808276409090915,161.0,24.6,46.2,2217,50.4,T1_normal,line,161.0,0.0,False,False
1673,5032,5229,224.0,53.89402993365433,T1_normal,-96.80082027272728,32.808276409090915,161.0,-96.80082027272728,32.808276409090915,161.0,53.9,121.3,1677,52.1,T5_moderate,line,161.0,0.0,True,True
1674,5032,5329,187.0,0.885958111156473,T1_normal,-96.80082027272728,32.808276409090915,161.0,-96.80082027272728,32.808276409090915,161.0,0.9,143.9,1677,71.7,T6_heavy,line,161.0,0.0,True,True
1675,5032,5340,225.0,21.23032861300784,T1_normal,-96.80082027272728,32.808276409090915,161.0,-96.80082027272728,32.808276409090915,161.0,21.2,52.4,1677,50.2,T1_normal,line,161.0,0.0,False,False
1676,5032,5467,199.9,11.608212082152528,T1_normal,-96.80082027272728,32.808276409090915,161.0,-96.80082027272728,32.808276409090915,161.0,11.6,42.3,1677,41.1,T1_normal,line,161.0,0.0,False,False
1677,5034,5033,1209.0,120.3617162269388,T5_moderate,-96.80082027272728,32.808276409090915,161.0,-96.80082027272728,32.808276409090915,500.0,120.4,134.8,2544,80.4,T6_heavy,transformer,500.0,0.0,True,True
1678,5033,5047,2768.0,37.25971635325262,T1_normal,-96.80082027272728,32.808276409090915,500.0,-97.188374,32.503973,500.0,37.3,44.0,1606,41.7,T1_normal,line,500.0,30.827553699885144,False,False
1679,5033,5350,2768.0,0.4180234011749605,T1_normal,-96.80082027272728,32.808276409090915,500.0,-96.6344372,32.9086048,500.0,0.4,7.8,1677,10.8,T1_normal,line,500.0,11.887349355034631,False,False
1680,5033,5384,3146.0,6.330281410558038,T1_normal,-96.80082027272728,32.808276409090915,500.0,-96.80082027272728,32.808276409090915,500.0,6.3,16.7,1678,11.0,T1_normal,line,500.0,0.0,False,False
1681,5033,5384,2086.0,12.707248674617746,T1_normal,-96.80082027272728,32.808276409090915,500.0,-96.80082027272728,32.808276409090915,500.0,12.7,33.6,1678,22.1,T1_normal,line,500.0,0.0,False,False
1682,5033,12903,1983.8,0.1905302553335264,T1_normal,-96.80082027272728,32.808276409090915,500.0,-96.243079,32.788987000000006,500.0,0.2,9.3,1789,7.1,T1_normal,line,500.0,32.42046982782814,False,False
1683,5034,5313,409.0,61.7026992815044,T1_normal,-96.80082027272728,32.808276409090915,161.0,-96.695516,32.63852,161.0,61.7,78.7,1686,44.2,T1_normal,line,161.0,13.230331689291436,False,False
1684,5034,5313,409.0,61.7026992815044,T1_normal,-96.80082027272728,32.808276409090915,161.0,-96.695516,32.63852,161.0,61.7,78.7,1686,44.2,T1_normal,line,161.0,13.230331689291436,False,False
1685,5034,5313,409.0,61.7026992815044,T1_normal,-96.80082027272728,32.808276409090915,161.0,-96.695516,32.63852,161.0,61.7,78.7,1686,44.2,T1_normal,line,161.0,13.230331689291436,False,False
1686,5034,5313,227.6,113.33427815549447,T5_moderate,-96.80082027272728,32.808276409090915,161.0,-96.695516,32.63852,161.0,113.3,143.7,1683,80.7,T6_heavy,line,161.0,13.230331689291436,True,True
1687,5034,5329,204.1,91.92949219968908,T3_prevent,-96.80082027272728,32.808276409090915,161.0,-96.80082027272728,32.808276409090915,161.0,91.9,118.1,2315,88.1,T5_moderate,line,161.0,0.0,True,True
1688,5371,5034,251.0,72.36521035361228,T1_normal,-96.539931,32.552083,161.0,-96.80082027272728,32.808276409090915,161.0,72.4,153.7,1927,41.3,T7_structural,line,161.0,23.313966633136378,True,True
1689,5043,5152,251.0,14.52431742888792,T1_normal,-96.375325,32.945503,161.0,-96.580883,32.969008,161.0,14.5,31.0,1720,34.7,T1_normal,line,161.0,12.027424767792816,False,False
1690,5043,5284,251.0,41.65579153247383,T1_normal,-96.375325,32.945503,161.0,-96.085998,32.986,161.0,41.7,50.1,1724,34.3,T1_normal,line,161.0,17.003985817677194,False,False
1691,5044,5153,600.0,71.13024124784675,T1_normal,-97.597083,33.041942,161.0,-97.723422,33.098727,161.0,71.1,106.1,1692,92.8,T4_light,line,161.0,8.300920556675045,True,True
1692,5044,5153,600.0,71.13024124784675,T1_normal,-97.597083,33.041942,161.0,-97.723422,33.098727,161.0,71.1,106.1,1691,92.8,T4_light,line,161.0,8.300920556675045,True,True
1693,5185,5044,310.0,56.69289861241369,T1_normal,-97.462793,33.093365,161.0,-97.597083,33.041942,161.0,56.7,85.2,1694,83.5,T2_watch,line,161.0,8.549054673574544,False,False
1694,5185,5044,310.0,56.69289861241369,T1_normal,-97.462793,33.093365,161.0,-97.597083,33.041942,161.0,56.7,85.2,1693,83.5,T2_watch,line,161.0,8.549054673574544,False,False
1695,5044,5312,326.0,74.3200803032512,T1_normal,-97.597083,33.041942,161.0,-97.561179,32.900196,161.0,74.3,115.9,1696,92.0,T5_moderate,line,161.0,10.01250246957389,True,True
1696,5044,5312,326.0,74.3200803032512,T1_normal,-97.597083,33.041942,161.0,-97.561179,32.900196,161.0,74.3,115.9,1695,92.0,T5_moderate,line,161.0,10.01250246957389,True,True
1697,5046,5045,550.0,267.39220199802605,T7_structural,-98.187624,32.1858615,161.0,-98.187624,32.1858615,500.0,267.4,417.0,1917,13.7,T7_structural,transformer,500.0,0.0,True,True
1698,5045,5120,2020.0,53.48507087356298,T1_normal,-98.187624,32.1858615,500.0,-99.032891,31.748303,500.0,53.5,66.6,2242,37.2,T1_normal,line,500.0,58.04147781526411,False,False
1699,5260,5045,2295.0,45.031844878588366,T1_normal,-97.790381,32.253423999999995,500.0,-98.187624,32.1858615,500.0,45.0,63.0,1564,71.7,T1_normal,line,500.0,23.685142745299657,False,False
1700,5413,5045,2020.0,32.80341434170553,T1_normal,-98.2935895,32.711098,500.0,-98.187624,32.1858615,500.0,32.8,57.2,1605,46.0,T1_normal,line,500.0,36.81292054405926,False,False
1701,5045,5479,1965.6,66.82712594392648,T1_normal,-98.187624,32.1858615,500.0,-97.306547,32.532666,500.0,66.8,82.0,1633,89.6,T2_watch,line,500.0,56.732083733531695,False,False
1702,5045,12712,2152.3,10.06443847609963,T1_normal,-98.187624,32.1858615,500.0,-96.818676,31.710422,500.0,10.1,15.4,2158,23.4,T1_normal,line,500.0,86.72062970328098,False,False
1703,5045,12863,2149.2,51.41107477562661,T1_normal,-98.187624,32.1858615,500.0,-97.458078,32.3380315,500.0,51.4,64.8,1701,73.0,T1_normal,line,500.0,43.90272186037829,False,False
1704,5286,5046,187.0,22.420272450994503,T1_normal,-98.4123355,32.20698,161.0,-98.187624,32.1858615,161.0,22.4,260.2,1697,44.5,T7_structural,line,161.0,13.219488266514864,True,True
1705,5046,13018,214.1,95.04507533662708,T3_prevent,-98.187624,32.1858615,161.0,-98.187624,32.1858615,161.0,95.0,348.3,1697,67.1,T7_structural,line,161.0,0.0,True,True
1706,5048,5047,1354.0,43.18889098312131,T1_normal,-97.188374,32.503973,161.0,-97.188374,32.503973,500.0,43.2,64.3,2568,55.0,T1_normal,transformer,500.0,0.0,False,False
1707,5047,5179,2768.0,15.29052873263972,T1_normal,-97.188374,32.503973,500.0,-96.38666966666666,32.061173333333336,500.0,15.3,35.5,2105,14.8,T1_normal,line,500.0,55.93851114836484,False,False
1708,5047,5260,2295.0,32.14792991645202,T1_normal,-97.188374,32.503973,500.0,-97.790381,32.253423999999995,500.0,32.1,39.6,1754,43.1,T1_normal,line,500.0,39.16210189106003,False,False
1709,5047,5444,2020.0,41.39576704953211,T1_normal,-97.188374,32.503973,500.0,-97.0540165,32.448697,500.0,41.4,63.7,1710,62.7,T1_normal,line,500.0,8.713172580220816,False,False
1710,5047,5448,2034.0,98.17200789314086,T3_prevent,-97.188374,32.503973,500.0,-97.010181,32.723688,500.0,98.2,121.6,2545,95.7,T5_moderate,line,500.0,18.38518499097024,True,True
1711,5047,5451,2312.6,28.90479030615562,T1_normal,-97.188374,32.503973,500.0,-97.968224,31.219045,500.0,28.9,34.2,1698,16.1,T1_normal,line,500.0,99.8810589969755,False,False
1712,5047,5479,2156.0,54.362417328427,T1_normal,-97.188374,32.503973,500.0,-97.306547,32.532666,500.0,54.4,91.8,2545,98.2,T3_prevent,line,500.0,7.1646845955762455,False,False
1713,5047,12528,2070.0,65.50768004068917,T1_normal,-97.188374,32.503973,500.0,-97.34008506896552,32.753233586206896,500.0,65.5,87.5,1710,72.7,T2_watch,line,500.0,19.353202516688302,False,False
1714,5047,12556,2034.0,78.37764581849979,T1_normal,-97.188374,32.503973,500.0,-97.93385,33.07965,500.0,78.4,111.4,1605,104.3,T5_moderate,line,500.0,58.795895970017234,True,False
1715,5047,12863,2209.8,52.326271126442464,T1_normal,-97.188374,32.503973,500.0,-97.458078,32.3380315,500.0,52.3,65.7,1633,74.5,T1_normal,line,500.0,19.46542798761434,False,False
1716,5480,5048,310.0,20.16432128318246,T1_normal,-97.306547,32.532666,161.0,-97.188374,32.503973,161.0,20.2,43.2,2568,33.1,T1_normal,line,161.0,7.1646845955762455,False,False
1717,5480,5048,310.0,20.16432128318246,T1_normal,-97.306547,32.532666,161.0,-97.188374,32.503973,161.0,20.2,43.2,2568,33.1,T1_normal,line,161.0,7.1646845955762455,False,False
1718,5480,5048,310.0,20.16432128318246,T1_normal,-97.306547,32.532666,161.0,-97.188374,32.503973,161.0,20.2,43.2,2568,33.1,T1_normal,line,161.0,7.1646845955762455,False,False
1719,5480,5048,310.0,20.16432128318246,T1_normal,-97.306547,32.532666,161.0,-97.188374,32.503973,161.0,20.2,43.2,2568,33.1,T1_normal,line,161.0,7.1646845955762455,False,False
1720,5050,5049,500.0,57.74007082623992,T1_normal,-96.12497666666668,33.113726,161.0,-96.12497666666668,33.113726,500.0,57.7,68.8,1723,54.2,T1_normal,transformer,500.0,0.0,False,False
1721,5051,5049,59.8,0.0,T1_normal,-96.12497666666668,33.113726,22.0,-96.12497666666668,33.113726,500.0,0.0,0.0,-1,0.0,T1_normal,transformer,500.0,0.0,False,False
1722,5052,5049,308.0,48.54381448242984,T1_normal,-96.12497666666668,33.113726,115.0,-96.12497666666668,33.113726,500.0,48.5,63.9,5011,44.9,T1_normal,transformer,500.0,0.0,False,False
1723,5049,5304,2295.0,36.43570371431297,T1_normal,-96.12497666666668,33.113726,500.0,-96.6508655,33.101957,500.0,36.4,53.2,1724,27.7,T1_normal,line,500.0,30.447303131753703,False,False
1724,5049,5350,2295.0,31.796571515525446,T1_normal,-96.12497666666668,33.113726,500.0,-96.6344372,32.9086048,500.0,31.8,49.6,1723,27.1,T1_normal,line,500.0,32.74411124723837,False,False
1725,5049,8074,2768.0,14.205687697247704,T1_normal,-96.12497666666668,33.113726,500.0,-94.619743,32.017826,500.0,14.2,20.6,4654,9.5,T1_normal,line,500.0,115.8256012865896,False,False
1726,8126,5049,3146.0,19.19088837625875,T1_normal,-95.1026285,33.188059,500.0,-96.12497666666668,33.113726,500.0,19.2,26.5,650,21.5,T1_normal,line,500.0,59.36302208501943,False,False
1727,5454,5050,310.0,33.38876679535474,T1_normal,-96.12497666666668,33.113726,161.0,-96.12497666666668,33.113726,161.0,33.4,58.4,1728,43.2,T1_normal,line,161.0,0.0,False,False
1728,5454,5050,310.0,33.38876679535474,T1_normal,-96.12497666666668,33.113726,161.0,-96.12497666666668,33.113726,161.0,33.4,58.4,1727,43.2,T1_normal,line,161.0,0.0,False,False
1729,5052,8038,186.0,68.08747604021167,T1_normal,-96.12497666666668,33.113726,115.0,-95.669493,33.1959495,115.0,68.1,96.1,4444,85.6,T3_prevent,line,115.0,26.953090373621077,False,False
1730,5052,8124,186.0,12.29690493069356,T1_normal,-96.12497666666668,33.113726,115.0,-95.803234,33.098096,115.0,12.3,46.6,1729,42.0,T1_normal,line,115.0,18.652949827197116,False,False
1731,5053,5173,310.0,3.5679898885211787,T1_normal,-96.73076228571428,33.04730142857143,161.0,-96.73076228571428,33.04730142857143,161.0,3.6,65.3,1805,55.2,T1_normal,line,161.0,0.0,False,False
1732,5173,5053,310.0,3.5679898885211787,T1_normal,-96.73076228571428,33.04730142857143,161.0,-96.73076228571428,33.04730142857143,161.0,3.6,65.3,1805,55.2,T1_normal,line,161.0,0.0,False,False
1733,5053,5357,310.0,55.19356592538709,T1_normal,-96.73076228571428,33.04730142857143,161.0,-96.6508655,33.101957,161.0,55.2,91.6,1734,74.5,T3_prevent,line,161.0,5.971576541386944,False,False
1734,5053,5357,310.0,55.19356592538709,T1_normal,-96.73076228571428,33.04730142857143,161.0,-96.6508655,33.101957,161.0,55.2,91.6,1733,74.5,T3_prevent,line,161.0,5.971576541386944,False,False
1735,5054,5223,251.0,8.123193726526095,T1_normal,-96.520013,31.503056,161.0,-96.468137,31.654919,161.0,8.1,34.4,2181,28.1,T1_normal,line,161.0,10.928119824181442,False,False
1736,5056,5055,913.0,14.58008206106941,T1_normal,-98.7321385,33.1268065,161.0,-98.7321385,33.1268065,500.0,14.6,27.0,1739,19.5,T1_normal,transformer,500.0,0.0,False,False
1737,5057,5055,448.0,361.6027341745951,T7_structural,-98.7321385,33.1268065,13.8,-98.7321385,33.1268065,500.0,361.6,361.7,3629,0.0,T7_structural,transformer,500.0,0.0,True,True
1738,5058,5055,354.7,279.88641866757933,T7_structural,-98.7321385,33.1268065,13.8,-98.7321385,33.1268065,500.0,279.9,279.9,497,0.0,T7_structural,transformer,500.0,0.0,True,True
1739,5055,5196,2020.0,59.75467803770361,T1_normal,-98.7321385,33.1268065,500.0,-98.3737215,33.2411135,500.0,59.8,96.5,1619,72.5,T3_prevent,line,500.0,22.179659178723263,False,False
1740,12554,5055,2350.4,12.140677987990165,T1_normal,-100.1097475,32.1590745,500.0,-98.7321385,33.1268065,500.0,12.1,19.8,1742,57.7,T1_normal,line,500.0,104.37659829338774,False,False
1741,12554,5055,2350.4,12.140677987990165,T1_normal,-100.1097475,32.1590745,500.0,-98.7321385,33.1268065,500.0,12.1,19.8,1742,57.7,T1_normal,line,500.0,104.37659829338774,False,False
1742,5055,12637,2173.8,122.89379448165568,T5_moderate,-98.7321385,33.1268065,500.0,-98.7321385,33.1268065,500.0,122.9,134.3,4768,101.9,T6_heavy,line,500.0,0.0,True,False
1743,5187,5056,313.0,24.35606184821642,T1_normal,-98.81875,33.316907,161.0,-98.7321385,33.1268065,161.0,24.4,98.2,1742,102.2,T3_prevent,line,161.0,14.05652429836756,False,False
1744,5197,5056,251.0,67.31100510059007,T1_normal,-98.3737215,33.2411135,161.0,-98.7321385,33.1268065,161.0,67.3,111.1,1739,94.0,T5_moderate,line,161.0,22.179659178723263,True,True
1745,5060,5059,151.0,77.14456721272985,T1_normal,-96.092445,32.357217500000004,115.0,-96.092445,32.357217500000004,161.0,77.1,131.2,1747,41.0,T6_heavy,transformer,161.0,0.0,True,True
1746,5059,5426,251.0,139.9686904924893,T6_heavy,-96.092445,32.357217500000004,161.0,-96.245039,32.366686,161.0,140.0,160.3,2105,47.8,T7_structural,line,161.0,8.929785829711678,True,True
1747,8148,5059,310.0,75.75261827255683,T1_normal,-96.1482745,32.142643,161.0,-96.092445,32.357217500000004,161.0,75.8,114.2,1748,39.4,T5_moderate,line,161.0,15.180527203661171,True,True
1748,5060,8065,137.0,130.18123831476058,T6_heavy,-96.092445,32.357217500000004,115.0,-96.1482745,32.142643,115.0,130.2,189.7,1747,69.8,T7_structural,line,115.0,15.180527203661171,True,True
1749,5064,5063,1277.0,72.59074647316602,T1_normal,-97.12502636363637,32.69967490909091,161.0,-97.12502636363637,32.69967490909091,500.0,72.6,100.5,1750,81.1,T4_light,transformer,500.0,0.0,True,True
1750,5064,5063,1277.0,72.59074647316602,T1_normal,-97.12502636363637,32.69967490909091,161.0,-97.12502636363637,32.69967490909091,500.0,72.6,100.5,1749,81.1,T4_light,transformer,500.0,0.0,True,True
1751,5063,5083,2186.2,22.265820083707855,T1_normal,-97.12502636363637,32.69967490909091,500.0,-96.643077,33.194952,500.0,22.3,32.6,2076,35.6,T1_normal,line,500.0,44.18062815647354,False,False
1752,5063,5304,2020.0,17.097213075750414,T1_normal,-97.12502636363637,32.69967490909091,500.0,-96.6508655,33.101957,500.0,17.1,23.3,2076,25.4,T1_normal,line,500.0,39.10516274325142,False,False
1753,5322,5063,2295.0,22.74743945944084,T1_normal,-96.80082027272728,32.808276409090915,500.0,-97.12502636363637,32.69967490909091,500.0,22.7,43.2,2392,40.1,T1_normal,line,500.0,20.278434456313576,False,False
1754,5063,5401,3146.0,33.97983080867962,T1_normal,-97.12502636363637,32.69967490909091,500.0,-97.69946625,32.40925625,500.0,34.0,40.0,1605,38.6,T1_normal,line,500.0,39.01067037163275,False,False
1755,5063,12528,2076.1,35.436115828042404,T1_normal,-97.12502636363637,32.69967490909091,500.0,-97.34008506896552,32.753233586206896,500.0,35.4,60.2,1603,52.1,T1_normal,line,500.0,13.03678738597602,False,False
1756,5063,12709,2018.7,4.73253063377614,T1_normal,-97.12502636363637,32.69967490909091,500.0,-97.13581333333332,33.210620166666665,500.0,4.7,13.0,2072,15.8,T1_normal,line,500.0,35.30883871541631,False,False
1757,5064,5125,409.0,48.85974731260076,T1_normal,-97.12502636363637,32.69967490909091,161.0,-97.12502636363637,32.69967490909091,161.0,48.9,60.3,1761,47.5,T1_normal,line,161.0,0.0,False,False
1758,5064,5125,409.0,48.85974731260076,T1_normal,-97.12502636363637,32.69967490909091,161.0,-97.12502636363637,32.69967490909091,161.0,48.9,60.3,1761,47.5,T1_normal,line,161.0,0.0,False,False
1759,5064,5125,409.0,48.85974731260076,T1_normal,-97.12502636363637,32.69967490909091,161.0,-97.12502636363637,32.69967490909091,161.0,48.9,60.3,1761,47.5,T1_normal,line,161.0,0.0,False,False
1760,5064,5125,409.0,48.85974731260076,T1_normal,-97.12502636363637,32.69967490909091,161.0,-97.12502636363637,32.69967490909091,161.0,48.9,60.3,1761,47.5,T1_normal,line,161.0,0.0,False,False
1761,5064,5125,217.3,105.78426556930148,T4_light,-97.12502636363637,32.69967490909091,161.0,-97.12502636363637,32.69967490909091,161.0,105.8,126.6,1757,99.9,T6_heavy,line,161.0,0.0,True,True
1762,5064,5143,409.0,41.4442405558024,T1_normal,-97.12502636363637,32.69967490909091,161.0,-97.34008506896552,32.753233586206896,161.0,41.4,56.9,1763,46.5,T1_normal,line,161.0,13.03678738597602,False,False
1763,5143,5064,409.0,41.4442405558024,T1_normal,-97.34008506896552,32.753233586206896,161.0,-97.12502636363637,32.69967490909091,161.0,41.4,56.9,1762,46.5,T1_normal,line,161.0,13.03678738597602,False,False
1764,5143,5064,409.0,41.4442405558024,T1_normal,-97.34008506896552,32.753233586206896,161.0,-97.12502636363637,32.69967490909091,161.0,41.4,56.9,1762,46.5,T1_normal,line,161.0,13.03678738597602,False,False
1765,5064,5232,256.3,73.90208339396304,T1_normal,-97.12502636363637,32.69967490909091,161.0,-97.12502636363637,32.69967490909091,161.0,73.9,83.4,2544,63.7,T2_watch,line,161.0,0.0,False,False
1766,5070,5128,187.0,1.1696962473257082,T1_normal,-96.80082027272728,32.808276409090915,161.0,-96.80082027272728,32.808276409090915,161.0,1.2,32.0,1768,27.3,T1_normal,line,161.0,0.0,False,False
1767,5070,5128,218.4,0.7824147938484202,T1_normal,-96.80082027272728,32.808276409090915,161.0,-96.80082027272728,32.808276409090915,161.0,0.8,21.4,1768,18.3,T1_normal,line,161.0,0.0,False,False
1768,5070,5425,251.0,44.0093889413776,T1_normal,-96.80082027272728,32.808276409090915,161.0,-96.80082027272728,32.808276409090915,161.0,44.0,69.8,1677,58.4,T1_normal,line,161.0,0.0,False,False
1769,5138,5071,251.0,19.837964509312226,T1_normal,-97.145583,31.5590085,161.0,-97.145583,31.5590085,161.0,19.8,93.6,1996,41.6,T3_prevent,line,161.0,0.0,False,False
1770,5071,5359,310.0,53.21155940431253,T1_normal,-97.145583,31.5590085,161.0,-96.93121275,31.43308425,161.0,53.2,113.0,1996,57.6,T5_moderate,line,161.0,15.336473856872995,True,True
1771,5072,5103,310.0,45.99173626765826,T1_normal,-96.80082027272728,32.808276409090915,161.0,-96.7025715,32.983810000000005,161.0,46.0,54.7,1570,43.1,T1_normal,line,161.0,13.400960304182082,False,False
1772,5103,5072,310.0,45.99173626765826,T1_normal,-96.7025715,32.983810000000005,161.0,-96.80082027272728,32.808276409090915,161.0,46.0,54.7,1570,43.1,T1_normal,line,161.0,13.400960304182082,False,False
1773,5103,5072,310.0,45.99173626765826,T1_normal,-96.7025715,32.983810000000005,161.0,-96.80082027272728,32.808276409090915,161.0,46.0,54.7,1570,43.1,T1_normal,line,161.0,13.400960304182082,False,False
1774,5103,5072,310.0,45.99173626765826,T1_normal,-96.7025715,32.983810000000005,161.0,-96.80082027272728,32.808276409090915,161.0,46.0,54.7,1570,43.1,T1_normal,line,161.0,13.400960304182082,False,False
1775,5103,5072,310.0,45.99173626765826,T1_normal,-96.7025715,32.983810000000005,161.0,-96.80082027272728,32.808276409090915,161.0,46.0,54.7,1570,43.1,T1_normal,line,161.0,13.400960304182082,False,False
1776,5116,5072,310.0,55.22486659541784,T1_normal,-96.73076228571428,33.04730142857143,161.0,-96.80082027272728,32.808276409090915,161.0,55.2,93.9,1777,77.1,T3_prevent,line,161.0,17.007650434765203,False,False
1777,5116,5072,310.0,55.22486659541784,T1_normal,-96.73076228571428,33.04730142857143,161.0,-96.80082027272728,32.808276409090915,161.0,55.2,93.9,1776,77.1,T3_prevent,line,161.0,17.007650434765203,False,False
1778,5072,5130,227.7,0.528920700969508,T1_normal,-96.80082027272728,32.808276409090915,161.0,-96.73076228571428,33.04730142857143,161.0,0.5,44.2,1805,37.8,T1_normal,line,161.0,17.007650434765203,False,False
1779,5121,5073,187.0,19.382499743138332,T1_normal,-99.032891,31.748303,161.0,-99.151374,31.706204,161.0,19.4,41.0,1946,71.7,T1_normal,line,161.0,7.546243336697956,False,False
1780,5484,5073,251.0,9.72720100385206,T1_normal,-99.290758,32.006925,161.0,-99.151374,31.706204,161.0,9.7,35.3,1946,58.2,T1_normal,line,161.0,22.330220834962653,False,False
1781,5074,5147,310.0,31.607713779752633,T1_normal,-96.807989,33.241902,161.0,-96.73076228571428,33.04730142857143,161.0,31.6,44.0,2024,29.9,T1_normal,line,161.0,14.168581231459385,False,False
1782,5074,5173,187.8,44.58346476383621,T1_normal,-96.807989,33.241902,161.0,-96.73076228571428,33.04730142857143,161.0,44.6,76.9,1805,49.7,T1_normal,line,161.0,14.168581231459385,False,False
1783,5074,5331,251.0,44.975232671214705,T1_normal,-96.807989,33.241902,161.0,-96.752977,33.338899,161.0,45.0,58.2,578,44.9,T1_normal,line,161.0,7.416918916797194,False,False
1784,5075,5231,225.2,65.79922698159683,T1_normal,-98.049081,31.553908,161.0,-98.213739,31.738177,161.0,65.8,151.5,1697,70.3,T7_structural,line,161.0,15.99701413333317,True,True
1785,5075,5267,187.0,20.76404876531817,T1_normal,-98.049081,31.553908,161.0,-97.531134,31.409518,161.0,20.8,47.2,2547,59.2,T1_normal,line,161.0,32.10865284321237,False,False
1786,5075,5377,187.0,9.5172569681093,T1_normal,-98.049081,31.553908,161.0,-97.7609485,31.05193475,161.0,9.5,30.6,1697,104.1,T1_normal,line,161.0,38.630067180623975,False,False
1787,5075,13117,279.0,74.82648777206641,T1_normal,-98.049081,31.553908,161.0,-98.44031233333334,31.441731,161.0,74.8,96.3,2242,64.2,T3_prevent,line,161.0,24.31719422437373,False,False
1788,5077,5076,260.0,17.521969369588533,T1_normal,-96.243079,32.788987000000006,115.0,-96.243079,32.788987000000006,161.0,17.5,30.3,1790,26.0,T1_normal,transformer,161.0,0.0,False,False
1789,5227,5076,187.0,107.1320104632287,T4_light,-96.243079,32.788987000000006,161.0,-96.243079,32.788987000000006,161.0,107.1,153.8,1928,99.5,T7_structural,line,161.0,0.0,True,True
1790,5076,12903,600.0,25.796623200884504,T1_normal,-96.243079,32.788987000000006,161.0,-96.243079,32.788987000000006,500.0,25.8,38.7,1928,38.3,T1_normal,transformer,500.0,0.0,False,False
1791,8108,5077,98.0,65.35420444992874,T1_normal,-95.994666,32.703269,115.0,-96.243079,32.788987000000006,115.0,65.4,99.3,1790,50.1,T3_prevent,line,115.0,15.603796049611203,False,False
1792,5160,5078,187.0,54.637321982571784,T1_normal,-97.13581333333332,33.210620166666665,161.0,-96.990119,33.273449,161.0,54.6,90.0,622,94.0,T2_watch,line,161.0,9.47261464721623,False,False
1793,5079,5138,310.0,33.717465925845424,T1_normal,-97.145583,31.5590085,161.0,-97.145583,31.5590085,161.0,33.7,62.1,1794,17.8,T1_normal,line,161.0,0.0,False,False
1794,5079,5138,310.0,33.717465925845424,T1_normal,-97.145583,31.5590085,161.0,-97.145583,31.5590085,161.0,33.7,62.1,1793,17.8,T1_normal,line,161.0,0.0,False,False
1795,5079,5378,409.0,31.737346089302413,T1_normal,-97.145583,31.5590085,161.0,-97.145583,31.5590085,161.0,31.7,50.2,1564,28.5,T1_normal,line,161.0,0.0,False,False
1796,5142,5080,251.0,19.382116679629647,T1_normal,-97.390061,31.285086,161.0,-97.21786,31.34904,161.0,19.4,73.3,2399,67.0,T1_normal,line,161.0,11.083530611789614,False,False
1797,5080,5328,187.0,26.930006880144617,T1_normal,-97.21786,31.34904,161.0,-96.93121275,31.43308425,161.0,26.9,99.4,2399,92.3,T3_prevent,line,161.0,17.8761796677339,False,False
1798,5081,5163,251.0,15.305296839317016,T1_normal,-97.845111,31.114983,161.0,-97.604369,31.075955,161.0,15.3,20.0,1799,17.7,T1_normal,line,161.0,14.496706989452514,False,False
1799,5221,5081,187.0,11.130802309483869,T1_normal,-97.7609485,31.05193475,161.0,-97.845111,31.114983,161.0,11.1,23.4,1798,19.8,T1_normal,line,161.0,6.616580041501708,False,False
1800,5081,5377,221.0,6.877422902524678,T1_normal,-97.845111,31.114983,161.0,-97.7609485,31.05193475,161.0,6.9,13.8,1798,17.4,T1_normal,line,161.0,6.616580041501708,False,False
1801,5082,5086,251.0,5.2597624191852255,T1_normal,-97.12502636363637,32.69967490909091,161.0,-97.12502636363637,32.69967490909091,161.0,5.3,19.3,2403,20.7,T1_normal,line,161.0,0.0,False,False
1802,5082,5330,409.0,28.58904601404618,T1_normal,-97.12502636363637,32.69967490909091,161.0,-97.12502636363637,32.69967490909091,161.0,28.6,48.7,2403,44.0,T1_normal,line,161.0,0.0,False,False
1803,5082,5440,409.0,3.412529563358497,T1_normal,-97.12502636363637,32.69967490909091,161.0,-97.12502636363637,32.69967490909091,161.0,3.4,19.7,2403,17.9,T1_normal,line,161.0,0.0,False,False
1804,5082,5440,213.3,5.01305086987716,T1_normal,-97.12502636363637,32.69967490909091,161.0,-97.12502636363637,32.69967490909091,161.0,5.0,28.9,2403,26.3,T1_normal,line,161.0,0.0,False,False
1805,5084,5083,1295.0,62.1544407453416,T1_normal,-96.643077,33.194952,161.0,-96.643077,33.194952,500.0,62.2,71.5,2361,58.4,T1_normal,transformer,500.0,0.0,False,False
1806,5083,5295,2768.0,9.424479543944564,T1_normal,-96.643077,33.194952,500.0,-96.643077,33.194952,500.0,9.4,14.8,1807,13.4,T1_normal,line,500.0,0.0,False,False
1807,5083,5295,1834.6,13.4088889232549,T1_normal,-96.643077,33.194952,500.0,-96.643077,33.194952,500.0,13.4,21.8,1806,19.7,T1_normal,line,500.0,0.0,False,False
1808,5083,5304,2218.8,8.979447821358443,T1_normal,-96.643077,33.194952,500.0,-96.6508655,33.101957,500.0,9.0,20.2,1723,15.7,T1_normal,line,500.0,6.441182987102302,False,False
1809,5083,5322,2020.0,7.739071103920518,T1_normal,-96.643077,33.194952,500.0,-96.80082027272728,32.808276409090915,500.0,7.7,14.6,2076,18.4,T1_normal,line,500.0,28.23735319340126,False,False
1810,5083,5464,2020.0,6.656423442481668,T1_normal,-96.643077,33.194952,500.0,-96.8232695,33.154732499999994,500.0,6.7,33.5,2076,28.9,T1_normal,line,500.0,10.785069083259758,False,False
1811,5357,5084,310.0,62.43619163046237,T1_normal,-96.6508655,33.101957,161.0,-96.643077,33.194952,161.0,62.4,86.7,1812,65.2,T2_watch,line,161.0,6.441182987102302,False,False
1812,5357,5084,310.0,62.43619163046237,T1_normal,-96.6508655,33.101957,161.0,-96.643077,33.194952,161.0,62.4,86.7,1811,65.2,T2_watch,line,161.0,6.441182987102302,False,False
1813,5357,5084,310.0,62.43619163046237,T1_normal,-96.6508655,33.101957,161.0,-96.643077,33.194952,161.0,62.4,86.7,1811,65.2,T2_watch,line,161.0,6.441182987102302,False,False
1814,5157,5085,251.0,71.21137742455106,T1_normal,-96.864075,32.599427,161.0,-96.80082027272728,32.808276409090915,161.0,71.2,107.8,1908,16.0,T4_light,line,161.0,14.89153383910404,True,True
1815,5085,5194,211.2,81.3146141177617,T2_watch,-96.80082027272728,32.808276409090915,161.0,-96.914175,32.651936,161.0,81.3,128.3,1816,90.6,T6_heavy,line,161.0,12.652951936222715,True,True
1816,5085,5353,191.3,103.90073054607956,T4_light,-96.80082027272728,32.808276409090915,161.0,-96.914175,32.651936,161.0,103.9,139.2,1815,93.0,T6_heavy,line,161.0,12.652951936222715,True,True
1817,5085,5462,212.7,54.18056661372806,T1_normal,-96.80082027272728,32.808276409090915,161.0,-96.80082027272728,32.808276409090915,161.0,54.2,132.2,2217,67.3,T6_heavy,line,161.0,0.0,True,True
1818,5085,5468,187.0,2.5590630884944696,T1_normal,-96.80082027272728,32.808276409090915,161.0,-96.80082027272728,32.808276409090915,161.0,2.6,31.1,2544,44.7,T1_normal,line,161.0,0.0,False,False
1819,5085,5468,203.0,2.420222513427378,T1_normal,-96.80082027272728,32.808276409090915,161.0,-96.80082027272728,32.808276409090915,161.0,2.4,29.5,2544,42.3,T1_normal,line,161.0,0.0,False,False
1820,5086,5177,251.0,23.757150924967803,T1_normal,-97.12502636363637,32.69967490909091,161.0,-97.12502636363637,32.69967490909091,161.0,23.8,66.7,2535,44.9,T1_normal,line,161.0,0.0,False,False
1821,5086,5210,187.0,16.821221859284748,T1_normal,-97.12502636363637,32.69967490909091,161.0,-97.1378,32.8418145,161.0,16.8,30.2,1823,19.9,T1_normal,line,161.0,9.849004880900344,False,False
1822,5086,5232,212.5,1.6874497552661898,T1_normal,-97.12502636363637,32.69967490909091,161.0,-97.12502636363637,32.69967490909091,161.0,1.7,31.1,1823,35.6,T1_normal,line,161.0,0.0,False,False
1823,5086,5447,187.0,71.17222210537568,T1_normal,-97.12502636363637,32.69967490909091,161.0,-97.12502636363637,32.69967490909091,161.0,71.2,97.6,2518,80.6,T3_prevent,line,161.0,0.0,False,False
1824,5257,5087,187.0,4.301132260327023,T1_normal,-96.85118,32.177712,161.0,-97.06,32.139,161.0,4.3,76.1,2280,44.7,T1_normal,line,161.0,12.504083324264458,False,False
1825,5087,5345,251.0,92.53175386294724,T3_prevent,-97.06,32.139,161.0,-97.133361,32.022461,161.0,92.5,117.9,1917,85.1,T5_moderate,line,161.0,9.125929110050896,True,True
1826,5087,5348,251.0,17.511576608151156,T1_normal,-97.06,32.139,161.0,-97.07141,32.18398,161.0,17.5,62.3,1827,44.4,T1_normal,line,161.0,3.178703486144203,False,False
1827,5087,5348,297.0,59.04630558340951,T1_normal,-97.06,32.139,161.0,-97.07141,32.18398,161.0,59.0,91.6,2280,65.7,T3_prevent,line,161.0,3.178703486144203,False,False
1828,12708,5087,509.8,0.0,T1_normal,-97.06,32.139,20.0,-97.06,32.139,161.0,0.0,0.0,-1,0.0,T1_normal,transformer,161.0,0.0,False,False
1829,5089,5088,303.7,0.166445342606021,T1_normal,-97.46203133333334,31.819786000000004,13.8,-97.46203133333334,31.819786000000004,161.0,0.2,0.2,4774,0.0,T1_normal,transformer,161.0,0.0,False,False
1830,5088,5290,251.0,11.83985480043376,T1_normal,-97.46203133333334,31.819786000000004,161.0,-97.3667,31.8694,161.0,11.8,22.0,1831,10.3,T1_normal,line,161.0,6.5620031590717,False,False
1831,5088,5290,321.0,78.67986549345521,T1_normal,-97.46203133333334,31.819786000000004,161.0,-97.3667,31.8694,161.0,78.7,146.4,1832,68.1,T6_heavy,line,161.0,6.5620031590717,True,True
1832,5088,5290,321.0,78.67986549345521,T1_normal,-97.46203133333334,31.819786000000004,161.0,-97.3667,31.8694,161.0,78.7,146.4,1831,68.1,T6_heavy,line,161.0,6.5620031590717,True,True
1833,5088,5393,251.0,20.05680975173197,T1_normal,-97.46203133333334,31.819786000000004,161.0,-97.374883,31.694792,161.0,20.1,107.9,1835,54.0,T4_light,line,161.0,10.039931848720718,True,True
1834,5088,5407,221.7,187.5842886539746,T7_structural,-97.46203133333334,31.819786000000004,161.0,-97.46203133333334,31.819786000000004,161.0,187.6,307.8,1564,50.7,T7_structural,line,161.0,0.0,True,True
1835,5088,12547,800.0,113.34718473612622,T5_moderate,-97.46203133333334,31.819786000000004,161.0,-97.46203133333334,31.819786000000004,500.0,113.3,152.6,1564,59.0,T7_structural,transformer,500.0,0.0,True,True
1836,5090,5122,187.0,46.64432590712059,T1_normal,-96.80082027272728,32.808276409090915,161.0,-96.80082027272728,32.808276409090915,161.0,46.6,74.2,1677,23.0,T1_normal,line,161.0,0.0,False,False
1837,5090,5189,180.7,31.06576874017782,T1_normal,-96.80082027272728,32.808276409090915,161.0,-96.80082027272728,32.808276409090915,161.0,31.1,43.9,1839,56.3,T1_normal,line,161.0,0.0,False,False
1838,5090,5230,187.0,2.1030013831502923,T1_normal,-96.80082027272728,32.808276409090915,161.0,-96.80082027272728,32.808276409090915,161.0,2.1,8.1,2544,15.2,T1_normal,line,161.0,0.0,False,False
1839,5090,5272,215.2,32.82589728981897,T1_normal,-96.80082027272728,32.808276409090915,161.0,-96.80082027272728,32.808276409090915,161.0,32.8,41.1,2128,39.6,T1_normal,line,161.0,0.0,False,False
1840,5090,5309,224.8,2.6621812218777308,T1_normal,-96.80082027272728,32.808276409090915,161.0,-96.80082027272728,32.808276409090915,161.0,2.7,14.3,2310,32.3,T1_normal,line,161.0,0.0,False,False
1841,5090,5311,251.0,11.58534024402921,T1_normal,-96.80082027272728,32.808276409090915,161.0,-96.80082027272728,32.808276409090915,161.0,11.6,17.4,2557,19.6,T1_normal,line,161.0,0.0,False,False
1842,5090,5482,201.8,32.06869694003333,T1_normal,-96.80082027272728,32.808276409090915,161.0,-96.80082027272728,32.808276409090915,161.0,32.1,43.6,2133,38.9,T1_normal,line,161.0,0.0,False,False
1843,5171,5091,251.0,91.39981806495864,T3_prevent,-96.91458,32.043976,161.0,-96.807932,32.038687,161.0,91.4,108.7,4713,82.2,T4_light,line,161.0,6.256914071453733,True,True
1844,5091,5257,251.0,89.27631208886302,T2_watch,-96.807932,32.038687,161.0,-96.85118,32.177712,161.0,89.3,106.6,4713,80.1,T4_light,line,161.0,9.933685796184111,True,True
1845,5092,5186,251.0,37.43225943070937,T1_normal,-97.16076,32.280923,161.0,-97.072628,32.452281,161.0,37.4,74.2,2535,55.0,T1_normal,line,161.0,12.908737434109806,False,False
1846,5453,5092,250.0,80.16098974575499,T2_watch,-97.458078,32.3380315,161.0,-97.16076,32.280923,161.0,80.2,105.9,2535,89.1,T4_light,line,161.0,17.80505591266828,True,True
1847,5475,5092,251.0,32.41733194952475,T1_normal,-97.196367,32.414944,161.0,-97.16076,32.280923,161.0,32.4,54.6,1865,49.2,T1_normal,line,161.0,9.490448692913125,False,False
1848,5093,5254,245.0,81.49666636619578,T2_watch,-97.377255,32.986624,161.0,-97.22672,33.009335,161.0,81.5,114.5,1605,98.8,T5_moderate,line,161.0,8.863292705628409,True,True
1849,5093,5291,251.0,11.83643308069993,T1_normal,-97.377255,32.986624,161.0,-97.34008506896552,32.753233586206896,161.0,11.8,41.2,1848,25.7,T1_normal,line,161.0,16.269527734527617,False,False
1850,5332,5093,251.0,32.22360056208322,T1_normal,-97.34008506896552,32.753233586206896,161.0,-97.377255,32.986624,161.0,32.2,62.3,2348,45.8,T1_normal,line,161.0,16.269527734527617,False,False
1851,5093,5434,310.0,57.7802446839624,T1_normal,-97.377255,32.986624,161.0,-97.444409,33.00085,161.0,57.8,100.8,1852,75.6,T4_light,line,161.0,4.013873937759086,True,True
1852,5093,5434,310.0,57.7802446839624,T1_normal,-97.377255,32.986624,161.0,-97.444409,33.00085,161.0,57.8,100.8,1851,75.6,T4_light,line,161.0,4.013873937759086,True,True
1853,5094,5381,310.0,50.371498442834465,T1_normal,-96.706121,32.23256,161.0,-96.675,32.32,161.0,50.4,98.4,2105,57.8,T3_prevent,line,161.0,6.309198573751986,False,False
1854,5485,5094,310.0,7.777950055737716,T1_normal,-96.723661,32.122927,161.0,-96.706121,32.23256,161.0,7.8,68.3,2103,39.7,T1_normal,line,161.0,7.6441285875636,False,False
1855,13252,5094,200.6,67.14855433698902,T1_normal,-96.706121,32.23256,20.0,-96.706121,32.23256,161.0,67.1,67.1,15,62.7,T1_normal,transformer,161.0,0.0,False,False
1856,5277,5095,301.0,78.30737270242501,T1_normal,-96.950551,33.176495,161.0,-97.005469,33.110351,161.0,78.3,121.6,2557,93.7,T5_moderate,line,161.0,5.566031335293652,True,True
1857,5341,5095,265.0,76.77931767332083,T1_normal,-97.0124115,33.07492,161.0,-97.005469,33.110351,161.0,76.8,125.9,2557,94.3,T6_heavy,line,161.0,2.4808394850462614,True,True
1858,5305,5096,310.0,48.047579193087174,T1_normal,-96.6508655,33.101957,161.0,-96.73076228571428,33.04730142857143,161.0,48.0,66.2,1859,52.4,T1_normal,line,161.0,5.971576541386944,False,False
1859,5305,5096,310.0,48.047579193087174,T1_normal,-96.6508655,33.101957,161.0,-96.73076228571428,33.04730142857143,161.0,48.0,66.2,1858,52.4,T1_normal,line,161.0,5.971576541386944,False,False
1860,5305,5096,310.0,48.047579193087174,T1_normal,-96.6508655,33.101957,161.0,-96.73076228571428,33.04730142857143,161.0,48.0,66.2,1858,52.4,T1_normal,line,161.0,5.971576541386944,False,False
1861,5096,5412,291.0,38.646864737691715,T1_normal,-96.73076228571428,33.04730142857143,161.0,-96.534936,33.012135,161.0,38.6,130.3,2361,91.0,T6_heavy,line,161.0,11.601064123467104,True,True
1862,5097,5125,409.0,40.94052504683531,T1_normal,-97.0886755,32.837196,161.0,-97.12502636363637,32.69967490909091,161.0,40.9,60.1,1864,46.5,T1_normal,line,161.0,9.73377138323318,False,False
1863,5097,5125,409.0,40.94052504683531,T1_normal,-97.0886755,32.837196,161.0,-97.12502636363637,32.69967490909091,161.0,40.9,60.1,1864,46.5,T1_normal,line,161.0,9.73377138323318,False,False
1864,5097,5125,205.3,89.60951402455997,T2_watch,-97.0886755,32.837196,161.0,-97.12502636363637,32.69967490909091,161.0,89.6,126.2,1862,97.6,T6_heavy,line,161.0,9.73377138323318,True,True
1865,5098,5453,310.0,84.32230999449227,T2_watch,-97.34008506896552,32.753233586206896,161.0,-97.458078,32.3380315,161.0,84.3,98.0,1846,86.1,T3_prevent,line,161.0,29.499675170141177,False,False
1866,5098,5475,187.0,11.811499033854052,T1_normal,-97.34008506896552,32.753233586206896,161.0,-97.196367,32.414944,161.0,11.8,41.6,1865,34.4,T1_normal,line,161.0,24.826255398360335,False,False
1867,5099,5195,409.0,75.87073650389212,T1_normal,-97.092488,33.0338,161.0,-97.173782,33.114675,161.0,75.9,88.0,2076,67.0,T2_watch,line,161.0,7.30612369150931,False,False
1868,5099,5339,409.0,59.335284181153874,T1_normal,-97.092488,33.0338,161.0,-97.148582,32.959922,161.0,59.3,71.5,2076,50.5,T1_normal,line,161.0,6.051668472626255,False,False
1869,5100,5229,310.0,51.472179291957055,T1_normal,-96.80082027272728,32.808276409090915,161.0,-96.80082027272728,32.808276409090915,161.0,51.5,83.1,1870,41.1,T2_watch,line,161.0,0.0,False,False
1870,5229,5100,310.0,51.472179291957055,T1_normal,-96.80082027272728,32.808276409090915,161.0,-96.80082027272728,32.808276409090915,161.0,51.5,83.1,1869,41.1,T2_watch,line,161.0,0.0,False,False
1871,5250,5100,409.0,86.042284383573,T2_watch,-96.80082027272728,32.808276409090915,161.0,-96.80082027272728,32.808276409090915,161.0,86.0,113.9,1872,75.6,T5_moderate,line,161.0,0.0,True,True
1872,5250,5100,409.0,86.042284383573,T2_watch,-96.80082027272728,32.808276409090915,161.0,-96.80082027272728,32.808276409090915,161.0,86.0,113.9,1871,75.6,T5_moderate,line,161.0,0.0,True,True
1873,5250,5100,409.0,86.042284383573,T2_watch,-96.80082027272728,32.808276409090915,161.0,-96.80082027272728,32.808276409090915,161.0,86.0,113.9,1871,75.6,T5_moderate,line,161.0,0.0,True,True
1874,5100,5272,204.2,98.12857155103832,T3_prevent,-96.80082027272728,32.808276409090915,161.0,-96.80082027272728,32.808276409090915,161.0,98.1,122.2,2311,92.9,T5_moderate,line,161.0,0.0,True,True
1875,5100,5352,310.0,46.41491003107673,T1_normal,-96.80082027272728,32.808276409090915,161.0,-96.80082027272728,32.808276409090915,161.0,46.4,69.7,1877,51.5,T1_normal,line,161.0,0.0,False,False
1876,5100,5352,310.0,46.41491003107673,T1_normal,-96.80082027272728,32.808276409090915,161.0,-96.80082027272728,32.808276409090915,161.0,46.4,69.7,1877,51.5,T1_normal,line,161.0,0.0,False,False
1877,5100,5352,238.0,88.44239164950508,T2_watch,-96.80082027272728,32.808276409090915,161.0,-96.80082027272728,32.808276409090915,161.0,88.4,114.6,1875,84.7,T5_moderate,line,161.0,0.0,True,True
1878,5231,5101,187.0,10.380535137321676,T1_normal,-98.213739,31.738177,161.0,-98.6525545,31.8568005,161.0,10.4,58.0,1564,46.3,T1_normal,line,161.0,27.04110022023084,False,False
1879,5101,13018,188.4,115.26904014578795,T5_moderate,-98.6525545,31.8568005,161.0,-98.187624,32.1858615,161.0,115.3,328.1,1697,44.9,T7_structural,line,161.0,35.478794792478084,True,True
1880,5101,13051,222.1,75.71534298096302,T1_normal,-98.6525545,31.8568005,161.0,-98.6525545,31.8568005,161.0,75.7,167.9,1697,46.6,T7_structural,line,161.0,0.0,True,True
1881,5103,5102,1345.0,63.3463955411236,T1_normal,-96.7025715,32.983810000000005,161.0,-96.7025715,32.983810000000005,500.0,63.3,84.8,1882,67.4,T2_watch,transformer,500.0,0.0,False,False
1882,5103,5102,1345.0,63.3463955411236,T1_normal,-96.7025715,32.983810000000005,161.0,-96.7025715,32.983810000000005,500.0,63.3,84.8,1881,67.4,T2_watch,transformer,500.0,0.0,False,False
1883,5102,5304,2295.0,22.715952443296576,T1_normal,-96.7025715,32.983810000000005,500.0,-96.6508655,33.101957,500.0,22.7,32.9,1885,27.6,T1_normal,line,500.0,8.695251168673382,False,False
1884,5384,5102,2020.0,14.641150191953988,T1_normal,-96.80082027272728,32.808276409090915,500.0,-96.7025715,32.983810000000005,500.0,14.6,24.4,2076,21.5,T1_normal,line,500.0,13.400960304182082,False,False
1885,5464,5102,2020.0,30.242922697407582,T1_normal,-96.8232695,33.154732499999994,500.0,-96.7025715,32.983810000000005,500.0,30.2,43.8,2557,38.7,T1_normal,line,500.0,13.722626153282878,False,False
1886,5102,12536,2239.4,17.860327866027806,T1_normal,-96.7025715,32.983810000000005,500.0,-96.5458,32.8358,500.0,17.9,26.2,1885,13.5,T1_normal,line,500.0,13.685018435459863,False,False
1887,5103,5130,310.0,46.31142852512617,T1_normal,-96.7025715,32.983810000000005,161.0,-96.73076228571428,33.04730142857143,161.0,46.3,75.4,1805,61.4,T1_normal,line,161.0,4.681065178952691,False,False
1888,5103,5130,310.0,46.31142852512617,T1_normal,-96.7025715,32.983810000000005,161.0,-96.73076228571428,33.04730142857143,161.0,46.3,75.4,1805,61.4,T1_normal,line,161.0,4.681065178952691,False,False
1889,5103,5139,233.0,99.10031862897176,T3_prevent,-96.7025715,32.983810000000005,161.0,-96.80082027272728,32.808276409090915,161.0,99.1,116.8,2000,90.5,T5_moderate,line,161.0,13.400960304182082,True,True
1890,5104,5199,251.0,26.729243018841487,T1_normal,-97.34008506896552,32.753233586206896,161.0,-97.34008506896552,32.753233586206896,161.0,26.7,35.7,2518,25.1,T1_normal,line,161.0,0.0,False,False
1891,5447,5104,363.0,63.28996581602619,T1_normal,-97.12502636363637,32.69967490909091,161.0,-97.34008506896552,32.753233586206896,161.0,63.3,104.3,1892,92.4,T4_light,line,161.0,13.03678738597602,True,True
1892,5447,5104,363.0,63.28996581602619,T1_normal,-97.12502636363637,32.69967490909091,161.0,-97.34008506896552,32.753233586206896,161.0,63.3,104.3,1891,92.4,T4_light,line,161.0,13.03678738597602,True,True
1893,5104,5480,310.0,60.62662730304378,T1_normal,-97.34008506896552,32.753233586206896,161.0,-97.306547,32.532666,161.0,60.6,75.5,1894,57.9,T1_normal,line,161.0,15.364325859472174,False,False
1894,5104,5480,310.0,60.62662730304378,T1_normal,-97.34008506896552,32.753233586206896,161.0,-97.306547,32.532666,161.0,60.6,75.5,1893,57.9,T1_normal,line,161.0,15.364325859472174,False,False
1895,5104,5480,310.0,60.62662730304378,T1_normal,-97.34008506896552,32.753233586206896,161.0,-97.306547,32.532666,161.0,60.6,75.5,1893,57.9,T1_normal,line,161.0,15.364325859472174,False,False
1896,5104,5480,310.0,60.62662730304378,T1_normal,-97.34008506896552,32.753233586206896,161.0,-97.306547,32.532666,161.0,60.6,75.5,1893,57.9,T1_normal,line,161.0,15.364325859472174,False,False
1897,5105,5148,187.0,13.365245591560102,T1_normal,-96.9700122,32.8603614,161.0,-96.9700122,32.8603614,161.0,13.4,71.0,1898,79.1,T1_normal,line,161.0,0.0,False,False
1898,5105,5253,235.0,107.5611184414241,T4_light,-96.9700122,32.8603614,161.0,-97.092488,33.0338,161.0,107.6,130.2,2076,93.0,T6_heavy,line,161.0,13.929672937388188,True,True
1899,5105,5422,251.0,11.077442597160154,T1_normal,-96.9700122,32.8603614,161.0,-96.961986,33.019646,161.0,11.1,49.0,1898,49.6,T1_normal,line,161.0,11.01546157144426,False,False
1900,5108,5266,310.0,35.10676605457633,T1_normal,-96.80082027272728,32.808276409090915,161.0,-96.964675,32.580181,161.0,35.1,65.3,2099,77.0,T1_normal,line,161.0,18.416179138528147,False,False
1901,5108,5266,310.0,35.10676605457633,T1_normal,-96.80082027272728,32.808276409090915,161.0,-96.964675,32.580181,161.0,35.1,65.3,2099,77.0,T1_normal,line,161.0,18.416179138528147,False,False
1902,5108,5353,310.0,54.25801949803829,T1_normal,-96.80082027272728,32.808276409090915,161.0,-96.914175,32.651936,161.0,54.3,85.3,2544,63.5,T2_watch,line,161.0,12.652951936222715,False,False
1903,5108,5353,310.0,54.25801949803829,T1_normal,-96.80082027272728,32.808276409090915,161.0,-96.914175,32.651936,161.0,54.3,85.3,2544,63.5,T2_watch,line,161.0,12.652951936222715,False,False
1904,5108,5353,251.0,76.4096185233024,T1_normal,-96.80082027272728,32.808276409090915,161.0,-96.914175,32.651936,161.0,76.4,120.2,2544,89.5,T5_moderate,line,161.0,12.652951936222715,True,True
1905,5449,5108,310.0,86.18142508282766,T2_watch,-97.010181,32.723688,161.0,-96.80082027272728,32.808276409090915,161.0,86.2,117.8,1906,94.4,T5_moderate,line,161.0,13.495193753541884,True,True
1906,5449,5108,310.0,86.18142508282766,T2_watch,-97.010181,32.723688,161.0,-96.80082027272728,32.808276409090915,161.0,86.2,117.8,1905,94.4,T5_moderate,line,161.0,13.495193753541884,True,True
1907,5449,5108,310.0,86.18142508282766,T2_watch,-97.010181,32.723688,161.0,-96.80082027272728,32.808276409090915,161.0,86.2,117.8,1905,94.4,T5_moderate,line,161.0,13.495193753541884,True,True
1908,5274,5109,251.0,199.36735857918788,T7_structural,-96.674333,32.605192,161.0,-96.7651095,32.5902035,161.0,199.4,221.3,2052,27.5,T7_structural,line,161.0,5.384625861214373,True,True
1909,5109,5333,251.0,32.841462164844955,T1_normal,-96.7651095,32.5902035,161.0,-96.807315,32.521773,161.0,32.8,166.5,1908,40.4,T7_structural,line,161.0,5.328858306601469,True,True
1910,5176,5110,251.0,55.2862502442356,T1_normal,-98.324274,32.904994,161.0,-98.2935895,32.711098,161.0,55.3,77.3,1944,46.8,T1_normal,line,161.0,13.515056218452331,False,False
1911,5110,5200,251.0,28.458532564567825,T1_normal,-98.2935895,32.711098,161.0,-98.126806,32.799602,161.0,28.5,46.4,1912,31.1,T1_normal,line,161.0,11.459345795256226,False,False
1912,5110,5255,206.1,31.003188440546495,T1_normal,-98.2935895,32.711098,161.0,-97.993148,32.704456,161.0,31.0,59.0,1911,37.6,T1_normal,line,161.0,17.47319741281744,False,False
1913,5203,5111,251.0,28.66168474721532,T1_normal,-96.80082027272728,32.808276409090915,161.0,-96.838522,32.960047,161.0,28.7,41.6,1881,44.2,T1_normal,line,161.0,10.712195595702312,False,False
1914,5111,5289,310.0,15.607823402564144,T1_normal,-96.838522,32.960047,161.0,-96.80082027272728,32.808276409090915,161.0,15.6,38.6,2557,29.8,T1_normal,line,161.0,10.712195595702312,False,False
1915,5111,5289,310.0,15.607823402564144,T1_normal,-96.838522,32.960047,161.0,-96.80082027272728,32.808276409090915,161.0,15.6,38.6,2557,29.8,T1_normal,line,161.0,10.712195595702312,False,False
1916,5111,5372,251.0,52.37822064199249,T1_normal,-96.838522,32.960047,161.0,-96.80082027272728,32.808276409090915,161.0,52.4,67.7,1889,36.6,T1_normal,line,161.0,10.712195595702312,False,False
1917,5112,5133,187.0,1217.7815335043597,T7_structural,-97.8826,32.001481,161.0,-97.924354,32.362649,161.0,1217.8,2680.3,1564,43.3,T7_structural,line,161.0,25.073746496457897,True,True
1918,5191,5112,187.0,401.3146848747293,T7_structural,-97.710123,31.916215,161.0,-97.8826,32.001481,161.0,401.3,799.0,1564,37.3,T7_structural,line,161.0,11.70202564097692,True,True
1919,5112,5246,187.0,328.4865045880995,T7_structural,-97.8826,32.001481,161.0,-97.790381,32.253423999999995,161.0,328.5,674.4,1564,30.7,T7_structural,line,161.0,18.224925786983487,True,True
1920,5286,5112,150.0,202.5894104109781,T7_structural,-98.4123355,32.20698,161.0,-97.8826,32.001481,161.0,202.6,631.9,1564,63.1,T7_structural,line,161.0,34.101093913531116,True,True
1921,5112,5318,242.8,259.59601636787255,T7_structural,-97.8826,32.001481,161.0,-97.69946625,32.40925625,161.0,259.6,548.0,1564,30.4,T7_structural,line,161.0,30.140568702021294,True,True
1922,5113,5195,251.0,129.92391741596956,T6_heavy,-97.3420515,33.318023,161.0,-97.173782,33.114675,161.0,129.9,157.6,2072,101.1,T7_structural,line,161.0,17.0884839792267,True,False
1923,5113,5218,187.0,99.5567939921867,T3_prevent,-97.3420515,33.318023,161.0,-97.340499,33.099993,161.0,99.6,161.6,1922,70.6,T7_structural,line,161.0,15.064852751711548,True,True
1924,5220,5113,187.0,85.71535714773398,T2_watch,-97.213359,33.373051,161.0,-97.3420515,33.318023,161.0,85.7,138.4,571,64.9,T6_heavy,line,161.0,8.344554919413563,True,True
1925,12932,5113,293.1,61.71008450064552,T1_normal,-97.3420515,33.318023,20.0,-97.3420515,33.318023,161.0,61.7,61.8,3629,0.0,T1_normal,transformer,161.0,0.0,False,False
1926,5113,13330,306.6,62.85070513431763,T1_normal,-97.3420515,33.318023,161.0,-97.3420515,33.318023,161.0,62.9,99.3,662,96.7,T3_prevent,line,161.0,0.0,False,False
1927,5219,5114,187.0,109.1354663168092,T4_light,-96.428985,32.533273,161.0,-96.255103,32.568801,161.0,109.1,206.3,1688,45.8,T7_structural,line,161.0,10.420207139270538,True,True
1928,5114,5222,310.0,71.1865726724259,T1_normal,-96.255103,32.568801,161.0,-96.092445,32.357217500000004,161.0,71.2,94.8,1688,31.8,T3_prevent,line,161.0,17.425217321425066,False,False
1929,5227,5114,310.0,13.01772475093982,T1_normal,-96.243079,32.788987000000006,161.0,-96.255103,32.568801,161.0,13.0,56.6,1928,18.9,T1_normal,line,161.0,15.229614787736576,False,False
1930,5115,5421,251.0,6.491759914218762,T1_normal,-96.239739,33.16114,161.0,-96.309004,33.066219,161.0,6.5,63.0,1720,61.1,T1_normal,line,161.0,7.686480877758883,False,False
1931,5454,5115,251.0,12.284588599477813,T1_normal,-96.12497666666668,33.113726,161.0,-96.239739,33.16114,161.0,12.3,57.2,1720,55.0,T1_normal,line,161.0,7.403983313344195,False,False
1932,5116,5224,310.0,22.93638733274471,T1_normal,-96.73076228571428,33.04730142857143,161.0,-96.88981733333333,33.00596633333333,161.0,22.9,43.6,2557,38.3,T1_normal,line,161.0,9.646487975891183,False,False
1933,5116,5224,310.0,22.93638733274471,T1_normal,-96.73076228571428,33.04730142857143,161.0,-96.88981733333333,33.00596633333333,161.0,22.9,43.6,2557,38.3,T1_normal,line,161.0,9.646487975891183,False,False
1934,5117,5216,251.0,21.13131392517072,T1_normal,-97.34008506896552,32.753233586206896,161.0,-97.34008506896552,32.753233586206896,161.0,21.1,58.5,1935,56.6,T1_normal,line,161.0,0.0,False,False
1935,5117,5216,228.0,49.50328286219194,T1_normal,-97.34008506896552,32.753233586206896,161.0,-97.34008506896552,32.753233586206896,161.0,49.5,99.8,2518,90.8,T3_prevent,line,161.0,0.0,False,False
1936,5117,5409,187.0,5.684032306280575,T1_normal,-97.34008506896552,32.753233586206896,161.0,-97.12502636363637,32.69967490909091,161.0,5.7,95.9,2518,94.1,T3_prevent,line,161.0,13.03678738597602,False,False
1937,5334,5118,187.0,22.84822294161744,T1_normal,-99.518879,32.2664,161.0,-99.225355,32.359033,161.0,22.8,44.6,2411,54.4,T1_normal,line,161.0,18.29616825546926,False,False
1938,5347,5118,187.0,20.81208208399911,T1_normal,-99.1533074,32.3857988,161.0,-99.225355,32.359033,161.0,20.8,37.8,1742,22.9,T1_normal,line,161.0,4.593160267466954,False,False
1939,5118,5456,251.0,59.868024952856494,T1_normal,-99.225355,32.359033,161.0,-98.98514,32.116953,161.0,59.9,120.3,2551,84.0,T5_moderate,line,161.0,21.83701937088941,True,True
1940,5118,12842,209.2,11.259933639407857,T1_normal,-99.225355,32.359033,161.0,-99.225355,32.359033,161.0,11.3,52.9,2551,39.3,T1_normal,line,161.0,0.0,False,False
1941,5118,12885,221.0,27.252575140328258,T1_normal,-99.225355,32.359033,161.0,-99.1533074,32.3857988,161.0,27.3,49.6,1742,30.0,T1_normal,line,161.0,4.593160267466954,False,False
1942,13193,5118,180.5,0.0,T1_normal,-99.225355,32.359033,20.0,-99.225355,32.359033,161.0,0.0,0.0,-1,0.0,T1_normal,transformer,161.0,0.0,False,False
1943,5119,5205,187.0,25.32599690225934,T1_normal,-98.053654,33.014983,161.0,-97.93385,33.07965,161.0,25.3,71.5,2164,80.2,T1_normal,line,161.0,8.252747837487634,False,False
1944,5119,5255,233.0,45.535791665025336,T1_normal,-98.053654,33.014983,161.0,-97.993148,32.704456,161.0,45.5,86.4,1627,38.9,T2_watch,line,161.0,21.74106890917487,False,False
1945,5337,5119,187.0,84.41604747953687,T2_watch,-98.244763,33.097641,161.0,-98.053654,33.014983,161.0,84.4,121.0,2149,77.3,T5_moderate,line,161.0,12.453891147365036,True,True
1946,5121,5120,298.0,37.887676013311626,T1_normal,-99.032891,31.748303,161.0,-99.032891,31.748303,500.0,37.9,50.7,1917,29.7,T1_normal,transformer,500.0,0.0,False,False
1947,5120,5239,2020.0,28.174083892059347,T1_normal,-99.032891,31.748303,500.0,-98.44031233333334,31.441731,500.0,28.2,37.1,1948,62.5,T1_normal,line,500.0,40.803509840919254,False,False
1948,5120,5239,2724.7,31.12327643952249,T1_normal,-99.032891,31.748303,500.0,-98.44031233333334,31.441731,500.0,31.1,40.9,1949,69.1,T1_normal,line,500.0,40.803509840919254,False,False
1949,5120,5239,2724.7,31.12327643952249,T1_normal,-99.032891,31.748303,500.0,-98.44031233333334,31.441731,500.0,31.1,40.9,1948,69.1,T1_normal,line,500.0,40.803509840919254,False,False
1950,12564,5120,3036.5,52.9766818771492,T1_normal,-100.98431625,31.875952,500.0,-99.032891,31.748303,500.0,53.0,74.5,1951,88.1,T1_normal,line,500.0,114.91502841564326,False,False
1951,12564,5120,3036.5,52.9766818771492,T1_normal,-100.98431625,31.875952,500.0,-99.032891,31.748303,500.0,53.0,74.5,1950,88.1,T1_normal,line,500.0,114.91502841564326,False,False
1952,5120,13429,2700.0,4.519382253998552,T1_normal,-99.032891,31.748303,500.0,-99.1872,31.5481,500.0,4.5,13.8,1948,31.5,T1_normal,line,500.0,16.544671395517497,False,False
1953,5122,5149,198.3,53.3001929918504,T1_normal,-96.80082027272728,32.808276409090915,161.0,-96.80082027272728,32.808276409090915,161.0,53.3,91.8,2017,65.8,T3_prevent,line,161.0,0.0,False,False
1954,5122,5161,227.7,4.981679624403545,T1_normal,-96.80082027272728,32.808276409090915,161.0,-96.80082027272728,32.808276409090915,161.0,5.0,54.7,1956,30.4,T1_normal,line,161.0,0.0,False,False
1955,5122,5252,187.0,15.214444368237949,T1_normal,-96.80082027272728,32.808276409090915,161.0,-96.80082027272728,32.808276409090915,161.0,15.2,31.1,1881,25.1,T1_normal,line,161.0,0.0,False,False
1956,5122,5308,251.0,115.75471671856064,T5_moderate,-96.80082027272728,32.808276409090915,161.0,-96.5458,32.8358,161.0,115.8,131.4,1677,90.9,T6_heavy,line,161.0,14.929058208536718,True,True
1957,5124,5123,214.0,3.1333439045661975,T1_normal,-96.814239,31.202394,115.0,-96.814239,31.202394,161.0,3.1,12.5,1959,13.7,T1_normal,transformer,161.0,0.0,False,False
1958,5159,5123,187.0,3.5857518480062613,T1_normal,-96.896708,31.037352,161.0,-96.814239,31.202394,161.0,3.6,14.3,1959,15.7,T1_normal,line,161.0,12.4029797750837,False,False
1959,8157,5124,149.0,22.41299057434335,T1_normal,-96.69503,31.091925,115.0,-96.814239,31.202394,115.0,22.4,35.0,2309,37.6,T1_normal,line,115.0,10.38994484801404,False,False
1960,5125,5330,409.0,36.783710993010025,T1_normal,-97.12502636363637,32.69967490909091,161.0,-97.12502636363637,32.69967490909091,161.0,36.8,56.1,2532,44.6,T1_normal,line,161.0,0.0,False,False
1961,5125,5330,409.0,36.783710993010025,T1_normal,-97.12502636363637,32.69967490909091,161.0,-97.12502636363637,32.69967490909091,161.0,36.8,56.1,2532,44.6,T1_normal,line,161.0,0.0,False,False
1962,5125,5330,211.4,65.41200263380485,T1_normal,-97.12502636363637,32.69967490909091,161.0,-97.12502636363637,32.69967490909091,161.0,65.4,99.7,2532,79.2,T3_prevent,line,161.0,0.0,False,False
1963,5126,5252,187.0,46.72696279953849,T1_normal,-96.80082027272728,32.808276409090915,161.0,-96.80082027272728,32.808276409090915,161.0,46.7,84.8,1965,67.1,T2_watch,line,161.0,0.0,False,False
1964,5126,5309,187.0,11.473256668298143,T1_normal,-96.80082027272728,32.808276409090915,161.0,-96.80082027272728,32.808276409090915,161.0,11.5,38.0,1963,48.7,T1_normal,line,161.0,0.0,False,False
1965,5126,5386,310.0,38.0912999824959,T1_normal,-96.80082027272728,32.808276409090915,161.0,-96.7025715,32.983810000000005,161.0,38.1,50.3,1963,38.8,T1_normal,line,161.0,13.400960304182082,False,False
1966,5191,5127,187.0,98.3129289066924,T3_prevent,-97.710123,31.916215,161.0,-97.804426,31.769003,161.0,98.3,246.1,1564,32.8,T7_structural,line,161.0,11.580023793724171,True,True
1967,5127,5231,187.0,46.864598988484765,T1_normal,-97.804426,31.769003,161.0,-98.213739,31.738177,161.0,46.9,133.9,1564,57.6,T6_heavy,line,161.0,24.142095094477902,True,True
1968,5314,5127,187.0,54.38950638879576,T1_normal,-97.506079,31.662159,161.0,-97.804426,31.769003,161.0,54.4,115.2,1564,61.0,T5_moderate,line,161.0,19.026248810570895,True,True
1969,5128,5157,186.7,43.42872055171262,T1_normal,-96.80082027272728,32.808276409090915,161.0,-96.864075,32.599427,161.0,43.4,82.4,1908,45.1,T2_watch,line,161.0,14.89153383910404,False,False
1970,5128,5214,251.0,6.37687513260804,T1_normal,-96.80082027272728,32.808276409090915,161.0,-96.80082027272728,32.808276409090915,161.0,6.4,15.9,2544,17.0,T1_normal,line,161.0,0.0,False,False
1971,5128,5214,238.9,8.24718530269761,T1_normal,-96.80082027272728,32.808276409090915,161.0,-96.80082027272728,32.808276409090915,161.0,8.2,20.6,2544,20.6,T1_normal,line,161.0,0.0,False,False
1972,5128,5340,194.2,19.63949272198551,T1_normal,-96.80082027272728,32.808276409090915,161.0,-96.80082027272728,32.808276409090915,161.0,19.6,55.4,2544,30.4,T1_normal,line,161.0,0.0,False,False
1973,5128,5467,251.0,12.631195667676607,T1_normal,-96.80082027272728,32.808276409090915,161.0,-96.80082027272728,32.808276409090915,161.0,12.6,35.4,2544,17.2,T1_normal,line,161.0,0.0,False,False
1974,5226,5129,187.0,36.97465031440408,T1_normal,-98.776277,31.686677,161.0,-98.44031233333334,31.441731,161.0,37.0,82.1,1697,39.2,T2_watch,line,161.0,26.031427926827725,False,False
1975,5129,5240,187.0,28.33065498255572,T1_normal,-98.44031233333334,31.441731,161.0,-98.44031233333334,31.441731,161.0,28.3,56.8,2251,11.1,T1_normal,line,161.0,0.0,False,False
1976,5129,5240,334.1,29.12424838811613,T1_normal,-98.44031233333334,31.441731,161.0,-98.44031233333334,31.441731,161.0,29.1,58.4,2251,11.4,T1_normal,line,161.0,0.0,False,False
1977,12794,5129,427.3,0.0,T1_normal,-98.44031233333334,31.441731,20.0,-98.44031233333334,31.441731,161.0,0.0,0.0,-1,0.0,T1_normal,transformer,161.0,0.0,False,False
1978,5129,13069,222.0,32.228444130150606,T1_normal,-98.44031233333334,31.441731,161.0,-98.603358,31.684511,161.0,32.2,71.6,1697,33.3,T1_normal,line,161.0,19.326881152434133,False,False
1979,5129,13117,229.0,3.8154163208712433,T1_normal,-98.44031233333334,31.441731,161.0,-98.44031233333334,31.441731,161.0,3.8,64.3,2251,46.2,T1_normal,line,161.0,0.0,False,False
1980,5130,5173,310.0,15.259344030822826,T1_normal,-96.73076228571428,33.04730142857143,161.0,-96.73076228571428,33.04730142857143,161.0,15.3,60.8,1805,52.5,T1_normal,line,161.0,0.0,False,False
1981,5173,5130,310.0,15.259344030822826,T1_normal,-96.73076228571428,33.04730142857143,161.0,-96.73076228571428,33.04730142857143,161.0,15.3,60.8,1805,52.5,T1_normal,line,161.0,0.0,False,False
1982,5132,5131,981.0,13.521047729211867,T1_normal,-97.499909,31.051688,161.0,-97.499909,31.051688,500.0,13.5,28.6,2329,16.2,T1_normal,transformer,500.0,0.0,False,False
1983,5131,5279,2020.0,17.130207338843924,T1_normal,-97.499909,31.051688,500.0,-97.314427,31.08967366666667,500.0,17.1,31.4,2333,32.3,T1_normal,line,500.0,11.286460833466036,False,False
1984,5131,5410,2768.0,2.420170395947741,T1_normal,-97.499909,31.051688,500.0,-97.7609485,31.05193475,500.0,2.4,18.2,2242,33.9,T1_normal,line,500.0,15.451715524346852,False,False
1985,5131,6107,2768.0,14.872881138308662,T1_normal,-97.499909,31.051688,500.0,-96.947291,30.633128,500.0,14.9,28.4,2242,42.6,T1_normal,line,500.0,43.71581781988804,False,False
1986,5163,5132,251.0,71.2913401216362,T1_normal,-97.604369,31.075955,161.0,-97.499909,31.051688,161.0,71.3,106.0,2519,90.8,T4_light,line,161.0,6.405848102028277,True,True
1987,5132,5390,343.0,43.38769256027349,T1_normal,-97.499909,31.051688,161.0,-97.2120625,30.983119,161.0,43.4,82.6,2327,80.8,T2_watch,line,161.0,17.69084271401876,False,False
1988,5155,5134,251.0,21.66512771374079,T1_normal,-98.666449,32.759373,161.0,-98.892466,32.804272,161.0,21.7,86.6,2047,59.8,T2_watch,line,161.0,13.490867370216725,False,False
1989,5134,13380,248.1,15.583104992027929,T1_normal,-98.892466,32.804272,161.0,-99.1533074,32.3857988,161.0,15.6,68.7,1742,38.9,T1_normal,line,161.0,32.65843133653003,False,False
1990,5155,5135,279.0,128.88900395838283,T6_heavy,-98.666449,32.759373,161.0,-98.66402,32.495875,161.0,128.9,229.9,1742,114.3,T7_structural,line,161.0,18.206704353415027,True,False
1991,5169,5135,187.0,77.46610080080231,T1_normal,-98.4123355,32.20698,161.0,-98.66402,32.495875,161.0,77.5,149.4,1742,60.2,T6_heavy,line,161.0,24.784150554226663,True,True
1992,5135,5264,251.0,66.6648257156923,T1_normal,-98.66402,32.495875,161.0,-98.552257,32.298594,161.0,66.7,125.3,1742,63.3,T6_heavy,line,161.0,15.110137592279427,True,True
1993,5136,5288,251.0,3.4763773748863813,T1_normal,-95.667897,33.457143,161.0,-96.0140895,33.412679,161.0,3.5,38.4,2301,28.9,T1_normal,line,161.0,20.196437438182308,False,False
1994,12779,5136,293.3,0.0,T1_normal,-95.667897,33.457143,20.0,-95.667897,33.457143,161.0,0.0,0.0,-1,0.0,T1_normal,transformer,161.0,0.0,False,False
1995,12780,5136,154.9,0.0,T1_normal,-95.667897,33.457143,20.0,-95.667897,33.457143,161.0,0.0,0.0,-1,0.0,T1_normal,transformer,161.0,0.0,False,False
1996,5138,5137,945.0,40.56481915945627,T1_normal,-97.145583,31.5590085,161.0,-97.145583,31.5590085,500.0,40.6,54.9,1770,32.9,T1_normal,transformer,500.0,0.0,False,False
1997,5137,5388,2020.0,10.25389795394847,T1_normal,-97.145583,31.5590085,500.0,-97.145583,31.5590085,500.0,10.3,26.2,2242,23.9,T1_normal,line,500.0,0.0,False,False
1998,5137,5451,2020.0,15.034711518916946,T1_normal,-97.145583,31.5590085,500.0,-97.968224,31.219045,500.0,15.0,25.8,2486,13.8,T1_normal,line,500.0,53.90765393733082,False,False
1999,5139,5183,310.0,55.8802917708144,T1_normal,-96.80082027272728,32.808276409090915,161.0,-96.88981733333333,33.00596633333333,161.0,55.9,83.1,2112,74.8,T2_watch,line,161.0,14.602252915465131,False,False
2000,5139,5233,409.0,28.772748089428767,T1_normal,-96.80082027272728,32.808276409090915,161.0,-97.0886755,32.837196,161.0,28.8,37.4,1889,33.1,T1_normal,line,161.0,16.83284691771223,False,False
2001,5344,5139,310.0,23.69610879069094,T1_normal,-96.80082027272728,32.808276409090915,161.0,-96.80082027272728,32.808276409090915,161.0,23.7,47.5,1999,31.5,T1_normal,line,161.0,0.0,False,False
2002,5140,5182,213.3,4.906127223225973,T1_normal,-97.73162625,31.4620585,161.0,-97.73162625,31.4620585,161.0,4.9,15.7,2111,14.6,T1_normal,line,161.0,0.0,False,False
2003,5140,5466,187.0,1.0021881009558935,T1_normal,-97.73162625,31.4620585,161.0,-97.73162625,31.4620585,161.0,1.0,7.1,2547,4.6,T1_normal,line,161.0,0.0,False,False
2004,5140,5466,244.6,1.668946810616894,T1_normal,-97.73162625,31.4620585,161.0,-97.73162625,31.4620585,161.0,1.7,11.8,2547,7.7,T1_normal,line,161.0,0.0,False,False
2005,5141,5408,187.0,26.172228571829063,T1_normal,-96.378479,33.321734,161.0,-96.356004,33.174219,161.0,26.2,44.8,1665,44.6,T1_normal,line,161.0,10.274819938894996,False,False
2006,5142,5466,187.0,13.186828298269717,T1_normal,-97.390061,31.285086,161.0,-97.73162625,31.4620585,161.0,13.2,60.3,2547,30.2,T1_normal,line,161.0,23.56953359749306,False,False
2007,5143,5216,409.0,18.15250348078317,T1_normal,-97.34008506896552,32.753233586206896,161.0,-97.34008506896552,32.753233586206896,161.0,18.2,28.0,2568,18.6,T1_normal,line,161.0,0.0,False,False
2008,5143,5428,409.0,38.93632639584961,T1_normal,-97.34008506896552,32.753233586206896,161.0,-97.180586,32.8172,161.0,38.9,59.3,2009,53.4,T1_normal,line,161.0,10.265142576224491,False,False
2009,5428,5143,409.0,38.93632639584961,T1_normal,-97.180586,32.8172,161.0,-97.34008506896552,32.753233586206896,161.0,38.9,59.3,2008,53.4,T1_normal,line,161.0,10.265142576224491,False,False
2010,5144,5314,187.0,34.951051668719,T1_normal,-97.145583,31.5590085,161.0,-97.506079,31.662159,161.0,35.0,67.8,2547,39.3,T1_normal,line,161.0,22.377802119965057,False,False
2011,5389,5144,187.0,96.17166302433142,T3_prevent,-97.145583,31.5590085,161.0,-97.145583,31.5590085,161.0,96.2,129.1,2547,52.4,T6_heavy,line,161.0,0.0,True,True
2012,5145,5251,310.0,45.89754163231281,T1_normal,-97.010181,32.723688,161.0,-97.010181,32.723688,161.0,45.9,74.9,2013,62.1,T1_normal,line,161.0,0.0,False,False
2013,5145,5251,310.0,45.89754163231281,T1_normal,-97.010181,32.723688,161.0,-97.010181,32.723688,161.0,45.9,74.9,2012,62.1,T1_normal,line,161.0,0.0,False,False
2014,5145,5323,310.0,74.9716729817971,T1_normal,-97.010181,32.723688,161.0,-96.80082027272728,32.808276409090915,161.0,75.0,104.1,2015,52.9,T4_light,line,161.0,13.495193753541884,True,True
2015,5145,5323,310.0,74.9716729817971,T1_normal,-97.010181,32.723688,161.0,-96.80082027272728,32.808276409090915,161.0,75.0,104.1,2014,52.9,T4_light,line,161.0,13.495193753541884,True,True
2016,5145,5323,310.0,74.9716729817971,T1_normal,-97.010181,32.723688,161.0,-96.80082027272728,32.808276409090915,161.0,75.0,104.1,2014,52.9,T4_light,line,161.0,13.495193753541884,True,True
2017,5146,5149,251.0,75.14275304447087,T1_normal,-96.553376,32.917961500000004,161.0,-96.80082027272728,32.808276409090915,161.0,75.1,88.1,1677,56.6,T2_watch,line,161.0,16.237929990374617,False,False
2018,5146,5152,310.0,39.00794036920136,T1_normal,-96.553376,32.917961500000004,161.0,-96.580883,32.969008,161.0,39.0,66.1,2019,55.8,T1_normal,line,161.0,3.870885078909688,False,False
2019,5146,5152,310.0,39.00794036920136,T1_normal,-96.553376,32.917961500000004,161.0,-96.580883,32.969008,161.0,39.0,66.1,2018,55.8,T1_normal,line,161.0,3.870885078909688,False,False
2020,5336,5146,310.0,46.93498283631742,T1_normal,-96.553376,32.917961500000004,161.0,-96.553376,32.917961500000004,161.0,46.9,64.7,2021,51.9,T1_normal,line,161.0,0.0,False,False
2021,5336,5146,310.0,46.93498283631742,T1_normal,-96.553376,32.917961500000004,161.0,-96.553376,32.917961500000004,161.0,46.9,64.7,2020,51.9,T1_normal,line,161.0,0.0,False,False
2022,5336,5146,310.0,46.93498283631742,T1_normal,-96.553376,32.917961500000004,161.0,-96.553376,32.917961500000004,161.0,46.9,64.7,2020,51.9,T1_normal,line,161.0,0.0,False,False
2023,5146,5412,251.0,33.74988049917105,T1_normal,-96.553376,32.917961500000004,161.0,-96.534936,33.012135,161.0,33.7,53.3,1861,42.2,T1_normal,line,161.0,6.5940553767867085,False,False
2024,5147,5188,187.0,55.92688208154263,T1_normal,-96.73076228571428,33.04730142857143,161.0,-96.88981733333333,33.00596633333333,161.0,55.9,85.1,1781,61.8,T2_watch,line,161.0,9.646487975891183,False,False
2025,5147,5224,251.0,17.656817044280714,T1_normal,-96.73076228571428,33.04730142857143,161.0,-96.88981733333333,33.00596633333333,161.0,17.7,30.2,1999,26.4,T1_normal,line,161.0,9.646487975891183,False,False
2026,5148,5335,187.0,41.59790518434586,T1_normal,-96.9700122,32.8603614,161.0,-96.9700122,32.8603614,161.0,41.6,71.7,2413,70.6,T1_normal,line,161.0,0.0,False,False
2027,5148,5457,187.0,107.50344323746695,T4_light,-96.9700122,32.8603614,161.0,-97.149641,32.891787,161.0,107.5,126.7,1898,88.0,T6_heavy,line,161.0,10.647329108544907,True,True
2028,5463,5148,187.0,8.121051024360098,T1_normal,-96.9700122,32.8603614,161.0,-96.9700122,32.8603614,161.0,8.1,55.6,1660,57.8,T1_normal,line,161.0,0.0,False,False
2029,5294,5149,251.0,34.990680410157616,T1_normal,-96.80082027272728,32.808276409090915,161.0,-96.80082027272728,32.808276409090915,161.0,35.0,54.5,1573,35.3,T1_normal,line,161.0,0.0,False,False
2030,5149,5309,187.0,5.443072013034522,T1_normal,-96.80082027272728,32.808276409090915,161.0,-96.80082027272728,32.808276409090915,161.0,5.4,24.1,1677,37.6,T1_normal,line,161.0,0.0,False,False
2031,5197,5150,310.0,62.74450768572031,T1_normal,-98.3737215,33.2411135,161.0,-98.3737215,33.2411135,161.0,62.7,77.6,2149,53.7,T1_normal,line,161.0,0.0,False,False
2032,5150,5337,206.8,3.7385222310408666,T1_normal,-98.3737215,33.2411135,161.0,-98.244763,33.097641,161.0,3.7,72.7,2031,58.6,T1_normal,line,161.0,12.40553525887622,False,False
2033,5150,5432,310.0,63.82556058049209,T1_normal,-98.3737215,33.2411135,161.0,-97.825534,32.762033333333335,161.0,63.8,73.4,1630,57.9,T1_normal,line,161.0,45.87743220647961,False,False
2034,5154,5151,187.0,59.68855445768089,T1_normal,-97.343521,32.116002,161.0,-97.52976,31.988989,161.0,59.7,138.1,1834,12.6,T6_heavy,line,161.0,13.998781503373488,True,True
2035,5191,5151,187.0,122.23589590270127,T5_moderate,-97.710123,31.916215,161.0,-97.52976,31.988989,161.0,122.2,222.7,1564,18.1,T7_structural,line,161.0,11.708526136741169,True,True
2036,5407,5151,187.0,65.42969438619689,T1_normal,-97.46203133333334,31.819786000000004,161.0,-97.52976,31.988989,161.0,65.4,144.8,2137,11.6,T6_heavy,line,161.0,12.347474748125846,True,True
2037,5181,5152,310.0,35.05246242508978,T1_normal,-96.6344372,32.9086048,161.0,-96.580883,32.969008,161.0,35.1,57.0,2038,42.4,T1_normal,line,161.0,5.2021201435980124,False,False
2038,5181,5152,310.0,35.05246242508978,T1_normal,-96.6344372,32.9086048,161.0,-96.580883,32.969008,161.0,35.1,57.0,2037,42.4,T1_normal,line,161.0,5.2021201435980124,False,False
2039,5205,5153,409.0,48.69473255800114,T1_normal,-97.93385,33.07965,161.0,-97.723422,33.098727,161.0,48.7,102.0,2173,98.8,T4_light,line,161.0,12.252473147478677,True,True
2040,5205,5153,409.0,48.69473255800114,T1_normal,-97.93385,33.07965,161.0,-97.723422,33.098727,161.0,48.7,102.0,2173,98.8,T4_light,line,161.0,12.252473147478677,True,True
2041,5153,12555,488.0,57.61940920193216,T1_normal,-97.723422,33.098727,161.0,-97.93385,33.07965,161.0,57.6,92.9,2042,90.7,T3_prevent,line,161.0,12.252473147478677,False,False
2042,5153,12555,488.0,57.61940920193216,T1_normal,-97.723422,33.098727,161.0,-97.93385,33.07965,161.0,57.6,92.9,2041,90.7,T3_prevent,line,161.0,12.252473147478677,False,False
2043,5153,13330,315.4,28.89836752097167,T1_normal,-97.723422,33.098727,161.0,-97.3420515,33.318023,161.0,28.9,46.3,1605,74.0,T1_normal,line,161.0,26.751700384346982,False,False
2044,5154,5247,187.0,77.21415667658025,T1_normal,-97.343521,32.116002,161.0,-97.575601,32.117538,161.0,77.2,178.0,2258,17.9,T7_structural,line,161.0,13.581820169740691,True,True
2045,5290,5154,251.0,112.00321506815466,T5_moderate,-97.3667,31.8694,161.0,-97.343521,32.116002,161.0,112.0,184.9,1564,26.9,T7_structural,line,161.0,17.092795401834522,True,True
2046,13188,5154,141.3,0.0,T1_normal,-97.343521,32.116002,20.0,-97.343521,32.116002,161.0,0.0,0.0,-1,0.0,T1_normal,transformer,161.0,0.0,False,False
2047,5155,12636,294.0,105.11933689877505,T4_light,-98.666449,32.759373,161.0,-98.7321385,33.1268065,161.0,105.1,278.6,1742,136.9,T7_structural,line,161.0,25.67162965969096,True,False
2048,5155,13191,210.8,0.0,T1_normal,-98.666449,32.759373,161.0,-98.677196,32.635105,161.0,0.0,0.0,-1,0.0,T1_normal,line,161.0,8.60889392805668,False,False
2049,5456,5156,295.0,56.71482382528331,T1_normal,-98.98514,32.116953,161.0,-98.927404,31.931233,161.0,56.7,115.9,2533,97.5,T5_moderate,line,161.0,13.270387355601269,True,True
2050,5156,13051,194.4,49.209686348420426,T1_normal,-98.927404,31.931233,161.0,-98.6525545,31.8568005,161.0,49.2,104.0,1697,91.9,T4_light,line,161.0,16.923755392469964,True,True
2051,5157,5194,187.0,107.27500058551264,T4_light,-96.864075,32.599427,161.0,-96.914175,32.651936,161.0,107.3,155.5,2054,35.0,T7_structural,line,161.0,4.654292631871599,True,True
2052,5333,5157,310.0,81.89253163359749,T2_watch,-96.807315,32.521773,161.0,-96.864075,32.599427,161.0,81.9,136.9,1908,40.3,T6_heavy,line,161.0,6.301849615242737,True,True
2053,5333,5157,310.0,81.89253163359749,T2_watch,-96.807315,32.521773,161.0,-96.864075,32.599427,161.0,81.9,136.9,1908,40.3,T6_heavy,line,161.0,6.301849615242737,True,True
2054,5157,5376,233.5,119.18521046155207,T5_moderate,-96.864075,32.599427,161.0,-96.80082027272728,32.808276409090915,161.0,119.2,160.5,1908,40.2,T7_structural,line,161.0,14.89153383910404,True,True
2055,5316,5158,409.0,30.358461427855477,T1_normal,-96.601994,32.77155966666667,161.0,-96.601994,32.77155966666667,161.0,30.4,51.4,2056,46.2,T1_normal,line,161.0,0.0,False,False
2056,5316,5158,409.0,30.358461427855477,T1_normal,-96.601994,32.77155966666667,161.0,-96.601994,32.77155966666667,161.0,30.4,51.4,2055,46.2,T1_normal,line,161.0,0.0,False,False
2057,5374,5158,500.0,51.07722144798558,T1_normal,-96.620085,32.716601,161.0,-96.601994,32.77155966666667,161.0,51.1,84.3,2058,80.1,T2_watch,line,161.0,3.9401746857754256,False,False
2058,5374,5158,500.0,51.07722144798558,T1_normal,-96.620085,32.716601,161.0,-96.601994,32.77155966666667,161.0,51.1,84.3,2057,80.1,T2_watch,line,161.0,3.9401746857754256,False,False
2059,5271,5159,187.0,6.39820537124501,T1_normal,-97.291628,30.789254,161.0,-96.896708,31.037352,161.0,6.4,24.3,1959,24.3,T1_normal,line,161.0,29.015492739384133,False,False
2060,12925,5159,286.6,0.0,T1_normal,-96.896708,31.037352,20.0,-96.896708,31.037352,161.0,0.0,0.0,-1,0.0,T1_normal,transformer,161.0,0.0,False,False
2061,5165,5160,310.0,62.92025018870546,T1_normal,-97.13581333333332,33.210620166666665,161.0,-97.13581333333332,33.210620166666665,161.0,62.9,84.2,622,79.0,T2_watch,line,161.0,0.0,False,False
2062,5161,5181,187.0,54.082655211650014,T1_normal,-96.80082027272728,32.808276409090915,161.0,-96.6344372,32.9086048,161.0,54.1,70.8,1956,43.1,T1_normal,line,161.0,11.887349355034631,False,False
2063,5161,5272,310.0,13.463372093394444,T1_normal,-96.80082027272728,32.808276409090915,161.0,-96.80082027272728,32.808276409090915,161.0,13.5,26.5,1677,12.9,T1_normal,line,161.0,0.0,False,False
2064,5161,5316,409.0,38.41103588991611,T1_normal,-96.80082027272728,32.808276409090915,161.0,-96.601994,32.77155966666667,161.0,38.4,48.4,1956,29.5,T1_normal,line,161.0,11.824134636472154,False,False
2065,5161,5356,251.0,3.988635979816081,T1_normal,-96.80082027272728,32.808276409090915,161.0,-96.6344372,32.9086048,161.0,4.0,22.8,2455,19.3,T1_normal,line,161.0,11.887349355034631,False,False
2066,5162,5211,187.0,4.034377846011505,T1_normal,-96.955129,31.661047,161.0,-96.807276,31.848506,161.0,4.0,38.1,2182,43.8,T1_normal,line,161.0,15.595460615263905,False,False
2067,5162,5437,187.0,0.4568377390596116,T1_normal,-96.955129,31.661047,161.0,-97.073707,31.696619,161.0,0.5,41.7,2182,47.4,T1_normal,line,161.0,7.392839794258754,False,False
2068,5163,5221,184.3,24.91716411240419,T1_normal,-97.604369,31.075955,161.0,-97.7609485,31.05193475,161.0,24.9,40.6,2204,32.6,T1_normal,line,161.0,9.414666825782676,False,False
2069,5163,5235,187.0,11.733726736694528,T1_normal,-97.604369,31.075955,161.0,-97.59865,30.925736,161.0,11.7,30.4,1986,21.8,T1_normal,line,161.0,10.384770788337883,False,False
2070,5163,5377,228.1,13.170731073116649,T1_normal,-97.604369,31.075955,161.0,-97.7609485,31.05193475,161.0,13.2,22.8,2071,14.9,T1_normal,line,161.0,9.414666825782676,False,False
2071,5163,5477,241.1,27.118318788593548,T1_normal,-97.604369,31.075955,161.0,-97.644625,31.050856,161.0,27.1,47.3,2519,44.0,T1_normal,line,161.0,2.946883922499844,False,False
2072,5165,5164,1680.0,66.19935006808224,T1_normal,-97.13581333333332,33.210620166666665,161.0,-97.13581333333332,33.210620166666665,500.0,66.2,89.0,2076,84.9,T2_watch,transformer,500.0,0.0,False,False
2073,5166,5164,97.6,44.0550228543234,T1_normal,-97.13581333333332,33.210620166666665,13.8,-97.13581333333332,33.210620166666665,500.0,44.1,44.1,13,0.0,T1_normal,transformer,500.0,0.0,False,False
2074,5167,5164,90.7,47.40650750365999,T1_normal,-97.13581333333332,33.210620166666665,13.8,-97.13581333333332,33.210620166666665,500.0,47.4,47.4,3631,0.0,T1_normal,transformer,500.0,0.0,False,False
2075,5164,5204,3146.0,54.60969539761013,T1_normal,-97.13581333333332,33.210620166666665,500.0,-97.93385,33.07965,500.0,54.6,76.5,1605,71.8,T1_normal,line,500.0,47.04613258665941,False,False
2076,5164,5464,2768.0,68.02861328728015,T1_normal,-97.13581333333332,33.210620166666665,500.0,-96.8232695,33.154732499999994,500.0,68.0,84.6,2072,79.9,T2_watch,line,500.0,18.48135034956514,False,False
2077,5175,5165,409.0,66.8980869345103,T1_normal,-97.13581333333332,33.210620166666665,161.0,-97.13581333333332,33.210620166666665,161.0,66.9,94.4,2078,85.4,T3_prevent,line,161.0,0.0,False,False
2078,5175,5165,409.0,66.8980869345103,T1_normal,-97.13581333333332,33.210620166666665,161.0,-97.13581333333332,33.210620166666665,161.0,66.9,94.4,2077,85.4,T3_prevent,line,161.0,0.0,False,False
2079,5175,5165,409.0,66.8980869345103,T1_normal,-97.13581333333332,33.210620166666665,161.0,-97.13581333333332,33.210620166666665,161.0,66.9,94.4,2077,85.4,T3_prevent,line,161.0,0.0,False,False
2080,5168,5203,187.0,30.748195470179702,T1_normal,-96.80082027272728,32.808276409090915,161.0,-96.80082027272728,32.808276409090915,161.0,30.7,41.3,1677,21.6,T1_normal,line,161.0,0.0,False,False
2081,5168,5245,187.0,47.30129307051713,T1_normal,-96.80082027272728,32.808276409090915,161.0,-97.071545,32.925765,161.0,47.3,58.3,2076,42.4,T1_normal,line,161.0,17.6845686945612,False,False
2082,5168,5311,251.0,1.1056181674307417,T1_normal,-96.80082027272728,32.808276409090915,161.0,-96.80082027272728,32.808276409090915,161.0,1.1,24.0,2557,38.0,T1_normal,line,161.0,0.0,False,False
2083,5168,5344,200.0,3.770102410376808,T1_normal,-96.80082027272728,32.808276409090915,161.0,-96.80082027272728,32.808276409090915,161.0,3.8,25.1,1889,21.3,T1_normal,line,161.0,0.0,False,False
2084,5170,5169,89.3,59.12653975363945,T1_normal,-98.4123355,32.20698,18.0,-98.4123355,32.20698,161.0,59.1,59.1,-1,55.3,T1_normal,transformer,161.0,0.0,False,False
2085,5169,5264,234.7,14.35904409907158,T1_normal,-98.4123355,32.20698,161.0,-98.552257,32.298594,161.0,14.4,129.3,2087,51.8,T6_heavy,line,161.0,10.34002962818928,True,True
2086,5169,5456,264.9,96.9162863472066,T3_prevent,-98.4123355,32.20698,161.0,-98.98514,32.116953,161.0,96.9,185.5,1563,55.3,T7_structural,line,161.0,34.07661616496428,True,True
2087,5169,5471,187.0,224.96907728916003,T7_structural,-98.4123355,32.20698,161.0,-98.377389,32.371306,161.0,225.0,399.1,1563,64.5,T7_structural,line,161.0,11.535980942913875,True,True
2088,5171,5174,251.0,91.82212882193092,T3_prevent,-96.91458,32.043976,161.0,-96.8751,31.8932,161.0,91.8,109.1,4713,82.7,T4_light,line,161.0,10.671658792785262,True,True
2089,5306,5172,251.0,6.23931205572531,T1_normal,-97.572841,32.708154,161.0,-97.825534,32.762033333333335,161.0,6.2,41.4,2033,31.5,T1_normal,line,161.0,15.151124141732508,False,False
2090,5430,5172,251.0,23.338377187302648,T1_normal,-97.825534,32.762033333333335,161.0,-97.825534,32.762033333333335,161.0,23.3,44.9,1664,61.1,T1_normal,line,161.0,0.0,False,False
2091,5173,5203,251.0,5.565197489185625,T1_normal,-96.73076228571428,33.04730142857143,161.0,-96.80082027272728,32.808276409090915,161.0,5.6,41.1,2557,33.2,T1_normal,line,161.0,17.007650434765203,False,False
2092,5174,5201,242.0,87.81955823939683,T2_watch,-96.8751,31.8932,161.0,-96.818676,31.710422,161.0,87.8,118.1,4713,101.5,T5_moderate,line,161.0,13.05628344881794,True,False
2093,5474,5174,251.0,9.88836159214896,T1_normal,-97.01498,31.86976,161.0,-96.8751,31.8932,161.0,9.9,33.2,2485,35.5,T1_normal,line,161.0,8.365139435202922,False,False
2094,5195,5175,409.0,9.648479116585332,T1_normal,-97.173782,33.114675,161.0,-97.13581333333332,33.210620166666665,161.0,9.6,64.0,1922,54.5,T1_normal,line,161.0,6.983536961559343,False,False
2095,5175,5370,474.0,67.40044974915948,T1_normal,-97.13581333333332,33.210620166666665,161.0,-97.0124115,33.07492,161.0,67.4,113.4,2096,93.7,T5_moderate,line,161.0,11.784690273154451,True,True
2096,5175,5370,474.0,67.40044974915948,T1_normal,-97.13581333333332,33.210620166666665,161.0,-97.0124115,33.07492,161.0,67.4,113.4,2095,93.7,T5_moderate,line,161.0,11.784690273154451,True,True
2097,5177,5186,310.0,48.84513524838708,T1_normal,-97.12502636363637,32.69967490909091,161.0,-97.072628,32.452281,161.0,48.8,68.2,2098,61.6,T1_normal,line,161.0,17.36358099460295,False,False
2098,5177,5186,310.0,48.84513524838708,T1_normal,-97.12502636363637,32.69967490909091,161.0,-97.072628,32.452281,161.0,48.8,68.2,2097,61.6,T1_normal,line,161.0,17.36358099460295,False,False
2099,5177,5287,360.0,52.033102475458215,T1_normal,-97.12502636363637,32.69967490909091,161.0,-97.12502636363637,32.69967490909091,161.0,52.0,102.6,2544,74.5,T4_light,line,161.0,0.0,True,True
2100,5258,5178,187.0,84.53698770984732,T2_watch,-96.4916,32.7563,161.0,-96.4445225,32.897791,161.0,84.5,109.0,2101,93.6,T4_light,line,161.0,10.151113242139363,True,True
2101,5308,5178,251.0,27.60671014110011,T1_normal,-96.5458,32.8358,161.0,-96.4445225,32.897791,161.0,27.6,71.7,2100,65.0,T1_normal,line,161.0,7.272686238216924,False,False
2102,5178,5354,187.0,52.26578046608358,T1_normal,-96.4445225,32.897791,161.0,-96.601994,32.77155966666667,161.0,52.3,76.2,1789,56.6,T1_normal,line,161.0,12.63519760192766,False,False
2103,5180,5179,946.0,24.91960617397274,T1_normal,-96.38666966666666,32.061173333333336,161.0,-96.38666966666666,32.061173333333336,500.0,24.9,40.7,2105,16.0,T1_normal,transformer,500.0,0.0,False,False
2104,5358,5179,3146.0,18.79839474913409,T1_normal,-96.93121275,31.43308425,500.0,-96.38666966666666,32.061173333333336,500.0,18.8,23.4,2511,14.3,T1_normal,line,500.0,53.91653547702363,False,False
2105,5179,5380,3146.0,46.35177874436859,T1_normal,-96.38666966666666,32.061173333333336,500.0,-96.675,32.32,500.0,46.4,52.3,1707,23.1,T1_normal,line,500.0,24.57760405653592,False,False
2106,5179,8043,2768.0,39.50743732878798,T1_normal,-96.38666966666666,32.061173333333336,500.0,-96.08704033333332,31.83128633333333,500.0,39.5,57.5,2107,18.6,T1_normal,line,500.0,23.683289622210143,False,False
2107,5179,8057,2768.0,29.209219136813704,T1_normal,-96.38666966666666,32.061173333333336,500.0,-96.08704033333332,31.83128633333333,500.0,29.2,52.0,2106,8.5,T1_normal,line,500.0,23.683289622210143,False,False
2108,13261,5179,166.5,8.691759777143279,T1_normal,-96.38666966666666,32.061173333333336,20.0,-96.38666966666666,32.061173333333336,500.0,8.7,8.7,0,0.0,T1_normal,transformer,500.0,0.0,False,False
2109,5180,5485,310.0,9.29085328154408,T1_normal,-96.38666966666666,32.061173333333336,161.0,-96.723661,32.122927,161.0,9.3,66.8,2103,38.2,T1_normal,line,161.0,20.182372653511155,False,False
2110,5182,5314,187.0,28.8448718323761,T1_normal,-97.73162625,31.4620585,161.0,-97.506079,31.662159,161.0,28.8,79.6,2011,64.7,T1_normal,line,161.0,19.16963811296276,False,False
2111,5182,5466,210.7,13.599097532767566,T1_normal,-97.73162625,31.4620585,161.0,-97.73162625,31.4620585,161.0,13.6,41.4,2011,17.2,T1_normal,line,161.0,0.0,False,False
2112,5183,5224,251.0,33.558470986908084,T1_normal,-96.88981733333333,33.00596633333333,161.0,-96.88981733333333,33.00596633333333,161.0,33.6,102.6,1999,92.4,T4_light,line,161.0,0.0,True,True
2113,5184,5373,187.0,26.473693484173875,T1_normal,-97.34008506896552,32.753233586206896,161.0,-97.267376,32.803436,161.0,26.5,87.9,2465,87.9,T2_watch,line,161.0,5.465586101205928,False,False
2114,5387,5184,251.0,24.04865962144486,T1_normal,-97.34008506896552,32.753233586206896,161.0,-97.34008506896552,32.753233586206896,161.0,24.0,109.3,2465,98.5,T4_light,line,161.0,0.0,True,True
2115,5185,5218,251.0,18.29543651139508,T1_normal,-97.462793,33.093365,161.0,-97.340499,33.099993,161.0,18.3,43.2,1614,46.3,T1_normal,line,161.0,7.093614926190003,False,False
2116,5434,5185,310.0,59.7786317807367,T1_normal,-97.444409,33.00085,161.0,-97.462793,33.093365,161.0,59.8,96.7,2117,73.3,T3_prevent,line,161.0,6.480307667277897,False,False
2117,5434,5185,310.0,59.7786317807367,T1_normal,-97.444409,33.00085,161.0,-97.462793,33.093365,161.0,59.8,96.7,2116,73.3,T3_prevent,line,161.0,6.480307667277897,False,False
2118,5186,5269,183.9,31.580238437912115,T1_normal,-97.072628,32.452281,161.0,-97.0540165,32.448697,161.0,31.6,105.8,2302,105.1,T4_light,line,161.0,1.113048012467245,True,False
2119,5186,5355,310.0,13.285487736199928,T1_normal,-97.072628,32.452281,161.0,-97.037219,32.302367,161.0,13.3,21.2,2440,26.4,T1_normal,line,161.0,10.562241866863008,False,False
2120,5186,5355,310.0,13.285487736199928,T1_normal,-97.072628,32.452281,161.0,-97.037219,32.302367,161.0,13.3,21.2,2440,26.4,T1_normal,line,161.0,10.562241866863008,False,False
2121,13236,5186,195.8,47.71133039691342,T1_normal,-97.072628,32.452281,20.0,-97.072628,32.452281,161.0,47.7,47.9,3629,0.0,T1_normal,transformer,161.0,0.0,False,False
2122,5188,5203,251.0,18.140196337597956,T1_normal,-96.88981733333333,33.00596633333333,161.0,-96.80082027272728,32.808276409090915,161.0,18.1,50.1,2557,43.7,T1_normal,line,161.0,14.602252915465131,False,False
2123,5188,5234,310.0,28.547804413495125,T1_normal,-96.88981733333333,33.00596633333333,161.0,-96.8232695,33.154732499999994,161.0,28.5,50.7,2356,59.2,T1_normal,line,161.0,10.977187780928029,False,False
2124,5188,5253,187.0,81.3356338420779,T2_watch,-96.88981733333333,33.00596633333333,161.0,-97.092488,33.0338,161.0,81.3,125.0,1898,98.1,T6_heavy,line,161.0,11.897997720991627,True,True
2125,5189,5230,251.0,19.822229921176465,T1_normal,-96.80082027272728,32.808276409090915,161.0,-96.80082027272728,32.808276409090915,161.0,19.8,29.9,2126,17.5,T1_normal,line,161.0,0.0,False,False
2126,5189,5230,199.7,42.32141525484334,T1_normal,-96.80082027272728,32.808276409090915,161.0,-96.80082027272728,32.808276409090915,161.0,42.3,56.3,3629,37.6,T1_normal,line,161.0,0.0,False,False
2127,5189,5272,409.0,14.6002195334377,T1_normal,-96.80082027272728,32.808276409090915,161.0,-96.80082027272728,32.808276409090915,161.0,14.6,25.7,2128,13.2,T1_normal,line,161.0,0.0,False,False
2128,5189,5272,224.8,58.31849029523523,T1_normal,-96.80082027272728,32.808276409090915,161.0,-96.80082027272728,32.808276409090915,161.0,58.3,74.2,2130,41.7,T1_normal,line,161.0,0.0,False,False
2129,5189,5340,235.6,17.977122132715557,T1_normal,-96.80082027272728,32.808276409090915,161.0,-96.80082027272728,32.808276409090915,161.0,18.0,43.5,1677,15.3,T1_normal,line,161.0,0.0,False,False
2130,5189,5352,310.0,39.07094183622321,T1_normal,-96.80082027272728,32.808276409090915,161.0,-96.80082027272728,32.808276409090915,161.0,39.1,54.1,2311,39.6,T1_normal,line,161.0,0.0,False,False
2131,5189,5352,310.0,39.07094183622321,T1_normal,-96.80082027272728,32.808276409090915,161.0,-96.80082027272728,32.808276409090915,161.0,39.1,54.1,2311,39.6,T1_normal,line,161.0,0.0,False,False
2132,5189,5467,210.1,20.071450106721755,T1_normal,-96.80082027272728,32.808276409090915,161.0,-96.80082027272728,32.808276409090915,161.0,20.1,47.7,1677,14.1,T1_normal,line,161.0,0.0,False,False
2133,5189,5482,200.4,31.820129346782867,T1_normal,-96.80082027272728,32.808276409090915,161.0,-96.80082027272728,32.808276409090915,161.0,31.8,40.2,1842,42.2,T1_normal,line,161.0,0.0,False,False
2134,5190,5255,251.0,62.604335734079896,T1_normal,-98.333604,32.587603,161.0,-97.993148,32.704456,161.0,62.6,97.2,1917,37.0,T3_prevent,line,161.0,21.38955840405862,False,False
2135,5190,5264,251.0,40.55408977614299,T1_normal,-98.333604,32.587603,161.0,-98.552257,32.298594,161.0,40.6,107.5,1917,75.8,T4_light,line,161.0,23.691932354276297,True,True
2136,5190,5430,310.0,16.627779791748964,T1_normal,-98.333604,32.587603,161.0,-97.825534,32.762033333333335,161.0,16.6,50.2,2533,57.4,T1_normal,line,161.0,31.912521017371777,False,False
2137,5191,5407,187.0,185.2204055198808,T7_structural,-97.710123,31.916215,161.0,-97.46203133333334,31.819786000000004,161.0,185.2,334.6,1564,23.7,T7_structural,line,161.0,16.01005878164434,True,True
2138,5193,5192,890.0,16.60547612687312,T1_normal,-97.7609485,31.05193475,161.0,-97.7609485,31.05193475,500.0,16.6,29.4,2519,33.3,T1_normal,transformer,500.0,0.0,False,False
2139,5192,5279,2020.0,7.316274135107465,T1_normal,-97.7609485,31.05193475,500.0,-97.314427,31.08967366666667,500.0,7.3,13.0,2519,14.7,T1_normal,line,500.0,26.553986123970947,False,False
2140,5193,5411,223.8,2.356444507180862,T1_normal,-97.7609485,31.05193475,161.0,-97.7609485,31.05193475,161.0,2.4,52.6,2519,72.2,T1_normal,line,161.0,0.0,False,False
2141,5193,6316,187.0,3.7513447711765537,T1_normal,-97.7609485,31.05193475,161.0,-97.72702366666664,30.716280333333337,161.0,3.8,17.6,2139,64.9,T1_normal,line,161.0,23.278818533242116,False,False
2142,5194,5330,251.0,69.74353437439012,T1_normal,-96.914175,32.651936,161.0,-97.12502636363637,32.69967490909091,161.0,69.7,117.6,2544,67.5,T5_moderate,line,161.0,12.698805058777236,True,True
2143,5194,5353,242.0,76.09982651994252,T1_normal,-96.914175,32.651936,161.0,-96.914175,32.651936,161.0,76.1,113.6,1816,90.3,T5_moderate,line,161.0,0.0,True,True
2144,5194,5376,310.0,35.864122660391956,T1_normal,-96.914175,32.651936,161.0,-96.80082027272728,32.808276409090915,161.0,35.9,61.6,2544,43.1,T1_normal,line,161.0,12.652951936222715,False,False
2145,5194,5376,224.2,34.50736131163681,T1_normal,-96.914175,32.651936,161.0,-96.80082027272728,32.808276409090915,161.0,34.5,59.3,2544,41.5,T1_normal,line,161.0,12.652951936222715,False,False
2146,5194,5462,251.0,46.37905165508447,T1_normal,-96.914175,32.651936,161.0,-96.80082027272728,32.808276409090915,161.0,46.4,86.9,2217,53.1,T2_watch,line,161.0,12.652951936222715,False,False
2147,5197,5196,305.0,42.3747766220682,T1_normal,-98.3737215,33.2411135,161.0,-98.3737215,33.2411135,500.0,42.4,100.4,2149,55.9,T4_light,transformer,500.0,0.0,True,True
2148,5198,5196,183.7,339.1776410330778,T7_structural,-98.3737215,33.2411135,18.0,-98.3737215,33.2411135,500.0,339.2,339.4,3629,0.0,T7_structural,transformer,500.0,0.0,True,True
2149,5196,5204,2020.0,84.20152248723114,T2_watch,-98.3737215,33.2411135,500.0,-97.93385,33.07965,500.0,84.2,118.8,1619,67.9,T5_moderate,line,500.0,27.78126043123233,True,True
2150,5337,5197,187.0,39.76966457782161,T1_normal,-98.244763,33.097641,161.0,-98.3737215,33.2411135,161.0,39.8,100.9,2031,62.1,T4_light,line,161.0,12.40553525887622,True,True
2151,5197,5362,197.2,14.86635137602924,T1_normal,-98.3737215,33.2411135,161.0,-97.9208,33.1964,161.0,14.9,48.3,2149,37.0,T1_normal,line,161.0,26.361894260437687,False,False
2152,5199,5244,221.1,4.0236152986180125,T1_normal,-97.34008506896552,32.753233586206896,161.0,-97.34008506896552,32.753233586206896,161.0,4.0,18.9,2252,14.9,T1_normal,line,161.0,0.0,False,False
2153,5199,5375,187.0,27.683227619975323,T1_normal,-97.34008506896552,32.753233586206896,161.0,-97.34008506896552,32.753233586206896,161.0,27.7,42.6,2431,38.9,T1_normal,line,161.0,0.0,False,False
2154,5199,5438,251.0,8.703669071138393,T1_normal,-97.34008506896552,32.753233586206896,161.0,-97.34008506896552,32.753233586206896,161.0,8.7,23.5,2568,16.0,T1_normal,line,161.0,0.0,False,False
2155,5199,5438,194.4,8.544006493207796,T1_normal,-97.34008506896552,32.753233586206896,161.0,-97.34008506896552,32.753233586206896,161.0,8.5,23.1,2568,15.7,T1_normal,line,161.0,0.0,False,False
2156,5199,5443,221.1,43.533272084130125,T1_normal,-97.34008506896552,32.753233586206896,161.0,-97.34008506896552,32.753233586206896,161.0,43.5,57.6,1638,46.9,T1_normal,line,161.0,0.0,False,False
2157,5255,5200,251.0,2.024269616360695,T1_normal,-97.993148,32.704456,161.0,-98.126806,32.799602,161.0,2.0,26.4,1911,26.4,T1_normal,line,161.0,10.175508553140745,False,False
2158,5276,5201,251.0,70.32404965258146,T1_normal,-96.84912,31.509216,161.0,-96.818676,31.710422,161.0,70.3,196.3,4713,129.7,T7_structural,line,161.0,14.017091325729629,True,False
2159,5327,5201,251.0,10.431172222939164,T1_normal,-96.828196,31.77471,161.0,-96.818676,31.710422,161.0,10.4,54.9,2398,60.0,T1_normal,line,161.0,4.477005256378481,False,False
2160,5201,12712,600.0,11.292034765156345,T1_normal,-96.818676,31.710422,161.0,-96.818676,31.710422,500.0,11.3,29.9,2398,63.3,T1_normal,transformer,500.0,0.0,False,False
2161,5202,5381,187.0,0.0069083904248063,T1_normal,-96.475509,32.229113,161.0,-96.675,32.32,161.0,0.0,71.6,1746,35.6,T1_normal,line,161.0,13.238293003819605,False,False
2162,5426,5202,187.0,4.613412465190086,T1_normal,-96.245039,32.366686,161.0,-96.475509,32.229113,161.0,4.6,67.0,1746,31.0,T1_normal,line,161.0,16.47832511472633,False,False
2163,5203,5465,237.0,98.08728105068076,T3_prevent,-96.80082027272728,32.808276409090915,161.0,-96.8232695,33.154732499999994,161.0,98.1,115.5,2356,91.6,T5_moderate,line,161.0,23.973405010551257,True,True
2164,5205,5204,1134.0,30.94914445478167,T1_normal,-97.93385,33.07965,161.0,-97.93385,33.07965,500.0,30.9,68.2,2173,63.9,T1_normal,transformer,500.0,0.0,False,False
2165,5206,5204,357.6,0.0,T1_normal,-97.93385,33.07965,13.8,-97.93385,33.07965,500.0,0.0,0.0,-1,0.0,T1_normal,transformer,500.0,0.0,False,False
2166,5207,5204,397.9,55.52232511555424,T1_normal,-97.93385,33.07965,13.8,-97.93385,33.07965,500.0,55.5,55.5,152,25.9,T1_normal,transformer,500.0,0.0,False,False
2167,5208,5204,257.8,0.0,T1_normal,-97.93385,33.07965,13.8,-97.93385,33.07965,500.0,0.0,0.0,-1,0.0,T1_normal,transformer,500.0,0.0,False,False
2168,5204,5361,2768.0,35.86606875475618,T1_normal,-97.93385,33.07965,500.0,-97.9208,33.1964,500.0,35.9,105.0,1605,105.2,T4_light,line,500.0,8.101992662907032,True,False
2169,5204,5413,2020.0,9.383249110429048,T1_normal,-97.93385,33.07965,500.0,-98.2935895,32.711098,500.0,9.4,34.7,1626,20.6,T1_normal,line,500.0,32.92463351311251,False,False
2170,12532,5204,260.5,0.0,T1_normal,-97.93385,33.07965,13.8,-97.93385,33.07965,500.0,0.0,0.0,-1,0.0,T1_normal,transformer,500.0,0.0,False,False
2171,12533,5204,212.6,0.0,T1_normal,-97.93385,33.07965,13.8,-97.93385,33.07965,500.0,0.0,0.0,-1,0.0,T1_normal,transformer,500.0,0.0,False,False
2172,12534,5204,245.8,0.0,T1_normal,-97.93385,33.07965,13.8,-97.93385,33.07965,500.0,0.0,0.0,-1,0.0,T1_normal,transformer,500.0,0.0,False,False
2173,5204,12556,2811.6,76.70247367190007,T1_normal,-97.93385,33.07965,500.0,-97.93385,33.07965,500.0,76.7,105.4,1605,99.5,T4_light,line,500.0,0.0,True,True
2174,5209,5246,187.0,30.617018340243476,T1_normal,-97.736712,32.083522,161.0,-97.790381,32.253423999999995,161.0,30.6,72.8,2258,8.9,T1_normal,line,161.0,12.151641379634167,False,False
2175,5209,5246,230.3,34.61860559659163,T1_normal,-97.736712,32.083522,161.0,-97.790381,32.253423999999995,161.0,34.6,82.3,2258,10.1,T2_watch,line,161.0,12.151641379634167,False,False
2176,5247,5209,187.0,75.17137592791707,T1_normal,-97.575601,32.117538,161.0,-97.736712,32.083522,161.0,75.2,176.0,2258,19.4,T7_structural,line,161.0,9.718432042412166,True,True
2177,5210,5233,251.0,60.693073859284816,T1_normal,-97.1378,32.8418145,161.0,-97.0886755,32.837196,161.0,60.7,79.5,1659,80.2,T1_normal,line,161.0,2.869591960402386,False,False
2178,5210,5248,221.4,4.673883537898575,T1_normal,-97.1378,32.8418145,161.0,-97.1378,32.8418145,161.0,4.7,35.6,2260,28.1,T1_normal,line,161.0,0.0,False,False
2179,5210,5428,409.0,22.712454609862437,T1_normal,-97.1378,32.8418145,161.0,-97.180586,32.8172,161.0,22.7,38.0,2180,32.7,T1_normal,line,161.0,3.010519997716374,False,False
2180,5210,5428,215.8,55.69665558685374,T1_normal,-97.1378,32.8418145,161.0,-97.180586,32.8172,161.0,55.7,80.8,2179,69.5,T2_watch,line,161.0,3.010519997716374,False,False
2181,5211,5275,210.0,72.76316973223491,T1_normal,-96.807276,31.848506,161.0,-96.624458,31.85346,161.0,72.8,99.7,1746,100.8,T3_prevent,line,161.0,10.735072060665583,False,False
2182,5211,5327,251.0,67.22188964531261,T1_normal,-96.807276,31.848506,161.0,-96.828196,31.77471,161.0,67.2,84.9,2092,95.1,T2_watch,line,161.0,5.244733225319448,False,False
2183,5212,5256,310.0,74.05255818275371,T1_normal,-96.678049,32.439873,161.0,-96.842324,32.237512,161.0,74.1,87.2,2281,35.3,T2_watch,line,161.0,16.95472181333682,False,False
2184,5333,5212,310.0,63.120300118237616,T1_normal,-96.807315,32.521773,161.0,-96.678049,32.439873,161.0,63.1,76.2,2281,24.4,T1_normal,line,161.0,9.422781277620068,False,False
2185,5213,5250,409.0,9.235647868352093,T1_normal,-96.6344372,32.9086048,161.0,-96.80082027272728,32.808276409090915,161.0,9.2,53.8,1556,42.3,T1_normal,line,161.0,11.887349355034631,False,False
2186,5214,5229,187.0,39.05751848422201,T1_normal,-96.80082027272728,32.808276409090915,161.0,-96.80082027272728,32.808276409090915,161.0,39.1,75.0,2544,31.4,T1_normal,line,161.0,0.0,False,False
2187,5214,5468,310.0,13.206292875312805,T1_normal,-96.80082027272728,32.808276409090915,161.0,-96.80082027272728,32.808276409090915,161.0,13.2,75.3,2544,57.9,T1_normal,line,161.0,0.0,False,False
2188,5215,5277,251.0,21.579818337133435,T1_normal,-96.933242,33.371246,161.0,-96.950551,33.176495,161.0,21.6,42.5,626,21.3,T1_normal,line,161.0,13.493241808033773,False,False
2189,5216,5442,251.0,8.375839709195844,T1_normal,-97.34008506896552,32.753233586206896,161.0,-97.34008506896552,32.753233586206896,161.0,8.4,22.9,2254,20.6,T1_normal,line,161.0,0.0,False,False
2190,5216,5442,217.4,8.302419669893592,T1_normal,-97.34008506896552,32.753233586206896,161.0,-97.34008506896552,32.753233586206896,161.0,8.3,22.7,2254,20.4,T1_normal,line,161.0,0.0,False,False
2191,5216,5443,218.0,64.20955472248555,T1_normal,-97.34008506896552,32.753233586206896,161.0,-97.34008506896552,32.753233586206896,161.0,64.2,100.7,2192,98.2,T4_light,line,161.0,0.0,True,True
2192,5216,5443,242.9,59.69422595479683,T1_normal,-97.34008506896552,32.753233586206896,161.0,-97.34008506896552,32.753233586206896,161.0,59.7,91.8,2191,89.6,T3_prevent,line,161.0,0.0,False,False
2193,5217,5310,187.0,32.32964226800325,T1_normal,-97.2168395,32.863300499999994,161.0,-97.34008506896552,32.753233586206896,161.0,32.3,49.2,2195,38.8,T1_normal,line,161.0,10.443241460963998,False,False
2194,5217,5310,187.0,32.32964226800325,T1_normal,-97.2168395,32.863300499999994,161.0,-97.34008506896552,32.753233586206896,161.0,32.3,49.2,2195,38.8,T1_normal,line,161.0,10.443241460963998,False,False
2195,5217,5310,208.8,44.65871954343911,T1_normal,-97.2168395,32.863300499999994,161.0,-97.34008506896552,32.753233586206896,161.0,44.7,58.3,2196,47.2,T1_normal,line,161.0,10.443241460963998,False,False
2196,5217,5379,234.5,34.2704085295533,T1_normal,-97.2168395,32.863300499999994,161.0,-97.34008506896552,32.753233586206896,161.0,34.3,41.3,2195,31.9,T1_normal,line,161.0,10.443241460963998,False,False
2197,5217,5428,223.5,12.898536357290324,T1_normal,-97.2168395,32.863300499999994,161.0,-97.180586,32.8172,161.0,12.9,45.6,1749,37.3,T1_normal,line,161.0,3.8177522420165793,False,False
2198,5217,5433,279.0,88.90961887998762,T2_watch,-97.2168395,32.863300499999994,161.0,-97.34008506896552,32.753233586206896,161.0,88.9,109.9,2402,88.0,T4_light,line,161.0,10.443241460963998,True,True
2199,5483,5217,409.0,29.461463150882423,T1_normal,-97.2168395,32.863300499999994,161.0,-97.2168395,32.863300499999994,161.0,29.5,49.2,2532,43.2,T1_normal,line,161.0,0.0,False,False
2200,5483,5217,409.0,29.461463150882423,T1_normal,-97.2168395,32.863300499999994,161.0,-97.2168395,32.863300499999994,161.0,29.5,49.2,2532,43.2,T1_normal,line,161.0,0.0,False,False
2201,5219,5371,187.0,60.23351764041001,T1_normal,-96.428985,32.533273,161.0,-96.539931,32.552083,161.0,60.2,169.4,1927,36.9,T7_structural,line,161.0,6.591524949559079,True,True
2202,13121,5219,232.2,14.276128884891556,T1_normal,-96.428985,32.533273,20.0,-96.428985,32.533273,161.0,14.3,14.3,3629,0.0,T1_normal,transformer,161.0,0.0,False,False
2203,5221,5377,238.7,2.714337953848384,T1_normal,-97.7609485,31.05193475,161.0,-97.7609485,31.05193475,161.0,2.7,11.8,2068,21.4,T1_normal,line,161.0,0.0,False,False
2204,5221,5411,187.0,31.926813991303863,T1_normal,-97.7609485,31.05193475,161.0,-97.7609485,31.05193475,161.0,31.9,51.9,1986,34.1,T1_normal,line,161.0,0.0,False,False
2205,5222,5426,310.0,40.93844762653548,T1_normal,-96.092445,32.357217500000004,161.0,-96.245039,32.366686,161.0,40.9,73.0,2206,28.1,T1_normal,line,161.0,8.929785829711678,False,False
2206,5222,5426,310.0,40.93844762653548,T1_normal,-96.092445,32.357217500000004,161.0,-96.245039,32.366686,161.0,40.9,73.0,2205,28.1,T1_normal,line,161.0,8.929785829711678,False,False
2207,5223,5275,251.0,15.87680627347388,T1_normal,-96.468137,31.654919,161.0,-96.624458,31.85346,161.0,15.9,38.1,1589,52.1,T1_normal,line,161.0,16.508532394498076,False,False
2208,5307,5224,310.0,25.238134386981184,T1_normal,-96.912391,33.070292,161.0,-96.88981733333333,33.00596633333333,161.0,25.2,46.8,2557,43.7,T1_normal,line,161.0,4.632859306035483,False,False
2209,5225,5259,251.0,6.159710281713024,T1_normal,-96.357203,33.030354,161.0,-96.452481,33.068055,161.0,6.2,48.3,1720,48.7,T1_normal,line,161.0,6.10196903814365,False,False
2210,5225,5421,310.0,2.761008771903375,T1_normal,-96.357203,33.030354,161.0,-96.309004,33.066219,161.0,2.8,39.2,2287,31.7,T1_normal,line,161.0,3.732702178427736,False,False
2211,13273,5225,177.1,0.0,T1_normal,-96.357203,33.030354,20.0,-96.357203,33.030354,161.0,0.0,0.0,-1,0.0,T1_normal,transformer,161.0,0.0,False,False
2212,5226,13069,240.0,29.811310820389387,T1_normal,-98.776277,31.686677,161.0,-98.603358,31.684511,161.0,29.8,66.2,1697,30.8,T1_normal,line,161.0,10.167898921052323,False,False
2213,5227,5354,251.0,35.49877005510973,T1_normal,-96.243079,32.788987000000006,161.0,-96.601994,32.77155966666667,161.0,35.5,53.0,1927,38.6,T1_normal,line,161.0,20.88448843671545,False,False
2214,5313,5228,409.0,49.38519818342144,T1_normal,-96.695516,32.63852,161.0,-96.80082027272728,32.808276409090915,161.0,49.4,65.8,2215,45.6,T1_normal,line,161.0,13.230331689291436,False,False
2215,5313,5228,409.0,49.38519818342144,T1_normal,-96.695516,32.63852,161.0,-96.80082027272728,32.808276409090915,161.0,49.4,65.8,2214,45.6,T1_normal,line,161.0,13.230331689291436,False,False
2216,5313,5228,409.0,49.38519818342144,T1_normal,-96.695516,32.63852,161.0,-96.80082027272728,32.808276409090915,161.0,49.4,65.8,2214,45.6,T1_normal,line,161.0,13.230331689291436,False,False
2217,5349,5228,310.0,109.22255638692424,T4_light,-96.7651095,32.5902035,161.0,-96.80082027272728,32.808276409090915,161.0,109.2,137.2,2544,49.6,T6_heavy,line,161.0,15.209942320013807,True,True
2218,5228,5376,208.2,3.7311499489078934,T1_normal,-96.80082027272728,32.808276409090915,161.0,-96.80082027272728,32.808276409090915,161.0,3.7,67.4,1677,43.0,T1_normal,line,161.0,0.0,False,False
2219,5229,5309,409.0,16.114886220702786,T1_normal,-96.80082027272728,32.808276409090915,161.0,-96.80082027272728,32.808276409090915,161.0,16.1,20.3,1673,22.1,T1_normal,line,161.0,0.0,False,False
2220,5230,5311,222.7,18.57862767454925,T1_normal,-96.80082027272728,32.808276409090915,161.0,-96.80082027272728,32.808276409090915,161.0,18.6,28.7,2557,40.8,T1_normal,line,161.0,0.0,False,False
2221,5230,5340,203.0,3.3279445196812163,T1_normal,-96.80082027272728,32.808276409090915,161.0,-96.80082027272728,32.808276409090915,161.0,3.3,29.8,1677,40.0,T1_normal,line,161.0,0.0,False,False
2222,5230,5467,221.4,5.6580561017958715,T1_normal,-96.80082027272728,32.808276409090915,161.0,-96.80082027272728,32.808276409090915,161.0,5.7,11.3,3629,21.2,T1_normal,line,161.0,0.0,False,False
2223,5230,5478,187.0,2.92523816532478,T1_normal,-96.80082027272728,32.808276409090915,161.0,-96.9700122,32.8603614,161.0,2.9,40.3,1660,33.6,T1_normal,line,161.0,10.46106463797936,False,False
2224,5230,5482,226.8,12.677557313007553,T1_normal,-96.80082027272728,32.808276409090915,161.0,-96.80082027272728,32.808276409090915,161.0,12.7,19.6,1842,31.1,T1_normal,line,161.0,0.0,False,False
2225,5286,5231,187.0,88.24848115555122,T2_watch,-98.4123355,32.20698,161.0,-98.213739,31.738177,161.0,88.2,223.4,1697,26.7,T7_structural,line,161.0,34.41953725979688,True,True
2226,13293,5231,163.4,61.19951040391677,T1_normal,-98.213739,31.738177,20.0,-98.213739,31.738177,161.0,61.2,61.2,2,57.2,T1_normal,transformer,161.0,0.0,False,False
2227,5232,5251,187.0,104.09703668990365,T4_light,-97.12502636363637,32.69967490909091,161.0,-97.010181,32.723688,161.0,104.1,133.7,2386,68.7,T6_heavy,line,161.0,6.879693738459219,True,True
2228,5232,5330,246.3,38.67352659171864,T1_normal,-97.12502636363637,32.69967490909091,161.0,-97.12502636363637,32.69967490909091,161.0,38.7,58.4,1765,44.1,T1_normal,line,161.0,0.0,False,False
2229,5440,5232,300.0,8.328487877212847,T1_normal,-97.12502636363637,32.69967490909091,161.0,-97.12502636363637,32.69967490909091,161.0,8.3,34.8,2403,38.0,T1_normal,line,161.0,0.0,False,False
2230,5232,5442,187.0,22.26199769389991,T1_normal,-97.12502636363637,32.69967490909091,161.0,-97.34008506896552,32.753233586206896,161.0,22.3,34.5,2544,32.2,T1_normal,line,161.0,13.03678738597602,False,False
2231,5233,5339,187.0,10.820287334828564,T1_normal,-97.0886755,32.837196,161.0,-97.148582,32.959922,161.0,10.8,57.4,1867,58.5,T1_normal,line,161.0,9.164208187516357,False,False
2232,5234,5296,310.0,59.00454736803787,T1_normal,-96.8232695,33.154732499999994,161.0,-96.643077,33.194952,161.0,59.0,92.8,2233,80.9,T3_prevent,line,161.0,10.785069083259758,False,False
2233,5234,5296,310.0,59.00454736803787,T1_normal,-96.8232695,33.154732499999994,161.0,-96.643077,33.194952,161.0,59.0,92.8,2232,80.9,T3_prevent,line,161.0,10.785069083259758,False,False
2234,5235,5271,187.0,31.377936772440822,T1_normal,-97.59865,30.925736,161.0,-97.291628,30.789254,161.0,31.4,51.4,2327,57.6,T1_normal,line,161.0,20.507331278107326,False,False
2235,5411,5235,187.0,13.343335278037197,T1_normal,-97.7609485,31.05193475,161.0,-97.59865,30.925736,161.0,13.3,32.5,2329,19.9,T1_normal,line,161.0,12.978690094783216,False,False
2236,5235,5477,215.6,13.389011937279916,T1_normal,-97.59865,30.925736,161.0,-97.644625,31.050856,161.0,13.4,22.2,1986,17.3,T1_normal,line,161.0,9.063819497627453,False,False
2237,5237,5236,287.0,240.57569895036656,T7_structural,-98.81875,33.316907,161.0,-98.81875,33.316907,500.0,240.6,392.9,573,80.4,T7_structural,transformer,500.0,0.0,True,True
2238,5238,5236,246.6,333.5164278518444,T7_structural,-98.81875,33.316907,18.0,-98.81875,33.316907,500.0,333.5,333.6,3629,0.0,T7_structural,transformer,500.0,0.0,True,True
2239,5236,5394,2020.0,16.976388276663933,T1_normal,-98.81875,33.316907,500.0,-99.33232,32.77921550000001,500.0,17.0,28.3,1624,57.5,T1_normal,line,500.0,47.59087727950032,False,False
2240,5240,5239,477.0,57.178087879739095,T1_normal,-98.44031233333334,31.441731,161.0,-98.44031233333334,31.441731,500.0,57.2,92.3,1697,19.3,T3_prevent,transformer,500.0,0.0,False,False
2241,5243,5239,193.9,0.0,T1_normal,-98.44031233333334,31.441731,13.8,-98.44031233333334,31.441731,500.0,0.0,0.0,-1,0.0,T1_normal,transformer,500.0,0.0,False,False
2242,5451,5239,2020.0,81.51343857108317,T2_watch,-97.968224,31.219045,500.0,-98.44031233333334,31.441731,500.0,81.5,94.5,1835,86.7,T3_prevent,line,500.0,31.82822768349818,False,False
2243,5239,6118,2996.5,30.083736280339444,T1_normal,-98.44031233333334,31.441731,500.0,-97.8242,30.503949,500.0,30.1,39.6,2242,88.0,T1_normal,line,500.0,74.36790433925155,False,False
2244,5239,6210,2020.0,9.475969653960888,T1_normal,-98.44031233333334,31.441731,500.0,-98.26824166666664,30.564168,500.0,9.5,24.2,281,79.6,T1_normal,line,500.0,61.484771666118625,False,False
2245,5239,6254,2055.4,1.5794708952863348,T1_normal,-98.44031233333334,31.441731,500.0,-97.77508287179488,30.30416587179487,500.0,1.6,25.9,3185,94.1,T1_normal,line,500.0,87.94349625491455,False,False
2246,12547,5239,1910.0,40.72608140547759,T1_normal,-97.46203133333334,31.819786000000004,500.0,-98.44031233333334,31.441731,500.0,40.7,57.2,1564,17.8,T1_normal,line,500.0,63.2022613734558,False,False
2247,13429,5239,2724.7,28.57872356009871,T1_normal,-99.1872,31.5481,500.0,-98.44031233333334,31.441731,500.0,28.6,40.8,2248,62.1,T1_normal,line,500.0,44.61277576619622,False,False
2248,13429,5239,2724.7,28.57872356009871,T1_normal,-99.1872,31.5481,500.0,-98.44031233333334,31.441731,500.0,28.6,40.8,2247,62.1,T1_normal,line,500.0,44.61277576619622,False,False
2249,5241,5240,204.0,23.29562837122076,T1_normal,-98.44031233333334,31.441731,115.0,-98.44031233333334,31.441731,161.0,23.3,45.9,2240,22.7,T1_normal,transformer,161.0,0.0,False,False
2250,5241,5240,204.0,23.29562837122076,T1_normal,-98.44031233333334,31.441731,115.0,-98.44031233333334,31.441731,161.0,23.3,45.9,2240,22.7,T1_normal,transformer,161.0,0.0,False,False
2251,5240,13117,369.8,58.81644247129822,T1_normal,-98.44031233333334,31.441731,161.0,-98.44031233333334,31.441731,161.0,58.8,87.4,1697,32.0,T2_watch,line,161.0,0.0,False,False
2252,5244,5306,283.0,94.5846333044922,T3_prevent,-97.34008506896552,32.753233586206896,161.0,-97.572841,32.708154,161.0,94.6,111.4,1633,96.5,T5_moderate,line,161.0,13.882496081108137,True,True
2253,5244,5387,206.8,36.63290915539682,T1_normal,-97.34008506896552,32.753233586206896,161.0,-97.34008506896552,32.753233586206896,161.0,36.6,72.8,2465,65.0,T1_normal,line,161.0,0.0,False,False
2254,5244,5442,187.0,49.28531167447954,T1_normal,-97.34008506896552,32.753233586206896,161.0,-97.34008506896552,32.753233586206896,161.0,49.3,61.7,1605,59.0,T1_normal,line,161.0,0.0,False,False
2255,5244,5469,236.2,0.5376937355621966,T1_normal,-97.34008506896552,32.753233586206896,161.0,-97.34008506896552,32.753233586206896,161.0,0.5,51.7,2252,47.8,T1_normal,line,161.0,0.0,False,False
2256,5245,5254,251.0,75.68258293078536,T1_normal,-97.071545,32.925765,161.0,-97.22672,33.009335,161.0,75.7,91.7,2257,84.0,T3_prevent,line,161.0,10.68905819200793,False,False
2257,5245,5339,187.0,41.41718443080019,T1_normal,-97.071545,32.925765,161.0,-97.148582,32.959922,161.0,41.4,107.0,2256,93.6,T4_light,line,161.0,5.052089951179039,True,True
2258,5261,5246,251.0,198.60529505758595,T7_structural,-97.790381,32.253423999999995,161.0,-97.790381,32.253423999999995,161.0,198.6,420.4,1564,18.8,T7_structural,line,161.0,0.0,True,True
2259,5248,5428,251.0,19.513966759295936,T1_normal,-97.1378,32.8418145,161.0,-97.180586,32.8172,161.0,19.5,32.5,1600,27.9,T1_normal,line,161.0,3.010519997716374,False,False
2260,5248,5457,409.0,40.905069468378514,T1_normal,-97.1378,32.8418145,161.0,-97.149641,32.891787,161.0,40.9,67.4,2279,54.3,T1_normal,line,161.0,3.5205234344606247,False,False
2261,5248,5483,187.0,65.58500892560899,T1_normal,-97.1378,32.8418145,161.0,-97.2168395,32.863300499999994,161.0,65.6,97.7,2262,87.2,T3_prevent,line,161.0,4.821970869117616,False,False
2262,5248,5483,231.5,69.63960648892072,T1_normal,-97.1378,32.8418145,161.0,-97.2168395,32.863300499999994,161.0,69.6,92.9,2261,82.9,T3_prevent,line,161.0,4.821970869117616,False,False
2263,5292,5249,310.0,59.70252699104479,T1_normal,-97.34008506896552,32.753233586206896,161.0,-97.34008506896552,32.753233586206896,161.0,59.7,98.3,2264,87.6,T3_prevent,line,161.0,0.0,False,False
2264,5292,5249,310.0,59.70252699104479,T1_normal,-97.34008506896552,32.753233586206896,161.0,-97.34008506896552,32.753233586206896,161.0,59.7,98.3,2263,87.6,T3_prevent,line,161.0,0.0,False,False
2265,5250,5385,500.0,64.58650347592936,T1_normal,-96.80082027272728,32.808276409090915,161.0,-96.80082027272728,32.808276409090915,161.0,64.6,79.4,2266,57.7,T1_normal,line,161.0,0.0,False,False
2266,5250,5385,500.0,64.58650347592936,T1_normal,-96.80082027272728,32.808276409090915,161.0,-96.80082027272728,32.808276409090915,161.0,64.6,79.4,2265,57.7,T1_normal,line,161.0,0.0,False,False
2267,5250,5385,500.0,64.58650347592936,T1_normal,-96.80082027272728,32.808276409090915,161.0,-96.80082027272728,32.808276409090915,161.0,64.6,79.4,2265,57.7,T1_normal,line,161.0,0.0,False,False
2268,5250,5385,500.0,64.58650347592936,T1_normal,-96.80082027272728,32.808276409090915,161.0,-96.80082027272728,32.808276409090915,161.0,64.6,79.4,2265,57.7,T1_normal,line,161.0,0.0,False,False
2269,5251,5478,310.0,9.886196148400472,T1_normal,-97.010181,32.723688,161.0,-96.9700122,32.8603614,161.0,9.9,35.2,1660,53.3,T1_normal,line,161.0,9.727277191718333,False,False
2270,5251,5478,310.0,9.886196148400472,T1_normal,-97.010181,32.723688,161.0,-96.9700122,32.8603614,161.0,9.9,35.2,1660,53.3,T1_normal,line,161.0,9.727277191718333,False,False
2271,5252,5340,187.0,11.559392631465272,T1_normal,-96.80082027272728,32.808276409090915,161.0,-96.80082027272728,32.808276409090915,161.0,11.6,37.9,1677,26.4,T1_normal,line,161.0,0.0,False,False
2272,5252,5436,187.0,45.09863185631957,T1_normal,-96.80082027272728,32.808276409090915,161.0,-96.80082027272728,32.808276409090915,161.0,45.1,78.8,2273,45.1,T1_normal,line,161.0,0.0,False,False
2273,5252,5436,231.7,39.93417024888066,T1_normal,-96.80082027272728,32.808276409090915,161.0,-96.80082027272728,32.808276409090915,161.0,39.9,65.4,2272,37.4,T1_normal,line,161.0,0.0,False,False
2274,5253,5370,397.0,66.94537325214507,T1_normal,-97.092488,33.0338,161.0,-97.0124115,33.07492,161.0,66.9,119.1,2275,94.2,T5_moderate,line,161.0,5.438484031550128,True,True
2275,5370,5253,397.0,66.94537325214507,T1_normal,-97.0124115,33.07492,161.0,-97.092488,33.0338,161.0,66.9,119.1,2274,94.2,T5_moderate,line,161.0,5.438484031550128,True,True
2276,5254,5332,187.0,29.925408233508353,T1_normal,-97.22672,33.009335,161.0,-97.34008506896552,32.753233586206896,161.0,29.9,62.4,1848,57.7,T1_normal,line,161.0,18.87820081999638,False,False
2277,5254,5420,310.0,40.85252288561709,T1_normal,-97.22672,33.009335,161.0,-97.34008506896552,32.753233586206896,161.0,40.9,63.8,2278,60.5,T1_normal,line,161.0,18.87820081999638,False,False
2278,5254,5420,310.0,40.85252288561709,T1_normal,-97.22672,33.009335,161.0,-97.34008506896552,32.753233586206896,161.0,40.9,63.8,2277,60.5,T1_normal,line,161.0,18.87820081999638,False,False
2279,5254,5457,187.0,79.47577792962308,T1_normal,-97.22672,33.009335,161.0,-97.149641,32.891787,161.0,79.5,123.8,2260,100.9,T5_moderate,line,161.0,9.270213987671198,True,False
2280,5257,5256,251.0,86.83930703978388,T2_watch,-96.85118,32.177712,161.0,-96.842324,32.237512,161.0,86.8,119.0,2440,80.1,T5_moderate,line,161.0,4.164138294494591,True,True
2281,5256,5427,251.0,69.23528041783447,T1_normal,-96.842324,32.237512,161.0,-96.8502335,32.366515,161.0,69.2,107.6,2183,41.2,T4_light,line,161.0,8.925306827208944,True,True
2282,5439,5256,310.0,60.21833017595015,T1_normal,-96.8502335,32.366515,161.0,-96.842324,32.237512,161.0,60.2,99.3,2477,23.3,T3_prevent,line,161.0,8.925306827208944,False,False
2283,5308,5258,310.0,35.09423135968282,T1_normal,-96.5458,32.8358,161.0,-96.4916,32.7563,161.0,35.1,67.4,2366,58.6,T1_normal,line,161.0,6.331081611012867,False,False
2284,5258,12505,800.0,56.965785529053825,T1_normal,-96.4916,32.7563,161.0,-96.4916,32.7563,500.0,57.0,73.4,2366,60.3,T1_normal,transformer,500.0,0.0,False,False
2285,5259,5412,324.0,73.06001778585924,T1_normal,-96.452481,33.068055,161.0,-96.534936,33.012135,161.0,73.1,111.9,2286,92.9,T5_moderate,line,161.0,6.143073938376948,True,True
2286,5259,5412,311.0,69.09328579209671,T1_normal,-96.452481,33.068055,161.0,-96.534936,33.012135,161.0,69.1,111.8,2285,92.9,T5_moderate,line,161.0,6.143073938376948,True,True
2287,5259,12728,600.0,79.37757487445094,T1_normal,-96.452481,33.068055,161.0,-96.452481,33.068055,500.0,79.4,103.8,2361,89.5,T4_light,transformer,500.0,0.0,True,True
2288,5261,5260,375.0,97.55393585881409,T3_prevent,-97.790381,32.253423999999995,161.0,-97.790381,32.253423999999995,500.0,97.6,176.0,1564,27.6,T7_structural,transformer,500.0,0.0,True,True
2289,5262,5260,1602.8,72.70913706790398,T1_normal,-97.790381,32.253423999999995,13.8,-97.790381,32.253423999999995,500.0,72.7,72.7,3629,68.6,T1_normal,transformer,500.0,0.0,False,False
2290,5263,5260,1378.5,84.08815285615127,T2_watch,-97.790381,32.253423999999995,13.8,-97.790381,32.253423999999995,500.0,84.1,84.1,3629,79.8,T2_watch,transformer,500.0,0.0,False,False
2291,5260,5317,4352.0,28.17037708477691,T1_normal,-97.790381,32.253423999999995,500.0,-97.69946625,32.40925625,500.0,28.2,47.8,2292,53.5,T1_normal,line,500.0,12.004295581600744,False,False
2292,5260,5401,2205.0,46.64040880849857,T1_normal,-97.790381,32.253423999999995,500.0,-97.69946625,32.40925625,500.0,46.6,92.7,2291,104.7,T3_prevent,line,500.0,12.004295581600744,False,False
2293,5261,5318,216.2,61.36541680110512,T1_normal,-97.790381,32.253423999999995,161.0,-97.69946625,32.40925625,161.0,61.4,193.9,2288,58.9,T7_structural,line,161.0,12.004295581600744,True,True
2294,5264,5471,251.0,111.24707346016982,T5_moderate,-98.552257,32.298594,161.0,-98.377389,32.371306,161.0,111.2,224.3,2087,18.1,T7_structural,line,161.0,11.378046218410027,True,True
2295,5265,5483,409.0,50.154394807413254,T1_normal,-97.254531,32.926023,161.0,-97.2168395,32.863300499999994,161.0,50.2,70.1,2296,64.3,T1_normal,line,161.0,4.854191080751097,False,False
2296,5483,5265,409.0,50.154394807413254,T1_normal,-97.2168395,32.863300499999994,161.0,-97.254531,32.926023,161.0,50.2,70.1,2295,64.3,T1_normal,line,161.0,4.854191080751097,False,False
2297,5483,5265,409.0,50.154394807413254,T1_normal,-97.2168395,32.863300499999994,161.0,-97.254531,32.926023,161.0,50.2,70.1,2295,64.3,T1_normal,line,161.0,4.854191080751097,False,False
2298,5287,5266,310.0,19.83933856076539,T1_normal,-97.12502636363637,32.69967490909091,161.0,-96.964675,32.580181,161.0,19.8,80.3,2099,79.2,T2_watch,line,161.0,12.458295261841936,False,False
2299,5267,5466,187.0,7.229161252967122,T1_normal,-97.531134,31.409518,161.0,-97.73162625,31.4620585,161.0,7.2,56.7,2547,57.5,T1_normal,line,161.0,12.364511145921306,False,False
2300,5470,5267,187.0,5.292675258927286,T1_normal,-97.260442,31.529664,161.0,-97.531134,31.409518,161.0,5.3,45.9,1996,31.7,T1_normal,line,161.0,17.983004025668542,False,False
2301,5268,5288,247.0,75.48378886173465,T1_normal,-95.788968,33.316269,161.0,-96.0140895,33.412679,161.0,75.5,94.8,643,82.6,T3_prevent,line,161.0,14.59930614739471,False,False
2302,5427,5269,310.0,83.8855114714661,T2_watch,-96.8502335,32.366515,161.0,-97.0540165,32.448697,161.0,83.9,109.8,2440,41.3,T4_light,line,161.0,13.173873165009113,True,True
2303,5269,5445,310.0,55.61884859751338,T1_normal,-97.0540165,32.448697,161.0,-97.0540165,32.448697,161.0,55.6,87.1,2304,58.4,T2_watch,line,161.0,0.0,False,False
2304,5445,5269,310.0,55.61884859751338,T1_normal,-97.0540165,32.448697,161.0,-97.0540165,32.448697,161.0,55.6,87.1,2303,58.4,T2_watch,line,161.0,0.0,False,False
2305,13368,5269,99.8,77.97299380465718,T1_normal,-97.0540165,32.448697,20.0,-97.0540165,32.448697,161.0,78.0,78.3,3629,74.9,T1_normal,transformer,161.0,0.0,False,False
2306,5270,5389,251.0,6.556145749667347,T1_normal,-97.243292,31.816191,161.0,-97.145583,31.5590085,161.0,6.6,32.3,2092,27.4,T1_normal,line,161.0,18.67530083566925,False,False
2307,5270,5437,187.0,5.366691672705106,T1_normal,-97.243292,31.816191,161.0,-97.073707,31.696619,161.0,5.4,47.5,2182,53.2,T1_normal,line,161.0,12.942970738297356,False,False
2308,5270,5474,251.0,8.099516970634937,T1_normal,-97.243292,31.816191,161.0,-97.01498,31.86976,161.0,8.1,33.3,2092,33.7,T1_normal,line,161.0,13.902579616117,False,False
2309,5271,5390,187.0,45.67988545919365,T1_normal,-97.291628,30.789254,161.0,-97.2120625,30.983119,161.0,45.7,71.2,2327,76.7,T1_normal,line,161.0,14.201498937518627,False,False
2310,5272,5309,214.7,31.960216301834055,T1_normal,-96.80082027272728,32.808276409090915,161.0,-96.80082027272728,32.808276409090915,161.0,32.0,44.5,2219,56.2,T1_normal,line,161.0,0.0,False,False
2311,5272,5352,234.8,84.61160757381823,T2_watch,-96.80082027272728,32.808276409090915,161.0,-96.80082027272728,32.808276409090915,161.0,84.6,115.7,1874,88.9,T5_moderate,line,161.0,0.0,True,True
2312,5272,5467,187.0,39.88814512635972,T1_normal,-96.80082027272728,32.808276409090915,161.0,-96.80082027272728,32.808276409090915,161.0,39.9,69.0,1677,22.6,T1_normal,line,161.0,0.0,False,False
2313,5273,5339,187.0,67.36122783500358,T1_normal,-96.984664,32.963417,161.0,-97.148582,32.959922,161.0,67.4,120.6,2557,98.7,T5_moderate,line,161.0,9.50577778923344,True,True
2314,5273,5422,251.0,3.9703171519749096,T1_normal,-96.984664,32.963417,161.0,-96.961986,33.019646,161.0,4.0,46.2,2313,46.2,T1_normal,line,161.0,4.101365319228617,False,False
2315,5274,5313,232.9,168.72673059483978,T7_structural,-96.674333,32.605192,161.0,-96.695516,32.63852,161.0,168.7,220.2,2317,76.0,T7_structural,line,161.0,2.611965194467646,True,True
2316,5274,5329,251.0,23.57872713273432,T1_normal,-96.674333,32.605192,161.0,-96.80082027272728,32.808276409090915,161.0,23.6,54.3,1908,57.3,T1_normal,line,161.0,15.842162269881404,False,False
2317,5274,5374,187.0,95.4546094018948,T3_prevent,-96.674333,32.605192,161.0,-96.620085,32.716601,161.0,95.5,223.3,1677,84.7,T7_structural,line,161.0,8.319381491856687,True,True
2318,5275,5476,251.0,41.534610633973706,T1_normal,-96.624458,31.85346,161.0,-96.38666966666666,32.061173333333336,161.0,41.5,71.3,1746,37.2,T1_normal,line,161.0,20.007206641667988,False,False
2319,12841,5275,367.4,0.0,T1_normal,-96.624458,31.85346,20.0,-96.624458,31.85346,161.0,0.0,0.0,-1,0.0,T1_normal,transformer,161.0,0.0,False,False
2320,5359,5276,251.0,40.1966374674241,T1_normal,-96.93121275,31.43308425,161.0,-96.84912,31.509216,161.0,40.2,154.0,4713,197.4,T7_structural,line,161.0,7.146629336766831,True,False
2321,5276,12590,264.1,0.8374398592990242,T1_normal,-96.84912,31.509216,161.0,-96.93121275,31.43308425,161.0,0.8,148.4,4713,138.7,T6_heavy,line,161.0,7.146629336766831,True,False
2322,5276,12926,207.2,24.207820144605325,T1_normal,-96.84912,31.509216,161.0,-96.93121275,31.43308425,161.0,24.2,124.5,4713,116.3,T5_moderate,line,161.0,7.146629336766831,True,False
2323,12950,5276,331.1,72.48565388100272,T1_normal,-96.84912,31.509216,20.0,-96.84912,31.509216,161.0,72.5,72.5,-1,67.7,T1_normal,transformer,161.0,0.0,False,False
2324,5277,5315,219.0,76.92005657719072,T1_normal,-96.950551,33.176495,161.0,-97.13581333333332,33.210620166666665,161.0,76.9,109.4,2325,98.2,T4_light,line,161.0,10.968246836880208,True,True
2325,5277,5315,219.0,76.92005657719072,T1_normal,-96.950551,33.176495,161.0,-97.13581333333332,33.210620166666665,161.0,76.9,109.4,2324,98.2,T4_light,line,161.0,10.968246836880208,True,True
2326,5280,5278,251.0,31.660216752609006,T1_normal,-97.314427,31.08967366666667,161.0,-97.314427,31.08967366666667,161.0,31.7,88.1,2327,43.8,T2_watch,line,161.0,0.0,False,False
2327,5390,5278,342.0,62.44431028275715,T1_normal,-97.2120625,30.983119,161.0,-97.314427,31.08967366666667,161.0,62.4,150.7,2329,72.7,T7_structural,line,161.0,9.535719710728692,True,True
2328,5278,5461,207.2,51.89677117452365,T1_normal,-97.314427,31.08967366666667,161.0,-97.314427,31.08967366666667,161.0,51.9,98.0,2337,36.8,T3_prevent,line,161.0,0.0,False,False
2329,5280,5279,1112.0,39.85255763599459,T1_normal,-97.314427,31.08967366666667,161.0,-97.314427,31.08967366666667,500.0,39.9,57.0,2327,24.7,T1_normal,transformer,500.0,0.0,False,False
2330,5281,5279,486.8,1.7475039677626585,T1_normal,-97.314427,31.08967366666667,13.8,-97.314427,31.08967366666667,500.0,1.7,1.9,3629,0.0,T1_normal,transformer,500.0,0.0,False,False
2331,5282,5279,471.2,50.54311267837918,T1_normal,-97.314427,31.08967366666667,13.8,-97.314427,31.08967366666667,500.0,50.5,50.6,3629,23.9,T1_normal,transformer,500.0,0.0,False,False
2332,5283,5279,272.2,3.1252201745292183,T1_normal,-97.314427,31.08967366666667,13.8,-97.314427,31.08967366666667,500.0,3.1,3.2,3629,0.0,T1_normal,transformer,500.0,0.0,False,False
2333,5279,5358,2020.0,17.698676629396026,T1_normal,-97.314427,31.08967366666667,500.0,-96.93121275,31.43308425,500.0,17.7,27.6,1983,41.6,T1_normal,line,500.0,32.79134491737384,False,False
2334,12520,5279,328.5,2.589604053293286,T1_normal,-97.314427,31.08967366666667,13.8,-97.314427,31.08967366666667,500.0,2.6,2.6,1983,0.0,T1_normal,transformer,500.0,0.0,False,False
2335,12521,5279,319.7,2.6608849906376113,T1_normal,-97.314427,31.08967366666667,13.8,-97.314427,31.08967366666667,500.0,2.7,2.7,3629,0.0,T1_normal,transformer,500.0,0.0,False,False
2336,12522,5279,340.2,2.500543596434019,T1_normal,-97.314427,31.08967366666667,13.8,-97.314427,31.08967366666667,500.0,2.5,2.5,3629,0.0,T1_normal,transformer,500.0,0.0,False,False
2337,5280,5461,310.0,35.69571661959562,T1_normal,-97.314427,31.08967366666667,161.0,-97.314427,31.08967366666667,161.0,35.7,65.4,2328,15.0,T1_normal,line,161.0,0.0,False,False
2338,5284,5454,310.0,3.8633238738850513,T1_normal,-96.085998,32.986,161.0,-96.12497666666668,33.113726,161.0,3.9,26.3,2339,19.0,T1_normal,line,161.0,9.109257763759924,False,False
2339,5284,5454,232.2,37.5666376991662,T1_normal,-96.085998,32.986,161.0,-96.12497666666668,33.113726,161.0,37.6,45.6,1724,31.8,T1_normal,line,161.0,9.109257763759924,False,False
2340,5285,13237,195.2,74.57140497626506,T1_normal,-97.857678,33.315883,161.0,-97.234707,33.503328,161.0,74.6,133.6,517,95.8,T6_heavy,line,161.0,38.19372014527261,True,True
2341,5286,13018,253.1,86.0037002524481,T2_watch,-98.4123355,32.20698,161.0,-98.187624,32.1858615,161.0,86.0,203.7,1564,66.0,T7_structural,line,161.0,13.219488266514864,True,True
2342,5289,5436,310.0,3.206564957422635,T1_normal,-96.80082027272728,32.808276409090915,161.0,-96.80082027272728,32.808276409090915,161.0,3.2,15.9,1560,10.0,T1_normal,line,161.0,0.0,False,False
2343,5289,5436,310.0,3.206564957422635,T1_normal,-96.80082027272728,32.808276409090915,161.0,-96.80082027272728,32.808276409090915,161.0,3.2,15.9,1560,10.0,T1_normal,line,161.0,0.0,False,False
2344,5289,5436,228.1,7.778921781651984,T1_normal,-96.80082027272728,32.808276409090915,161.0,-96.80082027272728,32.808276409090915,161.0,7.8,38.5,1560,24.4,T1_normal,line,161.0,0.0,False,False
2345,5290,5345,295.0,89.95752616813478,T2_watch,-97.3667,31.8694,161.0,-97.133361,32.022461,161.0,90.0,111.5,1917,83.6,T5_moderate,line,161.0,17.291661614074187,True,True
2346,5291,5292,409.0,76.11466934679494,T1_normal,-97.34008506896552,32.753233586206896,161.0,-97.34008506896552,32.753233586206896,161.0,76.1,104.6,2347,90.9,T4_light,line,161.0,0.0,True,True
2347,5291,5312,375.8,81.19789229427164,T2_watch,-97.34008506896552,32.753233586206896,161.0,-97.561179,32.900196,161.0,81.2,110.9,2346,93.8,T5_moderate,line,161.0,16.367455078060143,True,True
2348,5291,5332,258.0,89.44444777263472,T2_watch,-97.34008506896552,32.753233586206896,161.0,-97.34008506896552,32.753233586206896,161.0,89.4,111.7,1605,96.8,T5_moderate,line,161.0,0.0,True,True
2349,5429,5291,187.0,70.6692819245124,T1_normal,-97.34008506896552,32.753233586206896,161.0,-97.34008506896552,32.753233586206896,161.0,70.7,100.5,2348,80.9,T4_light,line,161.0,0.0,True,True
2350,5291,5438,187.0,59.93259304029765,T1_normal,-97.34008506896552,32.753233586206896,161.0,-97.34008506896552,32.753233586206896,161.0,59.9,80.5,2348,64.5,T2_watch,line,161.0,0.0,False,False
2351,5292,5312,187.0,27.96324745943535,T1_normal,-97.34008506896552,32.753233586206896,161.0,-97.561179,32.900196,161.0,28.0,100.2,2347,75.7,T4_light,line,161.0,16.367455078060143,True,True
2352,5293,5338,310.0,42.10353671876259,T1_normal,-97.539874,32.425936,161.0,-97.69946625,32.40925625,161.0,42.1,68.6,2353,72.9,T1_normal,line,161.0,9.37956020378183,False,False
2353,5293,5338,310.0,42.10353671876259,T1_normal,-97.539874,32.425936,161.0,-97.69946625,32.40925625,161.0,42.1,68.6,2352,72.9,T1_normal,line,161.0,9.37956020378183,False,False
2354,5293,5402,409.0,39.61026010468575,T1_normal,-97.539874,32.425936,161.0,-97.69946625,32.40925625,161.0,39.6,66.5,2355,69.8,T1_normal,line,161.0,9.37956020378183,False,False
2355,5293,5402,409.0,39.61026010468575,T1_normal,-97.539874,32.425936,161.0,-97.69946625,32.40925625,161.0,39.6,66.5,2354,69.8,T1_normal,line,161.0,9.37956020378183,False,False
2356,5296,5295,1233.0,51.22191061518416,T1_normal,-96.643077,33.194952,161.0,-96.643077,33.194952,500.0,51.2,57.7,670,53.4,T1_normal,transformer,500.0,0.0,False,False
2357,5295,5304,2020.0,1.5275299919340857,T1_normal,-96.643077,33.194952,500.0,-96.6508655,33.101957,500.0,1.5,12.3,2361,9.8,T1_normal,line,500.0,6.441182987102302,False,False
2358,5295,5444,2768.0,15.92372057174398,T1_normal,-96.643077,33.194952,500.0,-97.0540165,32.448697,500.0,15.9,19.8,2536,17.7,T1_normal,line,500.0,56.8149427276945,False,False
2359,12728,5295,2307.8,15.026984208920217,T1_normal,-96.452481,33.068055,500.0,-96.643077,33.194952,500.0,15.0,21.4,2361,18.5,T1_normal,line,500.0,14.088710686682145,False,False
2360,5296,5400,409.0,37.86962241528712,T1_normal,-96.643077,33.194952,161.0,-96.643077,33.194952,161.0,37.9,52.4,629,47.9,T1_normal,line,161.0,0.0,False,False
2361,5305,5304,1239.0,55.13422879485218,T1_normal,-96.6508655,33.101957,161.0,-96.6508655,33.101957,500.0,55.1,66.2,1805,53.0,T1_normal,transformer,500.0,0.0,False,False
2362,5307,5341,310.0,58.24164783865214,T1_normal,-96.912391,33.070292,161.0,-97.0124115,33.07492,161.0,58.2,102.7,2363,94.8,T4_light,line,161.0,5.799953252306255,True,True
2363,5307,5341,310.0,58.24164783865214,T1_normal,-96.912391,33.070292,161.0,-97.0124115,33.07492,161.0,58.2,102.7,2362,94.8,T4_light,line,161.0,5.799953252306255,True,True
2364,5308,5351,409.0,16.934733050947333,T1_normal,-96.5458,32.8358,161.0,-96.6344372,32.9086048,161.0,16.9,37.9,2443,29.0,T1_normal,line,161.0,7.194610006397653,False,False
2365,5351,5308,409.0,16.934733050947333,T1_normal,-96.6344372,32.9086048,161.0,-96.5458,32.8358,161.0,16.9,37.9,2443,29.0,T1_normal,line,161.0,7.194610006397653,False,False
2366,5308,12536,800.0,81.34677409338069,T2_watch,-96.5458,32.8358,161.0,-96.5458,32.8358,500.0,81.3,103.4,2284,82.4,T4_light,transformer,500.0,0.0,True,True
2367,5310,5339,187.0,52.984161133692474,T1_normal,-97.34008506896552,32.753233586206896,161.0,-97.148582,32.959922,161.0,53.0,98.1,1867,93.6,T3_prevent,line,161.0,18.096681967613648,False,False
2368,5310,5379,409.0,11.792873567386009,T1_normal,-97.34008506896552,32.753233586206896,161.0,-97.34008506896552,32.753233586206896,161.0,11.8,20.5,2196,15.4,T1_normal,line,161.0,0.0,False,False
2369,5310,5379,252.3,17.84879463414109,T1_normal,-97.34008506896552,32.753233586206896,161.0,-97.34008506896552,32.753233586206896,161.0,17.8,31.1,2196,23.4,T1_normal,line,161.0,0.0,False,False
2370,5310,5438,251.0,33.00534543774791,T1_normal,-97.34008506896552,32.753233586206896,161.0,-97.34008506896552,32.753233586206896,161.0,33.0,51.3,1605,53.4,T1_normal,line,161.0,0.0,False,False
2371,5311,5482,200.3,8.010903243220024,T1_normal,-96.80082027272728,32.808276409090915,161.0,-96.80082027272728,32.808276409090915,161.0,8.0,16.1,2220,26.7,T1_normal,line,161.0,0.0,False,False
2372,5315,12709,675.0,31.12751658550245,T1_normal,-97.13581333333332,33.210620166666665,161.0,-97.13581333333332,33.210620166666665,500.0,31.1,79.6,2072,80.3,T1_normal,transformer,500.0,0.0,False,False
2373,5316,5354,187.0,45.43257877534829,T1_normal,-96.601994,32.77155966666667,161.0,-96.601994,32.77155966666667,161.0,45.4,61.4,2480,36.1,T1_normal,line,161.0,0.0,False,False
2374,5318,5317,1106.0,43.18915464497544,T1_normal,-97.69946625,32.40925625,161.0,-97.69946625,32.40925625,500.0,43.2,70.4,1564,19.3,T1_normal,transformer,500.0,0.0,False,False
2375,5319,5317,573.4,0.2954386422284725,T1_normal,-97.69946625,32.40925625,13.2,-97.69946625,32.40925625,500.0,0.3,0.3,828,0.0,T1_normal,transformer,500.0,0.0,False,False
2376,5320,5317,463.2,0.3657265057292687,T1_normal,-97.69946625,32.40925625,13.2,-97.69946625,32.40925625,500.0,0.4,0.4,1548,0.0,T1_normal,transformer,500.0,0.0,False,False
2377,5321,5317,378.1,0.4480415695683609,T1_normal,-97.69946625,32.40925625,13.2,-97.69946625,32.40925625,500.0,0.4,0.4,1548,0.0,T1_normal,transformer,500.0,0.0,False,False
2378,5388,5317,2020.0,4.0535068621610995,T1_normal,-97.145583,31.5590085,500.0,-97.69946625,32.40925625,500.0,4.1,9.9,2486,20.6,T1_normal,line,500.0,67.11824851770912,False,False
2379,5317,5401,3146.0,4.124302890249697,T1_normal,-97.69946625,32.40925625,500.0,-97.69946625,32.40925625,500.0,4.1,16.9,2291,15.1,T1_normal,line,500.0,0.0,False,False
2380,5401,5317,3146.0,4.124302890249697,T1_normal,-97.69946625,32.40925625,500.0,-97.69946625,32.40925625,500.0,4.1,16.9,2291,15.1,T1_normal,line,500.0,0.0,False,False
2381,5317,12601,2256.0,5.853706977689549,T1_normal,-97.69946625,32.40925625,500.0,-97.69946625,32.40925625,500.0,5.9,16.2,2510,12.0,T1_normal,line,500.0,0.0,False,False
2382,5317,12863,1989.3,44.65764812057236,T1_normal,-97.69946625,32.40925625,500.0,-97.458078,32.3380315,500.0,44.7,64.5,1703,68.8,T1_normal,line,500.0,14.921131890424537,False,False
2383,5318,5402,326.0,99.3752589726335,T3_prevent,-97.69946625,32.40925625,161.0,-97.69946625,32.40925625,161.0,99.4,269.8,1564,94.1,T7_structural,line,161.0,0.0,True,True
2384,5318,5473,310.0,2.903551306435507,T1_normal,-97.69946625,32.40925625,161.0,-97.655141,32.266222,161.0,2.9,32.3,2548,39.3,T1_normal,line,161.0,10.215967830287427,False,False
2385,5473,5318,310.0,2.903551306435507,T1_normal,-97.655141,32.266222,161.0,-97.69946625,32.40925625,161.0,2.9,32.3,2548,39.3,T1_normal,line,161.0,10.215967830287427,False,False
2386,5323,5322,1334.0,73.60080871500598,T1_normal,-96.80082027272728,32.808276409090915,161.0,-96.80082027272728,32.808276409090915,500.0,73.6,97.9,2387,67.5,T3_prevent,transformer,500.0,0.0,False,False
2387,5323,5322,1334.0,73.60080871500598,T1_normal,-96.80082027272728,32.808276409090915,161.0,-96.80082027272728,32.808276409090915,500.0,73.6,97.9,2386,67.5,T3_prevent,transformer,500.0,0.0,False,False
2388,5324,5322,663.2,64.50820989288749,T1_normal,-96.80082027272728,32.808276409090915,13.8,-96.80082027272728,32.808276409090915,500.0,64.5,64.6,3629,30.2,T1_normal,transformer,500.0,0.0,False,False
2389,5325,5322,178.0,67.79209757541287,T1_normal,-96.80082027272728,32.808276409090915,13.8,-96.80082027272728,32.808276409090915,500.0,67.8,67.8,3629,64.6,T1_normal,transformer,500.0,0.0,False,False
2390,5326,5322,148.3,78.67156688080573,T1_normal,-96.80082027272728,32.808276409090915,13.8,-96.80082027272728,32.808276409090915,500.0,78.7,78.7,13,75.1,T1_normal,transformer,500.0,0.0,False,False
2391,5322,5384,2020.0,22.326769946752368,T1_normal,-96.80082027272728,32.808276409090915,500.0,-96.80082027272728,32.808276409090915,500.0,22.3,38.2,1606,46.8,T1_normal,line,500.0,0.0,False,False
2392,5322,5448,2020.0,63.55194432786326,T1_normal,-96.80082027272728,32.808276409090915,500.0,-97.010181,32.723688,500.0,63.6,90.6,2544,83.3,T3_prevent,line,500.0,13.495193753541884,False,False
2393,12709,5322,2002.1,7.403678531894665,T1_normal,-97.13581333333332,33.210620166666665,500.0,-96.80082027272728,32.808276409090915,500.0,7.4,13.9,2392,8.9,T1_normal,line,500.0,33.90507340870872,False,False
2394,5376,5323,349.0,75.6425787694108,T1_normal,-96.80082027272728,32.808276409090915,161.0,-96.80082027272728,32.808276409090915,161.0,75.6,148.8,2544,93.6,T6_heavy,line,161.0,0.0,True,True
2395,5376,5323,349.0,75.6425787694108,T1_normal,-96.80082027272728,32.808276409090915,161.0,-96.80082027272728,32.808276409090915,161.0,75.6,148.8,2544,93.6,T6_heavy,line,161.0,0.0,True,True
2396,5323,5425,310.0,51.43231897170505,T1_normal,-96.80082027272728,32.808276409090915,161.0,-96.80082027272728,32.808276409090915,161.0,51.4,70.9,2397,67.4,T1_normal,line,161.0,0.0,False,False
2397,5323,5425,310.0,51.43231897170505,T1_normal,-96.80082027272728,32.808276409090915,161.0,-96.80082027272728,32.808276409090915,161.0,51.4,70.9,2396,67.4,T1_normal,line,161.0,0.0,False,False
2398,5327,12829,600.0,24.810783455026332,T1_normal,-96.828196,31.77471,161.0,-96.828196,31.77471,500.0,24.8,31.2,2160,55.3,T1_normal,transformer,500.0,0.0,False,False
2399,5446,5328,187.0,72.43362948349186,T1_normal,-97.195339,31.453501,161.0,-96.93121275,31.43308425,161.0,72.4,99.4,1797,92.3,T3_prevent,line,161.0,15.633512897778733,False,False
2400,13309,5328,134.6,74.36849925705798,T1_normal,-96.93121275,31.43308425,20.0,-96.93121275,31.43308425,161.0,74.4,74.4,2877,69.7,T1_normal,transformer,161.0,0.0,False,False
2401,5328,13310,218.3,45.854328905175926,T1_normal,-96.93121275,31.43308425,161.0,-97.082774,31.356717000000003,161.0,45.9,45.9,2,42.8,T1_normal,line,161.0,10.3800232776283,False,False
2402,5330,5433,310.0,72.97849220345306,T1_normal,-97.12502636363637,32.69967490909091,161.0,-97.34008506896552,32.753233586206896,161.0,73.0,93.9,1749,73.2,T3_prevent,line,161.0,13.03678738597602,False,False
2403,5330,5440,263.0,74.96029330752798,T1_normal,-97.12502636363637,32.69967490909091,161.0,-97.12502636363637,32.69967490909091,161.0,75.0,98.4,1802,88.9,T3_prevent,line,161.0,0.0,False,False
2404,5400,5331,251.0,18.55511162934288,T1_normal,-96.643077,33.194952,161.0,-96.752977,33.338899,161.0,18.6,47.7,2356,48.0,T1_normal,line,161.0,11.79962639885258,False,False
2405,5450,5331,187.0,49.558558189891954,T1_normal,-96.566247,33.285118,161.0,-96.752977,33.338899,161.0,49.6,70.6,2360,64.0,T1_normal,line,161.0,11.404423304575872,False,False
2406,5429,5332,187.0,74.9816444543491,T1_normal,-97.34008506896552,32.753233586206896,161.0,-97.34008506896552,32.753233586206896,161.0,75.0,104.0,2349,78.7,T4_light,line,161.0,0.0,True,True
2407,13322,5332,163.5,2.0512426132719104,T1_normal,-97.34008506896552,32.753233586206896,20.0,-97.34008506896552,32.753233586206896,161.0,2.1,2.1,29,0.0,T1_normal,transformer,161.0,0.0,False,False
2408,5427,5333,310.0,101.87924249538696,T4_light,-96.8502335,32.366515,161.0,-96.807315,32.521773,161.0,101.9,142.9,2409,55.0,T6_heavy,line,161.0,11.015449654013691,True,True
2409,5427,5333,310.0,101.87924249538696,T4_light,-96.8502335,32.366515,161.0,-96.807315,32.521773,161.0,101.9,142.9,2408,55.0,T6_heavy,line,161.0,11.015449654013691,True,True
2410,5334,5484,251.0,5.96915099989392,T1_normal,-99.518879,32.2664,161.0,-99.290758,32.006925,161.0,6.0,26.9,1946,43.4,T1_normal,line,161.0,22.350766508822694,False,False
2411,5334,12842,319.4,26.620228518029084,T1_normal,-99.518879,32.2664,161.0,-99.225355,32.359033,161.0,26.6,42.3,1697,46.8,T1_normal,line,161.0,18.29616825546926,False,False
2412,5335,5372,187.0,24.167137044998075,T1_normal,-96.9700122,32.8603614,161.0,-96.80082027272728,32.808276409090915,161.0,24.2,44.0,2413,18.6,T1_normal,line,161.0,10.46106463797936,False,False
2413,5335,5425,310.0,30.11915194552373,T1_normal,-96.9700122,32.8603614,161.0,-96.80082027272728,32.808276409090915,161.0,30.1,43.5,2026,46.0,T1_normal,line,161.0,10.46106463797936,False,False
2414,5351,5336,409.0,43.58397232092493,T1_normal,-96.6344372,32.9086048,161.0,-96.553376,32.917961500000004,161.0,43.6,59.5,2415,49.9,T1_normal,line,161.0,4.746116734161539,False,False
2415,5351,5336,409.0,43.58397232092493,T1_normal,-96.6344372,32.9086048,161.0,-96.553376,32.917961500000004,161.0,43.6,59.5,2414,49.9,T1_normal,line,161.0,4.746116734161539,False,False
2416,5351,5336,409.0,43.58397232092493,T1_normal,-96.6344372,32.9086048,161.0,-96.553376,32.917961500000004,161.0,43.6,59.5,2414,49.9,T1_normal,line,161.0,4.746116734161539,False,False
2417,13288,5337,152.2,72.27332457293038,T1_normal,-98.244763,33.097641,20.0,-98.244763,33.097641,161.0,72.3,72.3,-1,67.6,T1_normal,transformer,161.0,0.0,False,False
2418,5481,5338,310.0,25.825759676966275,T1_normal,-97.34008506896552,32.753233586206896,161.0,-97.69946625,32.40925625,161.0,25.8,43.4,2419,53.5,T1_normal,line,161.0,31.66459767111321,False,False
2419,5481,5338,310.0,25.825759676966275,T1_normal,-97.34008506896552,32.753233586206896,161.0,-97.69946625,32.40925625,161.0,25.8,43.4,2418,53.5,T1_normal,line,161.0,31.66459767111321,False,False
2420,5340,5462,251.0,9.527502274686722,T1_normal,-96.80082027272728,32.808276409090915,161.0,-96.80082027272728,32.808276409090915,161.0,9.5,45.6,2544,27.3,T1_normal,line,161.0,0.0,False,False
2421,5340,5467,187.0,7.43449056799175,T1_normal,-96.80082027272728,32.808276409090915,161.0,-96.80082027272728,32.808276409090915,161.0,7.4,20.2,2544,12.9,T1_normal,line,161.0,0.0,False,False
2422,5340,5467,222.1,6.162175864085195,T1_normal,-96.80082027272728,32.808276409090915,161.0,-96.80082027272728,32.808276409090915,161.0,6.2,16.7,2544,10.7,T1_normal,line,161.0,0.0,False,False
2423,5422,5341,409.0,42.60622064393729,T1_normal,-96.961986,33.019646,161.0,-97.0124115,33.07492,161.0,42.6,74.3,2424,42.6,T1_normal,line,161.0,4.8077642670732645,False,False
2424,5422,5341,409.0,42.60622064393729,T1_normal,-96.961986,33.019646,161.0,-97.0124115,33.07492,161.0,42.6,74.3,2423,42.6,T1_normal,line,161.0,4.8077642670732645,False,False
2425,5341,5465,310.0,44.55902497038405,T1_normal,-97.0124115,33.07492,161.0,-96.8232695,33.154732499999994,161.0,44.6,54.8,2426,43.5,T1_normal,line,161.0,12.256609055006017,False,False
2426,5341,5465,310.0,44.55902497038405,T1_normal,-97.0124115,33.07492,161.0,-96.8232695,33.154732499999994,161.0,44.6,54.8,2425,43.5,T1_normal,line,161.0,12.256609055006017,False,False
2427,5341,5465,310.0,44.55902497038405,T1_normal,-97.0124115,33.07492,161.0,-96.8232695,33.154732499999994,161.0,44.6,54.8,2425,43.5,T1_normal,line,161.0,12.256609055006017,False,False
2428,5341,5465,310.0,44.55902497038405,T1_normal,-97.0124115,33.07492,161.0,-96.8232695,33.154732499999994,161.0,44.6,54.8,2425,43.5,T1_normal,line,161.0,12.256609055006017,False,False
2429,5372,5344,187.0,10.422110795004944,T1_normal,-96.80082027272728,32.808276409090915,161.0,-96.80082027272728,32.808276409090915,161.0,10.4,39.1,1916,28.5,T1_normal,line,161.0,0.0,False,False
2430,5344,5482,187.0,5.2085299957384,T1_normal,-96.80082027272728,32.808276409090915,161.0,-96.80082027272728,32.808276409090915,161.0,5.2,24.7,2557,37.1,T1_normal,line,161.0,0.0,False,False
2431,5346,5375,251.0,51.326113125745145,T1_normal,-97.34008506896552,32.753233586206896,161.0,-97.34008506896552,32.753233586206896,161.0,51.3,68.5,2432,59.0,T1_normal,line,161.0,0.0,False,False
2432,5346,5441,310.0,47.18807787850072,T1_normal,-97.34008506896552,32.753233586206896,161.0,-97.34008506896552,32.753233586206896,161.0,47.2,60.5,1653,52.6,T1_normal,line,161.0,0.0,False,False
2433,5346,5441,310.0,47.18807787850072,T1_normal,-97.34008506896552,32.753233586206896,161.0,-97.34008506896552,32.753233586206896,161.0,47.2,60.5,1653,52.6,T1_normal,line,161.0,0.0,False,False
2434,5346,5443,310.0,38.543957494788806,T1_normal,-97.34008506896552,32.753233586206896,161.0,-97.34008506896552,32.753233586206896,161.0,38.5,59.5,2435,55.4,T1_normal,line,161.0,0.0,False,False
2435,5443,5346,310.0,38.543957494788806,T1_normal,-97.34008506896552,32.753233586206896,161.0,-97.34008506896552,32.753233586206896,161.0,38.5,59.5,2434,55.4,T1_normal,line,161.0,0.0,False,False
2436,5346,5469,257.3,5.905888900347084,T1_normal,-97.34008506896552,32.753233586206896,161.0,-97.34008506896552,32.753233586206896,161.0,5.9,25.8,1653,23.3,T1_normal,line,161.0,0.0,False,False
2437,5347,12885,201.2,29.934488598471894,T1_normal,-99.1533074,32.3857988,161.0,-99.1533074,32.3857988,161.0,29.9,54.4,1742,32.9,T1_normal,line,161.0,0.0,False,False
2438,5347,13243,228.9,21.088892293189343,T1_normal,-99.1533074,32.3857988,161.0,-99.1533074,32.3857988,161.0,21.1,36.1,1939,28.6,T1_normal,line,161.0,0.0,False,False
2439,5348,5355,187.0,9.665282990321796,T1_normal,-97.07141,32.18398,161.0,-97.037219,32.302367,161.0,9.7,52.5,2345,40.5,T1_normal,line,161.0,8.420344540076169,False,False
2440,5348,5427,335.1,66.58778396332147,T1_normal,-97.07141,32.18398,161.0,-96.8502335,32.366515,161.0,66.6,90.8,2280,53.2,T3_prevent,line,161.0,18.05579616657569,False,False
2441,13245,5348,206.9,0.0,T1_normal,-97.07141,32.18398,20.0,-97.07141,32.18398,161.0,0.0,0.0,-1,0.0,T1_normal,transformer,161.0,0.0,False,False
2442,5349,5462,251.0,34.35859569742372,T1_normal,-96.7651095,32.5902035,161.0,-96.80082027272728,32.808276409090915,161.0,34.4,169.3,2217,37.0,T7_structural,line,161.0,15.209942320013807,True,True
2443,5351,5350,1258.0,51.10536292202434,T1_normal,-96.6344372,32.9086048,161.0,-96.6344372,32.9086048,500.0,51.1,69.4,2444,55.4,T1_normal,transformer,500.0,0.0,False,False
2444,5351,5350,1258.0,51.10536292202434,T1_normal,-96.6344372,32.9086048,161.0,-96.6344372,32.9086048,500.0,51.1,69.4,2443,55.4,T1_normal,transformer,500.0,0.0,False,False
2445,5350,5448,2020.0,26.89501265154563,T1_normal,-96.6344372,32.9086048,500.0,-97.010181,32.723688,500.0,26.9,35.9,2392,43.4,T1_normal,line,500.0,25.284203083645156,False,False
2446,5350,5464,2020.0,6.658240497191981,T1_normal,-96.6344372,32.9086048,500.0,-96.8232695,33.154732499999994,500.0,6.7,14.4,2557,16.8,T1_normal,line,500.0,20.22005282030216,False,False
2447,12505,5350,2110.0,15.734430348808775,T1_normal,-96.4916,32.7563,500.0,-96.6344372,32.9086048,500.0,15.7,28.1,4653,10.4,T1_normal,line,500.0,13.398129120657131,False,False
2448,12536,5350,2246.0,13.202485380730398,T1_normal,-96.5458,32.8358,500.0,-96.6344372,32.9086048,500.0,13.2,28.0,4653,27.6,T1_normal,line,500.0,7.194610006397653,False,False
2449,5351,5431,251.0,64.19895839557593,T1_normal,-96.6344372,32.9086048,161.0,-96.4445225,32.897791,161.0,64.2,78.3,2455,63.1,T1_normal,line,161.0,11.042386419096326,False,False
2450,5353,5376,350.0,0.0291804168422718,T1_normal,-96.914175,32.651936,161.0,-96.80082027272728,32.808276409090915,161.0,0.0,72.8,2544,55.3,T1_normal,line,161.0,12.652951936222715,False,False
2451,5376,5353,350.0,0.0291804168422718,T1_normal,-96.80082027272728,32.808276409090915,161.0,-96.914175,32.651936,161.0,0.0,72.8,2544,55.3,T1_normal,line,161.0,12.652951936222715,False,False
2452,5353,5468,310.0,28.673693092361788,T1_normal,-96.914175,32.651936,161.0,-96.80082027272728,32.808276409090915,161.0,28.7,39.2,1816,34.6,T1_normal,line,161.0,12.652951936222715,False,False
2453,5355,5445,310.0,17.1119521219907,T1_normal,-97.037219,32.302367,161.0,-97.0540165,32.448697,161.0,17.1,24.0,2345,21.9,T1_normal,line,161.0,10.15794196912938,False,False
2454,5355,5445,310.0,17.1119521219907,T1_normal,-97.037219,32.302367,161.0,-97.0540165,32.448697,161.0,17.1,24.0,2345,21.9,T1_normal,line,161.0,10.15794196912938,False,False
2455,5356,5386,251.0,40.88179951795997,T1_normal,-96.6344372,32.9086048,161.0,-96.7025715,32.983810000000005,161.0,40.9,86.5,2449,70.6,T2_watch,line,161.0,6.527485375376347,False,False
2456,5356,5431,251.0,30.56150819637265,T1_normal,-96.6344372,32.9086048,161.0,-96.4445225,32.897791,161.0,30.6,44.7,2455,33.6,T1_normal,line,161.0,11.042386419096326,False,False
2457,5357,5386,310.0,16.621238172372006,T1_normal,-96.6508655,33.101957,161.0,-96.7025715,32.983810000000005,161.0,16.6,35.3,2361,27.4,T1_normal,line,161.0,8.695251168673382,False,False
2458,5359,5358,1057.0,6.060763870400609,T1_normal,-96.93121275,31.43308425,161.0,-96.93121275,31.43308425,500.0,6.1,17.8,1996,36.2,T1_normal,transformer,500.0,0.0,False,False
2459,5360,5358,1355.8,52.85072332208826,T1_normal,-96.93121275,31.43308425,13.8,-96.93121275,31.43308425,500.0,52.9,52.9,3629,26.6,T1_normal,transformer,500.0,0.0,False,False
2460,8155,5358,2768.0,3.4809094522908515,T1_normal,-96.69503,31.091925,500.0,-96.93121275,31.43308425,500.0,3.5,14.6,4630,45.0,T1_normal,line,500.0,27.390245348802708,False,False
2461,5358,12826,2065.1,9.688216570210129,T1_normal,-96.93121275,31.43308425,500.0,-96.84912,31.509216,500.0,9.7,26.4,2511,65.7,T1_normal,line,500.0,7.146629336766831,False,False
2462,5362,5361,646.0,31.89955629586607,T1_normal,-97.9208,33.1964,161.0,-97.9208,33.1964,500.0,31.9,59.7,552,21.0,T1_normal,transformer,500.0,0.0,False,False
2463,5361,12736,2917.5,64.9373175181155,T1_normal,-97.9208,33.1964,500.0,-99.091918,33.9776965,500.0,64.9,75.8,1742,88.9,T1_normal,line,500.0,86.35839937118205,False,False
2464,12955,5371,277.3,0.0,T1_normal,-96.539931,32.552083,20.0,-96.539931,32.552083,161.0,0.0,0.0,-1,0.0,T1_normal,transformer,161.0,0.0,False,False
2465,5373,5433,251.0,85.20151665952395,T2_watch,-97.267376,32.803436,161.0,-97.34008506896552,32.753233586206896,161.0,85.2,109.3,2114,98.5,T4_light,line,161.0,5.465586101205928,True,True
2466,5385,5374,409.0,61.806221194897695,T1_normal,-96.80082027272728,32.808276409090915,161.0,-96.620085,32.716601,161.0,61.8,85.0,2467,64.3,T2_watch,line,161.0,12.263677538782202,False,False
2467,5385,5374,409.0,61.806221194897695,T1_normal,-96.80082027272728,32.808276409090915,161.0,-96.620085,32.716601,161.0,61.8,85.0,2466,64.3,T2_watch,line,161.0,12.263677538782202,False,False
2468,5385,5374,409.0,61.806221194897695,T1_normal,-96.80082027272728,32.808276409090915,161.0,-96.620085,32.716601,161.0,61.8,85.0,2466,64.3,T2_watch,line,161.0,12.263677538782202,False,False
2469,5375,5441,317.4,66.05951792110494,T1_normal,-97.34008506896552,32.753233586206896,161.0,-97.34008506896552,32.753233586206896,161.0,66.1,83.7,1653,73.2,T2_watch,line,161.0,0.0,False,False
2470,5377,5477,251.0,5.2378941978943745,T1_normal,-97.7609485,31.05193475,161.0,-97.644625,31.050856,161.0,5.2,11.4,1697,10.2,T1_normal,line,161.0,6.885969479893873,False,False
2471,5377,5477,208.4,8.786663515142505,T1_normal,-97.7609485,31.05193475,161.0,-97.644625,31.050856,161.0,8.8,19.1,1697,17.1,T1_normal,line,161.0,6.885969479893873,False,False
2472,5470,5378,409.0,5.059462657763086,T1_normal,-97.260442,31.529664,161.0,-97.145583,31.5590085,161.0,5.1,43.4,1996,45.2,T1_normal,line,161.0,7.060777205453285,False,False
2473,5379,5442,251.0,7.210546896765094,T1_normal,-97.34008506896552,32.753233586206896,161.0,-97.34008506896552,32.753233586206896,161.0,7.2,20.8,2532,24.8,T1_normal,line,161.0,0.0,False,False
2474,5381,5380,1057.0,26.094427347469452,T1_normal,-96.675,32.32,161.0,-96.675,32.32,500.0,26.1,44.6,2477,24.2,T1_normal,transformer,500.0,0.0,False,False
2475,5382,5380,321.0,0.0,T1_normal,-96.675,32.32,13.8,-96.675,32.32,500.0,0.0,0.0,-1,0.0,T1_normal,transformer,500.0,0.0,False,False
2476,5383,5380,166.2,0.0,T1_normal,-96.675,32.32,13.8,-96.675,32.32,500.0,0.0,0.0,-1,0.0,T1_normal,transformer,500.0,0.0,False,False
2477,5380,5384,3146.0,37.58451564637912,T1_normal,-96.675,32.32,500.0,-96.80082027272728,32.808276409090915,500.0,37.6,43.2,1707,18.0,T1_normal,line,500.0,34.52342141761548,False,False
2478,5381,5439,310.0,56.79948766862026,T1_normal,-96.675,32.32,161.0,-96.8502335,32.366515,161.0,56.8,98.7,2479,46.9,T3_prevent,line,161.0,10.72221161445929,False,False
2479,5381,5439,310.0,56.79948766862026,T1_normal,-96.675,32.32,161.0,-96.8502335,32.366515,161.0,56.8,98.7,2478,46.9,T3_prevent,line,161.0,10.72221161445929,False,False
2480,5385,5384,1538.0,74.98634082999259,T1_normal,-96.80082027272728,32.808276409090915,161.0,-96.80082027272728,32.808276409090915,500.0,75.0,118.6,2481,90.2,T5_moderate,transformer,500.0,0.0,True,True
2481,5385,5384,1538.0,74.98634082999259,T1_normal,-96.80082027272728,32.808276409090915,161.0,-96.80082027272728,32.808276409090915,500.0,75.0,118.6,2480,90.2,T5_moderate,transformer,500.0,0.0,True,True
2482,12505,5384,2010.0,8.57945846883974,T1_normal,-96.4916,32.7563,500.0,-96.80082027272728,32.808276409090915,500.0,8.6,20.2,1606,24.0,T1_normal,line,500.0,18.318006968532035,False,False
2483,5387,5429,187.0,28.201134408163774,T1_normal,-97.34008506896552,32.753233586206896,161.0,-97.34008506896552,32.753233586206896,161.0,28.2,55.6,2465,42.4,T1_normal,line,161.0,0.0,False,False
2484,5387,5469,310.0,25.50229052852756,T1_normal,-97.34008506896552,32.753233586206896,161.0,-97.34008506896552,32.753233586206896,161.0,25.5,53.8,2465,49.6,T1_normal,line,161.0,0.0,False,False
2485,5389,5388,1064.0,25.867675883365152,T1_normal,-97.145583,31.5590085,161.0,-97.145583,31.5590085,500.0,25.9,45.3,1835,14.9,T1_normal,transformer,500.0,0.0,False,False
2486,5388,8067,2768.0,24.990390859083693,T1_normal,-97.145583,31.5590085,500.0,-96.202639,31.37571,500.0,25.0,32.0,4461,5.3,T1_normal,line,500.0,56.99519053028219,False,False
2487,5389,5393,251.0,38.14239343551902,T1_normal,-97.145583,31.5590085,161.0,-97.374883,31.694792,161.0,38.1,79.0,2485,77.8,T1_normal,line,161.0,16.43183991923229,False,False
2488,5391,5390,250.0,30.08743591591094,T1_normal,-97.2120625,30.983119,115.0,-97.2120625,30.983119,161.0,30.1,45.5,2489,42.7,T1_normal,transformer,161.0,0.0,False,False
2489,5391,5390,250.0,30.08743591591094,T1_normal,-97.2120625,30.983119,115.0,-97.2120625,30.983119,161.0,30.1,45.5,2488,42.7,T1_normal,transformer,161.0,0.0,False,False
2490,5390,5458,187.0,20.515258223478,T1_normal,-97.2120625,30.983119,161.0,-97.378809,30.884326,161.0,20.5,37.4,2948,42.9,T1_normal,line,161.0,12.01071357388312,False,False
2491,12588,5390,452.4,0.0,T1_normal,-97.2120625,30.983119,20.0,-97.2120625,30.983119,161.0,0.0,0.0,-1,0.0,T1_normal,transformer,161.0,0.0,False,False
2492,12589,5390,400.9,64.60463956098778,T1_normal,-97.2120625,30.983119,20.0,-97.2120625,30.983119,161.0,64.6,64.7,3629,60.4,T1_normal,transformer,161.0,0.0,False,False
2493,5459,5391,98.0,52.01308206167872,T1_normal,-97.378809,30.884326,115.0,-97.2120625,30.983119,115.0,52.0,89.3,2488,82.6,T2_watch,line,115.0,12.01071357388312,False,False
2494,5391,13006,231.0,45.454545454545446,T1_normal,-97.2120625,30.983119,115.0,-97.2120625,30.983119,115.0,45.5,90.9,2495,84.9,T3_prevent,line,115.0,0.0,False,False
2495,5391,13006,231.0,45.454545454545446,T1_normal,-97.2120625,30.983119,115.0,-97.2120625,30.983119,115.0,45.5,90.9,2494,84.9,T3_prevent,line,115.0,0.0,False,False
2496,13173,5393,193.4,83.24715615305067,T2_watch,-97.374883,31.694792,20.0,-97.374883,31.694792,161.0,83.2,83.2,2,77.8,T2_watch,transformer,161.0,0.0,False,False
2497,5395,5394,1163.0,5.051548084322725,T1_normal,-99.33232,32.77921550000001,230.0,-99.33232,32.77921550000001,500.0,5.1,11.6,1624,56.8,T1_normal,transformer,500.0,0.0,False,False
2498,5395,5394,1163.0,5.051548084322725,T1_normal,-99.33232,32.77921550000001,230.0,-99.33232,32.77921550000001,500.0,5.1,11.6,1624,56.8,T1_normal,transformer,500.0,0.0,False,False
2499,5399,5394,229.5,0.0,T1_normal,-99.33232,32.77921550000001,13.8,-99.33232,32.77921550000001,500.0,0.0,0.0,-1,0.0,T1_normal,transformer,500.0,0.0,False,False
2500,5394,12883,3197.4,43.4457791430635,T1_normal,-99.33232,32.77921550000001,500.0,-101.1794378,34.0282444,500.0,43.4,64.0,2501,80.3,T1_normal,line,500.0,137.1051418691149,False,False
2501,5394,12883,3197.4,43.4457791430635,T1_normal,-99.33232,32.77921550000001,500.0,-101.1794378,34.0282444,500.0,43.4,64.0,2500,80.3,T1_normal,line,500.0,137.1051418691149,False,False
2502,5396,5395,320.0,0.594136721589339,T1_normal,-99.33232,32.77921550000001,161.0,-99.33232,32.77921550000001,230.0,0.6,115.3,1742,92.6,T5_moderate,transformer,230.0,0.0,True,True
2503,5397,5396,168.0,9.836255359916516,T1_normal,-99.33232,32.77921550000001,115.0,-99.33232,32.77921550000001,161.0,9.8,23.1,2505,70.2,T1_normal,transformer,161.0,0.0,False,False
2504,5397,5396,168.0,9.836255359916516,T1_normal,-99.33232,32.77921550000001,115.0,-99.33232,32.77921550000001,161.0,9.8,23.1,2505,70.2,T1_normal,transformer,161.0,0.0,False,False
2505,5396,12783,445.0,59.20210281901563,T1_normal,-99.33232,32.77921550000001,161.0,-99.5687984,33.0957078,161.0,59.2,157.5,1742,103.5,T7_structural,line,161.0,25.81167597317866,True,False
2506,5402,5401,1174.0,44.729168768108345,T1_normal,-97.69946625,32.40925625,161.0,-97.69946625,32.40925625,500.0,44.7,69.9,1564,22.1,T1_normal,transformer,500.0,0.0,False,False
2507,5403,5401,380.2,0.6075911629780815,T1_normal,-97.69946625,32.40925625,18.0,-97.69946625,32.40925625,500.0,0.6,0.6,1699,0.0,T1_normal,transformer,500.0,0.0,False,False
2508,5404,5401,297.0,0.7777985190716196,T1_normal,-97.69946625,32.40925625,18.0,-97.69946625,32.40925625,500.0,0.8,0.8,3629,0.0,T1_normal,transformer,500.0,0.0,False,False
2509,5405,5401,306.1,0.7546754660707826,T1_normal,-97.69946625,32.40925625,18.0,-97.69946625,32.40925625,500.0,0.8,0.8,3629,0.0,T1_normal,transformer,500.0,0.0,False,False
2510,5401,12601,1830.3,13.15917418502341,T1_normal,-97.69946625,32.40925625,500.0,-97.69946625,32.40925625,500.0,13.2,26.2,2291,17.8,T1_normal,line,500.0,0.0,False,False
2511,5401,12826,2289.4,17.55838712926433,T1_normal,-97.69946625,32.40925625,500.0,-96.84912,31.509216,500.0,17.6,26.2,2104,25.9,T1_normal,line,500.0,79.69948511198355,False,False
2512,5402,5473,218.4,11.909649839412983,T1_normal,-97.69946625,32.40925625,161.0,-97.655141,32.266222,161.0,11.9,63.1,2383,44.8,T1_normal,line,161.0,10.215967830287427,False,False
2513,5402,12600,219.1,125.62652828750916,T6_heavy,-97.69946625,32.40925625,161.0,-97.69946625,32.40925625,161.0,125.6,199.0,1564,67.6,T7_structural,line,161.0,0.0,True,True
2514,5407,5470,187.0,12.97400649121693,T1_normal,-97.46203133333334,31.819786000000004,161.0,-97.260442,31.529664,161.0,13.0,79.4,1835,79.1,T1_normal,line,161.0,23.288283396948867,False,False
2515,12771,5407,407.6,0.1797352140826128,T1_normal,-97.46203133333334,31.819786000000004,20.0,-97.46203133333334,31.819786000000004,161.0,0.2,0.2,3629,0.0,T1_normal,transformer,161.0,0.0,False,False
2516,5407,13382,224.9,28.799450142269045,T1_normal,-97.46203133333334,31.819786000000004,161.0,-97.46203133333334,31.819786000000004,161.0,28.8,28.8,14,30.6,T1_normal,line,161.0,0.0,False,False
2517,5408,5421,187.0,2.869085664057626,T1_normal,-96.356004,33.174219,161.0,-96.309004,33.066219,161.0,2.9,71.4,2356,61.9,T1_normal,line,161.0,7.942365811862897,False,False
2518,5409,5447,251.0,67.19999124991084,T1_normal,-97.12502636363637,32.69967490909091,161.0,-97.12502636363637,32.69967490909091,161.0,67.2,81.3,1823,70.1,T2_watch,line,161.0,0.0,False,False
2519,5411,5410,1041.0,28.099780626507815,T1_normal,-97.7609485,31.05193475,161.0,-97.7609485,31.05193475,500.0,28.1,35.6,1986,52.4,T1_normal,transformer,500.0,0.0,False,False
2520,5410,5451,2020.0,17.797476875335697,T1_normal,-97.7609485,31.05193475,500.0,-97.968224,31.219045,500.0,17.8,30.2,2581,65.0,T1_normal,line,500.0,16.840048598383984,False,False
2521,5411,5477,251.0,35.69304576342571,T1_normal,-97.7609485,31.05193475,161.0,-97.644625,31.050856,161.0,35.7,63.1,1986,39.5,T1_normal,line,161.0,6.885969479893873,False,False
2522,6316,5411,187.0,1.8597407107760808,T1_normal,-97.72702366666664,30.716280333333337,161.0,-97.7609485,31.05193475,161.0,1.9,22.5,2519,64.6,T1_normal,line,161.0,23.278818533242116,False,False
2523,5414,5413,315.0,98.825929099324,T3_prevent,-98.2935895,32.711098,161.0,-98.2935895,32.711098,500.0,98.8,186.7,1563,34.5,T7_structural,transformer,500.0,0.0,True,True
2524,5415,5413,274.9,0.0,T1_normal,-98.2935895,32.711098,13.8,-98.2935895,32.711098,500.0,0.0,0.0,-1,0.0,T1_normal,transformer,500.0,0.0,False,False
2525,5416,5413,125.8,0.0,T1_normal,-98.2935895,32.711098,13.8,-98.2935895,32.711098,500.0,0.0,0.0,-1,0.0,T1_normal,transformer,500.0,0.0,False,False
2526,5417,5413,165.5,0.0,T1_normal,-98.2935895,32.711098,13.8,-98.2935895,32.711098,500.0,0.0,0.0,-1,0.0,T1_normal,transformer,500.0,0.0,False,False
2527,5418,5413,143.7,0.0,T1_normal,-98.2935895,32.711098,13.8,-98.2935895,32.711098,500.0,0.0,0.0,-1,0.0,T1_normal,transformer,500.0,0.0,False,False
2528,5419,5413,99.1,0.0,T1_normal,-98.2935895,32.711098,13.8,-98.2935895,32.711098,500.0,0.0,0.0,-1,0.0,T1_normal,transformer,500.0,0.0,False,False
2529,5414,5471,187.0,166.47148484645487,T7_structural,-98.2935895,32.711098,161.0,-98.377389,32.371306,161.0,166.5,314.6,1563,58.2,T7_structural,line,161.0,23.97963861248004,True,True
2530,5429,5438,207.4,41.68908800384542,T1_normal,-97.34008506896552,32.753233586206896,161.0,-97.34008506896552,32.753233586206896,161.0,41.7,72.5,2350,56.3,T1_normal,line,161.0,0.0,False,False
2531,5432,5430,310.0,49.95459283855669,T1_normal,-97.825534,32.762033333333335,161.0,-97.825534,32.762033333333335,161.0,50.0,59.6,1630,44.1,T1_normal,line,161.0,0.0,False,False
2532,5433,12528,1600.0,56.56718198665658,T1_normal,-97.34008506896552,32.753233586206896,161.0,-97.34008506896552,32.753233586206896,500.0,56.6,62.5,1749,51.4,T1_normal,transformer,500.0,0.0,False,False
2533,5435,5471,187.0,593.2588265126349,T7_structural,-98.17276,32.600503,161.0,-98.377389,32.371306,161.0,593.3,1040.2,1563,76.7,T7_structural,line,161.0,19.824728402655055,True,True
2534,5443,5469,380.0,20.278275147038354,T1_normal,-97.34008506896552,32.753233586206896,161.0,-97.34008506896552,32.753233586206896,161.0,20.3,25.9,2156,25.8,T1_normal,line,161.0,0.0,False,False
2535,5445,5444,1266.0,37.00661370724242,T1_normal,-97.0540165,32.448697,161.0,-97.0540165,32.448697,500.0,37.0,43.5,2544,28.3,T1_normal,transformer,500.0,0.0,False,False
2536,5444,5448,2095.7,36.103297179418206,T1_normal,-97.0540165,32.448697,500.0,-97.010181,32.723688,500.0,36.1,57.0,1710,33.6,T1_normal,line,500.0,19.170870820264412,False,False
2537,12514,5444,332.1,49.97617002948801,T1_normal,-97.0540165,32.448697,20.0,-97.0540165,32.448697,500.0,50.0,50.0,2,0.0,T1_normal,transformer,500.0,0.0,False,False
2538,12515,5444,416.9,39.81071256126879,T1_normal,-97.0540165,32.448697,20.0,-97.0540165,32.448697,500.0,39.8,39.8,12,0.0,T1_normal,transformer,500.0,0.0,False,False
2539,12516,5444,389.3,42.63315198251467,T1_normal,-97.0540165,32.448697,20.0,-97.0540165,32.448697,500.0,42.6,42.7,3629,0.0,T1_normal,transformer,500.0,0.0,False,False
2540,12517,5444,336.9,66.06350063316175,T1_normal,-97.0540165,32.448697,20.0,-97.0540165,32.448697,500.0,66.1,66.1,3629,44.5,T1_normal,transformer,500.0,0.0,False,False
2541,12518,5444,376.6,44.07086050661965,T1_normal,-97.0540165,32.448697,20.0,-97.0540165,32.448697,500.0,44.1,44.1,3632,0.0,T1_normal,transformer,500.0,0.0,False,False
2542,12519,5444,354.9,0.6150893724857808,T1_normal,-97.0540165,32.448697,20.0,-97.0540165,32.448697,500.0,0.6,0.6,-1,0.0,T1_normal,transformer,500.0,0.0,False,False
2543,5470,5446,187.0,34.32667761183405,T1_normal,-97.260442,31.529664,161.0,-97.195339,31.453501,161.0,34.3,61.3,1797,54.2,T1_normal,line,161.0,6.511968440426351,False,False
2544,5449,5448,1267.0,121.63449517605946,T5_moderate,-97.010181,32.723688,161.0,-97.010181,32.723688,500.0,121.6,131.5,1677,93.3,T6_heavy,transformer,500.0,0.0,True,True
2545,5448,5479,2020.0,63.199775863251354,T1_normal,-97.010181,32.723688,500.0,-97.306547,32.532666,500.0,63.2,83.2,1712,79.8,T2_watch,line,500.0,21.71657671721518,False,False
2546,12528,5448,2361.4,10.740716145522734,T1_normal,-97.34008506896552,32.753233586206896,500.0,-97.010181,32.723688,500.0,10.7,31.9,1710,20.0,T1_normal,line,500.0,19.281844188239756,False,False
2547,5452,5451,960.0,32.80302843248139,T1_normal,-97.968224,31.219045,161.0,-97.968224,31.219045,500.0,32.8,37.2,2011,28.5,T1_normal,transformer,500.0,0.0,False,False
2548,5453,12863,600.0,97.37649033302252,T3_prevent,-97.458078,32.3380315,161.0,-97.458078,32.3380315,500.0,97.4,114.3,1564,87.5,T5_moderate,transformer,500.0,0.0,True,True
2549,13127,5454,279.4,0.0,T1_normal,-96.12497666666668,33.113726,20.0,-96.12497666666668,33.113726,161.0,0.0,0.0,-1,0.0,T1_normal,transformer,161.0,0.0,False,False
2550,5454,13421,219.8,4.549590536851667,T1_normal,-96.12497666666668,33.113726,161.0,-96.12497666666668,33.113726,161.0,4.5,4.6,3629,4.3,T1_normal,line,161.0,0.0,False,False
2551,5456,13282,382.6,76.73320182610198,T1_normal,-98.98514,32.116953,161.0,-99.1533074,32.3857988,161.0,76.7,106.2,1697,70.7,T4_light,line,161.0,21.014715105157745,True,True
2552,5459,5458,91.0,42.15772843725699,T1_normal,-97.378809,30.884326,115.0,-97.378809,30.884326,161.0,42.2,76.9,2948,88.1,T1_normal,transformer,161.0,0.0,False,False
2553,6140,5459,149.0,7.150469047392875,T1_normal,-97.502485,30.818633,115.0,-97.378809,30.884326,115.0,7.2,35.1,2948,49.5,T1_normal,line,115.0,8.62676870028193,False,False
2554,5459,6325,149.0,8.191215663137001,T1_normal,-97.378809,30.884326,115.0,-97.148898,30.852653,115.0,8.2,26.7,2932,22.8,T1_normal,line,115.0,13.8097656160271,False,False
2555,5463,5478,409.0,15.658489771317443,T1_normal,-96.9700122,32.8603614,161.0,-96.9700122,32.8603614,161.0,15.7,41.7,2556,45.8,T1_normal,line,161.0,0.0,False,False
2556,5463,5478,225.0,58.10684951989313,T1_normal,-96.9700122,32.8603614,161.0,-96.9700122,32.8603614,161.0,58.1,83.7,2555,91.9,T2_watch,line,161.0,0.0,False,False
2557,5465,5464,1284.0,78.12840854539526,T1_normal,-96.8232695,33.154732499999994,161.0,-96.8232695,33.154732499999994,500.0,78.1,86.3,2072,72.9,T2_watch,transformer,500.0,0.0,False,False
2558,5467,5482,409.0,5.965378085721108,T1_normal,-96.80082027272728,32.808276409090915,161.0,-96.80082027272728,32.808276409090915,161.0,6.0,8.4,2557,14.8,T1_normal,line,161.0,0.0,False,False
2559,5470,13342,203.8,0.0,T1_normal,-97.260442,31.529664,161.0,-97.409,31.54,161.0,0.0,0.0,-1,0.0,T1_normal,line,161.0,8.777745650225327,False,False
2560,13308,5471,158.3,63.48704990524315,T1_normal,-98.377389,32.371306,20.0,-98.377389,32.371306,161.0,63.5,63.7,3629,59.7,T1_normal,transformer,161.0,0.0,False,False
2561,5472,12676,2500.0,7.295229795628813,T1_normal,-99.37463133333334,33.20651766666666,161.0,-99.37463133333334,33.20651766666666,500.0,7.3,35.9,1742,40.9,T1_normal,transformer,500.0,0.0,False,False
2562,5472,12676,2500.0,7.295229795628813,T1_normal,-99.37463133333334,33.20651766666666,161.0,-99.37463133333334,33.20651766666666,500.0,7.3,35.9,1742,40.9,T1_normal,transformer,500.0,0.0,False,False
2563,5472,13012,346.2,13.766656070624585,T1_normal,-99.37463133333334,33.20651766666666,161.0,-99.37463133333334,33.20651766666666,161.0,13.8,98.3,1742,73.0,T3_prevent,line,161.0,0.0,False,False
2564,5472,13012,346.2,13.766656070624585,T1_normal,-99.37463133333334,33.20651766666666,161.0,-99.37463133333334,33.20651766666666,161.0,13.8,98.3,1742,73.0,T3_prevent,line,161.0,0.0,False,False
2565,5472,13012,346.2,13.766656070624585,T1_normal,-99.37463133333334,33.20651766666666,161.0,-99.37463133333334,33.20651766666666,161.0,13.8,98.3,1742,73.0,T3_prevent,line,161.0,0.0,False,False
2566,5472,13012,346.2,13.766656070624585,T1_normal,-99.37463133333334,33.20651766666666,161.0,-99.37463133333334,33.20651766666666,161.0,13.8,98.3,1742,73.0,T3_prevent,line,161.0,0.0,False,False
2567,12920,5474,382.1,0.0,T1_normal,-97.01498,31.86976,20.0,-97.01498,31.86976,161.0,0.0,0.0,-1,0.0,T1_normal,transformer,161.0,0.0,False,False
2568,5480,5479,961.0,70.85979132635646,T1_normal,-97.306547,32.532666,161.0,-97.306547,32.532666,500.0,70.9,98.4,1706,85.3,T3_prevent,transformer,500.0,0.0,False,False
2569,5484,13380,254.2,11.911032072935669,T1_normal,-99.290758,32.006925,161.0,-99.1533074,32.3857988,161.0,11.9,24.9,1917,34.6,T1_normal,line,161.0,27.3837851968769,False,False
2570,6001,6281,250.0,17.775054404578725,T1_normal,-98.29926,29.47982,115.0,-98.277499,29.525969,115.0,17.8,34.3,3006,34.3,T1_normal,line,115.0,3.446698542095058,False,False
2571,6001,6283,98.0,47.19230774540959,T1_normal,-98.29926,29.47982,115.0,-98.205116,29.43659,115.0,47.2,67.0,2572,61.3,T1_normal,line,115.0,6.403174850989011,False,False
2572,6001,6312,221.0,28.23492055246371,T1_normal,-98.29926,29.47982,115.0,-98.5093816037736,29.474642000000003,115.0,28.2,41.3,3006,44.5,T1_normal,line,115.0,12.643865924640496,False,False
2573,6002,6060,98.0,37.22688805245312,T1_normal,-98.5093816037736,29.474642000000003,115.0,-98.5093816037736,29.474642000000003,115.0,37.2,64.0,2662,64.8,T1_normal,line,115.0,0.0,False,False
2574,6002,6291,221.0,9.20830183839966,T1_normal,-98.5093816037736,29.474642000000003,115.0,-98.5093816037736,29.474642000000003,115.0,9.2,36.5,3061,33.0,T1_normal,line,115.0,0.0,False,False
2575,6002,6291,221.0,9.20830183839966,T1_normal,-98.5093816037736,29.474642000000003,115.0,-98.5093816037736,29.474642000000003,115.0,9.2,36.5,3061,33.0,T1_normal,line,115.0,0.0,False,False
2576,6002,6332,149.0,51.39703727405415,T1_normal,-98.5093816037736,29.474642000000003,115.0,-98.746764,29.609914,115.0,51.4,70.1,2750,61.5,T1_normal,line,115.0,17.057890000383075,False,False
2577,6004,6003,1117.0,27.51166587549327,T1_normal,-97.2711,30.146700000000003,230.0,-97.2711,30.146700000000003,500.0,27.5,57.0,2877,30.6,T1_normal,transformer,500.0,0.0,False,False
2578,6006,6003,412.4,529.383674972795,T7_structural,-97.2711,30.146700000000003,13.8,-97.2711,30.146700000000003,500.0,529.4,529.7,3629,26.5,T7_structural,transformer,500.0,0.0,True,True
2579,6007,6003,197.4,461.7745121883139,T7_structural,-97.2711,30.146700000000003,13.8,-97.2711,30.146700000000003,500.0,461.8,461.8,2725,53.9,T7_structural,transformer,500.0,0.0,True,True
2580,6008,6003,192.7,473.0373051685167,T7_structural,-97.2711,30.146700000000003,13.8,-97.2711,30.146700000000003,500.0,473.0,473.0,-1,55.2,T7_structural,transformer,500.0,0.0,True,True
2581,6003,6107,2020.0,133.62252337176793,T6_heavy,-97.2711,30.146700000000003,500.0,-96.947291,30.633128,500.0,133.6,176.2,2819,25.1,T7_structural,line,500.0,38.75618480912261,True,True
2582,6292,6003,2768.0,59.632373392959,T1_normal,-97.522552,30.119949,500.0,-97.2711,30.146700000000003,500.0,59.6,111.8,2581,31.8,T5_moderate,line,500.0,15.13919068340342,True,True
2583,6003,12621,2073.3,31.391517182694244,T1_normal,-97.2711,30.146700000000003,500.0,-97.2711,30.146700000000003,500.0,31.4,126.2,2877,62.8,T6_heavy,line,500.0,0.0,True,True
2584,6005,6004,200.0,4.531068518641406,T1_normal,-97.2711,30.146700000000003,115.0,-97.2711,30.146700000000003,230.0,4.5,81.8,4751,36.3,T2_watch,transformer,230.0,0.0,False,False
2585,6005,6004,200.0,4.531068518641406,T1_normal,-97.2711,30.146700000000003,115.0,-97.2711,30.146700000000003,230.0,4.5,81.8,4751,36.3,T2_watch,transformer,230.0,0.0,False,False
2586,6102,6004,1400.0,23.244970135987533,T1_normal,-96.9945,30.02547,230.0,-97.2711,30.146700000000003,230.0,23.2,55.6,2877,22.4,T1_normal,line,230.0,18.53701664013545,False,False
2587,6012,6005,221.0,90.74406882130464,T3_prevent,-97.218899,30.303885,115.0,-97.2711,30.146700000000003,115.0,90.7,142.6,2588,50.0,T6_heavy,line,115.0,11.298845042076444,True,True
2588,6012,6005,221.0,90.74406882130464,T3_prevent,-97.218899,30.303885,115.0,-97.2711,30.146700000000003,115.0,90.7,142.6,2587,50.0,T6_heavy,line,115.0,11.298845042076444,True,True
2589,6005,6117,221.0,30.96052937766527,T1_normal,-97.2711,30.146700000000003,115.0,-97.182148,30.013899,115.0,31.0,61.6,2877,24.2,T1_normal,line,115.0,10.605624439326096,False,False
2590,6005,6117,221.0,30.96052937766527,T1_normal,-97.2711,30.146700000000003,115.0,-97.182148,30.013899,115.0,31.0,61.6,2877,24.2,T1_normal,line,115.0,10.605624439326096,False,False
2591,6005,12620,193.6,81.55198839282191,T2_watch,-97.2711,30.146700000000003,115.0,-97.2711,30.146700000000003,115.0,81.6,119.9,2877,50.5,T5_moderate,line,115.0,0.0,True,True
2592,6005,12620,193.6,81.55198839282191,T2_watch,-97.2711,30.146700000000003,115.0,-97.2711,30.146700000000003,115.0,81.6,119.9,2877,50.5,T5_moderate,line,115.0,0.0,True,True
2593,6005,12620,193.6,81.55198839282191,T2_watch,-97.2711,30.146700000000003,115.0,-97.2711,30.146700000000003,115.0,81.6,119.9,2877,50.5,T5_moderate,line,115.0,0.0,True,True
2594,6005,12620,193.6,81.55198839282191,T2_watch,-97.2711,30.146700000000003,115.0,-97.2711,30.146700000000003,115.0,81.6,119.9,2877,50.5,T5_moderate,line,115.0,0.0,True,True
2595,6011,6068,221.0,12.449142398454434,T1_normal,-98.094738,29.6124265,115.0,-98.094738,29.6124265,115.0,12.4,25.1,2809,20.4,T1_normal,line,115.0,0.0,False,False
2596,6163,6011,221.0,24.61656321293417,T1_normal,-97.97505466666668,28.59622966666667,115.0,-98.094738,29.6124265,115.0,24.6,37.2,2809,32.6,T1_normal,line,115.0,70.58396028511294,False,False
2597,6027,6012,221.0,84.69429506564852,T2_watch,-97.35518,30.41432,115.0,-97.218899,30.303885,115.0,84.7,139.4,2598,42.4,T6_heavy,line,115.0,11.146248408515776,True,True
2598,6027,6012,221.0,84.69429506564852,T2_watch,-97.35518,30.41432,115.0,-97.218899,30.303885,115.0,84.7,139.4,2597,42.4,T6_heavy,line,115.0,11.146248408515776,True,True
2599,6026,6013,221.0,7.815518742526507,T1_normal,-98.5093816037736,29.474642000000003,115.0,-98.5093816037736,29.474642000000003,115.0,7.8,21.0,2602,20.9,T1_normal,line,115.0,0.0,False,False
2600,6013,6128,98.0,29.04274280826042,T1_normal,-98.5093816037736,29.474642000000003,115.0,-98.5093816037736,29.474642000000003,115.0,29.0,60.0,2602,45.4,T1_normal,line,115.0,0.0,False,False
2601,6013,6168,149.0,28.343337509140973,T1_normal,-98.5093816037736,29.474642000000003,115.0,-98.5093816037736,29.474642000000003,115.0,28.3,44.7,3026,36.9,T1_normal,line,115.0,0.0,False,False
2602,6013,6182,174.9,73.08145649932086,T1_normal,-98.5093816037736,29.474642000000003,115.0,-98.5093816037736,29.474642000000003,115.0,73.1,87.7,3026,75.2,T2_watch,line,115.0,0.0,False,False
2603,6013,6225,98.0,19.757295437864897,T1_normal,-98.5093816037736,29.474642000000003,115.0,-98.5093816037736,29.474642000000003,115.0,19.8,28.7,3101,27.3,T1_normal,line,115.0,0.0,False,False
2604,6014,6096,98.0,29.053181644375023,T1_normal,-97.301328,29.700745,115.0,-97.470663,29.69611,115.0,29.1,61.2,2841,64.2,T1_normal,line,115.0,10.168233457432851,False,False
2605,6133,6014,149.0,0.2348720353667807,T1_normal,-97.15845,29.727617,115.0,-97.301328,29.700745,115.0,0.2,22.6,2980,28.1,T1_normal,line,115.0,8.772673044507803,False,False
2606,6014,6139,98.0,34.31852926407251,T1_normal,-97.301328,29.700745,115.0,-97.357996,29.844013,115.0,34.3,73.5,3228,73.5,T1_normal,line,115.0,10.466144537927944,False,False
2607,6015,6112,220.0,45.03621379685989,T1_normal,-98.737267,29.283035,115.0,-98.842165,29.1998,115.0,45.0,59.3,1068,46.7,T1_normal,line,115.0,8.548126998236931,False,False
2608,6015,6182,115.6,18.78418874816787,T1_normal,-98.737267,29.283035,115.0,-98.5093816037736,29.474642000000003,115.0,18.8,31.7,1515,24.7,T1_normal,line,115.0,19.06627257319086,False,False
2609,6015,6236,149.0,1.653118437291725,T1_normal,-98.737267,29.283035,115.0,-98.5093816037736,29.474642000000003,115.0,1.7,24.5,2607,27.1,T1_normal,line,115.0,19.06627257319086,False,False
2610,6016,6114,120.6,34.299704538465114,T1_normal,-98.5093816037736,29.474642000000003,115.0,-98.5093816037736,29.474642000000003,115.0,34.3,50.6,2894,44.8,T1_normal,line,115.0,0.0,False,False
2611,6016,6168,221.0,1.4556442122755209,T1_normal,-98.5093816037736,29.474642000000003,115.0,-98.5093816037736,29.474642000000003,115.0,1.5,7.9,3092,6.4,T1_normal,line,115.0,0.0,False,False
2612,6016,6168,221.0,1.4556442122755209,T1_normal,-98.5093816037736,29.474642000000003,115.0,-98.5093816037736,29.474642000000003,115.0,1.5,7.9,3092,6.4,T1_normal,line,115.0,0.0,False,False
2613,6016,6182,126.4,24.76811734094924,T1_normal,-98.5093816037736,29.474642000000003,115.0,-98.5093816037736,29.474642000000003,115.0,24.8,35.3,3092,29.7,T1_normal,line,115.0,0.0,False,False
2614,6199,6016,221.0,49.993494797043354,T1_normal,-98.5093816037736,29.474642000000003,115.0,-98.5093816037736,29.474642000000003,115.0,50.0,67.2,2615,61.4,T1_normal,line,115.0,0.0,False,False
2615,6199,6016,221.0,49.993494797043354,T1_normal,-98.5093816037736,29.474642000000003,115.0,-98.5093816037736,29.474642000000003,115.0,50.0,67.2,2614,61.4,T1_normal,line,115.0,0.0,False,False
2616,6199,6016,221.0,49.993494797043354,T1_normal,-98.5093816037736,29.474642000000003,115.0,-98.5093816037736,29.474642000000003,115.0,50.0,67.2,2614,61.4,T1_normal,line,115.0,0.0,False,False
2617,6016,6356,400.0,33.72308629889096,T1_normal,-98.5093816037736,29.474642000000003,115.0,-98.5093816037736,29.474642000000003,115.0,33.7,47.0,3107,40.3,T1_normal,line,115.0,0.0,False,False
2618,6068,6017,221.0,46.88619240613084,T1_normal,-98.094738,29.6124265,115.0,-98.220552,29.575004,115.0,46.9,64.4,2619,60.0,T1_normal,line,115.0,7.988998202747124,False,False
2619,6068,6017,221.0,46.88619240613084,T1_normal,-98.094738,29.6124265,115.0,-98.220552,29.575004,115.0,46.9,64.4,2618,60.0,T1_normal,line,115.0,7.988998202747124,False,False
2620,6068,6017,221.0,46.88619240613084,T1_normal,-98.094738,29.6124265,115.0,-98.220552,29.575004,115.0,46.9,64.4,2618,60.0,T1_normal,line,115.0,7.988998202747124,False,False
2621,6017,6159,221.0,27.51967656902673,T1_normal,-98.220552,29.575004,115.0,-98.262642,29.547068,115.0,27.5,39.2,2622,34.6,T1_normal,line,115.0,3.1819296341939913,False,False
2622,6017,6159,221.0,27.51967656902673,T1_normal,-98.220552,29.575004,115.0,-98.262642,29.547068,115.0,27.5,39.2,2621,34.6,T1_normal,line,115.0,3.1819296341939913,False,False
2623,6017,6159,221.0,27.51967656902673,T1_normal,-98.220552,29.575004,115.0,-98.262642,29.547068,115.0,27.5,39.2,2621,34.6,T1_normal,line,115.0,3.1819296341939913,False,False
2624,6160,6018,221.0,39.33239184322404,T1_normal,-97.77508287179488,30.30416587179487,115.0,-97.77508287179488,30.30416587179487,115.0,39.3,51.3,2625,35.7,T1_normal,line,115.0,0.0,False,False
2625,6160,6018,221.0,39.33239184322404,T1_normal,-97.77508287179488,30.30416587179487,115.0,-97.77508287179488,30.30416587179487,115.0,39.3,51.3,2624,35.7,T1_normal,line,115.0,0.0,False,False
2626,6160,6018,221.0,39.33239184322404,T1_normal,-97.77508287179488,30.30416587179487,115.0,-97.77508287179488,30.30416587179487,115.0,39.3,51.3,2624,35.7,T1_normal,line,115.0,0.0,False,False
2627,6018,6233,122.1,5.651216656624301,T1_normal,-97.77508287179488,30.30416587179487,115.0,-97.77508287179488,30.30416587179487,115.0,5.7,19.0,2725,13.4,T1_normal,line,115.0,0.0,False,False
2628,6018,6256,221.0,18.572902136038316,T1_normal,-97.77508287179488,30.30416587179487,115.0,-97.77508287179488,30.30416587179487,115.0,18.6,37.4,2631,23.7,T1_normal,line,115.0,0.0,False,False
2629,6018,6256,221.0,18.572902136038316,T1_normal,-97.77508287179488,30.30416587179487,115.0,-97.77508287179488,30.30416587179487,115.0,18.6,37.4,2631,23.7,T1_normal,line,115.0,0.0,False,False
2630,6018,6256,221.0,18.572902136038316,T1_normal,-97.77508287179488,30.30416587179487,115.0,-97.77508287179488,30.30416587179487,115.0,18.6,37.4,2631,23.7,T1_normal,line,115.0,0.0,False,False
2631,6018,6256,191.4,86.77873161778962,T2_watch,-97.77508287179488,30.30416587179487,115.0,-97.77508287179488,30.30416587179487,115.0,86.8,111.7,2725,73.6,T5_moderate,line,115.0,0.0,True,True
2632,13265,6018,197.4,1.404457483110359,T1_normal,-97.77508287179488,30.30416587179487,20.0,-97.77508287179488,30.30416587179487,115.0,1.4,1.4,-1,0.0,T1_normal,transformer,115.0,0.0,False,False
2633,6018,13411,133.6,1.1263126599048825,T1_normal,-97.77508287179488,30.30416587179487,115.0,-97.516162,30.289094,115.0,1.1,22.5,3013,21.0,T1_normal,line,115.0,15.481654187337911,False,False
2634,6019,6040,221.0,37.991434872597154,T1_normal,-97.77508287179488,30.30416587179487,115.0,-97.77508287179488,30.30416587179487,115.0,38.0,53.3,2635,50.4,T1_normal,line,115.0,0.0,False,False
2635,6040,6019,221.0,37.991434872597154,T1_normal,-97.77508287179488,30.30416587179487,115.0,-97.77508287179488,30.30416587179487,115.0,38.0,53.3,2634,50.4,T1_normal,line,115.0,0.0,False,False
2636,6040,6019,221.0,37.991434872597154,T1_normal,-97.77508287179488,30.30416587179487,115.0,-97.77508287179488,30.30416587179487,115.0,38.0,53.3,2634,50.4,T1_normal,line,115.0,0.0,False,False
2637,6019,6113,221.0,18.223545465834217,T1_normal,-97.77508287179488,30.30416587179487,115.0,-97.77508287179488,30.30416587179487,115.0,18.2,26.1,3180,33.5,T1_normal,line,115.0,0.0,False,False
2638,6019,6113,221.0,18.223545465834217,T1_normal,-97.77508287179488,30.30416587179487,115.0,-97.77508287179488,30.30416587179487,115.0,18.2,26.1,3180,33.5,T1_normal,line,115.0,0.0,False,False
2639,6019,6175,138.6,20.304316489884975,T1_normal,-97.77508287179488,30.30416587179487,115.0,-97.77508287179488,30.30416587179487,115.0,20.3,34.8,3180,45.5,T1_normal,line,115.0,0.0,False,False
2640,6019,6306,98.0,11.74108256466634,T1_normal,-97.77508287179488,30.30416587179487,115.0,-97.77508287179488,30.30416587179487,115.0,11.7,35.0,2694,25.0,T1_normal,line,115.0,0.0,False,False
2641,6019,6313,221.0,12.822580094104945,T1_normal,-97.77508287179488,30.30416587179487,115.0,-97.77508287179488,30.30416587179487,115.0,12.8,17.6,2642,8.7,T1_normal,line,115.0,0.0,False,False
2642,6019,6313,221.0,12.822580094104945,T1_normal,-97.77508287179488,30.30416587179487,115.0,-97.77508287179488,30.30416587179487,115.0,12.8,17.6,2641,8.7,T1_normal,line,115.0,0.0,False,False
2643,6020,6252,220.0,70.92945420289848,T1_normal,-98.3721,30.558,115.0,-98.359569,30.402261,115.0,70.9,81.8,2647,84.2,T2_watch,line,115.0,10.786484516113836,False,False
2644,6020,12613,600.0,28.762466541062775,T1_normal,-98.3721,30.558,115.0,-98.3721,30.558,500.0,28.8,32.8,2647,33.6,T1_normal,transformer,500.0,0.0,False,False
2645,6022,6021,948.0,34.741335595671416,T1_normal,-97.9398515,30.5062735,230.0,-97.9398515,30.5062735,500.0,34.7,41.6,3180,42.3,T1_normal,transformer,500.0,0.0,False,False
2646,6118,6021,2020.0,13.47082598994022,T1_normal,-97.8242,30.503949,500.0,-97.9398515,30.5062735,500.0,13.5,33.1,3185,51.5,T1_normal,line,500.0,6.886648000510405,False,False
2647,6021,6210,2020.0,48.98159263223522,T1_normal,-97.9398515,30.5062735,500.0,-98.26824166666664,30.564168,500.0,49.0,70.0,3185,84.0,T1_normal,line,500.0,19.94830549632134,False,False
2648,6021,6298,2174.8,17.839324293148668,T1_normal,-97.9398515,30.5062735,500.0,-98.08352933333332,29.745433666666667,500.0,17.8,25.2,2748,33.6,T1_normal,line,500.0,53.26612316303413,False,False
2649,6023,6022,438.0,48.56723481512658,T1_normal,-97.9398515,30.5062735,115.0,-97.9398515,30.5062735,230.0,48.6,56.5,2903,45.2,T1_normal,transformer,230.0,0.0,False,False
2650,6022,6222,438.9,17.012896171884105,T1_normal,-97.9398515,30.5062735,230.0,-97.77508287179488,30.30416587179487,230.0,17.0,33.8,3180,45.3,T1_normal,line,230.0,17.07085861167393,False,False
2651,6315,6022,443.0,15.608502883833744,T1_normal,-97.72702366666664,30.716280333333337,230.0,-97.9398515,30.5062735,230.0,15.6,22.3,2649,10.0,T1_normal,line,230.0,19.254020614647217,False,False
2652,6022,6350,443.0,6.138125534328192,T1_normal,-97.9398515,30.5062735,230.0,-97.77508287179488,30.30416587179487,230.0,6.1,35.4,2645,27.9,T1_normal,line,230.0,17.07085861167393,False,False
2653,6023,6084,205.0,45.94989927949824,T1_normal,-97.9398515,30.5062735,115.0,-97.677175,30.5341255,115.0,45.9,64.3,2654,56.2,T1_normal,line,115.0,15.752783291027075,False,False
2654,6120,6023,221.0,38.41197563724299,T1_normal,-97.8242,30.503949,115.0,-97.9398515,30.5062735,115.0,38.4,56.2,2653,59.9,T1_normal,line,115.0,6.886648000510405,False,False
2655,6023,6262,221.0,22.45549121968884,T1_normal,-97.9398515,30.5062735,115.0,-97.875708,30.748955,115.0,22.5,38.2,2656,53.5,T1_normal,line,115.0,17.19607765455623,False,False
2656,6023,6262,221.0,22.45549121968884,T1_normal,-97.9398515,30.5062735,115.0,-97.875708,30.748955,115.0,22.5,38.2,2655,53.5,T1_normal,line,115.0,17.19607765455623,False,False
2657,6024,6113,121.2,39.7267113878945,T1_normal,-97.77508287179488,30.30416587179487,115.0,-97.77508287179488,30.30416587179487,115.0,39.7,62.4,2847,23.8,T1_normal,line,115.0,0.0,False,False
2658,6024,6181,221.0,46.770905795802705,T1_normal,-97.77508287179488,30.30416587179487,115.0,-97.516162,30.289094,115.0,46.8,83.3,2847,20.8,T2_watch,line,115.0,15.481654187337911,False,False
2659,6024,6219,300.0,19.189698655828735,T1_normal,-97.77508287179488,30.30416587179487,115.0,-97.77508287179488,30.30416587179487,115.0,19.2,25.7,2847,9.3,T1_normal,line,115.0,0.0,False,False
2660,6024,6256,124.0,96.97482934016227,T3_prevent,-97.77508287179488,30.30416587179487,115.0,-97.77508287179488,30.30416587179487,115.0,97.0,124.4,2658,97.2,T5_moderate,line,115.0,0.0,True,True
2661,6024,6330,221.0,7.675712832066123,T1_normal,-97.77508287179488,30.30416587179487,115.0,-97.77508287179488,30.30416587179487,115.0,7.7,19.3,3190,14.0,T1_normal,line,115.0,0.0,False,False
2662,6025,6060,250.0,19.611333480321846,T1_normal,-98.5093816037736,29.474642000000003,115.0,-98.5093816037736,29.474642000000003,115.0,19.6,34.8,2956,31.1,T1_normal,line,115.0,0.0,False,False
2663,6121,6025,221.0,10.08499174929037,T1_normal,-98.5093816037736,29.474642000000003,115.0,-98.5093816037736,29.474642000000003,115.0,10.1,18.8,2664,13.4,T1_normal,line,115.0,0.0,False,False
2664,6025,6337,221.0,37.93867336809183,T1_normal,-98.5093816037736,29.474642000000003,115.0,-98.5093816037736,29.474642000000003,115.0,37.9,56.7,2665,51.0,T1_normal,line,115.0,0.0,False,False
2665,6025,6337,221.0,37.93867336809183,T1_normal,-98.5093816037736,29.474642000000003,115.0,-98.5093816037736,29.474642000000003,115.0,37.9,56.7,2664,51.0,T1_normal,line,115.0,0.0,False,False
2666,6352,6025,221.0,15.895251121914631,T1_normal,-98.5093816037736,29.474642000000003,115.0,-98.5093816037736,29.474642000000003,115.0,15.9,32.3,2845,31.6,T1_normal,line,115.0,0.0,False,False
2667,6026,6182,221.0,1.1041964854418906,T1_normal,-98.5093816037736,29.474642000000003,115.0,-98.5093816037736,29.474642000000003,115.0,1.1,8.1,3254,9.7,T1_normal,line,115.0,0.0,False,False
2668,6026,6182,126.6,2.3998937890056187,T1_normal,-98.5093816037736,29.474642000000003,115.0,-98.5093816037736,29.474642000000003,115.0,2.4,17.7,3254,21.2,T1_normal,line,115.0,0.0,False,False
2669,6236,6026,221.0,13.887051032432788,T1_normal,-98.5093816037736,29.474642000000003,115.0,-98.5093816037736,29.474642000000003,115.0,13.9,23.3,3171,24.4,T1_normal,line,115.0,0.0,False,False
2670,6236,6026,221.0,13.887051032432788,T1_normal,-98.5093816037736,29.474642000000003,115.0,-98.5093816037736,29.474642000000003,115.0,13.9,23.3,3171,24.4,T1_normal,line,115.0,0.0,False,False
2671,6027,6116,130.0,104.61020144721437,T4_light,-97.35518,30.41432,115.0,-97.35701,30.41477,115.0,104.6,207.4,2672,38.7,T7_structural,line,115.0,0.1133881117646408,True,True
2672,6027,6116,130.0,104.61020144721437,T4_light,-97.35518,30.41432,115.0,-97.35701,30.41477,115.0,104.6,207.4,2671,38.7,T7_structural,line,115.0,0.1133881117646408,True,True
2673,6027,6181,300.0,29.12742014247162,T1_normal,-97.35518,30.41432,115.0,-97.516162,30.289094,115.0,29.1,44.0,2847,22.5,T1_normal,line,115.0,12.922569345154509,False,False
2674,6028,6040,133.0,21.54020526513591,T1_normal,-97.77508287179488,30.30416587179487,115.0,-97.77508287179488,30.30416587179487,115.0,21.5,38.3,2678,27.9,T1_normal,line,115.0,0.0,False,False
2675,6126,6028,221.0,23.091733106050516,T1_normal,-97.77508287179488,30.30416587179487,115.0,-97.77508287179488,30.30416587179487,115.0,23.1,34.7,2676,22.9,T1_normal,line,115.0,0.0,False,False
2676,6126,6028,221.0,23.091733106050516,T1_normal,-97.77508287179488,30.30416587179487,115.0,-97.77508287179488,30.30416587179487,115.0,23.1,34.7,2675,22.9,T1_normal,line,115.0,0.0,False,False
2677,6028,6130,125.0,21.28248535501342,T1_normal,-97.77508287179488,30.30416587179487,115.0,-97.874687,30.132806,115.0,21.3,36.0,3151,20.5,T1_normal,line,115.0,13.2495192567868,False,False
2678,6028,6223,221.0,61.78576257093982,T1_normal,-97.77508287179488,30.30416587179487,115.0,-97.77508287179488,30.30416587179487,115.0,61.8,90.3,2679,66.9,T3_prevent,line,115.0,0.0,False,False
2679,6028,6223,221.0,61.78576257093982,T1_normal,-97.77508287179488,30.30416587179487,115.0,-97.77508287179488,30.30416587179487,115.0,61.8,90.3,2678,66.9,T3_prevent,line,115.0,0.0,False,False
2680,6028,6289,98.0,21.71600192002991,T1_normal,-97.77508287179488,30.30416587179487,115.0,-97.77508287179488,30.30416587179487,115.0,21.7,32.5,3047,23.9,T1_normal,line,115.0,0.0,False,False
2681,6029,6221,149.0,32.278971906485665,T1_normal,-97.887161,28.952237,115.0,-98.240425,28.867033,115.0,32.3,47.5,1419,34.4,T1_normal,line,115.0,22.16293133366259,False,False
2682,6329,6029,149.0,39.58769673870043,T1_normal,-97.696944,28.871642,115.0,-97.887161,28.952237,115.0,39.6,54.8,1419,41.7,T1_normal,line,115.0,12.781625315374615,False,False
2683,6031,6030,124.0,43.90412916552307,T1_normal,-97.076333,29.202338,115.0,-97.076333,29.202338,230.0,43.9,63.5,2684,53.2,T1_normal,transformer,230.0,0.0,False,False
2684,6030,6172,443.0,10.567391489519284,T1_normal,-97.076333,29.202338,230.0,-97.2968245,29.1133745,230.0,10.6,18.0,2683,14.6,T1_normal,line,230.0,14.655499880989868,False,False
2685,6030,6188,443.0,24.868494330210783,T1_normal,-97.076333,29.202338,230.0,-96.42546,29.695979,230.0,24.9,30.7,2841,28.7,T1_normal,line,230.0,51.9315020709931,False,False
2686,6030,7274,443.0,47.725077730621386,T1_normal,-97.076333,29.202338,230.0,-97.00621414285716,28.74651585714286,230.0,47.7,55.0,3038,49.7,T1_normal,line,230.0,31.778528366275225,False,False
2687,6173,6031,98.0,25.77665322984555,T1_normal,-97.2968245,29.1133745,115.0,-97.076333,29.202338,115.0,25.8,50.6,2684,37.6,T1_normal,line,115.0,14.655499880989868,False,False
2688,6032,6207,149.0,37.96482607154266,T1_normal,-97.77508287179488,30.30416587179487,115.0,-97.9398515,30.5062735,115.0,38.0,104.8,2954,83.4,T4_light,line,115.0,17.07085861167393,True,True
2689,6217,6032,98.0,21.830310015761096,T1_normal,-97.77508287179488,30.30416587179487,115.0,-97.77508287179488,30.30416587179487,115.0,21.8,79.8,2954,63.6,T1_normal,line,115.0,0.0,False,False
2690,6034,6033,1058.0,56.4946635112169,T1_normal,-97.57405,30.41217,230.0,-97.57405,30.41217,500.0,56.5,72.8,3180,63.1,T1_normal,transformer,500.0,0.0,False,False
2691,6107,6033,2768.0,3.577932436621957,T1_normal,-96.947291,30.633128,500.0,-97.57405,30.41217,500.0,3.6,27.8,2581,16.6,T1_normal,line,500.0,40.30748625035317,False,False
2692,6033,6342,2020.0,18.49680451009988,T1_normal,-97.57405,30.41217,500.0,-97.677175,30.5341255,500.0,18.5,52.4,2581,42.6,T1_normal,line,500.0,10.426753641651686,False,False
2693,13332,6033,141.7,112.7191248580227,T5_moderate,-97.57405,30.41217,20.0,-97.57405,30.41217,500.0,112.7,112.7,2904,66.2,T5_moderate,transformer,500.0,0.0,True,True
2694,6035,6034,540.0,56.768938744390624,T1_normal,-97.57405,30.41217,115.0,-97.57405,30.41217,230.0,56.8,87.1,2695,90.5,T2_watch,transformer,230.0,0.0,False,False
2695,6035,6034,540.0,56.768938744390624,T1_normal,-97.57405,30.41217,115.0,-97.57405,30.41217,230.0,56.8,87.1,2694,90.5,T2_watch,transformer,230.0,0.0,False,False
2696,6108,6034,548.0,32.54910886065933,T1_normal,-96.947291,30.633128,230.0,-97.57405,30.41217,230.0,32.5,65.3,2883,9.2,T1_normal,line,230.0,40.30748625035317,False,False
2697,6034,6119,443.0,0.8073965002717227,T1_normal,-97.57405,30.41217,230.0,-97.8242,30.503949,230.0,0.8,32.3,2903,25.9,T1_normal,line,230.0,16.19212236863939,False,False
2698,6034,6255,443.0,78.58910002304896,T1_normal,-97.57405,30.41217,230.0,-97.77508287179488,30.30416587179487,230.0,78.6,115.4,2725,43.0,T5_moderate,line,230.0,14.118876129270028,True,True
2699,6034,6343,548.0,15.65558035048238,T1_normal,-97.57405,30.41217,230.0,-97.677175,30.5341255,230.0,15.7,35.1,3256,27.6,T1_normal,line,230.0,10.426753641651686,False,False
2700,6034,6343,435.8,11.258947685329586,T1_normal,-97.57405,30.41217,230.0,-97.677175,30.5341255,230.0,11.3,25.2,3256,19.8,T1_normal,line,230.0,10.426753641651686,False,False
2701,6061,6035,221.0,39.117614018332624,T1_normal,-97.77508287179488,30.30416587179487,115.0,-97.57405,30.41217,115.0,39.1,50.8,2702,56.6,T1_normal,line,115.0,14.118876129270028,False,False
2702,6061,6035,221.0,39.117614018332624,T1_normal,-97.77508287179488,30.30416587179487,115.0,-97.57405,30.41217,115.0,39.1,50.8,2701,56.6,T1_normal,line,115.0,14.118876129270028,False,False
2703,6123,6035,221.0,39.55719900634881,T1_normal,-97.77508287179488,30.30416587179487,115.0,-97.57405,30.41217,115.0,39.6,54.9,2704,57.2,T1_normal,line,115.0,14.118876129270028,False,False
2704,6123,6035,221.0,39.55719900634881,T1_normal,-97.77508287179488,30.30416587179487,115.0,-97.57405,30.41217,115.0,39.6,54.9,2703,57.2,T1_normal,line,115.0,14.118876129270028,False,False
2705,6035,6306,98.0,52.0561084261347,T1_normal,-97.57405,30.41217,115.0,-97.77508287179488,30.30416587179487,115.0,52.1,65.3,2701,71.7,T1_normal,line,115.0,14.118876129270028,False,False
2706,6037,6036,467.0,65.01167083152649,T1_normal,-98.5093816037736,29.474642000000003,115.0,-98.5093816037736,29.474642000000003,230.0,65.0,83.4,2707,75.8,T2_watch,transformer,230.0,0.0,False,False
2707,6037,6036,467.0,65.01167083152649,T1_normal,-98.5093816037736,29.474642000000003,115.0,-98.5093816037736,29.474642000000003,230.0,65.0,83.4,2706,75.8,T2_watch,transformer,230.0,0.0,False,False
2708,6037,6036,467.0,65.01167083152649,T1_normal,-98.5093816037736,29.474642000000003,115.0,-98.5093816037736,29.474642000000003,230.0,65.0,83.4,2706,75.8,T2_watch,transformer,230.0,0.0,False,False
2709,6036,6046,395.9,18.302748729007387,T1_normal,-98.5093816037736,29.474642000000003,230.0,-98.5093816037736,29.474642000000003,230.0,18.3,30.6,2798,38.4,T1_normal,line,230.0,0.0,False,False
2710,6036,6067,750.0,21.926160142221224,T1_normal,-98.5093816037736,29.474642000000003,230.0,-98.094738,29.6124265,230.0,21.9,28.9,2711,25.1,T1_normal,line,230.0,26.68070151534457,False,False
2711,6036,6067,396.9,50.48907895056197,T1_normal,-98.5093816037736,29.474642000000003,230.0,-98.094738,29.6124265,230.0,50.5,63.0,2710,54.7,T1_normal,line,230.0,26.68070151534457,False,False
2712,6036,6142,750.0,23.390369526717,T1_normal,-98.5093816037736,29.474642000000003,230.0,-98.5093816037736,29.474642000000003,230.0,23.4,30.9,2713,21.2,T1_normal,line,230.0,0.0,False,False
2713,6036,6142,750.0,23.390369526717,T1_normal,-98.5093816037736,29.474642000000003,230.0,-98.5093816037736,29.474642000000003,230.0,23.4,30.9,2712,21.2,T1_normal,line,230.0,0.0,False,False
2714,6036,6277,403.8,20.09542369033142,T1_normal,-98.5093816037736,29.474642000000003,230.0,-97.807,29.875,230.0,20.1,25.4,2748,24.1,T1_normal,line,230.0,50.429419007615074,False,False
2715,6287,6036,548.0,7.921904562950362,T1_normal,-98.5093816037736,29.474642000000003,230.0,-98.5093816037736,29.474642000000003,230.0,7.9,11.7,2969,11.1,T1_normal,line,230.0,0.0,False,False
2716,6036,6334,443.0,7.025401509741293,T1_normal,-98.5093816037736,29.474642000000003,230.0,-98.5093816037736,29.474642000000003,230.0,7.0,11.8,2798,14.4,T1_normal,line,230.0,0.0,False,False
2717,6094,6037,251.0,64.03932153715478,T1_normal,-98.5093816037736,29.474642000000003,115.0,-98.5093816037736,29.474642000000003,115.0,64.0,106.2,2718,90.9,T4_light,line,115.0,0.0,True,True
2718,6094,6037,251.0,64.03932153715478,T1_normal,-98.5093816037736,29.474642000000003,115.0,-98.5093816037736,29.474642000000003,115.0,64.0,106.2,2717,90.9,T4_light,line,115.0,0.0,True,True
2719,6220,6037,221.0,47.290301006572435,T1_normal,-98.5093816037736,29.474642000000003,115.0,-98.5093816037736,29.474642000000003,115.0,47.3,60.2,2720,55.7,T1_normal,line,115.0,0.0,False,False
2720,6220,6037,221.0,47.290301006572435,T1_normal,-98.5093816037736,29.474642000000003,115.0,-98.5093816037736,29.474642000000003,115.0,47.3,60.2,2719,55.7,T1_normal,line,115.0,0.0,False,False
2721,6220,6037,221.0,47.290301006572435,T1_normal,-98.5093816037736,29.474642000000003,115.0,-98.5093816037736,29.474642000000003,115.0,47.3,60.2,2719,55.7,T1_normal,line,115.0,0.0,False,False
2722,6037,6250,112.9,24.607164913133115,T1_normal,-98.5093816037736,29.474642000000003,115.0,-98.5093816037736,29.474642000000003,115.0,24.6,42.9,3171,48.8,T1_normal,line,115.0,0.0,False,False
2723,6039,6038,1269.0,50.23222895106988,T1_normal,-97.77508287179488,30.30416587179487,230.0,-97.77508287179488,30.30416587179487,500.0,50.2,66.8,2726,44.7,T1_normal,transformer,500.0,0.0,False,False
2724,6038,6066,2020.0,19.96287120314311,T1_normal,-97.77508287179488,30.30416587179487,500.0,-98.094738,29.6124265,500.0,20.0,33.6,2726,18.1,T1_normal,line,500.0,51.48323247330178,False,False
2725,6254,6038,2020.0,107.57788362459377,T4_light,-97.77508287179488,30.30416587179487,500.0,-97.77508287179488,30.30416587179487,500.0,107.6,143.3,3180,50.4,T6_heavy,line,500.0,0.0,True,True
2726,6349,6038,2020.0,52.62704399666986,T1_normal,-97.77508287179488,30.30416587179487,500.0,-97.77508287179488,30.30416587179487,500.0,52.6,75.7,2581,30.1,T1_normal,line,500.0,0.0,False,False
2727,6040,6039,338.0,74.53921102664287,T1_normal,-97.77508287179488,30.30416587179487,115.0,-97.77508287179488,30.30416587179487,230.0,74.5,92.0,2728,82.0,T3_prevent,transformer,230.0,0.0,False,False
2728,6040,6039,338.0,74.53921102664287,T1_normal,-97.77508287179488,30.30416587179487,115.0,-97.77508287179488,30.30416587179487,230.0,74.5,92.0,2727,82.0,T3_prevent,transformer,230.0,0.0,False,False
2729,6039,6222,443.0,37.05669414159216,T1_normal,-97.77508287179488,30.30416587179487,230.0,-97.77508287179488,30.30416587179487,230.0,37.1,79.5,3180,71.6,T1_normal,line,230.0,0.0,False,False
2730,6039,6277,411.7,15.03874852372687,T1_normal,-97.77508287179488,30.30416587179487,230.0,-97.807,29.875,230.0,15.0,29.5,3188,22.5,T1_normal,line,230.0,29.71415490325865,False,False
2731,6039,6350,454.0,27.400077796157404,T1_normal,-97.77508287179488,30.30416587179487,230.0,-97.77508287179488,30.30416587179487,230.0,27.4,77.8,2723,94.4,T1_normal,line,230.0,0.0,False,False
2732,6040,6175,140.3,26.356352649485626,T1_normal,-97.77508287179488,30.30416587179487,115.0,-97.77508287179488,30.30416587179487,115.0,26.4,36.6,3180,38.7,T1_normal,line,115.0,0.0,False,False
2733,6040,6224,149.0,60.17055228381283,T1_normal,-97.77508287179488,30.30416587179487,115.0,-97.77508287179488,30.30416587179487,115.0,60.2,86.7,2782,62.3,T2_watch,line,115.0,0.0,False,False
2734,6043,6236,221.0,44.55951138439781,T1_normal,-98.5093816037736,29.474642000000003,115.0,-98.5093816037736,29.474642000000003,115.0,44.6,97.0,3254,89.6,T3_prevent,line,115.0,0.0,False,False
2735,6043,6236,221.0,44.55951138439781,T1_normal,-98.5093816037736,29.474642000000003,115.0,-98.5093816037736,29.474642000000003,115.0,44.6,97.0,3254,89.6,T3_prevent,line,115.0,0.0,False,False
2736,6335,6043,221.0,11.487983948783889,T1_normal,-98.5093816037736,29.474642000000003,115.0,-98.5093816037736,29.474642000000003,115.0,11.5,41.0,3254,37.3,T1_normal,line,115.0,0.0,False,False
2737,6335,6043,221.0,11.487983948783889,T1_normal,-98.5093816037736,29.474642000000003,115.0,-98.5093816037736,29.474642000000003,115.0,11.5,41.0,3254,37.3,T1_normal,line,115.0,0.0,False,False
2738,6044,6182,132.4,13.537370668791484,T1_normal,-98.5093816037736,29.474642000000003,115.0,-98.5093816037736,29.474642000000003,115.0,13.5,23.9,2998,15.4,T1_normal,line,115.0,0.0,False,False
2739,6044,6203,149.0,47.31940235267757,T1_normal,-98.5093816037736,29.474642000000003,115.0,-98.5093816037736,29.474642000000003,115.0,47.3,62.7,3099,57.2,T1_normal,line,115.0,0.0,False,False
2740,6204,6044,149.0,76.24004340480198,T1_normal,-98.5093816037736,29.474642000000003,115.0,-98.5093816037736,29.474642000000003,115.0,76.2,93.9,3102,72.5,T3_prevent,line,115.0,0.0,False,False
2741,6044,6275,204.4,73.34574767359874,T1_normal,-98.5093816037736,29.474642000000003,115.0,-98.5093816037736,29.474642000000003,115.0,73.3,128.9,2742,94.5,T6_heavy,line,115.0,0.0,True,True
2742,6044,6275,204.4,73.34574767359874,T1_normal,-98.5093816037736,29.474642000000003,115.0,-98.5093816037736,29.474642000000003,115.0,73.3,128.9,2741,94.5,T6_heavy,line,115.0,0.0,True,True
2743,6044,6284,149.0,73.30289298684691,T1_normal,-98.5093816037736,29.474642000000003,115.0,-98.5093816037736,29.474642000000003,115.0,73.3,89.6,3198,74.2,T2_watch,line,115.0,0.0,False,False
2744,6044,6323,221.0,38.96419563875179,T1_normal,-98.5093816037736,29.474642000000003,115.0,-98.5093816037736,29.474642000000003,115.0,39.0,53.8,2745,41.8,T1_normal,line,115.0,0.0,False,False
2745,6044,6323,221.0,38.96419563875179,T1_normal,-98.5093816037736,29.474642000000003,115.0,-98.5093816037736,29.474642000000003,115.0,39.0,53.8,2744,41.8,T1_normal,line,115.0,0.0,False,False
2746,6046,6045,1198.0,53.64501059535784,T1_normal,-98.5093816037736,29.474642000000003,230.0,-98.5093816037736,29.474642000000003,500.0,53.6,70.3,2749,70.2,T1_normal,transformer,500.0,0.0,False,False
2747,6066,6045,2020.0,21.81783011187468,T1_normal,-98.094738,29.6124265,500.0,-98.5093816037736,29.474642000000003,500.0,21.8,37.6,2748,31.5,T1_normal,line,500.0,26.68070151534457,False,False
2748,6210,6045,2020.0,35.779442927795074,T1_normal,-98.26824166666664,30.564168,500.0,-98.5093816037736,29.474642000000003,500.0,35.8,47.5,2647,55.4,T1_normal,line,500.0,76.64956884277983,False,False
2749,6045,6234,2020.0,22.228484497459014,T1_normal,-98.5093816037736,29.474642000000003,500.0,-98.5093816037736,29.474642000000003,500.0,22.2,38.9,2746,40.1,T1_normal,line,500.0,0.0,False,False
2750,6047,6046,320.0,70.8085932656058,T1_normal,-98.5093816037736,29.474642000000003,115.0,-98.5093816037736,29.474642000000003,230.0,70.8,94.6,2751,85.6,T3_prevent,transformer,230.0,0.0,False,False
2751,6047,6046,320.0,70.8085932656058,T1_normal,-98.5093816037736,29.474642000000003,115.0,-98.5093816037736,29.474642000000003,230.0,70.8,94.6,2750,85.6,T3_prevent,transformer,230.0,0.0,False,False
2752,6046,6198,523.0,17.551300087166624,T1_normal,-98.5093816037736,29.474642000000003,230.0,-98.5093816037736,29.474642000000003,230.0,17.6,26.9,3089,29.1,T1_normal,line,230.0,0.0,False,False
2753,6046,6285,647.0,2.086889283457557,T1_normal,-98.5093816037736,29.474642000000003,230.0,-98.6782725,29.80345,230.0,2.1,7.9,2746,12.0,T1_normal,line,230.0,24.879893466326735,False,False
2754,6046,6287,483.2,0.4782307805275098,T1_normal,-98.5093816037736,29.474642000000003,230.0,-98.5093816037736,29.474642000000003,230.0,0.5,23.1,2746,15.9,T1_normal,line,230.0,0.0,False,False
2755,6046,6334,411.5,1.951755627858557,T1_normal,-98.5093816037736,29.474642000000003,230.0,-98.5093816037736,29.474642000000003,230.0,2.0,44.4,2746,40.9,T1_normal,line,230.0,0.0,False,False
2756,6047,6150,221.0,16.9754399765796,T1_normal,-98.5093816037736,29.474642000000003,115.0,-98.5093816037736,29.474642000000003,115.0,17.0,31.1,2617,29.4,T1_normal,line,115.0,0.0,False,False
2757,6047,6150,221.0,16.9754399765796,T1_normal,-98.5093816037736,29.474642000000003,115.0,-98.5093816037736,29.474642000000003,115.0,17.0,31.1,2617,29.4,T1_normal,line,115.0,0.0,False,False
2758,6291,6047,221.0,22.116204260346656,T1_normal,-98.5093816037736,29.474642000000003,115.0,-98.5093816037736,29.474642000000003,115.0,22.1,44.5,3061,36.7,T1_normal,line,115.0,0.0,False,False
2759,6291,6047,221.0,22.116204260346656,T1_normal,-98.5093816037736,29.474642000000003,115.0,-98.5093816037736,29.474642000000003,115.0,22.1,44.5,3061,36.7,T1_normal,line,115.0,0.0,False,False
2760,6226,6055,114.0,37.61400997745692,T1_normal,-98.566548,30.182914,115.0,-98.556446,29.903262,115.0,37.6,61.3,1006,98.7,T1_normal,line,115.0,19.331746297515892,False,False
2761,6055,6286,98.0,35.367317728878476,T1_normal,-98.556446,29.903262,115.0,-98.6782725,29.80345,115.0,35.4,62.9,1006,106.4,T1_normal,line,115.0,10.042809149573827,False,False
2762,6057,6056,1171.0,39.24150085164073,T1_normal,-98.08352933333332,29.745433666666667,230.0,-98.08352933333332,29.745433666666667,500.0,39.2,52.5,3151,43.9,T1_normal,transformer,500.0,0.0,False,False
2763,6056,6066,2020.0,14.8315571254055,T1_normal,-98.08352933333332,29.745433666666667,500.0,-98.094738,29.6124265,500.0,14.8,32.6,2798,27.0,T1_normal,line,500.0,9.21460864196051,False,False
2764,6161,6056,3146.0,14.699584373770618,T1_normal,-97.97505466666668,28.59622966666667,500.0,-98.08352933333332,29.745433666666667,500.0,14.7,25.5,2962,14.9,T1_normal,line,500.0,79.67242798660854,False,False
2765,6298,6056,2020.0,14.976653631648423,T1_normal,-98.08352933333332,29.745433666666667,500.0,-98.08352933333332,29.745433666666667,500.0,15.0,30.8,2648,30.0,T1_normal,line,500.0,0.0,False,False
2766,6058,6057,328.0,61.980168812528255,T1_normal,-98.08352933333332,29.745433666666667,115.0,-98.08352933333332,29.745433666666667,230.0,62.0,101.0,2767,93.3,T4_light,transformer,230.0,0.0,True,True
2767,6058,6057,328.0,61.980168812528255,T1_normal,-98.08352933333332,29.745433666666667,115.0,-98.08352933333332,29.745433666666667,230.0,62.0,101.0,2766,93.3,T4_light,transformer,230.0,0.0,True,True
2768,6057,6067,548.0,3.809218876500852,T1_normal,-98.08352933333332,29.745433666666667,230.0,-98.094738,29.6124265,230.0,3.8,34.2,2798,34.1,T1_normal,line,230.0,9.21460864196051,False,False
2769,6057,6162,449.3,0.3269291156570448,T1_normal,-98.08352933333332,29.745433666666667,230.0,-97.97505466666668,28.59622966666667,230.0,0.3,22.6,2762,18.9,T1_normal,line,230.0,79.67242798660854,False,False
2770,6057,6177,548.0,4.790769968828306,T1_normal,-98.08352933333332,29.745433666666667,230.0,-98.5093816037736,29.474642000000003,230.0,4.8,7.1,2748,5.4,T1_normal,line,230.0,31.69339273102924,False,False
2771,6057,6277,428.3,2.766600130777761,T1_normal,-98.08352933333332,29.745433666666667,230.0,-97.807,29.875,230.0,2.8,15.0,2762,12.0,T1_normal,line,230.0,18.84099124016375,False,False
2772,6057,6299,422.1,4.529346023902864,T1_normal,-98.08352933333332,29.745433666666667,230.0,-98.08352933333332,29.745433666666667,230.0,4.5,37.5,3151,35.8,T1_normal,line,230.0,0.0,False,False
2773,6058,6124,221.0,41.83662854421893,T1_normal,-98.08352933333332,29.745433666666667,115.0,-98.08352933333332,29.745433666666667,115.0,41.8,56.9,2774,51.3,T1_normal,line,115.0,0.0,False,False
2774,6058,6124,221.0,41.83662854421893,T1_normal,-98.08352933333332,29.745433666666667,115.0,-98.08352933333332,29.745433666666667,115.0,41.8,56.9,2773,51.3,T1_normal,line,115.0,0.0,False,False
2775,6058,6124,221.0,41.83662854421893,T1_normal,-98.08352933333332,29.745433666666667,115.0,-98.08352933333332,29.745433666666667,115.0,41.8,56.9,2773,51.3,T1_normal,line,115.0,0.0,False,False
2776,6300,6058,221.0,22.365131148409464,T1_normal,-98.08352933333332,29.745433666666667,115.0,-98.08352933333332,29.745433666666667,115.0,22.4,35.9,2766,36.4,T1_normal,line,115.0,0.0,False,False
2777,6357,6059,173.0,71.670710250092,T1_normal,-99.168888,29.135837,115.0,-99.329182,29.285285,115.0,71.7,94.5,1000,86.0,T3_prevent,line,115.0,14.144798090625953,False,False
2778,6060,6157,221.0,8.166713351844933,T1_normal,-98.5093816037736,29.474642000000003,115.0,-98.6782725,29.80345,115.0,8.2,27.6,2956,27.6,T1_normal,line,115.0,24.879893466326735,False,False
2779,6314,6060,149.0,16.18846233079032,T1_normal,-98.453225,29.769466,115.0,-98.5093816037736,29.474642000000003,115.0,16.2,30.0,2923,30.0,T1_normal,line,115.0,20.647958275878835,False,False
2780,6061,6160,108.7,26.30082040280208,T1_normal,-97.77508287179488,30.30416587179487,115.0,-97.77508287179488,30.30416587179487,115.0,26.3,43.3,2783,19.5,T1_normal,line,115.0,0.0,False,False
2781,6061,6219,221.0,11.491847965578302,T1_normal,-97.77508287179488,30.30416587179487,115.0,-97.77508287179488,30.30416587179487,115.0,11.5,19.9,2659,18.5,T1_normal,line,115.0,0.0,False,False
2782,6061,6224,98.0,91.40070331868336,T3_prevent,-97.77508287179488,30.30416587179487,115.0,-97.77508287179488,30.30416587179487,115.0,91.4,135.2,2733,98.0,T6_heavy,line,115.0,0.0,True,True
2783,6061,6233,131.0,64.83371730569814,T1_normal,-97.77508287179488,30.30416587179487,115.0,-97.77508287179488,30.30416587179487,115.0,64.8,84.9,2920,41.4,T2_watch,line,115.0,0.0,False,False
2784,6061,6306,113.9,6.681341080823727,T1_normal,-97.77508287179488,30.30416587179487,115.0,-97.77508287179488,30.30416587179487,115.0,6.7,41.5,2705,35.9,T1_normal,line,115.0,0.0,False,False
2785,6063,6062,1206.0,29.030353354579766,T1_normal,-96.444571,30.2627995,230.0,-96.444571,30.2627995,500.0,29.0,36.2,2883,16.8,T1_normal,transformer,500.0,0.0,False,False
2786,6062,6075,2437.0,46.34441165266112,T1_normal,-96.444571,30.2627995,500.0,-96.7506,29.9172,500.0,46.3,68.2,2787,40.2,T1_normal,line,500.0,30.081837393790742,False,False
2787,6062,6075,2437.0,46.34441165266112,T1_normal,-96.444571,30.2627995,500.0,-96.7506,29.9172,500.0,46.3,68.2,2786,40.2,T1_normal,line,500.0,30.081837393790742,False,False
2788,6062,6107,3302.0,36.13707378290386,T1_normal,-96.444571,30.2627995,500.0,-96.947291,30.633128,500.0,36.1,58.3,2819,58.6,T1_normal,line,500.0,39.38776964678581,False,False
2789,6062,7199,2411.0,42.88630912216155,T1_normal,-96.444571,30.2627995,500.0,-95.708537,29.9660525,500.0,42.9,54.6,2790,48.3,T1_normal,line,500.0,48.534705893449704,False,False
2790,6062,7199,2411.0,42.88630912216155,T1_normal,-96.444571,30.2627995,500.0,-95.708537,29.9660525,500.0,42.9,54.6,2789,48.3,T1_normal,line,500.0,48.534705893449704,False,False
2791,6062,7199,2411.0,42.88630912216155,T1_normal,-96.444571,30.2627995,500.0,-95.708537,29.9660525,500.0,42.9,54.6,2789,48.3,T1_normal,line,500.0,48.534705893449704,False,False
2792,6064,6063,305.0,48.77904376691848,T1_normal,-96.444571,30.2627995,115.0,-96.444571,30.2627995,230.0,48.8,87.0,2793,72.9,T2_watch,transformer,230.0,0.0,False,False
2793,6064,6063,305.0,48.77904376691848,T1_normal,-96.444571,30.2627995,115.0,-96.444571,30.2627995,230.0,48.8,87.0,2792,72.9,T2_watch,transformer,230.0,0.0,False,False
2794,6063,6192,647.0,6.206934802964097,T1_normal,-96.444571,30.2627995,230.0,-96.676232,30.541565,230.0,6.2,22.0,2883,29.5,T1_normal,line,230.0,23.69762182445956,False,False
2795,8094,6063,800.0,1.549378287856462,T1_normal,-96.307958,30.5895815,230.0,-96.444571,30.2627995,230.0,1.5,21.8,2785,41.2,T1_normal,line,230.0,24.000924884437875,False,False
2796,6064,6341,450.0,45.50270377293405,T1_normal,-96.444571,30.2627995,115.0,-96.258442,30.1223,115.0,45.5,56.3,4384,45.2,T1_normal,line,115.0,14.758029314518636,False,False
2797,6065,6262,98.0,20.48134171571721,T1_normal,-98.04518,30.773295,115.0,-97.875708,30.748955,115.0,20.5,33.0,2649,92.0,T1_normal,line,115.0,10.20164178629164,False,False
2798,6067,6066,1115.0,63.132861910967016,T1_normal,-98.094738,29.6124265,230.0,-98.094738,29.6124265,500.0,63.1,72.8,3151,64.5,T1_normal,transformer,500.0,0.0,False,False
2799,6069,6066,306.2,57.16536110042632,T1_normal,-98.094738,29.6124265,18.0,-98.094738,29.6124265,500.0,57.2,57.2,4774,45.3,T1_normal,transformer,500.0,0.0,False,False
2800,6070,6066,249.9,0.0,T1_normal,-98.094738,29.6124265,18.0,-98.094738,29.6124265,500.0,0.0,0.0,-1,0.0,T1_normal,transformer,500.0,0.0,False,False
2801,6071,6066,211.6,0.0,T1_normal,-98.094738,29.6124265,18.0,-98.094738,29.6124265,500.0,0.0,0.0,-1,0.0,T1_normal,transformer,500.0,0.0,False,False
2802,6072,6066,236.3,62.60091314745052,T1_normal,-98.094738,29.6124265,18.0,-98.094738,29.6124265,500.0,62.6,62.8,3629,50.9,T1_normal,transformer,500.0,0.0,False,False
2803,6073,6066,235.1,59.975083169450976,T1_normal,-98.094738,29.6124265,18.0,-98.094738,29.6124265,500.0,60.0,60.0,3629,51.0,T1_normal,transformer,500.0,0.0,False,False
2804,6074,6066,207.5,66.02500917678985,T1_normal,-98.094738,29.6124265,18.0,-98.094738,29.6124265,500.0,66.0,66.0,12,53.1,T1_normal,transformer,500.0,0.0,False,False
2805,6066,6169,2138.1,6.218422731446131,T1_normal,-98.094738,29.6124265,500.0,-98.5093816037736,29.474642000000003,500.0,6.2,13.2,1548,14.2,T1_normal,line,500.0,26.68070151534457,False,False
2806,6066,6349,2079.6,14.184564724684227,T1_normal,-98.094738,29.6124265,500.0,-97.77508287179488,30.30416587179487,500.0,14.2,21.2,2819,23.7,T1_normal,line,500.0,51.48323247330178,False,False
2807,12526,6066,195.7,72.04978054746002,T1_normal,-98.094738,29.6124265,18.0,-98.094738,29.6124265,500.0,72.0,72.1,3629,61.3,T1_normal,transformer,500.0,0.0,False,False
2808,12527,6066,223.8,61.216217176871766,T1_normal,-98.094738,29.6124265,18.0,-98.094738,29.6124265,500.0,61.2,61.4,3629,49.1,T1_normal,transformer,500.0,0.0,False,False
2809,6068,6067,300.0,47.22380849201047,T1_normal,-98.094738,29.6124265,115.0,-98.094738,29.6124265,230.0,47.2,64.0,2810,61.2,T1_normal,transformer,230.0,0.0,False,False
2810,6068,6067,300.0,47.22380849201047,T1_normal,-98.094738,29.6124265,115.0,-98.094738,29.6124265,230.0,47.2,64.0,2809,61.2,T1_normal,transformer,230.0,0.0,False,False
2811,6067,6162,454.9,3.767295311289538,T1_normal,-98.094738,29.6124265,230.0,-97.97505466666668,28.59622966666667,230.0,3.8,28.3,2798,22.1,T1_normal,line,230.0,70.58396028511294,False,False
2812,6067,6277,476.7,4.087379033711265,T1_normal,-98.094738,29.6124265,230.0,-97.807,29.875,230.0,4.1,18.5,2798,17.0,T1_normal,line,230.0,25.042139273337103,False,False
2813,6279,6067,443.0,8.415607178828948,T1_normal,-97.97505466666668,28.59622966666667,230.0,-98.094738,29.6124265,230.0,8.4,24.0,3024,22.3,T1_normal,line,230.0,70.58396028511294,False,False
2814,6067,6287,490.7,15.481260607204668,T1_normal,-98.094738,29.6124265,230.0,-98.5093816037736,29.474642000000003,230.0,15.5,21.3,2746,18.1,T1_normal,line,230.0,26.68070151534457,False,False
2815,6076,6075,1058.0,14.291066510647592,T1_normal,-96.7506,29.9172,230.0,-96.7506,29.9172,500.0,14.3,60.0,2819,25.1,T1_normal,transformer,500.0,0.0,False,False
2816,6078,6075,711.2,59.93332427175341,T1_normal,-96.7506,29.9172,22.0,-96.7506,29.9172,500.0,59.9,60.0,3629,22.0,T1_normal,transformer,500.0,0.0,False,False
2817,6079,6075,820.2,51.96852014395394,T1_normal,-96.7506,29.9172,22.0,-96.7506,29.9172,500.0,52.0,52.2,3629,19.0,T1_normal,transformer,500.0,0.0,False,False
2818,6080,6075,530.2,63.89758128237893,T1_normal,-96.7506,29.9172,22.0,-96.7506,29.9172,500.0,63.9,63.9,3629,33.9,T1_normal,transformer,500.0,0.0,False,False
2819,6075,6101,2020.0,121.54671123057864,T5_moderate,-96.7506,29.9172,500.0,-96.9945,30.02547,500.0,121.5,170.5,2581,79.0,T7_structural,line,500.0,16.403631227078325,True,True
2820,6161,6075,3146.0,0.4375515904314235,T1_normal,-97.97505466666668,28.59622966666667,500.0,-96.7506,29.9172,500.0,0.4,12.6,2819,18.9,T1_normal,line,500.0,117.3794002694684,False,False
2821,7018,6075,2020.0,33.005796621816216,T1_normal,-97.135,28.8947,500.0,-96.7506,29.9172,500.0,33.0,43.6,2819,42.5,T1_normal,line,500.0,74.34093016686752,False,False
2822,6075,7341,2411.0,46.02603632903137,T1_normal,-96.7506,29.9172,500.0,-95.7842315,29.79427175,500.0,46.0,61.4,2823,45.0,T1_normal,line,500.0,58.52808694859996,False,False
2823,6075,7341,2411.0,46.02603632903137,T1_normal,-96.7506,29.9172,500.0,-95.7842315,29.79427175,500.0,46.0,61.4,2822,45.0,T1_normal,line,500.0,58.52808694859996,False,False
2824,6077,6076,203.0,40.11020304633664,T1_normal,-96.7506,29.9172,115.0,-96.7506,29.9172,230.0,40.1,99.9,2829,73.4,T3_prevent,transformer,230.0,0.0,False,False
2825,6076,6102,850.0,37.591829187487505,T1_normal,-96.7506,29.9172,230.0,-96.9945,30.02547,230.0,37.6,95.9,2819,43.3,T3_prevent,line,230.0,16.403631227078325,False,False
2826,6188,6076,443.0,19.61791246657516,T1_normal,-96.42546,29.695979,230.0,-96.7506,29.9172,230.0,19.6,33.0,2686,21.5,T1_normal,line,230.0,24.771359527229137,False,False
2827,6077,6135,450.0,36.65031103110392,T1_normal,-96.7506,29.9172,115.0,-96.699188,30.043016,115.0,36.7,39.8,2819,29.1,T1_normal,line,115.0,9.22162982072909,False,False
2828,6077,6311,149.0,43.86219747774528,T1_normal,-96.7506,29.9172,115.0,-96.686537,29.806557,115.0,43.9,56.9,3228,46.9,T1_normal,line,115.0,8.554417744009239,False,False
2829,6077,12948,264.0,56.38536427944879,T1_normal,-96.7506,29.9172,115.0,-97.07408,29.806984,115.0,56.4,90.9,2882,84.9,T3_prevent,line,115.0,20.825281438147012,False,False
2830,6082,6081,41.8,47.3684210526316,T1_normal,-98.26824166666664,30.564168,13.8,-98.26824166666664,30.564168,115.0,47.4,47.4,3629,45.7,T1_normal,transformer,115.0,0.0,False,False
2831,6083,6081,41.5,47.71084337349397,T1_normal,-98.26824166666664,30.564168,13.8,-98.26824166666664,30.564168,115.0,47.7,47.8,3629,46.0,T1_normal,transformer,115.0,0.0,False,False
2832,6081,6156,176.0,58.03282505818035,T1_normal,-98.26824166666664,30.564168,115.0,-98.26824166666664,30.564168,115.0,58.0,88.6,3002,91.5,T2_watch,line,115.0,0.0,False,False
2833,6212,6081,149.0,41.97165912912596,T1_normal,-98.26824166666664,30.564168,115.0,-98.26824166666664,30.564168,115.0,42.0,78.1,3002,82.5,T1_normal,line,115.0,0.0,False,False
2834,6084,6136,221.0,29.393863220637215,T1_normal,-97.677175,30.5341255,115.0,-97.72702366666664,30.716280333333337,115.0,29.4,45.1,2910,40.7,T1_normal,line,115.0,12.930091526402997,False,False
2835,6084,6344,187.1,17.597671855495395,T1_normal,-97.677175,30.5341255,115.0,-97.677175,30.5341255,115.0,17.6,33.3,2649,24.4,T1_normal,line,115.0,0.0,False,False
2836,6084,6353,163.8,87.06502618339152,T2_watch,-97.677175,30.5341255,115.0,-97.677175,30.5341255,115.0,87.1,116.1,2847,60.3,T5_moderate,line,115.0,0.0,True,True
2837,6084,6355,221.0,39.70097078541449,T1_normal,-97.677175,30.5341255,115.0,-97.677175,30.5341255,115.0,39.7,63.8,3257,28.0,T1_normal,line,115.0,0.0,False,False
2838,6091,6176,221.0,45.68472571929508,T1_normal,-98.142776,30.034449,115.0,-97.77508287179488,30.30416587179487,115.0,45.7,86.8,2921,86.8,T2_watch,line,115.0,28.80476641393872,False,False
2839,6251,6091,169.0,37.36878333706646,T1_normal,-98.228231,29.971139,115.0,-98.142776,30.034449,115.0,37.4,91.2,2921,91.2,T3_prevent,line,115.0,6.72905682762831,False,False
2840,6092,6096,147.3,11.94973890478578,T1_normal,-97.448924,29.476954,115.0,-97.470663,29.69611,115.0,11.9,33.3,2841,31.3,T1_normal,line,115.0,15.198616911564343,False,False
2841,6265,6092,221.0,46.51788406189619,T1_normal,-97.2968245,29.1133745,115.0,-97.448924,29.476954,115.0,46.5,53.9,3228,42.9,T1_normal,line,115.0,26.740871066700503,False,False
2842,6092,6340,221.0,11.910659895946235,T1_normal,-97.448924,29.476954,115.0,-97.735834,29.428917,115.0,11.9,16.9,2840,13.1,T1_normal,line,115.0,17.577951023604246,False,False
2843,6094,6093,98.0,29.48575545981962,T1_normal,-98.5093816037736,29.474642000000003,115.0,-98.5093816037736,29.474642000000003,115.0,29.5,58.2,2844,41.4,T1_normal,line,115.0,0.0,False,False
2844,6093,6191,149.0,18.895227531570704,T1_normal,-98.5093816037736,29.474642000000003,115.0,-98.5093816037736,29.474642000000003,115.0,18.9,38.3,2843,27.2,T1_normal,line,115.0,0.0,False,False
2845,6094,6352,221.0,47.07950778127411,T1_normal,-98.5093816037736,29.474642000000003,115.0,-98.5093816037736,29.474642000000003,115.0,47.1,77.7,2846,71.0,T1_normal,line,115.0,0.0,False,False
2846,6094,6352,221.0,47.07950778127411,T1_normal,-98.5093816037736,29.474642000000003,115.0,-98.5093816037736,29.474642000000003,115.0,47.1,77.7,2845,71.0,T1_normal,line,115.0,0.0,False,False
2847,6116,6095,98.0,204.1072269198467,T7_structural,-97.35701,30.41477,115.0,-97.546124,30.560042,115.0,204.1,261.7,2581,28.0,T7_structural,line,115.0,15.084403475432753,True,True
2848,6095,6353,221.0,37.05849783351223,T1_normal,-97.546124,30.560042,115.0,-97.677175,30.5341255,115.0,37.1,59.6,2850,13.0,T1_normal,line,115.0,8.001097501722867,False,False
2849,6095,6353,221.0,37.05849783351223,T1_normal,-97.546124,30.560042,115.0,-97.677175,30.5341255,115.0,37.1,59.6,2850,13.0,T1_normal,line,115.0,8.001097501722867,False,False
2850,6095,6353,128.1,99.75824762718534,T3_prevent,-97.546124,30.560042,115.0,-97.677175,30.5341255,115.0,99.8,158.3,2847,35.1,T7_structural,line,115.0,8.001097501722867,True,True
2851,6095,6358,250.0,20.30241679359992,T1_normal,-97.546124,30.560042,115.0,-97.72702366666664,30.716280333333337,115.0,20.3,32.4,2932,43.8,T1_normal,line,115.0,15.237752593295282,False,False
2852,6196,6096,149.0,3.051795784190341,T1_normal,-97.568294,29.940066,115.0,-97.470663,29.69611,115.0,3.1,18.6,3086,25.8,T1_normal,line,115.0,17.843076996326836,False,False
2853,6096,6202,98.0,6.332849762260471,T1_normal,-97.470663,29.69611,115.0,-97.785202,29.659595,115.0,6.3,22.2,3108,27.8,T1_normal,line,115.0,19.049750090835083,False,False
2854,6096,6340,98.0,9.735423400793758,T1_normal,-97.470663,29.69611,115.0,-97.735834,29.428917,115.0,9.7,23.1,2842,18.5,T1_normal,line,115.0,24.38850583518013,False,False
2855,6097,6220,221.0,20.72592817039437,T1_normal,-98.5093816037736,29.474642000000003,115.0,-98.5093816037736,29.474642000000003,115.0,20.7,35.2,2856,30.2,T1_normal,line,115.0,0.0,False,False
2856,6097,6220,221.0,20.72592817039437,T1_normal,-98.5093816037736,29.474642000000003,115.0,-98.5093816037736,29.474642000000003,115.0,20.7,35.2,2855,30.2,T1_normal,line,115.0,0.0,False,False
2857,6097,6225,149.0,20.309615341959695,T1_normal,-98.5093816037736,29.474642000000003,115.0,-98.5093816037736,29.474642000000003,115.0,20.3,29.7,2855,26.0,T1_normal,line,115.0,0.0,False,False
2858,6098,6123,221.0,34.79903286696196,T1_normal,-97.77508287179488,30.30416587179487,115.0,-97.77508287179488,30.30416587179487,115.0,34.8,53.4,2859,43.7,T1_normal,line,115.0,0.0,False,False
2859,6098,6123,221.0,34.79903286696196,T1_normal,-97.77508287179488,30.30416587179487,115.0,-97.77508287179488,30.30416587179487,115.0,34.8,53.4,2858,43.7,T1_normal,line,115.0,0.0,False,False
2860,6098,6175,131.2,51.39578646672849,T1_normal,-97.77508287179488,30.30416587179487,115.0,-97.77508287179488,30.30416587179487,115.0,51.4,66.4,2920,33.8,T1_normal,line,115.0,0.0,False,False
2861,6098,6208,130.0,62.57235514823488,T1_normal,-97.77508287179488,30.30416587179487,115.0,-97.77508287179488,30.30416587179487,115.0,62.6,81.6,3120,53.0,T2_watch,line,115.0,0.0,False,False
2862,6098,6289,149.0,5.545207542570451,T1_normal,-97.77508287179488,30.30416587179487,115.0,-97.77508287179488,30.30416587179487,115.0,5.5,18.9,2860,8.5,T1_normal,line,115.0,0.0,False,False
2863,6099,6200,101.7,1.7454591744428885,T1_normal,-98.5093816037736,29.474642000000003,115.0,-98.5093816037736,29.474642000000003,115.0,1.7,37.6,2867,27.8,T1_normal,line,115.0,0.0,False,False
2864,6099,6204,98.0,8.973108939256448,T1_normal,-98.5093816037736,29.474642000000003,115.0,-98.5093816037736,29.474642000000003,115.0,9.0,26.4,2740,17.8,T1_normal,line,115.0,0.0,False,False
2865,6099,6225,98.0,53.99734458046616,T1_normal,-98.5093816037736,29.474642000000003,115.0,-98.5093816037736,29.474642000000003,115.0,54.0,81.0,3101,67.7,T2_watch,line,115.0,0.0,False,False
2866,6099,6310,149.0,6.768210742519269,T1_normal,-98.5093816037736,29.474642000000003,115.0,-98.5093816037736,29.474642000000003,115.0,6.8,19.8,2867,12.6,T1_normal,line,115.0,0.0,False,False
2867,6099,6320,118.3,78.80068287001484,T1_normal,-98.5093816037736,29.474642000000003,115.0,-98.5093816037736,29.474642000000003,115.0,78.8,88.5,3198,68.5,T2_watch,line,115.0,0.0,False,False
2868,6100,6128,98.0,18.97011451010486,T1_normal,-98.238308,29.353553,115.0,-98.5093816037736,29.474642000000003,115.0,19.0,27.9,3175,18.6,T1_normal,line,115.0,18.33533979981733,False,False
2869,6180,6100,149.0,47.70318331748384,T1_normal,-98.10703,29.350393,115.0,-98.238308,29.353553,115.0,47.7,93.7,3175,68.2,T3_prevent,line,115.0,7.909118454550239,False,False
2870,6100,6283,98.0,54.21271590867539,T1_normal,-98.238308,29.353553,115.0,-98.205116,29.43659,115.0,54.2,74.0,2572,68.4,T1_normal,line,115.0,6.075345947028609,False,False
2871,6100,6320,130.1,15.832316523618124,T1_normal,-98.238308,29.353553,115.0,-98.5093816037736,29.474642000000003,115.0,15.8,35.7,3175,22.3,T1_normal,line,115.0,18.33533979981733,False,False
2872,6100,13126,131.5,44.82834560044093,T1_normal,-98.238308,29.353553,115.0,-98.35335,29.282378,115.0,44.8,72.2,2925,64.0,T1_normal,line,115.0,8.49811256562674,False,False
2873,6102,6101,1307.0,1.3416546980778146,T1_normal,-96.9945,30.02547,230.0,-96.9945,30.02547,500.0,1.3,52.9,2819,24.5,T1_normal,transformer,500.0,0.0,False,False
2874,6104,6101,63.0,69.84126984126983,T1_normal,-96.9945,30.02547,13.8,-96.9945,30.02547,500.0,69.8,69.8,3632,66.7,T1_normal,transformer,500.0,0.0,False,False
2875,6105,6101,66.3,66.36500754147814,T1_normal,-96.9945,30.02547,13.8,-96.9945,30.02547,500.0,66.4,66.4,2822,63.3,T1_normal,transformer,500.0,0.0,False,False
2876,6106,6101,68.1,64.61086637298092,T1_normal,-96.9945,30.02547,13.8,-96.9945,30.02547,500.0,64.6,64.6,-1,61.7,T1_normal,transformer,500.0,0.0,False,False
2877,6101,12852,2277.2,99.319696994283,T3_prevent,-96.9945,30.02547,500.0,-97.270537,29.894053,500.0,99.3,141.2,2581,61.5,T6_heavy,line,500.0,18.85445967158048,True,True
2878,6103,6102,439.0,2.6506590190647725,T1_normal,-96.9945,30.02547,115.0,-96.9945,30.02547,230.0,2.7,30.2,2877,16.9,T1_normal,transformer,230.0,0.0,False,False
2879,6103,6117,221.0,24.618900418389245,T1_normal,-96.9945,30.02547,115.0,-97.182148,30.013899,115.0,24.6,55.2,2877,17.9,T1_normal,line,115.0,11.25454194153278,False,False
2880,6103,6117,221.0,24.618900418389245,T1_normal,-96.9945,30.02547,115.0,-97.182148,30.013899,115.0,24.6,55.2,2877,17.9,T1_normal,line,115.0,11.25454194153278,False,False
2881,6103,6183,149.0,103.43072822673892,T4_light,-96.9945,30.02547,115.0,-96.923038,30.167624,115.0,103.4,127.2,2819,67.1,T6_heavy,line,115.0,10.710790167862804,True,True
2882,6103,12948,264.0,34.523726629642056,T1_normal,-96.9945,30.02547,115.0,-97.07408,29.806984,115.0,34.5,90.9,2829,84.9,T3_prevent,line,115.0,15.830520857986071,False,False
2883,6108,6107,380.0,90.94013555847911,T3_prevent,-96.947291,30.633128,230.0,-96.947291,30.633128,500.0,90.9,117.3,2696,45.2,T5_moderate,transformer,500.0,0.0,True,True
2884,6107,8082,2020.0,5.019995333898073,T1_normal,-96.947291,30.633128,500.0,-96.4866,31.1803,500.0,5.0,26.2,4527,37.5,T1_normal,line,500.0,46.63912172690473,False,False
2885,6109,6108,137.0,164.16723162455384,T7_structural,-96.947291,30.633128,115.0,-96.947291,30.633128,230.0,164.2,288.3,2933,57.5,T7_structural,transformer,230.0,0.0,True,True
2886,6108,6192,523.0,8.880811149841517,T1_normal,-96.947291,30.633128,230.0,-96.676232,30.541565,230.0,8.9,34.0,2883,43.1,T1_normal,line,230.0,17.319393752439108,False,False
2887,6338,6109,98.0,38.49951427786283,T1_normal,-96.947291,30.633128,115.0,-96.947291,30.633128,115.0,38.5,212.1,2933,95.2,T7_structural,line,115.0,0.0,True,True
2888,6113,6175,221.0,11.690633956245684,T1_normal,-97.77508287179488,30.30416587179487,115.0,-97.77508287179488,30.30416587179487,115.0,11.7,19.6,3048,13.4,T1_normal,line,115.0,0.0,False,False
2889,6113,6175,221.0,11.690633956245684,T1_normal,-97.77508287179488,30.30416587179487,115.0,-97.77508287179488,30.30416587179487,115.0,11.7,19.6,3048,13.4,T1_normal,line,115.0,0.0,False,False
2890,6113,6175,106.5,20.886712901310048,T1_normal,-97.77508287179488,30.30416587179487,115.0,-97.77508287179488,30.30416587179487,115.0,20.9,35.0,3048,23.9,T1_normal,line,115.0,0.0,False,False
2891,6113,6227,129.4,15.180232653280658,T1_normal,-97.77508287179488,30.30416587179487,115.0,-97.77508287179488,30.30416587179487,115.0,15.2,52.1,2892,49.4,T1_normal,line,115.0,0.0,False,False
2892,6113,6238,165.9,74.80135158830807,T1_normal,-97.77508287179488,30.30416587179487,115.0,-97.77508287179488,30.30416587179487,115.0,74.8,89.4,3147,83.7,T2_watch,line,115.0,0.0,False,False
2893,6113,6345,149.0,14.848213749815026,T1_normal,-97.77508287179488,30.30416587179487,115.0,-97.77508287179488,30.30416587179487,115.0,14.8,43.0,3048,31.5,T1_normal,line,115.0,0.0,False,False
2894,6114,6204,149.0,20.114076775238107,T1_normal,-98.5093816037736,29.474642000000003,115.0,-98.5093816037736,29.474642000000003,115.0,20.1,32.1,2610,25.7,T1_normal,line,115.0,0.0,False,False
2895,6114,6261,98.0,16.03521561649949,T1_normal,-98.5093816037736,29.474642000000003,115.0,-98.618734,29.391283,115.0,16.0,40.1,2610,32.9,T1_normal,line,115.0,8.744996775346594,False,False
2896,6159,6115,221.0,7.430563724908387,T1_normal,-98.262642,29.547068,115.0,-98.5093816037736,29.474642000000003,115.0,7.4,13.2,3006,8.4,T1_normal,line,115.0,15.65765704626124,False,False
2897,6159,6115,221.0,7.430563724908387,T1_normal,-98.262642,29.547068,115.0,-98.5093816037736,29.474642000000003,115.0,7.4,13.2,3006,8.4,T1_normal,line,115.0,15.65765704626124,False,False
2898,6115,6191,149.0,12.35961627152866,T1_normal,-98.5093816037736,29.474642000000003,115.0,-98.5093816037736,29.474642000000003,115.0,12.4,33.3,2922,20.4,T1_normal,line,115.0,0.0,False,False
2899,6115,6220,117.2,21.1626892913645,T1_normal,-98.5093816037736,29.474642000000003,115.0,-98.5093816037736,29.474642000000003,115.0,21.2,77.0,2901,77.2,T1_normal,line,115.0,0.0,False,False
2900,6115,6225,98.0,7.6019193281878445,T1_normal,-98.5093816037736,29.474642000000003,115.0,-98.5093816037736,29.474642000000003,115.0,7.6,17.2,2901,17.1,T1_normal,line,115.0,0.0,False,False
2901,6115,6250,149.0,67.75846520942424,T1_normal,-98.5093816037736,29.474642000000003,115.0,-98.5093816037736,29.474642000000003,115.0,67.8,94.8,3133,83.6,T3_prevent,line,115.0,0.0,False,False
2902,6181,6116,98.0,66.44024630745837,T1_normal,-97.516162,30.289094,115.0,-97.35701,30.41477,115.0,66.4,120.3,2673,62.5,T5_moderate,line,115.0,12.862686442456257,True,True
2903,6119,6118,1133.0,55.77694793218045,T1_normal,-97.8242,30.503949,230.0,-97.8242,30.503949,500.0,55.8,70.2,2904,71.6,T1_normal,transformer,500.0,0.0,False,False
2904,6118,6342,2768.0,29.34254398066272,T1_normal,-97.8242,30.503949,500.0,-97.677175,30.5341255,500.0,29.3,51.7,2581,45.9,T1_normal,line,500.0,8.996151355348198,False,False
2905,6118,6349,2768.0,9.775455015144225,T1_normal,-97.8242,30.503949,500.0,-97.77508287179488,30.30416587179487,500.0,9.8,28.6,2725,44.5,T1_normal,line,500.0,14.110744784132285,False,False
2906,6120,6119,350.0,62.93230337253356,T1_normal,-97.8242,30.503949,115.0,-97.8242,30.503949,230.0,62.9,85.8,2907,79.0,T2_watch,transformer,230.0,0.0,False,False
2907,6120,6119,350.0,62.93230337253356,T1_normal,-97.8242,30.503949,115.0,-97.8242,30.503949,230.0,62.9,85.8,2906,79.0,T2_watch,transformer,230.0,0.0,False,False
2908,6119,6354,548.0,17.93444188081697,T1_normal,-97.8242,30.503949,230.0,-97.677175,30.5341255,230.0,17.9,27.5,2909,28.5,T1_normal,line,230.0,8.996151355348198,False,False
2909,6119,6354,421.9,22.925508758757545,T1_normal,-97.8242,30.503949,230.0,-97.677175,30.5341255,230.0,22.9,35.4,2908,36.4,T1_normal,line,230.0,8.996151355348198,False,False
2910,6120,6136,142.1,36.432436013996366,T1_normal,-97.8242,30.503949,115.0,-97.72702366666664,30.716280333333337,115.0,36.4,64.3,2834,37.9,T1_normal,line,115.0,15.767901340505787,False,False
2911,6120,6137,143.7,25.469603796218916,T1_normal,-97.8242,30.503949,115.0,-97.77508287179488,30.30416587179487,115.0,25.5,41.4,3003,64.6,T1_normal,line,115.0,14.110744784132285,False,False
2912,6290,6120,221.0,54.69372794909172,T1_normal,-97.77508287179488,30.30416587179487,115.0,-97.8242,30.503949,115.0,54.7,86.2,2913,86.0,T2_watch,line,115.0,14.110744784132285,False,False
2913,6290,6120,221.0,54.69372794909172,T1_normal,-97.77508287179488,30.30416587179487,115.0,-97.8242,30.503949,115.0,54.7,86.2,2912,86.0,T2_watch,line,115.0,14.110744784132285,False,False
2914,6121,6174,220.0,51.45329482320554,T1_normal,-98.5093816037736,29.474642000000003,115.0,-98.5093816037736,29.474642000000003,115.0,51.5,59.8,2916,50.5,T1_normal,line,115.0,0.0,False,False
2915,6121,6179,98.0,8.558091877878464,T1_normal,-98.5093816037736,29.474642000000003,115.0,-98.5093816037736,29.474642000000003,115.0,8.6,35.4,2750,20.5,T1_normal,line,115.0,0.0,False,False
2916,6220,6121,221.0,37.680416870556954,T1_normal,-98.5093816037736,29.474642000000003,115.0,-98.5093816037736,29.474642000000003,115.0,37.7,55.3,2917,48.5,T1_normal,line,115.0,0.0,False,False
2917,6220,6121,221.0,37.680416870556954,T1_normal,-98.5093816037736,29.474642000000003,115.0,-98.5093816037736,29.474642000000003,115.0,37.7,55.3,2916,48.5,T1_normal,line,115.0,0.0,False,False
2918,6122,6327,98.0,9.585512318974844,T1_normal,-96.836189,29.380036,115.0,-96.652467,29.488624,115.0,9.6,46.3,2919,46.3,T1_normal,line,115.0,13.361018196378572,False,False
2919,7337,6122,98.0,55.84061435979124,T1_normal,-96.689715,29.042415,115.0,-96.836189,29.380036,115.0,55.8,76.9,3077,75.8,T1_normal,line,115.0,24.944072820025525,False,False
2920,6123,6233,98.0,86.20428604689054,T2_watch,-97.77508287179488,30.30416587179487,115.0,-97.77508287179488,30.30416587179487,115.0,86.2,109.6,2783,57.0,T4_light,line,115.0,0.0,True,True
2921,6124,6131,211.0,43.09798870159135,T1_normal,-98.08352933333332,29.745433666666667,115.0,-98.390967,29.89476,115.0,43.1,90.9,2838,90.9,T3_prevent,line,115.0,21.121017004785745,False,False
2922,6191,6124,221.0,24.80962996150991,T1_normal,-98.5093816037736,29.474642000000003,115.0,-98.08352933333332,29.745433666666667,115.0,24.8,33.4,2921,27.9,T1_normal,line,115.0,31.69339273102924,False,False
2923,6124,6314,149.0,46.22873078716595,T1_normal,-98.08352933333332,29.745433666666667,115.0,-98.453225,29.769466,115.0,46.2,56.5,2662,50.7,T1_normal,line,115.0,22.237509570733323,False,False
2924,6180,6125,149.0,70.6159349953362,T1_normal,-98.10703,29.350393,115.0,-98.057016,29.293499,115.0,70.6,116.6,3175,91.1,T5_moderate,line,115.0,4.952863932953503,True,True
2925,6125,6322,149.0,73.01190814969857,T1_normal,-98.057016,29.293499,115.0,-98.080406,29.073446,115.0,73.0,119.0,3175,93.5,T5_moderate,line,115.0,15.26969115370276,True,True
2926,6126,6130,221.0,0.2387904977534966,T1_normal,-97.77508287179488,30.30416587179487,115.0,-97.874687,30.132806,115.0,0.2,7.5,3151,11.0,T1_normal,line,115.0,13.2495192567868,False,False
2927,6126,6176,221.0,10.07503041911091,T1_normal,-97.77508287179488,30.30416587179487,115.0,-97.77508287179488,30.30416587179487,115.0,10.1,26.5,2644,17.1,T1_normal,line,115.0,0.0,False,False
2928,6126,6176,221.0,10.07503041911091,T1_normal,-97.77508287179488,30.30416587179487,115.0,-97.77508287179488,30.30416587179487,115.0,10.1,26.5,2644,17.1,T1_normal,line,115.0,0.0,False,False
2929,6126,6231,134.0,2.1244447385621283,T1_normal,-97.77508287179488,30.30416587179487,115.0,-97.838012,30.078514,115.0,2.1,24.6,3086,33.7,T1_normal,line,115.0,16.03777091784861,False,False
2930,6126,6313,98.0,5.326570386859522,T1_normal,-97.77508287179488,30.30416587179487,115.0,-97.77508287179488,30.30416587179487,115.0,5.3,16.1,3151,16.2,T1_normal,line,115.0,0.0,False,False
2931,6126,6313,140.0,4.20461339734698,T1_normal,-97.77508287179488,30.30416587179487,115.0,-97.77508287179488,30.30416587179487,115.0,4.2,12.7,3151,12.8,T1_normal,line,115.0,0.0,False,False
2932,6127,6237,220.0,96.40129566082858,T3_prevent,-96.907601,30.891129,115.0,-97.0630125,30.978365,115.0,96.4,144.7,2885,79.5,T6_heavy,line,115.0,11.007506886280195,True,True
2933,6338,6127,220.0,77.3091178822854,T1_normal,-96.947291,30.633128,115.0,-96.907601,30.891129,115.0,77.3,179.5,2885,58.3,T7_structural,line,115.0,17.98142446929448,True,True
2934,6127,8102,98.0,105.34409070122948,T4_light,-96.907601,30.891129,115.0,-96.66368,31.09828,115.0,105.3,252.0,2932,88.0,T7_structural,line,115.0,20.33658627464573,True,True
2935,6128,6182,106.7,23.82389366677705,T1_normal,-98.5093816037736,29.474642000000003,115.0,-98.5093816037736,29.474642000000003,115.0,23.8,40.9,2998,23.3,T1_normal,line,115.0,0.0,False,False
2936,6128,6201,102.1,41.48246025400812,T1_normal,-98.5093816037736,29.474642000000003,115.0,-98.5093816037736,29.474642000000003,115.0,41.5,50.3,3211,39.7,T1_normal,line,115.0,0.0,False,False
2937,6128,6276,200.0,14.11399915567788,T1_normal,-98.5093816037736,29.474642000000003,115.0,-98.622442,29.243915,115.0,14.1,29.5,1515,29.5,T1_normal,line,115.0,17.33489398429936,False,False
2938,6128,13126,178.6,61.882080033035685,T1_normal,-98.5093816037736,29.474642000000003,115.0,-98.35335,29.282378,115.0,61.9,78.1,2939,62.5,T1_normal,line,115.0,16.270457102704142,False,False
2939,6128,13126,178.6,61.882080033035685,T1_normal,-98.5093816037736,29.474642000000003,115.0,-98.35335,29.282378,115.0,61.9,78.1,2938,62.5,T1_normal,line,115.0,16.270457102704142,False,False
2940,6129,6309,149.0,44.60740810091153,T1_normal,-99.316592,29.678291,115.0,-99.141134,29.427375,115.0,44.6,56.9,844,53.3,T1_normal,line,115.0,20.29238677299548,False,False
2941,6129,6336,98.0,50.53575313301853,T1_normal,-99.316592,29.678291,115.0,-99.095171,29.707222,115.0,50.5,69.3,844,63.7,T1_normal,line,115.0,13.439539690731792,False,False
2942,6130,6230,230.0,3.1914711305093415,T1_normal,-97.874687,30.132806,115.0,-97.966164,29.880162,115.0,3.2,24.3,3151,29.3,T1_normal,line,115.0,18.29417753235803,False,False
2943,6130,6231,149.0,3.379192009100445,T1_normal,-97.874687,30.132806,115.0,-97.838012,30.078514,115.0,3.4,30.2,3086,46.0,T1_normal,line,115.0,4.344838847121762,False,False
2944,6131,6251,131.0,13.760882565158594,T1_normal,-98.390967,29.89476,115.0,-98.228231,29.971139,115.0,13.8,90.8,2838,90.8,T3_prevent,line,115.0,11.081542172496777,False,False
2945,6132,6137,98.0,19.694743091907316,T1_normal,-97.77508287179488,30.30416587179487,115.0,-97.77508287179488,30.30416587179487,115.0,19.7,82.3,2946,66.1,T2_watch,line,115.0,0.0,False,False
2946,6175,6132,250.0,24.552178572790663,T1_normal,-97.77508287179488,30.30416587179487,115.0,-97.77508287179488,30.30416587179487,115.0,24.6,32.3,2945,25.9,T1_normal,line,115.0,0.0,False,False
2947,6190,6133,149.0,10.39594586087018,T1_normal,-97.083825,29.5649,115.0,-97.15845,29.727617,115.0,10.4,32.0,3228,20.0,T1_normal,line,115.0,12.102941201250289,False,False
2948,6134,6140,246.0,61.73378564654595,T1_normal,-97.413885,30.710857,115.0,-97.502485,30.818633,115.0,61.7,83.7,2932,97.8,T2_watch,line,115.0,9.117202133379145,False,False
2949,6134,6358,220.0,65.56596031386498,T1_normal,-97.413885,30.710857,115.0,-97.72702366666664,30.716280333333337,115.0,65.6,90.2,2932,105.9,T3_prevent,line,115.0,18.604943272750905,False,False
2950,6195,6135,220.0,60.198363472712565,T1_normal,-96.451051,30.024253,115.0,-96.699188,30.043016,115.0,60.2,66.7,2819,44.7,T1_normal,line,115.0,14.899304231057036,False,False
2951,6358,6136,221.0,4.18509986719614,T1_normal,-97.72702366666664,30.716280333333337,115.0,-97.72702366666664,30.716280333333337,115.0,4.2,26.3,2948,49.9,T1_normal,line,115.0,0.0,False,False
2952,6137,6184,98.0,30.776540345851213,T1_normal,-97.77508287179488,30.30416587179487,115.0,-97.77508287179488,30.30416587179487,115.0,30.8,50.2,3066,48.8,T1_normal,line,115.0,0.0,False,False
2953,6137,6207,111.6,15.127707841701666,T1_normal,-97.77508287179488,30.30416587179487,115.0,-97.9398515,30.5062735,115.0,15.1,51.8,2688,85.5,T1_normal,line,115.0,17.07085861167393,False,False
2954,6137,6217,137.0,72.71897699086851,T1_normal,-97.77508287179488,30.30416587179487,115.0,-97.77508287179488,30.30416587179487,115.0,72.7,114.0,2688,90.7,T5_moderate,line,115.0,0.0,True,True
2955,6157,6138,98.0,47.814731130180974,T1_normal,-98.6782725,29.80345,115.0,-98.911216,29.689692,115.0,47.8,55.4,2662,67.4,T1_normal,line,115.0,16.032982257258958,False,False
2956,6138,6286,149.0,52.99223926683038,T1_normal,-98.911216,29.689692,115.0,-98.6782725,29.80345,115.0,53.0,58.0,2662,65.9,T1_normal,line,115.0,16.032982257258958,False,False
2957,6139,6339,98.0,45.75730477427658,T1_normal,-97.357996,29.844013,115.0,-97.522552,30.119949,115.0,45.8,62.7,2841,62.0,T1_normal,line,115.0,21.458914515808168,False,False
2958,6140,6237,195.0,40.76946507945835,T1_normal,-97.502485,30.818633,115.0,-97.0630125,30.978365,115.0,40.8,71.9,2959,97.1,T1_normal,line,115.0,28.296519100205114,False,False
2959,6140,6237,195.0,40.76946507945835,T1_normal,-97.502485,30.818633,115.0,-97.0630125,30.978365,115.0,40.8,71.9,2958,97.1,T1_normal,line,115.0,28.296519100205114,False,False
2960,6142,6141,1326.0,30.21074242361558,T1_normal,-98.5093816037736,29.474642000000003,230.0,-98.5093816037736,29.474642000000003,500.0,30.2,42.0,2961,33.3,T1_normal,transformer,500.0,0.0,False,False
2961,6142,6141,1326.0,30.21074242361558,T1_normal,-98.5093816037736,29.474642000000003,230.0,-98.5093816037736,29.474642000000003,500.0,30.2,42.0,2960,33.3,T1_normal,transformer,500.0,0.0,False,False
2962,6141,6161,2020.0,26.44416986075793,T1_normal,-98.5093816037736,29.474642000000003,500.0,-97.97505466666668,28.59622966666667,500.0,26.4,40.1,2964,29.8,T1_normal,line,500.0,68.74254183701667,False,False
2963,6141,6197,4352.0,14.129036262512027,T1_normal,-98.5093816037736,29.474642000000003,500.0,-98.5093816037736,29.474642000000003,500.0,14.1,18.6,2749,10.4,T1_normal,line,500.0,0.0,False,False
2964,6239,6141,2400.0,39.737275735490186,T1_normal,-98.35335,29.282378,500.0,-98.5093816037736,29.474642000000003,500.0,39.7,55.2,3171,38.8,T1_normal,line,500.0,16.270457102704142,False,False
2965,6143,6142,443.0,52.971917871235505,T1_normal,-98.5093816037736,29.474642000000003,115.0,-98.5093816037736,29.474642000000003,230.0,53.0,65.1,2966,59.0,T1_normal,transformer,230.0,0.0,False,False
2966,6143,6142,443.0,52.971917871235505,T1_normal,-98.5093816037736,29.474642000000003,115.0,-98.5093816037736,29.474642000000003,230.0,53.0,65.1,2965,59.0,T1_normal,transformer,230.0,0.0,False,False
2967,6143,6142,443.0,52.971917871235505,T1_normal,-98.5093816037736,29.474642000000003,115.0,-98.5093816037736,29.474642000000003,230.0,53.0,65.1,2965,59.0,T1_normal,transformer,230.0,0.0,False,False
2968,6142,6162,443.0,5.498440474651524,T1_normal,-98.5093816037736,29.474642000000003,230.0,-97.97505466666668,28.59622966666667,230.0,5.5,12.6,2962,11.2,T1_normal,line,230.0,68.74254183701667,False,False
2969,6142,6240,505.7,51.87368198097911,T1_normal,-98.5093816037736,29.474642000000003,230.0,-98.35335,29.282378,230.0,51.9,85.6,2964,55.4,T2_watch,line,230.0,16.270457102704142,False,False
2970,6143,6250,181.3,69.81638944506626,T1_normal,-98.5093816037736,29.474642000000003,115.0,-98.5093816037736,29.474642000000003,115.0,69.8,87.6,2971,74.7,T2_watch,line,115.0,0.0,False,False
2971,6143,6250,181.3,69.81638944506626,T1_normal,-98.5093816037736,29.474642000000003,115.0,-98.5093816037736,29.474642000000003,115.0,69.8,87.6,2970,74.7,T2_watch,line,115.0,0.0,False,False
2972,6143,6284,221.0,7.029844385934913,T1_normal,-98.5093816037736,29.474642000000003,115.0,-98.5093816037736,29.474642000000003,115.0,7.0,15.6,2964,10.4,T1_normal,line,115.0,0.0,False,False
2973,6143,6284,221.0,7.029844385934913,T1_normal,-98.5093816037736,29.474642000000003,115.0,-98.5093816037736,29.474642000000003,115.0,7.0,15.6,2964,10.4,T1_normal,line,115.0,0.0,False,False
2974,6143,6312,250.0,46.54045431940759,T1_normal,-98.5093816037736,29.474642000000003,115.0,-98.5093816037736,29.474642000000003,115.0,46.5,56.9,2975,53.3,T1_normal,line,115.0,0.0,False,False
2975,6312,6143,250.0,46.54045431940759,T1_normal,-98.5093816037736,29.474642000000003,115.0,-98.5093816037736,29.474642000000003,115.0,46.5,56.9,2974,53.3,T1_normal,line,115.0,0.0,False,False
2976,6312,6143,250.0,46.54045431940759,T1_normal,-98.5093816037736,29.474642000000003,115.0,-98.5093816037736,29.474642000000003,115.0,46.5,56.9,2974,53.3,T1_normal,line,115.0,0.0,False,False
2977,6312,6143,250.0,46.54045431940759,T1_normal,-98.5093816037736,29.474642000000003,115.0,-98.5093816037736,29.474642000000003,115.0,46.5,56.9,2974,53.3,T1_normal,line,115.0,0.0,False,False
2978,6150,6356,221.0,13.291512370176797,T1_normal,-98.5093816037736,29.474642000000003,115.0,-98.5093816037736,29.474642000000003,115.0,13.3,30.2,2750,24.6,T1_normal,line,115.0,0.0,False,False
2979,6150,6356,221.0,13.291512370176797,T1_normal,-98.5093816037736,29.474642000000003,115.0,-98.5093816037736,29.474642000000003,115.0,13.3,30.2,2750,24.6,T1_normal,line,115.0,0.0,False,False
2980,6190,6151,221.0,15.36649743560924,T1_normal,-97.083825,29.5649,115.0,-96.933605,29.686278,115.0,15.4,29.9,3228,21.8,T1_normal,line,115.0,12.318211931822097,False,False
2981,6151,6311,149.0,34.956157209288904,T1_normal,-96.933605,29.686278,115.0,-96.686537,29.806557,115.0,35.0,48.0,3228,38.0,T1_normal,line,115.0,16.992414390149257,False,False
2982,6327,6151,150.0,7.710190060570661,T1_normal,-96.652467,29.488624,115.0,-96.933605,29.686278,115.0,7.7,30.2,2828,23.1,T1_normal,line,115.0,21.72200995693793,False,False
2983,6153,6152,155.0,51.19004611469378,T1_normal,-98.5093816037736,29.474642000000003,115.0,-98.5093816037736,29.474642000000003,230.0,51.2,108.4,3171,121.5,T4_light,transformer,230.0,0.0,True,False
2984,6152,6177,443.0,9.99397071301878,T1_normal,-98.5093816037736,29.474642000000003,230.0,-98.5093816037736,29.474642000000003,230.0,10.0,20.4,2987,9.6,T1_normal,line,230.0,0.0,False,False
2985,6152,6198,548.0,24.159869416485822,T1_normal,-98.5093816037736,29.474642000000003,230.0,-98.5093816037736,29.474642000000003,230.0,24.2,36.9,2987,25.2,T1_normal,line,230.0,0.0,False,False
2986,6152,6240,383.3,40.039606818532086,T1_normal,-98.5093816037736,29.474642000000003,230.0,-98.35335,29.282378,230.0,40.0,60.8,2969,36.5,T1_normal,line,230.0,16.270457102704142,False,False
2987,6152,6287,435.3,67.88278954124857,T1_normal,-98.5093816037736,29.474642000000003,230.0,-98.5093816037736,29.474642000000003,230.0,67.9,82.0,2985,55.8,T2_watch,line,230.0,0.0,False,False
2988,12610,6152,222.0,66.61624805374882,T1_normal,-98.5093816037736,29.474642000000003,20.0,-98.5093816037736,29.474642000000003,230.0,66.6,66.7,3629,38.0,T1_normal,transformer,230.0,0.0,False,False
2989,12611,6152,216.2,66.77889654833122,T1_normal,-98.5093816037736,29.474642000000003,20.0,-98.5093816037736,29.474642000000003,230.0,66.8,66.9,3629,54.4,T1_normal,transformer,230.0,0.0,False,False
2990,12612,6152,200.9,69.08498248129739,T1_normal,-98.5093816037736,29.474642000000003,20.0,-98.5093816037736,29.474642000000003,230.0,69.1,69.1,2746,51.7,T1_normal,transformer,230.0,0.0,False,False
2991,6241,6153,221.0,19.601473330830046,T1_normal,-98.35335,29.282378,115.0,-98.5093816037736,29.474642000000003,115.0,19.6,27.0,2983,20.2,T1_normal,line,115.0,16.270457102704142,False,False
2992,6241,6153,221.0,19.601473330830046,T1_normal,-98.35335,29.282378,115.0,-98.5093816037736,29.474642000000003,115.0,19.6,27.0,2983,20.2,T1_normal,line,115.0,16.270457102704142,False,False
2993,6153,6324,221.0,18.56886953429756,T1_normal,-98.5093816037736,29.474642000000003,115.0,-98.5093816037736,29.474642000000003,115.0,18.6,24.5,2964,18.6,T1_normal,line,115.0,0.0,False,False
2994,6153,6324,221.0,18.56886953429756,T1_normal,-98.5093816037736,29.474642000000003,115.0,-98.5093816037736,29.474642000000003,115.0,18.6,24.5,2964,18.6,T1_normal,line,115.0,0.0,False,False
2995,6153,13418,119.3,103.58554699830265,T4_light,-98.5093816037736,29.474642000000003,115.0,-98.5093816037736,29.474642000000003,115.0,103.6,121.7,3206,85.8,T5_moderate,line,115.0,0.0,True,True
2996,6176,6154,149.0,42.6408048633401,T1_normal,-97.77508287179488,30.30416587179487,115.0,-98.134815,30.224134,115.0,42.6,73.2,2644,73.2,T1_normal,line,115.0,22.16858462408368,False,False
2997,6252,6154,220.0,64.49309056653487,T1_normal,-98.359569,30.402261,115.0,-98.134815,30.224134,115.0,64.5,75.4,2647,77.8,T1_normal,line,115.0,18.198791755383507,False,False
2998,6155,6182,133.8,84.84709533548265,T2_watch,-98.5093816037736,29.474642000000003,115.0,-98.5093816037736,29.474642000000003,115.0,84.8,97.4,2607,76.5,T3_prevent,line,115.0,0.0,False,False
2999,6155,6284,98.0,0.9823418117317828,T1_normal,-98.5093816037736,29.474642000000003,115.0,-98.5093816037736,29.474642000000003,115.0,1.0,5.3,2998,4.3,T1_normal,line,115.0,0.0,False,False
3000,6155,6284,113.4,10.111940924833116,T1_normal,-98.5093816037736,29.474642000000003,115.0,-98.5093816037736,29.474642000000003,115.0,10.1,54.6,2998,44.1,T1_normal,line,115.0,0.0,False,False
3001,6155,13126,147.6,43.433003588789944,T1_normal,-98.5093816037736,29.474642000000003,115.0,-98.35335,29.282378,115.0,43.4,70.5,3206,49.8,T1_normal,line,115.0,16.270457102704142,False,False
3002,6156,6212,175.0,47.755954535042775,T1_normal,-98.26824166666664,30.564168,115.0,-98.26824166666664,30.564168,115.0,47.8,85.9,2832,89.1,T2_watch,line,115.0,0.0,False,False
3003,6156,6282,221.0,55.18593773316295,T1_normal,-98.26824166666664,30.564168,115.0,-98.112655,30.430044,115.0,55.2,64.3,2647,81.4,T1_normal,line,115.0,13.102733962722024,False,False
3004,6158,6341,98.0,19.313645668496022,T1_normal,-96.189365,30.286936,115.0,-96.258442,30.1223,115.0,19.3,95.1,4384,79.2,T3_prevent,line,115.0,12.10013835299706,False,False
3005,8104,6158,98.0,9.2524211786999,T1_normal,-96.054766,30.369294,115.0,-96.189365,30.286936,115.0,9.3,85.0,4384,70.4,T2_watch,line,115.0,9.839629057939243,False,False
3006,6159,6281,250.0,16.540945595421306,T1_normal,-98.262642,29.547068,115.0,-98.277499,29.525969,115.0,16.5,34.3,2570,37.0,T1_normal,line,115.0,1.7096491103453324,False,False
3007,6160,6175,221.0,31.37641594927365,T1_normal,-97.77508287179488,30.30416587179487,115.0,-97.77508287179488,30.30416587179487,115.0,31.4,41.2,3008,27.0,T1_normal,line,115.0,0.0,False,False
3008,6160,6175,221.0,31.37641594927365,T1_normal,-97.77508287179488,30.30416587179487,115.0,-97.77508287179488,30.30416587179487,115.0,31.4,41.2,3007,27.0,T1_normal,line,115.0,0.0,False,False
3009,6160,6175,108.5,48.84113486382939,T1_normal,-97.77508287179488,30.30416587179487,115.0,-97.77508287179488,30.30416587179487,115.0,48.8,64.1,3007,42.0,T1_normal,line,115.0,0.0,False,False
3010,6160,6233,149.0,25.96250171063234,T1_normal,-97.77508287179488,30.30416587179487,115.0,-97.77508287179488,30.30416587179487,115.0,26.0,39.3,2783,25.6,T1_normal,line,115.0,0.0,False,False
3011,6160,6233,102.9,37.717912832775475,T1_normal,-97.77508287179488,30.30416587179487,115.0,-97.77508287179488,30.30416587179487,115.0,37.7,57.1,2783,37.2,T1_normal,line,115.0,0.0,False,False
3012,6160,6330,149.0,21.663213287099342,T1_normal,-97.77508287179488,30.30416587179487,115.0,-97.77508287179488,30.30416587179487,115.0,21.7,48.9,3190,42.1,T1_normal,line,115.0,0.0,False,False
3013,6160,13411,134.0,21.265109168930376,T1_normal,-97.77508287179488,30.30416587179487,115.0,-97.516162,30.289094,115.0,21.3,25.1,2624,20.9,T1_normal,line,115.0,15.481654187337911,False,False
3014,6162,6161,1132.0,31.790785544447925,T1_normal,-97.97505466666668,28.59622966666667,230.0,-97.97505466666668,28.59622966666667,500.0,31.8,41.0,2764,28.0,T1_normal,transformer,500.0,0.0,False,False
3015,6164,6161,462.1,49.04386125924414,T1_normal,-97.97505466666668,28.59622966666667,13.8,-97.97505466666668,28.59622966666667,500.0,49.0,49.0,3019,21.1,T1_normal,transformer,500.0,0.0,False,False
3016,6165,6161,253.7,57.44137006076448,T1_normal,-97.97505466666668,28.59622966666667,13.8,-97.97505466666668,28.59622966666667,500.0,57.4,57.6,3629,44.3,T1_normal,transformer,500.0,0.0,False,False
3017,6166,6161,217.8,62.49577523115655,T1_normal,-97.97505466666668,28.59622966666667,13.8,-97.97505466666668,28.59622966666667,500.0,62.5,62.5,-1,45.9,T1_normal,transformer,500.0,0.0,False,False
3018,6167,6161,225.2,66.27278835763033,T1_normal,-97.97505466666668,28.59622966666667,13.8,-97.97505466666668,28.59622966666667,500.0,66.3,66.6,3629,59.0,T1_normal,transformer,500.0,0.0,False,False
3019,6161,7018,3146.0,22.64894038227243,T1_normal,-97.97505466666668,28.59622966666667,500.0,-97.135,28.8947,500.0,22.6,29.3,1548,17.6,T1_normal,line,500.0,54.9094625644659,False,False
3020,6163,6162,184.2,55.30665620111974,T1_normal,-97.97505466666668,28.59622966666667,115.0,-97.97505466666668,28.59622966666667,230.0,55.3,70.0,3203,71.0,T1_normal,transformer,230.0,0.0,False,False
3021,6162,6198,402.4,19.53773735137426,T1_normal,-97.97505466666668,28.59622966666667,230.0,-98.5093816037736,29.474642000000003,230.0,19.5,24.6,2746,19.6,T1_normal,line,230.0,68.74254183701667,False,False
3022,6162,6277,443.0,1.771928209836274,T1_normal,-97.97505466666668,28.59622966666667,230.0,-97.807,29.875,230.0,1.8,7.4,3014,7.0,T1_normal,line,230.0,88.93452368734786,False,False
3023,6162,6277,480.6,3.0053193989459133,T1_normal,-97.97505466666668,28.59622966666667,230.0,-97.807,29.875,230.0,3.0,12.5,3014,11.9,T1_normal,line,230.0,88.93452368734786,False,False
3024,6162,6279,443.0,35.8252310043473,T1_normal,-97.97505466666668,28.59622966666667,230.0,-97.97505466666668,28.59622966666667,230.0,35.8,46.4,3020,41.6,T1_normal,line,230.0,0.0,False,False
3025,6280,6163,149.0,31.860574511327258,T1_normal,-97.97505466666668,28.59622966666667,115.0,-97.97505466666668,28.59622966666667,115.0,31.9,61.8,3203,70.1,T1_normal,line,115.0,0.0,False,False
3026,6168,6182,144.1,41.33657086651514,T1_normal,-98.5093816037736,29.474642000000003,115.0,-98.5093816037736,29.474642000000003,115.0,41.3,60.8,2602,51.3,T1_normal,line,115.0,0.0,False,False
3027,6168,6209,149.0,56.97460590869976,T1_normal,-98.5093816037736,29.474642000000003,115.0,-98.853494,29.501055,115.0,57.0,82.4,3060,80.1,T2_watch,line,115.0,20.776476105014556,False,False
3028,6168,6261,98.0,36.240670939091714,T1_normal,-98.5093816037736,29.474642000000003,115.0,-98.618734,29.391283,115.0,36.2,54.9,2610,55.1,T1_normal,line,115.0,8.744996775346594,False,False
3029,6170,6169,1108.0,18.704916104710698,T1_normal,-98.5093816037736,29.474642000000003,230.0,-98.5093816037736,29.474642000000003,500.0,18.7,25.8,3033,18.7,T1_normal,transformer,500.0,0.0,False,False
3030,6169,6239,2020.0,7.231518596010874,T1_normal,-98.5093816037736,29.474642000000003,500.0,-98.35335,29.282378,500.0,7.2,19.3,2964,11.1,T1_normal,line,500.0,16.270457102704142,False,False
3031,6171,6170,297.0,61.41123295384172,T1_normal,-98.5093816037736,29.474642000000003,115.0,-98.5093816037736,29.474642000000003,230.0,61.4,69.6,3160,63.8,T1_normal,transformer,230.0,0.0,False,False
3032,6170,6235,548.0,24.546470890228097,T1_normal,-98.5093816037736,29.474642000000003,230.0,-98.5093816037736,29.474642000000003,230.0,24.5,47.2,3159,42.1,T1_normal,line,230.0,0.0,False,False
3033,6170,6308,443.0,60.20488189063949,T1_normal,-98.5093816037736,29.474642000000003,230.0,-99.141134,29.427375,230.0,60.2,80.0,3057,84.9,T1_normal,line,230.0,38.14970305972159,False,False
3034,6170,6334,443.0,27.998242916261983,T1_normal,-98.5093816037736,29.474642000000003,230.0,-98.5093816037736,29.474642000000003,230.0,28.0,37.3,3032,35.4,T1_normal,line,230.0,0.0,False,False
3035,6236,6171,221.0,23.584358597396708,T1_normal,-98.5093816037736,29.474642000000003,115.0,-98.5093816037736,29.474642000000003,115.0,23.6,58.9,3031,51.5,T1_normal,line,115.0,0.0,False,False
3036,6173,6172,137.0,34.170470290927305,T1_normal,-97.2968245,29.1133745,115.0,-97.2968245,29.1133745,230.0,34.2,58.2,2683,47.4,T1_normal,transformer,230.0,0.0,False,False
3037,6173,6265,250.0,41.12180951071615,T1_normal,-97.2968245,29.1133745,115.0,-97.2968245,29.1133745,115.0,41.1,47.7,3228,37.9,T1_normal,line,115.0,0.0,False,False
3038,7020,6173,120.0,55.1748827608099,T1_normal,-97.135,28.8947,115.0,-97.2968245,29.1133745,115.0,55.2,109.7,2686,99.0,T4_light,line,115.0,17.99752610442251,True,True
3039,6174,6203,221.0,35.09853122405558,T1_normal,-98.5093816037736,29.474642000000003,115.0,-98.5093816037736,29.474642000000003,115.0,35.1,47.3,3099,42.2,T1_normal,line,115.0,0.0,False,False
3040,6174,6250,98.0,52.008444744429795,T1_normal,-98.5093816037736,29.474642000000003,115.0,-98.5093816037736,29.474642000000003,115.0,52.0,88.1,2970,69.9,T2_watch,line,115.0,0.0,False,False
3041,6174,6275,136.0,19.383966902504735,T1_normal,-98.5093816037736,29.474642000000003,115.0,-98.5093816037736,29.474642000000003,115.0,19.4,34.7,3244,28.3,T1_normal,line,115.0,0.0,False,False
3042,6174,6312,171.6,65.55244660746862,T1_normal,-98.5093816037736,29.474642000000003,115.0,-98.5093816037736,29.474642000000003,115.0,65.6,99.4,3043,84.3,T3_prevent,line,115.0,0.0,False,False
3043,6174,6312,171.6,65.55244660746862,T1_normal,-98.5093816037736,29.474642000000003,115.0,-98.5093816037736,29.474642000000003,115.0,65.6,99.4,3042,84.3,T3_prevent,line,115.0,0.0,False,False
3044,6174,6320,221.0,23.22511676338952,T1_normal,-98.5093816037736,29.474642000000003,115.0,-98.5093816037736,29.474642000000003,115.0,23.2,28.3,3042,23.0,T1_normal,line,115.0,0.0,False,False
3045,6174,6320,221.0,23.22511676338952,T1_normal,-98.5093816037736,29.474642000000003,115.0,-98.5093816037736,29.474642000000003,115.0,23.2,28.3,3042,23.0,T1_normal,line,115.0,0.0,False,False
3046,6175,6194,149.0,19.95194817164988,T1_normal,-97.77508287179488,30.30416587179487,115.0,-97.77508287179488,30.30416587179487,115.0,20.0,45.3,3085,30.8,T1_normal,line,115.0,0.0,False,False
3047,6175,6289,98.0,49.471030144011706,T1_normal,-97.77508287179488,30.30416587179487,115.0,-97.77508287179488,30.30416587179487,115.0,49.5,61.3,3076,39.0,T1_normal,line,115.0,0.0,False,False
3048,6175,6345,148.0,49.65666309811836,T1_normal,-97.77508287179488,30.30416587179487,115.0,-97.77508287179488,30.30416587179487,115.0,49.7,65.3,2892,50.5,T1_normal,line,115.0,0.0,False,False
3049,6230,6176,221.0,24.50592977504015,T1_normal,-97.966164,29.880162,115.0,-97.77508287179488,30.30416587179487,115.0,24.5,64.5,2644,79.5,T1_normal,line,115.0,31.44442664138112,False,False
3050,6178,6177,172.8,66.85707307069208,T1_normal,-98.5093816037736,29.474642000000003,115.0,-98.5093816037736,29.474642000000003,230.0,66.9,100.2,3051,91.0,T4_light,transformer,230.0,0.0,True,True
3051,6178,6177,172.8,66.85707307069208,T1_normal,-98.5093816037736,29.474642000000003,115.0,-98.5093816037736,29.474642000000003,230.0,66.9,100.2,3050,91.0,T4_light,transformer,230.0,0.0,True,True
3052,6177,6198,432.3,39.05660972207429,T1_normal,-98.5093816037736,29.474642000000003,230.0,-98.5093816037736,29.474642000000003,230.0,39.1,49.9,3089,52.8,T1_normal,line,230.0,0.0,False,False
3053,6177,6235,523.0,5.898680796808878,T1_normal,-98.5093816037736,29.474642000000003,230.0,-98.5093816037736,29.474642000000003,230.0,5.9,27.1,3159,24.1,T1_normal,line,230.0,0.0,False,False
3054,6177,6285,383.7,4.532353126008409,T1_normal,-98.5093816037736,29.474642000000003,230.0,-98.6782725,29.80345,230.0,4.5,17.1,844,14.9,T1_normal,line,230.0,24.879893466326735,False,False
3055,6177,6287,443.0,6.703216645583948,T1_normal,-98.5093816037736,29.474642000000003,230.0,-98.5093816037736,29.474642000000003,230.0,6.7,12.6,2987,17.1,T1_normal,line,230.0,0.0,False,False
3056,6177,6299,548.0,3.938181804484181,T1_normal,-98.5093816037736,29.474642000000003,230.0,-98.08352933333332,29.745433666666667,230.0,3.9,6.4,2748,6.6,T1_normal,line,230.0,31.69339273102924,False,False
3057,6177,6308,443.0,51.748306025858376,T1_normal,-98.5093816037736,29.474642000000003,230.0,-99.141134,29.427375,230.0,51.7,71.9,3033,74.7,T1_normal,line,230.0,38.14970305972159,False,False
3058,6177,6308,443.0,51.748306025858376,T1_normal,-98.5093816037736,29.474642000000003,230.0,-99.141134,29.427375,230.0,51.7,71.9,3033,74.7,T1_normal,line,230.0,38.14970305972159,False,False
3059,6177,6334,647.0,16.176171504618747,T1_normal,-98.5093816037736,29.474642000000003,230.0,-98.5093816037736,29.474642000000003,230.0,16.2,25.8,3052,30.1,T1_normal,line,230.0,0.0,False,False
3060,6178,6209,149.0,46.63320159643702,T1_normal,-98.5093816037736,29.474642000000003,115.0,-98.853494,29.501055,115.0,46.6,82.8,3027,78.9,T2_watch,line,115.0,20.776476105014556,False,False
3061,6332,6178,221.0,67.6839753567151,T1_normal,-98.746764,29.609914,115.0,-98.5093816037736,29.474642000000003,115.0,67.7,80.3,2750,74.5,T2_watch,line,115.0,17.057890000383075,False,False
3062,6291,6179,98.0,20.380611563614604,T1_normal,-98.5093816037736,29.474642000000003,115.0,-98.5093816037736,29.474642000000003,115.0,20.4,31.8,2914,25.5,T1_normal,line,115.0,0.0,False,False
3063,6182,6201,149.0,24.852183289804746,T1_normal,-98.5093816037736,29.474642000000003,115.0,-98.5093816037736,29.474642000000003,115.0,24.9,35.7,2617,33.2,T1_normal,line,115.0,0.0,False,False
3064,6183,6206,98.0,110.40998475289896,T5_moderate,-96.923038,30.167624,115.0,-96.840158,30.354823,115.0,110.4,146.6,2819,55.1,T6_heavy,line,115.0,13.84782248970952,True,True
3065,6184,6185,98.0,14.072163509755743,T1_normal,-97.77508287179488,30.30416587179487,115.0,-97.77508287179488,30.30416587179487,115.0,14.1,37.5,3068,21.3,T1_normal,line,115.0,0.0,False,False
3066,6184,6205,149.0,33.373995354201355,T1_normal,-97.77508287179488,30.30416587179487,115.0,-97.77508287179488,30.30416587179487,115.0,33.4,41.4,2952,29.3,T1_normal,line,115.0,0.0,False,False
3067,6184,6219,98.0,10.003828862153396,T1_normal,-97.77508287179488,30.30416587179487,115.0,-97.77508287179488,30.30416587179487,115.0,10.0,26.9,3066,12.0,T1_normal,line,115.0,0.0,False,False
3068,6185,6313,98.0,23.459769818860902,T1_normal,-97.77508287179488,30.30416587179487,115.0,-97.77508287179488,30.30416587179487,115.0,23.5,37.9,3066,25.9,T1_normal,line,115.0,0.0,False,False
3069,6186,6187,221.0,34.560329771797925,T1_normal,-97.77508287179488,30.30416587179487,115.0,-97.77508287179488,30.30416587179487,115.0,34.6,63.3,3070,69.9,T1_normal,line,115.0,0.0,False,False
3070,6186,6187,221.0,34.560329771797925,T1_normal,-97.77508287179488,30.30416587179487,115.0,-97.77508287179488,30.30416587179487,115.0,34.6,63.3,3069,69.9,T1_normal,line,115.0,0.0,False,False
3071,6186,6351,243.0,47.01192433197331,T1_normal,-97.77508287179488,30.30416587179487,115.0,-97.77508287179488,30.30416587179487,115.0,47.0,85.8,3072,85.8,T2_watch,line,115.0,0.0,False,False
3072,6186,6351,243.0,47.01192433197331,T1_normal,-97.77508287179488,30.30416587179487,115.0,-97.77508287179488,30.30416587179487,115.0,47.0,85.8,3071,85.8,T2_watch,line,115.0,0.0,False,False
3073,6187,6207,133.7,16.295744241905737,T1_normal,-97.77508287179488,30.30416587179487,115.0,-97.9398515,30.5062735,115.0,16.3,31.1,3266,41.7,T1_normal,line,115.0,17.07085861167393,False,False
3074,6187,6219,149.0,1.3905201795576183,T1_normal,-97.77508287179488,30.30416587179487,115.0,-97.77508287179488,30.30416587179487,115.0,1.4,18.0,3266,18.3,T1_normal,line,115.0,0.0,False,False
3075,6187,6227,121.9,6.321340795275355,T1_normal,-97.77508287179488,30.30416587179487,115.0,-97.77508287179488,30.30416587179487,115.0,6.3,24.5,3266,18.8,T1_normal,line,115.0,0.0,False,False
3076,6187,6289,149.0,18.980109045445023,T1_normal,-97.77508287179488,30.30416587179487,115.0,-97.77508287179488,30.30416587179487,115.0,19.0,30.5,3047,30.4,T1_normal,line,115.0,0.0,False,False
3077,6189,6188,178.0,27.051394954079065,T1_normal,-96.42546,29.695979,115.0,-96.42546,29.695979,230.0,27.1,43.6,2919,41.9,T1_normal,transformer,230.0,0.0,False,False
3078,6188,7305,460.0,32.37463023728287,T1_normal,-96.42546,29.695979,230.0,-96.087226,29.2829165,230.0,32.4,47.3,4163,36.0,T1_normal,line,230.0,35.047788819316196,False,False
3079,6327,6189,98.0,20.18518675332732,T1_normal,-96.652467,29.488624,115.0,-96.42546,29.695979,115.0,20.2,50.2,2919,47.1,T1_normal,line,115.0,19.78087756958909,False,False
3080,13110,6191,240.8,1.1923970368816186,T1_normal,-98.5093816037736,29.474642000000003,20.0,-98.5093816037736,29.474642000000003,115.0,1.2,1.3,3629,0.0,T1_normal,transformer,115.0,0.0,False,False
3081,6193,6192,138.0,4.556358071372043,T1_normal,-96.676232,30.541565,115.0,-96.676232,30.541565,230.0,4.6,68.5,2881,67.7,T1_normal,transformer,230.0,0.0,False,False
3082,6193,6206,98.0,78.47120924269493,T1_normal,-96.676232,30.541565,115.0,-96.840158,30.354823,115.0,78.5,114.7,2819,78.8,T5_moderate,line,115.0,16.18092811102472,True,True
3083,6193,6326,98.0,35.63674583606889,T1_normal,-96.676232,30.541565,115.0,-96.438114,30.471301,115.0,35.6,54.5,4612,27.8,T1_normal,line,115.0,14.983373051211254,False,False
3084,6196,6194,149.0,11.230083410440477,T1_normal,-97.568294,29.940066,115.0,-97.77508287179488,30.30416587179487,115.0,11.2,29.6,3228,40.1,T1_normal,line,115.0,28.028766425060596,False,False
3085,6194,6231,149.0,52.02607473483906,T1_normal,-97.77508287179488,30.30416587179487,115.0,-97.838012,30.078514,115.0,52.0,65.7,3131,33.7,T1_normal,line,115.0,16.03777091784861,False,False
3086,6232,6194,221.0,83.41238600645671,T2_watch,-97.607312,30.150985,115.0,-97.77508287179488,30.30416587179487,115.0,83.4,100.9,2725,60.8,T4_light,line,115.0,14.571747642004327,True,True
3087,6195,7314,450.0,34.110311031103905,T1_normal,-96.451051,30.024253,115.0,-96.252942,29.987117,115.0,34.1,37.3,2819,33.7,T1_normal,line,115.0,12.12814572657332,False,False
3088,6195,13387,129.4,46.52241112828441,T1_normal,-96.451051,30.024253,115.0,-96.444571,30.2627995,115.0,46.5,46.8,3629,44.4,T1_normal,line,115.0,16.486701429901302,False,False
3089,6198,6197,1372.0,20.687806589119788,T1_normal,-98.5093816037736,29.474642000000003,230.0,-98.5093816037736,29.474642000000003,500.0,20.7,26.4,2746,23.2,T1_normal,transformer,500.0,0.0,False,False
3090,6197,6234,2020.0,0.9718499945065424,T1_normal,-98.5093816037736,29.474642000000003,500.0,-98.5093816037736,29.474642000000003,500.0,1.0,16.3,2963,16.9,T1_normal,line,500.0,0.0,False,False
3091,6197,6333,2020.0,11.863627734281904,T1_normal,-98.5093816037736,29.474642000000003,500.0,-98.5093816037736,29.474642000000003,500.0,11.9,15.2,2746,10.1,T1_normal,line,500.0,0.0,False,False
3092,6199,6198,420.0,74.83310632792687,T1_normal,-98.5093816037736,29.474642000000003,115.0,-98.5093816037736,29.474642000000003,230.0,74.8,97.2,3093,90.1,T3_prevent,transformer,230.0,0.0,False,False
3093,6199,6198,420.0,74.83310632792687,T1_normal,-98.5093816037736,29.474642000000003,115.0,-98.5093816037736,29.474642000000003,230.0,74.8,97.2,3092,90.1,T3_prevent,transformer,230.0,0.0,False,False
3094,6199,6198,420.0,74.83310632792687,T1_normal,-98.5093816037736,29.474642000000003,115.0,-98.5093816037736,29.474642000000003,230.0,74.8,97.2,3092,90.1,T3_prevent,transformer,230.0,0.0,False,False
3095,6198,6287,548.0,19.22373521945794,T1_normal,-98.5093816037736,29.474642000000003,230.0,-98.5093816037736,29.474642000000003,230.0,19.2,28.0,3089,21.0,T1_normal,line,230.0,0.0,False,False
3096,6198,6334,427.6,26.91376526734612,T1_normal,-98.5093816037736,29.474642000000003,230.0,-98.5093816037736,29.474642000000003,230.0,26.9,41.7,3089,40.8,T1_normal,line,230.0,0.0,False,False
3097,6337,6199,221.0,62.22405879068336,T1_normal,-98.5093816037736,29.474642000000003,115.0,-98.5093816037736,29.474642000000003,115.0,62.2,98.7,3098,90.3,T3_prevent,line,115.0,0.0,False,False
3098,6337,6199,221.0,62.22405879068336,T1_normal,-98.5093816037736,29.474642000000003,115.0,-98.5093816037736,29.474642000000003,115.0,62.2,98.7,3097,90.3,T3_prevent,line,115.0,0.0,False,False
3099,6200,6203,174.0,36.16855880597733,T1_normal,-98.5093816037736,29.474642000000003,115.0,-98.5093816037736,29.474642000000003,115.0,36.2,60.5,3039,56.9,T1_normal,line,115.0,0.0,False,False
3100,6200,6204,135.7,15.226725989382476,T1_normal,-98.5093816037736,29.474642000000003,115.0,-98.5093816037736,29.474642000000003,115.0,15.2,44.2,2740,29.3,T1_normal,line,115.0,0.0,False,False
3101,6200,6225,98.0,64.03591726939578,T1_normal,-98.5093816037736,29.474642000000003,115.0,-98.5093816037736,29.474642000000003,115.0,64.0,89.7,2865,74.7,T2_watch,line,115.0,0.0,False,False
3102,6200,6275,109.0,91.55135486156423,T3_prevent,-98.5093816037736,29.474642000000003,115.0,-98.5093816037736,29.474642000000003,115.0,91.6,112.6,2740,89.3,T5_moderate,line,115.0,0.0,True,True
3103,6200,6284,149.0,74.58069997850194,T1_normal,-98.5093816037736,29.474642000000003,115.0,-98.5093816037736,29.474642000000003,115.0,74.6,85.6,2743,71.3,T2_watch,line,115.0,0.0,False,False
3104,6201,6203,98.0,9.176503611846774,T1_normal,-98.5093816037736,29.474642000000003,115.0,-98.5093816037736,29.474642000000003,115.0,9.2,22.6,3099,25.4,T1_normal,line,115.0,0.0,False,False
3105,6201,6204,118.1,11.20175315753398,T1_normal,-98.5093816037736,29.474642000000003,115.0,-98.5093816037736,29.474642000000003,115.0,11.2,25.6,3106,19.0,T1_normal,line,115.0,0.0,False,False
3106,6201,6323,133.5,36.13959270813,T1_normal,-98.5093816037736,29.474642000000003,115.0,-98.5093816037736,29.474642000000003,115.0,36.1,57.4,2617,43.9,T1_normal,line,115.0,0.0,False,False
3107,6201,6356,245.0,31.13717096052326,T1_normal,-98.5093816037736,29.474642000000003,115.0,-98.5093816037736,29.474642000000003,115.0,31.1,60.7,2617,50.2,T1_normal,line,115.0,0.0,False,False
3108,6280,6202,134.0,20.08248800758632,T1_normal,-97.97505466666668,28.59622966666667,115.0,-97.785202,29.659595,115.0,20.1,53.1,2841,65.2,T1_normal,line,115.0,74.36040486248535,False,False
3109,6340,6202,115.0,6.779762345374638,T1_normal,-97.735834,29.428917,115.0,-97.785202,29.659595,115.0,6.8,32.1,2841,37.5,T1_normal,line,115.0,16.212387867379412,False,False
3110,6204,6307,127.0,28.603368936686024,T1_normal,-98.5093816037736,29.474642000000003,115.0,-98.5093816037736,29.474642000000003,115.0,28.6,44.1,3211,39.5,T1_normal,line,115.0,0.0,False,False
3111,6204,6337,98.0,37.53931204572408,T1_normal,-98.5093816037736,29.474642000000003,115.0,-98.5093816037736,29.474642000000003,115.0,37.5,63.2,3097,51.0,T1_normal,line,115.0,0.0,False,False
3112,6205,6223,221.0,42.447635235249585,T1_normal,-97.77508287179488,30.30416587179487,115.0,-97.77508287179488,30.30416587179487,115.0,42.4,77.0,3113,62.0,T1_normal,line,115.0,0.0,False,False
3113,6205,6223,221.0,42.447635235249585,T1_normal,-97.77508287179488,30.30416587179487,115.0,-97.77508287179488,30.30416587179487,115.0,42.4,77.0,3112,62.0,T1_normal,line,115.0,0.0,False,False
3114,6207,6282,165.0,57.20055902441827,T1_normal,-97.9398515,30.5062735,115.0,-98.112655,30.430044,115.0,57.2,69.5,2647,92.4,T1_normal,line,115.0,11.560501741741453,False,False
3115,6207,6313,221.0,8.89256235474791,T1_normal,-97.9398515,30.5062735,115.0,-97.77508287179488,30.30416587179487,115.0,8.9,13.3,3180,19.5,T1_normal,line,115.0,17.07085861167393,False,False
3116,6207,6344,119.9,14.984154400889608,T1_normal,-97.9398515,30.5062735,115.0,-97.677175,30.5341255,115.0,15.0,27.1,3003,44.4,T1_normal,line,115.0,15.752783291027075,False,False
3117,6207,6355,130.6,40.01773517335558,T1_normal,-97.9398515,30.5062735,115.0,-97.677175,30.5341255,115.0,40.0,59.0,3003,75.4,T1_normal,line,115.0,15.752783291027075,False,False
3118,6331,6208,221.0,11.855023914942036,T1_normal,-97.77508287179488,30.30416587179487,115.0,-97.77508287179488,30.30416587179487,115.0,11.9,25.1,2861,23.8,T1_normal,line,115.0,0.0,False,False
3119,6331,6208,221.0,11.855023914942036,T1_normal,-97.77508287179488,30.30416587179487,115.0,-97.77508287179488,30.30416587179487,115.0,11.9,25.1,2861,23.8,T1_normal,line,115.0,0.0,False,False
3120,6208,6353,149.0,37.69666259415753,T1_normal,-97.77508287179488,30.30416587179487,115.0,-97.677175,30.5341255,115.0,37.7,52.9,2861,74.4,T1_normal,line,115.0,16.92592225058132,False,False
3121,6309,6209,220.0,73.58892417393363,T1_normal,-99.141134,29.427375,115.0,-98.853494,29.501055,115.0,73.6,86.0,3033,84.2,T2_watch,line,115.0,18.037085647717205,False,False
3122,6211,6210,978.0,10.40015019810656,T1_normal,-98.26824166666664,30.564168,230.0,-98.26824166666664,30.564168,500.0,10.4,19.4,2647,21.1,T1_normal,transformer,500.0,0.0,False,False
3123,6213,6210,49.1,54.989816700610994,T1_normal,-98.26824166666664,30.564168,13.8,-98.26824166666664,30.564168,500.0,55.0,55.0,-1,54.5,T1_normal,transformer,500.0,0.0,False,False
3124,6214,6210,44.0,61.36363636363637,T1_normal,-98.26824166666664,30.564168,13.8,-98.26824166666664,30.564168,500.0,61.4,61.4,-1,60.8,T1_normal,transformer,500.0,0.0,False,False
3125,6210,6292,2020.0,23.77083847968318,T1_normal,-98.26824166666664,30.564168,500.0,-97.522552,30.119949,500.0,23.8,66.6,3185,48.0,T1_normal,line,500.0,54.02963254997173,False,False
3126,12613,6210,2700.0,20.15371968426802,T1_normal,-98.3721,30.558,500.0,-98.26824166666664,30.564168,500.0,20.2,40.2,3127,53.9,T1_normal,line,500.0,6.193841023158383,False,False
3127,12613,6210,2700.0,20.15371968426802,T1_normal,-98.3721,30.558,500.0,-98.26824166666664,30.564168,500.0,20.2,40.2,3126,53.9,T1_normal,line,500.0,6.193841023158383,False,False
3128,6212,6211,381.0,40.27504618684728,T1_normal,-98.26824166666664,30.564168,115.0,-98.26824166666664,30.564168,230.0,40.3,48.3,2647,43.8,T1_normal,transformer,230.0,0.0,False,False
3129,6211,6359,443.0,11.678207005509316,T1_normal,-98.26824166666664,30.564168,230.0,-98.283025,30.800718,230.0,11.7,35.3,3268,80.0,T1_normal,line,230.0,16.367797812969325,False,False
3130,6218,6231,149.0,9.99369355579938,T1_normal,-97.676772,29.871471,115.0,-97.838012,30.078514,115.0,10.0,62.7,3131,62.7,T1_normal,line,115.0,17.256287916858277,False,False
3131,6278,6218,149.0,52.74456147775767,T1_normal,-97.807,29.875,115.0,-97.676772,29.871471,115.0,52.7,62.7,3130,62.7,T1_normal,line,115.0,7.8062276360688845,False,False
3132,6219,6345,98.0,8.960042901104245,T1_normal,-97.77508287179488,30.30416587179487,115.0,-97.77508287179488,30.30416587179487,115.0,9.0,29.9,2659,11.7,T1_normal,line,115.0,0.0,False,False
3133,6220,6250,160.0,76.3337191434843,T1_normal,-98.5093816037736,29.474642000000003,115.0,-98.5093816037736,29.474642000000003,115.0,76.3,104.2,2901,89.1,T4_light,line,115.0,0.0,True,True
3134,6221,6322,98.0,35.22303636855937,T1_normal,-98.240425,28.867033,115.0,-98.080406,29.073446,115.0,35.2,105.0,3195,90.7,T4_light,line,115.0,17.232734296668653,True,True
3135,6223,6222,457.0,71.57591886026988,T1_normal,-97.77508287179488,30.30416587179487,115.0,-97.77508287179488,30.30416587179487,230.0,71.6,93.2,3136,77.9,T3_prevent,transformer,230.0,0.0,False,False
3136,6223,6222,457.0,71.57591886026988,T1_normal,-97.77508287179488,30.30416587179487,115.0,-97.77508287179488,30.30416587179487,230.0,71.6,93.2,3135,77.9,T3_prevent,transformer,230.0,0.0,False,False
3137,6223,6222,457.0,71.57591886026988,T1_normal,-97.77508287179488,30.30416587179487,115.0,-97.77508287179488,30.30416587179487,230.0,71.6,93.2,3135,77.9,T3_prevent,transformer,230.0,0.0,False,False
3138,6222,6229,548.0,12.925823600886709,T1_normal,-97.77508287179488,30.30416587179487,230.0,-97.966164,29.880162,230.0,12.9,38.4,3151,7.1,T1_normal,line,230.0,31.44442664138112,False,False
3139,6255,6222,647.0,76.98586596269088,T1_normal,-97.77508287179488,30.30416587179487,230.0,-97.77508287179488,30.30416587179487,230.0,77.0,109.9,2725,49.1,T4_light,line,230.0,0.0,True,True
3140,6222,6293,647.0,59.12968284954226,T1_normal,-97.77508287179488,30.30416587179487,230.0,-97.522552,30.119949,230.0,59.1,82.8,3185,32.3,T2_watch,line,230.0,19.7323582701975,False,False
3141,6222,6354,443.0,8.008218268523176,T1_normal,-97.77508287179488,30.30416587179487,230.0,-97.677175,30.5341255,230.0,8.0,21.1,2903,15.4,T1_normal,line,230.0,16.92592225058132,False,False
3142,6227,6223,250.0,64.22034769692786,T1_normal,-97.77508287179488,30.30416587179487,115.0,-97.77508287179488,30.30416587179487,115.0,64.2,93.1,3143,83.3,T3_prevent,line,115.0,0.0,False,False
3143,6227,6223,250.0,64.22034769692786,T1_normal,-97.77508287179488,30.30416587179487,115.0,-97.77508287179488,30.30416587179487,115.0,64.2,93.1,3142,83.3,T3_prevent,line,115.0,0.0,False,False
3144,6223,6278,131.5,12.708133934800806,T1_normal,-97.77508287179488,30.30416587179487,115.0,-97.807,29.875,115.0,12.7,59.2,3201,49.8,T1_normal,line,115.0,29.71415490325865,False,False
3145,6224,6331,149.0,5.727840608626296,T1_normal,-97.77508287179488,30.30416587179487,115.0,-97.77508287179488,30.30416587179487,115.0,5.7,39.3,2782,53.0,T1_normal,line,115.0,0.0,False,False
3146,6225,6307,149.0,2.9774436455273947,T1_normal,-98.5093816037736,29.474642000000003,115.0,-98.5093816037736,29.474642000000003,115.0,3.0,12.3,3101,10.7,T1_normal,line,115.0,0.0,False,False
3147,6227,6238,221.0,25.638526970526044,T1_normal,-97.77508287179488,30.30416587179487,115.0,-97.77508287179488,30.30416587179487,115.0,25.6,44.4,2892,41.5,T1_normal,line,115.0,0.0,False,False
3148,6227,6238,221.0,25.638526970526044,T1_normal,-97.77508287179488,30.30416587179487,115.0,-97.77508287179488,30.30416587179487,115.0,25.6,44.4,2892,41.5,T1_normal,line,115.0,0.0,False,False
3149,6227,6330,98.0,9.320753840031132,T1_normal,-97.77508287179488,30.30416587179487,115.0,-97.77508287179488,30.30416587179487,115.0,9.3,21.2,3139,24.8,T1_normal,line,115.0,0.0,False,False
3150,6229,6228,1208.0,25.09625414952226,T1_normal,-97.966164,29.880162,230.0,-97.966164,29.880162,500.0,25.1,58.8,3151,33.4,T1_normal,transformer,500.0,0.0,False,False
3151,6298,6228,2020.0,50.15950107543875,T1_normal,-98.08352933333332,29.745433666666667,500.0,-97.966164,29.880162,500.0,50.2,53.5,3180,20.0,T1_normal,line,500.0,11.668841299618286,False,False
3152,6230,6229,350.0,52.114401524511955,T1_normal,-97.966164,29.880162,115.0,-97.966164,29.880162,230.0,52.1,73.6,3153,64.3,T1_normal,transformer,230.0,0.0,False,False
3153,6230,6229,350.0,52.114401524511955,T1_normal,-97.966164,29.880162,115.0,-97.966164,29.880162,230.0,52.1,73.6,3152,64.3,T1_normal,transformer,230.0,0.0,False,False
3154,6229,6277,548.0,28.08874988903321,T1_normal,-97.966164,29.880162,230.0,-97.807,29.875,230.0,28.1,85.2,3151,16.3,T2_watch,line,230.0,9.542328444840775,False,False
3155,6229,6299,457.2,35.762339622814125,T1_normal,-97.966164,29.880162,230.0,-98.08352933333332,29.745433666666667,230.0,35.8,127.3,3151,32.5,T6_heavy,line,230.0,11.668841299618286,True,True
3156,6230,6278,140.0,26.31465714181383,T1_normal,-97.966164,29.880162,115.0,-97.807,29.875,115.0,26.3,48.1,3151,61.9,T1_normal,line,115.0,9.542328444840775,False,False
3157,6232,6294,221.0,67.88040114802473,T1_normal,-97.607312,30.150985,115.0,-97.522552,30.119949,115.0,67.9,124.7,3158,92.5,T5_moderate,line,115.0,5.500122364372306,True,True
3158,6232,6294,221.0,67.88040114802473,T1_normal,-97.607312,30.150985,115.0,-97.522552,30.119949,115.0,67.9,124.7,3157,92.5,T5_moderate,line,115.0,5.500122364372306,True,True
3159,6235,6234,1190.0,33.34995421154856,T1_normal,-98.5093816037736,29.474642000000003,230.0,-98.5093816037736,29.474642000000003,500.0,33.3,43.9,2746,39.4,T1_normal,transformer,500.0,0.0,False,False
3160,6236,6235,406.0,57.57501924670478,T1_normal,-98.5093816037736,29.474642000000003,115.0,-98.5093816037736,29.474642000000003,230.0,57.6,78.9,3161,75.0,T1_normal,transformer,230.0,0.0,False,False
3161,6236,6235,406.0,57.57501924670478,T1_normal,-98.5093816037736,29.474642000000003,115.0,-98.5093816037736,29.474642000000003,230.0,57.6,78.9,3160,75.0,T1_normal,transformer,230.0,0.0,False,False
3162,6325,6237,149.0,11.372423716828257,T1_normal,-97.148898,30.852653,115.0,-97.0630125,30.978365,115.0,11.4,29.8,2932,26.0,T1_normal,line,115.0,10.068018277289877,False,False
3163,6237,8102,220.0,27.314238362825293,T1_normal,-97.0630125,30.978365,115.0,-96.66368,31.09828,115.0,27.3,65.6,2932,51.6,T1_normal,line,115.0,25.050862885870963,False,False
3164,12924,6237,363.8,68.71907641561297,T1_normal,-97.0630125,30.978365,20.0,-97.0630125,30.978365,115.0,68.7,68.9,3629,64.2,T1_normal,transformer,115.0,0.0,False,False
3165,6237,13106,450.0,44.44444444444446,T1_normal,-97.0630125,30.978365,115.0,-97.0630125,30.978365,115.0,44.4,44.4,1953,41.5,T1_normal,line,115.0,0.0,False,False
3166,6238,6345,98.0,37.97302364011765,T1_normal,-97.77508287179488,30.30416587179487,115.0,-97.77508287179488,30.30416587179487,115.0,38.0,79.9,2892,76.9,T1_normal,line,115.0,0.0,False,False
3167,6240,6239,1194.0,29.0294696823586,T1_normal,-98.35335,29.282378,230.0,-98.35335,29.282378,500.0,29.0,45.8,2964,35.8,T1_normal,transformer,500.0,0.0,False,False
3168,6242,6239,597.3,48.20695849342341,T1_normal,-98.35335,29.282378,13.8,-98.35335,29.282378,500.0,48.2,48.2,1458,11.8,T1_normal,transformer,500.0,0.0,False,False
3169,6243,6239,524.3,0.0,T1_normal,-98.35335,29.282378,13.8,-98.35335,29.282378,500.0,0.0,0.0,-1,0.0,T1_normal,transformer,500.0,0.0,False,False
3170,6239,7414,2000.0,28.82161288997744,T1_normal,-98.35335,29.282378,500.0,-97.00621414285716,28.74651585714286,500.0,28.8,46.5,1548,30.6,T1_normal,line,500.0,89.42162007343063,False,False
3171,6239,12523,1853.3,40.17184016473042,T1_normal,-98.35335,29.282378,500.0,-98.5093816037736,29.474642000000003,500.0,40.2,58.4,2964,56.2,T1_normal,line,500.0,16.270457102704142,False,False
3172,6241,6240,300.0,15.198330393237391,T1_normal,-98.35335,29.282378,115.0,-98.35335,29.282378,230.0,15.2,41.2,3171,45.9,T1_normal,transformer,230.0,0.0,False,False
3173,6241,6240,300.0,15.198330393237391,T1_normal,-98.35335,29.282378,115.0,-98.35335,29.282378,230.0,15.2,41.2,3171,45.9,T1_normal,transformer,230.0,0.0,False,False
3174,6240,6287,647.0,25.674239685656534,T1_normal,-98.35335,29.282378,230.0,-98.5093816037736,29.474642000000003,230.0,25.7,33.7,2987,21.6,T1_normal,line,230.0,16.270457102704142,False,False
3175,6240,6321,443.0,73.69920267076913,T1_normal,-98.35335,29.282378,230.0,-98.080406,29.073446,230.0,73.7,93.7,3246,73.7,T3_prevent,line,230.0,21.897941257013567,False,False
3176,6241,6324,310.0,60.76920422424245,T1_normal,-98.35335,29.282378,115.0,-98.5093816037736,29.474642000000003,115.0,60.8,112.2,3177,94.3,T5_moderate,line,115.0,16.270457102704142,True,True
3177,6241,6324,310.0,60.76920422424245,T1_normal,-98.35335,29.282378,115.0,-98.5093816037736,29.474642000000003,115.0,60.8,112.2,3176,94.3,T5_moderate,line,115.0,16.270457102704142,True,True
3178,6241,13126,109.0,79.46838204354067,T1_normal,-98.35335,29.282378,115.0,-98.35335,29.282378,115.0,79.5,104.7,3249,76.0,T4_light,line,115.0,0.0,True,True
3179,6253,6329,149.0,34.07762962460646,T1_normal,-97.428562,28.857734,115.0,-97.696944,28.871642,115.0,34.1,49.3,1419,36.6,T1_normal,line,115.0,16.26819720912764,False,False
3180,6255,6254,1526.0,112.44241420122248,T5_moderate,-97.77508287179488,30.30416587179487,230.0,-97.77508287179488,30.30416587179487,500.0,112.4,158.7,2725,80.8,T7_structural,transformer,500.0,0.0,True,True
3181,6257,6254,215.3,112.3333991598094,T5_moderate,-97.77508287179488,30.30416587179487,13.8,-97.77508287179488,30.30416587179487,500.0,112.3,112.3,2581,55.0,T5_moderate,transformer,500.0,0.0,True,True
3182,6258,6254,198.4,110.70075413041714,T5_moderate,-97.77508287179488,30.30416587179487,13.8,-97.77508287179488,30.30416587179487,500.0,110.7,110.7,2723,45.9,T5_moderate,transformer,500.0,0.0,True,True
3183,6259,6254,74.3,61.08619736279233,T1_normal,-97.77508287179488,30.30416587179487,13.8,-97.77508287179488,30.30416587179487,500.0,61.1,61.1,2582,60.5,T1_normal,transformer,500.0,0.0,False,False
3184,6260,6254,84.9,53.459416537755835,T1_normal,-97.77508287179488,30.30416587179487,13.8,-97.77508287179488,30.30416587179487,500.0,53.5,53.5,2964,53.0,T1_normal,transformer,500.0,0.0,False,False
3185,6292,6254,2768.0,111.50860245683064,T5_moderate,-97.522552,30.119949,500.0,-97.77508287179488,30.30416587179487,500.0,111.5,148.4,2581,27.9,T6_heavy,line,500.0,19.7323582701975,True,True
3186,6256,6255,300.0,91.3224404714146,T3_prevent,-97.77508287179488,30.30416587179487,115.0,-97.77508287179488,30.30416587179487,230.0,91.3,111.6,2725,76.9,T5_moderate,transformer,230.0,0.0,True,True
3187,6256,6255,300.0,91.3224404714146,T3_prevent,-97.77508287179488,30.30416587179487,115.0,-97.77508287179488,30.30416587179487,230.0,91.3,111.6,2725,76.9,T5_moderate,transformer,230.0,0.0,True,True
3188,6255,6277,507.5,70.1685415240416,T1_normal,-97.77508287179488,30.30416587179487,230.0,-97.807,29.875,230.0,70.2,104.2,2725,44.8,T4_light,line,230.0,29.71415490325865,True,True
3189,6255,6293,442.3,14.989736730081413,T1_normal,-97.77508287179488,30.30416587179487,230.0,-97.522552,30.119949,230.0,15.0,164.4,3185,78.8,T7_structural,line,230.0,19.7323582701975,True,True
3190,6256,6330,151.9,68.63839783163894,T1_normal,-97.77508287179488,30.30416587179487,115.0,-97.77508287179488,30.30416587179487,115.0,68.6,83.4,2660,65.7,T2_watch,line,115.0,0.0,False,False
3191,6261,6307,129.5,8.786605238501076,T1_normal,-98.618734,29.391283,115.0,-98.5093816037736,29.474642000000003,115.0,8.8,25.9,3028,21.8,T1_normal,line,115.0,8.744996775346594,False,False
3192,6262,6319,98.0,42.62114984815317,T1_normal,-97.875708,30.748955,115.0,-97.72702366666664,30.716280333333337,115.0,42.6,78.0,3243,71.7,T1_normal,line,115.0,9.114482945759212,False,False
3193,13327,6262,146.7,109.82296057315092,T4_light,-97.875708,30.748955,20.0,-97.875708,30.748955,115.0,109.8,109.8,1548,63.8,T4_light,transformer,115.0,0.0,True,True
3194,6264,6263,292.0,12.596480532704616,T1_normal,-97.894958,28.733411,115.0,-97.894958,28.733411,230.0,12.6,109.2,3197,92.3,T4_light,transformer,230.0,0.0,True,True
3195,6321,6263,647.0,72.85419402370478,T1_normal,-98.080406,29.073446,230.0,-97.894958,28.733411,230.0,72.9,82.8,1548,68.9,T2_watch,line,230.0,26.034857420971548,False,False
3196,6263,7274,750.0,14.193176563864494,T1_normal,-97.894958,28.733411,230.0,-97.00621414285716,28.74651585714286,230.0,14.2,43.0,3195,45.0,T1_normal,line,230.0,53.849778939224414,False,False
3197,12858,6263,730.4,78.33028447354857,T1_normal,-97.8308125,28.6249795,230.0,-97.894958,28.733411,230.0,78.3,87.2,1435,75.1,T2_watch,line,230.0,8.440910411996267,False,False
3198,6275,6324,221.0,106.43565833983637,T4_light,-98.5093816037736,29.474642000000003,115.0,-98.5093816037736,29.474642000000003,115.0,106.4,127.9,3199,99.0,T6_heavy,line,115.0,0.0,True,True
3199,6275,6324,221.0,106.43565833983637,T4_light,-98.5093816037736,29.474642000000003,115.0,-98.5093816037736,29.474642000000003,115.0,106.4,127.9,3198,99.0,T6_heavy,line,115.0,0.0,True,True
3200,6275,13126,120.8,68.41465876387826,T1_normal,-98.5093816037736,29.474642000000003,115.0,-98.35335,29.282378,115.0,68.4,87.0,3198,69.8,T2_watch,line,115.0,16.270457102704142,False,False
3201,6278,6277,331.0,72.42329741344513,T1_normal,-97.807,29.875,115.0,-97.807,29.875,230.0,72.4,79.6,3152,69.2,T1_normal,transformer,230.0,0.0,False,False
3202,6278,6330,119.8,4.442732856735985,T1_normal,-97.807,29.875,115.0,-97.77508287179488,30.30416587179487,115.0,4.4,32.1,3201,23.9,T1_normal,line,115.0,29.71415490325865,False,False
3203,6280,6279,230.0,50.745277806149296,T1_normal,-97.97505466666668,28.59622966666667,115.0,-97.97505466666668,28.59622966666667,230.0,50.7,77.5,3204,83.4,T1_normal,transformer,230.0,0.0,False,False
3204,6280,6279,230.0,50.745277806149296,T1_normal,-97.97505466666668,28.59622966666667,115.0,-97.97505466666668,28.59622966666667,230.0,50.7,77.5,3203,83.4,T1_normal,transformer,230.0,0.0,False,False
3205,6279,6299,548.0,6.832365831535824,T1_normal,-97.97505466666668,28.59622966666667,230.0,-98.08352933333332,29.745433666666667,230.0,6.8,17.7,3024,23.2,T1_normal,line,230.0,79.67242798660854,False,False
3206,6284,13126,139.1,96.5073292089312,T3_prevent,-98.5093816037736,29.474642000000003,115.0,-98.35335,29.282378,115.0,96.5,127.4,2995,93.2,T6_heavy,line,115.0,16.270457102704142,True,True
3207,13344,6284,131.0,74.14405185892291,T1_normal,-98.5093816037736,29.474642000000003,20.0,-98.5093816037736,29.474642000000003,115.0,74.1,74.1,2819,71.3,T1_normal,transformer,115.0,0.0,False,False
3208,6284,13418,140.2,85.99688173774025,T2_watch,-98.5093816037736,29.474642000000003,115.0,-98.5093816037736,29.474642000000003,115.0,86.0,101.5,3206,82.0,T4_light,line,115.0,0.0,True,True
3209,6286,6285,311.0,4.87918580538144,T1_normal,-98.6782725,29.80345,115.0,-98.6782725,29.80345,230.0,4.9,25.5,1006,37.9,T1_normal,transformer,230.0,0.0,False,False
3210,6328,6286,98.0,0.080561206714468,T1_normal,-98.904706,29.972312,115.0,-98.6782725,29.80345,115.0,0.1,37.8,844,51.5,T1_normal,line,115.0,17.891928206644614,False,False
3211,6288,6287,300.0,62.75719432102684,T1_normal,-98.5093816037736,29.474642000000003,115.0,-98.5093816037736,29.474642000000003,230.0,62.8,75.2,3212,69.7,T1_normal,transformer,230.0,0.0,False,False
3212,6288,6287,300.0,62.75719432102684,T1_normal,-98.5093816037736,29.474642000000003,115.0,-98.5093816037736,29.474642000000003,230.0,62.8,75.2,3211,69.7,T1_normal,transformer,230.0,0.0,False,False
3213,6287,6334,408.1,1.6260640451231396,T1_normal,-98.5093816037736,29.474642000000003,230.0,-98.5093816037736,29.474642000000003,230.0,1.6,9.9,2963,11.9,T1_normal,line,230.0,0.0,False,False
3214,6288,6307,221.0,17.92215982905117,T1_normal,-98.5093816037736,29.474642000000003,115.0,-98.5093816037736,29.474642000000003,115.0,17.9,25.3,3216,21.5,T1_normal,line,115.0,0.0,False,False
3215,6288,6307,221.0,17.92215982905117,T1_normal,-98.5093816037736,29.474642000000003,115.0,-98.5093816037736,29.474642000000003,115.0,17.9,25.3,3216,21.5,T1_normal,line,115.0,0.0,False,False
3216,6288,6307,143.0,33.22569873731637,T1_normal,-98.5093816037736,29.474642000000003,115.0,-98.5093816037736,29.474642000000003,115.0,33.2,43.9,3214,37.3,T1_normal,line,115.0,0.0,False,False
3217,6288,6323,221.0,8.284070124642746,T1_normal,-98.5093816037736,29.474642000000003,115.0,-98.5093816037736,29.474642000000003,115.0,8.3,19.2,3211,17.5,T1_normal,line,115.0,0.0,False,False
3218,6288,6323,221.0,8.284070124642746,T1_normal,-98.5093816037736,29.474642000000003,115.0,-98.5093816037736,29.474642000000003,115.0,8.3,19.2,3211,17.5,T1_normal,line,115.0,0.0,False,False
3219,6288,6323,102.4,36.59166907651057,T1_normal,-98.5093816037736,29.474642000000003,115.0,-98.5093816037736,29.474642000000003,115.0,36.6,84.6,3211,77.2,T2_watch,line,115.0,0.0,False,False
3220,6290,6331,221.0,35.790720107000155,T1_normal,-97.77508287179488,30.30416587179487,115.0,-97.77508287179488,30.30416587179487,115.0,35.8,62.7,3221,68.8,T1_normal,line,115.0,0.0,False,False
3221,6290,6331,221.0,35.790720107000155,T1_normal,-97.77508287179488,30.30416587179487,115.0,-97.77508287179488,30.30416587179487,115.0,35.8,62.7,3220,68.8,T1_normal,line,115.0,0.0,False,False
3222,6293,6292,1210.0,70.6233211030372,T1_normal,-97.522552,30.119949,230.0,-97.522552,30.119949,500.0,70.6,140.9,3185,54.9,T6_heavy,transformer,500.0,0.0,True,True
3223,6295,6292,359.9,413.6981734555544,T7_structural,-97.522552,30.119949,13.8,-97.522552,30.119949,500.0,413.7,413.7,3629,0.0,T7_structural,transformer,500.0,0.0,True,True
3224,6296,6292,255.1,442.2498296084108,T7_structural,-97.522552,30.119949,13.8,-97.522552,30.119949,500.0,442.2,442.2,-1,36.8,T7_structural,transformer,500.0,0.0,True,True
3225,6297,6292,243.3,63.11882512401182,T1_normal,-97.522552,30.119949,13.8,-97.522552,30.119949,500.0,63.1,63.3,3629,50.5,T1_normal,transformer,500.0,0.0,False,False
3226,6294,6293,335.0,60.54828832135244,T1_normal,-97.522552,30.119949,115.0,-97.522552,30.119949,230.0,60.5,105.0,3227,84.9,T4_light,transformer,230.0,0.0,True,True
3227,6294,6293,335.0,60.54828832135244,T1_normal,-97.522552,30.119949,115.0,-97.522552,30.119949,230.0,60.5,105.0,3226,84.9,T4_light,transformer,230.0,0.0,True,True
3228,6294,6339,220.0,48.01916303581414,T1_normal,-97.522552,30.119949,115.0,-97.522552,30.119949,115.0,48.0,55.6,2841,53.6,T1_normal,line,115.0,0.0,False,False
3229,6299,6298,994.0,25.43627646599454,T1_normal,-98.08352933333332,29.745433666666667,230.0,-98.08352933333332,29.745433666666667,500.0,25.4,44.2,3151,32.9,T1_normal,transformer,500.0,0.0,False,False
3230,6301,6298,303.2,62.37406530532906,T1_normal,-98.08352933333332,29.745433666666667,22.0,-98.08352933333332,29.745433666666667,500.0,62.4,62.4,8,39.6,T1_normal,transformer,500.0,0.0,False,False
3231,6302,6298,284.1,70.1134136706554,T1_normal,-98.08352933333332,29.745433666666667,22.0,-98.08352933333332,29.745433666666667,500.0,70.1,70.1,3629,52.8,T1_normal,transformer,500.0,0.0,False,False
3232,6303,6298,270.8,0.0,T1_normal,-98.08352933333332,29.745433666666667,22.0,-98.08352933333332,29.745433666666667,500.0,0.0,0.0,-1,0.0,T1_normal,transformer,500.0,0.0,False,False
3233,6304,6298,351.1,53.33241454430689,T1_normal,-98.08352933333332,29.745433666666667,22.0,-98.08352933333332,29.745433666666667,500.0,53.3,53.4,3629,34.2,T1_normal,transformer,500.0,0.0,False,False
3234,6300,6299,181.0,27.307701567947515,T1_normal,-98.08352933333332,29.745433666666667,115.0,-98.08352933333332,29.745433666666667,230.0,27.3,43.8,2766,44.4,T1_normal,transformer,230.0,0.0,False,False
3235,6309,6308,122.4,43.793685359886666,T1_normal,-99.141134,29.427375,115.0,-99.141134,29.427375,230.0,43.8,100.4,3121,85.9,T4_light,transformer,230.0,0.0,True,True
3236,6309,6308,122.4,43.793685359886666,T1_normal,-99.141134,29.427375,115.0,-99.141134,29.427375,230.0,43.8,100.4,3121,85.9,T4_light,transformer,230.0,0.0,True,True
3237,6310,6312,221.0,37.59605506312599,T1_normal,-98.5093816037736,29.474642000000003,115.0,-98.5093816037736,29.474642000000003,115.0,37.6,63.8,3238,55.1,T1_normal,line,115.0,0.0,False,False
3238,6310,6312,221.0,37.59605506312599,T1_normal,-98.5093816037736,29.474642000000003,115.0,-98.5093816037736,29.474642000000003,115.0,37.6,63.8,3237,55.1,T1_normal,line,115.0,0.0,False,False
3239,6312,6320,250.0,18.535024147079184,T1_normal,-98.5093816037736,29.474642000000003,115.0,-98.5093816037736,29.474642000000003,115.0,18.5,28.7,2964,20.5,T1_normal,line,115.0,0.0,False,False
3240,6320,6312,250.0,18.535024147079184,T1_normal,-98.5093816037736,29.474642000000003,115.0,-98.5093816037736,29.474642000000003,115.0,18.5,28.7,2964,20.5,T1_normal,line,115.0,0.0,False,False
3241,6316,6315,251.0,13.13089374404774,T1_normal,-97.72702366666664,30.716280333333337,161.0,-97.72702366666664,30.716280333333337,230.0,13.1,31.8,2242,42.9,T1_normal,transformer,230.0,0.0,False,False
3242,6343,6315,443.0,5.346980694768381,T1_normal,-97.677175,30.5341255,230.0,-97.72702366666664,30.716280333333337,230.0,5.3,10.6,2904,21.2,T1_normal,line,230.0,12.930091526402997,False,False
3243,6319,6316,163.0,21.28912463117171,T1_normal,-97.72702366666664,30.716280333333337,115.0,-97.72702366666664,30.716280333333337,161.0,21.3,46.9,3192,66.5,T1_normal,transformer,161.0,0.0,False,False
3244,6324,6320,250.0,108.61729254407508,T4_light,-98.5093816037736,29.474642000000003,115.0,-98.5093816037736,29.474642000000003,115.0,108.6,131.0,2964,96.2,T6_heavy,line,115.0,0.0,True,True
3245,6320,13126,132.0,46.068332484891926,T1_normal,-98.5093816037736,29.474642000000003,115.0,-98.35335,29.282378,115.0,46.1,68.1,3244,55.0,T1_normal,line,115.0,16.270457102704142,False,False
3246,6322,6321,249.0,58.184404619221944,T1_normal,-98.080406,29.073446,115.0,-98.080406,29.073446,230.0,58.2,105.3,3175,87.9,T4_light,transformer,230.0,0.0,True,True
3247,6324,12523,1080.0,77.16378161738255,T1_normal,-98.5093816037736,29.474642000000003,115.0,-98.5093816037736,29.474642000000003,500.0,77.2,118.7,3248,92.1,T5_moderate,transformer,500.0,0.0,True,True
3248,6324,12523,1080.0,77.16378161738255,T1_normal,-98.5093816037736,29.474642000000003,115.0,-98.5093816037736,29.474642000000003,500.0,77.2,118.7,3247,92.1,T5_moderate,transformer,500.0,0.0,True,True
3249,6324,13126,223.1,87.66818530000532,T2_watch,-98.5093816037736,29.474642000000003,115.0,-98.35335,29.282378,115.0,87.7,113.5,3250,83.6,T5_moderate,line,115.0,16.270457102704142,True,True
3250,6324,13126,223.1,87.66818530000532,T2_watch,-98.5093816037736,29.474642000000003,115.0,-98.35335,29.282378,115.0,87.7,113.5,3249,83.6,T5_moderate,line,115.0,16.270457102704142,True,True
3251,8140,6326,98.0,19.891847876885254,T1_normal,-96.307958,30.5895815,115.0,-96.438114,30.471301,115.0,19.9,38.7,4612,40.6,T1_normal,line,115.0,11.260252316410268,False,False
3252,6336,6328,98.0,3.188814357508231,T1_normal,-99.095171,29.707222,115.0,-98.904706,29.972312,115.0,3.2,64.6,2940,64.6,T1_normal,line,115.0,21.58214730083701,False,False
3253,6334,6333,1094.0,15.343965138228707,T1_normal,-98.5093816037736,29.474642000000003,230.0,-98.5093816037736,29.474642000000003,500.0,15.3,21.5,2746,18.6,T1_normal,transformer,500.0,0.0,False,False
3254,6335,6334,271.8,85.35570950194567,T2_watch,-98.5093816037736,29.474642000000003,115.0,-98.5093816037736,29.474642000000003,230.0,85.4,98.2,3160,91.1,T3_prevent,transformer,230.0,0.0,False,False
3255,6341,7202,450.0,39.89662093846154,T1_normal,-96.258442,30.1223,115.0,-96.065554,30.099931,115.0,39.9,47.4,3305,37.6,T1_normal,line,115.0,11.632077075786697,False,False
3256,6343,6342,1137.0,35.78505060999605,T1_normal,-97.677175,30.5341255,230.0,-97.677175,30.5341255,500.0,35.8,47.8,2690,42.9,T1_normal,transformer,500.0,0.0,False,False
3257,6344,6343,400.0,79.66538749605965,T1_normal,-97.677175,30.5341255,115.0,-97.677175,30.5341255,230.0,79.7,119.0,3258,85.2,T5_moderate,transformer,230.0,0.0,True,True
3258,6344,6343,400.0,79.66538749605965,T1_normal,-97.677175,30.5341255,115.0,-97.677175,30.5341255,230.0,79.7,119.0,3257,85.2,T5_moderate,transformer,230.0,0.0,True,True
3259,6343,6350,443.0,38.30405764696454,T1_normal,-97.677175,30.5341255,230.0,-97.77508287179488,30.30416587179487,230.0,38.3,54.4,2904,47.5,T1_normal,line,230.0,16.92592225058132,False,False
3260,6343,6354,443.0,8.656351256010081,T1_normal,-97.677175,30.5341255,230.0,-97.677175,30.5341255,230.0,8.7,36.6,2903,37.1,T1_normal,line,230.0,0.0,False,False
3261,6343,6354,394.5,11.371609328645851,T1_normal,-97.677175,30.5341255,230.0,-97.677175,30.5341255,230.0,11.4,48.0,2903,48.8,T1_normal,line,230.0,0.0,False,False
3262,6344,6353,250.0,57.25295323288706,T1_normal,-97.677175,30.5341255,115.0,-97.677175,30.5341255,115.0,57.3,77.6,3263,43.3,T1_normal,line,115.0,0.0,False,False
3263,6344,6353,250.0,57.25295323288706,T1_normal,-97.677175,30.5341255,115.0,-97.677175,30.5341255,115.0,57.3,77.6,3262,43.3,T1_normal,line,115.0,0.0,False,False
3264,6344,6353,107.3,112.43090050454548,T5_moderate,-97.677175,30.5341255,115.0,-97.677175,30.5341255,115.0,112.4,152.4,3262,84.9,T7_structural,line,115.0,0.0,True,True
3265,6350,6349,1150.0,37.233870357175135,T1_normal,-97.77508287179488,30.30416587179487,230.0,-97.77508287179488,30.30416587179487,500.0,37.2,49.3,2723,36.2,T1_normal,transformer,500.0,0.0,False,False
3266,6351,6350,191.0,70.23016934959027,T1_normal,-97.77508287179488,30.30416587179487,115.0,-97.77508287179488,30.30416587179487,230.0,70.2,91.5,3267,86.0,T3_prevent,transformer,230.0,0.0,False,False
3267,6351,6350,191.0,70.23016934959027,T1_normal,-97.77508287179488,30.30416587179487,115.0,-97.77508287179488,30.30416587179487,230.0,70.2,91.5,3266,86.0,T3_prevent,transformer,230.0,0.0,False,False
3268,6350,6359,443.0,43.622472194060606,T1_normal,-97.77508287179488,30.30416587179487,230.0,-98.283025,30.800718,230.0,43.6,52.6,2647,90.0,T1_normal,line,230.0,45.72227782847236,False,False
3269,6355,6354,193.8,77.17003095111792,T1_normal,-97.677175,30.5341255,115.0,-97.677175,30.5341255,230.0,77.2,108.8,3270,88.1,T4_light,transformer,230.0,0.0,True,True
3270,6355,6354,193.8,77.17003095111792,T1_normal,-97.677175,30.5341255,115.0,-97.677175,30.5341255,230.0,77.2,108.8,3269,88.1,T4_light,transformer,230.0,0.0,True,True
3271,6360,6359,136.0,68.93402472780606,T1_normal,-98.283025,30.800718,115.0,-98.283025,30.800718,230.0,68.9,89.6,3128,77.5,T2_watch,transformer,230.0,0.0,False,False
3272,12656,6359,384.7,44.02551111046411,T1_normal,-99.1872,31.5481,230.0,-98.283025,30.800718,230.0,44.0,53.0,3273,88.1,T1_normal,line,230.0,74.3212329302616,False,False
3273,12656,6359,384.7,44.02551111046411,T1_normal,-99.1872,31.5481,230.0,-98.283025,30.800718,230.0,44.0,53.0,3272,88.1,T1_normal,line,230.0,74.3212329302616,False,False
3274,7044,7001,111.0,61.43294238785447,T1_normal,-97.00621414285716,28.74651585714286,115.0,-96.889623,28.83905,115.0,61.4,99.0,3355,93.5,T3_prevent,line,115.0,9.524623959877603,False,False
3275,7149,7001,98.0,6.781827934680101,T1_normal,-96.794157,28.695562,115.0,-96.889623,28.83905,115.0,6.8,27.0,3276,22.3,T1_normal,line,115.0,11.477060346829145,False,False
3276,7001,7337,133.0,58.9087063527514,T1_normal,-96.889623,28.83905,115.0,-96.689715,29.042415,115.0,58.9,86.5,3502,80.9,T2_watch,line,115.0,18.535066165298563,False,False
3277,7001,12942,149.7,17.477758700485772,T1_normal,-96.889623,28.83905,115.0,-97.00621414285716,28.74651585714286,115.0,17.5,43.0,3274,38.7,T1_normal,line,115.0,9.524623959877603,False,False
3278,7003,7002,1299.0,27.6017876740235,T1_normal,-95.1431518,29.6833732,230.0,-95.1431518,29.6833732,500.0,27.6,32.5,3292,31.1,T1_normal,transformer,500.0,0.0,False,False
3279,7005,7002,266.9,56.350193121270166,T1_normal,-95.1431518,29.6833732,13.8,-95.1431518,29.6833732,500.0,56.4,56.4,-1,42.7,T1_normal,transformer,500.0,0.0,False,False
3280,7006,7002,219.0,0.0,T1_normal,-95.1431518,29.6833732,13.8,-95.1431518,29.6833732,500.0,0.0,0.0,-1,0.0,T1_normal,transformer,500.0,0.0,False,False
3281,7007,7002,241.9,62.67283842640253,T1_normal,-95.1431518,29.6833732,13.8,-95.1431518,29.6833732,500.0,62.7,62.7,-1,50.5,T1_normal,transformer,500.0,0.0,False,False
3282,7008,7002,203.0,0.0,T1_normal,-95.1431518,29.6833732,13.8,-95.1431518,29.6833732,500.0,0.0,0.0,-1,0.0,T1_normal,transformer,500.0,0.0,False,False
3283,7009,7002,104.8,0.0,T1_normal,-95.1431518,29.6833732,13.8,-95.1431518,29.6833732,500.0,0.0,0.0,-1,0.0,T1_normal,transformer,500.0,0.0,False,False
3284,7104,7002,3146.0,12.289557290223538,T1_normal,-95.134508,29.713414,500.0,-95.1431518,29.6833732,500.0,12.3,18.1,3672,16.5,T1_normal,line,500.0,2.139492458530986,False,False
3285,7002,7227,3146.0,8.47043691816378,T1_normal,-95.1431518,29.6833732,500.0,-95.41128715217393,29.77727818478261,500.0,8.5,15.7,4209,13.8,T1_normal,line,500.0,17.346991535108085,False,False
3286,7002,7366,2020.0,1.1772087879049618,T1_normal,-95.1431518,29.6833732,500.0,-95.069071,29.842662,500.0,1.2,7.8,4209,5.3,T1_normal,line,500.0,11.869010155878303,False,False
3287,7002,7400,2138.1,7.714863039659536,T1_normal,-95.1431518,29.6833732,500.0,-95.41128715217393,29.77727818478261,500.0,7.7,15.6,3831,16.0,T1_normal,line,500.0,17.346991535108085,False,False
3288,7002,12862,2348.3,1.5126098906076904,T1_normal,-95.1431518,29.6833732,500.0,-95.435068,29.364128,500.0,1.5,11.4,4271,11.0,T1_normal,line,500.0,28.18826397704593,False,False
3289,7004,7003,386.0,41.64034642255248,T1_normal,-95.1431518,29.6833732,115.0,-95.1431518,29.6833732,230.0,41.6,50.8,3290,48.6,T1_normal,transformer,230.0,0.0,False,False
3290,7004,7003,386.0,41.64034642255248,T1_normal,-95.1431518,29.6833732,115.0,-95.1431518,29.6833732,230.0,41.6,50.8,3289,48.6,T1_normal,transformer,230.0,0.0,False,False
3291,7004,7003,386.0,41.64034642255248,T1_normal,-95.1431518,29.6833732,115.0,-95.1431518,29.6833732,230.0,41.6,50.8,3289,48.6,T1_normal,transformer,230.0,0.0,False,False
3292,7003,7264,523.0,23.6420630377803,T1_normal,-95.1431518,29.6833732,230.0,-95.1431518,29.6833732,230.0,23.6,56.2,3278,53.5,T1_normal,line,230.0,0.0,False,False
3293,7004,7075,250.0,43.723292419299185,T1_normal,-95.1431518,29.6833732,115.0,-95.41128715217393,29.77727818478261,115.0,43.7,58.0,3294,54.9,T1_normal,line,115.0,17.346991535108085,False,False
3294,7075,7004,250.0,43.723292419299185,T1_normal,-95.41128715217393,29.77727818478261,115.0,-95.1431518,29.6833732,115.0,43.7,58.0,3293,54.9,T1_normal,line,115.0,17.346991535108085,False,False
3295,7075,7004,250.0,43.723292419299185,T1_normal,-95.41128715217393,29.77727818478261,115.0,-95.1431518,29.6833732,115.0,43.7,58.0,3293,54.9,T1_normal,line,115.0,17.346991535108085,False,False
3296,7004,7103,191.8,12.067645996299134,T1_normal,-95.1431518,29.6833732,115.0,-95.41128715217393,29.77727818478261,115.0,12.1,15.3,3661,11.5,T1_normal,line,115.0,17.346991535108085,False,False
3297,7004,7106,221.0,22.11776311669499,T1_normal,-95.1431518,29.6833732,115.0,-95.134508,29.713414,115.0,22.1,32.6,3678,30.4,T1_normal,line,115.0,2.139492458530986,False,False
3298,7004,7106,221.0,22.11776311669499,T1_normal,-95.1431518,29.6833732,115.0,-95.134508,29.713414,115.0,22.1,32.6,3678,30.4,T1_normal,line,115.0,2.139492458530986,False,False
3299,7004,7106,221.0,22.11776311669499,T1_normal,-95.1431518,29.6833732,115.0,-95.134508,29.713414,115.0,22.1,32.6,3678,30.4,T1_normal,line,115.0,2.139492458530986,False,False
3300,7004,7106,221.0,22.11776311669499,T1_normal,-95.1431518,29.6833732,115.0,-95.134508,29.713414,115.0,22.1,32.6,3678,30.4,T1_normal,line,115.0,2.139492458530986,False,False
3301,7004,7345,221.0,9.436657537582324,T1_normal,-95.1431518,29.6833732,115.0,-95.41128715217393,29.77727818478261,115.0,9.4,15.0,3959,12.8,T1_normal,line,115.0,17.346991535108085,False,False
3302,7004,7345,221.0,9.436657537582324,T1_normal,-95.1431518,29.6833732,115.0,-95.41128715217393,29.77727818478261,115.0,9.4,15.0,3959,12.8,T1_normal,line,115.0,17.346991535108085,False,False
3303,7004,7345,221.0,9.436657537582324,T1_normal,-95.1431518,29.6833732,115.0,-95.41128715217393,29.77727818478261,115.0,9.4,15.0,3959,12.8,T1_normal,line,115.0,17.346991535108085,False,False
3304,7004,7403,134.1,31.439791114779975,T1_normal,-95.1431518,29.6833732,115.0,-95.1431518,29.6833732,115.0,31.4,48.7,3678,47.4,T1_normal,line,115.0,0.0,False,False
3305,7010,7182,98.0,99.00626633922376,T3_prevent,-95.990493,30.086834,115.0,-96.012215,29.792687,115.0,99.0,164.4,3255,92.4,T7_structural,line,115.0,20.365391372640055,True,True
3306,7010,7202,220.0,51.79308828321684,T1_normal,-95.990493,30.086834,115.0,-96.065554,30.099931,115.0,51.8,67.2,3305,47.1,T1_normal,line,115.0,4.577548453253017,False,False
3307,7233,7010,220.0,88.78224328887056,T2_watch,-95.932264,30.079593,115.0,-95.990493,30.086834,115.0,88.8,102.3,4020,54.2,T4_light,line,115.0,3.5171039845210377,True,True
3308,7254,7011,149.0,55.38013171484954,T1_normal,-95.41198228571427,30.277086714285712,115.0,-95.41198228571427,30.277086714285712,115.0,55.4,65.9,3859,83.7,T1_normal,line,115.0,0.0,False,False
3309,7011,7300,149.0,30.554628359145,T1_normal,-95.41198228571427,30.277086714285712,115.0,-95.41198228571427,30.277086714285712,115.0,30.6,66.8,3792,66.8,T1_normal,line,115.0,0.0,False,False
3310,7012,7116,221.0,3.551119833814816,T1_normal,-95.95226,29.687606,115.0,-96.076894,29.631324,115.0,3.6,29.4,4155,28.7,T1_normal,line,115.0,8.433319665771421,False,False
3311,7012,7182,139.9,2.3206035553374735,T1_normal,-95.95226,29.687606,115.0,-96.012215,29.792687,115.0,2.3,47.3,3886,36.1,T1_normal,line,115.0,8.102604036625463,False,False
3312,7343,7012,221.0,10.8550821281238,T1_normal,-95.7842315,29.79427175,115.0,-95.95226,29.687606,115.0,10.9,31.8,4228,33.6,T1_normal,line,115.0,12.487314581052727,False,False
3313,7012,13101,149.3,12.064377330811098,T1_normal,-95.95226,29.687606,115.0,-95.733244,29.47971475,115.0,12.1,23.0,3886,16.4,T1_normal,line,115.0,19.48101507691401,False,False
3314,7012,13101,149.3,12.064377330811098,T1_normal,-95.95226,29.687606,115.0,-95.733244,29.47971475,115.0,12.1,23.0,3886,16.4,T1_normal,line,115.0,19.48101507691401,False,False
3315,7013,7118,125.2,22.912334228427323,T1_normal,-95.41128715217393,29.77727818478261,115.0,-95.47181825,30.112047375,115.0,22.9,50.4,3930,28.3,T1_normal,line,115.0,23.412752672456016,False,False
3316,7013,7201,221.0,47.71965080537166,T1_normal,-95.41128715217393,29.77727818478261,115.0,-95.708537,29.9660525,115.0,47.7,72.3,3317,57.1,T1_normal,line,115.0,22.074980478788685,False,False
3317,7013,7201,221.0,47.71965080537166,T1_normal,-95.41128715217393,29.77727818478261,115.0,-95.708537,29.9660525,115.0,47.7,72.3,3316,57.1,T1_normal,line,115.0,22.074980478788685,False,False
3318,7013,7421,135.4,41.75410611124769,T1_normal,-95.41128715217393,29.77727818478261,115.0,-95.698237,30.1865575,115.0,41.8,74.5,4336,15.2,T1_normal,line,115.0,33.08493802844899,False,False
3319,7013,7425,221.0,15.003999243835487,T1_normal,-95.41128715217393,29.77727818478261,115.0,-95.41128715217393,29.77727818478261,115.0,15.0,46.9,3991,45.3,T1_normal,line,115.0,0.0,False,False
3320,7014,7100,221.0,19.465226697423383,T1_normal,-95.41128715217393,29.77727818478261,115.0,-95.41128715217393,29.77727818478261,115.0,19.5,26.9,4254,23.5,T1_normal,line,115.0,0.0,False,False
3321,7014,7100,221.0,19.465226697423383,T1_normal,-95.41128715217393,29.77727818478261,115.0,-95.41128715217393,29.77727818478261,115.0,19.5,26.9,4254,23.5,T1_normal,line,115.0,0.0,False,False
3322,7014,7124,98.0,19.98802260569241,T1_normal,-95.41128715217393,29.77727818478261,115.0,-95.41128715217393,29.77727818478261,115.0,20.0,36.6,4254,31.4,T1_normal,line,115.0,0.0,False,False
3323,7014,7217,221.0,11.047217194214054,T1_normal,-95.41128715217393,29.77727818478261,115.0,-95.41128715217393,29.77727818478261,115.0,11.0,30.3,3968,27.3,T1_normal,line,115.0,0.0,False,False
3324,7014,7381,111.8,16.85814352029626,T1_normal,-95.41128715217393,29.77727818478261,115.0,-95.41128715217393,29.77727818478261,115.0,16.9,92.1,4254,87.0,T3_prevent,line,115.0,0.0,False,False
3325,7014,13358,133.9,6.6545118065280064,T1_normal,-95.41128715217393,29.77727818478261,115.0,-95.41128715217393,29.77727818478261,115.0,6.7,55.4,3473,63.3,T1_normal,line,115.0,0.0,False,False
3326,7016,7365,221.0,77.35202308148092,T1_normal,-95.41128715217393,29.77727818478261,115.0,-95.41128715217393,29.77727818478261,115.0,77.4,87.4,3327,82.8,T2_watch,line,115.0,0.0,False,False
3327,7016,7365,221.0,77.35202308148092,T1_normal,-95.41128715217393,29.77727818478261,115.0,-95.41128715217393,29.77727818478261,115.0,77.4,87.4,3326,82.8,T2_watch,line,115.0,0.0,False,False
3328,7016,7365,221.0,77.35202308148092,T1_normal,-95.41128715217393,29.77727818478261,115.0,-95.41128715217393,29.77727818478261,115.0,77.4,87.4,3326,82.8,T2_watch,line,115.0,0.0,False,False
3329,7016,7365,221.0,77.35202308148092,T1_normal,-95.41128715217393,29.77727818478261,115.0,-95.41128715217393,29.77727818478261,115.0,77.4,87.4,3326,82.8,T2_watch,line,115.0,0.0,False,False
3330,7016,7368,221.0,0.0602455747062988,T1_normal,-95.41128715217393,29.77727818478261,115.0,-95.069071,29.842662,115.0,0.1,29.3,4095,29.5,T1_normal,line,115.0,21.00785627021086,False,False
3331,7368,7016,221.0,0.0602455747062988,T1_normal,-95.069071,29.842662,115.0,-95.41128715217393,29.77727818478261,115.0,0.1,29.3,4095,29.5,T1_normal,line,115.0,21.00785627021086,False,False
3332,7368,7016,221.0,0.0602455747062988,T1_normal,-95.069071,29.842662,115.0,-95.41128715217393,29.77727818478261,115.0,0.1,29.3,4095,29.5,T1_normal,line,115.0,21.00785627021086,False,False
3333,7016,7402,221.0,3.960958436891075,T1_normal,-95.41128715217393,29.77727818478261,115.0,-95.41128715217393,29.77727818478261,115.0,4.0,10.8,3335,10.4,T1_normal,line,115.0,0.0,False,False
3334,7016,7402,221.0,3.960958436891075,T1_normal,-95.41128715217393,29.77727818478261,115.0,-95.41128715217393,29.77727818478261,115.0,4.0,10.8,3335,10.4,T1_normal,line,115.0,0.0,False,False
3335,7016,12648,673.0,58.546673150011735,T1_normal,-95.41128715217393,29.77727818478261,115.0,-95.41128715217393,29.77727818478261,500.0,58.5,86.9,3336,83.1,T2_watch,transformer,500.0,0.0,False,False
3336,7016,12648,673.0,58.546673150011735,T1_normal,-95.41128715217393,29.77727818478261,115.0,-95.41128715217393,29.77727818478261,500.0,58.5,86.9,3335,83.1,T2_watch,transformer,500.0,0.0,False,False
3337,7089,7017,221.0,16.544351284197322,T1_normal,-95.41128715217393,29.77727818478261,115.0,-95.41128715217393,29.77727818478261,115.0,16.5,24.5,3435,22.9,T1_normal,line,115.0,0.0,False,False
3338,7017,7183,221.0,5.93628245850233,T1_normal,-95.41128715217393,29.77727818478261,115.0,-95.41128715217393,29.77727818478261,115.0,5.9,11.5,4227,6.9,T1_normal,line,115.0,0.0,False,False
3339,7017,7229,221.0,45.392772867294525,T1_normal,-95.41128715217393,29.77727818478261,115.0,-95.41128715217393,29.77727818478261,115.0,45.4,54.7,3340,50.2,T1_normal,line,115.0,0.0,False,False
3340,7017,7229,221.0,45.392772867294525,T1_normal,-95.41128715217393,29.77727818478261,115.0,-95.41128715217393,29.77727818478261,115.0,45.4,54.7,3339,50.2,T1_normal,line,115.0,0.0,False,False
3341,7017,7229,221.0,45.392772867294525,T1_normal,-95.41128715217393,29.77727818478261,115.0,-95.41128715217393,29.77727818478261,115.0,45.4,54.7,3339,50.2,T1_normal,line,115.0,0.0,False,False
3342,7017,7241,149.0,36.36385702458456,T1_normal,-95.41128715217393,29.77727818478261,115.0,-95.41128715217393,29.77727818478261,115.0,36.4,49.6,3622,48.5,T1_normal,line,115.0,0.0,False,False
3343,7017,7385,221.0,18.94439872535506,T1_normal,-95.41128715217393,29.77727818478261,115.0,-95.41128715217393,29.77727818478261,115.0,18.9,26.9,3344,22.5,T1_normal,line,115.0,0.0,False,False
3344,7017,7385,221.0,18.94439872535506,T1_normal,-95.41128715217393,29.77727818478261,115.0,-95.41128715217393,29.77727818478261,115.0,18.9,26.9,3343,22.5,T1_normal,line,115.0,0.0,False,False
3345,7017,7395,108.8,14.723656560251412,T1_normal,-95.41128715217393,29.77727818478261,115.0,-95.41128715217393,29.77727818478261,115.0,14.7,37.6,3427,39.9,T1_normal,line,115.0,0.0,False,False
3346,7019,7018,383.0,14.681259573349571,T1_normal,-97.135,28.8947,230.0,-97.135,28.8947,500.0,14.7,31.7,3420,20.3,T1_normal,transformer,500.0,0.0,False,False
3347,7021,7018,71.8,0.0,T1_normal,-97.135,28.8947,18.0,-97.135,28.8947,500.0,0.0,0.0,-1,0.0,T1_normal,transformer,500.0,0.0,False,False
3348,7022,7018,84.6,0.0,T1_normal,-97.135,28.8947,18.0,-97.135,28.8947,500.0,0.0,0.0,-1,0.0,T1_normal,transformer,500.0,0.0,False,False
3349,7023,7018,69.0,0.0,T1_normal,-97.135,28.8947,18.0,-97.135,28.8947,500.0,0.0,0.0,-1,0.0,T1_normal,transformer,500.0,0.0,False,False
3350,7024,7018,55.6,66.54676258992805,T1_normal,-97.135,28.8947,18.0,-97.135,28.8947,500.0,66.5,66.6,3629,63.0,T1_normal,transformer,500.0,0.0,False,False
3351,7042,7018,2020.0,15.13141738781142,T1_normal,-97.00621414285716,28.74651585714286,500.0,-97.135,28.8947,500.0,15.1,25.5,3420,24.4,T1_normal,line,500.0,12.86893843192036,False,False
3352,7018,7414,2295.0,15.794517333014369,T1_normal,-97.135,28.8947,500.0,-97.00621414285716,28.74651585714286,500.0,15.8,32.3,4322,28.4,T1_normal,line,500.0,12.86893843192036,False,False
3353,12565,7018,2211.0,44.1918212584242,T1_normal,-97.214167,28.7128,500.0,-97.135,28.8947,500.0,44.2,81.3,3354,69.6,T2_watch,line,500.0,13.451200052325552,False,False
3354,12565,7018,2211.0,44.1918212584242,T1_normal,-97.214167,28.7128,500.0,-97.135,28.8947,500.0,44.2,81.3,3353,69.6,T2_watch,line,500.0,13.451200052325552,False,False
3355,7020,7019,244.0,43.84097670604251,T1_normal,-97.135,28.8947,115.0,-97.135,28.8947,230.0,43.8,62.7,2686,58.0,T1_normal,transformer,230.0,0.0,False,False
3356,7043,7019,443.0,8.685602988811784,T1_normal,-97.00621414285716,28.74651585714286,230.0,-97.135,28.8947,230.0,8.7,29.9,1163,21.3,T1_normal,line,230.0,12.86893843192036,False,False
3357,7019,7274,443.0,45.525604643139665,T1_normal,-97.135,28.8947,230.0,-97.00621414285716,28.74651585714286,230.0,45.5,64.8,1163,49.6,T1_normal,line,230.0,12.86893843192036,False,False
3358,7020,12942,178.5,9.752906484657796,T1_normal,-97.135,28.8947,115.0,-97.00621414285716,28.74651585714286,115.0,9.8,29.0,3355,27.8,T1_normal,line,115.0,12.86893843192036,False,False
3359,7020,12942,178.5,9.752906484657796,T1_normal,-97.135,28.8947,115.0,-97.00621414285716,28.74651585714286,115.0,9.8,29.0,3355,27.8,T1_normal,line,115.0,12.86893843192036,False,False
3360,7026,7072,221.0,23.277186999880023,T1_normal,-94.98483,29.49233,115.0,-95.031051,29.456766,115.0,23.3,37.4,3362,39.0,T1_normal,line,115.0,3.71052681641299,False,False
3361,7026,7072,221.0,23.277186999880023,T1_normal,-94.98483,29.49233,115.0,-95.031051,29.456766,115.0,23.3,37.4,3362,39.0,T1_normal,line,115.0,3.71052681641299,False,False
3362,7026,7259,221.0,73.45687062619287,T1_normal,-94.98483,29.49233,115.0,-95.41128715217393,29.77727818478261,115.0,73.5,77.8,3629,77.0,T1_normal,line,115.0,32.30429321363802,False,False
3363,7273,7026,221.0,5.15821091905268,T1_normal,-94.945159,29.3895056,115.0,-94.98483,29.49233,115.0,5.2,33.6,3365,34.1,T1_normal,line,115.0,7.494853138132569,False,False
3364,7273,7026,221.0,5.15821091905268,T1_normal,-94.945159,29.3895056,115.0,-94.98483,29.49233,115.0,5.2,33.6,3365,34.1,T1_normal,line,115.0,7.494853138132569,False,False
3365,7026,12761,600.0,47.63592639352404,T1_normal,-94.98483,29.49233,115.0,-94.98483,29.49233,500.0,47.6,60.9,4117,62.5,T1_normal,transformer,500.0,0.0,False,False
3366,7027,7143,127.0,62.5803438338663,T1_normal,-95.47181825,30.112047375,115.0,-95.189761,30.161219,115.0,62.6,78.0,3792,80.7,T1_normal,line,115.0,17.193257650308816,False,False
3367,7027,7157,221.0,57.22035847819184,T1_normal,-95.47181825,30.112047375,115.0,-95.47181825,30.112047375,115.0,57.2,89.6,3368,84.0,T2_watch,line,115.0,0.0,False,False
3368,7027,7157,221.0,57.22035847819184,T1_normal,-95.47181825,30.112047375,115.0,-95.47181825,30.112047375,115.0,57.2,89.6,3367,84.0,T2_watch,line,115.0,0.0,False,False
3369,7027,7234,149.0,46.01594938914765,T1_normal,-95.47181825,30.112047375,115.0,-95.297121,30.106685,115.0,46.0,79.6,3370,81.1,T1_normal,line,115.0,10.448432566795455,False,False
3370,7027,7234,148.0,51.229828779869266,T1_normal,-95.47181825,30.112047375,115.0,-95.297121,30.106685,115.0,51.2,82.9,3369,84.4,T2_watch,line,115.0,10.448432566795455,False,False
3371,7027,7245,149.0,1.6986349585131058,T1_normal,-95.47181825,30.112047375,115.0,-95.41128715217393,29.77727818478261,115.0,1.7,17.0,4024,15.5,T1_normal,line,115.0,23.412752672456016,False,False
3372,7027,7431,149.0,21.737265955952623,T1_normal,-95.47181825,30.112047375,115.0,-95.41198228571427,30.277086714285712,115.0,21.7,39.2,3964,45.3,T1_normal,line,115.0,11.950020239008,False,False
3373,7027,7431,121.0,38.997244074117475,T1_normal,-95.47181825,30.112047375,115.0,-95.41198228571427,30.277086714285712,115.0,39.0,70.3,3964,81.2,T1_normal,line,115.0,11.950020239008,False,False
3374,7028,7101,135.1,18.23444854081971,T1_normal,-95.41128715217393,29.77727818478261,115.0,-95.41128715217393,29.77727818478261,115.0,18.2,27.8,3401,25.2,T1_normal,line,115.0,0.0,False,False
3375,7028,7147,300.0,45.3098615975558,T1_normal,-95.41128715217393,29.77727818478261,115.0,-95.41128715217393,29.77727818478261,115.0,45.3,70.2,3376,60.9,T1_normal,line,115.0,0.0,False,False
3376,7147,7028,300.0,45.3098615975558,T1_normal,-95.41128715217393,29.77727818478261,115.0,-95.41128715217393,29.77727818478261,115.0,45.3,70.2,3375,60.9,T1_normal,line,115.0,0.0,False,False
3377,7028,7220,221.0,1.9070355885697048,T1_normal,-95.41128715217393,29.77727818478261,115.0,-95.41128715217393,29.77727818478261,115.0,1.9,9.3,3375,7.0,T1_normal,line,115.0,0.0,False,False
3378,7028,7240,221.0,46.979287487873144,T1_normal,-95.41128715217393,29.77727818478261,115.0,-95.41128715217393,29.77727818478261,115.0,47.0,60.7,4034,53.6,T1_normal,line,115.0,0.0,False,False
3379,7028,7330,221.0,26.57988773710308,T1_normal,-95.41128715217393,29.77727818478261,115.0,-95.41128715217393,29.77727818478261,115.0,26.6,34.5,3771,27.8,T1_normal,line,115.0,0.0,False,False
3380,7030,7029,126.6,51.058205336520025,T1_normal,-96.70457766666668,28.589903333333336,115.0,-96.70457766666668,28.589903333333336,230.0,51.1,68.4,4322,60.4,T1_normal,transformer,230.0,0.0,False,False
3381,7031,7029,47.7,62.893081761006265,T1_normal,-96.70457766666668,28.589903333333336,13.8,-96.70457766666668,28.589903333333336,230.0,62.9,62.9,27,61.6,T1_normal,transformer,230.0,0.0,False,False
3382,7032,7029,50.4,59.523809523809526,T1_normal,-96.70457766666668,28.589903333333336,13.8,-96.70457766666668,28.589903333333336,230.0,59.5,59.7,3629,57.8,T1_normal,transformer,230.0,0.0,False,False
3383,7033,7029,59.1,50.76142131979695,T1_normal,-96.70457766666668,28.589903333333336,13.8,-96.70457766666668,28.589903333333336,230.0,50.8,50.8,55,49.3,T1_normal,transformer,230.0,0.0,False,False
3384,7034,7029,28.3,53.003533568904594,T1_normal,-96.70457766666668,28.589903333333336,13.8,-96.70457766666668,28.589903333333336,230.0,53.0,53.1,3629,50.0,T1_normal,transformer,230.0,0.0,False,False
3385,7274,7029,443.0,24.262915703131068,T1_normal,-97.00621414285716,28.74651585714286,230.0,-96.70457766666668,28.589903333333336,230.0,24.3,32.2,1163,22.4,T1_normal,line,230.0,21.24821142133438,False,False
3386,7029,7407,443.0,55.66459586981708,T1_normal,-96.70457766666668,28.589903333333336,230.0,-96.542544,28.663349333333333,230.0,55.7,64.1,3387,54.6,T1_normal,line,230.0,11.059966639486236,False,False
3387,7415,7029,443.0,16.372515760184115,T1_normal,-97.00621414285716,28.74651585714286,230.0,-96.70457766666668,28.589903333333336,230.0,16.4,42.4,3386,35.5,T1_normal,line,230.0,21.24821142133438,False,False
3388,7036,7035,368.0,51.27290491293481,T1_normal,-95.41198228571427,30.277086714285712,115.0,-95.41198228571427,30.277086714285712,230.0,51.3,82.5,3389,86.4,T2_watch,transformer,230.0,0.0,False,False
3389,7036,7035,368.0,51.27290491293481,T1_normal,-95.41198228571427,30.277086714285712,115.0,-95.41198228571427,30.277086714285712,230.0,51.3,82.5,3388,86.4,T2_watch,transformer,230.0,0.0,False,False
3390,7040,7035,523.0,9.638186435268809,T1_normal,-94.921994,30.054436,230.0,-95.41198228571427,30.277086714285712,230.0,9.6,17.7,3540,24.1,T1_normal,line,230.0,33.066881675544685,False,False
3391,7056,7035,443.0,22.00981345699169,T1_normal,-95.47181825,30.112047375,230.0,-95.41198228571427,30.277086714285712,230.0,22.0,37.0,3818,59.0,T1_normal,line,230.0,11.950020239008,False,False
3392,7035,7390,548.0,39.4828808175212,T1_normal,-95.41198228571427,30.277086714285712,230.0,-95.442636,30.453487000000003,230.0,39.5,59.9,3393,73.9,T1_normal,line,230.0,12.324455662618956,False,False
3393,7035,8031,803.0,38.46993548569244,T1_normal,-95.41198228571427,30.277086714285712,230.0,-95.973798,30.65991,230.0,38.5,62.9,4276,79.1,T1_normal,line,230.0,42.65034069675024,False,False
3394,7036,7128,149.0,18.425381962216147,T1_normal,-95.41198228571427,30.277086714285712,115.0,-95.41198228571427,30.277086714285712,115.0,18.4,43.0,3392,52.2,T1_normal,line,115.0,0.0,False,False
3395,7431,7036,261.0,49.58283511166735,T1_normal,-95.41198228571427,30.277086714285712,115.0,-95.41198228571427,30.277086714285712,115.0,49.6,76.3,3396,84.0,T1_normal,line,115.0,0.0,False,False
3396,7431,7036,261.0,49.58283511166735,T1_normal,-95.41198228571427,30.277086714285712,115.0,-95.41198228571427,30.277086714285712,115.0,49.6,76.3,3395,84.0,T1_normal,line,115.0,0.0,False,False
3397,7038,7037,1055.0,38.53463512254083,T1_normal,-95.64513933333336,29.591588,230.0,-95.64513933333336,29.591588,500.0,38.5,50.2,3427,47.0,T1_normal,transformer,500.0,0.0,False,False
3398,7047,7037,2020.0,26.80668337226021,T1_normal,-95.7842315,29.79427175,500.0,-95.64513933333336,29.591588,500.0,26.8,46.0,3911,42.5,T1_normal,line,500.0,16.30388721963368,False,False
3399,7037,7428,2768.0,3.903620269584623,T1_normal,-95.64513933333336,29.591588,500.0,-95.3629605,28.98485425,500.0,3.9,7.0,4344,6.0,T1_normal,line,500.0,45.23915977497301,False,False
3400,7037,12742,2330.4,1.1308980994363125,T1_normal,-95.64513933333336,29.591588,500.0,-95.41128715217393,29.77727818478261,500.0,1.1,29.3,3911,25.2,T1_normal,line,500.0,19.01731343522793,False,False
3401,7039,7038,420.0,70.17090614223817,T1_normal,-95.64513933333336,29.591588,115.0,-95.64513933333336,29.591588,230.0,70.2,89.8,3402,82.0,T2_watch,transformer,230.0,0.0,False,False
3402,7039,7038,420.0,70.17090614223817,T1_normal,-95.64513933333336,29.591588,115.0,-95.64513933333336,29.591588,230.0,70.2,89.8,3401,82.0,T2_watch,transformer,230.0,0.0,False,False
3403,7126,7038,750.0,14.473688811624566,T1_normal,-95.64513933333336,29.591588,230.0,-95.64513933333336,29.591588,230.0,14.5,26.6,4225,19.3,T1_normal,line,230.0,0.0,False,False
3404,7126,7038,750.0,14.473688811624566,T1_normal,-95.64513933333336,29.591588,230.0,-95.64513933333336,29.591588,230.0,14.5,26.6,4225,19.3,T1_normal,line,230.0,0.0,False,False
3405,7038,7184,647.0,27.233348130377543,T1_normal,-95.64513933333336,29.591588,230.0,-95.567913,29.5403555,230.0,27.2,35.5,3910,28.0,T1_normal,line,230.0,5.836979307162782,False,False
3406,7409,7038,750.0,14.01052191542571,T1_normal,-95.7842315,29.79427175,230.0,-95.64513933333336,29.591588,230.0,14.0,39.6,4225,29.9,T1_normal,line,230.0,16.30388721963368,False,False
3407,7409,7038,750.0,14.01052191542571,T1_normal,-95.7842315,29.79427175,230.0,-95.64513933333336,29.591588,230.0,14.0,39.6,4225,29.9,T1_normal,line,230.0,16.30388721963368,False,False
3408,7039,7049,213.8,31.41823615559375,T1_normal,-95.64513933333336,29.591588,115.0,-95.7842315,29.79427175,115.0,31.4,58.3,3431,43.6,T1_normal,line,115.0,16.30388721963368,False,False
3409,7039,7101,221.0,57.62910501984954,T1_normal,-95.64513933333336,29.591588,115.0,-95.41128715217393,29.77727818478261,115.0,57.6,74.6,3410,67.3,T1_normal,line,115.0,19.01731343522793,False,False
3410,7039,7101,221.0,57.62910501984954,T1_normal,-95.64513933333336,29.591588,115.0,-95.41128715217393,29.77727818478261,115.0,57.6,74.6,3409,67.3,T1_normal,line,115.0,19.01731343522793,False,False
3411,7039,7101,221.0,57.62910501984954,T1_normal,-95.64513933333336,29.591588,115.0,-95.41128715217393,29.77727818478261,115.0,57.6,74.6,3409,67.3,T1_normal,line,115.0,19.01731343522793,False,False
3412,7039,7397,240.0,39.76815457696466,T1_normal,-95.64513933333336,29.591588,115.0,-95.80023,29.56318,115.0,39.8,58.8,3430,51.8,T1_normal,line,115.0,9.523922238513157,False,False
3413,7041,7040,337.0,42.68665538277926,T1_normal,-94.921994,30.054436,115.0,-94.921994,30.054436,230.0,42.7,67.7,3414,66.9,T1_normal,transformer,230.0,0.0,False,False
3414,7041,7040,337.0,42.68665538277926,T1_normal,-94.921994,30.054436,115.0,-94.921994,30.054436,230.0,42.7,67.7,3413,66.9,T1_normal,transformer,230.0,0.0,False,False
3415,7040,7077,750.0,15.820022814898444,T1_normal,-94.921994,30.054436,230.0,-94.9321116,29.75354,230.0,15.8,25.4,3416,21.8,T1_normal,line,230.0,20.798966527265428,False,False
3416,7040,7077,750.0,15.820022814898444,T1_normal,-94.921994,30.054436,230.0,-94.9321116,29.75354,230.0,15.8,25.4,3415,21.8,T1_normal,line,230.0,20.798966527265428,False,False
3417,7041,7238,149.0,22.713723889467374,T1_normal,-94.921994,30.054436,115.0,-94.609877,30.042956500000003,115.0,22.7,45.2,4130,45.0,T1_normal,line,115.0,18.683886491289215,False,False
3418,7041,7394,221.0,36.19561282457641,T1_normal,-94.921994,30.054436,115.0,-95.040827,30.009659,115.0,36.2,53.3,3419,51.8,T1_normal,line,115.0,7.752436400407256,False,False
3419,7394,7041,221.0,36.19561282457641,T1_normal,-95.040827,30.009659,115.0,-94.921994,30.054436,115.0,36.2,53.3,3418,51.8,T1_normal,line,115.0,7.752436400407256,False,False
3420,7043,7042,1048.0,27.665097862918127,T1_normal,-97.00621414285716,28.74651585714286,230.0,-97.00621414285716,28.74651585714286,500.0,27.7,36.5,3351,29.0,T1_normal,transformer,500.0,0.0,False,False
3421,7045,7042,226.4,0.0010212626891881,T1_normal,-97.00621414285716,28.74651585714286,20.0,-97.00621414285716,28.74651585714286,500.0,0.0,0.0,3634,0.0,T1_normal,transformer,500.0,0.0,False,False
3422,7046,7042,142.9,0.0016180117063135,T1_normal,-97.00621414285716,28.74651585714286,20.0,-97.00621414285716,28.74651585714286,500.0,0.0,0.0,2582,0.0,T1_normal,transformer,500.0,0.0,False,False
3423,7058,7042,2295.0,25.94868972076289,T1_normal,-96.542544,28.663349333333333,500.0,-97.00621414285716,28.74651585714286,500.0,25.9,31.9,4302,29.6,T1_normal,line,500.0,28.681205818420583,False,False
3424,7044,7043,167.0,14.325979181678356,T1_normal,-97.00621414285716,28.74651585714286,115.0,-97.00621414285716,28.74651585714286,230.0,14.3,38.2,3420,36.2,T1_normal,transformer,230.0,0.0,False,False
3425,7044,7416,98.0,48.70649967663289,T1_normal,-97.00621414285716,28.74651585714286,115.0,-97.00621414285716,28.74651585714286,115.0,48.7,167.3,3426,166.0,T7_structural,line,115.0,0.0,True,False
3426,7044,13356,191.2,94.90957423206234,T3_prevent,-97.00621414285716,28.74651585714286,115.0,-97.00621414285716,28.74651585714286,115.0,94.9,114.4,3425,113.5,T5_moderate,line,115.0,0.0,True,False
3427,7048,7047,1125.0,70.87628245204826,T1_normal,-95.7842315,29.79427175,230.0,-95.7842315,29.79427175,500.0,70.9,85.7,4225,76.5,T2_watch,transformer,500.0,0.0,False,False
3428,7199,7047,2020.0,20.266091183005535,T1_normal,-95.708537,29.9660525,500.0,-95.7842315,29.79427175,500.0,20.3,33.7,3430,34.5,T1_normal,line,500.0,12.705843824100564,False,False
3429,7047,12691,2063.1,11.957180856986197,T1_normal,-95.7842315,29.79427175,500.0,-95.745,29.0728,500.0,12.0,17.7,3430,15.2,T1_normal,line,500.0,49.90530607359948,False,False
3430,7047,12880,2335.1,29.83832203447723,T1_normal,-95.7842315,29.79427175,500.0,-96.020566,29.225064,500.0,29.8,35.7,4974,32.3,T1_normal,line,500.0,41.817578964477775,False,False
3431,7049,7048,466.0,74.6070220347738,T1_normal,-95.7842315,29.79427175,115.0,-95.7842315,29.79427175,230.0,74.6,100.8,3432,89.0,T4_light,transformer,230.0,0.0,True,True
3432,7049,7048,466.0,74.6070220347738,T1_normal,-95.7842315,29.79427175,115.0,-95.7842315,29.79427175,230.0,74.6,100.8,3431,89.0,T4_light,transformer,230.0,0.0,True,True
3433,7228,7048,548.0,48.58450535952467,T1_normal,-95.41128715217393,29.77727818478261,230.0,-95.7842315,29.79427175,230.0,48.6,81.0,4002,74.2,T2_watch,line,230.0,22.39476928505675,False,False
3434,7342,7048,548.0,31.13983770750176,T1_normal,-95.7842315,29.79427175,230.0,-95.7842315,29.79427175,230.0,31.1,79.2,3427,67.2,T1_normal,line,230.0,0.0,False,False
3435,7049,7089,221.0,24.229606107364937,T1_normal,-95.7842315,29.79427175,115.0,-95.41128715217393,29.77727818478261,115.0,24.2,31.3,4020,28.5,T1_normal,line,115.0,22.39476928505675,False,False
3436,7049,7229,171.0,60.24501869217455,T1_normal,-95.7842315,29.79427175,115.0,-95.41128715217393,29.77727818478261,115.0,60.2,114.2,3431,94.5,T5_moderate,line,115.0,22.39476928505675,True,True
3437,7315,7049,221.0,46.75402865564224,T1_normal,-95.7842315,29.79427175,115.0,-95.7842315,29.79427175,115.0,46.8,65.9,3438,38.7,T1_normal,line,115.0,0.0,False,False
3438,7315,7049,221.0,46.75402865564224,T1_normal,-95.7842315,29.79427175,115.0,-95.7842315,29.79427175,115.0,46.8,65.9,3437,38.7,T1_normal,line,115.0,0.0,False,False
3439,7315,7049,221.0,46.75402865564224,T1_normal,-95.7842315,29.79427175,115.0,-95.7842315,29.79427175,115.0,46.8,65.9,3437,38.7,T1_normal,line,115.0,0.0,False,False
3440,7050,7090,221.0,52.4259129350348,T1_normal,-95.698237,30.1865575,115.0,-95.669154,30.160534,115.0,52.4,93.8,3441,35.6,T3_prevent,line,115.0,2.500180684182822,False,False
3441,7050,7090,221.0,52.4259129350348,T1_normal,-95.698237,30.1865575,115.0,-95.669154,30.160534,115.0,52.4,93.8,3440,35.6,T3_prevent,line,115.0,2.500180684182822,False,False
3442,7050,7251,149.0,42.57917789073778,T1_normal,-95.698237,30.1865575,115.0,-95.833733,30.047619,115.0,42.6,82.6,3443,15.5,T2_watch,line,115.0,12.559310170785734,False,False
3443,7050,7251,132.5,72.64117744577608,T1_normal,-95.698237,30.1865575,115.0,-95.833733,30.047619,115.0,72.6,109.2,3307,26.5,T4_light,line,115.0,12.559310170785734,True,True
3444,7051,7067,143.1,43.507611522836584,T1_normal,-95.41128715217393,29.77727818478261,115.0,-95.41128715217393,29.77727818478261,115.0,43.5,72.8,3506,69.0,T1_normal,line,115.0,0.0,False,False
3445,7051,7086,149.0,15.83622781470378,T1_normal,-95.41128715217393,29.77727818478261,115.0,-95.41128715217393,29.77727818478261,115.0,15.8,21.9,3448,18.1,T1_normal,line,115.0,0.0,False,False
3446,7051,7181,98.0,8.32599708771566,T1_normal,-95.41128715217393,29.77727818478261,115.0,-95.41128715217393,29.77727818478261,115.0,8.3,62.3,3882,55.2,T1_normal,line,115.0,0.0,False,False
3447,7276,7051,221.0,1.7140204645854211,T1_normal,-95.41128715217393,29.77727818478261,115.0,-95.41128715217393,29.77727818478261,115.0,1.7,10.5,3448,9.2,T1_normal,line,115.0,0.0,False,False
3448,7051,7365,221.0,58.21497699946744,T1_normal,-95.41128715217393,29.77727818478261,115.0,-95.41128715217393,29.77727818478261,115.0,58.2,87.1,3449,83.2,T2_watch,line,115.0,0.0,False,False
3449,7051,7365,221.0,58.21497699946744,T1_normal,-95.41128715217393,29.77727818478261,115.0,-95.41128715217393,29.77727818478261,115.0,58.2,87.1,3448,83.2,T2_watch,line,115.0,0.0,False,False
3450,7051,7385,108.0,2.8260118175161546,T1_normal,-95.41128715217393,29.77727818478261,115.0,-95.41128715217393,29.77727818478261,115.0,2.8,11.0,4273,11.2,T1_normal,line,115.0,0.0,False,False
3451,7052,7053,221.0,36.17804353683937,T1_normal,-95.567913,29.5403555,115.0,-95.733244,29.47971475,115.0,36.2,45.4,4083,40.7,T1_normal,line,115.0,10.788301492559713,False,False
3452,7052,7053,221.0,36.17804353683937,T1_normal,-95.567913,29.5403555,115.0,-95.733244,29.47971475,115.0,36.2,45.4,4083,40.7,T1_normal,line,115.0,10.788301492559713,False,False
3453,7052,7053,221.0,36.17804353683937,T1_normal,-95.567913,29.5403555,115.0,-95.733244,29.47971475,115.0,36.2,45.4,4083,40.7,T1_normal,line,115.0,10.788301492559713,False,False
3454,7052,7183,221.0,34.41424277680176,T1_normal,-95.567913,29.5403555,115.0,-95.41128715217393,29.77727818478261,115.0,34.4,43.2,3459,38.5,T1_normal,line,115.0,18.87889353127657,False,False
3455,7052,7221,149.0,21.67605431823661,T1_normal,-95.567913,29.5403555,115.0,-95.41128715217393,29.77727818478261,115.0,21.7,32.9,3459,28.5,T1_normal,line,115.0,18.87889353127657,False,False
3456,7052,7248,104.6,69.09483466156856,T1_normal,-95.567913,29.5403555,115.0,-95.41128715217393,29.77727818478261,115.0,69.1,82.9,3459,72.6,T2_watch,line,115.0,18.87889353127657,False,False
3457,7052,7256,221.0,36.0259189082842,T1_normal,-95.567913,29.5403555,115.0,-95.41128715217393,29.77727818478261,115.0,36.0,57.2,3458,53.4,T1_normal,line,115.0,18.87889353127657,False,False
3458,7256,7052,221.0,36.0259189082842,T1_normal,-95.41128715217393,29.77727818478261,115.0,-95.567913,29.5403555,115.0,36.0,57.2,3457,53.4,T1_normal,line,115.0,18.87889353127657,False,False
3459,7052,7417,132.7,84.25696736771572,T2_watch,-95.567913,29.5403555,115.0,-95.41128715217393,29.77727818478261,115.0,84.3,98.9,3454,85.5,T3_prevent,line,115.0,18.87889353127657,False,False
3460,7053,7087,205.1,53.53310416576768,T1_normal,-95.733244,29.47971475,115.0,-95.64513933333336,29.591588,115.0,53.5,57.9,3629,52.9,T1_normal,line,115.0,9.370256861982588,False,False
3461,7053,7127,137.8,3.1546347391605742,T1_normal,-95.733244,29.47971475,115.0,-95.64513933333336,29.591588,115.0,3.2,24.4,3467,23.3,T1_normal,line,115.0,9.370256861982588,False,False
3462,7053,7185,139.0,10.740491726488658,T1_normal,-95.733244,29.47971475,115.0,-95.567913,29.5403555,115.0,10.7,47.5,3467,44.7,T1_normal,line,115.0,10.788301492559713,False,False
3463,7053,7348,250.0,8.635656907274694,T1_normal,-95.733244,29.47971475,115.0,-95.6326335,29.479039,115.0,8.6,14.8,3466,12.3,T1_normal,line,115.0,6.051768819226686,False,False
3464,7053,7348,250.0,8.635656907274694,T1_normal,-95.733244,29.47971475,115.0,-95.6326335,29.479039,115.0,8.6,14.8,3466,12.3,T1_normal,line,115.0,6.051768819226686,False,False
3465,7053,7348,250.0,8.635656907274694,T1_normal,-95.733244,29.47971475,115.0,-95.6326335,29.479039,115.0,8.6,14.8,3466,12.3,T1_normal,line,115.0,6.051768819226686,False,False
3466,7053,7348,253.0,66.8726964376675,T1_normal,-95.733244,29.47971475,115.0,-95.6326335,29.479039,115.0,66.9,101.9,3467,93.2,T4_light,line,115.0,6.051768819226686,True,True
3467,7053,12596,600.0,45.59667516902526,T1_normal,-95.733244,29.47971475,115.0,-95.733244,29.47971475,500.0,45.6,52.3,4338,56.0,T1_normal,transformer,500.0,0.0,False,False
3468,7053,13378,130.9,17.99024343616834,T1_normal,-95.733244,29.47971475,115.0,-95.6326335,29.479039,115.0,18.0,42.2,3467,39.2,T1_normal,line,115.0,6.051768819226686,False,False
3469,7054,7086,98.0,20.851715379818476,T1_normal,-95.41128715217393,29.77727818478261,115.0,-95.41128715217393,29.77727818478261,115.0,20.9,47.4,3471,41.2,T1_normal,line,115.0,0.0,False,False
3470,7054,7173,120.9,63.4405021211966,T1_normal,-95.41128715217393,29.77727818478261,115.0,-95.1894825,30.049941,115.0,63.4,90.2,3472,91.9,T3_prevent,line,115.0,23.051660444527545,False,False
3471,7243,7054,221.0,56.30176679172006,T1_normal,-98.1803245,31.84167,115.0,-95.41128715217393,29.77727818478261,115.0,56.3,70.1,3767,65.0,T1_normal,line,115.0,217.5780479015591,False,False
3472,7054,7387,150.0,70.35681685865853,T1_normal,-95.41128715217393,29.77727818478261,115.0,-95.231858,30.0059,115.0,70.4,91.3,3470,93.8,T3_prevent,line,115.0,19.10631980359312,False,False
3473,7054,13358,130.2,50.09708731246168,T1_normal,-95.41128715217393,29.77727818478261,115.0,-95.41128715217393,29.77727818478261,115.0,50.1,84.3,3471,88.6,T2_watch,line,115.0,0.0,False,False
3474,7055,7124,221.0,29.946937445488167,T1_normal,-95.41128715217393,29.77727818478261,115.0,-95.41128715217393,29.77727818478261,115.0,29.9,35.9,3475,32.7,T1_normal,line,115.0,0.0,False,False
3475,7055,7124,221.0,29.946937445488167,T1_normal,-95.41128715217393,29.77727818478261,115.0,-95.41128715217393,29.77727818478261,115.0,29.9,35.9,3474,32.7,T1_normal,line,115.0,0.0,False,False
3476,7188,7055,221.0,60.2406401797815,T1_normal,-95.41128715217393,29.77727818478261,115.0,-95.41128715217393,29.77727818478261,115.0,60.2,73.5,3477,66.1,T1_normal,line,115.0,0.0,False,False
3477,7188,7055,221.0,60.2406401797815,T1_normal,-95.41128715217393,29.77727818478261,115.0,-95.41128715217393,29.77727818478261,115.0,60.2,73.5,3476,66.1,T1_normal,line,115.0,0.0,False,False
3478,7188,7055,221.0,60.2406401797815,T1_normal,-95.41128715217393,29.77727818478261,115.0,-95.41128715217393,29.77727818478261,115.0,60.2,73.5,3476,66.1,T1_normal,line,115.0,0.0,False,False
3479,7188,7055,221.0,60.2406401797815,T1_normal,-95.41128715217393,29.77727818478261,115.0,-95.41128715217393,29.77727818478261,115.0,60.2,73.5,3476,66.1,T1_normal,line,115.0,0.0,False,False
3480,7250,7055,250.0,24.15775176608491,T1_normal,-95.41128715217393,29.77727818478261,115.0,-95.41128715217393,29.77727818478261,115.0,24.2,36.5,3481,30.4,T1_normal,line,115.0,0.0,False,False
3481,7250,7055,250.0,24.15775176608491,T1_normal,-95.41128715217393,29.77727818478261,115.0,-95.41128715217393,29.77727818478261,115.0,24.2,36.5,3480,30.4,T1_normal,line,115.0,0.0,False,False
3482,7055,7382,195.6,69.44265635969039,T1_normal,-95.41128715217393,29.77727818478261,115.0,-95.41128715217393,29.77727818478261,115.0,69.4,84.8,3959,78.1,T2_watch,line,115.0,0.0,False,False
3483,7057,7056,377.0,49.27181559799243,T1_normal,-95.47181825,30.112047375,115.0,-95.47181825,30.112047375,230.0,49.3,62.3,3964,63.1,T1_normal,transformer,230.0,0.0,False,False
3484,7056,7156,443.0,14.7653536561114,T1_normal,-95.47181825,30.112047375,230.0,-95.47181825,30.112047375,230.0,14.8,37.3,3809,43.7,T1_normal,line,230.0,0.0,False,False
3485,7056,7160,750.0,26.786442031633207,T1_normal,-95.47181825,30.112047375,230.0,-95.41128715217393,29.77727818478261,230.0,26.8,37.5,4275,28.7,T1_normal,line,230.0,23.412752672456016,False,False
3486,7056,7420,443.0,9.78739023140475,T1_normal,-95.47181825,30.112047375,230.0,-95.698237,30.1865575,230.0,9.8,30.9,3930,20.2,T1_normal,line,230.0,14.47434017232987,False,False
3487,7215,7057,221.0,3.127703508679962,T1_normal,-95.47181825,30.112047375,115.0,-95.47181825,30.112047375,115.0,3.1,45.2,3483,44.7,T1_normal,line,115.0,0.0,False,False
3488,7215,7057,221.0,3.127703508679962,T1_normal,-95.47181825,30.112047375,115.0,-95.47181825,30.112047375,115.0,3.1,45.2,3483,44.7,T1_normal,line,115.0,0.0,False,False
3489,7059,7058,605.0,16.584112636511634,T1_normal,-96.542544,28.663349333333333,230.0,-96.542544,28.663349333333333,500.0,16.6,34.7,4301,29.5,T1_normal,transformer,500.0,0.0,False,False
3490,7061,7058,159.8,0.0,T1_normal,-96.542544,28.663349333333333,13.8,-96.542544,28.663349333333333,500.0,0.0,0.0,-1,0.0,T1_normal,transformer,500.0,0.0,False,False
3491,7062,7058,129.1,0.0,T1_normal,-96.542544,28.663349333333333,13.8,-96.542544,28.663349333333333,500.0,0.0,0.0,-1,0.0,T1_normal,transformer,500.0,0.0,False,False
3492,7063,7058,116.8,0.0,T1_normal,-96.542544,28.663349333333333,13.8,-96.542544,28.663349333333333,500.0,0.0,0.0,-1,0.0,T1_normal,transformer,500.0,0.0,False,False
3493,7064,7058,100.4,0.0,T1_normal,-96.542544,28.663349333333333,13.8,-96.542544,28.663349333333333,500.0,0.0,0.0,-1,0.0,T1_normal,transformer,500.0,0.0,False,False
3494,7065,7058,104.4,0.0,T1_normal,-96.542544,28.663349333333333,13.8,-96.542544,28.663349333333333,500.0,0.0,0.0,-1,0.0,T1_normal,transformer,500.0,0.0,False,False
3495,7066,7058,92.5,0.0,T1_normal,-96.542544,28.663349333333333,13.8,-96.542544,28.663349333333333,500.0,0.0,0.0,-1,0.0,T1_normal,transformer,500.0,0.0,False,False
3496,7058,7095,2295.0,4.775458475348984,T1_normal,-96.542544,28.663349333333333,500.0,-96.0481,28.795,500.0,4.8,17.9,3497,16.2,T1_normal,line,500.0,31.308238040666907,False,False
3497,7406,7058,2020.0,34.88908606599727,T1_normal,-96.542544,28.663349333333333,500.0,-96.542544,28.663349333333333,500.0,34.9,50.8,3631,46.0,T1_normal,line,500.0,0.0,False,False
3498,12542,7058,121.7,0.0,T1_normal,-96.542544,28.663349333333333,13.8,-96.542544,28.663349333333333,500.0,0.0,0.0,-1,0.0,T1_normal,transformer,500.0,0.0,False,False
3499,12543,7058,119.0,0.0,T1_normal,-96.542544,28.663349333333333,13.8,-96.542544,28.663349333333333,500.0,0.0,0.0,-1,0.0,T1_normal,transformer,500.0,0.0,False,False
3500,7060,7059,188.0,9.306073634211767,T1_normal,-96.542544,28.663349333333333,115.0,-96.542544,28.663349333333333,230.0,9.3,37.3,3502,33.1,T1_normal,transformer,230.0,0.0,False,False
3501,7059,7407,443.0,18.699427317963284,T1_normal,-96.542544,28.663349333333333,230.0,-96.542544,28.663349333333333,230.0,18.7,44.8,4301,38.4,T1_normal,line,230.0,0.0,False,False
3502,7129,7060,172.0,73.98804824081,T1_normal,-96.556418,28.852327,115.0,-96.542544,28.663349333333333,115.0,74.0,93.4,3276,85.9,T3_prevent,line,115.0,13.084256515511248,False,False
3503,7060,7408,113.5,4.61692830193083,T1_normal,-96.542544,28.663349333333333,115.0,-96.542544,28.663349333333333,115.0,4.6,57.0,3504,50.7,T1_normal,line,115.0,0.0,False,False
3504,7060,13122,216.0,54.07675364683763,T1_normal,-96.542544,28.663349333333333,115.0,-96.70457766666668,28.589903333333336,115.0,54.1,90.9,4309,84.9,T3_prevent,line,115.0,11.059966639486236,False,False
3505,7060,13355,127.6,17.796912152547765,T1_normal,-96.542544,28.663349333333333,115.0,-96.542544,28.663349333333333,115.0,17.8,67.4,4310,65.0,T1_normal,line,115.0,0.0,False,False
3506,7067,7148,154.0,71.44278393905891,T1_normal,-95.41128715217393,29.77727818478261,115.0,-95.41128715217393,29.77727818478261,115.0,71.4,89.2,3444,85.9,T2_watch,line,115.0,0.0,False,False
3507,7067,7245,98.0,21.5542587987225,T1_normal,-95.41128715217393,29.77727818478261,115.0,-95.41128715217393,29.77727818478261,115.0,21.6,40.5,3506,42.2,T1_normal,line,115.0,0.0,False,False
3508,7067,7291,134.0,47.399207308503144,T1_normal,-95.41128715217393,29.77727818478261,115.0,-95.231858,30.0059,115.0,47.4,78.8,4140,81.1,T1_normal,line,115.0,19.10631980359312,False,False
3509,7067,7344,98.0,18.5180022276676,T1_normal,-95.41128715217393,29.77727818478261,115.0,-95.41128715217393,29.77727818478261,115.0,18.5,44.7,3506,42.6,T1_normal,line,115.0,0.0,False,False
3510,7067,7394,117.0,9.387996886809605,T1_normal,-95.41128715217393,29.77727818478261,115.0,-95.040827,30.009659,115.0,9.4,19.3,3418,21.7,T1_normal,line,115.0,27.39053795742277,False,False
3511,7069,7068,145.8,51.40884110356298,T1_normal,-96.2086544,29.0561128,115.0,-96.2086544,29.0561128,230.0,51.4,77.6,4688,71.3,T1_normal,transformer,230.0,0.0,False,False
3512,7305,7068,548.0,13.677753709670636,T1_normal,-96.087226,29.2829165,230.0,-96.2086544,29.0561128,230.0,13.7,20.6,4688,19.0,T1_normal,line,230.0,17.29866183978989,False,False
3513,12635,7068,616.3,0.0,T1_normal,-96.2086544,29.0561128,20.0,-96.2086544,29.0561128,230.0,0.0,0.0,-1,0.0,T1_normal,transformer,230.0,0.0,False,False
3514,7069,7413,149.0,17.58785883960076,T1_normal,-96.2086544,29.0561128,115.0,-96.087226,29.2829165,115.0,17.6,67.9,3511,67.9,T1_normal,line,115.0,17.29866183978989,False,False
3515,7070,7100,221.0,7.092533946323682,T1_normal,-95.41128715217393,29.77727818478261,115.0,-95.41128715217393,29.77727818478261,115.0,7.1,10.9,3516,12.6,T1_normal,line,115.0,0.0,False,False
3516,7070,7257,98.0,76.41422890851915,T1_normal,-95.41128715217393,29.77727818478261,115.0,-95.3149035,29.5534395,115.0,76.4,93.4,3855,81.8,T3_prevent,line,115.0,16.513043983472688,False,False
3517,7070,7259,122.9,2.5649886078081283,T1_normal,-95.41128715217393,29.77727818478261,115.0,-95.41128715217393,29.77727818478261,115.0,2.6,42.5,3362,40.0,T1_normal,line,115.0,0.0,False,False
3518,7070,7317,221.0,23.212075903340853,T1_normal,-95.41128715217393,29.77727818478261,115.0,-95.192133,29.515074,115.0,23.2,31.2,3516,25.5,T1_normal,line,115.0,22.392056318076904,False,False
3519,7070,7398,149.0,12.160928289451396,T1_normal,-95.41128715217393,29.77727818478261,115.0,-95.1431518,29.6833732,115.0,12.2,19.6,3520,19.1,T1_normal,line,115.0,17.346991535108085,False,False
3520,7070,7398,131.3,14.918855077675309,T1_normal,-95.41128715217393,29.77727818478261,115.0,-95.1431518,29.6833732,115.0,14.9,23.0,3519,22.4,T1_normal,line,115.0,17.346991535108085,False,False
3521,7070,7403,118.7,10.020791726527086,T1_normal,-95.41128715217393,29.77727818478261,115.0,-95.1431518,29.6833732,115.0,10.0,16.2,3516,15.3,T1_normal,line,115.0,17.346991535108085,False,False
3522,7071,7123,221.0,11.60935861839547,T1_normal,-96.491788,28.444644,115.0,-96.574173,28.429626,115.0,11.6,27.8,3628,24.6,T1_normal,line,115.0,5.111906099080739,False,False
3523,7408,7071,221.0,14.197593912513106,T1_normal,-96.542544,28.663349333333333,115.0,-96.491788,28.444644,115.0,14.2,30.4,3628,27.2,T1_normal,line,115.0,15.42201367686051,False,False
3524,7072,7084,221.0,33.66270425437087,T1_normal,-95.031051,29.456766,115.0,-95.08195,29.50069,115.0,33.7,53.7,3525,58.5,T1_normal,line,115.0,4.310858357943092,False,False
3525,7072,7084,221.0,33.66270425437087,T1_normal,-95.031051,29.456766,115.0,-95.08195,29.50069,115.0,33.7,53.7,3524,58.5,T1_normal,line,115.0,4.310858357943092,False,False
3526,7072,7232,186.2,32.5153929352212,T1_normal,-95.031051,29.456766,115.0,-94.943829,29.378697,115.0,32.5,55.4,3365,57.0,T1_normal,line,115.0,7.526843856453819,False,False
3527,7072,7232,186.2,32.5153929352212,T1_normal,-95.031051,29.456766,115.0,-94.943829,29.378697,115.0,32.5,55.4,3365,57.0,T1_normal,line,115.0,7.526843856453819,False,False
3528,7072,13408,195.9,21.0498534834552,T1_normal,-95.031051,29.456766,115.0,-94.945159,29.3895056,115.0,21.0,36.0,3365,37.0,T1_normal,line,115.0,6.951080343222224,False,False
3529,7074,7073,185.0,60.500188180912104,T1_normal,-94.84457,29.28062966666667,115.0,-94.84457,29.28062966666667,230.0,60.5,98.6,4116,98.2,T3_prevent,transformer,230.0,0.0,False,False
3530,7171,7073,443.0,25.193247168604685,T1_normal,-94.945159,29.3895056,230.0,-94.84457,29.28062966666667,230.0,25.2,36.8,4116,36.4,T1_normal,line,230.0,9.659239620404565,False,False
3531,7205,7073,548.0,0.0582597039725105,T1_normal,-94.9321116,29.75354,230.0,-94.84457,29.28062966666667,230.0,0.1,14.4,3530,14.1,T1_normal,line,230.0,33.09653501883779,False,False
3532,7405,7074,149.0,13.902450916316916,T1_normal,-94.84457,29.28062966666667,115.0,-94.84457,29.28062966666667,115.0,13.9,89.0,3529,89.0,T2_watch,line,115.0,0.0,False,False
3533,7075,7387,221.0,22.105471266657062,T1_normal,-95.41128715217393,29.77727818478261,115.0,-95.231858,30.0059,115.0,22.1,29.8,3472,28.2,T1_normal,line,115.0,19.10631980359312,False,False
3534,7075,7387,221.0,22.105471266657062,T1_normal,-95.41128715217393,29.77727818478261,115.0,-95.231858,30.0059,115.0,22.1,29.8,3472,28.2,T1_normal,line,115.0,19.10631980359312,False,False
3535,7075,7398,221.0,2.2174506916511927,T1_normal,-95.41128715217393,29.77727818478261,115.0,-95.1431518,29.6833732,115.0,2.2,5.4,3678,5.8,T1_normal,line,115.0,17.346991535108085,False,False
3536,7075,7398,221.0,2.2174506916511927,T1_normal,-95.41128715217393,29.77727818478261,115.0,-95.1431518,29.6833732,115.0,2.2,5.4,3678,5.8,T1_normal,line,115.0,17.346991535108085,False,False
3537,7075,7403,111.2,23.868843262021393,T1_normal,-95.41128715217393,29.77727818478261,115.0,-95.1431518,29.6833732,115.0,23.9,40.5,3293,36.2,T1_normal,line,115.0,17.346991535108085,False,False
3538,12933,7075,129.4,1.5944091136660818,T1_normal,-95.41128715217393,29.77727818478261,20.0,-95.41128715217393,29.77727818478261,115.0,1.6,1.6,-1,0.0,T1_normal,transformer,115.0,0.0,False,False
3539,12934,7075,127.4,1.6194390840531652,T1_normal,-95.41128715217393,29.77727818478261,20.0,-95.41128715217393,29.77727818478261,115.0,1.6,1.6,11,0.0,T1_normal,transformer,115.0,0.0,False,False
3540,7077,7076,1233.0,33.11611831035528,T1_normal,-94.9321116,29.75354,230.0,-94.9321116,29.75354,500.0,33.1,37.1,3945,34.5,T1_normal,transformer,500.0,0.0,False,False
3541,7079,7076,1008.6,0.0,T1_normal,-94.9321116,29.75354,13.8,-94.9321116,29.75354,500.0,0.0,0.0,-1,0.0,T1_normal,transformer,500.0,0.0,False,False
3542,7080,7076,917.6,0.0,T1_normal,-94.9321116,29.75354,13.8,-94.9321116,29.75354,500.0,0.0,0.0,-1,0.0,T1_normal,transformer,500.0,0.0,False,False
3543,7204,7076,2020.0,2.356881598162187,T1_normal,-94.9321116,29.75354,500.0,-94.9321116,29.75354,500.0,2.4,12.0,3545,11.1,T1_normal,line,500.0,0.0,False,False
3544,7076,7422,2020.0,1.5482775822084789,T1_normal,-94.9321116,29.75354,500.0,-95.21873266666668,29.305820666666666,500.0,1.5,5.4,3545,4.5,T1_normal,line,500.0,35.41009229599333,False,False
3545,7076,12743,2419.1,13.618185412888456,T1_normal,-94.9321116,29.75354,500.0,-95.069071,29.842662,500.0,13.6,20.8,3742,23.1,T1_normal,line,500.0,10.264196456582162,False,False
3546,7078,7077,220.0,69.02654609852377,T1_normal,-94.9321116,29.75354,115.0,-94.9321116,29.75354,230.0,69.0,79.9,3948,79.0,T1_normal,transformer,230.0,0.0,False,False
3547,7077,7282,523.0,3.6640526054407703,T1_normal,-94.9321116,29.75354,230.0,-94.9321116,29.75354,230.0,3.7,46.1,3540,41.5,T1_normal,line,230.0,0.0,False,False
3548,7206,7078,149.0,43.27817610696265,T1_normal,-94.9321116,29.75354,115.0,-94.9321116,29.75354,115.0,43.3,59.9,3951,58.2,T1_normal,line,115.0,0.0,False,False
3549,7078,7279,221.0,20.472202717327587,T1_normal,-94.9321116,29.75354,115.0,-94.9019,29.7731,115.0,20.5,40.7,3551,40.2,T1_normal,line,115.0,2.2605562438795337,False,False
3550,7078,7279,221.0,20.472202717327587,T1_normal,-94.9321116,29.75354,115.0,-94.9019,29.7731,115.0,20.5,40.7,3551,40.2,T1_normal,line,115.0,2.2605562438795337,False,False
3551,7078,7283,220.0,67.72733902928188,T1_normal,-94.9321116,29.75354,115.0,-94.9321116,29.75354,115.0,67.7,88.8,4132,87.8,T2_watch,line,115.0,0.0,False,False
3552,7078,13253,112.9,20.499909706728065,T1_normal,-94.9321116,29.75354,115.0,-94.9321116,29.75354,115.0,20.5,35.6,3546,35.6,T1_normal,line,115.0,0.0,False,False
3553,7084,7083,355.0,9.288851717701478,T1_normal,-95.08195,29.50069,115.0,-95.08195,29.50069,230.0,9.3,14.1,3554,12.0,T1_normal,transformer,230.0,0.0,False,False
3554,7084,7083,355.0,9.288851717701478,T1_normal,-95.08195,29.50069,115.0,-95.08195,29.50069,230.0,9.3,14.1,3553,12.0,T1_normal,transformer,230.0,0.0,False,False
3555,7083,7105,548.0,7.386949650282317,T1_normal,-95.08195,29.50069,230.0,-95.134508,29.713414,230.0,7.4,14.3,3664,13.1,T1_normal,line,230.0,15.033260889055049,False,False
3556,7083,7171,548.0,10.87824367663704,T1_normal,-95.08195,29.50069,230.0,-94.945159,29.3895056,230.0,10.9,19.9,3530,20.9,T1_normal,line,230.0,11.258701629032371,False,False
3557,7083,7184,443.0,34.78649100450319,T1_normal,-95.08195,29.50069,230.0,-95.567913,29.5403555,230.0,34.8,42.7,3712,33.5,T1_normal,line,230.0,29.34639210792966,False,False
3558,7083,7264,647.0,9.124378602202723,T1_normal,-95.08195,29.50069,230.0,-95.1431518,29.6833732,230.0,9.1,15.2,4103,13.1,T1_normal,line,230.0,13.1470273450539,False,False
3559,7423,7083,443.0,10.891844167594323,T1_normal,-95.21873266666668,29.305820666666666,230.0,-95.08195,29.50069,230.0,10.9,37.8,4338,39.5,T1_normal,line,230.0,15.782198479939195,False,False
3560,13347,7083,121.2,0.0,T1_normal,-95.08195,29.50069,20.0,-95.08195,29.50069,230.0,0.0,0.0,-1,0.0,T1_normal,transformer,230.0,0.0,False,False
3561,7085,7244,221.0,12.23327065954338,T1_normal,-95.2783065,29.276466,115.0,-95.31001,29.45566,115.0,12.2,16.4,3562,15.0,T1_normal,line,115.0,12.52755979923538,False,False
3562,7085,7244,221.0,12.23327065954338,T1_normal,-95.2783065,29.276466,115.0,-95.31001,29.45566,115.0,12.2,16.4,3561,15.0,T1_normal,line,115.0,12.52755979923538,False,False
3563,7412,7085,221.0,22.534080548846372,T1_normal,-95.295533,29.281605,115.0,-95.2783065,29.276466,115.0,22.5,36.1,4961,36.2,T1_normal,line,115.0,1.0972340913781946,False,False
3564,7412,7085,221.0,22.534080548846372,T1_normal,-95.295533,29.281605,115.0,-95.2783065,29.276466,115.0,22.5,36.1,4961,36.2,T1_normal,line,115.0,1.0972340913781946,False,False
3565,7085,12749,600.0,20.508838588263483,T1_normal,-95.2783065,29.276466,115.0,-95.2783065,29.276466,500.0,20.5,44.6,4961,43.1,T1_normal,transformer,500.0,0.0,False,False
3566,7085,12982,128.4,0.062281039553327,T1_normal,-95.2783065,29.276466,115.0,-95.42685,29.295201,115.0,0.1,24.6,4961,28.1,T1_normal,line,115.0,9.044816201619993,False,False
3567,7085,13152,155.0,16.625626301696688,T1_normal,-95.2783065,29.276466,115.0,-94.945159,29.3895056,115.0,16.6,23.2,3955,13.7,T1_normal,line,115.0,21.53360723593284,False,False
3568,7085,13287,127.9,18.83490793088164,T1_normal,-95.2783065,29.276466,115.0,-95.21873266666668,29.305820666666666,115.0,18.8,32.7,3569,30.5,T1_normal,line,115.0,4.123260780044191,False,False
3569,7085,13406,110.8,32.77848870103296,T1_normal,-95.2783065,29.276466,115.0,-95.21873266666668,29.305820666666666,115.0,32.8,46.7,4317,44.1,T1_normal,line,115.0,4.123260780044191,False,False
3570,7086,7222,149.0,13.095691771533598,T1_normal,-95.41128715217393,29.77727818478261,115.0,-95.41128715217393,29.77727818478261,115.0,13.1,20.1,3983,19.1,T1_normal,line,115.0,0.0,False,False
3571,7086,7333,130.8,80.46722527337285,T2_watch,-95.41128715217393,29.77727818478261,115.0,-95.1431518,29.6833732,115.0,80.5,89.7,3645,80.3,T2_watch,line,115.0,17.346991535108085,False,False
3572,7086,7419,221.0,8.087174572029824,T1_normal,-95.41128715217393,29.77727818478261,115.0,-95.062261,29.713119,115.0,8.1,14.0,3571,11.2,T1_normal,line,115.0,21.402302296559135,False,False
3573,7086,7419,221.0,8.087174572029824,T1_normal,-95.41128715217393,29.77727818478261,115.0,-95.062261,29.713119,115.0,8.1,14.0,3571,11.2,T1_normal,line,115.0,21.402302296559135,False,False
3574,7087,7127,250.0,52.436895491384234,T1_normal,-95.64513933333336,29.591588,115.0,-95.64513933333336,29.591588,115.0,52.4,56.9,3629,50.3,T1_normal,line,115.0,0.0,False,False
3575,7087,7127,250.0,52.436895491384234,T1_normal,-95.64513933333336,29.591588,115.0,-95.64513933333336,29.591588,115.0,52.4,56.9,3629,50.3,T1_normal,line,115.0,0.0,False,False
3576,7087,7127,250.0,52.436895491384234,T1_normal,-95.64513933333336,29.591588,115.0,-95.64513933333336,29.591588,115.0,52.4,56.9,3629,50.3,T1_normal,line,115.0,0.0,False,False
3577,7087,7127,250.0,52.436895491384234,T1_normal,-95.64513933333336,29.591588,115.0,-95.64513933333336,29.591588,115.0,52.4,56.9,3629,50.3,T1_normal,line,115.0,0.0,False,False
3578,7087,7127,250.0,52.436895491384234,T1_normal,-95.64513933333336,29.591588,115.0,-95.64513933333336,29.591588,115.0,52.4,56.9,3629,50.3,T1_normal,line,115.0,0.0,False,False
3579,7087,7127,250.0,52.436895491384234,T1_normal,-95.64513933333336,29.591588,115.0,-95.64513933333336,29.591588,115.0,52.4,56.9,3629,50.3,T1_normal,line,115.0,0.0,False,False
3580,7087,7127,250.0,52.436895491384234,T1_normal,-95.64513933333336,29.591588,115.0,-95.64513933333336,29.591588,115.0,52.4,56.9,3629,50.3,T1_normal,line,115.0,0.0,False,False
3581,7087,7127,250.0,52.436895491384234,T1_normal,-95.64513933333336,29.591588,115.0,-95.64513933333336,29.591588,115.0,52.4,56.9,3629,50.3,T1_normal,line,115.0,0.0,False,False
3582,7087,7127,250.0,52.436895491384234,T1_normal,-95.64513933333336,29.591588,115.0,-95.64513933333336,29.591588,115.0,52.4,56.9,3629,50.3,T1_normal,line,115.0,0.0,False,False
3583,7087,7221,250.0,53.628053593699995,T1_normal,-95.64513933333336,29.591588,115.0,-95.41128715217393,29.77727818478261,115.0,53.6,61.6,3584,54.0,T1_normal,line,115.0,19.01731343522793,False,False
3584,7087,7221,250.0,53.628053593699995,T1_normal,-95.64513933333336,29.591588,115.0,-95.41128715217393,29.77727818478261,115.0,53.6,61.6,3583,54.0,T1_normal,line,115.0,19.01731343522793,False,False
3585,7087,7221,250.0,53.628053593699995,T1_normal,-95.64513933333336,29.591588,115.0,-95.41128715217393,29.77727818478261,115.0,53.6,61.6,3583,54.0,T1_normal,line,115.0,19.01731343522793,False,False
3586,7087,7336,250.0,30.884045012125796,T1_normal,-95.64513933333336,29.591588,115.0,-95.567968,29.62431,115.0,30.9,36.1,3591,31.7,T1_normal,line,115.0,5.157789810930096,False,False
3587,7087,7336,250.0,30.884045012125796,T1_normal,-95.64513933333336,29.591588,115.0,-95.567968,29.62431,115.0,30.9,36.1,3591,31.7,T1_normal,line,115.0,5.157789810930096,False,False
3588,7087,7336,250.0,30.884045012125796,T1_normal,-95.64513933333336,29.591588,115.0,-95.567968,29.62431,115.0,30.9,36.1,3591,31.7,T1_normal,line,115.0,5.157789810930096,False,False
3589,7087,7336,250.0,30.884045012125796,T1_normal,-95.64513933333336,29.591588,115.0,-95.567968,29.62431,115.0,30.9,36.1,3591,31.7,T1_normal,line,115.0,5.157789810930096,False,False
3590,7087,7336,250.0,30.884045012125796,T1_normal,-95.64513933333336,29.591588,115.0,-95.567968,29.62431,115.0,30.9,36.1,3591,31.7,T1_normal,line,115.0,5.157789810930096,False,False
3591,7087,7336,200.0,65.90825886642904,T1_normal,-95.64513933333336,29.591588,115.0,-95.567968,29.62431,115.0,65.9,76.9,3592,67.7,T1_normal,line,115.0,5.157789810930096,False,False
3592,7087,7336,200.0,65.90825886642904,T1_normal,-95.64513933333336,29.591588,115.0,-95.567968,29.62431,115.0,65.9,76.9,3591,67.7,T1_normal,line,115.0,5.157789810930096,False,False
3593,7087,7336,200.0,65.90825886642904,T1_normal,-95.64513933333336,29.591588,115.0,-95.567968,29.62431,115.0,65.9,76.9,3591,67.7,T1_normal,line,115.0,5.157789810930096,False,False
3594,7088,7116,149.0,12.353731513748288,T1_normal,-95.733244,29.47971475,115.0,-96.076894,29.631324,115.0,12.4,30.0,3599,28.6,T1_normal,line,115.0,23.159048618859146,False,False
3595,7088,7120,120.6,71.94422218757042,T1_normal,-95.733244,29.47971475,115.0,-95.41128715217393,29.77727818478261,115.0,71.9,81.6,3307,70.1,T2_watch,line,115.0,28.224377049618525,False,False
3596,7088,7127,134.0,43.79311734343586,T1_normal,-95.733244,29.47971475,115.0,-95.64513933333336,29.591588,115.0,43.8,80.6,3599,71.5,T2_watch,line,115.0,9.370256861982588,False,False
3597,7088,7147,149.0,18.10456855380442,T1_normal,-95.733244,29.47971475,115.0,-95.41128715217393,29.77727818478261,115.0,18.1,31.6,3595,28.6,T1_normal,line,115.0,28.224377049618525,False,False
3598,7088,7182,102.4,23.552093023621563,T1_normal,-95.733244,29.47971475,115.0,-96.012215,29.792687,115.0,23.6,71.4,3599,79.0,T1_normal,line,115.0,27.355179337253652,False,False
3599,7237,7088,200.0,100.03667932575048,T4_light,-95.98036,29.560311,115.0,-95.733244,29.47971475,115.0,100.0,131.1,3886,118.5,T6_heavy,line,115.0,15.867039304282343,True,False
3600,7089,7385,120.5,4.531641820761344,T1_normal,-95.41128715217393,29.77727818478261,115.0,-95.41128715217393,29.77727818478261,115.0,4.5,16.1,4227,11.5,T1_normal,line,115.0,0.0,False,False
3601,7089,7388,149.0,8.72390569227093,T1_normal,-95.41128715217393,29.77727818478261,115.0,-95.41128715217393,29.77727818478261,115.0,8.7,13.1,3342,14.1,T1_normal,line,115.0,0.0,False,False
3602,7089,7427,221.0,4.6524900680460455,T1_normal,-95.41128715217393,29.77727818478261,115.0,-95.41128715217393,29.77727818478261,115.0,4.7,11.0,3427,6.7,T1_normal,line,115.0,0.0,False,False
3603,7090,7421,221.0,56.56392198480848,T1_normal,-95.669154,30.160534,115.0,-95.698237,30.1865575,115.0,56.6,102.3,3604,43.4,T4_light,line,115.0,2.500180684182822,True,True
3604,7090,7421,221.0,56.56392198480848,T1_normal,-95.669154,30.160534,115.0,-95.698237,30.1865575,115.0,56.6,102.3,3603,43.4,T4_light,line,115.0,2.500180684182822,True,True
3605,7091,7127,183.4,86.01024470984558,T2_watch,-95.3149035,29.5534395,115.0,-95.64513933333336,29.591588,115.0,86.0,92.0,3610,84.4,T3_prevent,line,115.0,20.019245988815477,False,False
3606,7091,7226,221.0,20.099154494331504,T1_normal,-95.3149035,29.5534395,115.0,-95.41128715217393,29.77727818478261,115.0,20.1,34.9,3605,36.3,T1_normal,line,115.0,16.513043983472688,False,False
3607,7091,7240,112.5,52.04911139271786,T1_normal,-95.3149035,29.5534395,115.0,-95.41128715217393,29.77727818478261,115.0,52.0,84.3,3605,82.9,T2_watch,line,115.0,16.513043983472688,False,False
3608,7091,7259,221.0,13.075397729288037,T1_normal,-95.3149035,29.5534395,115.0,-95.41128715217393,29.77727818478261,115.0,13.1,26.5,3605,27.2,T1_normal,line,115.0,16.513043983472688,False,False
3609,7091,7259,221.0,13.075397729288037,T1_normal,-95.3149035,29.5534395,115.0,-95.41128715217393,29.77727818478261,115.0,13.1,26.5,3605,27.2,T1_normal,line,115.0,16.513043983472688,False,False
3610,7091,7418,98.0,66.62201172388562,T1_normal,-95.3149035,29.5534395,115.0,-95.41128715217393,29.77727818478261,115.0,66.6,96.3,3605,92.0,T3_prevent,line,115.0,16.513043983472688,False,False
3611,7092,7152,100.6,38.33887585785189,T1_normal,-95.41128715217393,29.77727818478261,115.0,-95.41128715217393,29.77727818478261,115.0,38.3,55.9,3617,49.9,T1_normal,line,115.0,0.0,False,False
3612,7092,7216,119.0,73.13608741345982,T1_normal,-95.41128715217393,29.77727818478261,115.0,-95.41128715217393,29.77727818478261,115.0,73.1,99.4,3967,90.9,T3_prevent,line,115.0,0.0,False,False
3613,7092,7250,149.0,21.721700421526076,T1_normal,-95.41128715217393,29.77727818478261,115.0,-95.41128715217393,29.77727818478261,115.0,21.7,30.0,3480,24.6,T1_normal,line,115.0,0.0,False,False
3614,7092,7258,149.0,15.297434348172692,T1_normal,-95.41128715217393,29.77727818478261,115.0,-95.41128715217393,29.77727818478261,115.0,15.3,25.1,3615,22.1,T1_normal,line,115.0,0.0,False,False
3615,7092,7258,132.4,38.05793549750336,T1_normal,-95.41128715217393,29.77727818478261,115.0,-95.41128715217393,29.77727818478261,115.0,38.1,56.6,3617,50.1,T1_normal,line,115.0,0.0,False,False
3616,7092,7330,149.0,13.902181388930911,T1_normal,-95.41128715217393,29.77727818478261,115.0,-95.41128715217393,29.77727818478261,115.0,13.9,22.9,3771,22.8,T1_normal,line,115.0,0.0,False,False
3617,7092,7384,110.0,84.79347178066052,T2_watch,-95.41128715217393,29.77727818478261,115.0,-95.41128715217393,29.77727818478261,115.0,84.8,102.2,3926,91.5,T4_light,line,115.0,0.0,True,True
3618,7092,7399,138.2,1.90223076655282,T1_normal,-95.41128715217393,29.77727818478261,115.0,-95.41128715217393,29.77727818478261,115.0,1.9,18.1,3612,17.0,T1_normal,line,115.0,0.0,False,False
3619,7221,7093,221.0,50.45479180591703,T1_normal,-95.41128715217393,29.77727818478261,115.0,-95.41128715217393,29.77727818478261,115.0,50.5,77.0,3620,61.5,T1_normal,line,115.0,0.0,False,False
3620,7221,7093,221.0,50.45479180591703,T1_normal,-95.41128715217393,29.77727818478261,115.0,-95.41128715217393,29.77727818478261,115.0,50.5,77.0,3619,61.5,T1_normal,line,115.0,0.0,False,False
3621,7093,7225,149.0,40.7758824793651,T1_normal,-95.41128715217393,29.77727818478261,115.0,-95.41128715217393,29.77727818478261,115.0,40.8,54.6,3997,34.0,T1_normal,line,115.0,0.0,False,False
3622,7241,7093,98.0,69.71400904875037,T1_normal,-95.41128715217393,29.77727818478261,115.0,-95.41128715217393,29.77727818478261,115.0,69.7,85.8,3621,73.9,T2_watch,line,115.0,0.0,False,False
3623,7093,7258,98.0,27.631443867462178,T1_normal,-95.41128715217393,29.77727818478261,115.0,-95.41128715217393,29.77727818478261,115.0,27.6,44.6,3619,40.5,T1_normal,line,115.0,0.0,False,False
3624,7094,7276,221.0,1.2053891387882214,T1_normal,-95.41128715217393,29.77727818478261,115.0,-95.41128715217393,29.77727818478261,115.0,1.2,18.9,3627,17.3,T1_normal,line,115.0,0.0,False,False
3625,7094,7298,148.5,4.651304539398688,T1_normal,-95.41128715217393,29.77727818478261,115.0,-95.41128715217393,29.77727818478261,115.0,4.7,27.8,3627,25.8,T1_normal,line,115.0,0.0,False,False
3626,7094,7388,98.0,19.670491378267847,T1_normal,-95.41128715217393,29.77727818478261,115.0,-95.41128715217393,29.77727818478261,115.0,19.7,26.4,3878,30.5,T1_normal,line,115.0,0.0,False,False
3627,7094,7395,171.7,68.37587641157103,T1_normal,-95.41128715217393,29.77727818478261,115.0,-95.41128715217393,29.77727818478261,115.0,68.4,84.0,4153,80.9,T2_watch,line,115.0,0.0,False,False
3628,7096,7095,846.0,59.923642704149934,T1_normal,-96.0481,28.795,230.0,-96.0481,28.795,500.0,59.9,70.9,4774,62.7,T1_normal,transformer,500.0,0.0,False,False
3629,7098,7095,1828.8,66.95851028248653,T1_normal,-96.0481,28.795,13.8,-96.0481,28.795,500.0,67.0,75.2,5029,72.5,T1_normal,transformer,500.0,0.0,False,False
3630,7099,7095,1858.1,65.23241550195196,T1_normal,-96.0481,28.795,13.8,-96.0481,28.795,500.0,65.2,65.3,3629,59.2,T1_normal,transformer,500.0,0.0,False,False
3631,7304,7095,2020.0,57.72502466823772,T1_normal,-96.087226,29.2829165,500.0,-96.0481,28.795,500.0,57.7,83.8,4695,78.0,T2_watch,line,500.0,33.7948990036418,False,False
3632,7095,12640,2295.3,38.04374177325975,T1_normal,-96.0481,28.795,500.0,-96.2086544,29.0561128,500.0,38.0,70.1,3631,63.5,T1_normal,line,500.0,20.48813125613672,False,False
3633,7097,7096,200.0,30.420444668248848,T1_normal,-96.0481,28.795,115.0,-96.0481,28.795,230.0,30.4,72.3,3634,64.8,T1_normal,transformer,230.0,0.0,False,False
3634,7261,7096,579.0,77.04889947160807,T1_normal,-95.92298475,28.92553375,230.0,-96.0481,28.795,230.0,77.0,90.3,4774,79.4,T3_prevent,line,230.0,11.775612232603407,False,False
3635,7097,7153,221.0,6.355964953237104,T1_normal,-96.0481,28.795,115.0,-96.189925,28.623423,115.0,6.4,22.5,3628,19.8,T1_normal,line,115.0,14.642665718535424,False,False
3636,7097,13426,199.3,37.575299489790154,T1_normal,-96.0481,28.795,115.0,-95.92298475,28.92553375,115.0,37.6,77.7,3634,67.8,T1_normal,line,115.0,11.775612232603407,False,False
3637,7100,7103,221.0,2.041396799392938,T1_normal,-95.41128715217393,29.77727818478261,115.0,-95.41128715217393,29.77727818478261,115.0,2.0,7.4,3661,6.1,T1_normal,line,115.0,0.0,False,False
3638,7100,7103,221.0,2.041396799392938,T1_normal,-95.41128715217393,29.77727818478261,115.0,-95.41128715217393,29.77727818478261,115.0,2.0,7.4,3661,6.1,T1_normal,line,115.0,0.0,False,False
3639,7100,7144,221.0,20.4449685356982,T1_normal,-95.41128715217393,29.77727818478261,115.0,-95.41128715217393,29.77727818478261,115.0,20.4,27.9,3645,24.9,T1_normal,line,115.0,0.0,False,False
3640,7100,7144,221.0,20.4449685356982,T1_normal,-95.41128715217393,29.77727818478261,115.0,-95.41128715217393,29.77727818478261,115.0,20.4,27.9,3645,24.9,T1_normal,line,115.0,0.0,False,False
3641,7100,7144,221.0,20.4449685356982,T1_normal,-95.41128715217393,29.77727818478261,115.0,-95.41128715217393,29.77727818478261,115.0,20.4,27.9,3645,24.9,T1_normal,line,115.0,0.0,False,False
3642,7100,7144,221.0,20.4449685356982,T1_normal,-95.41128715217393,29.77727818478261,115.0,-95.41128715217393,29.77727818478261,115.0,20.4,27.9,3645,24.9,T1_normal,line,115.0,0.0,False,False
3643,7100,7222,221.0,11.729772481793818,T1_normal,-95.41128715217393,29.77727818478261,115.0,-95.41128715217393,29.77727818478261,115.0,11.7,19.2,3983,17.4,T1_normal,line,115.0,0.0,False,False
3644,7100,7222,221.0,11.729772481793818,T1_normal,-95.41128715217393,29.77727818478261,115.0,-95.41128715217393,29.77727818478261,115.0,11.7,19.2,3983,17.4,T1_normal,line,115.0,0.0,False,False
3645,7100,7333,206.7,50.95261219230934,T1_normal,-95.41128715217393,29.77727818478261,115.0,-95.1431518,29.6833732,115.0,51.0,60.1,3571,54.8,T1_normal,line,115.0,17.346991535108085,False,False
3646,7101,7120,169.5,57.57758198529475,T1_normal,-95.41128715217393,29.77727818478261,115.0,-95.41128715217393,29.77727818478261,115.0,57.6,90.2,3647,73.8,T3_prevent,line,115.0,0.0,False,False
3647,7101,7120,169.5,57.57758198529475,T1_normal,-95.41128715217393,29.77727818478261,115.0,-95.41128715217393,29.77727818478261,115.0,57.6,90.2,3646,73.8,T3_prevent,line,115.0,0.0,False,False
3648,7101,7183,221.0,13.728332698283866,T1_normal,-95.41128715217393,29.77727818478261,115.0,-95.41128715217393,29.77727818478261,115.0,13.7,24.9,3888,22.7,T1_normal,line,115.0,0.0,False,False
3649,7101,7220,149.1,44.814568103367336,T1_normal,-95.41128715217393,29.77727818478261,115.0,-95.41128715217393,29.77727818478261,115.0,44.8,62.6,3401,53.9,T1_normal,line,115.0,0.0,False,False
3650,7101,7221,133.9,19.52270562613629,T1_normal,-95.41128715217393,29.77727818478261,115.0,-95.41128715217393,29.77727818478261,115.0,19.5,35.7,3401,31.8,T1_normal,line,115.0,0.0,False,False
3651,7101,7386,149.0,9.145658727625683,T1_normal,-95.41128715217393,29.77727818478261,115.0,-95.41128715217393,29.77727818478261,115.0,9.1,14.0,3776,12.8,T1_normal,line,115.0,0.0,False,False
3652,7101,7386,121.2,29.824487976909193,T1_normal,-95.41128715217393,29.77727818478261,115.0,-95.41128715217393,29.77727818478261,115.0,29.8,45.5,3776,41.6,T1_normal,line,115.0,0.0,False,False
3653,7102,7118,109.9,14.120638544473657,T1_normal,-95.633665,30.0783065,115.0,-95.47181825,30.112047375,115.0,14.1,27.5,3656,28.4,T1_normal,line,115.0,9.952068533394218,False,False
3654,7102,7177,221.0,31.92507834035305,T1_normal,-95.633665,30.0783065,115.0,-95.47181825,30.112047375,115.0,31.9,41.6,3656,39.0,T1_normal,line,115.0,9.952068533394218,False,False
3655,7102,7177,221.0,31.92507834035305,T1_normal,-95.633665,30.0783065,115.0,-95.47181825,30.112047375,115.0,31.9,41.6,3656,39.0,T1_normal,line,115.0,9.952068533394218,False,False
3656,7102,7177,119.4,60.677562997915,T1_normal,-95.633665,30.0783065,115.0,-95.47181825,30.112047375,115.0,60.7,78.4,3654,73.5,T1_normal,line,115.0,9.952068533394218,False,False
3657,7102,7245,122.1,29.9447613805358,T1_normal,-95.633665,30.0783065,115.0,-95.41128715217393,29.77727818478261,115.0,29.9,63.1,4024,56.7,T1_normal,line,115.0,24.696739378693227,False,False
3658,7290,7102,149.0,49.97576147557855,T1_normal,-95.47181825,30.112047375,115.0,-95.633665,30.0783065,115.0,50.0,73.6,3483,68.3,T1_normal,line,115.0,9.952068533394218,False,False
3659,7103,7216,147.2,8.082414544848527,T1_normal,-95.41128715217393,29.77727818478261,115.0,-95.41128715217393,29.77727818478261,115.0,8.1,21.2,3629,21.2,T1_normal,line,115.0,0.0,False,False
3660,7103,7226,127.3,3.222198588008813,T1_normal,-95.41128715217393,29.77727818478261,115.0,-95.41128715217393,29.77727818478261,115.0,3.2,17.4,4000,18.6,T1_normal,line,115.0,0.0,False,False
3661,7103,7255,149.0,42.33967028872708,T1_normal,-95.41128715217393,29.77727818478261,115.0,-95.41128715217393,29.77727818478261,115.0,42.3,49.6,3712,43.2,T1_normal,line,115.0,0.0,False,False
3662,7103,7365,124.2,13.4774251543332,T1_normal,-95.41128715217393,29.77727818478261,115.0,-95.41128715217393,29.77727818478261,115.0,13.5,29.1,4254,32.0,T1_normal,line,115.0,0.0,False,False
3663,7103,7381,250.0,13.478053291359656,T1_normal,-95.41128715217393,29.77727818478261,115.0,-95.41128715217393,29.77727818478261,115.0,13.5,27.3,4254,24.7,T1_normal,line,115.0,0.0,False,False
3664,7105,7104,1312.0,20.781540951853408,T1_normal,-95.134508,29.713414,230.0,-95.134508,29.713414,500.0,20.8,24.0,4206,23.5,T1_normal,transformer,500.0,0.0,False,False
3665,7107,7104,419.2,0.0,T1_normal,-95.134508,29.713414,24.0,-95.134508,29.713414,500.0,0.0,0.0,-1,0.0,T1_normal,transformer,500.0,0.0,False,False
3666,7108,7104,256.7,0.0,T1_normal,-95.134508,29.713414,24.0,-95.134508,29.713414,500.0,0.0,0.0,-1,0.0,T1_normal,transformer,500.0,0.0,False,False
3667,7109,7104,238.2,0.0,T1_normal,-95.134508,29.713414,24.0,-95.134508,29.713414,500.0,0.0,0.0,-1,0.0,T1_normal,transformer,500.0,0.0,False,False
3668,7110,7104,286.7,0.0,T1_normal,-95.134508,29.713414,24.0,-95.134508,29.713414,500.0,0.0,0.0,-1,0.0,T1_normal,transformer,500.0,0.0,False,False
3669,7111,7104,246.9,0.0,T1_normal,-95.134508,29.713414,24.0,-95.134508,29.713414,500.0,0.0,0.0,-1,0.0,T1_normal,transformer,500.0,0.0,False,False
3670,7112,7104,232.8,0.0,T1_normal,-95.134508,29.713414,24.0,-95.134508,29.713414,500.0,0.0,0.0,-1,0.0,T1_normal,transformer,500.0,0.0,False,False
3671,7130,7104,2768.0,14.00024004094591,T1_normal,-95.009648,29.759124,500.0,-95.134508,29.713414,500.0,14.0,23.1,4294,21.6,T1_normal,line,500.0,8.129617366331946,False,False
3672,7104,7400,2085.3,13.1180640325725,T1_normal,-95.134508,29.713414,500.0,-95.41128715217393,29.77727818478261,500.0,13.1,23.9,3284,22.4,T1_normal,line,500.0,17.18037192527551,False,False
3673,7106,7105,354.0,57.42422822574927,T1_normal,-95.134508,29.713414,115.0,-95.134508,29.713414,230.0,57.4,70.9,3674,67.5,T1_normal,transformer,230.0,0.0,False,False
3674,7106,7105,354.0,57.42422822574927,T1_normal,-95.134508,29.713414,115.0,-95.134508,29.713414,230.0,57.4,70.9,3673,67.5,T1_normal,transformer,230.0,0.0,False,False
3675,7105,7187,548.0,9.981696785294808,T1_normal,-95.134508,29.713414,230.0,-95.41128715217393,29.77727818478261,230.0,10.0,17.5,3911,14.9,T1_normal,line,230.0,17.18037192527551,False,False
3676,7105,7205,548.0,2.7792170398418374,T1_normal,-95.134508,29.713414,230.0,-94.9321116,29.75354,230.0,2.8,10.9,3664,11.4,T1_normal,line,230.0,12.455710929069712,False,False
3677,7105,7332,548.0,4.288216551950999,T1_normal,-95.134508,29.713414,230.0,-95.1431518,29.6833732,230.0,4.3,23.4,3664,22.9,T1_normal,line,230.0,2.139492458530986,False,False
3678,7106,7403,184.6,64.44881358977402,T1_normal,-95.134508,29.713414,115.0,-95.1431518,29.6833732,115.0,64.4,74.5,4110,71.4,T1_normal,line,115.0,2.139492458530986,False,False
3679,7116,7340,149.0,34.52547630260018,T1_normal,-96.076894,29.631324,115.0,-96.107713,29.795148,115.0,34.5,92.4,2827,78.3,T3_prevent,line,115.0,11.469362651871274,False,False
3680,7116,7364,98.0,65.47147429962092,T1_normal,-96.076894,29.631324,115.0,-96.218695,29.522218,115.0,65.5,81.8,4168,68.5,T2_watch,line,115.0,11.377015143917893,False,False
3681,7117,7161,186.1,7.333625323708737,T1_normal,-95.41128715217393,29.77727818478261,115.0,-95.41128715217393,29.77727818478261,115.0,7.3,59.5,3818,50.5,T1_normal,line,115.0,0.0,False,False
3682,7117,7161,186.1,7.333625323708737,T1_normal,-95.41128715217393,29.77727818478261,115.0,-95.41128715217393,29.77727818478261,115.0,7.3,59.5,3818,50.5,T1_normal,line,115.0,0.0,False,False
3683,7242,7117,450.0,52.360677479691255,T1_normal,-95.41128715217393,29.77727818478261,115.0,-95.41128715217393,29.77727818478261,115.0,52.4,71.8,3684,65.3,T1_normal,line,115.0,0.0,False,False
3684,7242,7117,450.0,52.360677479691255,T1_normal,-95.41128715217393,29.77727818478261,115.0,-95.41128715217393,29.77727818478261,115.0,52.4,71.8,3683,65.3,T1_normal,line,115.0,0.0,False,False
3685,7117,7292,450.0,61.32785538838006,T1_normal,-95.41128715217393,29.77727818478261,115.0,-95.41128715217393,29.77727818478261,115.0,61.3,75.5,3686,68.3,T1_normal,line,115.0,0.0,False,False
3686,7117,7292,450.0,61.32785538838006,T1_normal,-95.41128715217393,29.77727818478261,115.0,-95.41128715217393,29.77727818478261,115.0,61.3,75.5,3685,68.3,T1_normal,line,115.0,0.0,False,False
3687,7117,7292,256.0,81.21430960694038,T2_watch,-95.41128715217393,29.77727818478261,115.0,-95.41128715217393,29.77727818478261,115.0,81.2,100.0,3685,90.4,T3_prevent,line,115.0,0.0,True,True
3688,7117,7292,256.0,81.21430960694038,T2_watch,-95.41128715217393,29.77727818478261,115.0,-95.41128715217393,29.77727818478261,115.0,81.2,100.0,3685,90.4,T3_prevent,line,115.0,0.0,True,True
3689,7117,7395,289.0,74.03536657618359,T1_normal,-95.41128715217393,29.77727818478261,115.0,-95.41128715217393,29.77727818478261,115.0,74.0,93.7,3690,87.1,T3_prevent,line,115.0,0.0,False,False
3690,7117,7395,289.0,74.03536657618359,T1_normal,-95.41128715217393,29.77727818478261,115.0,-95.41128715217393,29.77727818478261,115.0,74.0,93.7,3689,87.1,T3_prevent,line,115.0,0.0,False,False
3691,7177,7118,221.0,31.47221784096375,T1_normal,-95.47181825,30.112047375,115.0,-95.47181825,30.112047375,115.0,31.5,46.2,3692,40.7,T1_normal,line,115.0,0.0,False,False
3692,7177,7118,221.0,31.47221784096375,T1_normal,-95.47181825,30.112047375,115.0,-95.47181825,30.112047375,115.0,31.5,46.2,3691,40.7,T1_normal,line,115.0,0.0,False,False
3693,7118,7404,221.0,12.75421523534073,T1_normal,-95.47181825,30.112047375,115.0,-95.41128715217393,29.77727818478261,115.0,12.8,21.0,3989,17.6,T1_normal,line,115.0,23.412752672456016,False,False
3694,7144,7119,221.0,23.46813905050795,T1_normal,-95.41128715217393,29.77727818478261,115.0,-95.229784,29.661032,115.0,23.5,36.9,3695,38.2,T1_normal,line,115.0,13.532593883136066,False,False
3695,7144,7119,221.0,23.46813905050795,T1_normal,-95.41128715217393,29.77727818478261,115.0,-95.229784,29.661032,115.0,23.5,36.9,3694,38.2,T1_normal,line,115.0,13.532593883136066,False,False
3696,7119,7231,115.4,0.0555755457610971,T1_normal,-95.229784,29.661032,115.0,-95.41128715217393,29.77727818478261,115.0,0.1,20.9,4110,22.8,T1_normal,line,115.0,13.532593883136066,False,False
3697,7119,7259,98.0,22.556057326148377,T1_normal,-95.229784,29.661032,115.0,-95.41128715217393,29.77727818478261,115.0,22.6,53.9,3362,56.4,T1_normal,line,115.0,13.532593883136066,False,False
3698,7119,7318,149.0,21.46870644525397,T1_normal,-95.229784,29.661032,115.0,-95.41128715217393,29.77727818478261,115.0,21.5,48.0,3960,43.9,T1_normal,line,115.0,13.532593883136066,False,False
3699,7120,7248,98.0,22.26908926885623,T1_normal,-95.41128715217393,29.77727818478261,115.0,-95.41128715217393,29.77727818478261,115.0,22.3,31.8,3456,29.7,T1_normal,line,115.0,0.0,False,False
3700,7120,7396,221.0,37.33112315856296,T1_normal,-95.41128715217393,29.77727818478261,115.0,-95.41128715217393,29.77727818478261,115.0,37.3,54.1,3701,54.7,T1_normal,line,115.0,0.0,False,False
3701,7120,7396,221.0,37.33112315856296,T1_normal,-95.41128715217393,29.77727818478261,115.0,-95.41128715217393,29.77727818478261,115.0,37.3,54.1,3700,54.7,T1_normal,line,115.0,0.0,False,False
3702,7120,7427,221.0,59.63108388133311,T1_normal,-95.41128715217393,29.77727818478261,115.0,-95.41128715217393,29.77727818478261,115.0,59.6,96.4,3703,85.2,T3_prevent,line,115.0,0.0,False,False
3703,7427,7120,221.0,59.63108388133311,T1_normal,-95.41128715217393,29.77727818478261,115.0,-95.41128715217393,29.77727818478261,115.0,59.6,96.4,3702,85.2,T3_prevent,line,115.0,0.0,False,False
3704,7123,7153,221.0,26.16591970436834,T1_normal,-96.574173,28.429626,115.0,-96.189925,28.623423,115.0,26.2,42.3,3628,38.1,T1_normal,line,115.0,26.896151077819557,False,False
3705,7123,13407,109.1,35.563703024747944,T1_normal,-96.574173,28.429626,115.0,-96.70457766666668,28.589903333333336,115.0,35.6,35.6,3522,33.5,T1_normal,line,115.0,13.61345845946581,False,False
3706,7124,7180,98.0,3.682120087108465,T1_normal,-95.41128715217393,29.77727818478261,115.0,-95.41128715217393,29.77727818478261,115.0,3.7,14.0,3708,13.6,T1_normal,line,115.0,0.0,False,False
3707,7124,7180,115.7,10.605631192468891,T1_normal,-95.41128715217393,29.77727818478261,115.0,-95.41128715217393,29.77727818478261,115.0,10.6,40.2,3708,39.3,T1_normal,line,115.0,0.0,False,False
3708,7124,7216,97.9,69.39408241032646,T1_normal,-95.41128715217393,29.77727818478261,115.0,-95.41128715217393,29.77727818478261,115.0,69.4,93.0,3474,81.6,T3_prevent,line,115.0,0.0,False,False
3709,7126,7125,1358.0,56.8978314775712,T1_normal,-95.64513933333336,29.591588,230.0,-95.64513933333336,29.591588,500.0,56.9,72.0,3710,61.0,T1_normal,transformer,500.0,0.0,False,False
3710,7126,7125,1358.0,56.8978314775712,T1_normal,-95.64513933333336,29.591588,230.0,-95.64513933333336,29.591588,500.0,56.9,72.0,3709,61.0,T1_normal,transformer,500.0,0.0,False,False
3711,7125,7304,3942.0,57.4356992575951,T1_normal,-95.64513933333336,29.591588,500.0,-96.087226,29.2829165,500.0,57.4,82.2,4246,73.8,T2_watch,line,500.0,34.09571657062744,False,False
3712,7125,7331,2020.0,60.558496415010815,T1_normal,-95.64513933333336,29.591588,500.0,-95.1431518,29.6833732,500.0,60.6,73.7,3910,55.5,T1_normal,line,500.0,30.80647264636756,False,False
3713,7125,7346,4352.0,11.605729062347118,T1_normal,-95.64513933333336,29.591588,500.0,-95.6326335,29.479039,500.0,11.6,44.5,3711,34.2,T1_normal,line,500.0,7.812726703528805,False,False
3714,13113,7125,293.0,0.0074804806208898,T1_normal,-95.64513933333336,29.591588,20.0,-95.64513933333336,29.591588,500.0,0.0,0.0,229,0.0,T1_normal,transformer,500.0,0.0,False,False
3715,7127,7126,512.3,72.46688912574497,T1_normal,-95.64513933333336,29.591588,115.0,-95.64513933333336,29.591588,230.0,72.5,86.5,3716,77.2,T2_watch,transformer,230.0,0.0,False,False
3716,7127,7126,512.3,72.46688912574497,T1_normal,-95.64513933333336,29.591588,115.0,-95.64513933333336,29.591588,230.0,72.5,86.5,3715,77.2,T2_watch,transformer,230.0,0.0,False,False
3717,7127,7126,512.3,72.46688912574497,T1_normal,-95.64513933333336,29.591588,115.0,-95.64513933333336,29.591588,230.0,72.5,86.5,3715,77.2,T2_watch,transformer,230.0,0.0,False,False
3718,7127,7126,512.3,72.46688912574497,T1_normal,-95.64513933333336,29.591588,115.0,-95.64513933333336,29.591588,230.0,72.5,86.5,3715,77.2,T2_watch,transformer,230.0,0.0,False,False
3719,7126,7305,514.0,67.48918128556033,T1_normal,-95.64513933333336,29.591588,230.0,-96.087226,29.2829165,230.0,67.5,86.5,3711,74.9,T2_watch,line,230.0,34.09571657062744,False,False
3720,7126,7332,443.0,22.2096927042684,T1_normal,-95.64513933333336,29.591588,230.0,-95.1431518,29.6833732,230.0,22.2,32.6,3712,24.5,T1_normal,line,230.0,30.80647264636756,False,False
3721,7126,7423,443.0,20.655006123040877,T1_normal,-95.64513933333336,29.591588,230.0,-95.21873266666668,29.305820666666666,230.0,20.7,31.5,4338,27.2,T1_normal,line,230.0,32.37379645853906,False,False
3722,7127,7147,145.7,76.1772123565347,T1_normal,-95.64513933333336,29.591588,115.0,-95.41128715217393,29.77727818478261,115.0,76.2,81.9,3910,72.1,T2_watch,line,115.0,19.01731343522793,False,False
3723,7127,7147,145.7,76.1772123565347,T1_normal,-95.64513933333336,29.591588,115.0,-95.41128715217393,29.77727818478261,115.0,76.2,81.9,3910,72.1,T2_watch,line,115.0,19.01731343522793,False,False
3724,7127,7185,127.5,31.12537469128345,T1_normal,-95.64513933333336,29.591588,115.0,-95.567913,29.5403555,115.0,31.1,75.6,3709,66.5,T1_normal,line,115.0,5.836979307162782,False,False
3725,7127,7348,225.1,55.76989658307924,T1_normal,-95.64513933333336,29.591588,115.0,-95.6326335,29.479039,115.0,55.8,67.8,3726,62.2,T1_normal,line,115.0,7.812726703528805,False,False
3726,7127,7348,225.1,55.76989658307924,T1_normal,-95.64513933333336,29.591588,115.0,-95.6326335,29.479039,115.0,55.8,67.8,3725,62.2,T1_normal,line,115.0,7.812726703528805,False,False
3727,7127,7348,225.1,55.76989658307924,T1_normal,-95.64513933333336,29.591588,115.0,-95.6326335,29.479039,115.0,55.8,67.8,3725,62.2,T1_normal,line,115.0,7.812726703528805,False,False
3728,7127,7348,225.1,55.76989658307924,T1_normal,-95.64513933333336,29.591588,115.0,-95.6326335,29.479039,115.0,55.8,67.8,3725,62.2,T1_normal,line,115.0,7.812726703528805,False,False
3729,7127,13285,135.8,15.302516298328506,T1_normal,-95.64513933333336,29.591588,115.0,-95.733244,29.47971475,115.0,15.3,23.3,4287,15.3,T1_normal,line,115.0,9.370256861982588,False,False
3730,7127,13285,135.8,15.302516298328506,T1_normal,-95.64513933333336,29.591588,115.0,-95.733244,29.47971475,115.0,15.3,23.3,4287,15.3,T1_normal,line,115.0,9.370256861982588,False,False
3731,7127,13378,129.3,24.06666114766435,T1_normal,-95.64513933333336,29.591588,115.0,-95.6326335,29.479039,115.0,24.1,37.2,3709,34.2,T1_normal,line,115.0,7.812726703528805,False,False
3732,7391,7128,221.0,41.35466928674327,T1_normal,-95.442636,30.453487000000003,115.0,-95.41198228571427,30.277086714285712,115.0,41.4,57.9,3392,64.1,T1_normal,line,115.0,12.324455662618956,False,False
3733,7277,7129,98.0,17.270635330036995,T1_normal,-96.528761,29.109147,115.0,-96.556418,28.852327,115.0,17.3,67.0,3276,69.0,T1_normal,line,115.0,17.823310634843537,False,False
3734,7303,7129,220.0,47.406463795798715,T1_normal,-96.353868,28.85788,115.0,-96.556418,28.852327,115.0,47.4,62.1,3628,53.4,T1_normal,line,115.0,12.263431838256995,False,False
3735,13348,7129,146.0,0.0,T1_normal,-96.556418,28.852327,20.0,-96.556418,28.852327,115.0,0.0,0.0,-1,0.0,T1_normal,transformer,115.0,0.0,False,False
3736,7131,7130,1373.0,15.355697195351093,T1_normal,-95.009648,29.759124,230.0,-95.009648,29.759124,500.0,15.4,19.0,3818,18.1,T1_normal,transformer,500.0,0.0,False,False
3737,7133,7130,202.9,68.99950714637754,T1_normal,-95.009648,29.759124,13.8,-95.009648,29.759124,500.0,69.0,69.0,-1,67.1,T1_normal,transformer,500.0,0.0,False,False
3738,7134,7130,105.9,0.0,T1_normal,-95.009648,29.759124,13.8,-95.009648,29.759124,500.0,0.0,0.0,-1,0.0,T1_normal,transformer,500.0,0.0,False,False
3739,7135,7130,54.1,53.604436229205184,T1_normal,-95.009648,29.759124,13.8,-95.009648,29.759124,500.0,53.6,53.8,3629,53.1,T1_normal,transformer,500.0,0.0,False,False
3740,7136,7130,51.5,56.31067961165049,T1_normal,-95.009648,29.759124,13.8,-95.009648,29.759124,500.0,56.3,56.3,97,56.1,T1_normal,transformer,500.0,0.0,False,False
3741,7137,7130,49.3,58.82352941176472,T1_normal,-95.009648,29.759124,13.8,-95.009648,29.759124,500.0,58.8,58.8,3629,58.3,T1_normal,transformer,500.0,0.0,False,False
3742,7263,7130,2020.0,18.873740276231416,T1_normal,-95.1431518,29.6833732,500.0,-95.009648,29.759124,500.0,18.9,27.3,3545,30.0,T1_normal,line,500.0,9.569098022832994,False,False
3743,7130,12743,2159.4,1.0393335306725813,T1_normal,-95.009648,29.759124,500.0,-95.069071,29.842662,500.0,1.0,13.1,4294,13.0,T1_normal,line,500.0,6.7830280139131585,False,False
3744,7132,7131,446.0,39.56318005491007,T1_normal,-95.009648,29.759124,115.0,-95.009648,29.759124,230.0,39.6,52.1,3745,50.9,T1_normal,transformer,230.0,0.0,False,False
3745,7132,7131,446.0,39.56318005491007,T1_normal,-95.009648,29.759124,115.0,-95.009648,29.759124,230.0,39.6,52.1,3744,50.9,T1_normal,transformer,230.0,0.0,False,False
3746,7131,7160,548.0,11.58846271313014,T1_normal,-95.009648,29.759124,230.0,-95.41128715217393,29.77727818478261,230.0,11.6,17.3,3831,17.3,T1_normal,line,230.0,24.12154062117593,False,False
3747,7131,7278,443.0,4.076505318096578,T1_normal,-95.009648,29.759124,230.0,-94.9019,29.7731,230.0,4.1,16.9,4126,16.6,T1_normal,line,230.0,6.534232875954947,False,False
3748,7131,7401,443.0,21.811283631792666,T1_normal,-95.009648,29.759124,230.0,-95.41128715217393,29.77727818478261,230.0,21.8,39.0,3736,37.1,T1_normal,line,230.0,24.12154062117593,False,False
3749,7132,7283,221.0,16.12116156867507,T1_normal,-95.009648,29.759124,115.0,-94.9321116,29.75354,115.0,16.1,31.7,3546,32.3,T1_normal,line,115.0,4.666889647007576,False,False
3750,7419,7132,221.0,34.771530447374474,T1_normal,-95.062261,29.713119,115.0,-95.009648,29.759124,115.0,34.8,48.8,3751,45.8,T1_normal,line,115.0,4.479710067565353,False,False
3751,7419,7132,221.0,34.771530447374474,T1_normal,-95.062261,29.713119,115.0,-95.009648,29.759124,115.0,34.8,48.8,3750,45.8,T1_normal,line,115.0,4.479710067565353,False,False
3752,7419,7132,221.0,34.771530447374474,T1_normal,-95.062261,29.713119,115.0,-95.009648,29.759124,115.0,34.8,48.8,3750,45.8,T1_normal,line,115.0,4.479710067565353,False,False
3753,7132,13253,145.3,19.559151991094733,T1_normal,-95.009648,29.759124,115.0,-94.9321116,29.75354,115.0,19.6,45.2,3744,41.6,T1_normal,line,115.0,4.666889647007576,False,False
3754,7143,7173,98.0,36.293396484972234,T1_normal,-95.189761,30.161219,115.0,-95.1894825,30.049941,115.0,36.3,53.3,3470,58.4,T1_normal,line,115.0,7.688670661067213,False,False
3755,7234,7143,98.0,29.677936821128988,T1_normal,-95.297121,30.106685,115.0,-95.189761,30.161219,115.0,29.7,64.1,3366,65.4,T1_normal,line,115.0,7.440126439580588,False,False
3756,7143,7238,149.0,13.318064816075402,T1_normal,-95.189761,30.161219,115.0,-94.609877,30.042956500000003,115.0,13.3,18.0,3366,15.6,T1_normal,line,115.0,35.61296098996424,False,False
3757,7300,7143,245.0,7.511100908410325,T1_normal,-95.41198228571427,30.277086714285712,115.0,-95.189761,30.161219,115.0,7.5,15.5,3792,17.2,T1_normal,line,115.0,15.49589336020353,False,False
3758,7144,7272,221.0,24.274410133868244,T1_normal,-95.41128715217393,29.77727818478261,115.0,-95.41128715217393,29.77727818478261,115.0,24.3,34.6,4000,31.0,T1_normal,line,115.0,0.0,False,False
3759,7144,7272,221.0,24.274410133868244,T1_normal,-95.41128715217393,29.77727818478261,115.0,-95.41128715217393,29.77727818478261,115.0,24.3,34.6,4000,31.0,T1_normal,line,115.0,0.0,False,False
3760,7144,7333,221.0,19.435369885167788,T1_normal,-95.41128715217393,29.77727818478261,115.0,-95.1431518,29.6833732,115.0,19.4,24.7,3645,23.1,T1_normal,line,115.0,17.346991535108085,False,False
3761,7333,7144,221.0,19.435369885167788,T1_normal,-95.1431518,29.6833732,115.0,-95.41128715217393,29.77727818478261,115.0,19.4,24.7,3645,23.1,T1_normal,line,115.0,17.346991535108085,False,False
3762,7333,7144,221.0,19.435369885167788,T1_normal,-95.1431518,29.6833732,115.0,-95.41128715217393,29.77727818478261,115.0,19.4,24.7,3645,23.1,T1_normal,line,115.0,17.346991535108085,False,False
3763,7333,7144,221.0,19.435369885167788,T1_normal,-95.1431518,29.6833732,115.0,-95.41128715217393,29.77727818478261,115.0,19.4,24.7,3645,23.1,T1_normal,line,115.0,17.346991535108085,False,False
3764,7333,7144,221.0,19.435369885167788,T1_normal,-95.1431518,29.6833732,115.0,-95.41128715217393,29.77727818478261,115.0,19.4,24.7,3645,23.1,T1_normal,line,115.0,17.346991535108085,False,False
3765,7333,7144,221.0,19.435369885167788,T1_normal,-95.1431518,29.6833732,115.0,-95.41128715217393,29.77727818478261,115.0,19.4,24.7,3645,23.1,T1_normal,line,115.0,17.346991535108085,False,False
3766,7145,7234,98.0,6.77598663333793,T1_normal,-95.41128715217393,29.77727818478261,115.0,-95.297121,30.106685,115.0,6.8,17.9,3809,15.4,T1_normal,line,115.0,23.764316031477147,False,False
3767,7145,7243,221.0,44.55863650643443,T1_normal,-95.41128715217393,29.77727818478261,115.0,-98.1803245,31.84167,115.0,44.6,58.5,3471,54.4,T1_normal,line,115.0,217.5780479015591,False,False
3768,7145,7365,200.0,41.38918874133176,T1_normal,-95.41128715217393,29.77727818478261,115.0,-95.41128715217393,29.77727818478261,115.0,41.4,58.8,3767,55.7,T1_normal,line,115.0,0.0,False,False
3769,7381,7145,221.0,6.539855363264076,T1_normal,-95.41128715217393,29.77727818478261,115.0,-95.41128715217393,29.77727818478261,115.0,6.5,20.4,3768,19.1,T1_normal,line,115.0,0.0,False,False
3770,7145,7404,221.0,22.392589772038193,T1_normal,-95.41128715217393,29.77727818478261,115.0,-95.41128715217393,29.77727818478261,115.0,22.4,30.5,3767,29.1,T1_normal,line,115.0,0.0,False,False
3771,7147,7330,201.6,46.21452497644642,T1_normal,-95.41128715217393,29.77727818478261,115.0,-95.41128715217393,29.77727818478261,115.0,46.2,54.0,3910,44.1,T1_normal,line,115.0,0.0,False,False
3772,7147,7336,221.0,59.54645782867682,T1_normal,-95.41128715217393,29.77727818478261,115.0,-95.567968,29.62431,115.0,59.5,71.8,3773,62.3,T1_normal,line,115.0,14.146852172386597,False,False
3773,7147,7336,221.0,59.54645782867682,T1_normal,-95.41128715217393,29.77727818478261,115.0,-95.567968,29.62431,115.0,59.5,71.8,3772,62.3,T1_normal,line,115.0,14.146852172386597,False,False
3774,7336,7147,221.0,59.54645782867682,T1_normal,-95.567968,29.62431,115.0,-95.41128715217393,29.77727818478261,115.0,59.5,71.8,3772,62.3,T1_normal,line,115.0,14.146852172386597,False,False
3775,7336,7147,221.0,59.54645782867682,T1_normal,-95.567968,29.62431,115.0,-95.41128715217393,29.77727818478261,115.0,59.5,71.8,3772,62.3,T1_normal,line,115.0,14.146852172386597,False,False
3776,7386,7147,221.0,73.2592846627902,T1_normal,-95.41128715217393,29.77727818478261,115.0,-95.41128715217393,29.77727818478261,115.0,73.3,94.6,3777,84.4,T3_prevent,line,115.0,0.0,False,False
3777,7386,7147,221.0,73.2592846627902,T1_normal,-95.41128715217393,29.77727818478261,115.0,-95.41128715217393,29.77727818478261,115.0,73.3,94.6,3776,84.4,T3_prevent,line,115.0,0.0,False,False
3778,7178,7148,221.0,0.209154221769939,T1_normal,-95.41128715217393,29.77727818478261,115.0,-95.41128715217393,29.77727818478261,115.0,0.2,12.1,3869,11.5,T1_normal,line,115.0,0.0,False,False
3779,7178,7148,221.0,0.209154221769939,T1_normal,-95.41128715217393,29.77727818478261,115.0,-95.41128715217393,29.77727818478261,115.0,0.2,12.1,3869,11.5,T1_normal,line,115.0,0.0,False,False
3780,7148,7242,200.0,67.21424761638382,T1_normal,-95.41128715217393,29.77727818478261,115.0,-95.41128715217393,29.77727818478261,115.0,67.2,92.5,3882,86.5,T3_prevent,line,115.0,0.0,False,False
3781,7148,7245,98.0,15.190937872602012,T1_normal,-95.41128715217393,29.77727818478261,115.0,-95.41128715217393,29.77727818478261,115.0,15.2,47.8,4024,41.1,T1_normal,line,115.0,0.0,False,False
3782,7148,7298,149.0,9.186678517168623,T1_normal,-95.41128715217393,29.77727818478261,115.0,-95.41128715217393,29.77727818478261,115.0,9.2,23.1,3882,23.3,T1_normal,line,115.0,0.0,False,False
3783,7148,7365,221.0,17.3998645902979,T1_normal,-95.41128715217393,29.77727818478261,115.0,-95.41128715217393,29.77727818478261,115.0,17.4,25.0,3780,22.8,T1_normal,line,115.0,0.0,False,False
3784,7148,7365,221.0,17.3998645902979,T1_normal,-95.41128715217393,29.77727818478261,115.0,-95.41128715217393,29.77727818478261,115.0,17.4,25.0,3780,22.8,T1_normal,line,115.0,0.0,False,False
3785,7149,7408,98.0,5.71817206531996,T1_normal,-96.794157,28.695562,115.0,-96.542544,28.663349333333333,115.0,5.7,33.0,3502,34.3,T1_normal,line,115.0,15.41369128627227,False,False
3786,7151,7150,242.0,45.61495790395168,T1_normal,-95.442636,30.453487000000003,115.0,-95.442636,30.453487000000003,230.0,45.6,80.2,3787,85.0,T2_watch,transformer,230.0,0.0,False,False
3787,7151,7150,242.0,45.61495790395168,T1_normal,-95.442636,30.453487000000003,115.0,-95.442636,30.453487000000003,230.0,45.6,80.2,3786,85.0,T2_watch,transformer,230.0,0.0,False,False
3788,7150,7390,750.0,15.188374526224491,T1_normal,-95.442636,30.453487000000003,230.0,-95.442636,30.453487000000003,230.0,15.2,26.9,3789,21.7,T1_normal,line,230.0,0.0,False,False
3789,7150,7390,750.0,15.188374526224491,T1_normal,-95.442636,30.453487000000003,230.0,-95.442636,30.453487000000003,230.0,15.2,26.9,3788,21.7,T1_normal,line,230.0,0.0,False,False
3790,7150,7420,443.0,23.95400694054953,T1_normal,-95.442636,30.453487000000003,230.0,-95.698237,30.1865575,230.0,24.0,35.1,3859,50.4,T1_normal,line,230.0,23.9282167290124,False,False
3791,8004,7150,647.0,15.31175102139021,T1_normal,-94.737065,31.33610733333333,230.0,-95.442636,30.453487000000003,230.0,15.3,25.4,4643,41.8,T1_normal,line,230.0,73.95271453148605,False,False
3792,7151,7254,221.0,65.61375396159556,T1_normal,-95.442636,30.453487000000003,115.0,-95.41198228571427,30.277086714285712,115.0,65.6,72.7,3859,84.7,T1_normal,line,115.0,12.324455662618956,False,False
3793,7152,7188,181.0,60.104314223894136,T1_normal,-95.41128715217393,29.77727818478261,115.0,-95.41128715217393,29.77727818478261,115.0,60.1,73.7,3794,67.1,T1_normal,line,115.0,0.0,False,False
3794,7152,7188,181.0,60.104314223894136,T1_normal,-95.41128715217393,29.77727818478261,115.0,-95.41128715217393,29.77727818478261,115.0,60.1,73.7,3793,67.1,T1_normal,line,115.0,0.0,False,False
3795,7152,7258,140.2,4.460525901984329,T1_normal,-95.41128715217393,29.77727818478261,115.0,-95.41128715217393,29.77727818478261,115.0,4.5,27.8,3805,25.1,T1_normal,line,115.0,0.0,False,False
3796,7330,7152,221.0,22.79844567478456,T1_normal,-95.41128715217393,29.77727818478261,115.0,-95.41128715217393,29.77727818478261,115.0,22.8,30.9,3771,31.5,T1_normal,line,115.0,0.0,False,False
3797,7330,7152,221.0,22.79844567478456,T1_normal,-95.41128715217393,29.77727818478261,115.0,-95.41128715217393,29.77727818478261,115.0,22.8,30.9,3771,31.5,T1_normal,line,115.0,0.0,False,False
3798,7152,7399,221.0,12.688398228538144,T1_normal,-95.41128715217393,29.77727818478261,115.0,-95.41128715217393,29.77727818478261,115.0,12.7,15.6,3799,15.6,T1_normal,line,115.0,0.0,False,False
3799,7152,7399,221.0,12.688398228538144,T1_normal,-95.41128715217393,29.77727818478261,115.0,-95.41128715217393,29.77727818478261,115.0,12.7,15.6,3798,15.6,T1_normal,line,115.0,0.0,False,False
3800,7154,7157,221.0,27.44996492879929,T1_normal,-95.41198228571427,30.277086714285712,115.0,-95.47181825,30.112047375,115.0,27.4,39.1,3792,38.0,T1_normal,line,115.0,11.950020239008,False,False
3801,7154,7157,221.0,27.44996492879929,T1_normal,-95.41198228571427,30.277086714285712,115.0,-95.47181825,30.112047375,115.0,27.4,39.1,3792,38.0,T1_normal,line,115.0,11.950020239008,False,False
3802,7300,7154,221.0,12.319366954968142,T1_normal,-95.41198228571427,30.277086714285712,115.0,-95.41198228571427,30.277086714285712,115.0,12.3,52.4,3792,53.0,T1_normal,line,115.0,0.0,False,False
3803,7154,7411,98.0,0.3296367498095245,T1_normal,-95.41198228571427,30.277086714285712,115.0,-95.47181825,30.112047375,115.0,0.3,37.6,3964,43.7,T1_normal,line,115.0,11.950020239008,False,False
3804,7155,7258,98.0,30.870041449215066,T1_normal,-95.41128715217393,29.77727818478261,115.0,-95.41128715217393,29.77727818478261,115.0,30.9,96.2,3805,84.1,T3_prevent,line,115.0,0.0,False,False
3805,7155,7316,149.0,83.60123599359876,T2_watch,-95.41128715217393,29.77727818478261,115.0,-95.41128715217393,29.77727818478261,115.0,83.6,103.7,4115,92.6,T4_light,line,115.0,0.0,True,True
3806,7157,7156,424.0,54.98043344274659,T1_normal,-95.47181825,30.112047375,115.0,-95.47181825,30.112047375,230.0,55.0,71.3,3807,68.5,T1_normal,transformer,230.0,0.0,False,False
3807,7157,7156,424.0,54.98043344274659,T1_normal,-95.47181825,30.112047375,115.0,-95.47181825,30.112047375,230.0,55.0,71.3,3806,68.5,T1_normal,transformer,230.0,0.0,False,False
3808,7157,7156,424.0,54.98043344274659,T1_normal,-95.47181825,30.112047375,115.0,-95.47181825,30.112047375,230.0,55.0,71.3,3806,68.5,T1_normal,transformer,230.0,0.0,False,False
3809,7176,7156,750.0,53.15984521075174,T1_normal,-95.47181825,30.112047375,230.0,-95.47181825,30.112047375,230.0,53.2,61.4,3818,57.6,T1_normal,line,230.0,0.0,False,False
3810,7156,7367,750.0,15.9413430826748,T1_normal,-95.47181825,30.112047375,230.0,-95.069071,29.842662,230.0,15.9,26.0,3809,22.7,T1_normal,line,230.0,30.45454383478134,False,False
3811,7156,7367,750.0,15.9413430826748,T1_normal,-95.47181825,30.112047375,230.0,-95.069071,29.842662,230.0,15.9,26.0,3809,22.7,T1_normal,line,230.0,30.45454383478134,False,False
3812,7157,7295,221.0,36.04956778733833,T1_normal,-95.47181825,30.112047375,115.0,-95.41128715217393,29.77727818478261,115.0,36.0,53.3,3813,53.4,T1_normal,line,115.0,23.412752672456016,False,False
3813,7157,7295,221.0,36.04956778733833,T1_normal,-95.47181825,30.112047375,115.0,-95.41128715217393,29.77727818478261,115.0,36.0,53.3,3812,53.4,T1_normal,line,115.0,23.412752672456016,False,False
3814,7173,7158,149.0,29.281742572829103,T1_normal,-95.1894825,30.049941,115.0,-95.1894825,30.049941,115.0,29.3,45.3,3470,43.1,T1_normal,line,115.0,0.0,False,False
3815,7158,7291,149.0,6.26762993870984,T1_normal,-95.1894825,30.049941,115.0,-95.231858,30.0059,115.0,6.3,26.1,4140,25.0,T1_normal,line,115.0,3.960492392859983,False,False
3816,7158,7394,221.0,38.827729647555074,T1_normal,-95.1894825,30.049941,115.0,-95.040827,30.009659,115.0,38.8,68.5,3817,66.1,T1_normal,line,115.0,9.317850962407023,False,False
3817,7158,7394,221.0,38.827729647555074,T1_normal,-95.1894825,30.049941,115.0,-95.040827,30.009659,115.0,38.8,68.5,3816,66.1,T1_normal,line,115.0,9.317850962407023,False,False
3818,7160,7159,1310.0,83.93746891070658,T2_watch,-95.41128715217393,29.77727818478261,230.0,-95.41128715217393,29.77727818478261,500.0,83.9,94.0,3831,84.8,T3_prevent,transformer,500.0,0.0,False,False
3819,7162,7159,148.6,1.2495618127694743,T1_normal,-95.41128715217393,29.77727818478261,18.0,-95.41128715217393,29.77727818478261,500.0,1.2,1.2,-1,0.0,T1_normal,transformer,500.0,0.0,False,False
3820,7163,7159,141.1,1.3159807610031462,T1_normal,-95.41128715217393,29.77727818478261,18.0,-95.41128715217393,29.77727818478261,500.0,1.3,1.4,3629,0.0,T1_normal,transformer,500.0,0.0,False,False
3821,7164,7159,89.8,60.29304136550625,T1_normal,-95.41128715217393,29.77727818478261,18.0,-95.41128715217393,29.77727818478261,500.0,60.3,60.3,15,61.2,T1_normal,transformer,500.0,0.0,False,False
3822,7165,7159,73.6,73.5640640573704,T1_normal,-95.41128715217393,29.77727818478261,18.0,-95.41128715217393,29.77727818478261,500.0,73.6,73.6,-1,74.5,T1_normal,transformer,500.0,0.0,False,False
3823,7166,7159,86.1,62.88403152871616,T1_normal,-95.41128715217393,29.77727818478261,18.0,-95.41128715217393,29.77727818478261,500.0,62.9,62.9,-1,64.0,T1_normal,transformer,500.0,0.0,False,False
3824,7167,7159,87.1,62.16205642505696,T1_normal,-95.41128715217393,29.77727818478261,18.0,-95.41128715217393,29.77727818478261,500.0,62.2,62.2,-1,63.7,T1_normal,transformer,500.0,0.0,False,False
3825,7168,7159,81.9,66.1088536583939,T1_normal,-95.41128715217393,29.77727818478261,18.0,-95.41128715217393,29.77727818478261,500.0,66.1,66.1,-1,67.7,T1_normal,transformer,500.0,0.0,False,False
3826,7169,7159,75.2,71.99887120508586,T1_normal,-95.41128715217393,29.77727818478261,18.0,-95.41128715217393,29.77727818478261,500.0,72.0,72.0,23,73.0,T1_normal,transformer,500.0,0.0,False,False
3827,7170,7159,81.7,63.8227064213275,T1_normal,-95.41128715217393,29.77727818478261,18.0,-95.41128715217393,29.77727818478261,500.0,63.8,63.8,3629,66.0,T1_normal,transformer,500.0,0.0,False,False
3828,7159,7175,3146.0,17.769060342046007,T1_normal,-95.41128715217393,29.77727818478261,500.0,-95.47181825,30.112047375,500.0,17.8,36.4,4276,30.4,T1_normal,line,500.0,23.412752672456016,False,False
3829,7199,7159,2482.0,31.16869814178152,T1_normal,-95.708537,29.9660525,500.0,-95.41128715217393,29.77727818478261,500.0,31.2,51.5,4227,41.4,T1_normal,line,500.0,22.074980478788685,False,False
3830,7199,7159,2482.0,31.16869814178152,T1_normal,-95.708537,29.9660525,500.0,-95.41128715217393,29.77727818478261,500.0,31.2,51.5,4227,41.4,T1_normal,line,500.0,22.074980478788685,False,False
3831,7159,7227,3146.0,34.12118938125807,T1_normal,-95.41128715217393,29.77727818478261,500.0,-95.41128715217393,29.77727818478261,500.0,34.1,42.1,4209,38.0,T1_normal,line,500.0,0.0,False,False
3832,12704,7159,2700.0,8.72453144034119,T1_normal,-95.41128715217393,29.77727818478261,500.0,-95.41128715217393,29.77727818478261,500.0,8.7,24.1,4227,23.1,T1_normal,line,500.0,0.0,False,False
3833,12704,7159,2700.0,8.72453144034119,T1_normal,-95.41128715217393,29.77727818478261,500.0,-95.41128715217393,29.77727818478261,500.0,8.7,24.1,4227,23.1,T1_normal,line,500.0,0.0,False,False
3834,7161,7160,418.0,59.90554711143386,T1_normal,-95.41128715217393,29.77727818478261,115.0,-95.41128715217393,29.77727818478261,230.0,59.9,74.6,3835,70.4,T1_normal,transformer,230.0,0.0,False,False
3835,7161,7160,418.0,59.90554711143386,T1_normal,-95.41128715217393,29.77727818478261,115.0,-95.41128715217393,29.77727818478261,230.0,59.9,74.6,3834,70.4,T1_normal,transformer,230.0,0.0,False,False
3836,7161,7160,418.0,59.90554711143386,T1_normal,-95.41128715217393,29.77727818478261,115.0,-95.41128715217393,29.77727818478261,230.0,59.9,74.6,3834,70.4,T1_normal,transformer,230.0,0.0,False,False
3837,7187,7160,548.0,10.99193230423558,T1_normal,-95.41128715217393,29.77727818478261,230.0,-95.41128715217393,29.77727818478261,230.0,11.0,29.7,3818,25.6,T1_normal,line,230.0,0.0,False,False
3838,7161,7223,132.0,48.6997109573435,T1_normal,-95.41128715217393,29.77727818478261,115.0,-95.41128715217393,29.77727818478261,115.0,48.7,99.2,3987,88.9,T3_prevent,line,115.0,0.0,False,False
3839,7161,7404,223.4,74.50656339131726,T1_normal,-95.41128715217393,29.77727818478261,115.0,-95.41128715217393,29.77727818478261,115.0,74.5,89.7,3840,83.9,T2_watch,line,115.0,0.0,False,False
3840,7161,7404,223.4,74.50656339131726,T1_normal,-95.41128715217393,29.77727818478261,115.0,-95.41128715217393,29.77727818478261,115.0,74.5,89.7,3839,83.9,T2_watch,line,115.0,0.0,False,False
3841,7161,7404,223.4,74.50656339131726,T1_normal,-95.41128715217393,29.77727818478261,115.0,-95.41128715217393,29.77727818478261,115.0,74.5,89.7,3839,83.9,T2_watch,line,115.0,0.0,False,False
3842,7172,7171,352.0,20.573503256202866,T1_normal,-94.945159,29.3895056,115.0,-94.945159,29.3895056,230.0,20.6,32.5,3362,36.8,T1_normal,transformer,230.0,0.0,False,False
3843,7171,7252,443.0,24.944687008725147,T1_normal,-94.945159,29.3895056,230.0,-95.43283075,29.2128395,230.0,24.9,28.2,4067,23.3,T1_normal,line,230.0,31.81873542774943,False,False
3844,7172,7213,209.4,20.92319038712491,T1_normal,-94.945159,29.3895056,115.0,-95.0817025,29.3340115,115.0,20.9,30.1,3955,37.5,T1_normal,line,115.0,9.072498077352131,False,False
3845,7172,7232,221.0,1.2216578136697578,T1_normal,-94.945159,29.3895056,115.0,-94.943829,29.378697,115.0,1.2,11.0,3847,11.9,T1_normal,line,115.0,0.7510908571791242,False,False
3846,7232,7172,221.0,1.2216578136697578,T1_normal,-94.943829,29.378697,115.0,-94.945159,29.3895056,115.0,1.2,11.0,3847,11.9,T1_normal,line,115.0,0.7510908571791242,False,False
3847,7172,12567,800.0,24.568366043419587,T1_normal,-94.945159,29.3895056,115.0,-94.945159,29.3895056,500.0,24.6,37.1,4016,39.4,T1_normal,transformer,500.0,0.0,False,False
3848,7172,12922,213.3,1.6104615582828223,T1_normal,-94.945159,29.3895056,115.0,-94.945159,29.3895056,115.0,1.6,3.2,3849,0.0,T1_normal,line,115.0,0.0,False,False
3849,7172,12922,213.3,1.6104615582828223,T1_normal,-94.945159,29.3895056,115.0,-94.945159,29.3895056,115.0,1.6,3.2,3848,0.0,T1_normal,line,115.0,0.0,False,False
3850,7172,13152,121.8,10.372066601736623,T1_normal,-94.945159,29.3895056,115.0,-94.945159,29.3895056,115.0,10.4,53.6,3847,55.7,T1_normal,line,115.0,0.0,False,False
3851,7172,13408,113.8,6.445259611787323,T1_normal,-94.945159,29.3895056,115.0,-94.945159,29.3895056,115.0,6.4,70.2,3847,76.6,T1_normal,line,115.0,0.0,False,False
3852,7173,7387,98.0,33.482763210902334,T1_normal,-95.1894825,30.049941,115.0,-95.231858,30.0059,115.0,33.5,70.3,3470,68.6,T1_normal,line,115.0,3.960492392859983,False,False
3853,7174,7231,221.0,50.10054293538491,T1_normal,-95.41128715217393,29.77727818478261,115.0,-95.41128715217393,29.77727818478261,115.0,50.1,86.6,3854,84.3,T2_watch,line,115.0,0.0,False,False
3854,7174,7231,221.0,50.10054293538491,T1_normal,-95.41128715217393,29.77727818478261,115.0,-95.41128715217393,29.77727818478261,115.0,50.1,86.6,3853,84.3,T2_watch,line,115.0,0.0,False,False
3855,7174,7257,98.0,73.79362061345016,T1_normal,-95.41128715217393,29.77727818478261,115.0,-95.3149035,29.5534395,115.0,73.8,90.6,3853,82.3,T3_prevent,line,115.0,16.513043983472688,False,False
3856,7301,7174,221.0,43.175994101968634,T1_normal,-95.1361,29.53864,115.0,-95.41128715217393,29.77727818478261,115.0,43.2,61.1,4156,61.1,T1_normal,line,115.0,23.34257042482522,False,False
3857,7176,7175,1292.0,37.14077027258764,T1_normal,-95.47181825,30.112047375,230.0,-95.47181825,30.112047375,500.0,37.1,51.9,3858,49.9,T1_normal,transformer,500.0,0.0,False,False
3858,7176,7175,1292.0,37.14077027258764,T1_normal,-95.47181825,30.112047375,230.0,-95.47181825,30.112047375,500.0,37.1,51.9,3857,49.9,T1_normal,transformer,500.0,0.0,False,False
3859,7175,7389,2020.0,20.254165599195723,T1_normal,-95.47181825,30.112047375,500.0,-95.442636,30.453487000000003,500.0,20.3,38.7,4275,55.7,T1_normal,line,500.0,23.655629018545064,False,False
3860,7177,7176,439.0,42.39395240489241,T1_normal,-95.47181825,30.112047375,115.0,-95.47181825,30.112047375,230.0,42.4,50.1,3861,48.1,T1_normal,transformer,230.0,0.0,False,False
3861,7177,7176,439.0,42.39395240489241,T1_normal,-95.47181825,30.112047375,115.0,-95.47181825,30.112047375,230.0,42.4,50.1,3860,48.1,T1_normal,transformer,230.0,0.0,False,False
3862,7177,7176,439.0,42.39395240489241,T1_normal,-95.47181825,30.112047375,115.0,-95.47181825,30.112047375,230.0,42.4,50.1,3860,48.1,T1_normal,transformer,230.0,0.0,False,False
3863,7176,7200,443.0,7.055997897410197,T1_normal,-95.47181825,30.112047375,230.0,-95.708537,29.9660525,230.0,7.1,81.1,3930,67.9,T2_watch,line,230.0,17.384845883204274,False,False
3864,7176,7409,443.0,7.32418684436288,T1_normal,-95.47181825,30.112047375,230.0,-95.7842315,29.79427175,230.0,7.3,20.3,4227,11.6,T1_normal,line,230.0,28.84225576916253,False,False
3865,7319,7177,221.0,31.562420923370873,T1_normal,-95.41128715217393,29.77727818478261,115.0,-95.47181825,30.112047375,115.0,31.6,48.1,3866,45.0,T1_normal,line,115.0,23.412752672456016,False,False
3866,7319,7177,221.0,31.562420923370873,T1_normal,-95.41128715217393,29.77727818478261,115.0,-95.47181825,30.112047375,115.0,31.6,48.1,3865,45.0,T1_normal,line,115.0,23.412752672456016,False,False
3867,7295,7178,149.0,17.69200924941057,T1_normal,-95.41128715217393,29.77727818478261,115.0,-95.41128715217393,29.77727818478261,115.0,17.7,41.2,4039,38.0,T1_normal,line,115.0,0.0,False,False
3868,7178,7404,161.0,55.97552392160442,T1_normal,-95.41128715217393,29.77727818478261,115.0,-95.41128715217393,29.77727818478261,115.0,56.0,94.1,3869,87.8,T3_prevent,line,115.0,0.0,False,False
3869,7178,7404,198.7,68.86168240477744,T1_normal,-95.41128715217393,29.77727818478261,115.0,-95.41128715217393,29.77727818478261,115.0,68.9,93.9,3868,87.7,T3_prevent,line,115.0,0.0,False,False
3870,7179,7214,140.1,41.788945497713065,T1_normal,-95.474615,29.537301,115.0,-95.41128715217393,29.77727818478261,115.0,41.8,58.3,3959,51.2,T1_normal,line,115.0,17.011403090066974,False,False
3871,7179,7244,208.0,72.25486109004684,T1_normal,-95.474615,29.537301,115.0,-95.31001,29.45566,115.0,72.3,109.4,4045,101.6,T4_light,line,115.0,11.393509450726238,True,False
3872,7179,7257,149.0,33.25536581091059,T1_normal,-95.474615,29.537301,115.0,-95.3149035,29.5534395,115.0,33.3,44.2,4087,41.7,T1_normal,line,115.0,9.664715946079395,False,False
3873,7179,7316,127.1,14.425583305455364,T1_normal,-95.474615,29.537301,115.0,-95.41128715217393,29.77727818478261,115.0,14.4,46.2,3871,45.8,T1_normal,line,115.0,17.011403090066974,False,False
3874,7179,7336,149.0,1.5021609046834887,T1_normal,-95.474615,29.537301,115.0,-95.567968,29.62431,115.0,1.5,30.3,3871,26.4,T1_normal,line,115.0,8.222380976236998,False,False
3875,7180,7216,98.0,25.783500085089617,T1_normal,-95.41128715217393,29.77727818478261,115.0,-95.41128715217393,29.77727818478261,115.0,25.8,50.0,3708,40.8,T1_normal,line,115.0,0.0,False,False
3876,7180,7298,221.0,8.948822039307077,T1_normal,-95.41128715217393,29.77727818478261,115.0,-95.41128715217393,29.77727818478261,115.0,8.9,18.9,4227,13.0,T1_normal,line,115.0,0.0,False,False
3877,7180,7298,221.0,8.948822039307077,T1_normal,-95.41128715217393,29.77727818478261,115.0,-95.41128715217393,29.77727818478261,115.0,8.9,18.9,4227,13.0,T1_normal,line,115.0,0.0,False,False
3878,7388,7180,221.0,16.88503221956705,T1_normal,-95.41128715217393,29.77727818478261,115.0,-95.41128715217393,29.77727818478261,115.0,16.9,22.8,3879,20.8,T1_normal,line,115.0,0.0,False,False
3879,7388,7180,221.0,16.88503221956705,T1_normal,-95.41128715217393,29.77727818478261,115.0,-95.41128715217393,29.77727818478261,115.0,16.9,22.8,3878,20.8,T1_normal,line,115.0,0.0,False,False
3880,7180,7399,250.0,41.62203994522457,T1_normal,-95.41128715217393,29.77727818478261,115.0,-95.41128715217393,29.77727818478261,115.0,41.6,52.0,3881,46.1,T1_normal,line,115.0,0.0,False,False
3881,7180,7399,250.0,41.62203994522457,T1_normal,-95.41128715217393,29.77727818478261,115.0,-95.41128715217393,29.77727818478261,115.0,41.6,52.0,3880,46.1,T1_normal,line,115.0,0.0,False,False
3882,7242,7181,450.0,60.66106599938905,T1_normal,-95.41128715217393,29.77727818478261,115.0,-95.41128715217393,29.77727818478261,115.0,60.7,69.4,3991,63.6,T1_normal,line,115.0,0.0,False,False
3883,7181,7298,140.5,12.591148839392975,T1_normal,-95.41128715217393,29.77727818478261,115.0,-95.41128715217393,29.77727818478261,115.0,12.6,84.1,3882,73.0,T2_watch,line,115.0,0.0,False,False
3884,7385,7181,98.0,5.924302418575452,T1_normal,-95.41128715217393,29.77727818478261,115.0,-95.41128715217393,29.77727818478261,115.0,5.9,71.4,3882,61.1,T1_normal,line,115.0,0.0,False,False
3885,7181,7425,105.2,13.571723975789638,T1_normal,-95.41128715217393,29.77727818478261,115.0,-95.41128715217393,29.77727818478261,115.0,13.6,83.3,3991,58.9,T2_watch,line,115.0,0.0,False,False
3886,7182,7237,150.0,80.7713065964735,T2_watch,-96.012215,29.792687,115.0,-95.98036,29.560311,115.0,80.8,136.0,3599,117.9,T6_heavy,line,115.0,16.169288400599132,True,False
3887,7183,7258,125.2,24.18715547153512,T1_normal,-95.41128715217393,29.77727818478261,115.0,-95.41128715217393,29.77727818478261,115.0,24.2,44.2,3888,46.6,T1_normal,line,115.0,0.0,False,False
3888,7183,7386,300.0,45.30428947835598,T1_normal,-95.41128715217393,29.77727818478261,115.0,-95.41128715217393,29.77727818478261,115.0,45.3,57.8,3454,52.2,T1_normal,line,115.0,0.0,False,False
3889,7183,7417,250.0,8.22031099075204,T1_normal,-95.41128715217393,29.77727818478261,115.0,-95.41128715217393,29.77727818478261,115.0,8.2,21.0,3888,20.2,T1_normal,line,115.0,0.0,False,False
3890,7183,7418,113.8,30.888689702348927,T1_normal,-95.41128715217393,29.77727818478261,115.0,-95.41128715217393,29.77727818478261,115.0,30.9,46.2,3888,41.9,T1_normal,line,115.0,0.0,False,False
3891,7185,7184,2500.0,9.40261189956123,T1_normal,-95.567913,29.5403555,115.0,-95.567913,29.5403555,230.0,9.4,10.7,3892,9.3,T1_normal,transformer,230.0,0.0,False,False
3892,7185,7184,2500.0,9.40261189956123,T1_normal,-95.567913,29.5403555,115.0,-95.567913,29.5403555,230.0,9.4,10.7,3891,9.3,T1_normal,transformer,230.0,0.0,False,False
3893,7185,7184,2500.0,9.40261189956123,T1_normal,-95.567913,29.5403555,115.0,-95.567913,29.5403555,230.0,9.4,10.7,3891,9.3,T1_normal,transformer,230.0,0.0,False,False
3894,7347,7184,750.0,30.19999155647023,T1_normal,-95.6326335,29.479039,230.0,-95.567913,29.5403555,230.0,30.2,42.6,3895,33.5,T1_normal,line,230.0,5.752745178488253,False,False
3895,7347,7184,750.0,30.19999155647023,T1_normal,-95.6326335,29.479039,230.0,-95.567913,29.5403555,230.0,30.2,42.6,3894,33.5,T1_normal,line,230.0,5.752745178488253,False,False
3896,7347,7184,750.0,30.19999155647023,T1_normal,-95.6326335,29.479039,230.0,-95.567913,29.5403555,230.0,30.2,42.6,3894,33.5,T1_normal,line,230.0,5.752745178488253,False,False
3897,7185,7220,203.0,66.52321028617223,T1_normal,-95.567913,29.5403555,115.0,-95.41128715217393,29.77727818478261,115.0,66.5,72.8,3898,64.6,T1_normal,line,115.0,18.87889353127657,False,False
3898,7185,7220,203.0,66.52321028617223,T1_normal,-95.567913,29.5403555,115.0,-95.41128715217393,29.77727818478261,115.0,66.5,72.8,3897,64.6,T1_normal,line,115.0,18.87889353127657,False,False
3899,7185,7220,203.0,66.52321028617223,T1_normal,-95.567913,29.5403555,115.0,-95.41128715217393,29.77727818478261,115.0,66.5,72.8,3897,64.6,T1_normal,line,115.0,18.87889353127657,False,False
3900,7185,7220,203.0,66.52321028617223,T1_normal,-95.567913,29.5403555,115.0,-95.41128715217393,29.77727818478261,115.0,66.5,72.8,3897,64.6,T1_normal,line,115.0,18.87889353127657,False,False
3901,7185,7336,197.2,59.24136190131019,T1_normal,-95.567913,29.5403555,115.0,-95.567968,29.62431,115.0,59.2,64.1,3910,57.0,T1_normal,line,115.0,5.8007610920605135,False,False
3902,7185,7348,173.3,35.39302638510168,T1_normal,-95.567913,29.5403555,115.0,-95.6326335,29.479039,115.0,35.4,52.7,3891,47.5,T1_normal,line,115.0,5.752745178488253,False,False
3903,7383,7185,221.0,20.62734146525776,T1_normal,-95.435068,29.364128,115.0,-95.567913,29.5403555,115.0,20.6,25.0,3467,28.3,T1_normal,line,115.0,14.565135455786551,False,False
3904,7383,7185,221.0,20.62734146525776,T1_normal,-95.435068,29.364128,115.0,-95.567913,29.5403555,115.0,20.6,25.0,3467,28.3,T1_normal,line,115.0,14.565135455786551,False,False
3905,7185,7397,164.0,30.264354795654597,T1_normal,-95.567913,29.5403555,115.0,-95.80023,29.56318,115.0,30.3,73.1,3430,65.1,T1_normal,line,115.0,14.052339933596622,False,False
3906,7185,13378,103.1,13.2087013487119,T1_normal,-95.567913,29.5403555,115.0,-95.6326335,29.479039,115.0,13.2,35.6,3891,32.9,T1_normal,line,115.0,5.752745178488253,False,False
3907,7187,7186,1600.0,49.887597002807205,T1_normal,-95.41128715217393,29.77727818478261,230.0,-95.41128715217393,29.77727818478261,500.0,49.9,70.4,3908,60.4,T1_normal,transformer,500.0,0.0,False,False
3908,7187,7186,1600.0,49.887597002807205,T1_normal,-95.41128715217393,29.77727818478261,230.0,-95.41128715217393,29.77727818478261,500.0,49.9,70.4,3907,60.4,T1_normal,transformer,500.0,0.0,False,False
3909,7186,7341,2768.0,50.52336358607659,T1_normal,-95.41128715217393,29.77727818478261,500.0,-95.7842315,29.79427175,500.0,50.5,71.9,4227,59.5,T1_normal,line,500.0,22.39476928505675,False,False
3910,7346,7186,2768.0,45.394501775097744,T1_normal,-95.6326335,29.479039,500.0,-95.41128715217393,29.77727818478261,500.0,45.4,62.2,3909,48.6,T1_normal,line,500.0,24.522701746677537,False,False
3911,7186,12742,2330.9,43.20323798877564,T1_normal,-95.41128715217393,29.77727818478261,500.0,-95.41128715217393,29.77727818478261,500.0,43.2,57.3,4227,44.0,T1_normal,line,500.0,0.0,False,False
3912,7188,7187,600.0,66.31362492433622,T1_normal,-95.41128715217393,29.77727818478261,115.0,-95.41128715217393,29.77727818478261,230.0,66.3,77.9,3913,70.4,T1_normal,transformer,230.0,0.0,False,False
3913,7188,7187,600.0,66.31362492433622,T1_normal,-95.41128715217393,29.77727818478261,115.0,-95.41128715217393,29.77727818478261,230.0,66.3,77.9,3912,70.4,T1_normal,transformer,230.0,0.0,False,False
3914,7188,7187,600.0,66.31362492433622,T1_normal,-95.41128715217393,29.77727818478261,115.0,-95.41128715217393,29.77727818478261,230.0,66.3,77.9,3912,70.4,T1_normal,transformer,230.0,0.0,False,False
3915,7188,7187,600.0,66.31362492433622,T1_normal,-95.41128715217393,29.77727818478261,115.0,-95.41128715217393,29.77727818478261,230.0,66.3,77.9,3912,70.4,T1_normal,transformer,230.0,0.0,False,False
3916,7187,7401,647.0,2.0578370125051455,T1_normal,-95.41128715217393,29.77727818478261,230.0,-95.41128715217393,29.77727818478261,230.0,2.1,14.5,3907,15.5,T1_normal,line,230.0,0.0,False,False
3917,7188,7224,143.9,45.130612174008945,T1_normal,-95.41128715217393,29.77727818478261,115.0,-95.41128715217393,29.77727818478261,115.0,45.1,82.3,3994,76.3,T2_watch,line,115.0,0.0,False,False
3918,7188,7255,300.0,32.09400645654814,T1_normal,-95.41128715217393,29.77727818478261,115.0,-95.41128715217393,29.77727818478261,115.0,32.1,35.7,3919,32.2,T1_normal,line,115.0,0.0,False,False
3919,7188,7255,250.0,38.51280774785778,T1_normal,-95.41128715217393,29.77727818478261,115.0,-95.41128715217393,29.77727818478261,115.0,38.5,42.8,3918,38.6,T1_normal,line,115.0,0.0,False,False
3920,7188,7255,300.0,32.09400645654814,T1_normal,-95.41128715217393,29.77727818478261,115.0,-95.41128715217393,29.77727818478261,115.0,32.1,35.7,3918,32.2,T1_normal,line,115.0,0.0,False,False
3921,7188,7255,300.0,32.09400645654814,T1_normal,-95.41128715217393,29.77727818478261,115.0,-95.41128715217393,29.77727818478261,115.0,32.1,35.7,3918,32.2,T1_normal,line,115.0,0.0,False,False
3922,7188,7255,300.0,32.09400645654814,T1_normal,-95.41128715217393,29.77727818478261,115.0,-95.41128715217393,29.77727818478261,115.0,32.1,35.7,3918,32.2,T1_normal,line,115.0,0.0,False,False
3923,7188,7255,300.0,32.09400645654814,T1_normal,-95.41128715217393,29.77727818478261,115.0,-95.41128715217393,29.77727818478261,115.0,32.1,35.7,3918,32.2,T1_normal,line,115.0,0.0,False,False
3924,7188,7255,300.0,32.09400645654814,T1_normal,-95.41128715217393,29.77727818478261,115.0,-95.41128715217393,29.77727818478261,115.0,32.1,35.7,3918,32.2,T1_normal,line,115.0,0.0,False,False
3925,7188,7255,300.0,32.09400645654814,T1_normal,-95.41128715217393,29.77727818478261,115.0,-95.41128715217393,29.77727818478261,115.0,32.1,35.7,3918,32.2,T1_normal,line,115.0,0.0,False,False
3926,7188,7384,202.2,40.66280187017465,T1_normal,-95.41128715217393,29.77727818478261,115.0,-95.41128715217393,29.77727818478261,115.0,40.7,67.8,3994,60.4,T1_normal,line,115.0,0.0,False,False
3927,7198,7201,221.0,30.811897561672215,T1_normal,-95.633665,30.0783065,115.0,-95.708537,29.9660525,115.0,30.8,56.2,3928,54.8,T1_normal,line,115.0,8.956535095382698,False,False
3928,7198,7201,221.0,30.811897561672215,T1_normal,-95.633665,30.0783065,115.0,-95.708537,29.9660525,115.0,30.8,56.2,3927,54.8,T1_normal,line,115.0,8.956535095382698,False,False
3929,7198,7225,221.0,18.031034942348917,T1_normal,-95.633665,30.0783065,115.0,-95.41128715217393,29.77727818478261,115.0,18.0,22.9,3621,19.5,T1_normal,line,115.0,24.696739378693227,False,False
3930,7200,7199,1344.0,47.96832725265848,T1_normal,-95.708537,29.9660525,230.0,-95.708537,29.9660525,500.0,48.0,54.0,3828,44.7,T1_normal,transformer,500.0,0.0,False,False
3931,7199,7331,3146.0,15.914914268132916,T1_normal,-95.708537,29.9660525,500.0,-95.1431518,29.6833732,500.0,15.9,25.9,3712,22.8,T1_normal,line,500.0,39.11585545107411,False,False
3932,7201,7200,261.0,72.01780891217548,T1_normal,-95.708537,29.9660525,115.0,-95.708537,29.9660525,230.0,72.0,94.3,3933,86.3,T3_prevent,transformer,230.0,0.0,False,False
3933,7201,7200,261.0,72.01780891217548,T1_normal,-95.708537,29.9660525,115.0,-95.708537,29.9660525,230.0,72.0,94.3,3932,86.3,T3_prevent,transformer,230.0,0.0,False,False
3934,7201,7200,261.0,72.01780891217548,T1_normal,-95.708537,29.9660525,115.0,-95.708537,29.9660525,230.0,72.0,94.3,3932,86.3,T3_prevent,transformer,230.0,0.0,False,False
3935,7420,7200,548.0,20.447617733379875,T1_normal,-95.698237,30.1865575,230.0,-95.708537,29.9660525,230.0,20.4,32.2,4275,21.6,T1_normal,line,230.0,15.248035026990449,False,False
3936,7203,7247,98.0,10.99819249901838,T1_normal,-95.68083125,29.15439325,115.0,-95.69411466666666,29.203734666666666,115.0,11.0,20.5,4056,17.7,T1_normal,line,115.0,3.502111929367268,False,False
3937,7203,7247,133.0,26.521208267481793,T1_normal,-95.68083125,29.15439325,115.0,-95.69411466666666,29.203734666666666,115.0,26.5,49.4,4056,42.6,T1_normal,line,115.0,3.502111929367268,False,False
3938,7203,7313,150.0,59.03563034262013,T1_normal,-95.68083125,29.15439325,115.0,-95.394,29.002,115.0,59.0,80.6,4668,72.6,T2_watch,line,115.0,20.26980778432105,False,False
3939,7393,7203,269.0,9.181948189106617,T1_normal,-95.967518,29.191296,115.0,-95.68083125,29.15439325,115.0,9.2,89.1,4668,81.6,T2_watch,line,115.0,17.48266391861913,False,False
3940,7426,7203,221.0,8.756721633096737,T1_normal,-95.558277,28.960572,115.0,-95.68083125,29.15439325,115.0,8.8,20.2,4668,18.3,T1_normal,line,115.0,15.301372453887826,False,False
3941,13040,7203,241.8,0.0,T1_normal,-95.68083125,29.15439325,20.0,-95.68083125,29.15439325,115.0,0.0,0.0,-1,0.0,T1_normal,transformer,115.0,0.0,False,False
3942,7203,13095,126.6,13.467797564148327,T1_normal,-95.68083125,29.15439325,115.0,-95.68083125,29.15439325,115.0,13.5,44.9,5142,38.4,T1_normal,line,115.0,0.0,False,False
3943,7203,13404,173.3,52.42297376093268,T1_normal,-95.68083125,29.15439325,115.0,-95.68083125,29.15439325,115.0,52.4,91.8,3944,81.1,T3_prevent,line,115.0,0.0,False,False
3944,7203,13404,173.3,52.42297376093268,T1_normal,-95.68083125,29.15439325,115.0,-95.68083125,29.15439325,115.0,52.4,91.8,3943,81.1,T3_prevent,line,115.0,0.0,False,False
3945,7205,7204,1324.0,14.417372967872131,T1_normal,-94.9321116,29.75354,230.0,-94.9321116,29.75354,500.0,14.4,20.9,3540,19.8,T1_normal,transformer,500.0,0.0,False,False
3946,7263,7204,2020.0,1.6477821457577098,T1_normal,-95.1431518,29.6833732,500.0,-94.9321116,29.75354,500.0,1.6,10.6,3742,11.5,T1_normal,line,500.0,13.560026900558498,False,False
3947,7204,7428,2020.0,13.45446661989162,T1_normal,-94.9321116,29.75354,500.0,-95.3629605,28.98485425,500.0,13.5,16.7,4209,13.6,T1_normal,line,500.0,59.10898210745381,False,False
3948,7206,7205,210.0,72.46991069797619,T1_normal,-94.9321116,29.75354,115.0,-94.9321116,29.75354,230.0,72.5,84.5,3546,82.5,T2_watch,transformer,230.0,0.0,False,False
3949,7282,7205,750.0,3.0866444097030885,T1_normal,-94.9321116,29.75354,230.0,-94.9321116,29.75354,230.0,3.1,17.3,3540,15.1,T1_normal,line,230.0,0.0,False,False
3950,7206,7294,100.0,33.29151566609134,T1_normal,-94.9321116,29.75354,115.0,-94.520121,29.506866,115.0,33.3,61.6,3529,60.7,T1_normal,line,115.0,30.045597229130696,False,False
3951,7206,13253,139.2,39.088228735835536,T1_normal,-94.9321116,29.75354,115.0,-94.9321116,29.75354,115.0,39.1,62.0,3548,59.9,T1_normal,line,115.0,0.0,False,False
3952,7213,7273,98.0,36.721599026987256,T1_normal,-95.0817025,29.3340115,115.0,-94.945159,29.3895056,115.0,36.7,58.4,3362,72.5,T1_normal,line,115.0,9.072498077352131,False,False
3953,7293,7213,149.0,73.05735300209959,T1_normal,-95.0817025,29.3340115,115.0,-95.0817025,29.3340115,115.0,73.1,82.0,4340,80.4,T2_watch,line,115.0,0.0,False,False
3954,7213,7363,98.0,40.03688400874605,T1_normal,-95.0817025,29.3340115,115.0,-94.84457,29.28062966666667,115.0,40.0,92.0,4199,92.0,T3_prevent,line,115.0,14.75576146764549,False,False
3955,7213,13287,169.0,54.74889780609867,T1_normal,-95.0817025,29.3340115,115.0,-95.21873266666668,29.305820666666666,115.0,54.7,79.0,3956,68.4,T1_normal,line,115.0,8.481803223219698,False,False
3956,7213,13287,169.0,54.74889780609867,T1_normal,-95.0817025,29.3340115,115.0,-95.21873266666668,29.305820666666666,115.0,54.7,79.0,3955,68.4,T1_normal,line,115.0,8.481803223219698,False,False
3957,7214,7255,175.5,4.267315595460991,T1_normal,-95.41128715217393,29.77727818478261,115.0,-95.41128715217393,29.77727818478261,115.0,4.3,48.2,3959,46.1,T1_normal,line,115.0,0.0,False,False
3958,7214,7257,149.0,8.503030929602671,T1_normal,-95.41128715217393,29.77727818478261,115.0,-95.3149035,29.5534395,115.0,8.5,28.6,3959,21.8,T1_normal,line,115.0,16.513043983472688,False,False
3959,7214,7297,450.0,60.35012804290922,T1_normal,-95.41128715217393,29.77727818478261,115.0,-95.41128715217393,29.77727818478261,115.0,60.4,70.6,4149,63.4,T1_normal,line,115.0,0.0,False,False
3960,7214,7318,142.8,71.01573897740231,T1_normal,-95.41128715217393,29.77727818478261,115.0,-95.41128715217393,29.77727818478261,115.0,71.0,91.3,3856,84.4,T3_prevent,line,115.0,0.0,False,False
3961,7345,7214,221.0,34.64182523089639,T1_normal,-95.41128715217393,29.77727818478261,115.0,-95.41128715217393,29.77727818478261,115.0,34.6,49.0,3962,43.7,T1_normal,line,115.0,0.0,False,False
3962,7345,7214,221.0,34.64182523089639,T1_normal,-95.41128715217393,29.77727818478261,115.0,-95.41128715217393,29.77727818478261,115.0,34.6,49.0,3961,43.7,T1_normal,line,115.0,0.0,False,False
3963,7411,7215,221.0,5.490300388095745,T1_normal,-95.47181825,30.112047375,115.0,-95.47181825,30.112047375,115.0,5.5,35.7,3483,30.6,T1_normal,line,115.0,0.0,False,False
3964,7215,7431,266.0,49.91624348829049,T1_normal,-95.47181825,30.112047375,115.0,-95.41198228571427,30.277086714285712,115.0,49.9,85.6,3483,88.3,T2_watch,line,115.0,11.950020239008,False,False
3965,7216,7382,149.0,3.013832490477287,T1_normal,-95.41128715217393,29.77727818478261,115.0,-95.41128715217393,29.77727818478261,115.0,3.0,18.8,3482,17.5,T1_normal,line,115.0,0.0,False,False
3966,7216,7386,98.0,23.625340586973,T1_normal,-95.41128715217393,29.77727818478261,115.0,-95.41128715217393,29.77727818478261,115.0,23.6,33.7,3888,25.3,T1_normal,line,115.0,0.0,False,False
3967,7216,7399,197.1,71.22026146893491,T1_normal,-95.41128715217393,29.77727818478261,115.0,-95.41128715217393,29.77727818478261,115.0,71.2,85.8,3612,78.2,T2_watch,line,115.0,0.0,False,False
3968,7249,7217,108.0,72.19583838796358,T1_normal,-95.41128715217393,29.77727818478261,115.0,-95.41128715217393,29.77727818478261,115.0,72.2,90.7,3969,82.3,T3_prevent,line,115.0,0.0,False,False
3969,7217,7276,150.0,21.738230368011813,T1_normal,-95.41128715217393,29.77727818478261,115.0,-95.41128715217393,29.77727818478261,115.0,21.7,45.4,3968,41.9,T1_normal,line,115.0,0.0,False,False
3970,7421,7218,149.0,8.156037020482204,T1_normal,-95.698237,30.1865575,115.0,-95.68639,30.306163,115.0,8.2,84.5,4377,53.4,T2_watch,line,115.0,8.294231681444971,False,False
3971,7218,8009,220.0,47.25341129067347,T1_normal,-95.68639,30.306163,115.0,-95.84999,30.316397,115.0,47.3,61.3,4276,58.0,T1_normal,line,115.0,9.78410672424679,False,False
3972,7230,7219,149.0,78.56824116913805,T1_normal,-95.969548,29.537482,115.0,-96.088253,29.45527,115.0,78.6,94.3,4168,84.7,T3_prevent,line,115.0,9.122953551824953,False,False
3973,7219,7237,149.0,41.52219395739859,T1_normal,-96.088253,29.45527,115.0,-95.98036,29.560311,115.0,41.5,60.3,3430,48.7,T1_normal,line,115.0,9.734779808740168,False,False
3974,7413,7219,221.0,38.91049021409203,T1_normal,-96.087226,29.2829165,115.0,-96.088253,29.45527,115.0,38.9,62.1,3975,49.6,T1_normal,line,115.0,11.908769565515591,False,False
3975,7413,7219,221.0,38.91049021409203,T1_normal,-96.087226,29.2829165,115.0,-96.088253,29.45527,115.0,38.9,62.1,3974,49.6,T1_normal,line,115.0,11.908769565515591,False,False
3976,12967,7219,299.8,0.0,T1_normal,-96.088253,29.45527,20.0,-96.088253,29.45527,115.0,0.0,0.0,-1,0.0,T1_normal,transformer,115.0,0.0,False,False
3977,7219,13031,182.0,4.505704171567816,T1_normal,-96.088253,29.45527,115.0,-96.020566,29.225064,115.0,4.5,66.1,3430,62.9,T1_normal,line,115.0,16.42003762850593,False,False
3978,7220,7221,221.0,22.120732910399624,T1_normal,-95.41128715217393,29.77727818478261,115.0,-95.41128715217393,29.77727818478261,115.0,22.1,32.0,3979,26.5,T1_normal,line,115.0,0.0,False,False
3979,7221,7220,221.0,22.120732910399624,T1_normal,-95.41128715217393,29.77727818478261,115.0,-95.41128715217393,29.77727818478261,115.0,22.1,32.0,3978,26.5,T1_normal,line,115.0,0.0,False,False
3980,7220,7386,128.1,61.49778211029009,T1_normal,-95.41128715217393,29.77727818478261,115.0,-95.41128715217393,29.77727818478261,115.0,61.5,76.2,3776,66.8,T1_normal,line,115.0,0.0,False,False
3981,7220,7396,221.0,0.7601350558327129,T1_normal,-95.41128715217393,29.77727818478261,115.0,-95.41128715217393,29.77727818478261,115.0,0.8,7.7,4311,8.1,T1_normal,line,115.0,0.0,False,False
3982,7221,7296,250.0,40.67483149004303,T1_normal,-95.41128715217393,29.77727818478261,115.0,-95.41128715217393,29.77727818478261,115.0,40.7,47.6,3702,41.8,T1_normal,line,115.0,0.0,False,False
3983,7222,7333,125.4,45.22436565391145,T1_normal,-95.41128715217393,29.77727818478261,115.0,-95.1431518,29.6833732,115.0,45.2,56.5,3571,51.5,T1_normal,line,115.0,17.346991535108085,False,False
3984,7222,7338,98.0,19.522707355393607,T1_normal,-95.41128715217393,29.77727818478261,115.0,-95.41128715217393,29.77727818478261,115.0,19.5,38.6,3959,38.4,T1_normal,line,115.0,0.0,False,False
3985,7222,7362,149.0,6.767835852750167,T1_normal,-95.41128715217393,29.77727818478261,115.0,-95.41128715217393,29.77727818478261,115.0,6.8,13.5,4204,12.5,T1_normal,line,115.0,0.0,False,False
3986,7223,7242,169.0,71.51198937567132,T1_normal,-95.41128715217393,29.77727818478261,115.0,-95.41128715217393,29.77727818478261,115.0,71.5,95.8,3989,89.4,T3_prevent,line,115.0,0.0,False,False
3987,7292,7223,450.0,74.33277839797763,T1_normal,-95.41128715217393,29.77727818478261,115.0,-95.41128715217393,29.77727818478261,115.0,74.3,101.7,3988,90.3,T4_light,line,115.0,0.0,True,True
3988,7292,7223,450.0,74.33277839797763,T1_normal,-95.41128715217393,29.77727818478261,115.0,-95.41128715217393,29.77727818478261,115.0,74.3,101.7,3987,90.3,T4_light,line,115.0,0.0,True,True
3989,7223,7319,220.0,91.8342028346589,T3_prevent,-95.41128715217393,29.77727818478261,115.0,-95.41128715217393,29.77727818478261,115.0,91.8,110.1,3991,99.0,T5_moderate,line,115.0,0.0,True,True
3990,7223,7404,221.0,60.82855056874498,T1_normal,-95.41128715217393,29.77727818478261,115.0,-95.41128715217393,29.77727818478261,115.0,60.8,71.2,3989,66.8,T1_normal,line,115.0,0.0,False,False
3991,7223,7425,221.0,97.04697646932225,T3_prevent,-95.41128715217393,29.77727818478261,115.0,-95.41128715217393,29.77727818478261,115.0,97.0,109.4,3882,91.8,T4_light,line,115.0,0.0,True,True
3992,7224,7248,98.0,49.68233697363382,T1_normal,-95.41128715217393,29.77727818478261,115.0,-95.41128715217393,29.77727818478261,115.0,49.7,58.9,3456,58.2,T1_normal,line,115.0,0.0,False,False
3993,7224,7258,145.0,28.28222493837739,T1_normal,-95.41128715217393,29.77727818478261,115.0,-95.41128715217393,29.77727818478261,115.0,28.3,36.8,3805,32.7,T1_normal,line,115.0,0.0,False,False
3994,7384,7224,220.0,47.57801793694357,T1_normal,-95.41128715217393,29.77727818478261,115.0,-95.41128715217393,29.77727818478261,115.0,47.6,61.5,3926,55.5,T1_normal,line,115.0,0.0,False,False
3995,7224,7417,98.0,38.04436017819297,T1_normal,-95.41128715217393,29.77727818478261,115.0,-95.41128715217393,29.77727818478261,115.0,38.0,50.1,3459,51.8,T1_normal,line,115.0,0.0,False,False
3996,7246,7225,149.0,21.137523464993773,T1_normal,-95.41128715217393,29.77727818478261,115.0,-95.41128715217393,29.77727818478261,115.0,21.1,45.2,4050,13.9,T1_normal,line,115.0,0.0,False,False
3997,7225,7395,98.0,55.299447812477474,T1_normal,-95.41128715217393,29.77727818478261,115.0,-95.41128715217393,29.77727818478261,115.0,55.3,78.7,3621,52.8,T1_normal,line,115.0,0.0,False,False
3998,7226,7240,149.0,12.46935498137631,T1_normal,-95.41128715217393,29.77727818478261,115.0,-95.41128715217393,29.77727818478261,115.0,12.5,27.8,4000,22.3,T1_normal,line,115.0,0.0,False,False
3999,7226,7250,98.0,9.11559710737714,T1_normal,-95.41128715217393,29.77727818478261,115.0,-95.41128715217393,29.77727818478261,115.0,9.1,27.6,4000,28.4,T1_normal,line,115.0,0.0,False,False
4000,7226,7272,149.0,68.63469184721842,T1_normal,-95.41128715217393,29.77727818478261,115.0,-95.41128715217393,29.77727818478261,115.0,68.6,77.7,3758,71.2,T1_normal,line,115.0,0.0,False,False
4001,7226,7338,98.0,24.636860912851223,T1_normal,-95.41128715217393,29.77727818478261,115.0,-95.41128715217393,29.77727818478261,115.0,24.6,37.8,3959,33.6,T1_normal,line,115.0,0.0,False,False
4002,7228,7227,1259.0,34.83906579505386,T1_normal,-95.41128715217393,29.77727818478261,230.0,-95.41128715217393,29.77727818478261,500.0,34.8,50.3,3427,47.6,T1_normal,transformer,500.0,0.0,False,False
4003,7227,7422,2768.0,11.443992026810754,T1_normal,-95.41128715217393,29.77727818478261,500.0,-95.21873266666668,29.305820666666666,500.0,11.4,14.2,4002,14.2,T1_normal,line,500.0,34.57022219990021,False,False
4004,7229,7228,467.0,61.20530100528295,T1_normal,-95.41128715217393,29.77727818478261,115.0,-95.41128715217393,29.77727818478261,230.0,61.2,80.8,4005,75.2,T2_watch,transformer,230.0,0.0,False,False
4005,7229,7228,467.0,61.20530100528295,T1_normal,-95.41128715217393,29.77727818478261,115.0,-95.41128715217393,29.77727818478261,230.0,61.2,80.8,4004,75.2,T2_watch,transformer,230.0,0.0,False,False
4006,7229,7228,467.0,61.20530100528295,T1_normal,-95.41128715217393,29.77727818478261,115.0,-95.41128715217393,29.77727818478261,230.0,61.2,80.8,4004,75.2,T2_watch,transformer,230.0,0.0,False,False
4007,7409,7228,443.0,39.80716509583824,T1_normal,-95.7842315,29.79427175,230.0,-95.41128715217393,29.77727818478261,230.0,39.8,74.0,4002,64.3,T1_normal,line,230.0,22.39476928505675,False,False
4008,7230,7397,149.0,80.33334184027916,T2_watch,-95.969548,29.537482,115.0,-95.80023,29.56318,115.0,80.3,96.0,4168,86.0,T3_prevent,line,115.0,10.330845774973056,False,False
4009,7265,7231,221.0,35.10921484249541,T1_normal,-95.1431518,29.6833732,115.0,-95.41128715217393,29.77727818478261,115.0,35.1,44.3,4010,41.6,T1_normal,line,115.0,17.346991535108085,False,False
4010,7265,7231,221.0,35.10921484249541,T1_normal,-95.1431518,29.6833732,115.0,-95.41128715217393,29.77727818478261,115.0,35.1,44.3,4009,41.6,T1_normal,line,115.0,17.346991535108085,False,False
4011,7265,7231,221.0,35.10921484249541,T1_normal,-95.1431518,29.6833732,115.0,-95.41128715217393,29.77727818478261,115.0,35.1,44.3,4009,41.6,T1_normal,line,115.0,17.346991535108085,False,False
4012,7265,7231,221.0,35.10921484249541,T1_normal,-95.1431518,29.6833732,115.0,-95.41128715217393,29.77727818478261,115.0,35.1,44.3,4009,41.6,T1_normal,line,115.0,17.346991535108085,False,False
4013,7231,7403,221.0,5.914869738284295,T1_normal,-95.41128715217393,29.77727818478261,115.0,-95.1431518,29.6833732,115.0,5.9,15.5,3856,15.8,T1_normal,line,115.0,17.346991535108085,False,False
4014,7231,7403,221.0,5.914869738284295,T1_normal,-95.41128715217393,29.77727818478261,115.0,-95.1431518,29.6833732,115.0,5.9,15.5,3856,15.8,T1_normal,line,115.0,17.346991535108085,False,False
4015,7273,7232,221.0,4.982454578032412,T1_normal,-94.945159,29.3895056,115.0,-94.943829,29.378697,115.0,5.0,54.0,4117,55.4,T1_normal,line,115.0,0.7510908571791242,False,False
4016,7232,12699,600.0,31.932259704248143,T1_normal,-94.943829,29.378697,115.0,-94.943829,29.378697,500.0,31.9,50.4,3847,53.4,T1_normal,transformer,500.0,0.0,False,False
4017,7232,13152,110.0,2.0035742004412525,T1_normal,-94.943829,29.378697,115.0,-94.945159,29.3895056,115.0,2.0,38.8,3847,45.5,T1_normal,line,115.0,0.7510908571791242,False,False
4018,7232,13408,162.0,8.258774321818214,T1_normal,-94.943829,29.378697,115.0,-94.945159,29.3895056,115.0,8.3,51.5,3847,55.2,T1_normal,line,115.0,0.7510908571791242,False,False
4019,7233,7251,220.0,73.69133419796223,T1_normal,-95.932264,30.079593,115.0,-95.833733,30.047619,115.0,73.7,87.2,4020,39.1,T2_watch,line,115.0,6.292596355385844,False,False
4020,7251,7235,149.0,84.816505082929,T2_watch,-95.833733,30.047619,115.0,-95.708537,29.9660525,115.0,84.8,125.1,3307,26.8,T6_heavy,line,115.0,9.37416107753295,True,True
4021,7235,7315,221.0,62.895156690851145,T1_normal,-95.708537,29.9660525,115.0,-95.7842315,29.79427175,115.0,62.9,107.7,4022,51.0,T4_light,line,115.0,12.705843824100564,True,True
4022,7235,7315,221.0,62.895156690851145,T1_normal,-95.708537,29.9660525,115.0,-95.7842315,29.79427175,115.0,62.9,107.7,4021,51.0,T4_light,line,115.0,12.705843824100564,True,True
4023,7236,7245,221.0,37.4921574481357,T1_normal,-95.41128715217393,29.77727818478261,115.0,-95.41128715217393,29.77727818478261,115.0,37.5,50.6,4025,47.8,T1_normal,line,115.0,0.0,False,False
4024,7236,7292,221.0,86.77772177605685,T2_watch,-95.41128715217393,29.77727818478261,115.0,-95.41128715217393,29.77727818478261,115.0,86.8,92.2,3483,83.1,T3_prevent,line,115.0,0.0,False,False
4025,7236,7411,149.0,33.649594734545694,T1_normal,-95.41128715217393,29.77727818478261,115.0,-95.47181825,30.112047375,115.0,33.6,55.9,4023,51.8,T1_normal,line,115.0,23.412752672456016,False,False
4026,7237,7247,149.0,23.1223151340187,T1_normal,-95.98036,29.560311,115.0,-95.69411466666666,29.203734666666666,115.0,23.1,35.6,4668,30.5,T1_normal,line,115.0,30.06657695906921,False,False
4027,12947,7237,313.0,76.67731629392972,T1_normal,-95.98036,29.560311,20.0,-95.98036,29.560311,115.0,76.7,76.7,263,71.6,T1_normal,transformer,115.0,0.0,False,False
4028,7238,7392,221.0,0.8373158283466103,T1_normal,-94.609877,30.042956500000003,115.0,-94.9321116,29.75354,115.0,0.8,21.5,4130,22.2,T1_normal,line,115.0,27.792442583256022,False,False
4029,7238,13216,139.3,11.486001435750188,T1_normal,-94.609877,30.042956500000003,115.0,-94.609877,30.042956500000003,115.0,11.5,23.0,4030,22.2,T1_normal,line,115.0,0.0,False,False
4030,7238,13216,139.3,11.486001435750188,T1_normal,-94.609877,30.042956500000003,115.0,-94.609877,30.042956500000003,115.0,11.5,23.0,4029,22.2,T1_normal,line,115.0,0.0,False,False
4031,7294,7239,98.0,37.49339092540992,T1_normal,-94.520121,29.506866,115.0,-94.603021,29.868546,115.0,37.5,57.7,4032,57.7,T1_normal,line,115.0,25.48055241791847,False,False
4032,7239,7392,98.0,20.25150703377381,T1_normal,-94.603021,29.868546,115.0,-94.9321116,29.75354,115.0,20.3,57.7,4031,57.7,T1_normal,line,115.0,21.26936450213225,False,False
4033,7240,7272,121.4,26.01918879456196,T1_normal,-95.41128715217393,29.77727818478261,115.0,-95.41128715217393,29.77727818478261,115.0,26.0,40.0,4000,38.9,T1_normal,line,115.0,0.0,False,False
4034,7240,7417,142.9,44.32430727612555,T1_normal,-95.41128715217393,29.77727818478261,115.0,-95.41128715217393,29.77727818478261,115.0,44.3,100.2,3378,89.2,T4_light,line,115.0,0.0,True,True
4035,13276,7240,148.3,1.3912106494159278,T1_normal,-95.41128715217393,29.77727818478261,20.0,-95.41128715217393,29.77727818478261,115.0,1.4,1.4,3629,0.0,T1_normal,transformer,115.0,0.0,False,False
4036,7241,7362,98.0,25.838371207246595,T1_normal,-95.41128715217393,29.77727818478261,115.0,-95.41128715217393,29.77727818478261,115.0,25.8,40.6,3622,35.5,T1_normal,line,115.0,0.0,False,False
4037,7241,7362,105.9,26.078672852251117,T1_normal,-95.41128715217393,29.77727818478261,115.0,-95.41128715217393,29.77727818478261,115.0,26.1,41.0,3622,35.8,T1_normal,line,115.0,0.0,False,False
4038,7241,7388,131.2,5.562189906864096,T1_normal,-95.41128715217393,29.77727818478261,115.0,-95.41128715217393,29.77727818478261,115.0,5.6,11.4,3878,9.6,T1_normal,line,115.0,0.0,False,False
4039,7242,7295,220.0,47.55045948480621,T1_normal,-95.41128715217393,29.77727818478261,115.0,-95.41128715217393,29.77727818478261,115.0,47.6,60.0,3882,56.0,T1_normal,line,115.0,0.0,False,False
4040,7242,7319,221.0,2.695960349483465,T1_normal,-95.41128715217393,29.77727818478261,115.0,-95.41128715217393,29.77727818478261,115.0,2.7,19.5,3989,16.8,T1_normal,line,115.0,0.0,False,False
4041,7242,7319,221.0,2.695960349483465,T1_normal,-95.41128715217393,29.77727818478261,115.0,-95.41128715217393,29.77727818478261,115.0,2.7,19.5,3989,16.8,T1_normal,line,115.0,0.0,False,False
4042,7260,7243,267.0,56.48155267582799,T1_normal,-95.069071,29.842662,115.0,-98.1803245,31.84167,115.0,56.5,85.7,4043,81.2,T2_watch,line,115.0,230.50675362414185,False,False
4043,7260,7243,267.0,56.48155267582799,T1_normal,-95.069071,29.842662,115.0,-98.1803245,31.84167,115.0,56.5,85.7,4042,81.2,T2_watch,line,115.0,230.50675362414185,False,False
4044,13015,7243,312.5,0.0,T1_normal,-98.1803245,31.84167,20.0,-98.1803245,31.84167,115.0,0.0,0.0,-1,0.0,T1_normal,transformer,115.0,0.0,False,False
4045,7244,7272,220.0,77.16406602176522,T1_normal,-95.31001,29.45566,115.0,-95.41128715217393,29.77727818478261,115.0,77.2,106.9,3871,98.0,T4_light,line,115.0,23.039564531548017,True,True
4046,12782,7244,423.7,71.74887892376684,T1_normal,-95.31001,29.45566,20.0,-95.31001,29.45566,115.0,71.7,71.7,-1,67.1,T1_normal,transformer,115.0,0.0,False,False
4047,7246,7251,98.0,130.69381328374158,T6_heavy,-95.41128715217393,29.77727818478261,115.0,-95.833733,30.047619,115.0,130.7,186.7,3307,30.7,T7_structural,line,115.0,31.448428532002534,True,True
4048,7246,7410,221.0,48.61794550386402,T1_normal,-95.41128715217393,29.77727818478261,115.0,-95.7842315,29.79427175,115.0,48.6,61.8,4049,43.0,T1_normal,line,115.0,22.39476928505675,False,False
4049,7246,7410,221.0,48.61794550386402,T1_normal,-95.41128715217393,29.77727818478261,115.0,-95.7842315,29.79427175,115.0,48.6,61.8,4048,43.0,T1_normal,line,115.0,22.39476928505675,False,False
4050,7425,7246,98.0,94.96623361058585,T3_prevent,-95.41128715217393,29.77727818478261,115.0,-95.41128715217393,29.77727818478261,115.0,95.0,136.3,4048,82.0,T6_heavy,line,115.0,0.0,True,True
4051,7339,7247,187.0,57.81157459319394,T1_normal,-95.785914,29.3459875,115.0,-95.69411466666666,29.203734666666666,115.0,57.8,82.1,4226,71.7,T2_watch,line,115.0,11.27904333581431,False,False
4052,13081,7247,265.4,0.0,T1_normal,-95.69411466666666,29.203734666666666,20.0,-95.69411466666666,29.203734666666666,115.0,0.0,0.0,-1,0.0,T1_normal,transformer,115.0,0.0,False,False
4053,7247,13095,120.4,17.00872317233727,T1_normal,-95.69411466666666,29.203734666666666,115.0,-95.68083125,29.15439325,115.0,17.0,35.5,4056,30.8,T1_normal,line,115.0,3.502111929367268,False,False
4054,7247,13271,206.8,62.631916288769474,T1_normal,-95.69411466666666,29.203734666666666,115.0,-95.69411466666666,29.203734666666666,115.0,62.6,80.1,4668,69.7,T2_watch,line,115.0,0.0,False,False
4055,7247,13287,133.5,53.88037723408954,T1_normal,-95.69411466666666,29.203734666666666,115.0,-95.21873266666668,29.305820666666666,115.0,53.9,69.4,4668,59.8,T1_normal,line,115.0,29.512027913506596,False,False
4056,7247,13404,153.0,48.35148575739683,T1_normal,-95.69411466666666,29.203734666666666,115.0,-95.68083125,29.15439325,115.0,48.4,72.9,4051,63.0,T1_normal,line,115.0,3.502111929367268,False,False
4057,7362,7248,149.0,23.83389165628427,T1_normal,-95.41128715217393,29.77727818478261,115.0,-95.41128715217393,29.77727818478261,115.0,23.8,39.1,4204,27.8,T1_normal,line,115.0,0.0,False,False
4058,7248,7386,221.0,28.30545357566815,T1_normal,-95.41128715217393,29.77727818478261,115.0,-95.41128715217393,29.77727818478261,115.0,28.3,40.5,4059,35.2,T1_normal,line,115.0,0.0,False,False
4059,7248,7386,221.0,28.30545357566815,T1_normal,-95.41128715217393,29.77727818478261,115.0,-95.41128715217393,29.77727818478261,115.0,28.3,40.5,4058,35.2,T1_normal,line,115.0,0.0,False,False
4060,7249,7255,221.0,43.43832925998946,T1_normal,-95.41128715217393,29.77727818478261,115.0,-95.41128715217393,29.77727818478261,115.0,43.4,57.3,4061,50.0,T1_normal,line,115.0,0.0,False,False
4061,7249,7255,221.0,43.43832925998946,T1_normal,-95.41128715217393,29.77727818478261,115.0,-95.41128715217393,29.77727818478261,115.0,43.4,57.3,4060,50.0,T1_normal,line,115.0,0.0,False,False
4062,7249,7344,221.0,11.883531442049948,T1_normal,-95.41128715217393,29.77727818478261,115.0,-95.41128715217393,29.77727818478261,115.0,11.9,22.2,4232,19.6,T1_normal,line,115.0,0.0,False,False
4063,7249,7344,221.0,11.883531442049948,T1_normal,-95.41128715217393,29.77727818478261,115.0,-95.41128715217393,29.77727818478261,115.0,11.9,22.2,4232,19.6,T1_normal,line,115.0,0.0,False,False
4064,7249,7382,98.0,22.63520419789837,T1_normal,-95.41128715217393,29.77727818478261,115.0,-95.41128715217393,29.77727818478261,115.0,22.6,40.0,4060,32.9,T1_normal,line,115.0,0.0,False,False
4065,7250,7276,221.0,22.56506929480329,T1_normal,-95.41128715217393,29.77727818478261,115.0,-95.41128715217393,29.77727818478261,115.0,22.6,29.9,4066,24.9,T1_normal,line,115.0,0.0,False,False
4066,7250,7276,221.0,22.56506929480329,T1_normal,-95.41128715217393,29.77727818478261,115.0,-95.41128715217393,29.77727818478261,115.0,22.6,29.9,4065,24.9,T1_normal,line,115.0,0.0,False,False
4067,7253,7252,198.0,45.55264004553724,T1_normal,-95.43283075,29.2128395,115.0,-95.43283075,29.2128395,230.0,45.6,59.0,3843,49.1,T1_normal,transformer,230.0,0.0,False,False
4068,7312,7252,647.0,8.692579913052864,T1_normal,-95.394,29.002,230.0,-95.43283075,29.2128395,230.0,8.7,19.8,4097,16.1,T1_normal,line,230.0,14.755159772702411,False,False
4069,7327,7252,443.0,53.41219454601873,T1_normal,-95.8997,29.2639,230.0,-95.43283075,29.2128395,230.0,53.4,66.6,3711,56.7,T1_normal,line,230.0,28.368305042563776,False,False
4070,7347,7252,548.0,3.708788492226932,T1_normal,-95.6326335,29.479039,230.0,-95.43283075,29.2128395,230.0,3.7,14.9,4069,10.5,T1_normal,line,230.0,21.97962796422364,False,False
4071,12766,7252,421.5,0.0,T1_normal,-95.43283075,29.2128395,20.0,-95.43283075,29.2128395,230.0,0.0,0.0,-1,0.0,T1_normal,transformer,230.0,0.0,False,False
4072,7313,7253,149.0,23.244241708957382,T1_normal,-95.394,29.002,115.0,-95.43283075,29.2128395,115.0,23.2,36.9,4344,28.6,T1_normal,line,115.0,14.755159772702411,False,False
4073,7253,7412,221.0,12.426127956890756,T1_normal,-95.43283075,29.2128395,115.0,-95.295533,29.281605,115.0,12.4,19.5,3565,16.6,T1_normal,line,115.0,9.543875214195475,False,False
4074,7253,7412,221.0,12.426127956890756,T1_normal,-95.43283075,29.2128395,115.0,-95.295533,29.281605,115.0,12.4,19.5,3565,16.6,T1_normal,line,115.0,9.543875214195475,False,False
4075,7253,12860,200.0,10.445490588588768,T1_normal,-95.43283075,29.2128395,115.0,-95.43283075,29.2128395,115.0,10.4,60.7,4964,49.8,T1_normal,line,115.0,0.0,False,False
4076,7253,13232,165.0,25.40382988492886,T1_normal,-95.43283075,29.2128395,115.0,-95.43283075,29.2128395,115.0,25.4,90.9,4964,84.9,T3_prevent,line,115.0,0.0,False,False
4077,7255,7258,221.0,11.181436571906788,T1_normal,-95.41128715217393,29.77727818478261,115.0,-95.41128715217393,29.77727818478261,115.0,11.2,16.3,3805,14.9,T1_normal,line,115.0,0.0,False,False
4078,7255,7258,221.0,11.181436571906788,T1_normal,-95.41128715217393,29.77727818478261,115.0,-95.41128715217393,29.77727818478261,115.0,11.2,16.3,3805,14.9,T1_normal,line,115.0,0.0,False,False
4079,7255,7399,250.0,38.74083413697065,T1_normal,-95.41128715217393,29.77727818478261,115.0,-95.41128715217393,29.77727818478261,115.0,38.7,46.6,4080,42.8,T1_normal,line,115.0,0.0,False,False
4080,7255,7399,250.0,38.74083413697065,T1_normal,-95.41128715217393,29.77727818478261,115.0,-95.41128715217393,29.77727818478261,115.0,38.7,46.6,4079,42.8,T1_normal,line,115.0,0.0,False,False
4081,7255,7399,250.0,38.74083413697065,T1_normal,-95.41128715217393,29.77727818478261,115.0,-95.41128715217393,29.77727818478261,115.0,38.7,46.6,4079,42.8,T1_normal,line,115.0,0.0,False,False
4082,7255,7399,250.0,38.74083413697065,T1_normal,-95.41128715217393,29.77727818478261,115.0,-95.41128715217393,29.77727818478261,115.0,38.7,46.6,4079,42.8,T1_normal,line,115.0,0.0,False,False
4083,7256,7297,450.0,59.98508710895428,T1_normal,-95.41128715217393,29.77727818478261,115.0,-95.41128715217393,29.77727818478261,115.0,60.0,71.1,4149,65.4,T1_normal,line,115.0,0.0,False,False
4084,7256,7336,93.3,8.472530112061264,T1_normal,-95.41128715217393,29.77727818478261,115.0,-95.567968,29.62431,115.0,8.5,78.6,4083,70.7,T1_normal,line,115.0,14.146852172386597,False,False
4085,7257,7317,221.0,11.709625398502125,T1_normal,-95.3149035,29.5534395,115.0,-95.192133,29.515074,115.0,11.7,19.0,3953,19.4,T1_normal,line,115.0,7.842091587888754,False,False
4086,7257,7317,221.0,11.709625398502125,T1_normal,-95.3149035,29.5534395,115.0,-95.192133,29.515074,115.0,11.7,19.0,3953,19.4,T1_normal,line,115.0,7.842091587888754,False,False
4087,7257,7412,244.2,59.31188735048367,T1_normal,-95.3149035,29.5534395,115.0,-95.295533,29.281605,115.0,59.3,71.4,4088,66.5,T1_normal,line,115.0,18.818305298719025,False,False
4088,7257,7412,244.2,59.31188735048367,T1_normal,-95.3149035,29.5534395,115.0,-95.295533,29.281605,115.0,59.3,71.4,4087,66.5,T1_normal,line,115.0,18.818305298719025,False,False
4089,7258,7384,121.3,48.193524060090105,T1_normal,-95.41128715217393,29.77727818478261,115.0,-95.41128715217393,29.77727818478261,115.0,48.2,59.8,3994,53.9,T1_normal,line,115.0,0.0,False,False
4090,7259,7403,221.0,6.359608079451582,T1_normal,-95.41128715217393,29.77727818478261,115.0,-95.1431518,29.6833732,115.0,6.4,17.5,3362,16.8,T1_normal,line,115.0,17.346991535108085,False,False
4091,7259,7403,221.0,6.359608079451582,T1_normal,-95.41128715217393,29.77727818478261,115.0,-95.1431518,29.6833732,115.0,6.4,17.5,3362,16.8,T1_normal,line,115.0,17.346991535108085,False,False
4092,7368,7260,221.0,6.752322603456553,T1_normal,-95.069071,29.842662,115.0,-95.069071,29.842662,115.0,6.8,53.8,4095,51.9,T1_normal,line,115.0,0.0,False,False
4093,7368,7260,221.0,6.752322603456553,T1_normal,-95.069071,29.842662,115.0,-95.069071,29.842662,115.0,6.8,53.8,4095,51.9,T1_normal,line,115.0,0.0,False,False
4094,7368,7260,221.0,6.752322603456553,T1_normal,-95.069071,29.842662,115.0,-95.069071,29.842662,115.0,6.8,53.8,4095,51.9,T1_normal,line,115.0,0.0,False,False
4095,7260,12743,600.0,63.58059873800065,T1_normal,-95.069071,29.842662,115.0,-95.069071,29.842662,500.0,63.6,73.6,3335,69.4,T1_normal,transformer,500.0,0.0,False,False
4096,7262,7261,305.0,45.67962693858834,T1_normal,-95.92298475,28.92553375,115.0,-95.92298475,28.92553375,230.0,45.7,83.0,4097,73.3,T2_watch,transformer,230.0,0.0,False,False
4097,7261,7429,548.0,55.98362514195549,T1_normal,-95.92298475,28.92553375,230.0,-95.3629605,28.98485425,230.0,56.0,65.2,4096,57.0,T1_normal,line,230.0,34.10466868249315,False,False
4098,13196,7261,208.1,0.0,T1_normal,-95.92298475,28.92553375,20.0,-95.92298475,28.92553375,230.0,0.0,0.0,-1,0.0,T1_normal,transformer,230.0,0.0,False,False
4099,7262,7302,149.0,52.012758235116294,T1_normal,-95.92298475,28.92553375,115.0,-95.718793,29.017466,115.0,52.0,80.4,4097,68.4,T2_watch,line,115.0,13.88147203120029,False,False
4100,7262,12935,224.5,23.649168337829444,T1_normal,-95.92298475,28.92553375,115.0,-95.92298475,28.92553375,115.0,23.6,44.9,4101,38.9,T1_normal,line,115.0,0.0,False,False
4101,7262,12935,224.5,23.649168337829444,T1_normal,-95.92298475,28.92553375,115.0,-95.92298475,28.92553375,115.0,23.6,44.9,4100,38.9,T1_normal,line,115.0,0.0,False,False
4102,7262,13402,157.0,61.13287785300978,T1_normal,-95.92298475,28.92553375,115.0,-95.718793,29.017466,115.0,61.1,95.4,4097,80.4,T3_prevent,line,115.0,13.88147203120029,False,False
4103,7264,7263,1362.0,17.878451538602565,T1_normal,-95.1431518,29.6833732,230.0,-95.1431518,29.6833732,500.0,17.9,26.4,4104,25.7,T1_normal,transformer,500.0,0.0,False,False
4104,7264,7263,1362.0,17.878451538602565,T1_normal,-95.1431518,29.6833732,230.0,-95.1431518,29.6833732,500.0,17.9,26.4,4103,25.7,T1_normal,transformer,500.0,0.0,False,False
4105,7266,7263,95.6,0.0,T1_normal,-95.1431518,29.6833732,13.8,-95.1431518,29.6833732,500.0,0.0,0.0,-1,0.0,T1_normal,transformer,500.0,0.0,False,False
4106,7267,7263,99.1,0.0,T1_normal,-95.1431518,29.6833732,13.8,-95.1431518,29.6833732,500.0,0.0,0.0,-1,0.0,T1_normal,transformer,500.0,0.0,False,False
4107,7268,7263,112.4,0.0,T1_normal,-95.1431518,29.6833732,13.8,-95.1431518,29.6833732,500.0,0.0,0.0,-1,0.0,T1_normal,transformer,500.0,0.0,False,False
4108,7269,7263,108.1,0.0,T1_normal,-95.1431518,29.6833732,13.8,-95.1431518,29.6833732,500.0,0.0,0.0,-1,0.0,T1_normal,transformer,500.0,0.0,False,False
4109,7263,7422,2193.0,3.304800136221972,T1_normal,-95.1431518,29.6833732,500.0,-95.21873266666668,29.305820666666666,500.0,3.3,9.0,4209,7.2,T1_normal,line,500.0,26.47968849378662,False,False
4110,7265,7264,461.0,45.803195141828525,T1_normal,-95.1431518,29.6833732,115.0,-95.1431518,29.6833732,230.0,45.8,61.3,4111,58.6,T1_normal,transformer,230.0,0.0,False,False
4111,7265,7264,461.0,45.803195141828525,T1_normal,-95.1431518,29.6833732,115.0,-95.1431518,29.6833732,230.0,45.8,61.3,4110,58.6,T1_normal,transformer,230.0,0.0,False,False
4112,7264,7332,523.0,0.0172658838496679,T1_normal,-95.1431518,29.6833732,230.0,-95.1431518,29.6833732,230.0,0.0,9.6,4209,8.8,T1_normal,line,230.0,0.0,False,False
4113,7315,7271,149.0,27.207623711974456,T1_normal,-95.7842315,29.79427175,115.0,-95.977102,29.848463,115.0,27.2,36.3,3427,32.0,T1_normal,line,115.0,12.152747791526986,False,False
4114,7271,7340,149.0,54.99957002069949,T1_normal,-95.977102,29.848463,115.0,-96.107713,29.795148,115.0,55.0,64.1,3427,48.8,T1_normal,line,115.0,8.652714906479973,False,False
4115,7316,7272,220.0,77.11278845590867,T1_normal,-95.41128715217393,29.77727818478261,115.0,-95.41128715217393,29.77727818478261,115.0,77.1,100.0,4045,90.3,T3_prevent,line,115.0,0.0,True,True
4116,7273,7405,167.0,58.50099359648049,T1_normal,-94.945159,29.3895056,115.0,-94.84457,29.28062966666667,115.0,58.5,105.4,3529,105.6,T4_light,line,115.0,9.659239620404565,True,False
4117,7273,12689,600.0,37.17738521668762,T1_normal,-94.945159,29.3895056,115.0,-94.945159,29.3895056,500.0,37.2,57.0,3365,58.9,T1_normal,transformer,500.0,0.0,False,False
4118,7275,7274,143.0,18.850717202145887,T1_normal,-97.00621414285716,28.74651585714286,115.0,-97.00621414285716,28.74651585714286,230.0,18.9,41.1,3420,29.6,T1_normal,transformer,230.0,0.0,False,False
4119,7276,7395,221.0,20.808604302818857,T1_normal,-95.41128715217393,29.77727818478261,115.0,-95.41128715217393,29.77727818478261,115.0,20.8,34.0,3627,33.2,T1_normal,line,115.0,0.0,False,False
4120,7277,7337,98.0,0.9543087994247104,T1_normal,-96.528761,29.109147,115.0,-96.689715,29.042415,115.0,1.0,50.7,3276,52.6,T1_normal,line,115.0,10.757677669415417,False,False
4121,12988,7277,178.2,0.0,T1_normal,-96.528761,29.109147,20.0,-96.528761,29.109147,115.0,0.0,0.0,-1,0.0,T1_normal,transformer,115.0,0.0,False,False
4122,12989,7277,110.1,0.0,T1_normal,-96.528761,29.109147,20.0,-96.528761,29.109147,115.0,0.0,0.0,-1,0.0,T1_normal,transformer,115.0,0.0,False,False
4123,7279,7278,172.0,51.106218065439336,T1_normal,-94.9019,29.7731,115.0,-94.9019,29.7731,230.0,51.1,59.2,3546,58.7,T1_normal,transformer,230.0,0.0,False,False
4124,7280,7278,313.7,0.0,T1_normal,-94.9019,29.7731,13.8,-94.9019,29.7731,230.0,0.0,0.0,-1,0.0,T1_normal,transformer,230.0,0.0,False,False
4125,7281,7278,258.9,0.0,T1_normal,-94.9019,29.7731,13.8,-94.9019,29.7731,230.0,0.0,0.0,-1,0.0,T1_normal,transformer,230.0,0.0,False,False
4126,7367,7278,443.0,15.766089506407363,T1_normal,-95.069071,29.842662,230.0,-94.9019,29.7731,230.0,15.8,25.2,3736,25.4,T1_normal,line,230.0,11.115233119587456,False,False
4127,12540,7278,244.8,0.0,T1_normal,-94.9019,29.7731,13.8,-94.9019,29.7731,230.0,0.0,0.0,-1,0.0,T1_normal,transformer,230.0,0.0,False,False
4128,12541,7278,293.9,0.0,T1_normal,-94.9019,29.7731,13.8,-94.9019,29.7731,230.0,0.0,0.0,-1,0.0,T1_normal,transformer,230.0,0.0,False,False
4129,7279,7283,220.0,48.155132965408534,T1_normal,-94.9019,29.7731,115.0,-94.9321116,29.75354,115.0,48.2,65.6,4123,64.8,T1_normal,line,115.0,2.2605562438795337,False,False
4130,7392,7279,221.0,30.279160576355,T1_normal,-94.9321116,29.75354,115.0,-94.9019,29.7731,115.0,30.3,42.8,4031,41.0,T1_normal,line,115.0,2.2605562438795337,False,False
4131,7279,13253,134.1,32.8231329356443,T1_normal,-94.9019,29.7731,115.0,-94.9321116,29.75354,115.0,32.8,45.3,4129,45.0,T1_normal,line,115.0,2.2605562438795337,False,False
4132,7283,7282,145.0,67.31878093865924,T1_normal,-94.9321116,29.75354,115.0,-94.9321116,29.75354,230.0,67.3,82.4,3546,81.2,T2_watch,transformer,230.0,0.0,False,False
4133,7284,7282,263.8,0.0,T1_normal,-94.9321116,29.75354,13.2,-94.9321116,29.75354,230.0,0.0,0.0,-1,0.0,T1_normal,transformer,230.0,0.0,False,False
4134,7285,7282,206.8,0.0,T1_normal,-94.9321116,29.75354,13.2,-94.9321116,29.75354,230.0,0.0,0.0,-1,0.0,T1_normal,transformer,230.0,0.0,False,False
4135,7286,7282,233.3,0.0,T1_normal,-94.9321116,29.75354,13.2,-94.9321116,29.75354,230.0,0.0,0.0,-1,0.0,T1_normal,transformer,230.0,0.0,False,False
4136,7282,7332,443.0,0.6779858435377933,T1_normal,-94.9321116,29.75354,230.0,-95.1431518,29.6833732,230.0,0.7,14.3,3540,11.7,T1_normal,line,230.0,13.560026900558498,False,False
4137,7282,7367,523.0,9.999221199800104,T1_normal,-94.9321116,29.75354,230.0,-95.069071,29.842662,230.0,10.0,26.9,3540,27.3,T1_normal,line,230.0,10.264196456582162,False,False
4138,7283,13253,122.5,31.69889569928745,T1_normal,-94.9321116,29.75354,115.0,-94.9321116,29.75354,115.0,31.7,52.3,3551,52.2,T1_normal,line,115.0,0.0,False,False
4139,7411,7290,98.0,8.933357434505886,T1_normal,-95.47181825,30.112047375,115.0,-95.47181825,30.112047375,115.0,8.9,67.1,3658,65.1,T1_normal,line,115.0,0.0,False,False
4140,7291,7295,173.0,62.69826199884446,T1_normal,-95.231858,30.0059,115.0,-95.41128715217393,29.77727818478261,115.0,62.7,77.9,3508,80.0,T1_normal,line,115.0,19.10631980359312,False,False
4141,7291,7387,102.6,9.452534444375374,T1_normal,-95.231858,30.0059,115.0,-95.231858,30.0059,115.0,9.5,45.3,4140,43.9,T1_normal,line,115.0,0.0,False,False
4142,7292,12704,2100.0,46.31678417619214,T1_normal,-95.41128715217393,29.77727818478261,115.0,-95.41128715217393,29.77727818478261,500.0,46.3,70.3,4143,63.1,T1_normal,transformer,500.0,0.0,False,False
4143,7292,12704,2100.0,46.31678417619214,T1_normal,-95.41128715217393,29.77727818478261,115.0,-95.41128715217393,29.77727818478261,500.0,46.3,70.3,4142,63.1,T1_normal,transformer,500.0,0.0,False,False
4144,7424,7293,149.0,61.144601324246985,T1_normal,-95.21873266666668,29.305820666666666,115.0,-95.0817025,29.3340115,115.0,61.1,70.1,4340,68.5,T1_normal,line,115.0,8.481803223219698,False,False
4145,7294,7405,98.0,15.23674228654023,T1_normal,-94.520121,29.506866,115.0,-94.84457,29.28062966666667,115.0,15.2,35.1,3950,34.7,T1_normal,line,115.0,25.016608274615777,False,False
4146,7296,7427,98.0,27.55411614882296,T1_normal,-95.41128715217393,29.77727818478261,115.0,-95.41128715217393,29.77727818478261,115.0,27.6,73.2,3982,67.9,T1_normal,line,115.0,0.0,False,False
4147,7296,7427,110.3,31.136072945855993,T1_normal,-95.41128715217393,29.77727818478261,115.0,-95.41128715217393,29.77727818478261,115.0,31.1,82.7,3982,76.7,T2_watch,line,115.0,0.0,False,False
4148,7316,7297,450.0,60.733628904958366,T1_normal,-95.41128715217393,29.77727818478261,115.0,-95.41128715217393,29.77727818478261,115.0,60.7,74.4,4149,65.8,T1_normal,line,115.0,0.0,False,False
4149,7297,7384,450.0,92.74590877702516,T3_prevent,-95.41128715217393,29.77727818478261,115.0,-95.41128715217393,29.77727818478261,115.0,92.7,103.5,3959,92.0,T4_light,line,115.0,0.0,True,True
4150,7297,12742,1800.0,37.1610996878485,T1_normal,-95.41128715217393,29.77727818478261,115.0,-95.41128715217393,29.77727818478261,500.0,37.2,58.9,4151,52.8,T1_normal,transformer,500.0,0.0,False,False
4151,7297,12742,1800.0,37.1610996878485,T1_normal,-95.41128715217393,29.77727818478261,115.0,-95.41128715217393,29.77727818478261,500.0,37.2,58.9,4150,52.8,T1_normal,transformer,500.0,0.0,False,False
4152,7298,7362,98.0,4.98429406716267,T1_normal,-95.41128715217393,29.77727818478261,115.0,-95.41128715217393,29.77727818478261,115.0,5.0,20.7,4227,14.0,T1_normal,line,115.0,0.0,False,False
4153,7298,7395,149.0,45.751694831161515,T1_normal,-95.41128715217393,29.77727818478261,115.0,-95.41128715217393,29.77727818478261,115.0,45.8,70.7,3627,68.7,T1_normal,line,115.0,0.0,False,False
4154,7364,7299,98.0,84.73678042206969,T2_watch,-96.218695,29.522218,115.0,-96.384508,29.397447,115.0,84.7,101.0,4168,87.7,T4_light,line,115.0,13.184393234015063,True,True
4155,7413,7299,149.0,74.65909047894522,T1_normal,-96.087226,29.2829165,115.0,-96.384508,29.397447,115.0,74.7,85.4,4168,76.6,T2_watch,line,115.0,19.576327656783963,False,False
4156,7301,7318,149.0,26.564465123925466,T1_normal,-95.1361,29.53864,115.0,-95.41128715217393,29.77727818478261,115.0,26.6,90.6,3856,90.6,T3_prevent,line,115.0,23.34257042482522,False,False
4157,7302,7426,221.0,9.63214005760018,T1_normal,-95.718793,29.017466,115.0,-95.558277,28.960572,115.0,9.6,16.3,4221,15.6,T1_normal,line,115.0,10.467376465891569,False,False
4158,7302,12690,130.9,10.116014999419168,T1_normal,-95.718793,29.017466,115.0,-95.745,29.0728,115.0,10.1,30.1,3430,24.7,T1_normal,line,115.0,4.138022161235755,False,False
4159,7302,13097,126.0,15.301984400091792,T1_normal,-95.718793,29.017466,115.0,-95.718793,29.017466,115.0,15.3,48.8,3430,40.1,T1_normal,line,115.0,0.0,False,False
4160,7302,13422,115.2,0.7294997702512322,T1_normal,-95.718793,29.017466,115.0,-96.087226,29.2829165,115.0,0.7,80.3,3430,73.0,T2_watch,line,115.0,28.82135684819879,False,False
4161,7303,7393,98.0,67.86431265005413,T1_normal,-96.353868,28.85788,115.0,-95.967518,29.191296,115.0,67.9,84.2,4774,70.7,T2_watch,line,115.0,32.79560354936513,False,False
4162,7303,13426,121.2,25.82276728853473,T1_normal,-96.353868,28.85788,115.0,-95.92298475,28.92553375,115.0,25.8,69.0,3628,60.6,T1_normal,line,115.0,26.481772765708712,False,False
4163,7305,7304,1160.0,38.21302722459859,T1_normal,-96.087226,29.2829165,230.0,-96.087226,29.2829165,500.0,38.2,52.9,4688,47.6,T1_normal,transformer,500.0,0.0,False,False
4164,7307,7304,585.7,55.3705029890336,T1_normal,-96.087226,29.2829165,24.0,-96.087226,29.2829165,500.0,55.4,55.5,3629,12.0,T1_normal,transformer,500.0,0.0,False,False
4165,7308,7304,396.9,0.0,T1_normal,-96.087226,29.2829165,24.0,-96.087226,29.2829165,500.0,0.0,0.0,-1,0.0,T1_normal,transformer,500.0,0.0,False,False
4166,7309,7304,450.8,0.0,T1_normal,-96.087226,29.2829165,24.0,-96.087226,29.2829165,500.0,0.0,0.0,-1,0.0,T1_normal,transformer,500.0,0.0,False,False
4167,7341,7304,2407.0,45.55086750877982,T1_normal,-95.7842315,29.79427175,500.0,-96.087226,29.2829165,500.0,45.6,67.6,4774,58.9,T1_normal,line,500.0,39.75011288455456,False,False
4168,7304,12574,2698.0,58.60544897816033,T1_normal,-96.087226,29.2829165,500.0,-96.087226,29.2829165,500.0,58.6,88.6,4774,83.0,T2_watch,line,500.0,0.0,False,False
4169,7304,12747,3461.0,21.157764049120683,T1_normal,-96.087226,29.2829165,500.0,-96.141572,29.159228,500.0,21.2,64.6,4246,59.9,T1_normal,line,500.0,9.152934809083478,False,False
4170,7306,7305,305.0,16.128496641058447,T1_normal,-96.087226,29.2829165,115.0,-96.087226,29.2829165,230.0,16.1,59.2,4168,56.3,T1_normal,transformer,230.0,0.0,False,False
4171,7305,7327,443.0,49.55707618855465,T1_normal,-96.087226,29.2829165,230.0,-95.8997,29.2639,230.0,49.6,67.1,4774,56.4,T1_normal,line,230.0,11.378406748616614,False,False
4172,7306,7413,307.0,57.38474287148535,T1_normal,-96.087226,29.2829165,115.0,-96.087226,29.2829165,115.0,57.4,85.8,4173,75.6,T2_watch,line,115.0,0.0,False,False
4173,7306,7413,307.0,57.38474287148535,T1_normal,-96.087226,29.2829165,115.0,-96.087226,29.2829165,115.0,57.4,85.8,4172,75.6,T2_watch,line,115.0,0.0,False,False
4174,7306,12573,222.5,61.907750709534675,T1_normal,-96.087226,29.2829165,115.0,-96.087226,29.2829165,115.0,61.9,98.1,4168,89.8,T3_prevent,line,115.0,0.0,False,False
4175,7306,12573,222.5,61.907750709534675,T1_normal,-96.087226,29.2829165,115.0,-96.087226,29.2829165,115.0,61.9,98.1,4168,89.8,T3_prevent,line,115.0,0.0,False,False
4176,7306,12573,222.5,61.907750709534675,T1_normal,-96.087226,29.2829165,115.0,-96.087226,29.2829165,115.0,61.9,98.1,4168,89.8,T3_prevent,line,115.0,0.0,False,False
4177,7313,7312,168.0,5.064705382508456,T1_normal,-95.394,29.002,115.0,-95.394,29.002,230.0,5.1,16.6,3938,16.5,T1_normal,transformer,230.0,0.0,False,False
4178,7312,7321,548.0,28.781526737819004,T1_normal,-95.394,29.002,230.0,-95.3629605,28.98485425,230.0,28.8,36.0,4344,30.1,T1_normal,line,230.0,2.2186319630835265,False,False
4179,7312,7429,548.0,17.93621889204626,T1_normal,-95.394,29.002,230.0,-95.3629605,28.98485425,230.0,17.9,35.8,4344,30.7,T1_normal,line,230.0,2.2186319630835265,False,False
4180,13354,7312,122.9,0.0,T1_normal,-95.394,29.002,20.0,-95.394,29.002,230.0,0.0,0.0,-1,0.0,T1_normal,transformer,230.0,0.0,False,False
4181,7313,7430,98.0,2.2084603843719464,T1_normal,-95.394,29.002,115.0,-95.3629605,28.98485425,115.0,2.2,5.8,4183,5.6,T1_normal,line,115.0,2.2186319630835265,False,False
4182,7313,7430,149.2,10.339897733633832,T1_normal,-95.394,29.002,115.0,-95.3629605,28.98485425,115.0,10.3,27.0,4183,26.4,T1_normal,line,115.0,2.2186319630835265,False,False
4183,7313,12994,128.9,23.4758347513842,T1_normal,-95.394,29.002,115.0,-95.3629605,28.98485425,115.0,23.5,38.8,4351,36.4,T1_normal,line,115.0,2.2186319630835265,False,False
4184,7340,7314,220.0,48.566545290894446,T1_normal,-96.107713,29.795148,115.0,-96.252942,29.987117,115.0,48.6,55.1,2819,47.6,T1_normal,line,115.0,15.862374547692587,False,False
4185,7316,7383,221.0,25.868951030002844,T1_normal,-95.41128715217393,29.77727818478261,115.0,-95.435068,29.364128,115.0,25.9,41.0,4148,37.3,T1_normal,line,115.0,28.581987247099455,False,False
4186,7316,7383,221.0,25.868951030002844,T1_normal,-95.41128715217393,29.77727818478261,115.0,-95.435068,29.364128,115.0,25.9,41.0,4148,37.3,T1_normal,line,115.0,28.581987247099455,False,False
4187,7317,7424,221.0,31.98779903676557,T1_normal,-95.192133,29.515074,115.0,-95.21873266666668,29.305820666666666,115.0,32.0,40.2,4188,38.4,T1_normal,line,115.0,14.546543665440542,False,False
4188,7317,7424,221.0,31.98779903676557,T1_normal,-95.192133,29.515074,115.0,-95.21873266666668,29.305820666666666,115.0,32.0,40.2,4187,38.4,T1_normal,line,115.0,14.546543665440542,False,False
4189,7317,7424,221.0,31.98779903676557,T1_normal,-95.192133,29.515074,115.0,-95.21873266666668,29.305820666666666,115.0,32.0,40.2,4187,38.4,T1_normal,line,115.0,14.546543665440542,False,False
4190,7317,7424,221.0,31.98779903676557,T1_normal,-95.192133,29.515074,115.0,-95.21873266666668,29.305820666666666,115.0,32.0,40.2,4187,38.4,T1_normal,line,115.0,14.546543665440542,False,False
4191,7318,7382,149.0,9.157085282446053,T1_normal,-95.41128715217393,29.77727818478261,115.0,-95.41128715217393,29.77727818478261,115.0,9.2,23.7,3960,22.9,T1_normal,line,115.0,0.0,False,False
4192,7318,7382,137.3,12.062162498818571,T1_normal,-95.41128715217393,29.77727818478261,115.0,-95.41128715217393,29.77727818478261,115.0,12.1,31.3,3960,30.2,T1_normal,line,115.0,0.0,False,False
4193,7321,7320,1000.0,10.677891285181856,T1_normal,-95.3629605,28.98485425,230.0,-95.3629605,28.98485425,500.0,10.7,14.4,4344,11.4,T1_normal,transformer,500.0,0.0,False,False
4194,7323,7320,200.6,0.0,T1_normal,-95.3629605,28.98485425,13.8,-95.3629605,28.98485425,500.0,0.0,0.0,-1,0.0,T1_normal,transformer,500.0,0.0,False,False
4195,7324,7320,93.5,0.0,T1_normal,-95.3629605,28.98485425,13.8,-95.3629605,28.98485425,500.0,0.0,0.0,-1,0.0,T1_normal,transformer,500.0,0.0,False,False
4196,7325,7320,97.7,0.0,T1_normal,-95.3629605,28.98485425,13.8,-95.3629605,28.98485425,500.0,0.0,0.0,-1,0.0,T1_normal,transformer,500.0,0.0,False,False
4197,7326,7320,111.7,0.0,T1_normal,-95.3629605,28.98485425,13.8,-95.3629605,28.98485425,500.0,0.0,0.0,-1,0.0,T1_normal,transformer,500.0,0.0,False,False
4198,7320,7422,2020.0,5.286084794644519,T1_normal,-95.3629605,28.98485425,500.0,-95.21873266666668,29.305820666666666,500.0,5.3,7.1,4344,5.6,T1_normal,line,500.0,23.823637339843785,False,False
4199,7322,7321,128.4,39.6758984979976,T1_normal,-95.3629605,28.98485425,115.0,-95.3629605,28.98485425,230.0,39.7,70.2,3954,70.2,T1_normal,transformer,230.0,0.0,False,False
4200,7322,7380,149.0,34.1905058197509,T1_normal,-95.3629605,28.98485425,115.0,-95.3629605,28.98485425,115.0,34.2,60.5,3954,60.5,T1_normal,line,115.0,0.0,False,False
4201,7328,7327,172.0,9.929171118352713,T1_normal,-95.8997,29.2639,115.0,-95.8997,29.2639,230.0,9.9,53.1,4171,46.3,T1_normal,transformer,230.0,0.0,False,False
4202,7329,7327,99.0,0.0,T1_normal,-95.8997,29.2639,13.8,-95.8997,29.2639,230.0,0.0,0.0,-1,0.0,T1_normal,transformer,230.0,0.0,False,False
4203,7328,7339,149.0,11.461861962125395,T1_normal,-95.8997,29.2639,115.0,-95.785914,29.3459875,115.0,11.5,61.3,4171,53.4,T1_normal,line,115.0,8.897819571014898,False,False
4204,7362,7330,98.0,81.74505463389623,T2_watch,-95.41128715217393,29.77727818478261,115.0,-95.41128715217393,29.77727818478261,115.0,81.7,92.9,4057,80.9,T3_prevent,line,115.0,0.0,False,False
4205,7330,7399,112.6,12.992842049628846,T1_normal,-95.41128715217393,29.77727818478261,115.0,-95.41128715217393,29.77727818478261,115.0,13.0,22.6,3771,22.3,T1_normal,line,115.0,0.0,False,False
4206,7332,7331,1122.0,30.90568233929566,T1_normal,-95.1431518,29.6833732,230.0,-95.1431518,29.6833732,500.0,30.9,58.1,4209,49.6,T1_normal,transformer,500.0,0.0,False,False
4207,7334,7331,281.5,0.0,T1_normal,-95.1431518,29.6833732,20.0,-95.1431518,29.6833732,500.0,0.0,0.0,-1,0.0,T1_normal,transformer,500.0,0.0,False,False
4208,7335,7331,211.9,0.0,T1_normal,-95.1431518,29.6833732,20.0,-95.1431518,29.6833732,500.0,0.0,0.0,-1,0.0,T1_normal,transformer,500.0,0.0,False,False
4209,7331,7400,2768.0,49.75444633713086,T1_normal,-95.1431518,29.6833732,500.0,-95.41128715217393,29.77727818478261,500.0,49.8,58.1,4206,48.7,T1_normal,line,500.0,17.346991535108085,False,False
4210,12552,7331,217.3,0.0,T1_normal,-95.1431518,29.6833732,20.0,-95.1431518,29.6833732,500.0,0.0,0.0,-1,0.0,T1_normal,transformer,500.0,0.0,False,False
4211,12553,7331,229.5,0.0,T1_normal,-95.1431518,29.6833732,20.0,-95.1431518,29.6833732,500.0,0.0,0.0,-1,0.0,T1_normal,transformer,500.0,0.0,False,False
4212,7333,7332,280.8,65.78876297084527,T1_normal,-95.1431518,29.6833732,115.0,-95.1431518,29.6833732,230.0,65.8,76.1,4213,70.6,T1_normal,transformer,230.0,0.0,False,False
4213,7333,7332,280.8,65.78876297084527,T1_normal,-95.1431518,29.6833732,115.0,-95.1431518,29.6833732,230.0,65.8,76.1,4212,70.6,T1_normal,transformer,230.0,0.0,False,False
4214,7333,7332,280.8,65.78876297084527,T1_normal,-95.1431518,29.6833732,115.0,-95.1431518,29.6833732,230.0,65.8,76.1,4212,70.6,T1_normal,transformer,230.0,0.0,False,False
4215,7401,7332,548.0,24.72015477346973,T1_normal,-95.41128715217393,29.77727818478261,230.0,-95.1431518,29.6833732,230.0,24.7,39.8,4206,39.3,T1_normal,line,230.0,17.346991535108085,False,False
4216,7336,7418,221.0,58.50152567136173,T1_normal,-95.567968,29.62431,115.0,-95.41128715217393,29.77727818478261,115.0,58.5,76.9,4217,67.4,T1_normal,line,115.0,14.146852172386597,False,False
4217,7336,7418,221.0,58.50152567136173,T1_normal,-95.567968,29.62431,115.0,-95.41128715217393,29.77727818478261,115.0,58.5,76.9,4216,67.4,T1_normal,line,115.0,14.146852172386597,False,False
4218,7345,7338,221.0,17.598828983564445,T1_normal,-95.41128715217393,29.77727818478261,115.0,-95.41128715217393,29.77727818478261,115.0,17.6,27.3,4219,23.5,T1_normal,line,115.0,0.0,False,False
4219,7345,7338,221.0,17.598828983564445,T1_normal,-95.41128715217393,29.77727818478261,115.0,-95.41128715217393,29.77727818478261,115.0,17.6,27.3,4218,23.5,T1_normal,line,115.0,0.0,False,False
4220,7339,7393,249.1,24.146764942268163,T1_normal,-95.785914,29.3459875,115.0,-95.967518,29.191296,115.0,24.1,96.6,4668,90.4,T3_prevent,line,115.0,15.298731578727535,False,False
4221,7339,12696,1015.0,55.39152695963263,T1_normal,-95.785914,29.3459875,115.0,-95.785914,29.3459875,500.0,55.4,85.9,4226,75.3,T2_watch,transformer,500.0,0.0,False,False
4222,7339,13404,194.1,59.22180806392612,T1_normal,-95.785914,29.3459875,115.0,-95.68083125,29.15439325,115.0,59.2,85.3,4226,74.5,T2_watch,line,115.0,14.675676211108346,False,False
4223,7339,13404,194.1,59.22180806392612,T1_normal,-95.785914,29.3459875,115.0,-95.68083125,29.15439325,115.0,59.2,85.3,4226,74.5,T2_watch,line,115.0,14.675676211108346,False,False
4224,7339,13404,194.1,59.22180806392612,T1_normal,-95.785914,29.3459875,115.0,-95.68083125,29.15439325,115.0,59.2,85.3,4226,74.5,T2_watch,line,115.0,14.675676211108346,False,False
4225,7342,7341,1311.0,78.05518397420076,T1_normal,-95.7842315,29.79427175,230.0,-95.7842315,29.79427175,500.0,78.1,102.6,4227,85.0,T4_light,transformer,500.0,0.0,True,True
4226,12696,7341,2250.0,55.3636952755155,T1_normal,-95.785914,29.3459875,500.0,-95.7842315,29.79427175,500.0,55.4,72.5,4695,66.2,T1_normal,line,500.0,30.973959326407854,False,False
4227,12704,7341,2301.4,92.3660690961106,T3_prevent,-95.41128715217393,29.77727818478261,500.0,-95.7842315,29.79427175,500.0,92.4,113.5,3909,89.3,T5_moderate,line,500.0,22.39476928505675,True,True
4228,7343,7342,190.0,43.16374874764001,T1_normal,-95.7842315,29.79427175,115.0,-95.7842315,29.79427175,230.0,43.2,62.0,4229,58.2,T1_normal,transformer,230.0,0.0,False,False
4229,7343,7342,190.0,43.16374874764001,T1_normal,-95.7842315,29.79427175,115.0,-95.7842315,29.79427175,230.0,43.2,62.0,4228,58.2,T1_normal,transformer,230.0,0.0,False,False
4230,7342,7409,750.0,45.48073016901772,T1_normal,-95.7842315,29.79427175,230.0,-95.7842315,29.79427175,230.0,45.5,74.2,4231,63.3,T1_normal,line,230.0,0.0,False,False
4231,7342,7409,750.0,45.48073016901772,T1_normal,-95.7842315,29.79427175,230.0,-95.7842315,29.79427175,230.0,45.5,74.2,4230,63.3,T1_normal,line,230.0,0.0,False,False
4232,7344,7404,149.0,52.95009008019097,T1_normal,-95.41128715217393,29.77727818478261,115.0,-95.41128715217393,29.77727818478261,115.0,53.0,60.4,3506,57.8,T1_normal,line,115.0,0.0,False,False
4233,7345,7382,221.0,2.498163320622967,T1_normal,-95.41128715217393,29.77727818478261,115.0,-95.41128715217393,29.77727818478261,115.0,2.5,13.5,3482,11.5,T1_normal,line,115.0,0.0,False,False
4234,7345,7382,221.0,2.498163320622967,T1_normal,-95.41128715217393,29.77727818478261,115.0,-95.41128715217393,29.77727818478261,115.0,2.5,13.5,3482,11.5,T1_normal,line,115.0,0.0,False,False
4235,7347,7346,1271.0,52.0147272432229,T1_normal,-95.6326335,29.479039,230.0,-95.6326335,29.479039,500.0,52.0,74.8,4236,61.0,T1_normal,transformer,500.0,0.0,False,False
4236,7347,7346,1271.0,52.0147272432229,T1_normal,-95.6326335,29.479039,230.0,-95.6326335,29.479039,500.0,52.0,74.8,4235,61.0,T1_normal,transformer,500.0,0.0,False,False
4237,7349,7346,849.4,56.45085261755037,T1_normal,-95.6326335,29.479039,13.8,-95.6326335,29.479039,500.0,56.5,56.7,3629,20.6,T1_normal,transformer,500.0,0.0,False,False
4238,7350,7346,847.6,0.0,T1_normal,-95.6326335,29.479039,13.8,-95.6326335,29.479039,500.0,0.0,0.0,-1,0.0,T1_normal,transformer,500.0,0.0,False,False
4239,7351,7346,687.5,0.0,T1_normal,-95.6326335,29.479039,13.8,-95.6326335,29.479039,500.0,0.0,0.0,-1,0.0,T1_normal,transformer,500.0,0.0,False,False
4240,7352,7346,720.5,0.0,T1_normal,-95.6326335,29.479039,13.8,-95.6326335,29.479039,500.0,0.0,0.0,-1,0.0,T1_normal,transformer,500.0,0.0,False,False
4241,7353,7346,759.5,48.23720877869249,T1_normal,-95.6326335,29.479039,13.8,-95.6326335,29.479039,500.0,48.2,48.2,-1,7.9,T1_normal,transformer,500.0,0.0,False,False
4242,7354,7346,349.0,0.0,T1_normal,-95.6326335,29.479039,13.8,-95.6326335,29.479039,500.0,0.0,0.0,-1,0.0,T1_normal,transformer,500.0,0.0,False,False
4243,7355,7346,253.3,54.296102420589435,T1_normal,-95.6326335,29.479039,13.8,-95.6326335,29.479039,500.0,54.3,54.3,-1,32.4,T1_normal,transformer,500.0,0.0,False,False
4244,7356,7346,240.0,0.0,T1_normal,-95.6326335,29.479039,13.8,-95.6326335,29.479039,500.0,0.0,0.0,-1,0.0,T1_normal,transformer,500.0,0.0,False,False
4245,7357,7346,30.0,43.333333333333336,T1_normal,-95.6326335,29.479039,13.8,-95.6326335,29.479039,500.0,43.3,43.3,2789,41.2,T1_normal,transformer,500.0,0.0,False,False
4246,7346,12747,3834.0,54.44518346926939,T1_normal,-95.6326335,29.479039,500.0,-96.141572,29.159228,500.0,54.4,78.7,3711,71.6,T1_normal,line,500.0,37.79318523645894,False,False
4247,7348,7347,407.0,76.46073655586461,T1_normal,-95.6326335,29.479039,115.0,-95.6326335,29.479039,230.0,76.5,87.8,4248,75.7,T2_watch,transformer,230.0,0.0,False,False
4248,7348,7347,407.0,76.46073655586461,T1_normal,-95.6326335,29.479039,115.0,-95.6326335,29.479039,230.0,76.5,87.8,4247,75.7,T2_watch,transformer,230.0,0.0,False,False
4249,7348,12860,205.7,39.43263804875025,T1_normal,-95.6326335,29.479039,115.0,-95.43283075,29.2128395,115.0,39.4,45.2,4250,43.5,T1_normal,line,115.0,21.97962796422364,False,False
4250,7348,12860,205.7,39.43263804875025,T1_normal,-95.6326335,29.479039,115.0,-95.43283075,29.2128395,115.0,39.4,45.2,4249,43.5,T1_normal,line,115.0,21.97962796422364,False,False
4251,7348,12860,205.7,39.43263804875025,T1_normal,-95.6326335,29.479039,115.0,-95.43283075,29.2128395,115.0,39.4,45.2,4249,43.5,T1_normal,line,115.0,21.97962796422364,False,False
4252,7348,13378,140.7,48.53275949706219,T1_normal,-95.6326335,29.479039,115.0,-95.6326335,29.479039,115.0,48.5,66.8,3466,58.2,T1_normal,line,115.0,0.0,False,False
4253,7380,7363,149.0,0.8698968648128422,T1_normal,-95.3629605,28.98485425,115.0,-94.84457,29.28062966666667,115.0,0.9,35.1,4199,35.1,T1_normal,line,115.0,37.36960697058808,False,False
4254,7365,7381,250.0,62.88949747158256,T1_normal,-95.41128715217393,29.77727818478261,115.0,-95.41128715217393,29.77727818478261,115.0,62.9,72.7,3768,70.1,T1_normal,line,115.0,0.0,False,False
4255,7367,7366,1249.0,16.05914644676766,T1_normal,-95.069071,29.842662,230.0,-95.069071,29.842662,500.0,16.1,21.1,4256,19.2,T1_normal,transformer,500.0,0.0,False,False
4256,7367,7366,1249.0,16.05914644676766,T1_normal,-95.069071,29.842662,230.0,-95.069071,29.842662,500.0,16.1,21.1,4255,19.2,T1_normal,transformer,500.0,0.0,False,False
4257,7369,7366,201.5,0.0,T1_normal,-95.069071,29.842662,18.0,-95.069071,29.842662,500.0,0.0,0.0,-1,0.0,T1_normal,transformer,500.0,0.0,False,False
4258,7370,7366,239.1,0.0,T1_normal,-95.069071,29.842662,18.0,-95.069071,29.842662,500.0,0.0,0.0,-1,0.0,T1_normal,transformer,500.0,0.0,False,False
4259,7371,7366,202.4,0.0,T1_normal,-95.069071,29.842662,18.0,-95.069071,29.842662,500.0,0.0,0.0,-1,0.0,T1_normal,transformer,500.0,0.0,False,False
4260,7372,7366,192.5,0.0,T1_normal,-95.069071,29.842662,18.0,-95.069071,29.842662,500.0,0.0,0.0,-1,0.0,T1_normal,transformer,500.0,0.0,False,False
4261,7373,7366,192.1,0.0,T1_normal,-95.069071,29.842662,18.0,-95.069071,29.842662,500.0,0.0,0.0,-1,0.0,T1_normal,transformer,500.0,0.0,False,False
4262,7366,7400,2295.0,6.924166877705897,T1_normal,-95.069071,29.842662,500.0,-95.41128715217393,29.77727818478261,500.0,6.9,12.4,4263,11.8,T1_normal,line,500.0,21.00785627021086,False,False
4263,7366,7400,2391.1,9.136724975166244,T1_normal,-95.069071,29.842662,500.0,-95.41128715217393,29.77727818478261,500.0,9.1,13.4,4262,12.9,T1_normal,line,500.0,21.00785627021086,False,False
4264,7368,7367,392.0,3.392655494199847,T1_normal,-95.069071,29.842662,115.0,-95.069071,29.842662,230.0,3.4,11.3,4095,10.2,T1_normal,transformer,230.0,0.0,False,False
4265,7368,7367,392.0,3.392655494199847,T1_normal,-95.069071,29.842662,115.0,-95.069071,29.842662,230.0,3.4,11.3,4095,10.2,T1_normal,transformer,230.0,0.0,False,False
4266,7368,7367,392.0,3.392655494199847,T1_normal,-95.069071,29.842662,115.0,-95.069071,29.842662,230.0,3.4,11.3,4095,10.2,T1_normal,transformer,230.0,0.0,False,False
4267,7368,7402,133.8,3.938489095234542,T1_normal,-95.069071,29.842662,115.0,-95.41128715217393,29.77727818478261,115.0,3.9,21.6,4095,21.6,T1_normal,line,115.0,21.00785627021086,False,False
4268,13384,7380,101.0,0.0,T1_normal,-95.3629605,28.98485425,20.0,-95.3629605,28.98485425,115.0,0.0,0.0,-1,0.0,T1_normal,transformer,115.0,0.0,False,False
4269,7383,7412,226.2,17.979093818620054,T1_normal,-95.435068,29.364128,115.0,-95.295533,29.281605,115.0,18.0,33.3,4271,31.6,T1_normal,line,115.0,10.15717167089096,False,False
4270,7383,7412,226.2,17.979093818620054,T1_normal,-95.435068,29.364128,115.0,-95.295533,29.281605,115.0,18.0,33.3,4271,31.6,T1_normal,line,115.0,10.15717167089096,False,False
4271,7383,12862,600.0,38.679896989809734,T1_normal,-95.435068,29.364128,115.0,-95.435068,29.364128,500.0,38.7,44.6,3288,46.3,T1_normal,transformer,500.0,0.0,False,False
4272,7383,13101,116.3,19.185889548796684,T1_normal,-95.435068,29.364128,115.0,-95.733244,29.47971475,115.0,19.2,23.8,4225,22.8,T1_normal,line,115.0,19.641956133024927,False,False
4273,7385,7404,98.0,61.90005495656242,T1_normal,-95.41128715217393,29.77727818478261,115.0,-95.41128715217393,29.77727818478261,115.0,61.9,81.3,3882,78.4,T2_watch,line,115.0,0.0,False,False
4274,7388,7427,118.4,19.95613548120909,T1_normal,-95.41128715217393,29.77727818478261,115.0,-95.41128715217393,29.77727818478261,115.0,20.0,28.8,4227,19.5,T1_normal,line,115.0,0.0,False,False
4275,7390,7389,1278.0,45.26022096221332,T1_normal,-95.442636,30.453487000000003,230.0,-95.442636,30.453487000000003,500.0,45.3,59.3,3859,70.9,T1_normal,transformer,500.0,0.0,False,False
4276,7389,8030,2020.0,48.88909747528924,T1_normal,-95.442636,30.453487000000003,500.0,-95.973798,30.65991,500.0,48.9,56.9,3393,75.5,T1_normal,line,500.0,34.67272412805818,False,False
4277,7391,7390,127.2,52.76486600774459,T1_normal,-95.442636,30.453487000000003,115.0,-95.442636,30.453487000000003,230.0,52.8,86.2,4278,91.5,T2_watch,transformer,230.0,0.0,False,False
4278,7391,7390,127.2,52.76486600774459,T1_normal,-95.442636,30.453487000000003,115.0,-95.442636,30.453487000000003,230.0,52.8,86.2,4277,91.5,T2_watch,transformer,230.0,0.0,False,False
4279,7393,12544,800.0,11.830897154943363,T1_normal,-95.967518,29.191296,115.0,-95.967518,29.191296,500.0,11.8,63.8,4668,59.6,T1_normal,transformer,500.0,0.0,False,False
4280,13254,7394,112.3,59.83971504897593,T1_normal,-95.040827,30.009659,20.0,-95.040827,30.009659,115.0,59.8,59.8,3711,55.9,T1_normal,transformer,115.0,0.0,False,False
4281,13255,7394,111.6,0.0,T1_normal,-95.040827,30.009659,20.0,-95.040827,30.009659,115.0,0.0,0.0,-1,0.0,T1_normal,transformer,115.0,0.0,False,False
4282,7396,7410,221.0,30.26800405696644,T1_normal,-95.41128715217393,29.77727818478261,115.0,-95.7842315,29.79427175,115.0,30.3,40.8,4283,40.2,T1_normal,line,115.0,22.39476928505675,False,False
4283,7396,7410,221.0,30.26800405696644,T1_normal,-95.41128715217393,29.77727818478261,115.0,-95.7842315,29.79427175,115.0,30.3,40.8,4282,40.2,T1_normal,line,115.0,22.39476928505675,False,False
4284,7396,7410,221.0,30.26800405696644,T1_normal,-95.41128715217393,29.77727818478261,115.0,-95.7842315,29.79427175,115.0,30.3,40.8,4282,40.2,T1_normal,line,115.0,22.39476928505675,False,False
4285,7397,12879,211.7,39.879960813623065,T1_normal,-95.80023,29.56318,115.0,-96.020566,29.225064,115.0,39.9,75.4,3430,69.1,T1_normal,line,115.0,26.86463527374758,False,False
4286,7397,12879,211.7,39.879960813623065,T1_normal,-95.80023,29.56318,115.0,-96.020566,29.225064,115.0,39.9,75.4,3430,69.1,T1_normal,line,115.0,26.86463527374758,False,False
4287,7397,12972,131.2,28.773872391239696,T1_normal,-95.80023,29.56318,115.0,-95.785914,29.3459875,115.0,28.8,58.2,3430,49.6,T1_normal,line,115.0,15.031415523082485,False,False
4288,13346,7397,140.8,0.0,T1_normal,-95.80023,29.56318,20.0,-95.80023,29.56318,115.0,0.0,0.0,-1,0.0,T1_normal,transformer,115.0,0.0,False,False
4289,7398,7403,221.0,19.79652218883172,T1_normal,-95.1431518,29.6833732,115.0,-95.1431518,29.6833732,115.0,19.8,27.9,4290,27.4,T1_normal,line,115.0,0.0,False,False
4290,7403,7398,221.0,19.79652218883172,T1_normal,-95.1431518,29.6833732,115.0,-95.1431518,29.6833732,115.0,19.8,27.9,4289,27.4,T1_normal,line,115.0,0.0,False,False
4291,7399,7417,221.0,3.237888737484548,T1_normal,-95.41128715217393,29.77727818478261,115.0,-95.41128715217393,29.77727818478261,115.0,3.2,7.7,3459,9.3,T1_normal,line,115.0,0.0,False,False
4292,7399,7417,221.0,3.237888737484548,T1_normal,-95.41128715217393,29.77727818478261,115.0,-95.41128715217393,29.77727818478261,115.0,3.2,7.7,3459,9.3,T1_normal,line,115.0,0.0,False,False
4293,7401,7400,1297.0,21.581289457545328,T1_normal,-95.41128715217393,29.77727818478261,230.0,-95.41128715217393,29.77727818478261,500.0,21.6,25.6,4206,24.6,T1_normal,transformer,500.0,0.0,False,False
4294,12648,7400,2055.0,21.74068678737323,T1_normal,-95.41128715217393,29.77727818478261,500.0,-95.41128715217393,29.77727818478261,500.0,21.7,40.2,4643,35.2,T1_normal,line,500.0,0.0,False,False
4295,12760,7400,95.4,2.1626471625616572,T1_normal,-95.41128715217393,29.77727818478261,20.0,-95.41128715217393,29.77727818478261,500.0,2.2,2.2,-1,0.0,T1_normal,transformer,500.0,0.0,False,False
4296,7402,7401,423.0,8.189204659743616,T1_normal,-95.41128715217393,29.77727818478261,115.0,-95.41128715217393,29.77727818478261,230.0,8.2,14.3,3335,11.5,T1_normal,transformer,230.0,0.0,False,False
4297,7401,7409,548.0,4.354389340362536,T1_normal,-95.41128715217393,29.77727818478261,230.0,-95.7842315,29.79427175,230.0,4.4,9.2,4209,7.3,T1_normal,line,230.0,22.39476928505675,False,False
4298,7403,7419,221.0,19.86197630265059,T1_normal,-95.1431518,29.6833732,115.0,-95.062261,29.713119,115.0,19.9,26.1,4299,24.8,T1_normal,line,115.0,5.272045205057285,False,False
4299,7403,7419,221.0,19.86197630265059,T1_normal,-95.1431518,29.6833732,115.0,-95.062261,29.713119,115.0,19.9,26.1,4298,24.8,T1_normal,line,115.0,5.272045205057285,False,False
4300,7403,13176,188.2,1.5101864734539857e-12,T1_normal,-95.1431518,29.6833732,115.0,-95.062261,29.713119,115.0,0.0,3.3,3629,6.6,T1_normal,line,115.0,5.272045205057285,False,False
4301,7407,7406,1026.0,16.846037437381273,T1_normal,-96.542544,28.663349333333333,230.0,-96.542544,28.663349333333333,500.0,16.8,28.1,3497,24.6,T1_normal,transformer,500.0,0.0,False,False
4302,7414,7406,2633.0,36.87995946280257,T1_normal,-97.00621414285716,28.74651585714286,500.0,-96.542544,28.663349333333333,500.0,36.9,56.8,4303,53.5,T1_normal,line,500.0,28.681205818420583,False,False
4303,7414,7406,2633.0,36.87995946280257,T1_normal,-97.00621414285716,28.74651585714286,500.0,-96.542544,28.663349333333333,500.0,36.9,56.8,4302,53.5,T1_normal,line,500.0,28.681205818420583,False,False
4304,7406,12747,3138.0,44.92827514263636,T1_normal,-96.542544,28.663349333333333,500.0,-96.141572,29.159228,500.0,44.9,66.7,4305,61.7,T1_normal,line,500.0,41.9768125793083,False,False
4305,7406,12747,3138.0,44.92827514263636,T1_normal,-96.542544,28.663349333333333,500.0,-96.141572,29.159228,500.0,44.9,66.7,4304,61.7,T1_normal,line,500.0,41.9768125793083,False,False
4306,12849,7406,186.0,0.0,T1_normal,-96.542544,28.663349333333333,20.0,-96.542544,28.663349333333333,500.0,0.0,0.0,-1,0.0,T1_normal,transformer,500.0,0.0,False,False
4307,12850,7406,222.5,0.0,T1_normal,-96.542544,28.663349333333333,20.0,-96.542544,28.663349333333333,500.0,0.0,0.0,-1,0.0,T1_normal,transformer,500.0,0.0,False,False
4308,7408,7407,143.8,6.317557317677493,T1_normal,-96.542544,28.663349333333333,115.0,-96.542544,28.663349333333333,230.0,6.3,31.0,3502,27.4,T1_normal,transformer,230.0,0.0,False,False
4309,7408,13122,216.0,36.802875982792045,T1_normal,-96.542544,28.663349333333333,115.0,-96.70457766666668,28.589903333333336,115.0,36.8,90.9,3504,84.9,T3_prevent,line,115.0,11.059966639486236,False,False
4310,7408,13355,136.4,46.40112910069581,T1_normal,-96.542544,28.663349333333333,115.0,-96.542544,28.663349333333333,115.0,46.4,71.3,4309,69.9,T1_normal,line,115.0,0.0,False,False
4311,7410,7409,248.4,76.3349770652085,T1_normal,-95.7842315,29.79427175,115.0,-95.7842315,29.79427175,230.0,76.3,92.2,4312,82.4,T3_prevent,transformer,230.0,0.0,False,False
4312,7410,7409,248.4,76.3349770652085,T1_normal,-95.7842315,29.79427175,115.0,-95.7842315,29.79427175,230.0,76.3,92.2,4311,82.4,T3_prevent,transformer,230.0,0.0,False,False
4313,7410,7409,248.4,76.3349770652085,T1_normal,-95.7842315,29.79427175,115.0,-95.7842315,29.79427175,230.0,76.3,92.2,4311,82.4,T3_prevent,transformer,230.0,0.0,False,False
4314,7409,7420,548.0,15.409240147457211,T1_normal,-95.7842315,29.79427175,230.0,-95.698237,30.1865575,230.0,15.4,22.1,3930,12.9,T1_normal,line,230.0,27.588833934064983,False,False
4315,7410,13285,181.3,36.18417742913095,T1_normal,-95.7842315,29.79427175,115.0,-95.733244,29.47971475,115.0,36.2,45.4,4311,38.1,T1_normal,line,115.0,21.94867217633313,False,False
4316,13151,7412,219.2,0.0,T1_normal,-95.295533,29.281605,20.0,-95.295533,29.281605,115.0,0.0,0.0,-1,0.0,T1_normal,transformer,115.0,0.0,False,False
4317,7412,13287,137.2,33.855462049698765,T1_normal,-95.295533,29.281605,115.0,-95.21873266666668,29.305820666666666,115.0,33.9,42.6,3953,41.4,T1_normal,line,115.0,4.921046857320726,False,False
4318,7412,13328,162.1,47.67428170501264,T1_normal,-95.295533,29.281605,115.0,-95.43283075,29.2128395,115.0,47.7,60.6,4668,53.2,T1_normal,line,115.0,9.543875214195475,False,False
4319,7412,13369,187.3,28.8849044537741,T1_normal,-95.295533,29.281605,115.0,-95.2783065,29.276466,115.0,28.9,54.6,4320,49.5,T1_normal,line,115.0,1.0972340913781946,False,False
4320,7412,13369,187.3,28.8849044537741,T1_normal,-95.295533,29.281605,115.0,-95.2783065,29.276466,115.0,28.9,54.6,4319,49.5,T1_normal,line,115.0,1.0972340913781946,False,False
4321,7415,7414,239.0,37.760957438475515,T1_normal,-97.00621414285716,28.74651585714286,230.0,-97.00621414285716,28.74651585714286,500.0,37.8,69.9,3386,57.6,T1_normal,transformer,500.0,0.0,False,False
4322,12566,7414,3995.0,45.83171780153813,T1_normal,-97.4230987368421,27.74350405263158,500.0,-97.00621414285716,28.74651585714286,500.0,45.8,71.7,4323,62.7,T1_normal,line,500.0,73.80130541133454,False,False
4323,12566,7414,3995.0,45.83171780153813,T1_normal,-97.4230987368421,27.74350405263158,500.0,-97.00621414285716,28.74651585714286,500.0,45.8,71.7,4322,62.7,T1_normal,line,500.0,73.80130541133454,False,False
4324,7414,12585,2784.3,27.580101571205343,T1_normal,-97.00621414285716,28.74651585714286,500.0,-96.2086544,29.0561128,500.0,27.6,39.0,4325,35.9,T1_normal,line,500.0,52.77297710335066,False,False
4325,7414,12640,2797.2,32.68216855382259,T1_normal,-97.00621414285716,28.74651585714286,500.0,-96.2086544,29.0561128,500.0,32.7,43.7,4709,40.3,T1_normal,line,500.0,52.77297710335066,False,False
4326,7416,7415,109.0,16.27984684010694,T1_normal,-97.00621414285716,28.74651585714286,115.0,-97.00621414285716,28.74651585714286,230.0,16.3,76.2,3426,71.4,T1_normal,transformer,230.0,0.0,False,False
4327,7416,13357,121.9,25.297060669266862,T1_normal,-97.00621414285716,28.74651585714286,115.0,-97.00621414285716,28.74651585714286,115.0,25.3,166.7,3426,162.9,T7_structural,line,115.0,0.0,True,False
4328,7416,13375,137.6,25.184288212695417,T1_normal,-97.00621414285716,28.74651585714286,115.0,-97.00621414285716,28.74651585714286,115.0,25.2,54.5,5320,51.9,T1_normal,line,115.0,0.0,False,False
4329,7417,7418,221.0,22.1838556756806,T1_normal,-95.41128715217393,29.77727818478261,115.0,-95.41128715217393,29.77727818478261,115.0,22.2,30.9,4330,26.1,T1_normal,line,115.0,0.0,False,False
4330,7417,7418,221.0,22.1838556756806,T1_normal,-95.41128715217393,29.77727818478261,115.0,-95.41128715217393,29.77727818478261,115.0,22.2,30.9,4329,26.1,T1_normal,line,115.0,0.0,False,False
4331,13341,7417,162.9,1.2665226476879334,T1_normal,-95.41128715217393,29.77727818478261,20.0,-95.41128715217393,29.77727818478261,115.0,1.3,1.3,14,0.0,T1_normal,transformer,115.0,0.0,False,False
4332,12870,7419,100.1,0.0,T1_normal,-95.062261,29.713119,20.0,-95.062261,29.713119,115.0,0.0,0.0,-1,0.0,T1_normal,transformer,115.0,0.0,False,False
4333,12871,7419,106.6,0.0,T1_normal,-95.062261,29.713119,20.0,-95.062261,29.713119,115.0,0.0,0.0,-1,0.0,T1_normal,transformer,115.0,0.0,False,False
4334,12872,7419,105.6,0.0,T1_normal,-95.062261,29.713119,20.0,-95.062261,29.713119,115.0,0.0,0.0,-1,0.0,T1_normal,transformer,115.0,0.0,False,False
4335,12873,7419,97.9,0.0,T1_normal,-95.062261,29.713119,20.0,-95.062261,29.713119,115.0,0.0,0.0,-1,0.0,T1_normal,transformer,115.0,0.0,False,False
4336,7421,7420,161.4,107.17780999341528,T4_light,-95.698237,30.1865575,115.0,-95.698237,30.1865575,230.0,107.2,147.4,4337,91.9,T6_heavy,transformer,230.0,0.0,True,True
4337,7421,7420,161.4,107.17780999341528,T4_light,-95.698237,30.1865575,115.0,-95.698237,30.1865575,230.0,107.2,147.4,4336,91.9,T6_heavy,transformer,230.0,0.0,True,True
4338,7423,7422,1350.0,17.02549190550847,T1_normal,-95.21873266666668,29.305820666666666,230.0,-95.21873266666668,29.305820666666666,500.0,17.0,20.6,3721,20.3,T1_normal,transformer,500.0,0.0,False,False
4339,12596,7422,2253.2,3.9923219102439855,T1_normal,-95.733244,29.47971475,500.0,-95.21873266666668,29.305820666666666,500.0,4.0,8.1,3467,8.3,T1_normal,line,500.0,33.222306724961875,False,False
4340,7424,7423,213.0,57.83985720060682,T1_normal,-95.21873266666668,29.305820666666666,115.0,-95.21873266666668,29.305820666666666,230.0,57.8,73.3,4341,71.2,T1_normal,transformer,230.0,0.0,False,False
4341,7424,7423,213.0,57.83985720060682,T1_normal,-95.21873266666668,29.305820666666666,115.0,-95.21873266666668,29.305820666666666,230.0,57.8,73.3,4340,71.2,T1_normal,transformer,230.0,0.0,False,False
4342,7424,7423,213.0,57.83985720060682,T1_normal,-95.21873266666668,29.305820666666666,115.0,-95.21873266666668,29.305820666666666,230.0,57.8,73.3,4340,71.2,T1_normal,transformer,230.0,0.0,False,False
4343,7426,13402,140.9,15.131735744187244,T1_normal,-95.558277,28.960572,115.0,-95.718793,29.017466,115.0,15.1,32.2,3429,30.7,T1_normal,line,115.0,10.467376465891569,False,False
4344,7429,7428,927.0,17.662137719493657,T1_normal,-95.3629605,28.98485425,230.0,-95.3629605,28.98485425,500.0,17.7,23.6,4178,19.4,T1_normal,transformer,500.0,0.0,False,False
4345,12682,7428,151.2,0.0,T1_normal,-95.3629605,28.98485425,20.0,-95.3629605,28.98485425,500.0,0.0,0.0,-1,0.0,T1_normal,transformer,500.0,0.0,False,False
4346,12683,7428,126.0,0.0,T1_normal,-95.3629605,28.98485425,20.0,-95.3629605,28.98485425,500.0,0.0,0.0,-1,0.0,T1_normal,transformer,500.0,0.0,False,False
4347,12684,7428,126.7,0.0,T1_normal,-95.3629605,28.98485425,20.0,-95.3629605,28.98485425,500.0,0.0,0.0,-1,0.0,T1_normal,transformer,500.0,0.0,False,False
4348,12685,7428,109.1,0.0,T1_normal,-95.3629605,28.98485425,20.0,-95.3629605,28.98485425,500.0,0.0,0.0,-1,0.0,T1_normal,transformer,500.0,0.0,False,False
4349,12686,7428,108.6,0.0,T1_normal,-95.3629605,28.98485425,20.0,-95.3629605,28.98485425,500.0,0.0,0.0,-1,0.0,T1_normal,transformer,500.0,0.0,False,False
4350,7430,7429,133.8,33.4617112031362,T1_normal,-95.3629605,28.98485425,115.0,-95.3629605,28.98485425,230.0,33.5,61.7,3938,60.3,T1_normal,transformer,230.0,0.0,False,False
4351,7430,12994,166.3,11.869903190300676,T1_normal,-95.3629605,28.98485425,115.0,-95.3629605,28.98485425,115.0,11.9,30.1,4183,28.3,T1_normal,line,115.0,0.0,False,False
4352,7432,8003,98.0,211.65098584016127,T7_structural,-95.905344,30.953672,115.0,-95.934344,31.136452,115.0,211.7,325.1,4390,66.0,T7_structural,line,115.0,12.745164876358142,True,True
4353,7432,8037,149.0,222.39253223507097,T7_structural,-95.905344,30.953672,115.0,-95.715509,30.959521,115.0,222.4,353.3,4390,28.5,T7_structural,line,115.0,11.255386081696884,True,True
4354,7432,8141,221.0,67.51896240131119,T1_normal,-95.905344,30.953672,115.0,-96.62542,30.881424,115.0,67.5,123.1,4356,17.5,T5_moderate,line,115.0,42.97431085473288,True,True
4355,8003,8001,149.0,147.2536685391665,T6_heavy,-95.934344,31.136452,115.0,-96.13919,31.132442,115.0,147.3,221.9,4390,51.5,T7_structural,line,115.0,12.1180722051674,True,True
4356,8010,8001,149.0,154.51541350560927,T7_structural,-96.22928,31.235882,115.0,-96.13919,31.132442,115.0,154.5,229.1,4390,58.7,T7_structural,line,115.0,8.912877168851281,True,True
4357,8028,8002,98.0,18.43971493154261,T1_normal,-94.936535,32.250339,115.0,-95.077715,32.26754,115.0,18.4,29.8,4611,21.7,T1_normal,line,115.0,8.33418858974034,False,False
4358,8002,8100,98.0,10.635513904007892,T1_normal,-95.077715,32.26754,115.0,-95.28425288888889,32.35432222222222,115.0,10.6,20.6,4586,16.5,T1_normal,line,115.0,13.469178229324896,False,False
4359,8002,8138,121.2,3.433896858923861,T1_normal,-95.077715,32.26754,115.0,-95.28425288888889,32.35432222222222,115.0,3.4,14.1,4431,10.2,T1_normal,line,115.0,13.469178229324896,False,False
4360,8005,8004,459.0,31.5553391968074,T1_normal,-94.737065,31.33610733333333,115.0,-94.737065,31.33610733333333,230.0,31.6,60.2,4361,41.4,T1_normal,transformer,230.0,0.0,False,False
4361,8005,8004,459.0,31.5553391968074,T1_normal,-94.737065,31.33610733333333,115.0,-94.737065,31.33610733333333,230.0,31.6,60.2,4360,41.4,T1_normal,transformer,230.0,0.0,False,False
4362,8097,8004,443.0,43.87641568116099,T1_normal,-94.87749,31.8141905,230.0,-94.737065,31.33610733333333,230.0,43.9,67.4,4363,66.2,T1_normal,line,230.0,34.05126520127289,False,False
4363,8097,8004,443.0,43.87641568116099,T1_normal,-94.87749,31.8141905,230.0,-94.737065,31.33610733333333,230.0,43.9,67.4,4362,66.2,T1_normal,line,230.0,34.05126520127289,False,False
4364,8005,8023,221.0,10.939786032515162,T1_normal,-94.737065,31.33610733333333,115.0,-94.737065,31.33610733333333,115.0,10.9,22.4,4366,10.7,T1_normal,line,115.0,0.0,False,False
4365,8005,8023,221.0,10.939786032515162,T1_normal,-94.737065,31.33610733333333,115.0,-94.737065,31.33610733333333,115.0,10.9,22.4,4366,10.7,T1_normal,line,115.0,0.0,False,False
4366,8005,8023,108.3,59.08631208134503,T1_normal,-94.737065,31.33610733333333,115.0,-94.737065,31.33610733333333,115.0,59.1,104.6,4353,40.7,T4_light,line,115.0,0.0,True,True
4367,8005,8111,123.0,48.44221068383924,T1_normal,-94.737065,31.33610733333333,115.0,-94.737065,31.33610733333333,115.0,48.4,85.7,4353,31.9,T2_watch,line,115.0,0.0,False,False
4368,8137,8005,149.0,10.563600293794437,T1_normal,-95.126653,31.390774,115.0,-94.737065,31.33610733333333,115.0,10.6,24.7,4489,24.7,T1_normal,line,115.0,23.29329014566437,False,False
4369,8006,8007,98.0,17.438199081989403,T1_normal,-95.413415,32.218325,115.0,-95.347503,32.11274,115.0,17.4,49.5,4399,49.5,T1_normal,line,115.0,8.25126905377297,False,False
4370,8006,8052,115.7,15.422547158340931,T1_normal,-95.413415,32.218325,115.0,-95.28425288888889,32.35432222222222,115.0,15.4,28.0,4470,19.1,T1_normal,line,115.0,12.050569355281755,False,False
4371,8006,8134,250.0,8.449897364626864,T1_normal,-95.413415,32.218325,115.0,-95.28425288888889,32.35432222222222,115.0,8.4,18.0,4399,17.8,T1_normal,line,115.0,12.050569355281755,False,False
4372,8006,8134,143.2,11.892254574220118,T1_normal,-95.413415,32.218325,115.0,-95.28425288888889,32.35432222222222,115.0,11.9,25.3,4399,25.0,T1_normal,line,115.0,12.050569355281755,False,False
4373,8007,8017,98.0,16.72393558362063,T1_normal,-95.347503,32.11274,115.0,-95.418796,32.035939,115.0,16.7,43.4,4374,31.5,T1_normal,line,115.0,6.751401713271196,False,False
4374,8007,8017,125.9,24.44001447847616,T1_normal,-95.347503,32.11274,115.0,-95.418796,32.035939,115.0,24.4,36.3,4373,26.3,T1_normal,line,115.0,6.751401713271196,False,False
4375,8008,8053,98.0,70.89502682493386,T1_normal,-95.521442,32.271436,115.0,-95.8568275,32.169178,115.0,70.9,96.7,4471,67.4,T3_prevent,line,115.0,20.838896655291247,False,False
4376,8081,8008,98.0,30.874618661668748,T1_normal,-95.28425288888889,32.35432222222222,115.0,-95.521442,32.271436,115.0,30.9,56.7,4471,40.0,T1_normal,line,115.0,14.987792389295905,False,False
4377,8009,8104,220.0,51.7125021997644,T1_normal,-95.84999,30.316397,115.0,-96.054766,30.369294,115.0,51.7,65.7,4276,62.5,T1_normal,line,115.0,12.745929631454151,False,False
4378,8086,8010,98.0,125.60193097461244,T6_heavy,-96.4866,31.1803,115.0,-96.22928,31.235882,115.0,125.6,212.1,4506,79.1,T7_structural,line,115.0,15.683914773625288,True,True
4379,8010,8103,98.0,114.82456506963072,T5_moderate,-96.22928,31.235882,115.0,-96.202639,31.37571,115.0,114.8,205.4,4378,68.5,T7_structural,line,115.0,9.788462715844684,True,True
4380,8045,8011,221.0,25.324547489780063,T1_normal,-96.08704033333332,31.83128633333333,115.0,-95.980743,31.93201,115.0,25.3,42.0,4381,43.8,T1_normal,line,115.0,9.344928282326842,False,False
4381,8045,8011,221.0,25.324547489780063,T1_normal,-96.08704033333332,31.83128633333333,115.0,-95.980743,31.93201,115.0,25.3,42.0,4380,43.8,T1_normal,line,115.0,9.344928282326842,False,False
4382,8011,8064,129.5,9.580594389205189,T1_normal,-95.980743,31.93201,115.0,-96.08704033333332,31.83128633333333,115.0,9.6,28.8,4467,19.4,T1_normal,line,115.0,9.344928282326842,False,False
4383,8072,8011,221.0,32.704810032039454,T1_normal,-95.64904,31.9046145,115.0,-95.980743,31.93201,115.0,32.7,47.8,4448,49.7,T1_normal,line,115.0,19.545336476444017,False,False
4384,8012,8032,248.0,59.2379564856272,T1_normal,-96.011435,30.527987,115.0,-95.973798,30.65991,115.0,59.2,81.1,2796,85.6,T2_watch,line,115.0,9.38594191976344,False,False
4385,8104,8012,239.0,58.288758194291006,T1_normal,-96.054766,30.369294,115.0,-96.011435,30.527987,115.0,58.3,81.0,2796,85.7,T2_watch,line,115.0,11.26442672939198,False,False
4386,8026,8013,98.0,5.879018686860014,T1_normal,-95.435716,32.537897,115.0,-95.424745,32.816432,115.0,5.9,56.2,4425,56.2,T1_normal,line,115.0,19.2556977033188,False,False
4387,8013,8039,98.0,4.70939830015084,T1_normal,-95.424745,32.816432,115.0,-95.643977,32.535169,115.0,4.7,30.8,4388,29.8,T1_normal,line,115.0,23.242978349265737,False,False
4388,8013,8136,149.0,41.05787112682893,T1_normal,-95.424745,32.816432,115.0,-95.568154,32.925093,115.0,41.1,61.5,4425,75.3,T1_normal,line,115.0,11.208397334871734,False,False
4389,8014,8037,149.0,120.75511877164035,T5_moderate,-95.499937,31.092367,115.0,-95.715509,30.959521,115.0,120.8,343.1,4353,20.9,T7_structural,line,115.0,15.721533459560453,True,True
4390,8118,8014,98.0,199.05625200994297,T7_structural,-95.255739,31.188898,115.0,-95.499937,31.092367,115.0,199.1,537.2,4353,36.6,T7_structural,line,115.0,15.907111606566804,True,True
4391,8015,8022,132.6,12.04207960709597,T1_normal,-94.509986,31.230511,115.0,-94.367277,31.465312,115.0,12.0,19.5,4353,15.3,T1_normal,line,115.0,18.27867893594991,False,False
4392,8111,8015,98.0,41.0231957868885,T1_normal,-94.737065,31.33610733333333,115.0,-94.509986,31.230511,115.0,41.0,54.9,4353,45.3,T1_normal,line,115.0,15.265165755311768,False,False
4393,8015,8150,98.0,18.725296890376164,T1_normal,-94.509986,31.230511,115.0,-94.375214,31.138382,115.0,18.7,38.6,4394,35.6,T1_normal,line,115.0,10.19726704992017,False,False
4394,8015,13393,132.9,19.077609751371792,T1_normal,-94.509986,31.230511,115.0,-94.1062,31.060893,115.0,19.1,39.1,4626,37.5,T1_normal,line,115.0,26.598713559376456,False,False
4395,8016,8122,98.0,3.3653033397145067,T1_normal,-96.4032496,30.7142204,115.0,-96.4032496,30.7142204,115.0,3.4,37.9,4599,21.1,T1_normal,line,115.0,0.0,False,False
4396,8016,8140,132.7,28.566259278240672,T1_normal,-96.4032496,30.7142204,115.0,-96.307958,30.5895815,115.0,28.6,48.4,4637,38.5,T1_normal,line,115.0,10.307570364453252,False,False
4397,8016,8152,221.0,8.77149188934498,T1_normal,-96.4032496,30.7142204,115.0,-96.4032496,30.7142204,115.0,8.8,17.1,4396,15.5,T1_normal,line,115.0,0.0,False,False
4398,8016,8152,131.9,12.42329708280603,T1_normal,-96.4032496,30.7142204,115.0,-96.4032496,30.7142204,115.0,12.4,24.2,4396,22.0,T1_normal,line,115.0,0.0,False,False
4399,8017,8040,98.0,66.93819908198968,T1_normal,-95.418796,32.035939,115.0,-95.643712,32.158557,115.0,66.9,85.6,4466,68.9,T2_watch,line,115.0,15.655490568029268,False,False
4400,8019,8018,360.0,24.50093007372822,T1_normal,-95.28425288888889,32.35432222222222,115.0,-95.28425288888889,32.35432222222222,230.0,24.5,34.7,4401,40.4,T1_normal,transformer,230.0,0.0,False,False
4401,8019,8018,360.0,24.50093007372822,T1_normal,-95.28425288888889,32.35432222222222,115.0,-95.28425288888889,32.35432222222222,230.0,24.5,34.7,4400,40.4,T1_normal,transformer,230.0,0.0,False,False
4402,8127,8018,647.0,4.1248489978700205,T1_normal,-95.1026285,33.188059,230.0,-95.28425288888889,32.35432222222222,230.0,4.1,14.5,1726,33.7,T1_normal,line,230.0,58.56467456473905,False,False
4403,8018,8133,548.0,14.6594192335676,T1_normal,-95.28425288888889,32.35432222222222,230.0,-95.28425288888889,32.35432222222222,230.0,14.7,24.5,4404,16.6,T1_normal,line,230.0,0.0,False,False
4404,8018,8133,432.4,16.046555530683083,T1_normal,-95.28425288888889,32.35432222222222,230.0,-95.28425288888889,32.35432222222222,230.0,16.0,30.0,4403,18.2,T1_normal,line,230.0,0.0,False,False
4405,8019,8052,149.0,6.510401982809653,T1_normal,-95.28425288888889,32.35432222222222,115.0,-95.28425288888889,32.35432222222222,115.0,6.5,15.4,4470,15.5,T1_normal,line,115.0,0.0,False,False
4406,8019,8052,124.5,7.373616445029797,T1_normal,-95.28425288888889,32.35432222222222,115.0,-95.28425288888889,32.35432222222222,115.0,7.4,17.4,4470,17.5,T1_normal,line,115.0,0.0,False,False
4407,8019,8100,150.0,5.75699442918,T1_normal,-95.28425288888889,32.35432222222222,115.0,-95.28425288888889,32.35432222222222,115.0,5.8,19.6,4639,20.3,T1_normal,line,115.0,0.0,False,False
4408,8019,8134,117.2,34.356493084309335,T1_normal,-95.28425288888889,32.35432222222222,115.0,-95.28425288888889,32.35432222222222,115.0,34.4,51.3,4400,48.8,T1_normal,line,115.0,0.0,False,False
4409,8019,8135,221.0,12.8407565694689,T1_normal,-95.28425288888889,32.35432222222222,115.0,-95.28425288888889,32.35432222222222,115.0,12.8,17.5,4639,19.7,T1_normal,line,115.0,0.0,False,False
4410,8019,8135,221.0,12.8407565694689,T1_normal,-95.28425288888889,32.35432222222222,115.0,-95.28425288888889,32.35432222222222,115.0,12.8,17.5,4639,19.7,T1_normal,line,115.0,0.0,False,False
4411,8019,8135,147.8,19.810703191057016,T1_normal,-95.28425288888889,32.35432222222222,115.0,-95.28425288888889,32.35432222222222,115.0,19.8,27.0,4639,30.0,T1_normal,line,115.0,0.0,False,False
4412,8020,8029,149.0,32.99974318583,T1_normal,-95.7156,32.4744,115.0,-95.687531,32.646573,115.0,33.0,48.3,4582,29.1,T1_normal,line,115.0,12.007910567354871,False,False
4413,8020,8040,149.0,16.53017085762995,T1_normal,-95.7156,32.4744,115.0,-95.643712,32.158557,115.0,16.5,35.8,4470,25.3,T1_normal,line,115.0,22.222934034817843,False,False
4414,8020,8153,98.0,49.0653003282244,T1_normal,-95.7156,32.4744,115.0,-95.888865,32.518146,115.0,49.1,84.3,4470,24.0,T2_watch,line,115.0,10.53985426339015,False,False
4415,8020,8154,98.0,52.77500941157606,T1_normal,-95.7156,32.4744,115.0,-95.28425288888889,32.35432222222222,115.0,52.8,69.7,4414,60.0,T1_normal,line,115.0,26.492577550951765,False,False
4416,8022,8021,98.0,23.543603950154168,T1_normal,-94.367277,31.465312,115.0,-94.520617,31.81932,115.0,23.5,37.5,4353,29.9,T1_normal,line,115.0,26.06994383220828,False,False
4417,8021,8041,149.0,3.481335895299065,T1_normal,-94.520617,31.81932,115.0,-94.63217766666666,31.621374,115.0,3.5,29.3,4450,28.5,T1_normal,line,115.0,15.167356686785626,False,False
4418,8021,8119,149.0,26.167733124259524,T1_normal,-94.520617,31.81932,115.0,-94.7161785,32.082429000000005,115.0,26.2,50.0,4450,45.7,T1_normal,line,115.0,21.492644324463193,False,False
4419,8022,8150,98.0,0.2193207266750921,T1_normal,-94.367277,31.465312,115.0,-94.375214,31.138382,115.0,0.2,11.1,4392,10.3,T1_normal,line,115.0,22.59379171743691,False,False
4420,8023,8111,221.0,25.41726928683575,T1_normal,-94.737065,31.33610733333333,115.0,-94.737065,31.33610733333333,115.0,25.4,45.0,4353,18.3,T1_normal,line,115.0,0.0,False,False
4421,8023,8111,221.0,25.41726928683575,T1_normal,-94.737065,31.33610733333333,115.0,-94.737065,31.33610733333333,115.0,25.4,45.0,4353,18.3,T1_normal,line,115.0,0.0,False,False
4422,8025,8055,98.0,54.41399364709263,T1_normal,-95.64904,31.9046145,115.0,-95.19267,31.779325,115.0,54.4,96.0,4423,45.4,T3_prevent,line,115.0,28.151080651319777,False,False
4423,8025,8121,98.0,55.889085684335114,T1_normal,-95.64904,31.9046145,115.0,-95.123407,31.9424935,115.0,55.9,102.3,4353,45.3,T4_light,line,115.0,30.9360536619621,True,True
4424,8025,8151,98.0,58.507160964080775,T1_normal,-95.64904,31.9046145,115.0,-95.481652,31.417425,115.0,58.5,144.0,4353,34.2,T6_heavy,line,115.0,35.071809529762554,True,True
4425,8026,8154,98.0,50.32506294579311,T1_normal,-95.435716,32.537897,115.0,-95.28425288888889,32.35432222222222,115.0,50.3,86.7,4388,87.6,T2_watch,line,115.0,15.455687639799637,False,False
4426,8027,8028,216.0,7.091561044945456,T1_normal,-95.220644,32.221577,115.0,-94.936535,32.250339,115.0,7.1,21.0,4639,20.7,T1_normal,line,115.0,16.72291382075707,False,False
4427,8027,8100,149.0,13.907114815317906,T1_normal,-95.220644,32.221577,115.0,-95.28425288888889,32.35432222222222,115.0,13.9,19.6,4639,18.7,T1_normal,line,115.0,9.89587135219891,False,False
4428,8027,8134,221.0,10.604491919119456,T1_normal,-95.220644,32.221577,115.0,-95.28425288888889,32.35432222222222,115.0,10.6,20.9,4639,21.5,T1_normal,line,115.0,9.89587135219891,False,False
4429,8027,8134,123.3,30.075835218763228,T1_normal,-95.220644,32.221577,115.0,-95.28425288888889,32.35432222222222,115.0,30.1,59.3,4639,57.0,T1_normal,line,115.0,9.89587135219891,False,False
4430,8027,8135,130.1,12.095005955609558,T1_normal,-95.220644,32.221577,115.0,-95.28425288888889,32.35432222222222,115.0,12.1,17.6,4408,14.9,T1_normal,line,115.0,9.89587135219891,False,False
4431,8028,8146,329.0,17.46160865957255,T1_normal,-94.936535,32.250339,115.0,-94.7161785,32.082429000000005,115.0,17.5,27.9,4586,21.2,T1_normal,line,115.0,17.340865631546343,False,False
4432,8073,8029,149.0,15.78497808515892,T1_normal,-95.749061,32.880733,115.0,-95.687531,32.646573,115.0,15.8,31.0,4582,19.4,T1_normal,line,115.0,16.569341345854173,False,False
4433,8031,8030,1036.0,3.854313411195815,T1_normal,-95.973798,30.65991,230.0,-95.973798,30.65991,500.0,3.9,42.2,4276,50.1,T1_normal,transformer,500.0,0.0,False,False
4434,8033,8030,121.9,0.0,T1_normal,-95.973798,30.65991,13.8,-95.973798,30.65991,500.0,0.0,0.0,-1,0.0,T1_normal,transformer,500.0,0.0,False,False
4435,8158,8030,2020.0,42.23670186171075,T1_normal,-96.4032496,30.7142204,500.0,-95.973798,30.65991,500.0,42.2,48.3,2788,62.3,T1_normal,line,500.0,25.791870781870028,False,False
4436,8030,12874,2030.1,8.586231138085848,T1_normal,-95.973798,30.65991,500.0,-96.069829,30.705329,500.0,8.6,13.3,4435,16.9,T1_normal,line,500.0,6.512298371137183,False,False
4437,8032,8031,400.0,19.83973852662131,T1_normal,-95.973798,30.65991,115.0,-95.973798,30.65991,230.0,19.8,34.1,4442,33.3,T1_normal,transformer,230.0,0.0,False,False
4438,8031,8094,498.7,23.494391224719575,T1_normal,-95.973798,30.65991,230.0,-96.307958,30.5895815,230.0,23.5,51.7,4435,66.4,T1_normal,line,230.0,20.453743169858203,False,False
4439,8031,8139,538.6,17.982909226154394,T1_normal,-95.973798,30.65991,230.0,-96.307958,30.5895815,230.0,18.0,38.3,4435,50.6,T1_normal,line,230.0,20.453743169858203,False,False
4440,8031,8159,475.4,28.25396949660584,T1_normal,-95.973798,30.65991,230.0,-96.4032496,30.7142204,230.0,28.3,56.5,4435,74.3,T1_normal,line,230.0,25.791870781870028,False,False
4441,8032,8143,250.0,15.857480134487147,T1_normal,-95.973798,30.65991,115.0,-96.069829,30.705329,115.0,15.9,34.7,4436,39.7,T1_normal,line,115.0,6.512298371137183,False,False
4442,8032,13008,241.0,43.9284139591916,T1_normal,-95.973798,30.65991,115.0,-96.091337,30.651189,115.0,43.9,87.1,4619,81.4,T2_watch,line,115.0,7.012227928294528,False,False
4443,8038,8066,220.0,66.52174328033108,T1_normal,-95.669493,33.1959495,115.0,-95.4621,33.21732,115.0,66.5,96.3,4445,89.8,T3_prevent,line,115.0,12.08019479580303,False,False
4444,8038,8124,220.0,37.124226273933,T1_normal,-95.669493,33.1959495,115.0,-95.803234,33.098096,115.0,37.1,66.2,1729,63.6,T1_normal,line,115.0,10.27488147289523,False,False
4445,8038,12916,275.0,49.13387928026108,T1_normal,-95.669493,33.1959495,115.0,-95.24810033333334,33.312846,115.0,49.1,90.9,5011,84.9,T3_prevent,line,115.0,25.652545172397136,False,False
4446,8039,8081,98.0,17.576745238926314,T1_normal,-95.643977,32.535169,115.0,-95.28425288888889,32.35432222222222,115.0,17.6,43.7,4388,42.7,T1_normal,line,115.0,24.415038583663144,False,False
4447,8040,8072,149.0,1.474919577722973,T1_normal,-95.643712,32.158557,115.0,-95.64904,31.9046145,115.0,1.5,47.0,4383,47.0,T1_normal,line,115.0,17.548702372507684,False,False
4448,8109,8040,138.0,71.04475326623992,T1_normal,-95.8568275,32.169178,115.0,-95.643712,32.158557,115.0,71.0,125.2,4466,88.0,T6_heavy,line,115.0,12.486740026106505,True,True
4449,8041,8063,119.0,35.949016274672864,T1_normal,-94.63217766666666,31.621374,115.0,-94.63217766666666,31.621374,115.0,35.9,82.4,4485,77.4,T2_watch,line,115.0,0.0,False,False
4450,8041,8119,156.7,44.70461958064116,T1_normal,-94.63217766666666,31.621374,115.0,-94.7161785,32.082429000000005,115.0,44.7,70.2,4485,66.0,T1_normal,line,115.0,32.23539044971031,False,False
4451,8111,8042,98.0,128.8239637032517,T6_heavy,-94.737065,31.33610733333333,115.0,-94.758734,31.186933,115.0,128.8,296.1,4353,40.8,T7_structural,line,115.0,10.386218287946893,True,True
4452,8118,8042,98.0,100.95661676447628,T4_light,-95.255739,31.188898,115.0,-94.758734,31.186933,115.0,101.0,268.2,4353,27.9,T7_structural,line,115.0,29.377343486376446,True,True
4453,8044,8043,1072.0,5.809157307974278,T1_normal,-96.08704033333332,31.83128633333333,230.0,-96.08704033333332,31.83128633333333,500.0,5.8,18.4,1746,28.7,T1_normal,transformer,500.0,0.0,False,False
4454,8046,8043,248.7,163.24491842503974,T7_structural,-96.08704033333332,31.83128633333333,18.0,-96.08704033333332,31.83128633333333,500.0,163.2,163.3,3629,39.9,T7_structural,transformer,500.0,0.0,True,True
4455,8047,8043,233.5,157.64788206354248,T7_structural,-96.08704033333332,31.83128633333333,18.0,-96.08704033333332,31.83128633333333,500.0,157.6,157.6,-1,0.0,T7_structural,transformer,500.0,0.0,True,True
4456,8048,8043,225.5,149.78680678167703,T6_heavy,-96.08704033333332,31.83128633333333,18.0,-96.08704033333332,31.83128633333333,500.0,149.8,149.8,3629,0.0,T6_heavy,transformer,500.0,0.0,True,True
4457,8049,8043,253.7,151.10317647640912,T7_structural,-96.08704033333332,31.83128633333333,18.0,-96.08704033333332,31.83128633333333,500.0,151.1,151.1,-1,46.8,T7_structural,transformer,500.0,0.0,True,True
4458,8050,8043,236.4,58.35314546441115,T1_normal,-96.08704033333332,31.83128633333333,18.0,-96.08704033333332,31.83128633333333,500.0,58.4,58.4,665,38.3,T1_normal,transformer,500.0,0.0,False,False
4459,8051,8043,261.4,54.995206083509714,T1_normal,-96.08704033333332,31.83128633333333,18.0,-96.08704033333332,31.83128633333333,500.0,55.0,55.0,32,39.9,T1_normal,transformer,500.0,0.0,False,False
4460,8043,8057,2129.2,42.58937759562786,T1_normal,-96.08704033333332,31.83128633333333,500.0,-96.08704033333332,31.83128633333333,500.0,42.6,79.1,2106,34.5,T1_normal,line,500.0,0.0,False,False
4461,8043,8067,2768.0,11.239976811127605,T1_normal,-96.08704033333332,31.83128633333333,500.0,-96.202639,31.37571,500.0,11.2,30.1,2486,14.0,T1_normal,line,500.0,32.20429957970831,False,False
4462,8043,12763,2277.0,6.584895071650228,T1_normal,-96.08704033333332,31.83128633333333,500.0,-96.38666966666666,32.061173333333336,500.0,6.6,6.6,3629,9.9,T1_normal,line,500.0,23.683289622210143,False,False
4463,8045,8044,388.0,0.1954358751176419,T1_normal,-96.08704033333332,31.83128633333333,115.0,-96.08704033333332,31.83128633333333,230.0,0.2,26.0,4466,25.8,T1_normal,transformer,230.0,0.0,False,False
4464,8044,8058,402.5,3.9035162243080728,T1_normal,-96.08704033333332,31.83128633333333,230.0,-96.08704033333332,31.83128633333333,230.0,3.9,51.1,4460,49.1,T1_normal,line,230.0,0.0,False,False
4465,8044,8147,647.0,11.936248523781828,T1_normal,-96.08704033333332,31.83128633333333,230.0,-96.1482745,32.142643,230.0,11.9,25.5,1746,12.7,T1_normal,line,230.0,21.81015049862474,False,False
4466,8045,8091,262.0,63.35683339608385,T1_normal,-96.08704033333332,31.83128633333333,115.0,-96.467327,31.896737,115.0,63.4,90.9,4540,84.6,T3_prevent,line,115.0,22.76951272295661,False,False
4467,8045,8144,98.0,54.389910609648545,T1_normal,-96.08704033333332,31.83128633333333,115.0,-96.329922,31.76524,115.0,54.4,92.1,4504,56.5,T3_prevent,line,115.0,14.975145654448752,False,False
4468,8081,8052,98.0,13.28375923031892,T1_normal,-95.28425288888889,32.35432222222222,115.0,-95.28425288888889,32.35432222222222,115.0,13.3,70.6,4375,59.5,T1_normal,line,115.0,0.0,False,False
4469,8052,8135,118.5,7.186881388132325,T1_normal,-95.28425288888889,32.35432222222222,115.0,-95.28425288888889,32.35432222222222,115.0,7.2,14.6,4639,11.7,T1_normal,line,115.0,0.0,False,False
4470,8053,8065,149.0,101.13483862365987,T4_light,-95.8568275,32.169178,115.0,-96.1482745,32.142643,115.0,101.1,127.9,1746,64.9,T6_heavy,line,115.0,17.146565447179256,True,True
4471,8053,8153,98.0,61.4834523069572,T1_normal,-95.8568275,32.169178,115.0,-95.888865,32.518146,115.0,61.5,96.4,4375,39.5,T3_prevent,line,115.0,24.184046794489458,False,False
4472,8054,8092,98.0,86.69451509771254,T2_watch,-96.009175,31.473728,115.0,-95.863721,31.557267,115.0,86.7,172.1,4353,67.6,T7_structural,line,115.0,10.3305718432293,True,True
4473,8132,8054,98.0,103.1843110160798,T4_light,-96.229757,31.4789,115.0,-96.009175,31.473728,115.0,103.2,188.6,4353,84.1,T7_structural,line,115.0,13.003215097398655,True,True
4474,8055,8098,220.0,46.023605642992294,T1_normal,-95.19267,31.779325,115.0,-94.87749,31.8141905,115.0,46.0,95.3,4589,72.3,T3_prevent,line,115.0,18.664932942872852,False,False
4475,8121,8055,98.0,14.424712898400497,T1_normal,-95.123407,31.9424935,115.0,-95.19267,31.779325,115.0,14.4,107.0,4589,86.1,T4_light,line,115.0,11.984311137242074,True,True
4476,8056,8089,98.0,4.392208508801745,T1_normal,-95.106353,32.482238,115.0,-95.28425288888889,32.35432222222222,115.0,4.4,13.5,4639,13.7,T1_normal,line,115.0,13.630126384196478,False,False
4477,8056,8138,98.0,15.15751463125074,T1_normal,-95.106353,32.482238,115.0,-95.28425288888889,32.35432222222222,115.0,15.2,22.7,4586,17.6,T1_normal,line,115.0,13.630126384196478,False,False
4478,8058,8057,491.0,16.83576012474114,T1_normal,-96.08704033333332,31.83128633333333,230.0,-96.08704033333332,31.83128633333333,500.0,16.8,64.7,4460,24.8,T1_normal,transformer,500.0,0.0,False,False
4479,8057,8112,2020.0,8.958684369880414,T1_normal,-96.08704033333332,31.83128633333333,500.0,-95.123407,31.9424935,500.0,9.0,17.0,2105,26.0,T1_normal,line,500.0,57.05332390553136,False,False
4480,8059,8058,143.8,21.071962847923857,T1_normal,-96.08704033333332,31.83128633333333,115.0,-96.08704033333332,31.83128633333333,230.0,21.1,36.3,4504,26.5,T1_normal,transformer,230.0,0.0,False,False
4481,8058,8068,548.0,9.498059285246525,T1_normal,-96.08704033333332,31.83128633333333,230.0,-96.202639,31.37571,230.0,9.5,15.5,1746,14.4,T1_normal,line,230.0,32.20429957970831,False,False
4482,8058,8147,548.0,11.378944235633872,T1_normal,-96.08704033333332,31.83128633333333,230.0,-96.1482745,32.142643,230.0,11.4,22.1,1746,7.6,T1_normal,line,230.0,21.81015049862474,False,False
4483,8058,8147,447.8,19.41629353658564,T1_normal,-96.08704033333332,31.83128633333333,230.0,-96.1482745,32.142643,230.0,19.4,37.8,1746,13.0,T1_normal,line,230.0,21.81015049862474,False,False
4484,8059,8064,149.0,20.33656548678826,T1_normal,-96.08704033333332,31.83128633333333,115.0,-96.08704033333332,31.83128633333333,115.0,20.3,35.0,4504,25.6,T1_normal,line,115.0,0.0,False,False
4485,8062,8063,220.0,42.776095165675386,T1_normal,-94.87749,31.8141905,115.0,-94.63217766666666,31.621374,115.0,42.8,55.2,4449,52.3,T1_normal,line,115.0,19.63088574576767,False,False
4486,8062,8098,149.0,45.17157194398325,T1_normal,-94.87749,31.8141905,115.0,-94.87749,31.8141905,115.0,45.2,76.3,4518,72.4,T1_normal,line,115.0,0.0,False,False
4487,8062,8098,136.3,35.360144953129456,T1_normal,-94.87749,31.8141905,115.0,-94.87749,31.8141905,115.0,35.4,73.3,4486,71.6,T1_normal,line,115.0,0.0,False,False
4488,8119,8062,149.0,8.969201612861394,T1_normal,-94.7161785,32.082429000000005,115.0,-94.87749,31.8141905,115.0,9.0,50.8,4518,48.1,T1_normal,line,115.0,20.80720457146625,False,False
4489,8101,8063,98.0,21.55126077780227,T1_normal,-95.06209,31.61295,115.0,-94.63217766666666,31.621374,115.0,21.6,37.6,4368,37.6,T1_normal,line,115.0,25.30205637527795,False,False
4490,8063,8125,98.0,47.33316649908184,T1_normal,-94.63217766666666,31.621374,115.0,-94.63217766666666,31.621374,115.0,47.3,65.7,4353,54.9,T1_normal,line,115.0,0.0,False,False
4491,8144,8064,149.0,18.408290140493232,T1_normal,-96.329922,31.76524,115.0,-96.08704033333332,31.83128633333333,115.0,18.4,42.3,4504,22.9,T1_normal,line,115.0,14.975145654448752,False,False
4492,8065,8149,221.0,35.29791845978213,T1_normal,-96.1482745,32.142643,115.0,-96.1482745,32.142643,115.0,35.3,58.6,1748,19.1,T1_normal,line,115.0,0.0,False,False
4493,8065,8149,221.0,35.29791845978213,T1_normal,-96.1482745,32.142643,115.0,-96.1482745,32.142643,115.0,35.3,58.6,1748,19.1,T1_normal,line,115.0,0.0,False,False
4494,8065,8149,108.5,54.25567971160229,T1_normal,-96.1482745,32.142643,115.0,-96.1482745,32.142643,115.0,54.3,90.1,1748,29.3,T3_prevent,line,115.0,0.0,False,False
4495,12968,8065,240.9,152.12217247575327,T7_structural,-96.1482745,32.142643,20.0,-96.1482745,32.142643,115.0,152.1,152.1,-1,59.3,T7_structural,transformer,115.0,0.0,True,True
4496,12969,8065,99.1,185.98496934985985,T7_structural,-96.1482745,32.142643,20.0,-96.1482745,32.142643,115.0,186.0,186.0,3629,72.4,T7_structural,transformer,115.0,0.0,True,True
4497,8066,8093,149.0,19.09548136619813,T1_normal,-95.4621,33.21732,115.0,-94.857848,33.241961,115.0,19.1,41.0,4443,36.6,T1_normal,line,115.0,34.964710432159364,False,False
4498,8142,8066,206.0,34.936843469726455,T1_normal,-95.319229,33.201315,115.0,-95.4621,33.21732,115.0,34.9,90.1,4443,85.4,T3_prevent,line,115.0,8.332978001097931,False,False
4499,12929,8066,352.8,70.86167800453515,T1_normal,-95.4621,33.21732,20.0,-95.4621,33.21732,115.0,70.9,70.9,-1,66.2,T1_normal,transformer,115.0,0.0,False,False
4500,8068,8067,343.0,37.491366462758855,T1_normal,-96.202639,31.37571,230.0,-96.202639,31.37571,500.0,37.5,62.3,2486,71.1,T1_normal,transformer,500.0,0.0,False,False
4501,8068,8067,343.0,37.491366462758855,T1_normal,-96.202639,31.37571,230.0,-96.202639,31.37571,500.0,37.5,62.3,2486,71.1,T1_normal,transformer,500.0,0.0,False,False
4502,8070,8067,1254.5,50.51891531322276,T1_normal,-96.202639,31.37571,13.8,-96.202639,31.37571,500.0,50.5,50.5,1548,23.9,T1_normal,transformer,500.0,0.0,False,False
4503,8071,8067,1175.4,53.2829299337753,T1_normal,-96.202639,31.37571,13.8,-96.202639,31.37571,500.0,53.3,53.3,3629,25.5,T1_normal,transformer,500.0,0.0,False,False
4504,8069,8068,143.0,117.25051318685752,T5_moderate,-96.202639,31.37571,115.0,-96.202639,31.37571,230.0,117.3,161.8,4378,87.1,T7_structural,transformer,230.0,0.0,True,True
4505,8068,8083,673.0,21.035944273472552,T1_normal,-96.202639,31.37571,230.0,-96.4866,31.1803,230.0,21.0,37.8,2486,64.3,T1_normal,line,230.0,21.528455454838877,False,False
4506,8069,8103,149.0,80.3074320592202,T2_watch,-96.202639,31.37571,115.0,-96.202639,31.37571,115.0,80.3,139.9,4378,49.8,T6_heavy,line,115.0,0.0,True,True
4507,8069,8132,102.7,46.747965033074856,T1_normal,-96.202639,31.37571,115.0,-96.229757,31.4789,115.0,46.7,130.8,4353,83.9,T6_heavy,line,115.0,7.306885441467966,True,True
4508,8073,8108,98.0,24.40641647641824,T1_normal,-95.749061,32.880733,115.0,-95.994666,32.703269,115.0,24.4,63.9,4582,40.2,T1_normal,line,115.0,18.811056870796648,False,False
4509,8136,8073,98.0,19.84558244898253,T1_normal,-95.568154,32.925093,115.0,-95.749061,32.880733,115.0,19.8,50.8,4388,75.0,T1_normal,line,115.0,10.932991706605486,False,False
4510,8075,8074,550.0,22.05724469950453,T1_normal,-94.619743,32.017826,230.0,-94.619743,32.017826,500.0,22.1,56.0,4586,47.3,T1_normal,transformer,500.0,0.0,False,False
4511,8075,8074,550.0,22.05724469950453,T1_normal,-94.619743,32.017826,230.0,-94.619743,32.017826,500.0,22.1,56.0,4586,47.3,T1_normal,transformer,500.0,0.0,False,False
4512,8077,8074,468.0,0.0,T1_normal,-94.619743,32.017826,13.8,-94.619743,32.017826,500.0,0.0,0.0,-1,0.0,T1_normal,transformer,500.0,0.0,False,False
4513,8078,8074,204.8,70.1284959427206,T1_normal,-94.619743,32.017826,13.8,-94.619743,32.017826,500.0,70.1,70.2,3629,65.1,T1_normal,transformer,500.0,0.0,False,False
4514,8079,8074,218.2,61.10094209706551,T1_normal,-94.619743,32.017826,13.8,-94.619743,32.017826,500.0,61.1,61.1,1458,50.8,T1_normal,transformer,500.0,0.0,False,False
4515,8080,8074,228.9,61.937127662122734,T1_normal,-94.619743,32.017826,13.8,-94.619743,32.017826,500.0,61.9,61.9,1457,57.7,T1_normal,transformer,500.0,0.0,False,False
4516,8112,8074,2277.0,0.4158607561896109,T1_normal,-95.123407,31.9424935,500.0,-94.619743,32.017826,500.0,0.4,23.3,4586,22.4,T1_normal,line,500.0,29.973993107572195,False,False
4517,8074,12501,2277.0,9.951373562042749,T1_normal,-94.619743,32.017826,500.0,-94.5706,32.2606,500.0,10.0,32.0,4643,21.0,T1_normal,line,500.0,17.01887089493824,False,False
4518,8076,8075,320.0,35.521234635889826,T1_normal,-94.619743,32.017826,115.0,-94.619743,32.017826,230.0,35.5,42.3,4353,37.0,T1_normal,transformer,230.0,0.0,False,False
4519,8075,8097,740.0,6.215899634210777,T1_normal,-94.619743,32.017826,230.0,-94.87749,31.8141905,230.0,6.2,16.6,4586,14.0,T1_normal,line,230.0,20.65125043127057,False,False
4520,8075,8097,373.2,25.25864610544499,T1_normal,-94.619743,32.017826,230.0,-94.87749,31.8141905,230.0,25.3,67.3,4586,56.8,T1_normal,line,230.0,20.65125043127057,False,False
4521,8075,8113,478.7,2.3608071232459835,T1_normal,-94.619743,32.017826,230.0,-95.123407,31.9424935,230.0,2.4,23.4,4586,18.4,T1_normal,line,230.0,29.973993107572195,False,False
4522,8076,8119,221.0,25.716730958110382,T1_normal,-94.619743,32.017826,115.0,-94.7161785,32.082429000000005,115.0,25.7,44.0,4523,40.0,T1_normal,line,115.0,7.198568720576022,False,False
4523,8119,8076,221.0,25.716730958110382,T1_normal,-94.7161785,32.082429000000005,115.0,-94.619743,32.017826,115.0,25.7,44.0,4522,40.0,T1_normal,line,115.0,7.198568720576022,False,False
4524,8083,8082,1134.0,42.215703523007754,T1_normal,-96.4866,31.1803,230.0,-96.4866,31.1803,500.0,42.2,74.0,4527,58.2,T1_normal,transformer,500.0,0.0,False,False
4525,8087,8082,1073.7,61.81446338620194,T1_normal,-96.4866,31.1803,18.0,-96.4866,31.1803,500.0,61.8,61.8,26,32.6,T1_normal,transformer,500.0,0.0,False,False
4526,8088,8082,1115.4,63.1230475249077,T1_normal,-96.4866,31.1803,18.0,-96.4866,31.1803,500.0,63.1,63.1,0,40.8,T1_normal,transformer,500.0,0.0,False,False
4527,8155,8082,2768.0,28.455432867587565,T1_normal,-96.69503,31.091925,500.0,-96.4866,31.1803,500.0,28.5,40.9,4524,20.7,T1_normal,line,500.0,13.75615596841343,False,False
4528,8084,8083,184.8,35.56096246118871,T1_normal,-96.4866,31.1803,161.0,-96.4866,31.1803,230.0,35.6,69.1,4535,42.8,T1_normal,transformer,230.0,0.0,False,False
4529,8083,8139,719.5,26.640635121809108,T1_normal,-96.4866,31.1803,230.0,-96.307958,30.5895815,230.0,26.6,37.9,4630,49.2,T1_normal,line,230.0,42.16732996689656,False,False
4530,8083,8156,431.8,4.963410644656782,T1_normal,-96.4866,31.1803,230.0,-96.69503,31.091925,230.0,5.0,32.1,4524,44.5,T1_normal,line,230.0,13.75615596841343,False,False
4531,8083,8159,621.9,20.59998722974293,T1_normal,-96.4866,31.1803,230.0,-96.4032496,30.7142204,230.0,20.6,34.3,4630,44.5,T1_normal,line,230.0,32.579913386274,False,False
4532,8083,8159,621.9,20.59998722974293,T1_normal,-96.4866,31.1803,230.0,-96.4032496,30.7142204,230.0,20.6,34.3,4630,44.5,T1_normal,line,230.0,32.579913386274,False,False
4533,8083,8159,621.9,20.59998722974293,T1_normal,-96.4866,31.1803,230.0,-96.4032496,30.7142204,230.0,20.6,34.3,4630,44.5,T1_normal,line,230.0,32.579913386274,False,False
4534,8086,8084,205.0,4.828020670583603,T1_normal,-96.4866,31.1803,115.0,-96.4866,31.1803,161.0,4.8,44.6,4535,36.0,T1_normal,transformer,161.0,0.0,False,False
4535,8086,8102,218.0,60.84057338551536,T1_normal,-96.4866,31.1803,115.0,-96.66368,31.09828,115.0,60.8,82.3,4506,75.1,T2_watch,line,115.0,11.907304569125,False,False
4536,8089,8135,221.0,3.883627977686383,T1_normal,-95.28425288888889,32.35432222222222,115.0,-95.28425288888889,32.35432222222222,115.0,3.9,7.8,4639,8.4,T1_normal,line,115.0,0.0,False,False
4537,8089,8135,221.0,3.883627977686383,T1_normal,-95.28425288888889,32.35432222222222,115.0,-95.28425288888889,32.35432222222222,115.0,3.9,7.8,4639,8.4,T1_normal,line,115.0,0.0,False,False
4538,8090,8092,98.0,79.43941305689627,T1_normal,-95.58334,31.606693,115.0,-95.863721,31.557267,115.0,79.4,164.8,4353,60.3,T7_structural,line,115.0,16.853045437239143,True,True
4539,8151,8090,98.0,63.91900489363088,T1_normal,-95.481652,31.417425,115.0,-95.58334,31.606693,115.0,63.9,149.3,4353,44.8,T6_heavy,line,115.0,14.383837078397413,True,True
4540,8091,8109,262.0,27.53247958101538,T1_normal,-96.467327,31.896737,115.0,-95.8568275,32.169178,115.0,27.5,90.9,4466,84.6,T3_prevent,line,115.0,40.411300553289664,False,False
4541,12921,8091,321.0,77.88161993769471,T1_normal,-96.467327,31.896737,20.0,-96.467327,31.896737,115.0,77.9,77.9,1745,72.8,T1_normal,transformer,115.0,0.0,False,False
4542,8106,8093,150.0,15.003808882385291,T1_normal,-95.1026285,33.188059,115.0,-94.857848,33.241961,115.0,15.0,30.3,4604,27.6,T1_normal,line,115.0,14.631596765236663,False,False
4543,8093,8128,149.0,33.059047355176645,T1_normal,-94.857848,33.241961,115.0,-95.1026285,33.188059,115.0,33.1,50.7,4604,45.0,T1_normal,line,115.0,14.631596765236663,False,False
4544,8095,8094,317.0,49.73363633229541,T1_normal,-96.307958,30.5895815,115.0,-96.307958,30.5895815,230.0,49.7,73.9,4612,66.1,T1_normal,transformer,230.0,0.0,False,False
4545,8094,8139,548.0,7.78369059952377,T1_normal,-96.307958,30.5895815,230.0,-96.307958,30.5895815,230.0,7.8,18.5,4612,26.1,T1_normal,line,230.0,0.0,False,False
4546,8094,8139,424.3,9.446369042989645,T1_normal,-96.307958,30.5895815,230.0,-96.307958,30.5895815,230.0,9.4,22.4,4612,32.9,T1_normal,line,230.0,0.0,False,False
4547,8094,8159,548.0,14.384864304143845,T1_normal,-96.307958,30.5895815,230.0,-96.4032496,30.7142204,230.0,14.4,24.3,4435,33.3,T1_normal,line,230.0,10.307570364453252,False,False
4548,8094,8159,428.2,23.55499887592147,T1_normal,-96.307958,30.5895815,230.0,-96.4032496,30.7142204,230.0,23.6,39.8,4435,54.6,T1_normal,line,230.0,10.307570364453252,False,False
4549,8095,8140,250.0,4.3382508693507305,T1_normal,-96.307958,30.5895815,115.0,-96.307958,30.5895815,115.0,4.3,58.7,4544,58.7,T1_normal,line,115.0,0.0,False,False
4550,8096,8110,98.0,22.409239419961512,T1_normal,-95.854461,32.715013,115.0,-95.912936,32.989261,115.0,22.4,60.5,1722,84.4,T1_normal,line,115.0,19.25049416708239,False,False
4551,8096,8153,98.0,5.169224026765635,T1_normal,-95.854461,32.715013,115.0,-95.888865,32.518146,115.0,5.2,23.0,1722,43.2,T1_normal,line,115.0,13.748919181965809,False,False
4552,8096,8153,126.2,4.536620511356588,T1_normal,-95.854461,32.715013,115.0,-95.888865,32.518146,115.0,4.5,20.2,1722,34.4,T1_normal,line,115.0,13.748919181965809,False,False
4553,8098,8097,800.0,13.547090761389514,T1_normal,-94.87749,31.8141905,115.0,-94.87749,31.8141905,230.0,13.5,22.7,4554,19.3,T1_normal,transformer,230.0,0.0,False,False
4554,8098,8097,800.0,13.547090761389514,T1_normal,-94.87749,31.8141905,115.0,-94.87749,31.8141905,230.0,13.5,22.7,4553,19.3,T1_normal,transformer,230.0,0.0,False,False
4555,8099,8097,128.7,77.70007770007771,T1_normal,-94.87749,31.8141905,13.8,-94.87749,31.8141905,230.0,77.7,77.7,-1,76.2,T1_normal,transformer,230.0,0.0,False,False
4556,8097,8113,800.0,16.46895552176506,T1_normal,-94.87749,31.8141905,230.0,-95.123407,31.9424935,230.0,16.5,33.1,4557,31.6,T1_normal,line,230.0,16.93436426946038,False,False
4557,8097,8113,445.0,52.468298063936444,T1_normal,-94.87749,31.8141905,230.0,-95.123407,31.9424935,230.0,52.5,73.3,4556,70.0,T1_normal,line,230.0,16.93436426946038,False,False
4558,8100,8135,141.6,0.5388738749712144,T1_normal,-95.28425288888889,32.35432222222222,115.0,-95.28425288888889,32.35432222222222,115.0,0.5,7.7,4639,7.9,T1_normal,line,115.0,0.0,False,False
4559,8138,8100,111.0,12.023757868256125,T1_normal,-95.28425288888889,32.35432222222222,115.0,-95.28425288888889,32.35432222222222,115.0,12.0,22.3,4586,15.2,T1_normal,line,115.0,0.0,False,False
4560,8100,8154,116.2,9.667144725753992,T1_normal,-95.28425288888889,32.35432222222222,115.0,-95.28425288888889,32.35432222222222,115.0,9.7,25.2,4415,23.1,T1_normal,line,115.0,0.0,False,False
4561,8101,8137,98.0,8.755342410455427,T1_normal,-95.06209,31.61295,115.0,-95.126653,31.390774,115.0,8.8,24.8,4368,24.8,T1_normal,line,115.0,15.815220033656123,False,False
4562,8102,8157,149.0,4.195982221660389,T1_normal,-96.66368,31.09828,115.0,-96.69503,31.091925,115.0,4.2,10.4,4535,21.4,T1_normal,line,115.0,1.9061196350399785,False,False
4563,8102,8157,173.8,15.307724977074358,T1_normal,-96.66368,31.09828,115.0,-96.69503,31.091925,115.0,15.3,37.8,4535,78.1,T1_normal,line,115.0,1.9061196350399785,False,False
4564,8102,8157,173.8,15.307724977074358,T1_normal,-96.66368,31.09828,115.0,-96.69503,31.091925,115.0,15.3,37.8,4535,78.1,T1_normal,line,115.0,1.9061196350399785,False,False
4565,8102,12951,264.0,45.45454545454546,T1_normal,-96.66368,31.09828,115.0,-96.896708,31.037352,115.0,45.5,90.9,4566,84.9,T3_prevent,line,115.0,14.41950412747052,False,False
4566,8102,12951,264.0,45.45454545454546,T1_normal,-96.66368,31.09828,115.0,-96.896708,31.037352,115.0,45.5,90.9,4565,84.9,T3_prevent,line,115.0,14.41950412747052,False,False
4567,13103,8102,287.6,0.0,T1_normal,-96.66368,31.09828,20.0,-96.66368,31.09828,115.0,0.0,0.0,-1,0.0,T1_normal,transformer,115.0,0.0,False,False
4568,8106,8105,221.0,62.72352146524025,T1_normal,-95.1026285,33.188059,115.0,-95.1026285,33.188059,230.0,62.7,97.4,4603,80.8,T3_prevent,transformer,230.0,0.0,False,False
4569,8106,8105,221.0,62.72352146524025,T1_normal,-95.1026285,33.188059,115.0,-95.1026285,33.188059,230.0,62.7,97.4,4603,80.8,T3_prevent,transformer,230.0,0.0,False,False
4570,8105,8127,548.0,17.060131203688936,T1_normal,-95.1026285,33.188059,230.0,-95.1026285,33.188059,230.0,17.1,40.9,4571,34.7,T1_normal,line,230.0,0.0,False,False
4571,8105,8127,389.6,47.16335879880541,T1_normal,-95.1026285,33.188059,230.0,-95.1026285,33.188059,230.0,47.2,73.2,4603,60.8,T1_normal,line,230.0,0.0,False,False
4572,12828,8105,438.2,0.0,T1_normal,-95.1026285,33.188059,20.0,-95.1026285,33.188059,230.0,0.0,0.0,-1,0.0,T1_normal,transformer,230.0,0.0,False,False
4573,8142,8106,149.0,2.18201302691057,T1_normal,-95.319229,33.201315,115.0,-95.1026285,33.188059,115.0,2.2,19.0,4443,13.7,T1_normal,line,115.0,12.557065581944029,False,False
4574,8106,12912,194.0,38.45370155542559,T1_normal,-95.1026285,33.188059,115.0,-95.24810033333334,33.312846,115.0,38.5,95.0,5008,83.2,T3_prevent,line,115.0,12.04138372559942,False,False
4575,8106,13077,222.1,48.17984357981624,T1_normal,-95.1026285,33.188059,115.0,-95.24810033333334,33.312846,115.0,48.2,67.7,4576,61.7,T1_normal,line,115.0,12.04138372559942,False,False
4576,8106,13077,222.1,48.17984357981624,T1_normal,-95.1026285,33.188059,115.0,-95.24810033333334,33.312846,115.0,48.2,67.7,4575,61.7,T1_normal,line,115.0,12.04138372559942,False,False
4577,8106,13077,222.1,48.17984357981624,T1_normal,-95.1026285,33.188059,115.0,-95.24810033333334,33.312846,115.0,48.2,67.7,4575,61.7,T1_normal,line,115.0,12.04138372559942,False,False
4578,8128,8107,221.0,20.433818376638055,T1_normal,-95.1026285,33.188059,115.0,-95.197098,33.024442,115.0,20.4,40.2,4581,36.0,T1_normal,line,115.0,12.55776037055568,False,False
4579,8107,8142,151.0,50.06742959978408,T1_normal,-95.197098,33.024442,115.0,-95.319229,33.201315,115.0,50.1,82.0,4580,88.5,T2_watch,line,115.0,14.117632603377348,False,False
4580,8107,8142,151.0,50.06742959978408,T1_normal,-95.197098,33.024442,115.0,-95.319229,33.201315,115.0,50.1,82.0,4579,88.5,T2_watch,line,115.0,14.117632603377348,False,False
4581,8145,8107,250.0,38.733959511591216,T1_normal,-95.460935,33.01419,115.0,-95.197098,33.024442,115.0,38.7,50.9,4603,64.1,T1_normal,line,115.0,15.301663429245858,False,False
4582,8153,8108,186.0,45.192920545182986,T1_normal,-95.888865,32.518146,115.0,-95.994666,32.703269,115.0,45.2,56.6,1790,25.0,T1_normal,line,115.0,14.195966087356831,False,False
4583,8109,8123,98.0,79.25169694403147,T1_normal,-95.8568275,32.169178,115.0,-96.01423,32.12747,115.0,79.3,126.9,4470,74.9,T6_heavy,line,115.0,9.648477431831967,True,True
4584,8124,8110,111.0,34.775724893299426,T1_normal,-95.803234,33.098096,115.0,-95.912936,32.989261,115.0,34.8,68.4,1722,89.5,T1_normal,line,115.0,9.84472602901253,False,False
4585,8111,8125,221.0,0.5549788095476025,T1_normal,-94.737065,31.33610733333333,115.0,-94.63217766666666,31.621374,115.0,0.6,20.4,4490,20.4,T1_normal,line,115.0,20.656546270902123,False,False
4586,8113,8112,1290.0,52.103565392031975,T1_normal,-95.123407,31.9424935,230.0,-95.123407,31.9424935,500.0,52.1,60.7,4353,52.6,T1_normal,transformer,500.0,0.0,False,False
4587,8115,8112,765.1,42.58194303599111,T1_normal,-95.123407,31.9424935,13.8,-95.123407,31.9424935,500.0,42.6,42.6,21,4.6,T1_normal,transformer,500.0,0.0,False,False
4588,8116,8112,212.1,73.50635252183984,T1_normal,-95.123407,31.9424935,13.8,-95.123407,31.9424935,500.0,73.5,73.5,4479,61.3,T1_normal,transformer,500.0,0.0,False,False
4589,8114,8113,190.0,75.89741333169262,T1_normal,-95.123407,31.9424935,115.0,-95.123407,31.9424935,230.0,75.9,114.7,4474,88.7,T5_moderate,transformer,230.0,0.0,True,True
4590,8113,8133,750.0,7.126667785446242,T1_normal,-95.123407,31.9424935,230.0,-95.28425288888889,32.35432222222222,230.0,7.1,12.1,4608,8.6,T1_normal,line,230.0,29.970335042264708,False,False
4591,8113,8133,750.0,7.126667785446242,T1_normal,-95.123407,31.9424935,230.0,-95.28425288888889,32.35432222222222,230.0,7.1,12.1,4608,8.6,T1_normal,line,230.0,29.970335042264708,False,False
4592,8113,8133,382.2,11.641584821476869,T1_normal,-95.123407,31.9424935,230.0,-95.28425288888889,32.35432222222222,230.0,11.6,19.8,4608,14.0,T1_normal,line,230.0,29.970335042264708,False,False
4593,8121,8114,221.0,54.20592096389863,T1_normal,-95.123407,31.9424935,115.0,-95.123407,31.9424935,115.0,54.2,87.6,4474,65.2,T2_watch,line,115.0,0.0,False,False
4594,8118,8151,98.0,104.69147198016076,T4_light,-95.255739,31.188898,115.0,-95.481652,31.417425,115.0,104.7,275.6,4353,33.0,T7_structural,line,115.0,20.66870460118855,True,True
4595,8120,8122,98.0,32.77316717406665,T1_normal,-96.4032496,30.7142204,115.0,-96.4032496,30.7142204,115.0,32.8,64.3,4356,28.7,T1_normal,line,115.0,0.0,False,False
4596,8120,8140,170.0,25.4236553561435,T1_normal,-96.4032496,30.7142204,115.0,-96.307958,30.5895815,115.0,25.4,51.2,4356,24.4,T1_normal,line,115.0,10.307570364453252,False,False
4597,8120,8141,221.0,54.36964113434282,T1_normal,-96.4032496,30.7142204,115.0,-96.62542,30.881424,115.0,54.4,109.9,4356,17.8,T4_light,line,115.0,17.530957311942874,True,True
4598,8143,8120,221.0,34.95011026599545,T1_normal,-96.069829,30.705329,115.0,-96.4032496,30.7142204,115.0,35.0,61.1,4436,36.1,T1_normal,line,115.0,19.816266985946125,False,False
4599,8122,8160,113.3,51.85389344628972,T1_normal,-96.4032496,30.7142204,115.0,-96.4032496,30.7142204,115.0,51.9,72.5,4356,54.2,T1_normal,line,115.0,0.0,False,False
4600,8149,8123,98.0,97.13945204607238,T3_prevent,-96.1482745,32.142643,115.0,-96.01423,32.12747,115.0,97.1,144.7,4470,92.8,T6_heavy,line,115.0,7.912520381150244,True,True
4601,8127,8126,1175.0,20.492822339036337,T1_normal,-95.1026285,33.188059,230.0,-95.1026285,33.188059,500.0,20.5,38.6,4602,20.2,T1_normal,transformer,500.0,0.0,False,False
4602,8127,8126,1175.0,20.492822339036337,T1_normal,-95.1026285,33.188059,230.0,-95.1026285,33.188059,500.0,20.5,38.6,4601,20.2,T1_normal,transformer,500.0,0.0,False,False
4603,8128,8127,286.0,80.78011647105374,T2_watch,-95.1026285,33.188059,115.0,-95.1026285,33.188059,230.0,80.8,99.6,4568,87.4,T3_prevent,transformer,230.0,0.0,False,False
4604,8128,13077,220.0,62.09746087983204,T1_normal,-95.1026285,33.188059,115.0,-95.24810033333334,33.312846,115.0,62.1,76.9,4568,68.3,T1_normal,line,115.0,12.04138372559942,False,False
4605,8132,8144,149.0,50.3627279911345,T1_normal,-96.229757,31.4789,115.0,-96.329922,31.76524,115.0,50.4,99.0,4504,53.6,T3_prevent,line,115.0,20.64346767188296,False,False
4606,8134,8133,300.0,28.02161563710802,T1_normal,-95.28425288888889,32.35432222222222,115.0,-95.28425288888889,32.35432222222222,230.0,28.0,39.8,4607,41.9,T1_normal,transformer,230.0,0.0,False,False
4607,8134,8133,300.0,28.02161563710802,T1_normal,-95.28425288888889,32.35432222222222,115.0,-95.28425288888889,32.35432222222222,230.0,28.0,39.8,4606,41.9,T1_normal,transformer,230.0,0.0,False,False
4608,8133,8147,548.0,30.3749020744338,T1_normal,-95.28425288888889,32.35432222222222,230.0,-96.1482745,32.142643,230.0,30.4,43.3,4586,35.0,T1_normal,line,230.0,52.56529763331475,False,False
4609,8154,8135,149.0,8.507268652487339,T1_normal,-95.28425288888889,32.35432222222222,115.0,-95.28425288888889,32.35432222222222,115.0,8.5,25.2,4415,24.9,T1_normal,line,115.0,0.0,False,False
4610,8136,8145,166.0,54.62343299938445,T1_normal,-95.568154,32.925093,115.0,-95.460935,33.01419,115.0,54.6,72.9,4603,92.9,T1_normal,line,115.0,8.747895209121179,False,False
4611,8138,8146,216.0,17.99195303953957,T1_normal,-95.28425288888889,32.35432222222222,115.0,-94.7161785,32.082429000000005,115.0,18.0,28.0,4586,21.3,T1_normal,line,115.0,38.152468563603136,False,False
4612,8140,8139,365.0,58.0002863124866,T1_normal,-96.307958,30.5895815,115.0,-96.307958,30.5895815,230.0,58.0,81.8,4544,73.0,T2_watch,transformer,230.0,0.0,False,False
4613,8139,8159,430.4,36.29488679508032,T1_normal,-96.307958,30.5895815,230.0,-96.4032496,30.7142204,230.0,36.3,62.9,4435,81.4,T1_normal,line,230.0,10.307570364453252,False,False
4614,8140,8152,116.4,6.526595390352691,T1_normal,-96.307958,30.5895815,115.0,-96.4032496,30.7142204,115.0,6.5,45.0,4612,46.2,T1_normal,line,115.0,10.307570364453252,False,False
4615,12758,8142,372.7,0.0,T1_normal,-95.319229,33.201315,20.0,-95.319229,33.201315,115.0,0.0,0.0,-1,0.0,T1_normal,transformer,115.0,0.0,False,False
4616,12759,8142,121.6,59.375,T1_normal,-95.319229,33.201315,20.0,-95.319229,33.201315,115.0,59.4,59.4,3629,55.5,T1_normal,transformer,115.0,0.0,False,False
4617,8142,12912,137.1,23.811042490013165,T1_normal,-95.319229,33.201315,115.0,-95.24810033333334,33.312846,115.0,23.8,49.8,4445,56.6,T1_normal,line,115.0,8.733483838246249,False,False
4618,8143,12874,600.0,5.9484869442866755,T1_normal,-96.069829,30.705329,115.0,-96.069829,30.705329,500.0,5.9,35.0,4436,32.7,T1_normal,transformer,500.0,0.0,False,False
4619,8143,13008,232.4,44.807453682593845,T1_normal,-96.069829,30.705329,115.0,-96.091337,30.651189,115.0,44.8,90.4,4442,84.4,T3_prevent,line,115.0,3.9530703393095097,False,False
4620,8146,12500,293.0,22.788619634027132,T1_normal,-94.7161785,32.082429000000005,115.0,-94.5706,32.2606,115.0,22.8,37.1,4621,29.5,T1_normal,line,115.0,14.968011099370116,False,False
4621,8146,12500,293.0,22.788619634027132,T1_normal,-94.7161785,32.082429000000005,115.0,-94.5706,32.2606,115.0,22.8,37.1,4620,29.5,T1_normal,line,115.0,14.968011099370116,False,False
4622,8148,8147,201.3,28.60048871603368,T1_normal,-96.1482745,32.142643,161.0,-96.1482745,32.142643,230.0,28.6,47.7,4623,26.2,T1_normal,transformer,230.0,0.0,False,False
4623,8148,8147,201.3,28.60048871603368,T1_normal,-96.1482745,32.142643,161.0,-96.1482745,32.142643,230.0,28.6,47.7,4622,26.2,T1_normal,transformer,230.0,0.0,False,False
4624,12961,8147,310.2,163.8073293860803,T7_structural,-96.1482745,32.142643,20.0,-96.1482745,32.142643,230.0,163.8,163.8,3629,27.3,T7_structural,transformer,230.0,0.0,True,True
4625,8149,8148,254.0,47.12108231266723,T1_normal,-96.1482745,32.142643,115.0,-96.1482745,32.142643,161.0,47.1,87.8,1748,20.7,T2_watch,transformer,161.0,0.0,False,False
4626,8150,13393,124.5,21.40229449030276,T1_normal,-94.375214,31.138382,115.0,-94.1062,31.060893,115.0,21.4,41.8,4394,40.1,T1_normal,line,115.0,16.792143987898427,False,False
4627,8152,8160,221.0,15.664940651363205,T1_normal,-96.4032496,30.7142204,115.0,-96.4032496,30.7142204,115.0,15.7,32.5,4612,32.5,T1_normal,line,115.0,0.0,False,False
4628,8152,8160,221.0,15.664940651363205,T1_normal,-96.4032496,30.7142204,115.0,-96.4032496,30.7142204,115.0,15.7,32.5,4612,32.5,T1_normal,line,115.0,0.0,False,False
4629,8156,8155,500.0,19.56406568915467,T1_normal,-96.69503,31.091925,230.0,-96.69503,31.091925,500.0,19.6,40.7,4630,45.6,T1_normal,transformer,500.0,0.0,False,False
4630,8155,8158,2768.0,30.89174098324882,T1_normal,-96.69503,31.091925,500.0,-96.4032496,30.7142204,500.0,30.9,37.2,4524,46.6,T1_normal,line,500.0,31.309585347682585,False,False
4631,12776,8155,202.7,64.68465636579131,T1_normal,-96.69503,31.091925,20.0,-96.69503,31.091925,500.0,64.7,64.8,3629,46.9,T1_normal,transformer,500.0,0.0,False,False
4632,12777,8155,185.4,70.38463445157868,T1_normal,-96.69503,31.091925,20.0,-96.69503,31.091925,500.0,70.4,70.8,3629,51.4,T1_normal,transformer,500.0,0.0,False,False
4633,8157,8156,277.0,9.410220063108856,T1_normal,-96.69503,31.091925,115.0,-96.69503,31.091925,230.0,9.4,34.8,4535,70.6,T1_normal,transformer,230.0,0.0,False,False
4634,8156,8159,600.0,17.07577180949277,T1_normal,-96.69503,31.091925,230.0,-96.4032496,30.7142204,230.0,17.1,29.4,4630,40.4,T1_normal,line,230.0,31.309585347682585,False,False
4635,8159,8158,1204.0,16.92253287613266,T1_normal,-96.4032496,30.7142204,230.0,-96.4032496,30.7142204,500.0,16.9,49.3,4435,57.9,T1_normal,transformer,500.0,0.0,False,False
4636,13016,8158,165.1,66.57143183662274,T1_normal,-96.4032496,30.7142204,20.0,-96.4032496,30.7142204,500.0,66.6,66.6,4630,62.7,T1_normal,transformer,500.0,0.0,False,False
4637,8160,8159,377.0,29.08093550008647,T1_normal,-96.4032496,30.7142204,115.0,-96.4032496,30.7142204,230.0,29.1,41.2,4638,38.6,T1_normal,transformer,230.0,0.0,False,False
4638,8160,8159,377.0,29.08093550008647,T1_normal,-96.4032496,30.7142204,115.0,-96.4032496,30.7142204,230.0,29.1,41.2,4637,38.6,T1_normal,transformer,230.0,0.0,False,False
4639,12500,12501,800.0,16.692663881924872,T1_normal,-94.5706,32.2606,115.0,-94.5706,32.2606,500.0,16.7,23.7,4586,19.1,T1_normal,transformer,500.0,0.0,False,False
4640,12502,12501,1113.6,52.46690152979077,T1_normal,-94.5706,32.2606,20.0,-94.5706,32.2606,500.0,52.5,52.5,3629,19.8,T1_normal,transformer,500.0,0.0,False,False
4641,12503,12501,1217.0,48.31919093125962,T1_normal,-94.5706,32.2606,20.0,-94.5706,32.2606,500.0,48.3,48.3,8,19.0,T1_normal,transformer,500.0,0.0,False,False
4642,12504,12501,1070.8,54.273252197851114,T1_normal,-94.5706,32.2606,20.0,-94.5706,32.2606,500.0,54.3,54.3,3629,20.5,T1_normal,transformer,500.0,0.0,False,False
4643,12648,12501,2889.1,25.605418545123403,T1_normal,-95.41128715217393,29.77727818478261,500.0,-94.5706,32.2606,500.0,25.6,30.4,4644,38.4,T1_normal,line,500.0,178.655833768248,False,False
4644,12501,12715,2272.6,28.75885414738596,T1_normal,-94.5706,32.2606,500.0,-95.669493,33.1959495,500.0,28.8,37.9,4643,10.9,T1_normal,line,500.0,90.8636657517534,False,False
4645,12506,12505,516.9,55.33259920947812,T1_normal,-96.4916,32.7563,20.0,-96.4916,32.7563,500.0,55.3,55.3,4,17.1,T1_normal,transformer,500.0,0.0,False,False
4646,12507,12505,607.1,47.11154757268852,T1_normal,-96.4916,32.7563,20.0,-96.4916,32.7563,500.0,47.1,47.4,3629,14.5,T1_normal,transformer,500.0,0.0,False,False
4647,12508,12505,230.1,64.32893442435564,T1_normal,-96.4916,32.7563,20.0,-96.4916,32.7563,500.0,64.3,64.3,3629,51.3,T1_normal,transformer,500.0,0.0,False,False
4648,12509,12505,198.9,0.0,T1_normal,-96.4916,32.7563,20.0,-96.4916,32.7563,500.0,0.0,0.0,-1,0.0,T1_normal,transformer,500.0,0.0,False,False
4649,12510,12505,224.6,0.0,T1_normal,-96.4916,32.7563,20.0,-96.4916,32.7563,500.0,0.0,0.0,-1,0.0,T1_normal,transformer,500.0,0.0,False,False
4650,12511,12505,187.8,0.0,T1_normal,-96.4916,32.7563,20.0,-96.4916,32.7563,500.0,0.0,0.0,-1,0.0,T1_normal,transformer,500.0,0.0,False,False
4651,12512,12505,216.4,0.0,T1_normal,-96.4916,32.7563,20.0,-96.4916,32.7563,500.0,0.0,0.0,-1,0.0,T1_normal,transformer,500.0,0.0,False,False
4652,12513,12505,197.5,0.0,T1_normal,-96.4916,32.7563,20.0,-96.4916,32.7563,500.0,0.0,0.0,-1,0.0,T1_normal,transformer,500.0,0.0,False,False
4653,12505,12536,1980.5,20.876199357513773,T1_normal,-96.4916,32.7563,500.0,-96.5458,32.8358,500.0,20.9,31.1,2447,21.2,T1_normal,line,500.0,6.331081611012867,False,False
4654,12505,12715,2417.3,27.037344117548233,T1_normal,-96.4916,32.7563,500.0,-95.669493,33.1959495,500.0,27.0,35.7,4643,10.2,T1_normal,line,500.0,56.51033930578634,False,False
4655,12524,12523,978.7,61.21707421556492,T1_normal,-98.5093816037736,29.474642000000003,20.0,-98.5093816037736,29.474642000000003,500.0,61.2,61.3,3629,30.7,T1_normal,transformer,500.0,0.0,False,False
4656,12525,12523,837.3,47.16156281320567,T1_normal,-98.5093816037736,29.474642000000003,20.0,-98.5093816037736,29.474642000000003,500.0,47.2,47.2,3629,15.5,T1_normal,transformer,500.0,0.0,False,False
4657,12529,12528,647.1,48.33756221610209,T1_normal,-97.34008506896552,32.753233586206896,20.0,-97.34008506896552,32.753233586206896,500.0,48.3,48.3,1548,18.6,T1_normal,transformer,500.0,0.0,False,False
4658,12530,12528,552.1,56.65501994211132,T1_normal,-97.34008506896552,32.753233586206896,20.0,-97.34008506896552,32.753233586206896,500.0,56.7,56.7,2819,21.8,T1_normal,transformer,500.0,0.0,False,False
4659,12531,12528,543.0,0.617639350405119,T1_normal,-97.34008506896552,32.753233586206896,20.0,-97.34008506896552,32.753233586206896,500.0,0.6,0.6,-1,0.0,T1_normal,transformer,500.0,0.0,False,False
4660,12560,12535,2919.0,27.571304284583565,T1_normal,-98.3163296,26.4391468,500.0,-97.4230987368421,27.74350405263158,500.0,27.6,46.1,4680,35.1,T1_normal,line,500.0,105.55087258516788,False,False
4661,12565,12535,2919.0,29.737099058364763,T1_normal,-97.214167,28.7128,500.0,-97.4230987368421,27.74350405263158,500.0,29.7,42.9,4322,37.3,T1_normal,line,500.0,68.16964740160775,False,False
4662,12535,12566,2437.9,37.6917622634721,T1_normal,-97.4230987368421,27.74350405263158,500.0,-97.4230987368421,27.74350405263158,500.0,37.7,66.8,4663,54.3,T1_normal,line,500.0,0.0,False,False
4663,12535,12566,2437.9,37.6917622634721,T1_normal,-97.4230987368421,27.74350405263158,500.0,-97.4230987368421,27.74350405263158,500.0,37.7,66.8,4662,54.3,T1_normal,line,500.0,0.0,False,False
4664,12537,12536,708.7,48.08204106844656,T1_normal,-96.5458,32.8358,20.0,-96.5458,32.8358,500.0,48.1,48.1,28,5.6,T1_normal,transformer,500.0,0.0,False,False
4665,12538,12536,488.1,0.0,T1_normal,-96.5458,32.8358,20.0,-96.5458,32.8358,500.0,0.0,0.0,-1,0.0,T1_normal,transformer,500.0,0.0,False,False
4666,12545,12544,654.4,77.93398533007337,T1_normal,-95.967518,29.191296,20.0,-95.967518,29.191296,500.0,77.9,77.9,76,72.8,T1_normal,transformer,500.0,0.0,False,False
4667,12546,12544,405.5,0.0,T1_normal,-95.967518,29.191296,20.0,-95.967518,29.191296,500.0,0.0,0.0,-1,0.0,T1_normal,transformer,500.0,0.0,False,False
4668,12544,12880,2120.4,28.515712942819643,T1_normal,-95.967518,29.191296,500.0,-96.020566,29.225064,500.0,28.5,32.6,4226,29.3,T1_normal,line,500.0,3.959671829904408,False,False
4669,12548,12547,204.8,0.2468234890109794,T1_normal,-97.46203133333334,31.819786000000004,13.8,-97.46203133333334,31.819786000000004,500.0,0.2,0.2,1564,0.0,T1_normal,transformer,500.0,0.0,False,False
4670,12549,12547,200.4,74.22196850094265,T1_normal,-97.46203133333334,31.819786000000004,13.8,-97.46203133333334,31.819786000000004,500.0,74.2,74.3,3629,66.1,T1_normal,transformer,500.0,0.0,False,False
4671,12550,12547,209.9,0.2408263484967006,T1_normal,-97.46203133333334,31.819786000000004,13.8,-97.46203133333334,31.819786000000004,500.0,0.2,0.4,3629,0.0,T1_normal,transformer,500.0,0.0,False,False
4672,12551,12547,131.5,0.3844064680566602,T1_normal,-97.46203133333334,31.819786000000004,13.8,-97.46203133333334,31.819786000000004,500.0,0.4,0.4,3629,0.0,T1_normal,transformer,500.0,0.0,False,False
4673,12555,12556,800.0,70.29567922635715,T1_normal,-97.93385,33.07965,161.0,-97.93385,33.07965,500.0,70.3,90.8,2164,87.6,T3_prevent,transformer,500.0,0.0,False,False
4674,12557,12556,300.8,0.0,T1_normal,-97.93385,33.07965,20.0,-97.93385,33.07965,500.0,0.0,0.0,-1,0.0,T1_normal,transformer,500.0,0.0,False,False
4675,12558,12556,293.5,0.0,T1_normal,-97.93385,33.07965,20.0,-97.93385,33.07965,500.0,0.0,0.0,-1,0.0,T1_normal,transformer,500.0,0.0,False,False
4676,12559,12556,365.5,0.0,T1_normal,-97.93385,33.07965,20.0,-97.93385,33.07965,500.0,0.0,0.0,-1,0.0,T1_normal,transformer,500.0,0.0,False,False
4677,12561,12560,342.2,61.87024373920149,T1_normal,-98.3163296,26.4391468,20.0,-98.3163296,26.4391468,500.0,61.9,61.9,-1,49.7,T1_normal,transformer,500.0,0.0,False,False
4678,12562,12560,273.2,67.64820439918162,T1_normal,-98.3163296,26.4391468,20.0,-98.3163296,26.4391468,500.0,67.6,67.8,3629,49.5,T1_normal,transformer,500.0,0.0,False,False
4679,12563,12560,263.3,70.19175633063584,T1_normal,-98.3163296,26.4391468,20.0,-98.3163296,26.4391468,500.0,70.2,70.2,-1,51.3,T1_normal,transformer,500.0,0.0,False,False
4680,12560,12566,2919.0,31.76644971220298,T1_normal,-98.3163296,26.4391468,500.0,-97.4230987368421,27.74350405263158,500.0,31.8,47.7,4660,36.4,T1_normal,line,500.0,105.55087258516788,False,False
4681,12568,12567,245.4,0.4147561959391167,T1_normal,-94.945159,29.3895056,20.0,-94.945159,29.3895056,500.0,0.4,0.4,-1,0.0,T1_normal,transformer,500.0,0.0,False,False
4682,12569,12567,204.5,0.4977074351269401,T1_normal,-94.945159,29.3895056,20.0,-94.945159,29.3895056,500.0,0.5,0.6,3629,0.0,T1_normal,transformer,500.0,0.0,False,False
4683,12570,12567,188.8,0.5390951826454409,T1_normal,-94.945159,29.3895056,20.0,-94.945159,29.3895056,500.0,0.5,0.6,3629,0.0,T1_normal,transformer,500.0,0.0,False,False
4684,12571,12567,111.3,0.9144759252781604,T1_normal,-94.945159,29.3895056,20.0,-94.945159,29.3895056,500.0,0.9,1.1,3629,0.0,T1_normal,transformer,500.0,0.0,False,False
4685,12572,12567,102.9,0.9891270212192348,T1_normal,-94.945159,29.3895056,20.0,-94.945159,29.3895056,500.0,1.0,1.0,4687,0.0,T1_normal,transformer,500.0,0.0,False,False
4686,12567,12689,2270.5,5.501587425340022,T1_normal,-94.945159,29.3895056,500.0,-94.945159,29.3895056,500.0,5.5,10.0,4816,9.9,T1_normal,line,500.0,0.0,False,False
4687,12567,12699,2439.6,4.187888875223201,T1_normal,-94.945159,29.3895056,500.0,-94.943829,29.378697,500.0,4.2,9.5,4016,9.2,T1_normal,line,500.0,0.7510908571791242,False,False
4688,12573,12574,800.0,51.65427949826808,T1_normal,-96.087226,29.2829165,115.0,-96.087226,29.2829165,500.0,51.7,81.8,4168,74.9,T2_watch,transformer,500.0,0.0,False,False
4689,12575,12574,149.7,0.0,T1_normal,-96.087226,29.2829165,20.0,-96.087226,29.2829165,500.0,0.0,0.0,-1,0.0,T1_normal,transformer,500.0,0.0,False,False
4690,12576,12574,156.6,0.0,T1_normal,-96.087226,29.2829165,20.0,-96.087226,29.2829165,500.0,0.0,0.0,-1,0.0,T1_normal,transformer,500.0,0.0,False,False
4691,12577,12574,126.8,67.0347003154574,T1_normal,-96.087226,29.2829165,20.0,-96.087226,29.2829165,500.0,67.0,67.0,1458,65.0,T1_normal,transformer,500.0,0.0,False,False
4692,12578,12574,109.3,0.0,T1_normal,-96.087226,29.2829165,20.0,-96.087226,29.2829165,500.0,0.0,0.0,-1,0.0,T1_normal,transformer,500.0,0.0,False,False
4693,12579,12574,136.0,0.0,T1_normal,-96.087226,29.2829165,20.0,-96.087226,29.2829165,500.0,0.0,0.0,-1,0.0,T1_normal,transformer,500.0,0.0,False,False
4694,12580,12574,126.5,0.0,T1_normal,-96.087226,29.2829165,20.0,-96.087226,29.2829165,500.0,0.0,0.0,-1,0.0,T1_normal,transformer,500.0,0.0,False,False
4695,12574,12640,3108.0,59.44045204043917,T1_normal,-96.087226,29.2829165,500.0,-96.2086544,29.0561128,500.0,59.4,87.4,4774,80.9,T2_watch,line,500.0,17.29866183978989,False,False
4696,12581,12582,600.0,26.745112670216997,T1_normal,-101.9707005,34.487581000000006,161.0,-101.9707005,34.487581000000006,500.0,26.7,38.0,4704,36.1,T1_normal,transformer,500.0,0.0,False,False
4697,12581,12846,180.9,48.00975732522906,T1_normal,-101.9707005,34.487581000000006,161.0,-102.051944,34.511944,161.0,48.0,97.2,4703,75.6,T3_prevent,line,161.0,4.922942836758367,False,False
4698,12581,13038,297.0,40.14593884946342,T1_normal,-101.9707005,34.487581000000006,161.0,-101.9707005,34.487581000000006,161.0,40.1,72.6,4953,69.8,T1_normal,line,161.0,0.0,False,False
4699,12581,13057,222.7,15.082010656628135,T1_normal,-101.9707005,34.487581000000006,161.0,-102.2138885,34.734027999999995,161.0,15.1,39.4,668,33.6,T1_normal,line,161.0,21.93629385558545,False,False
4700,12581,13161,224.0,17.760594971824506,T1_normal,-101.9707005,34.487581000000006,161.0,-102.053717,34.378546,161.0,17.8,40.0,4954,37.8,T1_normal,line,161.0,8.89595512041334,False,False
4701,12581,13165,191.6,28.557159796731995,T1_normal,-101.9707005,34.487581000000006,161.0,-102.052422,34.769544,161.0,28.6,49.7,668,43.2,T1_normal,line,161.0,20.02834767147878,False,False
4702,12583,12582,730.3,82.15801725318363,T2_watch,-101.9707005,34.487581000000006,20.0,-101.9707005,34.487581000000006,500.0,82.2,82.2,-1,76.8,T2_watch,transformer,500.0,0.0,False,False
4703,12633,12582,2205.4,40.20178776946295,T1_normal,-101.59661,34.4067,500.0,-101.9707005,34.487581000000006,500.0,40.2,54.1,2463,51.4,T1_normal,line,500.0,22.035448893690575,False,False
4704,12582,12847,2092.0,6.029615269905887,T1_normal,-101.9707005,34.487581000000006,500.0,-102.051944,34.511944,500.0,6.0,27.8,4909,39.6,T1_normal,line,500.0,4.922942836758367,False,False
4705,12584,12585,691.0,3.5597708209869037,T1_normal,-96.2086544,29.0561128,115.0,-96.2086544,29.0561128,500.0,3.6,81.5,4709,75.5,T2_watch,transformer,500.0,0.0,False,False
4706,12584,12639,316.0,3.5651010392486144,T1_normal,-96.2086544,29.0561128,115.0,-96.2086544,29.0561128,115.0,3.6,81.6,4709,75.6,T2_watch,line,115.0,0.0,False,False
4707,12584,13234,375.0,3.5552792237314184,T1_normal,-96.2086544,29.0561128,115.0,-96.2086544,29.0561128,115.0,3.6,81.4,4709,75.4,T2_watch,line,115.0,0.0,False,False
4708,12586,12585,732.2,81.9448238186288,T2_watch,-96.2086544,29.0561128,20.0,-96.2086544,29.0561128,500.0,81.9,81.9,11,76.6,T2_watch,transformer,500.0,0.0,False,False
4709,12585,12640,2716.4,49.45202295958055,T1_normal,-96.2086544,29.0561128,500.0,-96.2086544,29.0561128,500.0,49.5,61.0,4325,56.4,T1_normal,line,500.0,0.0,False,False
4710,12590,12591,600.0,17.00884588813114,T1_normal,-96.93121275,31.43308425,161.0,-96.93121275,31.43308425,500.0,17.0,83.3,4713,77.9,T2_watch,transformer,500.0,0.0,False,False
4711,12590,12926,209.6,47.63425413185928,T1_normal,-96.93121275,31.43308425,161.0,-96.93121275,31.43308425,161.0,47.6,71.6,2322,119.4,T1_normal,line,161.0,0.0,False,False
4712,12592,12591,561.4,89.06305664410402,T2_watch,-96.93121275,31.43308425,20.0,-96.93121275,31.43308425,500.0,89.1,89.1,4168,83.2,T2_watch,transformer,500.0,0.0,False,False
4713,12591,12826,2033.5,29.60674085708308,T1_normal,-96.93121275,31.43308425,500.0,-96.84912,31.509216,500.0,29.6,36.1,2158,42.0,T1_normal,line,500.0,7.146629336766831,False,False
4714,12593,12594,600.0,42.55806827972701,T1_normal,-101.856375,31.1644605,115.0,-101.856375,31.1644605,230.0,42.6,45.9,4721,51.4,T1_normal,transformer,230.0,0.0,False,False
4715,12593,13155,189.0,45.44973544973555,T1_normal,-101.856375,31.1644605,115.0,-101.856375,31.1644605,115.0,45.4,90.9,4716,84.9,T3_prevent,line,115.0,0.0,False,False
4716,12593,13155,189.0,45.44973544973555,T1_normal,-101.856375,31.1644605,115.0,-101.856375,31.1644605,115.0,45.4,90.9,4715,84.9,T3_prevent,line,115.0,0.0,False,False
4717,12595,12594,520.6,86.34268152132151,T2_watch,-101.856375,31.1644605,20.0,-101.856375,31.1644605,230.0,86.3,86.4,3629,80.7,T2_watch,transformer,230.0,0.0,False,False
4718,12667,12594,542.8,34.59069690844194,T1_normal,-102.45323571428573,31.843002285714284,230.0,-101.856375,31.1644605,230.0,34.6,50.6,117,48.8,T1_normal,line,230.0,58.60295220120867,False,False
4719,12774,12594,447.8,52.51221043034982,T1_normal,-102.39869175,31.160862,230.0,-101.856375,31.1644605,230.0,52.5,63.7,4881,73.4,T1_normal,line,230.0,32.064830514746404,False,False
4720,12791,12594,405.4,33.414541074692,T1_normal,-101.214787,31.1946825,230.0,-101.856375,31.1644605,230.0,33.4,45.8,287,63.5,T1_normal,line,230.0,37.9838210123073,False,False
4721,12855,12594,597.6,58.77620356520502,T1_normal,-102.2726905,31.190672000000003,230.0,-101.856375,31.1644605,230.0,58.8,75.3,4722,95.5,T1_normal,line,230.0,24.676868743520707,False,False
4722,12855,12594,597.6,58.77620356520502,T1_normal,-102.2726905,31.190672000000003,230.0,-101.856375,31.1644605,230.0,58.8,75.3,4721,95.5,T1_normal,line,230.0,24.676868743520707,False,False
4723,12855,12594,597.6,58.77620356520502,T1_normal,-102.2726905,31.190672000000003,230.0,-101.856375,31.1644605,230.0,58.8,75.3,4721,95.5,T1_normal,line,230.0,24.676868743520707,False,False
4724,12597,12596,242.4,75.7529099556645,T1_normal,-95.733244,29.47971475,20.0,-95.733244,29.47971475,500.0,75.8,75.8,9,61.9,T1_normal,transformer,500.0,0.0,False,False
4725,12598,12596,241.7,0.0,T1_normal,-95.733244,29.47971475,20.0,-95.733244,29.47971475,500.0,0.0,0.0,-1,0.0,T1_normal,transformer,500.0,0.0,False,False
4726,12599,12596,198.7,0.0,T1_normal,-95.733244,29.47971475,20.0,-95.733244,29.47971475,500.0,0.0,0.0,-1,0.0,T1_normal,transformer,500.0,0.0,False,False
4727,12600,12601,600.0,49.31832352284508,T1_normal,-97.69946625,32.40925625,161.0,-97.69946625,32.40925625,500.0,49.3,76.1,1564,24.7,T1_normal,transformer,500.0,0.0,False,False
4728,12602,12601,388.5,0.6606782787480888,T1_normal,-97.69946625,32.40925625,20.0,-97.69946625,32.40925625,500.0,0.7,0.7,1699,0.0,T1_normal,transformer,500.0,0.0,False,False
4729,12603,12601,118.2,2.1715187080679565,T1_normal,-97.69946625,32.40925625,20.0,-97.69946625,32.40925625,500.0,2.2,2.2,2246,0.0,T1_normal,transformer,500.0,0.0,False,False
4730,12604,12601,117.8,2.1788922860240447,T1_normal,-97.69946625,32.40925625,20.0,-97.69946625,32.40925625,500.0,2.2,2.3,3629,0.0,T1_normal,transformer,500.0,0.0,False,False
4731,12605,12601,98.8,2.5979100333363836,T1_normal,-97.69946625,32.40925625,20.0,-97.69946625,32.40925625,500.0,2.6,2.6,1458,0.0,T1_normal,transformer,500.0,0.0,False,False
4732,12606,12601,92.1,2.7869002312012454,T1_normal,-97.69946625,32.40925625,20.0,-97.69946625,32.40925625,500.0,2.8,2.8,1698,0.0,T1_normal,transformer,500.0,0.0,False,False
4733,12609,12607,702.4,74.74373576309776,T1_normal,-100.69729,31.79261,20.0,-100.69729,31.79261,115.0,74.7,74.7,2,69.8,T1_normal,transformer,115.0,0.0,False,False
4734,12607,13280,164.1,53.8929035142188,T1_normal,-100.69729,31.79261,115.0,-100.825,31.888,115.0,53.9,68.6,4736,63.4,T1_normal,line,115.0,9.981610347578163,False,False
4735,12607,13280,164.1,53.8929035142188,T1_normal,-100.69729,31.79261,115.0,-100.825,31.888,115.0,53.9,68.6,4736,63.4,T1_normal,line,115.0,9.981610347578163,False,False
4736,12607,13413,211.5,54.86579837136836,T1_normal,-100.69729,31.79261,115.0,-100.98431625,31.875952,115.0,54.9,70.9,4737,66.7,T1_normal,line,115.0,17.805526553907185,False,False
4737,12607,13413,211.5,54.86579837136836,T1_normal,-100.69729,31.79261,115.0,-100.98431625,31.875952,115.0,54.9,70.9,4736,66.7,T1_normal,line,115.0,17.805526553907185,False,False
4738,12607,13413,211.5,54.86579837136836,T1_normal,-100.69729,31.79261,115.0,-100.98431625,31.875952,115.0,54.9,70.9,4736,66.7,T1_normal,line,115.0,17.805526553907185,False,False
4739,12614,12613,260.5,56.93114746237708,T1_normal,-98.3721,30.558,20.0,-98.3721,30.558,500.0,56.9,57.0,3629,36.3,T1_normal,transformer,500.0,0.0,False,False
4740,12615,12613,235.9,0.0,T1_normal,-98.3721,30.558,20.0,-98.3721,30.558,500.0,0.0,0.0,-1,0.0,T1_normal,transformer,500.0,0.0,False,False
4741,12616,12613,238.9,61.09873291149091,T1_normal,-98.3721,30.558,20.0,-98.3721,30.558,500.0,61.1,61.2,3629,45.5,T1_normal,transformer,500.0,0.0,False,False
4742,12617,12618,943.0,29.223598759578948,T1_normal,-102.2706,34.913,161.0,-102.2706,34.913,500.0,29.2,44.2,525,40.6,T1_normal,transformer,500.0,0.0,False,False
4743,12617,12837,278.0,5.987298957460331,T1_normal,-102.2706,34.913,161.0,-102.2138885,34.734027999999995,161.0,6.0,35.4,4742,40.4,T1_normal,line,161.0,12.777433576146258,False,False
4744,12617,13004,416.0,38.684211364267824,T1_normal,-102.2706,34.913,161.0,-102.315517,35.200164,161.0,38.7,90.6,525,84.9,T3_prevent,line,161.0,20.00331557784361,False,False
4745,12617,13057,368.0,19.40891546186601,T1_normal,-102.2706,34.913,161.0,-102.2138885,34.734027999999995,161.0,19.4,35.9,4945,33.9,T1_normal,line,161.0,12.777433576146258,False,False
4746,12617,13165,213.7,28.016892479902115,T1_normal,-102.2706,34.913,161.0,-102.052422,34.769544,161.0,28.0,40.7,5098,42.5,T1_normal,line,161.0,15.853224549207944,False,False
4747,12619,12618,595.9,86.4238966269508,T2_watch,-102.2706,34.913,20.0,-102.2706,34.913,500.0,86.4,86.5,3629,80.8,T2_watch,transformer,500.0,0.0,False,False
4748,12618,12838,1971.5,7.828141744215659,T1_normal,-102.2706,34.913,500.0,-102.2138885,34.734027999999995,500.0,7.8,32.6,668,35.4,T1_normal,line,500.0,12.777433576146258,False,False
4749,12618,12847,1971.5,8.779468013278574,T1_normal,-102.2706,34.913,500.0,-102.051944,34.511944,500.0,8.8,46.9,4909,61.9,T1_normal,line,500.0,30.36619926228548,False,False
4750,12618,12867,2219.1,36.47126914953819,T1_normal,-102.2706,34.913,500.0,-101.326111,35.093889,500.0,36.5,64.1,668,66.8,T1_normal,line,500.0,54.895927042911,False,False
4751,12620,12621,732.0,86.27576476967388,T2_watch,-97.2711,30.146700000000003,115.0,-97.2711,30.146700000000003,500.0,86.3,126.9,2877,53.5,T6_heavy,transformer,500.0,0.0,True,True
4752,12622,12621,236.7,481.52783000608224,T7_structural,-97.2711,30.146700000000003,20.0,-97.2711,30.146700000000003,500.0,481.5,481.5,0,44.4,T7_structural,transformer,500.0,0.0,True,True
4753,12623,12621,210.1,535.1637929940251,T7_structural,-97.2711,30.146700000000003,20.0,-97.2711,30.146700000000003,500.0,535.2,535.2,2,55.8,T7_structural,transformer,500.0,0.0,True,True
4754,12624,12621,233.7,462.1016521659316,T7_structural,-97.2711,30.146700000000003,20.0,-97.2711,30.146700000000003,500.0,462.1,462.1,17,0.0,T7_structural,transformer,500.0,0.0,True,True
4755,12621,12852,2277.2,90.53698137861464,T3_prevent,-97.2711,30.146700000000003,500.0,-97.270537,29.894053,500.0,90.5,132.4,2581,53.3,T6_heavy,line,500.0,17.456448168297975,True,True
4756,12629,12630,600.0,5.262808677050401,T1_normal,-101.2971195,30.742809,115.0,-101.2971195,30.742809,230.0,5.3,26.2,4761,27.8,T1_normal,transformer,230.0,0.0,False,False
4757,12629,12819,184.0,17.161332642555077,T1_normal,-101.2971195,30.742809,115.0,-101.9839414,30.8611026,115.0,17.2,85.4,4761,90.6,T2_watch,line,115.0,41.572704430709464,False,False
4758,12631,12630,695.5,88.2938640264365,T2_watch,-101.2971195,30.742809,20.0,-101.2971195,30.742809,230.0,88.3,88.3,4759,67.7,T2_watch,transformer,230.0,0.0,False,False
4759,12791,12630,757.0,49.789168176977626,T1_normal,-101.214787,31.1946825,230.0,-101.2971195,30.742809,230.0,49.8,103.2,4760,87.2,T4_light,line,230.0,31.60051321711837,True,True
4760,12630,12811,773.0,59.7927788098816,T1_normal,-101.2971195,30.742809,230.0,-101.214787,31.1946825,230.0,59.8,103.2,4759,87.2,T4_light,line,230.0,31.60051321711837,True,True
4761,12630,12820,496.0,39.00030381732614,T1_normal,-101.2971195,30.742809,230.0,-101.9839414,30.8611026,230.0,39.0,60.5,4921,60.5,T1_normal,line,230.0,41.572704430709464,False,False
4762,12632,12633,600.0,24.068563511891245,T1_normal,-101.59661,34.4067,161.0,-101.59661,34.4067,500.0,24.1,113.5,4767,80.7,T5_moderate,transformer,500.0,0.0,True,True
4763,12632,12807,348.0,22.98640266783934,T1_normal,-101.59661,34.4067,161.0,-101.381494,34.196962,161.0,23.0,140.6,4767,142.9,T6_heavy,line,161.0,18.993754095395417,True,False
4764,12632,12846,282.1,50.33777322817039,T1_normal,-101.59661,34.4067,161.0,-102.051944,34.511944,161.0,50.3,139.1,4703,104.3,T6_heavy,line,161.0,26.9403108807959,True,False
4765,12632,12846,282.1,50.33777322817039,T1_normal,-101.59661,34.4067,161.0,-102.051944,34.511944,161.0,50.3,139.1,4703,104.3,T6_heavy,line,161.0,26.9403108807959,True,False
4766,12634,12633,605.1,82.63097008758882,T2_watch,-101.59661,34.4067,20.0,-101.59661,34.4067,500.0,82.6,82.6,4767,77.2,T2_watch,transformer,500.0,0.0,False,False
4767,12633,12808,2205.4,56.32533084231368,T1_normal,-101.59661,34.4067,500.0,-101.381494,34.196962,500.0,56.3,71.0,2463,76.9,T1_normal,line,500.0,18.993754095395417,False,False
4768,12636,12637,600.0,51.508475080399776,T1_normal,-98.7321385,33.1268065,161.0,-98.7321385,33.1268065,500.0,51.5,136.5,1742,67.1,T6_heavy,transformer,500.0,0.0,True,True
4769,12638,12637,594.8,380.89352137578817,T7_structural,-98.7321385,33.1268065,20.0,-98.7321385,33.1268065,500.0,380.9,380.9,3629,78.5,T7_structural,transformer,500.0,0.0,True,True
4770,12676,12637,2109.1,33.89889003752497,T1_normal,-99.37463133333334,33.20651766666666,500.0,-98.7321385,33.1268065,500.0,33.9,68.6,1742,85.2,T1_normal,line,500.0,37.566025714987944,False,False
4771,12639,12640,691.0,3.5597708209866465,T1_normal,-96.2086544,29.0561128,115.0,-96.2086544,29.0561128,500.0,3.6,81.5,4709,75.5,T2_watch,transformer,500.0,0.0,False,False
4772,12639,13234,375.0,3.5552792237316075,T1_normal,-96.2086544,29.0561128,115.0,-96.2086544,29.0561128,115.0,3.6,81.4,4709,75.4,T2_watch,line,115.0,0.0,False,False
4773,12641,12640,716.4,69.79341150195422,T1_normal,-96.2086544,29.0561128,20.0,-96.2086544,29.0561128,500.0,69.8,69.8,4462,65.4,T1_normal,transformer,500.0,0.0,False,False
4774,12696,12640,2822.0,64.06474636213225,T1_normal,-95.785914,29.3459875,500.0,-96.2086544,29.0561128,500.0,64.1,81.2,4695,73.2,T2_watch,line,500.0,32.4226701714154,False,False
4775,12647,12646,731.4,67.21356302980581,T1_normal,-99.9360515,31.18751,20.0,-99.9360515,31.18751,230.0,67.2,67.5,3629,63.2,T1_normal,transformer,230.0,0.0,False,False
4776,12656,12646,695.0,55.37613332827778,T1_normal,-99.1872,31.5481,230.0,-99.9360515,31.18751,230.0,55.4,72.3,4777,84.2,T1_normal,line,230.0,50.719750230547234,False,False
4777,12656,12646,695.0,55.37613332827778,T1_normal,-99.1872,31.5481,230.0,-99.9360515,31.18751,230.0,55.4,72.3,4776,84.2,T1_normal,line,230.0,50.719750230547234,False,False
4778,12649,12648,114.7,1.7987492529065572,T1_normal,-95.41128715217393,29.77727818478261,20.0,-95.41128715217393,29.77727818478261,500.0,1.8,2.0,3629,0.0,T1_normal,transformer,500.0,0.0,False,False
4779,12650,12648,115.9,1.7801254470093366,T1_normal,-95.41128715217393,29.77727818478261,20.0,-95.41128715217393,29.77727818478261,500.0,1.8,2.0,3629,0.0,T1_normal,transformer,500.0,0.0,False,False
4780,12651,12648,86.4,2.38792290866183,T1_normal,-95.41128715217393,29.77727818478261,20.0,-95.41128715217393,29.77727818478261,500.0,2.4,2.4,-1,0.0,T1_normal,transformer,500.0,0.0,False,False
4781,12652,12648,90.9,2.269708903282482,T1_normal,-95.41128715217393,29.77727818478261,20.0,-95.41128715217393,29.77727818478261,500.0,2.3,2.6,3629,0.0,T1_normal,transformer,500.0,0.0,False,False
4782,12653,12648,85.7,2.4074275298527152,T1_normal,-95.41128715217393,29.77727818478261,20.0,-95.41128715217393,29.77727818478261,500.0,2.4,2.4,4462,0.0,T1_normal,transformer,500.0,0.0,False,False
4783,12654,12648,93.9,2.197194241835758,T1_normal,-95.41128715217393,29.77727818478261,20.0,-95.41128715217393,29.77727818478261,500.0,2.2,2.3,3629,0.0,T1_normal,transformer,500.0,0.0,False,False
4784,12655,12648,91.1,2.2647260077758253,T1_normal,-95.41128715217393,29.77727818478261,20.0,-95.41128715217393,29.77727818478261,500.0,2.3,2.4,3629,0.0,T1_normal,transformer,500.0,0.0,False,False
4785,12648,12743,2116.0,15.712558955096329,T1_normal,-95.41128715217393,29.77727818478261,500.0,-95.069071,29.842662,500.0,15.7,25.5,3671,30.1,T1_normal,line,500.0,21.00785627021086,False,False
4786,12657,12656,436.4,73.32722273143904,T1_normal,-99.1872,31.5481,20.0,-99.1872,31.5481,230.0,73.3,73.3,1917,68.7,T1_normal,transformer,230.0,0.0,False,False
4787,12658,12656,230.7,69.35413957520589,T1_normal,-99.1872,31.5481,20.0,-99.1872,31.5481,230.0,69.4,69.4,3629,64.9,T1_normal,transformer,230.0,0.0,False,False
4788,12656,13429,1608.0,44.631394304292854,T1_normal,-99.1872,31.5481,230.0,-99.1872,31.5481,500.0,44.6,67.4,4789,91.2,T1_normal,transformer,500.0,0.0,False,False
4789,12656,13429,1608.0,44.631394304292854,T1_normal,-99.1872,31.5481,230.0,-99.1872,31.5481,500.0,44.6,67.4,4788,91.2,T1_normal,transformer,500.0,0.0,False,False
4790,12661,12659,486.8,89.46635927832115,T2_watch,-100.94008825,32.806441125,20.0,-100.94008825,32.806441125,115.0,89.5,89.6,3629,61.4,T2_watch,transformer,115.0,0.0,False,False
4791,12662,12659,231.6,94.02466255761384,T3_prevent,-100.94008825,32.806441125,20.0,-100.94008825,32.806441125,115.0,94.0,94.0,614,64.6,T3_prevent,transformer,115.0,0.0,False,False
4792,12659,12897,264.0,82.48527215281459,T2_watch,-100.94008825,32.806441125,115.0,-100.94008825,32.806441125,115.0,82.5,123.7,4793,84.9,T5_moderate,line,115.0,0.0,True,True
4793,12659,12897,264.0,82.48527215281459,T2_watch,-100.94008825,32.806441125,115.0,-100.94008825,32.806441125,115.0,82.5,123.7,4792,84.9,T5_moderate,line,115.0,0.0,True,True
4794,12659,12897,264.0,82.48527215281459,T2_watch,-100.94008825,32.806441125,115.0,-100.94008825,32.806441125,115.0,82.5,123.7,4792,84.9,T5_moderate,line,115.0,0.0,True,True
4795,12663,12664,600.0,3.4260154413722437,T1_normal,-100.94008825,32.806441125,115.0,-100.94008825,32.806441125,230.0,3.4,88.8,4800,64.5,T2_watch,transformer,230.0,0.0,False,False
4796,12663,12897,356.0,0.7078760342306407,T1_normal,-100.94008825,32.806441125,115.0,-100.94008825,32.806441125,115.0,0.7,121.0,4991,94.1,T5_moderate,line,115.0,0.0,True,True
4797,12663,13403,145.5,1.8787666656181372,T1_normal,-100.94008825,32.806441125,115.0,-100.94008825,32.806441125,115.0,1.9,70.3,4800,63.8,T1_normal,line,115.0,0.0,False,False
4798,12665,12664,376.7,83.56299831195211,T2_watch,-100.94008825,32.806441125,20.0,-100.94008825,32.806441125,230.0,83.6,83.6,3629,0.0,T2_watch,transformer,230.0,0.0,False,False
4799,12666,12664,211.7,102.8630696662417,T4_light,-100.94008825,32.806441125,20.0,-100.94008825,32.806441125,230.0,102.9,102.9,70,70.7,T4_light,transformer,230.0,0.0,True,True
4800,12664,12788,595.0,92.9578194576122,T3_prevent,-100.94008825,32.806441125,230.0,-101.83586283333334,32.75809566666667,230.0,93.0,145.3,4991,90.1,T6_heavy,line,230.0,52.142286980068505,True,True
4801,12668,12667,136.5,1.5218098509619258,T1_normal,-102.45323571428573,31.843002285714284,20.0,-102.45323571428573,31.843002285714284,230.0,1.5,1.6,3629,0.0,T1_normal,transformer,230.0,0.0,False,False
4802,12669,12667,161.2,59.56745009518425,T1_normal,-102.45323571428573,31.843002285714284,20.0,-102.45323571428573,31.843002285714284,230.0,59.6,59.6,3629,59.2,T1_normal,transformer,230.0,0.0,False,False
4803,12670,12667,101.9,66.65626060199901,T1_normal,-102.45323571428573,31.843002285714284,20.0,-102.45323571428573,31.843002285714284,230.0,66.7,66.7,3629,67.7,T1_normal,transformer,230.0,0.0,False,False
4804,12671,12667,88.5,76.7488469530362,T1_normal,-102.45323571428573,31.843002285714284,20.0,-102.45323571428573,31.843002285714284,230.0,76.7,76.8,3629,78.0,T1_normal,transformer,230.0,0.0,False,False
4805,12672,12667,103.3,63.816775947180055,T1_normal,-102.45323571428573,31.843002285714284,20.0,-102.45323571428573,31.843002285714284,230.0,63.8,63.9,3629,65.0,T1_normal,transformer,230.0,0.0,False,False
4806,12673,12667,91.3,72.20452305962436,T1_normal,-102.45323571428573,31.843002285714284,20.0,-102.45323571428573,31.843002285714284,230.0,72.2,72.2,11,73.6,T1_normal,transformer,230.0,0.0,False,False
4807,12667,12680,404.6,3.377736742373351,T1_normal,-102.45323571428573,31.843002285714284,230.0,-102.7719682,32.2803608,230.0,3.4,11.1,226,7.2,T1_normal,line,230.0,35.51770107533843,False,False
4808,12667,12804,452.0,3.694609690509432,T1_normal,-102.45323571428573,31.843002285714284,230.0,-102.7069445,32.0320835,230.0,3.7,8.5,226,5.3,T1_normal,line,230.0,19.798474618358963,False,False
4809,12677,12676,468.1,74.81307412945951,T1_normal,-99.37463133333334,33.20651766666666,20.0,-99.37463133333334,33.20651766666666,500.0,74.8,74.8,13,69.9,T1_normal,transformer,500.0,0.0,False,False
4810,12678,12676,164.4,0.0,T1_normal,-99.37463133333334,33.20651766666666,20.0,-99.37463133333334,33.20651766666666,500.0,0.0,0.0,-1,0.0,T1_normal,transformer,500.0,0.0,False,False
4811,12679,12680,600.0,10.481659198826538,T1_normal,-102.7719682,32.2803608,115.0,-102.7719682,32.2803608,230.0,10.5,22.5,4899,18.3,T1_normal,transformer,230.0,0.0,False,False
4812,12679,12803,129.8,34.14863849879331,T1_normal,-102.7719682,32.2803608,115.0,-102.7069445,32.0320835,115.0,34.1,89.8,4899,84.4,T2_watch,line,115.0,17.571106030675807,False,False
4813,12681,12680,639.0,65.22242573527865,T1_normal,-102.7719682,32.2803608,20.0,-102.7719682,32.2803608,230.0,65.2,65.3,3629,61.4,T1_normal,transformer,230.0,0.0,False,False
4814,12680,12804,368.2,6.870842141644414,T1_normal,-102.7719682,32.2803608,230.0,-102.7069445,32.0320835,230.0,6.9,26.9,356,27.9,T1_normal,line,230.0,17.571106030675807,False,False
4815,12680,12823,495.5,4.884088028841943,T1_normal,-102.7719682,32.2803608,230.0,-102.7719682,32.2803608,230.0,4.9,9.2,4923,6.2,T1_normal,line,230.0,0.0,False,False
4816,12699,12689,2290.2,4.7926510883545665,T1_normal,-94.943829,29.378697,500.0,-94.945159,29.3895056,500.0,4.8,9.9,4686,9.8,T1_normal,line,500.0,0.7510908571791242,False,False
4817,12761,12689,2017.9,1.892286121158151,T1_normal,-94.98483,29.49233,500.0,-94.945159,29.3895056,500.0,1.9,16.1,3365,16.1,T1_normal,line,500.0,7.494853138132569,False,False
4818,12690,12691,600.0,22.948099710080072,T1_normal,-95.745,29.0728,115.0,-95.745,29.0728,500.0,22.9,42.7,3430,34.2,T1_normal,transformer,500.0,0.0,False,False
4819,12690,13097,182.9,16.48992361123555,T1_normal,-95.745,29.0728,115.0,-95.718793,29.017466,115.0,16.5,30.1,3430,24.2,T1_normal,line,115.0,4.138022161235755,False,False
4820,12690,13097,182.9,16.48992361123555,T1_normal,-95.745,29.0728,115.0,-95.718793,29.017466,115.0,16.5,30.1,3430,24.2,T1_normal,line,115.0,4.138022161235755,False,False
4821,12690,13333,144.4,21.127584291178575,T1_normal,-95.745,29.0728,115.0,-95.68083125,29.15439325,115.0,21.1,67.3,4668,56.2,T1_normal,line,115.0,6.84008680757773,False,False
4822,12690,13402,122.7,27.398828312867533,T1_normal,-95.745,29.0728,115.0,-95.718793,29.017466,115.0,27.4,52.6,5144,39.8,T1_normal,line,115.0,4.138022161235755,False,False
4823,12692,12691,137.9,79.04278462654099,T1_normal,-95.745,29.0728,20.0,-95.745,29.0728,500.0,79.0,79.0,26,78.1,T1_normal,transformer,500.0,0.0,False,False
4824,12693,12691,170.8,0.0,T1_normal,-95.745,29.0728,20.0,-95.745,29.0728,500.0,0.0,0.0,-1,0.0,T1_normal,transformer,500.0,0.0,False,False
4825,12694,12691,173.3,0.0,T1_normal,-95.745,29.0728,20.0,-95.745,29.0728,500.0,0.0,0.0,-1,0.0,T1_normal,transformer,500.0,0.0,False,False
4826,12695,12691,141.4,0.0,T1_normal,-95.745,29.0728,20.0,-95.745,29.0728,500.0,0.0,0.0,-1,0.0,T1_normal,transformer,500.0,0.0,False,False
4827,12697,12696,632.0,0.0,T1_normal,-95.785914,29.3459875,20.0,-95.785914,29.3459875,500.0,0.0,0.0,-1,0.0,T1_normal,transformer,500.0,0.0,False,False
4828,12700,12699,200.0,0.0,T1_normal,-94.943829,29.378697,20.0,-94.943829,29.378697,500.0,0.0,0.0,-1,0.0,T1_normal,transformer,500.0,0.0,False,False
4829,12701,12699,120.1,76.60283097418818,T1_normal,-94.943829,29.378697,20.0,-94.943829,29.378697,500.0,76.6,76.6,4018,75.1,T1_normal,transformer,500.0,0.0,False,False
4830,12702,12699,130.0,70.76923076923077,T1_normal,-94.943829,29.378697,20.0,-94.943829,29.378697,500.0,70.8,70.8,76,69.4,T1_normal,transformer,500.0,0.0,False,False
4831,12703,12699,124.5,0.0,T1_normal,-94.943829,29.378697,20.0,-94.943829,29.378697,500.0,0.0,0.0,-1,0.0,T1_normal,transformer,500.0,0.0,False,False
4832,12705,12704,282.2,60.64777707790631,T1_normal,-95.41128715217393,29.77727818478261,20.0,-95.41128715217393,29.77727818478261,500.0,60.6,60.6,0,40.6,T1_normal,transformer,500.0,0.0,False,False
4833,12706,12704,286.0,59.841967452395664,T1_normal,-95.41128715217393,29.77727818478261,20.0,-95.41128715217393,29.77727818478261,500.0,59.8,59.8,9,40.0,T1_normal,transformer,500.0,0.0,False,False
4834,12710,12709,410.4,48.74986557738596,T1_normal,-97.13581333333332,33.210620166666665,20.0,-97.13581333333332,33.210620166666665,500.0,48.7,48.7,12,0.0,T1_normal,transformer,500.0,0.0,False,False
4835,12711,12709,153.7,88.8064794137391,T2_watch,-97.13581333333332,33.210620166666665,20.0,-97.13581333333332,33.210620166666665,500.0,88.8,88.8,3629,76.0,T2_watch,transformer,500.0,0.0,False,False
4836,12713,12712,613.7,0.0,T1_normal,-96.818676,31.710422,20.0,-96.818676,31.710422,500.0,0.0,0.0,-1,0.0,T1_normal,transformer,500.0,0.0,False,False
4837,12712,12829,1914.5,7.775643809357953,T1_normal,-96.818676,31.710422,500.0,-96.828196,31.77471,500.0,7.8,9.8,2160,17.3,T1_normal,line,500.0,4.477005256378481,False,False
4838,12716,12715,453.0,0.0,T1_normal,-95.669493,33.1959495,20.0,-95.669493,33.1959495,500.0,0.0,0.0,-1,0.0,T1_normal,transformer,500.0,0.0,False,False
4839,12717,12715,161.5,0.0,T1_normal,-95.669493,33.1959495,20.0,-95.669493,33.1959495,500.0,0.0,0.0,-1,0.0,T1_normal,transformer,500.0,0.0,False,False
4840,12718,12719,600.0,49.85528762287241,T1_normal,-101.64011833333332,32.67313766666667,115.0,-101.64011833333332,32.67313766666667,230.0,49.9,56.3,181,52.1,T1_normal,transformer,230.0,0.0,False,False
4841,12718,13002,199.6,54.10576718058854,T1_normal,-101.64011833333332,32.67313766666667,115.0,-101.83586283333334,32.75809566666667,115.0,54.1,72.0,184,67.0,T1_normal,line,115.0,12.804123661456469,False,False
4842,12718,13230,207.0,61.42854274206479,T1_normal,-101.64011833333332,32.67313766666667,115.0,-101.64011833333332,32.67313766666667,115.0,61.4,90.3,4843,84.2,T3_prevent,line,115.0,0.0,False,False
4843,12718,13230,207.0,61.42854274206479,T1_normal,-101.64011833333332,32.67313766666667,115.0,-101.64011833333332,32.67313766666667,115.0,61.4,90.3,4842,84.2,T3_prevent,line,115.0,0.0,False,False
4844,12720,12719,515.4,77.60962359332558,T1_normal,-101.64011833333332,32.67313766666667,20.0,-101.64011833333332,32.67313766666667,230.0,77.6,77.6,4,72.5,T1_normal,transformer,230.0,0.0,False,False
4845,12719,12788,450.3,38.62643723712682,T1_normal,-101.64011833333332,32.67313766666667,230.0,-101.83586283333334,32.75809566666667,230.0,38.6,56.4,371,48.7,T1_normal,line,230.0,12.804123661456469,False,False
4846,12722,12721,92.9,28.38829063715733,T1_normal,-100.890668,32.313261999999995,20.0,-100.890668,32.313261999999995,230.0,28.4,28.6,3629,32.3,T1_normal,transformer,230.0,0.0,False,False
4847,12723,12721,100.5,26.24151442977039,T1_normal,-100.890668,32.313261999999995,20.0,-100.890668,32.313261999999995,230.0,26.2,26.2,1029,29.9,T1_normal,transformer,230.0,0.0,False,False
4848,12724,12721,106.6,25.01563477173231,T1_normal,-100.890668,32.313261999999995,20.0,-100.890668,32.313261999999995,230.0,25.0,25.1,3629,0.0,T1_normal,transformer,230.0,0.0,False,False
4849,12725,12721,98.3,26.195356888796702,T1_normal,-100.890668,32.313261999999995,20.0,-100.890668,32.313261999999995,230.0,26.2,26.2,3629,30.6,T1_normal,transformer,230.0,0.0,False,False
4850,12726,12721,95.1,26.422029065673136,T1_normal,-100.890668,32.313261999999995,20.0,-100.890668,32.313261999999995,230.0,26.4,26.5,3629,31.5,T1_normal,transformer,230.0,0.0,False,False
4851,12727,12721,110.0,22.843045128595556,T1_normal,-100.890668,32.313261999999995,20.0,-100.890668,32.313261999999995,230.0,22.8,22.8,754,27.5,T1_normal,transformer,230.0,0.0,False,False
4852,12729,12728,179.8,72.00929236554194,T1_normal,-96.452481,33.068055,20.0,-96.452481,33.068055,500.0,72.0,72.0,-1,60.9,T1_normal,transformer,500.0,0.0,False,False
4853,12730,12728,157.4,0.0,T1_normal,-96.452481,33.068055,20.0,-96.452481,33.068055,500.0,0.0,0.0,-1,0.0,T1_normal,transformer,500.0,0.0,False,False
4854,12731,12728,115.5,0.0,T1_normal,-96.452481,33.068055,20.0,-96.452481,33.068055,500.0,0.0,0.0,-1,0.0,T1_normal,transformer,500.0,0.0,False,False
4855,12732,12728,125.3,0.0,T1_normal,-96.452481,33.068055,20.0,-96.452481,33.068055,500.0,0.0,0.0,-1,0.0,T1_normal,transformer,500.0,0.0,False,False
4856,12735,12736,1195.0,5.514115574975016,T1_normal,-99.091918,33.9776965,161.0,-99.091918,33.9776965,500.0,5.5,74.8,2463,83.9,T1_normal,transformer,500.0,0.0,False,False
4857,12735,13041,582.0,13.713552828419513,T1_normal,-99.091918,33.9776965,161.0,-99.2898065,33.642922,161.0,13.7,61.7,2463,76.3,T1_normal,line,161.0,25.770200533958636,False,False
4858,12735,13135,398.0,14.487135998870214,T1_normal,-99.091918,33.9776965,161.0,-99.4499348,34.1610722,161.0,14.5,43.0,2463,63.2,T1_normal,line,161.0,24.09177415527052,False,False
4859,12737,12736,539.0,71.902060284233,T1_normal,-99.091918,33.9776965,20.0,-99.091918,33.9776965,500.0,71.9,71.9,2463,63.6,T1_normal,transformer,500.0,0.0,False,False
4860,12746,12747,600.0,0.0,T1_normal,-96.141572,29.159228,115.0,-96.141572,29.159228,500.0,0.0,0.0,-1,0.0,T1_normal,transformer,500.0,0.0,False,False
4861,12746,13163,187.5,0.0,T1_normal,-96.141572,29.159228,115.0,-96.2086544,29.0561128,115.0,0.0,0.0,-1,0.0,T1_normal,line,115.0,8.1951299326255,False,False
4862,12748,12747,539.3,0.0,T1_normal,-96.141572,29.159228,20.0,-96.141572,29.159228,500.0,0.0,0.0,-1,0.0,T1_normal,transformer,500.0,0.0,False,False
4863,12750,12749,456.2,0.0,T1_normal,-95.2783065,29.276466,20.0,-95.2783065,29.276466,500.0,0.0,0.0,-1,0.0,T1_normal,transformer,500.0,0.0,False,False
4864,12749,12861,2112.2,5.825822911162744,T1_normal,-95.2783065,29.276466,500.0,-95.43283075,29.2128395,500.0,5.8,12.7,4961,12.3,T1_normal,line,500.0,10.301079220192364,False,False
4865,12751,12752,600.0,5.55923127393972,T1_normal,-101.65722,33.303497,115.0,-101.65722,33.303497,230.0,5.6,30.4,4914,66.5,T1_normal,transformer,230.0,0.0,False,False
4866,12751,13270,423.0,7.885434431120571,T1_normal,-101.65722,33.303497,115.0,-101.8383465,33.5531785,115.0,7.9,43.1,4914,94.4,T1_normal,line,115.0,20.16686517295828,False,False
4867,12753,12752,511.4,66.17129448572547,T1_normal,-101.65722,33.303497,20.0,-101.65722,33.303497,230.0,66.2,66.2,-1,61.9,T1_normal,transformer,230.0,0.0,False,False
4868,12752,12814,646.0,44.46929162534342,T1_normal,-101.65722,33.303497,230.0,-101.679188,33.150904,230.0,44.5,63.2,4914,42.5,T1_normal,line,230.0,10.619452698561274,False,False
4869,12754,12755,864.0,4.947940015428482,T1_normal,-99.695954,33.73925199999999,161.0,-99.695954,33.73925199999999,500.0,4.9,38.7,1742,93.1,T1_normal,transformer,500.0,0.0,False,False
4870,12754,12755,864.0,4.947940015428482,T1_normal,-99.695954,33.73925199999999,161.0,-99.695954,33.73925199999999,500.0,4.9,38.7,1742,93.1,T1_normal,transformer,500.0,0.0,False,False
4871,12754,12937,371.0,109.0066360230374,T4_light,-99.695954,33.73925199999999,161.0,-99.695954,33.73925199999999,161.0,109.0,136.7,4874,89.5,T6_heavy,line,161.0,0.0,True,True
4872,12754,12945,256.5,484.16036843245223,T7_structural,-99.695954,33.73925199999999,161.0,-100.4547365,34.413879,161.0,484.2,486.6,3629,87.4,T7_structural,line,161.0,63.70575474566537,True,True
4873,12754,12978,214.6,116.82484112664656,T5_moderate,-99.695954,33.73925199999999,161.0,-99.58229,33.609313,161.0,116.8,167.9,1742,92.8,T7_structural,line,161.0,11.104969068236414,True,True
4874,12754,13029,271.0,93.78391617983424,T3_prevent,-99.695954,33.73925199999999,161.0,-99.657805,33.841272,161.0,93.8,142.6,4871,89.9,T6_heavy,line,161.0,7.381524963398209,True,True
4875,12754,13202,280.0,55.855687774189626,T1_normal,-99.695954,33.73925199999999,161.0,-99.2898065,33.642922,161.0,55.9,127.2,1742,83.1,T6_heavy,line,161.0,24.27914894793412,True,True
4876,12754,13204,262.2,99.8095656664801,T3_prevent,-99.695954,33.73925199999999,161.0,-99.2898065,33.642922,161.0,99.8,154.3,1742,81.5,T7_structural,line,161.0,24.27914894793412,True,True
4877,12756,12755,431.4,77.88595271210016,T1_normal,-99.695954,33.73925199999999,20.0,-99.695954,33.73925199999999,500.0,77.9,77.9,1742,72.8,T1_normal,transformer,500.0,0.0,False,False
4878,12764,12763,288.6,78.42280664277772,T1_normal,-96.38666966666666,32.061173333333336,20.0,-96.38666966666666,32.061173333333336,500.0,78.4,277.2,4462,78.0,T7_structural,transformer,500.0,0.0,True,True
4879,12765,12763,113.5,12.750466985853356,T1_normal,-96.38666966666666,32.061173333333336,20.0,-96.38666966666666,32.061173333333336,500.0,12.8,12.8,2877,0.0,T1_normal,transformer,500.0,0.0,False,False
4880,12775,12774,374.2,81.77445216461791,T2_watch,-102.39869175,31.160862,20.0,-102.39869175,31.160862,230.0,81.8,81.8,3629,76.4,T2_watch,transformer,230.0,0.0,False,False
4881,12774,12855,449.4,58.74335491990409,T1_normal,-102.39869175,31.160862,230.0,-102.2726905,31.190672000000003,230.0,58.7,77.3,4719,84.6,T1_normal,line,230.0,7.728185448629848,False,False
4882,12774,12894,506.4,6.7782812183787575,T1_normal,-102.39869175,31.160862,230.0,-102.59898166666666,30.91979725,230.0,6.8,37.2,4984,37.6,T1_normal,line,230.0,20.445533505695725,False,False
4883,12785,12783,338.7,0.0,T1_normal,-99.5687984,33.0957078,20.0,-99.5687984,33.0957078,161.0,0.0,0.0,-1,0.0,T1_normal,transformer,161.0,0.0,False,False
4884,12786,12783,100.7,77.06057596822242,T1_normal,-99.5687984,33.0957078,20.0,-99.5687984,33.0957078,161.0,77.1,77.1,4246,72.0,T1_normal,transformer,161.0,0.0,False,False
4885,12783,13012,343.2,24.784162182983977,T1_normal,-99.5687984,33.0957078,161.0,-99.37463133333334,33.20651766666666,161.0,24.8,42.1,2505,59.6,T1_normal,line,161.0,13.593363777811987,False,False
4886,12783,13012,343.2,24.784162182983977,T1_normal,-99.5687984,33.0957078,161.0,-99.37463133333334,33.20651766666666,161.0,24.8,42.1,2505,59.6,T1_normal,line,161.0,13.593363777811987,False,False
4887,12783,13012,343.2,24.784162182983977,T1_normal,-99.5687984,33.0957078,161.0,-99.37463133333334,33.20651766666666,161.0,24.8,42.1,2505,59.6,T1_normal,line,161.0,13.593363777811987,False,False
4888,12789,12788,236.7,67.17363751584284,T1_normal,-101.83586283333334,32.75809566666667,20.0,-101.83586283333334,32.75809566666667,230.0,67.2,67.2,3631,62.8,T1_normal,transformer,230.0,0.0,False,False
4889,12790,12788,226.5,63.35540838852096,T1_normal,-101.83586283333334,32.75809566666667,20.0,-101.83586283333334,32.75809566666667,230.0,63.4,63.4,30,59.2,T1_normal,transformer,230.0,0.0,False,False
4890,12788,12814,635.0,7.542203848388222,T1_normal,-101.83586283333334,32.75809566666667,230.0,-101.679188,33.150904,230.0,7.5,21.1,614,59.4,T1_normal,line,230.0,28.620440073488776,False,False
4891,12788,12898,596.0,83.45343870581209,T2_watch,-101.83586283333334,32.75809566666667,230.0,-100.94008825,32.806441125,230.0,83.5,130.8,4892,89.3,T6_heavy,line,230.0,52.142286980068505,True,True
4892,12788,12898,596.0,83.45343870581209,T2_watch,-101.83586283333334,32.75809566666667,230.0,-100.94008825,32.806441125,230.0,83.5,130.8,4891,89.3,T6_heavy,line,230.0,52.142286980068505,True,True
4893,12792,12791,380.5,79.4743758212878,T1_normal,-101.214787,31.1946825,20.0,-101.214787,31.1946825,230.0,79.5,79.5,-1,74.5,T1_normal,transformer,230.0,0.0,False,False
4894,12791,12796,384.7,19.79227168439299,T1_normal,-101.214787,31.1946825,230.0,-100.98431625,31.875952,230.0,19.8,36.0,4895,18.2,T1_normal,line,230.0,48.98930161712957,False,False
4895,12791,12796,384.7,19.79227168439299,T1_normal,-101.214787,31.1946825,230.0,-100.98431625,31.875952,230.0,19.8,36.0,4894,18.2,T1_normal,line,230.0,48.98930161712957,False,False
4896,12791,12811,404.5,12.88665404918194,T1_normal,-101.214787,31.1946825,230.0,-101.214787,31.1946825,230.0,12.9,67.0,4759,56.2,T1_normal,line,230.0,0.0,False,False
4897,12795,12796,600.0,6.580772645736724,T1_normal,-100.98431625,31.875952,115.0,-100.98431625,31.875952,230.0,6.6,23.2,316,17.2,T1_normal,transformer,230.0,0.0,False,False
4898,12797,12796,386.2,0.0,T1_normal,-100.98431625,31.875952,20.0,-100.98431625,31.875952,230.0,0.0,0.0,-1,0.0,T1_normal,transformer,230.0,0.0,False,False
4899,12803,12804,600.0,34.44310361277847,T1_normal,-102.7069445,32.0320835,115.0,-102.7069445,32.0320835,230.0,34.4,41.7,4811,38.1,T1_normal,transformer,230.0,0.0,False,False
4900,12805,12804,193.2,74.71029643037305,T1_normal,-102.7069445,32.0320835,20.0,-102.7069445,32.0320835,230.0,74.7,74.8,3629,67.9,T1_normal,transformer,230.0,0.0,False,False
4901,12806,12804,210.9,65.75656017399781,T1_normal,-102.7069445,32.0320835,20.0,-102.7069445,32.0320835,230.0,65.8,65.9,3629,55.6,T1_normal,transformer,230.0,0.0,False,False
4902,12804,12823,350.6,7.023251394740062,T1_normal,-102.7069445,32.0320835,230.0,-102.7719682,32.2803608,230.0,7.0,16.3,4923,12.3,T1_normal,line,230.0,17.571106030675807,False,False
4903,12807,12808,770.0,0.5606799458658688,T1_normal,-101.381494,34.196962,161.0,-101.381494,34.196962,500.0,0.6,75.4,4909,116.6,T1_normal,transformer,500.0,0.0,False,False
4904,12807,13055,243.0,62.93096590788987,T1_normal,-101.381494,34.196962,161.0,-101.244172,34.371689,161.0,62.9,155.2,481,114.0,T7_structural,line,161.0,14.394684370813758,True,False
4905,12807,13065,230.0,35.325067824487476,T1_normal,-101.381494,34.196962,161.0,-101.1794378,34.0282444,161.0,35.3,76.3,5110,71.3,T1_normal,line,161.0,16.416420870195598,False,False
4906,12807,13065,230.0,35.325067824487476,T1_normal,-101.381494,34.196962,161.0,-101.1794378,34.0282444,161.0,35.3,76.3,5110,71.3,T1_normal,line,161.0,16.416420870195598,False,False
4907,12807,13392,300.0,28.416170179127437,T1_normal,-101.381494,34.196962,161.0,-101.1794378,34.0282444,161.0,28.4,101.4,4909,103.0,T4_light,line,161.0,16.416420870195598,True,False
4908,12809,12808,429.9,69.78367062107468,T1_normal,-101.381494,34.196962,20.0,-101.381494,34.196962,500.0,69.8,69.8,4,65.2,T1_normal,transformer,500.0,0.0,False,False
4909,12808,12883,2083.9,74.21258611159645,T1_normal,-101.381494,34.196962,500.0,-101.1794378,34.0282444,500.0,74.2,90.8,616,109.4,T3_prevent,line,500.0,16.416420870195598,False,False
4910,12810,12811,600.0,3.954296587786862,T1_normal,-101.214787,31.1946825,115.0,-101.214787,31.1946825,230.0,4.0,17.3,4760,34.9,T1_normal,transformer,230.0,0.0,False,False
4911,12810,12984,246.0,16.443089430894332,T1_normal,-101.214787,31.1946825,115.0,-102.66795,31.1834,115.0,16.4,32.9,4912,85.0,T1_normal,line,115.0,85.89569923772859,False,False
4912,12810,12984,246.0,16.443089430894332,T1_normal,-101.214787,31.1946825,115.0,-102.66795,31.1834,115.0,16.4,32.9,4911,85.0,T1_normal,line,115.0,85.89569923772859,False,False
4913,12812,12811,389.1,77.10100231303007,T1_normal,-101.214787,31.1946825,20.0,-101.214787,31.1946825,230.0,77.1,77.1,0,72.0,T1_normal,transformer,230.0,0.0,False,False
4914,12813,12814,600.0,24.82410205939326,T1_normal,-101.679188,33.150904,115.0,-101.679188,33.150904,230.0,24.8,36.0,4868,66.5,T1_normal,transformer,230.0,0.0,False,False
4915,12813,13270,220.0,33.85104826280904,T1_normal,-101.679188,33.150904,115.0,-101.8383465,33.5531785,115.0,33.9,55.1,4916,99.6,T1_normal,line,115.0,29.27334658095934,False,False
4916,12813,13270,220.0,33.85104826280904,T1_normal,-101.679188,33.150904,115.0,-101.8383465,33.5531785,115.0,33.9,55.1,4915,99.6,T1_normal,line,115.0,29.27334658095934,False,False
4917,12815,12814,415.6,72.18479307025981,T1_normal,-101.679188,33.150904,20.0,-101.679188,33.150904,230.0,72.2,72.2,2,67.5,T1_normal,transformer,230.0,0.0,False,False
4918,12818,12816,350.0,85.71428571428571,T2_watch,-98.883685,27.48301875,20.0,-98.883685,27.48301875,115.0,85.7,85.7,1520,80.4,T2_watch,transformer,115.0,0.0,False,False
4919,12816,13067,146.4,78.9215438756144,T1_normal,-98.883685,27.48301875,115.0,-98.91,27.44,115.0,78.9,117.9,4920,109.1,T5_moderate,line,115.0,3.381962317971601,True,False
4920,12816,13423,160.0,72.19502850001413,T1_normal,-98.883685,27.48301875,115.0,-98.883685,27.48301875,115.0,72.2,110.9,4919,102.8,T5_moderate,line,115.0,0.0,True,False
4921,12819,12820,600.0,17.75974884434414,T1_normal,-101.9839414,30.8611026,115.0,-101.9839414,30.8611026,230.0,17.8,50.0,4761,50.0,T1_normal,transformer,230.0,0.0,False,False
4922,12821,12820,348.7,86.03383997705764,T2_watch,-101.9839414,30.8611026,20.0,-101.9839414,30.8611026,230.0,86.0,86.0,21,86.0,T2_watch,transformer,230.0,0.0,False,False
4923,12822,12823,600.0,22.46296212288191,T1_normal,-102.7719682,32.2803608,115.0,-102.7719682,32.2803608,230.0,22.5,34.9,4926,38.9,T1_normal,transformer,230.0,0.0,False,False
4924,12822,12918,275.0,41.49205055034599,T1_normal,-102.7719682,32.2803608,115.0,-102.7719682,32.2803608,115.0,41.5,83.0,4925,84.9,T2_watch,line,115.0,0.0,False,False
4925,12822,12918,275.0,41.49205055034599,T1_normal,-102.7719682,32.2803608,115.0,-102.7719682,32.2803608,115.0,41.5,83.0,4924,84.9,T2_watch,line,115.0,0.0,False,False
4926,12822,13174,275.0,27.223084679304584,T1_normal,-102.7719682,32.2803608,115.0,-102.7719682,32.2803608,115.0,27.2,76.2,4923,84.9,T1_normal,line,115.0,0.0,False,False
4927,12824,12823,399.1,0.8089951269279804,T1_normal,-102.7719682,32.2803608,20.0,-102.7719682,32.2803608,230.0,0.8,0.8,14,0.0,T1_normal,transformer,230.0,0.0,False,False
4928,12827,12826,371.1,0.0,T1_normal,-96.84912,31.509216,20.0,-96.84912,31.509216,500.0,0.0,0.0,-1,0.0,T1_normal,transformer,500.0,0.0,False,False
4929,12830,12829,345.5,0.0,T1_normal,-96.828196,31.77471,20.0,-96.828196,31.77471,500.0,0.0,0.0,-1,0.0,T1_normal,transformer,500.0,0.0,False,False
4930,12833,12831,426.6,70.32348804500702,T1_normal,-97.4544,28.4279,20.0,-97.4544,28.4279,115.0,70.3,70.3,2,65.7,T1_normal,transformer,115.0,0.0,False,False
4931,12831,13224,219.7,62.59487121043426,T1_normal,-97.4544,28.4279,115.0,-97.49466233333334,28.47964933333333,115.0,62.6,90.3,4932,83.3,T3_prevent,line,115.0,4.332074309382879,False,False
4932,12831,13224,219.7,62.59487121043426,T1_normal,-97.4544,28.4279,115.0,-97.49466233333334,28.47964933333333,115.0,62.6,90.3,4931,83.3,T3_prevent,line,115.0,4.332074309382879,False,False
4933,12831,13224,219.7,62.59487121043426,T1_normal,-97.4544,28.4279,115.0,-97.49466233333334,28.47964933333333,115.0,62.6,90.3,4931,83.3,T3_prevent,line,115.0,4.332074309382879,False,False
4934,12831,13226,250.0,32.75648556597389,T1_normal,-97.4544,28.4279,115.0,-97.49466233333334,28.47964933333333,115.0,32.8,81.9,5243,75.1,T2_watch,line,115.0,4.332074309382879,False,False
4935,12834,12835,783.0,41.329839174001904,T1_normal,-103.43056166666668,31.453610666666663,115.0,-103.43056166666668,31.453610666666663,230.0,41.3,74.9,4942,92.4,T1_normal,transformer,230.0,0.0,False,False
4936,12834,13022,224.0,37.07464259900484,T1_normal,-103.43056166666668,31.453610666666663,115.0,-103.128,31.186,115.0,37.1,91.0,54,85.0,T3_prevent,line,115.0,25.70662628793916,False,False
4937,12834,13302,291.0,57.35319283613692,T1_normal,-103.43056166666668,31.453610666666663,115.0,-103.43056166666668,31.453610666666663,115.0,57.4,104.4,4942,102.2,T4_light,line,115.0,0.0,True,False
4938,12834,13304,125.9,30.404876432096632,T1_normal,-103.43056166666668,31.453610666666663,115.0,-103.361771,31.45115,115.0,30.4,80.2,50,75.0,T2_watch,line,115.0,4.058248799274851,False,False
4939,12834,13319,249.0,16.777548310219657,T1_normal,-103.43056166666668,31.453610666666663,115.0,-102.66795,31.1834,115.0,16.8,36.3,249,83.7,T1_normal,line,115.0,48.732287571477336,False,False
4940,12834,13319,249.0,16.777548310219657,T1_normal,-103.43056166666668,31.453610666666663,115.0,-102.66795,31.1834,115.0,16.8,36.3,249,83.7,T1_normal,line,115.0,48.732287571477336,False,False
4941,12836,12835,405.0,0.0,T1_normal,-103.43056166666668,31.453610666666663,20.0,-103.43056166666668,31.453610666666663,230.0,0.0,0.0,-1,0.0,T1_normal,transformer,230.0,0.0,False,False
4942,12891,12835,698.0,60.48634751070664,T1_normal,-103.125868,31.165245,230.0,-103.43056166666668,31.453610666666663,230.0,60.5,83.8,4935,94.2,T2_watch,line,230.0,26.842146975778626,False,False
4943,12837,12838,784.0,36.72418668911355,T1_normal,-102.2138885,34.734027999999995,161.0,-102.2138885,34.734027999999995,500.0,36.7,63.4,4944,67.3,T1_normal,transformer,500.0,0.0,False,False
4944,12837,12838,784.0,36.72418668911355,T1_normal,-102.2138885,34.734027999999995,161.0,-102.2138885,34.734027999999995,500.0,36.7,63.4,4943,67.3,T1_normal,transformer,500.0,0.0,False,False
4945,12837,13057,525.0,34.87932058271917,T1_normal,-102.2138885,34.734027999999995,161.0,-102.2138885,34.734027999999995,161.0,34.9,48.9,4909,55.6,T1_normal,line,161.0,0.0,False,False
4946,12837,13124,456.0,58.287416713954485,T1_normal,-102.2138885,34.734027999999995,161.0,-102.7019445,35.285972,161.0,58.3,93.0,658,87.0,T3_prevent,line,161.0,47.08717859219965,False,False
4947,12837,13207,288.0,38.29288295439418,T1_normal,-102.2138885,34.734027999999995,161.0,-102.351727,34.668882,161.0,38.3,60.5,4945,63.7,T1_normal,line,161.0,9.031438547256784,False,False
4948,12839,12838,412.1,72.72506673137579,T1_normal,-102.2138885,34.734027999999995,20.0,-102.2138885,34.734027999999995,500.0,72.7,72.8,3629,68.0,T1_normal,transformer,500.0,0.0,False,False
4949,12844,12842,364.5,0.0,T1_normal,-99.225355,32.359033,20.0,-99.225355,32.359033,161.0,0.0,0.0,-1,0.0,T1_normal,transformer,161.0,0.0,False,False
4950,12842,13243,246.2,24.96719281598033,T1_normal,-99.225355,32.359033,161.0,-99.1533074,32.3857988,161.0,25.0,50.9,1939,55.2,T1_normal,line,161.0,4.593160267466954,False,False
4951,12846,12847,600.0,1.871127221368359,T1_normal,-102.051944,34.511944,161.0,-102.051944,34.511944,500.0,1.9,46.9,4703,30.4,T1_normal,transformer,500.0,0.0,False,False
4952,12846,12962,299.2,5.046468293750712e-13,T1_normal,-102.051944,34.511944,161.0,-102.577778,34.6675,161.0,0.0,0.3,3629,1.8,T1_normal,line,161.0,31.78236818341877,False,False
4953,12846,13038,205.2,54.15773818626692,T1_normal,-102.051944,34.511944,161.0,-101.9707005,34.487581000000006,161.0,54.2,95.0,4703,85.0,T3_prevent,line,161.0,4.922942836758367,False,False
4954,12846,13161,196.1,49.59263137276327,T1_normal,-102.051944,34.511944,161.0,-102.053717,34.378546,161.0,49.6,67.6,4703,57.6,T1_normal,line,161.0,9.217567642698302,False,False
4955,12848,12847,378.5,76.08982826948483,T1_normal,-102.051944,34.511944,20.0,-102.051944,34.511944,500.0,76.1,76.2,3629,71.1,T1_normal,transformer,500.0,0.0,False,False
4956,12853,12852,289.5,69.08462867012089,T1_normal,-97.270537,29.894053,20.0,-97.270537,29.894053,500.0,69.1,69.1,63,64.6,T1_normal,transformer,500.0,0.0,False,False
4957,12854,12852,117.1,0.0,T1_normal,-97.270537,29.894053,20.0,-97.270537,29.894053,500.0,0.0,0.0,-1,0.0,T1_normal,transformer,500.0,0.0,False,False
4958,12856,12855,319.4,87.03819661866002,T2_watch,-102.2726905,31.190672000000003,20.0,-102.2726905,31.190672000000003,230.0,87.0,87.1,3629,81.7,T2_watch,transformer,230.0,0.0,False,False
4959,12855,12894,516.0,55.12241816762707,T1_normal,-102.2726905,31.190672000000003,230.0,-102.59898166666666,30.91979725,230.0,55.1,77.9,123,88.0,T1_normal,line,230.0,26.89406540094141,False,False
4960,12859,12858,363.0,73.88429752066114,T1_normal,-97.8308125,28.6249795,20.0,-97.8308125,28.6249795,230.0,73.9,73.9,3197,69.1,T1_normal,transformer,230.0,0.0,False,False
4961,12860,12861,600.0,24.091161411736433,T1_normal,-95.43283075,29.2128395,115.0,-95.43283075,29.2128395,500.0,24.1,44.6,3565,43.1,T1_normal,transformer,500.0,0.0,False,False
4962,12860,12982,171.6,8.794528245519514,T1_normal,-95.43283075,29.2128395,115.0,-95.42685,29.295201,115.0,8.8,22.4,3565,18.5,T1_normal,line,115.0,5.702102465304301,False,False
4963,12860,12982,171.6,8.794528245519514,T1_normal,-95.43283075,29.2128395,115.0,-95.42685,29.295201,115.0,8.8,22.4,3565,18.5,T1_normal,line,115.0,5.702102465304301,False,False
4964,12860,13232,203.0,53.24319245806275,T1_normal,-95.43283075,29.2128395,115.0,-95.43283075,29.2128395,115.0,53.2,73.9,4076,69.0,T1_normal,line,115.0,0.0,False,False
4965,12864,12863,225.4,45.03774605589031,T1_normal,-97.458078,32.3380315,20.0,-97.458078,32.3380315,500.0,45.0,45.1,3629,0.0,T1_normal,transformer,500.0,0.0,False,False
4966,12865,12863,128.8,50.28754467590208,T1_normal,-97.458078,32.3380315,20.0,-97.458078,32.3380315,500.0,50.3,50.3,3629,0.0,T1_normal,transformer,500.0,0.0,False,False
4967,12866,12867,600.0,9.687175626057018,T1_normal,-101.326111,35.093889,161.0,-101.326111,35.093889,500.0,9.7,54.9,426,76.8,T1_normal,transformer,500.0,0.0,False,False
4968,12866,13059,321.0,12.525285938202128,T1_normal,-101.326111,35.093889,161.0,-101.186622,35.254184,161.0,12.5,46.9,405,83.7,T1_normal,line,161.0,13.591500366728194,False,False
4969,12868,12867,412.3,64.39485811302453,T1_normal,-101.326111,35.093889,20.0,-101.326111,35.093889,500.0,64.4,64.4,3629,60.3,T1_normal,transformer,500.0,0.0,False,False
4970,12875,12874,255.8,82.09538702111027,T2_watch,-96.069829,30.705329,20.0,-96.069829,30.705329,500.0,82.1,82.2,3629,76.7,T2_watch,transformer,500.0,0.0,False,False
4971,12878,12876,323.9,79.26127592691356,T1_normal,-104.508314,31.504614333333333,20.0,-104.508314,31.504614333333333,115.0,79.3,79.4,3629,75.0,T1_normal,transformer,115.0,0.0,False,False
4972,12876,13144,286.0,41.59249841068116,T1_normal,-104.508314,31.504614333333333,115.0,-104.508314,31.504614333333333,115.0,41.6,83.2,4973,84.9,T2_watch,line,115.0,0.0,False,False
4973,12876,13144,286.0,41.59249841068116,T1_normal,-104.508314,31.504614333333333,115.0,-104.508314,31.504614333333333,115.0,41.6,83.2,4972,84.9,T2_watch,line,115.0,0.0,False,False
4974,12879,12880,600.0,27.98208656874337,T1_normal,-96.020566,29.225064,115.0,-96.020566,29.225064,500.0,28.0,87.0,3430,80.3,T2_watch,transformer,500.0,0.0,False,False
4975,12879,13031,158.9,0.3607808536274443,T1_normal,-96.020566,29.225064,115.0,-96.020566,29.225064,115.0,0.4,59.8,3430,56.0,T1_normal,line,115.0,0.0,False,False
4976,12879,13422,129.3,1.1852400996394037,T1_normal,-96.020566,29.225064,115.0,-96.087226,29.2829165,115.0,1.2,83.3,3430,77.6,T2_watch,line,115.0,5.667948536945955,False,False
4977,12881,12880,303.3,85.72370590174742,T2_watch,-96.020566,29.225064,20.0,-96.020566,29.225064,500.0,85.7,85.8,3629,80.1,T2_watch,transformer,500.0,0.0,False,False
4978,12882,12883,1087.0,3.3782403489952944,T1_normal,-101.1794378,34.0282444,161.0,-101.1794378,34.0282444,500.0,3.4,57.7,4909,109.7,T1_normal,transformer,500.0,0.0,False,False
4979,12882,13209,473.0,28.456325432655213,T1_normal,-101.1794378,34.0282444,161.0,-98.1803245,31.84167,161.0,28.5,83.4,4909,103.5,T2_watch,line,161.0,230.352285460143,False,False
4980,12884,12883,321.0,80.06230529595015,T2_watch,-101.1794378,34.0282444,20.0,-101.1794378,34.0282444,500.0,80.1,80.1,3629,74.8,T2_watch,transformer,500.0,0.0,False,False
4981,12887,12885,372.0,0.0,T1_normal,-99.1533074,32.3857988,20.0,-99.1533074,32.3857988,161.0,0.0,0.0,-1,0.0,T1_normal,transformer,161.0,0.0,False,False
4982,12890,12888,373.5,68.32663989290496,T1_normal,-97.8308125,28.6249795,20.0,-97.8308125,28.6249795,115.0,68.3,68.3,96,63.8,T1_normal,transformer,115.0,0.0,False,False
4983,12892,12891,331.3,76.96951403561728,T1_normal,-103.125868,31.165245,20.0,-103.125868,31.165245,230.0,77.0,77.0,-1,71.9,T1_normal,transformer,230.0,0.0,False,False
4984,12893,12894,600.0,59.78390966499135,T1_normal,-102.59898166666666,30.91979725,115.0,-102.59898166666666,30.91979725,230.0,59.8,74.5,132,87.6,T1_normal,transformer,230.0,0.0,False,False
4985,12893,13147,149.0,70.64111648279906,T1_normal,-102.59898166666666,30.91979725,115.0,-102.59898166666666,30.91979725,115.0,70.6,89.8,4986,87.8,T2_watch,line,115.0,0.0,False,False
4986,12893,13364,213.9,63.51229258894578,T1_normal,-102.59898166666666,30.91979725,115.0,-102.414067,30.9564,115.0,63.5,83.0,4987,84.6,T2_watch,line,115.0,11.246746996362514,False,False
4987,12893,13364,213.9,63.51229258894578,T1_normal,-102.59898166666666,30.91979725,115.0,-102.414067,30.9564,115.0,63.5,83.0,4986,84.6,T2_watch,line,115.0,11.246746996362514,False,False
4988,12893,13371,158.8,71.23126008488626,T1_normal,-102.59898166666666,30.91979725,115.0,-102.414067,30.9564,115.0,71.2,90.3,4986,91.6,T3_prevent,line,115.0,11.246746996362514,False,False
4989,12893,13415,190.0,43.26953174078547,T1_normal,-102.59898166666666,30.91979725,115.0,-102.2726905,31.190672000000003,115.0,43.3,89.0,4984,87.4,T2_watch,line,115.0,26.89406540094141,False,False
4990,12895,12894,295.7,84.5205851647127,T2_watch,-102.59898166666666,30.91979725,20.0,-102.59898166666666,30.91979725,230.0,84.5,84.5,3629,80.6,T2_watch,transformer,230.0,0.0,False,False
4991,12897,12898,700.0,92.91860296733604,T3_prevent,-100.94008825,32.806441125,115.0,-100.94008825,32.806441125,230.0,92.9,140.5,4800,91.1,T6_heavy,transformer,230.0,0.0,True,True
4992,12897,13403,221.1,2.430200525012758,T1_normal,-100.94008825,32.806441125,115.0,-100.94008825,32.806441125,115.0,2.4,100.7,4991,59.7,T4_light,line,115.0,0.0,True,True
4993,12899,12898,342.2,100.62383652890982,T4_light,-100.94008825,32.806441125,20.0,-100.94008825,32.806441125,230.0,100.6,100.7,3629,69.1,T4_light,transformer,230.0,0.0,True,True
4994,12902,12900,342.0,0.0,T1_normal,-100.89286566666664,33.327416666666664,20.0,-100.89286566666664,33.327416666666664,161.0,0.0,0.0,-1,0.0,T1_normal,transformer,161.0,0.0,False,False
4995,12900,13091,214.1,2.353137610808695,T1_normal,-100.89286566666664,33.327416666666664,161.0,-100.89286566666664,33.327416666666664,161.0,2.4,23.4,3629,9.9,T1_normal,line,161.0,0.0,False,False
4996,12904,12903,224.6,67.23063223508458,T1_normal,-96.243079,32.788987000000006,20.0,-96.243079,32.788987000000006,500.0,67.2,67.3,3629,63.0,T1_normal,transformer,500.0,0.0,False,False
4997,12905,12903,161.0,0.0,T1_normal,-96.243079,32.788987000000006,20.0,-96.243079,32.788987000000006,500.0,0.0,0.0,-1,0.0,T1_normal,transformer,500.0,0.0,False,False
4998,12907,12906,369.5,67.65899864682002,T1_normal,-98.411111,26.465556,20.0,-98.411111,26.465556,115.0,67.7,67.7,43,63.2,T1_normal,transformer,115.0,0.0,False,False
4999,12906,13108,147.1,41.567132055383425,T1_normal,-98.411111,26.465556,115.0,-98.3163296,26.4391468,115.0,41.6,103.0,5000,102.4,T4_light,line,115.0,6.1405845405831485,True,False
5000,12906,13396,238.0,62.62275032465233,T1_normal,-98.411111,26.465556,115.0,-98.3163296,26.4391468,115.0,62.6,93.2,1243,92.0,T3_prevent,line,115.0,6.1405845405831485,False,False
5001,12911,12910,322.9,77.42335088262621,T1_normal,-99.849793,31.4410845,20.0,-99.849793,31.4410845,115.0,77.4,77.4,4,72.3,T1_normal,transformer,115.0,0.0,False,False
5002,12910,13179,178.8,37.8109610390223,T1_normal,-99.849793,31.4410845,115.0,-99.529678,31.25981966666667,115.0,37.8,73.4,888,83.6,T1_normal,line,115.0,22.663766873896034,False,False
5003,12910,13183,214.2,1.969583330334078e-13,T1_normal,-99.849793,31.4410845,115.0,-100.559245,31.4624622,115.0,0.0,1.6,3629,0.2,T1_normal,line,115.0,41.84306890351176,False,False
5004,12910,13291,204.7,15.949148782632864,T1_normal,-99.849793,31.4410845,115.0,-99.849793,31.4410845,115.0,15.9,27.2,806,37.9,T1_normal,line,115.0,0.0,False,False
5005,12910,13291,204.7,15.949148782632864,T1_normal,-99.849793,31.4410845,115.0,-99.849793,31.4410845,115.0,15.9,27.2,806,37.9,T1_normal,line,115.0,0.0,False,False
5006,12910,13291,204.7,15.949148782632864,T1_normal,-99.849793,31.4410845,115.0,-99.849793,31.4410845,115.0,15.9,27.2,806,37.9,T1_normal,line,115.0,0.0,False,False
5007,12913,12912,356.8,70.06726457399103,T1_normal,-95.24810033333334,33.312846,20.0,-95.24810033333334,33.312846,115.0,70.1,70.1,1720,65.5,T1_normal,transformer,115.0,0.0,False,False
5008,12912,13077,222.0,64.30399987777768,T1_normal,-95.24810033333334,33.312846,115.0,-95.24810033333334,33.312846,115.0,64.3,95.1,4574,83.1,T3_prevent,line,115.0,0.0,False,False
5009,12915,12914,295.3,84.65966813410091,T2_watch,-98.001388,28.655277,20.0,-98.001388,28.655277,115.0,84.7,84.7,9,79.1,T2_watch,transformer,115.0,0.0,False,False
5010,12917,12916,313.4,79.77026164645821,T1_normal,-95.24810033333334,33.312846,20.0,-95.24810033333334,33.312846,115.0,79.8,79.8,-1,74.5,T1_normal,transformer,115.0,0.0,False,False
5011,12916,13077,275.0,41.77521162882978,T1_normal,-95.24810033333334,33.312846,115.0,-95.24810033333334,33.312846,115.0,41.8,90.9,4445,84.9,T3_prevent,line,115.0,0.0,False,False
5012,12919,12918,333.1,74.08324840841496,T1_normal,-102.7719682,32.2803608,20.0,-102.7719682,32.2803608,115.0,74.1,74.1,3629,70.1,T1_normal,transformer,115.0,0.0,False,False
5013,12923,12922,364.0,0.2796186002292836,T1_normal,-94.945159,29.3895056,20.0,-94.945159,29.3895056,115.0,0.3,0.3,12,0.0,T1_normal,transformer,115.0,0.0,False,False
5014,12927,12926,214.7,69.86492780624127,T1_normal,-96.93121275,31.43308425,20.0,-96.93121275,31.43308425,161.0,69.9,69.9,0,65.3,T1_normal,transformer,161.0,0.0,False,False
5015,12928,12926,124.6,0.0,T1_normal,-96.93121275,31.43308425,20.0,-96.93121275,31.43308425,161.0,0.0,0.0,-1,0.0,T1_normal,transformer,161.0,0.0,False,False
5016,12936,12935,377.9,0.0,T1_normal,-95.92298475,28.92553375,20.0,-95.92298475,28.92553375,115.0,0.0,0.0,-1,0.0,T1_normal,transformer,115.0,0.0,False,False
5017,12935,12974,220.0,48.265802653115834,T1_normal,-95.92298475,28.92553375,115.0,-95.92298475,28.92553375,115.0,48.3,88.6,3634,77.3,T2_watch,line,115.0,0.0,False,False
5018,12938,12937,293.3,82.78213433344698,T2_watch,-99.695954,33.73925199999999,20.0,-99.695954,33.73925199999999,161.0,82.8,83.1,3629,77.5,T2_watch,transformer,161.0,0.0,False,False
5019,12937,12978,227.7,33.577718992165764,T1_normal,-99.695954,33.73925199999999,161.0,-99.58229,33.609313,161.0,33.6,65.9,1742,57.0,T1_normal,line,161.0,11.104969068236414,False,False
5020,12937,13029,232.5,36.627162795831374,T1_normal,-99.695954,33.73925199999999,161.0,-99.657805,33.841272,161.0,36.6,81.4,4874,48.7,T2_watch,line,161.0,7.381524963398209,False,False
5021,12940,12939,334.3,98.72695040426387,T3_prevent,-100.94008825,32.806441125,20.0,-100.94008825,32.806441125,115.0,98.7,98.9,3629,67.8,T3_prevent,transformer,115.0,0.0,False,False
5022,12943,12942,252.8,0.0009146118387349,T1_normal,-97.00621414285716,28.74651585714286,20.0,-97.00621414285716,28.74651585714286,115.0,0.0,0.0,17,0.0,T1_normal,transformer,115.0,0.0,False,False
5023,12944,12942,82.0,74.38742422106303,T1_normal,-97.00621414285716,28.74651585714286,20.0,-97.00621414285716,28.74651585714286,115.0,74.4,74.4,-1,69.6,T1_normal,transformer,115.0,0.0,False,False
5024,12946,12945,280.7,27.16683645939454,T1_normal,-100.4547365,34.413879,20.0,-100.4547365,34.413879,161.0,27.2,27.3,3629,79.9,T1_normal,transformer,161.0,0.0,False,False
5025,12949,12948,330.0,72.7272727272727,T1_normal,-97.07408,29.806984,20.0,-97.07408,29.806984,115.0,72.7,72.7,0,68.0,T1_normal,transformer,115.0,0.0,False,False
5026,12952,12951,302.2,79.41760423560558,T1_normal,-96.896708,31.037352,20.0,-96.896708,31.037352,115.0,79.4,79.5,3629,74.2,T1_normal,transformer,115.0,0.0,False,False
5027,12954,12953,367.1,65.37728139471534,T1_normal,-95.538503,33.639774,20.0,-95.538503,33.639774,161.0,65.4,65.5,3629,61.3,T1_normal,transformer,161.0,0.0,False,False
5028,12953,12986,206.4,33.003104862276324,T1_normal,-95.538503,33.639774,161.0,-95.538503,33.639774,161.0,33.0,73.8,653,68.8,T1_normal,line,161.0,0.0,False,False
5029,12953,12999,335.4,44.72271914132379,T1_normal,-95.538503,33.639774,161.0,-95.574442,33.433264,161.0,44.7,45.2,3629,42.4,T1_normal,line,161.0,14.417962901077216,False,False
5030,12963,12962,360.3,0.0,T1_normal,-102.577778,34.6675,20.0,-102.577778,34.6675,161.0,0.0,0.0,-1,0.0,T1_normal,transformer,161.0,0.0,False,False
5031,12966,12965,325.6,70.63882063882066,T1_normal,-99.54,33.35,20.0,-99.54,33.35,161.0,70.6,70.6,-1,66.0,T1_normal,transformer,161.0,0.0,False,False
5032,12965,13111,198.2,29.146809855877123,T1_normal,-99.54,33.35,161.0,-99.5687984,33.0957078,161.0,29.1,65.1,637,60.6,T1_normal,line,161.0,17.6487614708075,False,False
5033,12965,13133,224.7,15.057294754515356,T1_normal,-99.54,33.35,161.0,-99.37463133333334,33.20651766666666,161.0,15.1,44.9,637,42.2,T1_normal,line,161.0,13.766976045655078,False,False
5034,12971,12970,290.9,78.37744929529052,T1_normal,-97.566721,26.545765,20.0,-97.566721,26.545765,115.0,78.4,78.4,3629,73.3,T1_normal,transformer,115.0,0.0,False,False
5035,12970,13053,450.0,44.44444444444444,T1_normal,-97.566721,26.545765,115.0,-97.59928033333334,26.348161,115.0,44.4,44.4,11,41.6,T1_normal,line,115.0,13.801045561303525,False,False
5036,12973,12972,341.5,0.0,T1_normal,-95.785914,29.3459875,20.0,-95.785914,29.3459875,115.0,0.0,0.0,-1,0.0,T1_normal,transformer,115.0,0.0,False,False
5037,12972,13101,143.9,14.544246724941445,T1_normal,-95.785914,29.3459875,115.0,-95.733244,29.47971475,115.0,14.5,28.2,3430,21.8,T1_normal,line,115.0,9.768459559552578,False,False
5038,12972,13285,141.8,11.863293046626424,T1_normal,-95.785914,29.3459875,115.0,-95.733244,29.47971475,115.0,11.9,25.2,3430,23.7,T1_normal,line,115.0,9.768459559552578,False,False
5039,12975,12974,325.9,0.0,T1_normal,-95.92298475,28.92553375,20.0,-95.92298475,28.92553375,115.0,0.0,0.0,-1,0.0,T1_normal,transformer,115.0,0.0,False,False
5040,12974,13426,199.1,53.33237862222785,T1_normal,-95.92298475,28.92553375,115.0,-95.92298475,28.92553375,115.0,53.3,97.9,3634,85.4,T3_prevent,line,115.0,0.0,False,False
5041,12977,12976,344.8,78.3505022975613,T1_normal,-97.7314385,27.5750945,20.0,-97.7314385,27.5750945,115.0,78.4,78.4,0,61.3,T1_normal,transformer,115.0,0.0,False,False
5042,12976,12991,128.1,41.00040323190216,T1_normal,-97.7314385,27.5750945,115.0,-97.7704405,27.4987795,115.0,41.0,75.2,5043,22.9,T1_normal,line,115.0,5.78908029822377,False,False
5043,12976,12991,128.1,41.00040323190216,T1_normal,-97.7314385,27.5750945,115.0,-97.7704405,27.4987795,115.0,41.0,75.2,5042,22.9,T1_normal,line,115.0,5.78908029822377,False,False
5044,12979,12978,263.6,85.5842185128983,T2_watch,-99.58229,33.609313,20.0,-99.58229,33.609313,161.0,85.6,85.6,164,80.0,T2_watch,transformer,161.0,0.0,False,False
5045,12978,13041,353.0,3.088256358163874,T1_normal,-99.58229,33.609313,161.0,-99.2898065,33.642922,161.0,3.1,36.6,1742,75.4,T1_normal,line,161.0,16.986777866023992,False,False
5046,12978,13204,383.0,24.12442562273165,T1_normal,-99.58229,33.609313,161.0,-99.2898065,33.642922,161.0,24.1,44.3,5047,78.9,T1_normal,line,161.0,16.986777866023992,False,False
5047,12978,13204,383.0,24.12442562273165,T1_normal,-99.58229,33.609313,161.0,-99.2898065,33.642922,161.0,24.1,44.3,5046,78.9,T1_normal,line,161.0,16.986777866023992,False,False
5048,12981,12980,303.7,74.0862693447481,T1_normal,-101.64011833333332,32.67313766666667,20.0,-101.64011833333332,32.67313766666667,115.0,74.1,74.1,160,69.3,T1_normal,transformer,115.0,0.0,False,False
5049,12980,13002,248.0,29.842612883953333,T1_normal,-101.64011833333332,32.67313766666667,115.0,-101.83586283333334,32.75809566666667,115.0,29.8,90.7,5050,84.8,T3_prevent,line,115.0,12.804123661456469,False,False
5050,12980,13230,248.0,60.88319356765928,T1_normal,-101.64011833333332,32.67313766666667,115.0,-101.64011833333332,32.67313766666667,115.0,60.9,90.7,5049,84.8,T3_prevent,line,115.0,0.0,False,False
5051,12983,12982,259.0,0.0,T1_normal,-95.42685,29.295201,20.0,-95.42685,29.295201,115.0,0.0,0.0,-1,0.0,T1_normal,transformer,115.0,0.0,False,False
5052,12982,13369,212.2,14.186075440073246,T1_normal,-95.42685,29.295201,115.0,-95.2783065,29.276466,115.0,14.2,23.5,3565,20.1,T1_normal,line,115.0,9.044816201619993,False,False
5053,12985,12984,276.8,73.23512095910921,T1_normal,-102.66795,31.1834,20.0,-102.66795,31.1834,115.0,73.2,73.4,3629,75.6,T1_normal,transformer,115.0,0.0,False,False
5054,12987,12986,235.3,72.97067573310667,T1_normal,-95.538503,33.639774,20.0,-95.538503,33.639774,161.0,73.0,73.0,3629,68.4,T1_normal,transformer,161.0,0.0,False,False
5055,12992,12991,182.1,65.09653386423336,T1_normal,-97.7704405,27.4987795,20.0,-97.7704405,27.4987795,115.0,65.1,65.2,3629,0.0,T1_normal,transformer,115.0,0.0,False,False
5056,12993,12991,103.8,86.33211681937486,T2_watch,-97.7704405,27.4987795,20.0,-97.7704405,27.4987795,115.0,86.3,86.4,3629,67.5,T2_watch,transformer,115.0,0.0,False,False
5057,12995,12994,209.3,0.0,T1_normal,-95.3629605,28.98485425,20.0,-95.3629605,28.98485425,115.0,0.0,0.0,-1,0.0,T1_normal,transformer,115.0,0.0,False,False
5058,12997,12996,249.9,66.82673069227691,T1_normal,-100.0652435,32.819086,20.0,-100.0652435,32.819086,115.0,66.8,66.9,3629,80.7,T1_normal,transformer,115.0,0.0,False,False
5059,12996,13079,162.0,0.8927099385712144,T1_normal,-100.0652435,32.819086,115.0,-99.8991875,32.803981,115.0,0.9,40.4,838,81.6,T1_normal,line,115.0,9.699293189785513,False,False
5060,13000,12999,183.5,81.74386920980926,T2_watch,-95.574442,33.433264,20.0,-95.574442,33.433264,161.0,81.7,218.0,5029,109.0,T7_structural,transformer,161.0,0.0,True,False
5061,13001,12999,101.0,0.0,T1_normal,-95.574442,33.433264,20.0,-95.574442,33.433264,161.0,0.0,0.0,-1,0.0,T1_normal,transformer,161.0,0.0,False,False
5062,13003,13002,263.0,0.0,T1_normal,-101.83586283333334,32.75809566666667,20.0,-101.83586283333334,32.75809566666667,115.0,0.0,0.0,-1,0.0,T1_normal,transformer,115.0,0.0,False,False
5063,13002,13230,111.6,41.82450994233458,T1_normal,-101.83586283333334,32.75809566666667,115.0,-101.64011833333332,32.67313766666667,115.0,41.8,81.7,5049,76.8,T2_watch,line,115.0,12.804123661456469,False,False
5064,13002,13317,276.0,47.78810269498724,T1_normal,-101.83586283333334,32.75809566666667,115.0,-101.83586283333334,32.75809566666667,115.0,47.8,90.9,5065,84.9,T3_prevent,line,115.0,0.0,False,False
5065,13002,13401,276.0,43.08146252240313,T1_normal,-101.83586283333334,32.75809566666667,115.0,-101.83586283333334,32.75809566666667,115.0,43.1,90.9,5064,84.9,T3_prevent,line,115.0,0.0,False,False
5066,13005,13004,252.5,83.20792079207918,T2_watch,-102.315517,35.200164,20.0,-102.315517,35.200164,161.0,83.2,83.2,11,78.0,T2_watch,transformer,161.0,0.0,False,False
5067,13004,13159,246.3,19.96495360318545,T1_normal,-102.315517,35.200164,161.0,-102.06431,35.259819,161.0,20.0,85.3,4744,79.7,T2_watch,line,161.0,14.764871220002885,False,False
5068,13007,13006,293.3,71.59904534606206,T1_normal,-97.2120625,30.983119,20.0,-97.2120625,30.983119,115.0,71.6,71.7,3629,66.9,T1_normal,transformer,115.0,0.0,False,False
5069,13009,13008,248.4,84.54106280193236,T2_watch,-96.091337,30.651189,20.0,-96.091337,30.651189,115.0,84.5,84.6,3629,79.0,T2_watch,transformer,115.0,0.0,False,False
5070,13011,13010,324.4,64.5499383477189,T1_normal,-99.359609,27.0792565,20.0,-99.359609,27.0792565,115.0,64.5,64.5,2,60.9,T1_normal,transformer,115.0,0.0,False,False
5071,13013,13012,302.5,0.0,T1_normal,-99.37463133333334,33.20651766666666,20.0,-99.37463133333334,33.20651766666666,161.0,0.0,0.0,-1,0.0,T1_normal,transformer,161.0,0.0,False,False
5072,13019,13018,291.4,70.00686341798216,T1_normal,-98.187624,32.1858615,20.0,-98.187624,32.1858615,161.0,70.0,70.0,4,65.4,T1_normal,transformer,161.0,0.0,False,False
5073,13023,13022,239.1,85.23630280217482,T2_watch,-103.128,31.186,20.0,-103.128,31.186,115.0,85.2,85.3,3629,79.6,T2_watch,transformer,115.0,0.0,False,False
5074,13026,13025,271.1,0.0,T1_normal,-97.6450875,26.4880805,20.0,-97.6450875,26.4880805,115.0,0.0,0.0,-1,0.0,T1_normal,transformer,115.0,0.0,False,False
5075,13028,13027,239.4,84.79532163742681,T2_watch,-102.39869175,31.160862,20.0,-102.39869175,31.160862,115.0,84.8,84.8,0,79.2,T2_watch,transformer,115.0,0.0,False,False
5076,13027,13140,120.3,64.5230627218928,T1_normal,-102.39869175,31.160862,115.0,-100.938705,32.130795,115.0,64.5,78.5,5180,43.6,T1_normal,line,115.0,108.9292639916114,False,False
5077,13027,13211,128.4,17.99025795609742,T1_normal,-102.39869175,31.160862,115.0,-102.2726905,31.190672000000003,115.0,18.0,28.4,5076,35.2,T1_normal,line,115.0,7.728185448629848,False,False
5078,13027,13214,129.2,8.109670858158022,T1_normal,-102.39869175,31.160862,115.0,-102.39869175,31.160862,115.0,8.1,17.6,5076,17.3,T1_normal,line,115.0,0.0,False,False
5079,13027,13218,126.9,7.554357293675132,T1_normal,-102.39869175,31.160862,115.0,-102.2726905,31.190672000000003,115.0,7.6,19.9,5076,20.8,T1_normal,line,115.0,7.728185448629848,False,False
5080,13027,13415,104.0,14.726211376102382,T1_normal,-102.39869175,31.160862,115.0,-102.2726905,31.190672000000003,115.0,14.7,38.0,5076,41.5,T1_normal,line,115.0,7.728185448629848,False,False
5081,13030,13029,283.4,71.45377558221595,T1_normal,-99.657805,33.841272,20.0,-99.657805,33.841272,161.0,71.5,71.5,2,66.8,T1_normal,transformer,161.0,0.0,False,False
5082,13029,13204,200.7,5.727485360760261,T1_normal,-99.657805,33.841272,161.0,-99.2898065,33.642922,161.0,5.7,47.3,1742,46.8,T1_normal,line,161.0,25.19644388429785,False,False
5083,13032,13031,282.6,0.0,T1_normal,-96.020566,29.225064,20.0,-96.020566,29.225064,115.0,0.0,0.0,-1,0.0,T1_normal,transformer,115.0,0.0,False,False
5084,13031,13422,116.7,6.535647657101282,T1_normal,-96.020566,29.225064,115.0,-96.087226,29.2829165,115.0,6.5,29.6,4688,29.0,T1_normal,line,115.0,5.667948536945955,False,False
5085,13035,13034,313.5,64.30622009569417,T1_normal,-99.05745,26.69842,20.0,-99.05745,26.69842,115.0,64.3,64.3,-1,60.3,T1_normal,transformer,115.0,0.0,False,False
5086,13037,13036,283.2,70.97457627118638,T1_normal,-97.67189133333332,26.95126033333333,20.0,-97.67189133333332,26.95126033333333,115.0,71.0,71.0,9,66.3,T1_normal,transformer,115.0,0.0,False,False
5087,13039,13038,287.1,70.01044932079421,T1_normal,-101.9707005,34.487581000000006,20.0,-101.9707005,34.487581000000006,161.0,70.0,70.0,13,65.6,T1_normal,transformer,161.0,0.0,False,False
5088,13038,13161,190.5,15.41475965413452,T1_normal,-101.9707005,34.487581000000006,161.0,-102.053717,34.378546,161.0,15.4,40.3,4954,37.2,T1_normal,line,161.0,8.89595512041334,False,False
5089,13042,13041,159.3,61.151515782099175,T1_normal,-99.2898065,33.642922,20.0,-99.2898065,33.642922,161.0,61.2,61.3,3629,59.8,T1_normal,transformer,161.0,0.0,False,False
5090,13043,13041,134.1,70.107654467475,T1_normal,-99.2898065,33.642922,20.0,-99.2898065,33.642922,161.0,70.1,70.2,3629,68.7,T1_normal,transformer,161.0,0.0,False,False
5091,13045,13044,234.4,83.73348900143925,T2_watch,-100.40075675,29.326592,20.0,-100.40075675,29.326592,115.0,83.7,83.7,30,63.8,T2_watch,transformer,115.0,0.0,False,False
5092,13047,13046,264.8,75.60422960725076,T1_normal,-99.563436,34.170488,20.0,-99.563436,34.170488,161.0,75.6,75.6,-1,70.7,T1_normal,transformer,161.0,0.0,False,False
5093,13046,13349,241.8,43.959250609699154,T1_normal,-99.563436,34.170488,161.0,-99.4499348,34.1610722,161.0,44.0,82.8,566,77.4,T2_watch,line,161.0,6.521346467956618,False,False
5094,13052,13051,244.8,0.0,T1_normal,-98.6525545,31.8568005,20.0,-98.6525545,31.8568005,161.0,0.0,0.0,-1,0.0,T1_normal,transformer,161.0,0.0,False,False
5095,13054,13053,292.7,68.32934745473182,T1_normal,-97.59928033333334,26.348161,20.0,-97.59928033333334,26.348161,115.0,68.3,68.3,-1,63.8,T1_normal,transformer,115.0,0.0,False,False
5096,13056,13055,284.8,68.28480973368931,T1_normal,-101.244172,34.371689,20.0,-101.244172,34.371689,161.0,68.3,68.3,-1,65.6,T1_normal,transformer,161.0,0.0,False,False
5097,13058,13057,269.3,74.26661715558856,T1_normal,-102.2138885,34.734027999999995,20.0,-102.2138885,34.734027999999995,161.0,74.3,74.3,666,69.6,T1_normal,transformer,161.0,0.0,False,False
5098,13057,13165,225.3,21.487963870355344,T1_normal,-102.2138885,34.734027999999995,161.0,-102.052422,34.769544,161.0,21.5,40.2,4746,46.6,T1_normal,line,161.0,9.48919761352732,False,False
5099,13057,13207,251.8,15.773032998945068,T1_normal,-102.2138885,34.734027999999995,161.0,-102.351727,34.668882,161.0,15.8,59.6,4947,55.7,T1_normal,line,161.0,9.031438547256784,False,False
5100,13060,13059,264.1,75.72889057175311,T1_normal,-101.186622,35.254184,20.0,-101.186622,35.254184,161.0,75.7,75.7,0,70.8,T1_normal,transformer,161.0,0.0,False,False
5101,13059,13149,200.3,49.377145813847406,T1_normal,-101.186622,35.254184,161.0,-100.934408,35.18172,161.0,49.4,131.9,434,81.2,T6_heavy,line,161.0,15.091567979275707,True,True
5102,13062,13061,250.8,79.74481658692184,T1_normal,-98.74585185714284,26.441022428571426,20.0,-98.74585185714284,26.441022428571426,115.0,79.7,79.7,11,74.5,T1_normal,transformer,115.0,0.0,False,False
5103,13061,13063,220.0,63.39435657626909,T1_normal,-98.74585185714284,26.441022428571426,115.0,-98.74585185714284,26.441022428571426,115.0,63.4,90.9,5104,84.9,T3_prevent,line,115.0,0.0,False,False
5104,13061,13428,220.0,27.514734332820527,T1_normal,-98.74585185714284,26.441022428571426,115.0,-98.74585185714284,26.441022428571426,115.0,27.5,90.9,5103,84.9,T3_prevent,line,115.0,0.0,False,False
5105,13064,13063,247.6,0.0,T1_normal,-98.74585185714284,26.441022428571426,20.0,-98.74585185714284,26.441022428571426,115.0,0.0,0.0,-1,0.0,T1_normal,transformer,115.0,0.0,False,False
5106,13063,13428,260.0,55.8213949625606,T1_normal,-98.74585185714284,26.441022428571426,115.0,-98.74585185714284,26.441022428571426,115.0,55.8,92.2,5107,91.4,T3_prevent,line,115.0,0.0,False,False
5107,13063,13428,260.0,55.8213949625606,T1_normal,-98.74585185714284,26.441022428571426,115.0,-98.74585185714284,26.441022428571426,115.0,55.8,92.2,5106,91.4,T3_prevent,line,115.0,0.0,False,False
5108,13066,13065,242.6,82.44023083264634,T2_watch,-101.1794378,34.0282444,20.0,-101.1794378,34.0282444,161.0,82.4,82.4,55,77.3,T2_watch,transformer,161.0,0.0,False,False
5109,13065,13194,203.8,74.19038272816488,T1_normal,-101.1794378,34.0282444,161.0,-101.1794378,34.0282444,161.0,74.2,75.1,3629,70.5,T1_normal,line,161.0,0.0,False,False
5110,13065,13209,547.0,34.498114809388994,T1_normal,-101.1794378,34.0282444,161.0,-98.1803245,31.84167,161.0,34.5,90.3,4909,100.6,T3_prevent,line,161.0,230.352285460143,False,False
5111,13068,13067,280.1,71.40307033202427,T1_normal,-98.91,27.44,20.0,-98.91,27.44,115.0,71.4,71.4,11,66.9,T1_normal,transformer,115.0,0.0,False,False
5112,13067,13228,138.6,4.406431033194796,T1_normal,-98.91,27.44,115.0,-99.3906115,27.588413625,115.0,4.4,19.3,1189,18.3,T1_normal,line,115.0,31.185667051557136,False,False
5113,13067,13423,146.4,24.535839854856057,T1_normal,-98.91,27.44,115.0,-98.883685,27.48301875,115.0,24.5,81.6,1554,74.6,T2_watch,line,115.0,3.381962317971601,False,False
5114,13070,13069,271.1,0.0,T1_normal,-98.603358,31.684511,20.0,-98.603358,31.684511,161.0,0.0,0.0,-1,0.0,T1_normal,transformer,161.0,0.0,False,False
5115,13072,13071,249.8,80.0640512409928,T2_watch,-100.1097475,32.1590745,20.0,-100.1097475,32.1590745,115.0,80.1,80.1,12,74.8,T2_watch,transformer,115.0,0.0,False,False
5116,13074,13073,309.0,64.72491909385113,T1_normal,-100.559245,31.4624622,20.0,-100.559245,31.4624622,115.0,64.7,64.7,-1,60.5,T1_normal,transformer,115.0,0.0,False,False
5117,13076,13075,260.6,76.74597083653107,T1_normal,-98.74585185714284,26.441022428571426,20.0,-98.74585185714284,26.441022428571426,115.0,76.7,76.7,9,71.8,T1_normal,transformer,115.0,0.0,False,False
5118,13075,13108,220.0,48.10828058087357,T1_normal,-98.74585185714284,26.441022428571426,115.0,-98.3163296,26.4391468,115.0,48.1,82.4,5119,78.8,T2_watch,line,115.0,26.573507611982063,False,False
5119,13075,13108,220.0,48.10828058087357,T1_normal,-98.74585185714284,26.441022428571426,115.0,-98.3163296,26.4391468,115.0,48.1,82.4,5118,78.8,T2_watch,line,115.0,26.573507611982063,False,False
5120,13075,13428,126.8,9.20854460240094,T1_normal,-98.74585185714284,26.441022428571426,115.0,-98.74585185714284,26.441022428571426,115.0,9.2,43.3,1548,44.3,T1_normal,line,115.0,0.0,False,False
5121,13078,13077,294.2,67.98096532970769,T1_normal,-95.24810033333334,33.312846,20.0,-95.24810033333334,33.312846,115.0,68.0,68.0,29,63.5,T1_normal,transformer,115.0,0.0,False,False
5122,13080,13079,299.8,66.71114076050702,T1_normal,-99.8991875,32.803981,20.0,-99.8991875,32.803981,115.0,66.7,66.7,-1,62.3,T1_normal,transformer,115.0,0.0,False,False
5123,13084,13083,258.0,77.51937984496124,T1_normal,-99.63215,28.4834915,20.0,-99.63215,28.4834915,115.0,77.5,77.5,1138,72.7,T1_normal,transformer,115.0,0.0,False,False
5124,13086,13085,252.8,71.24624099587383,T1_normal,-100.883227,33.781077,20.0,-100.883227,33.781077,161.0,71.2,71.2,0,73.9,T1_normal,transformer,161.0,0.0,False,False
5125,13088,13087,258.9,75.28537001413034,T1_normal,-102.59898166666666,30.91979725,20.0,-102.59898166666666,30.91979725,115.0,75.3,75.3,-1,72.2,T1_normal,transformer,115.0,0.0,False,False
5126,13087,13137,111.5,13.553414686798291,T1_normal,-102.59898166666666,30.91979725,115.0,-102.59898166666666,30.91979725,115.0,13.6,19.0,4984,19.3,T1_normal,line,115.0,0.0,False,False
5127,13087,13274,153.3,26.672305597176894,T1_normal,-102.59898166666666,30.91979725,115.0,-102.2726905,31.190672000000003,115.0,26.7,38.6,5131,40.5,T1_normal,line,115.0,26.89406540094141,False,False
5128,13087,13277,103.5,2.383395652436819,T1_normal,-102.59898166666666,30.91979725,115.0,-102.59898166666666,30.91979725,115.0,2.4,16.7,5276,14.5,T1_normal,line,115.0,0.0,False,False
5129,13087,13294,111.8,50.21073619475883,T1_normal,-102.59898166666666,30.91979725,115.0,-102.39869175,31.160862,115.0,50.2,96.6,5276,90.3,T3_prevent,line,115.0,20.445533505695725,False,False
5130,13087,13361,134.5,2.5993234940617715,T1_normal,-102.59898166666666,30.91979725,115.0,-101.9839414,30.8611026,115.0,2.6,5.1,4984,7.3,T1_normal,line,115.0,36.69241818395104,False,False
5131,13087,13364,145.4,48.28907461419388,T1_normal,-102.59898166666666,30.91979725,115.0,-102.414067,30.9564,115.0,48.3,58.7,111,66.4,T1_normal,line,115.0,11.246746996362514,False,False
5132,13087,13371,136.7,43.0519231182573,T1_normal,-102.59898166666666,30.91979725,115.0,-102.414067,30.9564,115.0,43.1,53.0,111,60.2,T1_normal,line,115.0,11.246746996362514,False,False
5133,13087,13399,136.3,13.6398970204732,T1_normal,-102.59898166666666,30.91979725,115.0,-102.59898166666666,30.91979725,115.0,13.6,21.9,5127,21.5,T1_normal,line,115.0,0.0,False,False
5134,13090,13089,304.6,36.477712117895976,T1_normal,-101.80158,33.889462,20.0,-101.80158,33.889462,115.0,36.5,36.5,-1,61.4,T1_normal,transformer,115.0,0.0,False,False
5135,13089,13270,186.4,85.74040715451873,T2_watch,-101.80158,33.889462,115.0,-101.8383465,33.5531785,115.0,85.7,147.0,5136,87.8,T6_heavy,line,115.0,23.33107663124704,True,True
5136,13089,13377,191.0,84.69917159131535,T2_watch,-101.80158,33.889462,115.0,-101.8408,33.6039,115.0,84.7,148.4,5135,84.8,T6_heavy,line,115.0,19.858892912494767,True,True
5137,13089,13395,138.6,56.56887685755018,T1_normal,-101.80158,33.889462,115.0,-101.1794378,34.0282444,115.0,56.6,90.9,5136,34.0,T3_prevent,line,115.0,36.921425248305525,False,False
5138,13092,13091,297.6,0.0,T1_normal,-100.89286566666664,33.327416666666664,20.0,-100.89286566666664,33.327416666666664,161.0,0.0,0.0,-1,0.0,T1_normal,transformer,161.0,0.0,False,False
5139,13094,13093,233.2,85.76329331046313,T2_watch,-97.97505466666668,28.59622966666667,20.0,-97.97505466666668,28.59622966666667,115.0,85.8,85.8,11,80.1,T2_watch,transformer,115.0,0.0,False,False
5140,13096,13095,270.0,0.0,T1_normal,-95.68083125,29.15439325,20.0,-95.68083125,29.15439325,115.0,0.0,0.0,-1,0.0,T1_normal,transformer,115.0,0.0,False,False
5141,13095,13287,124.8,44.259844064326856,T1_normal,-95.68083125,29.15439325,115.0,-95.21873266666668,29.305820666666666,115.0,44.3,57.5,4668,49.6,T1_normal,line,115.0,29.762357289002367,False,False
5142,13095,13404,212.4,27.619847634445584,T1_normal,-95.68083125,29.15439325,115.0,-95.68083125,29.15439325,115.0,27.6,35.7,4056,30.9,T1_normal,line,115.0,0.0,False,False
5143,13098,13097,310.6,0.0,T1_normal,-95.718793,29.017466,20.0,-95.718793,29.017466,115.0,0.0,0.0,-1,0.0,T1_normal,transformer,115.0,0.0,False,False
5144,13097,13402,98.5,41.66460936627149,T1_normal,-95.718793,29.017466,115.0,-95.718793,29.017466,115.0,41.7,69.4,4822,55.5,T1_normal,line,115.0,0.0,False,False
5145,13100,13099,273.1,0.0,T1_normal,-95.69411466666666,29.203734666666666,20.0,-95.69411466666666,29.203734666666666,115.0,0.0,0.0,-1,0.0,T1_normal,transformer,115.0,0.0,False,False
5146,13099,13333,217.7,14.013886870216751,T1_normal,-95.69411466666666,29.203734666666666,115.0,-95.68083125,29.15439325,115.0,14.0,44.6,4668,37.3,T1_normal,line,115.0,3.502111929367268,False,False
5147,13099,13404,221.9,13.74863980011833,T1_normal,-95.69411466666666,29.203734666666666,115.0,-95.68083125,29.15439325,115.0,13.7,43.8,4668,36.6,T1_normal,line,115.0,3.502111929367268,False,False
5148,13102,13101,243.0,0.0,T1_normal,-95.733244,29.47971475,20.0,-95.733244,29.47971475,115.0,0.0,0.0,-1,0.0,T1_normal,transformer,115.0,0.0,False,False
5149,13101,13285,143.0,5.047643267580831,T1_normal,-95.733244,29.47971475,115.0,-95.733244,29.47971475,115.0,5.0,16.5,3307,17.6,T1_normal,line,115.0,0.0,False,False
5150,13105,13104,303.8,1.9386977549465332,T1_normal,-99.11781366666668,28.92295633333333,20.0,-99.11781366666668,28.92295633333333,115.0,1.9,2.1,3629,0.0,T1_normal,transformer,115.0,0.0,False,False
5151,13107,13106,255.7,78.21666014861165,T1_normal,-97.0630125,30.978365,20.0,-97.0630125,30.978365,115.0,78.2,78.2,1548,73.3,T1_normal,transformer,115.0,0.0,False,False
5152,13109,13108,262.2,0.0,T1_normal,-98.3163296,26.4391468,20.0,-98.3163296,26.4391468,115.0,0.0,0.0,-1,0.0,T1_normal,transformer,115.0,0.0,False,False
5153,13108,13289,220.0,39.8718908002235,T1_normal,-98.3163296,26.4391468,115.0,-98.74585185714284,26.441022428571426,115.0,39.9,68.4,5154,64.2,T1_normal,line,115.0,26.573507611982063,False,False
5154,13108,13289,220.0,39.8718908002235,T1_normal,-98.3163296,26.4391468,115.0,-98.74585185714284,26.441022428571426,115.0,39.9,68.4,5153,64.2,T1_normal,line,115.0,26.573507611982063,False,False
5155,13108,13396,181.0,13.759743767189091,T1_normal,-98.3163296,26.4391468,115.0,-98.3163296,26.4391468,115.0,13.8,85.9,5000,84.4,T2_watch,line,115.0,0.0,False,False
5156,13112,13111,243.2,82.23684210526316,T2_watch,-99.5687984,33.0957078,20.0,-99.5687984,33.0957078,161.0,82.2,82.2,12,76.8,T2_watch,transformer,161.0,0.0,False,False
5157,13111,13133,229.0,25.0576766742662,T1_normal,-99.5687984,33.0957078,161.0,-99.37463133333334,33.20651766666666,161.0,25.1,63.5,678,57.1,T1_normal,line,161.0,13.593363777811987,False,False
5158,13115,13114,272.7,72.79061239457279,T1_normal,-95.3200515,33.474677,20.0,-95.3200515,33.474677,161.0,72.8,72.8,614,68.0,T1_normal,transformer,161.0,0.0,False,False
5159,13118,13117,261.7,0.0,T1_normal,-98.44031233333334,31.441731,20.0,-98.44031233333334,31.441731,161.0,0.0,0.0,-1,0.0,T1_normal,transformer,161.0,0.0,False,False
5160,13120,13119,283.0,69.50530035335697,T1_normal,-101.582,31.727237,20.0,-101.582,31.727237,115.0,69.5,69.6,3629,64.9,T1_normal,transformer,115.0,0.0,False,False
5161,13119,13169,240.5,47.195373725065046,T1_normal,-101.582,31.727237,115.0,-101.5842835,31.7486435,115.0,47.2,81.8,292,76.4,T2_watch,line,115.0,1.4851369065557318,False,False
5162,13123,13122,271.9,72.19566016917985,T1_normal,-96.70457766666668,28.589903333333336,20.0,-96.70457766666668,28.589903333333336,115.0,72.2,72.2,3274,67.5,T1_normal,transformer,115.0,0.0,False,False
5163,13125,13124,292.6,66.3021189336978,T1_normal,-102.7019445,35.285972,20.0,-102.7019445,35.285972,161.0,66.3,66.5,3629,62.2,T1_normal,transformer,161.0,0.0,False,False
5164,13124,13171,215.3,74.77937761263416,T1_normal,-102.7019445,35.285972,161.0,-102.7019445,35.285972,161.0,74.8,75.5,3629,69.9,T1_normal,line,161.0,0.0,False,False
5165,13124,13405,391.0,22.815698154568913,T1_normal,-102.7019445,35.285972,161.0,-101.9005,35.9454,161.0,22.8,90.8,4946,84.8,T3_prevent,line,161.0,64.04985179577844,False,False
5166,13129,13128,239.9,68.77865777407254,T1_normal,-97.49144733333333,26.244685,20.0,-97.49144733333333,26.244685,115.0,68.8,68.8,1092,65.8,T1_normal,transformer,115.0,0.0,False,False
5167,13128,13296,194.0,57.447336364205746,T1_normal,-97.49144733333333,26.244685,115.0,-97.4539215,25.94677375,115.0,57.4,82.9,5168,77.9,T2_watch,line,115.0,20.715191898160427,False,False
5168,13128,13296,194.0,57.447336364205746,T1_normal,-97.49144733333333,26.244685,115.0,-97.4539215,25.94677375,115.0,57.4,82.9,5167,77.9,T2_watch,line,115.0,20.715191898160427,False,False
5169,13132,13131,233.0,80.6866952789699,T2_watch,-97.61079925,27.13808725,20.0,-97.61079925,27.13808725,115.0,80.7,80.7,0,75.4,T2_watch,transformer,115.0,0.0,False,False
5170,13134,13133,272.3,67.57253029746596,T1_normal,-99.37463133333334,33.20651766666666,20.0,-99.37463133333334,33.20651766666666,161.0,67.6,67.7,3629,63.1,T1_normal,transformer,161.0,0.0,False,False
5171,13136,13135,233.7,74.77106433459286,T1_normal,-99.4499348,34.1610722,20.0,-99.4499348,34.1610722,161.0,74.8,74.8,-1,73.5,T1_normal,transformer,161.0,0.0,False,False
5172,13138,13137,251.7,70.28581219044024,T1_normal,-102.59898166666666,30.91979725,20.0,-102.59898166666666,30.91979725,115.0,70.3,70.3,3629,67.6,T1_normal,transformer,115.0,0.0,False,False
5173,13137,13274,147.6,3.9075976393753993,T1_normal,-102.59898166666666,30.91979725,115.0,-102.2726905,31.190672000000003,115.0,3.9,6.6,5174,6.3,T1_normal,line,115.0,26.89406540094141,False,False
5174,13137,13277,140.0,20.608786974782284,T1_normal,-102.59898166666666,30.91979725,115.0,-102.59898166666666,30.91979725,115.0,20.6,26.8,3629,25.5,T1_normal,line,115.0,0.0,False,False
5175,13137,13361,135.7,7.521893586633199,T1_normal,-102.59898166666666,30.91979725,115.0,-101.9839414,30.8611026,115.0,7.5,18.2,219,16.8,T1_normal,line,115.0,36.69241818395104,False,False
5176,13137,13364,123.5,44.64461741602513,T1_normal,-102.59898166666666,30.91979725,115.0,-102.414067,30.9564,115.0,44.6,62.4,111,67.6,T1_normal,line,115.0,11.246746996362514,False,False
5177,13137,13399,146.8,7.1279406275704345,T1_normal,-102.59898166666666,30.91979725,115.0,-102.59898166666666,30.91979725,115.0,7.1,10.8,5174,10.7,T1_normal,line,115.0,0.0,False,False
5178,13141,13140,249.4,29.700911817992804,T1_normal,-100.938705,32.130795,20.0,-100.938705,32.130795,115.0,29.7,29.7,16,0.0,T1_normal,transformer,115.0,0.0,False,False
5179,13140,13211,124.6,76.84686049458264,T1_normal,-100.938705,32.130795,115.0,-102.2726905,31.190672000000003,115.0,76.8,104.3,5180,38.3,T4_light,line,115.0,101.85227842993795,True,True
5180,13140,13214,107.5,119.52641646185644,T5_moderate,-100.938705,32.130795,115.0,-102.39869175,31.160862,115.0,119.5,143.7,5181,51.8,T6_heavy,line,115.0,108.9292639916114,True,True
5181,13140,13218,127.4,75.87202262497688,T1_normal,-100.938705,32.130795,115.0,-102.2726905,31.190672000000003,115.0,75.9,97.2,5180,33.6,T3_prevent,line,115.0,101.85227842993795,False,False
5182,13140,13415,124.4,59.47413123021038,T1_normal,-100.938705,32.130795,115.0,-102.2726905,31.190672000000003,115.0,59.5,77.5,5180,27.6,T1_normal,line,115.0,101.85227842993795,False,False
5183,13143,13142,262.1,58.76610989163451,T1_normal,-99.529678,31.25981966666667,20.0,-99.529678,31.25981966666667,115.0,58.8,58.8,2819,68.7,T1_normal,transformer,115.0,0.0,False,False
5184,13142,13179,176.0,29.705297166532137,T1_normal,-99.529678,31.25981966666667,115.0,-99.529678,31.25981966666667,115.0,29.7,65.9,888,84.9,T1_normal,line,115.0,0.0,False,False
5185,13145,13144,261.1,67.68566554089324,T1_normal,-104.508314,31.504614333333333,20.0,-104.508314,31.504614333333333,115.0,67.7,67.7,48,64.4,T1_normal,transformer,115.0,0.0,False,False
5186,13144,13416,242.0,54.52041071875779,T1_normal,-104.508314,31.504614333333333,115.0,-104.085297,31.815992,115.0,54.5,81.8,5187,84.9,T2_watch,line,115.0,32.8904928833799,False,False
5187,13144,13416,242.0,54.52041071875779,T1_normal,-104.508314,31.504614333333333,115.0,-104.085297,31.815992,115.0,54.5,81.8,5186,84.9,T2_watch,line,115.0,32.8904928833799,False,False
5188,13144,13416,242.0,54.52041071875779,T1_normal,-104.508314,31.504614333333333,115.0,-104.085297,31.815992,115.0,54.5,81.8,5186,84.9,T2_watch,line,115.0,32.8904928833799,False,False
5189,13148,13147,207.9,49.96524608648205,T1_normal,-102.59898166666666,30.91979725,20.0,-102.59898166666666,30.91979725,115.0,50.0,50.0,3629,0.0,T1_normal,transformer,115.0,0.0,False,False
5190,13147,13364,115.9,44.15981665672478,T1_normal,-102.59898166666666,30.91979725,115.0,-102.414067,30.9564,115.0,44.2,65.3,4986,77.3,T1_normal,line,115.0,11.246746996362514,False,False
5191,13147,13371,121.1,23.23615409013565,T1_normal,-102.59898166666666,30.91979725,115.0,-102.414067,30.9564,115.0,23.2,45.3,5190,56.6,T1_normal,line,115.0,11.246746996362514,False,False
5192,13150,13149,230.4,75.52083333333341,T1_normal,-100.934408,35.18172,20.0,-100.934408,35.18172,161.0,75.5,75.5,328,70.6,T1_normal,transformer,161.0,0.0,False,False
5193,13153,13152,91.6,1.1111481493827429,T1_normal,-94.945159,29.3895056,20.0,-94.945159,29.3895056,115.0,1.1,1.3,3629,0.0,T1_normal,transformer,115.0,0.0,False,False
5194,13154,13152,88.5,1.1500697229769408,T1_normal,-94.945159,29.3895056,20.0,-94.945159,29.3895056,115.0,1.2,1.3,3629,0.0,T1_normal,transformer,115.0,0.0,False,False
5195,13152,13408,136.7,2.2271918900937284,T1_normal,-94.945159,29.3895056,115.0,-94.945159,29.3895056,115.0,2.2,5.3,4018,4.6,T1_normal,line,115.0,0.0,False,False
5196,13156,13155,256.4,67.0046801872075,T1_normal,-101.856375,31.1644605,20.0,-101.856375,31.1644605,115.0,67.0,67.0,3629,62.6,T1_normal,transformer,115.0,0.0,False,False
5197,13158,13157,209.1,81.06169296987089,T2_watch,-100.2944545,32.227039,20.0,-100.2944545,32.227039,115.0,81.1,81.1,3629,75.7,T2_watch,transformer,115.0,0.0,False,False
5198,13160,13159,202.1,82.97352932332063,T2_watch,-102.06431,35.259819,20.0,-102.06431,35.259819,161.0,83.0,83.0,-1,77.6,T2_watch,transformer,161.0,0.0,False,False
5199,13162,13161,252.0,66.0317460317461,T1_normal,-102.053717,34.378546,20.0,-102.053717,34.378546,161.0,66.0,66.0,3629,61.7,T1_normal,transformer,161.0,0.0,False,False
5200,13164,13163,220.7,0.0,T1_normal,-96.2086544,29.0561128,20.0,-96.2086544,29.0561128,115.0,0.0,0.0,-1,0.0,T1_normal,transformer,115.0,0.0,False,False
5201,13166,13165,248.3,65.64639548932746,T1_normal,-102.052422,34.769544,20.0,-102.052422,34.769544,161.0,65.6,65.6,-1,61.4,T1_normal,transformer,161.0,0.0,False,False
5202,13168,13167,225.3,72.30359520639149,T1_normal,-97.351834,27.96312533333333,20.0,-97.351834,27.96312533333333,115.0,72.3,72.3,20,67.6,T1_normal,transformer,115.0,0.0,False,False
5203,13170,13169,225.8,65.22815995800937,T1_normal,-101.5842835,31.7486435,20.0,-101.5842835,31.7486435,115.0,65.2,65.2,0,67.1,T1_normal,transformer,115.0,0.0,False,False
5204,13172,13171,190.1,84.69226722777492,T2_watch,-102.7019445,35.285972,20.0,-102.7019445,35.285972,161.0,84.7,84.7,4946,79.1,T2_watch,transformer,161.0,0.0,False,False
5205,13175,13174,195.2,1.654046901418837,T1_normal,-102.7719682,32.2803608,20.0,-102.7719682,32.2803608,115.0,1.7,1.7,17,0.0,T1_normal,transformer,115.0,0.0,False,False
5206,13177,13176,108.8,0.0,T1_normal,-95.062261,29.713119,20.0,-95.062261,29.713119,115.0,0.0,0.0,-1,0.0,T1_normal,transformer,115.0,0.0,False,False
5207,13178,13176,124.6,0.0,T1_normal,-95.062261,29.713119,20.0,-95.062261,29.713119,115.0,0.0,0.0,-1,0.0,T1_normal,transformer,115.0,0.0,False,False
5208,13180,13179,194.4,68.94340227673561,T1_normal,-99.529678,31.25981966666667,20.0,-99.529678,31.25981966666667,115.0,68.9,68.9,614,76.9,T1_normal,transformer,115.0,0.0,False,False
5209,13182,13181,223.8,69.21535761266716,T1_normal,-102.59898166666666,30.91979725,20.0,-102.59898166666666,30.91979725,115.0,69.2,69.3,3629,66.8,T1_normal,transformer,115.0,0.0,False,False
5210,13181,13339,237.3,52.83404521650837,T1_normal,-102.59898166666666,30.91979725,115.0,-102.7524375,30.7499505,115.0,52.8,52.8,33,63.2,T1_normal,line,115.0,14.852785724465775,False,False
5211,13184,13183,206.2,0.0,T1_normal,-100.559245,31.4624622,20.0,-100.559245,31.4624622,115.0,0.0,0.0,-1,0.0,T1_normal,transformer,115.0,0.0,False,False
5212,13187,13186,205.9,73.99930054366833,T1_normal,-102.59898166666666,30.91979725,20.0,-102.59898166666666,30.91979725,115.0,74.0,74.1,3629,71.5,T1_normal,transformer,115.0,0.0,False,False
5213,13186,13389,124.1,36.54727098246797,T1_normal,-102.59898166666666,30.91979725,115.0,-103.382675,30.250960666666668,115.0,36.5,88.6,5341,82.8,T2_watch,line,115.0,65.6392255102473,False,False
5214,13186,13397,193.0,1.3984711465091837,T1_normal,-102.59898166666666,30.91979725,115.0,-102.59898166666666,30.91979725,115.0,1.4,83.8,55,94.5,T2_watch,line,115.0,0.0,False,False
5215,13190,13189,235.4,0.0,T1_normal,-102.7524375,30.7499505,20.0,-102.7524375,30.7499505,115.0,0.0,0.0,-1,0.0,T1_normal,transformer,115.0,0.0,False,False
5216,13192,13191,186.9,0.0,T1_normal,-98.677196,32.635105,20.0,-98.677196,32.635105,161.0,0.0,0.0,-1,0.0,T1_normal,transformer,161.0,0.0,False,False
5217,13195,13194,231.9,65.20051746442434,T1_normal,-101.1794378,34.0282444,20.0,-101.1794378,34.0282444,161.0,65.2,65.4,3629,61.3,T1_normal,transformer,161.0,0.0,False,False
5218,13199,13198,227.2,66.02112676056339,T1_normal,-100.650967,31.066996,20.0,-100.650967,31.066996,115.0,66.0,66.0,4,61.7,T1_normal,transformer,115.0,0.0,False,False
5219,13201,13200,194.1,76.32954431945728,T1_normal,-101.35485071428572,35.27871242857143,20.0,-101.35485071428572,35.27871242857143,161.0,76.3,76.5,3629,72.4,T1_normal,transformer,161.0,0.0,False,False
5220,13203,13202,218.3,2.100611708252885,T1_normal,-99.2898065,33.642922,20.0,-99.2898065,33.642922,161.0,2.1,2.1,3629,0.0,T1_normal,transformer,161.0,0.0,False,False
5221,13202,13204,471.0,2.1334772795716668,T1_normal,-99.2898065,33.642922,161.0,-99.2898065,33.642922,161.0,2.1,64.6,1742,82.0,T1_normal,line,161.0,0.0,False,False
5222,13202,13204,471.0,2.1334772795716668,T1_normal,-99.2898065,33.642922,161.0,-99.2898065,33.642922,161.0,2.1,64.6,1742,82.0,T1_normal,line,161.0,0.0,False,False
5223,13205,13204,218.8,66.4599472764552,T1_normal,-99.2898065,33.642922,20.0,-99.2898065,33.642922,161.0,66.5,66.5,16,64.1,T1_normal,transformer,161.0,0.0,False,False
5224,13208,13207,213.9,70.12622720897608,T1_normal,-102.351727,34.668882,20.0,-102.351727,34.668882,161.0,70.1,70.1,13,65.7,T1_normal,transformer,161.0,0.0,False,False
5225,13210,13209,227.2,0.0,T1_normal,-98.1803245,31.84167,20.0,-98.1803245,31.84167,161.0,0.0,0.0,-1,0.0,T1_normal,transformer,161.0,0.0,False,False
5226,13212,13211,193.0,77.72020725388602,T1_normal,-102.2726905,31.190672000000003,20.0,-102.2726905,31.190672000000003,115.0,77.7,77.7,2582,72.6,T1_normal,transformer,115.0,0.0,False,False
5227,13211,13214,144.7,22.14856969604408,T1_normal,-102.2726905,31.190672000000003,115.0,-102.39869175,31.160862,115.0,22.1,41.9,5180,46.9,T1_normal,line,115.0,7.728185448629848,False,False
5228,13211,13218,120.4,25.92506769765493,T1_normal,-102.2726905,31.190672000000003,115.0,-102.2726905,31.190672000000003,115.0,25.9,39.7,5181,45.6,T1_normal,line,115.0,0.0,False,False
5229,13211,13415,124.6,30.56993030279073,T1_normal,-102.2726905,31.190672000000003,115.0,-102.2726905,31.190672000000003,115.0,30.6,45.6,4984,58.3,T1_normal,line,115.0,0.0,False,False
5230,13215,13214,195.9,76.56967840735074,T1_normal,-102.39869175,31.160862,20.0,-102.39869175,31.160862,115.0,76.6,76.6,-1,71.5,T1_normal,transformer,115.0,0.0,False,False
5231,13214,13218,117.7,9.131206239488918,T1_normal,-102.39869175,31.160862,115.0,-102.2726905,31.190672000000003,115.0,9.1,28.4,5181,16.5,T1_normal,line,115.0,7.728185448629848,False,False
5232,13214,13415,123.9,16.66160939137797,T1_normal,-102.39869175,31.160862,115.0,-102.2726905,31.190672000000003,115.0,16.7,35.3,5182,27.8,T1_normal,line,115.0,7.728185448629848,False,False
5233,13217,13216,200.9,0.0,T1_normal,-94.609877,30.042956500000003,20.0,-94.609877,30.042956500000003,115.0,0.0,0.0,-1,0.0,T1_normal,transformer,115.0,0.0,False,False
5234,13216,13398,126.1,25.376685170499627,T1_normal,-94.609877,30.042956500000003,115.0,-94.0656,30.3419,115.0,25.4,25.4,-1,24.6,T1_normal,line,115.0,38.51216977143079,False,False
5235,13219,13218,180.6,83.05647840531562,T2_watch,-102.2726905,31.190672000000003,20.0,-102.2726905,31.190672000000003,115.0,83.1,83.1,0,77.6,T2_watch,transformer,115.0,0.0,False,False
5236,13218,13415,102.0,0.2211647167027921,T1_normal,-102.2726905,31.190672000000003,115.0,-102.2726905,31.190672000000003,115.0,0.2,35.1,5181,25.3,T1_normal,line,115.0,0.0,False,False
5237,13221,13220,178.6,42.51171664385551,T1_normal,-100.938705,32.130795,20.0,-100.938705,32.130795,115.0,42.5,42.6,3629,78.5,T1_normal,transformer,115.0,0.0,False,False
5238,13220,13222,157.2,153.35075802506103,T7_structural,-100.938705,32.130795,115.0,-99.5687984,33.0957078,115.0,153.4,222.6,5239,89.2,T7_structural,line,115.0,103.92811355693864,True,True
5239,13220,13315,330.0,33.00988132866797,T1_normal,-100.938705,32.130795,115.0,-99.5687984,33.0957078,115.0,33.0,106.1,5238,84.9,T4_light,line,115.0,103.92811355693864,True,True
5240,13223,13222,195.1,76.88364941055868,T1_normal,-99.5687984,33.0957078,20.0,-99.5687984,33.0957078,115.0,76.9,76.9,1564,72.1,T1_normal,transformer,115.0,0.0,False,False
5241,13222,13315,330.0,27.596179277392583,T1_normal,-99.5687984,33.0957078,115.0,-99.5687984,33.0957078,115.0,27.6,60.6,5239,84.9,T1_normal,line,115.0,0.0,False,False
5242,13225,13224,177.7,84.41193021947102,T2_watch,-97.49466233333334,28.47964933333333,20.0,-97.49466233333334,28.47964933333333,115.0,84.4,84.4,14,78.9,T2_watch,transformer,115.0,0.0,False,False
5243,13224,13226,231.8,56.091543428264664,T1_normal,-97.49466233333334,28.47964933333333,115.0,-97.49466233333334,28.47964933333333,115.0,56.1,89.3,4934,82.0,T2_watch,line,115.0,0.0,False,False
5244,13227,13226,179.1,83.75209380234503,T2_watch,-97.49466233333334,28.47964933333333,20.0,-97.49466233333334,28.47964933333333,115.0,83.8,83.8,1548,78.3,T2_watch,transformer,115.0,0.0,False,False
5245,13229,13228,181.2,82.77723075610702,T2_watch,-99.3906115,27.588413625,20.0,-99.3906115,27.588413625,115.0,82.8,82.8,3629,77.3,T2_watch,transformer,115.0,0.0,False,False
5246,13231,13230,205.5,72.99270072992701,T1_normal,-101.64011833333332,32.67313766666667,20.0,-101.64011833333332,32.67313766666667,115.0,73.0,73.0,13,68.4,T1_normal,transformer,115.0,0.0,False,False
5247,13233,13232,180.8,82.9646017699115,T2_watch,-95.43283075,29.2128395,20.0,-95.43283075,29.2128395,115.0,83.0,83.0,96,77.6,T2_watch,transformer,115.0,0.0,False,False
5248,13235,13234,211.6,0.0,T1_normal,-96.2086544,29.0561128,20.0,-96.2086544,29.0561128,115.0,0.0,0.0,-1,0.0,T1_normal,transformer,115.0,0.0,False,False
5249,13238,13237,178.4,89.00453403027447,T2_watch,-97.234707,33.503328,20.0,-97.234707,33.503328,161.0,89.0,89.0,551,0.0,T2_watch,transformer,161.0,0.0,False,False
5250,13237,13390,227.6,133.72033006312802,T6_heavy,-97.234707,33.503328,161.0,-97.234707,33.503328,161.0,133.7,184.4,517,82.2,T7_structural,line,161.0,0.0,True,True
5251,13240,13239,221.4,82.72161479266181,T2_watch,-100.967827,29.7051495,20.0,-100.967827,29.7051495,115.0,82.7,82.7,3629,63.0,T2_watch,transformer,115.0,0.0,False,False
5252,13239,13385,170.4,51.01599434924963,T1_normal,-100.967827,29.7051495,115.0,-100.967827,29.7051495,115.0,51.0,115.9,1000,50.3,T5_moderate,line,115.0,0.0,True,True
5253,13239,13391,174.2,27.616073702592445,T1_normal,-100.967827,29.7051495,115.0,-100.967827,29.7051495,115.0,27.6,77.2,842,81.3,T1_normal,line,115.0,0.0,False,False
5254,13239,13391,174.2,27.616073702592445,T1_normal,-100.967827,29.7051495,115.0,-100.967827,29.7051495,115.0,27.6,77.2,842,81.3,T1_normal,line,115.0,0.0,False,False
5255,13242,13241,210.6,0.0,T1_normal,-99.9360515,31.18751,20.0,-99.9360515,31.18751,115.0,0.0,0.0,-1,0.0,T1_normal,transformer,115.0,0.0,False,False
5256,13244,13243,198.3,0.0,T1_normal,-99.1533074,32.3857988,20.0,-99.1533074,32.3857988,161.0,0.0,0.0,-1,0.0,T1_normal,transformer,161.0,0.0,False,False
5257,13243,13282,245.8,56.92212742403462,T1_normal,-99.1533074,32.3857988,161.0,-99.1533074,32.3857988,161.0,56.9,93.5,1939,63.1,T3_prevent,line,161.0,0.0,False,False
5258,13243,13380,223.6,13.494135078814343,T1_normal,-99.1533074,32.3857988,161.0,-99.1533074,32.3857988,161.0,13.5,46.1,5257,50.8,T1_normal,line,161.0,0.0,False,False
5259,13248,13247,205.7,69.32425862907156,T1_normal,-97.49144733333333,26.244685,20.0,-97.49144733333333,26.244685,115.0,69.3,69.3,1353,64.8,T1_normal,transformer,115.0,0.0,False,False
5260,13247,13296,157.0,44.60911640802677,T1_normal,-97.49144733333333,26.244685,115.0,-97.4539215,25.94677375,115.0,44.6,90.8,1363,84.9,T3_prevent,line,115.0,20.715191898160427,False,False
5261,13257,13256,203.4,76.95357968446372,T1_normal,-97.98045,27.918286,20.0,-97.98045,27.918286,115.0,77.0,77.2,3629,60.2,T1_normal,transformer,115.0,0.0,False,False
5262,13260,13259,190.5,65.1497302994606,T1_normal,-99.11781366666668,28.92295633333333,20.0,-99.11781366666668,28.92295633333333,115.0,65.1,65.2,3629,105.0,T1_normal,transformer,115.0,0.0,False,False
5263,13267,13266,195.0,0.0,T1_normal,-97.466582,33.243525500000004,20.0,-97.466582,33.243525500000004,161.0,0.0,0.0,-1,0.0,T1_normal,transformer,161.0,0.0,False,False
5264,13269,13268,173.4,71.28027681660903,T1_normal,-96.0140895,33.412679,20.0,-96.0140895,33.412679,161.0,71.3,71.4,3629,66.6,T1_normal,transformer,161.0,0.0,False,False
5265,13270,13377,217.0,25.25097234219624,T1_normal,-101.8383465,33.5531785,115.0,-101.8408,33.6039,115.0,25.3,64.1,5135,93.2,T1_normal,line,115.0,3.507400824584602,False,False
5266,13270,13417,214.0,19.315547234304184,T1_normal,-101.8383465,33.5531785,115.0,-101.8383465,33.5531785,115.0,19.3,54.6,5135,93.3,T1_normal,line,115.0,0.0,False,False
5267,13272,13271,160.5,0.0,T1_normal,-95.69411466666666,29.203734666666666,20.0,-95.69411466666666,29.203734666666666,115.0,0.0,0.0,-1,0.0,T1_normal,transformer,115.0,0.0,False,False
5268,13271,13287,126.5,41.29864999316203,T1_normal,-95.69411466666666,29.203734666666666,115.0,-95.21873266666668,29.305820666666666,115.0,41.3,53.3,4668,45.8,T1_normal,line,115.0,29.512027913506596,False,False
5269,13271,13328,133.8,57.757855488659,T1_normal,-95.69411466666666,29.203734666666666,115.0,-95.43283075,29.2128395,115.0,57.8,73.4,4668,64.5,T1_normal,line,115.0,15.770290695263803,False,False
5270,13275,13274,152.1,0.0,T1_normal,-102.2726905,31.190672000000003,20.0,-102.2726905,31.190672000000003,115.0,0.0,0.0,-1,0.0,T1_normal,transformer,115.0,0.0,False,False
5271,13274,13277,108.4,42.85075928971697,T1_normal,-102.2726905,31.190672000000003,115.0,-102.59898166666666,30.91979725,115.0,42.9,60.8,5278,67.9,T1_normal,line,115.0,26.89406540094141,False,False
5272,13274,13361,128.4,1.3742399362232838,T1_normal,-102.2726905,31.190672000000003,115.0,-101.9839414,30.8611026,115.0,1.4,5.5,219,5.1,T1_normal,line,115.0,28.47495769547186,False,False
5273,13274,13364,129.2,47.98623179010579,T1_normal,-102.2726905,31.190672000000003,115.0,-102.414067,30.9564,115.0,48.0,60.2,132,68.9,T1_normal,line,115.0,18.22120859459937,False,False
5274,13274,13399,122.7,18.928125468177736,T1_normal,-102.2726905,31.190672000000003,115.0,-102.59898166666666,30.91979725,115.0,18.9,41.1,5271,50.6,T1_normal,line,115.0,26.89406540094141,False,False
5275,13278,13277,174.1,63.67866732878403,T1_normal,-102.59898166666666,30.91979725,20.0,-102.59898166666666,30.91979725,115.0,63.7,63.7,32,62.3,T1_normal,transformer,115.0,0.0,False,False
5276,13277,13294,129.7,39.98796987992248,T1_normal,-102.59898166666666,30.91979725,115.0,-102.39869175,31.160862,115.0,40.0,83.3,5129,77.8,T2_watch,line,115.0,20.445533505695725,False,False
5277,13277,13361,99.7,3.5720618244694244,T1_normal,-102.59898166666666,30.91979725,115.0,-101.9839414,30.8611026,115.0,3.6,7.1,34,11.6,T1_normal,line,115.0,36.69241818395104,False,False
5278,13277,13399,134.2,32.84950267360478,T1_normal,-102.59898166666666,30.91979725,115.0,-102.59898166666666,30.91979725,115.0,32.8,49.6,5271,54.4,T1_normal,line,115.0,0.0,False,False
5279,13281,13280,157.0,73.24840764331218,T1_normal,-100.825,31.888,20.0,-100.825,31.888,115.0,73.2,73.3,3629,68.4,T1_normal,transformer,115.0,0.0,False,False
5280,13280,13413,150.0,21.418589088422852,T1_normal,-100.825,31.888,115.0,-100.98431625,31.875952,115.0,21.4,60.6,1017,67.8,T1_normal,line,115.0,9.384144377304304,False,False
5281,13280,13413,150.0,21.418589088422852,T1_normal,-100.825,31.888,115.0,-100.98431625,31.875952,115.0,21.4,60.6,1017,67.8,T1_normal,line,115.0,9.384144377304304,False,False
5282,13283,13282,177.1,64.87859966120836,T1_normal,-99.1533074,32.3857988,20.0,-99.1533074,32.3857988,161.0,64.9,64.9,1946,60.7,T1_normal,transformer,161.0,0.0,False,False
5283,13282,13380,233.1,16.6309056106354,T1_normal,-99.1533074,32.3857988,161.0,-99.1533074,32.3857988,161.0,16.6,73.9,5257,37.1,T1_normal,line,161.0,0.0,False,False
5284,13286,13285,178.2,0.0,T1_normal,-95.733244,29.47971475,20.0,-95.733244,29.47971475,115.0,0.0,0.0,-1,0.0,T1_normal,transformer,115.0,0.0,False,False
5285,13287,13406,132.3,4.672286106769389,T1_normal,-95.21873266666668,29.305820666666666,115.0,-95.21873266666668,29.305820666666666,115.0,4.7,32.1,3569,30.4,T1_normal,line,115.0,0.0,False,False
5286,13290,13289,164.7,66.78809957498491,T1_normal,-98.74585185714284,26.441022428571426,20.0,-98.74585185714284,26.441022428571426,115.0,66.8,66.8,4325,62.6,T1_normal,transformer,115.0,0.0,False,False
5287,13292,13291,142.3,0.0,T1_normal,-99.849793,31.4410845,20.0,-99.849793,31.4410845,115.0,0.0,0.0,-1,0.0,T1_normal,transformer,115.0,0.0,False,False
5288,13295,13294,158.0,68.35443037974683,T1_normal,-102.39869175,31.160862,20.0,-102.39869175,31.160862,115.0,68.4,68.4,1950,63.9,T1_normal,transformer,115.0,0.0,False,False
5289,13298,13297,141.0,72.7659574468085,T1_normal,-100.340209,28.587968,20.0,-100.340209,28.587968,115.0,72.8,72.9,3629,68.0,T1_normal,transformer,115.0,0.0,False,False
5290,13301,13300,152.4,17.49781277340332,T1_normal,-100.890668,32.313261999999995,20.0,-100.890668,32.313261999999995,115.0,17.5,17.5,226,0.0,T1_normal,transformer,115.0,0.0,False,False
5291,13303,13302,158.2,63.8432364096082,T1_normal,-103.43056166666668,31.453610666666663,20.0,-103.43056166666668,31.453610666666663,115.0,63.8,63.8,-1,59.8,T1_normal,transformer,115.0,0.0,False,False
5292,13302,13397,178.0,59.51424646229186,T1_normal,-103.43056166666668,31.453610666666663,115.0,-102.59898166666666,30.91979725,115.0,59.5,127.4,55,139.4,T6_heavy,line,115.0,61.452662234394744,True,False
5293,13305,13304,134.6,75.03714710252613,T1_normal,-103.361771,31.45115,20.0,-103.361771,31.45115,115.0,75.0,75.2,3629,70.1,T1_normal,transformer,115.0,0.0,False,False
5294,13307,13306,156.0,64.61538461538461,T1_normal,-101.83586283333334,32.75809566666667,20.0,-101.83586283333334,32.75809566666667,115.0,64.6,64.7,3629,60.4,T1_normal,transformer,115.0,0.0,False,False
5295,13306,13317,129.7,51.9098767536188,T1_normal,-101.83586283333334,32.75809566666667,115.0,-101.83586283333334,32.75809566666667,115.0,51.9,79.8,5065,74.5,T1_normal,line,115.0,0.0,False,False
5296,13306,13401,105.6,31.697812358484416,T1_normal,-101.83586283333334,32.75809566666667,115.0,-101.83586283333334,32.75809566666667,115.0,31.7,95.5,5295,89.2,T3_prevent,line,115.0,0.0,False,False
5297,13311,13310,155.2,64.49742268041237,T1_normal,-97.082774,31.356717000000003,20.0,-97.082774,31.356717000000003,161.0,64.5,64.6,3629,60.3,T1_normal,transformer,161.0,0.0,False,False
5298,13312,13403,128.1,23.51576248413269,T1_normal,-100.94008825,32.806441125,115.0,-100.94008825,32.806441125,115.0,23.5,138.1,754,110.3,T6_heavy,line,115.0,0.0,True,False
5299,13314,13313,162.4,61.576354679802954,T1_normal,-99.79466125,29.20340125,20.0,-99.79466125,29.20340125,115.0,61.6,61.6,11,57.6,T1_normal,transformer,115.0,0.0,False,False
5300,13313,13335,135.9,13.51279629435042,T1_normal,-99.79466125,29.20340125,115.0,-99.79466125,29.20340125,115.0,13.5,55.4,5312,40.4,T1_normal,line,115.0,0.0,False,False
5301,13313,13337,138.4,67.45412347297756,T1_normal,-99.79466125,29.20340125,115.0,-99.79466125,29.20340125,115.0,67.5,111.6,5312,78.8,T5_moderate,line,115.0,0.0,True,True
5302,13316,13315,163.8,61.05006105006103,T1_normal,-99.5687984,33.0957078,20.0,-99.5687984,33.0957078,115.0,61.1,61.1,127,57.0,T1_normal,transformer,115.0,0.0,False,False
5303,13318,13317,160.4,62.34413965087282,T1_normal,-101.83586283333334,32.75809566666667,20.0,-101.83586283333334,32.75809566666667,115.0,62.3,62.3,0,58.7,T1_normal,transformer,115.0,0.0,False,False
5304,13317,13401,140.0,25.30853336519507,T1_normal,-101.83586283333334,32.75809566666667,115.0,-101.83586283333334,32.75809566666667,115.0,25.3,90.9,5064,84.9,T3_prevent,line,115.0,0.0,False,False
5305,13320,13319,134.7,58.511369572988016,T1_normal,-102.66795,31.1834,20.0,-102.66795,31.1834,115.0,58.5,58.6,3629,69.5,T1_normal,transformer,115.0,0.0,False,False
5306,13319,13416,265.0,47.75554361694111,T1_normal,-102.66795,31.1834,115.0,-104.085297,31.815992,115.0,47.8,84.5,249,84.2,T2_watch,line,115.0,94.246245172478,False,False
5307,13326,13325,135.2,0.0,T1_normal,-99.4009155,30.7904335,20.0,-99.4009155,30.7904335,115.0,0.0,0.0,-1,0.0,T1_normal,transformer,115.0,0.0,False,False
5308,13329,13328,147.5,0.0,T1_normal,-95.43283075,29.2128395,20.0,-95.43283075,29.2128395,115.0,0.0,0.0,-1,0.0,T1_normal,transformer,115.0,0.0,False,False
5309,13331,13330,141.5,52.1734355437779,T1_normal,-97.3420515,33.318023,20.0,-97.3420515,33.318023,161.0,52.2,52.2,3629,0.0,T1_normal,transformer,161.0,0.0,False,False
5310,13334,13333,161.2,0.0,T1_normal,-95.68083125,29.15439325,20.0,-95.68083125,29.15439325,115.0,0.0,0.0,-1,0.0,T1_normal,transformer,115.0,0.0,False,False
5311,13336,13335,121.1,82.57638315441784,T2_watch,-99.79466125,29.20340125,20.0,-99.79466125,29.20340125,115.0,82.6,82.6,2,77.2,T2_watch,transformer,115.0,0.0,False,False
5312,13335,13337,116.4,55.75922774648842,T1_normal,-99.79466125,29.20340125,115.0,-99.79466125,29.20340125,115.0,55.8,129.8,5301,90.1,T6_heavy,line,115.0,0.0,True,True
5313,13338,13337,150.6,66.40106241699867,T1_normal,-99.79466125,29.20340125,20.0,-99.79466125,29.20340125,115.0,66.4,66.4,63,62.0,T1_normal,transformer,115.0,0.0,False,False
5314,13340,13339,155.9,64.14368184733793,T1_normal,-102.7524375,30.7499505,20.0,-102.7524375,30.7499505,115.0,64.1,64.1,28,59.9,T1_normal,transformer,115.0,0.0,False,False
5315,13339,13397,286.0,8.153270050090873,T1_normal,-102.7524375,30.7499505,115.0,-102.59898166666666,30.91979725,115.0,8.2,78.8,134,84.9,T1_normal,line,115.0,14.852785724465775,False,False
5316,13343,13342,158.4,0.0,T1_normal,-97.409,31.54,20.0,-97.409,31.54,161.0,0.0,0.0,-1,0.0,T1_normal,transformer,161.0,0.0,False,False
5317,13350,13349,145.9,61.9191071624012,T1_normal,-99.4499348,34.1610722,20.0,-99.4499348,34.1610722,161.0,61.9,61.9,0,63.7,T1_normal,transformer,161.0,0.0,False,False
5318,13349,13412,206.0,22.104510105683826,T1_normal,-99.4499348,34.1610722,161.0,-99.4499348,34.1610722,161.0,22.1,44.4,568,60.7,T1_normal,line,161.0,0.0,False,False
5319,13356,13357,139.0,68.69093577654024,T1_normal,-97.00621414285716,28.74651585714286,115.0,-97.00621414285716,28.74651585714286,115.0,68.7,95.6,3425,95.3,T3_prevent,line,115.0,0.0,False,False
5320,13357,13375,111.2,36.26871626161406,T1_normal,-97.00621414285716,28.74651585714286,115.0,-97.00621414285716,28.74651585714286,115.0,36.3,67.4,4328,64.2,T1_normal,line,115.0,0.0,False,False
5321,13360,13359,126.1,66.61379857256145,T1_normal,-101.17026400000002,32.93510466666667,20.0,-101.17026400000002,32.93510466666667,115.0,66.6,66.6,0,62.5,T1_normal,transformer,115.0,0.0,False,False
5322,13362,13361,102.7,80.33106134371958,T2_watch,-101.9839414,30.8611026,20.0,-101.9839414,30.8611026,115.0,80.3,80.3,45,75.3,T2_watch,transformer,115.0,0.0,False,False
5323,13361,13399,99.9,1.848558413715469,T1_normal,-101.9839414,30.8611026,115.0,-102.59898166666666,30.91979725,115.0,1.8,11.1,219,9.8,T1_normal,line,115.0,36.69241818395104,False,False
5324,13365,13364,120.3,68.1797156195676,T1_normal,-102.414067,30.9564,20.0,-102.414067,30.9564,115.0,68.2,68.2,3629,64.1,T1_normal,transformer,115.0,0.0,False,False
5325,13364,13371,131.4,3.3356408583656787,T1_normal,-102.414067,30.9564,115.0,-102.414067,30.9564,115.0,3.3,60.1,4988,56.6,T1_normal,line,115.0,0.0,False,False
5326,13364,13399,147.1,39.36303258162404,T1_normal,-102.414067,30.9564,115.0,-102.59898166666666,30.91979725,115.0,39.4,49.0,132,56.2,T1_normal,line,115.0,11.246746996362514,False,False
5327,13367,13366,120.6,66.74958540630183,T1_normal,-100.56760671428572,32.36118885714286,20.0,-100.56760671428572,32.36118885714286,115.0,66.7,66.7,0,62.4,T1_normal,transformer,115.0,0.0,False,False
5328,13370,13369,110.4,70.74275362318836,T1_normal,-95.2783065,29.276466,20.0,-95.2783065,29.276466,115.0,70.7,70.8,3629,66.1,T1_normal,transformer,115.0,0.0,False,False
5329,13372,13371,125.7,62.06779047525563,T1_normal,-102.414067,30.9564,20.0,-102.414067,30.9564,115.0,62.1,62.1,0,58.4,T1_normal,transformer,115.0,0.0,False,False
5330,13374,13373,111.8,69.76744186046507,T1_normal,-98.8533165,27.140224,20.0,-98.8533165,27.140224,115.0,69.8,69.9,3629,65.2,T1_normal,transformer,115.0,0.0,False,False
5331,13376,13375,110.5,67.87121073418251,T1_normal,-97.00621414285716,28.74651585714286,20.0,-97.00621414285716,28.74651585714286,115.0,67.9,67.9,3629,64.7,T1_normal,transformer,115.0,0.0,False,False
5332,13377,13395,117.1,23.914998569226807,T1_normal,-101.8408,33.6039,115.0,-101.1794378,34.0282444,115.0,23.9,64.6,5136,61.5,T1_normal,line,115.0,47.968945433914215,False,False
5333,13377,13417,192.0,31.763162021568775,T1_normal,-101.8408,33.6039,115.0,-101.8383465,33.5531785,115.0,31.8,71.0,5135,93.6,T1_normal,line,115.0,3.507400824584602,False,False
5334,13379,13378,92.7,0.0,T1_normal,-95.6326335,29.479039,20.0,-95.6326335,29.479039,115.0,0.0,0.0,-1,0.0,T1_normal,transformer,115.0,0.0,False,False
5335,13381,13380,108.3,0.0,T1_normal,-99.1533074,32.3857988,20.0,-99.1533074,32.3857988,161.0,0.0,0.0,-1,0.0,T1_normal,transformer,161.0,0.0,False,False
5336,13383,13382,91.8,76.97973776405148,T1_normal,-97.46203133333334,31.819786000000004,20.0,-97.46203133333334,31.819786000000004,161.0,77.0,77.0,3629,72.8,T1_normal,transformer,161.0,0.0,False,False
5337,13386,13385,88.6,96.91726068958924,T3_prevent,-100.967827,29.7051495,20.0,-100.967827,29.7051495,115.0,96.9,97.0,3629,73.8,T3_prevent,transformer,115.0,0.0,False,False
5338,13388,13387,81.9,73.50427350427353,T1_normal,-96.444571,30.2627995,20.0,-96.444571,30.2627995,115.0,73.5,73.7,3629,68.7,T1_normal,transformer,115.0,0.0,False,False
5339,13389,13400,140.1,10.45313112830599,T1_normal,-103.382675,30.250960666666668,115.0,-103.382675,30.250960666666668,115.0,10.5,42.8,5213,40.0,T1_normal,line,115.0,0.0,False,False
5340,13396,13427,286.0,43.19835034660315,T1_normal,-98.3163296,26.4391468,115.0,-98.74585185714284,26.441022428571426,115.0,43.2,86.4,1243,85.8,T2_watch,line,115.0,26.573507611982063,False,False
5341,13397,13400,121.0,53.42548488492361,T1_normal,-102.59898166666666,30.91979725,115.0,-103.382675,30.250960666666668,115.0,53.4,90.9,5213,84.9,T3_prevent,line,115.0,65.6392255102473,False,False
5342,13405,13419,445.0,31.058287591991977,T1_normal,-101.9005,35.9454,161.0,-101.5408005,35.944565,161.0,31.1,90.8,4946,85.0,T3_prevent,line,161.0,20.120678811675468,False,False
5343,13419,13420,456.0,32.50205697025571,T1_normal,-101.5408005,35.944565,161.0,-101.5408005,35.944565,161.0,32.5,90.8,4946,85.0,T3_prevent,line,161.0,0.0,False,False
