phase,branch_id,reason,detail
baseline,18,non_finite_flow,
baseline,19,non_finite_flow,
baseline,22,non_finite_flow,
baseline,31,non_finite_flow,
baseline,41,non_finite_flow,
baseline,62,non_finite_flow,
baseline,81,non_finite_flow,
baseline,86,non_finite_flow,
baseline,91,non_finite_flow,
baseline,100,non_finite_flow,
baseline,101,non_finite_flow,
baseline,120,non_finite_flow,
baseline,121,non_finite_flow,
baseline,124,non_finite_flow,
baseline,138,non_finite_flow,
baseline,145,non_finite_flow,
baseline,165,non_finite_flow,
baseline,166,non_finite_flow,
baseline,167,non_finite_flow,
baseline,168,non_finite_flow,
baseline,169,non_finite_flow,
baseline,187,non_finite_flow,
baseline,195,non_finite_flow,
baseline,196,non_finite_flow,
baseline,203,non_finite_flow,
baseline,205,non_finite_flow,
baseline,215,non_finite_flow,
baseline,220,non_finite_flow,
baseline,221,non_finite_flow,
baseline,222,non_finite_flow,
baseline,223,non_finite_flow,
baseline,224,non_finite_flow,
baseline,225,non_finite_flow,
baseline,248,non_finite_flow,
baseline,265,non_finite_flow,
baseline,274,non_finite_flow,
baseline,297,non_finite_flow,
baseline,302,non_finite_flow,
baseline,344,non_finite_flow,
baseline,350,non_finite_flow,
baseline,418,non_finite_flow,
baseline,423,non_finite_flow,
baseline,442,non_finite_flow,
baseline,455,non_finite_flow,
baseline,456,non_finite_flow,
baseline,458,non_finite_flow,
baseline,475,non_finite_flow,
baseline,483,non_finite_flow,
baseline,493,non_finite_flow,
baseline,494,non_finite_flow,
baseline,513,non_finite_flow,
baseline,521,non_finite_flow,
baseline,538,non_finite_flow,
baseline,541,non_finite_flow,
baseline,547,non_finite_flow,
baseline,565,non_finite_flow,
baseline,576,non_finite_flow,
baseline,579,non_finite_flow,
baseline,585,non_finite_flow,
baseline,590,non_finite_flow,
baseline,598,non_finite_flow,
baseline,599,non_finite_flow,
baseline,600,non_finite_flow,
baseline,604,non_finite_flow,
baseline,615,non_finite_flow,
baseline,623,non_finite_flow,
baseline,624,non_finite_flow,
baseline,625,non_finite_flow,
baseline,636,non_finite_flow,
baseline,640,non_finite_flow,
baseline,644,non_finite_flow,
baseline,645,non_finite_flow,
baseline,646,non_finite_flow,
baseline,647,non_finite_flow,
baseline,648,non_finite_flow,
baseline,649,non_finite_flow,
baseline,657,non_finite_flow,
baseline,669,non_finite_flow,
baseline,675,non_finite_flow,
baseline,688,non_finite_flow,
baseline,727,non_finite_flow,
baseline,736,non_finite_flow,
baseline,739,non_finite_flow,
baseline,753,non_finite_flow,
baseline,772,non_finite_flow,
baseline,782,non_finite_flow,
baseline,794,non_finite_flow,
baseline,800,non_finite_flow,
baseline,832,non_finite_flow,
baseline,837,non_finite_flow,
baseline,847,non_finite_flow,
baseline,848,non_finite_flow,
baseline,849,non_finite_flow,
baseline,870,non_finite_flow,
baseline,871,non_finite_flow,
baseline,872,non_finite_flow,
baseline,873,non_finite_flow,
baseline,884,non_finite_flow,
baseline,891,non_finite_flow,
baseline,902,non_finite_flow,
baseline,912,non_finite_flow,
baseline,913,non_finite_flow,
baseline,930,non_finite_flow,
baseline,937,non_finite_flow,
baseline,942,non_finite_flow,
baseline,943,non_finite_flow,
baseline,947,non_finite_flow,
baseline,956,non_finite_flow,
baseline,961,non_finite_flow,
baseline,979,non_finite_flow,
baseline,980,non_finite_flow,
baseline,984,non_finite_flow,
baseline,987,non_finite_flow,
baseline,988,non_finite_flow,
baseline,993,non_finite_flow,
baseline,996,non_finite_flow,
baseline,1001,non_finite_flow,
baseline,1008,non_finite_flow,
baseline,1013,non_finite_flow,
baseline,1016,non_finite_flow,
baseline,1020,non_finite_flow,
baseline,1025,non_finite_flow,
baseline,1027,non_finite_flow,
baseline,1032,non_finite_flow,
baseline,1035,non_finite_flow,
baseline,1048,non_finite_flow,
baseline,1057,non_finite_flow,
baseline,1078,non_finite_flow,
baseline,1100,non_finite_flow,
baseline,1111,non_finite_flow,
baseline,1117,non_finite_flow,
baseline,1124,non_finite_flow,
baseline,1133,non_finite_flow,
baseline,1157,non_finite_flow,
baseline,1209,non_finite_flow,
baseline,1226,non_finite_flow,
baseline,1244,non_finite_flow,
baseline,1248,non_finite_flow,
baseline,1249,non_finite_flow,
baseline,1250,non_finite_flow,
baseline,1264,non_finite_flow,
baseline,1278,non_finite_flow,
baseline,1279,non_finite_flow,
baseline,1280,non_finite_flow,
baseline,1288,non_finite_flow,
baseline,1302,non_finite_flow,
baseline,1327,non_finite_flow,
baseline,1328,non_finite_flow,
baseline,1329,non_finite_flow,
baseline,1345,non_finite_flow,
baseline,1346,non_finite_flow,
baseline,1347,non_finite_flow,
baseline,1348,non_finite_flow,
baseline,1361,non_finite_flow,
baseline,1366,non_finite_flow,
baseline,1372,non_finite_flow,
baseline,1383,non_finite_flow,
baseline,1396,non_finite_flow,
baseline,1398,non_finite_flow,
baseline,1399,non_finite_flow,
baseline,1400,non_finite_flow,
baseline,1412,non_finite_flow,
baseline,1413,non_finite_flow,
baseline,1423,non_finite_flow,
baseline,1429,non_finite_flow,
baseline,1430,non_finite_flow,
baseline,1431,non_finite_flow,
baseline,1445,non_finite_flow,
baseline,1451,non_finite_flow,
baseline,1468,non_finite_flow,
baseline,1478,non_finite_flow,
baseline,1480,non_finite_flow,
baseline,1486,non_finite_flow,
baseline,1487,non_finite_flow,
baseline,1488,non_finite_flow,
baseline,1507,non_finite_flow,
baseline,1508,non_finite_flow,
baseline,1509,non_finite_flow,
baseline,1510,non_finite_flow,
baseline,1521,non_finite_flow,
baseline,1527,non_finite_flow,
baseline,1530,non_finite_flow,
baseline,1537,non_finite_flow,
baseline,1539,non_finite_flow,
baseline,1543,non_finite_flow,
baseline,1545,non_finite_flow,
baseline,1549,non_finite_flow,
baseline,1617,non_finite_flow,
baseline,1721,non_finite_flow,
baseline,1737,non_finite_flow,
baseline,1738,non_finite_flow,
baseline,1828,non_finite_flow,
baseline,1829,non_finite_flow,
baseline,1855,non_finite_flow,
baseline,1925,non_finite_flow,
baseline,1942,non_finite_flow,
baseline,1977,non_finite_flow,
baseline,1994,non_finite_flow,
baseline,1995,non_finite_flow,
baseline,2046,non_finite_flow,
baseline,2048,non_finite_flow,
baseline,2060,non_finite_flow,
baseline,2073,non_finite_flow,
baseline,2074,non_finite_flow,
baseline,2084,non_finite_flow,
baseline,2108,non_finite_flow,
baseline,2121,non_finite_flow,
baseline,2148,non_finite_flow,
baseline,2165,non_finite_flow,
baseline,2166,non_finite_flow,
baseline,2167,non_finite_flow,
baseline,2170,non_finite_flow,
baseline,2171,non_finite_flow,
baseline,2172,non_finite_flow,
baseline,2202,non_finite_flow,
baseline,2211,non_finite_flow,
baseline,2226,non_finite_flow,
baseline,2238,non_finite_flow,
baseline,2241,non_finite_flow,
baseline,2289,non_finite_flow,
baseline,2290,non_finite_flow,
baseline,2305,non_finite_flow,
baseline,2319,non_finite_flow,
baseline,2323,non_finite_flow,
baseline,2330,non_finite_flow,
baseline,2331,non_finite_flow,
baseline,2332,non_finite_flow,
baseline,2334,non_finite_flow,
baseline,2335,non_finite_flow,
baseline,2336,non_finite_flow,
baseline,2375,non_finite_flow,
baseline,2376,non_finite_flow,
baseline,2377,non_finite_flow,
baseline,2388,non_finite_flow,
baseline,2389,non_finite_flow,
baseline,2390,non_finite_flow,
baseline,2400,non_finite_flow,
baseline,2401,non_finite_flow,
baseline,2407,non_finite_flow,
baseline,2417,non_finite_flow,
baseline,2441,non_finite_flow,
baseline,2459,non_finite_flow,
baseline,2464,non_finite_flow,
baseline,2475,non_finite_flow,
baseline,2476,non_finite_flow,
baseline,2491,non_finite_flow,
baseline,2492,non_finite_flow,
baseline,2496,non_finite_flow,
baseline,2499,non_finite_flow,
baseline,2507,non_finite_flow,
baseline,2508,non_finite_flow,
baseline,2509,non_finite_flow,
baseline,2515,non_finite_flow,
baseline,2516,non_finite_flow,
baseline,2524,non_finite_flow,
baseline,2525,non_finite_flow,
baseline,2526,non_finite_flow,
baseline,2527,non_finite_flow,
baseline,2528,non_finite_flow,
baseline,2537,non_finite_flow,
baseline,2538,non_finite_flow,
baseline,2539,non_finite_flow,
baseline,2540,non_finite_flow,
baseline,2541,non_finite_flow,
baseline,2542,non_finite_flow,
baseline,2549,non_finite_flow,
baseline,2550,non_finite_flow,
baseline,2559,non_finite_flow,
baseline,2560,non_finite_flow,
baseline,2567,non_finite_flow,
baseline,2578,non_finite_flow,
baseline,2579,non_finite_flow,
baseline,2580,non_finite_flow,
baseline,2632,non_finite_flow,
baseline,2693,non_finite_flow,
baseline,2799,non_finite_flow,
baseline,2800,non_finite_flow,
baseline,2801,non_finite_flow,
baseline,2802,non_finite_flow,
baseline,2803,non_finite_flow,
baseline,2804,non_finite_flow,
baseline,2807,non_finite_flow,
baseline,2808,non_finite_flow,
baseline,2816,non_finite_flow,
baseline,2817,non_finite_flow,
baseline,2818,non_finite_flow,
baseline,2830,non_finite_flow,
baseline,2831,non_finite_flow,
baseline,2874,non_finite_flow,
baseline,2875,non_finite_flow,
baseline,2876,non_finite_flow,
baseline,2988,non_finite_flow,
baseline,2989,non_finite_flow,
baseline,2990,non_finite_flow,
baseline,3015,non_finite_flow,
baseline,3016,non_finite_flow,
baseline,3017,non_finite_flow,
baseline,3018,non_finite_flow,
baseline,3080,non_finite_flow,
baseline,3088,non_finite_flow,
baseline,3123,non_finite_flow,
baseline,3124,non_finite_flow,
baseline,3164,non_finite_flow,
baseline,3165,non_finite_flow,
baseline,3168,non_finite_flow,
baseline,3169,non_finite_flow,
baseline,3181,non_finite_flow,
baseline,3182,non_finite_flow,
baseline,3183,non_finite_flow,
baseline,3184,non_finite_flow,
baseline,3193,non_finite_flow,
baseline,3207,non_finite_flow,
baseline,3223,non_finite_flow,
baseline,3224,non_finite_flow,
baseline,3225,non_finite_flow,
baseline,3230,non_finite_flow,
baseline,3231,non_finite_flow,
baseline,3232,non_finite_flow,
baseline,3233,non_finite_flow,
baseline,3279,non_finite_flow,
baseline,3280,non_finite_flow,
baseline,3281,non_finite_flow,
baseline,3282,non_finite_flow,
baseline,3283,non_finite_flow,
baseline,3347,non_finite_flow,
baseline,3348,non_finite_flow,
baseline,3349,non_finite_flow,
baseline,3350,non_finite_flow,
baseline,3381,non_finite_flow,
baseline,3382,non_finite_flow,
baseline,3383,non_finite_flow,
baseline,3384,non_finite_flow,
baseline,3421,non_finite_flow,
baseline,3422,non_finite_flow,
baseline,3490,non_finite_flow,
baseline,3491,non_finite_flow,
baseline,3492,non_finite_flow,
baseline,3493,non_finite_flow,
baseline,3494,non_finite_flow,
baseline,3495,non_finite_flow,
baseline,3498,non_finite_flow,
baseline,3499,non_finite_flow,
baseline,3513,non_finite_flow,
baseline,3538,non_finite_flow,
baseline,3539,non_finite_flow,
baseline,3541,non_finite_flow,
baseline,3542,non_finite_flow,
baseline,3560,non_finite_flow,
baseline,3630,non_finite_flow,
baseline,3665,non_finite_flow,
baseline,3666,non_finite_flow,
baseline,3667,non_finite_flow,
baseline,3668,non_finite_flow,
baseline,3669,non_finite_flow,
baseline,3670,non_finite_flow,
baseline,3705,non_finite_flow,
baseline,3714,non_finite_flow,
baseline,3735,non_finite_flow,
baseline,3737,non_finite_flow,
baseline,3738,non_finite_flow,
baseline,3739,non_finite_flow,
baseline,3740,non_finite_flow,
baseline,3741,non_finite_flow,
baseline,3819,non_finite_flow,
baseline,3820,non_finite_flow,
baseline,3821,non_finite_flow,
baseline,3822,non_finite_flow,
baseline,3823,non_finite_flow,
baseline,3824,non_finite_flow,
baseline,3825,non_finite_flow,
baseline,3826,non_finite_flow,
baseline,3827,non_finite_flow,
baseline,3941,non_finite_flow,
baseline,3976,non_finite_flow,
baseline,4027,non_finite_flow,
baseline,4035,non_finite_flow,
baseline,4044,non_finite_flow,
baseline,4046,non_finite_flow,
baseline,4052,non_finite_flow,
baseline,4071,non_finite_flow,
baseline,4098,non_finite_flow,
baseline,4105,non_finite_flow,
baseline,4106,non_finite_flow,
baseline,4107,non_finite_flow,
baseline,4108,non_finite_flow,
baseline,4121,non_finite_flow,
baseline,4122,non_finite_flow,
baseline,4124,non_finite_flow,
baseline,4125,non_finite_flow,
baseline,4127,non_finite_flow,
baseline,4128,non_finite_flow,
baseline,4133,non_finite_flow,
baseline,4134,non_finite_flow,
baseline,4135,non_finite_flow,
baseline,4164,non_finite_flow,
baseline,4165,non_finite_flow,
baseline,4166,non_finite_flow,
baseline,4180,non_finite_flow,
baseline,4194,non_finite_flow,
baseline,4195,non_finite_flow,
baseline,4196,non_finite_flow,
baseline,4197,non_finite_flow,
baseline,4202,non_finite_flow,
baseline,4207,non_finite_flow,
baseline,4208,non_finite_flow,
baseline,4210,non_finite_flow,
baseline,4211,non_finite_flow,
baseline,4237,non_finite_flow,
baseline,4238,non_finite_flow,
baseline,4239,non_finite_flow,
baseline,4240,non_finite_flow,
baseline,4241,non_finite_flow,
baseline,4242,non_finite_flow,
baseline,4243,non_finite_flow,
baseline,4244,non_finite_flow,
baseline,4245,non_finite_flow,
baseline,4257,non_finite_flow,
baseline,4258,non_finite_flow,
baseline,4259,non_finite_flow,
baseline,4260,non_finite_flow,
baseline,4261,non_finite_flow,
baseline,4268,non_finite_flow,
baseline,4280,non_finite_flow,
baseline,4281,non_finite_flow,
baseline,4288,non_finite_flow,
baseline,4295,non_finite_flow,
baseline,4300,non_finite_flow,
baseline,4306,non_finite_flow,
baseline,4307,non_finite_flow,
baseline,4316,non_finite_flow,
baseline,4331,non_finite_flow,
baseline,4332,non_finite_flow,
baseline,4333,non_finite_flow,
baseline,4334,non_finite_flow,
baseline,4335,non_finite_flow,
baseline,4345,non_finite_flow,
baseline,4346,non_finite_flow,
baseline,4347,non_finite_flow,
baseline,4348,non_finite_flow,
baseline,4349,non_finite_flow,
baseline,4434,non_finite_flow,
baseline,4454,non_finite_flow,
baseline,4455,non_finite_flow,
baseline,4456,non_finite_flow,
baseline,4457,non_finite_flow,
baseline,4458,non_finite_flow,
baseline,4459,non_finite_flow,
baseline,4495,non_finite_flow,
baseline,4496,non_finite_flow,
baseline,4499,non_finite_flow,
baseline,4502,non_finite_flow,
baseline,4503,non_finite_flow,
baseline,4512,non_finite_flow,
baseline,4513,non_finite_flow,
baseline,4514,non_finite_flow,
baseline,4515,non_finite_flow,
baseline,4525,non_finite_flow,
baseline,4526,non_finite_flow,
baseline,4541,non_finite_flow,
baseline,4555,non_finite_flow,
baseline,4567,non_finite_flow,
baseline,4572,non_finite_flow,
baseline,4587,non_finite_flow,
baseline,4588,non_finite_flow,
baseline,4615,non_finite_flow,
baseline,4616,non_finite_flow,
baseline,4624,non_finite_flow,
baseline,4631,non_finite_flow,
baseline,4632,non_finite_flow,
baseline,4636,non_finite_flow,
baseline,4640,non_finite_flow,
baseline,4641,non_finite_flow,
baseline,4642,non_finite_flow,
baseline,4645,non_finite_flow,
baseline,4646,non_finite_flow,
baseline,4647,non_finite_flow,
baseline,4648,non_finite_flow,
baseline,4649,non_finite_flow,
baseline,4650,non_finite_flow,
baseline,4651,non_finite_flow,
baseline,4652,non_finite_flow,
baseline,4655,non_finite_flow,
baseline,4656,non_finite_flow,
baseline,4657,non_finite_flow,
baseline,4658,non_finite_flow,
baseline,4659,non_finite_flow,
baseline,4664,non_finite_flow,
baseline,4665,non_finite_flow,
baseline,4666,non_finite_flow,
baseline,4667,non_finite_flow,
baseline,4669,non_finite_flow,
baseline,4670,non_finite_flow,
baseline,4671,non_finite_flow,
baseline,4672,non_finite_flow,
baseline,4674,non_finite_flow,
baseline,4675,non_finite_flow,
baseline,4676,non_finite_flow,
baseline,4677,non_finite_flow,
baseline,4678,non_finite_flow,
baseline,4679,non_finite_flow,
baseline,4681,non_finite_flow,
baseline,4682,non_finite_flow,
baseline,4683,non_finite_flow,
baseline,4684,non_finite_flow,
baseline,4685,non_finite_flow,
baseline,4689,non_finite_flow,
baseline,4690,non_finite_flow,
baseline,4691,non_finite_flow,
baseline,4692,non_finite_flow,
baseline,4693,non_finite_flow,
baseline,4694,non_finite_flow,
baseline,4702,non_finite_flow,
baseline,4708,non_finite_flow,
baseline,4712,non_finite_flow,
baseline,4717,non_finite_flow,
baseline,4724,non_finite_flow,
baseline,4725,non_finite_flow,
baseline,4726,non_finite_flow,
baseline,4728,non_finite_flow,
baseline,4729,non_finite_flow,
baseline,4730,non_finite_flow,
baseline,4731,non_finite_flow,
baseline,4732,non_finite_flow,
baseline,4733,non_finite_flow,
baseline,4739,non_finite_flow,
baseline,4740,non_finite_flow,
baseline,4741,non_finite_flow,
baseline,4747,non_finite_flow,
baseline,4752,non_finite_flow,
baseline,4753,non_finite_flow,
baseline,4754,non_finite_flow,
baseline,4758,non_finite_flow,
baseline,4766,non_finite_flow,
baseline,4769,non_finite_flow,
baseline,4773,non_finite_flow,
baseline,4775,non_finite_flow,
baseline,4778,non_finite_flow,
baseline,4779,non_finite_flow,
baseline,4780,non_finite_flow,
baseline,4781,non_finite_flow,
baseline,4782,non_finite_flow,
baseline,4783,non_finite_flow,
baseline,4784,non_finite_flow,
baseline,4786,non_finite_flow,
baseline,4787,non_finite_flow,
baseline,4790,non_finite_flow,
baseline,4791,non_finite_flow,
baseline,4798,non_finite_flow,
baseline,4799,non_finite_flow,
baseline,4801,non_finite_flow,
baseline,4802,non_finite_flow,
baseline,4803,non_finite_flow,
baseline,4804,non_finite_flow,
baseline,4805,non_finite_flow,
baseline,4806,non_finite_flow,
baseline,4809,non_finite_flow,
baseline,4810,non_finite_flow,
baseline,4813,non_finite_flow,
baseline,4823,non_finite_flow,
baseline,4824,non_finite_flow,
baseline,4825,non_finite_flow,
baseline,4826,non_finite_flow,
baseline,4827,non_finite_flow,
baseline,4828,non_finite_flow,
baseline,4829,non_finite_flow,
baseline,4830,non_finite_flow,
baseline,4831,non_finite_flow,
baseline,4832,non_finite_flow,
baseline,4833,non_finite_flow,
baseline,4834,non_finite_flow,
baseline,4835,non_finite_flow,
baseline,4836,non_finite_flow,
baseline,4838,non_finite_flow,
baseline,4839,non_finite_flow,
baseline,4844,non_finite_flow,
baseline,4846,non_finite_flow,
baseline,4847,non_finite_flow,
baseline,4848,non_finite_flow,
baseline,4849,non_finite_flow,
baseline,4850,non_finite_flow,
baseline,4851,non_finite_flow,
baseline,4852,non_finite_flow,
baseline,4853,non_finite_flow,
baseline,4854,non_finite_flow,
baseline,4855,non_finite_flow,
baseline,4859,non_finite_flow,
baseline,4860,non_finite_flow,
baseline,4861,non_finite_flow,
baseline,4862,non_finite_flow,
baseline,4863,non_finite_flow,
baseline,4867,non_finite_flow,
baseline,4872,non_finite_flow,
baseline,4877,non_finite_flow,
baseline,4878,non_finite_flow,
baseline,4879,non_finite_flow,
baseline,4880,non_finite_flow,
baseline,4883,non_finite_flow,
baseline,4884,non_finite_flow,
baseline,4888,non_finite_flow,
baseline,4889,non_finite_flow,
baseline,4893,non_finite_flow,
baseline,4898,non_finite_flow,
baseline,4900,non_finite_flow,
baseline,4901,non_finite_flow,
baseline,4908,non_finite_flow,
baseline,4913,non_finite_flow,
baseline,4917,non_finite_flow,
baseline,4918,non_finite_flow,
baseline,4922,non_finite_flow,
baseline,4927,non_finite_flow,
baseline,4928,non_finite_flow,
baseline,4929,non_finite_flow,
baseline,4930,non_finite_flow,
baseline,4941,non_finite_flow,
baseline,4948,non_finite_flow,
baseline,4949,non_finite_flow,
baseline,4952,non_finite_flow,
baseline,4955,non_finite_flow,
baseline,4956,non_finite_flow,
baseline,4957,non_finite_flow,
baseline,4958,non_finite_flow,
baseline,4960,non_finite_flow,
baseline,4965,non_finite_flow,
baseline,4966,non_finite_flow,
baseline,4969,non_finite_flow,
baseline,4970,non_finite_flow,
baseline,4971,non_finite_flow,
baseline,4977,non_finite_flow,
baseline,4980,non_finite_flow,
baseline,4981,non_finite_flow,
baseline,4982,non_finite_flow,
baseline,4983,non_finite_flow,
baseline,4990,non_finite_flow,
baseline,4993,non_finite_flow,
baseline,4994,non_finite_flow,
baseline,4996,non_finite_flow,
baseline,4997,non_finite_flow,
baseline,4998,non_finite_flow,
baseline,5001,non_finite_flow,
baseline,5003,non_finite_flow,
baseline,5007,non_finite_flow,
baseline,5009,non_finite_flow,
baseline,5010,non_finite_flow,
baseline,5012,non_finite_flow,
baseline,5013,non_finite_flow,
baseline,5014,non_finite_flow,
baseline,5015,non_finite_flow,
baseline,5016,non_finite_flow,
baseline,5018,non_finite_flow,
baseline,5021,non_finite_flow,
baseline,5022,non_finite_flow,
baseline,5023,non_finite_flow,
baseline,5024,non_finite_flow,
baseline,5025,non_finite_flow,
baseline,5026,non_finite_flow,
baseline,5027,non_finite_flow,
baseline,5030,non_finite_flow,
baseline,5031,non_finite_flow,
baseline,5034,non_finite_flow,
baseline,5035,non_finite_flow,
baseline,5036,non_finite_flow,
baseline,5039,non_finite_flow,
baseline,5041,non_finite_flow,
baseline,5044,non_finite_flow,
baseline,5048,non_finite_flow,
baseline,5051,non_finite_flow,
baseline,5053,non_finite_flow,
baseline,5054,non_finite_flow,
baseline,5055,non_finite_flow,
baseline,5056,non_finite_flow,
baseline,5057,non_finite_flow,
baseline,5058,non_finite_flow,
baseline,5060,non_finite_flow,
baseline,5061,non_finite_flow,
baseline,5062,non_finite_flow,
baseline,5066,non_finite_flow,
baseline,5068,non_finite_flow,
baseline,5069,non_finite_flow,
baseline,5070,non_finite_flow,
baseline,5071,non_finite_flow,
baseline,5072,non_finite_flow,
baseline,5073,non_finite_flow,
baseline,5074,non_finite_flow,
baseline,5075,non_finite_flow,
baseline,5081,non_finite_flow,
baseline,5083,non_finite_flow,
baseline,5085,non_finite_flow,
baseline,5086,non_finite_flow,
baseline,5087,non_finite_flow,
baseline,5089,non_finite_flow,
baseline,5090,non_finite_flow,
baseline,5091,non_finite_flow,
baseline,5092,non_finite_flow,
baseline,5094,non_finite_flow,
baseline,5095,non_finite_flow,
baseline,5096,non_finite_flow,
baseline,5097,non_finite_flow,
baseline,5100,non_finite_flow,
baseline,5102,non_finite_flow,
baseline,5105,non_finite_flow,
baseline,5108,non_finite_flow,
baseline,5109,non_finite_flow,
baseline,5111,non_finite_flow,
baseline,5114,non_finite_flow,
baseline,5115,non_finite_flow,
baseline,5116,non_finite_flow,
baseline,5117,non_finite_flow,
baseline,5121,non_finite_flow,
baseline,5122,non_finite_flow,
baseline,5123,non_finite_flow,
baseline,5124,non_finite_flow,
baseline,5125,non_finite_flow,
baseline,5134,non_finite_flow,
baseline,5138,non_finite_flow,
baseline,5139,non_finite_flow,
baseline,5140,non_finite_flow,
baseline,5143,non_finite_flow,
baseline,5145,non_finite_flow,
baseline,5148,non_finite_flow,
baseline,5150,non_finite_flow,
baseline,5151,non_finite_flow,
baseline,5152,non_finite_flow,
baseline,5156,non_finite_flow,
baseline,5158,non_finite_flow,
baseline,5159,non_finite_flow,
baseline,5160,non_finite_flow,
baseline,5162,non_finite_flow,
baseline,5163,non_finite_flow,
baseline,5164,non_finite_flow,
baseline,5166,non_finite_flow,
baseline,5169,non_finite_flow,
baseline,5170,non_finite_flow,
baseline,5171,non_finite_flow,
baseline,5172,non_finite_flow,
baseline,5178,non_finite_flow,
baseline,5183,non_finite_flow,
baseline,5185,non_finite_flow,
baseline,5189,non_finite_flow,
baseline,5192,non_finite_flow,
baseline,5193,non_finite_flow,
baseline,5194,non_finite_flow,
baseline,5196,non_finite_flow,
baseline,5197,non_finite_flow,
baseline,5198,non_finite_flow,
baseline,5199,non_finite_flow,
baseline,5200,non_finite_flow,
baseline,5201,non_finite_flow,
baseline,5202,non_finite_flow,
baseline,5203,non_finite_flow,
baseline,5204,non_finite_flow,
baseline,5205,non_finite_flow,
baseline,5206,non_finite_flow,
baseline,5207,non_finite_flow,
baseline,5208,non_finite_flow,
baseline,5209,non_finite_flow,
baseline,5210,non_finite_flow,
baseline,5211,non_finite_flow,
baseline,5212,non_finite_flow,
baseline,5215,non_finite_flow,
baseline,5216,non_finite_flow,
baseline,5217,non_finite_flow,
baseline,5218,non_finite_flow,
baseline,5219,non_finite_flow,
baseline,5220,non_finite_flow,
baseline,5223,non_finite_flow,
baseline,5224,non_finite_flow,
baseline,5225,non_finite_flow,
baseline,5226,non_finite_flow,
baseline,5230,non_finite_flow,
baseline,5233,non_finite_flow,
baseline,5234,non_finite_flow,
baseline,5235,non_finite_flow,
baseline,5237,non_finite_flow,
baseline,5240,non_finite_flow,
baseline,5242,non_finite_flow,
baseline,5244,non_finite_flow,
baseline,5245,non_finite_flow,
baseline,5246,non_finite_flow,
baseline,5247,non_finite_flow,
baseline,5248,non_finite_flow,
baseline,5249,non_finite_flow,
baseline,5251,non_finite_flow,
baseline,5255,non_finite_flow,
baseline,5256,non_finite_flow,
baseline,5259,non_finite_flow,
baseline,5261,non_finite_flow,
baseline,5262,non_finite_flow,
baseline,5263,non_finite_flow,
baseline,5264,non_finite_flow,
baseline,5267,non_finite_flow,
baseline,5270,non_finite_flow,
baseline,5275,non_finite_flow,
baseline,5279,non_finite_flow,
baseline,5282,non_finite_flow,
baseline,5284,non_finite_flow,
baseline,5286,non_finite_flow,
baseline,5287,non_finite_flow,
baseline,5288,non_finite_flow,
baseline,5289,non_finite_flow,
baseline,5290,non_finite_flow,
baseline,5291,non_finite_flow,
baseline,5293,non_finite_flow,
baseline,5294,non_finite_flow,
baseline,5297,non_finite_flow,
baseline,5299,non_finite_flow,
baseline,5302,non_finite_flow,
baseline,5303,non_finite_flow,
baseline,5305,non_finite_flow,
baseline,5307,non_finite_flow,
baseline,5308,non_finite_flow,
baseline,5309,non_finite_flow,
baseline,5310,non_finite_flow,
baseline,5311,non_finite_flow,
baseline,5313,non_finite_flow,
baseline,5314,non_finite_flow,
baseline,5316,non_finite_flow,
baseline,5317,non_finite_flow,
baseline,5321,non_finite_flow,
baseline,5322,non_finite_flow,
baseline,5324,non_finite_flow,
baseline,5327,non_finite_flow,
baseline,5328,non_finite_flow,
baseline,5329,non_finite_flow,
baseline,5330,non_finite_flow,
baseline,5331,non_finite_flow,
baseline,5334,non_finite_flow,
baseline,5335,non_finite_flow,
baseline,5336,non_finite_flow,
baseline,5337,non_finite_flow,
baseline,5338,non_finite_flow,
injected,18,non_finite_flow,
injected,19,non_finite_flow,
injected,22,non_finite_flow,
injected,31,non_finite_flow,
injected,41,non_finite_flow,
injected,62,non_finite_flow,
injected,81,non_finite_flow,
injected,86,non_finite_flow,
injected,91,non_finite_flow,
injected,100,non_finite_flow,
injected,101,non_finite_flow,
injected,120,non_finite_flow,
injected,121,non_finite_flow,
injected,124,non_finite_flow,
injected,138,non_finite_flow,
injected,145,non_finite_flow,
injected,165,non_finite_flow,
injected,166,non_finite_flow,
injected,167,non_finite_flow,
injected,168,non_finite_flow,
injected,169,non_finite_flow,
injected,187,non_finite_flow,
injected,195,non_finite_flow,
injected,196,non_finite_flow,
injected,203,non_finite_flow,
injected,205,non_finite_flow,
injected,215,non_finite_flow,
injected,220,non_finite_flow,
injected,221,non_finite_flow,
injected,222,non_finite_flow,
injected,223,non_finite_flow,
injected,224,non_finite_flow,
injected,225,non_finite_flow,
injected,248,non_finite_flow,
injected,265,non_finite_flow,
injected,274,non_finite_flow,
injected,297,non_finite_flow,
injected,302,non_finite_flow,
injected,344,non_finite_flow,
injected,350,non_finite_flow,
injected,418,non_finite_flow,
injected,423,non_finite_flow,
injected,442,non_finite_flow,
injected,455,non_finite_flow,
injected,456,non_finite_flow,
injected,458,non_finite_flow,
injected,475,non_finite_flow,
injected,483,non_finite_flow,
injected,493,non_finite_flow,
injected,494,non_finite_flow,
injected,513,non_finite_flow,
injected,521,non_finite_flow,
injected,538,non_finite_flow,
injected,541,non_finite_flow,
injected,547,non_finite_flow,
injected,565,non_finite_flow,
injected,576,non_finite_flow,
injected,579,non_finite_flow,
injected,585,non_finite_flow,
injected,590,non_finite_flow,
injected,598,non_finite_flow,
injected,599,non_finite_flow,
injected,600,non_finite_flow,
injected,604,non_finite_flow,
injected,615,non_finite_flow,
injected,623,non_finite_flow,
injected,624,non_finite_flow,
injected,625,non_finite_flow,
injected,636,non_finite_flow,
injected,640,non_finite_flow,
injected,644,non_finite_flow,
injected,645,non_finite_flow,
injected,646,non_finite_flow,
injected,647,non_finite_flow,
injected,648,non_finite_flow,
injected,649,non_finite_flow,
injected,657,non_finite_flow,
injected,669,non_finite_flow,
injected,675,non_finite_flow,
injected,688,non_finite_flow,
injected,727,non_finite_flow,
injected,736,non_finite_flow,
injected,739,non_finite_flow,
injected,753,non_finite_flow,
injected,772,non_finite_flow,
injected,782,non_finite_flow,
injected,794,non_finite_flow,
injected,800,non_finite_flow,
injected,832,non_finite_flow,
injected,837,non_finite_flow,
injected,847,non_finite_flow,
injected,848,non_finite_flow,
injected,849,non_finite_flow,
injected,870,non_finite_flow,
injected,871,non_finite_flow,
injected,872,non_finite_flow,
injected,873,non_finite_flow,
injected,884,non_finite_flow,
injected,891,non_finite_flow,
injected,902,non_finite_flow,
injected,912,non_finite_flow,
injected,913,non_finite_flow,
injected,930,non_finite_flow,
injected,937,non_finite_flow,
injected,942,non_finite_flow,
injected,943,non_finite_flow,
injected,947,non_finite_flow,
injected,956,non_finite_flow,
injected,961,non_finite_flow,
injected,979,non_finite_flow,
injected,980,non_finite_flow,
injected,984,non_finite_flow,
injected,987,non_finite_flow,
injected,988,non_finite_flow,
injected,993,non_finite_flow,
injected,996,non_finite_flow,
injected,1001,non_finite_flow,
injected,1008,non_finite_flow,
injected,1013,non_finite_flow,
injected,1016,non_finite_flow,
injected,1020,non_finite_flow,
injected,1025,non_finite_flow,
injected,1027,non_finite_flow,
injected,1032,non_finite_flow,
injected,1035,non_finite_flow,
injected,1048,non_finite_flow,
injected,1057,non_finite_flow,
injected,1078,non_finite_flow,
injected,1100,non_finite_flow,
injected,1111,non_finite_flow,
injected,1117,non_finite_flow,
injected,1124,non_finite_flow,
injected,1133,non_finite_flow,
injected,1157,non_finite_flow,
injected,1209,non_finite_flow,
injected,1226,non_finite_flow,
injected,1244,non_finite_flow,
injected,1248,non_finite_flow,
injected,1249,non_finite_flow,
injected,1250,non_finite_flow,
injected,1264,non_finite_flow,
injected,1278,non_finite_flow,
injected,1279,non_finite_flow,
injected,1280,non_finite_flow,
injected,1288,non_finite_flow,
injected,1302,non_finite_flow,
injected,1327,non_finite_flow,
injected,1328,non_finite_flow,
injected,1329,non_finite_flow,
injected,1345,non_finite_flow,
injected,1346,non_finite_flow,
injected,1347,non_finite_flow,
injected,1348,non_finite_flow,
injected,1361,non_finite_flow,
injected,1366,non_finite_flow,
injected,1372,non_finite_flow,
injected,1383,non_finite_flow,
injected,1396,non_finite_flow,
injected,1398,non_finite_flow,
injected,1399,non_finite_flow,
injected,1400,non_finite_flow,
injected,1412,non_finite_flow,
injected,1413,non_finite_flow,
injected,1423,non_finite_flow,
injected,1429,non_finite_flow,
injected,1430,non_finite_flow,
injected,1431,non_finite_flow,
injected,1445,non_finite_flow,
injected,1451,non_finite_flow,
injected,1468,non_finite_flow,
injected,1478,non_finite_flow,
injected,1480,non_finite_flow,
injected,1486,non_finite_flow,
injected,1487,non_finite_flow,
injected,1488,non_finite_flow,
injected,1507,non_finite_flow,
injected,1508,non_finite_flow,
injected,1509,non_finite_flow,
injected,1510,non_finite_flow,
injected,1521,non_finite_flow,
injected,1527,non_finite_flow,
injected,1530,non_finite_flow,
injected,1537,non_finite_flow,
injected,1539,non_finite_flow,
injected,1543,non_finite_flow,
injected,1545,non_finite_flow,
injected,1549,non_finite_flow,
injected,1617,non_finite_flow,
injected,1721,non_finite_flow,
injected,1737,non_finite_flow,
injected,1738,non_finite_flow,
injected,1828,non_finite_flow,
injected,1829,non_finite_flow,
injected,1855,non_finite_flow,
injected,1925,non_finite_flow,
injected,1942,non_finite_flow,
injected,1977,non_finite_flow,
injected,1994,non_finite_flow,
injected,1995,non_finite_flow,
injected,2046,non_finite_flow,
injected,2048,non_finite_flow,
injected,2060,non_finite_flow,
injected,2073,non_finite_flow,
injected,2074,non_finite_flow,
injected,2084,non_finite_flow,
injected,2108,non_finite_flow,
injected,2121,non_finite_flow,
injected,2148,non_finite_flow,
injected,2165,non_finite_flow,
injected,2166,non_finite_flow,
injected,2167,non_finite_flow,
injected,2170,non_finite_flow,
injected,2171,non_finite_flow,
injected,2172,non_finite_flow,
injected,2202,non_finite_flow,
injected,2211,non_finite_flow,
injected,2226,non_finite_flow,
injected,2238,non_finite_flow,
injected,2241,non_finite_flow,
injected,2289,non_finite_flow,
injected,2290,non_finite_flow,
injected,2305,non_finite_flow,
injected,2319,non_finite_flow,
injected,2323,non_finite_flow,
injected,2330,non_finite_flow,
injected,2331,non_finite_flow,
injected,2332,non_finite_flow,
injected,2334,non_finite_flow,
injected,2335,non_finite_flow,
injected,2336,non_finite_flow,
injected,2375,non_finite_flow,
injected,2376,non_finite_flow,
injected,2377,non_finite_flow,
injected,2388,non_finite_flow,
injected,2389,non_finite_flow,
injected,2390,non_finite_flow,
injected,2400,non_finite_flow,
injected,2401,non_finite_flow,
injected,2407,non_finite_flow,
injected,2417,non_finite_flow,
injected,2441,non_finite_flow,
injected,2459,non_finite_flow,
injected,2464,non_finite_flow,
injected,2475,non_finite_flow,
injected,2476,non_finite_flow,
injected,2491,non_finite_flow,
injected,2492,non_finite_flow,
injected,2496,non_finite_flow,
injected,2499,non_finite_flow,
injected,2507,non_finite_flow,
injected,2508,non_finite_flow,
injected,2509,non_finite_flow,
injected,2515,non_finite_flow,
injected,2516,non_finite_flow,
injected,2524,non_finite_flow,
injected,2525,non_finite_flow,
injected,2526,non_finite_flow,
injected,2527,non_finite_flow,
injected,2528,non_finite_flow,
injected,2537,non_finite_flow,
injected,2538,non_finite_flow,
injected,2539,non_finite_flow,
injected,2540,non_finite_flow,
injected,2541,non_finite_flow,
injected,2542,non_finite_flow,
injected,2549,non_finite_flow,
injected,2550,non_finite_flow,
injected,2559,non_finite_flow,
injected,2560,non_finite_flow,
injected,2567,non_finite_flow,
injected,2578,non_finite_flow,
injected,2579,non_finite_flow,
injected,2580,non_finite_flow,
injected,2632,non_finite_flow,
injected,2693,non_finite_flow,
injected,2799,non_finite_flow,
injected,2800,non_finite_flow,
injected,2801,non_finite_flow,
injected,2802,non_finite_flow,
injected,2803,non_finite_flow,
injected,2804,non_finite_flow,
injected,2807,non_finite_flow,
injected,2808,non_finite_flow,
injected,2816,non_finite_flow,
injected,2817,non_finite_flow,
injected,2818,non_finite_flow,
injected,2830,non_finite_flow,
injected,2831,non_finite_flow,
injected,2874,non_finite_flow,
injected,2875,non_finite_flow,
injected,2876,non_finite_flow,
injected,2988,non_finite_flow,
injected,2989,non_finite_flow,
injected,2990,non_finite_flow,
injected,3015,non_finite_flow,
injected,3016,non_finite_flow,
injected,3017,non_finite_flow,
injected,3018,non_finite_flow,
injected,3080,non_finite_flow,
injected,3088,non_finite_flow,
injected,3123,non_finite_flow,
injected,3124,non_finite_flow,
injected,3164,non_finite_flow,
injected,3165,non_finite_flow,
injected,3168,non_finite_flow,
injected,3169,non_finite_flow,
injected,3181,non_finite_flow,
injected,3182,non_finite_flow,
injected,3183,non_finite_flow,
injected,3184,non_finite_flow,
injected,3193,non_finite_flow,
injected,3207,non_finite_flow,
injected,3223,non_finite_flow,
injected,3224,non_finite_flow,
injected,3225,non_finite_flow,
injected,3230,non_finite_flow,
injected,3231,non_finite_flow,
injected,3232,non_finite_flow,
injected,3233,non_finite_flow,
injected,3279,non_finite_flow,
injected,3280,non_finite_flow,
injected,3281,non_finite_flow,
injected,3282,non_finite_flow,
injected,3283,non_finite_flow,
injected,3347,non_finite_flow,
injected,3348,non_finite_flow,
injected,3349,non_finite_flow,
injected,3350,non_finite_flow,
injected,3381,non_finite_flow,
injected,3382,non_finite_flow,
injected,3383,non_finite_flow,
injected,3384,non_finite_flow,
injected,3421,non_finite_flow,
injected,3422,non_finite_flow,
injected,3490,non_finite_flow,
injected,3491,non_finite_flow,
injected,3492,non_finite_flow,
injected,3493,non_finite_flow,
injected,3494,non_finite_flow,
injected,3495,non_finite_flow,
injected,3498,non_finite_flow,
injected,3499,non_finite_flow,
injected,3513,non_finite_flow,
injected,3538,non_finite_flow,
injected,3539,non_finite_flow,
injected,3541,non_finite_flow,
injected,3542,non_finite_flow,
injected,3560,non_finite_flow,
injected,3630,non_finite_flow,
injected,3665,non_finite_flow,
injected,3666,non_finite_flow,
injected,3667,non_finite_flow,
injected,3668,non_finite_flow,
injected,3669,non_finite_flow,
injected,3670,non_finite_flow,
injected,3705,non_finite_flow,
injected,3714,non_finite_flow,
injected,3735,non_finite_flow,
injected,3737,non_finite_flow,
injected,3738,non_finite_flow,
injected,3739,non_finite_flow,
injected,3740,non_finite_flow,
injected,3741,non_finite_flow,
injected,3819,non_finite_flow,
injected,3820,non_finite_flow,
injected,3821,non_finite_flow,
injected,3822,non_finite_flow,
injected,3823,non_finite_flow,
injected,3824,non_finite_flow,
injected,3825,non_finite_flow,
injected,3826,non_finite_flow,
injected,3827,non_finite_flow,
injected,3941,non_finite_flow,
injected,3976,non_finite_flow,
injected,4027,non_finite_flow,
injected,4035,non_finite_flow,
injected,4044,non_finite_flow,
injected,4046,non_finite_flow,
injected,4052,non_finite_flow,
injected,4071,non_finite_flow,
injected,4098,non_finite_flow,
injected,4105,non_finite_flow,
injected,4106,non_finite_flow,
injected,4107,non_finite_flow,
injected,4108,non_finite_flow,
injected,4121,non_finite_flow,
injected,4122,non_finite_flow,
injected,4124,non_finite_flow,
injected,4125,non_finite_flow,
injected,4127,non_finite_flow,
injected,4128,non_finite_flow,
injected,4133,non_finite_flow,
injected,4134,non_finite_flow,
injected,4135,non_finite_flow,
injected,4164,non_finite_flow,
injected,4165,non_finite_flow,
injected,4166,non_finite_flow,
injected,4180,non_finite_flow,
injected,4194,non_finite_flow,
injected,4195,non_finite_flow,
injected,4196,non_finite_flow,
injected,4197,non_finite_flow,
injected,4202,non_finite_flow,
injected,4207,non_finite_flow,
injected,4208,non_finite_flow,
injected,4210,non_finite_flow,
injected,4211,non_finite_flow,
injected,4237,non_finite_flow,
injected,4238,non_finite_flow,
injected,4239,non_finite_flow,
injected,4240,non_finite_flow,
injected,4241,non_finite_flow,
injected,4242,non_finite_flow,
injected,4243,non_finite_flow,
injected,4244,non_finite_flow,
injected,4245,non_finite_flow,
injected,4257,non_finite_flow,
injected,4258,non_finite_flow,
injected,4259,non_finite_flow,
injected,4260,non_finite_flow,
injected,4261,non_finite_flow,
injected,4268,non_finite_flow,
injected,4280,non_finite_flow,
injected,4281,non_finite_flow,
injected,4288,non_finite_flow,
injected,4295,non_finite_flow,
injected,4300,non_finite_flow,
injected,4306,non_finite_flow,
injected,4307,non_finite_flow,
injected,4316,non_finite_flow,
injected,4331,non_finite_flow,
injected,4332,non_finite_flow,
injected,4333,non_finite_flow,
injected,4334,non_finite_flow,
injected,4335,non_finite_flow,
injected,4345,non_finite_flow,
injected,4346,non_finite_flow,
injected,4347,non_finite_flow,
injected,4348,non_finite_flow,
injected,4349,non_finite_flow,
injected,4434,non_finite_flow,
injected,4454,non_finite_flow,
injected,4455,non_finite_flow,
injected,4456,non_finite_flow,
injected,4457,non_finite_flow,
injected,4458,non_finite_flow,
injected,4459,non_finite_flow,
injected,4495,non_finite_flow,
injected,4496,non_finite_flow,
injected,4499,non_finite_flow,
injected,4502,non_finite_flow,
injected,4503,non_finite_flow,
injected,4512,non_finite_flow,
injected,4513,non_finite_flow,
injected,4514,non_finite_flow,
injected,4515,non_finite_flow,
injected,4525,non_finite_flow,
injected,4526,non_finite_flow,
injected,4541,non_finite_flow,
injected,4555,non_finite_flow,
injected,4567,non_finite_flow,
injected,4572,non_finite_flow,
injected,4587,non_finite_flow,
injected,4588,non_finite_flow,
injected,4615,non_finite_flow,
injected,4616,non_finite_flow,
injected,4624,non_finite_flow,
injected,4631,non_finite_flow,
injected,4632,non_finite_flow,
injected,4636,non_finite_flow,
injected,4640,non_finite_flow,
injected,4641,non_finite_flow,
injected,4642,non_finite_flow,
injected,4645,non_finite_flow,
injected,4646,non_finite_flow,
injected,4647,non_finite_flow,
injected,4648,non_finite_flow,
injected,4649,non_finite_flow,
injected,4650,non_finite_flow,
injected,4651,non_finite_flow,
injected,4652,non_finite_flow,
injected,4655,non_finite_flow,
injected,4656,non_finite_flow,
injected,4657,non_finite_flow,
injected,4658,non_finite_flow,
injected,4659,non_finite_flow,
injected,4664,non_finite_flow,
injected,4665,non_finite_flow,
injected,4666,non_finite_flow,
injected,4667,non_finite_flow,
injected,4669,non_finite_flow,
injected,4670,non_finite_flow,
injected,4671,non_finite_flow,
injected,4672,non_finite_flow,
injected,4674,non_finite_flow,
injected,4675,non_finite_flow,
injected,4676,non_finite_flow,
injected,4677,non_finite_flow,
injected,4678,non_finite_flow,
injected,4679,non_finite_flow,
injected,4681,non_finite_flow,
injected,4682,non_finite_flow,
injected,4683,non_finite_flow,
injected,4684,non_finite_flow,
injected,4685,non_finite_flow,
injected,4689,non_finite_flow,
injected,4690,non_finite_flow,
injected,4691,non_finite_flow,
injected,4692,non_finite_flow,
injected,4693,non_finite_flow,
injected,4694,non_finite_flow,
injected,4702,non_finite_flow,
injected,4708,non_finite_flow,
injected,4712,non_finite_flow,
injected,4717,non_finite_flow,
injected,4724,non_finite_flow,
injected,4725,non_finite_flow,
injected,4726,non_finite_flow,
injected,4728,non_finite_flow,
injected,4729,non_finite_flow,
injected,4730,non_finite_flow,
injected,4731,non_finite_flow,
injected,4732,non_finite_flow,
injected,4733,non_finite_flow,
injected,4739,non_finite_flow,
injected,4740,non_finite_flow,
injected,4741,non_finite_flow,
injected,4747,non_finite_flow,
injected,4752,non_finite_flow,
injected,4753,non_finite_flow,
injected,4754,non_finite_flow,
injected,4758,non_finite_flow,
injected,4766,non_finite_flow,
injected,4769,non_finite_flow,
injected,4773,non_finite_flow,
injected,4775,non_finite_flow,
injected,4778,non_finite_flow,
injected,4779,non_finite_flow,
injected,4780,non_finite_flow,
injected,4781,non_finite_flow,
injected,4782,non_finite_flow,
injected,4783,non_finite_flow,
injected,4784,non_finite_flow,
injected,4786,non_finite_flow,
injected,4787,non_finite_flow,
injected,4790,non_finite_flow,
injected,4791,non_finite_flow,
injected,4798,non_finite_flow,
injected,4799,non_finite_flow,
injected,4801,non_finite_flow,
injected,4802,non_finite_flow,
injected,4803,non_finite_flow,
injected,4804,non_finite_flow,
injected,4805,non_finite_flow,
injected,4806,non_finite_flow,
injected,4809,non_finite_flow,
injected,4810,non_finite_flow,
injected,4813,non_finite_flow,
injected,4823,non_finite_flow,
injected,4824,non_finite_flow,
injected,4825,non_finite_flow,
injected,4826,non_finite_flow,
injected,4827,non_finite_flow,
injected,4828,non_finite_flow,
injected,4829,non_finite_flow,
injected,4830,non_finite_flow,
injected,4831,non_finite_flow,
injected,4832,non_finite_flow,
injected,4833,non_finite_flow,
injected,4834,non_finite_flow,
injected,4835,non_finite_flow,
injected,4836,non_finite_flow,
injected,4838,non_finite_flow,
injected,4839,non_finite_flow,
injected,4844,non_finite_flow,
injected,4846,non_finite_flow,
injected,4847,non_finite_flow,
injected,4848,non_finite_flow,
injected,4849,non_finite_flow,
injected,4850,non_finite_flow,
injected,4851,non_finite_flow,
injected,4852,non_finite_flow,
injected,4853,non_finite_flow,
injected,4854,non_finite_flow,
injected,4855,non_finite_flow,
injected,4859,non_finite_flow,
injected,4860,non_finite_flow,
injected,4861,non_finite_flow,
injected,4862,non_finite_flow,
injected,4863,non_finite_flow,
injected,4867,non_finite_flow,
injected,4872,non_finite_flow,
injected,4877,non_finite_flow,
injected,4878,non_finite_flow,
injected,4879,non_finite_flow,
injected,4880,non_finite_flow,
injected,4883,non_finite_flow,
injected,4884,non_finite_flow,
injected,4888,non_finite_flow,
injected,4889,non_finite_flow,
injected,4893,non_finite_flow,
injected,4898,non_finite_flow,
injected,4900,non_finite_flow,
injected,4901,non_finite_flow,
injected,4908,non_finite_flow,
injected,4913,non_finite_flow,
injected,4917,non_finite_flow,
injected,4918,non_finite_flow,
injected,4922,non_finite_flow,
injected,4927,non_finite_flow,
injected,4928,non_finite_flow,
injected,4929,non_finite_flow,
injected,4930,non_finite_flow,
injected,4941,non_finite_flow,
injected,4948,non_finite_flow,
injected,4949,non_finite_flow,
injected,4952,non_finite_flow,
injected,4955,non_finite_flow,
injected,4956,non_finite_flow,
injected,4957,non_finite_flow,
injected,4958,non_finite_flow,
injected,4960,non_finite_flow,
injected,4965,non_finite_flow,
injected,4966,non_finite_flow,
injected,4969,non_finite_flow,
injected,4970,non_finite_flow,
injected,4971,non_finite_flow,
injected,4977,non_finite_flow,
injected,4980,non_finite_flow,
injected,4981,non_finite_flow,
injected,4982,non_finite_flow,
injected,4983,non_finite_flow,
injected,4990,non_finite_flow,
injected,4993,non_finite_flow,
injected,4994,non_finite_flow,
injected,4996,non_finite_flow,
injected,4997,non_finite_flow,
injected,4998,non_finite_flow,
injected,5001,non_finite_flow,
injected,5003,non_finite_flow,
injected,5007,non_finite_flow,
injected,5009,non_finite_flow,
injected,5010,non_finite_flow,
injected,5012,non_finite_flow,
injected,5013,non_finite_flow,
injected,5014,non_finite_flow,
injected,5015,non_finite_flow,
injected,5016,non_finite_flow,
injected,5018,non_finite_flow,
injected,5021,non_finite_flow,
injected,5022,non_finite_flow,
injected,5023,non_finite_flow,
injected,5024,non_finite_flow,
injected,5025,non_finite_flow,
injected,5026,non_finite_flow,
injected,5027,non_finite_flow,
injected,5030,non_finite_flow,
injected,5031,non_finite_flow,
injected,5034,non_finite_flow,
injected,5035,non_finite_flow,
injected,5036,non_finite_flow,
injected,5039,non_finite_flow,
injected,5041,non_finite_flow,
injected,5044,non_finite_flow,
injected,5048,non_finite_flow,
injected,5051,non_finite_flow,
injected,5053,non_finite_flow,
injected,5054,non_finite_flow,
injected,5055,non_finite_flow,
injected,5056,non_finite_flow,
injected,5057,non_finite_flow,
injected,5058,non_finite_flow,
injected,5060,non_finite_flow,
injected,5061,non_finite_flow,
injected,5062,non_finite_flow,
injected,5066,non_finite_flow,
injected,5068,non_finite_flow,
injected,5069,non_finite_flow,
injected,5070,non_finite_flow,
injected,5071,non_finite_flow,
injected,5072,non_finite_flow,
injected,5073,non_finite_flow,
injected,5074,non_finite_flow,
injected,5075,non_finite_flow,
injected,5081,non_finite_flow,
injected,5083,non_finite_flow,
injected,5085,non_finite_flow,
injected,5086,non_finite_flow,
injected,5087,non_finite_flow,
injected,5089,non_finite_flow,
injected,5090,non_finite_flow,
injected,5091,non_finite_flow,
injected,5092,non_finite_flow,
injected,5094,non_finite_flow,
injected,5095,non_finite_flow,
injected,5096,non_finite_flow,
injected,5097,non_finite_flow,
injected,5100,non_finite_flow,
injected,5102,non_finite_flow,
injected,5105,non_finite_flow,
injected,5108,non_finite_flow,
injected,5109,non_finite_flow,
injected,5111,non_finite_flow,
injected,5114,non_finite_flow,
injected,5115,non_finite_flow,
injected,5116,non_finite_flow,
injected,5117,non_finite_flow,
injected,5121,non_finite_flow,
injected,5122,non_finite_flow,
injected,5123,non_finite_flow,
injected,5124,non_finite_flow,
injected,5125,non_finite_flow,
injected,5134,non_finite_flow,
injected,5138,non_finite_flow,
injected,5139,non_finite_flow,
injected,5140,non_finite_flow,
injected,5143,non_finite_flow,
injected,5145,non_finite_flow,
injected,5148,non_finite_flow,
injected,5150,non_finite_flow,
injected,5151,non_finite_flow,
injected,5152,non_finite_flow,
injected,5156,non_finite_flow,
injected,5158,non_finite_flow,
injected,5159,non_finite_flow,
injected,5160,non_finite_flow,
injected,5162,non_finite_flow,
injected,5163,non_finite_flow,
injected,5164,non_finite_flow,
injected,5166,non_finite_flow,
injected,5169,non_finite_flow,
injected,5170,non_finite_flow,
injected,5171,non_finite_flow,
injected,5172,non_finite_flow,
injected,5178,non_finite_flow,
injected,5183,non_finite_flow,
injected,5185,non_finite_flow,
injected,5189,non_finite_flow,
injected,5192,non_finite_flow,
injected,5193,non_finite_flow,
injected,5194,non_finite_flow,
injected,5196,non_finite_flow,
injected,5197,non_finite_flow,
injected,5198,non_finite_flow,
injected,5199,non_finite_flow,
injected,5200,non_finite_flow,
injected,5201,non_finite_flow,
injected,5202,non_finite_flow,
injected,5203,non_finite_flow,
injected,5204,non_finite_flow,
injected,5205,non_finite_flow,
injected,5206,non_finite_flow,
injected,5207,non_finite_flow,
injected,5208,non_finite_flow,
injected,5209,non_finite_flow,
injected,5210,non_finite_flow,
injected,5211,non_finite_flow,
injected,5212,non_finite_flow,
injected,5215,non_finite_flow,
injected,5216,non_finite_flow,
injected,5217,non_finite_flow,
injected,5218,non_finite_flow,
injected,5219,non_finite_flow,
injected,5220,non_finite_flow,
injected,5223,non_finite_flow,
injected,5224,non_finite_flow,
injected,5225,non_finite_flow,
injected,5226,non_finite_flow,
injected,5230,non_finite_flow,
injected,5233,non_finite_flow,
injected,5234,non_finite_flow,
injected,5235,non_finite_flow,
injected,5237,non_finite_flow,
injected,5240,non_finite_flow,
injected,5242,non_finite_flow,
injected,5244,non_finite_flow,
injected,5245,non_finite_flow,
injected,5246,non_finite_flow,
injected,5247,non_finite_flow,
injected,5248,non_finite_flow,
injected,5249,non_finite_flow,
injected,5251,non_finite_flow,
injected,5255,non_finite_flow,
injected,5256,non_finite_flow,
injected,5259,non_finite_flow,
injected,5261,non_finite_flow,
injected,5262,non_finite_flow,
injected,5263,non_finite_flow,
injected,5264,non_finite_flow,
injected,5267,non_finite_flow,
injected,5270,non_finite_flow,
injected,5275,non_finite_flow,
injected,5279,non_finite_flow,
injected,5282,non_finite_flow,
injected,5284,non_finite_flow,
injected,5286,non_finite_flow,
injected,5287,non_finite_flow,
injected,5288,non_finite_flow,
injected,5289,non_finite_flow,
injected,5290,non_finite_flow,
injected,5291,non_finite_flow,
injected,5293,non_finite_flow,
injected,5294,non_finite_flow,
injected,5297,non_finite_flow,
injected,5299,non_finite_flow,
injected,5302,non_finite_flow,
injected,5303,non_finite_flow,
injected,5305,non_finite_flow,
injected,5307,non_finite_flow,
injected,5308,non_finite_flow,
injected,5309,non_finite_flow,
injected,5310,non_finite_flow,
injected,5311,non_finite_flow,
injected,5313,non_finite_flow,
injected,5314,non_finite_flow,
injected,5316,non_finite_flow,
injected,5317,non_finite_flow,
injected,5321,non_finite_flow,
injected,5322,non_finite_flow,
injected,5324,non_finite_flow,
injected,5327,non_finite_flow,
injected,5328,non_finite_flow,
injected,5329,non_finite_flow,
injected,5330,non_finite_flow,
injected,5331,non_finite_flow,
injected,5334,non_finite_flow,
injected,5335,non_finite_flow,
injected,5336,non_finite_flow,
injected,5337,non_finite_flow,
injected,5338,non_finite_flow,
after_new,18,non_finite_flow,
after_new,19,non_finite_flow,
after_new,22,non_finite_flow,
after_new,31,non_finite_flow,
after_new,41,non_finite_flow,
after_new,62,non_finite_flow,
after_new,81,non_finite_flow,
after_new,86,non_finite_flow,
after_new,91,non_finite_flow,
after_new,100,non_finite_flow,
after_new,101,non_finite_flow,
after_new,120,non_finite_flow,
after_new,121,non_finite_flow,
after_new,124,non_finite_flow,
after_new,138,non_finite_flow,
after_new,145,non_finite_flow,
after_new,165,non_finite_flow,
after_new,166,non_finite_flow,
after_new,167,non_finite_flow,
after_new,168,non_finite_flow,
after_new,169,non_finite_flow,
after_new,187,non_finite_flow,
after_new,195,non_finite_flow,
after_new,196,non_finite_flow,
after_new,203,non_finite_flow,
after_new,205,non_finite_flow,
after_new,215,non_finite_flow,
after_new,220,non_finite_flow,
after_new,221,non_finite_flow,
after_new,222,non_finite_flow,
after_new,223,non_finite_flow,
after_new,224,non_finite_flow,
after_new,225,non_finite_flow,
after_new,248,non_finite_flow,
after_new,265,non_finite_flow,
after_new,274,non_finite_flow,
after_new,297,non_finite_flow,
after_new,302,non_finite_flow,
after_new,344,non_finite_flow,
after_new,350,non_finite_flow,
after_new,418,non_finite_flow,
after_new,423,non_finite_flow,
after_new,442,non_finite_flow,
after_new,455,non_finite_flow,
after_new,456,non_finite_flow,
after_new,458,non_finite_flow,
after_new,475,non_finite_flow,
after_new,483,non_finite_flow,
after_new,493,non_finite_flow,
after_new,494,non_finite_flow,
after_new,513,non_finite_flow,
after_new,521,non_finite_flow,
after_new,538,non_finite_flow,
after_new,541,non_finite_flow,
after_new,547,non_finite_flow,
after_new,565,non_finite_flow,
after_new,576,non_finite_flow,
after_new,579,non_finite_flow,
after_new,585,non_finite_flow,
after_new,590,non_finite_flow,
after_new,598,non_finite_flow,
after_new,599,non_finite_flow,
after_new,600,non_finite_flow,
after_new,604,non_finite_flow,
after_new,615,non_finite_flow,
after_new,623,non_finite_flow,
after_new,624,non_finite_flow,
after_new,625,non_finite_flow,
after_new,636,non_finite_flow,
after_new,640,non_finite_flow,
after_new,644,non_finite_flow,
after_new,645,non_finite_flow,
after_new,646,non_finite_flow,
after_new,647,non_finite_flow,
after_new,648,non_finite_flow,
after_new,649,non_finite_flow,
after_new,657,non_finite_flow,
after_new,669,non_finite_flow,
after_new,675,non_finite_flow,
after_new,688,non_finite_flow,
after_new,727,non_finite_flow,
after_new,736,non_finite_flow,
after_new,739,non_finite_flow,
after_new,753,non_finite_flow,
after_new,772,non_finite_flow,
after_new,782,non_finite_flow,
after_new,794,non_finite_flow,
after_new,800,non_finite_flow,
after_new,832,non_finite_flow,
after_new,837,non_finite_flow,
after_new,847,non_finite_flow,
after_new,848,non_finite_flow,
after_new,849,non_finite_flow,
after_new,870,non_finite_flow,
after_new,871,non_finite_flow,
after_new,872,non_finite_flow,
after_new,873,non_finite_flow,
after_new,884,non_finite_flow,
after_new,891,non_finite_flow,
after_new,902,non_finite_flow,
after_new,912,non_finite_flow,
after_new,913,non_finite_flow,
after_new,930,non_finite_flow,
after_new,937,non_finite_flow,
after_new,942,non_finite_flow,
after_new,943,non_finite_flow,
after_new,947,non_finite_flow,
after_new,956,non_finite_flow,
after_new,961,non_finite_flow,
after_new,979,non_finite_flow,
after_new,980,non_finite_flow,
after_new,984,non_finite_flow,
after_new,987,non_finite_flow,
after_new,988,non_finite_flow,
after_new,993,non_finite_flow,
after_new,996,non_finite_flow,
after_new,1001,non_finite_flow,
after_new,1008,non_finite_flow,
after_new,1013,non_finite_flow,
after_new,1016,non_finite_flow,
after_new,1020,non_finite_flow,
after_new,1025,non_finite_flow,
after_new,1027,non_finite_flow,
after_new,1032,non_finite_flow,
after_new,1035,non_finite_flow,
after_new,1048,non_finite_flow,
after_new,1057,non_finite_flow,
after_new,1078,non_finite_flow,
after_new,1100,non_finite_flow,
after_new,1111,non_finite_flow,
after_new,1117,non_finite_flow,
after_new,1124,non_finite_flow,
after_new,1133,non_finite_flow,
after_new,1157,non_finite_flow,
after_new,1209,non_finite_flow,
after_new,1226,non_finite_flow,
after_new,1244,non_finite_flow,
after_new,1248,non_finite_flow,
after_new,1249,non_finite_flow,
after_new,1250,non_finite_flow,
after_new,1264,non_finite_flow,
after_new,1278,non_finite_flow,
after_new,1279,non_finite_flow,
after_new,1280,non_finite_flow,
after_new,1288,non_finite_flow,
after_new,1302,non_finite_flow,
after_new,1327,non_finite_flow,
after_new,1328,non_finite_flow,
after_new,1329,non_finite_flow,
after_new,1345,non_finite_flow,
after_new,1346,non_finite_flow,
after_new,1347,non_finite_flow,
after_new,1348,non_finite_flow,
after_new,1361,non_finite_flow,
after_new,1366,non_finite_flow,
after_new,1372,non_finite_flow,
after_new,1383,non_finite_flow,
after_new,1396,non_finite_flow,
after_new,1398,non_finite_flow,
after_new,1399,non_finite_flow,
after_new,1400,non_finite_flow,
after_new,1412,non_finite_flow,
after_new,1413,non_finite_flow,
after_new,1423,non_finite_flow,
after_new,1429,non_finite_flow,
after_new,1430,non_finite_flow,
after_new,1431,non_finite_flow,
after_new,1445,non_finite_flow,
after_new,1451,non_finite_flow,
after_new,1468,non_finite_flow,
after_new,1478,non_finite_flow,
after_new,1480,non_finite_flow,
after_new,1486,non_finite_flow,
after_new,1487,non_finite_flow,
after_new,1488,non_finite_flow,
after_new,1507,non_finite_flow,
after_new,1508,non_finite_flow,
after_new,1509,non_finite_flow,
after_new,1510,non_finite_flow,
after_new,1521,non_finite_flow,
after_new,1527,non_finite_flow,
after_new,1530,non_finite_flow,
after_new,1537,non_finite_flow,
after_new,1539,non_finite_flow,
after_new,1543,non_finite_flow,
after_new,1545,non_finite_flow,
after_new,1549,non_finite_flow,
after_new,1617,non_finite_flow,
after_new,1721,non_finite_flow,
after_new,1737,non_finite_flow,
after_new,1738,non_finite_flow,
after_new,1828,non_finite_flow,
after_new,1829,non_finite_flow,
after_new,1855,non_finite_flow,
after_new,1925,non_finite_flow,
after_new,1942,non_finite_flow,
after_new,1977,non_finite_flow,
after_new,1994,non_finite_flow,
after_new,1995,non_finite_flow,
after_new,2046,non_finite_flow,
after_new,2048,non_finite_flow,
after_new,2060,non_finite_flow,
after_new,2073,non_finite_flow,
after_new,2074,non_finite_flow,
after_new,2084,non_finite_flow,
after_new,2108,non_finite_flow,
after_new,2121,non_finite_flow,
after_new,2148,non_finite_flow,
after_new,2165,non_finite_flow,
after_new,2166,non_finite_flow,
after_new,2167,non_finite_flow,
after_new,2170,non_finite_flow,
after_new,2171,non_finite_flow,
after_new,2172,non_finite_flow,
after_new,2202,non_finite_flow,
after_new,2211,non_finite_flow,
after_new,2226,non_finite_flow,
after_new,2238,non_finite_flow,
after_new,2241,non_finite_flow,
after_new,2289,non_finite_flow,
after_new,2290,non_finite_flow,
after_new,2305,non_finite_flow,
after_new,2319,non_finite_flow,
after_new,2323,non_finite_flow,
after_new,2330,non_finite_flow,
after_new,2331,non_finite_flow,
after_new,2332,non_finite_flow,
after_new,2334,non_finite_flow,
after_new,2335,non_finite_flow,
after_new,2336,non_finite_flow,
after_new,2375,non_finite_flow,
after_new,2376,non_finite_flow,
after_new,2377,non_finite_flow,
after_new,2388,non_finite_flow,
after_new,2389,non_finite_flow,
after_new,2390,non_finite_flow,
after_new,2400,non_finite_flow,
after_new,2401,non_finite_flow,
after_new,2407,non_finite_flow,
after_new,2417,non_finite_flow,
after_new,2441,non_finite_flow,
after_new,2459,non_finite_flow,
after_new,2464,non_finite_flow,
after_new,2475,non_finite_flow,
after_new,2476,non_finite_flow,
after_new,2491,non_finite_flow,
after_new,2492,non_finite_flow,
after_new,2496,non_finite_flow,
after_new,2499,non_finite_flow,
after_new,2507,non_finite_flow,
after_new,2508,non_finite_flow,
after_new,2509,non_finite_flow,
after_new,2515,non_finite_flow,
after_new,2516,non_finite_flow,
after_new,2524,non_finite_flow,
after_new,2525,non_finite_flow,
after_new,2526,non_finite_flow,
after_new,2527,non_finite_flow,
after_new,2528,non_finite_flow,
after_new,2537,non_finite_flow,
after_new,2538,non_finite_flow,
after_new,2539,non_finite_flow,
after_new,2540,non_finite_flow,
after_new,2541,non_finite_flow,
after_new,2542,non_finite_flow,
after_new,2549,non_finite_flow,
after_new,2550,non_finite_flow,
after_new,2559,non_finite_flow,
after_new,2560,non_finite_flow,
after_new,2567,non_finite_flow,
after_new,2578,non_finite_flow,
after_new,2579,non_finite_flow,
after_new,2580,non_finite_flow,
after_new,2632,non_finite_flow,
after_new,2693,non_finite_flow,
after_new,2799,non_finite_flow,
after_new,2800,non_finite_flow,
after_new,2801,non_finite_flow,
after_new,2802,non_finite_flow,
after_new,2803,non_finite_flow,
after_new,2804,non_finite_flow,
after_new,2807,non_finite_flow,
after_new,2808,non_finite_flow,
after_new,2816,non_finite_flow,
after_new,2817,non_finite_flow,
after_new,2818,non_finite_flow,
after_new,2830,non_finite_flow,
after_new,2831,non_finite_flow,
after_new,2874,non_finite_flow,
after_new,2875,non_finite_flow,
after_new,2876,non_finite_flow,
after_new,2988,non_finite_flow,
after_new,2989,non_finite_flow,
after_new,2990,non_finite_flow,
after_new,3015,non_finite_flow,
after_new,3016,non_finite_flow,
after_new,3017,non_finite_flow,
after_new,3018,non_finite_flow,
after_new,3080,non_finite_flow,
after_new,3088,non_finite_flow,
after_new,3123,non_finite_flow,
after_new,3124,non_finite_flow,
after_new,3164,non_finite_flow,
after_new,3165,non_finite_flow,
after_new,3168,non_finite_flow,
after_new,3169,non_finite_flow,
after_new,3181,non_finite_flow,
after_new,3182,non_finite_flow,
after_new,3183,non_finite_flow,
after_new,3184,non_finite_flow,
after_new,3193,non_finite_flow,
after_new,3207,non_finite_flow,
after_new,3223,non_finite_flow,
after_new,3224,non_finite_flow,
after_new,3225,non_finite_flow,
after_new,3230,non_finite_flow,
after_new,3231,non_finite_flow,
after_new,3232,non_finite_flow,
after_new,3233,non_finite_flow,
after_new,3279,non_finite_flow,
after_new,3280,non_finite_flow,
after_new,3281,non_finite_flow,
after_new,3282,non_finite_flow,
after_new,3283,non_finite_flow,
after_new,3347,non_finite_flow,
after_new,3348,non_finite_flow,
after_new,3349,non_finite_flow,
after_new,3350,non_finite_flow,
after_new,3381,non_finite_flow,
after_new,3382,non_finite_flow,
after_new,3383,non_finite_flow,
after_new,3384,non_finite_flow,
after_new,3421,non_finite_flow,
after_new,3422,non_finite_flow,
after_new,3490,non_finite_flow,
after_new,3491,non_finite_flow,
after_new,3492,non_finite_flow,
after_new,3493,non_finite_flow,
after_new,3494,non_finite_flow,
after_new,3495,non_finite_flow,
after_new,3498,non_finite_flow,
after_new,3499,non_finite_flow,
after_new,3513,non_finite_flow,
after_new,3538,non_finite_flow,
after_new,3539,non_finite_flow,
after_new,3541,non_finite_flow,
after_new,3542,non_finite_flow,
after_new,3560,non_finite_flow,
after_new,3630,non_finite_flow,
after_new,3665,non_finite_flow,
after_new,3666,non_finite_flow,
after_new,3667,non_finite_flow,
after_new,3668,non_finite_flow,
after_new,3669,non_finite_flow,
after_new,3670,non_finite_flow,
after_new,3705,non_finite_flow,
after_new,3714,non_finite_flow,
after_new,3735,non_finite_flow,
after_new,3737,non_finite_flow,
after_new,3738,non_finite_flow,
after_new,3739,non_finite_flow,
after_new,3740,non_finite_flow,
after_new,3741,non_finite_flow,
after_new,3819,non_finite_flow,
after_new,3820,non_finite_flow,
after_new,3821,non_finite_flow,
after_new,3822,non_finite_flow,
after_new,3823,non_finite_flow,
after_new,3824,non_finite_flow,
after_new,3825,non_finite_flow,
after_new,3826,non_finite_flow,
after_new,3827,non_finite_flow,
after_new,3941,non_finite_flow,
after_new,3976,non_finite_flow,
after_new,4027,non_finite_flow,
after_new,4035,non_finite_flow,
after_new,4044,non_finite_flow,
after_new,4046,non_finite_flow,
after_new,4052,non_finite_flow,
after_new,4071,non_finite_flow,
after_new,4098,non_finite_flow,
after_new,4105,non_finite_flow,
after_new,4106,non_finite_flow,
after_new,4107,non_finite_flow,
after_new,4108,non_finite_flow,
after_new,4121,non_finite_flow,
after_new,4122,non_finite_flow,
after_new,4124,non_finite_flow,
after_new,4125,non_finite_flow,
after_new,4127,non_finite_flow,
after_new,4128,non_finite_flow,
after_new,4133,non_finite_flow,
after_new,4134,non_finite_flow,
after_new,4135,non_finite_flow,
after_new,4164,non_finite_flow,
after_new,4165,non_finite_flow,
after_new,4166,non_finite_flow,
after_new,4180,non_finite_flow,
after_new,4194,non_finite_flow,
after_new,4195,non_finite_flow,
after_new,4196,non_finite_flow,
after_new,4197,non_finite_flow,
after_new,4202,non_finite_flow,
after_new,4207,non_finite_flow,
after_new,4208,non_finite_flow,
after_new,4210,non_finite_flow,
after_new,4211,non_finite_flow,
after_new,4237,non_finite_flow,
after_new,4238,non_finite_flow,
after_new,4239,non_finite_flow,
after_new,4240,non_finite_flow,
after_new,4241,non_finite_flow,
after_new,4242,non_finite_flow,
after_new,4243,non_finite_flow,
after_new,4244,non_finite_flow,
after_new,4245,non_finite_flow,
after_new,4257,non_finite_flow,
after_new,4258,non_finite_flow,
after_new,4259,non_finite_flow,
after_new,4260,non_finite_flow,
after_new,4261,non_finite_flow,
after_new,4268,non_finite_flow,
after_new,4280,non_finite_flow,
after_new,4281,non_finite_flow,
after_new,4288,non_finite_flow,
after_new,4295,non_finite_flow,
after_new,4300,non_finite_flow,
after_new,4306,non_finite_flow,
after_new,4307,non_finite_flow,
after_new,4316,non_finite_flow,
after_new,4331,non_finite_flow,
after_new,4332,non_finite_flow,
after_new,4333,non_finite_flow,
after_new,4334,non_finite_flow,
after_new,4335,non_finite_flow,
after_new,4345,non_finite_flow,
after_new,4346,non_finite_flow,
after_new,4347,non_finite_flow,
after_new,4348,non_finite_flow,
after_new,4349,non_finite_flow,
after_new,4434,non_finite_flow,
after_new,4454,non_finite_flow,
after_new,4455,non_finite_flow,
after_new,4456,non_finite_flow,
after_new,4457,non_finite_flow,
after_new,4458,non_finite_flow,
after_new,4459,non_finite_flow,
after_new,4495,non_finite_flow,
after_new,4496,non_finite_flow,
after_new,4499,non_finite_flow,
after_new,4502,non_finite_flow,
after_new,4503,non_finite_flow,
after_new,4512,non_finite_flow,
after_new,4513,non_finite_flow,
after_new,4514,non_finite_flow,
after_new,4515,non_finite_flow,
after_new,4525,non_finite_flow,
after_new,4526,non_finite_flow,
after_new,4541,non_finite_flow,
after_new,4555,non_finite_flow,
after_new,4567,non_finite_flow,
after_new,4572,non_finite_flow,
after_new,4587,non_finite_flow,
after_new,4588,non_finite_flow,
after_new,4615,non_finite_flow,
after_new,4616,non_finite_flow,
after_new,4624,non_finite_flow,
after_new,4631,non_finite_flow,
after_new,4632,non_finite_flow,
after_new,4636,non_finite_flow,
after_new,4640,non_finite_flow,
after_new,4641,non_finite_flow,
after_new,4642,non_finite_flow,
after_new,4645,non_finite_flow,
after_new,4646,non_finite_flow,
after_new,4647,non_finite_flow,
after_new,4648,non_finite_flow,
after_new,4649,non_finite_flow,
after_new,4650,non_finite_flow,
after_new,4651,non_finite_flow,
after_new,4652,non_finite_flow,
after_new,4655,non_finite_flow,
after_new,4656,non_finite_flow,
after_new,4657,non_finite_flow,
after_new,4658,non_finite_flow,
after_new,4659,non_finite_flow,
after_new,4664,non_finite_flow,
after_new,4665,non_finite_flow,
after_new,4666,non_finite_flow,
after_new,4667,non_finite_flow,
after_new,4669,non_finite_flow,
after_new,4670,non_finite_flow,
after_new,4671,non_finite_flow,
after_new,4672,non_finite_flow,
after_new,4674,non_finite_flow,
after_new,4675,non_finite_flow,
after_new,4676,non_finite_flow,
after_new,4677,non_finite_flow,
after_new,4678,non_finite_flow,
after_new,4679,non_finite_flow,
after_new,4681,non_finite_flow,
after_new,4682,non_finite_flow,
after_new,4683,non_finite_flow,
after_new,4684,non_finite_flow,
after_new,4685,non_finite_flow,
after_new,4689,non_finite_flow,
after_new,4690,non_finite_flow,
after_new,4691,non_finite_flow,
after_new,4692,non_finite_flow,
after_new,4693,non_finite_flow,
after_new,4694,non_finite_flow,
after_new,4702,non_finite_flow,
after_new,4708,non_finite_flow,
after_new,4712,non_finite_flow,
after_new,4717,non_finite_flow,
after_new,4724,non_finite_flow,
after_new,4725,non_finite_flow,
after_new,4726,non_finite_flow,
after_new,4728,non_finite_flow,
after_new,4729,non_finite_flow,
after_new,4730,non_finite_flow,
after_new,4731,non_finite_flow,
after_new,4732,non_finite_flow,
after_new,4733,non_finite_flow,
after_new,4739,non_finite_flow,
after_new,4740,non_finite_flow,
after_new,4741,non_finite_flow,
after_new,4747,non_finite_flow,
after_new,4752,non_finite_flow,
after_new,4753,non_finite_flow,
after_new,4754,non_finite_flow,
after_new,4758,non_finite_flow,
after_new,4766,non_finite_flow,
after_new,4769,non_finite_flow,
after_new,4773,non_finite_flow,
after_new,4775,non_finite_flow,
after_new,4778,non_finite_flow,
after_new,4779,non_finite_flow,
after_new,4780,non_finite_flow,
after_new,4781,non_finite_flow,
after_new,4782,non_finite_flow,
after_new,4783,non_finite_flow,
after_new,4784,non_finite_flow,
after_new,4786,non_finite_flow,
after_new,4787,non_finite_flow,
after_new,4790,non_finite_flow,
after_new,4791,non_finite_flow,
after_new,4798,non_finite_flow,
after_new,4799,non_finite_flow,
after_new,4801,non_finite_flow,
after_new,4802,non_finite_flow,
after_new,4803,non_finite_flow,
after_new,4804,non_finite_flow,
after_new,4805,non_finite_flow,
after_new,4806,non_finite_flow,
after_new,4809,non_finite_flow,
after_new,4810,non_finite_flow,
after_new,4813,non_finite_flow,
after_new,4823,non_finite_flow,
after_new,4824,non_finite_flow,
after_new,4825,non_finite_flow,
after_new,4826,non_finite_flow,
after_new,4827,non_finite_flow,
after_new,4828,non_finite_flow,
after_new,4829,non_finite_flow,
after_new,4830,non_finite_flow,
after_new,4831,non_finite_flow,
after_new,4832,non_finite_flow,
after_new,4833,non_finite_flow,
after_new,4834,non_finite_flow,
after_new,4835,non_finite_flow,
after_new,4836,non_finite_flow,
after_new,4838,non_finite_flow,
after_new,4839,non_finite_flow,
after_new,4844,non_finite_flow,
after_new,4846,non_finite_flow,
after_new,4847,non_finite_flow,
after_new,4848,non_finite_flow,
after_new,4849,non_finite_flow,
after_new,4850,non_finite_flow,
after_new,4851,non_finite_flow,
after_new,4852,non_finite_flow,
after_new,4853,non_finite_flow,
after_new,4854,non_finite_flow,
after_new,4855,non_finite_flow,
after_new,4859,non_finite_flow,
after_new,4860,non_finite_flow,
after_new,4861,non_finite_flow,
after_new,4862,non_finite_flow,
after_new,4863,non_finite_flow,
after_new,4867,non_finite_flow,
after_new,4872,non_finite_flow,
after_new,4877,non_finite_flow,
after_new,4878,non_finite_flow,
after_new,4879,non_finite_flow,
after_new,4880,non_finite_flow,
after_new,4883,non_finite_flow,
after_new,4884,non_finite_flow,
after_new,4888,non_finite_flow,
after_new,4889,non_finite_flow,
after_new,4893,non_finite_flow,
after_new,4898,non_finite_flow,
after_new,4900,non_finite_flow,
after_new,4901,non_finite_flow,
after_new,4908,non_finite_flow,
after_new,4913,non_finite_flow,
after_new,4917,non_finite_flow,
after_new,4918,non_finite_flow,
after_new,4922,non_finite_flow,
after_new,4927,non_finite_flow,
after_new,4928,non_finite_flow,
after_new,4929,non_finite_flow,
after_new,4930,non_finite_flow,
after_new,4941,non_finite_flow,
after_new,4948,non_finite_flow,
after_new,4949,non_finite_flow,
after_new,4952,non_finite_flow,
after_new,4955,non_finite_flow,
after_new,4956,non_finite_flow,
after_new,4957,non_finite_flow,
after_new,4958,non_finite_flow,
after_new,4960,non_finite_flow,
after_new,4965,non_finite_flow,
after_new,4966,non_finite_flow,
after_new,4969,non_finite_flow,
after_new,4970,non_finite_flow,
after_new,4971,non_finite_flow,
after_new,4977,non_finite_flow,
after_new,4980,non_finite_flow,
after_new,4981,non_finite_flow,
after_new,4982,non_finite_flow,
after_new,4983,non_finite_flow,
after_new,4990,non_finite_flow,
after_new,4993,non_finite_flow,
after_new,4994,non_finite_flow,
after_new,4996,non_finite_flow,
after_new,4997,non_finite_flow,
after_new,4998,non_finite_flow,
after_new,5001,non_finite_flow,
after_new,5003,non_finite_flow,
after_new,5007,non_finite_flow,
after_new,5009,non_finite_flow,
after_new,5010,non_finite_flow,
after_new,5012,non_finite_flow,
after_new,5013,non_finite_flow,
after_new,5014,non_finite_flow,
after_new,5015,non_finite_flow,
after_new,5016,non_finite_flow,
after_new,5018,non_finite_flow,
after_new,5021,non_finite_flow,
after_new,5022,non_finite_flow,
after_new,5023,non_finite_flow,
after_new,5024,non_finite_flow,
after_new,5025,non_finite_flow,
after_new,5026,non_finite_flow,
after_new,5027,non_finite_flow,
after_new,5030,non_finite_flow,
after_new,5031,non_finite_flow,
after_new,5034,non_finite_flow,
after_new,5035,non_finite_flow,
after_new,5036,non_finite_flow,
after_new,5039,non_finite_flow,
after_new,5041,non_finite_flow,
after_new,5044,non_finite_flow,
after_new,5048,non_finite_flow,
after_new,5051,non_finite_flow,
after_new,5053,non_finite_flow,
after_new,5054,non_finite_flow,
after_new,5055,non_finite_flow,
after_new,5056,non_finite_flow,
after_new,5057,non_finite_flow,
after_new,5058,non_finite_flow,
after_new,5060,non_finite_flow,
after_new,5061,non_finite_flow,
after_new,5062,non_finite_flow,
after_new,5066,non_finite_flow,
after_new,5068,non_finite_flow,
after_new,5069,non_finite_flow,
after_new,5070,non_finite_flow,
after_new,5071,non_finite_flow,
after_new,5072,non_finite_flow,
after_new,5073,non_finite_flow,
after_new,5074,non_finite_flow,
after_new,5075,non_finite_flow,
after_new,5081,non_finite_flow,
after_new,5083,non_finite_flow,
after_new,5085,non_finite_flow,
after_new,5086,non_finite_flow,
after_new,5087,non_finite_flow,
after_new,5089,non_finite_flow,
after_new,5090,non_finite_flow,
after_new,5091,non_finite_flow,
after_new,5092,non_finite_flow,
after_new,5094,non_finite_flow,
after_new,5095,non_finite_flow,
after_new,5096,non_finite_flow,
after_new,5097,non_finite_flow,
after_new,5100,non_finite_flow,
after_new,5102,non_finite_flow,
after_new,5105,non_finite_flow,
after_new,5108,non_finite_flow,
after_new,5109,non_finite_flow,
after_new,5111,non_finite_flow,
after_new,5114,non_finite_flow,
after_new,5115,non_finite_flow,
after_new,5116,non_finite_flow,
after_new,5117,non_finite_flow,
after_new,5121,non_finite_flow,
after_new,5122,non_finite_flow,
after_new,5123,non_finite_flow,
after_new,5124,non_finite_flow,
after_new,5125,non_finite_flow,
after_new,5134,non_finite_flow,
after_new,5138,non_finite_flow,
after_new,5139,non_finite_flow,
after_new,5140,non_finite_flow,
after_new,5143,non_finite_flow,
after_new,5145,non_finite_flow,
after_new,5148,non_finite_flow,
after_new,5150,non_finite_flow,
after_new,5151,non_finite_flow,
after_new,5152,non_finite_flow,
after_new,5156,non_finite_flow,
after_new,5158,non_finite_flow,
after_new,5159,non_finite_flow,
after_new,5160,non_finite_flow,
after_new,5162,non_finite_flow,
after_new,5163,non_finite_flow,
after_new,5164,non_finite_flow,
after_new,5166,non_finite_flow,
after_new,5169,non_finite_flow,
after_new,5170,non_finite_flow,
after_new,5171,non_finite_flow,
after_new,5172,non_finite_flow,
after_new,5178,non_finite_flow,
after_new,5183,non_finite_flow,
after_new,5185,non_finite_flow,
after_new,5189,non_finite_flow,
after_new,5192,non_finite_flow,
after_new,5193,non_finite_flow,
after_new,5194,non_finite_flow,
after_new,5196,non_finite_flow,
after_new,5197,non_finite_flow,
after_new,5198,non_finite_flow,
after_new,5199,non_finite_flow,
after_new,5200,non_finite_flow,
after_new,5201,non_finite_flow,
after_new,5202,non_finite_flow,
after_new,5203,non_finite_flow,
after_new,5204,non_finite_flow,
after_new,5205,non_finite_flow,
after_new,5206,non_finite_flow,
after_new,5207,non_finite_flow,
after_new,5208,non_finite_flow,
after_new,5209,non_finite_flow,
after_new,5210,non_finite_flow,
after_new,5211,non_finite_flow,
after_new,5212,non_finite_flow,
after_new,5215,non_finite_flow,
after_new,5216,non_finite_flow,
after_new,5217,non_finite_flow,
after_new,5218,non_finite_flow,
after_new,5219,non_finite_flow,
after_new,5220,non_finite_flow,
after_new,5223,non_finite_flow,
after_new,5224,non_finite_flow,
after_new,5225,non_finite_flow,
after_new,5226,non_finite_flow,
after_new,5230,non_finite_flow,
after_new,5233,non_finite_flow,
after_new,5234,non_finite_flow,
after_new,5235,non_finite_flow,
after_new,5237,non_finite_flow,
after_new,5240,non_finite_flow,
after_new,5242,non_finite_flow,
after_new,5244,non_finite_flow,
after_new,5245,non_finite_flow,
after_new,5246,non_finite_flow,
after_new,5247,non_finite_flow,
after_new,5248,non_finite_flow,
after_new,5249,non_finite_flow,
after_new,5251,non_finite_flow,
after_new,5255,non_finite_flow,
after_new,5256,non_finite_flow,
after_new,5259,non_finite_flow,
after_new,5261,non_finite_flow,
after_new,5262,non_finite_flow,
after_new,5263,non_finite_flow,
after_new,5264,non_finite_flow,
after_new,5267,non_finite_flow,
after_new,5270,non_finite_flow,
after_new,5275,non_finite_flow,
after_new,5279,non_finite_flow,
after_new,5282,non_finite_flow,
after_new,5284,non_finite_flow,
after_new,5286,non_finite_flow,
after_new,5287,non_finite_flow,
after_new,5288,non_finite_flow,
after_new,5289,non_finite_flow,
after_new,5290,non_finite_flow,
after_new,5291,non_finite_flow,
after_new,5293,non_finite_flow,
after_new,5294,non_finite_flow,
after_new,5297,non_finite_flow,
after_new,5299,non_finite_flow,
after_new,5302,non_finite_flow,
after_new,5303,non_finite_flow,
after_new,5305,non_finite_flow,
after_new,5307,non_finite_flow,
after_new,5308,non_finite_flow,
after_new,5309,non_finite_flow,
after_new,5310,non_finite_flow,
after_new,5311,non_finite_flow,
after_new,5313,non_finite_flow,
after_new,5314,non_finite_flow,
after_new,5316,non_finite_flow,
after_new,5317,non_finite_flow,
after_new,5321,non_finite_flow,
after_new,5322,non_finite_flow,
after_new,5324,non_finite_flow,
after_new,5327,non_finite_flow,
after_new,5328,non_finite_flow,
after_new,5329,non_finite_flow,
after_new,5330,non_finite_flow,
after_new,5331,non_finite_flow,
after_new,5334,non_finite_flow,
after_new,5335,non_finite_flow,
after_new,5336,non_finite_flow,
after_new,5337,non_finite_flow,
after_new,5338,non_finite_flow,
after_all,18,non_finite_flow,
after_all,19,non_finite_flow,
after_all,22,non_finite_flow,
after_all,31,non_finite_flow,
after_all,41,non_finite_flow,
after_all,62,non_finite_flow,
after_all,81,non_finite_flow,
after_all,86,non_finite_flow,
after_all,91,non_finite_flow,
after_all,100,non_finite_flow,
after_all,101,non_finite_flow,
after_all,120,non_finite_flow,
after_all,121,non_finite_flow,
after_all,124,non_finite_flow,
after_all,138,non_finite_flow,
after_all,145,non_finite_flow,
after_all,165,non_finite_flow,
after_all,166,non_finite_flow,
after_all,167,non_finite_flow,
after_all,168,non_finite_flow,
after_all,169,non_finite_flow,
after_all,187,non_finite_flow,
after_all,195,non_finite_flow,
after_all,196,non_finite_flow,
after_all,203,non_finite_flow,
after_all,205,non_finite_flow,
after_all,215,non_finite_flow,
after_all,220,non_finite_flow,
after_all,221,non_finite_flow,
after_all,222,non_finite_flow,
after_all,223,non_finite_flow,
after_all,224,non_finite_flow,
after_all,225,non_finite_flow,
after_all,248,non_finite_flow,
after_all,265,non_finite_flow,
after_all,274,non_finite_flow,
after_all,297,non_finite_flow,
after_all,302,non_finite_flow,
after_all,344,non_finite_flow,
after_all,350,non_finite_flow,
after_all,418,non_finite_flow,
after_all,423,non_finite_flow,
after_all,442,non_finite_flow,
after_all,455,non_finite_flow,
after_all,456,non_finite_flow,
after_all,458,non_finite_flow,
after_all,475,non_finite_flow,
after_all,483,non_finite_flow,
after_all,493,non_finite_flow,
after_all,494,non_finite_flow,
after_all,513,non_finite_flow,
after_all,521,non_finite_flow,
after_all,538,non_finite_flow,
after_all,541,non_finite_flow,
after_all,547,non_finite_flow,
after_all,565,non_finite_flow,
after_all,576,non_finite_flow,
after_all,579,non_finite_flow,
after_all,585,non_finite_flow,
after_all,590,non_finite_flow,
after_all,598,non_finite_flow,
after_all,599,non_finite_flow,
after_all,600,non_finite_flow,
after_all,604,non_finite_flow,
after_all,615,non_finite_flow,
after_all,623,non_finite_flow,
after_all,624,non_finite_flow,
after_all,625,non_finite_flow,
after_all,636,non_finite_flow,
after_all,640,non_finite_flow,
after_all,644,non_finite_flow,
after_all,645,non_finite_flow,
after_all,646,non_finite_flow,
after_all,647,non_finite_flow,
after_all,648,non_finite_flow,
after_all,649,non_finite_flow,
after_all,657,non_finite_flow,
after_all,669,non_finite_flow,
after_all,675,non_finite_flow,
after_all,688,non_finite_flow,
after_all,727,non_finite_flow,
after_all,736,non_finite_flow,
after_all,739,non_finite_flow,
after_all,753,non_finite_flow,
after_all,772,non_finite_flow,
after_all,782,non_finite_flow,
after_all,794,non_finite_flow,
after_all,800,non_finite_flow,
after_all,832,non_finite_flow,
after_all,837,non_finite_flow,
after_all,847,non_finite_flow,
after_all,848,non_finite_flow,
after_all,849,non_finite_flow,
after_all,870,non_finite_flow,
after_all,871,non_finite_flow,
after_all,872,non_finite_flow,
after_all,873,non_finite_flow,
after_all,884,non_finite_flow,
after_all,891,non_finite_flow,
after_all,902,non_finite_flow,
after_all,912,non_finite_flow,
after_all,913,non_finite_flow,
after_all,930,non_finite_flow,
after_all,937,non_finite_flow,
after_all,942,non_finite_flow,
after_all,943,non_finite_flow,
after_all,947,non_finite_flow,
after_all,956,non_finite_flow,
after_all,961,non_finite_flow,
after_all,979,non_finite_flow,
after_all,980,non_finite_flow,
after_all,984,non_finite_flow,
after_all,987,non_finite_flow,
after_all,988,non_finite_flow,
after_all,993,non_finite_flow,
after_all,996,non_finite_flow,
after_all,1001,non_finite_flow,
after_all,1008,non_finite_flow,
after_all,1013,non_finite_flow,
after_all,1016,non_finite_flow,
after_all,1020,non_finite_flow,
after_all,1025,non_finite_flow,
after_all,1027,non_finite_flow,
after_all,1032,non_finite_flow,
after_all,1035,non_finite_flow,
after_all,1048,non_finite_flow,
after_all,1057,non_finite_flow,
after_all,1078,non_finite_flow,
after_all,1100,non_finite_flow,
after_all,1111,non_finite_flow,
after_all,1117,non_finite_flow,
after_all,1124,non_finite_flow,
after_all,1133,non_finite_flow,
after_all,1157,non_finite_flow,
after_all,1209,non_finite_flow,
after_all,1226,non_finite_flow,
after_all,1244,non_finite_flow,
after_all,1248,non_finite_flow,
after_all,1249,non_finite_flow,
after_all,1250,non_finite_flow,
after_all,1264,non_finite_flow,
after_all,1278,non_finite_flow,
after_all,1279,non_finite_flow,
after_all,1280,non_finite_flow,
after_all,1288,non_finite_flow,
after_all,1302,non_finite_flow,
after_all,1327,non_finite_flow,
after_all,1328,non_finite_flow,
after_all,1329,non_finite_flow,
after_all,1345,non_finite_flow,
after_all,1346,non_finite_flow,
after_all,1347,non_finite_flow,
after_all,1348,non_finite_flow,
after_all,1361,non_finite_flow,
after_all,1366,non_finite_flow,
after_all,1372,non_finite_flow,
after_all,1383,non_finite_flow,
after_all,1396,non_finite_flow,
after_all,1398,non_finite_flow,
after_all,1399,non_finite_flow,
after_all,1400,non_finite_flow,
after_all,1412,non_finite_flow,
after_all,1413,non_finite_flow,
after_all,1423,non_finite_flow,
after_all,1429,non_finite_flow,
after_all,1430,non_finite_flow,
after_all,1431,non_finite_flow,
after_all,1445,non_finite_flow,
after_all,1451,non_finite_flow,
after_all,1468,non_finite_flow,
after_all,1478,non_finite_flow,
after_all,1480,non_finite_flow,
after_all,1486,non_finite_flow,
after_all,1487,non_finite_flow,
after_all,1488,non_finite_flow,
after_all,1507,non_finite_flow,
after_all,1508,non_finite_flow,
after_all,1509,non_finite_flow,
after_all,1510,non_finite_flow,
after_all,1521,non_finite_flow,
after_all,1527,non_finite_flow,
after_all,1530,non_finite_flow,
after_all,1537,non_finite_flow,
after_all,1539,non_finite_flow,
after_all,1543,non_finite_flow,
after_all,1545,non_finite_flow,
after_all,1549,non_finite_flow,
after_all,1617,non_finite_flow,
after_all,1721,non_finite_flow,
after_all,1737,non_finite_flow,
after_all,1738,non_finite_flow,
after_all,1828,non_finite_flow,
after_all,1829,non_finite_flow,
after_all,1855,non_finite_flow,
after_all,1925,non_finite_flow,
after_all,1942,non_finite_flow,
after_all,1977,non_finite_flow,
after_all,1994,non_finite_flow,
after_all,1995,non_finite_flow,
after_all,2046,non_finite_flow,
after_all,2048,non_finite_flow,
after_all,2060,non_finite_flow,
after_all,2073,non_finite_flow,
after_all,2074,non_finite_flow,
after_all,2084,non_finite_flow,
after_all,2108,non_finite_flow,
after_all,2121,non_finite_flow,
after_all,2148,non_finite_flow,
after_all,2165,non_finite_flow,
after_all,2166,non_finite_flow,
after_all,2167,non_finite_flow,
after_all,2170,non_finite_flow,
after_all,2171,non_finite_flow,
after_all,2172,non_finite_flow,
after_all,2202,non_finite_flow,
after_all,2211,non_finite_flow,
after_all,2226,non_finite_flow,
after_all,2238,non_finite_flow,
after_all,2241,non_finite_flow,
after_all,2289,non_finite_flow,
after_all,2290,non_finite_flow,
after_all,2305,non_finite_flow,
after_all,2319,non_finite_flow,
after_all,2323,non_finite_flow,
after_all,2330,non_finite_flow,
after_all,2331,non_finite_flow,
after_all,2332,non_finite_flow,
after_all,2334,non_finite_flow,
after_all,2335,non_finite_flow,
after_all,2336,non_finite_flow,
after_all,2375,non_finite_flow,
after_all,2376,non_finite_flow,
after_all,2377,non_finite_flow,
after_all,2388,non_finite_flow,
after_all,2389,non_finite_flow,
after_all,2390,non_finite_flow,
after_all,2400,non_finite_flow,
after_all,2401,non_finite_flow,
after_all,2407,non_finite_flow,
after_all,2417,non_finite_flow,
after_all,2441,non_finite_flow,
after_all,2459,non_finite_flow,
after_all,2464,non_finite_flow,
after_all,2475,non_finite_flow,
after_all,2476,non_finite_flow,
after_all,2491,non_finite_flow,
after_all,2492,non_finite_flow,
after_all,2496,non_finite_flow,
after_all,2499,non_finite_flow,
after_all,2507,non_finite_flow,
after_all,2508,non_finite_flow,
after_all,2509,non_finite_flow,
after_all,2515,non_finite_flow,
after_all,2516,non_finite_flow,
after_all,2524,non_finite_flow,
after_all,2525,non_finite_flow,
after_all,2526,non_finite_flow,
after_all,2527,non_finite_flow,
after_all,2528,non_finite_flow,
after_all,2537,non_finite_flow,
after_all,2538,non_finite_flow,
after_all,2539,non_finite_flow,
after_all,2540,non_finite_flow,
after_all,2541,non_finite_flow,
after_all,2542,non_finite_flow,
after_all,2549,non_finite_flow,
after_all,2550,non_finite_flow,
after_all,2559,non_finite_flow,
after_all,2560,non_finite_flow,
after_all,2567,non_finite_flow,
after_all,2578,non_finite_flow,
after_all,2579,non_finite_flow,
after_all,2580,non_finite_flow,
after_all,2632,non_finite_flow,
after_all,2693,non_finite_flow,
after_all,2799,non_finite_flow,
after_all,2800,non_finite_flow,
after_all,2801,non_finite_flow,
after_all,2802,non_finite_flow,
after_all,2803,non_finite_flow,
after_all,2804,non_finite_flow,
after_all,2807,non_finite_flow,
after_all,2808,non_finite_flow,
after_all,2816,non_finite_flow,
after_all,2817,non_finite_flow,
after_all,2818,non_finite_flow,
after_all,2830,non_finite_flow,
after_all,2831,non_finite_flow,
after_all,2874,non_finite_flow,
after_all,2875,non_finite_flow,
after_all,2876,non_finite_flow,
after_all,2988,non_finite_flow,
after_all,2989,non_finite_flow,
after_all,2990,non_finite_flow,
after_all,3015,non_finite_flow,
after_all,3016,non_finite_flow,
after_all,3017,non_finite_flow,
after_all,3018,non_finite_flow,
after_all,3080,non_finite_flow,
after_all,3088,non_finite_flow,
after_all,3123,non_finite_flow,
after_all,3124,non_finite_flow,
after_all,3164,non_finite_flow,
after_all,3165,non_finite_flow,
after_all,3168,non_finite_flow,
after_all,3169,non_finite_flow,
after_all,3181,non_finite_flow,
after_all,3182,non_finite_flow,
after_all,3183,non_finite_flow,
after_all,3184,non_finite_flow,
after_all,3193,non_finite_flow,
after_all,3207,non_finite_flow,
after_all,3223,non_finite_flow,
after_all,3224,non_finite_flow,
after_all,3225,non_finite_flow,
after_all,3230,non_finite_flow,
after_all,3231,non_finite_flow,
after_all,3232,non_finite_flow,
after_all,3233,non_finite_flow,
after_all,3279,non_finite_flow,
after_all,3280,non_finite_flow,
after_all,3281,non_finite_flow,
after_all,3282,non_finite_flow,
after_all,3283,non_finite_flow,
after_all,3347,non_finite_flow,
after_all,3348,non_finite_flow,
after_all,3349,non_finite_flow,
after_all,3350,non_finite_flow,
after_all,3381,non_finite_flow,
after_all,3382,non_finite_flow,
after_all,3383,non_finite_flow,
after_all,3384,non_finite_flow,
after_all,3421,non_finite_flow,
after_all,3422,non_finite_flow,
after_all,3490,non_finite_flow,
after_all,3491,non_finite_flow,
after_all,3492,non_finite_flow,
after_all,3493,non_finite_flow,
after_all,3494,non_finite_flow,
after_all,3495,non_finite_flow,
after_all,3498,non_finite_flow,
after_all,3499,non_finite_flow,
after_all,3513,non_finite_flow,
after_all,3538,non_finite_flow,
after_all,3539,non_finite_flow,
after_all,3541,non_finite_flow,
after_all,3542,non_finite_flow,
after_all,3560,non_finite_flow,
after_all,3630,non_finite_flow,
after_all,3665,non_finite_flow,
after_all,3666,non_finite_flow,
after_all,3667,non_finite_flow,
after_all,3668,non_finite_flow,
after_all,3669,non_finite_flow,
after_all,3670,non_finite_flow,
after_all,3705,non_finite_flow,
after_all,3714,non_finite_flow,
after_all,3735,non_finite_flow,
after_all,3737,non_finite_flow,
after_all,3738,non_finite_flow,
after_all,3739,non_finite_flow,
after_all,3740,non_finite_flow,
after_all,3741,non_finite_flow,
after_all,3819,non_finite_flow,
after_all,3820,non_finite_flow,
after_all,3821,non_finite_flow,
after_all,3822,non_finite_flow,
after_all,3823,non_finite_flow,
after_all,3824,non_finite_flow,
after_all,3825,non_finite_flow,
after_all,3826,non_finite_flow,
after_all,3827,non_finite_flow,
after_all,3941,non_finite_flow,
after_all,3976,non_finite_flow,
after_all,4027,non_finite_flow,
after_all,4035,non_finite_flow,
after_all,4044,non_finite_flow,
after_all,4046,non_finite_flow,
after_all,4052,non_finite_flow,
after_all,4071,non_finite_flow,
after_all,4098,non_finite_flow,
after_all,4105,non_finite_flow,
after_all,4106,non_finite_flow,
after_all,4107,non_finite_flow,
after_all,4108,non_finite_flow,
after_all,4121,non_finite_flow,
after_all,4122,non_finite_flow,
after_all,4124,non_finite_flow,
after_all,4125,non_finite_flow,
after_all,4127,non_finite_flow,
after_all,4128,non_finite_flow,
after_all,4133,non_finite_flow,
after_all,4134,non_finite_flow,
after_all,4135,non_finite_flow,
after_all,4164,non_finite_flow,
after_all,4165,non_finite_flow,
after_all,4166,non_finite_flow,
after_all,4180,non_finite_flow,
after_all,4194,non_finite_flow,
after_all,4195,non_finite_flow,
after_all,4196,non_finite_flow,
after_all,4197,non_finite_flow,
after_all,4202,non_finite_flow,
after_all,4207,non_finite_flow,
after_all,4208,non_finite_flow,
after_all,4210,non_finite_flow,
after_all,4211,non_finite_flow,
after_all,4237,non_finite_flow,
after_all,4238,non_finite_flow,
after_all,4239,non_finite_flow,
after_all,4240,non_finite_flow,
after_all,4241,non_finite_flow,
after_all,4242,non_finite_flow,
after_all,4243,non_finite_flow,
after_all,4244,non_finite_flow,
after_all,4245,non_finite_flow,
after_all,4257,non_finite_flow,
after_all,4258,non_finite_flow,
after_all,4259,non_finite_flow,
after_all,4260,non_finite_flow,
after_all,4261,non_finite_flow,
after_all,4268,non_finite_flow,
after_all,4280,non_finite_flow,
after_all,4281,non_finite_flow,
after_all,4288,non_finite_flow,
after_all,4295,non_finite_flow,
after_all,4300,non_finite_flow,
after_all,4306,non_finite_flow,
after_all,4307,non_finite_flow,
after_all,4316,non_finite_flow,
after_all,4331,non_finite_flow,
after_all,4332,non_finite_flow,
after_all,4333,non_finite_flow,
after_all,4334,non_finite_flow,
after_all,4335,non_finite_flow,
after_all,4345,non_finite_flow,
after_all,4346,non_finite_flow,
after_all,4347,non_finite_flow,
after_all,4348,non_finite_flow,
after_all,4349,non_finite_flow,
after_all,4434,non_finite_flow,
after_all,4454,non_finite_flow,
after_all,4455,non_finite_flow,
after_all,4456,non_finite_flow,
after_all,4457,non_finite_flow,
after_all,4458,non_finite_flow,
after_all,4459,non_finite_flow,
after_all,4495,non_finite_flow,
after_all,4496,non_finite_flow,
after_all,4499,non_finite_flow,
after_all,4502,non_finite_flow,
after_all,4503,non_finite_flow,
after_all,4512,non_finite_flow,
after_all,4513,non_finite_flow,
after_all,4514,non_finite_flow,
after_all,4515,non_finite_flow,
after_all,4525,non_finite_flow,
after_all,4526,non_finite_flow,
after_all,4541,non_finite_flow,
after_all,4555,non_finite_flow,
after_all,4567,non_finite_flow,
after_all,4572,non_finite_flow,
after_all,4587,non_finite_flow,
after_all,4588,non_finite_flow,
after_all,4615,non_finite_flow,
after_all,4616,non_finite_flow,
after_all,4624,non_finite_flow,
after_all,4631,non_finite_flow,
after_all,4632,non_finite_flow,
after_all,4636,non_finite_flow,
after_all,4640,non_finite_flow,
after_all,4641,non_finite_flow,
after_all,4642,non_finite_flow,
after_all,4645,non_finite_flow,
after_all,4646,non_finite_flow,
after_all,4647,non_finite_flow,
after_all,4648,non_finite_flow,
after_all,4649,non_finite_flow,
after_all,4650,non_finite_flow,
after_all,4651,non_finite_flow,
after_all,4652,non_finite_flow,
after_all,4655,non_finite_flow,
after_all,4656,non_finite_flow,
after_all,4657,non_finite_flow,
after_all,4658,non_finite_flow,
after_all,4659,non_finite_flow,
after_all,4664,non_finite_flow,
after_all,4665,non_finite_flow,
after_all,4666,non_finite_flow,
after_all,4667,non_finite_flow,
after_all,4669,non_finite_flow,
after_all,4670,non_finite_flow,
after_all,4671,non_finite_flow,
after_all,4672,non_finite_flow,
after_all,4674,non_finite_flow,
after_all,4675,non_finite_flow,
after_all,4676,non_finite_flow,
after_all,4677,non_finite_flow,
after_all,4678,non_finite_flow,
after_all,4679,non_finite_flow,
after_all,4681,non_finite_flow,
after_all,4682,non_finite_flow,
after_all,4683,non_finite_flow,
after_all,4684,non_finite_flow,
after_all,4685,non_finite_flow,
after_all,4689,non_finite_flow,
after_all,4690,non_finite_flow,
after_all,4691,non_finite_flow,
after_all,4692,non_finite_flow,
after_all,4693,non_finite_flow,
after_all,4694,non_finite_flow,
after_all,4702,non_finite_flow,
after_all,4708,non_finite_flow,
after_all,4712,non_finite_flow,
after_all,4717,non_finite_flow,
after_all,4724,non_finite_flow,
after_all,4725,non_finite_flow,
after_all,4726,non_finite_flow,
after_all,4728,non_finite_flow,
after_all,4729,non_finite_flow,
after_all,4730,non_finite_flow,
after_all,4731,non_finite_flow,
after_all,4732,non_finite_flow,
after_all,4733,non_finite_flow,
after_all,4739,non_finite_flow,
after_all,4740,non_finite_flow,
after_all,4741,non_finite_flow,
after_all,4747,non_finite_flow,
after_all,4752,non_finite_flow,
after_all,4753,non_finite_flow,
after_all,4754,non_finite_flow,
after_all,4758,non_finite_flow,
after_all,4766,non_finite_flow,
after_all,4769,non_finite_flow,
after_all,4773,non_finite_flow,
after_all,4775,non_finite_flow,
after_all,4778,non_finite_flow,
after_all,4779,non_finite_flow,
after_all,4780,non_finite_flow,
after_all,4781,non_finite_flow,
after_all,4782,non_finite_flow,
after_all,4783,non_finite_flow,
after_all,4784,non_finite_flow,
after_all,4786,non_finite_flow,
after_all,4787,non_finite_flow,
after_all,4790,non_finite_flow,
after_all,4791,non_finite_flow,
after_all,4798,non_finite_flow,
after_all,4799,non_finite_flow,
after_all,4801,non_finite_flow,
after_all,4802,non_finite_flow,
after_all,4803,non_finite_flow,
after_all,4804,non_finite_flow,
after_all,4805,non_finite_flow,
after_all,4806,non_finite_flow,
after_all,4809,non_finite_flow,
after_all,4810,non_finite_flow,
after_all,4813,non_finite_flow,
after_all,4823,non_finite_flow,
after_all,4824,non_finite_flow,
after_all,4825,non_finite_flow,
after_all,4826,non_finite_flow,
after_all,4827,non_finite_flow,
after_all,4828,non_finite_flow,
after_all,4829,non_finite_flow,
after_all,4830,non_finite_flow,
after_all,4831,non_finite_flow,
after_all,4832,non_finite_flow,
after_all,4833,non_finite_flow,
after_all,4834,non_finite_flow,
after_all,4835,non_finite_flow,
after_all,4836,non_finite_flow,
after_all,4838,non_finite_flow,
after_all,4839,non_finite_flow,
after_all,4844,non_finite_flow,
after_all,4846,non_finite_flow,
after_all,4847,non_finite_flow,
after_all,4848,non_finite_flow,
after_all,4849,non_finite_flow,
after_all,4850,non_finite_flow,
after_all,4851,non_finite_flow,
after_all,4852,non_finite_flow,
after_all,4853,non_finite_flow,
after_all,4854,non_finite_flow,
after_all,4855,non_finite_flow,
after_all,4859,non_finite_flow,
after_all,4860,non_finite_flow,
after_all,4861,non_finite_flow,
after_all,4862,non_finite_flow,
after_all,4863,non_finite_flow,
after_all,4867,non_finite_flow,
after_all,4872,non_finite_flow,
after_all,4877,non_finite_flow,
after_all,4878,non_finite_flow,
after_all,4879,non_finite_flow,
after_all,4880,non_finite_flow,
after_all,4883,non_finite_flow,
after_all,4884,non_finite_flow,
after_all,4888,non_finite_flow,
after_all,4889,non_finite_flow,
after_all,4893,non_finite_flow,
after_all,4898,non_finite_flow,
after_all,4900,non_finite_flow,
after_all,4901,non_finite_flow,
after_all,4908,non_finite_flow,
after_all,4913,non_finite_flow,
after_all,4917,non_finite_flow,
after_all,4918,non_finite_flow,
after_all,4922,non_finite_flow,
after_all,4927,non_finite_flow,
after_all,4928,non_finite_flow,
after_all,4929,non_finite_flow,
after_all,4930,non_finite_flow,
after_all,4941,non_finite_flow,
after_all,4948,non_finite_flow,
after_all,4949,non_finite_flow,
after_all,4952,non_finite_flow,
after_all,4955,non_finite_flow,
after_all,4956,non_finite_flow,
after_all,4957,non_finite_flow,
after_all,4958,non_finite_flow,
after_all,4960,non_finite_flow,
after_all,4965,non_finite_flow,
after_all,4966,non_finite_flow,
after_all,4969,non_finite_flow,
after_all,4970,non_finite_flow,
after_all,4971,non_finite_flow,
after_all,4977,non_finite_flow,
after_all,4980,non_finite_flow,
after_all,4981,non_finite_flow,
after_all,4982,non_finite_flow,
after_all,4983,non_finite_flow,
after_all,4990,non_finite_flow,
after_all,4993,non_finite_flow,
after_all,4994,non_finite_flow,
after_all,4996,non_finite_flow,
after_all,4997,non_finite_flow,
after_all,4998,non_finite_flow,
after_all,5001,non_finite_flow,
after_all,5003,non_finite_flow,
after_all,5007,non_finite_flow,
after_all,5009,non_finite_flow,
after_all,5010,non_finite_flow,
after_all,5012,non_finite_flow,
after_all,5013,non_finite_flow,
after_all,5014,non_finite_flow,
after_all,5015,non_finite_flow,
after_all,5016,non_finite_flow,
after_all,5018,non_finite_flow,
after_all,5021,non_finite_flow,
after_all,5022,non_finite_flow,
after_all,5023,non_finite_flow,
after_all,5024,non_finite_flow,
after_all,5025,non_finite_flow,
after_all,5026,non_finite_flow,
after_all,5027,non_finite_flow,
after_all,5029,non_finite_flow,
after_all,5030,non_finite_flow,
after_all,5031,non_finite_flow,
after_all,5034,non_finite_flow,
after_all,5035,non_finite_flow,
after_all,5036,non_finite_flow,
after_all,5039,non_finite_flow,
after_all,5041,non_finite_flow,
after_all,5044,non_finite_flow,
after_all,5048,non_finite_flow,
after_all,5051,non_finite_flow,
after_all,5053,non_finite_flow,
after_all,5054,non_finite_flow,
after_all,5055,non_finite_flow,
after_all,5056,non_finite_flow,
after_all,5057,non_finite_flow,
after_all,5058,non_finite_flow,
after_all,5060,non_finite_flow,
after_all,5061,non_finite_flow,
after_all,5062,non_finite_flow,
after_all,5066,non_finite_flow,
after_all,5068,non_finite_flow,
after_all,5069,non_finite_flow,
after_all,5070,non_finite_flow,
after_all,5071,non_finite_flow,
after_all,5072,non_finite_flow,
after_all,5073,non_finite_flow,
after_all,5074,non_finite_flow,
after_all,5075,non_finite_flow,
after_all,5081,non_finite_flow,
after_all,5083,non_finite_flow,
after_all,5085,non_finite_flow,
after_all,5086,non_finite_flow,
after_all,5087,non_finite_flow,
after_all,5089,non_finite_flow,
after_all,5090,non_finite_flow,
after_all,5091,non_finite_flow,
after_all,5092,non_finite_flow,
after_all,5094,non_finite_flow,
after_all,5095,non_finite_flow,
after_all,5096,non_finite_flow,
after_all,5097,non_finite_flow,
after_all,5100,non_finite_flow,
after_all,5102,non_finite_flow,
after_all,5105,non_finite_flow,
after_all,5108,non_finite_flow,
after_all,5109,non_finite_flow,
after_all,5111,non_finite_flow,
after_all,5114,non_finite_flow,
after_all,5115,non_finite_flow,
after_all,5116,non_finite_flow,
after_all,5117,non_finite_flow,
after_all,5121,non_finite_flow,
after_all,5122,non_finite_flow,
after_all,5123,non_finite_flow,
after_all,5124,non_finite_flow,
after_all,5125,non_finite_flow,
after_all,5134,non_finite_flow,
after_all,5138,non_finite_flow,
after_all,5139,non_finite_flow,
after_all,5140,non_finite_flow,
after_all,5143,non_finite_flow,
after_all,5145,non_finite_flow,
after_all,5148,non_finite_flow,
after_all,5150,non_finite_flow,
after_all,5151,non_finite_flow,
after_all,5152,non_finite_flow,
after_all,5156,non_finite_flow,
after_all,5158,non_finite_flow,
after_all,5159,non_finite_flow,
after_all,5160,non_finite_flow,
after_all,5162,non_finite_flow,
after_all,5163,non_finite_flow,
after_all,5164,non_finite_flow,
after_all,5166,non_finite_flow,
after_all,5169,non_finite_flow,
after_all,5170,non_finite_flow,
after_all,5171,non_finite_flow,
after_all,5172,non_finite_flow,
after_all,5178,non_finite_flow,
after_all,5183,non_finite_flow,
after_all,5185,non_finite_flow,
after_all,5189,non_finite_flow,
after_all,5192,non_finite_flow,
after_all,5193,non_finite_flow,
after_all,5194,non_finite_flow,
after_all,5196,non_finite_flow,
after_all,5197,non_finite_flow,
after_all,5198,non_finite_flow,
after_all,5199,non_finite_flow,
after_all,5200,non_finite_flow,
after_all,5201,non_finite_flow,
after_all,5202,non_finite_flow,
after_all,5203,non_finite_flow,
after_all,5204,non_finite_flow,
after_all,5205,non_finite_flow,
after_all,5206,non_finite_flow,
after_all,5207,non_finite_flow,
after_all,5208,non_finite_flow,
after_all,5209,non_finite_flow,
after_all,5210,non_finite_flow,
after_all,5211,non_finite_flow,
after_all,5212,non_finite_flow,
after_all,5215,non_finite_flow,
after_all,5216,non_finite_flow,
after_all,5217,non_finite_flow,
after_all,5218,non_finite_flow,
after_all,5219,non_finite_flow,
after_all,5220,non_finite_flow,
after_all,5223,non_finite_flow,
after_all,5224,non_finite_flow,
after_all,5225,non_finite_flow,
after_all,5226,non_finite_flow,
after_all,5230,non_finite_flow,
after_all,5233,non_finite_flow,
after_all,5234,non_finite_flow,
after_all,5235,non_finite_flow,
after_all,5237,non_finite_flow,
after_all,5240,non_finite_flow,
after_all,5242,non_finite_flow,
after_all,5244,non_finite_flow,
after_all,5245,non_finite_flow,
after_all,5246,non_finite_flow,
after_all,5247,non_finite_flow,
after_all,5248,non_finite_flow,
after_all,5249,non_finite_flow,
after_all,5251,non_finite_flow,
after_all,5255,non_finite_flow,
after_all,5256,non_finite_flow,
after_all,5259,non_finite_flow,
after_all,5261,non_finite_flow,
after_all,5262,non_finite_flow,
after_all,5263,non_finite_flow,
after_all,5264,non_finite_flow,
after_all,5267,non_finite_flow,
after_all,5270,non_finite_flow,
after_all,5275,non_finite_flow,
after_all,5279,non_finite_flow,
after_all,5282,non_finite_flow,
after_all,5284,non_finite_flow,
after_all,5286,non_finite_flow,
after_all,5287,non_finite_flow,
after_all,5288,non_finite_flow,
after_all,5289,non_finite_flow,
after_all,5290,non_finite_flow,
after_all,5291,non_finite_flow,
after_all,5293,non_finite_flow,
after_all,5294,non_finite_flow,
after_all,5297,non_finite_flow,
after_all,5299,non_finite_flow,
after_all,5302,non_finite_flow,
after_all,5303,non_finite_flow,
after_all,5305,non_finite_flow,
after_all,5307,non_finite_flow,
after_all,5308,non_finite_flow,
after_all,5309,non_finite_flow,
after_all,5310,non_finite_flow,
after_all,5311,non_finite_flow,
after_all,5313,non_finite_flow,
after_all,5314,non_finite_flow,
after_all,5316,non_finite_flow,
after_all,5317,non_finite_flow,
after_all,5321,non_finite_flow,
after_all,5322,non_finite_flow,
after_all,5324,non_finite_flow,
after_all,5327,non_finite_flow,
after_all,5328,non_finite_flow,
after_all,5329,non_finite_flow,
after_all,5330,non_finite_flow,
after_all,5331,non_finite_flow,
after_all,5334,non_finite_flow,
after_all,5335,non_finite_flow,
after_all,5336,non_finite_flow,
after_all,5337,non_finite_flow,
after_all,5338,non_finite_flow,
