case_id,year,dc_scenario,mode,location,case,asset_type,powerworld_action,component,carrier,zone,name,from_bus,to_bus,base_mw,new_mw,added_mw,capex_musd,recover_mode,from_kv,to_kv,high_kV,tier,rate_factor,upgrade_type,loading_n0_pct,loading_wc_pct,wc_contingency_row,loading_after_wc_pct,cleared,distance_mile,from_lon,from_lat,to_lon,to_lat
2023_all2030_dcfull_n1_ALL_2030,2023,all2030,full_tx,ALL_2030,all2030_dcfull_n1,transmission,upgrade_branch,line,AC,NORTH,5021-5055,5021,5055,2419.1,5322.0,2902.9,642.314,ALL,500.0,500.0,500.0,T6_heavy,2.2,New Parallel Circuit,98.2,126.5,1619,80.5,True,73.2,-97.572841,32.708154,-98.7321385,33.1268065
2023_all2030_dcfull_n1_ALL_2030,2023,all2030,full_tx,ALL_2030,all2030_dcfull_n1,transmission,upgrade_branch,line,AC,WEST,13220-13222,13220,13222,157.2,393.0,235.8,641.756,ALL,115.0,115.0,115.0,T7_structural,2.5,New Corridor/Aggressive Parallel,153.4,222.6,5239,89.1,True,103.9,-100.938705,32.130795,-99.5687984,33.0957078
2023_all2030_dcfull_n1_ALL_2030,2023,all2030,full_tx,ALL_2030,all2030_dcfull_n1,transmission,upgrade_branch,line,AC,SOUTH,6003-6107,6003,6107,2020.0,5050.0,3030.0,529.022,ALL,500.0,500.0,500.0,T7_structural,2.5,New Corridor/Aggressive Parallel,133.6,176.2,2819,85.7,True,38.8,-97.2711,30.146700000000003,-96.947291,30.633128
2023_all2030_dcfull_n1_ALL_2030,2023,all2030,full_tx,ALL_2030,all2030_dcfull_n1,transmission,upgrade_branch,line,AC,NORTH,12754-12945,12754,12945,256.5,641.2,384.8,476.201,ALL,161.0,161.0,161.0,T7_structural,2.5,New Corridor/Aggressive Parallel,484.2,486.6,3629,203.7,False,63.7,-99.695954,33.73925199999999,-100.4547365,34.413879
2023_all2030_dcfull_n1_ALL_2030,2023,all2030,full_tx,ALL_2030,all2030_dcfull_n1,transmission,upgrade_branch,line,AC,NORTH,5018-5055,5018,5055,2020.0,5050.0,3030.0,385.994,ALL,500.0,500.0,500.0,T7_structural,2.5,New Corridor/Aggressive Parallel,105.9,169.8,1630,84.8,True,28.3,-98.244763,33.097641,-98.7321385,33.1268065
2023_all2030_dcfull_n1_ALL_2030,2023,all2030,full_tx,ALL_2030,all2030_dcfull_n1,transmission,upgrade_branch,line,AC,NORTH,2014-13085,2014,13085,220.0,550.0,330.0,374.7,ALL,161.0,161.0,161.0,T7_structural,2.5,New Corridor/Aggressive Parallel,170.5,327.5,434,127.0,False,50.1,-100.4547365,34.413879,-100.883227,33.781077
2023_all2030_dcfull_n1_ALL_2030,2023,all2030,full_tx,ALL_2030,all2030_dcfull_n1,transmission,upgrade_branch,line,AC,NORTH,2014-2029,2014,2029,187.0,467.5,280.5,337.154,ALL,161.0,161.0,161.0,T7_structural,2.5,New Corridor/Aggressive Parallel,330.7,460.6,435,190.6,False,45.1,-100.4547365,34.413879,-101.244172,34.371689
2023_all2030_dcfull_n1_ALL_2030,2023,all2030,full_tx,ALL_2030,all2030_dcfull_n1,transmission,upgrade_branch,line,AC,WEST,13140-13214,13140,13214,107.5,236.5,129.0,325.698,ALL,115.0,115.0,115.0,T6_heavy,2.2,New Parallel Circuit,119.5,143.7,5181,95.5,True,108.9,-100.938705,32.130795,-102.39869175,31.160862
2023_all2030_dcfull_n1_ALL_2030,2023,all2030,full_tx,ALL_2030,all2030_dcfull_n1,transmission,upgrade_branch,line,AC,NORTH,5047-12556,5047,12556,2034.0,3559.5,1525.5,324.847,ALL,500.0,500.0,500.0,T5_moderate,1.75,HTLS Reconductor,78.4,111.4,1605,57.3,True,58.8,-97.188374,32.503973,-97.93385,33.07965
2023_all2030_dcfull_n1_ALL_2030,2023,all2030,full_tx,ALL_2030,all2030_dcfull_n1,transmission,upgrade_branch,line,AC,NORTH,2111-5472,2111,5472,187.0,467.5,280.5,268.533,ALL,161.0,161.0,161.0,T7_structural,2.5,New Corridor/Aggressive Parallel,14.7,156.2,1742,63.2,True,35.9,-98.884782,33.527396,-99.37463133333334,33.20651766666666
2023_all2030_dcfull_n1_ALL_2030,2023,all2030,full_tx,ALL_2030,all2030_dcfull_n1,transmission,upgrade_branch,line,AC,NORTH,5101-13018,5101,13018,188.4,471.0,282.6,265.204,ALL,161.0,161.0,161.0,T7_structural,2.5,New Corridor/Aggressive Parallel,115.3,328.1,1697,114.1,False,35.5,-98.6525545,31.8568005,-98.187624,32.1858615
2023_all2030_dcfull_n1_ALL_2030,2023,all2030,full_tx,ALL_2030,all2030_dcfull_n1,transmission,upgrade_branch,line,AC,NORTH,5055-12637,5055,12637,2173.8,4782.4,2608.6,263.25,ALL,500.0,500.0,500.0,T6_heavy,2.2,New Parallel Circuit,122.9,134.3,4768,64.2,True,0.0,-98.7321385,33.1268065,-98.7321385,33.1268065
2023_all2030_dcfull_n1_ALL_2030,2023,all2030,full_tx,ALL_2030,all2030_dcfull_n1,transmission,upgrade_branch,line,AC,SOUTH,6003-12621,6003,12621,2073.3,4561.3,2488.0,263.25,ALL,500.0,500.0,500.0,T6_heavy,2.2,New Parallel Circuit,31.4,126.2,2877,70.2,True,0.0,-97.2711,30.146700000000003,-97.2711,30.146700000000003
2023_all2030_dcfull_n1_ALL_2030,2023,all2030,full_tx,ALL_2030,all2030_dcfull_n1,transmission,upgrade_branch,line,AC,SOUTH,6254-6038,6254,6038,2020.0,4444.0,2424.0,263.25,ALL,500.0,500.0,500.0,T6_heavy,2.2,New Parallel Circuit,107.6,143.3,3180,59.5,True,0.0,-97.77508287179488,30.30416587179487,-97.77508287179488,30.30416587179487
2023_all2030_dcfull_n1_ALL_2030,2023,all2030,full_tx,ALL_2030,all2030_dcfull_n1,transmission,upgrade_branch,line,AC,NORTH,5286-5231,5286,5231,187.0,467.5,280.5,257.286,ALL,161.0,161.0,161.0,T7_structural,2.5,New Corridor/Aggressive Parallel,88.2,223.4,1697,83.4,True,34.4,-98.4123355,32.20698,-98.213739,31.738177
2023_all2030_dcfull_n1_ALL_2030,2023,all2030,full_tx,ALL_2030,all2030_dcfull_n1,transmission,upgrade_branch,line,AC,NORTH,5286-5112,5286,5112,150.0,375.0,225.0,254.906,ALL,161.0,161.0,161.0,T7_structural,2.5,New Corridor/Aggressive Parallel,202.6,631.9,1564,279.9,False,34.1,-98.4123355,32.20698,-97.8826,32.001481
2023_all2030_dcfull_n1_ALL_2030,2023,all2030,full_tx,ALL_2030,all2030_dcfull_n1,transmission,upgrade_branch,line,AC,NORTH,5169-5456,5169,5456,264.9,662.2,397.4,254.723,ALL,161.0,161.0,161.0,T7_structural,2.5,New Corridor/Aggressive Parallel,96.9,185.5,1563,71.1,True,34.1,-98.4123355,32.20698,-98.98514,32.116953
2023_all2030_dcfull_n1_ALL_2030,2023,all2030,full_tx,ALL_2030,all2030_dcfull_n1,transmission,upgrade_branch,line,AC,NORTH,2053-2088,2053,2088,352.9,882.2,529.4,252.234,ALL,161.0,161.0,161.0,T7_structural,2.5,New Corridor/Aggressive Parallel,182.7,280.4,573,120.9,False,33.7,-97.95612,33.520572,-98.540972,33.494167000000004
2023_all2030_dcfull_n1_ALL_2030,2023,all2030,full_tx,ALL_2030,all2030_dcfull_n1,transmission,upgrade_branch,line,AC,WEST,12664-12788,12664,12788,595.0,1309.0,714.0,247.415,ALL,230.0,230.0,230.0,T6_heavy,2.2,New Parallel Circuit,93.0,145.3,4991,75.5,True,52.1,-100.94008825,32.806441125,-101.83586283333334,32.75809566666667
2023_all2030_dcfull_n1_ALL_2030,2023,all2030,full_tx,ALL_2030,all2030_dcfull_n1,transmission,upgrade_branch,line,AC,WEST,12788-12898,12788,12898,596.0,1311.2,715.2,247.415,ALL,230.0,230.0,230.0,T6_heavy,2.2,New Parallel Circuit,83.5,130.8,4892,66.6,True,52.1,-101.83586283333334,32.75809566666667,-100.94008825,32.806441125
2023_all2030_dcfull_n1_ALL_2030,2023,all2030,full_tx,ALL_2030,all2030_dcfull_n1,transmission,upgrade_branch,line,AC,WEST,12788-12898,12788,12898,596.0,1311.2,715.2,247.415,ALL,230.0,230.0,230.0,T6_heavy,2.2,New Parallel Circuit,83.5,130.8,4891,66.6,True,52.1,-101.83586283333334,32.75809566666667,-100.94008825,32.806441125
2023_all2030_dcfull_n1_ALL_2030,2023,all2030,full_tx,ALL_2030,all2030_dcfull_n1,transmission,upgrade_branch,line,AC,NORTH,2008-13149,2008,13149,226.2,565.5,339.3,244.69,ALL,161.0,161.0,161.0,T7_structural,2.5,New Corridor/Aggressive Parallel,120.6,193.7,434,80.2,True,32.7,-100.512868,34.857258,-100.934408,35.18172
2023_all2030_dcfull_n1_ALL_2030,2023,all2030,full_tx,ALL_2030,all2030_dcfull_n1,transmission,upgrade_branch,line,AC,WEST,3023-3115,3023,3115,135.0,337.5,202.5,241.323,ALL,115.0,115.0,115.0,T7_structural,2.5,New Corridor/Aggressive Parallel,137.8,165.4,584,84.2,True,39.1,-99.850964,32.940911,-100.524167,32.969722
2023_all2030_dcfull_n1_ALL_2030,2023,all2030,full_tx,ALL_2030,all2030_dcfull_n1,transmission,upgrade_branch,line,AC,NORTH,2014-2008,2014,2008,187.0,467.5,280.5,230.324,ALL,161.0,161.0,161.0,T7_structural,2.5,New Corridor/Aggressive Parallel,195.8,341.7,434,141.3,False,30.8,-100.4547365,34.413879,-100.512868,34.857258
2023_all2030_dcfull_n1_ALL_2030,2023,all2030,full_tx,ALL_2030,all2030_dcfull_n1,transmission,upgrade_branch,line,AC,NORTH,2091-13012,2091,13012,347.0,867.5,520.5,228.34,ALL,161.0,161.0,161.0,T7_structural,2.5,New Corridor/Aggressive Parallel,9.3,153.7,1742,46.1,True,30.5,-99.2898065,33.642922,-99.37463133333334,33.20651766666666
2023_all2030_dcfull_n1_ALL_2030,2023,all2030,full_tx,ALL_2030,all2030_dcfull_n1,transmission,upgrade_branch,line,AC,NORTH,2091-13012,2091,13012,347.0,867.5,520.5,228.34,ALL,161.0,161.0,161.0,T7_structural,2.5,New Corridor/Aggressive Parallel,9.3,153.7,1742,46.1,True,30.5,-99.2898065,33.642922,-99.37463133333334,33.20651766666666
2023_all2030_dcfull_n1_ALL_2030,2023,all2030,full_tx,ALL_2030,all2030_dcfull_n1,transmission,upgrade_branch,line,AC,NORTH,5112-5318,5112,5318,242.8,607.0,364.2,225.301,ALL,161.0,161.0,161.0,T7_structural,2.5,New Corridor/Aggressive Parallel,259.6,548.0,1564,207.3,False,30.1,-97.8826,32.001481,-97.69946625,32.40925625
2023_all2030_dcfull_n1_ALL_2030,2023,all2030,full_tx,ALL_2030,all2030_dcfull_n1,transmission,upgrade_branch,line,AC,NORTH,2012-2052,2012,2052,187.0,467.5,280.5,224.25,ALL,161.0,161.0,161.0,T7_structural,2.5,New Corridor/Aggressive Parallel,85.6,159.0,407,64.8,True,0.0,-101.35485071428572,35.27871242857143,-101.35485071428572,35.27871242857143
2023_all2030_dcfull_n1_ALL_2030,2023,all2030,full_tx,ALL_2030,all2030_dcfull_n1,transmission,upgrade_branch,line,AC,NORTH,2029-13055,2029,13055,242.3,605.8,363.4,224.25,ALL,161.0,161.0,161.0,T7_structural,2.5,New Corridor/Aggressive Parallel,125.0,217.5,481,98.9,True,0.0,-101.244172,34.371689,-101.244172,34.371689
2023_all2030_dcfull_n1_ALL_2030,2023,all2030,full_tx,ALL_2030,all2030_dcfull_n1,transmission,upgrade_branch,line,AC,NORTH,2070-2088,2070,2088,251.0,627.5,376.5,224.25,ALL,161.0,161.0,161.0,T7_structural,2.5,New Corridor/Aggressive Parallel,40.0,315.1,2237,126.0,False,0.0,-98.540972,33.494167000000004,-98.540972,33.494167000000004
2023_all2030_dcfull_n1_ALL_2030,2023,all2030,full_tx,ALL_2030,all2030_dcfull_n1,transmission,upgrade_branch,line,AC,NORTH,5014-13266,5014,13266,186.5,466.2,279.8,224.25,ALL,161.0,161.0,161.0,T7_structural,2.5,New Corridor/Aggressive Parallel,118.0,154.0,2072,90.7,True,0.0,-97.466582,33.243525500000004,-97.466582,33.243525500000004
2023_all2030_dcfull_n1_ALL_2030,2023,all2030,full_tx,ALL_2030,all2030_dcfull_n1,transmission,upgrade_branch,line,AC,NORTH,5046-13018,5046,13018,214.1,535.2,321.1,224.25,ALL,161.0,161.0,161.0,T7_structural,2.5,New Corridor/Aggressive Parallel,95.0,348.3,1697,129.5,False,0.0,-98.187624,32.1858615,-98.187624,32.1858615
2023_all2030_dcfull_n1_ALL_2030,2023,all2030,full_tx,ALL_2030,all2030_dcfull_n1,transmission,upgrade_branch,line,AC,NORTH,5227-5076,5227,5076,187.0,467.5,280.5,224.25,ALL,161.0,161.0,161.0,T7_structural,2.5,New Corridor/Aggressive Parallel,107.1,153.8,1928,61.7,True,0.0,-96.243079,32.788987000000006,-96.243079,32.788987000000006
2023_all2030_dcfull_n1_ALL_2030,2023,all2030,full_tx,ALL_2030,all2030_dcfull_n1,transmission,upgrade_branch,line,AC,NORTH,5088-5407,5088,5407,221.7,554.2,332.6,224.25,ALL,161.0,161.0,161.0,T7_structural,2.5,New Corridor/Aggressive Parallel,187.6,307.8,1564,139.5,False,0.0,-97.46203133333334,31.819786000000004,-97.46203133333334,31.819786000000004
2023_all2030_dcfull_n1_ALL_2030,2023,all2030,full_tx,ALL_2030,all2030_dcfull_n1,transmission,upgrade_branch,line,AC,NORTH,5101-13051,5101,13051,222.1,555.2,333.1,224.25,ALL,161.0,161.0,161.0,T7_structural,2.5,New Corridor/Aggressive Parallel,75.7,167.9,1697,54.8,True,0.0,-98.6525545,31.8568005,-98.6525545,31.8568005
2023_all2030_dcfull_n1_ALL_2030,2023,all2030,full_tx,ALL_2030,all2030_dcfull_n1,transmission,upgrade_branch,line,AC,NORTH,5261-5246,5261,5246,251.0,627.5,376.5,224.25,ALL,161.0,161.0,161.0,T7_structural,2.5,New Corridor/Aggressive Parallel,198.6,420.4,1564,171.6,False,0.0,-97.790381,32.253423999999995,-97.790381,32.253423999999995
2023_all2030_dcfull_n1_ALL_2030,2023,all2030,full_tx,ALL_2030,all2030_dcfull_n1,transmission,upgrade_branch,line,AC,NORTH,5318-5402,5318,5402,326.0,815.0,489.0,224.25,ALL,161.0,161.0,161.0,T7_structural,2.5,New Corridor/Aggressive Parallel,99.4,269.8,1564,89.6,True,0.0,-97.69946625,32.40925625,-97.69946625,32.40925625
2023_all2030_dcfull_n1_ALL_2030,2023,all2030,full_tx,ALL_2030,all2030_dcfull_n1,transmission,upgrade_branch,line,AC,NORTH,5402-12600,5402,12600,219.1,547.8,328.6,224.25,ALL,161.0,161.0,161.0,T7_structural,2.5,New Corridor/Aggressive Parallel,125.6,199.0,1564,92.5,True,0.0,-97.69946625,32.40925625,-97.69946625,32.40925625
2023_all2030_dcfull_n1_ALL_2030,2023,all2030,full_tx,ALL_2030,all2030_dcfull_n1,transmission,upgrade_branch,line,AC,NORTH,13237-13390,13237,13390,227.6,569.0,341.4,224.25,ALL,161.0,161.0,161.0,T7_structural,2.5,New Corridor/Aggressive Parallel,133.7,184.4,517,94.1,True,0.0,-97.234707,33.503328,-97.234707,33.503328
2023_all2030_dcfull_n1_ALL_2030,2023,all2030,full_tx,ALL_2030,all2030_dcfull_n1,transmission,upgrade_branch,line,AC,SOUTH,6075-6101,6075,6101,2020.0,5050.0,3030.0,223.91,ALL,500.0,500.0,500.0,T7_structural,2.5,New Corridor/Aggressive Parallel,121.5,170.5,2581,82.2,True,16.4,-96.7506,29.9172,-96.9945,30.02547
2023_all2030_dcfull_n1_ALL_2030,2023,all2030,full_tx,ALL_2030,all2030_dcfull_n1,transmission,upgrade_branch,line,AC,NORTH,2108-13202,2108,13202,189.2,473.0,283.8,210.639,ALL,161.0,161.0,161.0,T7_structural,2.5,New Corridor/Aggressive Parallel,78.3,241.4,1742,91.9,True,28.2,-99.624257,33.345366,-99.2898065,33.642922
2023_all2030_dcfull_n1_ALL_2030,2023,all2030,full_tx,ALL_2030,all2030_dcfull_n1,transmission,upgrade_branch,line,AC,NORTH,2008-2052,2008,2052,187.0,411.4,224.4,210.417,ALL,161.0,161.0,161.0,T6_heavy,2.2,New Parallel Circuit,56.5,129.8,407,60.4,True,55.8,-100.512868,34.857258,-101.35485071428572,35.27871242857143
2023_all2030_dcfull_n1_ALL_2030,2023,all2030,full_tx,ALL_2030,all2030_dcfull_n1,transmission,upgrade_branch,line,AC,NORTH,2068-2067,2068,2067,251.0,627.5,376.5,209.739,ALL,161.0,161.0,161.0,T7_structural,2.5,New Corridor/Aggressive Parallel,311.6,477.6,581,167.5,False,28.1,-98.360833,33.509722,-98.50555385714286,33.89755828571428
2023_all2030_dcfull_n1_ALL_2030,2023,all2030,full_tx,ALL_2030,all2030_dcfull_n1,transmission,upgrade_branch,line,AC,HOUSTON,7246-7251,7246,7251,98.0,245.0,147.0,194.194,ALL,115.0,115.0,115.0,T7_structural,2.5,New Corridor/Aggressive Parallel,130.7,186.7,3307,91.3,True,31.4,-95.41128715217393,29.77727818478261,-95.833733,30.047619
2023_all2030_dcfull_n1_ALL_2030,2023,all2030,full_tx,ALL_2030,all2030_dcfull_n1,transmission,upgrade_branch,line,AC,WEST,3054-3125,3054,3125,122.3,305.8,183.4,193.707,ALL,115.0,115.0,115.0,T7_structural,2.5,New Corridor/Aggressive Parallel,134.6,173.1,946,104.3,False,31.4,-100.1097475,32.1590745,-99.70613471428572,32.45867642857143
2023_all2030_dcfull_n1_ALL_2030,2023,all2030,full_tx,ALL_2030,all2030_dcfull_n1,transmission,upgrade_branch,line,AC,NORTH,5396-12783,5396,12783,445.0,1112.5,667.5,192.942,ALL,161.0,161.0,161.0,T7_structural,2.5,New Corridor/Aggressive Parallel,59.2,157.5,1742,66.1,True,25.8,-99.33232,32.77921550000001,-99.5687984,33.0957078
2023_all2030_dcfull_n1_ALL_2030,2023,all2030,full_tx,ALL_2030,all2030_dcfull_n1,transmission,upgrade_branch,line,AC,NORTH,5005-5046,5005,5046,214.7,536.8,322.1,192.69,ALL,161.0,161.0,161.0,T7_structural,2.5,New Corridor/Aggressive Parallel,763.4,1443.9,1917,582.3,False,25.8,-98.008849,32.527015,-98.187624,32.1858615
2023_all2030_dcfull_n1_ALL_2030,2023,all2030,full_tx,ALL_2030,all2030_dcfull_n1,transmission,upgrade_branch,line,AC,NORTH,5155-12636,5155,12636,294.0,735.0,441.0,191.895,ALL,161.0,161.0,161.0,T7_structural,2.5,New Corridor/Aggressive Parallel,105.1,278.6,1742,150.1,False,25.7,-98.666449,32.759373,-98.7321385,33.1268065
2023_all2030_dcfull_n1_ALL_2030,2023,all2030,full_tx,ALL_2030,all2030_dcfull_n1,transmission,upgrade_branch,line,AC,NORTH,5112-5133,5112,5133,187.0,467.5,280.5,187.426,ALL,161.0,161.0,161.0,T7_structural,2.5,New Corridor/Aggressive Parallel,1217.8,2680.3,1564,1072.1,False,25.1,-97.8826,32.001481,-97.924354,32.362649
2023_all2030_dcfull_n1_ALL_2030,2023,all2030,full_tx,ALL_2030,all2030_dcfull_n1,transmission,upgrade_branch,line,AC,WEST,3013-3077,3013,3077,98.0,245.0,147.0,185.25,ALL,115.0,115.0,115.0,T7_structural,2.5,New Corridor/Aggressive Parallel,63.6,169.6,717,79.4,True,0.0,-99.70613471428572,32.45867642857143,-99.70613471428572,32.45867642857143
2023_all2030_dcfull_n1_ALL_2030,2023,all2030,full_tx,ALL_2030,all2030_dcfull_n1,transmission,upgrade_branch,line,AC,WEST,3064-13366,3064,13366,121.0,302.5,181.5,185.25,ALL,115.0,115.0,115.0,T7_structural,2.5,New Corridor/Aggressive Parallel,104.1,195.7,885,85.9,True,0.0,-100.56760671428572,32.36118885714286,-100.56760671428572,32.36118885714286
2023_all2030_dcfull_n1_ALL_2030,2023,all2030,full_tx,ALL_2030,all2030_dcfull_n1,transmission,upgrade_branch,line,AC,WEST,3077-3125,3077,3125,107.0,267.5,160.5,185.25,ALL,115.0,115.0,115.0,T7_structural,2.5,New Corridor/Aggressive Parallel,107.9,152.4,946,81.9,True,0.0,-99.70613471428572,32.45867642857143,-99.70613471428572,32.45867642857143
2023_all2030_dcfull_n1_ALL_2030,2023,all2030,full_tx,ALL_2030,all2030_dcfull_n1,transmission,upgrade_branch,line,AC,WEST,3091-3102,3091,3102,98.0,245.0,147.0,185.25,ALL,115.0,115.0,115.0,T7_structural,2.5,New Corridor/Aggressive Parallel,93.1,182.4,773,102.9,False,0.0,-99.70613471428572,32.45867642857143,-99.70613471428572,32.45867642857143
2023_all2030_dcfull_n1_ALL_2030,2023,all2030,full_tx,ALL_2030,all2030_dcfull_n1,transmission,upgrade_branch,line,AC,SOUTH,6338-6109,6338,6109,98.0,245.0,147.0,185.25,ALL,115.0,115.0,115.0,T7_structural,2.5,New Corridor/Aggressive Parallel,38.5,212.1,2933,84.8,True,0.0,-96.947291,30.633128,-96.947291,30.633128
2023_all2030_dcfull_n1_ALL_2030,2023,all2030,full_tx,ALL_2030,all2030_dcfull_n1,transmission,upgrade_branch,line,AC,SOUTH,6344-6353,6344,6353,107.3,268.2,160.9,185.25,ALL,115.0,115.0,115.0,T7_structural,2.5,New Corridor/Aggressive Parallel,112.4,152.4,3262,108.5,False,0.0,-97.677175,30.5341255,-97.677175,30.5341255
2023_all2030_dcfull_n1_ALL_2030,2023,all2030,full_tx,ALL_2030,all2030_dcfull_n1,transmission,upgrade_branch,line,AC,HOUSTON,7044-7416,7044,7416,98.0,245.0,147.0,185.25,ALL,115.0,115.0,115.0,T7_structural,2.5,New Corridor/Aggressive Parallel,48.7,167.3,3426,83.5,True,0.0,-97.00621414285716,28.74651585714286,-97.00621414285716,28.74651585714286
2023_all2030_dcfull_n1_ALL_2030,2023,all2030,full_tx,ALL_2030,all2030_dcfull_n1,transmission,upgrade_branch,line,AC,HOUSTON,7416-13357,7416,13357,121.9,304.8,182.8,185.25,ALL,115.0,115.0,115.0,T7_structural,2.5,New Corridor/Aggressive Parallel,25.3,166.7,3426,68.6,True,0.0,-97.00621414285716,28.74651585714286,-97.00621414285716,28.74651585714286
2023_all2030_dcfull_n1_ALL_2030,2023,all2030,full_tx,ALL_2030,all2030_dcfull_n1,transmission,upgrade_branch,line,AC,WEST,13302-13397,13302,13397,178.0,391.6,213.6,183.743,ALL,115.0,115.0,115.0,T6_heavy,2.2,New Parallel Circuit,59.5,127.4,55,65.1,True,61.5,-103.43056166666668,31.453610666666663,-102.59898166666666,30.91979725
2023_all2030_dcfull_n1_ALL_2030,2023,all2030,full_tx,ALL_2030,all2030_dcfull_n1,transmission,upgrade_branch,line,AC,NORTH,12754-13204,12754,13204,262.2,655.5,393.3,181.487,ALL,161.0,161.0,161.0,T7_structural,2.5,New Corridor/Aggressive Parallel,99.8,154.3,1742,65.9,True,24.3,-99.695954,33.73925199999999,-99.2898065,33.642922
2023_all2030_dcfull_n1_ALL_2030,2023,all2030,full_tx,ALL_2030,all2030_dcfull_n1,transmission,upgrade_branch,line,AC,NORTH,8118-8042,8118,8042,98.0,245.0,147.0,181.405,ALL,115.0,115.0,115.0,T7_structural,2.5,New Corridor/Aggressive Parallel,101.0,268.2,4353,98.2,True,29.4,-95.255739,31.188898,-94.758734,31.186933
2023_all2030_dcfull_n1_ALL_2030,2023,all2030,full_tx,ALL_2030,all2030_dcfull_n1,transmission,upgrade_branch,line,AC,SOUTH,6255-6293,6255,6293,442.3,1105.8,663.5,179.564,ALL,230.0,230.0,230.0,T7_structural,2.5,New Corridor/Aggressive Parallel,15.0,164.4,3185,96.1,True,19.7,-97.77508287179488,30.30416587179487,-97.522552,30.119949
2023_all2030_dcfull_n1_ALL_2030,2023,all2030,full_tx,ALL_2030,all2030_dcfull_n1,transmission,upgrade_branch,line,AC,NORTH,5414-5471,5414,5471,187.0,467.5,280.5,179.248,ALL,161.0,161.0,161.0,T7_structural,2.5,New Corridor/Aggressive Parallel,166.5,314.6,1563,154.8,False,24.0,-98.2935895,32.711098,-98.377389,32.371306
2023_all2030_dcfull_n1_ALL_2030,2023,all2030,full_tx,ALL_2030,all2030_dcfull_n1,transmission,upgrade_branch,line,AC,SOUTH,4036-4189,4036,4189,111.0,277.5,166.5,174.851,ALL,115.0,115.0,115.0,T7_structural,2.5,New Corridor/Aggressive Parallel,84.8,160.2,1137,81.2,True,28.3,-99.562652,28.888748,-99.63215,28.4834915
2023_all2030_dcfull_n1_ALL_2030,2023,all2030,full_tx,ALL_2030,all2030_dcfull_n1,transmission,upgrade_branch,line,AC,NORTH,5371-5034,5371,5034,251.0,627.5,376.5,174.272,ALL,161.0,161.0,161.0,T7_structural,2.5,New Corridor/Aggressive Parallel,72.4,153.7,1927,61.5,True,23.3,-96.539931,32.552083,-96.80082027272728,32.808276409090915
2023_all2030_dcfull_n1_ALL_2030,2023,all2030,full_tx,ALL_2030,all2030_dcfull_n1,transmission,upgrade_branch,line,AC,SOUTH,6292-6254,6292,6254,2768.0,6089.6,3321.6,173.151,ALL,500.0,500.0,500.0,T6_heavy,2.2,New Parallel Circuit,111.5,148.4,2581,65.5,True,19.7,-97.522552,30.119949,-97.77508287179488,30.30416587179487
2023_all2030_dcfull_n1_ALL_2030,2023,all2030,full_tx,ALL_2030,all2030_dcfull_n1,transmission,upgrade_branch,line,AC,NORTH,2053-5362,2053,5362,251.0,627.5,376.5,168.12,ALL,161.0,161.0,161.0,T7_structural,2.5,New Corridor/Aggressive Parallel,83.9,171.0,552,73.2,True,22.5,-97.95612,33.520572,-97.9208,33.1964
2023_all2030_dcfull_n1_ALL_2030,2023,all2030,full_tx,ALL_2030,all2030_dcfull_n1,transmission,upgrade_branch,line,AC,SOUTH,6101-12852,6101,12852,2277.2,5009.8,2732.6,165.448,ALL,500.0,500.0,500.0,T6_heavy,2.2,New Parallel Circuit,99.3,141.2,2581,78.9,True,18.9,-96.9945,30.02547,-97.270537,29.894053
2023_all2030_dcfull_n1_ALL_2030,2023,all2030,full_tx,ALL_2030,all2030_dcfull_n1,transmission,upgrade_branch,line,AC,NORTH,5196-5204,5196,5204,2020.0,3535.0,1515.0,153.491,ALL,500.0,500.0,500.0,T5_moderate,1.75,HTLS Reconductor,84.2,118.8,1619,49.8,True,27.8,-98.3737215,33.2411135,-97.93385,33.07965
2023_all2030_dcfull_n1_ALL_2030,2023,all2030,full_tx,ALL_2030,all2030_dcfull_n1,transmission,upgrade_branch,line,AC,SOUTH,12621-12852,12621,12852,2277.2,5009.8,2732.6,153.18,ALL,500.0,500.0,500.0,T6_heavy,2.2,New Parallel Circuit,90.5,132.4,2581,74.9,True,17.5,-97.2711,30.146700000000003,-97.270537,29.894053
2023_all2030_dcfull_n1_ALL_2030,2023,all2030,full_tx,ALL_2030,all2030_dcfull_n1,transmission,upgrade_branch,line,AC,NORTH,2029-12632,2029,12632,218.7,546.8,328.1,151.296,ALL,161.0,161.0,161.0,T7_structural,2.5,New Corridor/Aggressive Parallel,159.3,252.8,482,120.2,False,20.2,-101.244172,34.371689,-101.59661,34.4067
2023_all2030_dcfull_n1_ALL_2030,2023,all2030,full_tx,ALL_2030,all2030_dcfull_n1,transmission,upgrade_branch,line,AC,NORTH,2070-5237,2070,5237,245.0,612.5,367.5,150.749,ALL,161.0,161.0,161.0,T7_structural,2.5,New Corridor/Aggressive Parallel,281.8,460.2,573,178.9,False,20.2,-98.540972,33.494167000000004,-98.81875,33.316907
2023_all2030_dcfull_n1_ALL_2030,2023,all2030,full_tx,ALL_2030,all2030_dcfull_n1,transmission,upgrade_branch,line,AC,NORTH,5435-5471,5435,5471,187.0,467.5,280.5,148.19,ALL,161.0,161.0,161.0,T7_structural,2.5,New Corridor/Aggressive Parallel,593.3,1040.2,1563,425.2,False,19.8,-98.17276,32.600503,-98.377389,32.371306
2023_all2030_dcfull_n1_ALL_2030,2023,all2030,full_tx,ALL_2030,all2030_dcfull_n1,transmission,upgrade_branch,line,AC,NORTH,5285-13237,5285,13237,195.2,429.4,234.2,143.99,ALL,161.0,161.0,161.0,T6_heavy,2.2,New Parallel Circuit,74.6,133.6,517,87.7,True,38.2,-97.857678,33.315883,-97.234707,33.503328
2023_all2030_dcfull_n1_ALL_2030,2023,all2030,full_tx,ALL_2030,all2030_dcfull_n1,transmission,upgrade_branch,line,AC,WEST,3032-3094,3032,3094,113.2,283.0,169.8,143.746,ALL,115.0,115.0,115.0,T7_structural,2.5,New Corridor/Aggressive Parallel,133.1,161.3,790,99.6,True,23.3,-99.70613471428572,32.45867642857143,-100.09043266666669,32.36779933333333
2023_all2030_dcfull_n1_ALL_2030,2023,all2030,full_tx,ALL_2030,all2030_dcfull_n1,transmission,upgrade_branch,line,AC,NORTH,5361-5015,5361,5015,4352.0,6092.8,1740.8,139.316,ALL,500.0,500.0,500.0,T4_light,1.4,Reconductor(ACSR->ACSS),93.0,104.7,2075,72.3,True,42.9,-97.9208,33.1964,-97.254531,32.926023
2023_all2030_dcfull_n1_ALL_2030,2023,all2030,full_tx,ALL_2030,all2030_dcfull_n1,transmission,upgrade_branch,line,AC,NORTH,5112-5246,5112,5246,187.0,467.5,280.5,136.231,ALL,161.0,161.0,161.0,T7_structural,2.5,New Corridor/Aggressive Parallel,328.5,674.4,1564,269.8,False,18.2,-97.8826,32.001481,-97.790381,32.253423999999995
2023_all2030_dcfull_n1_ALL_2030,2023,all2030,full_tx,ALL_2030,all2030_dcfull_n1,transmission,upgrade_branch,line,AC,NORTH,5155-5135,5155,5135,279.0,697.5,418.5,136.095,ALL,161.0,161.0,161.0,T7_structural,2.5,New Corridor/Aggressive Parallel,128.9,229.9,1742,134.6,False,18.2,-98.666449,32.759373,-98.66402,32.495875
2023_all2030_dcfull_n1_ALL_2030,2023,all2030,full_tx,ALL_2030,all2030_dcfull_n1,transmission,upgrade_branch,line,AC,NORTH,5290-5154,5290,5154,251.0,627.5,376.5,127.769,ALL,161.0,161.0,161.0,T7_structural,2.5,New Corridor/Aggressive Parallel,112.0,184.9,1564,84.0,True,17.1,-97.3667,31.8694,-97.343521,32.116002
2023_all2030_dcfull_n1_ALL_2030,2023,all2030,full_tx,ALL_2030,all2030_dcfull_n1,transmission,upgrade_branch,line,AC,NORTH,5113-5195,5113,5195,251.0,627.5,376.5,127.736,ALL,161.0,161.0,161.0,T7_structural,2.5,New Corridor/Aggressive Parallel,129.9,157.6,2072,83.2,True,17.1,-97.3420515,33.318023,-97.173782,33.114675
2023_all2030_dcfull_n1_ALL_2030,2023,all2030,full_tx,ALL_2030,all2030_dcfull_n1,transmission,upgrade_branch,line,AC,NORTH,8118-8151,8118,8151,98.0,245.0,147.0,127.629,ALL,115.0,115.0,115.0,T7_structural,2.5,New Corridor/Aggressive Parallel,104.7,275.6,4353,119.3,False,20.7,-95.255739,31.188898,-95.481652,31.417425
2023_all2030_dcfull_n1_ALL_2030,2023,all2030,full_tx,ALL_2030,all2030_dcfull_n1,transmission,upgrade_branch,line,AC,HOUSTON,7010-7182,7010,7182,98.0,245.0,147.0,125.756,ALL,115.0,115.0,115.0,T7_structural,2.5,New Corridor/Aggressive Parallel,99.0,164.4,3255,80.1,True,20.4,-95.990493,30.086834,-96.012215,29.792687
2023_all2030_dcfull_n1_ALL_2030,2023,all2030,full_tx,ALL_2030,all2030_dcfull_n1,transmission,upgrade_branch,line,AC,SOUTH,6127-8102,6127,8102,98.0,245.0,147.0,125.578,ALL,115.0,115.0,115.0,T7_structural,2.5,New Corridor/Aggressive Parallel,105.3,252.0,2932,101.6,False,20.3,-96.907601,30.891129,-96.66368,31.09828
2023_all2030_dcfull_n1_ALL_2030,2023,all2030,full_tx,ALL_2030,all2030_dcfull_n1,transmission,upgrade_branch,line,AC,WEST,3021-12996,3021,12996,137.5,343.8,206.2,124.666,ALL,115.0,115.0,115.0,T7_structural,2.5,New Corridor/Aggressive Parallel,78.0,156.1,1742,73.0,True,20.2,-99.720186,32.783669,-100.0652435,32.819086
2023_all2030_dcfull_n1_ALL_2030,2023,all2030,full_tx,ALL_2030,all2030_dcfull_n1,transmission,upgrade_branch,line,AC,HOUSTON,12704-7341,12704,7341,2301.4,4027.5,1726.1,123.731,ALL,500.0,500.0,500.0,T5_moderate,1.75,HTLS Reconductor,92.4,113.5,3909,60.5,True,22.4,-95.41128715217393,29.77727818478261,-95.7842315,29.79427175
2023_all2030_dcfull_n1_ALL_2030,2023,all2030,full_tx,ALL_2030,all2030_dcfull_n1,transmission,upgrade_branch,line,AC,NORTH,5191-5407,5191,5407,187.0,467.5,280.5,119.675,ALL,161.0,161.0,161.0,T7_structural,2.5,New Corridor/Aggressive Parallel,185.2,334.6,1564,138.2,False,16.0,-97.710123,31.916215,-97.46203133333334,31.819786000000004
2023_all2030_dcfull_n1_ALL_2030,2023,all2030,full_tx,ALL_2030,all2030_dcfull_n1,transmission,upgrade_branch,line,AC,NORTH,5075-5231,5075,5231,225.2,563.0,337.8,119.578,ALL,161.0,161.0,161.0,T7_structural,2.5,New Corridor/Aggressive Parallel,65.8,151.5,1697,51.5,True,16.0,-98.049081,31.553908,-98.213739,31.738177
2023_all2030_dcfull_n1_ALL_2030,2023,all2030,full_tx,ALL_2030,all2030_dcfull_n1,transmission,upgrade_branch,line,AC,WEST,13220-13315,13220,13315,330.0,462.0,132.0,114.841,ALL,115.0,115.0,115.0,T4_light,1.4,Reconductor(ACSR->ACSS),33.0,106.1,5238,75.8,True,103.9,-100.938705,32.130795,-99.5687984,33.0957078
2023_all2030_dcfull_n1_ALL_2030,2023,all2030,full_tx,ALL_2030,all2030_dcfull_n1,transmission,upgrade_branch,line,AC,NORTH,5285-2053,5285,2053,291.0,727.5,436.5,113.917,ALL,161.0,161.0,161.0,T7_structural,2.5,New Corridor/Aggressive Parallel,129.6,186.1,573,96.9,True,15.2,-97.857678,33.315883,-97.95612,33.520572
2023_all2030_dcfull_n1_ALL_2030,2023,all2030,full_tx,ALL_2030,all2030_dcfull_n1,transmission,upgrade_branch,line,AC,NORTH,5349-5462,5349,5462,251.0,627.5,376.5,113.694,ALL,161.0,161.0,161.0,T7_structural,2.5,New Corridor/Aggressive Parallel,34.4,169.3,2217,67.7,True,15.2,-96.7651095,32.5902035,-96.80082027272728,32.808276409090915
2023_all2030_dcfull_n1_ALL_2030,2023,all2030,full_tx,ALL_2030,all2030_dcfull_n1,transmission,upgrade_branch,line,AC,NORTH,2067-2082,2067,2082,236.3,519.9,283.6,113.1,ALL,161.0,161.0,161.0,T6_heavy,2.2,New Parallel Circuit,79.9,134.8,581,74.5,True,0.0,-98.50555385714286,33.89755828571428,-98.50555385714286,33.89755828571428
2023_all2030_dcfull_n1_ALL_2030,2023,all2030,full_tx,ALL_2030,all2030_dcfull_n1,transmission,upgrade_branch,line,AC,NORTH,5027-5441,5027,5441,252.0,554.4,302.4,113.1,ALL,161.0,161.0,161.0,T6_heavy,2.2,New Parallel Circuit,84.2,131.9,2548,71.4,True,0.0,-97.34008506896552,32.753233586206896,-97.34008506896552,32.753233586206896
2023_all2030_dcfull_n1_ALL_2030,2023,all2030,full_tx,ALL_2030,all2030_dcfull_n1,transmission,upgrade_branch,line,AC,NORTH,5032-5329,5032,5329,187.0,411.4,224.4,113.1,ALL,161.0,161.0,161.0,T6_heavy,2.2,New Parallel Circuit,0.9,143.9,1677,53.5,True,0.0,-96.80082027272728,32.808276409090915,-96.80082027272728,32.808276409090915
2023_all2030_dcfull_n1_ALL_2030,2023,all2030,full_tx,ALL_2030,all2030_dcfull_n1,transmission,upgrade_branch,line,AC,NORTH,5064-5125,5064,5125,217.3,478.1,260.8,113.1,ALL,161.0,161.0,161.0,T6_heavy,2.2,New Parallel Circuit,105.8,126.6,1757,102.3,False,0.0,-97.12502636363637,32.69967490909091,-97.12502636363637,32.69967490909091
2023_all2030_dcfull_n1_ALL_2030,2023,all2030,full_tx,ALL_2030,all2030_dcfull_n1,transmission,upgrade_branch,line,AC,NORTH,5085-5462,5085,5462,212.7,467.9,255.2,113.1,ALL,161.0,161.0,161.0,T6_heavy,2.2,New Parallel Circuit,54.2,132.2,2217,88.5,True,0.0,-96.80082027272728,32.808276409090915,-96.80082027272728,32.808276409090915
2023_all2030_dcfull_n1_ALL_2030,2023,all2030,full_tx,ALL_2030,all2030_dcfull_n1,transmission,upgrade_branch,line,AC,NORTH,5389-5144,5389,5144,187.0,411.4,224.4,113.1,ALL,161.0,161.0,161.0,T6_heavy,2.2,New Parallel Circuit,96.2,129.1,2547,50.7,True,0.0,-97.145583,31.5590085,-97.145583,31.5590085
2023_all2030_dcfull_n1_ALL_2030,2023,all2030,full_tx,ALL_2030,all2030_dcfull_n1,transmission,upgrade_branch,line,AC,NORTH,5376-5323,5376,5323,349.0,767.8,418.8,113.1,ALL,161.0,161.0,161.0,T6_heavy,2.2,New Parallel Circuit,75.6,148.8,2544,70.8,True,0.0,-96.80082027272728,32.808276409090915,-96.80082027272728,32.808276409090915
2023_all2030_dcfull_n1_ALL_2030,2023,all2030,full_tx,ALL_2030,all2030_dcfull_n1,transmission,upgrade_branch,line,AC,NORTH,5376-5323,5376,5323,349.0,767.8,418.8,113.1,ALL,161.0,161.0,161.0,T6_heavy,2.2,New Parallel Circuit,75.6,148.8,2544,70.8,True,0.0,-96.80082027272728,32.808276409090915,-96.80082027272728,32.808276409090915
2023_all2030_dcfull_n1_ALL_2030,2023,all2030,full_tx,ALL_2030,all2030_dcfull_n1,transmission,upgrade_branch,line,AC,NORTH,12754-12937,12754,12937,371.0,816.2,445.2,113.1,ALL,161.0,161.0,161.0,T6_heavy,2.2,New Parallel Circuit,109.0,136.7,4874,57.8,True,0.0,-99.695954,33.73925199999999,-99.695954,33.73925199999999
2023_all2030_dcfull_n1_ALL_2030,2023,all2030,full_tx,ALL_2030,all2030_dcfull_n1,transmission,upgrade_branch,line,AC,NORTH,5113-5218,5113,5218,187.0,467.5,280.5,112.61,ALL,161.0,161.0,161.0,T7_structural,2.5,New Corridor/Aggressive Parallel,99.6,161.6,1922,79.3,True,15.1,-97.3420515,33.318023,-97.340499,33.099993
2023_all2030_dcfull_n1_ALL_2030,2023,all2030,full_tx,ALL_2030,all2030_dcfull_n1,transmission,upgrade_branch,line,AC,WEST,13140-13211,13140,13211,124.6,174.4,49.8,112.547,ALL,115.0,115.0,115.0,T4_light,1.4,Reconductor(ACSR->ACSS),76.8,104.3,5180,75.0,True,101.9,-100.938705,32.130795,-102.2726905,31.190672000000003
2023_all2030_dcfull_n1_ALL_2030,2023,all2030,full_tx,ALL_2030,all2030_dcfull_n1,transmission,upgrade_branch,line,AC,NORTH,5157-5376,5157,5376,233.5,583.8,350.2,111.314,ALL,161.0,161.0,161.0,T7_structural,2.5,New Corridor/Aggressive Parallel,119.2,160.5,1908,88.0,True,14.9,-96.864075,32.599427,-96.80082027272728,32.808276409090915
2023_all2030_dcfull_n1_ALL_2030,2023,all2030,full_tx,ALL_2030,all2030_dcfull_n1,transmission,upgrade_branch,line,AC,SOUTH,6338-6127,6338,6127,220.0,550.0,330.0,111.035,ALL,115.0,115.0,115.0,T7_structural,2.5,New Corridor/Aggressive Parallel,77.3,179.5,2885,71.8,True,18.0,-96.947291,30.633128,-96.907601,30.891129
2023_all2030_dcfull_n1_ALL_2030,2023,all2030,full_tx,ALL_2030,all2030_dcfull_n1,transmission,upgrade_branch,line,AC,WEST,3066-3142,3066,3142,98.0,215.6,117.6,110.173,ALL,115.0,115.0,115.0,T6_heavy,2.2,New Parallel Circuit,98.7,126.5,888,80.9,True,36.8,-99.529678,31.25981966666667,-100.15267,31.289523
2023_all2030_dcfull_n1_ALL_2030,2023,all2030,full_tx,ALL_2030,all2030_dcfull_n1,transmission,upgrade_branch,line,AC,NORTH,5347-5008,5347,5008,187.0,411.4,224.4,109.753,ALL,161.0,161.0,161.0,T6_heavy,2.2,New Parallel Circuit,88.8,146.6,1742,68.3,True,29.1,-99.1533074,32.3857988,-99.33232,32.77921550000001
2023_all2030_dcfull_n1_ALL_2030,2023,all2030,full_tx,ALL_2030,all2030_dcfull_n1,transmission,upgrade_branch,line,AC,NORTH,12807-13055,12807,13055,243.0,607.5,364.5,107.6,ALL,161.0,161.0,161.0,T7_structural,2.5,New Corridor/Aggressive Parallel,62.9,155.2,481,74.0,True,14.4,-101.381494,34.196962,-101.244172,34.371689
2023_all2030_dcfull_n1_ALL_2030,2023,all2030,full_tx,ALL_2030,all2030_dcfull_n1,transmission,upgrade_branch,line,AC,NORTH,8025-8151,8025,8151,98.0,215.6,117.6,104.865,ALL,115.0,115.0,115.0,T6_heavy,2.2,New Parallel Circuit,58.5,144.0,4353,47.7,True,35.1,-95.64904,31.9046145,-95.481652,31.417425
2023_all2030_dcfull_n1_ALL_2030,2023,all2030,full_tx,ALL_2030,all2030_dcfull_n1,transmission,upgrade_branch,line,AC,NORTH,5276-5201,5276,5201,251.0,627.5,376.5,104.778,ALL,161.0,161.0,161.0,T7_structural,2.5,New Corridor/Aggressive Parallel,70.3,196.3,4713,78.2,True,14.0,-96.84912,31.509216,-96.818676,31.710422
2023_all2030_dcfull_n1_ALL_2030,2023,all2030,full_tx,ALL_2030,all2030_dcfull_n1,transmission,upgrade_branch,line,AC,NORTH,8090-8092,8090,8092,98.0,245.0,147.0,104.068,ALL,115.0,115.0,115.0,T7_structural,2.5,New Corridor/Aggressive Parallel,79.4,164.8,4353,90.6,True,16.9,-95.58334,31.606693,-95.863721,31.557267
2023_all2030_dcfull_n1_ALL_2030,2023,all2030,full_tx,ALL_2030,all2030_dcfull_n1,transmission,upgrade_branch,line,AC,NORTH,5047-5448,5047,5448,2034.0,3559.5,1525.5,101.578,ALL,500.0,500.0,500.0,T5_moderate,1.75,HTLS Reconductor,98.2,121.6,2545,69.0,True,18.4,-97.188374,32.503973,-97.010181,32.723688
2023_all2030_dcfull_n1_ALL_2030,2023,all2030,full_tx,ALL_2030,all2030_dcfull_n1,transmission,upgrade_branch,line,AC,NORTH,12632-12846,12632,12846,282.1,620.6,338.5,101.565,ALL,161.0,161.0,161.0,T6_heavy,2.2,New Parallel Circuit,50.3,139.1,4703,75.4,True,26.9,-101.59661,34.4067,-102.051944,34.511944
2023_all2030_dcfull_n1_ALL_2030,2023,all2030,full_tx,ALL_2030,all2030_dcfull_n1,transmission,upgrade_branch,line,AC,NORTH,12632-12846,12632,12846,282.1,620.6,338.5,101.565,ALL,161.0,161.0,161.0,T6_heavy,2.2,New Parallel Circuit,50.3,139.1,4703,75.4,True,26.9,-101.59661,34.4067,-102.051944,34.511944
2023_all2030_dcfull_n1_ALL_2030,2023,all2030,full_tx,ALL_2030,all2030_dcfull_n1,transmission,upgrade_branch,line,AC,NORTH,5154-5247,5154,5247,187.0,467.5,280.5,101.524,ALL,161.0,161.0,161.0,T7_structural,2.5,New Corridor/Aggressive Parallel,77.2,178.0,2258,67.6,True,13.6,-97.343521,32.116002,-97.575601,32.117538
2023_all2030_dcfull_n1_ALL_2030,2023,all2030,full_tx,ALL_2030,all2030_dcfull_n1,transmission,upgrade_branch,line,AC,WEST,3015-3127,3015,3127,98.0,245.0,147.0,99.01,ALL,115.0,115.0,115.0,T7_structural,2.5,New Corridor/Aggressive Parallel,189.7,234.4,1014,127.7,False,16.0,-100.56760671428572,32.36118885714286,-100.2940896,32.3397188
2023_all2030_dcfull_n1_ALL_2030,2023,all2030,full_tx,ALL_2030,all2030_dcfull_n1,transmission,upgrade_branch,line,AC,WEST,3064-3141,3064,3141,149.0,372.5,223.5,99.01,ALL,115.0,115.0,115.0,T7_structural,2.5,New Corridor/Aggressive Parallel,130.9,205.5,1014,97.2,True,16.0,-100.56760671428572,32.36118885714286,-100.2940896,32.3397188
2023_all2030_dcfull_n1_ALL_2030,2023,all2030,full_tx,ALL_2030,all2030_dcfull_n1,transmission,upgrade_branch,line,AC,WEST,3127-13366,3127,13366,203.2,508.0,304.8,99.01,ALL,115.0,115.0,115.0,T7_structural,2.5,New Corridor/Aggressive Parallel,101.6,156.2,885,67.0,True,16.0,-100.2940896,32.3397188,-100.56760671428572,32.36118885714286
2023_all2030_dcfull_n1_ALL_2030,2023,all2030,full_tx,ALL_2030,all2030_dcfull_n1,transmission,upgrade_branch,line,AC,NORTH,5286-5046,5286,5046,187.0,467.5,280.5,98.816,ALL,161.0,161.0,161.0,T7_structural,2.5,New Corridor/Aggressive Parallel,22.4,260.2,1697,98.9,True,13.2,-98.4123355,32.20698,-98.187624,32.1858615
2023_all2030_dcfull_n1_ALL_2030,2023,all2030,full_tx,ALL_2030,all2030_dcfull_n1,transmission,upgrade_branch,line,AC,NORTH,5286-13018,5286,13018,253.1,632.8,379.6,98.816,ALL,161.0,161.0,161.0,T7_structural,2.5,New Corridor/Aggressive Parallel,86.0,203.7,1564,93.6,True,13.2,-98.4123355,32.20698,-98.187624,32.1858615
2023_all2030_dcfull_n1_ALL_2030,2023,all2030,full_tx,ALL_2030,all2030_dcfull_n1,transmission,upgrade_branch,line,AC,NORTH,8118-8014,8118,8014,98.0,245.0,147.0,98.226,ALL,115.0,115.0,115.0,T7_structural,2.5,New Corridor/Aggressive Parallel,199.1,537.2,4353,214.9,False,15.9,-95.255739,31.188898,-95.499937,31.092367
2023_all2030_dcfull_n1_ALL_2030,2023,all2030,full_tx,ALL_2030,all2030_dcfull_n1,transmission,upgrade_branch,line,AC,NORTH,5204-12556,5204,12556,2811.6,3936.2,1124.6,97.5,ALL,500.0,500.0,500.0,T4_light,1.4,Reconductor(ACSR->ACSS),76.7,105.4,1605,67.9,True,0.0,-97.93385,33.07965,-97.93385,33.07965
2023_all2030_dcfull_n1_ALL_2030,2023,all2030,full_tx,ALL_2030,all2030_dcfull_n1,transmission,upgrade_branch,line,AC,NORTH,8014-8037,8014,8037,149.0,372.5,223.5,97.08,ALL,115.0,115.0,115.0,T7_structural,2.5,New Corridor/Aggressive Parallel,120.8,343.1,4353,137.3,False,15.7,-95.499937,31.092367,-95.715509,30.959521
2023_all2030_dcfull_n1_ALL_2030,2023,all2030,full_tx,ALL_2030,all2030_dcfull_n1,transmission,upgrade_branch,line,AC,NORTH,8086-8010,8086,8010,98.0,245.0,147.0,96.848,ALL,115.0,115.0,115.0,T7_structural,2.5,New Corridor/Aggressive Parallel,125.6,212.1,4506,101.0,False,15.7,-96.4866,31.1803,-96.22928,31.235882
2023_all2030_dcfull_n1_ALL_2030,2023,all2030,full_tx,ALL_2030,all2030_dcfull_n1,transmission,upgrade_branch,line,AC,NORTH,5060-8065,5060,8065,137.0,342.5,205.5,93.74,ALL,115.0,115.0,115.0,T7_structural,2.5,New Corridor/Aggressive Parallel,130.2,189.7,1747,97.6,True,15.2,-96.092445,32.357217500000004,-96.1482745,32.142643
2023_all2030_dcfull_n1_ALL_2030,2023,all2030,full_tx,ALL_2030,all2030_dcfull_n1,transmission,upgrade_branch,line,AC,NORTH,5169-5135,5169,5135,187.0,411.4,224.4,93.436,ALL,161.0,161.0,161.0,T6_heavy,2.2,New Parallel Circuit,77.5,149.4,1742,102.9,False,24.8,-98.4123355,32.20698,-98.66402,32.495875
2023_all2030_dcfull_n1_ALL_2030,2023,all2030,full_tx,ALL_2030,all2030_dcfull_n1,transmission,upgrade_branch,line,AC,SOUTH,6116-6095,6116,6095,98.0,245.0,147.0,93.146,ALL,115.0,115.0,115.0,T7_structural,2.5,New Corridor/Aggressive Parallel,204.1,261.7,2581,175.5,False,15.1,-97.35701,30.41477,-97.546124,30.560042
2023_all2030_dcfull_n1_ALL_2030,2023,all2030,full_tx,ALL_2030,all2030_dcfull_n1,transmission,upgrade_branch,line,AC,NORTH,5133-5005,5133,5005,187.0,467.5,280.5,92.536,ALL,161.0,161.0,161.0,T7_structural,2.5,New Corridor/Aggressive Parallel,1462.5,2680.3,1917,1072.1,False,12.4,-97.924354,32.362649,-98.008849,32.527015
2023_all2030_dcfull_n1_ALL_2030,2023,all2030,full_tx,ALL_2030,all2030_dcfull_n1,transmission,upgrade_branch,line,AC,NORTH,12754-13202,12754,13202,280.0,616.0,336.0,91.532,ALL,161.0,161.0,161.0,T6_heavy,2.2,New Parallel Circuit,55.9,127.2,1742,65.4,True,24.3,-99.695954,33.73925199999999,-99.2898065,33.642922
2023_all2030_dcfull_n1_ALL_2030,2023,all2030,full_tx,ALL_2030,all2030_dcfull_n1,transmission,upgrade_branch,line,AC,NORTH,5127-5231,5127,5231,187.0,411.4,224.4,91.016,ALL,161.0,161.0,161.0,T6_heavy,2.2,New Parallel Circuit,46.9,133.9,1564,70.3,True,24.1,-97.804426,31.769003,-98.213739,31.738177
2023_all2030_dcfull_n1_ALL_2030,2023,all2030,full_tx,ALL_2030,all2030_dcfull_n1,transmission,upgrade_branch,line,AC,NORTH,5261-5318,5261,5318,216.2,540.5,324.3,89.732,ALL,161.0,161.0,161.0,T7_structural,2.5,New Corridor/Aggressive Parallel,61.4,193.9,2288,67.8,True,12.0,-97.790381,32.253423999999995,-97.69946625,32.40925625
2023_all2030_dcfull_n1_ALL_2030,2023,all2030,full_tx,ALL_2030,all2030_dcfull_n1,transmission,upgrade_branch,line,AC,WEST,3003-3141,3003,3141,176.0,387.2,211.2,89.7,ALL,115.0,115.0,115.0,T6_heavy,2.2,New Parallel Circuit,118.6,140.7,689,72.9,True,0.0,-100.2940896,32.3397188,-100.2940896,32.3397188
2023_all2030_dcfull_n1_ALL_2030,2023,all2030,full_tx,ALL_2030,all2030_dcfull_n1,transmission,upgrade_branch,line,AC,WEST,3038-3121,3038,3121,155.0,341.0,186.0,89.7,ALL,115.0,115.0,115.0,T6_heavy,2.2,New Parallel Circuit,114.9,147.6,802,98.6,True,0.0,-100.56760671428572,32.36118885714286,-100.56760671428572,32.36118885714286
2023_all2030_dcfull_n1_ALL_2030,2023,all2030,full_tx,ALL_2030,all2030_dcfull_n1,transmission,upgrade_branch,line,AC,WEST,3051-13385,3051,13385,199.9,439.8,239.9,89.7,ALL,115.0,115.0,115.0,T6_heavy,2.2,New Parallel Circuit,86.4,141.7,1000,69.2,True,0.0,-100.967827,29.7051495,-100.967827,29.7051495
2023_all2030_dcfull_n1_ALL_2030,2023,all2030,full_tx,ALL_2030,all2030_dcfull_n1,transmission,upgrade_branch,line,AC,SOUTH,4033-4114,4033,4114,125.5,276.1,150.6,89.7,ALL,115.0,115.0,115.0,T6_heavy,2.2,New Parallel Circuit,58.7,125.3,1469,74.8,True,0.0,-99.3906115,27.588413625,-99.3906115,27.588413625
2023_all2030_dcfull_n1_ALL_2030,2023,all2030,full_tx,ALL_2030,all2030_dcfull_n1,transmission,upgrade_branch,line,AC,SOUTH,6044-6275,6044,6275,204.4,449.7,245.3,89.7,ALL,115.0,115.0,115.0,T6_heavy,2.2,New Parallel Circuit,73.3,128.9,2742,105.8,False,0.0,-98.5093816037736,29.474642000000003,-98.5093816037736,29.474642000000003
2023_all2030_dcfull_n1_ALL_2030,2023,all2030,full_tx,ALL_2030,all2030_dcfull_n1,transmission,upgrade_branch,line,AC,SOUTH,6044-6275,6044,6275,204.4,449.7,245.3,89.7,ALL,115.0,115.0,115.0,T6_heavy,2.2,New Parallel Circuit,73.3,128.9,2741,105.8,False,0.0,-98.5093816037736,29.474642000000003,-98.5093816037736,29.474642000000003
2023_all2030_dcfull_n1_ALL_2030,2023,all2030,full_tx,ALL_2030,all2030_dcfull_n1,transmission,upgrade_branch,line,AC,SOUTH,6061-6224,6061,6224,98.0,215.6,117.6,89.7,ALL,115.0,115.0,115.0,T6_heavy,2.2,New Parallel Circuit,91.4,135.2,2733,79.4,True,0.0,-97.77508287179488,30.30416587179487,-97.77508287179488,30.30416587179487
2023_all2030_dcfull_n1_ALL_2030,2023,all2030,full_tx,ALL_2030,all2030_dcfull_n1,transmission,upgrade_branch,line,AC,SOUTH,6275-6324,6275,6324,221.0,486.2,265.2,89.7,ALL,115.0,115.0,115.0,T6_heavy,2.2,New Parallel Circuit,106.4,127.9,3199,102.0,False,0.0,-98.5093816037736,29.474642000000003,-98.5093816037736,29.474642000000003
2023_all2030_dcfull_n1_ALL_2030,2023,all2030,full_tx,ALL_2030,all2030_dcfull_n1,transmission,upgrade_branch,line,AC,SOUTH,6275-6324,6275,6324,221.0,486.2,265.2,89.7,ALL,115.0,115.0,115.0,T6_heavy,2.2,New Parallel Circuit,106.4,127.9,3198,102.0,False,0.0,-98.5093816037736,29.474642000000003,-98.5093816037736,29.474642000000003
2023_all2030_dcfull_n1_ALL_2030,2023,all2030,full_tx,ALL_2030,all2030_dcfull_n1,transmission,upgrade_branch,line,AC,SOUTH,6324-6320,6324,6320,250.0,550.0,300.0,89.7,ALL,115.0,115.0,115.0,T6_heavy,2.2,New Parallel Circuit,108.6,131.0,2964,94.2,True,0.0,-98.5093816037736,29.474642000000003,-98.5093816037736,29.474642000000003
2023_all2030_dcfull_n1_ALL_2030,2023,all2030,full_tx,ALL_2030,all2030_dcfull_n1,transmission,upgrade_branch,line,AC,HOUSTON,7425-7246,7425,7246,98.0,215.6,117.6,89.7,ALL,115.0,115.0,115.0,T6_heavy,2.2,New Parallel Circuit,95.0,136.3,4048,78.4,True,0.0,-95.41128715217393,29.77727818478261,-95.41128715217393,29.77727818478261
2023_all2030_dcfull_n1_ALL_2030,2023,all2030,full_tx,ALL_2030,all2030_dcfull_n1,transmission,upgrade_branch,line,AC,NORTH,8069-8103,8069,8103,149.0,327.8,178.8,89.7,ALL,115.0,115.0,115.0,T6_heavy,2.2,New Parallel Circuit,80.3,139.9,4378,83.9,True,0.0,-96.202639,31.37571,-96.202639,31.37571
2023_all2030_dcfull_n1_ALL_2030,2023,all2030,full_tx,ALL_2030,all2030_dcfull_n1,transmission,upgrade_branch,line,AC,WEST,13312-13403,13312,13403,128.1,281.8,153.7,89.7,ALL,115.0,115.0,115.0,T6_heavy,2.2,New Parallel Circuit,23.5,138.1,754,79.2,True,0.0,-100.94008825,32.806441125,-100.94008825,32.806441125
2023_all2030_dcfull_n1_ALL_2030,2023,all2030,full_tx,ALL_2030,all2030_dcfull_n1,transmission,upgrade_branch,line,AC,WEST,13335-13337,13335,13337,116.4,256.1,139.7,89.7,ALL,115.0,115.0,115.0,T6_heavy,2.2,New Parallel Circuit,55.8,129.8,5301,65.1,True,0.0,-99.79466125,29.20340125,-99.79466125,29.20340125
2023_all2030_dcfull_n1_ALL_2030,2023,all2030,full_tx,ALL_2030,all2030_dcfull_n1,transmission,upgrade_branch,line,AC,NORTH,5191-5151,5191,5151,187.0,467.5,280.5,87.521,ALL,161.0,161.0,161.0,T7_structural,2.5,New Corridor/Aggressive Parallel,122.2,222.7,1564,93.9,True,11.7,-97.710123,31.916215,-97.52976,31.988989
2023_all2030_dcfull_n1_ALL_2030,2023,all2030,full_tx,ALL_2030,all2030_dcfull_n1,transmission,upgrade_branch,line,AC,NORTH,5191-5112,5191,5112,187.0,467.5,280.5,87.473,ALL,161.0,161.0,161.0,T7_structural,2.5,New Corridor/Aggressive Parallel,401.3,799.0,1564,313.3,False,11.7,-97.710123,31.916215,-97.8826,32.001481
2023_all2030_dcfull_n1_ALL_2030,2023,all2030,full_tx,ALL_2030,all2030_dcfull_n1,transmission,upgrade_branch,line,AC,NORTH,5191-5127,5191,5127,187.0,467.5,280.5,86.561,ALL,161.0,161.0,161.0,T7_structural,2.5,New Corridor/Aggressive Parallel,98.3,246.1,1564,84.8,True,11.6,-97.710123,31.916215,-97.804426,31.769003
2023_all2030_dcfull_n1_ALL_2030,2023,all2030,full_tx,ALL_2030,all2030_dcfull_n1,transmission,upgrade_branch,line,AC,NORTH,5169-5471,5169,5471,187.0,467.5,280.5,86.231,ALL,161.0,161.0,161.0,T7_structural,2.5,New Corridor/Aggressive Parallel,225.0,399.1,1563,151.4,False,11.5,-98.4123355,32.20698,-98.377389,32.371306
2023_all2030_dcfull_n1_ALL_2030,2023,all2030,full_tx,ALL_2030,all2030_dcfull_n1,transmission,upgrade_branch,line,AC,NORTH,5285-2039,5285,2039,251.0,627.5,376.5,85.56,ALL,161.0,161.0,161.0,T7_structural,2.5,New Corridor/Aggressive Parallel,88.0,169.7,663,91.8,True,11.4,-97.857678,33.315883,-97.751818,33.455991
2023_all2030_dcfull_n1_ALL_2030,2023,all2030,full_tx,ALL_2030,all2030_dcfull_n1,transmission,upgrade_branch,line,AC,NORTH,5264-5471,5264,5471,251.0,627.5,376.5,85.051,ALL,161.0,161.0,161.0,T7_structural,2.5,New Corridor/Aggressive Parallel,111.2,224.3,2087,88.3,True,11.4,-98.552257,32.298594,-98.377389,32.371306
2023_all2030_dcfull_n1_ALL_2030,2023,all2030,full_tx,ALL_2030,all2030_dcfull_n1,transmission,upgrade_branch,line,AC,HOUSTON,7432-8141,7432,8141,221.0,386.8,165.8,83.8,ALL,115.0,115.0,115.0,T5_moderate,1.75,HTLS Reconductor,67.5,123.1,4356,47.4,True,43.0,-95.905344,30.953672,-96.62542,30.881424
2023_all2030_dcfull_n1_ALL_2030,2023,all2030,full_tx,ALL_2030,all2030_dcfull_n1,transmission,upgrade_branch,line,AC,SOUTH,6292-6003,6292,6003,2768.0,4844.0,2076.0,83.644,ALL,500.0,500.0,500.0,T5_moderate,1.75,HTLS Reconductor,59.6,111.8,2581,50.1,True,15.1,-97.522552,30.119949,-97.2711,30.146700000000003
2023_all2030_dcfull_n1_ALL_2030,2023,all2030,full_tx,ALL_2030,all2030_dcfull_n1,transmission,upgrade_branch,line,AC,NORTH,12754-12978,12754,12978,214.6,536.5,321.9,83.01,ALL,161.0,161.0,161.0,T7_structural,2.5,New Corridor/Aggressive Parallel,116.8,167.9,1742,73.0,True,11.1,-99.695954,33.73925199999999,-99.58229,33.609313
2023_all2030_dcfull_n1_ALL_2030,2023,all2030,full_tx,ALL_2030,all2030_dcfull_n1,transmission,upgrade_branch,line,AC,NORTH,5013-5226,5013,5226,187.0,467.5,280.5,81.504,ALL,161.0,161.0,161.0,T7_structural,2.5,New Corridor/Aggressive Parallel,72.3,164.2,1697,59.8,True,10.9,-98.805134,31.842565,-98.776277,31.686677
2023_all2030_dcfull_n1_ALL_2030,2023,all2030,full_tx,ALL_2030,all2030_dcfull_n1,transmission,upgrade_branch,line,AC,NORTH,5005-5435,5005,5435,187.0,467.5,280.5,80.815,ALL,161.0,161.0,161.0,T7_structural,2.5,New Corridor/Aggressive Parallel,590.9,1037.8,1563,424.2,False,10.8,-98.008849,32.527015,-98.17276,32.600503
2023_all2030_dcfull_n1_ALL_2030,2023,all2030,full_tx,ALL_2030,all2030_dcfull_n1,transmission,upgrade_branch,line,AC,NORTH,8132-8054,8132,8054,98.0,245.0,147.0,80.295,ALL,115.0,115.0,115.0,T7_structural,2.5,New Corridor/Aggressive Parallel,103.2,188.6,4353,100.1,False,13.0,-96.229757,31.4789,-96.009175,31.473728
2023_all2030_dcfull_n1_ALL_2030,2023,all2030,full_tx,ALL_2030,all2030_dcfull_n1,transmission,upgrade_branch,line,AC,HOUSTON,7432-8003,7432,8003,98.0,245.0,147.0,78.701,ALL,115.0,115.0,115.0,T7_structural,2.5,New Corridor/Aggressive Parallel,211.7,325.1,4390,171.1,False,12.7,-95.905344,30.953672,-95.934344,31.136452
2023_all2030_dcfull_n1_ALL_2030,2023,all2030,full_tx,ALL_2030,all2030_dcfull_n1,transmission,upgrade_branch,line,AC,NORTH,2068-2088,2068,2088,251.0,627.5,376.5,77.996,ALL,161.0,161.0,161.0,T7_structural,2.5,New Corridor/Aggressive Parallel,84.5,396.1,573,158.5,False,10.4,-98.360833,33.509722,-98.540972,33.494167000000004
2023_all2030_dcfull_n1_ALL_2030,2023,all2030,full_tx,ALL_2030,all2030_dcfull_n1,transmission,upgrade_branch,line,AC,NORTH,5219-5114,5219,5114,187.0,467.5,280.5,77.891,ALL,161.0,161.0,161.0,T7_structural,2.5,New Corridor/Aggressive Parallel,109.1,206.3,1688,82.5,True,10.4,-96.428985,32.533273,-96.255103,32.568801
2023_all2030_dcfull_n1_ALL_2030,2023,all2030,full_tx,ALL_2030,all2030_dcfull_n1,transmission,upgrade_branch,line,AC,NORTH,8003-8001,8003,8001,149.0,372.5,223.5,74.829,ALL,115.0,115.0,115.0,T7_structural,2.5,New Corridor/Aggressive Parallel,147.3,221.9,4390,115.7,False,12.1,-95.934344,31.136452,-96.13919,31.132442
2023_all2030_dcfull_n1_ALL_2030,2023,all2030,full_tx,ALL_2030,all2030_dcfull_n1,transmission,upgrade_branch,line,AC,NORTH,2025-2067,2025,2067,187.0,327.2,140.2,74.1,ALL,161.0,161.0,161.0,T5_moderate,1.75,HTLS Reconductor,79.9,124.2,581,50.9,True,0.0,-98.50555385714286,33.89755828571428,-98.50555385714286,33.89755828571428
2023_all2030_dcfull_n1_ALL_2030,2023,all2030,full_tx,ALL_2030,all2030_dcfull_n1,transmission,upgrade_branch,line,AC,NORTH,2055-2067,2055,2067,219.1,383.4,164.3,74.1,ALL,161.0,161.0,161.0,T5_moderate,1.75,HTLS Reconductor,80.2,125.0,581,52.5,True,0.0,-98.50555385714286,33.89755828571428,-98.50555385714286,33.89755828571428
2023_all2030_dcfull_n1_ALL_2030,2023,all2030,full_tx,ALL_2030,all2030_dcfull_n1,transmission,upgrade_branch,line,AC,NORTH,5003-5351,5003,5351,292.1,511.2,219.1,74.1,ALL,161.0,161.0,161.0,T5_moderate,1.75,HTLS Reconductor,86.8,119.9,1559,58.9,True,0.0,-96.6344372,32.9086048,-96.6344372,32.9086048
2023_all2030_dcfull_n1_ALL_2030,2023,all2030,full_tx,ALL_2030,all2030_dcfull_n1,transmission,upgrade_branch,line,AC,NORTH,5003-5351,5003,5351,292.1,511.2,219.1,74.1,ALL,161.0,161.0,161.0,T5_moderate,1.75,HTLS Reconductor,86.8,119.9,1558,58.9,True,0.0,-96.6344372,32.9086048,-96.6344372,32.9086048
2023_all2030_dcfull_n1_ALL_2030,2023,all2030,full_tx,ALL_2030,all2030_dcfull_n1,transmission,upgrade_branch,line,AC,NORTH,5007-5012,5007,5012,251.0,439.2,188.2,74.1,ALL,161.0,161.0,161.0,T5_moderate,1.75,HTLS Reconductor,36.6,122.3,2072,68.8,True,0.0,-97.13581333333332,33.210620166666665,-97.13581333333332,33.210620166666665
2023_all2030_dcfull_n1_ALL_2030,2023,all2030,full_tx,ALL_2030,all2030_dcfull_n1,transmission,upgrade_branch,line,AC,NORTH,5010-5096,5010,5096,310.0,542.5,232.5,74.1,ALL,161.0,161.0,161.0,T5_moderate,1.75,HTLS Reconductor,72.2,119.6,1584,65.5,True,0.0,-96.73076228571428,33.04730142857143,-96.73076228571428,33.04730142857143
2023_all2030_dcfull_n1_ALL_2030,2023,all2030,full_tx,ALL_2030,all2030_dcfull_n1,transmission,upgrade_branch,line,AC,NORTH,5010-5096,5010,5096,310.0,542.5,232.5,74.1,ALL,161.0,161.0,161.0,T5_moderate,1.75,HTLS Reconductor,72.2,119.6,1583,65.5,True,0.0,-96.73076228571428,33.04730142857143,-96.73076228571428,33.04730142857143
2023_all2030_dcfull_n1_ALL_2030,2023,all2030,full_tx,ALL_2030,all2030_dcfull_n1,transmission,upgrade_branch,line,AC,NORTH,5032-5229,5032,5229,224.0,392.0,168.0,74.1,ALL,161.0,161.0,161.0,T5_moderate,1.75,HTLS Reconductor,53.9,121.3,1677,55.5,True,0.0,-96.80082027272728,32.808276409090915,-96.80082027272728,32.808276409090915
2023_all2030_dcfull_n1_ALL_2030,2023,all2030,full_tx,ALL_2030,all2030_dcfull_n1,transmission,upgrade_branch,line,AC,NORTH,5034-5329,5034,5329,204.1,357.2,153.1,74.1,ALL,161.0,161.0,161.0,T5_moderate,1.75,HTLS Reconductor,91.9,118.1,2315,65.4,True,0.0,-96.80082027272728,32.808276409090915,-96.80082027272728,32.808276409090915
2023_all2030_dcfull_n1_ALL_2030,2023,all2030,full_tx,ALL_2030,all2030_dcfull_n1,transmission,upgrade_branch,line,AC,NORTH,5250-5100,5250,5100,409.0,715.8,306.8,74.1,ALL,161.0,161.0,161.0,T5_moderate,1.75,HTLS Reconductor,86.0,113.9,1872,61.3,True,0.0,-96.80082027272728,32.808276409090915,-96.80082027272728,32.808276409090915
2023_all2030_dcfull_n1_ALL_2030,2023,all2030,full_tx,ALL_2030,all2030_dcfull_n1,transmission,upgrade_branch,line,AC,NORTH,5250-5100,5250,5100,409.0,715.8,306.8,74.1,ALL,161.0,161.0,161.0,T5_moderate,1.75,HTLS Reconductor,86.0,113.9,1871,61.3,True,0.0,-96.80082027272728,32.808276409090915,-96.80082027272728,32.808276409090915
2023_all2030_dcfull_n1_ALL_2030,2023,all2030,full_tx,ALL_2030,all2030_dcfull_n1,transmission,upgrade_branch,line,AC,NORTH,5250-5100,5250,5100,409.0,715.8,306.8,74.1,ALL,161.0,161.0,161.0,T5_moderate,1.75,HTLS Reconductor,86.0,113.9,1871,61.3,True,0.0,-96.80082027272728,32.808276409090915,-96.80082027272728,32.808276409090915
2023_all2030_dcfull_n1_ALL_2030,2023,all2030,full_tx,ALL_2030,all2030_dcfull_n1,transmission,upgrade_branch,line,AC,NORTH,5100-5272,5100,5272,204.2,357.3,153.1,74.1,ALL,161.0,161.0,161.0,T5_moderate,1.75,HTLS Reconductor,98.1,122.2,2311,68.4,True,0.0,-96.80082027272728,32.808276409090915,-96.80082027272728,32.808276409090915
2023_all2030_dcfull_n1_ALL_2030,2023,all2030,full_tx,ALL_2030,all2030_dcfull_n1,transmission,upgrade_branch,line,AC,NORTH,5100-5352,5100,5352,238.0,416.5,178.5,74.1,ALL,161.0,161.0,161.0,T5_moderate,1.75,HTLS Reconductor,88.4,114.6,1875,64.1,True,0.0,-96.80082027272728,32.808276409090915,-96.80082027272728,32.808276409090915
2023_all2030_dcfull_n1_ALL_2030,2023,all2030,full_tx,ALL_2030,all2030_dcfull_n1,transmission,upgrade_branch,line,AC,NORTH,5194-5353,5194,5353,242.0,423.5,181.5,74.1,ALL,161.0,161.0,161.0,T5_moderate,1.75,HTLS Reconductor,76.1,113.6,1816,85.1,True,0.0,-96.914175,32.651936,-96.914175,32.651936
2023_all2030_dcfull_n1_ALL_2030,2023,all2030,full_tx,ALL_2030,all2030_dcfull_n1,transmission,upgrade_branch,line,AC,NORTH,5272-5352,5272,5352,234.8,410.9,176.1,74.1,ALL,161.0,161.0,161.0,T5_moderate,1.75,HTLS Reconductor,84.6,115.7,1874,64.9,True,0.0,-96.80082027272728,32.808276409090915,-96.80082027272728,32.808276409090915
2023_all2030_dcfull_n1_ALL_2030,2023,all2030,full_tx,ALL_2030,all2030_dcfull_n1,transmission,upgrade_branch,line,AC,NORTH,5291-5332,5291,5332,258.0,451.5,193.5,74.1,ALL,161.0,161.0,161.0,T5_moderate,1.75,HTLS Reconductor,89.4,111.7,1605,68.2,True,0.0,-97.34008506896552,32.753233586206896,-97.34008506896552,32.753233586206896
2023_all2030_dcfull_n1_ALL_2030,2023,all2030,full_tx,ALL_2030,all2030_dcfull_n1,transmission,upgrade_branch,line,AC,NORTH,5247-5209,5247,5209,187.0,467.5,280.5,72.645,ALL,161.0,161.0,161.0,T7_structural,2.5,New Corridor/Aggressive Parallel,75.2,176.0,2258,66.7,True,9.7,-97.575601,32.117538,-97.736712,32.083522
2023_all2030_dcfull_n1_ALL_2030,2023,all2030,full_tx,ALL_2030,all2030_dcfull_n1,transmission,upgrade_branch,line,AC,NORTH,5012-13266,5012,13266,209.6,461.1,251.5,72.581,ALL,161.0,161.0,161.0,T6_heavy,2.2,New Parallel Circuit,105.0,137.0,2072,91.8,True,19.3,-97.13581333333332,33.210620166666665,-97.466582,33.243525500000004
2023_all2030_dcfull_n1_ALL_2030,2023,all2030,full_tx,ALL_2030,all2030_dcfull_n1,transmission,upgrade_branch,line,AC,NORTH,12632-12807,12632,12807,348.0,765.6,417.6,71.606,ALL,161.0,161.0,161.0,T6_heavy,2.2,New Parallel Circuit,23.0,140.6,4767,78.7,True,19.0,-101.59661,34.4067,-101.381494,34.196962
2023_all2030_dcfull_n1_ALL_2030,2023,all2030,full_tx,ALL_2030,all2030_dcfull_n1,transmission,upgrade_branch,line,AC,NORTH,5390-5278,5390,5278,342.0,855.0,513.0,71.28,ALL,161.0,161.0,161.0,T7_structural,2.5,New Corridor/Aggressive Parallel,62.4,150.7,2329,64.9,True,9.5,-97.2120625,30.983119,-97.314427,31.08967366666667
2023_all2030_dcfull_n1_ALL_2030,2023,all2030,full_tx,ALL_2030,all2030_dcfull_n1,transmission,upgrade_branch,line,AC,WEST,13089-13270,13089,13270,186.4,410.1,223.7,69.76,ALL,115.0,115.0,115.0,T6_heavy,2.2,New Parallel Circuit,85.7,147.0,5136,76.4,True,23.3,-101.80158,33.889462,-101.8383465,33.5531785
2023_all2030_dcfull_n1_ALL_2030,2023,all2030,full_tx,ALL_2030,all2030_dcfull_n1,transmission,upgrade_branch,line,AC,WEST,3021-2131,3021,2131,149.0,327.8,178.8,69.603,ALL,115.0,115.0,115.0,T6_heavy,2.2,New Parallel Circuit,29.2,128.9,1742,48.6,True,23.3,-99.720186,32.783669,-99.5687984,33.0957078
2023_all2030_dcfull_n1_ALL_2030,2023,all2030,full_tx,ALL_2030,all2030_dcfull_n1,transmission,upgrade_branch,line,AC,HOUSTON,7432-8037,7432,8037,149.0,372.5,223.5,69.502,ALL,115.0,115.0,115.0,T7_structural,2.5,New Corridor/Aggressive Parallel,222.4,353.3,4390,141.3,False,11.3,-95.905344,30.953672,-95.715509,30.959521
2023_all2030_dcfull_n1_ALL_2030,2023,all2030,full_tx,ALL_2030,all2030_dcfull_n1,transmission,upgrade_branch,line,AC,WEST,1014-13186,1014,13186,251.0,439.2,188.2,69.231,ALL,115.0,115.0,115.0,T5_moderate,1.75,HTLS Reconductor,68.1,113.7,134,57.1,True,35.5,-103.125868,31.165245,-102.59898166666666,30.91979725
2023_all2030_dcfull_n1_ALL_2030,2023,all2030,full_tx,ALL_2030,all2030_dcfull_n1,transmission,upgrade_branch,line,AC,NORTH,5059-5426,5059,5426,251.0,627.5,376.5,66.75,ALL,161.0,161.0,161.0,T7_structural,2.5,New Corridor/Aggressive Parallel,140.0,160.3,2105,73.9,True,8.9,-96.092445,32.357217500000004,-96.245039,32.366686
2023_all2030_dcfull_n1_ALL_2030,2023,all2030,full_tx,ALL_2030,all2030_dcfull_n1,transmission,upgrade_branch,line,AC,WEST,3033-3022,3033,3022,342.0,598.5,256.5,66.684,ALL,115.0,115.0,115.0,T5_moderate,1.75,HTLS Reconductor,78.5,123.8,795,70.7,True,34.2,-100.94008825,32.806441125,-100.890668,32.313261999999995
2023_all2030_dcfull_n1_ALL_2030,2023,all2030,full_tx,ALL_2030,all2030_dcfull_n1,transmission,upgrade_branch,line,AC,SOUTH,12976-4020,12976,4020,228.0,501.6,273.6,66.286,ALL,115.0,115.0,115.0,T6_heavy,2.2,New Parallel Circuit,82.3,131.1,1126,74.7,True,22.2,-97.7314385,27.5750945,-97.4230987368421,27.74350405263158
2023_all2030_dcfull_n1_ALL_2030,2023,all2030,full_tx,ALL_2030,all2030_dcfull_n1,transmission,upgrade_branch,line,AC,SOUTH,12976-4020,12976,4020,228.0,501.6,273.6,66.286,ALL,115.0,115.0,115.0,T6_heavy,2.2,New Parallel Circuit,82.3,131.1,1125,74.7,True,22.2,-97.7314385,27.5750945,-97.4230987368421,27.74350405263158
2023_all2030_dcfull_n1_ALL_2030,2023,all2030,full_tx,ALL_2030,all2030_dcfull_n1,transmission,upgrade_branch,line,AC,WEST,1061-1112,1061,1112,169.8,373.6,203.8,65.462,ALL,115.0,115.0,115.0,T6_heavy,2.2,New Parallel Circuit,107.1,132.8,342,86.1,True,21.9,-101.3548315,32.107940125,-101.014,32.239
2023_all2030_dcfull_n1_ALL_2030,2023,all2030,full_tx,ALL_2030,all2030_dcfull_n1,transmission,upgrade_branch,line,AC,WEST,3132-3144,3132,3144,98.0,215.6,117.6,64.401,ALL,115.0,115.0,115.0,T6_heavy,2.2,New Parallel Circuit,105.4,140.1,806,79.0,True,21.5,-99.9360515,31.18751,-99.682323,31.411505
2023_all2030_dcfull_n1_ALL_2030,2023,all2030,full_tx,ALL_2030,all2030_dcfull_n1,transmission,upgrade_branch,line,AC,NORTH,8111-8042,8111,8042,98.0,245.0,147.0,64.135,ALL,115.0,115.0,115.0,T7_structural,2.5,New Corridor/Aggressive Parallel,128.8,296.1,4353,109.4,False,10.4,-94.737065,31.33610733333333,-94.758734,31.186933
2023_all2030_dcfull_n1_ALL_2030,2023,all2030,full_tx,ALL_2030,all2030_dcfull_n1,transmission,upgrade_branch,line,AC,NORTH,8054-8092,8054,8092,98.0,245.0,147.0,63.791,ALL,115.0,115.0,115.0,T7_structural,2.5,New Corridor/Aggressive Parallel,86.7,172.1,4353,93.5,True,10.3,-96.009175,31.473728,-95.863721,31.557267
2023_all2030_dcfull_n1_ALL_2030,2023,all2030,full_tx,ALL_2030,all2030_dcfull_n1,transmission,upgrade_branch,line,AC,WEST,3145-3006,3145,3006,149.0,327.8,178.8,62.554,ALL,115.0,115.0,115.0,T6_heavy,2.2,New Parallel Circuit,102.0,125.7,693,68.1,True,20.9,-100.2242635,32.5474795,-100.0652435,32.819086
2023_all2030_dcfull_n1_ALL_2030,2023,all2030,full_tx,ALL_2030,all2030_dcfull_n1,transmission,upgrade_branch,line,AC,NORTH,5274-5374,5274,5374,187.0,467.5,280.5,62.187,ALL,161.0,161.0,161.0,T7_structural,2.5,New Corridor/Aggressive Parallel,95.5,223.3,1677,133.5,False,8.3,-96.674333,32.605192,-96.620085,32.716601
2023_all2030_dcfull_n1_ALL_2030,2023,all2030,full_tx,ALL_2030,all2030_dcfull_n1,transmission,upgrade_branch,line,AC,NORTH,8010-8103,8010,8103,98.0,245.0,147.0,60.444,ALL,115.0,115.0,115.0,T7_structural,2.5,New Corridor/Aggressive Parallel,114.8,205.4,4378,109.3,False,9.8,-96.22928,31.235882,-96.202639,31.37571
2023_all2030_dcfull_n1_ALL_2030,2023,all2030,full_tx,ALL_2030,all2030_dcfull_n1,transmission,upgrade_branch,line,AC,WEST,13089-13377,13089,13377,191.0,420.2,229.2,59.378,ALL,115.0,115.0,115.0,T6_heavy,2.2,New Parallel Circuit,84.7,148.4,5135,76.6,True,19.9,-101.80158,33.889462,-101.8408,33.6039
2023_all2030_dcfull_n1_ALL_2030,2023,all2030,full_tx,ALL_2030,all2030_dcfull_n1,transmission,upgrade_branch,line,AC,NORTH,5203-5465,5203,5465,237.0,414.8,177.8,59.214,ALL,161.0,161.0,161.0,T5_moderate,1.75,HTLS Reconductor,98.1,115.5,2356,58.8,True,24.0,-96.80082027272728,32.808276409090915,-96.8232695,33.154732499999994
2023_all2030_dcfull_n1_ALL_2030,2023,all2030,full_tx,ALL_2030,all2030_dcfull_n1,transmission,upgrade_branch,line,AC,WEST,3003-3103,3003,3103,220.0,385.0,165.0,58.5,ALL,115.0,115.0,115.0,T5_moderate,1.75,HTLS Reconductor,17.7,112.6,690,64.3,True,0.0,-100.2940896,32.3397188,-100.2940896,32.3397188
2023_all2030_dcfull_n1_ALL_2030,2023,all2030,full_tx,ALL_2030,all2030_dcfull_n1,transmission,upgrade_branch,line,AC,WEST,3027-3032,3027,3032,140.0,245.0,105.0,58.5,ALL,115.0,115.0,115.0,T5_moderate,1.75,HTLS Reconductor,62.9,113.2,773,51.2,True,0.0,-99.70613471428572,32.45867642857143,-99.70613471428572,32.45867642857143
2023_all2030_dcfull_n1_ALL_2030,2023,all2030,full_tx,ALL_2030,all2030_dcfull_n1,transmission,upgrade_branch,line,AC,WEST,3033-3136,3033,3136,342.0,598.5,256.5,58.5,ALL,115.0,115.0,115.0,T5_moderate,1.75,HTLS Reconductor,45.3,123.8,754,70.7,True,0.0,-100.94008825,32.806441125,-100.94008825,32.806441125
2023_all2030_dcfull_n1_ALL_2030,2023,all2030,full_tx,ALL_2030,all2030_dcfull_n1,transmission,upgrade_branch,line,AC,SOUTH,4176-13423,4176,13423,124.4,217.7,93.3,58.5,ALL,115.0,115.0,115.0,T5_moderate,1.75,HTLS Reconductor,43.8,120.1,1520,69.3,True,0.0,-98.883685,27.48301875,-98.883685,27.48301875
2023_all2030_dcfull_n1_ALL_2030,2023,all2030,full_tx,ALL_2030,all2030_dcfull_n1,transmission,upgrade_branch,line,AC,SOUTH,6005-12620,6005,12620,193.6,338.8,145.2,58.5,ALL,115.0,115.0,115.0,T5_moderate,1.75,HTLS Reconductor,81.6,119.9,2877,74.2,True,0.0,-97.2711,30.146700000000003,-97.2711,30.146700000000003
2023_all2030_dcfull_n1_ALL_2030,2023,all2030,full_tx,ALL_2030,all2030_dcfull_n1,transmission,upgrade_branch,line,AC,SOUTH,6005-12620,6005,12620,193.6,338.8,145.2,58.5,ALL,115.0,115.0,115.0,T5_moderate,1.75,HTLS Reconductor,81.6,119.9,2877,74.2,True,0.0,-97.2711,30.146700000000003,-97.2711,30.146700000000003
2023_all2030_dcfull_n1_ALL_2030,2023,all2030,full_tx,ALL_2030,all2030_dcfull_n1,transmission,upgrade_branch,line,AC,SOUTH,6005-12620,6005,12620,193.6,338.8,145.2,58.5,ALL,115.0,115.0,115.0,T5_moderate,1.75,HTLS Reconductor,81.6,119.9,2877,74.2,True,0.0,-97.2711,30.146700000000003,-97.2711,30.146700000000003
2023_all2030_dcfull_n1_ALL_2030,2023,all2030,full_tx,ALL_2030,all2030_dcfull_n1,transmission,upgrade_branch,line,AC,SOUTH,6005-12620,6005,12620,193.6,338.8,145.2,58.5,ALL,115.0,115.0,115.0,T5_moderate,1.75,HTLS Reconductor,81.6,119.9,2877,74.2,True,0.0,-97.2711,30.146700000000003,-97.2711,30.146700000000003
2023_all2030_dcfull_n1_ALL_2030,2023,all2030,full_tx,ALL_2030,all2030_dcfull_n1,transmission,upgrade_branch,line,AC,SOUTH,6018-6256,6018,6256,191.4,334.9,143.5,58.5,ALL,115.0,115.0,115.0,T5_moderate,1.75,HTLS Reconductor,86.8,111.7,2725,93.9,True,0.0,-97.77508287179488,30.30416587179487,-97.77508287179488,30.30416587179487
2023_all2030_dcfull_n1_ALL_2030,2023,all2030,full_tx,ALL_2030,all2030_dcfull_n1,transmission,upgrade_branch,line,AC,SOUTH,6024-6256,6024,6256,124.0,217.0,93.0,58.5,ALL,115.0,115.0,115.0,T5_moderate,1.75,HTLS Reconductor,97.0,124.4,2658,97.2,True,0.0,-97.77508287179488,30.30416587179487,-97.77508287179488,30.30416587179487
2023_all2030_dcfull_n1_ALL_2030,2023,all2030,full_tx,ALL_2030,all2030_dcfull_n1,transmission,upgrade_branch,line,AC,SOUTH,6084-6353,6084,6353,163.8,286.7,122.9,58.5,ALL,115.0,115.0,115.0,T5_moderate,1.75,HTLS Reconductor,87.1,116.1,2847,50.4,True,0.0,-97.677175,30.5341255,-97.677175,30.5341255
2023_all2030_dcfull_n1_ALL_2030,2023,all2030,full_tx,ALL_2030,all2030_dcfull_n1,transmission,upgrade_branch,line,AC,SOUTH,6137-6217,6137,6217,137.0,239.8,102.8,58.5,ALL,115.0,115.0,115.0,T5_moderate,1.75,HTLS Reconductor,72.7,114.0,2688,65.1,True,0.0,-97.77508287179488,30.30416587179487,-97.77508287179488,30.30416587179487
2023_all2030_dcfull_n1_ALL_2030,2023,all2030,full_tx,ALL_2030,all2030_dcfull_n1,transmission,upgrade_branch,line,AC,SOUTH,6153-13418,6153,13418,119.3,208.8,89.5,58.5,ALL,115.0,115.0,115.0,T5_moderate,1.75,HTLS Reconductor,103.6,121.7,3206,61.3,True,0.0,-98.5093816037736,29.474642000000003,-98.5093816037736,29.474642000000003
2023_all2030_dcfull_n1_ALL_2030,2023,all2030,full_tx,ALL_2030,all2030_dcfull_n1,transmission,upgrade_branch,line,AC,SOUTH,6200-6275,6200,6275,109.0,190.8,81.8,58.5,ALL,115.0,115.0,115.0,T5_moderate,1.75,HTLS Reconductor,91.6,112.6,2740,83.2,True,0.0,-98.5093816037736,29.474642000000003,-98.5093816037736,29.474642000000003
2023_all2030_dcfull_n1_ALL_2030,2023,all2030,full_tx,ALL_2030,all2030_dcfull_n1,transmission,upgrade_branch,line,AC,HOUSTON,7044-13356,7044,13356,191.2,334.6,143.4,58.5,ALL,115.0,115.0,115.0,T5_moderate,1.75,HTLS Reconductor,94.9,114.4,3425,65.4,True,0.0,-97.00621414285716,28.74651585714286,-97.00621414285716,28.74651585714286
2023_all2030_dcfull_n1_ALL_2030,2023,all2030,full_tx,ALL_2030,all2030_dcfull_n1,transmission,upgrade_branch,line,AC,HOUSTON,7223-7319,7223,7319,220.0,385.0,165.0,58.5,ALL,115.0,115.0,115.0,T5_moderate,1.75,HTLS Reconductor,91.8,110.1,3991,61.2,True,0.0,-95.41128715217393,29.77727818478261,-95.41128715217393,29.77727818478261
2023_all2030_dcfull_n1_ALL_2030,2023,all2030,full_tx,ALL_2030,all2030_dcfull_n1,transmission,upgrade_branch,line,AC,WEST,12659-12897,12659,12897,264.0,462.0,198.0,58.5,ALL,115.0,115.0,115.0,T5_moderate,1.75,HTLS Reconductor,82.5,123.7,4793,70.7,True,0.0,-100.94008825,32.806441125,-100.94008825,32.806441125
2023_all2030_dcfull_n1_ALL_2030,2023,all2030,full_tx,ALL_2030,all2030_dcfull_n1,transmission,upgrade_branch,line,AC,WEST,12659-12897,12659,12897,264.0,462.0,198.0,58.5,ALL,115.0,115.0,115.0,T5_moderate,1.75,HTLS Reconductor,82.5,123.7,4792,70.7,True,0.0,-100.94008825,32.806441125,-100.94008825,32.806441125
2023_all2030_dcfull_n1_ALL_2030,2023,all2030,full_tx,ALL_2030,all2030_dcfull_n1,transmission,upgrade_branch,line,AC,WEST,12659-12897,12659,12897,264.0,462.0,198.0,58.5,ALL,115.0,115.0,115.0,T5_moderate,1.75,HTLS Reconductor,82.5,123.7,4792,70.7,True,0.0,-100.94008825,32.806441125,-100.94008825,32.806441125
2023_all2030_dcfull_n1_ALL_2030,2023,all2030,full_tx,ALL_2030,all2030_dcfull_n1,transmission,upgrade_branch,line,AC,WEST,12663-12897,12663,12897,356.0,623.0,267.0,58.5,ALL,115.0,115.0,115.0,T5_moderate,1.75,HTLS Reconductor,0.7,121.0,4991,73.4,True,0.0,-100.94008825,32.806441125,-100.94008825,32.806441125
2023_all2030_dcfull_n1_ALL_2030,2023,all2030,full_tx,ALL_2030,all2030_dcfull_n1,transmission,upgrade_branch,line,AC,SOUTH,12816-13423,12816,13423,160.0,280.0,120.0,58.5,ALL,115.0,115.0,115.0,T5_moderate,1.75,HTLS Reconductor,72.2,110.9,4919,64.9,True,0.0,-98.883685,27.48301875,-98.883685,27.48301875
2023_all2030_dcfull_n1_ALL_2030,2023,all2030,full_tx,ALL_2030,all2030_dcfull_n1,transmission,upgrade_branch,line,AC,WEST,13239-13385,13239,13385,170.4,298.2,127.8,58.5,ALL,115.0,115.0,115.0,T5_moderate,1.75,HTLS Reconductor,51.0,115.9,1000,73.3,True,0.0,-100.967827,29.7051495,-100.967827,29.7051495
2023_all2030_dcfull_n1_ALL_2030,2023,all2030,full_tx,ALL_2030,all2030_dcfull_n1,transmission,upgrade_branch,line,AC,WEST,13313-13337,13313,13337,138.4,242.2,103.8,58.5,ALL,115.0,115.0,115.0,T5_moderate,1.75,HTLS Reconductor,67.5,111.6,5312,67.8,True,0.0,-99.79466125,29.20340125,-99.79466125,29.20340125
2023_all2030_dcfull_n1_ALL_2030,2023,all2030,full_tx,ALL_2030,all2030_dcfull_n1,transmission,upgrade_branch,line,AC,NORTH,5349-5228,5349,5228,310.0,682.0,372.0,57.341,ALL,161.0,161.0,161.0,T6_heavy,2.2,New Parallel Circuit,109.2,137.2,2544,79.1,True,15.2,-96.7651095,32.5902035,-96.80082027272728,32.808276409090915
2023_all2030_dcfull_n1_ALL_2030,2023,all2030,full_tx,ALL_2030,all2030_dcfull_n1,transmission,upgrade_branch,line,AC,NORTH,2123-2058,2123,2058,187.0,411.4,224.4,57.223,ALL,161.0,161.0,161.0,T6_heavy,2.2,New Parallel Circuit,92.1,134.7,522,63.8,True,15.2,-101.35485071428572,35.27871242857143,-101.2439,35.4789
2023_all2030_dcfull_n1_ALL_2030,2023,all2030,full_tx,ALL_2030,all2030_dcfull_n1,transmission,upgrade_branch,line,AC,NORTH,5135-5264,5135,5264,251.0,552.2,301.2,56.965,ALL,161.0,161.0,161.0,T6_heavy,2.2,New Parallel Circuit,66.7,125.3,1742,84.8,True,15.1,-98.66402,32.495875,-98.552257,32.298594
2023_all2030_dcfull_n1_ALL_2030,2023,all2030,full_tx,ALL_2030,all2030_dcfull_n1,transmission,upgrade_branch,line,AC,NORTH,13059-13149,13059,13149,200.3,440.7,240.4,56.895,ALL,161.0,161.0,161.0,T6_heavy,2.2,New Parallel Circuit,49.4,131.9,434,63.5,True,15.1,-101.186622,35.254184,-100.934408,35.18172
2023_all2030_dcfull_n1_ALL_2030,2023,all2030,full_tx,ALL_2030,all2030_dcfull_n1,transmission,upgrade_branch,line,AC,NORTH,2065-2044,2065,2044,187.0,411.4,224.4,56.301,ALL,161.0,161.0,161.0,T6_heavy,2.2,New Parallel Circuit,120.8,147.6,662,74.0,True,14.9,-97.17635,33.661583,-96.936121,33.743893
2023_all2030_dcfull_n1_ALL_2030,2023,all2030,full_tx,ALL_2030,all2030_dcfull_n1,transmission,upgrade_branch,line,AC,NORTH,5122-5308,5122,5308,251.0,552.2,301.2,56.283,ALL,161.0,161.0,161.0,T6_heavy,2.2,New Parallel Circuit,115.8,131.4,1677,93.4,True,14.9,-96.80082027272728,32.808276409090915,-96.5458,32.8358
2023_all2030_dcfull_n1_ALL_2030,2023,all2030,full_tx,ALL_2030,all2030_dcfull_n1,transmission,upgrade_branch,line,AC,NORTH,2039-5455,2039,5455,251.0,627.5,376.5,55.75,ALL,161.0,161.0,161.0,T7_structural,2.5,New Corridor/Aggressive Parallel,99.1,152.1,663,89.4,True,7.5,-97.751818,33.455991,-97.669953,33.372433
2023_all2030_dcfull_n1_ALL_2030,2023,all2030,full_tx,ALL_2030,all2030_dcfull_n1,transmission,upgrade_branch,line,AC,NORTH,5014-5455,5014,5455,251.0,552.2,301.2,55.566,ALL,161.0,161.0,161.0,T6_heavy,2.2,New Parallel Circuit,93.5,146.6,663,99.0,True,14.7,-97.466582,33.243525500000004,-97.669953,33.372433
2023_all2030_dcfull_n1_ALL_2030,2023,all2030,full_tx,ALL_2030,all2030_dcfull_n1,transmission,upgrade_branch,line,AC,WEST,12791-12630,12791,12630,757.0,1059.8,302.8,55.459,ALL,230.0,230.0,230.0,T4_light,1.4,Reconductor(ACSR->ACSS),49.8,103.2,4760,73.9,True,31.6,-101.214787,31.1946825,-101.2971195,30.742809
2023_all2030_dcfull_n1_ALL_2030,2023,all2030,full_tx,ALL_2030,all2030_dcfull_n1,transmission,upgrade_branch,line,AC,WEST,12630-12811,12630,12811,773.0,1082.2,309.2,55.459,ALL,230.0,230.0,230.0,T4_light,1.4,Reconductor(ACSR->ACSS),59.8,103.2,4759,73.8,True,31.6,-101.2971195,30.742809,-101.214787,31.1946825
2023_all2030_dcfull_n1_ALL_2030,2023,all2030,full_tx,ALL_2030,all2030_dcfull_n1,transmission,upgrade_branch,line,AC,SOUTH,6229-6299,6229,6299,457.2,1005.8,548.6,55.369,ALL,230.0,230.0,230.0,T6_heavy,2.2,New Parallel Circuit,35.8,127.3,3151,70.3,True,11.7,-97.966164,29.880162,-98.08352933333332,29.745433666666667
2023_all2030_dcfull_n1_ALL_2030,2023,all2030,full_tx,ALL_2030,all2030_dcfull_n1,transmission,upgrade_branch,line,AC,NORTH,8010-8001,8010,8001,149.0,372.5,223.5,55.037,ALL,115.0,115.0,115.0,T7_structural,2.5,New Corridor/Aggressive Parallel,154.5,229.1,4390,118.6,False,8.9,-96.22928,31.235882,-96.13919,31.132442
2023_all2030_dcfull_n1_ALL_2030,2023,all2030,full_tx,ALL_2030,all2030_dcfull_n1,transmission,upgrade_branch,transformer,AC,NORTH,5046-5045,5046,5045,550.0,1650.0,1100.0,55.0,ALL,161.0,500.0,500.0,T7_structural,3.0,Major Transformer 3x,267.4,417.0,1917,153.3,False,0.0,-98.187624,32.1858615,-98.187624,32.1858615
2023_all2030_dcfull_n1_ALL_2030,2023,all2030,full_tx,ALL_2030,all2030_dcfull_n1,transmission,upgrade_branch,transformer,AC,NORTH,5057-5055,5057,5055,448.0,1344.0,896.0,55.0,ALL,13.8,500.0,500.0,T7_structural,3.0,Major Transformer 3x,361.6,361.7,3629,120.5,False,0.0,-98.7321385,33.1268065,-98.7321385,33.1268065
2023_all2030_dcfull_n1_ALL_2030,2023,all2030,full_tx,ALL_2030,all2030_dcfull_n1,transmission,upgrade_branch,transformer,AC,NORTH,5058-5055,5058,5055,354.7,1064.1,709.4,55.0,ALL,13.8,500.0,500.0,T7_structural,3.0,Major Transformer 3x,279.9,279.9,497,93.4,True,0.0,-98.7321385,33.1268065,-98.7321385,33.1268065
2023_all2030_dcfull_n1_ALL_2030,2023,all2030,full_tx,ALL_2030,all2030_dcfull_n1,transmission,upgrade_branch,transformer,AC,NORTH,5088-12547,5088,12547,800.0,2400.0,1600.0,55.0,ALL,161.0,500.0,500.0,T7_structural,3.0,Major Transformer 3x,113.3,152.6,1564,55.9,True,0.0,-97.46203133333334,31.819786000000004,-97.46203133333334,31.819786000000004
2023_all2030_dcfull_n1_ALL_2030,2023,all2030,full_tx,ALL_2030,all2030_dcfull_n1,transmission,upgrade_branch,transformer,AC,NORTH,5198-5196,5198,5196,183.7,551.1,367.4,55.0,ALL,18.0,500.0,500.0,T7_structural,3.0,Major Transformer 3x,339.2,339.4,3629,113.4,False,0.0,-98.3737215,33.2411135,-98.3737215,33.2411135
2023_all2030_dcfull_n1_ALL_2030,2023,all2030,full_tx,ALL_2030,all2030_dcfull_n1,transmission,upgrade_branch,transformer,AC,NORTH,5237-5236,5237,5236,287.0,861.0,574.0,55.0,ALL,161.0,500.0,500.0,T7_structural,3.0,Major Transformer 3x,240.6,392.9,573,127.3,False,0.0,-98.81875,33.316907,-98.81875,33.316907
2023_all2030_dcfull_n1_ALL_2030,2023,all2030,full_tx,ALL_2030,all2030_dcfull_n1,transmission,upgrade_branch,transformer,AC,NORTH,5238-5236,5238,5236,246.6,739.8,493.2,55.0,ALL,18.0,500.0,500.0,T7_structural,3.0,Major Transformer 3x,333.5,333.6,3629,111.5,False,0.0,-98.81875,33.316907,-98.81875,33.316907
2023_all2030_dcfull_n1_ALL_2030,2023,all2030,full_tx,ALL_2030,all2030_dcfull_n1,transmission,upgrade_branch,transformer,AC,NORTH,5261-5260,5261,5260,375.0,1125.0,750.0,55.0,ALL,161.0,500.0,500.0,T7_structural,3.0,Major Transformer 3x,97.6,176.0,1564,92.5,True,0.0,-97.790381,32.253423999999995,-97.790381,32.253423999999995
2023_all2030_dcfull_n1_ALL_2030,2023,all2030,full_tx,ALL_2030,all2030_dcfull_n1,transmission,upgrade_branch,transformer,AC,NORTH,5414-5413,5414,5413,315.0,945.0,630.0,55.0,ALL,161.0,500.0,500.0,T7_structural,3.0,Major Transformer 3x,98.8,186.7,1563,76.6,True,0.0,-98.2935895,32.711098,-98.2935895,32.711098
2023_all2030_dcfull_n1_ALL_2030,2023,all2030,full_tx,ALL_2030,all2030_dcfull_n1,transmission,upgrade_branch,transformer,AC,SOUTH,6006-6003,6006,6003,412.4,1237.2,824.8,55.0,ALL,13.8,500.0,500.0,T7_structural,3.0,Major Transformer 3x,529.4,529.7,3629,176.5,False,0.0,-97.2711,30.146700000000003,-97.2711,30.146700000000003
2023_all2030_dcfull_n1_ALL_2030,2023,all2030,full_tx,ALL_2030,all2030_dcfull_n1,transmission,upgrade_branch,transformer,AC,SOUTH,6007-6003,6007,6003,197.4,592.2,394.8,55.0,ALL,13.8,500.0,500.0,T7_structural,3.0,Major Transformer 3x,461.8,461.8,2725,154.1,False,0.0,-97.2711,30.146700000000003,-97.2711,30.146700000000003
2023_all2030_dcfull_n1_ALL_2030,2023,all2030,full_tx,ALL_2030,all2030_dcfull_n1,transmission,upgrade_branch,transformer,AC,SOUTH,6008-6003,6008,6003,192.7,578.1,385.4,55.0,ALL,13.8,500.0,500.0,T7_structural,3.0,Major Transformer 3x,473.0,473.0,-1,157.8,False,0.0,-97.2711,30.146700000000003,-97.2711,30.146700000000003
2023_all2030_dcfull_n1_ALL_2030,2023,all2030,full_tx,ALL_2030,all2030_dcfull_n1,transmission,upgrade_branch,transformer,AC,SOUTH,6255-6254,6255,6254,1526.0,4578.0,3052.0,55.0,ALL,230.0,500.0,500.0,T7_structural,3.0,Major Transformer 3x,112.4,158.7,2725,60.6,True,0.0,-97.77508287179488,30.30416587179487,-97.77508287179488,30.30416587179487
2023_all2030_dcfull_n1_ALL_2030,2023,all2030,full_tx,ALL_2030,all2030_dcfull_n1,transmission,upgrade_branch,transformer,AC,SOUTH,6295-6292,6295,6292,359.9,1079.7,719.8,55.0,ALL,13.8,500.0,500.0,T7_structural,3.0,Major Transformer 3x,413.7,413.7,3629,137.9,False,0.0,-97.522552,30.119949,-97.522552,30.119949
2023_all2030_dcfull_n1_ALL_2030,2023,all2030,full_tx,ALL_2030,all2030_dcfull_n1,transmission,upgrade_branch,transformer,AC,SOUTH,6296-6292,6296,6292,255.1,765.3,510.2,55.0,ALL,13.8,500.0,500.0,T7_structural,3.0,Major Transformer 3x,442.2,442.2,-1,147.4,False,0.0,-97.522552,30.119949,-97.522552,30.119949
2023_all2030_dcfull_n1_ALL_2030,2023,all2030,full_tx,ALL_2030,all2030_dcfull_n1,transmission,upgrade_branch,transformer,AC,NORTH,8046-8043,8046,8043,248.7,746.1,497.4,55.0,ALL,18.0,500.0,500.0,T7_structural,3.0,Major Transformer 3x,163.2,163.3,3629,54.4,True,0.0,-96.08704033333332,31.83128633333333,-96.08704033333332,31.83128633333333
2023_all2030_dcfull_n1_ALL_2030,2023,all2030,full_tx,ALL_2030,all2030_dcfull_n1,transmission,upgrade_branch,transformer,AC,NORTH,8047-8043,8047,8043,233.5,700.5,467.0,55.0,ALL,18.0,500.0,500.0,T7_structural,3.0,Major Transformer 3x,157.6,157.6,-1,52.6,True,0.0,-96.08704033333332,31.83128633333333,-96.08704033333332,31.83128633333333
2023_all2030_dcfull_n1_ALL_2030,2023,all2030,full_tx,ALL_2030,all2030_dcfull_n1,transmission,upgrade_branch,transformer,AC,NORTH,8049-8043,8049,8043,253.7,761.1,507.4,55.0,ALL,18.0,500.0,500.0,T7_structural,3.0,Major Transformer 3x,151.1,151.1,-1,50.5,True,0.0,-96.08704033333332,31.83128633333333,-96.08704033333332,31.83128633333333
2023_all2030_dcfull_n1_ALL_2030,2023,all2030,full_tx,ALL_2030,all2030_dcfull_n1,transmission,upgrade_branch,transformer,AC,SOUTH,12622-12621,12622,12621,236.7,710.1,473.4,55.0,ALL,20.0,500.0,500.0,T7_structural,3.0,Major Transformer 3x,481.5,481.5,0,160.5,False,0.0,-97.2711,30.146700000000003,-97.2711,30.146700000000003
2023_all2030_dcfull_n1_ALL_2030,2023,all2030,full_tx,ALL_2030,all2030_dcfull_n1,transmission,upgrade_branch,transformer,AC,SOUTH,12623-12621,12623,12621,210.1,630.3,420.2,55.0,ALL,20.0,500.0,500.0,T7_structural,3.0,Major Transformer 3x,535.2,535.2,2,178.5,False,0.0,-97.2711,30.146700000000003,-97.2711,30.146700000000003
2023_all2030_dcfull_n1_ALL_2030,2023,all2030,full_tx,ALL_2030,all2030_dcfull_n1,transmission,upgrade_branch,transformer,AC,SOUTH,12624-12621,12624,12621,233.7,701.1,467.4,55.0,ALL,20.0,500.0,500.0,T7_structural,3.0,Major Transformer 3x,462.1,462.1,17,154.0,False,0.0,-97.2711,30.146700000000003,-97.2711,30.146700000000003
2023_all2030_dcfull_n1_ALL_2030,2023,all2030,full_tx,ALL_2030,all2030_dcfull_n1,transmission,upgrade_branch,transformer,AC,NORTH,12638-12637,12638,12637,594.8,1784.4,1189.6,55.0,ALL,20.0,500.0,500.0,T7_structural,3.0,Major Transformer 3x,380.9,380.9,3629,127.0,False,0.0,-98.7321385,33.1268065,-98.7321385,33.1268065
2023_all2030_dcfull_n1_ALL_2030,2023,all2030,full_tx,ALL_2030,all2030_dcfull_n1,transmission,upgrade_branch,transformer,AC,NORTH,12764-12763,12764,12763,288.6,865.8,577.2,55.0,ALL,20.0,500.0,500.0,T7_structural,3.0,Major Transformer 3x,78.4,277.2,4462,26.7,True,0.0,-96.38666966666666,32.061173333333336,-96.38666966666666,32.061173333333336
2023_all2030_dcfull_n1_ALL_2030,2023,all2030,full_tx,ALL_2030,all2030_dcfull_n1,transmission,upgrade_branch,line,AC,WEST,3078-1111,3078,1111,384.3,538.0,153.7,54.928,ALL,230.0,230.0,230.0,T4_light,1.4,Reconductor(ACSR->ACSS),49.6,107.6,824,65.3,True,31.3,-100.6728,32.5886,-101.014,32.239
2023_all2030_dcfull_n1_ALL_2030,2023,all2030,full_tx,ALL_2030,all2030_dcfull_n1,transmission,upgrade_branch,line,AC,NORTH,5197-5056,5197,5056,251.0,439.2,188.2,54.784,ALL,161.0,161.0,161.0,T5_moderate,1.75,HTLS Reconductor,67.3,111.1,1739,39.3,True,22.2,-98.3737215,33.2411135,-98.7321385,33.1268065
2023_all2030_dcfull_n1_ALL_2030,2023,all2030,full_tx,ALL_2030,all2030_dcfull_n1,transmission,upgrade_branch,line,AC,NORTH,5118-5456,5118,5456,251.0,439.2,188.2,53.937,ALL,161.0,161.0,161.0,T5_moderate,1.75,HTLS Reconductor,59.9,120.3,2551,58.8,True,21.8,-99.225355,32.359033,-98.98514,32.116953
2023_all2030_dcfull_n1_ALL_2030,2023,all2030,full_tx,ALL_2030,all2030_dcfull_n1,transmission,upgrade_branch,line,AC,NORTH,5359-5276,5359,5276,251.0,627.5,376.5,53.421,ALL,161.0,161.0,161.0,T7_structural,2.5,New Corridor/Aggressive Parallel,40.2,154.0,4713,62.0,True,7.1,-96.93121275,31.43308425,-96.84912,31.509216
2023_all2030_dcfull_n1_ALL_2030,2023,all2030,full_tx,ALL_2030,all2030_dcfull_n1,transmission,upgrade_branch,line,AC,NORTH,5154-5151,5154,5151,187.0,411.4,224.4,52.775,ALL,161.0,161.0,161.0,T6_heavy,2.2,New Parallel Circuit,59.7,138.1,1834,81.4,True,14.0,-97.343521,32.116002,-97.52976,31.988989
2023_all2030_dcfull_n1_ALL_2030,2023,all2030,full_tx,ALL_2030,all2030_dcfull_n1,transmission,upgrade_branch,line,AC,SOUTH,6255-6222,6255,6222,647.0,905.8,258.8,52.65,ALL,230.0,230.0,230.0,T4_light,1.4,Reconductor(ACSR->ACSS),77.0,109.9,2725,77.2,True,0.0,-97.77508287179488,30.30416587179487,-97.77508287179488,30.30416587179487
2023_all2030_dcfull_n1_ALL_2030,2023,all2030,full_tx,ALL_2030,all2030_dcfull_n1,transmission,upgrade_branch,line,AC,NORTH,5105-5253,5105,5253,235.0,517.0,282.0,52.515,ALL,161.0,161.0,161.0,T6_heavy,2.2,New Parallel Circuit,107.6,130.2,2076,71.6,True,13.9,-96.9700122,32.8603614,-97.092488,33.0338
2023_all2030_dcfull_n1_ALL_2030,2023,all2030,full_tx,ALL_2030,all2030_dcfull_n1,transmission,upgrade_branch,line,AC,SOUTH,6255-6277,6255,6277,507.5,710.5,203.0,52.148,ALL,230.0,230.0,230.0,T4_light,1.4,Reconductor(ACSR->ACSS),70.2,104.2,2725,74.7,True,29.7,-97.77508287179488,30.30416587179487,-97.807,29.875
2023_all2030_dcfull_n1_ALL_2030,2023,all2030,full_tx,ALL_2030,all2030_dcfull_n1,transmission,upgrade_branch,line,AC,NORTH,2126-13390,2126,13390,245.9,614.8,368.9,51.367,ALL,161.0,161.0,161.0,T7_structural,2.5,New Corridor/Aggressive Parallel,154.2,201.1,517,99.3,True,6.9,-97.128552,33.458028,-97.234707,33.503328
2023_all2030_dcfull_n1_ALL_2030,2023,all2030,full_tx,ALL_2030,all2030_dcfull_n1,transmission,upgrade_branch,line,AC,NORTH,8053-8065,8053,8065,149.0,327.8,178.8,51.268,ALL,115.0,115.0,115.0,T6_heavy,2.2,New Parallel Circuit,101.1,127.9,1746,65.8,True,17.1,-95.8568275,32.169178,-96.1482745,32.142643
2023_all2030_dcfull_n1_ALL_2030,2023,all2030,full_tx,ALL_2030,all2030_dcfull_n1,transmission,upgrade_branch,line,AC,NORTH,5034-5313,5034,5313,227.6,500.7,273.1,49.878,ALL,161.0,161.0,161.0,T6_heavy,2.2,New Parallel Circuit,113.3,143.7,1683,118.7,False,13.2,-96.80082027272728,32.808276409090915,-96.695516,32.63852
2023_all2030_dcfull_n1_ALL_2030,2023,all2030,full_tx,ALL_2030,all2030_dcfull_n1,transmission,upgrade_branch,line,AC,WEST,2097-12752,2097,12752,480.0,672.0,192.0,49.656,ALL,230.0,230.0,230.0,T4_light,1.4,Reconductor(ACSR->ACSS),61.7,101.5,620,73.6,True,28.3,-101.482424,33.686171,-101.65722,33.303497
2023_all2030_dcfull_n1_ALL_2030,2023,all2030,full_tx,ALL_2030,all2030_dcfull_n1,transmission,upgrade_branch,line,AC,WEST,2097-12752,2097,12752,480.0,672.0,192.0,49.656,ALL,230.0,230.0,230.0,T4_light,1.4,Reconductor(ACSR->ACSS),61.7,101.5,619,73.6,True,28.3,-101.482424,33.686171,-101.65722,33.303497
2023_all2030_dcfull_n1_ALL_2030,2023,all2030,full_tx,ALL_2030,all2030_dcfull_n1,transmission,upgrade_branch,line,AC,SOUTH,6095-6353,6095,6353,128.1,320.2,192.2,49.407,ALL,115.0,115.0,115.0,T7_structural,2.5,New Corridor/Aggressive Parallel,99.8,158.3,2847,98.3,True,8.0,-97.546124,30.560042,-97.677175,30.5341255
2023_all2030_dcfull_n1_ALL_2030,2023,all2030,full_tx,ALL_2030,all2030_dcfull_n1,transmission,upgrade_branch,line,AC,NORTH,5219-5371,5219,5371,187.0,467.5,280.5,49.272,ALL,161.0,161.0,161.0,T7_structural,2.5,New Corridor/Aggressive Parallel,60.2,169.4,1927,67.7,True,6.6,-96.428985,32.533273,-96.539931,32.552083
2023_all2030_dcfull_n1_ALL_2030,2023,all2030,full_tx,ALL_2030,all2030_dcfull_n1,transmission,upgrade_branch,line,AC,SOUTH,6284-13126,6284,13126,139.1,306.0,166.9,48.649,ALL,115.0,115.0,115.0,T6_heavy,2.2,New Parallel Circuit,96.5,127.4,2995,70.4,True,16.3,-98.5093816037736,29.474642000000003,-98.35335,29.282378
2023_all2030_dcfull_n1_ALL_2030,2023,all2030,full_tx,ALL_2030,all2030_dcfull_n1,transmission,upgrade_branch,line,AC,WEST,1112-1120,1112,1120,130.4,286.9,156.5,48.456,ALL,115.0,115.0,115.0,T6_heavy,2.2,New Parallel Circuit,83.5,126.6,199,86.9,True,16.2,-101.014,32.239,-101.28,32.173
2023_all2030_dcfull_n1_ALL_2030,2023,all2030,full_tx,ALL_2030,all2030_dcfull_n1,transmission,upgrade_branch,line,AC,HOUSTON,7182-7237,7182,7237,150.0,330.0,180.0,48.346,ALL,115.0,115.0,115.0,T6_heavy,2.2,New Parallel Circuit,80.8,136.0,3599,81.3,True,16.2,-96.012215,29.792687,-95.98036,29.560311
2023_all2030_dcfull_n1_ALL_2030,2023,all2030,full_tx,ALL_2030,all2030_dcfull_n1,transmission,upgrade_branch,line,AC,NORTH,5085-5194,5085,5194,211.2,464.6,253.4,47.702,ALL,161.0,161.0,161.0,T6_heavy,2.2,New Parallel Circuit,81.3,128.3,1816,65.6,True,12.7,-96.80082027272728,32.808276409090915,-96.914175,32.651936
2023_all2030_dcfull_n1_ALL_2030,2023,all2030,full_tx,ALL_2030,all2030_dcfull_n1,transmission,upgrade_branch,line,AC,NORTH,5085-5353,5085,5353,191.3,420.9,229.6,47.702,ALL,161.0,161.0,161.0,T6_heavy,2.2,New Parallel Circuit,103.9,139.2,1815,95.3,True,12.7,-96.80082027272728,32.808276409090915,-96.914175,32.651936
2023_all2030_dcfull_n1_ALL_2030,2023,all2030,full_tx,ALL_2030,all2030_dcfull_n1,transmission,upgrade_branch,line,AC,HOUSTON,7237-7088,7237,7088,200.0,440.0,240.0,47.442,ALL,115.0,115.0,115.0,T6_heavy,2.2,New Parallel Circuit,100.0,131.1,3886,74.5,True,15.9,-95.98036,29.560311,-95.733244,29.47971475
2023_all2030_dcfull_n1_ALL_2030,2023,all2030,full_tx,ALL_2030,all2030_dcfull_n1,transmission,upgrade_branch,line,AC,NORTH,5314-5127,5314,5127,187.0,327.2,140.2,46.995,ALL,161.0,161.0,161.0,T5_moderate,1.75,HTLS Reconductor,54.4,115.2,1564,34.5,True,19.0,-97.506079,31.662159,-97.804426,31.769003
2023_all2030_dcfull_n1_ALL_2030,2023,all2030,full_tx,ALL_2030,all2030_dcfull_n1,transmission,upgrade_branch,line,AC,NORTH,5407-5151,5407,5151,187.0,411.4,224.4,46.55,ALL,161.0,161.0,161.0,T6_heavy,2.2,New Parallel Circuit,65.4,144.8,2137,70.4,True,12.3,-97.46203133333334,31.819786000000004,-97.52976,31.988989
2023_all2030_dcfull_n1_ALL_2030,2023,all2030,full_tx,ALL_2030,all2030_dcfull_n1,transmission,upgrade_branch,line,AC,WEST,3121-3145,3121,3145,149.0,260.8,111.8,46.408,ALL,115.0,115.0,115.0,T5_moderate,1.75,HTLS Reconductor,105.0,117.2,724,65.4,True,23.8,-100.56760671428572,32.36118885714286,-100.2242635,32.5474795
2023_all2030_dcfull_n1_ALL_2030,2023,all2030,full_tx,ALL_2030,all2030_dcfull_n1,transmission,upgrade_branch,line,AC,WEST,1046-12819,1046,12819,142.8,199.9,57.1,45.938,ALL,115.0,115.0,115.0,T4_light,1.4,Reconductor(ACSR->ACSS),52.5,100.0,4761,71.1,True,41.6,-101.2971195,30.742809,-101.9839414,30.8611026
2023_all2030_dcfull_n1_ALL_2030,2023,all2030,full_tx,ALL_2030,all2030_dcfull_n1,transmission,upgrade_branch,line,AC,WEST,3069-3091,3069,3091,165.8,290.2,124.4,45.909,ALL,115.0,115.0,115.0,T5_moderate,1.75,HTLS Reconductor,84.4,115.5,946,51.7,True,23.5,-99.753027,32.120249,-99.70613471428572,32.45867642857143
2023_all2030_dcfull_n1_ALL_2030,2023,all2030,full_tx,ALL_2030,all2030_dcfull_n1,transmission,upgrade_branch,line,AC,NORTH,5188-5253,5188,5253,187.0,411.4,224.4,44.855,ALL,161.0,161.0,161.0,T6_heavy,2.2,New Parallel Circuit,81.3,125.0,1898,76.0,True,11.9,-96.88981733333333,33.00596633333333,-97.092488,33.0338
2023_all2030_dcfull_n1_ALL_2030,2023,all2030,full_tx,ALL_2030,all2030_dcfull_n1,transmission,upgrade_branch,line,AC,WEST,3066-12910,3066,12910,143.5,251.1,107.6,44.194,ALL,115.0,115.0,115.0,T5_moderate,1.75,HTLS Reconductor,89.8,121.7,5002,71.5,True,22.7,-99.529678,31.25981966666667,-99.849793,31.4410845
2023_all2030_dcfull_n1_ALL_2030,2023,all2030,full_tx,ALL_2030,all2030_dcfull_n1,transmission,upgrade_branch,line,AC,NORTH,5096-5412,5096,5412,291.0,640.2,349.2,43.736,ALL,161.0,161.0,161.0,T6_heavy,2.2,New Parallel Circuit,38.6,130.3,2361,73.2,True,11.6,-96.73076228571428,33.04730142857143,-96.534936,33.012135
2023_all2030_dcfull_n1_ALL_2030,2023,all2030,full_tx,ALL_2030,all2030_dcfull_n1,transmission,upgrade_branch,line,AC,HOUSTON,7049-7229,7049,7229,171.0,299.2,128.2,43.67,ALL,115.0,115.0,115.0,T5_moderate,1.75,HTLS Reconductor,60.2,114.2,3431,45.1,True,22.4,-95.7842315,29.79427175,-95.41128715217393,29.77727818478261
2023_all2030_dcfull_n1_ALL_2030,2023,all2030,full_tx,ALL_2030,all2030_dcfull_n1,transmission,upgrade_branch,line,AC,WEST,3013-3031,3013,3031,141.2,310.6,169.4,43.498,ALL,115.0,115.0,115.0,T6_heavy,2.2,New Parallel Circuit,102.0,136.2,718,67.9,True,14.5,-99.70613471428572,32.45867642857143,-99.826041,32.274081
2023_all2030_dcfull_n1_ALL_2030,2023,all2030,full_tx,ALL_2030,all2030_dcfull_n1,transmission,upgrade_branch,line,AC,NORTH,8151-8090,8151,8090,98.0,215.6,117.6,43.008,ALL,115.0,115.0,115.0,T6_heavy,2.2,New Parallel Circuit,63.9,149.3,4353,95.9,True,14.4,-95.481652,31.417425,-95.58334,31.606693
2023_all2030_dcfull_n1_ALL_2030,2023,all2030,full_tx,ALL_2030,all2030_dcfull_n1,transmission,upgrade_branch,line,AC,NORTH,5290-5345,5290,5345,295.0,516.2,221.2,42.71,ALL,161.0,161.0,161.0,T5_moderate,1.75,HTLS Reconductor,90.0,111.5,1917,59.9,True,17.3,-97.3667,31.8694,-97.133361,32.022461
2023_all2030_dcfull_n1_ALL_2030,2023,all2030,full_tx,ALL_2030,all2030_dcfull_n1,transmission,upgrade_branch,line,AC,NORTH,5427-5333,5427,5333,310.0,682.0,372.0,41.528,ALL,161.0,161.0,161.0,T6_heavy,2.2,New Parallel Circuit,101.9,142.9,2409,71.5,True,11.0,-96.8502335,32.366515,-96.807315,32.521773
2023_all2030_dcfull_n1_ALL_2030,2023,all2030,full_tx,ALL_2030,all2030_dcfull_n1,transmission,upgrade_branch,line,AC,NORTH,5427-5333,5427,5333,310.0,682.0,372.0,41.528,ALL,161.0,161.0,161.0,T6_heavy,2.2,New Parallel Circuit,101.9,142.9,2408,71.5,True,11.0,-96.8502335,32.366515,-96.807315,32.521773
2023_all2030_dcfull_n1_ALL_2030,2023,all2030,full_tx,ALL_2030,all2030_dcfull_n1,transmission,upgrade_branch,line,AC,WEST,3123-3073,3123,3073,250.0,350.0,100.0,41.45,ALL,115.0,115.0,115.0,T4_light,1.4,Reconductor(ACSR->ACSS),54.3,105.7,1000,71.7,True,37.5,-99.79466125,29.20340125,-100.40075675,29.326592
2023_all2030_dcfull_n1_ALL_2030,2023,all2030,full_tx,ALL_2030,all2030_dcfull_n1,transmission,upgrade_branch,line,AC,SOUTH,6183-6206,6183,6206,98.0,215.6,117.6,41.405,ALL,115.0,115.0,115.0,T6_heavy,2.2,New Parallel Circuit,110.4,146.6,2819,69.2,True,13.8,-96.923038,30.167624,-96.840158,30.354823
2023_all2030_dcfull_n1_ALL_2030,2023,all2030,full_tx,ALL_2030,all2030_dcfull_n1,transmission,upgrade_branch,line,AC,NORTH,5003-5181,5003,5181,218.0,305.2,87.2,40.95,ALL,161.0,161.0,161.0,T4_light,1.4,Reconductor(ACSR->ACSS),83.6,104.4,1560,67.8,True,0.0,-96.6344372,32.9086048,-96.6344372,32.9086048
2023_all2030_dcfull_n1_ALL_2030,2023,all2030,full_tx,ALL_2030,all2030_dcfull_n1,transmission,upgrade_branch,line,AC,NORTH,5012-5165,5012,5165,204.9,286.9,82.0,40.95,ALL,161.0,161.0,161.0,T4_light,1.4,Reconductor(ACSR->ACSS),12.6,104.9,2072,75.3,True,0.0,-97.13581333333332,33.210620166666665,-97.13581333333332,33.210620166666665
2023_all2030_dcfull_n1_ALL_2030,2023,all2030,full_tx,ALL_2030,all2030_dcfull_n1,transmission,upgrade_branch,line,AC,NORTH,5177-5287,5177,5287,360.0,504.0,144.0,40.95,ALL,161.0,161.0,161.0,T4_light,1.4,Reconductor(ACSR->ACSS),52.0,102.6,2544,65.2,True,0.0,-97.12502636363637,32.69967490909091,-97.12502636363637,32.69967490909091
2023_all2030_dcfull_n1_ALL_2030,2023,all2030,full_tx,ALL_2030,all2030_dcfull_n1,transmission,upgrade_branch,line,AC,NORTH,5183-5224,5183,5224,251.0,351.4,100.4,40.95,ALL,161.0,161.0,161.0,T4_light,1.4,Reconductor(ACSR->ACSS),33.6,102.6,1999,73.3,True,0.0,-96.88981733333333,33.00596633333333,-96.88981733333333,33.00596633333333
2023_all2030_dcfull_n1_ALL_2030,2023,all2030,full_tx,ALL_2030,all2030_dcfull_n1,transmission,upgrade_branch,line,AC,NORTH,5387-5184,5387,5184,251.0,351.4,100.4,40.95,ALL,161.0,161.0,161.0,T4_light,1.4,Reconductor(ACSR->ACSS),24.0,109.3,2465,78.0,True,0.0,-97.34008506896552,32.753233586206896,-97.34008506896552,32.753233586206896
2023_all2030_dcfull_n1_ALL_2030,2023,all2030,full_tx,ALL_2030,all2030_dcfull_n1,transmission,upgrade_branch,line,AC,NORTH,5216-5443,5216,5443,218.0,305.2,87.2,40.95,ALL,161.0,161.0,161.0,T4_light,1.4,Reconductor(ACSR->ACSS),64.2,100.7,2192,78.2,True,0.0,-97.34008506896552,32.753233586206896,-97.34008506896552,32.753233586206896
2023_all2030_dcfull_n1_ALL_2030,2023,all2030,full_tx,ALL_2030,all2030_dcfull_n1,transmission,upgrade_branch,line,AC,NORTH,5291-5292,5291,5292,409.0,572.6,163.6,40.95,ALL,161.0,161.0,161.0,T4_light,1.4,Reconductor(ACSR->ACSS),76.1,104.6,2347,84.2,True,0.0,-97.34008506896552,32.753233586206896,-97.34008506896552,32.753233586206896
2023_all2030_dcfull_n1_ALL_2030,2023,all2030,full_tx,ALL_2030,all2030_dcfull_n1,transmission,upgrade_branch,line,AC,NORTH,5429-5291,5429,5291,187.0,261.8,74.8,40.95,ALL,161.0,161.0,161.0,T4_light,1.4,Reconductor(ACSR->ACSS),70.7,100.5,2348,74.2,True,0.0,-97.34008506896552,32.753233586206896,-97.34008506896552,32.753233586206896
2023_all2030_dcfull_n1_ALL_2030,2023,all2030,full_tx,ALL_2030,all2030_dcfull_n1,transmission,upgrade_branch,line,AC,NORTH,5429-5332,5429,5332,187.0,261.8,74.8,40.95,ALL,161.0,161.0,161.0,T4_light,1.4,Reconductor(ACSR->ACSS),75.0,104.0,2349,71.1,True,0.0,-97.34008506896552,32.753233586206896,-97.34008506896552,32.753233586206896
2023_all2030_dcfull_n1_ALL_2030,2023,all2030,full_tx,ALL_2030,all2030_dcfull_n1,transmission,upgrade_branch,line,AC,NORTH,5291-5312,5291,5312,375.8,657.6,281.8,40.428,ALL,161.0,161.0,161.0,T5_moderate,1.75,HTLS Reconductor,81.2,110.9,2346,63.9,True,16.4,-97.34008506896552,32.753233586206896,-97.561179,32.900196
2023_all2030_dcfull_n1_ALL_2030,2023,all2030,full_tx,ALL_2030,all2030_dcfull_n1,transmission,upgrade_branch,line,AC,SOUTH,4187-4022,4187,4022,214.0,374.5,160.5,40.376,ALL,115.0,115.0,115.0,T5_moderate,1.75,HTLS Reconductor,91.7,123.5,1548,69.1,True,20.7,-99.214344,28.293173,-99.399193,28.041684
2023_all2030_dcfull_n1_ALL_2030,2023,all2030,full_tx,ALL_2030,all2030_dcfull_n1,transmission,upgrade_branch,line,AC,NORTH,5274-5109,5274,5109,251.0,627.5,376.5,40.25,ALL,161.0,161.0,161.0,T7_structural,2.5,New Corridor/Aggressive Parallel,199.4,221.3,2052,118.0,False,5.4,-96.674333,32.605192,-96.7651095,32.5902035
2023_all2030_dcfull_n1_ALL_2030,2023,all2030,full_tx,ALL_2030,all2030_dcfull_n1,transmission,upgrade_branch,line,AC,NORTH,5148-5457,5148,5457,187.0,411.4,224.4,40.14,ALL,161.0,161.0,161.0,T6_heavy,2.2,New Parallel Circuit,107.5,126.7,1898,76.7,True,10.6,-96.9700122,32.8603614,-97.149641,32.891787
2023_all2030_dcfull_n1_ALL_2030,2023,all2030,full_tx,ALL_2030,all2030_dcfull_n1,transmission,upgrade_branch,transformer,AC,NORTH,5034-5033,5034,5033,1209.0,2418.0,1209.0,40.0,ALL,161.0,500.0,500.0,T6_heavy,2.0,Parallel Transformer 2x,120.4,134.8,2544,79.8,True,0.0,-96.80082027272728,32.808276409090915,-96.80082027272728,32.808276409090915
2023_all2030_dcfull_n1_ALL_2030,2023,all2030,full_tx,ALL_2030,all2030_dcfull_n1,transmission,upgrade_branch,transformer,AC,NORTH,5449-5448,5449,5448,1267.0,2534.0,1267.0,40.0,ALL,161.0,500.0,500.0,T6_heavy,2.0,Parallel Transformer 2x,121.6,131.5,1677,77.7,True,0.0,-97.010181,32.723688,-97.010181,32.723688
2023_all2030_dcfull_n1_ALL_2030,2023,all2030,full_tx,ALL_2030,all2030_dcfull_n1,transmission,upgrade_branch,transformer,AC,SOUTH,6293-6292,6293,6292,1210.0,2420.0,1210.0,40.0,ALL,230.0,500.0,500.0,T6_heavy,2.0,Parallel Transformer 2x,70.6,140.9,3185,81.3,True,0.0,-97.522552,30.119949,-97.522552,30.119949
2023_all2030_dcfull_n1_ALL_2030,2023,all2030,full_tx,ALL_2030,all2030_dcfull_n1,transmission,upgrade_branch,transformer,AC,NORTH,8048-8043,8048,8043,225.5,451.0,225.5,40.0,ALL,18.0,500.0,500.0,T6_heavy,2.0,Parallel Transformer 2x,149.8,149.8,3629,74.9,True,0.0,-96.08704033333332,31.83128633333333,-96.08704033333332,31.83128633333333
2023_all2030_dcfull_n1_ALL_2030,2023,all2030,full_tx,ALL_2030,all2030_dcfull_n1,transmission,upgrade_branch,transformer,AC,SOUTH,12620-12621,12620,12621,732.0,1464.0,732.0,40.0,ALL,115.0,500.0,500.0,T6_heavy,2.0,Parallel Transformer 2x,86.3,126.9,2877,68.6,True,0.0,-97.2711,30.146700000000003,-97.2711,30.146700000000003
2023_all2030_dcfull_n1_ALL_2030,2023,all2030,full_tx,ALL_2030,all2030_dcfull_n1,transmission,upgrade_branch,transformer,AC,NORTH,12636-12637,12636,12637,600.0,1200.0,600.0,40.0,ALL,161.0,500.0,500.0,T6_heavy,2.0,Parallel Transformer 2x,51.5,136.5,1742,92.0,True,0.0,-98.7321385,33.1268065,-98.7321385,33.1268065
2023_all2030_dcfull_n1_ALL_2030,2023,all2030,full_tx,ALL_2030,all2030_dcfull_n1,transmission,upgrade_branch,line,AC,NORTH,5109-5333,5109,5333,251.0,627.5,376.5,39.833,ALL,161.0,161.0,161.0,T7_structural,2.5,New Corridor/Aggressive Parallel,32.8,166.5,1908,66.6,True,5.3,-96.7651095,32.5902035,-96.807315,32.521773
2023_all2030_dcfull_n1_ALL_2030,2023,all2030,full_tx,ALL_2030,all2030_dcfull_n1,transmission,upgrade_branch,line,AC,SOUTH,6034-6255,6034,6255,443.0,775.2,332.2,39.462,ALL,230.0,230.0,230.0,T5_moderate,1.75,HTLS Reconductor,78.6,115.4,2725,62.0,True,14.1,-97.57405,30.41217,-97.77508287179488,30.30416587179487
2023_all2030_dcfull_n1_ALL_2030,2023,all2030,full_tx,ALL_2030,all2030_dcfull_n1,transmission,upgrade_branch,line,AC,NORTH,2048-13085,2048,13085,307.6,769.0,461.4,39.097,ALL,161.0,161.0,161.0,T7_structural,2.5,New Corridor/Aggressive Parallel,115.4,227.8,434,88.3,True,5.2,-100.967402,33.752201,-100.883227,33.781077
2023_all2030_dcfull_n1_ALL_2030,2023,all2030,full_tx,ALL_2030,all2030_dcfull_n1,transmission,upgrade_branch,line,AC,NORTH,5169-5264,5169,5264,234.7,516.3,281.6,38.982,ALL,161.0,161.0,161.0,T6_heavy,2.2,New Parallel Circuit,14.4,129.3,2087,64.9,True,10.3,-98.4123355,32.20698,-98.552257,32.298594
2023_all2030_dcfull_n1_ALL_2030,2023,all2030,full_tx,ALL_2030,all2030_dcfull_n1,transmission,upgrade_branch,line,AC,SOUTH,4031-4147,4031,4147,247.0,345.8,98.8,38.93,ALL,115.0,115.0,115.0,T4_light,1.4,Reconductor(ACSR->ACSS),58.5,101.2,1179,73.2,True,35.2,-99.359609,27.0792565,-99.3906115,27.588413625
2023_all2030_dcfull_n1_ALL_2030,2023,all2030,full_tx,ALL_2030,all2030_dcfull_n1,transmission,upgrade_branch,line,AC,SOUTH,4031-4147,4031,4147,270.0,378.0,108.0,38.93,ALL,115.0,115.0,115.0,T4_light,1.4,Reconductor(ACSR->ACSS),67.0,101.1,1178,73.1,True,35.2,-99.359609,27.0792565,-99.3906115,27.588413625
2023_all2030_dcfull_n1_ALL_2030,2023,all2030,full_tx,ALL_2030,all2030_dcfull_n1,transmission,upgrade_branch,line,AC,NORTH,5097-5028,5097,5028,310.0,542.5,232.5,38.81,ALL,161.0,161.0,161.0,T5_moderate,1.75,HTLS Reconductor,70.4,118.0,1658,70.7,True,15.7,-97.0886755,32.837196,-97.34008506896552,32.753233586206896
2023_all2030_dcfull_n1_ALL_2030,2023,all2030,full_tx,ALL_2030,all2030_dcfull_n1,transmission,upgrade_branch,line,AC,NORTH,5097-5028,5097,5028,310.0,542.5,232.5,38.81,ALL,161.0,161.0,161.0,T5_moderate,1.75,HTLS Reconductor,70.4,118.0,1657,70.7,True,15.7,-97.0886755,32.837196,-97.34008506896552,32.753233586206896
2023_all2030_dcfull_n1_ALL_2030,2023,all2030,full_tx,ALL_2030,all2030_dcfull_n1,transmission,upgrade_branch,line,AC,NORTH,5071-5359,5071,5359,310.0,542.5,232.5,37.881,ALL,161.0,161.0,161.0,T5_moderate,1.75,HTLS Reconductor,53.2,113.0,1996,60.7,True,15.3,-97.145583,31.5590085,-96.93121275,31.43308425
2023_all2030_dcfull_n1_ALL_2030,2023,all2030,full_tx,ALL_2030,all2030_dcfull_n1,transmission,upgrade_branch,line,AC,NORTH,8148-5059,8148,5059,310.0,542.5,232.5,37.496,ALL,161.0,161.0,161.0,T5_moderate,1.75,HTLS Reconductor,75.8,114.2,1748,67.7,True,15.2,-96.1482745,32.142643,-96.092445,32.357217500000004
2023_all2030_dcfull_n1_ALL_2030,2023,all2030,full_tx,ALL_2030,all2030_dcfull_n1,transmission,upgrade_branch,line,AC,NORTH,2041-2058,2041,2058,187.0,327.2,140.2,37.491,ALL,161.0,161.0,161.0,T5_moderate,1.75,HTLS Reconductor,47.8,120.9,562,68.7,True,15.2,-101.35485071428572,35.27871242857143,-101.2439,35.4789
2023_all2030_dcfull_n1_ALL_2030,2023,all2030,full_tx,ALL_2030,all2030_dcfull_n1,transmission,upgrade_branch,line,AC,NORTH,8109-8040,8109,8040,138.0,303.6,165.6,37.335,ALL,115.0,115.0,115.0,T6_heavy,2.2,New Parallel Circuit,71.0,125.2,4466,56.9,True,12.5,-95.8568275,32.169178,-95.643712,32.158557
2023_all2030_dcfull_n1_ALL_2030,2023,all2030,full_tx,ALL_2030,all2030_dcfull_n1,transmission,upgrade_branch,line,AC,WEST,3006-3100,3006,3100,112.8,197.4,84.6,36.782,ALL,115.0,115.0,115.0,T5_moderate,1.75,HTLS Reconductor,49.6,120.4,695,68.0,True,18.9,-100.0652435,32.819086,-99.830642,32.630473
2023_all2030_dcfull_n1_ALL_2030,2023,all2030,full_tx,ALL_2030,all2030_dcfull_n1,transmission,upgrade_branch,line,AC,NORTH,5097-5125,5097,5125,205.3,451.7,246.4,36.696,ALL,161.0,161.0,161.0,T6_heavy,2.2,New Parallel Circuit,89.6,126.2,1862,81.1,True,9.7,-97.0886755,32.837196,-97.12502636363637,32.69967490909091
2023_all2030_dcfull_n1_ALL_2030,2023,all2030,full_tx,ALL_2030,all2030_dcfull_n1,transmission,upgrade_branch,line,AC,NORTH,2126-2065,2126,2065,251.0,439.2,188.2,35.398,ALL,161.0,161.0,161.0,T5_moderate,1.75,HTLS Reconductor,62.7,111.1,662,63.7,True,14.3,-97.128552,33.458028,-97.17635,33.661583
2023_all2030_dcfull_n1_ALL_2030,2023,all2030,full_tx,ALL_2030,all2030_dcfull_n1,transmission,upgrade_branch,line,AC,NORTH,5157-5194,5157,5194,187.0,467.5,280.5,34.791,ALL,161.0,161.0,161.0,T7_structural,2.5,New Corridor/Aggressive Parallel,107.3,155.5,2054,81.9,True,4.7,-96.864075,32.599427,-96.914175,32.651936
2023_all2030_dcfull_n1_ALL_2030,2023,all2030,full_tx,ALL_2030,all2030_dcfull_n1,transmission,upgrade_branch,line,AC,NORTH,5022-5441,5022,5441,550.0,962.5,412.5,34.29,ALL,161.0,161.0,161.0,T5_moderate,1.75,HTLS Reconductor,87.9,111.8,1639,71.7,True,13.9,-97.572841,32.708154,-97.34008506896552,32.753233586206896
2023_all2030_dcfull_n1_ALL_2030,2023,all2030,full_tx,ALL_2030,all2030_dcfull_n1,transmission,upgrade_branch,line,AC,NORTH,5022-5441,5022,5441,550.0,962.5,412.5,34.29,ALL,161.0,161.0,161.0,T5_moderate,1.75,HTLS Reconductor,87.9,111.8,1638,71.7,True,13.9,-97.572841,32.708154,-97.34008506896552,32.753233586206896
2023_all2030_dcfull_n1_ALL_2030,2023,all2030,full_tx,ALL_2030,all2030_dcfull_n1,transmission,upgrade_branch,line,AC,NORTH,5244-5306,5244,5306,283.0,495.2,212.2,34.29,ALL,161.0,161.0,161.0,T5_moderate,1.75,HTLS Reconductor,94.6,111.4,1633,71.7,True,13.9,-97.34008506896552,32.753233586206896,-97.572841,32.708154
2023_all2030_dcfull_n1_ALL_2030,2023,all2030,full_tx,ALL_2030,all2030_dcfull_n1,transmission,upgrade_branch,line,AC,NORTH,8025-8121,8025,8121,98.0,137.2,39.2,34.184,ALL,115.0,115.0,115.0,T4_light,1.4,Reconductor(ACSR->ACSS),55.9,102.3,4353,60.2,True,30.9,-95.64904,31.9046145,-95.123407,31.9424935
2023_all2030_dcfull_n1_ALL_2030,2023,all2030,full_tx,ALL_2030,all2030_dcfull_n1,transmission,upgrade_branch,line,AC,NORTH,5013-5101,5013,5101,187.0,411.4,224.4,33.964,ALL,161.0,161.0,161.0,T6_heavy,2.2,New Parallel Circuit,58.2,131.4,1697,59.3,True,9.0,-98.805134,31.842565,-98.6525545,31.8568005
2023_all2030_dcfull_n1_ALL_2030,2023,all2030,full_tx,ALL_2030,all2030_dcfull_n1,transmission,upgrade_branch,line,AC,SOUTH,6012-6005,6012,6005,221.0,486.2,265.2,33.784,ALL,115.0,115.0,115.0,T6_heavy,2.2,New Parallel Circuit,90.7,142.6,2588,83.5,True,11.3,-97.218899,30.303885,-97.2711,30.146700000000003
2023_all2030_dcfull_n1_ALL_2030,2023,all2030,full_tx,ALL_2030,all2030_dcfull_n1,transmission,upgrade_branch,line,AC,SOUTH,6012-6005,6012,6005,221.0,486.2,265.2,33.784,ALL,115.0,115.0,115.0,T6_heavy,2.2,New Parallel Circuit,90.7,142.6,2587,83.5,True,11.3,-97.218899,30.303885,-97.2711,30.146700000000003
2023_all2030_dcfull_n1_ALL_2030,2023,all2030,full_tx,ALL_2030,all2030_dcfull_n1,transmission,upgrade_branch,line,AC,SOUTH,4038-4169,4038,4169,218.0,381.5,163.5,33.635,ALL,115.0,115.0,115.0,T5_moderate,1.75,HTLS Reconductor,72.0,119.9,1216,67.9,True,17.2,-97.8000875,28.41935,-97.817507,28.170179
2023_all2030_dcfull_n1_ALL_2030,2023,all2030,full_tx,ALL_2030,all2030_dcfull_n1,transmission,upgrade_branch,line,AC,SOUTH,4038-4169,4038,4169,218.0,381.5,163.5,33.635,ALL,115.0,115.0,115.0,T5_moderate,1.75,HTLS Reconductor,72.0,119.9,1215,67.9,True,17.2,-97.8000875,28.41935,-97.817507,28.170179
2023_all2030_dcfull_n1_ALL_2030,2023,all2030,full_tx,ALL_2030,all2030_dcfull_n1,transmission,upgrade_branch,line,AC,NORTH,5449-5108,5449,5108,310.0,542.5,232.5,33.333,ALL,161.0,161.0,161.0,T5_moderate,1.75,HTLS Reconductor,86.2,117.8,1906,87.4,True,13.5,-97.010181,32.723688,-96.80082027272728,32.808276409090915
2023_all2030_dcfull_n1_ALL_2030,2023,all2030,full_tx,ALL_2030,all2030_dcfull_n1,transmission,upgrade_branch,line,AC,NORTH,5449-5108,5449,5108,310.0,542.5,232.5,33.333,ALL,161.0,161.0,161.0,T5_moderate,1.75,HTLS Reconductor,86.2,117.8,1905,87.4,True,13.5,-97.010181,32.723688,-96.80082027272728,32.808276409090915
2023_all2030_dcfull_n1_ALL_2030,2023,all2030,full_tx,ALL_2030,all2030_dcfull_n1,transmission,upgrade_branch,line,AC,NORTH,5449-5108,5449,5108,310.0,542.5,232.5,33.333,ALL,161.0,161.0,161.0,T5_moderate,1.75,HTLS Reconductor,86.2,117.8,1905,87.4,True,13.5,-97.010181,32.723688,-96.80082027272728,32.808276409090915
2023_all2030_dcfull_n1_ALL_2030,2023,all2030,full_tx,ALL_2030,all2030_dcfull_n1,transmission,upgrade_branch,line,AC,SOUTH,6027-6012,6027,6012,221.0,486.2,265.2,33.327,ALL,115.0,115.0,115.0,T6_heavy,2.2,New Parallel Circuit,84.7,139.4,2598,82.3,True,11.1,-97.35518,30.41432,-97.218899,30.303885
2023_all2030_dcfull_n1_ALL_2030,2023,all2030,full_tx,ALL_2030,all2030_dcfull_n1,transmission,upgrade_branch,line,AC,SOUTH,6027-6012,6027,6012,221.0,486.2,265.2,33.327,ALL,115.0,115.0,115.0,T6_heavy,2.2,New Parallel Circuit,84.7,139.4,2597,82.3,True,11.1,-97.35518,30.41432,-97.218899,30.303885
2023_all2030_dcfull_n1_ALL_2030,2023,all2030,full_tx,ALL_2030,all2030_dcfull_n1,transmission,upgrade_branch,line,AC,WEST,3015-3129,3015,3129,118.8,166.3,47.5,33.15,ALL,115.0,115.0,115.0,T4_light,1.4,Reconductor(ACSR->ACSS),76.8,108.1,725,84.2,True,0.0,-100.56760671428572,32.36118885714286,-100.56760671428572,32.36118885714286
2023_all2030_dcfull_n1_ALL_2030,2023,all2030,full_tx,ALL_2030,all2030_dcfull_n1,transmission,upgrade_branch,line,AC,SOUTH,4033-13228,4033,13228,172.0,240.8,68.8,33.15,ALL,115.0,115.0,115.0,T4_light,1.4,Reconductor(ACSR->ACSS),49.5,106.3,1189,72.4,True,0.0,-99.3906115,27.588413625,-99.3906115,27.588413625
2023_all2030_dcfull_n1_ALL_2030,2023,all2030,full_tx,ALL_2030,all2030_dcfull_n1,transmission,upgrade_branch,line,AC,SOUTH,4101-13228,4101,13228,132.0,184.8,52.8,33.15,ALL,115.0,115.0,115.0,T4_light,1.4,Reconductor(ACSR->ACSS),53.8,104.6,1195,67.6,True,0.0,-99.3906115,27.588413625,-99.3906115,27.588413625
2023_all2030_dcfull_n1_ALL_2030,2023,all2030,full_tx,ALL_2030,all2030_dcfull_n1,transmission,upgrade_branch,line,AC,SOUTH,6094-6037,6094,6037,251.0,351.4,100.4,33.15,ALL,115.0,115.0,115.0,T4_light,1.4,Reconductor(ACSR->ACSS),64.0,106.2,2718,74.4,True,0.0,-98.5093816037736,29.474642000000003,-98.5093816037736,29.474642000000003
2023_all2030_dcfull_n1_ALL_2030,2023,all2030,full_tx,ALL_2030,all2030_dcfull_n1,transmission,upgrade_branch,line,AC,SOUTH,6094-6037,6094,6037,251.0,351.4,100.4,33.15,ALL,115.0,115.0,115.0,T4_light,1.4,Reconductor(ACSR->ACSS),64.0,106.2,2717,74.4,True,0.0,-98.5093816037736,29.474642000000003,-98.5093816037736,29.474642000000003
2023_all2030_dcfull_n1_ALL_2030,2023,all2030,full_tx,ALL_2030,all2030_dcfull_n1,transmission,upgrade_branch,line,AC,SOUTH,6123-6233,6123,6233,98.0,137.2,39.2,33.15,ALL,115.0,115.0,115.0,T4_light,1.4,Reconductor(ACSR->ACSS),86.2,109.6,2783,96.8,True,0.0,-97.77508287179488,30.30416587179487,-97.77508287179488,30.30416587179487
2023_all2030_dcfull_n1_ALL_2030,2023,all2030,full_tx,ALL_2030,all2030_dcfull_n1,transmission,upgrade_branch,line,AC,SOUTH,6220-6250,6220,6250,160.0,224.0,64.0,33.15,ALL,115.0,115.0,115.0,T4_light,1.4,Reconductor(ACSR->ACSS),76.3,104.2,2901,82.1,True,0.0,-98.5093816037736,29.474642000000003,-98.5093816037736,29.474642000000003
2023_all2030_dcfull_n1_ALL_2030,2023,all2030,full_tx,ALL_2030,all2030_dcfull_n1,transmission,upgrade_branch,line,AC,SOUTH,6241-13126,6241,13126,109.0,152.6,43.6,33.15,ALL,115.0,115.0,115.0,T4_light,1.4,Reconductor(ACSR->ACSS),79.5,104.7,3249,67.2,True,0.0,-98.35335,29.282378,-98.35335,29.282378
2023_all2030_dcfull_n1_ALL_2030,2023,all2030,full_tx,ALL_2030,all2030_dcfull_n1,transmission,upgrade_branch,line,AC,SOUTH,6284-13418,6284,13418,140.2,196.3,56.1,33.15,ALL,115.0,115.0,115.0,T4_light,1.4,Reconductor(ACSR->ACSS),86.0,101.5,3206,63.7,True,0.0,-98.5093816037736,29.474642000000003,-98.5093816037736,29.474642000000003
2023_all2030_dcfull_n1_ALL_2030,2023,all2030,full_tx,ALL_2030,all2030_dcfull_n1,transmission,upgrade_branch,line,AC,HOUSTON,7092-7384,7092,7384,110.0,154.0,44.0,33.15,ALL,115.0,115.0,115.0,T4_light,1.4,Reconductor(ACSR->ACSS),84.8,102.2,3926,73.0,True,0.0,-95.41128715217393,29.77727818478261,-95.41128715217393,29.77727818478261
2023_all2030_dcfull_n1_ALL_2030,2023,all2030,full_tx,ALL_2030,all2030_dcfull_n1,transmission,upgrade_branch,line,AC,HOUSTON,7155-7316,7155,7316,149.0,208.6,59.6,33.15,ALL,115.0,115.0,115.0,T4_light,1.4,Reconductor(ACSR->ACSS),83.6,103.7,4115,73.6,True,0.0,-95.41128715217393,29.77727818478261,-95.41128715217393,29.77727818478261
2023_all2030_dcfull_n1_ALL_2030,2023,all2030,full_tx,ALL_2030,all2030_dcfull_n1,transmission,upgrade_branch,line,AC,HOUSTON,7292-7223,7292,7223,450.0,630.0,180.0,33.15,ALL,115.0,115.0,115.0,T4_light,1.4,Reconductor(ACSR->ACSS),74.3,101.7,3988,72.1,True,0.0,-95.41128715217393,29.77727818478261,-95.41128715217393,29.77727818478261
2023_all2030_dcfull_n1_ALL_2030,2023,all2030,full_tx,ALL_2030,all2030_dcfull_n1,transmission,upgrade_branch,line,AC,HOUSTON,7292-7223,7292,7223,450.0,630.0,180.0,33.15,ALL,115.0,115.0,115.0,T4_light,1.4,Reconductor(ACSR->ACSS),74.3,101.7,3987,72.1,True,0.0,-95.41128715217393,29.77727818478261,-95.41128715217393,29.77727818478261
2023_all2030_dcfull_n1_ALL_2030,2023,all2030,full_tx,ALL_2030,all2030_dcfull_n1,transmission,upgrade_branch,line,AC,HOUSTON,7223-7425,7223,7425,221.0,309.4,88.4,33.15,ALL,115.0,115.0,115.0,T4_light,1.4,Reconductor(ACSR->ACSS),97.0,109.4,3882,78.2,True,0.0,-95.41128715217393,29.77727818478261,-95.41128715217393,29.77727818478261
2023_all2030_dcfull_n1_ALL_2030,2023,all2030,full_tx,ALL_2030,all2030_dcfull_n1,transmission,upgrade_branch,line,AC,HOUSTON,7240-7417,7240,7417,142.9,200.1,57.2,33.15,ALL,115.0,115.0,115.0,T4_light,1.4,Reconductor(ACSR->ACSS),44.3,100.2,3378,73.1,True,0.0,-95.41128715217393,29.77727818478261,-95.41128715217393,29.77727818478261
2023_all2030_dcfull_n1_ALL_2030,2023,all2030,full_tx,ALL_2030,all2030_dcfull_n1,transmission,upgrade_branch,line,AC,HOUSTON,7297-7384,7297,7384,450.0,630.0,180.0,33.15,ALL,115.0,115.0,115.0,T4_light,1.4,Reconductor(ACSR->ACSS),92.7,103.5,3959,73.6,True,0.0,-95.41128715217393,29.77727818478261,-95.41128715217393,29.77727818478261
2023_all2030_dcfull_n1_ALL_2030,2023,all2030,full_tx,ALL_2030,all2030_dcfull_n1,transmission,upgrade_branch,line,AC,NORTH,8005-8023,8005,8023,108.3,151.6,43.3,33.15,ALL,115.0,115.0,115.0,T4_light,1.4,Reconductor(ACSR->ACSS),59.1,104.6,4353,70.4,True,0.0,-94.737065,31.33610733333333,-94.737065,31.33610733333333
2023_all2030_dcfull_n1_ALL_2030,2023,all2030,full_tx,ALL_2030,all2030_dcfull_n1,transmission,upgrade_branch,line,AC,WEST,12834-13302,12834,13302,291.0,407.4,116.4,33.15,ALL,115.0,115.0,115.0,T4_light,1.4,Reconductor(ACSR->ACSS),57.4,104.4,4942,78.2,True,0.0,-103.43056166666668,31.453610666666663,-103.43056166666668,31.453610666666663
2023_all2030_dcfull_n1_ALL_2030,2023,all2030,full_tx,ALL_2030,all2030_dcfull_n1,transmission,upgrade_branch,line,AC,WEST,12897-13403,12897,13403,221.1,309.5,88.4,33.15,ALL,115.0,115.0,115.0,T4_light,1.4,Reconductor(ACSR->ACSS),2.4,100.7,4991,66.0,True,0.0,-100.94008825,32.806441125,-100.94008825,32.806441125
2023_all2030_dcfull_n1_ALL_2030,2023,all2030,full_tx,ALL_2030,all2030_dcfull_n1,transmission,upgrade_branch,line,AC,NORTH,5006-5103,5006,5103,205.0,358.8,153.8,33.1,ALL,161.0,161.0,161.0,T5_moderate,1.75,HTLS Reconductor,96.9,110.9,1889,53.1,True,13.4,-96.80082027272728,32.808276409090915,-96.7025715,32.983810000000005
2023_all2030_dcfull_n1_ALL_2030,2023,all2030,full_tx,ALL_2030,all2030_dcfull_n1,transmission,upgrade_branch,line,AC,NORTH,5103-5139,5103,5139,233.0,407.8,174.8,33.1,ALL,161.0,161.0,161.0,T5_moderate,1.75,HTLS Reconductor,99.1,116.8,2000,58.1,True,13.4,-96.7025715,32.983810000000005,-96.80082027272728,32.808276409090915
2023_all2030_dcfull_n1_ALL_2030,2023,all2030,full_tx,ALL_2030,all2030_dcfull_n1,transmission,upgrade_branch,line,AC,SOUTH,6127-6237,6127,6237,220.0,484.0,264.0,32.912,ALL,115.0,115.0,115.0,T6_heavy,2.2,New Parallel Circuit,96.4,144.7,2885,69.5,True,11.0,-96.907601,30.891129,-97.0630125,30.978365
2023_all2030_dcfull_n1_ALL_2030,2023,all2030,full_tx,ALL_2030,all2030_dcfull_n1,transmission,upgrade_branch,line,AC,NORTH,5456-5156,5456,5156,295.0,516.2,221.2,32.778,ALL,161.0,161.0,161.0,T5_moderate,1.75,HTLS Reconductor,56.7,115.9,2533,57.0,True,13.3,-98.98514,32.116953,-98.927404,31.931233
2023_all2030_dcfull_n1_ALL_2030,2023,all2030,full_tx,ALL_2030,all2030_dcfull_n1,transmission,upgrade_branch,line,AC,NORTH,5190-5264,5190,5264,251.0,351.4,100.4,32.339,ALL,161.0,161.0,161.0,T4_light,1.4,Reconductor(ACSR->ACSS),40.6,107.5,1917,32.0,True,23.7,-98.333604,32.587603,-98.552257,32.298594
2023_all2030_dcfull_n1_ALL_2030,2023,all2030,full_tx,ALL_2030,all2030_dcfull_n1,transmission,upgrade_branch,line,AC,WEST,1106-12795,1106,12795,106.5,186.4,79.9,32.322,ALL,115.0,115.0,115.0,T5_moderate,1.75,HTLS Reconductor,39.5,118.2,316,67.6,True,16.6,-101.152,31.683,-100.98431625,31.875952
2023_all2030_dcfull_n1_ALL_2030,2023,all2030,full_tx,ALL_2030,all2030_dcfull_n1,transmission,upgrade_branch,line,AC,NORTH,5174-5201,5174,5201,242.0,423.5,181.5,32.249,ALL,161.0,161.0,161.0,T5_moderate,1.75,HTLS Reconductor,87.8,118.1,4713,62.4,True,13.1,-96.8751,31.8932,-96.818676,31.710422
2023_all2030_dcfull_n1_ALL_2030,2023,all2030,full_tx,ALL_2030,all2030_dcfull_n1,transmission,upgrade_branch,line,AC,SOUTH,6103-6183,6103,6183,149.0,327.8,178.8,32.025,ALL,115.0,115.0,115.0,T6_heavy,2.2,New Parallel Circuit,103.4,127.2,2819,59.5,True,10.7,-96.9945,30.02547,-96.923038,30.167624
2023_all2030_dcfull_n1_ALL_2030,2023,all2030,full_tx,ALL_2030,all2030_dcfull_n1,transmission,upgrade_branch,line,AC,SOUTH,6241-6324,6241,6324,310.0,542.5,232.5,31.727,ALL,115.0,115.0,115.0,T5_moderate,1.75,HTLS Reconductor,60.8,112.2,3177,65.5,True,16.3,-98.35335,29.282378,-98.5093816037736,29.474642000000003
2023_all2030_dcfull_n1_ALL_2030,2023,all2030,full_tx,ALL_2030,all2030_dcfull_n1,transmission,upgrade_branch,line,AC,SOUTH,6241-6324,6241,6324,310.0,542.5,232.5,31.727,ALL,115.0,115.0,115.0,T5_moderate,1.75,HTLS Reconductor,60.8,112.2,3176,65.5,True,16.3,-98.35335,29.282378,-98.5093816037736,29.474642000000003
2023_all2030_dcfull_n1_ALL_2030,2023,all2030,full_tx,ALL_2030,all2030_dcfull_n1,transmission,upgrade_branch,line,AC,SOUTH,6324-13126,6324,13126,223.1,390.4,167.3,31.727,ALL,115.0,115.0,115.0,T5_moderate,1.75,HTLS Reconductor,87.7,113.5,3250,57.4,True,16.3,-98.5093816037736,29.474642000000003,-98.35335,29.282378
2023_all2030_dcfull_n1_ALL_2030,2023,all2030,full_tx,ALL_2030,all2030_dcfull_n1,transmission,upgrade_branch,line,AC,SOUTH,6324-13126,6324,13126,223.1,390.4,167.3,31.727,ALL,115.0,115.0,115.0,T5_moderate,1.75,HTLS Reconductor,87.7,113.5,3249,57.4,True,16.3,-98.5093816037736,29.474642000000003,-98.35335,29.282378
2023_all2030_dcfull_n1_ALL_2030,2023,all2030,full_tx,ALL_2030,all2030_dcfull_n1,transmission,upgrade_branch,line,AC,SOUTH,4187-4189,4187,4189,197.0,275.8,78.8,31.602,ALL,115.0,115.0,115.0,T4_light,1.4,Reconductor(ACSR->ACSS),9.5,109.2,1137,78.0,True,28.6,-99.214344,28.293173,-99.63215,28.4834915
2023_all2030_dcfull_n1_ALL_2030,2023,all2030,full_tx,ALL_2030,all2030_dcfull_n1,transmission,upgrade_branch,line,AC,SOUTH,6193-6206,6193,6206,98.0,171.5,73.5,31.553,ALL,115.0,115.0,115.0,T5_moderate,1.75,HTLS Reconductor,78.5,114.7,2819,68.7,True,16.2,-96.676232,30.541565,-96.840158,30.354823
2023_all2030_dcfull_n1_ALL_2030,2023,all2030,full_tx,ALL_2030,all2030_dcfull_n1,transmission,upgrade_branch,line,AC,NORTH,5220-5113,5220,5113,187.0,411.4,224.4,31.459,ALL,161.0,161.0,161.0,T6_heavy,2.2,New Parallel Circuit,85.7,138.4,571,76.2,True,8.3,-97.213359,33.373051,-97.3420515,33.318023
2023_all2030_dcfull_n1_ALL_2030,2023,all2030,full_tx,ALL_2030,all2030_dcfull_n1,transmission,upgrade_branch,line,AC,NORTH,5194-5330,5194,5330,251.0,439.2,188.2,31.366,ALL,161.0,161.0,161.0,T5_moderate,1.75,HTLS Reconductor,69.7,117.6,2544,56.5,True,12.7,-96.914175,32.651936,-97.12502636363637,32.69967490909091
2023_all2030_dcfull_n1_ALL_2030,2023,all2030,full_tx,ALL_2030,all2030_dcfull_n1,transmission,upgrade_branch,line,AC,WEST,3097-12939,3097,12939,267.0,467.2,200.2,31.288,ALL,115.0,115.0,115.0,T5_moderate,1.75,HTLS Reconductor,61.8,123.6,966,70.6,True,16.0,-101.17026400000002,32.93510466666667,-100.94008825,32.806441125
2023_all2030_dcfull_n1_ALL_2030,2023,all2030,full_tx,ALL_2030,all2030_dcfull_n1,transmission,upgrade_branch,line,AC,WEST,3097-12939,3097,12939,267.0,467.2,200.2,31.288,ALL,115.0,115.0,115.0,T5_moderate,1.75,HTLS Reconductor,61.8,123.6,965,70.6,True,16.0,-101.17026400000002,32.93510466666667,-100.94008825,32.806441125
2023_all2030_dcfull_n1_ALL_2030,2023,all2030,full_tx,ALL_2030,all2030_dcfull_n1,transmission,upgrade_branch,line,AC,NORTH,5108-5353,5108,5353,251.0,439.2,188.2,31.253,ALL,161.0,161.0,161.0,T5_moderate,1.75,HTLS Reconductor,76.4,120.2,2544,82.6,True,12.7,-96.80082027272728,32.808276409090915,-96.914175,32.651936
2023_all2030_dcfull_n1_ALL_2030,2023,all2030,full_tx,ALL_2030,all2030_dcfull_n1,transmission,upgrade_branch,line,AC,NORTH,5337-5119,5337,5119,187.0,327.2,140.2,30.761,ALL,161.0,161.0,161.0,T5_moderate,1.75,HTLS Reconductor,84.4,121.0,2149,53.7,True,12.5,-98.244763,33.097641,-98.053654,33.014983
2023_all2030_dcfull_n1_ALL_2030,2023,all2030,full_tx,ALL_2030,all2030_dcfull_n1,transmission,upgrade_branch,line,AC,SOUTH,6125-6322,6125,6322,149.0,260.8,111.8,29.776,ALL,115.0,115.0,115.0,T5_moderate,1.75,HTLS Reconductor,73.0,119.0,3175,68.9,True,15.3,-98.057016,29.293499,-98.080406,29.073446
2023_all2030_dcfull_n1_ALL_2030,2023,all2030,full_tx,ALL_2030,all2030_dcfull_n1,transmission,upgrade_branch,line,AC,NORTH,5003-5436,5003,5436,236.0,413.0,177.0,29.362,ALL,161.0,161.0,161.0,T5_moderate,1.75,HTLS Reconductor,96.5,119.7,1881,59.9,True,11.9,-96.6344372,32.9086048,-96.80082027272728,32.808276409090915
2023_all2030_dcfull_n1_ALL_2030,2023,all2030,full_tx,ALL_2030,all2030_dcfull_n1,transmission,upgrade_branch,line,AC,NORTH,5175-5370,5175,5370,474.0,829.5,355.5,29.108,ALL,161.0,161.0,161.0,T5_moderate,1.75,HTLS Reconductor,67.4,113.4,2096,68.9,True,11.8,-97.13581333333332,33.210620166666665,-97.0124115,33.07492
2023_all2030_dcfull_n1_ALL_2030,2023,all2030,full_tx,ALL_2030,all2030_dcfull_n1,transmission,upgrade_branch,line,AC,NORTH,5175-5370,5175,5370,474.0,829.5,355.5,29.108,ALL,161.0,161.0,161.0,T5_moderate,1.75,HTLS Reconductor,67.4,113.4,2095,68.9,True,11.8,-97.13581333333332,33.210620166666665,-97.0124115,33.07492
2023_all2030_dcfull_n1_ALL_2030,2023,all2030,full_tx,ALL_2030,all2030_dcfull_n1,transmission,upgrade_branch,line,AC,NORTH,8109-8123,8109,8123,98.0,215.6,117.6,28.849,ALL,115.0,115.0,115.0,T6_heavy,2.2,New Parallel Circuit,79.3,126.9,4470,66.6,True,9.6,-95.8568275,32.169178,-96.01423,32.12747
2023_all2030_dcfull_n1_ALL_2030,2023,all2030,full_tx,ALL_2030,all2030_dcfull_n1,transmission,upgrade_branch,line,AC,NORTH,5456-13282,5456,13282,382.6,535.6,153.0,28.685,ALL,161.0,161.0,161.0,T4_light,1.4,Reconductor(ACSR->ACSS),76.7,106.2,1697,83.4,True,21.0,-98.98514,32.116953,-99.1533074,32.3857988
2023_all2030_dcfull_n1_ALL_2030,2023,all2030,full_tx,ALL_2030,all2030_dcfull_n1,transmission,upgrade_branch,line,AC,SOUTH,4036-13337,4036,13337,213.4,298.8,85.4,28.582,ALL,115.0,115.0,115.0,T4_light,1.4,Reconductor(ACSR->ACSS),60.5,108.9,1203,80.8,True,25.9,-99.562652,28.888748,-99.79466125,29.20340125
2023_all2030_dcfull_n1_ALL_2030,2023,all2030,full_tx,ALL_2030,all2030_dcfull_n1,transmission,upgrade_branch,line,AC,SOUTH,4036-13337,4036,13337,213.4,298.8,85.4,28.582,ALL,115.0,115.0,115.0,T4_light,1.4,Reconductor(ACSR->ACSS),60.5,108.9,1202,80.8,True,25.9,-99.562652,28.888748,-99.79466125,29.20340125
2023_all2030_dcfull_n1_ALL_2030,2023,all2030,full_tx,ALL_2030,all2030_dcfull_n1,transmission,upgrade_branch,line,AC,WEST,3032-3070,3032,3070,122.1,170.9,48.8,28.552,ALL,115.0,115.0,115.0,T4_light,1.4,Reconductor(ACSR->ACSS),89.4,108.4,791,74.7,True,25.8,-99.70613471428572,32.45867642857143,-100.1,32.2878
2023_all2030_dcfull_n1_ALL_2030,2023,all2030,full_tx,ALL_2030,all2030_dcfull_n1,transmission,upgrade_branch,line,AC,HOUSTON,7251-7235,7251,7235,149.0,327.8,178.8,28.029,ALL,115.0,115.0,115.0,T6_heavy,2.2,New Parallel Circuit,84.8,125.1,3307,54.8,True,9.4,-95.833733,30.047619,-95.708537,29.9660525
2023_all2030_dcfull_n1_ALL_2030,2023,all2030,full_tx,ALL_2030,all2030_dcfull_n1,transmission,upgrade_branch,line,AC,NORTH,12754-13029,12754,13029,271.0,596.2,325.2,27.828,ALL,161.0,161.0,161.0,T6_heavy,2.2,New Parallel Circuit,93.8,142.6,4871,68.3,True,7.4,-99.695954,33.73925199999999,-99.657805,33.841272
2023_all2030_dcfull_n1_ALL_2030,2023,all2030,full_tx,ALL_2030,all2030_dcfull_n1,transmission,upgrade_branch,transformer,AC,NORTH,5022-5021,5022,5021,1375.0,2406.2,1031.2,27.5,ALL,161.0,500.0,500.0,T5_moderate,1.75,Transformer Replace 1.75x,71.3,110.5,1629,79.8,True,0.0,-97.572841,32.708154,-97.572841,32.708154
2023_all2030_dcfull_n1_ALL_2030,2023,all2030,full_tx,ALL_2030,all2030_dcfull_n1,transmission,upgrade_branch,transformer,AC,NORTH,5022-5021,5022,5021,1375.0,2406.2,1031.2,27.5,ALL,161.0,500.0,500.0,T5_moderate,1.75,Transformer Replace 1.75x,71.3,110.5,1628,79.8,True,0.0,-97.572841,32.708154,-97.572841,32.708154
2023_all2030_dcfull_n1_ALL_2030,2023,all2030,full_tx,ALL_2030,all2030_dcfull_n1,transmission,upgrade_branch,transformer,AC,NORTH,5385-5384,5385,5384,1538.0,2691.5,1153.5,27.5,ALL,161.0,500.0,500.0,T5_moderate,1.75,Transformer Replace 1.75x,75.0,118.6,2481,73.1,True,0.0,-96.80082027272728,32.808276409090915,-96.80082027272728,32.808276409090915
2023_all2030_dcfull_n1_ALL_2030,2023,all2030,full_tx,ALL_2030,all2030_dcfull_n1,transmission,upgrade_branch,transformer,AC,NORTH,5385-5384,5385,5384,1538.0,2691.5,1153.5,27.5,ALL,161.0,500.0,500.0,T5_moderate,1.75,Transformer Replace 1.75x,75.0,118.6,2480,73.1,True,0.0,-96.80082027272728,32.808276409090915,-96.80082027272728,32.808276409090915
2023_all2030_dcfull_n1_ALL_2030,2023,all2030,full_tx,ALL_2030,all2030_dcfull_n1,transmission,upgrade_branch,transformer,AC,NORTH,5453-12863,5453,12863,600.0,1050.0,450.0,27.5,ALL,161.0,500.0,500.0,T5_moderate,1.75,Transformer Replace 1.75x,97.4,114.3,1564,63.2,True,0.0,-97.458078,32.3380315,-97.458078,32.3380315
2023_all2030_dcfull_n1_ALL_2030,2023,all2030,full_tx,ALL_2030,all2030_dcfull_n1,transmission,upgrade_branch,transformer,AC,SOUTH,13332-6033,13332,6033,141.7,248.0,106.3,27.5,ALL,20.0,500.0,500.0,T5_moderate,1.75,Transformer Replace 1.75x,112.7,112.7,2904,64.4,True,0.0,-97.57405,30.41217,-97.57405,30.41217
2023_all2030_dcfull_n1_ALL_2030,2023,all2030,full_tx,ALL_2030,all2030_dcfull_n1,transmission,upgrade_branch,transformer,AC,SOUTH,6108-6107,6108,6107,380.0,665.0,285.0,27.5,ALL,230.0,500.0,500.0,T5_moderate,1.75,Transformer Replace 1.75x,90.9,117.3,2696,84.5,True,0.0,-96.947291,30.633128,-96.947291,30.633128
2023_all2030_dcfull_n1_ALL_2030,2023,all2030,full_tx,ALL_2030,all2030_dcfull_n1,transmission,upgrade_branch,transformer,AC,SOUTH,6257-6254,6257,6254,215.3,376.8,161.5,27.5,ALL,13.8,500.0,500.0,T5_moderate,1.75,Transformer Replace 1.75x,112.3,112.3,2581,64.2,True,0.0,-97.77508287179488,30.30416587179487,-97.77508287179488,30.30416587179487
2023_all2030_dcfull_n1_ALL_2030,2023,all2030,full_tx,ALL_2030,all2030_dcfull_n1,transmission,upgrade_branch,transformer,AC,SOUTH,6258-6254,6258,6254,198.4,347.2,148.8,27.5,ALL,13.8,500.0,500.0,T5_moderate,1.75,Transformer Replace 1.75x,110.7,110.7,2723,63.5,True,0.0,-97.77508287179488,30.30416587179487,-97.77508287179488,30.30416587179487
2023_all2030_dcfull_n1_ALL_2030,2023,all2030,full_tx,ALL_2030,all2030_dcfull_n1,transmission,upgrade_branch,transformer,AC,SOUTH,6324-12523,6324,12523,1080.0,1890.0,810.0,27.5,ALL,115.0,500.0,500.0,T5_moderate,1.75,Transformer Replace 1.75x,77.2,118.7,3248,91.4,True,0.0,-98.5093816037736,29.474642000000003,-98.5093816037736,29.474642000000003
2023_all2030_dcfull_n1_ALL_2030,2023,all2030,full_tx,ALL_2030,all2030_dcfull_n1,transmission,upgrade_branch,transformer,AC,SOUTH,6324-12523,6324,12523,1080.0,1890.0,810.0,27.5,ALL,115.0,500.0,500.0,T5_moderate,1.75,Transformer Replace 1.75x,77.2,118.7,3247,91.4,True,0.0,-98.5093816037736,29.474642000000003,-98.5093816037736,29.474642000000003
2023_all2030_dcfull_n1_ALL_2030,2023,all2030,full_tx,ALL_2030,all2030_dcfull_n1,transmission,upgrade_branch,transformer,AC,NORTH,12632-12633,12632,12633,600.0,1050.0,450.0,27.5,ALL,161.0,500.0,500.0,T5_moderate,1.75,Transformer Replace 1.75x,24.1,113.5,4767,76.0,True,0.0,-101.59661,34.4067,-101.59661,34.4067
2023_all2030_dcfull_n1_ALL_2030,2023,all2030,full_tx,ALL_2030,all2030_dcfull_n1,transmission,upgrade_branch,line,AC,SOUTH,4114-4197,4114,4197,165.5,231.7,66.2,27.189,ALL,115.0,115.0,115.0,T4_light,1.4,Reconductor(ACSR->ACSS),44.2,102.5,1548,73.7,True,24.6,-99.3906115,27.588413625,-99.005278,27.488056
2023_all2030_dcfull_n1_ALL_2030,2023,all2030,full_tx,ALL_2030,all2030_dcfull_n1,transmission,upgrade_branch,line,AC,SOUTH,4114-4197,4114,4197,165.5,231.7,66.2,27.189,ALL,115.0,115.0,115.0,T4_light,1.4,Reconductor(ACSR->ACSS),44.2,102.5,1548,73.7,True,24.6,-99.3906115,27.588413625,-99.005278,27.488056
2023_all2030_dcfull_n1_ALL_2030,2023,all2030,full_tx,ALL_2030,all2030_dcfull_n1,transmission,upgrade_branch,line,AC,NORTH,5276-12590,5276,12590,264.1,581.0,316.9,26.943,ALL,161.0,161.0,161.0,T6_heavy,2.2,New Parallel Circuit,0.8,148.4,4713,81.9,True,7.1,-96.84912,31.509216,-96.93121275,31.43308425
2023_all2030_dcfull_n1_ALL_2030,2023,all2030,full_tx,ALL_2030,all2030_dcfull_n1,transmission,upgrade_branch,line,AC,WEST,1112-13300,1112,13300,122.5,269.5,147.0,26.447,ALL,115.0,115.0,115.0,T6_heavy,2.2,New Parallel Circuit,146.9,146.9,2,68.4,True,8.8,-101.014,32.239,-100.890668,32.313261999999995
2023_all2030_dcfull_n1_ALL_2030,2023,all2030,full_tx,ALL_2030,all2030_dcfull_n1,transmission,upgrade_branch,line,AC,NORTH,5204-5361,5204,5361,2768.0,3875.2,1107.2,26.331,ALL,500.0,500.0,500.0,T4_light,1.4,Reconductor(ACSR->ACSS),35.9,105.0,1605,72.7,True,8.1,-97.93385,33.07965,-97.9208,33.1964
2023_all2030_dcfull_n1_ALL_2030,2023,all2030,full_tx,ALL_2030,all2030_dcfull_n1,transmission,upgrade_branch,line,AC,NORTH,5232-5251,5232,5251,187.0,411.4,224.4,25.936,ALL,161.0,161.0,161.0,T6_heavy,2.2,New Parallel Circuit,104.1,133.7,2386,93.5,True,6.9,-97.12502636363637,32.69967490909091,-97.010181,32.723688
2023_all2030_dcfull_n1_ALL_2030,2023,all2030,full_tx,ALL_2030,all2030_dcfull_n1,transmission,upgrade_branch,line,AC,HOUSTON,7244-7272,7244,7272,220.0,308.0,88.0,25.459,ALL,115.0,115.0,115.0,T4_light,1.4,Reconductor(ACSR->ACSS),77.2,106.9,3871,76.4,True,23.0,-95.31001,29.45566,-95.41128715217393,29.77727818478261
2023_all2030_dcfull_n1_ALL_2030,2023,all2030,full_tx,ALL_2030,all2030_dcfull_n1,transmission,upgrade_branch,line,AC,SOUTH,6181-6116,6181,6116,98.0,171.5,73.5,25.082,ALL,115.0,115.0,115.0,T5_moderate,1.75,HTLS Reconductor,66.4,120.3,2673,58.2,True,12.9,-97.516162,30.289094,-97.35701,30.41477
2023_all2030_dcfull_n1_ALL_2030,2023,all2030,full_tx,ALL_2030,all2030_dcfull_n1,transmission,upgrade_branch,transformer,AC,WEST,3038-3037,3038,3037,114.0,342.0,228.0,25.0,ALL,115.0,230.0,230.0,T7_structural,3.0,Major Transformer 3x,120.5,199.8,802,101.3,False,0.0,-100.56760671428572,32.36118885714286,-100.56760671428572,32.36118885714286
2023_all2030_dcfull_n1_ALL_2030,2023,all2030,full_tx,ALL_2030,all2030_dcfull_n1,transmission,upgrade_branch,transformer,AC,WEST,3054-3053,3054,3053,103.0,309.0,206.0,25.0,ALL,115.0,230.0,230.0,T7_structural,3.0,Major Transformer 3x,198.0,263.3,846,169.3,False,0.0,-100.1097475,32.1590745,-100.1097475,32.1590745
2023_all2030_dcfull_n1_ALL_2030,2023,all2030,full_tx,ALL_2030,all2030_dcfull_n1,transmission,upgrade_branch,transformer,AC,WEST,3054-3053,3054,3053,103.0,309.0,206.0,25.0,ALL,115.0,230.0,230.0,T7_structural,3.0,Major Transformer 3x,198.0,263.3,845,169.3,False,0.0,-100.1097475,32.1590745,-100.1097475,32.1590745
2023_all2030_dcfull_n1_ALL_2030,2023,all2030,full_tx,ALL_2030,all2030_dcfull_n1,transmission,upgrade_branch,transformer,AC,SOUTH,6109-6108,6109,6108,137.0,411.0,274.0,25.0,ALL,115.0,230.0,230.0,T7_structural,3.0,Major Transformer 3x,164.2,288.3,2933,96.1,True,0.0,-96.947291,30.633128,-96.947291,30.633128
2023_all2030_dcfull_n1_ALL_2030,2023,all2030,full_tx,ALL_2030,all2030_dcfull_n1,transmission,upgrade_branch,transformer,AC,NORTH,8069-8068,8069,8068,143.0,429.0,286.0,25.0,ALL,115.0,230.0,230.0,T7_structural,3.0,Major Transformer 3x,117.3,161.8,4378,85.7,True,0.0,-96.202639,31.37571,-96.202639,31.37571
2023_all2030_dcfull_n1_ALL_2030,2023,all2030,full_tx,ALL_2030,all2030_dcfull_n1,transmission,upgrade_branch,transformer,AC,NORTH,12961-8147,12961,8147,310.2,930.6,620.4,25.0,ALL,20.0,230.0,230.0,T7_structural,3.0,Major Transformer 3x,163.8,163.8,3629,54.7,True,0.0,-96.1482745,32.142643,-96.1482745,32.142643
2023_all2030_dcfull_n1_ALL_2030,2023,all2030,full_tx,ALL_2030,all2030_dcfull_n1,transmission,upgrade_branch,line,AC,SOUTH,4144-4127,4144,4127,143.0,200.2,57.2,24.937,ALL,115.0,115.0,115.0,T4_light,1.4,Reconductor(ACSR->ACSS),56.9,108.6,1459,77.5,True,22.6,-98.060187,27.986244,-98.07572,27.65992
2023_all2030_dcfull_n1_ALL_2030,2023,all2030,full_tx,ALL_2030,all2030_dcfull_n1,transmission,upgrade_branch,line,AC,NORTH,5088-5290,5088,5290,321.0,706.2,385.2,24.739,ALL,161.0,161.0,161.0,T6_heavy,2.2,New Parallel Circuit,78.7,146.4,1832,72.6,True,6.6,-97.46203133333334,31.819786000000004,-97.3667,31.8694
2023_all2030_dcfull_n1_ALL_2030,2023,all2030,full_tx,ALL_2030,all2030_dcfull_n1,transmission,upgrade_branch,line,AC,NORTH,5088-5290,5088,5290,321.0,706.2,385.2,24.739,ALL,161.0,161.0,161.0,T6_heavy,2.2,New Parallel Circuit,78.7,146.4,1831,72.6,True,6.6,-97.46203133333334,31.819786000000004,-97.3667,31.8694
2023_all2030_dcfull_n1_ALL_2030,2023,all2030,full_tx,ALL_2030,all2030_dcfull_n1,transmission,upgrade_branch,line,AC,NORTH,5044-5312,5044,5312,326.0,570.5,244.5,24.731,ALL,161.0,161.0,161.0,T5_moderate,1.75,HTLS Reconductor,74.3,115.9,1696,52.7,True,10.0,-97.597083,33.041942,-97.561179,32.900196
2023_all2030_dcfull_n1_ALL_2030,2023,all2030,full_tx,ALL_2030,all2030_dcfull_n1,transmission,upgrade_branch,line,AC,NORTH,5044-5312,5044,5312,326.0,570.5,244.5,24.731,ALL,161.0,161.0,161.0,T5_moderate,1.75,HTLS Reconductor,74.3,115.9,1695,52.7,True,10.0,-97.597083,33.041942,-97.561179,32.900196
2023_all2030_dcfull_n1_ALL_2030,2023,all2030,full_tx,ALL_2030,all2030_dcfull_n1,transmission,upgrade_branch,line,AC,NORTH,5453-5092,5453,5092,250.0,350.0,100.0,24.304,ALL,161.0,161.0,161.0,T4_light,1.4,Reconductor(ACSR->ACSS),80.2,105.9,2535,74.5,True,17.8,-97.458078,32.3380315,-97.16076,32.280923
2023_all2030_dcfull_n1_ALL_2030,2023,all2030,full_tx,ALL_2030,all2030_dcfull_n1,transmission,upgrade_branch,line,AC,NORTH,5333-5157,5333,5157,310.0,682.0,372.0,23.758,ALL,161.0,161.0,161.0,T6_heavy,2.2,New Parallel Circuit,81.9,136.9,1908,67.2,True,6.3,-96.807315,32.521773,-96.864075,32.599427
2023_all2030_dcfull_n1_ALL_2030,2023,all2030,full_tx,ALL_2030,all2030_dcfull_n1,transmission,upgrade_branch,line,AC,NORTH,5333-5157,5333,5157,310.0,682.0,372.0,23.758,ALL,161.0,161.0,161.0,T6_heavy,2.2,New Parallel Circuit,81.9,136.9,1908,67.2,True,6.3,-96.807315,32.521773,-96.864075,32.599427
2023_all2030_dcfull_n1_ALL_2030,2023,all2030,full_tx,ALL_2030,all2030_dcfull_n1,transmission,upgrade_branch,line,AC,NORTH,8149-8123,8149,8123,98.0,215.6,117.6,23.658,ALL,115.0,115.0,115.0,T6_heavy,2.2,New Parallel Circuit,97.1,144.7,4470,74.8,True,7.9,-96.1482745,32.142643,-96.01423,32.12747
2023_all2030_dcfull_n1_ALL_2030,2023,all2030,full_tx,ALL_2030,all2030_dcfull_n1,transmission,upgrade_branch,line,AC,WEST,1047-1085,1047,1085,221.0,386.8,165.8,23.54,ALL,115.0,115.0,115.0,T5_moderate,1.75,HTLS Reconductor,76.2,123.4,249,70.1,True,12.1,-103.062173,31.534243,-103.138992,31.696251
2023_all2030_dcfull_n1_ALL_2030,2023,all2030,full_tx,ALL_2030,all2030_dcfull_n1,transmission,upgrade_branch,line,AC,WEST,3032-3131,3032,3131,143.5,200.9,57.4,23.528,ALL,115.0,115.0,115.0,T4_light,1.4,Reconductor(ACSR->ACSS),85.4,105.3,791,71.1,True,21.3,-99.70613471428572,32.45867642857143,-100.021667,32.303889
2023_all2030_dcfull_n1_ALL_2030,2023,all2030,full_tx,ALL_2030,all2030_dcfull_n1,transmission,upgrade_branch,line,AC,NORTH,5273-5339,5273,5339,187.0,327.2,140.2,23.479,ALL,161.0,161.0,161.0,T5_moderate,1.75,HTLS Reconductor,67.4,120.6,2557,65.6,True,9.5,-96.984664,32.963417,-97.148582,32.959922
2023_all2030_dcfull_n1_ALL_2030,2023,all2030,full_tx,ALL_2030,all2030_dcfull_n1,transmission,upgrade_branch,line,AC,NORTH,5156-13051,5156,13051,194.4,272.2,77.8,23.101,ALL,161.0,161.0,161.0,T4_light,1.4,Reconductor(ACSR->ACSS),49.2,104.0,1697,63.4,True,16.9,-98.927404,31.931233,-98.6525545,31.8568005
2023_all2030_dcfull_n1_ALL_2030,2023,all2030,full_tx,ALL_2030,all2030_dcfull_n1,transmission,upgrade_branch,line,AC,NORTH,5254-5457,5254,5457,187.0,327.2,140.2,22.897,ALL,161.0,161.0,161.0,T5_moderate,1.75,HTLS Reconductor,79.5,123.8,2260,72.4,True,9.3,-97.22672,33.009335,-97.149641,32.891787
2023_all2030_dcfull_n1_ALL_2030,2023,all2030,full_tx,ALL_2030,all2030_dcfull_n1,transmission,upgrade_branch,line,AC,NORTH,5087-5345,5087,5345,251.0,439.2,188.2,22.541,ALL,161.0,161.0,161.0,T5_moderate,1.75,HTLS Reconductor,92.5,117.9,1917,62.9,True,9.1,-97.06,32.139,-97.133361,32.022461
2023_all2030_dcfull_n1_ALL_2030,2023,all2030,full_tx,ALL_2030,all2030_dcfull_n1,transmission,upgrade_branch,line,AC,NORTH,12807-13392,12807,13392,300.0,420.0,120.0,22.408,ALL,161.0,161.0,161.0,T4_light,1.4,Reconductor(ACSR->ACSS),28.4,101.4,4909,65.9,True,16.4,-101.381494,34.196962,-101.1794378,34.0282444
2023_all2030_dcfull_n1_ALL_2030,2023,all2030,full_tx,ALL_2030,all2030_dcfull_n1,transmission,upgrade_branch,line,AC,NORTH,5292-5312,5292,5312,187.0,261.8,74.8,22.342,ALL,161.0,161.0,161.0,T4_light,1.4,Reconductor(ACSR->ACSS),28.0,100.2,2347,68.9,True,16.4,-97.34008506896552,32.753233586206896,-97.561179,32.900196
2023_all2030_dcfull_n1_ALL_2030,2023,all2030,full_tx,ALL_2030,all2030_dcfull_n1,transmission,upgrade_branch,line,AC,NORTH,5093-5254,5093,5254,245.0,428.8,183.8,21.892,ALL,161.0,161.0,161.0,T5_moderate,1.75,HTLS Reconductor,81.5,114.5,1605,66.7,True,8.9,-97.377255,32.986624,-97.22672,33.009335
2023_all2030_dcfull_n1_ALL_2030,2023,all2030,full_tx,ALL_2030,all2030_dcfull_n1,transmission,upgrade_branch,line,AC,NORTH,8069-8132,8069,8132,102.7,225.9,123.2,21.848,ALL,115.0,115.0,115.0,T6_heavy,2.2,New Parallel Circuit,46.7,130.8,4353,95.5,True,7.3,-96.202639,31.37571,-96.229757,31.4789
2023_all2030_dcfull_n1_ALL_2030,2023,all2030,full_tx,ALL_2030,all2030_dcfull_n1,transmission,upgrade_branch,line,AC,WEST,3116-13403,3116,13403,130.2,227.8,97.6,20.452,ALL,115.0,115.0,115.0,T5_moderate,1.75,HTLS Reconductor,67.8,113.1,4991,66.3,True,10.5,-100.793333,32.718056,-100.94008825,32.806441125
2023_all2030_dcfull_n1_ALL_2030,2023,all2030,full_tx,ALL_2030,all2030_dcfull_n1,transmission,upgrade_branch,line,AC,NORTH,5157-5085,5157,5085,251.0,351.4,100.4,20.327,ALL,161.0,161.0,161.0,T4_light,1.4,Reconductor(ACSR->ACSS),71.2,107.8,1908,52.4,True,14.9,-96.864075,32.599427,-96.80082027272728,32.808276409090915
2023_all2030_dcfull_n1_ALL_2030,2023,all2030,full_tx,ALL_2030,all2030_dcfull_n1,transmission,upgrade_branch,line,AC,SOUTH,4197-13067,4197,13067,187.0,411.4,224.4,20.09,ALL,115.0,115.0,115.0,T6_heavy,2.2,New Parallel Circuit,92.3,139.5,1553,83.8,True,6.7,-99.005278,27.488056,-98.91,27.44
2023_all2030_dcfull_n1_ALL_2030,2023,all2030,full_tx,ALL_2030,all2030_dcfull_n1,transmission,upgrade_branch,line,AC,SOUTH,4197-13067,4197,13067,187.0,411.4,224.4,20.09,ALL,115.0,115.0,115.0,T6_heavy,2.2,New Parallel Circuit,92.3,139.5,1552,83.8,True,6.7,-99.005278,27.488056,-98.91,27.44
2023_all2030_dcfull_n1_ALL_2030,2023,all2030,full_tx,ALL_2030,all2030_dcfull_n1,transmission,upgrade_branch,transformer,AC,WEST,2097-2096,2097,2096,836.0,1254.0,418.0,20.0,ALL,230.0,500.0,500.0,T4_light,1.5,Transformer Replace 1.5x,90.7,107.6,4909,75.1,True,0.0,-101.482424,33.686171,-101.482424,33.686171
2023_all2030_dcfull_n1_ALL_2030,2023,all2030,full_tx,ALL_2030,all2030_dcfull_n1,transmission,upgrade_branch,transformer,AC,NORTH,5064-5063,5064,5063,1277.0,1915.5,638.5,20.0,ALL,161.0,500.0,500.0,T4_light,1.5,Transformer Replace 1.5x,72.6,100.5,1750,79.8,True,0.0,-97.12502636363637,32.69967490909091,-97.12502636363637,32.69967490909091
2023_all2030_dcfull_n1_ALL_2030,2023,all2030,full_tx,ALL_2030,all2030_dcfull_n1,transmission,upgrade_branch,transformer,AC,NORTH,5064-5063,5064,5063,1277.0,1915.5,638.5,20.0,ALL,161.0,500.0,500.0,T4_light,1.5,Transformer Replace 1.5x,72.6,100.5,1749,79.8,True,0.0,-97.12502636363637,32.69967490909091,-97.12502636363637,32.69967490909091
2023_all2030_dcfull_n1_ALL_2030,2023,all2030,full_tx,ALL_2030,all2030_dcfull_n1,transmission,upgrade_branch,transformer,AC,NORTH,5197-5196,5197,5196,305.0,457.5,152.5,20.0,ALL,161.0,500.0,500.0,T4_light,1.5,Transformer Replace 1.5x,42.4,100.4,2149,57.4,True,0.0,-98.3737215,33.2411135,-98.3737215,33.2411135
2023_all2030_dcfull_n1_ALL_2030,2023,all2030,full_tx,ALL_2030,all2030_dcfull_n1,transmission,upgrade_branch,transformer,AC,NORTH,5259-12728,5259,12728,600.0,900.0,300.0,20.0,ALL,161.0,500.0,500.0,T4_light,1.5,Transformer Replace 1.5x,79.4,103.8,2361,77.7,True,0.0,-96.452481,33.068055,-96.452481,33.068055
2023_all2030_dcfull_n1_ALL_2030,2023,all2030,full_tx,ALL_2030,all2030_dcfull_n1,transmission,upgrade_branch,transformer,AC,NORTH,5308-12536,5308,12536,800.0,1200.0,400.0,20.0,ALL,161.0,500.0,500.0,T4_light,1.5,Transformer Replace 1.5x,81.3,103.4,2284,84.1,True,0.0,-96.5458,32.8358,-96.5458,32.8358
2023_all2030_dcfull_n1_ALL_2030,2023,all2030,full_tx,ALL_2030,all2030_dcfull_n1,transmission,upgrade_branch,transformer,AC,HOUSTON,7342-7341,7342,7341,1311.0,1966.5,655.5,20.0,ALL,230.0,500.0,500.0,T4_light,1.5,Transformer Replace 1.5x,78.1,102.6,4227,86.3,True,0.0,-95.7842315,29.79427175,-95.7842315,29.79427175
2023_all2030_dcfull_n1_ALL_2030,2023,all2030,full_tx,ALL_2030,all2030_dcfull_n1,transmission,upgrade_branch,line,AC,WEST,3015-3128,3015,3128,98.0,171.5,73.5,19.948,ALL,115.0,115.0,115.0,T5_moderate,1.75,HTLS Reconductor,80.0,119.6,805,73.6,True,10.2,-100.56760671428572,32.36118885714286,-100.727898,32.421184499999995
2023_all2030_dcfull_n1_ALL_2030,2023,all2030,full_tx,ALL_2030,all2030_dcfull_n1,transmission,upgrade_branch,line,AC,HOUSTON,7020-6173,7020,6173,120.0,168.0,48.0,19.887,ALL,115.0,115.0,115.0,T4_light,1.4,Reconductor(ACSR->ACSS),55.2,109.7,2686,79.8,True,18.0,-97.135,28.8947,-97.2968245,29.1133745
2023_all2030_dcfull_n1_ALL_2030,2023,all2030,full_tx,ALL_2030,all2030_dcfull_n1,transmission,upgrade_branch,line,AC,NORTH,5274-5313,5274,5313,232.9,582.2,349.4,19.524,ALL,161.0,161.0,161.0,T7_structural,2.5,New Corridor/Aggressive Parallel,168.7,220.2,2317,117.7,False,2.6,-96.674333,32.605192,-96.695516,32.63852
2023_all2030_dcfull_n1_ALL_2030,2023,all2030,full_tx,ALL_2030,all2030_dcfull_n1,transmission,upgrade_branch,line,AC,WEST,3072-3040,3072,3040,193.0,270.2,77.2,19.455,ALL,115.0,115.0,115.0,T4_light,1.4,Reconductor(ACSR->ACSS),95.6,107.8,911,73.8,True,17.6,-100.113803,31.534768,-99.934162,31.738576
2023_all2030_dcfull_n1_ALL_2030,2023,all2030,full_tx,ALL_2030,all2030_dcfull_n1,transmission,upgrade_branch,line,AC,NORTH,8120-8141,8120,8141,221.0,309.4,88.4,19.372,ALL,115.0,115.0,115.0,T4_light,1.4,Reconductor(ACSR->ACSS),54.4,109.9,4356,49.9,True,17.5,-96.4032496,30.7142204,-96.62542,30.881424
2023_all2030_dcfull_n1_ALL_2030,2023,all2030,full_tx,ALL_2030,all2030_dcfull_n1,transmission,upgrade_branch,line,AC,SOUTH,6221-6322,6221,6322,98.0,137.2,39.2,19.042,ALL,115.0,115.0,115.0,T4_light,1.4,Reconductor(ACSR->ACSS),35.2,105.0,3195,75.4,True,17.2,-98.240425,28.867033,-98.080406,29.073446
2023_all2030_dcfull_n1_ALL_2030,2023,all2030,full_tx,ALL_2030,all2030_dcfull_n1,transmission,upgrade_branch,line,AC,NORTH,5249-5022,5249,5022,409.0,572.6,163.6,18.95,ALL,161.0,161.0,161.0,T4_light,1.4,Reconductor(ACSR->ACSS),64.8,107.4,1635,94.0,True,13.9,-97.34008506896552,32.753233586206896,-97.572841,32.708154
2023_all2030_dcfull_n1_ALL_2030,2023,all2030,full_tx,ALL_2030,all2030_dcfull_n1,transmission,upgrade_branch,line,AC,NORTH,5249-5022,5249,5022,409.0,572.6,163.6,18.95,ALL,161.0,161.0,161.0,T4_light,1.4,Reconductor(ACSR->ACSS),64.8,107.4,1634,94.0,True,13.9,-97.34008506896552,32.753233586206896,-97.572841,32.708154
2023_all2030_dcfull_n1_ALL_2030,2023,all2030,full_tx,ALL_2030,all2030_dcfull_n1,transmission,upgrade_branch,line,AC,NORTH,2126-5220,2126,5220,251.0,439.2,188.2,18.875,ALL,161.0,161.0,161.0,T5_moderate,1.75,HTLS Reconductor,82.7,122.0,571,82.1,True,7.6,-97.128552,33.458028,-97.213359,33.373051
2023_all2030_dcfull_n1_ALL_2030,2023,all2030,full_tx,ALL_2030,all2030_dcfull_n1,transmission,upgrade_branch,line,AC,SOUTH,6032-6207,6032,6207,149.0,208.6,59.6,18.863,ALL,115.0,115.0,115.0,T4_light,1.4,Reconductor(ACSR->ACSS),38.0,104.8,2954,74.9,True,17.1,-97.77508287179488,30.30416587179487,-97.9398515,30.5062735
2023_all2030_dcfull_n1_ALL_2030,2023,all2030,full_tx,ALL_2030,all2030_dcfull_n1,transmission,upgrade_branch,line,AC,NORTH,5145-5323,5145,5323,310.0,434.0,124.0,18.421,ALL,161.0,161.0,161.0,T4_light,1.4,Reconductor(ACSR->ACSS),75.0,104.1,2015,62.2,True,13.5,-97.010181,32.723688,-96.80082027272728,32.808276409090915
2023_all2030_dcfull_n1_ALL_2030,2023,all2030,full_tx,ALL_2030,all2030_dcfull_n1,transmission,upgrade_branch,line,AC,NORTH,5145-5323,5145,5323,310.0,434.0,124.0,18.421,ALL,161.0,161.0,161.0,T4_light,1.4,Reconductor(ACSR->ACSS),75.0,104.1,2014,62.2,True,13.5,-97.010181,32.723688,-96.80082027272728,32.808276409090915
2023_all2030_dcfull_n1_ALL_2030,2023,all2030,full_tx,ALL_2030,all2030_dcfull_n1,transmission,upgrade_branch,line,AC,NORTH,5145-5323,5145,5323,310.0,434.0,124.0,18.421,ALL,161.0,161.0,161.0,T4_light,1.4,Reconductor(ACSR->ACSS),75.0,104.1,2014,62.2,True,13.5,-97.010181,32.723688,-96.80082027272728,32.808276409090915
2023_all2030_dcfull_n1_ALL_2030,2023,all2030,full_tx,ALL_2030,all2030_dcfull_n1,transmission,upgrade_branch,line,AC,NORTH,2033-2106,2033,2106,326.0,456.4,130.4,18.279,ALL,161.0,161.0,161.0,T4_light,1.4,Reconductor(ACSR->ACSS),52.9,102.4,491,72.8,True,13.4,-96.146489,33.500378,-96.378894,33.498186
2023_all2030_dcfull_n1_ALL_2030,2023,all2030,full_tx,ALL_2030,all2030_dcfull_n1,transmission,upgrade_branch,line,AC,NORTH,5427-5269,5427,5269,310.0,434.0,124.0,17.982,ALL,161.0,161.0,161.0,T4_light,1.4,Reconductor(ACSR->ACSS),83.9,109.8,2440,73.0,True,13.2,-96.8502335,32.366515,-97.0540165,32.448697
2023_all2030_dcfull_n1_ALL_2030,2023,all2030,full_tx,ALL_2030,all2030_dcfull_n1,transmission,upgrade_branch,line,AC,NORTH,5447-5104,5447,5104,363.0,508.2,145.2,17.795,ALL,161.0,161.0,161.0,T4_light,1.4,Reconductor(ACSR->ACSS),63.3,104.3,1892,71.3,True,13.0,-97.12502636363637,32.69967490909091,-97.34008506896552,32.753233586206896
2023_all2030_dcfull_n1_ALL_2030,2023,all2030,full_tx,ALL_2030,all2030_dcfull_n1,transmission,upgrade_branch,line,AC,NORTH,5447-5104,5447,5104,363.0,508.2,145.2,17.795,ALL,161.0,161.0,161.0,T4_light,1.4,Reconductor(ACSR->ACSS),63.3,104.3,1891,71.3,True,13.0,-97.12502636363637,32.69967490909091,-97.34008506896552,32.753233586206896
2023_all2030_dcfull_n1_ALL_2030,2023,all2030,full_tx,ALL_2030,all2030_dcfull_n1,transmission,upgrade_branch,line,AC,SOUTH,4129-4130,4129,4130,98.0,137.2,39.2,17.793,ALL,115.0,115.0,115.0,T4_light,1.4,Reconductor(ACSR->ACSS),50.4,100.7,1548,71.5,True,16.1,-98.496692,27.634419,-98.62897,27.835918
2023_all2030_dcfull_n1_ALL_2030,2023,all2030,full_tx,ALL_2030,all2030_dcfull_n1,transmission,upgrade_branch,line,AC,NORTH,5276-12926,5276,12926,207.2,362.6,155.4,17.652,ALL,161.0,161.0,161.0,T5_moderate,1.75,HTLS Reconductor,24.2,124.5,4713,48.1,True,7.1,-96.84912,31.509216,-96.93121275,31.43308425
2023_all2030_dcfull_n1_ALL_2030,2023,all2030,full_tx,ALL_2030,all2030_dcfull_n1,transmission,upgrade_branch,transformer,AC,WEST,2098-2097,2098,2097,146.0,292.0,146.0,17.0,ALL,161.0,230.0,230.0,T6_heavy,2.0,Parallel Transformer 2x,34.2,140.1,614,100.1,False,0.0,-101.482424,33.686171,-101.482424,33.686171
2023_all2030_dcfull_n1_ALL_2030,2023,all2030,full_tx,ALL_2030,all2030_dcfull_n1,transmission,upgrade_branch,transformer,AC,WEST,3083-3082,3083,3082,143.8,287.6,143.8,17.0,ALL,115.0,230.0,230.0,T6_heavy,2.0,Parallel Transformer 2x,86.4,128.2,851,84.8,True,0.0,-100.09043266666669,32.36779933333333,-100.09043266666669,32.36779933333333
2023_all2030_dcfull_n1_ALL_2030,2023,all2030,full_tx,ALL_2030,all2030_dcfull_n1,transmission,upgrade_branch,transformer,AC,WEST,3089-3088,3089,3088,411.0,822.0,411.0,17.0,ALL,161.0,230.0,230.0,T6_heavy,2.0,Parallel Transformer 2x,112.2,129.5,773,63.8,True,0.0,-99.70613471428572,32.45867642857143,-99.70613471428572,32.45867642857143
2023_all2030_dcfull_n1_ALL_2030,2023,all2030,full_tx,ALL_2030,all2030_dcfull_n1,transmission,upgrade_branch,transformer,AC,WEST,3097-3096,3097,3096,233.0,466.0,233.0,17.0,ALL,115.0,230.0,230.0,T6_heavy,2.0,Parallel Transformer 2x,90.4,130.9,960,72.4,True,0.0,-101.17026400000002,32.93510466666667,-101.17026400000002,32.93510466666667
2023_all2030_dcfull_n1_ALL_2030,2023,all2030,full_tx,ALL_2030,all2030_dcfull_n1,transmission,upgrade_branch,transformer,AC,WEST,3097-3096,3097,3096,233.0,466.0,233.0,17.0,ALL,115.0,230.0,230.0,T6_heavy,2.0,Parallel Transformer 2x,90.4,130.9,959,72.4,True,0.0,-101.17026400000002,32.93510466666667,-101.17026400000002,32.93510466666667
2023_all2030_dcfull_n1_ALL_2030,2023,all2030,full_tx,ALL_2030,all2030_dcfull_n1,transmission,upgrade_branch,transformer,AC,HOUSTON,7421-7420,7421,7420,161.4,322.8,161.4,17.0,ALL,115.0,230.0,230.0,T6_heavy,2.0,Parallel Transformer 2x,107.2,147.4,4337,95.8,True,0.0,-95.698237,30.1865575,-95.698237,30.1865575
2023_all2030_dcfull_n1_ALL_2030,2023,all2030,full_tx,ALL_2030,all2030_dcfull_n1,transmission,upgrade_branch,transformer,AC,HOUSTON,7421-7420,7421,7420,161.4,322.8,161.4,17.0,ALL,115.0,230.0,230.0,T6_heavy,2.0,Parallel Transformer 2x,107.2,147.4,4336,95.8,True,0.0,-95.698237,30.1865575,-95.698237,30.1865575
2023_all2030_dcfull_n1_ALL_2030,2023,all2030,full_tx,ALL_2030,all2030_dcfull_n1,transmission,upgrade_branch,transformer,AC,WEST,12897-12898,12897,12898,700.0,1400.0,700.0,17.0,ALL,115.0,230.0,230.0,T6_heavy,2.0,Parallel Transformer 2x,92.9,140.5,4800,79.8,True,0.0,-100.94008825,32.806441125,-100.94008825,32.806441125
2023_all2030_dcfull_n1_ALL_2030,2023,all2030,full_tx,ALL_2030,all2030_dcfull_n1,transmission,upgrade_branch,line,AC,NORTH,5337-5197,5337,5197,187.0,261.8,74.8,16.934,ALL,161.0,161.0,161.0,T4_light,1.4,Reconductor(ACSR->ACSS),39.8,100.9,2031,53.0,True,12.4,-98.244763,33.097641,-98.3737215,33.2411135
2023_all2030_dcfull_n1_ALL_2030,2023,all2030,full_tx,ALL_2030,all2030_dcfull_n1,transmission,upgrade_branch,line,AC,NORTH,5205-5153,5205,5153,409.0,572.6,163.6,16.725,ALL,161.0,161.0,161.0,T4_light,1.4,Reconductor(ACSR->ACSS),48.7,102.0,2173,66.8,True,12.3,-97.93385,33.07965,-97.723422,33.098727
2023_all2030_dcfull_n1_ALL_2030,2023,all2030,full_tx,ALL_2030,all2030_dcfull_n1,transmission,upgrade_branch,line,AC,NORTH,5205-5153,5205,5153,409.0,572.6,163.6,16.725,ALL,161.0,161.0,161.0,T4_light,1.4,Reconductor(ACSR->ACSS),48.7,102.0,2173,66.8,True,12.3,-97.93385,33.07965,-97.723422,33.098727
2023_all2030_dcfull_n1_ALL_2030,2023,all2030,full_tx,ALL_2030,all2030_dcfull_n1,transmission,upgrade_branch,line,AC,SOUTH,6232-6194,6232,6194,221.0,309.4,88.4,16.102,ALL,115.0,115.0,115.0,T4_light,1.4,Reconductor(ACSR->ACSS),83.4,100.9,2725,73.1,True,14.6,-97.607312,30.150985,-97.77508287179488,30.30416587179487
2023_all2030_dcfull_n1_ALL_2030,2023,all2030,full_tx,ALL_2030,all2030_dcfull_n1,transmission,upgrade_branch,transformer,AC,NORTH,13017-2068,13017,2068,286.4,859.2,572.8,16.0,ALL,20.0,161.0,161.0,T7_structural,3.0,Major Transformer 3x,349.9,350.0,3629,116.6,False,0.0,-98.360833,33.509722,-98.360833,33.509722
2023_all2030_dcfull_n1_ALL_2030,2023,all2030,full_tx,ALL_2030,all2030_dcfull_n1,transmission,upgrade_branch,transformer,AC,NORTH,2071-2070,2071,2070,251.1,753.3,502.2,16.0,ALL,18.0,161.0,161.0,T7_structural,3.0,Major Transformer 3x,315.0,315.0,3629,105.0,False,0.0,-98.540972,33.494167000000004,-98.540972,33.494167000000004
2023_all2030_dcfull_n1_ALL_2030,2023,all2030,full_tx,ALL_2030,all2030_dcfull_n1,transmission,upgrade_branch,transformer,AC,NORTH,2089-2088,2089,2088,93.5,280.5,187.0,16.0,ALL,24.0,161.0,161.0,T7_structural,3.0,Major Transformer 3x,355.2,355.2,-1,118.4,False,0.0,-98.540972,33.494167000000004,-98.540972,33.494167000000004
2023_all2030_dcfull_n1_ALL_2030,2023,all2030,full_tx,ALL_2030,all2030_dcfull_n1,transmission,upgrade_branch,transformer,AC,NORTH,13000-12999,13000,12999,183.5,550.5,367.0,16.0,ALL,20.0,161.0,161.0,T7_structural,3.0,Major Transformer 3x,81.7,218.0,5029,27.2,True,0.0,-95.574442,33.433264,-95.574442,33.433264
2023_all2030_dcfull_n1_ALL_2030,2023,all2030,full_tx,ALL_2030,all2030_dcfull_n1,transmission,upgrade_branch,line,AC,NORTH,5259-5412,5259,5412,324.0,567.0,243.0,15.173,ALL,161.0,161.0,161.0,T5_moderate,1.75,HTLS Reconductor,73.1,111.9,2286,66.4,True,6.1,-96.452481,33.068055,-96.534936,33.012135
2023_all2030_dcfull_n1_ALL_2030,2023,all2030,full_tx,ALL_2030,all2030_dcfull_n1,transmission,upgrade_branch,line,AC,NORTH,5259-5412,5259,5412,311.0,544.2,233.2,15.173,ALL,161.0,161.0,161.0,T5_moderate,1.75,HTLS Reconductor,69.1,111.8,2285,66.0,True,6.1,-96.452481,33.068055,-96.534936,33.012135
2023_all2030_dcfull_n1_ALL_2030,2023,all2030,full_tx,ALL_2030,all2030_dcfull_n1,transmission,upgrade_branch,line,AC,NORTH,5277-5315,5277,5315,219.0,306.6,87.6,14.972,ALL,161.0,161.0,161.0,T4_light,1.4,Reconductor(ACSR->ACSS),76.9,109.4,2325,78.4,True,11.0,-96.950551,33.176495,-97.13581333333332,33.210620166666665
2023_all2030_dcfull_n1_ALL_2030,2023,all2030,full_tx,ALL_2030,all2030_dcfull_n1,transmission,upgrade_branch,line,AC,NORTH,5277-5315,5277,5315,219.0,306.6,87.6,14.972,ALL,161.0,161.0,161.0,T4_light,1.4,Reconductor(ACSR->ACSS),76.9,109.4,2324,78.4,True,11.0,-96.950551,33.176495,-97.13581333333332,33.210620166666665
2023_all2030_dcfull_n1_ALL_2030,2023,all2030,full_tx,ALL_2030,all2030_dcfull_n1,transmission,upgrade_branch,line,AC,HOUSTON,7364-7299,7364,7299,98.0,137.2,39.2,14.569,ALL,115.0,115.0,115.0,T4_light,1.4,Reconductor(ACSR->ACSS),84.7,101.0,4168,68.0,True,13.2,-96.218695,29.522218,-96.384508,29.397447
2023_all2030_dcfull_n1_ALL_2030,2023,all2030,full_tx,ALL_2030,all2030_dcfull_n1,transmission,upgrade_branch,line,AC,NORTH,5171-5174,5171,5174,251.0,351.4,100.4,14.567,ALL,161.0,161.0,161.0,T4_light,1.4,Reconductor(ACSR->ACSS),91.8,109.1,4713,72.6,True,10.7,-96.91458,32.043976,-96.8751,31.8932
2023_all2030_dcfull_n1_ALL_2030,2023,all2030,full_tx,ALL_2030,all2030_dcfull_n1,transmission,upgrade_branch,line,AC,SOUTH,4176-4197,4176,4197,216.4,378.7,162.3,14.549,ALL,115.0,115.0,115.0,T5_moderate,1.75,HTLS Reconductor,98.2,116.0,1554,60.6,True,7.5,-98.883685,27.48301875,-99.005278,27.488056
2023_all2030_dcfull_n1_ALL_2030,2023,all2030,full_tx,ALL_2030,all2030_dcfull_n1,transmission,upgrade_branch,line,AC,NORTH,5217-5433,5217,5433,279.0,390.6,111.6,14.255,ALL,161.0,161.0,161.0,T4_light,1.4,Reconductor(ACSR->ACSS),88.9,109.9,2402,68.6,True,10.4,-97.2168395,32.863300499999994,-97.34008506896552,32.753233586206896
2023_all2030_dcfull_n1_ALL_2030,2023,all2030,full_tx,ALL_2030,all2030_dcfull_n1,transmission,upgrade_branch,line,AC,NORTH,2129-2033,2129,2033,338.0,473.2,135.2,14.208,ALL,161.0,161.0,161.0,T4_light,1.4,Reconductor(ACSR->ACSS),61.8,101.5,490,72.1,True,10.4,-96.311485,33.439125,-96.146489,33.500378
2023_all2030_dcfull_n1_ALL_2030,2023,all2030,full_tx,ALL_2030,all2030_dcfull_n1,transmission,upgrade_branch,line,AC,HOUSTON,7235-7315,7235,7315,221.0,309.4,88.4,14.04,ALL,115.0,115.0,115.0,T4_light,1.4,Reconductor(ACSR->ACSS),62.9,107.7,4022,71.0,True,12.7,-95.708537,29.9660525,-95.7842315,29.79427175
2023_all2030_dcfull_n1_ALL_2030,2023,all2030,full_tx,ALL_2030,all2030_dcfull_n1,transmission,upgrade_branch,line,AC,HOUSTON,7235-7315,7235,7315,221.0,309.4,88.4,14.04,ALL,115.0,115.0,115.0,T4_light,1.4,Reconductor(ACSR->ACSS),62.9,107.7,4021,71.0,True,12.7,-95.708537,29.9660525,-95.7842315,29.79427175
2023_all2030_dcfull_n1_ALL_2030,2023,all2030,full_tx,ALL_2030,all2030_dcfull_n1,transmission,upgrade_branch,line,AC,HOUSTON,7050-7251,7050,7251,132.5,185.5,53.0,13.878,ALL,115.0,115.0,115.0,T4_light,1.4,Reconductor(ACSR->ACSS),72.6,109.2,3307,68.1,True,12.6,-95.698237,30.1865575,-95.833733,30.047619
2023_all2030_dcfull_n1_ALL_2030,2023,all2030,full_tx,ALL_2030,all2030_dcfull_n1,transmission,upgrade_branch,line,AC,NORTH,5258-5178,5258,5178,187.0,261.8,74.8,13.856,ALL,161.0,161.0,161.0,T4_light,1.4,Reconductor(ACSR->ACSS),84.5,109.0,2101,67.9,True,10.2,-96.4916,32.7563,-96.4445225,32.897791
2023_all2030_dcfull_n1_ALL_2030,2023,all2030,full_tx,ALL_2030,all2030_dcfull_n1,transmission,upgrade_branch,line,AC,NORTH,5277-5095,5277,5095,301.0,526.8,225.8,13.748,ALL,161.0,161.0,161.0,T5_moderate,1.75,HTLS Reconductor,78.3,121.6,2557,71.1,True,5.6,-96.950551,33.176495,-97.005469,33.110351
2023_all2030_dcfull_n1_ALL_2030,2023,all2030,full_tx,ALL_2030,all2030_dcfull_n1,transmission,upgrade_branch,line,AC,NORTH,5088-5393,5088,5393,251.0,351.4,100.4,13.705,ALL,161.0,161.0,161.0,T4_light,1.4,Reconductor(ACSR->ACSS),20.1,107.9,1835,59.7,True,10.0,-97.46203133333334,31.819786000000004,-97.374883,31.694792
2023_all2030_dcfull_n1_ALL_2030,2023,all2030,full_tx,ALL_2030,all2030_dcfull_n1,transmission,upgrade_branch,line,AC,WEST,1055-1089,1055,1089,98.0,137.2,39.2,13.687,ALL,115.0,115.0,115.0,T4_light,1.4,Reconductor(ACSR->ACSS),54.6,104.7,13,63.0,True,12.4,-101.764414,32.92701,-101.83586283333334,32.75809566666667
2023_all2030_dcfull_n1_ALL_2030,2023,all2030,full_tx,ALL_2030,all2030_dcfull_n1,transmission,upgrade_branch,line,AC,NORTH,5091-5257,5091,5257,251.0,351.4,100.4,13.559,ALL,161.0,161.0,161.0,T4_light,1.4,Reconductor(ACSR->ACSS),89.3,106.6,4713,70.7,True,9.9,-96.807932,32.038687,-96.85118,32.177712
2023_all2030_dcfull_n1_ALL_2030,2023,all2030,full_tx,ALL_2030,all2030_dcfull_n1,transmission,upgrade_branch,line,AC,NORTH,5253-5370,5253,5370,397.0,694.8,297.8,13.433,ALL,161.0,161.0,161.0,T5_moderate,1.75,HTLS Reconductor,66.9,119.1,2275,74.6,True,5.4,-97.092488,33.0338,-97.0124115,33.07492
2023_all2030_dcfull_n1_ALL_2030,2023,all2030,full_tx,ALL_2030,all2030_dcfull_n1,transmission,upgrade_branch,line,AC,NORTH,5370-5253,5370,5253,397.0,694.8,297.8,13.433,ALL,161.0,161.0,161.0,T5_moderate,1.75,HTLS Reconductor,66.9,119.1,2274,74.6,True,5.4,-97.0124115,33.07492,-97.092488,33.0338
2023_all2030_dcfull_n1_ALL_2030,2023,all2030,full_tx,ALL_2030,all2030_dcfull_n1,transmission,upgrade_branch,line,AC,NORTH,8121-8055,8121,8055,98.0,137.2,39.2,13.243,ALL,115.0,115.0,115.0,T4_light,1.4,Reconductor(ACSR->ACSS),14.4,107.0,4589,65.3,True,12.0,-95.123407,31.9424935,-95.19267,31.779325
2023_all2030_dcfull_n1_ALL_2030,2023,all2030,full_tx,ALL_2030,all2030_dcfull_n1,transmission,upgrade_branch,line,AC,HOUSTON,7179-7244,7179,7244,208.0,291.2,83.2,12.59,ALL,115.0,115.0,115.0,T4_light,1.4,Reconductor(ACSR->ACSS),72.3,109.4,4045,78.1,True,11.4,-95.474615,29.537301,-95.31001,29.45566
2023_all2030_dcfull_n1_ALL_2030,2023,all2030,full_tx,ALL_2030,all2030_dcfull_n1,transmission,upgrade_branch,line,AC,WEST,3083-3099,3083,3099,137.8,192.9,55.1,12.429,ALL,115.0,115.0,115.0,T4_light,1.4,Reconductor(ACSR->ACSS),89.8,104.1,968,69.3,True,11.2,-100.09043266666669,32.36779933333333,-99.90623,32.415823
2023_all2030_dcfull_n1_ALL_2030,2023,all2030,full_tx,ALL_2030,all2030_dcfull_n1,transmission,upgrade_branch,line,AC,NORTH,5256-5427,5256,5427,251.0,351.4,100.4,12.183,ALL,161.0,161.0,161.0,T4_light,1.4,Reconductor(ACSR->ACSS),69.2,107.6,2183,73.6,True,8.9,-96.842324,32.237512,-96.8502335,32.366515
2023_all2030_dcfull_n1_ALL_2030,2023,all2030,full_tx,ALL_2030,all2030_dcfull_n1,transmission,upgrade_branch,transformer,AC,WEST,3056-3053,3056,3053,277.1,484.9,207.8,11.5,ALL,13.8,230.0,230.0,T5_moderate,1.75,Transformer Replace 1.75x,117.2,117.2,186,67.0,True,0.0,-100.1097475,32.1590745,-100.1097475,32.1590745
2023_all2030_dcfull_n1_ALL_2030,2023,all2030,full_tx,ALL_2030,all2030_dcfull_n1,transmission,upgrade_branch,transformer,AC,WEST,3092-3088,3092,3088,234.7,410.7,176.0,11.5,ALL,13.8,230.0,230.0,T5_moderate,1.75,Transformer Replace 1.75x,114.1,114.1,2582,65.2,True,0.0,-99.70613471428572,32.45867642857143,-99.70613471428572,32.45867642857143
2023_all2030_dcfull_n1_ALL_2030,2023,all2030,full_tx,ALL_2030,all2030_dcfull_n1,transmission,upgrade_branch,transformer,AC,NORTH,5396-5395,5396,5395,320.0,560.0,240.0,11.5,ALL,161.0,230.0,230.0,T5_moderate,1.75,Transformer Replace 1.75x,0.6,115.3,1742,79.5,True,0.0,-99.33232,32.77921550000001,-99.33232,32.77921550000001
2023_all2030_dcfull_n1_ALL_2030,2023,all2030,full_tx,ALL_2030,all2030_dcfull_n1,transmission,upgrade_branch,transformer,AC,SOUTH,6256-6255,6256,6255,300.0,525.0,225.0,11.5,ALL,115.0,230.0,230.0,T5_moderate,1.75,Transformer Replace 1.75x,91.3,111.6,2725,97.9,True,0.0,-97.77508287179488,30.30416587179487,-97.77508287179488,30.30416587179487
2023_all2030_dcfull_n1_ALL_2030,2023,all2030,full_tx,ALL_2030,all2030_dcfull_n1,transmission,upgrade_branch,transformer,AC,SOUTH,6256-6255,6256,6255,300.0,525.0,225.0,11.5,ALL,115.0,230.0,230.0,T5_moderate,1.75,Transformer Replace 1.75x,91.3,111.6,2725,97.9,True,0.0,-97.77508287179488,30.30416587179487,-97.77508287179488,30.30416587179487
2023_all2030_dcfull_n1_ALL_2030,2023,all2030,full_tx,ALL_2030,all2030_dcfull_n1,transmission,upgrade_branch,transformer,AC,SOUTH,6344-6343,6344,6343,400.0,700.0,300.0,11.5,ALL,115.0,230.0,230.0,T5_moderate,1.75,Transformer Replace 1.75x,79.7,119.0,3258,76.8,True,0.0,-97.677175,30.5341255,-97.677175,30.5341255
2023_all2030_dcfull_n1_ALL_2030,2023,all2030,full_tx,ALL_2030,all2030_dcfull_n1,transmission,upgrade_branch,transformer,AC,SOUTH,6344-6343,6344,6343,400.0,700.0,300.0,11.5,ALL,115.0,230.0,230.0,T5_moderate,1.75,Transformer Replace 1.75x,79.7,119.0,3257,76.8,True,0.0,-97.677175,30.5341255,-97.677175,30.5341255
2023_all2030_dcfull_n1_ALL_2030,2023,all2030,full_tx,ALL_2030,all2030_dcfull_n1,transmission,upgrade_branch,transformer,AC,NORTH,8114-8113,8114,8113,190.0,332.5,142.5,11.5,ALL,115.0,230.0,230.0,T5_moderate,1.75,Transformer Replace 1.75x,75.9,114.7,4474,58.1,True,0.0,-95.123407,31.9424935,-95.123407,31.9424935
2023_all2030_dcfull_n1_ALL_2030,2023,all2030,full_tx,ALL_2030,all2030_dcfull_n1,transmission,upgrade_branch,line,AC,NORTH,5044-5153,5044,5153,600.0,840.0,240.0,11.331,ALL,161.0,161.0,161.0,T4_light,1.4,Reconductor(ACSR->ACSS),71.1,106.1,1692,65.4,True,8.3,-97.597083,33.041942,-97.723422,33.098727
2023_all2030_dcfull_n1_ALL_2030,2023,all2030,full_tx,ALL_2030,all2030_dcfull_n1,transmission,upgrade_branch,line,AC,NORTH,5044-5153,5044,5153,600.0,840.0,240.0,11.331,ALL,161.0,161.0,161.0,T4_light,1.4,Reconductor(ACSR->ACSS),71.1,106.1,1691,65.4,True,8.3,-97.597083,33.041942,-97.723422,33.098727
2023_all2030_dcfull_n1_ALL_2030,2023,all2030,full_tx,ALL_2030,all2030_dcfull_n1,transmission,upgrade_branch,line,AC,WEST,3128-3129,3128,3129,136.0,190.4,54.4,11.304,ALL,115.0,115.0,115.0,T4_light,1.4,Reconductor(ACSR->ACSS),64.1,108.8,805,83.4,True,10.2,-100.727898,32.421184499999995,-100.56760671428572,32.36118885714286
2023_all2030_dcfull_n1_ALL_2030,2023,all2030,full_tx,ALL_2030,all2030_dcfull_n1,transmission,upgrade_branch,line,AC,SOUTH,4048-4164,4048,4164,192.1,268.9,76.8,11.247,ALL,115.0,115.0,115.0,T4_light,1.4,Reconductor(ACSR->ACSS),72.1,100.8,1257,71.9,True,10.2,-98.494493,26.242813,-98.654824,26.274827
2023_all2030_dcfull_n1_ALL_2030,2023,all2030,full_tx,ALL_2030,all2030_dcfull_n1,transmission,upgrade_branch,line,AC,SOUTH,4048-4164,4048,4164,192.1,268.9,76.8,11.247,ALL,115.0,115.0,115.0,T4_light,1.4,Reconductor(ACSR->ACSS),72.1,100.8,1256,71.9,True,10.2,-98.494493,26.242813,-98.654824,26.274827
2023_all2030_dcfull_n1_ALL_2030,2023,all2030,full_tx,ALL_2030,all2030_dcfull_n1,transmission,upgrade_branch,line,AC,SOUTH,4048-4164,4048,4164,192.1,268.9,76.8,11.247,ALL,115.0,115.0,115.0,T4_light,1.4,Reconductor(ACSR->ACSS),72.1,100.8,1256,71.9,True,10.2,-98.494493,26.242813,-98.654824,26.274827
2023_all2030_dcfull_n1_ALL_2030,2023,all2030,full_tx,ALL_2030,all2030_dcfull_n1,transmission,upgrade_branch,transformer,AC,NORTH,5060-5059,5060,5059,151.0,302.0,151.0,11.0,ALL,115.0,161.0,161.0,T6_heavy,2.0,Parallel Transformer 2x,77.1,131.2,1747,90.2,True,0.0,-96.092445,32.357217500000004,-96.092445,32.357217500000004
2023_all2030_dcfull_n1_ALL_2030,2023,all2030,full_tx,ALL_2030,all2030_dcfull_n1,transmission,upgrade_branch,transformer,AC,NORTH,12968-8065,12968,8065,240.9,722.7,481.8,11.0,ALL,20.0,115.0,115.0,T7_structural,3.0,Major Transformer 3x,152.1,152.1,-1,50.7,True,0.0,-96.1482745,32.142643,-96.1482745,32.142643
2023_all2030_dcfull_n1_ALL_2030,2023,all2030,full_tx,ALL_2030,all2030_dcfull_n1,transmission,upgrade_branch,transformer,AC,NORTH,12969-8065,12969,8065,99.1,297.3,198.2,11.0,ALL,20.0,115.0,115.0,T7_structural,3.0,Major Transformer 3x,186.0,186.0,3629,62.0,True,0.0,-96.1482745,32.142643,-96.1482745,32.142643
2023_all2030_dcfull_n1_ALL_2030,2023,all2030,full_tx,ALL_2030,all2030_dcfull_n1,transmission,upgrade_branch,line,AC,SOUTH,6232-6294,6232,6294,221.0,386.8,165.8,10.725,ALL,115.0,115.0,115.0,T5_moderate,1.75,HTLS Reconductor,67.9,124.7,3158,72.0,True,5.5,-97.607312,30.150985,-97.522552,30.119949
2023_all2030_dcfull_n1_ALL_2030,2023,all2030,full_tx,ALL_2030,all2030_dcfull_n1,transmission,upgrade_branch,line,AC,SOUTH,6232-6294,6232,6294,221.0,386.8,165.8,10.725,ALL,115.0,115.0,115.0,T5_moderate,1.75,HTLS Reconductor,67.9,124.7,3157,72.0,True,5.5,-97.607312,30.150985,-97.522552,30.119949
2023_all2030_dcfull_n1_ALL_2030,2023,all2030,full_tx,ALL_2030,all2030_dcfull_n1,transmission,upgrade_branch,line,AC,WEST,3006-3049,3006,3049,149.0,208.6,59.6,10.718,ALL,115.0,115.0,115.0,T4_light,1.4,Reconductor(ACSR->ACSS),53.4,101.8,695,73.5,True,9.7,-100.0652435,32.819086,-99.8991875,32.803981
2023_all2030_dcfull_n1_ALL_2030,2023,all2030,full_tx,ALL_2030,all2030_dcfull_n1,transmission,upgrade_branch,line,AC,HOUSTON,7273-7405,7273,7405,167.0,233.8,66.8,10.673,ALL,115.0,115.0,115.0,T4_light,1.4,Reconductor(ACSR->ACSS),58.5,105.4,3529,75.4,True,9.7,-94.945159,29.3895056,-94.84457,29.28062966666667
2023_all2030_dcfull_n1_ALL_2030,2023,all2030,full_tx,ALL_2030,all2030_dcfull_n1,transmission,upgrade_branch,line,AC,SOUTH,4139-4144,4139,4144,143.0,200.2,57.2,10.469,ALL,115.0,115.0,115.0,T4_light,1.4,Reconductor(ACSR->ACSS),51.7,108.6,1444,77.5,True,9.5,-97.962915,28.093161,-98.060187,27.986244
2023_all2030_dcfull_n1_ALL_2030,2023,all2030,full_tx,ALL_2030,all2030_dcfull_n1,transmission,upgrade_branch,line,AC,NORTH,5257-5256,5257,5256,251.0,439.2,188.2,10.285,ALL,161.0,161.0,161.0,T5_moderate,1.75,HTLS Reconductor,86.8,119.0,2440,61.7,True,4.2,-96.85118,32.177712,-96.842324,32.237512
2023_all2030_dcfull_n1_ALL_2030,2023,all2030,full_tx,ALL_2030,all2030_dcfull_n1,transmission,upgrade_branch,line,AC,WEST,1003-1055,1003,1055,98.0,137.2,39.2,9.691,ALL,115.0,115.0,115.0,T4_light,1.4,Reconductor(ACSR->ACSS),58.6,108.7,13,65.9,True,8.8,-101.6131975,32.9277015,-101.764414,32.92701
2023_all2030_dcfull_n1_ALL_2030,2023,all2030,full_tx,ALL_2030,all2030_dcfull_n1,transmission,upgrade_branch,line,AC,SOUTH,6180-6125,6180,6125,149.0,260.8,111.8,9.658,ALL,115.0,115.0,115.0,T5_moderate,1.75,HTLS Reconductor,70.6,116.6,3175,67.6,True,5.0,-98.10703,29.350393,-98.057016,29.293499
2023_all2030_dcfull_n1_ALL_2030,2023,all2030,full_tx,ALL_2030,all2030_dcfull_n1,transmission,upgrade_branch,line,AC,NORTH,5341-5095,5341,5095,265.0,583.0,318.0,9.353,ALL,161.0,161.0,161.0,T6_heavy,2.2,New Parallel Circuit,76.8,125.9,2557,58.7,True,2.5,-97.0124115,33.07492,-97.005469,33.110351
2023_all2030_dcfull_n1_ALL_2030,2023,all2030,full_tx,ALL_2030,all2030_dcfull_n1,transmission,upgrade_branch,line,AC,SOUTH,6264-4125,6264,4125,333.0,466.2,133.2,9.327,ALL,115.0,115.0,115.0,T4_light,1.4,Reconductor(ACSR->ACSS),22.4,107.1,3197,80.5,True,8.4,-97.894958,28.733411,-97.8308125,28.6249795
2023_all2030_dcfull_n1_ALL_2030,2023,all2030,full_tx,ALL_2030,all2030_dcfull_n1,transmission,upgrade_branch,line,AC,NORTH,5163-5132,5163,5132,251.0,351.4,100.4,8.744,ALL,161.0,161.0,161.0,T4_light,1.4,Reconductor(ACSR->ACSS),71.3,106.0,2519,72.8,True,6.4,-97.604369,31.075955,-97.499909,31.051688
2023_all2030_dcfull_n1_ALL_2030,2023,all2030,full_tx,ALL_2030,all2030_dcfull_n1,transmission,upgrade_branch,line,AC,NORTH,5171-5091,5171,5091,251.0,351.4,100.4,8.541,ALL,161.0,161.0,161.0,T4_light,1.4,Reconductor(ACSR->ACSS),91.4,108.7,4713,72.3,True,6.3,-96.91458,32.043976,-96.807932,32.038687
2023_all2030_dcfull_n1_ALL_2030,2023,all2030,full_tx,ALL_2030,all2030_dcfull_n1,transmission,upgrade_branch,line,AC,NORTH,5010-5357,5010,5357,220.0,308.0,88.0,8.151,ALL,161.0,161.0,161.0,T4_light,1.4,Reconductor(ACSR->ACSS),4.2,102.9,1805,75.9,True,6.0,-96.73076228571428,33.04730142857143,-96.6508655,33.101957
2023_all2030_dcfull_n1_ALL_2030,2023,all2030,full_tx,ALL_2030,all2030_dcfull_n1,transmission,upgrade_branch,transformer,AC,SOUTH,6058-6057,6058,6057,328.0,492.0,164.0,8.0,ALL,115.0,230.0,230.0,T4_light,1.5,Transformer Replace 1.5x,62.0,101.0,2767,75.2,True,0.0,-98.08352933333332,29.745433666666667,-98.08352933333332,29.745433666666667
2023_all2030_dcfull_n1_ALL_2030,2023,all2030,full_tx,ALL_2030,all2030_dcfull_n1,transmission,upgrade_branch,transformer,AC,SOUTH,6058-6057,6058,6057,328.0,492.0,164.0,8.0,ALL,115.0,230.0,230.0,T4_light,1.5,Transformer Replace 1.5x,62.0,101.0,2766,75.2,True,0.0,-98.08352933333332,29.745433666666667,-98.08352933333332,29.745433666666667
2023_all2030_dcfull_n1_ALL_2030,2023,all2030,full_tx,ALL_2030,all2030_dcfull_n1,transmission,upgrade_branch,transformer,AC,SOUTH,6153-6152,6153,6152,155.0,232.5,77.5,8.0,ALL,115.0,230.0,230.0,T4_light,1.5,Transformer Replace 1.5x,51.2,108.4,3171,102.2,False,0.0,-98.5093816037736,29.474642000000003,-98.5093816037736,29.474642000000003
2023_all2030_dcfull_n1_ALL_2030,2023,all2030,full_tx,ALL_2030,all2030_dcfull_n1,transmission,upgrade_branch,transformer,AC,SOUTH,6178-6177,6178,6177,172.8,259.2,86.4,8.0,ALL,115.0,230.0,230.0,T4_light,1.5,Transformer Replace 1.5x,66.9,100.2,3051,78.2,True,0.0,-98.5093816037736,29.474642000000003,-98.5093816037736,29.474642000000003
2023_all2030_dcfull_n1_ALL_2030,2023,all2030,full_tx,ALL_2030,all2030_dcfull_n1,transmission,upgrade_branch,transformer,AC,SOUTH,6178-6177,6178,6177,172.8,259.2,86.4,8.0,ALL,115.0,230.0,230.0,T4_light,1.5,Transformer Replace 1.5x,66.9,100.2,3050,78.2,True,0.0,-98.5093816037736,29.474642000000003,-98.5093816037736,29.474642000000003
2023_all2030_dcfull_n1_ALL_2030,2023,all2030,full_tx,ALL_2030,all2030_dcfull_n1,transmission,upgrade_branch,transformer,AC,SOUTH,6264-6263,6264,6263,292.0,438.0,146.0,8.0,ALL,115.0,230.0,230.0,T4_light,1.5,Transformer Replace 1.5x,12.6,109.2,3197,77.0,True,0.0,-97.894958,28.733411,-97.894958,28.733411
2023_all2030_dcfull_n1_ALL_2030,2023,all2030,full_tx,ALL_2030,all2030_dcfull_n1,transmission,upgrade_branch,transformer,AC,SOUTH,6294-6293,6294,6293,335.0,502.5,167.5,8.0,ALL,115.0,230.0,230.0,T4_light,1.5,Transformer Replace 1.5x,60.5,105.0,3227,74.4,True,0.0,-97.522552,30.119949,-97.522552,30.119949
2023_all2030_dcfull_n1_ALL_2030,2023,all2030,full_tx,ALL_2030,all2030_dcfull_n1,transmission,upgrade_branch,transformer,AC,SOUTH,6294-6293,6294,6293,335.0,502.5,167.5,8.0,ALL,115.0,230.0,230.0,T4_light,1.5,Transformer Replace 1.5x,60.5,105.0,3226,74.4,True,0.0,-97.522552,30.119949,-97.522552,30.119949
2023_all2030_dcfull_n1_ALL_2030,2023,all2030,full_tx,ALL_2030,all2030_dcfull_n1,transmission,upgrade_branch,transformer,AC,SOUTH,6309-6308,6309,6308,122.4,183.6,61.2,8.0,ALL,115.0,230.0,230.0,T4_light,1.5,Transformer Replace 1.5x,43.8,100.4,3121,65.3,True,0.0,-99.141134,29.427375,-99.141134,29.427375
2023_all2030_dcfull_n1_ALL_2030,2023,all2030,full_tx,ALL_2030,all2030_dcfull_n1,transmission,upgrade_branch,transformer,AC,SOUTH,6309-6308,6309,6308,122.4,183.6,61.2,8.0,ALL,115.0,230.0,230.0,T4_light,1.5,Transformer Replace 1.5x,43.8,100.4,3121,65.3,True,0.0,-99.141134,29.427375,-99.141134,29.427375
2023_all2030_dcfull_n1_ALL_2030,2023,all2030,full_tx,ALL_2030,all2030_dcfull_n1,transmission,upgrade_branch,transformer,AC,SOUTH,6322-6321,6322,6321,249.0,373.5,124.5,8.0,ALL,115.0,230.0,230.0,T4_light,1.5,Transformer Replace 1.5x,58.2,105.3,3175,73.1,True,0.0,-98.080406,29.073446,-98.080406,29.073446
2023_all2030_dcfull_n1_ALL_2030,2023,all2030,full_tx,ALL_2030,all2030_dcfull_n1,transmission,upgrade_branch,transformer,AC,SOUTH,6355-6354,6355,6354,193.8,290.7,96.9,8.0,ALL,115.0,230.0,230.0,T4_light,1.5,Transformer Replace 1.5x,77.2,108.8,3270,73.7,True,0.0,-97.677175,30.5341255,-97.677175,30.5341255
2023_all2030_dcfull_n1_ALL_2030,2023,all2030,full_tx,ALL_2030,all2030_dcfull_n1,transmission,upgrade_branch,transformer,AC,SOUTH,6355-6354,6355,6354,193.8,290.7,96.9,8.0,ALL,115.0,230.0,230.0,T4_light,1.5,Transformer Replace 1.5x,77.2,108.8,3269,73.7,True,0.0,-97.677175,30.5341255,-97.677175,30.5341255
2023_all2030_dcfull_n1_ALL_2030,2023,all2030,full_tx,ALL_2030,all2030_dcfull_n1,transmission,upgrade_branch,transformer,AC,HOUSTON,7049-7048,7049,7048,466.0,699.0,233.0,8.0,ALL,115.0,230.0,230.0,T4_light,1.5,Transformer Replace 1.5x,74.6,100.8,3432,85.5,True,0.0,-95.7842315,29.79427175,-95.7842315,29.79427175
2023_all2030_dcfull_n1_ALL_2030,2023,all2030,full_tx,ALL_2030,all2030_dcfull_n1,transmission,upgrade_branch,transformer,AC,HOUSTON,7049-7048,7049,7048,466.0,699.0,233.0,8.0,ALL,115.0,230.0,230.0,T4_light,1.5,Transformer Replace 1.5x,74.6,100.8,3431,85.5,True,0.0,-95.7842315,29.79427175,-95.7842315,29.79427175
2023_all2030_dcfull_n1_ALL_2030,2023,all2030,full_tx,ALL_2030,all2030_dcfull_n1,transmission,upgrade_branch,transformer,AC,WEST,12666-12664,12666,12664,211.7,317.5,105.8,8.0,ALL,20.0,230.0,230.0,T4_light,1.5,Transformer Replace 1.5x,102.9,102.9,70,68.6,True,0.0,-100.94008825,32.806441125,-100.94008825,32.806441125
2023_all2030_dcfull_n1_ALL_2030,2023,all2030,full_tx,ALL_2030,all2030_dcfull_n1,transmission,upgrade_branch,transformer,AC,WEST,12899-12898,12899,12898,342.2,513.3,171.1,8.0,ALL,20.0,230.0,230.0,T4_light,1.5,Transformer Replace 1.5x,100.6,100.7,3629,67.1,True,0.0,-100.94008825,32.806441125,-100.94008825,32.806441125
2023_all2030_dcfull_n1_ALL_2030,2023,all2030,full_tx,ALL_2030,all2030_dcfull_n1,transmission,upgrade_branch,line,AC,NORTH,5307-5341,5307,5341,310.0,434.0,124.0,7.917,ALL,161.0,161.0,161.0,T4_light,1.4,Reconductor(ACSR->ACSS),58.2,102.7,2363,73.6,True,5.8,-96.912391,33.070292,-97.0124115,33.07492
2023_all2030_dcfull_n1_ALL_2030,2023,all2030,full_tx,ALL_2030,all2030_dcfull_n1,transmission,upgrade_branch,line,AC,NORTH,5307-5341,5307,5341,310.0,434.0,124.0,7.917,ALL,161.0,161.0,161.0,T4_light,1.4,Reconductor(ACSR->ACSS),58.2,102.7,2362,73.6,True,5.8,-96.912391,33.070292,-97.0124115,33.07492
2023_all2030_dcfull_n1_ALL_2030,2023,all2030,full_tx,ALL_2030,all2030_dcfull_n1,transmission,upgrade_branch,line,AC,NORTH,5373-5433,5373,5433,251.0,351.4,100.4,7.461,ALL,161.0,161.0,161.0,T4_light,1.4,Reconductor(ACSR->ACSS),85.2,109.3,2114,78.0,True,5.5,-97.267376,32.803436,-97.34008506896552,32.753233586206896
2023_all2030_dcfull_n1_ALL_2030,2023,all2030,full_tx,ALL_2030,all2030_dcfull_n1,transmission,upgrade_branch,transformer,AC,NORTH,2074-2073,2074,2073,164.0,287.0,123.0,7.0,ALL,115.0,161.0,161.0,T5_moderate,1.75,Transformer Replace 1.75x,64.8,123.0,761,67.3,True,0.0,-100.56428,32.96736,-100.56428,32.96736
2023_all2030_dcfull_n1_ALL_2030,2023,all2030,full_tx,ALL_2030,all2030_dcfull_n1,transmission,upgrade_branch,line,AC,NORTH,5245-5339,5245,5339,187.0,261.8,74.8,6.896,ALL,161.0,161.0,161.0,T4_light,1.4,Reconductor(ACSR->ACSS),41.4,107.0,2256,75.0,True,5.1,-97.071545,32.925765,-97.148582,32.959922
2023_all2030_dcfull_n1_ALL_2030,2023,all2030,full_tx,ALL_2030,all2030_dcfull_n1,transmission,upgrade_branch,line,AC,SOUTH,12906-13108,12906,13108,147.1,205.9,58.8,6.785,ALL,115.0,115.0,115.0,T4_light,1.4,Reconductor(ACSR->ACSS),41.6,103.0,5000,73.6,True,6.1,-98.411111,26.465556,-98.3163296,26.4391468
2023_all2030_dcfull_n1_ALL_2030,2023,all2030,full_tx,ALL_2030,all2030_dcfull_n1,transmission,upgrade_branch,line,AC,HOUSTON,7053-7348,7053,7348,253.0,354.2,101.2,6.687,ALL,115.0,115.0,115.0,T4_light,1.4,Reconductor(ACSR->ACSS),66.9,101.9,3467,72.8,True,6.1,-95.733244,29.47971475,-95.6326335,29.479039
2023_all2030_dcfull_n1_ALL_2030,2023,all2030,full_tx,ALL_2030,all2030_dcfull_n1,transmission,upgrade_branch,line,AC,SOUTH,12816-13067,12816,13067,146.4,256.2,109.8,6.595,ALL,115.0,115.0,115.0,T5_moderate,1.75,HTLS Reconductor,78.9,117.9,4920,72.4,True,3.4,-98.883685,27.48301875,-98.91,27.44
2023_all2030_dcfull_n1_ALL_2030,2023,all2030,full_tx,ALL_2030,all2030_dcfull_n1,transmission,upgrade_branch,line,AC,NORTH,5093-5434,5093,5434,310.0,434.0,124.0,5.479,ALL,161.0,161.0,161.0,T4_light,1.4,Reconductor(ACSR->ACSS),57.8,100.8,1852,66.9,True,4.0,-97.377255,32.986624,-97.444409,33.00085
2023_all2030_dcfull_n1_ALL_2030,2023,all2030,full_tx,ALL_2030,all2030_dcfull_n1,transmission,upgrade_branch,line,AC,NORTH,5093-5434,5093,5434,310.0,434.0,124.0,5.479,ALL,161.0,161.0,161.0,T4_light,1.4,Reconductor(ACSR->ACSS),57.8,100.8,1851,66.9,True,4.0,-97.377255,32.986624,-97.444409,33.00085
2023_all2030_dcfull_n1_ALL_2030,2023,all2030,full_tx,ALL_2030,all2030_dcfull_n1,transmission,upgrade_branch,transformer,AC,NORTH,2131-2130,2131,2130,214.0,321.0,107.0,4.5,ALL,115.0,161.0,161.0,T4_light,1.5,Transformer Replace 1.5x,31.1,100.5,1742,56.8,True,0.0,-99.5687984,33.0957078,-99.5687984,33.0957078
2023_all2030_dcfull_n1_ALL_2030,2023,all2030,full_tx,ALL_2030,all2030_dcfull_n1,transmission,upgrade_branch,line,AC,HOUSTON,7233-7010,7233,7010,220.0,308.0,88.0,3.886,ALL,115.0,115.0,115.0,T4_light,1.4,Reconductor(ACSR->ACSS),88.8,102.3,4020,73.2,True,3.5,-95.932264,30.079593,-95.990493,30.086834
2023_all2030_dcfull_n1_ALL_2030,2023,all2030,full_tx,ALL_2030,all2030_dcfull_n1,transmission,upgrade_branch,transformer,AC,WEST,3095-3094,3095,3094,161.7,242.5,80.8,3.0,ALL,18.0,115.0,115.0,T4_light,1.5,Transformer Replace 1.5x,108.4,108.4,2877,72.2,True,0.0,-100.09043266666669,32.36779933333333,-100.09043266666669,32.36779933333333
2023_all2030_dcfull_n1_ALL_2030,2023,all2030,full_tx,ALL_2030,all2030_dcfull_n1,transmission,upgrade_branch,transformer,AC,WEST,13284-3131,13284,3131,161.6,242.4,80.8,3.0,ALL,20.0,115.0,115.0,T4_light,1.5,Transformer Replace 1.5x,102.5,102.5,2788,68.3,True,0.0,-100.021667,32.303889,-100.021667,32.303889
2023_all2030_dcfull_n1_ALL_2030,2023,all2030,full_tx,ALL_2030,all2030_dcfull_n1,transmission,upgrade_branch,transformer,AC,SOUTH,13049-4099,13049,4099,234.4,351.6,117.2,3.0,ALL,20.0,115.0,115.0,T4_light,1.5,Transformer Replace 1.5x,102.1,102.1,0,69.3,True,0.0,-97.743983,27.992706,-97.743983,27.992706
2023_all2030_dcfull_n1_ALL_2030,2023,all2030,full_tx,ALL_2030,all2030_dcfull_n1,transmission,upgrade_branch,transformer,AC,SOUTH,13327-6262,13327,6262,146.7,220.0,73.3,3.0,ALL,20.0,115.0,115.0,T4_light,1.5,Transformer Replace 1.5x,109.8,109.8,1548,73.2,True,0.0,-97.875708,30.748955,-97.875708,30.748955
2023_all2030_dcfull_n1_ALL_2030,2023,all2030,full_tx,ALL_2030,all2030_dcfull_n1,transmission,upgrade_branch,line,AC,HOUSTON,7090-7421,7090,7421,221.0,309.4,88.4,2.763,ALL,115.0,115.0,115.0,T4_light,1.4,Reconductor(ACSR->ACSS),56.6,102.3,3604,67.6,True,2.5,-95.669154,30.160534,-95.698237,30.1865575
2023_all2030_dcfull_n1_ALL_2030,2023,all2030,full_tx,ALL_2030,all2030_dcfull_n1,transmission,upgrade_branch,line,AC,HOUSTON,7090-7421,7090,7421,221.0,309.4,88.4,2.763,ALL,115.0,115.0,115.0,T4_light,1.4,Reconductor(ACSR->ACSS),56.6,102.3,3603,67.6,True,2.5,-95.669154,30.160534,-95.698237,30.1865575
2023_all2030_dcfull_n1_ALL_2030,2023,all2030,full_tx,ALL_2030,all2030_dcfull_n1,transmission,upgrade_branch,line,AC,NORTH,5186-5269,5186,5269,183.9,257.5,73.6,1.519,ALL,161.0,161.0,161.0,T4_light,1.4,Reconductor(ACSR->ACSS),31.6,105.8,2302,61.6,True,1.1,-97.072628,32.452281,-97.0540165,32.448697
2023_all2030_dcfull_n1_ALL_2030,2023,all2030,full_tx,ALL_2030,all2030_dcfull_n1,transmission,upgrade_branch,line,AC,SOUTH,6027-6116,6027,6116,130.0,325.0,195.0,0.7,ALL,115.0,115.0,115.0,T7_structural,2.5,New Corridor/Aggressive Parallel,104.6,207.4,2672,116.9,False,0.1,-97.35518,30.41432,-97.35701,30.41477
2023_all2030_dcfull_n1_ALL_2030,2023,all2030,full_tx,ALL_2030,all2030_dcfull_n1,transmission,upgrade_branch,line,AC,SOUTH,6027-6116,6027,6116,130.0,325.0,195.0,0.7,ALL,115.0,115.0,115.0,T7_structural,2.5,New Corridor/Aggressive Parallel,104.6,207.4,2671,116.9,False,0.1,-97.35518,30.41432,-97.35701,30.41477
2023_all2030_dcfull_n1_ALL_2030,2023,all2030,full_tx,ALL_2030,all2030_dcfull_n1,transmission,upgrade_branch,line,AC,NORTH,5021-5055,5021,5055,2419.1,5322.0,2902.9,642.314,NEW,500.0,500.0,500.0,T6_heavy,2.2,New Parallel Circuit,98.2,126.5,1619,80.9,True,73.2,-97.572841,32.708154,-98.7321385,33.1268065
2023_all2030_dcfull_n1_ALL_2030,2023,all2030,full_tx,ALL_2030,all2030_dcfull_n1,transmission,upgrade_branch,line,AC,WEST,13220-13222,13220,13222,157.2,393.0,235.8,641.756,NEW,115.0,115.0,115.0,T7_structural,2.5,New Corridor/Aggressive Parallel,153.4,222.6,5239,89.1,True,103.9,-100.938705,32.130795,-99.5687984,33.0957078
2023_all2030_dcfull_n1_ALL_2030,2023,all2030,full_tx,ALL_2030,all2030_dcfull_n1,transmission,upgrade_branch,line,AC,SOUTH,6003-6107,6003,6107,2020.0,5050.0,3030.0,529.022,NEW,500.0,500.0,500.0,T7_structural,2.5,New Corridor/Aggressive Parallel,133.6,176.2,2819,85.8,True,38.8,-97.2711,30.146700000000003,-96.947291,30.633128
2023_all2030_dcfull_n1_ALL_2030,2023,all2030,full_tx,ALL_2030,all2030_dcfull_n1,transmission,upgrade_branch,line,AC,NORTH,12754-12945,12754,12945,256.5,641.2,384.8,476.201,NEW,161.0,161.0,161.0,T7_structural,2.5,New Corridor/Aggressive Parallel,484.2,486.6,3629,193.7,False,63.7,-99.695954,33.73925199999999,-100.4547365,34.413879
2023_all2030_dcfull_n1_ALL_2030,2023,all2030,full_tx,ALL_2030,all2030_dcfull_n1,transmission,upgrade_branch,line,AC,NORTH,5018-5055,5018,5055,2020.0,5050.0,3030.0,385.994,NEW,500.0,500.0,500.0,T7_structural,2.5,New Corridor/Aggressive Parallel,105.9,169.8,1630,85.6,True,28.3,-98.244763,33.097641,-98.7321385,33.1268065
2023_all2030_dcfull_n1_ALL_2030,2023,all2030,full_tx,ALL_2030,all2030_dcfull_n1,transmission,upgrade_branch,line,AC,NORTH,2014-13085,2014,13085,220.0,550.0,330.0,374.7,NEW,161.0,161.0,161.0,T7_structural,2.5,New Corridor/Aggressive Parallel,170.5,327.5,434,126.4,False,50.1,-100.4547365,34.413879,-100.883227,33.781077
2023_all2030_dcfull_n1_ALL_2030,2023,all2030,full_tx,ALL_2030,all2030_dcfull_n1,transmission,upgrade_branch,line,AC,NORTH,2014-2029,2014,2029,187.0,467.5,280.5,337.154,NEW,161.0,161.0,161.0,T7_structural,2.5,New Corridor/Aggressive Parallel,330.7,460.6,435,188.4,False,45.1,-100.4547365,34.413879,-101.244172,34.371689
2023_all2030_dcfull_n1_ALL_2030,2023,all2030,full_tx,ALL_2030,all2030_dcfull_n1,transmission,upgrade_branch,line,AC,WEST,13140-13214,13140,13214,107.5,236.5,129.0,325.698,NEW,115.0,115.0,115.0,T6_heavy,2.2,New Parallel Circuit,119.5,143.7,5181,95.5,True,108.9,-100.938705,32.130795,-102.39869175,31.160862
2023_all2030_dcfull_n1_ALL_2030,2023,all2030,full_tx,ALL_2030,all2030_dcfull_n1,transmission,upgrade_branch,line,AC,NORTH,2111-5472,2111,5472,187.0,467.5,280.5,268.533,NEW,161.0,161.0,161.0,T7_structural,2.5,New Corridor/Aggressive Parallel,14.7,156.2,1742,82.1,True,35.9,-98.884782,33.527396,-99.37463133333334,33.20651766666666
2023_all2030_dcfull_n1_ALL_2030,2023,all2030,full_tx,ALL_2030,all2030_dcfull_n1,transmission,upgrade_branch,line,AC,NORTH,5101-13018,5101,13018,188.4,471.0,282.6,265.204,NEW,161.0,161.0,161.0,T7_structural,2.5,New Corridor/Aggressive Parallel,115.3,328.1,1697,113.8,False,35.5,-98.6525545,31.8568005,-98.187624,32.1858615
2023_all2030_dcfull_n1_ALL_2030,2023,all2030,full_tx,ALL_2030,all2030_dcfull_n1,transmission,upgrade_branch,line,AC,SOUTH,6003-12621,6003,12621,2073.3,4561.3,2488.0,263.25,NEW,500.0,500.0,500.0,T6_heavy,2.2,New Parallel Circuit,31.4,126.2,2877,55.7,True,0.0,-97.2711,30.146700000000003,-97.2711,30.146700000000003
2023_all2030_dcfull_n1_ALL_2030,2023,all2030,full_tx,ALL_2030,all2030_dcfull_n1,transmission,upgrade_branch,line,AC,SOUTH,6254-6038,6254,6038,2020.0,4444.0,2424.0,263.25,NEW,500.0,500.0,500.0,T6_heavy,2.2,New Parallel Circuit,107.6,143.3,3180,59.4,True,0.0,-97.77508287179488,30.30416587179487,-97.77508287179488,30.30416587179487
2023_all2030_dcfull_n1_ALL_2030,2023,all2030,full_tx,ALL_2030,all2030_dcfull_n1,transmission,upgrade_branch,line,AC,NORTH,5286-5231,5286,5231,187.0,467.5,280.5,257.286,NEW,161.0,161.0,161.0,T7_structural,2.5,New Corridor/Aggressive Parallel,88.2,223.4,1697,85.1,True,34.4,-98.4123355,32.20698,-98.213739,31.738177
2023_all2030_dcfull_n1_ALL_2030,2023,all2030,full_tx,ALL_2030,all2030_dcfull_n1,transmission,upgrade_branch,line,AC,NORTH,5286-5112,5286,5112,150.0,375.0,225.0,254.906,NEW,161.0,161.0,161.0,T7_structural,2.5,New Corridor/Aggressive Parallel,202.6,631.9,1564,279.3,False,34.1,-98.4123355,32.20698,-97.8826,32.001481
2023_all2030_dcfull_n1_ALL_2030,2023,all2030,full_tx,ALL_2030,all2030_dcfull_n1,transmission,upgrade_branch,line,AC,NORTH,5169-5456,5169,5456,264.9,662.2,397.4,254.723,NEW,161.0,161.0,161.0,T7_structural,2.5,New Corridor/Aggressive Parallel,96.9,185.5,1563,81.5,True,34.1,-98.4123355,32.20698,-98.98514,32.116953
2023_all2030_dcfull_n1_ALL_2030,2023,all2030,full_tx,ALL_2030,all2030_dcfull_n1,transmission,upgrade_branch,line,AC,NORTH,2053-2088,2053,2088,352.9,882.2,529.4,252.234,NEW,161.0,161.0,161.0,T7_structural,2.5,New Corridor/Aggressive Parallel,182.7,280.4,573,120.3,False,33.7,-97.95612,33.520572,-98.540972,33.494167000000004
2023_all2030_dcfull_n1_ALL_2030,2023,all2030,full_tx,ALL_2030,all2030_dcfull_n1,transmission,upgrade_branch,line,AC,WEST,12664-12788,12664,12788,595.0,1309.0,714.0,247.415,NEW,230.0,230.0,230.0,T6_heavy,2.2,New Parallel Circuit,93.0,145.3,4991,75.4,True,52.1,-100.94008825,32.806441125,-101.83586283333334,32.75809566666667
2023_all2030_dcfull_n1_ALL_2030,2023,all2030,full_tx,ALL_2030,all2030_dcfull_n1,transmission,upgrade_branch,line,AC,WEST,12788-12898,12788,12898,596.0,1311.2,715.2,247.415,NEW,230.0,230.0,230.0,T6_heavy,2.2,New Parallel Circuit,83.5,130.8,4892,66.3,True,52.1,-101.83586283333334,32.75809566666667,-100.94008825,32.806441125
2023_all2030_dcfull_n1_ALL_2030,2023,all2030,full_tx,ALL_2030,all2030_dcfull_n1,transmission,upgrade_branch,line,AC,WEST,12788-12898,12788,12898,596.0,1311.2,715.2,247.415,NEW,230.0,230.0,230.0,T6_heavy,2.2,New Parallel Circuit,83.5,130.8,4891,66.3,True,52.1,-101.83586283333334,32.75809566666667,-100.94008825,32.806441125
2023_all2030_dcfull_n1_ALL_2030,2023,all2030,full_tx,ALL_2030,all2030_dcfull_n1,transmission,upgrade_branch,line,AC,NORTH,2008-13149,2008,13149,226.2,565.5,339.3,244.69,NEW,161.0,161.0,161.0,T7_structural,2.5,New Corridor/Aggressive Parallel,120.6,193.7,434,80.6,True,32.7,-100.512868,34.857258,-100.934408,35.18172
2023_all2030_dcfull_n1_ALL_2030,2023,all2030,full_tx,ALL_2030,all2030_dcfull_n1,transmission,upgrade_branch,line,AC,WEST,3023-3115,3023,3115,135.0,337.5,202.5,241.323,NEW,115.0,115.0,115.0,T7_structural,2.5,New Corridor/Aggressive Parallel,137.8,165.4,584,85.3,True,39.1,-99.850964,32.940911,-100.524167,32.969722
2023_all2030_dcfull_n1_ALL_2030,2023,all2030,full_tx,ALL_2030,all2030_dcfull_n1,transmission,upgrade_branch,line,AC,NORTH,2014-2008,2014,2008,187.0,467.5,280.5,230.324,NEW,161.0,161.0,161.0,T7_structural,2.5,New Corridor/Aggressive Parallel,195.8,341.7,434,142.1,False,30.8,-100.4547365,34.413879,-100.512868,34.857258
2023_all2030_dcfull_n1_ALL_2030,2023,all2030,full_tx,ALL_2030,all2030_dcfull_n1,transmission,upgrade_branch,line,AC,NORTH,2091-13012,2091,13012,347.0,867.5,520.5,228.34,NEW,161.0,161.0,161.0,T7_structural,2.5,New Corridor/Aggressive Parallel,9.3,153.7,1742,69.0,True,30.5,-99.2898065,33.642922,-99.37463133333334,33.20651766666666
2023_all2030_dcfull_n1_ALL_2030,2023,all2030,full_tx,ALL_2030,all2030_dcfull_n1,transmission,upgrade_branch,line,AC,NORTH,2091-13012,2091,13012,347.0,867.5,520.5,228.34,NEW,161.0,161.0,161.0,T7_structural,2.5,New Corridor/Aggressive Parallel,9.3,153.7,1742,69.0,True,30.5,-99.2898065,33.642922,-99.37463133333334,33.20651766666666
2023_all2030_dcfull_n1_ALL_2030,2023,all2030,full_tx,ALL_2030,all2030_dcfull_n1,transmission,upgrade_branch,line,AC,NORTH,5112-5318,5112,5318,242.8,607.0,364.2,225.301,NEW,161.0,161.0,161.0,T7_structural,2.5,New Corridor/Aggressive Parallel,259.6,548.0,1564,207.2,False,30.1,-97.8826,32.001481,-97.69946625,32.40925625
2023_all2030_dcfull_n1_ALL_2030,2023,all2030,full_tx,ALL_2030,all2030_dcfull_n1,transmission,upgrade_branch,line,AC,NORTH,2012-2052,2012,2052,187.0,467.5,280.5,224.25,NEW,161.0,161.0,161.0,T7_structural,2.5,New Corridor/Aggressive Parallel,85.6,159.0,407,66.2,True,0.0,-101.35485071428572,35.27871242857143,-101.35485071428572,35.27871242857143
2023_all2030_dcfull_n1_ALL_2030,2023,all2030,full_tx,ALL_2030,all2030_dcfull_n1,transmission,upgrade_branch,line,AC,NORTH,2029-13055,2029,13055,242.3,605.8,363.4,224.25,NEW,161.0,161.0,161.0,T7_structural,2.5,New Corridor/Aggressive Parallel,125.0,217.5,481,87.3,True,0.0,-101.244172,34.371689,-101.244172,34.371689
2023_all2030_dcfull_n1_ALL_2030,2023,all2030,full_tx,ALL_2030,all2030_dcfull_n1,transmission,upgrade_branch,line,AC,NORTH,2070-2088,2070,2088,251.0,627.5,376.5,224.25,NEW,161.0,161.0,161.0,T7_structural,2.5,New Corridor/Aggressive Parallel,40.0,315.1,2237,126.0,False,0.0,-98.540972,33.494167000000004,-98.540972,33.494167000000004
2023_all2030_dcfull_n1_ALL_2030,2023,all2030,full_tx,ALL_2030,all2030_dcfull_n1,transmission,upgrade_branch,line,AC,NORTH,5014-13266,5014,13266,186.5,466.2,279.8,224.25,NEW,161.0,161.0,161.0,T7_structural,2.5,New Corridor/Aggressive Parallel,118.0,154.0,2072,98.6,True,0.0,-97.466582,33.243525500000004,-97.466582,33.243525500000004
2023_all2030_dcfull_n1_ALL_2030,2023,all2030,full_tx,ALL_2030,all2030_dcfull_n1,transmission,upgrade_branch,line,AC,NORTH,5046-13018,5046,13018,214.1,535.2,321.1,224.25,NEW,161.0,161.0,161.0,T7_structural,2.5,New Corridor/Aggressive Parallel,95.0,348.3,1697,130.9,False,0.0,-98.187624,32.1858615,-98.187624,32.1858615
2023_all2030_dcfull_n1_ALL_2030,2023,all2030,full_tx,ALL_2030,all2030_dcfull_n1,transmission,upgrade_branch,line,AC,NORTH,5227-5076,5227,5076,187.0,467.5,280.5,224.25,NEW,161.0,161.0,161.0,T7_structural,2.5,New Corridor/Aggressive Parallel,107.1,153.8,1928,61.7,True,0.0,-96.243079,32.788987000000006,-96.243079,32.788987000000006
2023_all2030_dcfull_n1_ALL_2030,2023,all2030,full_tx,ALL_2030,all2030_dcfull_n1,transmission,upgrade_branch,line,AC,NORTH,5088-5407,5088,5407,221.7,554.2,332.6,224.25,NEW,161.0,161.0,161.0,T7_structural,2.5,New Corridor/Aggressive Parallel,187.6,307.8,1564,140.1,False,0.0,-97.46203133333334,31.819786000000004,-97.46203133333334,31.819786000000004
2023_all2030_dcfull_n1_ALL_2030,2023,all2030,full_tx,ALL_2030,all2030_dcfull_n1,transmission,upgrade_branch,line,AC,NORTH,5101-13051,5101,13051,222.1,555.2,333.1,224.25,NEW,161.0,161.0,161.0,T7_structural,2.5,New Corridor/Aggressive Parallel,75.7,167.9,1697,53.6,True,0.0,-98.6525545,31.8568005,-98.6525545,31.8568005
2023_all2030_dcfull_n1_ALL_2030,2023,all2030,full_tx,ALL_2030,all2030_dcfull_n1,transmission,upgrade_branch,line,AC,NORTH,5261-5246,5261,5246,251.0,627.5,376.5,224.25,NEW,161.0,161.0,161.0,T7_structural,2.5,New Corridor/Aggressive Parallel,198.6,420.4,1564,171.4,False,0.0,-97.790381,32.253423999999995,-97.790381,32.253423999999995
2023_all2030_dcfull_n1_ALL_2030,2023,all2030,full_tx,ALL_2030,all2030_dcfull_n1,transmission,upgrade_branch,line,AC,NORTH,5318-5402,5318,5402,326.0,815.0,489.0,224.25,NEW,161.0,161.0,161.0,T7_structural,2.5,New Corridor/Aggressive Parallel,99.4,269.8,1564,89.5,True,0.0,-97.69946625,32.40925625,-97.69946625,32.40925625
2023_all2030_dcfull_n1_ALL_2030,2023,all2030,full_tx,ALL_2030,all2030_dcfull_n1,transmission,upgrade_branch,line,AC,NORTH,5402-12600,5402,12600,219.1,547.8,328.6,224.25,NEW,161.0,161.0,161.0,T7_structural,2.5,New Corridor/Aggressive Parallel,125.6,199.0,1564,92.4,True,0.0,-97.69946625,32.40925625,-97.69946625,32.40925625
2023_all2030_dcfull_n1_ALL_2030,2023,all2030,full_tx,ALL_2030,all2030_dcfull_n1,transmission,upgrade_branch,line,AC,NORTH,13237-13390,13237,13390,227.6,569.0,341.4,224.25,NEW,161.0,161.0,161.0,T7_structural,2.5,New Corridor/Aggressive Parallel,133.7,184.4,517,89.1,True,0.0,-97.234707,33.503328,-97.234707,33.503328
2023_all2030_dcfull_n1_ALL_2030,2023,all2030,full_tx,ALL_2030,all2030_dcfull_n1,transmission,upgrade_branch,line,AC,SOUTH,6075-6101,6075,6101,2020.0,5050.0,3030.0,223.91,NEW,500.0,500.0,500.0,T7_structural,2.5,New Corridor/Aggressive Parallel,121.5,170.5,2581,82.2,True,16.4,-96.7506,29.9172,-96.9945,30.02547
2023_all2030_dcfull_n1_ALL_2030,2023,all2030,full_tx,ALL_2030,all2030_dcfull_n1,transmission,upgrade_branch,line,AC,NORTH,2008-2052,2008,2052,187.0,411.4,224.4,210.417,NEW,161.0,161.0,161.0,T6_heavy,2.2,New Parallel Circuit,56.5,129.8,407,62.0,True,55.8,-100.512868,34.857258,-101.35485071428572,35.27871242857143
2023_all2030_dcfull_n1_ALL_2030,2023,all2030,full_tx,ALL_2030,all2030_dcfull_n1,transmission,upgrade_branch,line,AC,NORTH,2068-2067,2068,2067,251.0,627.5,376.5,209.739,NEW,161.0,161.0,161.0,T7_structural,2.5,New Corridor/Aggressive Parallel,311.6,477.6,581,168.3,False,28.1,-98.360833,33.509722,-98.50555385714286,33.89755828571428
2023_all2030_dcfull_n1_ALL_2030,2023,all2030,full_tx,ALL_2030,all2030_dcfull_n1,transmission,upgrade_branch,line,AC,HOUSTON,7246-7251,7246,7251,98.0,245.0,147.0,194.194,NEW,115.0,115.0,115.0,T7_structural,2.5,New Corridor/Aggressive Parallel,130.7,186.7,3307,91.3,True,31.4,-95.41128715217393,29.77727818478261,-95.833733,30.047619
2023_all2030_dcfull_n1_ALL_2030,2023,all2030,full_tx,ALL_2030,all2030_dcfull_n1,transmission,upgrade_branch,line,AC,WEST,3054-3125,3054,3125,122.3,305.8,183.4,193.707,NEW,115.0,115.0,115.0,T7_structural,2.5,New Corridor/Aggressive Parallel,134.6,173.1,946,97.8,True,31.4,-100.1097475,32.1590745,-99.70613471428572,32.45867642857143
2023_all2030_dcfull_n1_ALL_2030,2023,all2030,full_tx,ALL_2030,all2030_dcfull_n1,transmission,upgrade_branch,line,AC,NORTH,5005-5046,5005,5046,214.7,536.8,322.1,192.69,NEW,161.0,161.0,161.0,T7_structural,2.5,New Corridor/Aggressive Parallel,763.4,1443.9,1917,590.6,False,25.8,-98.008849,32.527015,-98.187624,32.1858615
2023_all2030_dcfull_n1_ALL_2030,2023,all2030,full_tx,ALL_2030,all2030_dcfull_n1,transmission,upgrade_branch,line,AC,NORTH,5112-5133,5112,5133,187.0,467.5,280.5,187.426,NEW,161.0,161.0,161.0,T7_structural,2.5,New Corridor/Aggressive Parallel,1217.8,2680.3,1564,1072.1,False,25.1,-97.8826,32.001481,-97.924354,32.362649
2023_all2030_dcfull_n1_ALL_2030,2023,all2030,full_tx,ALL_2030,all2030_dcfull_n1,transmission,upgrade_branch,line,AC,WEST,3013-3077,3013,3077,98.0,245.0,147.0,185.25,NEW,115.0,115.0,115.0,T7_structural,2.5,New Corridor/Aggressive Parallel,63.6,169.6,717,79.2,True,0.0,-99.70613471428572,32.45867642857143,-99.70613471428572,32.45867642857143
2023_all2030_dcfull_n1_ALL_2030,2023,all2030,full_tx,ALL_2030,all2030_dcfull_n1,transmission,upgrade_branch,line,AC,WEST,3064-13366,3064,13366,121.0,302.5,181.5,185.25,NEW,115.0,115.0,115.0,T7_structural,2.5,New Corridor/Aggressive Parallel,104.1,195.7,885,88.8,True,0.0,-100.56760671428572,32.36118885714286,-100.56760671428572,32.36118885714286
2023_all2030_dcfull_n1_ALL_2030,2023,all2030,full_tx,ALL_2030,all2030_dcfull_n1,transmission,upgrade_branch,line,AC,WEST,3077-3125,3077,3125,107.0,267.5,160.5,185.25,NEW,115.0,115.0,115.0,T7_structural,2.5,New Corridor/Aggressive Parallel,107.9,152.4,946,76.5,True,0.0,-99.70613471428572,32.45867642857143,-99.70613471428572,32.45867642857143
2023_all2030_dcfull_n1_ALL_2030,2023,all2030,full_tx,ALL_2030,all2030_dcfull_n1,transmission,upgrade_branch,line,AC,WEST,3091-3102,3091,3102,98.0,245.0,147.0,185.25,NEW,115.0,115.0,115.0,T7_structural,2.5,New Corridor/Aggressive Parallel,93.1,182.4,773,105.5,False,0.0,-99.70613471428572,32.45867642857143,-99.70613471428572,32.45867642857143
2023_all2030_dcfull_n1_ALL_2030,2023,all2030,full_tx,ALL_2030,all2030_dcfull_n1,transmission,upgrade_branch,line,AC,SOUTH,6338-6109,6338,6109,98.0,245.0,147.0,185.25,NEW,115.0,115.0,115.0,T7_structural,2.5,New Corridor/Aggressive Parallel,38.5,212.1,2933,84.8,True,0.0,-96.947291,30.633128,-96.947291,30.633128
2023_all2030_dcfull_n1_ALL_2030,2023,all2030,full_tx,ALL_2030,all2030_dcfull_n1,transmission,upgrade_branch,line,AC,SOUTH,6344-6353,6344,6353,107.3,268.2,160.9,185.25,NEW,115.0,115.0,115.0,T7_structural,2.5,New Corridor/Aggressive Parallel,112.4,152.4,3262,108.5,False,0.0,-97.677175,30.5341255,-97.677175,30.5341255
2023_all2030_dcfull_n1_ALL_2030,2023,all2030,full_tx,ALL_2030,all2030_dcfull_n1,transmission,upgrade_branch,line,AC,NORTH,12754-13204,12754,13204,262.2,655.5,393.3,181.487,NEW,161.0,161.0,161.0,T7_structural,2.5,New Corridor/Aggressive Parallel,99.8,154.3,1742,71.6,True,24.3,-99.695954,33.73925199999999,-99.2898065,33.642922
2023_all2030_dcfull_n1_ALL_2030,2023,all2030,full_tx,ALL_2030,all2030_dcfull_n1,transmission,upgrade_branch,line,AC,NORTH,8118-8042,8118,8042,98.0,245.0,147.0,181.405,NEW,115.0,115.0,115.0,T7_structural,2.5,New Corridor/Aggressive Parallel,101.0,268.2,4353,98.2,True,29.4,-95.255739,31.188898,-94.758734,31.186933
2023_all2030_dcfull_n1_ALL_2030,2023,all2030,full_tx,ALL_2030,all2030_dcfull_n1,transmission,upgrade_branch,line,AC,SOUTH,6255-6293,6255,6293,442.3,1105.8,663.5,179.564,NEW,230.0,230.0,230.0,T7_structural,2.5,New Corridor/Aggressive Parallel,15.0,164.4,3185,96.0,True,19.7,-97.77508287179488,30.30416587179487,-97.522552,30.119949
2023_all2030_dcfull_n1_ALL_2030,2023,all2030,full_tx,ALL_2030,all2030_dcfull_n1,transmission,upgrade_branch,line,AC,NORTH,5414-5471,5414,5471,187.0,467.5,280.5,179.248,NEW,161.0,161.0,161.0,T7_structural,2.5,New Corridor/Aggressive Parallel,166.5,314.6,1563,172.1,False,24.0,-98.2935895,32.711098,-98.377389,32.371306
2023_all2030_dcfull_n1_ALL_2030,2023,all2030,full_tx,ALL_2030,all2030_dcfull_n1,transmission,upgrade_branch,line,AC,SOUTH,4036-4189,4036,4189,111.0,277.5,166.5,174.851,NEW,115.0,115.0,115.0,T7_structural,2.5,New Corridor/Aggressive Parallel,84.8,160.2,1137,81.2,True,28.3,-99.562652,28.888748,-99.63215,28.4834915
2023_all2030_dcfull_n1_ALL_2030,2023,all2030,full_tx,ALL_2030,all2030_dcfull_n1,transmission,upgrade_branch,line,AC,NORTH,5371-5034,5371,5034,251.0,627.5,376.5,174.272,NEW,161.0,161.0,161.0,T7_structural,2.5,New Corridor/Aggressive Parallel,72.4,153.7,1927,61.5,True,23.3,-96.539931,32.552083,-96.80082027272728,32.808276409090915
2023_all2030_dcfull_n1_ALL_2030,2023,all2030,full_tx,ALL_2030,all2030_dcfull_n1,transmission,upgrade_branch,line,AC,SOUTH,6292-6254,6292,6254,2768.0,6089.6,3321.6,173.151,NEW,500.0,500.0,500.0,T6_heavy,2.2,New Parallel Circuit,111.5,148.4,2581,65.4,True,19.7,-97.522552,30.119949,-97.77508287179488,30.30416587179487
2023_all2030_dcfull_n1_ALL_2030,2023,all2030,full_tx,ALL_2030,all2030_dcfull_n1,transmission,upgrade_branch,line,AC,NORTH,2053-5362,2053,5362,251.0,627.5,376.5,168.12,NEW,161.0,161.0,161.0,T7_structural,2.5,New Corridor/Aggressive Parallel,83.9,171.0,552,73.5,True,22.5,-97.95612,33.520572,-97.9208,33.1964
2023_all2030_dcfull_n1_ALL_2030,2023,all2030,full_tx,ALL_2030,all2030_dcfull_n1,transmission,upgrade_branch,line,AC,SOUTH,6101-12852,6101,12852,2277.2,5009.8,2732.6,165.448,NEW,500.0,500.0,500.0,T6_heavy,2.2,New Parallel Circuit,99.3,141.2,2581,78.9,True,18.9,-96.9945,30.02547,-97.270537,29.894053
2023_all2030_dcfull_n1_ALL_2030,2023,all2030,full_tx,ALL_2030,all2030_dcfull_n1,transmission,upgrade_branch,line,AC,NORTH,5196-5204,5196,5204,2020.0,3535.0,1515.0,153.491,NEW,500.0,500.0,500.0,T5_moderate,1.75,HTLS Reconductor,84.2,118.8,1619,50.1,True,27.8,-98.3737215,33.2411135,-97.93385,33.07965
2023_all2030_dcfull_n1_ALL_2030,2023,all2030,full_tx,ALL_2030,all2030_dcfull_n1,transmission,upgrade_branch,line,AC,SOUTH,12621-12852,12621,12852,2277.2,5009.8,2732.6,153.18,NEW,500.0,500.0,500.0,T6_heavy,2.2,New Parallel Circuit,90.5,132.4,2581,74.9,True,17.5,-97.2711,30.146700000000003,-97.270537,29.894053
2023_all2030_dcfull_n1_ALL_2030,2023,all2030,full_tx,ALL_2030,all2030_dcfull_n1,transmission,upgrade_branch,line,AC,NORTH,2029-12632,2029,12632,218.7,546.8,328.1,151.296,NEW,161.0,161.0,161.0,T7_structural,2.5,New Corridor/Aggressive Parallel,159.3,252.8,482,134.1,False,20.2,-101.244172,34.371689,-101.59661,34.4067
2023_all2030_dcfull_n1_ALL_2030,2023,all2030,full_tx,ALL_2030,all2030_dcfull_n1,transmission,upgrade_branch,line,AC,NORTH,2070-5237,2070,5237,245.0,612.5,367.5,150.749,NEW,161.0,161.0,161.0,T7_structural,2.5,New Corridor/Aggressive Parallel,281.8,460.2,573,179.6,False,20.2,-98.540972,33.494167000000004,-98.81875,33.316907
2023_all2030_dcfull_n1_ALL_2030,2023,all2030,full_tx,ALL_2030,all2030_dcfull_n1,transmission,upgrade_branch,line,AC,NORTH,5435-5471,5435,5471,187.0,467.5,280.5,148.19,NEW,161.0,161.0,161.0,T7_structural,2.5,New Corridor/Aggressive Parallel,593.3,1040.2,1563,417.7,False,19.8,-98.17276,32.600503,-98.377389,32.371306
2023_all2030_dcfull_n1_ALL_2030,2023,all2030,full_tx,ALL_2030,all2030_dcfull_n1,transmission,upgrade_branch,line,AC,NORTH,5285-13237,5285,13237,195.2,429.4,234.2,143.99,NEW,161.0,161.0,161.0,T6_heavy,2.2,New Parallel Circuit,74.6,133.6,517,81.1,True,38.2,-97.857678,33.315883,-97.234707,33.503328
2023_all2030_dcfull_n1_ALL_2030,2023,all2030,full_tx,ALL_2030,all2030_dcfull_n1,transmission,upgrade_branch,line,AC,WEST,3032-3094,3032,3094,113.2,283.0,169.8,143.746,NEW,115.0,115.0,115.0,T7_structural,2.5,New Corridor/Aggressive Parallel,133.1,161.3,790,98.6,True,23.3,-99.70613471428572,32.45867642857143,-100.09043266666669,32.36779933333333
2023_all2030_dcfull_n1_ALL_2030,2023,all2030,full_tx,ALL_2030,all2030_dcfull_n1,transmission,upgrade_branch,line,AC,NORTH,5361-5015,5361,5015,4352.0,6092.8,1740.8,139.316,NEW,500.0,500.0,500.0,T4_light,1.4,Reconductor(ACSR->ACSS),93.0,104.7,2075,72.6,True,42.9,-97.9208,33.1964,-97.254531,32.926023
2023_all2030_dcfull_n1_ALL_2030,2023,all2030,full_tx,ALL_2030,all2030_dcfull_n1,transmission,upgrade_branch,line,AC,NORTH,5112-5246,5112,5246,187.0,467.5,280.5,136.231,NEW,161.0,161.0,161.0,T7_structural,2.5,New Corridor/Aggressive Parallel,328.5,674.4,1564,269.8,False,18.2,-97.8826,32.001481,-97.790381,32.253423999999995
2023_all2030_dcfull_n1_ALL_2030,2023,all2030,full_tx,ALL_2030,all2030_dcfull_n1,transmission,upgrade_branch,line,AC,NORTH,5290-5154,5290,5154,251.0,627.5,376.5,127.769,NEW,161.0,161.0,161.0,T7_structural,2.5,New Corridor/Aggressive Parallel,112.0,184.9,1564,84.9,True,17.1,-97.3667,31.8694,-97.343521,32.116002
2023_all2030_dcfull_n1_ALL_2030,2023,all2030,full_tx,ALL_2030,all2030_dcfull_n1,transmission,upgrade_branch,line,AC,NORTH,8118-8151,8118,8151,98.0,245.0,147.0,127.629,NEW,115.0,115.0,115.0,T7_structural,2.5,New Corridor/Aggressive Parallel,104.7,275.6,4353,119.3,False,20.7,-95.255739,31.188898,-95.481652,31.417425
2023_all2030_dcfull_n1_ALL_2030,2023,all2030,full_tx,ALL_2030,all2030_dcfull_n1,transmission,upgrade_branch,line,AC,HOUSTON,7010-7182,7010,7182,98.0,245.0,147.0,125.756,NEW,115.0,115.0,115.0,T7_structural,2.5,New Corridor/Aggressive Parallel,99.0,164.4,3255,77.6,True,20.4,-95.990493,30.086834,-96.012215,29.792687
2023_all2030_dcfull_n1_ALL_2030,2023,all2030,full_tx,ALL_2030,all2030_dcfull_n1,transmission,upgrade_branch,line,AC,SOUTH,6127-8102,6127,8102,98.0,245.0,147.0,125.578,NEW,115.0,115.0,115.0,T7_structural,2.5,New Corridor/Aggressive Parallel,105.3,252.0,2932,101.4,False,20.3,-96.907601,30.891129,-96.66368,31.09828
2023_all2030_dcfull_n1_ALL_2030,2023,all2030,full_tx,ALL_2030,all2030_dcfull_n1,transmission,upgrade_branch,line,AC,WEST,3021-12996,3021,12996,137.5,343.8,206.2,124.666,NEW,115.0,115.0,115.0,T7_structural,2.5,New Corridor/Aggressive Parallel,78.0,156.1,1742,84.2,True,20.2,-99.720186,32.783669,-100.0652435,32.819086
2023_all2030_dcfull_n1_ALL_2030,2023,all2030,full_tx,ALL_2030,all2030_dcfull_n1,transmission,upgrade_branch,line,AC,HOUSTON,12704-7341,12704,7341,2301.4,4027.5,1726.1,123.731,NEW,500.0,500.0,500.0,T5_moderate,1.75,HTLS Reconductor,92.4,113.5,3909,60.6,True,22.4,-95.41128715217393,29.77727818478261,-95.7842315,29.79427175
2023_all2030_dcfull_n1_ALL_2030,2023,all2030,full_tx,ALL_2030,all2030_dcfull_n1,transmission,upgrade_branch,line,AC,NORTH,5191-5407,5191,5407,187.0,467.5,280.5,119.675,NEW,161.0,161.0,161.0,T7_structural,2.5,New Corridor/Aggressive Parallel,185.2,334.6,1564,138.7,False,16.0,-97.710123,31.916215,-97.46203133333334,31.819786000000004
2023_all2030_dcfull_n1_ALL_2030,2023,all2030,full_tx,ALL_2030,all2030_dcfull_n1,transmission,upgrade_branch,line,AC,NORTH,5075-5231,5075,5231,225.2,563.0,337.8,119.578,NEW,161.0,161.0,161.0,T7_structural,2.5,New Corridor/Aggressive Parallel,65.8,151.5,1697,52.8,True,16.0,-98.049081,31.553908,-98.213739,31.738177
2023_all2030_dcfull_n1_ALL_2030,2023,all2030,full_tx,ALL_2030,all2030_dcfull_n1,transmission,upgrade_branch,line,AC,WEST,13220-13315,13220,13315,330.0,462.0,132.0,114.841,NEW,115.0,115.0,115.0,T4_light,1.4,Reconductor(ACSR->ACSS),33.0,106.1,5238,75.8,True,103.9,-100.938705,32.130795,-99.5687984,33.0957078
2023_all2030_dcfull_n1_ALL_2030,2023,all2030,full_tx,ALL_2030,all2030_dcfull_n1,transmission,upgrade_branch,line,AC,NORTH,5285-2053,5285,2053,291.0,727.5,436.5,113.917,NEW,161.0,161.0,161.0,T7_structural,2.5,New Corridor/Aggressive Parallel,129.6,186.1,573,93.7,True,15.2,-97.857678,33.315883,-97.95612,33.520572
2023_all2030_dcfull_n1_ALL_2030,2023,all2030,full_tx,ALL_2030,all2030_dcfull_n1,transmission,upgrade_branch,line,AC,NORTH,5349-5462,5349,5462,251.0,627.5,376.5,113.694,NEW,161.0,161.0,161.0,T7_structural,2.5,New Corridor/Aggressive Parallel,34.4,169.3,2217,67.7,True,15.2,-96.7651095,32.5902035,-96.80082027272728,32.808276409090915
2023_all2030_dcfull_n1_ALL_2030,2023,all2030,full_tx,ALL_2030,all2030_dcfull_n1,transmission,upgrade_branch,line,AC,NORTH,2067-2082,2067,2082,236.3,519.9,283.6,113.1,NEW,161.0,161.0,161.0,T6_heavy,2.2,New Parallel Circuit,79.9,134.8,581,74.8,True,0.0,-98.50555385714286,33.89755828571428,-98.50555385714286,33.89755828571428
2023_all2030_dcfull_n1_ALL_2030,2023,all2030,full_tx,ALL_2030,all2030_dcfull_n1,transmission,upgrade_branch,line,AC,NORTH,5027-5441,5027,5441,252.0,554.4,302.4,113.1,NEW,161.0,161.0,161.0,T6_heavy,2.2,New Parallel Circuit,84.2,131.9,2548,71.4,True,0.0,-97.34008506896552,32.753233586206896,-97.34008506896552,32.753233586206896
2023_all2030_dcfull_n1_ALL_2030,2023,all2030,full_tx,ALL_2030,all2030_dcfull_n1,transmission,upgrade_branch,line,AC,NORTH,5032-5329,5032,5329,187.0,411.4,224.4,113.1,NEW,161.0,161.0,161.0,T6_heavy,2.2,New Parallel Circuit,0.9,143.9,1677,53.4,True,0.0,-96.80082027272728,32.808276409090915,-96.80082027272728,32.808276409090915
2023_all2030_dcfull_n1_ALL_2030,2023,all2030,full_tx,ALL_2030,all2030_dcfull_n1,transmission,upgrade_branch,line,AC,NORTH,5064-5125,5064,5125,217.3,478.1,260.8,113.1,NEW,161.0,161.0,161.0,T6_heavy,2.2,New Parallel Circuit,105.8,126.6,1757,102.7,False,0.0,-97.12502636363637,32.69967490909091,-97.12502636363637,32.69967490909091
2023_all2030_dcfull_n1_ALL_2030,2023,all2030,full_tx,ALL_2030,all2030_dcfull_n1,transmission,upgrade_branch,line,AC,NORTH,5085-5462,5085,5462,212.7,467.9,255.2,113.1,NEW,161.0,161.0,161.0,T6_heavy,2.2,New Parallel Circuit,54.2,132.2,2217,88.6,True,0.0,-96.80082027272728,32.808276409090915,-96.80082027272728,32.808276409090915
2023_all2030_dcfull_n1_ALL_2030,2023,all2030,full_tx,ALL_2030,all2030_dcfull_n1,transmission,upgrade_branch,line,AC,NORTH,5389-5144,5389,5144,187.0,411.4,224.4,113.1,NEW,161.0,161.0,161.0,T6_heavy,2.2,New Parallel Circuit,96.2,129.1,2547,50.7,True,0.0,-97.145583,31.5590085,-97.145583,31.5590085
2023_all2030_dcfull_n1_ALL_2030,2023,all2030,full_tx,ALL_2030,all2030_dcfull_n1,transmission,upgrade_branch,line,AC,NORTH,5376-5323,5376,5323,349.0,767.8,418.8,113.1,NEW,161.0,161.0,161.0,T6_heavy,2.2,New Parallel Circuit,75.6,148.8,2544,70.9,True,0.0,-96.80082027272728,32.808276409090915,-96.80082027272728,32.808276409090915
2023_all2030_dcfull_n1_ALL_2030,2023,all2030,full_tx,ALL_2030,all2030_dcfull_n1,transmission,upgrade_branch,line,AC,NORTH,5376-5323,5376,5323,349.0,767.8,418.8,113.1,NEW,161.0,161.0,161.0,T6_heavy,2.2,New Parallel Circuit,75.6,148.8,2544,70.9,True,0.0,-96.80082027272728,32.808276409090915,-96.80082027272728,32.808276409090915
2023_all2030_dcfull_n1_ALL_2030,2023,all2030,full_tx,ALL_2030,all2030_dcfull_n1,transmission,upgrade_branch,line,AC,NORTH,12754-12937,12754,12937,371.0,816.2,445.2,113.1,NEW,161.0,161.0,161.0,T6_heavy,2.2,New Parallel Circuit,109.0,136.7,4874,58.2,True,0.0,-99.695954,33.73925199999999,-99.695954,33.73925199999999
2023_all2030_dcfull_n1_ALL_2030,2023,all2030,full_tx,ALL_2030,all2030_dcfull_n1,transmission,upgrade_branch,line,AC,NORTH,5113-5218,5113,5218,187.0,467.5,280.5,112.61,NEW,161.0,161.0,161.0,T7_structural,2.5,New Corridor/Aggressive Parallel,99.6,161.6,1922,82.5,True,15.1,-97.3420515,33.318023,-97.340499,33.099993
2023_all2030_dcfull_n1_ALL_2030,2023,all2030,full_tx,ALL_2030,all2030_dcfull_n1,transmission,upgrade_branch,line,AC,WEST,13140-13211,13140,13211,124.6,174.4,49.8,112.547,NEW,115.0,115.0,115.0,T4_light,1.4,Reconductor(ACSR->ACSS),76.8,104.3,5180,74.9,True,101.9,-100.938705,32.130795,-102.2726905,31.190672000000003
2023_all2030_dcfull_n1_ALL_2030,2023,all2030,full_tx,ALL_2030,all2030_dcfull_n1,transmission,upgrade_branch,line,AC,NORTH,5157-5376,5157,5376,233.5,583.8,350.2,111.314,NEW,161.0,161.0,161.0,T7_structural,2.5,New Corridor/Aggressive Parallel,119.2,160.5,1908,88.1,True,14.9,-96.864075,32.599427,-96.80082027272728,32.808276409090915
2023_all2030_dcfull_n1_ALL_2030,2023,all2030,full_tx,ALL_2030,all2030_dcfull_n1,transmission,upgrade_branch,line,AC,SOUTH,6338-6127,6338,6127,220.0,550.0,330.0,111.035,NEW,115.0,115.0,115.0,T7_structural,2.5,New Corridor/Aggressive Parallel,77.3,179.5,2885,71.8,True,18.0,-96.947291,30.633128,-96.907601,30.891129
2023_all2030_dcfull_n1_ALL_2030,2023,all2030,full_tx,ALL_2030,all2030_dcfull_n1,transmission,upgrade_branch,line,AC,WEST,3066-3142,3066,3142,98.0,215.6,117.6,110.173,NEW,115.0,115.0,115.0,T6_heavy,2.2,New Parallel Circuit,98.7,126.5,888,81.3,True,36.8,-99.529678,31.25981966666667,-100.15267,31.289523
2023_all2030_dcfull_n1_ALL_2030,2023,all2030,full_tx,ALL_2030,all2030_dcfull_n1,transmission,upgrade_branch,line,AC,NORTH,5347-5008,5347,5008,187.0,411.4,224.4,109.753,NEW,161.0,161.0,161.0,T6_heavy,2.2,New Parallel Circuit,88.8,146.6,1742,69.4,True,29.1,-99.1533074,32.3857988,-99.33232,32.77921550000001
2023_all2030_dcfull_n1_ALL_2030,2023,all2030,full_tx,ALL_2030,all2030_dcfull_n1,transmission,upgrade_branch,line,AC,NORTH,8025-8151,8025,8151,98.0,215.6,117.6,104.865,NEW,115.0,115.0,115.0,T6_heavy,2.2,New Parallel Circuit,58.5,144.0,4353,47.6,True,35.1,-95.64904,31.9046145,-95.481652,31.417425
2023_all2030_dcfull_n1_ALL_2030,2023,all2030,full_tx,ALL_2030,all2030_dcfull_n1,transmission,upgrade_branch,line,AC,NORTH,8090-8092,8090,8092,98.0,245.0,147.0,104.068,NEW,115.0,115.0,115.0,T7_structural,2.5,New Corridor/Aggressive Parallel,79.4,164.8,4353,90.7,True,16.9,-95.58334,31.606693,-95.863721,31.557267
2023_all2030_dcfull_n1_ALL_2030,2023,all2030,full_tx,ALL_2030,all2030_dcfull_n1,transmission,upgrade_branch,line,AC,NORTH,5047-5448,5047,5448,2034.0,3559.5,1525.5,101.578,NEW,500.0,500.0,500.0,T5_moderate,1.75,HTLS Reconductor,98.2,121.6,2545,69.2,True,18.4,-97.188374,32.503973,-97.010181,32.723688
2023_all2030_dcfull_n1_ALL_2030,2023,all2030,full_tx,ALL_2030,all2030_dcfull_n1,transmission,upgrade_branch,line,AC,NORTH,5154-5247,5154,5247,187.0,467.5,280.5,101.524,NEW,161.0,161.0,161.0,T7_structural,2.5,New Corridor/Aggressive Parallel,77.2,178.0,2258,68.2,True,13.6,-97.343521,32.116002,-97.575601,32.117538
2023_all2030_dcfull_n1_ALL_2030,2023,all2030,full_tx,ALL_2030,all2030_dcfull_n1,transmission,upgrade_branch,line,AC,WEST,3015-3127,3015,3127,98.0,245.0,147.0,99.01,NEW,115.0,115.0,115.0,T7_structural,2.5,New Corridor/Aggressive Parallel,189.7,234.4,1014,130.9,False,16.0,-100.56760671428572,32.36118885714286,-100.2940896,32.3397188
2023_all2030_dcfull_n1_ALL_2030,2023,all2030,full_tx,ALL_2030,all2030_dcfull_n1,transmission,upgrade_branch,line,AC,WEST,3064-3141,3064,3141,149.0,372.5,223.5,99.01,NEW,115.0,115.0,115.0,T7_structural,2.5,New Corridor/Aggressive Parallel,130.9,205.5,1014,99.8,True,16.0,-100.56760671428572,32.36118885714286,-100.2940896,32.3397188
2023_all2030_dcfull_n1_ALL_2030,2023,all2030,full_tx,ALL_2030,all2030_dcfull_n1,transmission,upgrade_branch,line,AC,WEST,3127-13366,3127,13366,203.2,508.0,304.8,99.01,NEW,115.0,115.0,115.0,T7_structural,2.5,New Corridor/Aggressive Parallel,101.6,156.2,885,68.7,True,16.0,-100.2940896,32.3397188,-100.56760671428572,32.36118885714286
2023_all2030_dcfull_n1_ALL_2030,2023,all2030,full_tx,ALL_2030,all2030_dcfull_n1,transmission,upgrade_branch,line,AC,NORTH,5286-5046,5286,5046,187.0,467.5,280.5,98.816,NEW,161.0,161.0,161.0,T7_structural,2.5,New Corridor/Aggressive Parallel,22.4,260.2,1697,101.0,False,13.2,-98.4123355,32.20698,-98.187624,32.1858615
2023_all2030_dcfull_n1_ALL_2030,2023,all2030,full_tx,ALL_2030,all2030_dcfull_n1,transmission,upgrade_branch,line,AC,NORTH,5286-13018,5286,13018,253.1,632.8,379.6,98.816,NEW,161.0,161.0,161.0,T7_structural,2.5,New Corridor/Aggressive Parallel,86.0,203.7,1564,93.2,True,13.2,-98.4123355,32.20698,-98.187624,32.1858615
2023_all2030_dcfull_n1_ALL_2030,2023,all2030,full_tx,ALL_2030,all2030_dcfull_n1,transmission,upgrade_branch,line,AC,NORTH,8118-8014,8118,8014,98.0,245.0,147.0,98.226,NEW,115.0,115.0,115.0,T7_structural,2.5,New Corridor/Aggressive Parallel,199.1,537.2,4353,214.9,False,15.9,-95.255739,31.188898,-95.499937,31.092367
2023_all2030_dcfull_n1_ALL_2030,2023,all2030,full_tx,ALL_2030,all2030_dcfull_n1,transmission,upgrade_branch,line,AC,NORTH,5204-12556,5204,12556,2811.6,3936.2,1124.6,97.5,NEW,500.0,500.0,500.0,T4_light,1.4,Reconductor(ACSR->ACSS),76.7,105.4,1605,68.4,True,0.0,-97.93385,33.07965,-97.93385,33.07965
2023_all2030_dcfull_n1_ALL_2030,2023,all2030,full_tx,ALL_2030,all2030_dcfull_n1,transmission,upgrade_branch,line,AC,NORTH,8014-8037,8014,8037,149.0,372.5,223.5,97.08,NEW,115.0,115.0,115.0,T7_structural,2.5,New Corridor/Aggressive Parallel,120.8,343.1,4353,137.3,False,15.7,-95.499937,31.092367,-95.715509,30.959521
2023_all2030_dcfull_n1_ALL_2030,2023,all2030,full_tx,ALL_2030,all2030_dcfull_n1,transmission,upgrade_branch,line,AC,NORTH,8086-8010,8086,8010,98.0,245.0,147.0,96.848,NEW,115.0,115.0,115.0,T7_structural,2.5,New Corridor/Aggressive Parallel,125.6,212.1,4506,101.0,False,15.7,-96.4866,31.1803,-96.22928,31.235882
2023_all2030_dcfull_n1_ALL_2030,2023,all2030,full_tx,ALL_2030,all2030_dcfull_n1,transmission,upgrade_branch,line,AC,NORTH,5060-8065,5060,8065,137.0,342.5,205.5,93.74,NEW,115.0,115.0,115.0,T7_structural,2.5,New Corridor/Aggressive Parallel,130.2,189.7,1747,97.9,True,15.2,-96.092445,32.357217500000004,-96.1482745,32.142643
2023_all2030_dcfull_n1_ALL_2030,2023,all2030,full_tx,ALL_2030,all2030_dcfull_n1,transmission,upgrade_branch,line,AC,NORTH,5169-5135,5169,5135,187.0,411.4,224.4,93.436,NEW,161.0,161.0,161.0,T6_heavy,2.2,New Parallel Circuit,77.5,149.4,1742,59.7,True,24.8,-98.4123355,32.20698,-98.66402,32.495875
2023_all2030_dcfull_n1_ALL_2030,2023,all2030,full_tx,ALL_2030,all2030_dcfull_n1,transmission,upgrade_branch,line,AC,SOUTH,6116-6095,6116,6095,98.0,245.0,147.0,93.146,NEW,115.0,115.0,115.0,T7_structural,2.5,New Corridor/Aggressive Parallel,204.1,261.7,2581,175.5,False,15.1,-97.35701,30.41477,-97.546124,30.560042
2023_all2030_dcfull_n1_ALL_2030,2023,all2030,full_tx,ALL_2030,all2030_dcfull_n1,transmission,upgrade_branch,line,AC,NORTH,5133-5005,5133,5005,187.0,467.5,280.5,92.536,NEW,161.0,161.0,161.0,T7_structural,2.5,New Corridor/Aggressive Parallel,1462.5,2680.3,1917,1072.1,False,12.4,-97.924354,32.362649,-98.008849,32.527015
2023_all2030_dcfull_n1_ALL_2030,2023,all2030,full_tx,ALL_2030,all2030_dcfull_n1,transmission,upgrade_branch,line,AC,NORTH,12754-13202,12754,13202,280.0,616.0,336.0,91.532,NEW,161.0,161.0,161.0,T6_heavy,2.2,New Parallel Circuit,55.9,127.2,1742,75.8,True,24.3,-99.695954,33.73925199999999,-99.2898065,33.642922
2023_all2030_dcfull_n1_ALL_2030,2023,all2030,full_tx,ALL_2030,all2030_dcfull_n1,transmission,upgrade_branch,line,AC,NORTH,5127-5231,5127,5231,187.0,411.4,224.4,91.016,NEW,161.0,161.0,161.0,T6_heavy,2.2,New Parallel Circuit,46.9,133.9,1564,70.1,True,24.1,-97.804426,31.769003,-98.213739,31.738177
2023_all2030_dcfull_n1_ALL_2030,2023,all2030,full_tx,ALL_2030,all2030_dcfull_n1,transmission,upgrade_branch,line,AC,NORTH,5261-5318,5261,5318,216.2,540.5,324.3,89.732,NEW,161.0,161.0,161.0,T7_structural,2.5,New Corridor/Aggressive Parallel,61.4,193.9,2288,68.1,True,12.0,-97.790381,32.253423999999995,-97.69946625,32.40925625
2023_all2030_dcfull_n1_ALL_2030,2023,all2030,full_tx,ALL_2030,all2030_dcfull_n1,transmission,upgrade_branch,line,AC,WEST,3003-3141,3003,3141,176.0,387.2,211.2,89.7,NEW,115.0,115.0,115.0,T6_heavy,2.2,New Parallel Circuit,118.6,140.7,689,75.0,True,0.0,-100.2940896,32.3397188,-100.2940896,32.3397188
2023_all2030_dcfull_n1_ALL_2030,2023,all2030,full_tx,ALL_2030,all2030_dcfull_n1,transmission,upgrade_branch,line,AC,WEST,3038-3121,3038,3121,155.0,341.0,186.0,89.7,NEW,115.0,115.0,115.0,T6_heavy,2.2,New Parallel Circuit,114.9,147.6,802,102.1,False,0.0,-100.56760671428572,32.36118885714286,-100.56760671428572,32.36118885714286
2023_all2030_dcfull_n1_ALL_2030,2023,all2030,full_tx,ALL_2030,all2030_dcfull_n1,transmission,upgrade_branch,line,AC,WEST,3051-13385,3051,13385,199.9,439.8,239.9,89.7,NEW,115.0,115.0,115.0,T6_heavy,2.2,New Parallel Circuit,86.4,141.7,1000,69.1,True,0.0,-100.967827,29.7051495,-100.967827,29.7051495
2023_all2030_dcfull_n1_ALL_2030,2023,all2030,full_tx,ALL_2030,all2030_dcfull_n1,transmission,upgrade_branch,line,AC,SOUTH,4033-4114,4033,4114,125.5,276.1,150.6,89.7,NEW,115.0,115.0,115.0,T6_heavy,2.2,New Parallel Circuit,58.7,125.3,1469,77.8,True,0.0,-99.3906115,27.588413625,-99.3906115,27.588413625
2023_all2030_dcfull_n1_ALL_2030,2023,all2030,full_tx,ALL_2030,all2030_dcfull_n1,transmission,upgrade_branch,line,AC,SOUTH,6044-6275,6044,6275,204.4,449.7,245.3,89.7,NEW,115.0,115.0,115.0,T6_heavy,2.2,New Parallel Circuit,73.3,128.9,2742,105.5,False,0.0,-98.5093816037736,29.474642000000003,-98.5093816037736,29.474642000000003
2023_all2030_dcfull_n1_ALL_2030,2023,all2030,full_tx,ALL_2030,all2030_dcfull_n1,transmission,upgrade_branch,line,AC,SOUTH,6044-6275,6044,6275,204.4,449.7,245.3,89.7,NEW,115.0,115.0,115.0,T6_heavy,2.2,New Parallel Circuit,73.3,128.9,2741,105.5,False,0.0,-98.5093816037736,29.474642000000003,-98.5093816037736,29.474642000000003
2023_all2030_dcfull_n1_ALL_2030,2023,all2030,full_tx,ALL_2030,all2030_dcfull_n1,transmission,upgrade_branch,line,AC,SOUTH,6061-6224,6061,6224,98.0,215.6,117.6,89.7,NEW,115.0,115.0,115.0,T6_heavy,2.2,New Parallel Circuit,91.4,135.2,2733,79.4,True,0.0,-97.77508287179488,30.30416587179487,-97.77508287179488,30.30416587179487
2023_all2030_dcfull_n1_ALL_2030,2023,all2030,full_tx,ALL_2030,all2030_dcfull_n1,transmission,upgrade_branch,line,AC,SOUTH,6275-6324,6275,6324,221.0,486.2,265.2,89.7,NEW,115.0,115.0,115.0,T6_heavy,2.2,New Parallel Circuit,106.4,127.9,3199,101.8,False,0.0,-98.5093816037736,29.474642000000003,-98.5093816037736,29.474642000000003
2023_all2030_dcfull_n1_ALL_2030,2023,all2030,full_tx,ALL_2030,all2030_dcfull_n1,transmission,upgrade_branch,line,AC,SOUTH,6275-6324,6275,6324,221.0,486.2,265.2,89.7,NEW,115.0,115.0,115.0,T6_heavy,2.2,New Parallel Circuit,106.4,127.9,3198,101.8,False,0.0,-98.5093816037736,29.474642000000003,-98.5093816037736,29.474642000000003
2023_all2030_dcfull_n1_ALL_2030,2023,all2030,full_tx,ALL_2030,all2030_dcfull_n1,transmission,upgrade_branch,line,AC,SOUTH,6324-6320,6324,6320,250.0,550.0,300.0,89.7,NEW,115.0,115.0,115.0,T6_heavy,2.2,New Parallel Circuit,108.6,131.0,2964,94.0,True,0.0,-98.5093816037736,29.474642000000003,-98.5093816037736,29.474642000000003
2023_all2030_dcfull_n1_ALL_2030,2023,all2030,full_tx,ALL_2030,all2030_dcfull_n1,transmission,upgrade_branch,line,AC,HOUSTON,7425-7246,7425,7246,98.0,215.6,117.6,89.7,NEW,115.0,115.0,115.0,T6_heavy,2.2,New Parallel Circuit,95.0,136.3,4048,79.0,True,0.0,-95.41128715217393,29.77727818478261,-95.41128715217393,29.77727818478261
2023_all2030_dcfull_n1_ALL_2030,2023,all2030,full_tx,ALL_2030,all2030_dcfull_n1,transmission,upgrade_branch,line,AC,NORTH,8069-8103,8069,8103,149.0,327.8,178.8,89.7,NEW,115.0,115.0,115.0,T6_heavy,2.2,New Parallel Circuit,80.3,139.9,4378,83.8,True,0.0,-96.202639,31.37571,-96.202639,31.37571
2023_all2030_dcfull_n1_ALL_2030,2023,all2030,full_tx,ALL_2030,all2030_dcfull_n1,transmission,upgrade_branch,line,AC,WEST,13335-13337,13335,13337,116.4,256.1,139.7,89.7,NEW,115.0,115.0,115.0,T6_heavy,2.2,New Parallel Circuit,55.8,129.8,5301,65.2,True,0.0,-99.79466125,29.20340125,-99.79466125,29.20340125
2023_all2030_dcfull_n1_ALL_2030,2023,all2030,full_tx,ALL_2030,all2030_dcfull_n1,transmission,upgrade_branch,line,AC,NORTH,5191-5151,5191,5151,187.0,467.5,280.5,87.521,NEW,161.0,161.0,161.0,T7_structural,2.5,New Corridor/Aggressive Parallel,122.2,222.7,1564,95.0,True,11.7,-97.710123,31.916215,-97.52976,31.988989
2023_all2030_dcfull_n1_ALL_2030,2023,all2030,full_tx,ALL_2030,all2030_dcfull_n1,transmission,upgrade_branch,line,AC,NORTH,5191-5112,5191,5112,187.0,467.5,280.5,87.473,NEW,161.0,161.0,161.0,T7_structural,2.5,New Corridor/Aggressive Parallel,401.3,799.0,1564,313.8,False,11.7,-97.710123,31.916215,-97.8826,32.001481
2023_all2030_dcfull_n1_ALL_2030,2023,all2030,full_tx,ALL_2030,all2030_dcfull_n1,transmission,upgrade_branch,line,AC,NORTH,5191-5127,5191,5127,187.0,467.5,280.5,86.561,NEW,161.0,161.0,161.0,T7_structural,2.5,New Corridor/Aggressive Parallel,98.3,246.1,1564,84.6,True,11.6,-97.710123,31.916215,-97.804426,31.769003
2023_all2030_dcfull_n1_ALL_2030,2023,all2030,full_tx,ALL_2030,all2030_dcfull_n1,transmission,upgrade_branch,line,AC,NORTH,5169-5471,5169,5471,187.0,467.5,280.5,86.231,NEW,161.0,161.0,161.0,T7_structural,2.5,New Corridor/Aggressive Parallel,225.0,399.1,1563,138.2,False,11.5,-98.4123355,32.20698,-98.377389,32.371306
2023_all2030_dcfull_n1_ALL_2030,2023,all2030,full_tx,ALL_2030,all2030_dcfull_n1,transmission,upgrade_branch,line,AC,NORTH,5285-2039,5285,2039,251.0,627.5,376.5,85.56,NEW,161.0,161.0,161.0,T7_structural,2.5,New Corridor/Aggressive Parallel,88.0,169.7,663,90.9,True,11.4,-97.857678,33.315883,-97.751818,33.455991
2023_all2030_dcfull_n1_ALL_2030,2023,all2030,full_tx,ALL_2030,all2030_dcfull_n1,transmission,upgrade_branch,line,AC,NORTH,5264-5471,5264,5471,251.0,627.5,376.5,85.051,NEW,161.0,161.0,161.0,T7_structural,2.5,New Corridor/Aggressive Parallel,111.2,224.3,2087,78.2,True,11.4,-98.552257,32.298594,-98.377389,32.371306
2023_all2030_dcfull_n1_ALL_2030,2023,all2030,full_tx,ALL_2030,all2030_dcfull_n1,transmission,upgrade_branch,line,AC,HOUSTON,7432-8141,7432,8141,221.0,386.8,165.8,83.8,NEW,115.0,115.0,115.0,T5_moderate,1.75,HTLS Reconductor,67.5,123.1,4356,47.5,True,43.0,-95.905344,30.953672,-96.62542,30.881424
2023_all2030_dcfull_n1_ALL_2030,2023,all2030,full_tx,ALL_2030,all2030_dcfull_n1,transmission,upgrade_branch,line,AC,SOUTH,6292-6003,6292,6003,2768.0,4844.0,2076.0,83.644,NEW,500.0,500.0,500.0,T5_moderate,1.75,HTLS Reconductor,59.6,111.8,2581,50.1,True,15.1,-97.522552,30.119949,-97.2711,30.146700000000003
2023_all2030_dcfull_n1_ALL_2030,2023,all2030,full_tx,ALL_2030,all2030_dcfull_n1,transmission,upgrade_branch,line,AC,NORTH,12754-12978,12754,12978,214.6,536.5,321.9,83.01,NEW,161.0,161.0,161.0,T7_structural,2.5,New Corridor/Aggressive Parallel,116.8,167.9,1742,76.8,True,11.1,-99.695954,33.73925199999999,-99.58229,33.609313
2023_all2030_dcfull_n1_ALL_2030,2023,all2030,full_tx,ALL_2030,all2030_dcfull_n1,transmission,upgrade_branch,line,AC,NORTH,5013-5226,5013,5226,187.0,467.5,280.5,81.504,NEW,161.0,161.0,161.0,T7_structural,2.5,New Corridor/Aggressive Parallel,72.3,164.2,1697,62.8,True,10.9,-98.805134,31.842565,-98.776277,31.686677
2023_all2030_dcfull_n1_ALL_2030,2023,all2030,full_tx,ALL_2030,all2030_dcfull_n1,transmission,upgrade_branch,line,AC,NORTH,5005-5435,5005,5435,187.0,467.5,280.5,80.815,NEW,161.0,161.0,161.0,T7_structural,2.5,New Corridor/Aggressive Parallel,590.9,1037.8,1563,416.7,False,10.8,-98.008849,32.527015,-98.17276,32.600503
2023_all2030_dcfull_n1_ALL_2030,2023,all2030,full_tx,ALL_2030,all2030_dcfull_n1,transmission,upgrade_branch,line,AC,NORTH,8132-8054,8132,8054,98.0,245.0,147.0,80.295,NEW,115.0,115.0,115.0,T7_structural,2.5,New Corridor/Aggressive Parallel,103.2,188.6,4353,100.2,False,13.0,-96.229757,31.4789,-96.009175,31.473728
2023_all2030_dcfull_n1_ALL_2030,2023,all2030,full_tx,ALL_2030,all2030_dcfull_n1,transmission,upgrade_branch,line,AC,HOUSTON,7432-8003,7432,8003,98.0,245.0,147.0,78.701,NEW,115.0,115.0,115.0,T7_structural,2.5,New Corridor/Aggressive Parallel,211.7,325.1,4390,171.0,False,12.7,-95.905344,30.953672,-95.934344,31.136452
2023_all2030_dcfull_n1_ALL_2030,2023,all2030,full_tx,ALL_2030,all2030_dcfull_n1,transmission,upgrade_branch,line,AC,NORTH,2068-2088,2068,2088,251.0,627.5,376.5,77.996,NEW,161.0,161.0,161.0,T7_structural,2.5,New Corridor/Aggressive Parallel,84.5,396.1,573,158.5,False,10.4,-98.360833,33.509722,-98.540972,33.494167000000004
2023_all2030_dcfull_n1_ALL_2030,2023,all2030,full_tx,ALL_2030,all2030_dcfull_n1,transmission,upgrade_branch,line,AC,NORTH,5219-5114,5219,5114,187.0,467.5,280.5,77.891,NEW,161.0,161.0,161.0,T7_structural,2.5,New Corridor/Aggressive Parallel,109.1,206.3,1688,82.5,True,10.4,-96.428985,32.533273,-96.255103,32.568801
2023_all2030_dcfull_n1_ALL_2030,2023,all2030,full_tx,ALL_2030,all2030_dcfull_n1,transmission,upgrade_branch,line,AC,NORTH,8003-8001,8003,8001,149.0,372.5,223.5,74.829,NEW,115.0,115.0,115.0,T7_structural,2.5,New Corridor/Aggressive Parallel,147.3,221.9,4390,115.7,False,12.1,-95.934344,31.136452,-96.13919,31.132442
2023_all2030_dcfull_n1_ALL_2030,2023,all2030,full_tx,ALL_2030,all2030_dcfull_n1,transmission,upgrade_branch,line,AC,NORTH,2025-2067,2025,2067,187.0,327.2,140.2,74.1,NEW,161.0,161.0,161.0,T5_moderate,1.75,HTLS Reconductor,79.9,124.2,581,51.2,True,0.0,-98.50555385714286,33.89755828571428,-98.50555385714286,33.89755828571428
2023_all2030_dcfull_n1_ALL_2030,2023,all2030,full_tx,ALL_2030,all2030_dcfull_n1,transmission,upgrade_branch,line,AC,NORTH,2055-2067,2055,2067,219.1,383.4,164.3,74.1,NEW,161.0,161.0,161.0,T5_moderate,1.75,HTLS Reconductor,80.2,125.0,581,53.0,True,0.0,-98.50555385714286,33.89755828571428,-98.50555385714286,33.89755828571428
2023_all2030_dcfull_n1_ALL_2030,2023,all2030,full_tx,ALL_2030,all2030_dcfull_n1,transmission,upgrade_branch,line,AC,NORTH,5003-5351,5003,5351,292.1,511.2,219.1,74.1,NEW,161.0,161.0,161.0,T5_moderate,1.75,HTLS Reconductor,86.8,119.9,1559,59.0,True,0.0,-96.6344372,32.9086048,-96.6344372,32.9086048
2023_all2030_dcfull_n1_ALL_2030,2023,all2030,full_tx,ALL_2030,all2030_dcfull_n1,transmission,upgrade_branch,line,AC,NORTH,5003-5351,5003,5351,292.1,511.2,219.1,74.1,NEW,161.0,161.0,161.0,T5_moderate,1.75,HTLS Reconductor,86.8,119.9,1558,59.0,True,0.0,-96.6344372,32.9086048,-96.6344372,32.9086048
2023_all2030_dcfull_n1_ALL_2030,2023,all2030,full_tx,ALL_2030,all2030_dcfull_n1,transmission,upgrade_branch,line,AC,NORTH,5010-5096,5010,5096,310.0,542.5,232.5,74.1,NEW,161.0,161.0,161.0,T5_moderate,1.75,HTLS Reconductor,72.2,119.6,1584,65.6,True,0.0,-96.73076228571428,33.04730142857143,-96.73076228571428,33.04730142857143
2023_all2030_dcfull_n1_ALL_2030,2023,all2030,full_tx,ALL_2030,all2030_dcfull_n1,transmission,upgrade_branch,line,AC,NORTH,5010-5096,5010,5096,310.0,542.5,232.5,74.1,NEW,161.0,161.0,161.0,T5_moderate,1.75,HTLS Reconductor,72.2,119.6,1583,65.6,True,0.0,-96.73076228571428,33.04730142857143,-96.73076228571428,33.04730142857143
2023_all2030_dcfull_n1_ALL_2030,2023,all2030,full_tx,ALL_2030,all2030_dcfull_n1,transmission,upgrade_branch,line,AC,NORTH,5032-5229,5032,5229,224.0,392.0,168.0,74.1,NEW,161.0,161.0,161.0,T5_moderate,1.75,HTLS Reconductor,53.9,121.3,1677,55.6,True,0.0,-96.80082027272728,32.808276409090915,-96.80082027272728,32.808276409090915
2023_all2030_dcfull_n1_ALL_2030,2023,all2030,full_tx,ALL_2030,all2030_dcfull_n1,transmission,upgrade_branch,line,AC,NORTH,5034-5329,5034,5329,204.1,357.2,153.1,74.1,NEW,161.0,161.0,161.0,T5_moderate,1.75,HTLS Reconductor,91.9,118.1,2315,65.6,True,0.0,-96.80082027272728,32.808276409090915,-96.80082027272728,32.808276409090915
2023_all2030_dcfull_n1_ALL_2030,2023,all2030,full_tx,ALL_2030,all2030_dcfull_n1,transmission,upgrade_branch,line,AC,NORTH,5250-5100,5250,5100,409.0,715.8,306.8,74.1,NEW,161.0,161.0,161.0,T5_moderate,1.75,HTLS Reconductor,86.0,113.9,1872,61.4,True,0.0,-96.80082027272728,32.808276409090915,-96.80082027272728,32.808276409090915
2023_all2030_dcfull_n1_ALL_2030,2023,all2030,full_tx,ALL_2030,all2030_dcfull_n1,transmission,upgrade_branch,line,AC,NORTH,5250-5100,5250,5100,409.0,715.8,306.8,74.1,NEW,161.0,161.0,161.0,T5_moderate,1.75,HTLS Reconductor,86.0,113.9,1871,61.4,True,0.0,-96.80082027272728,32.808276409090915,-96.80082027272728,32.808276409090915
2023_all2030_dcfull_n1_ALL_2030,2023,all2030,full_tx,ALL_2030,all2030_dcfull_n1,transmission,upgrade_branch,line,AC,NORTH,5250-5100,5250,5100,409.0,715.8,306.8,74.1,NEW,161.0,161.0,161.0,T5_moderate,1.75,HTLS Reconductor,86.0,113.9,1871,61.4,True,0.0,-96.80082027272728,32.808276409090915,-96.80082027272728,32.808276409090915
2023_all2030_dcfull_n1_ALL_2030,2023,all2030,full_tx,ALL_2030,all2030_dcfull_n1,transmission,upgrade_branch,line,AC,NORTH,5100-5272,5100,5272,204.2,357.3,153.1,74.1,NEW,161.0,161.0,161.0,T5_moderate,1.75,HTLS Reconductor,98.1,122.2,2311,68.7,True,0.0,-96.80082027272728,32.808276409090915,-96.80082027272728,32.808276409090915
2023_all2030_dcfull_n1_ALL_2030,2023,all2030,full_tx,ALL_2030,all2030_dcfull_n1,transmission,upgrade_branch,line,AC,NORTH,5100-5352,5100,5352,238.0,416.5,178.5,74.1,NEW,161.0,161.0,161.0,T5_moderate,1.75,HTLS Reconductor,88.4,114.6,1875,64.3,True,0.0,-96.80082027272728,32.808276409090915,-96.80082027272728,32.808276409090915
2023_all2030_dcfull_n1_ALL_2030,2023,all2030,full_tx,ALL_2030,all2030_dcfull_n1,transmission,upgrade_branch,line,AC,NORTH,5194-5353,5194,5353,242.0,423.5,181.5,74.1,NEW,161.0,161.0,161.0,T5_moderate,1.75,HTLS Reconductor,76.1,113.6,1816,85.3,True,0.0,-96.914175,32.651936,-96.914175,32.651936
2023_all2030_dcfull_n1_ALL_2030,2023,all2030,full_tx,ALL_2030,all2030_dcfull_n1,transmission,upgrade_branch,line,AC,NORTH,5272-5352,5272,5352,234.8,410.9,176.1,74.1,NEW,161.0,161.0,161.0,T5_moderate,1.75,HTLS Reconductor,84.6,115.7,1874,65.2,True,0.0,-96.80082027272728,32.808276409090915,-96.80082027272728,32.808276409090915
2023_all2030_dcfull_n1_ALL_2030,2023,all2030,full_tx,ALL_2030,all2030_dcfull_n1,transmission,upgrade_branch,line,AC,NORTH,5291-5332,5291,5332,258.0,451.5,193.5,74.1,NEW,161.0,161.0,161.0,T5_moderate,1.75,HTLS Reconductor,89.4,111.7,1605,68.9,True,0.0,-97.34008506896552,32.753233586206896,-97.34008506896552,32.753233586206896
2023_all2030_dcfull_n1_ALL_2030,2023,all2030,full_tx,ALL_2030,all2030_dcfull_n1,transmission,upgrade_branch,line,AC,NORTH,5247-5209,5247,5209,187.0,467.5,280.5,72.645,NEW,161.0,161.0,161.0,T7_structural,2.5,New Corridor/Aggressive Parallel,75.2,176.0,2258,67.4,True,9.7,-97.575601,32.117538,-97.736712,32.083522
2023_all2030_dcfull_n1_ALL_2030,2023,all2030,full_tx,ALL_2030,all2030_dcfull_n1,transmission,upgrade_branch,line,AC,NORTH,5012-13266,5012,13266,209.6,461.1,251.5,72.581,NEW,161.0,161.0,161.0,T6_heavy,2.2,New Parallel Circuit,105.0,137.0,2072,99.7,True,19.3,-97.13581333333332,33.210620166666665,-97.466582,33.243525500000004
2023_all2030_dcfull_n1_ALL_2030,2023,all2030,full_tx,ALL_2030,all2030_dcfull_n1,transmission,upgrade_branch,line,AC,NORTH,5390-5278,5390,5278,342.0,855.0,513.0,71.28,NEW,161.0,161.0,161.0,T7_structural,2.5,New Corridor/Aggressive Parallel,62.4,150.7,2329,65.0,True,9.5,-97.2120625,30.983119,-97.314427,31.08967366666667
2023_all2030_dcfull_n1_ALL_2030,2023,all2030,full_tx,ALL_2030,all2030_dcfull_n1,transmission,upgrade_branch,line,AC,WEST,13089-13270,13089,13270,186.4,410.1,223.7,69.76,NEW,115.0,115.0,115.0,T6_heavy,2.2,New Parallel Circuit,85.7,147.0,5136,76.4,True,23.3,-101.80158,33.889462,-101.8383465,33.5531785
2023_all2030_dcfull_n1_ALL_2030,2023,all2030,full_tx,ALL_2030,all2030_dcfull_n1,transmission,upgrade_branch,line,AC,WEST,3021-2131,3021,2131,149.0,327.8,178.8,69.603,NEW,115.0,115.0,115.0,T6_heavy,2.2,New Parallel Circuit,29.2,128.9,1742,75.1,True,23.3,-99.720186,32.783669,-99.5687984,33.0957078
2023_all2030_dcfull_n1_ALL_2030,2023,all2030,full_tx,ALL_2030,all2030_dcfull_n1,transmission,upgrade_branch,line,AC,HOUSTON,7432-8037,7432,8037,149.0,372.5,223.5,69.502,NEW,115.0,115.0,115.0,T7_structural,2.5,New Corridor/Aggressive Parallel,222.4,353.3,4390,141.3,False,11.3,-95.905344,30.953672,-95.715509,30.959521
2023_all2030_dcfull_n1_ALL_2030,2023,all2030,full_tx,ALL_2030,all2030_dcfull_n1,transmission,upgrade_branch,line,AC,NORTH,5059-5426,5059,5426,251.0,627.5,376.5,66.75,NEW,161.0,161.0,161.0,T7_structural,2.5,New Corridor/Aggressive Parallel,140.0,160.3,2105,74.3,True,8.9,-96.092445,32.357217500000004,-96.245039,32.366686
2023_all2030_dcfull_n1_ALL_2030,2023,all2030,full_tx,ALL_2030,all2030_dcfull_n1,transmission,upgrade_branch,line,AC,WEST,3033-3022,3033,3022,342.0,598.5,256.5,66.684,NEW,115.0,115.0,115.0,T5_moderate,1.75,HTLS Reconductor,78.5,123.8,795,70.7,True,34.2,-100.94008825,32.806441125,-100.890668,32.313261999999995
2023_all2030_dcfull_n1_ALL_2030,2023,all2030,full_tx,ALL_2030,all2030_dcfull_n1,transmission,upgrade_branch,line,AC,SOUTH,12976-4020,12976,4020,228.0,501.6,273.6,66.286,NEW,115.0,115.0,115.0,T6_heavy,2.2,New Parallel Circuit,82.3,131.1,1126,74.7,True,22.2,-97.7314385,27.5750945,-97.4230987368421,27.74350405263158
2023_all2030_dcfull_n1_ALL_2030,2023,all2030,full_tx,ALL_2030,all2030_dcfull_n1,transmission,upgrade_branch,line,AC,SOUTH,12976-4020,12976,4020,228.0,501.6,273.6,66.286,NEW,115.0,115.0,115.0,T6_heavy,2.2,New Parallel Circuit,82.3,131.1,1125,74.7,True,22.2,-97.7314385,27.5750945,-97.4230987368421,27.74350405263158
2023_all2030_dcfull_n1_ALL_2030,2023,all2030,full_tx,ALL_2030,all2030_dcfull_n1,transmission,upgrade_branch,line,AC,WEST,1061-1112,1061,1112,169.8,373.6,203.8,65.462,NEW,115.0,115.0,115.0,T6_heavy,2.2,New Parallel Circuit,107.1,132.8,342,86.1,True,21.9,-101.3548315,32.107940125,-101.014,32.239
2023_all2030_dcfull_n1_ALL_2030,2023,all2030,full_tx,ALL_2030,all2030_dcfull_n1,transmission,upgrade_branch,line,AC,WEST,3132-3144,3132,3144,98.0,215.6,117.6,64.401,NEW,115.0,115.0,115.0,T6_heavy,2.2,New Parallel Circuit,105.4,140.1,806,81.7,True,21.5,-99.9360515,31.18751,-99.682323,31.411505
2023_all2030_dcfull_n1_ALL_2030,2023,all2030,full_tx,ALL_2030,all2030_dcfull_n1,transmission,upgrade_branch,line,AC,NORTH,8111-8042,8111,8042,98.0,245.0,147.0,64.135,NEW,115.0,115.0,115.0,T7_structural,2.5,New Corridor/Aggressive Parallel,128.8,296.1,4353,109.4,False,10.4,-94.737065,31.33610733333333,-94.758734,31.186933
2023_all2030_dcfull_n1_ALL_2030,2023,all2030,full_tx,ALL_2030,all2030_dcfull_n1,transmission,upgrade_branch,line,AC,NORTH,8054-8092,8054,8092,98.0,245.0,147.0,63.791,NEW,115.0,115.0,115.0,T7_structural,2.5,New Corridor/Aggressive Parallel,86.7,172.1,4353,93.6,True,10.3,-96.009175,31.473728,-95.863721,31.557267
2023_all2030_dcfull_n1_ALL_2030,2023,all2030,full_tx,ALL_2030,all2030_dcfull_n1,transmission,upgrade_branch,line,AC,WEST,3145-3006,3145,3006,149.0,327.8,178.8,62.554,NEW,115.0,115.0,115.0,T6_heavy,2.2,New Parallel Circuit,102.0,125.7,693,67.9,True,20.9,-100.2242635,32.5474795,-100.0652435,32.819086
2023_all2030_dcfull_n1_ALL_2030,2023,all2030,full_tx,ALL_2030,all2030_dcfull_n1,transmission,upgrade_branch,line,AC,NORTH,5274-5374,5274,5374,187.0,467.5,280.5,62.187,NEW,161.0,161.0,161.0,T7_structural,2.5,New Corridor/Aggressive Parallel,95.5,223.3,1677,133.7,False,8.3,-96.674333,32.605192,-96.620085,32.716601
2023_all2030_dcfull_n1_ALL_2030,2023,all2030,full_tx,ALL_2030,all2030_dcfull_n1,transmission,upgrade_branch,line,AC,NORTH,8010-8103,8010,8103,98.0,245.0,147.0,60.444,NEW,115.0,115.0,115.0,T7_structural,2.5,New Corridor/Aggressive Parallel,114.8,205.4,4378,109.2,False,9.8,-96.22928,31.235882,-96.202639,31.37571
2023_all2030_dcfull_n1_ALL_2030,2023,all2030,full_tx,ALL_2030,all2030_dcfull_n1,transmission,upgrade_branch,line,AC,WEST,13089-13377,13089,13377,191.0,420.2,229.2,59.378,NEW,115.0,115.0,115.0,T6_heavy,2.2,New Parallel Circuit,84.7,148.4,5135,76.6,True,19.9,-101.80158,33.889462,-101.8408,33.6039
2023_all2030_dcfull_n1_ALL_2030,2023,all2030,full_tx,ALL_2030,all2030_dcfull_n1,transmission,upgrade_branch,line,AC,NORTH,5203-5465,5203,5465,237.0,414.8,177.8,59.214,NEW,161.0,161.0,161.0,T5_moderate,1.75,HTLS Reconductor,98.1,115.5,2356,58.2,True,24.0,-96.80082027272728,32.808276409090915,-96.8232695,33.154732499999994
2023_all2030_dcfull_n1_ALL_2030,2023,all2030,full_tx,ALL_2030,all2030_dcfull_n1,transmission,upgrade_branch,line,AC,WEST,3003-3103,3003,3103,220.0,385.0,165.0,58.5,NEW,115.0,115.0,115.0,T5_moderate,1.75,HTLS Reconductor,17.7,112.6,690,64.3,True,0.0,-100.2940896,32.3397188,-100.2940896,32.3397188
2023_all2030_dcfull_n1_ALL_2030,2023,all2030,full_tx,ALL_2030,all2030_dcfull_n1,transmission,upgrade_branch,line,AC,WEST,3027-3032,3027,3032,140.0,245.0,105.0,58.5,NEW,115.0,115.0,115.0,T5_moderate,1.75,HTLS Reconductor,62.9,113.2,773,49.4,True,0.0,-99.70613471428572,32.45867642857143,-99.70613471428572,32.45867642857143
2023_all2030_dcfull_n1_ALL_2030,2023,all2030,full_tx,ALL_2030,all2030_dcfull_n1,transmission,upgrade_branch,line,AC,WEST,3033-3136,3033,3136,342.0,598.5,256.5,58.5,NEW,115.0,115.0,115.0,T5_moderate,1.75,HTLS Reconductor,45.3,123.8,754,70.7,True,0.0,-100.94008825,32.806441125,-100.94008825,32.806441125
2023_all2030_dcfull_n1_ALL_2030,2023,all2030,full_tx,ALL_2030,all2030_dcfull_n1,transmission,upgrade_branch,line,AC,SOUTH,6005-12620,6005,12620,193.6,338.8,145.2,58.5,NEW,115.0,115.0,115.0,T5_moderate,1.75,HTLS Reconductor,81.6,119.9,2877,74.2,True,0.0,-97.2711,30.146700000000003,-97.2711,30.146700000000003
2023_all2030_dcfull_n1_ALL_2030,2023,all2030,full_tx,ALL_2030,all2030_dcfull_n1,transmission,upgrade_branch,line,AC,SOUTH,6005-12620,6005,12620,193.6,338.8,145.2,58.5,NEW,115.0,115.0,115.0,T5_moderate,1.75,HTLS Reconductor,81.6,119.9,2877,74.2,True,0.0,-97.2711,30.146700000000003,-97.2711,30.146700000000003
2023_all2030_dcfull_n1_ALL_2030,2023,all2030,full_tx,ALL_2030,all2030_dcfull_n1,transmission,upgrade_branch,line,AC,SOUTH,6005-12620,6005,12620,193.6,338.8,145.2,58.5,NEW,115.0,115.0,115.0,T5_moderate,1.75,HTLS Reconductor,81.6,119.9,2877,74.2,True,0.0,-97.2711,30.146700000000003,-97.2711,30.146700000000003
2023_all2030_dcfull_n1_ALL_2030,2023,all2030,full_tx,ALL_2030,all2030_dcfull_n1,transmission,upgrade_branch,line,AC,SOUTH,6005-12620,6005,12620,193.6,338.8,145.2,58.5,NEW,115.0,115.0,115.0,T5_moderate,1.75,HTLS Reconductor,81.6,119.9,2877,74.2,True,0.0,-97.2711,30.146700000000003,-97.2711,30.146700000000003
2023_all2030_dcfull_n1_ALL_2030,2023,all2030,full_tx,ALL_2030,all2030_dcfull_n1,transmission,upgrade_branch,line,AC,SOUTH,6018-6256,6018,6256,191.4,334.9,143.5,58.5,NEW,115.0,115.0,115.0,T5_moderate,1.75,HTLS Reconductor,86.8,111.7,2725,93.9,True,0.0,-97.77508287179488,30.30416587179487,-97.77508287179488,30.30416587179487
2023_all2030_dcfull_n1_ALL_2030,2023,all2030,full_tx,ALL_2030,all2030_dcfull_n1,transmission,upgrade_branch,line,AC,SOUTH,6024-6256,6024,6256,124.0,217.0,93.0,58.5,NEW,115.0,115.0,115.0,T5_moderate,1.75,HTLS Reconductor,97.0,124.4,2658,97.2,True,0.0,-97.77508287179488,30.30416587179487,-97.77508287179488,30.30416587179487
2023_all2030_dcfull_n1_ALL_2030,2023,all2030,full_tx,ALL_2030,all2030_dcfull_n1,transmission,upgrade_branch,line,AC,SOUTH,6084-6353,6084,6353,163.8,286.7,122.9,58.5,NEW,115.0,115.0,115.0,T5_moderate,1.75,HTLS Reconductor,87.1,116.1,2847,50.4,True,0.0,-97.677175,30.5341255,-97.677175,30.5341255
2023_all2030_dcfull_n1_ALL_2030,2023,all2030,full_tx,ALL_2030,all2030_dcfull_n1,transmission,upgrade_branch,line,AC,SOUTH,6137-6217,6137,6217,137.0,239.8,102.8,58.5,NEW,115.0,115.0,115.0,T5_moderate,1.75,HTLS Reconductor,72.7,114.0,2688,65.1,True,0.0,-97.77508287179488,30.30416587179487,-97.77508287179488,30.30416587179487
2023_all2030_dcfull_n1_ALL_2030,2023,all2030,full_tx,ALL_2030,all2030_dcfull_n1,transmission,upgrade_branch,line,AC,SOUTH,6153-13418,6153,13418,119.3,208.8,89.5,58.5,NEW,115.0,115.0,115.0,T5_moderate,1.75,HTLS Reconductor,103.6,121.7,3206,59.0,True,0.0,-98.5093816037736,29.474642000000003,-98.5093816037736,29.474642000000003
2023_all2030_dcfull_n1_ALL_2030,2023,all2030,full_tx,ALL_2030,all2030_dcfull_n1,transmission,upgrade_branch,line,AC,SOUTH,6200-6275,6200,6275,109.0,190.8,81.8,58.5,NEW,115.0,115.0,115.0,T5_moderate,1.75,HTLS Reconductor,91.6,112.6,2740,83.0,True,0.0,-98.5093816037736,29.474642000000003,-98.5093816037736,29.474642000000003
2023_all2030_dcfull_n1_ALL_2030,2023,all2030,full_tx,ALL_2030,all2030_dcfull_n1,transmission,upgrade_branch,line,AC,HOUSTON,7223-7319,7223,7319,220.0,385.0,165.0,58.5,NEW,115.0,115.0,115.0,T5_moderate,1.75,HTLS Reconductor,91.8,110.1,3991,61.3,True,0.0,-95.41128715217393,29.77727818478261,-95.41128715217393,29.77727818478261
2023_all2030_dcfull_n1_ALL_2030,2023,all2030,full_tx,ALL_2030,all2030_dcfull_n1,transmission,upgrade_branch,line,AC,WEST,12659-12897,12659,12897,264.0,462.0,198.0,58.5,NEW,115.0,115.0,115.0,T5_moderate,1.75,HTLS Reconductor,82.5,123.7,4793,70.7,True,0.0,-100.94008825,32.806441125,-100.94008825,32.806441125
2023_all2030_dcfull_n1_ALL_2030,2023,all2030,full_tx,ALL_2030,all2030_dcfull_n1,transmission,upgrade_branch,line,AC,WEST,12659-12897,12659,12897,264.0,462.0,198.0,58.5,NEW,115.0,115.0,115.0,T5_moderate,1.75,HTLS Reconductor,82.5,123.7,4792,70.7,True,0.0,-100.94008825,32.806441125,-100.94008825,32.806441125
2023_all2030_dcfull_n1_ALL_2030,2023,all2030,full_tx,ALL_2030,all2030_dcfull_n1,transmission,upgrade_branch,line,AC,WEST,12659-12897,12659,12897,264.0,462.0,198.0,58.5,NEW,115.0,115.0,115.0,T5_moderate,1.75,HTLS Reconductor,82.5,123.7,4792,70.7,True,0.0,-100.94008825,32.806441125,-100.94008825,32.806441125
2023_all2030_dcfull_n1_ALL_2030,2023,all2030,full_tx,ALL_2030,all2030_dcfull_n1,transmission,upgrade_branch,line,AC,WEST,12663-12897,12663,12897,356.0,623.0,267.0,58.5,NEW,115.0,115.0,115.0,T5_moderate,1.75,HTLS Reconductor,0.7,121.0,4991,73.0,True,0.0,-100.94008825,32.806441125,-100.94008825,32.806441125
2023_all2030_dcfull_n1_ALL_2030,2023,all2030,full_tx,ALL_2030,all2030_dcfull_n1,transmission,upgrade_branch,line,AC,WEST,13239-13385,13239,13385,170.4,298.2,127.8,58.5,NEW,115.0,115.0,115.0,T5_moderate,1.75,HTLS Reconductor,51.0,115.9,1000,73.2,True,0.0,-100.967827,29.7051495,-100.967827,29.7051495
2023_all2030_dcfull_n1_ALL_2030,2023,all2030,full_tx,ALL_2030,all2030_dcfull_n1,transmission,upgrade_branch,line,AC,WEST,13313-13337,13313,13337,138.4,242.2,103.8,58.5,NEW,115.0,115.0,115.0,T5_moderate,1.75,HTLS Reconductor,67.5,111.6,5312,67.9,True,0.0,-99.79466125,29.20340125,-99.79466125,29.20340125
2023_all2030_dcfull_n1_ALL_2030,2023,all2030,full_tx,ALL_2030,all2030_dcfull_n1,transmission,upgrade_branch,line,AC,NORTH,5349-5228,5349,5228,310.0,682.0,372.0,57.341,NEW,161.0,161.0,161.0,T6_heavy,2.2,New Parallel Circuit,109.2,137.2,2544,79.1,True,15.2,-96.7651095,32.5902035,-96.80082027272728,32.808276409090915
2023_all2030_dcfull_n1_ALL_2030,2023,all2030,full_tx,ALL_2030,all2030_dcfull_n1,transmission,upgrade_branch,line,AC,NORTH,2123-2058,2123,2058,187.0,411.4,224.4,57.223,NEW,161.0,161.0,161.0,T6_heavy,2.2,New Parallel Circuit,92.1,134.7,522,63.7,True,15.2,-101.35485071428572,35.27871242857143,-101.2439,35.4789
2023_all2030_dcfull_n1_ALL_2030,2023,all2030,full_tx,ALL_2030,all2030_dcfull_n1,transmission,upgrade_branch,line,AC,NORTH,5135-5264,5135,5264,251.0,552.2,301.2,56.965,NEW,161.0,161.0,161.0,T6_heavy,2.2,New Parallel Circuit,66.7,125.3,1742,53.1,True,15.1,-98.66402,32.495875,-98.552257,32.298594
2023_all2030_dcfull_n1_ALL_2030,2023,all2030,full_tx,ALL_2030,all2030_dcfull_n1,transmission,upgrade_branch,line,AC,NORTH,13059-13149,13059,13149,200.3,440.7,240.4,56.895,NEW,161.0,161.0,161.0,T6_heavy,2.2,New Parallel Circuit,49.4,131.9,434,63.9,True,15.1,-101.186622,35.254184,-100.934408,35.18172
2023_all2030_dcfull_n1_ALL_2030,2023,all2030,full_tx,ALL_2030,all2030_dcfull_n1,transmission,upgrade_branch,line,AC,NORTH,5122-5308,5122,5308,251.0,552.2,301.2,56.283,NEW,161.0,161.0,161.0,T6_heavy,2.2,New Parallel Circuit,115.8,131.4,1677,93.5,True,14.9,-96.80082027272728,32.808276409090915,-96.5458,32.8358
2023_all2030_dcfull_n1_ALL_2030,2023,all2030,full_tx,ALL_2030,all2030_dcfull_n1,transmission,upgrade_branch,line,AC,NORTH,2039-5455,2039,5455,251.0,627.5,376.5,55.75,NEW,161.0,161.0,161.0,T7_structural,2.5,New Corridor/Aggressive Parallel,99.1,152.1,663,89.2,True,7.5,-97.751818,33.455991,-97.669953,33.372433
2023_all2030_dcfull_n1_ALL_2030,2023,all2030,full_tx,ALL_2030,all2030_dcfull_n1,transmission,upgrade_branch,line,AC,NORTH,5014-5455,5014,5455,251.0,552.2,301.2,55.566,NEW,161.0,161.0,161.0,T6_heavy,2.2,New Parallel Circuit,93.5,146.6,663,98.8,True,14.7,-97.466582,33.243525500000004,-97.669953,33.372433
2023_all2030_dcfull_n1_ALL_2030,2023,all2030,full_tx,ALL_2030,all2030_dcfull_n1,transmission,upgrade_branch,line,AC,WEST,12791-12630,12791,12630,757.0,1059.8,302.8,55.459,NEW,230.0,230.0,230.0,T4_light,1.4,Reconductor(ACSR->ACSS),49.8,103.2,4760,73.9,True,31.6,-101.214787,31.1946825,-101.2971195,30.742809
2023_all2030_dcfull_n1_ALL_2030,2023,all2030,full_tx,ALL_2030,all2030_dcfull_n1,transmission,upgrade_branch,line,AC,WEST,12630-12811,12630,12811,773.0,1082.2,309.2,55.459,NEW,230.0,230.0,230.0,T4_light,1.4,Reconductor(ACSR->ACSS),59.8,103.2,4759,73.8,True,31.6,-101.2971195,30.742809,-101.214787,31.1946825
2023_all2030_dcfull_n1_ALL_2030,2023,all2030,full_tx,ALL_2030,all2030_dcfull_n1,transmission,upgrade_branch,line,AC,SOUTH,6229-6299,6229,6299,457.2,1005.8,548.6,55.369,NEW,230.0,230.0,230.0,T6_heavy,2.2,New Parallel Circuit,35.8,127.3,3151,70.3,True,11.7,-97.966164,29.880162,-98.08352933333332,29.745433666666667
2023_all2030_dcfull_n1_ALL_2030,2023,all2030,full_tx,ALL_2030,all2030_dcfull_n1,transmission,upgrade_branch,line,AC,NORTH,8010-8001,8010,8001,149.0,372.5,223.5,55.037,NEW,115.0,115.0,115.0,T7_structural,2.5,New Corridor/Aggressive Parallel,154.5,229.1,4390,118.6,False,8.9,-96.22928,31.235882,-96.13919,31.132442
2023_all2030_dcfull_n1_ALL_2030,2023,all2030,full_tx,ALL_2030,all2030_dcfull_n1,transmission,upgrade_branch,transformer,AC,NORTH,5046-5045,5046,5045,550.0,1650.0,1100.0,55.0,NEW,161.0,500.0,500.0,T7_structural,3.0,Major Transformer 3x,267.4,417.0,1917,155.9,False,0.0,-98.187624,32.1858615,-98.187624,32.1858615
2023_all2030_dcfull_n1_ALL_2030,2023,all2030,full_tx,ALL_2030,all2030_dcfull_n1,transmission,upgrade_branch,transformer,AC,NORTH,5057-5055,5057,5055,448.0,1344.0,896.0,55.0,NEW,13.8,500.0,500.0,T7_structural,3.0,Major Transformer 3x,361.6,361.7,3629,120.5,False,0.0,-98.7321385,33.1268065,-98.7321385,33.1268065
2023_all2030_dcfull_n1_ALL_2030,2023,all2030,full_tx,ALL_2030,all2030_dcfull_n1,transmission,upgrade_branch,transformer,AC,NORTH,5058-5055,5058,5055,354.7,1064.1,709.4,55.0,NEW,13.8,500.0,500.0,T7_structural,3.0,Major Transformer 3x,279.9,279.9,497,93.3,True,0.0,-98.7321385,33.1268065,-98.7321385,33.1268065
2023_all2030_dcfull_n1_ALL_2030,2023,all2030,full_tx,ALL_2030,all2030_dcfull_n1,transmission,upgrade_branch,transformer,AC,NORTH,5088-12547,5088,12547,800.0,2400.0,1600.0,55.0,NEW,161.0,500.0,500.0,T7_structural,3.0,Major Transformer 3x,113.3,152.6,1564,56.3,True,0.0,-97.46203133333334,31.819786000000004,-97.46203133333334,31.819786000000004
2023_all2030_dcfull_n1_ALL_2030,2023,all2030,full_tx,ALL_2030,all2030_dcfull_n1,transmission,upgrade_branch,transformer,AC,NORTH,5198-5196,5198,5196,183.7,551.1,367.4,55.0,NEW,18.0,500.0,500.0,T7_structural,3.0,Major Transformer 3x,339.2,339.4,3629,113.1,False,0.0,-98.3737215,33.2411135,-98.3737215,33.2411135
2023_all2030_dcfull_n1_ALL_2030,2023,all2030,full_tx,ALL_2030,all2030_dcfull_n1,transmission,upgrade_branch,transformer,AC,NORTH,5237-5236,5237,5236,287.0,861.0,574.0,55.0,NEW,161.0,500.0,500.0,T7_structural,3.0,Major Transformer 3x,240.6,392.9,573,127.8,False,0.0,-98.81875,33.316907,-98.81875,33.316907
2023_all2030_dcfull_n1_ALL_2030,2023,all2030,full_tx,ALL_2030,all2030_dcfull_n1,transmission,upgrade_branch,transformer,AC,NORTH,5238-5236,5238,5236,246.6,739.8,493.2,55.0,NEW,18.0,500.0,500.0,T7_structural,3.0,Major Transformer 3x,333.5,333.6,3629,111.5,False,0.0,-98.81875,33.316907,-98.81875,33.316907
2023_all2030_dcfull_n1_ALL_2030,2023,all2030,full_tx,ALL_2030,all2030_dcfull_n1,transmission,upgrade_branch,transformer,AC,NORTH,5261-5260,5261,5260,375.0,1125.0,750.0,55.0,NEW,161.0,500.0,500.0,T7_structural,3.0,Major Transformer 3x,97.6,176.0,1564,92.5,True,0.0,-97.790381,32.253423999999995,-97.790381,32.253423999999995
2023_all2030_dcfull_n1_ALL_2030,2023,all2030,full_tx,ALL_2030,all2030_dcfull_n1,transmission,upgrade_branch,transformer,AC,NORTH,5414-5413,5414,5413,315.0,945.0,630.0,55.0,NEW,161.0,500.0,500.0,T7_structural,3.0,Major Transformer 3x,98.8,186.7,1563,85.1,True,0.0,-98.2935895,32.711098,-98.2935895,32.711098
2023_all2030_dcfull_n1_ALL_2030,2023,all2030,full_tx,ALL_2030,all2030_dcfull_n1,transmission,upgrade_branch,transformer,AC,SOUTH,6006-6003,6006,6003,412.4,1237.2,824.8,55.0,NEW,13.8,500.0,500.0,T7_structural,3.0,Major Transformer 3x,529.4,529.7,3629,177.8,False,0.0,-97.2711,30.146700000000003,-97.2711,30.146700000000003
2023_all2030_dcfull_n1_ALL_2030,2023,all2030,full_tx,ALL_2030,all2030_dcfull_n1,transmission,upgrade_branch,transformer,AC,SOUTH,6007-6003,6007,6003,197.4,592.2,394.8,55.0,NEW,13.8,500.0,500.0,T7_structural,3.0,Major Transformer 3x,461.8,461.8,2725,154.1,False,0.0,-97.2711,30.146700000000003,-97.2711,30.146700000000003
2023_all2030_dcfull_n1_ALL_2030,2023,all2030,full_tx,ALL_2030,all2030_dcfull_n1,transmission,upgrade_branch,transformer,AC,SOUTH,6008-6003,6008,6003,192.7,578.1,385.4,55.0,NEW,13.8,500.0,500.0,T7_structural,3.0,Major Transformer 3x,473.0,473.0,-1,157.8,False,0.0,-97.2711,30.146700000000003,-97.2711,30.146700000000003
2023_all2030_dcfull_n1_ALL_2030,2023,all2030,full_tx,ALL_2030,all2030_dcfull_n1,transmission,upgrade_branch,transformer,AC,SOUTH,6255-6254,6255,6254,1526.0,4578.0,3052.0,55.0,NEW,230.0,500.0,500.0,T7_structural,3.0,Major Transformer 3x,112.4,158.7,2725,60.5,True,0.0,-97.77508287179488,30.30416587179487,-97.77508287179488,30.30416587179487
2023_all2030_dcfull_n1_ALL_2030,2023,all2030,full_tx,ALL_2030,all2030_dcfull_n1,transmission,upgrade_branch,transformer,AC,SOUTH,6295-6292,6295,6292,359.9,1079.7,719.8,55.0,NEW,13.8,500.0,500.0,T7_structural,3.0,Major Transformer 3x,413.7,413.7,3629,137.9,False,0.0,-97.522552,30.119949,-97.522552,30.119949
2023_all2030_dcfull_n1_ALL_2030,2023,all2030,full_tx,ALL_2030,all2030_dcfull_n1,transmission,upgrade_branch,transformer,AC,SOUTH,6296-6292,6296,6292,255.1,765.3,510.2,55.0,NEW,13.8,500.0,500.0,T7_structural,3.0,Major Transformer 3x,442.2,442.2,-1,147.8,False,0.0,-97.522552,30.119949,-97.522552,30.119949
2023_all2030_dcfull_n1_ALL_2030,2023,all2030,full_tx,ALL_2030,all2030_dcfull_n1,transmission,upgrade_branch,transformer,AC,NORTH,8046-8043,8046,8043,248.7,746.1,497.4,55.0,NEW,18.0,500.0,500.0,T7_structural,3.0,Major Transformer 3x,163.2,163.3,3629,54.4,True,0.0,-96.08704033333332,31.83128633333333,-96.08704033333332,31.83128633333333
2023_all2030_dcfull_n1_ALL_2030,2023,all2030,full_tx,ALL_2030,all2030_dcfull_n1,transmission,upgrade_branch,transformer,AC,NORTH,8047-8043,8047,8043,233.5,700.5,467.0,55.0,NEW,18.0,500.0,500.0,T7_structural,3.0,Major Transformer 3x,157.6,157.6,-1,52.6,True,0.0,-96.08704033333332,31.83128633333333,-96.08704033333332,31.83128633333333
2023_all2030_dcfull_n1_ALL_2030,2023,all2030,full_tx,ALL_2030,all2030_dcfull_n1,transmission,upgrade_branch,transformer,AC,NORTH,8049-8043,8049,8043,253.7,761.1,507.4,55.0,NEW,18.0,500.0,500.0,T7_structural,3.0,Major Transformer 3x,151.1,151.1,-1,50.4,True,0.0,-96.08704033333332,31.83128633333333,-96.08704033333332,31.83128633333333
2023_all2030_dcfull_n1_ALL_2030,2023,all2030,full_tx,ALL_2030,all2030_dcfull_n1,transmission,upgrade_branch,transformer,AC,SOUTH,12622-12621,12622,12621,236.7,710.1,473.4,55.0,NEW,20.0,500.0,500.0,T7_structural,3.0,Major Transformer 3x,481.5,481.5,0,160.5,False,0.0,-97.2711,30.146700000000003,-97.2711,30.146700000000003
2023_all2030_dcfull_n1_ALL_2030,2023,all2030,full_tx,ALL_2030,all2030_dcfull_n1,transmission,upgrade_branch,transformer,AC,SOUTH,12623-12621,12623,12621,210.1,630.3,420.2,55.0,NEW,20.0,500.0,500.0,T7_structural,3.0,Major Transformer 3x,535.2,535.2,2,178.5,False,0.0,-97.2711,30.146700000000003,-97.2711,30.146700000000003
2023_all2030_dcfull_n1_ALL_2030,2023,all2030,full_tx,ALL_2030,all2030_dcfull_n1,transmission,upgrade_branch,transformer,AC,SOUTH,12624-12621,12624,12621,233.7,701.1,467.4,55.0,NEW,20.0,500.0,500.0,T7_structural,3.0,Major Transformer 3x,462.1,462.1,17,154.2,False,0.0,-97.2711,30.146700000000003,-97.2711,30.146700000000003
2023_all2030_dcfull_n1_ALL_2030,2023,all2030,full_tx,ALL_2030,all2030_dcfull_n1,transmission,upgrade_branch,transformer,AC,NORTH,12638-12637,12638,12637,594.8,1784.4,1189.6,55.0,NEW,20.0,500.0,500.0,T7_structural,3.0,Major Transformer 3x,380.9,380.9,3629,127.0,False,0.0,-98.7321385,33.1268065,-98.7321385,33.1268065
2023_all2030_dcfull_n1_ALL_2030,2023,all2030,full_tx,ALL_2030,all2030_dcfull_n1,transmission,upgrade_branch,transformer,AC,NORTH,12764-12763,12764,12763,288.6,865.8,577.2,55.0,NEW,20.0,500.0,500.0,T7_structural,3.0,Major Transformer 3x,78.4,277.2,4462,26.1,True,0.0,-96.38666966666666,32.061173333333336,-96.38666966666666,32.061173333333336
2023_all2030_dcfull_n1_ALL_2030,2023,all2030,full_tx,ALL_2030,all2030_dcfull_n1,transmission,upgrade_branch,line,AC,NORTH,5197-5056,5197,5056,251.0,439.2,188.2,54.784,NEW,161.0,161.0,161.0,T5_moderate,1.75,HTLS Reconductor,67.3,111.1,1739,39.8,True,22.2,-98.3737215,33.2411135,-98.7321385,33.1268065
2023_all2030_dcfull_n1_ALL_2030,2023,all2030,full_tx,ALL_2030,all2030_dcfull_n1,transmission,upgrade_branch,line,AC,NORTH,5118-5456,5118,5456,251.0,439.2,188.2,53.937,NEW,161.0,161.0,161.0,T5_moderate,1.75,HTLS Reconductor,59.9,120.3,2551,63.2,True,21.8,-99.225355,32.359033,-98.98514,32.116953
2023_all2030_dcfull_n1_ALL_2030,2023,all2030,full_tx,ALL_2030,all2030_dcfull_n1,transmission,upgrade_branch,line,AC,NORTH,5154-5151,5154,5151,187.0,411.4,224.4,52.775,NEW,161.0,161.0,161.0,T6_heavy,2.2,New Parallel Circuit,59.7,138.1,1834,82.4,True,14.0,-97.343521,32.116002,-97.52976,31.988989
2023_all2030_dcfull_n1_ALL_2030,2023,all2030,full_tx,ALL_2030,all2030_dcfull_n1,transmission,upgrade_branch,line,AC,SOUTH,6255-6222,6255,6222,647.0,905.8,258.8,52.65,NEW,230.0,230.0,230.0,T4_light,1.4,Reconductor(ACSR->ACSS),77.0,109.9,2725,77.1,True,0.0,-97.77508287179488,30.30416587179487,-97.77508287179488,30.30416587179487
2023_all2030_dcfull_n1_ALL_2030,2023,all2030,full_tx,ALL_2030,all2030_dcfull_n1,transmission,upgrade_branch,line,AC,NORTH,5105-5253,5105,5253,235.0,517.0,282.0,52.515,NEW,161.0,161.0,161.0,T6_heavy,2.2,New Parallel Circuit,107.6,130.2,2076,69.4,True,13.9,-96.9700122,32.8603614,-97.092488,33.0338
2023_all2030_dcfull_n1_ALL_2030,2023,all2030,full_tx,ALL_2030,all2030_dcfull_n1,transmission,upgrade_branch,line,AC,SOUTH,6255-6277,6255,6277,507.5,710.5,203.0,52.148,NEW,230.0,230.0,230.0,T4_light,1.4,Reconductor(ACSR->ACSS),70.2,104.2,2725,74.7,True,29.7,-97.77508287179488,30.30416587179487,-97.807,29.875
2023_all2030_dcfull_n1_ALL_2030,2023,all2030,full_tx,ALL_2030,all2030_dcfull_n1,transmission,upgrade_branch,line,AC,NORTH,2126-13390,2126,13390,245.9,614.8,368.9,51.367,NEW,161.0,161.0,161.0,T7_structural,2.5,New Corridor/Aggressive Parallel,154.2,201.1,517,94.7,True,6.9,-97.128552,33.458028,-97.234707,33.503328
2023_all2030_dcfull_n1_ALL_2030,2023,all2030,full_tx,ALL_2030,all2030_dcfull_n1,transmission,upgrade_branch,line,AC,NORTH,8053-8065,8053,8065,149.0,327.8,178.8,51.268,NEW,115.0,115.0,115.0,T6_heavy,2.2,New Parallel Circuit,101.1,127.9,1746,65.9,True,17.1,-95.8568275,32.169178,-96.1482745,32.142643
2023_all2030_dcfull_n1_ALL_2030,2023,all2030,full_tx,ALL_2030,all2030_dcfull_n1,transmission,upgrade_branch,line,AC,NORTH,5034-5313,5034,5313,227.6,500.7,273.1,49.878,NEW,161.0,161.0,161.0,T6_heavy,2.2,New Parallel Circuit,113.3,143.7,1683,118.8,False,13.2,-96.80082027272728,32.808276409090915,-96.695516,32.63852
2023_all2030_dcfull_n1_ALL_2030,2023,all2030,full_tx,ALL_2030,all2030_dcfull_n1,transmission,upgrade_branch,line,AC,SOUTH,6095-6353,6095,6353,128.1,320.2,192.2,49.407,NEW,115.0,115.0,115.0,T7_structural,2.5,New Corridor/Aggressive Parallel,99.8,158.3,2847,98.4,True,8.0,-97.546124,30.560042,-97.677175,30.5341255
2023_all2030_dcfull_n1_ALL_2030,2023,all2030,full_tx,ALL_2030,all2030_dcfull_n1,transmission,upgrade_branch,line,AC,NORTH,5219-5371,5219,5371,187.0,467.5,280.5,49.272,NEW,161.0,161.0,161.0,T7_structural,2.5,New Corridor/Aggressive Parallel,60.2,169.4,1927,67.7,True,6.6,-96.428985,32.533273,-96.539931,32.552083
2023_all2030_dcfull_n1_ALL_2030,2023,all2030,full_tx,ALL_2030,all2030_dcfull_n1,transmission,upgrade_branch,line,AC,SOUTH,6284-13126,6284,13126,139.1,306.0,166.9,48.649,NEW,115.0,115.0,115.0,T6_heavy,2.2,New Parallel Circuit,96.5,127.4,2995,70.2,True,16.3,-98.5093816037736,29.474642000000003,-98.35335,29.282378
2023_all2030_dcfull_n1_ALL_2030,2023,all2030,full_tx,ALL_2030,all2030_dcfull_n1,transmission,upgrade_branch,line,AC,WEST,1112-1120,1112,1120,130.4,286.9,156.5,48.456,NEW,115.0,115.0,115.0,T6_heavy,2.2,New Parallel Circuit,83.5,126.6,199,87.0,True,16.2,-101.014,32.239,-101.28,32.173
2023_all2030_dcfull_n1_ALL_2030,2023,all2030,full_tx,ALL_2030,all2030_dcfull_n1,transmission,upgrade_branch,line,AC,NORTH,5085-5194,5085,5194,211.2,464.6,253.4,47.702,NEW,161.0,161.0,161.0,T6_heavy,2.2,New Parallel Circuit,81.3,128.3,1816,65.7,True,12.7,-96.80082027272728,32.808276409090915,-96.914175,32.651936
2023_all2030_dcfull_n1_ALL_2030,2023,all2030,full_tx,ALL_2030,all2030_dcfull_n1,transmission,upgrade_branch,line,AC,NORTH,5085-5353,5085,5353,191.3,420.9,229.6,47.702,NEW,161.0,161.0,161.0,T6_heavy,2.2,New Parallel Circuit,103.9,139.2,1815,95.6,True,12.7,-96.80082027272728,32.808276409090915,-96.914175,32.651936
2023_all2030_dcfull_n1_ALL_2030,2023,all2030,full_tx,ALL_2030,all2030_dcfull_n1,transmission,upgrade_branch,line,AC,NORTH,5314-5127,5314,5127,187.0,327.2,140.2,46.995,NEW,161.0,161.0,161.0,T5_moderate,1.75,HTLS Reconductor,54.4,115.2,1564,34.5,True,19.0,-97.506079,31.662159,-97.804426,31.769003
2023_all2030_dcfull_n1_ALL_2030,2023,all2030,full_tx,ALL_2030,all2030_dcfull_n1,transmission,upgrade_branch,line,AC,NORTH,5407-5151,5407,5151,187.0,411.4,224.4,46.55,NEW,161.0,161.0,161.0,T6_heavy,2.2,New Parallel Circuit,65.4,144.8,2137,71.2,True,12.3,-97.46203133333334,31.819786000000004,-97.52976,31.988989
2023_all2030_dcfull_n1_ALL_2030,2023,all2030,full_tx,ALL_2030,all2030_dcfull_n1,transmission,upgrade_branch,line,AC,WEST,3121-3145,3121,3145,149.0,260.8,111.8,46.408,NEW,115.0,115.0,115.0,T5_moderate,1.75,HTLS Reconductor,105.0,117.2,724,66.9,True,23.8,-100.56760671428572,32.36118885714286,-100.2242635,32.5474795
2023_all2030_dcfull_n1_ALL_2030,2023,all2030,full_tx,ALL_2030,all2030_dcfull_n1,transmission,upgrade_branch,line,AC,WEST,1046-12819,1046,12819,142.8,199.9,57.1,45.938,NEW,115.0,115.0,115.0,T4_light,1.4,Reconductor(ACSR->ACSS),52.5,100.0,4761,71.1,True,41.6,-101.2971195,30.742809,-101.9839414,30.8611026
2023_all2030_dcfull_n1_ALL_2030,2023,all2030,full_tx,ALL_2030,all2030_dcfull_n1,transmission,upgrade_branch,line,AC,WEST,3069-3091,3069,3091,165.8,290.2,124.4,45.909,NEW,115.0,115.0,115.0,T5_moderate,1.75,HTLS Reconductor,84.4,115.5,946,51.0,True,23.5,-99.753027,32.120249,-99.70613471428572,32.45867642857143
2023_all2030_dcfull_n1_ALL_2030,2023,all2030,full_tx,ALL_2030,all2030_dcfull_n1,transmission,upgrade_branch,line,AC,NORTH,5188-5253,5188,5253,187.0,411.4,224.4,44.855,NEW,161.0,161.0,161.0,T6_heavy,2.2,New Parallel Circuit,81.3,125.0,1898,73.5,True,11.9,-96.88981733333333,33.00596633333333,-97.092488,33.0338
2023_all2030_dcfull_n1_ALL_2030,2023,all2030,full_tx,ALL_2030,all2030_dcfull_n1,transmission,upgrade_branch,line,AC,WEST,3066-12910,3066,12910,143.5,251.1,107.6,44.194,NEW,115.0,115.0,115.0,T5_moderate,1.75,HTLS Reconductor,89.8,121.7,5002,70.6,True,22.7,-99.529678,31.25981966666667,-99.849793,31.4410845
2023_all2030_dcfull_n1_ALL_2030,2023,all2030,full_tx,ALL_2030,all2030_dcfull_n1,transmission,upgrade_branch,line,AC,NORTH,5096-5412,5096,5412,291.0,640.2,349.2,43.736,NEW,161.0,161.0,161.0,T6_heavy,2.2,New Parallel Circuit,38.6,130.3,2361,73.2,True,11.6,-96.73076228571428,33.04730142857143,-96.534936,33.012135
2023_all2030_dcfull_n1_ALL_2030,2023,all2030,full_tx,ALL_2030,all2030_dcfull_n1,transmission,upgrade_branch,line,AC,HOUSTON,7049-7229,7049,7229,171.0,299.2,128.2,43.67,NEW,115.0,115.0,115.0,T5_moderate,1.75,HTLS Reconductor,60.2,114.2,3431,45.3,True,22.4,-95.7842315,29.79427175,-95.41128715217393,29.77727818478261
2023_all2030_dcfull_n1_ALL_2030,2023,all2030,full_tx,ALL_2030,all2030_dcfull_n1,transmission,upgrade_branch,line,AC,WEST,3013-3031,3013,3031,141.2,310.6,169.4,43.498,NEW,115.0,115.0,115.0,T6_heavy,2.2,New Parallel Circuit,102.0,136.2,718,67.6,True,14.5,-99.70613471428572,32.45867642857143,-99.826041,32.274081
2023_all2030_dcfull_n1_ALL_2030,2023,all2030,full_tx,ALL_2030,all2030_dcfull_n1,transmission,upgrade_branch,line,AC,NORTH,8151-8090,8151,8090,98.0,215.6,117.6,43.008,NEW,115.0,115.0,115.0,T6_heavy,2.2,New Parallel Circuit,63.9,149.3,4353,96.0,True,14.4,-95.481652,31.417425,-95.58334,31.606693
2023_all2030_dcfull_n1_ALL_2030,2023,all2030,full_tx,ALL_2030,all2030_dcfull_n1,transmission,upgrade_branch,line,AC,NORTH,5290-5345,5290,5345,295.0,516.2,221.2,42.71,NEW,161.0,161.0,161.0,T5_moderate,1.75,HTLS Reconductor,90.0,111.5,1917,60.3,True,17.3,-97.3667,31.8694,-97.133361,32.022461
2023_all2030_dcfull_n1_ALL_2030,2023,all2030,full_tx,ALL_2030,all2030_dcfull_n1,transmission,upgrade_branch,line,AC,NORTH,5427-5333,5427,5333,310.0,682.0,372.0,41.528,NEW,161.0,161.0,161.0,T6_heavy,2.2,New Parallel Circuit,101.9,142.9,2409,71.5,True,11.0,-96.8502335,32.366515,-96.807315,32.521773
2023_all2030_dcfull_n1_ALL_2030,2023,all2030,full_tx,ALL_2030,all2030_dcfull_n1,transmission,upgrade_branch,line,AC,NORTH,5427-5333,5427,5333,310.0,682.0,372.0,41.528,NEW,161.0,161.0,161.0,T6_heavy,2.2,New Parallel Circuit,101.9,142.9,2408,71.5,True,11.0,-96.8502335,32.366515,-96.807315,32.521773
2023_all2030_dcfull_n1_ALL_2030,2023,all2030,full_tx,ALL_2030,all2030_dcfull_n1,transmission,upgrade_branch,line,AC,WEST,3123-3073,3123,3073,250.0,350.0,100.0,41.45,NEW,115.0,115.0,115.0,T4_light,1.4,Reconductor(ACSR->ACSS),54.3,105.7,1000,71.8,True,37.5,-99.79466125,29.20340125,-100.40075675,29.326592
2023_all2030_dcfull_n1_ALL_2030,2023,all2030,full_tx,ALL_2030,all2030_dcfull_n1,transmission,upgrade_branch,line,AC,SOUTH,6183-6206,6183,6206,98.0,215.6,117.6,41.405,NEW,115.0,115.0,115.0,T6_heavy,2.2,New Parallel Circuit,110.4,146.6,2819,69.2,True,13.8,-96.923038,30.167624,-96.840158,30.354823
2023_all2030_dcfull_n1_ALL_2030,2023,all2030,full_tx,ALL_2030,all2030_dcfull_n1,transmission,upgrade_branch,line,AC,NORTH,5003-5181,5003,5181,218.0,305.2,87.2,40.95,NEW,161.0,161.0,161.0,T4_light,1.4,Reconductor(ACSR->ACSS),83.6,104.4,1560,68.0,True,0.0,-96.6344372,32.9086048,-96.6344372,32.9086048
2023_all2030_dcfull_n1_ALL_2030,2023,all2030,full_tx,ALL_2030,all2030_dcfull_n1,transmission,upgrade_branch,line,AC,NORTH,5012-5165,5012,5165,204.9,286.9,82.0,40.95,NEW,161.0,161.0,161.0,T4_light,1.4,Reconductor(ACSR->ACSS),12.6,104.9,2072,84.4,True,0.0,-97.13581333333332,33.210620166666665,-97.13581333333332,33.210620166666665
2023_all2030_dcfull_n1_ALL_2030,2023,all2030,full_tx,ALL_2030,all2030_dcfull_n1,transmission,upgrade_branch,line,AC,NORTH,5177-5287,5177,5287,360.0,504.0,144.0,40.95,NEW,161.0,161.0,161.0,T4_light,1.4,Reconductor(ACSR->ACSS),52.0,102.6,2544,65.3,True,0.0,-97.12502636363637,32.69967490909091,-97.12502636363637,32.69967490909091
2023_all2030_dcfull_n1_ALL_2030,2023,all2030,full_tx,ALL_2030,all2030_dcfull_n1,transmission,upgrade_branch,line,AC,NORTH,5183-5224,5183,5224,251.0,351.4,100.4,40.95,NEW,161.0,161.0,161.0,T4_light,1.4,Reconductor(ACSR->ACSS),33.6,102.6,1999,73.3,True,0.0,-96.88981733333333,33.00596633333333,-96.88981733333333,33.00596633333333
2023_all2030_dcfull_n1_ALL_2030,2023,all2030,full_tx,ALL_2030,all2030_dcfull_n1,transmission,upgrade_branch,line,AC,NORTH,5387-5184,5387,5184,251.0,351.4,100.4,40.95,NEW,161.0,161.0,161.0,T4_light,1.4,Reconductor(ACSR->ACSS),24.0,109.3,2465,78.0,True,0.0,-97.34008506896552,32.753233586206896,-97.34008506896552,32.753233586206896
2023_all2030_dcfull_n1_ALL_2030,2023,all2030,full_tx,ALL_2030,all2030_dcfull_n1,transmission,upgrade_branch,line,AC,NORTH,5216-5443,5216,5443,218.0,305.2,87.2,40.95,NEW,161.0,161.0,161.0,T4_light,1.4,Reconductor(ACSR->ACSS),64.2,100.7,2192,78.9,True,0.0,-97.34008506896552,32.753233586206896,-97.34008506896552,32.753233586206896
2023_all2030_dcfull_n1_ALL_2030,2023,all2030,full_tx,ALL_2030,all2030_dcfull_n1,transmission,upgrade_branch,line,AC,NORTH,5291-5292,5291,5292,409.0,572.6,163.6,40.95,NEW,161.0,161.0,161.0,T4_light,1.4,Reconductor(ACSR->ACSS),76.1,104.6,2347,84.2,True,0.0,-97.34008506896552,32.753233586206896,-97.34008506896552,32.753233586206896
2023_all2030_dcfull_n1_ALL_2030,2023,all2030,full_tx,ALL_2030,all2030_dcfull_n1,transmission,upgrade_branch,line,AC,NORTH,5429-5291,5429,5291,187.0,261.8,74.8,40.95,NEW,161.0,161.0,161.0,T4_light,1.4,Reconductor(ACSR->ACSS),70.7,100.5,2348,75.4,True,0.0,-97.34008506896552,32.753233586206896,-97.34008506896552,32.753233586206896
2023_all2030_dcfull_n1_ALL_2030,2023,all2030,full_tx,ALL_2030,all2030_dcfull_n1,transmission,upgrade_branch,line,AC,NORTH,5429-5332,5429,5332,187.0,261.8,74.8,40.95,NEW,161.0,161.0,161.0,T4_light,1.4,Reconductor(ACSR->ACSS),75.0,104.0,2349,73.1,True,0.0,-97.34008506896552,32.753233586206896,-97.34008506896552,32.753233586206896
2023_all2030_dcfull_n1_ALL_2030,2023,all2030,full_tx,ALL_2030,all2030_dcfull_n1,transmission,upgrade_branch,line,AC,NORTH,5291-5312,5291,5312,375.8,657.6,281.8,40.428,NEW,161.0,161.0,161.0,T5_moderate,1.75,HTLS Reconductor,81.2,110.9,2346,64.3,True,16.4,-97.34008506896552,32.753233586206896,-97.561179,32.900196
2023_all2030_dcfull_n1_ALL_2030,2023,all2030,full_tx,ALL_2030,all2030_dcfull_n1,transmission,upgrade_branch,line,AC,SOUTH,4187-4022,4187,4022,214.0,374.5,160.5,40.376,NEW,115.0,115.0,115.0,T5_moderate,1.75,HTLS Reconductor,91.7,123.5,1548,69.1,True,20.7,-99.214344,28.293173,-99.399193,28.041684
2023_all2030_dcfull_n1_ALL_2030,2023,all2030,full_tx,ALL_2030,all2030_dcfull_n1,transmission,upgrade_branch,line,AC,NORTH,5274-5109,5274,5109,251.0,627.5,376.5,40.25,NEW,161.0,161.0,161.0,T7_structural,2.5,New Corridor/Aggressive Parallel,199.4,221.3,2052,118.1,False,5.4,-96.674333,32.605192,-96.7651095,32.5902035
2023_all2030_dcfull_n1_ALL_2030,2023,all2030,full_tx,ALL_2030,all2030_dcfull_n1,transmission,upgrade_branch,line,AC,NORTH,5148-5457,5148,5457,187.0,411.4,224.4,40.14,NEW,161.0,161.0,161.0,T6_heavy,2.2,New Parallel Circuit,107.5,126.7,1898,77.2,True,10.6,-96.9700122,32.8603614,-97.149641,32.891787
2023_all2030_dcfull_n1_ALL_2030,2023,all2030,full_tx,ALL_2030,all2030_dcfull_n1,transmission,upgrade_branch,transformer,AC,NORTH,5034-5033,5034,5033,1209.0,2418.0,1209.0,40.0,NEW,161.0,500.0,500.0,T6_heavy,2.0,Parallel Transformer 2x,120.4,134.8,2544,79.9,True,0.0,-96.80082027272728,32.808276409090915,-96.80082027272728,32.808276409090915
2023_all2030_dcfull_n1_ALL_2030,2023,all2030,full_tx,ALL_2030,all2030_dcfull_n1,transmission,upgrade_branch,transformer,AC,NORTH,5449-5448,5449,5448,1267.0,2534.0,1267.0,40.0,NEW,161.0,500.0,500.0,T6_heavy,2.0,Parallel Transformer 2x,121.6,131.5,1677,77.8,True,0.0,-97.010181,32.723688,-97.010181,32.723688
2023_all2030_dcfull_n1_ALL_2030,2023,all2030,full_tx,ALL_2030,all2030_dcfull_n1,transmission,upgrade_branch,transformer,AC,SOUTH,6293-6292,6293,6292,1210.0,2420.0,1210.0,40.0,NEW,230.0,500.0,500.0,T6_heavy,2.0,Parallel Transformer 2x,70.6,140.9,3185,81.2,True,0.0,-97.522552,30.119949,-97.522552,30.119949
2023_all2030_dcfull_n1_ALL_2030,2023,all2030,full_tx,ALL_2030,all2030_dcfull_n1,transmission,upgrade_branch,transformer,AC,NORTH,8048-8043,8048,8043,225.5,451.0,225.5,40.0,NEW,18.0,500.0,500.0,T6_heavy,2.0,Parallel Transformer 2x,149.8,149.8,3629,74.9,True,0.0,-96.08704033333332,31.83128633333333,-96.08704033333332,31.83128633333333
2023_all2030_dcfull_n1_ALL_2030,2023,all2030,full_tx,ALL_2030,all2030_dcfull_n1,transmission,upgrade_branch,transformer,AC,SOUTH,12620-12621,12620,12621,732.0,1464.0,732.0,40.0,NEW,115.0,500.0,500.0,T6_heavy,2.0,Parallel Transformer 2x,86.3,126.9,2877,68.7,True,0.0,-97.2711,30.146700000000003,-97.2711,30.146700000000003
2023_all2030_dcfull_n1_ALL_2030,2023,all2030,full_tx,ALL_2030,all2030_dcfull_n1,transmission,upgrade_branch,transformer,AC,NORTH,12636-12637,12636,12637,600.0,1200.0,600.0,40.0,NEW,161.0,500.0,500.0,T6_heavy,2.0,Parallel Transformer 2x,51.5,136.5,1742,63.4,True,0.0,-98.7321385,33.1268065,-98.7321385,33.1268065
2023_all2030_dcfull_n1_ALL_2030,2023,all2030,full_tx,ALL_2030,all2030_dcfull_n1,transmission,upgrade_branch,line,AC,NORTH,5109-5333,5109,5333,251.0,627.5,376.5,39.833,NEW,161.0,161.0,161.0,T7_structural,2.5,New Corridor/Aggressive Parallel,32.8,166.5,1908,66.6,True,5.3,-96.7651095,32.5902035,-96.807315,32.521773
2023_all2030_dcfull_n1_ALL_2030,2023,all2030,full_tx,ALL_2030,all2030_dcfull_n1,transmission,upgrade_branch,line,AC,SOUTH,6034-6255,6034,6255,443.0,775.2,332.2,39.462,NEW,230.0,230.0,230.0,T5_moderate,1.75,HTLS Reconductor,78.6,115.4,2725,62.0,True,14.1,-97.57405,30.41217,-97.77508287179488,30.30416587179487
2023_all2030_dcfull_n1_ALL_2030,2023,all2030,full_tx,ALL_2030,all2030_dcfull_n1,transmission,upgrade_branch,line,AC,NORTH,2048-13085,2048,13085,307.6,769.0,461.4,39.097,NEW,161.0,161.0,161.0,T7_structural,2.5,New Corridor/Aggressive Parallel,115.4,227.8,434,87.8,True,5.2,-100.967402,33.752201,-100.883227,33.781077
2023_all2030_dcfull_n1_ALL_2030,2023,all2030,full_tx,ALL_2030,all2030_dcfull_n1,transmission,upgrade_branch,line,AC,NORTH,5169-5264,5169,5264,234.7,516.3,281.6,38.982,NEW,161.0,161.0,161.0,T6_heavy,2.2,New Parallel Circuit,14.4,129.3,2087,62.1,True,10.3,-98.4123355,32.20698,-98.552257,32.298594
2023_all2030_dcfull_n1_ALL_2030,2023,all2030,full_tx,ALL_2030,all2030_dcfull_n1,transmission,upgrade_branch,line,AC,SOUTH,4031-4147,4031,4147,247.0,345.8,98.8,38.93,NEW,115.0,115.0,115.0,T4_light,1.4,Reconductor(ACSR->ACSS),58.5,101.2,1179,73.2,True,35.2,-99.359609,27.0792565,-99.3906115,27.588413625
2023_all2030_dcfull_n1_ALL_2030,2023,all2030,full_tx,ALL_2030,all2030_dcfull_n1,transmission,upgrade_branch,line,AC,SOUTH,4031-4147,4031,4147,270.0,378.0,108.0,38.93,NEW,115.0,115.0,115.0,T4_light,1.4,Reconductor(ACSR->ACSS),67.0,101.1,1178,73.0,True,35.2,-99.359609,27.0792565,-99.3906115,27.588413625
2023_all2030_dcfull_n1_ALL_2030,2023,all2030,full_tx,ALL_2030,all2030_dcfull_n1,transmission,upgrade_branch,line,AC,NORTH,5097-5028,5097,5028,310.0,542.5,232.5,38.81,NEW,161.0,161.0,161.0,T5_moderate,1.75,HTLS Reconductor,70.4,118.0,1658,71.5,True,15.7,-97.0886755,32.837196,-97.34008506896552,32.753233586206896
2023_all2030_dcfull_n1_ALL_2030,2023,all2030,full_tx,ALL_2030,all2030_dcfull_n1,transmission,upgrade_branch,line,AC,NORTH,5097-5028,5097,5028,310.0,542.5,232.5,38.81,NEW,161.0,161.0,161.0,T5_moderate,1.75,HTLS Reconductor,70.4,118.0,1657,71.5,True,15.7,-97.0886755,32.837196,-97.34008506896552,32.753233586206896
2023_all2030_dcfull_n1_ALL_2030,2023,all2030,full_tx,ALL_2030,all2030_dcfull_n1,transmission,upgrade_branch,line,AC,NORTH,5071-5359,5071,5359,310.0,542.5,232.5,37.881,NEW,161.0,161.0,161.0,T5_moderate,1.75,HTLS Reconductor,53.2,113.0,1996,59.6,True,15.3,-97.145583,31.5590085,-96.93121275,31.43308425
2023_all2030_dcfull_n1_ALL_2030,2023,all2030,full_tx,ALL_2030,all2030_dcfull_n1,transmission,upgrade_branch,line,AC,NORTH,8148-5059,8148,5059,310.0,542.5,232.5,37.496,NEW,161.0,161.0,161.0,T5_moderate,1.75,HTLS Reconductor,75.8,114.2,1748,67.9,True,15.2,-96.1482745,32.142643,-96.092445,32.357217500000004
2023_all2030_dcfull_n1_ALL_2030,2023,all2030,full_tx,ALL_2030,all2030_dcfull_n1,transmission,upgrade_branch,line,AC,NORTH,2041-2058,2041,2058,187.0,327.2,140.2,37.491,NEW,161.0,161.0,161.0,T5_moderate,1.75,HTLS Reconductor,47.8,120.9,562,68.6,True,15.2,-101.35485071428572,35.27871242857143,-101.2439,35.4789
2023_all2030_dcfull_n1_ALL_2030,2023,all2030,full_tx,ALL_2030,all2030_dcfull_n1,transmission,upgrade_branch,line,AC,NORTH,8109-8040,8109,8040,138.0,303.6,165.6,37.335,NEW,115.0,115.0,115.0,T6_heavy,2.2,New Parallel Circuit,71.0,125.2,4466,56.9,True,12.5,-95.8568275,32.169178,-95.643712,32.158557
2023_all2030_dcfull_n1_ALL_2030,2023,all2030,full_tx,ALL_2030,all2030_dcfull_n1,transmission,upgrade_branch,line,AC,WEST,3006-3100,3006,3100,112.8,197.4,84.6,36.782,NEW,115.0,115.0,115.0,T5_moderate,1.75,HTLS Reconductor,49.6,120.4,695,67.3,True,18.9,-100.0652435,32.819086,-99.830642,32.630473
2023_all2030_dcfull_n1_ALL_2030,2023,all2030,full_tx,ALL_2030,all2030_dcfull_n1,transmission,upgrade_branch,line,AC,NORTH,5097-5125,5097,5125,205.3,451.7,246.4,36.696,NEW,161.0,161.0,161.0,T6_heavy,2.2,New Parallel Circuit,89.6,126.2,1862,81.9,True,9.7,-97.0886755,32.837196,-97.12502636363637,32.69967490909091
2023_all2030_dcfull_n1_ALL_2030,2023,all2030,full_tx,ALL_2030,all2030_dcfull_n1,transmission,upgrade_branch,line,AC,NORTH,2126-2065,2126,2065,251.0,439.2,188.2,35.398,NEW,161.0,161.0,161.0,T5_moderate,1.75,HTLS Reconductor,62.7,111.1,662,57.8,True,14.3,-97.128552,33.458028,-97.17635,33.661583
2023_all2030_dcfull_n1_ALL_2030,2023,all2030,full_tx,ALL_2030,all2030_dcfull_n1,transmission,upgrade_branch,line,AC,NORTH,5157-5194,5157,5194,187.0,467.5,280.5,34.791,NEW,161.0,161.0,161.0,T7_structural,2.5,New Corridor/Aggressive Parallel,107.3,155.5,2054,82.0,True,4.7,-96.864075,32.599427,-96.914175,32.651936
2023_all2030_dcfull_n1_ALL_2030,2023,all2030,full_tx,ALL_2030,all2030_dcfull_n1,transmission,upgrade_branch,line,AC,NORTH,5022-5441,5022,5441,550.0,962.5,412.5,34.29,NEW,161.0,161.0,161.0,T5_moderate,1.75,HTLS Reconductor,87.9,111.8,1639,71.7,True,13.9,-97.572841,32.708154,-97.34008506896552,32.753233586206896
2023_all2030_dcfull_n1_ALL_2030,2023,all2030,full_tx,ALL_2030,all2030_dcfull_n1,transmission,upgrade_branch,line,AC,NORTH,5022-5441,5022,5441,550.0,962.5,412.5,34.29,NEW,161.0,161.0,161.0,T5_moderate,1.75,HTLS Reconductor,87.9,111.8,1638,71.7,True,13.9,-97.572841,32.708154,-97.34008506896552,32.753233586206896
2023_all2030_dcfull_n1_ALL_2030,2023,all2030,full_tx,ALL_2030,all2030_dcfull_n1,transmission,upgrade_branch,line,AC,NORTH,5244-5306,5244,5306,283.0,495.2,212.2,34.29,NEW,161.0,161.0,161.0,T5_moderate,1.75,HTLS Reconductor,94.6,111.4,1633,71.6,True,13.9,-97.34008506896552,32.753233586206896,-97.572841,32.708154
2023_all2030_dcfull_n1_ALL_2030,2023,all2030,full_tx,ALL_2030,all2030_dcfull_n1,transmission,upgrade_branch,line,AC,NORTH,8025-8121,8025,8121,98.0,137.2,39.2,34.184,NEW,115.0,115.0,115.0,T4_light,1.4,Reconductor(ACSR->ACSS),55.9,102.3,4353,60.1,True,30.9,-95.64904,31.9046145,-95.123407,31.9424935
2023_all2030_dcfull_n1_ALL_2030,2023,all2030,full_tx,ALL_2030,all2030_dcfull_n1,transmission,upgrade_branch,line,AC,NORTH,5013-5101,5013,5101,187.0,411.4,224.4,33.964,NEW,161.0,161.0,161.0,T6_heavy,2.2,New Parallel Circuit,58.2,131.4,1697,59.4,True,9.0,-98.805134,31.842565,-98.6525545,31.8568005
2023_all2030_dcfull_n1_ALL_2030,2023,all2030,full_tx,ALL_2030,all2030_dcfull_n1,transmission,upgrade_branch,line,AC,SOUTH,6012-6005,6012,6005,221.0,486.2,265.2,33.784,NEW,115.0,115.0,115.0,T6_heavy,2.2,New Parallel Circuit,90.7,142.6,2588,83.5,True,11.3,-97.218899,30.303885,-97.2711,30.146700000000003
2023_all2030_dcfull_n1_ALL_2030,2023,all2030,full_tx,ALL_2030,all2030_dcfull_n1,transmission,upgrade_branch,line,AC,SOUTH,6012-6005,6012,6005,221.0,486.2,265.2,33.784,NEW,115.0,115.0,115.0,T6_heavy,2.2,New Parallel Circuit,90.7,142.6,2587,83.5,True,11.3,-97.218899,30.303885,-97.2711,30.146700000000003
2023_all2030_dcfull_n1_ALL_2030,2023,all2030,full_tx,ALL_2030,all2030_dcfull_n1,transmission,upgrade_branch,line,AC,SOUTH,4038-4169,4038,4169,218.0,381.5,163.5,33.635,NEW,115.0,115.0,115.0,T5_moderate,1.75,HTLS Reconductor,72.0,119.9,1216,67.9,True,17.2,-97.8000875,28.41935,-97.817507,28.170179
2023_all2030_dcfull_n1_ALL_2030,2023,all2030,full_tx,ALL_2030,all2030_dcfull_n1,transmission,upgrade_branch,line,AC,SOUTH,4038-4169,4038,4169,218.0,381.5,163.5,33.635,NEW,115.0,115.0,115.0,T5_moderate,1.75,HTLS Reconductor,72.0,119.9,1215,67.9,True,17.2,-97.8000875,28.41935,-97.817507,28.170179
2023_all2030_dcfull_n1_ALL_2030,2023,all2030,full_tx,ALL_2030,all2030_dcfull_n1,transmission,upgrade_branch,line,AC,NORTH,5449-5108,5449,5108,310.0,542.5,232.5,33.333,NEW,161.0,161.0,161.0,T5_moderate,1.75,HTLS Reconductor,86.2,117.8,1906,87.6,True,13.5,-97.010181,32.723688,-96.80082027272728,32.808276409090915
2023_all2030_dcfull_n1_ALL_2030,2023,all2030,full_tx,ALL_2030,all2030_dcfull_n1,transmission,upgrade_branch,line,AC,NORTH,5449-5108,5449,5108,310.0,542.5,232.5,33.333,NEW,161.0,161.0,161.0,T5_moderate,1.75,HTLS Reconductor,86.2,117.8,1905,87.6,True,13.5,-97.010181,32.723688,-96.80082027272728,32.808276409090915
2023_all2030_dcfull_n1_ALL_2030,2023,all2030,full_tx,ALL_2030,all2030_dcfull_n1,transmission,upgrade_branch,line,AC,NORTH,5449-5108,5449,5108,310.0,542.5,232.5,33.333,NEW,161.0,161.0,161.0,T5_moderate,1.75,HTLS Reconductor,86.2,117.8,1905,87.6,True,13.5,-97.010181,32.723688,-96.80082027272728,32.808276409090915
2023_all2030_dcfull_n1_ALL_2030,2023,all2030,full_tx,ALL_2030,all2030_dcfull_n1,transmission,upgrade_branch,line,AC,SOUTH,6027-6012,6027,6012,221.0,486.2,265.2,33.327,NEW,115.0,115.0,115.0,T6_heavy,2.2,New Parallel Circuit,84.7,139.4,2598,82.3,True,11.1,-97.35518,30.41432,-97.218899,30.303885
2023_all2030_dcfull_n1_ALL_2030,2023,all2030,full_tx,ALL_2030,all2030_dcfull_n1,transmission,upgrade_branch,line,AC,SOUTH,6027-6012,6027,6012,221.0,486.2,265.2,33.327,NEW,115.0,115.0,115.0,T6_heavy,2.2,New Parallel Circuit,84.7,139.4,2597,82.3,True,11.1,-97.35518,30.41432,-97.218899,30.303885
2023_all2030_dcfull_n1_ALL_2030,2023,all2030,full_tx,ALL_2030,all2030_dcfull_n1,transmission,upgrade_branch,line,AC,WEST,3015-3129,3015,3129,118.8,166.3,47.5,33.15,NEW,115.0,115.0,115.0,T4_light,1.4,Reconductor(ACSR->ACSS),76.8,108.1,725,87.4,True,0.0,-100.56760671428572,32.36118885714286,-100.56760671428572,32.36118885714286
2023_all2030_dcfull_n1_ALL_2030,2023,all2030,full_tx,ALL_2030,all2030_dcfull_n1,transmission,upgrade_branch,line,AC,SOUTH,4033-13228,4033,13228,172.0,240.8,68.8,33.15,NEW,115.0,115.0,115.0,T4_light,1.4,Reconductor(ACSR->ACSS),49.5,106.3,1189,76.2,True,0.0,-99.3906115,27.588413625,-99.3906115,27.588413625
2023_all2030_dcfull_n1_ALL_2030,2023,all2030,full_tx,ALL_2030,all2030_dcfull_n1,transmission,upgrade_branch,line,AC,SOUTH,4101-13228,4101,13228,132.0,184.8,52.8,33.15,NEW,115.0,115.0,115.0,T4_light,1.4,Reconductor(ACSR->ACSS),53.8,104.6,1195,75.2,True,0.0,-99.3906115,27.588413625,-99.3906115,27.588413625
2023_all2030_dcfull_n1_ALL_2030,2023,all2030,full_tx,ALL_2030,all2030_dcfull_n1,transmission,upgrade_branch,line,AC,SOUTH,6094-6037,6094,6037,251.0,351.4,100.4,33.15,NEW,115.0,115.0,115.0,T4_light,1.4,Reconductor(ACSR->ACSS),64.0,106.2,2718,74.4,True,0.0,-98.5093816037736,29.474642000000003,-98.5093816037736,29.474642000000003
2023_all2030_dcfull_n1_ALL_2030,2023,all2030,full_tx,ALL_2030,all2030_dcfull_n1,transmission,upgrade_branch,line,AC,SOUTH,6094-6037,6094,6037,251.0,351.4,100.4,33.15,NEW,115.0,115.0,115.0,T4_light,1.4,Reconductor(ACSR->ACSS),64.0,106.2,2717,74.4,True,0.0,-98.5093816037736,29.474642000000003,-98.5093816037736,29.474642000000003
2023_all2030_dcfull_n1_ALL_2030,2023,all2030,full_tx,ALL_2030,all2030_dcfull_n1,transmission,upgrade_branch,line,AC,SOUTH,6123-6233,6123,6233,98.0,137.2,39.2,33.15,NEW,115.0,115.0,115.0,T4_light,1.4,Reconductor(ACSR->ACSS),86.2,109.6,2783,96.8,True,0.0,-97.77508287179488,30.30416587179487,-97.77508287179488,30.30416587179487
2023_all2030_dcfull_n1_ALL_2030,2023,all2030,full_tx,ALL_2030,all2030_dcfull_n1,transmission,upgrade_branch,line,AC,SOUTH,6220-6250,6220,6250,160.0,224.0,64.0,33.15,NEW,115.0,115.0,115.0,T4_light,1.4,Reconductor(ACSR->ACSS),76.3,104.2,2901,81.9,True,0.0,-98.5093816037736,29.474642000000003,-98.5093816037736,29.474642000000003
2023_all2030_dcfull_n1_ALL_2030,2023,all2030,full_tx,ALL_2030,all2030_dcfull_n1,transmission,upgrade_branch,line,AC,SOUTH,6241-13126,6241,13126,109.0,152.6,43.6,33.15,NEW,115.0,115.0,115.0,T4_light,1.4,Reconductor(ACSR->ACSS),79.5,104.7,3249,67.1,True,0.0,-98.35335,29.282378,-98.35335,29.282378
2023_all2030_dcfull_n1_ALL_2030,2023,all2030,full_tx,ALL_2030,all2030_dcfull_n1,transmission,upgrade_branch,line,AC,SOUTH,6284-13418,6284,13418,140.2,196.3,56.1,33.15,NEW,115.0,115.0,115.0,T4_light,1.4,Reconductor(ACSR->ACSS),86.0,101.5,3206,61.2,True,0.0,-98.5093816037736,29.474642000000003,-98.5093816037736,29.474642000000003
2023_all2030_dcfull_n1_ALL_2030,2023,all2030,full_tx,ALL_2030,all2030_dcfull_n1,transmission,upgrade_branch,line,AC,HOUSTON,7092-7384,7092,7384,110.0,154.0,44.0,33.15,NEW,115.0,115.0,115.0,T4_light,1.4,Reconductor(ACSR->ACSS),84.8,102.2,3926,73.2,True,0.0,-95.41128715217393,29.77727818478261,-95.41128715217393,29.77727818478261
2023_all2030_dcfull_n1_ALL_2030,2023,all2030,full_tx,ALL_2030,all2030_dcfull_n1,transmission,upgrade_branch,line,AC,HOUSTON,7155-7316,7155,7316,149.0,208.6,59.6,33.15,NEW,115.0,115.0,115.0,T4_light,1.4,Reconductor(ACSR->ACSS),83.6,103.7,4115,73.7,True,0.0,-95.41128715217393,29.77727818478261,-95.41128715217393,29.77727818478261
2023_all2030_dcfull_n1_ALL_2030,2023,all2030,full_tx,ALL_2030,all2030_dcfull_n1,transmission,upgrade_branch,line,AC,HOUSTON,7292-7223,7292,7223,450.0,630.0,180.0,33.15,NEW,115.0,115.0,115.0,T4_light,1.4,Reconductor(ACSR->ACSS),74.3,101.7,3988,72.2,True,0.0,-95.41128715217393,29.77727818478261,-95.41128715217393,29.77727818478261
2023_all2030_dcfull_n1_ALL_2030,2023,all2030,full_tx,ALL_2030,all2030_dcfull_n1,transmission,upgrade_branch,line,AC,HOUSTON,7292-7223,7292,7223,450.0,630.0,180.0,33.15,NEW,115.0,115.0,115.0,T4_light,1.4,Reconductor(ACSR->ACSS),74.3,101.7,3987,72.2,True,0.0,-95.41128715217393,29.77727818478261,-95.41128715217393,29.77727818478261
2023_all2030_dcfull_n1_ALL_2030,2023,all2030,full_tx,ALL_2030,all2030_dcfull_n1,transmission,upgrade_branch,line,AC,HOUSTON,7223-7425,7223,7425,221.0,309.4,88.4,33.15,NEW,115.0,115.0,115.0,T4_light,1.4,Reconductor(ACSR->ACSS),97.0,109.4,3882,78.4,True,0.0,-95.41128715217393,29.77727818478261,-95.41128715217393,29.77727818478261
2023_all2030_dcfull_n1_ALL_2030,2023,all2030,full_tx,ALL_2030,all2030_dcfull_n1,transmission,upgrade_branch,line,AC,HOUSTON,7240-7417,7240,7417,142.9,200.1,57.2,33.15,NEW,115.0,115.0,115.0,T4_light,1.4,Reconductor(ACSR->ACSS),44.3,100.2,3378,72.8,True,0.0,-95.41128715217393,29.77727818478261,-95.41128715217393,29.77727818478261
2023_all2030_dcfull_n1_ALL_2030,2023,all2030,full_tx,ALL_2030,all2030_dcfull_n1,transmission,upgrade_branch,line,AC,HOUSTON,7297-7384,7297,7384,450.0,630.0,180.0,33.15,NEW,115.0,115.0,115.0,T4_light,1.4,Reconductor(ACSR->ACSS),92.7,103.5,3959,73.7,True,0.0,-95.41128715217393,29.77727818478261,-95.41128715217393,29.77727818478261
2023_all2030_dcfull_n1_ALL_2030,2023,all2030,full_tx,ALL_2030,all2030_dcfull_n1,transmission,upgrade_branch,line,AC,NORTH,8005-8023,8005,8023,108.3,151.6,43.3,33.15,NEW,115.0,115.0,115.0,T4_light,1.4,Reconductor(ACSR->ACSS),59.1,104.6,4353,70.4,True,0.0,-94.737065,31.33610733333333,-94.737065,31.33610733333333
2023_all2030_dcfull_n1_ALL_2030,2023,all2030,full_tx,ALL_2030,all2030_dcfull_n1,transmission,upgrade_branch,line,AC,WEST,12897-13403,12897,13403,221.1,309.5,88.4,33.15,NEW,115.0,115.0,115.0,T4_light,1.4,Reconductor(ACSR->ACSS),2.4,100.7,4991,64.2,True,0.0,-100.94008825,32.806441125,-100.94008825,32.806441125
2023_all2030_dcfull_n1_ALL_2030,2023,all2030,full_tx,ALL_2030,all2030_dcfull_n1,transmission,upgrade_branch,line,AC,NORTH,5006-5103,5006,5103,205.0,358.8,153.8,33.1,NEW,161.0,161.0,161.0,T5_moderate,1.75,HTLS Reconductor,96.9,110.9,1889,53.2,True,13.4,-96.80082027272728,32.808276409090915,-96.7025715,32.983810000000005
2023_all2030_dcfull_n1_ALL_2030,2023,all2030,full_tx,ALL_2030,all2030_dcfull_n1,transmission,upgrade_branch,line,AC,NORTH,5103-5139,5103,5139,233.0,407.8,174.8,33.1,NEW,161.0,161.0,161.0,T5_moderate,1.75,HTLS Reconductor,99.1,116.8,2000,58.3,True,13.4,-96.7025715,32.983810000000005,-96.80082027272728,32.808276409090915
2023_all2030_dcfull_n1_ALL_2030,2023,all2030,full_tx,ALL_2030,all2030_dcfull_n1,transmission,upgrade_branch,line,AC,SOUTH,6127-6237,6127,6237,220.0,484.0,264.0,32.912,NEW,115.0,115.0,115.0,T6_heavy,2.2,New Parallel Circuit,96.4,144.7,2885,69.5,True,11.0,-96.907601,30.891129,-97.0630125,30.978365
2023_all2030_dcfull_n1_ALL_2030,2023,all2030,full_tx,ALL_2030,all2030_dcfull_n1,transmission,upgrade_branch,line,AC,NORTH,5456-5156,5456,5156,295.0,516.2,221.2,32.778,NEW,161.0,161.0,161.0,T5_moderate,1.75,HTLS Reconductor,56.7,115.9,2533,54.9,True,13.3,-98.98514,32.116953,-98.927404,31.931233
2023_all2030_dcfull_n1_ALL_2030,2023,all2030,full_tx,ALL_2030,all2030_dcfull_n1,transmission,upgrade_branch,line,AC,NORTH,5190-5264,5190,5264,251.0,351.4,100.4,32.339,NEW,161.0,161.0,161.0,T4_light,1.4,Reconductor(ACSR->ACSS),40.6,107.5,1917,39.7,True,23.7,-98.333604,32.587603,-98.552257,32.298594
2023_all2030_dcfull_n1_ALL_2030,2023,all2030,full_tx,ALL_2030,all2030_dcfull_n1,transmission,upgrade_branch,line,AC,WEST,1106-12795,1106,12795,106.5,186.4,79.9,32.322,NEW,115.0,115.0,115.0,T5_moderate,1.75,HTLS Reconductor,39.5,118.2,316,67.5,True,16.6,-101.152,31.683,-100.98431625,31.875952
2023_all2030_dcfull_n1_ALL_2030,2023,all2030,full_tx,ALL_2030,all2030_dcfull_n1,transmission,upgrade_branch,line,AC,SOUTH,6103-6183,6103,6183,149.0,327.8,178.8,32.025,NEW,115.0,115.0,115.0,T6_heavy,2.2,New Parallel Circuit,103.4,127.2,2819,59.5,True,10.7,-96.9945,30.02547,-96.923038,30.167624
2023_all2030_dcfull_n1_ALL_2030,2023,all2030,full_tx,ALL_2030,all2030_dcfull_n1,transmission,upgrade_branch,line,AC,SOUTH,6241-6324,6241,6324,310.0,542.5,232.5,31.727,NEW,115.0,115.0,115.0,T5_moderate,1.75,HTLS Reconductor,60.8,112.2,3177,66.4,True,16.3,-98.35335,29.282378,-98.5093816037736,29.474642000000003
2023_all2030_dcfull_n1_ALL_2030,2023,all2030,full_tx,ALL_2030,all2030_dcfull_n1,transmission,upgrade_branch,line,AC,SOUTH,6241-6324,6241,6324,310.0,542.5,232.5,31.727,NEW,115.0,115.0,115.0,T5_moderate,1.75,HTLS Reconductor,60.8,112.2,3176,66.4,True,16.3,-98.35335,29.282378,-98.5093816037736,29.474642000000003
2023_all2030_dcfull_n1_ALL_2030,2023,all2030,full_tx,ALL_2030,all2030_dcfull_n1,transmission,upgrade_branch,line,AC,SOUTH,6324-13126,6324,13126,223.1,390.4,167.3,31.727,NEW,115.0,115.0,115.0,T5_moderate,1.75,HTLS Reconductor,87.7,113.5,3250,57.4,True,16.3,-98.5093816037736,29.474642000000003,-98.35335,29.282378
2023_all2030_dcfull_n1_ALL_2030,2023,all2030,full_tx,ALL_2030,all2030_dcfull_n1,transmission,upgrade_branch,line,AC,SOUTH,6324-13126,6324,13126,223.1,390.4,167.3,31.727,NEW,115.0,115.0,115.0,T5_moderate,1.75,HTLS Reconductor,87.7,113.5,3249,57.4,True,16.3,-98.5093816037736,29.474642000000003,-98.35335,29.282378
2023_all2030_dcfull_n1_ALL_2030,2023,all2030,full_tx,ALL_2030,all2030_dcfull_n1,transmission,upgrade_branch,line,AC,SOUTH,4187-4189,4187,4189,197.0,275.8,78.8,31.602,NEW,115.0,115.0,115.0,T4_light,1.4,Reconductor(ACSR->ACSS),9.5,109.2,1137,78.0,True,28.6,-99.214344,28.293173,-99.63215,28.4834915
2023_all2030_dcfull_n1_ALL_2030,2023,all2030,full_tx,ALL_2030,all2030_dcfull_n1,transmission,upgrade_branch,line,AC,SOUTH,6193-6206,6193,6206,98.0,171.5,73.5,31.553,NEW,115.0,115.0,115.0,T5_moderate,1.75,HTLS Reconductor,78.5,114.7,2819,68.8,True,16.2,-96.676232,30.541565,-96.840158,30.354823
2023_all2030_dcfull_n1_ALL_2030,2023,all2030,full_tx,ALL_2030,all2030_dcfull_n1,transmission,upgrade_branch,line,AC,NORTH,5220-5113,5220,5113,187.0,411.4,224.4,31.459,NEW,161.0,161.0,161.0,T6_heavy,2.2,New Parallel Circuit,85.7,138.4,571,73.4,True,8.3,-97.213359,33.373051,-97.3420515,33.318023
2023_all2030_dcfull_n1_ALL_2030,2023,all2030,full_tx,ALL_2030,all2030_dcfull_n1,transmission,upgrade_branch,line,AC,NORTH,5194-5330,5194,5330,251.0,439.2,188.2,31.366,NEW,161.0,161.0,161.0,T5_moderate,1.75,HTLS Reconductor,69.7,117.6,2544,56.6,True,12.7,-96.914175,32.651936,-97.12502636363637,32.69967490909091
2023_all2030_dcfull_n1_ALL_2030,2023,all2030,full_tx,ALL_2030,all2030_dcfull_n1,transmission,upgrade_branch,line,AC,WEST,3097-12939,3097,12939,267.0,467.2,200.2,31.288,NEW,115.0,115.0,115.0,T5_moderate,1.75,HTLS Reconductor,61.8,123.6,966,70.6,True,16.0,-101.17026400000002,32.93510466666667,-100.94008825,32.806441125
2023_all2030_dcfull_n1_ALL_2030,2023,all2030,full_tx,ALL_2030,all2030_dcfull_n1,transmission,upgrade_branch,line,AC,WEST,3097-12939,3097,12939,267.0,467.2,200.2,31.288,NEW,115.0,115.0,115.0,T5_moderate,1.75,HTLS Reconductor,61.8,123.6,965,70.6,True,16.0,-101.17026400000002,32.93510466666667,-100.94008825,32.806441125
2023_all2030_dcfull_n1_ALL_2030,2023,all2030,full_tx,ALL_2030,all2030_dcfull_n1,transmission,upgrade_branch,line,AC,NORTH,5108-5353,5108,5353,251.0,439.2,188.2,31.253,NEW,161.0,161.0,161.0,T5_moderate,1.75,HTLS Reconductor,76.4,120.2,2544,82.9,True,12.7,-96.80082027272728,32.808276409090915,-96.914175,32.651936
2023_all2030_dcfull_n1_ALL_2030,2023,all2030,full_tx,ALL_2030,all2030_dcfull_n1,transmission,upgrade_branch,line,AC,NORTH,5337-5119,5337,5119,187.0,327.2,140.2,30.761,NEW,161.0,161.0,161.0,T5_moderate,1.75,HTLS Reconductor,84.4,121.0,2149,54.3,True,12.5,-98.244763,33.097641,-98.053654,33.014983
2023_all2030_dcfull_n1_ALL_2030,2023,all2030,full_tx,ALL_2030,all2030_dcfull_n1,transmission,upgrade_branch,line,AC,SOUTH,6125-6322,6125,6322,149.0,260.8,111.8,29.776,NEW,115.0,115.0,115.0,T5_moderate,1.75,HTLS Reconductor,73.0,119.0,3175,69.0,True,15.3,-98.057016,29.293499,-98.080406,29.073446
2023_all2030_dcfull_n1_ALL_2030,2023,all2030,full_tx,ALL_2030,all2030_dcfull_n1,transmission,upgrade_branch,line,AC,NORTH,5003-5436,5003,5436,236.0,413.0,177.0,29.362,NEW,161.0,161.0,161.0,T5_moderate,1.75,HTLS Reconductor,96.5,119.7,1881,60.2,True,11.9,-96.6344372,32.9086048,-96.80082027272728,32.808276409090915
2023_all2030_dcfull_n1_ALL_2030,2023,all2030,full_tx,ALL_2030,all2030_dcfull_n1,transmission,upgrade_branch,line,AC,NORTH,5175-5370,5175,5370,474.0,829.5,355.5,29.108,NEW,161.0,161.0,161.0,T5_moderate,1.75,HTLS Reconductor,67.4,113.4,2096,67.4,True,11.8,-97.13581333333332,33.210620166666665,-97.0124115,33.07492
2023_all2030_dcfull_n1_ALL_2030,2023,all2030,full_tx,ALL_2030,all2030_dcfull_n1,transmission,upgrade_branch,line,AC,NORTH,5175-5370,5175,5370,474.0,829.5,355.5,29.108,NEW,161.0,161.0,161.0,T5_moderate,1.75,HTLS Reconductor,67.4,113.4,2095,67.4,True,11.8,-97.13581333333332,33.210620166666665,-97.0124115,33.07492
2023_all2030_dcfull_n1_ALL_2030,2023,all2030,full_tx,ALL_2030,all2030_dcfull_n1,transmission,upgrade_branch,line,AC,NORTH,8109-8123,8109,8123,98.0,215.6,117.6,28.849,NEW,115.0,115.0,115.0,T6_heavy,2.2,New Parallel Circuit,79.3,126.9,4470,66.7,True,9.6,-95.8568275,32.169178,-96.01423,32.12747
2023_all2030_dcfull_n1_ALL_2030,2023,all2030,full_tx,ALL_2030,all2030_dcfull_n1,transmission,upgrade_branch,line,AC,NORTH,5456-13282,5456,13282,382.6,535.6,153.0,28.685,NEW,161.0,161.0,161.0,T4_light,1.4,Reconductor(ACSR->ACSS),76.7,106.2,1697,72.5,True,21.0,-98.98514,32.116953,-99.1533074,32.3857988
2023_all2030_dcfull_n1_ALL_2030,2023,all2030,full_tx,ALL_2030,all2030_dcfull_n1,transmission,upgrade_branch,line,AC,SOUTH,4036-13337,4036,13337,213.4,298.8,85.4,28.582,NEW,115.0,115.0,115.0,T4_light,1.4,Reconductor(ACSR->ACSS),60.5,108.9,1203,80.9,True,25.9,-99.562652,28.888748,-99.79466125,29.20340125
2023_all2030_dcfull_n1_ALL_2030,2023,all2030,full_tx,ALL_2030,all2030_dcfull_n1,transmission,upgrade_branch,line,AC,SOUTH,4036-13337,4036,13337,213.4,298.8,85.4,28.582,NEW,115.0,115.0,115.0,T4_light,1.4,Reconductor(ACSR->ACSS),60.5,108.9,1202,80.9,True,25.9,-99.562652,28.888748,-99.79466125,29.20340125
2023_all2030_dcfull_n1_ALL_2030,2023,all2030,full_tx,ALL_2030,all2030_dcfull_n1,transmission,upgrade_branch,line,AC,WEST,3032-3070,3032,3070,122.1,170.9,48.8,28.552,NEW,115.0,115.0,115.0,T4_light,1.4,Reconductor(ACSR->ACSS),89.4,108.4,791,72.7,True,25.8,-99.70613471428572,32.45867642857143,-100.1,32.2878
2023_all2030_dcfull_n1_ALL_2030,2023,all2030,full_tx,ALL_2030,all2030_dcfull_n1,transmission,upgrade_branch,line,AC,HOUSTON,7251-7235,7251,7235,149.0,327.8,178.8,28.029,NEW,115.0,115.0,115.0,T6_heavy,2.2,New Parallel Circuit,84.8,125.1,3307,54.7,True,9.4,-95.833733,30.047619,-95.708537,29.9660525
2023_all2030_dcfull_n1_ALL_2030,2023,all2030,full_tx,ALL_2030,all2030_dcfull_n1,transmission,upgrade_branch,line,AC,NORTH,12754-13029,12754,13029,271.0,596.2,325.2,27.828,NEW,161.0,161.0,161.0,T6_heavy,2.2,New Parallel Circuit,93.8,142.6,4871,68.6,True,7.4,-99.695954,33.73925199999999,-99.657805,33.841272
2023_all2030_dcfull_n1_ALL_2030,2023,all2030,full_tx,ALL_2030,all2030_dcfull_n1,transmission,upgrade_branch,transformer,AC,NORTH,5022-5021,5022,5021,1375.0,2406.2,1031.2,27.5,NEW,161.0,500.0,500.0,T5_moderate,1.75,Transformer Replace 1.75x,71.3,110.5,1629,79.7,True,0.0,-97.572841,32.708154,-97.572841,32.708154
2023_all2030_dcfull_n1_ALL_2030,2023,all2030,full_tx,ALL_2030,all2030_dcfull_n1,transmission,upgrade_branch,transformer,AC,NORTH,5022-5021,5022,5021,1375.0,2406.2,1031.2,27.5,NEW,161.0,500.0,500.0,T5_moderate,1.75,Transformer Replace 1.75x,71.3,110.5,1628,79.7,True,0.0,-97.572841,32.708154,-97.572841,32.708154
2023_all2030_dcfull_n1_ALL_2030,2023,all2030,full_tx,ALL_2030,all2030_dcfull_n1,transmission,upgrade_branch,transformer,AC,NORTH,5385-5384,5385,5384,1538.0,2691.5,1153.5,27.5,NEW,161.0,500.0,500.0,T5_moderate,1.75,Transformer Replace 1.75x,75.0,118.6,2481,73.2,True,0.0,-96.80082027272728,32.808276409090915,-96.80082027272728,32.808276409090915
2023_all2030_dcfull_n1_ALL_2030,2023,all2030,full_tx,ALL_2030,all2030_dcfull_n1,transmission,upgrade_branch,transformer,AC,NORTH,5385-5384,5385,5384,1538.0,2691.5,1153.5,27.5,NEW,161.0,500.0,500.0,T5_moderate,1.75,Transformer Replace 1.75x,75.0,118.6,2480,73.2,True,0.0,-96.80082027272728,32.808276409090915,-96.80082027272728,32.808276409090915
2023_all2030_dcfull_n1_ALL_2030,2023,all2030,full_tx,ALL_2030,all2030_dcfull_n1,transmission,upgrade_branch,transformer,AC,NORTH,5453-12863,5453,12863,600.0,1050.0,450.0,27.5,NEW,161.0,500.0,500.0,T5_moderate,1.75,Transformer Replace 1.75x,97.4,114.3,1564,63.2,True,0.0,-97.458078,32.3380315,-97.458078,32.3380315
2023_all2030_dcfull_n1_ALL_2030,2023,all2030,full_tx,ALL_2030,all2030_dcfull_n1,transmission,upgrade_branch,transformer,AC,SOUTH,13332-6033,13332,6033,141.7,248.0,106.3,27.5,NEW,20.0,500.0,500.0,T5_moderate,1.75,Transformer Replace 1.75x,112.7,112.7,2904,64.4,True,0.0,-97.57405,30.41217,-97.57405,30.41217
2023_all2030_dcfull_n1_ALL_2030,2023,all2030,full_tx,ALL_2030,all2030_dcfull_n1,transmission,upgrade_branch,transformer,AC,SOUTH,6108-6107,6108,6107,380.0,665.0,285.0,27.5,NEW,230.0,500.0,500.0,T5_moderate,1.75,Transformer Replace 1.75x,90.9,117.3,2696,84.5,True,0.0,-96.947291,30.633128,-96.947291,30.633128
2023_all2030_dcfull_n1_ALL_2030,2023,all2030,full_tx,ALL_2030,all2030_dcfull_n1,transmission,upgrade_branch,transformer,AC,SOUTH,6257-6254,6257,6254,215.3,376.8,161.5,27.5,NEW,13.8,500.0,500.0,T5_moderate,1.75,Transformer Replace 1.75x,112.3,112.3,2581,64.3,True,0.0,-97.77508287179488,30.30416587179487,-97.77508287179488,30.30416587179487
2023_all2030_dcfull_n1_ALL_2030,2023,all2030,full_tx,ALL_2030,all2030_dcfull_n1,transmission,upgrade_branch,transformer,AC,SOUTH,6258-6254,6258,6254,198.4,347.2,148.8,27.5,NEW,13.8,500.0,500.0,T5_moderate,1.75,Transformer Replace 1.75x,110.7,110.7,2723,63.3,True,0.0,-97.77508287179488,30.30416587179487,-97.77508287179488,30.30416587179487
2023_all2030_dcfull_n1_ALL_2030,2023,all2030,full_tx,ALL_2030,all2030_dcfull_n1,transmission,upgrade_branch,transformer,AC,SOUTH,6324-12523,6324,12523,1080.0,1890.0,810.0,27.5,NEW,115.0,500.0,500.0,T5_moderate,1.75,Transformer Replace 1.75x,77.2,118.7,3248,92.0,True,0.0,-98.5093816037736,29.474642000000003,-98.5093816037736,29.474642000000003
2023_all2030_dcfull_n1_ALL_2030,2023,all2030,full_tx,ALL_2030,all2030_dcfull_n1,transmission,upgrade_branch,transformer,AC,SOUTH,6324-12523,6324,12523,1080.0,1890.0,810.0,27.5,NEW,115.0,500.0,500.0,T5_moderate,1.75,Transformer Replace 1.75x,77.2,118.7,3247,92.0,True,0.0,-98.5093816037736,29.474642000000003,-98.5093816037736,29.474642000000003
2023_all2030_dcfull_n1_ALL_2030,2023,all2030,full_tx,ALL_2030,all2030_dcfull_n1,transmission,upgrade_branch,transformer,AC,NORTH,12632-12633,12632,12633,600.0,1050.0,450.0,27.5,NEW,161.0,500.0,500.0,T5_moderate,1.75,Transformer Replace 1.75x,24.1,113.5,4767,80.4,True,0.0,-101.59661,34.4067,-101.59661,34.4067
2023_all2030_dcfull_n1_ALL_2030,2023,all2030,full_tx,ALL_2030,all2030_dcfull_n1,transmission,upgrade_branch,line,AC,SOUTH,4114-4197,4114,4197,165.5,231.7,66.2,27.189,NEW,115.0,115.0,115.0,T4_light,1.4,Reconductor(ACSR->ACSS),44.2,102.5,1548,71.8,True,24.6,-99.3906115,27.588413625,-99.005278,27.488056
2023_all2030_dcfull_n1_ALL_2030,2023,all2030,full_tx,ALL_2030,all2030_dcfull_n1,transmission,upgrade_branch,line,AC,SOUTH,4114-4197,4114,4197,165.5,231.7,66.2,27.189,NEW,115.0,115.0,115.0,T4_light,1.4,Reconductor(ACSR->ACSS),44.2,102.5,1548,71.8,True,24.6,-99.3906115,27.588413625,-99.005278,27.488056
2023_all2030_dcfull_n1_ALL_2030,2023,all2030,full_tx,ALL_2030,all2030_dcfull_n1,transmission,upgrade_branch,line,AC,WEST,1112-13300,1112,13300,122.5,269.5,147.0,26.447,NEW,115.0,115.0,115.0,T6_heavy,2.2,New Parallel Circuit,146.9,146.9,2,66.8,True,8.8,-101.014,32.239,-100.890668,32.313261999999995
2023_all2030_dcfull_n1_ALL_2030,2023,all2030,full_tx,ALL_2030,all2030_dcfull_n1,transmission,upgrade_branch,line,AC,NORTH,5232-5251,5232,5251,187.0,411.4,224.4,25.936,NEW,161.0,161.0,161.0,T6_heavy,2.2,New Parallel Circuit,104.1,133.7,2386,93.6,True,6.9,-97.12502636363637,32.69967490909091,-97.010181,32.723688
2023_all2030_dcfull_n1_ALL_2030,2023,all2030,full_tx,ALL_2030,all2030_dcfull_n1,transmission,upgrade_branch,line,AC,HOUSTON,7244-7272,7244,7272,220.0,308.0,88.0,25.459,NEW,115.0,115.0,115.0,T4_light,1.4,Reconductor(ACSR->ACSS),77.2,106.9,3871,76.5,True,23.0,-95.31001,29.45566,-95.41128715217393,29.77727818478261
2023_all2030_dcfull_n1_ALL_2030,2023,all2030,full_tx,ALL_2030,all2030_dcfull_n1,transmission,upgrade_branch,line,AC,SOUTH,6181-6116,6181,6116,98.0,171.5,73.5,25.082,NEW,115.0,115.0,115.0,T5_moderate,1.75,HTLS Reconductor,66.4,120.3,2673,58.2,True,12.9,-97.516162,30.289094,-97.35701,30.41477
2023_all2030_dcfull_n1_ALL_2030,2023,all2030,full_tx,ALL_2030,all2030_dcfull_n1,transmission,upgrade_branch,transformer,AC,WEST,3038-3037,3038,3037,114.0,342.0,228.0,25.0,NEW,115.0,230.0,230.0,T7_structural,3.0,Major Transformer 3x,120.5,199.8,802,104.5,False,0.0,-100.56760671428572,32.36118885714286,-100.56760671428572,32.36118885714286
2023_all2030_dcfull_n1_ALL_2030,2023,all2030,full_tx,ALL_2030,all2030_dcfull_n1,transmission,upgrade_branch,transformer,AC,SOUTH,6109-6108,6109,6108,137.0,411.0,274.0,25.0,NEW,115.0,230.0,230.0,T7_structural,3.0,Major Transformer 3x,164.2,288.3,2933,96.1,True,0.0,-96.947291,30.633128,-96.947291,30.633128
2023_all2030_dcfull_n1_ALL_2030,2023,all2030,full_tx,ALL_2030,all2030_dcfull_n1,transmission,upgrade_branch,transformer,AC,NORTH,8069-8068,8069,8068,143.0,429.0,286.0,25.0,NEW,115.0,230.0,230.0,T7_structural,3.0,Major Transformer 3x,117.3,161.8,4378,85.7,True,0.0,-96.202639,31.37571,-96.202639,31.37571
2023_all2030_dcfull_n1_ALL_2030,2023,all2030,full_tx,ALL_2030,all2030_dcfull_n1,transmission,upgrade_branch,transformer,AC,NORTH,12961-8147,12961,8147,310.2,930.6,620.4,25.0,NEW,20.0,230.0,230.0,T7_structural,3.0,Major Transformer 3x,163.8,163.8,3629,54.6,True,0.0,-96.1482745,32.142643,-96.1482745,32.142643
2023_all2030_dcfull_n1_ALL_2030,2023,all2030,full_tx,ALL_2030,all2030_dcfull_n1,transmission,upgrade_branch,line,AC,SOUTH,4144-4127,4144,4127,143.0,200.2,57.2,24.937,NEW,115.0,115.0,115.0,T4_light,1.4,Reconductor(ACSR->ACSS),56.9,108.6,1459,77.5,True,22.6,-98.060187,27.986244,-98.07572,27.65992
2023_all2030_dcfull_n1_ALL_2030,2023,all2030,full_tx,ALL_2030,all2030_dcfull_n1,transmission,upgrade_branch,line,AC,NORTH,5088-5290,5088,5290,321.0,706.2,385.2,24.739,NEW,161.0,161.0,161.0,T6_heavy,2.2,New Parallel Circuit,78.7,146.4,1832,73.2,True,6.6,-97.46203133333334,31.819786000000004,-97.3667,31.8694
2023_all2030_dcfull_n1_ALL_2030,2023,all2030,full_tx,ALL_2030,all2030_dcfull_n1,transmission,upgrade_branch,line,AC,NORTH,5088-5290,5088,5290,321.0,706.2,385.2,24.739,NEW,161.0,161.0,161.0,T6_heavy,2.2,New Parallel Circuit,78.7,146.4,1831,73.2,True,6.6,-97.46203133333334,31.819786000000004,-97.3667,31.8694
2023_all2030_dcfull_n1_ALL_2030,2023,all2030,full_tx,ALL_2030,all2030_dcfull_n1,transmission,upgrade_branch,line,AC,NORTH,5044-5312,5044,5312,326.0,570.5,244.5,24.731,NEW,161.0,161.0,161.0,T5_moderate,1.75,HTLS Reconductor,74.3,115.9,1696,54.7,True,10.0,-97.597083,33.041942,-97.561179,32.900196
2023_all2030_dcfull_n1_ALL_2030,2023,all2030,full_tx,ALL_2030,all2030_dcfull_n1,transmission,upgrade_branch,line,AC,NORTH,5044-5312,5044,5312,326.0,570.5,244.5,24.731,NEW,161.0,161.0,161.0,T5_moderate,1.75,HTLS Reconductor,74.3,115.9,1695,54.7,True,10.0,-97.597083,33.041942,-97.561179,32.900196
2023_all2030_dcfull_n1_ALL_2030,2023,all2030,full_tx,ALL_2030,all2030_dcfull_n1,transmission,upgrade_branch,line,AC,NORTH,5453-5092,5453,5092,250.0,350.0,100.0,24.304,NEW,161.0,161.0,161.0,T4_light,1.4,Reconductor(ACSR->ACSS),80.2,105.9,2535,74.6,True,17.8,-97.458078,32.3380315,-97.16076,32.280923
2023_all2030_dcfull_n1_ALL_2030,2023,all2030,full_tx,ALL_2030,all2030_dcfull_n1,transmission,upgrade_branch,line,AC,NORTH,5333-5157,5333,5157,310.0,682.0,372.0,23.758,NEW,161.0,161.0,161.0,T6_heavy,2.2,New Parallel Circuit,81.9,136.9,1908,67.2,True,6.3,-96.807315,32.521773,-96.864075,32.599427
2023_all2030_dcfull_n1_ALL_2030,2023,all2030,full_tx,ALL_2030,all2030_dcfull_n1,transmission,upgrade_branch,line,AC,NORTH,5333-5157,5333,5157,310.0,682.0,372.0,23.758,NEW,161.0,161.0,161.0,T6_heavy,2.2,New Parallel Circuit,81.9,136.9,1908,67.2,True,6.3,-96.807315,32.521773,-96.864075,32.599427
2023_all2030_dcfull_n1_ALL_2030,2023,all2030,full_tx,ALL_2030,all2030_dcfull_n1,transmission,upgrade_branch,line,AC,NORTH,8149-8123,8149,8123,98.0,215.6,117.6,23.658,NEW,115.0,115.0,115.0,T6_heavy,2.2,New Parallel Circuit,97.1,144.7,4470,74.8,True,7.9,-96.1482745,32.142643,-96.01423,32.12747
2023_all2030_dcfull_n1_ALL_2030,2023,all2030,full_tx,ALL_2030,all2030_dcfull_n1,transmission,upgrade_branch,line,AC,WEST,1047-1085,1047,1085,221.0,386.8,165.8,23.54,NEW,115.0,115.0,115.0,T5_moderate,1.75,HTLS Reconductor,76.2,123.4,249,70.0,True,12.1,-103.062173,31.534243,-103.138992,31.696251
2023_all2030_dcfull_n1_ALL_2030,2023,all2030,full_tx,ALL_2030,all2030_dcfull_n1,transmission,upgrade_branch,line,AC,WEST,3032-3131,3032,3131,143.5,200.9,57.4,23.528,NEW,115.0,115.0,115.0,T4_light,1.4,Reconductor(ACSR->ACSS),85.4,105.3,791,68.1,True,21.3,-99.70613471428572,32.45867642857143,-100.021667,32.303889
2023_all2030_dcfull_n1_ALL_2030,2023,all2030,full_tx,ALL_2030,all2030_dcfull_n1,transmission,upgrade_branch,line,AC,NORTH,5273-5339,5273,5339,187.0,327.2,140.2,23.479,NEW,161.0,161.0,161.0,T5_moderate,1.75,HTLS Reconductor,67.4,120.6,2557,63.7,True,9.5,-96.984664,32.963417,-97.148582,32.959922
2023_all2030_dcfull_n1_ALL_2030,2023,all2030,full_tx,ALL_2030,all2030_dcfull_n1,transmission,upgrade_branch,line,AC,NORTH,5156-13051,5156,13051,194.4,272.2,77.8,23.101,NEW,161.0,161.0,161.0,T4_light,1.4,Reconductor(ACSR->ACSS),49.2,104.0,1697,60.0,True,16.9,-98.927404,31.931233,-98.6525545,31.8568005
2023_all2030_dcfull_n1_ALL_2030,2023,all2030,full_tx,ALL_2030,all2030_dcfull_n1,transmission,upgrade_branch,line,AC,NORTH,5087-5345,5087,5345,251.0,439.2,188.2,22.541,NEW,161.0,161.0,161.0,T5_moderate,1.75,HTLS Reconductor,92.5,117.9,1917,63.3,True,9.1,-97.06,32.139,-97.133361,32.022461
2023_all2030_dcfull_n1_ALL_2030,2023,all2030,full_tx,ALL_2030,all2030_dcfull_n1,transmission,upgrade_branch,line,AC,NORTH,5292-5312,5292,5312,187.0,261.8,74.8,22.342,NEW,161.0,161.0,161.0,T4_light,1.4,Reconductor(ACSR->ACSS),28.0,100.2,2347,66.8,True,16.4,-97.34008506896552,32.753233586206896,-97.561179,32.900196
2023_all2030_dcfull_n1_ALL_2030,2023,all2030,full_tx,ALL_2030,all2030_dcfull_n1,transmission,upgrade_branch,line,AC,NORTH,5093-5254,5093,5254,245.0,428.8,183.8,21.892,NEW,161.0,161.0,161.0,T5_moderate,1.75,HTLS Reconductor,81.5,114.5,1605,69.6,True,8.9,-97.377255,32.986624,-97.22672,33.009335
2023_all2030_dcfull_n1_ALL_2030,2023,all2030,full_tx,ALL_2030,all2030_dcfull_n1,transmission,upgrade_branch,line,AC,NORTH,8069-8132,8069,8132,102.7,225.9,123.2,21.848,NEW,115.0,115.0,115.0,T6_heavy,2.2,New Parallel Circuit,46.7,130.8,4353,95.7,True,7.3,-96.202639,31.37571,-96.229757,31.4789
2023_all2030_dcfull_n1_ALL_2030,2023,all2030,full_tx,ALL_2030,all2030_dcfull_n1,transmission,upgrade_branch,line,AC,WEST,3116-13403,3116,13403,130.2,227.8,97.6,20.452,NEW,115.0,115.0,115.0,T5_moderate,1.75,HTLS Reconductor,67.8,113.1,4991,66.8,True,10.5,-100.793333,32.718056,-100.94008825,32.806441125
2023_all2030_dcfull_n1_ALL_2030,2023,all2030,full_tx,ALL_2030,all2030_dcfull_n1,transmission,upgrade_branch,line,AC,NORTH,5157-5085,5157,5085,251.0,351.4,100.4,20.327,NEW,161.0,161.0,161.0,T4_light,1.4,Reconductor(ACSR->ACSS),71.2,107.8,1908,52.5,True,14.9,-96.864075,32.599427,-96.80082027272728,32.808276409090915
2023_all2030_dcfull_n1_ALL_2030,2023,all2030,full_tx,ALL_2030,all2030_dcfull_n1,transmission,upgrade_branch,transformer,AC,NORTH,5064-5063,5064,5063,1277.0,1915.5,638.5,20.0,NEW,161.0,500.0,500.0,T4_light,1.5,Transformer Replace 1.5x,72.6,100.5,1750,80.1,True,0.0,-97.12502636363637,32.69967490909091,-97.12502636363637,32.69967490909091
2023_all2030_dcfull_n1_ALL_2030,2023,all2030,full_tx,ALL_2030,all2030_dcfull_n1,transmission,upgrade_branch,transformer,AC,NORTH,5064-5063,5064,5063,1277.0,1915.5,638.5,20.0,NEW,161.0,500.0,500.0,T4_light,1.5,Transformer Replace 1.5x,72.6,100.5,1749,80.1,True,0.0,-97.12502636363637,32.69967490909091,-97.12502636363637,32.69967490909091
2023_all2030_dcfull_n1_ALL_2030,2023,all2030,full_tx,ALL_2030,all2030_dcfull_n1,transmission,upgrade_branch,transformer,AC,NORTH,5197-5196,5197,5196,305.0,457.5,152.5,20.0,NEW,161.0,500.0,500.0,T4_light,1.5,Transformer Replace 1.5x,42.4,100.4,2149,57.0,True,0.0,-98.3737215,33.2411135,-98.3737215,33.2411135
2023_all2030_dcfull_n1_ALL_2030,2023,all2030,full_tx,ALL_2030,all2030_dcfull_n1,transmission,upgrade_branch,transformer,AC,NORTH,5259-12728,5259,12728,600.0,900.0,300.0,20.0,NEW,161.0,500.0,500.0,T4_light,1.5,Transformer Replace 1.5x,79.4,103.8,2361,77.7,True,0.0,-96.452481,33.068055,-96.452481,33.068055
2023_all2030_dcfull_n1_ALL_2030,2023,all2030,full_tx,ALL_2030,all2030_dcfull_n1,transmission,upgrade_branch,transformer,AC,NORTH,5308-12536,5308,12536,800.0,1200.0,400.0,20.0,NEW,161.0,500.0,500.0,T4_light,1.5,Transformer Replace 1.5x,81.3,103.4,2284,84.1,True,0.0,-96.5458,32.8358,-96.5458,32.8358
2023_all2030_dcfull_n1_ALL_2030,2023,all2030,full_tx,ALL_2030,all2030_dcfull_n1,transmission,upgrade_branch,transformer,AC,HOUSTON,7342-7341,7342,7341,1311.0,1966.5,655.5,20.0,NEW,230.0,500.0,500.0,T4_light,1.5,Transformer Replace 1.5x,78.1,102.6,4227,86.6,True,0.0,-95.7842315,29.79427175,-95.7842315,29.79427175
2023_all2030_dcfull_n1_ALL_2030,2023,all2030,full_tx,ALL_2030,all2030_dcfull_n1,transmission,upgrade_branch,line,AC,WEST,3015-3128,3015,3128,98.0,171.5,73.5,19.948,NEW,115.0,115.0,115.0,T5_moderate,1.75,HTLS Reconductor,80.0,119.6,805,76.6,True,10.2,-100.56760671428572,32.36118885714286,-100.727898,32.421184499999995
2023_all2030_dcfull_n1_ALL_2030,2023,all2030,full_tx,ALL_2030,all2030_dcfull_n1,transmission,upgrade_branch,line,AC,HOUSTON,7020-6173,7020,6173,120.0,168.0,48.0,19.887,NEW,115.0,115.0,115.0,T4_light,1.4,Reconductor(ACSR->ACSS),55.2,109.7,2686,79.5,True,18.0,-97.135,28.8947,-97.2968245,29.1133745
2023_all2030_dcfull_n1_ALL_2030,2023,all2030,full_tx,ALL_2030,all2030_dcfull_n1,transmission,upgrade_branch,line,AC,NORTH,5274-5313,5274,5313,232.9,582.2,349.4,19.524,NEW,161.0,161.0,161.0,T7_structural,2.5,New Corridor/Aggressive Parallel,168.7,220.2,2317,117.8,False,2.6,-96.674333,32.605192,-96.695516,32.63852
2023_all2030_dcfull_n1_ALL_2030,2023,all2030,full_tx,ALL_2030,all2030_dcfull_n1,transmission,upgrade_branch,line,AC,WEST,3072-3040,3072,3040,193.0,270.2,77.2,19.455,NEW,115.0,115.0,115.0,T4_light,1.4,Reconductor(ACSR->ACSS),95.6,107.8,911,74.8,True,17.6,-100.113803,31.534768,-99.934162,31.738576
2023_all2030_dcfull_n1_ALL_2030,2023,all2030,full_tx,ALL_2030,all2030_dcfull_n1,transmission,upgrade_branch,line,AC,NORTH,8120-8141,8120,8141,221.0,309.4,88.4,19.372,NEW,115.0,115.0,115.0,T4_light,1.4,Reconductor(ACSR->ACSS),54.4,109.9,4356,50.0,True,17.5,-96.4032496,30.7142204,-96.62542,30.881424
2023_all2030_dcfull_n1_ALL_2030,2023,all2030,full_tx,ALL_2030,all2030_dcfull_n1,transmission,upgrade_branch,line,AC,SOUTH,6221-6322,6221,6322,98.0,137.2,39.2,19.042,NEW,115.0,115.0,115.0,T4_light,1.4,Reconductor(ACSR->ACSS),35.2,105.0,3195,75.4,True,17.2,-98.240425,28.867033,-98.080406,29.073446
2023_all2030_dcfull_n1_ALL_2030,2023,all2030,full_tx,ALL_2030,all2030_dcfull_n1,transmission,upgrade_branch,line,AC,NORTH,5249-5022,5249,5022,409.0,572.6,163.6,18.95,NEW,161.0,161.0,161.0,T4_light,1.4,Reconductor(ACSR->ACSS),64.8,107.4,1635,93.1,True,13.9,-97.34008506896552,32.753233586206896,-97.572841,32.708154
2023_all2030_dcfull_n1_ALL_2030,2023,all2030,full_tx,ALL_2030,all2030_dcfull_n1,transmission,upgrade_branch,line,AC,NORTH,5249-5022,5249,5022,409.0,572.6,163.6,18.95,NEW,161.0,161.0,161.0,T4_light,1.4,Reconductor(ACSR->ACSS),64.8,107.4,1634,93.1,True,13.9,-97.34008506896552,32.753233586206896,-97.572841,32.708154
2023_all2030_dcfull_n1_ALL_2030,2023,all2030,full_tx,ALL_2030,all2030_dcfull_n1,transmission,upgrade_branch,line,AC,NORTH,2126-5220,2126,5220,251.0,439.2,188.2,18.875,NEW,161.0,161.0,161.0,T5_moderate,1.75,HTLS Reconductor,82.7,122.0,571,79.6,True,7.6,-97.128552,33.458028,-97.213359,33.373051
2023_all2030_dcfull_n1_ALL_2030,2023,all2030,full_tx,ALL_2030,all2030_dcfull_n1,transmission,upgrade_branch,line,AC,SOUTH,6032-6207,6032,6207,149.0,208.6,59.6,18.863,NEW,115.0,115.0,115.0,T4_light,1.4,Reconductor(ACSR->ACSS),38.0,104.8,2954,74.9,True,17.1,-97.77508287179488,30.30416587179487,-97.9398515,30.5062735
2023_all2030_dcfull_n1_ALL_2030,2023,all2030,full_tx,ALL_2030,all2030_dcfull_n1,transmission,upgrade_branch,line,AC,NORTH,5145-5323,5145,5323,310.0,434.0,124.0,18.421,NEW,161.0,161.0,161.0,T4_light,1.4,Reconductor(ACSR->ACSS),75.0,104.1,2015,62.4,True,13.5,-97.010181,32.723688,-96.80082027272728,32.808276409090915
2023_all2030_dcfull_n1_ALL_2030,2023,all2030,full_tx,ALL_2030,all2030_dcfull_n1,transmission,upgrade_branch,line,AC,NORTH,5145-5323,5145,5323,310.0,434.0,124.0,18.421,NEW,161.0,161.0,161.0,T4_light,1.4,Reconductor(ACSR->ACSS),75.0,104.1,2014,62.4,True,13.5,-97.010181,32.723688,-96.80082027272728,32.808276409090915
2023_all2030_dcfull_n1_ALL_2030,2023,all2030,full_tx,ALL_2030,all2030_dcfull_n1,transmission,upgrade_branch,line,AC,NORTH,5145-5323,5145,5323,310.0,434.0,124.0,18.421,NEW,161.0,161.0,161.0,T4_light,1.4,Reconductor(ACSR->ACSS),75.0,104.1,2014,62.4,True,13.5,-97.010181,32.723688,-96.80082027272728,32.808276409090915
2023_all2030_dcfull_n1_ALL_2030,2023,all2030,full_tx,ALL_2030,all2030_dcfull_n1,transmission,upgrade_branch,line,AC,NORTH,2033-2106,2033,2106,326.0,456.4,130.4,18.279,NEW,161.0,161.0,161.0,T4_light,1.4,Reconductor(ACSR->ACSS),52.9,102.4,491,73.0,True,13.4,-96.146489,33.500378,-96.378894,33.498186
2023_all2030_dcfull_n1_ALL_2030,2023,all2030,full_tx,ALL_2030,all2030_dcfull_n1,transmission,upgrade_branch,line,AC,NORTH,5427-5269,5427,5269,310.0,434.0,124.0,17.982,NEW,161.0,161.0,161.0,T4_light,1.4,Reconductor(ACSR->ACSS),83.9,109.8,2440,73.2,True,13.2,-96.8502335,32.366515,-97.0540165,32.448697
2023_all2030_dcfull_n1_ALL_2030,2023,all2030,full_tx,ALL_2030,all2030_dcfull_n1,transmission,upgrade_branch,line,AC,NORTH,5447-5104,5447,5104,363.0,508.2,145.2,17.795,NEW,161.0,161.0,161.0,T4_light,1.4,Reconductor(ACSR->ACSS),63.3,104.3,1892,71.5,True,13.0,-97.12502636363637,32.69967490909091,-97.34008506896552,32.753233586206896
2023_all2030_dcfull_n1_ALL_2030,2023,all2030,full_tx,ALL_2030,all2030_dcfull_n1,transmission,upgrade_branch,line,AC,NORTH,5447-5104,5447,5104,363.0,508.2,145.2,17.795,NEW,161.0,161.0,161.0,T4_light,1.4,Reconductor(ACSR->ACSS),63.3,104.3,1891,71.5,True,13.0,-97.12502636363637,32.69967490909091,-97.34008506896552,32.753233586206896
2023_all2030_dcfull_n1_ALL_2030,2023,all2030,full_tx,ALL_2030,all2030_dcfull_n1,transmission,upgrade_branch,transformer,AC,WEST,3083-3082,3083,3082,143.8,287.6,143.8,17.0,NEW,115.0,230.0,230.0,T6_heavy,2.0,Parallel Transformer 2x,86.4,128.2,851,89.3,True,0.0,-100.09043266666669,32.36779933333333,-100.09043266666669,32.36779933333333
2023_all2030_dcfull_n1_ALL_2030,2023,all2030,full_tx,ALL_2030,all2030_dcfull_n1,transmission,upgrade_branch,transformer,AC,WEST,3089-3088,3089,3088,411.0,822.0,411.0,17.0,NEW,161.0,230.0,230.0,T6_heavy,2.0,Parallel Transformer 2x,112.2,129.5,773,68.6,True,0.0,-99.70613471428572,32.45867642857143,-99.70613471428572,32.45867642857143
2023_all2030_dcfull_n1_ALL_2030,2023,all2030,full_tx,ALL_2030,all2030_dcfull_n1,transmission,upgrade_branch,transformer,AC,WEST,3097-3096,3097,3096,233.0,466.0,233.0,17.0,NEW,115.0,230.0,230.0,T6_heavy,2.0,Parallel Transformer 2x,90.4,130.9,960,72.0,True,0.0,-101.17026400000002,32.93510466666667,-101.17026400000002,32.93510466666667
2023_all2030_dcfull_n1_ALL_2030,2023,all2030,full_tx,ALL_2030,all2030_dcfull_n1,transmission,upgrade_branch,transformer,AC,WEST,3097-3096,3097,3096,233.0,466.0,233.0,17.0,NEW,115.0,230.0,230.0,T6_heavy,2.0,Parallel Transformer 2x,90.4,130.9,959,72.0,True,0.0,-101.17026400000002,32.93510466666667,-101.17026400000002,32.93510466666667
2023_all2030_dcfull_n1_ALL_2030,2023,all2030,full_tx,ALL_2030,all2030_dcfull_n1,transmission,upgrade_branch,transformer,AC,HOUSTON,7421-7420,7421,7420,161.4,322.8,161.4,17.0,NEW,115.0,230.0,230.0,T6_heavy,2.0,Parallel Transformer 2x,107.2,147.4,4337,96.1,True,0.0,-95.698237,30.1865575,-95.698237,30.1865575
2023_all2030_dcfull_n1_ALL_2030,2023,all2030,full_tx,ALL_2030,all2030_dcfull_n1,transmission,upgrade_branch,transformer,AC,HOUSTON,7421-7420,7421,7420,161.4,322.8,161.4,17.0,NEW,115.0,230.0,230.0,T6_heavy,2.0,Parallel Transformer 2x,107.2,147.4,4336,96.1,True,0.0,-95.698237,30.1865575,-95.698237,30.1865575
2023_all2030_dcfull_n1_ALL_2030,2023,all2030,full_tx,ALL_2030,all2030_dcfull_n1,transmission,upgrade_branch,transformer,AC,WEST,12897-12898,12897,12898,700.0,1400.0,700.0,17.0,NEW,115.0,230.0,230.0,T6_heavy,2.0,Parallel Transformer 2x,92.9,140.5,4800,79.4,True,0.0,-100.94008825,32.806441125,-100.94008825,32.806441125
2023_all2030_dcfull_n1_ALL_2030,2023,all2030,full_tx,ALL_2030,all2030_dcfull_n1,transmission,upgrade_branch,line,AC,NORTH,5337-5197,5337,5197,187.0,261.8,74.8,16.934,NEW,161.0,161.0,161.0,T4_light,1.4,Reconductor(ACSR->ACSS),39.8,100.9,2031,53.9,True,12.4,-98.244763,33.097641,-98.3737215,33.2411135
2023_all2030_dcfull_n1_ALL_2030,2023,all2030,full_tx,ALL_2030,all2030_dcfull_n1,transmission,upgrade_branch,line,AC,NORTH,5205-5153,5205,5153,409.0,572.6,163.6,16.725,NEW,161.0,161.0,161.0,T4_light,1.4,Reconductor(ACSR->ACSS),48.7,102.0,2173,65.6,True,12.3,-97.93385,33.07965,-97.723422,33.098727
2023_all2030_dcfull_n1_ALL_2030,2023,all2030,full_tx,ALL_2030,all2030_dcfull_n1,transmission,upgrade_branch,line,AC,NORTH,5205-5153,5205,5153,409.0,572.6,163.6,16.725,NEW,161.0,161.0,161.0,T4_light,1.4,Reconductor(ACSR->ACSS),48.7,102.0,2173,65.6,True,12.3,-97.93385,33.07965,-97.723422,33.098727
2023_all2030_dcfull_n1_ALL_2030,2023,all2030,full_tx,ALL_2030,all2030_dcfull_n1,transmission,upgrade_branch,line,AC,SOUTH,6232-6194,6232,6194,221.0,309.4,88.4,16.102,NEW,115.0,115.0,115.0,T4_light,1.4,Reconductor(ACSR->ACSS),83.4,100.9,2725,73.0,True,14.6,-97.607312,30.150985,-97.77508287179488,30.30416587179487
2023_all2030_dcfull_n1_ALL_2030,2023,all2030,full_tx,ALL_2030,all2030_dcfull_n1,transmission,upgrade_branch,transformer,AC,NORTH,13017-2068,13017,2068,286.4,859.2,572.8,16.0,NEW,20.0,161.0,161.0,T7_structural,3.0,Major Transformer 3x,349.9,350.0,3629,116.8,False,0.0,-98.360833,33.509722,-98.360833,33.509722
2023_all2030_dcfull_n1_ALL_2030,2023,all2030,full_tx,ALL_2030,all2030_dcfull_n1,transmission,upgrade_branch,transformer,AC,NORTH,2071-2070,2071,2070,251.1,753.3,502.2,16.0,NEW,18.0,161.0,161.0,T7_structural,3.0,Major Transformer 3x,315.0,315.0,3629,105.0,False,0.0,-98.540972,33.494167000000004,-98.540972,33.494167000000004
2023_all2030_dcfull_n1_ALL_2030,2023,all2030,full_tx,ALL_2030,all2030_dcfull_n1,transmission,upgrade_branch,transformer,AC,NORTH,2089-2088,2089,2088,93.5,280.5,187.0,16.0,NEW,24.0,161.0,161.0,T7_structural,3.0,Major Transformer 3x,355.2,355.2,-1,118.4,False,0.0,-98.540972,33.494167000000004,-98.540972,33.494167000000004
2023_all2030_dcfull_n1_ALL_2030,2023,all2030,full_tx,ALL_2030,all2030_dcfull_n1,transmission,upgrade_branch,line,AC,NORTH,5259-5412,5259,5412,324.0,567.0,243.0,15.173,NEW,161.0,161.0,161.0,T5_moderate,1.75,HTLS Reconductor,73.1,111.9,2286,66.4,True,6.1,-96.452481,33.068055,-96.534936,33.012135
2023_all2030_dcfull_n1_ALL_2030,2023,all2030,full_tx,ALL_2030,all2030_dcfull_n1,transmission,upgrade_branch,line,AC,NORTH,5259-5412,5259,5412,311.0,544.2,233.2,15.173,NEW,161.0,161.0,161.0,T5_moderate,1.75,HTLS Reconductor,69.1,111.8,2285,66.0,True,6.1,-96.452481,33.068055,-96.534936,33.012135
2023_all2030_dcfull_n1_ALL_2030,2023,all2030,full_tx,ALL_2030,all2030_dcfull_n1,transmission,upgrade_branch,line,AC,NORTH,5277-5315,5277,5315,219.0,306.6,87.6,14.972,NEW,161.0,161.0,161.0,T4_light,1.4,Reconductor(ACSR->ACSS),76.9,109.4,2325,80.1,True,11.0,-96.950551,33.176495,-97.13581333333332,33.210620166666665
2023_all2030_dcfull_n1_ALL_2030,2023,all2030,full_tx,ALL_2030,all2030_dcfull_n1,transmission,upgrade_branch,line,AC,NORTH,5277-5315,5277,5315,219.0,306.6,87.6,14.972,NEW,161.0,161.0,161.0,T4_light,1.4,Reconductor(ACSR->ACSS),76.9,109.4,2324,80.1,True,11.0,-96.950551,33.176495,-97.13581333333332,33.210620166666665
2023_all2030_dcfull_n1_ALL_2030,2023,all2030,full_tx,ALL_2030,all2030_dcfull_n1,transmission,upgrade_branch,line,AC,HOUSTON,7364-7299,7364,7299,98.0,137.2,39.2,14.569,NEW,115.0,115.0,115.0,T4_light,1.4,Reconductor(ACSR->ACSS),84.7,101.0,4168,70.8,True,13.2,-96.218695,29.522218,-96.384508,29.397447
2023_all2030_dcfull_n1_ALL_2030,2023,all2030,full_tx,ALL_2030,all2030_dcfull_n1,transmission,upgrade_branch,line,AC,NORTH,5171-5174,5171,5174,251.0,351.4,100.4,14.567,NEW,161.0,161.0,161.0,T4_light,1.4,Reconductor(ACSR->ACSS),91.8,109.1,4713,73.2,True,10.7,-96.91458,32.043976,-96.8751,31.8932
2023_all2030_dcfull_n1_ALL_2030,2023,all2030,full_tx,ALL_2030,all2030_dcfull_n1,transmission,upgrade_branch,line,AC,NORTH,5217-5433,5217,5433,279.0,390.6,111.6,14.255,NEW,161.0,161.0,161.0,T4_light,1.4,Reconductor(ACSR->ACSS),88.9,109.9,2402,69.1,True,10.4,-97.2168395,32.863300499999994,-97.34008506896552,32.753233586206896
2023_all2030_dcfull_n1_ALL_2030,2023,all2030,full_tx,ALL_2030,all2030_dcfull_n1,transmission,upgrade_branch,line,AC,NORTH,2129-2033,2129,2033,338.0,473.2,135.2,14.208,NEW,161.0,161.0,161.0,T4_light,1.4,Reconductor(ACSR->ACSS),61.8,101.5,490,72.3,True,10.4,-96.311485,33.439125,-96.146489,33.500378
2023_all2030_dcfull_n1_ALL_2030,2023,all2030,full_tx,ALL_2030,all2030_dcfull_n1,transmission,upgrade_branch,line,AC,HOUSTON,7235-7315,7235,7315,221.0,309.4,88.4,14.04,NEW,115.0,115.0,115.0,T4_light,1.4,Reconductor(ACSR->ACSS),62.9,107.7,4022,71.2,True,12.7,-95.708537,29.9660525,-95.7842315,29.79427175
2023_all2030_dcfull_n1_ALL_2030,2023,all2030,full_tx,ALL_2030,all2030_dcfull_n1,transmission,upgrade_branch,line,AC,HOUSTON,7235-7315,7235,7315,221.0,309.4,88.4,14.04,NEW,115.0,115.0,115.0,T4_light,1.4,Reconductor(ACSR->ACSS),62.9,107.7,4021,71.2,True,12.7,-95.708537,29.9660525,-95.7842315,29.79427175
2023_all2030_dcfull_n1_ALL_2030,2023,all2030,full_tx,ALL_2030,all2030_dcfull_n1,transmission,upgrade_branch,line,AC,HOUSTON,7050-7251,7050,7251,132.5,185.5,53.0,13.878,NEW,115.0,115.0,115.0,T4_light,1.4,Reconductor(ACSR->ACSS),72.6,109.2,3307,68.7,True,12.6,-95.698237,30.1865575,-95.833733,30.047619
2023_all2030_dcfull_n1_ALL_2030,2023,all2030,full_tx,ALL_2030,all2030_dcfull_n1,transmission,upgrade_branch,line,AC,NORTH,5258-5178,5258,5178,187.0,261.8,74.8,13.856,NEW,161.0,161.0,161.0,T4_light,1.4,Reconductor(ACSR->ACSS),84.5,109.0,2101,67.9,True,10.2,-96.4916,32.7563,-96.4445225,32.897791
2023_all2030_dcfull_n1_ALL_2030,2023,all2030,full_tx,ALL_2030,all2030_dcfull_n1,transmission,upgrade_branch,line,AC,NORTH,5277-5095,5277,5095,301.0,526.8,225.8,13.748,NEW,161.0,161.0,161.0,T5_moderate,1.75,HTLS Reconductor,78.3,121.6,2557,71.9,True,5.6,-96.950551,33.176495,-97.005469,33.110351
2023_all2030_dcfull_n1_ALL_2030,2023,all2030,full_tx,ALL_2030,all2030_dcfull_n1,transmission,upgrade_branch,line,AC,NORTH,5088-5393,5088,5393,251.0,351.4,100.4,13.705,NEW,161.0,161.0,161.0,T4_light,1.4,Reconductor(ACSR->ACSS),20.1,107.9,1835,60.0,True,10.0,-97.46203133333334,31.819786000000004,-97.374883,31.694792
2023_all2030_dcfull_n1_ALL_2030,2023,all2030,full_tx,ALL_2030,all2030_dcfull_n1,transmission,upgrade_branch,line,AC,WEST,1055-1089,1055,1089,98.0,137.2,39.2,13.687,NEW,115.0,115.0,115.0,T4_light,1.4,Reconductor(ACSR->ACSS),54.6,104.7,13,63.1,True,12.4,-101.764414,32.92701,-101.83586283333334,32.75809566666667
2023_all2030_dcfull_n1_ALL_2030,2023,all2030,full_tx,ALL_2030,all2030_dcfull_n1,transmission,upgrade_branch,line,AC,NORTH,5091-5257,5091,5257,251.0,351.4,100.4,13.559,NEW,161.0,161.0,161.0,T4_light,1.4,Reconductor(ACSR->ACSS),89.3,106.6,4713,71.3,True,9.9,-96.807932,32.038687,-96.85118,32.177712
2023_all2030_dcfull_n1_ALL_2030,2023,all2030,full_tx,ALL_2030,all2030_dcfull_n1,transmission,upgrade_branch,line,AC,NORTH,5253-5370,5253,5370,397.0,694.8,297.8,13.433,NEW,161.0,161.0,161.0,T5_moderate,1.75,HTLS Reconductor,66.9,119.1,2275,72.8,True,5.4,-97.092488,33.0338,-97.0124115,33.07492
2023_all2030_dcfull_n1_ALL_2030,2023,all2030,full_tx,ALL_2030,all2030_dcfull_n1,transmission,upgrade_branch,line,AC,NORTH,5370-5253,5370,5253,397.0,694.8,297.8,13.433,NEW,161.0,161.0,161.0,T5_moderate,1.75,HTLS Reconductor,66.9,119.1,2274,72.8,True,5.4,-97.0124115,33.07492,-97.092488,33.0338
2023_all2030_dcfull_n1_ALL_2030,2023,all2030,full_tx,ALL_2030,all2030_dcfull_n1,transmission,upgrade_branch,line,AC,NORTH,8121-8055,8121,8055,98.0,137.2,39.2,13.243,NEW,115.0,115.0,115.0,T4_light,1.4,Reconductor(ACSR->ACSS),14.4,107.0,4589,65.3,True,12.0,-95.123407,31.9424935,-95.19267,31.779325
2023_all2030_dcfull_n1_ALL_2030,2023,all2030,full_tx,ALL_2030,all2030_dcfull_n1,transmission,upgrade_branch,line,AC,WEST,3083-3099,3083,3099,137.8,192.9,55.1,12.429,NEW,115.0,115.0,115.0,T4_light,1.4,Reconductor(ACSR->ACSS),89.8,104.1,968,71.6,True,11.2,-100.09043266666669,32.36779933333333,-99.90623,32.415823
2023_all2030_dcfull_n1_ALL_2030,2023,all2030,full_tx,ALL_2030,all2030_dcfull_n1,transmission,upgrade_branch,line,AC,NORTH,5256-5427,5256,5427,251.0,351.4,100.4,12.183,NEW,161.0,161.0,161.0,T4_light,1.4,Reconductor(ACSR->ACSS),69.2,107.6,2183,73.3,True,8.9,-96.842324,32.237512,-96.8502335,32.366515
2023_all2030_dcfull_n1_ALL_2030,2023,all2030,full_tx,ALL_2030,all2030_dcfull_n1,transmission,upgrade_branch,transformer,AC,WEST,3056-3053,3056,3053,277.1,484.9,207.8,11.5,NEW,13.8,230.0,230.0,T5_moderate,1.75,Transformer Replace 1.75x,117.2,117.2,186,67.0,True,0.0,-100.1097475,32.1590745,-100.1097475,32.1590745
2023_all2030_dcfull_n1_ALL_2030,2023,all2030,full_tx,ALL_2030,all2030_dcfull_n1,transmission,upgrade_branch,transformer,AC,WEST,3092-3088,3092,3088,234.7,410.7,176.0,11.5,NEW,13.8,230.0,230.0,T5_moderate,1.75,Transformer Replace 1.75x,114.1,114.1,2582,65.2,True,0.0,-99.70613471428572,32.45867642857143,-99.70613471428572,32.45867642857143
2023_all2030_dcfull_n1_ALL_2030,2023,all2030,full_tx,ALL_2030,all2030_dcfull_n1,transmission,upgrade_branch,transformer,AC,NORTH,5396-5395,5396,5395,320.0,560.0,240.0,11.5,NEW,161.0,230.0,230.0,T5_moderate,1.75,Transformer Replace 1.75x,0.6,115.3,1742,64.1,True,0.0,-99.33232,32.77921550000001,-99.33232,32.77921550000001
2023_all2030_dcfull_n1_ALL_2030,2023,all2030,full_tx,ALL_2030,all2030_dcfull_n1,transmission,upgrade_branch,transformer,AC,SOUTH,6256-6255,6256,6255,300.0,525.0,225.0,11.5,NEW,115.0,230.0,230.0,T5_moderate,1.75,Transformer Replace 1.75x,91.3,111.6,2725,97.9,True,0.0,-97.77508287179488,30.30416587179487,-97.77508287179488,30.30416587179487
2023_all2030_dcfull_n1_ALL_2030,2023,all2030,full_tx,ALL_2030,all2030_dcfull_n1,transmission,upgrade_branch,transformer,AC,SOUTH,6256-6255,6256,6255,300.0,525.0,225.0,11.5,NEW,115.0,230.0,230.0,T5_moderate,1.75,Transformer Replace 1.75x,91.3,111.6,2725,97.9,True,0.0,-97.77508287179488,30.30416587179487,-97.77508287179488,30.30416587179487
2023_all2030_dcfull_n1_ALL_2030,2023,all2030,full_tx,ALL_2030,all2030_dcfull_n1,transmission,upgrade_branch,transformer,AC,SOUTH,6344-6343,6344,6343,400.0,700.0,300.0,11.5,NEW,115.0,230.0,230.0,T5_moderate,1.75,Transformer Replace 1.75x,79.7,119.0,3258,76.9,True,0.0,-97.677175,30.5341255,-97.677175,30.5341255
2023_all2030_dcfull_n1_ALL_2030,2023,all2030,full_tx,ALL_2030,all2030_dcfull_n1,transmission,upgrade_branch,transformer,AC,SOUTH,6344-6343,6344,6343,400.0,700.0,300.0,11.5,NEW,115.0,230.0,230.0,T5_moderate,1.75,Transformer Replace 1.75x,79.7,119.0,3257,76.9,True,0.0,-97.677175,30.5341255,-97.677175,30.5341255
2023_all2030_dcfull_n1_ALL_2030,2023,all2030,full_tx,ALL_2030,all2030_dcfull_n1,transmission,upgrade_branch,transformer,AC,NORTH,8114-8113,8114,8113,190.0,332.5,142.5,11.5,NEW,115.0,230.0,230.0,T5_moderate,1.75,Transformer Replace 1.75x,75.9,114.7,4474,58.1,True,0.0,-95.123407,31.9424935,-95.123407,31.9424935
2023_all2030_dcfull_n1_ALL_2030,2023,all2030,full_tx,ALL_2030,all2030_dcfull_n1,transmission,upgrade_branch,line,AC,NORTH,5044-5153,5044,5153,600.0,840.0,240.0,11.331,NEW,161.0,161.0,161.0,T4_light,1.4,Reconductor(ACSR->ACSS),71.1,106.1,1692,65.3,True,8.3,-97.597083,33.041942,-97.723422,33.098727
2023_all2030_dcfull_n1_ALL_2030,2023,all2030,full_tx,ALL_2030,all2030_dcfull_n1,transmission,upgrade_branch,line,AC,NORTH,5044-5153,5044,5153,600.0,840.0,240.0,11.331,NEW,161.0,161.0,161.0,T4_light,1.4,Reconductor(ACSR->ACSS),71.1,106.1,1691,65.3,True,8.3,-97.597083,33.041942,-97.723422,33.098727
2023_all2030_dcfull_n1_ALL_2030,2023,all2030,full_tx,ALL_2030,all2030_dcfull_n1,transmission,upgrade_branch,line,AC,WEST,3128-3129,3128,3129,136.0,190.4,54.4,11.304,NEW,115.0,115.0,115.0,T4_light,1.4,Reconductor(ACSR->ACSS),64.1,108.8,805,86.8,True,10.2,-100.727898,32.421184499999995,-100.56760671428572,32.36118885714286
2023_all2030_dcfull_n1_ALL_2030,2023,all2030,full_tx,ALL_2030,all2030_dcfull_n1,transmission,upgrade_branch,line,AC,SOUTH,4048-4164,4048,4164,192.1,268.9,76.8,11.247,NEW,115.0,115.0,115.0,T4_light,1.4,Reconductor(ACSR->ACSS),72.1,100.8,1257,71.9,True,10.2,-98.494493,26.242813,-98.654824,26.274827
2023_all2030_dcfull_n1_ALL_2030,2023,all2030,full_tx,ALL_2030,all2030_dcfull_n1,transmission,upgrade_branch,line,AC,SOUTH,4048-4164,4048,4164,192.1,268.9,76.8,11.247,NEW,115.0,115.0,115.0,T4_light,1.4,Reconductor(ACSR->ACSS),72.1,100.8,1256,71.9,True,10.2,-98.494493,26.242813,-98.654824,26.274827
2023_all2030_dcfull_n1_ALL_2030,2023,all2030,full_tx,ALL_2030,all2030_dcfull_n1,transmission,upgrade_branch,line,AC,SOUTH,4048-4164,4048,4164,192.1,268.9,76.8,11.247,NEW,115.0,115.0,115.0,T4_light,1.4,Reconductor(ACSR->ACSS),72.1,100.8,1256,71.9,True,10.2,-98.494493,26.242813,-98.654824,26.274827
2023_all2030_dcfull_n1_ALL_2030,2023,all2030,full_tx,ALL_2030,all2030_dcfull_n1,transmission,upgrade_branch,transformer,AC,NORTH,5060-5059,5060,5059,151.0,302.0,151.0,11.0,NEW,115.0,161.0,161.0,T6_heavy,2.0,Parallel Transformer 2x,77.1,131.2,1747,90.5,True,0.0,-96.092445,32.357217500000004,-96.092445,32.357217500000004
2023_all2030_dcfull_n1_ALL_2030,2023,all2030,full_tx,ALL_2030,all2030_dcfull_n1,transmission,upgrade_branch,transformer,AC,NORTH,12968-8065,12968,8065,240.9,722.7,481.8,11.0,NEW,20.0,115.0,115.0,T7_structural,3.0,Major Transformer 3x,152.1,152.1,-1,50.7,True,0.0,-96.1482745,32.142643,-96.1482745,32.142643
2023_all2030_dcfull_n1_ALL_2030,2023,all2030,full_tx,ALL_2030,all2030_dcfull_n1,transmission,upgrade_branch,transformer,AC,NORTH,12969-8065,12969,8065,99.1,297.3,198.2,11.0,NEW,20.0,115.0,115.0,T7_structural,3.0,Major Transformer 3x,186.0,186.0,3629,62.0,True,0.0,-96.1482745,32.142643,-96.1482745,32.142643
2023_all2030_dcfull_n1_ALL_2030,2023,all2030,full_tx,ALL_2030,all2030_dcfull_n1,transmission,upgrade_branch,line,AC,SOUTH,6232-6294,6232,6294,221.0,386.8,165.8,10.725,NEW,115.0,115.0,115.0,T5_moderate,1.75,HTLS Reconductor,67.9,124.7,3158,72.0,True,5.5,-97.607312,30.150985,-97.522552,30.119949
2023_all2030_dcfull_n1_ALL_2030,2023,all2030,full_tx,ALL_2030,all2030_dcfull_n1,transmission,upgrade_branch,line,AC,SOUTH,6232-6294,6232,6294,221.0,386.8,165.8,10.725,NEW,115.0,115.0,115.0,T5_moderate,1.75,HTLS Reconductor,67.9,124.7,3157,72.0,True,5.5,-97.607312,30.150985,-97.522552,30.119949
2023_all2030_dcfull_n1_ALL_2030,2023,all2030,full_tx,ALL_2030,all2030_dcfull_n1,transmission,upgrade_branch,line,AC,WEST,3006-3049,3006,3049,149.0,208.6,59.6,10.718,NEW,115.0,115.0,115.0,T4_light,1.4,Reconductor(ACSR->ACSS),53.4,101.8,695,74.2,True,9.7,-100.0652435,32.819086,-99.8991875,32.803981
2023_all2030_dcfull_n1_ALL_2030,2023,all2030,full_tx,ALL_2030,all2030_dcfull_n1,transmission,upgrade_branch,line,AC,SOUTH,4139-4144,4139,4144,143.0,200.2,57.2,10.469,NEW,115.0,115.0,115.0,T4_light,1.4,Reconductor(ACSR->ACSS),51.7,108.6,1444,77.5,True,9.5,-97.962915,28.093161,-98.060187,27.986244
2023_all2030_dcfull_n1_ALL_2030,2023,all2030,full_tx,ALL_2030,all2030_dcfull_n1,transmission,upgrade_branch,line,AC,NORTH,5257-5256,5257,5256,251.0,439.2,188.2,10.285,NEW,161.0,161.0,161.0,T5_moderate,1.75,HTLS Reconductor,86.8,119.0,2440,61.0,True,4.2,-96.85118,32.177712,-96.842324,32.237512
2023_all2030_dcfull_n1_ALL_2030,2023,all2030,full_tx,ALL_2030,all2030_dcfull_n1,transmission,upgrade_branch,line,AC,WEST,1003-1055,1003,1055,98.0,137.2,39.2,9.691,NEW,115.0,115.0,115.0,T4_light,1.4,Reconductor(ACSR->ACSS),58.6,108.7,13,66.0,True,8.8,-101.6131975,32.9277015,-101.764414,32.92701
2023_all2030_dcfull_n1_ALL_2030,2023,all2030,full_tx,ALL_2030,all2030_dcfull_n1,transmission,upgrade_branch,line,AC,SOUTH,6180-6125,6180,6125,149.0,260.8,111.8,9.658,NEW,115.0,115.0,115.0,T5_moderate,1.75,HTLS Reconductor,70.6,116.6,3175,67.6,True,5.0,-98.10703,29.350393,-98.057016,29.293499
2023_all2030_dcfull_n1_ALL_2030,2023,all2030,full_tx,ALL_2030,all2030_dcfull_n1,transmission,upgrade_branch,line,AC,NORTH,5341-5095,5341,5095,265.0,583.0,318.0,9.353,NEW,161.0,161.0,161.0,T6_heavy,2.2,New Parallel Circuit,76.8,125.9,2557,59.4,True,2.5,-97.0124115,33.07492,-97.005469,33.110351
2023_all2030_dcfull_n1_ALL_2030,2023,all2030,full_tx,ALL_2030,all2030_dcfull_n1,transmission,upgrade_branch,line,AC,SOUTH,6264-4125,6264,4125,333.0,466.2,133.2,9.327,NEW,115.0,115.0,115.0,T4_light,1.4,Reconductor(ACSR->ACSS),22.4,107.1,3197,80.5,True,8.4,-97.894958,28.733411,-97.8308125,28.6249795
2023_all2030_dcfull_n1_ALL_2030,2023,all2030,full_tx,ALL_2030,all2030_dcfull_n1,transmission,upgrade_branch,line,AC,NORTH,5163-5132,5163,5132,251.0,351.4,100.4,8.744,NEW,161.0,161.0,161.0,T4_light,1.4,Reconductor(ACSR->ACSS),71.3,106.0,2519,73.0,True,6.4,-97.604369,31.075955,-97.499909,31.051688
2023_all2030_dcfull_n1_ALL_2030,2023,all2030,full_tx,ALL_2030,all2030_dcfull_n1,transmission,upgrade_branch,line,AC,NORTH,5171-5091,5171,5091,251.0,351.4,100.4,8.541,NEW,161.0,161.0,161.0,T4_light,1.4,Reconductor(ACSR->ACSS),91.4,108.7,4713,72.9,True,6.3,-96.91458,32.043976,-96.807932,32.038687
2023_all2030_dcfull_n1_ALL_2030,2023,all2030,full_tx,ALL_2030,all2030_dcfull_n1,transmission,upgrade_branch,line,AC,NORTH,5010-5357,5010,5357,220.0,308.0,88.0,8.151,NEW,161.0,161.0,161.0,T4_light,1.4,Reconductor(ACSR->ACSS),4.2,102.9,1805,76.3,True,6.0,-96.73076228571428,33.04730142857143,-96.6508655,33.101957
2023_all2030_dcfull_n1_ALL_2030,2023,all2030,full_tx,ALL_2030,all2030_dcfull_n1,transmission,upgrade_branch,transformer,AC,SOUTH,6058-6057,6058,6057,328.0,492.0,164.0,8.0,NEW,115.0,230.0,230.0,T4_light,1.5,Transformer Replace 1.5x,62.0,101.0,2767,75.2,True,0.0,-98.08352933333332,29.745433666666667,-98.08352933333332,29.745433666666667
2023_all2030_dcfull_n1_ALL_2030,2023,all2030,full_tx,ALL_2030,all2030_dcfull_n1,transmission,upgrade_branch,transformer,AC,SOUTH,6058-6057,6058,6057,328.0,492.0,164.0,8.0,NEW,115.0,230.0,230.0,T4_light,1.5,Transformer Replace 1.5x,62.0,101.0,2766,75.2,True,0.0,-98.08352933333332,29.745433666666667,-98.08352933333332,29.745433666666667
2023_all2030_dcfull_n1_ALL_2030,2023,all2030,full_tx,ALL_2030,all2030_dcfull_n1,transmission,upgrade_branch,transformer,AC,SOUTH,6178-6177,6178,6177,172.8,259.2,86.4,8.0,NEW,115.0,230.0,230.0,T4_light,1.5,Transformer Replace 1.5x,66.9,100.2,3051,78.3,True,0.0,-98.5093816037736,29.474642000000003,-98.5093816037736,29.474642000000003
2023_all2030_dcfull_n1_ALL_2030,2023,all2030,full_tx,ALL_2030,all2030_dcfull_n1,transmission,upgrade_branch,transformer,AC,SOUTH,6178-6177,6178,6177,172.8,259.2,86.4,8.0,NEW,115.0,230.0,230.0,T4_light,1.5,Transformer Replace 1.5x,66.9,100.2,3050,78.3,True,0.0,-98.5093816037736,29.474642000000003,-98.5093816037736,29.474642000000003
2023_all2030_dcfull_n1_ALL_2030,2023,all2030,full_tx,ALL_2030,all2030_dcfull_n1,transmission,upgrade_branch,transformer,AC,SOUTH,6264-6263,6264,6263,292.0,438.0,146.0,8.0,NEW,115.0,230.0,230.0,T4_light,1.5,Transformer Replace 1.5x,12.6,109.2,3197,77.0,True,0.0,-97.894958,28.733411,-97.894958,28.733411
2023_all2030_dcfull_n1_ALL_2030,2023,all2030,full_tx,ALL_2030,all2030_dcfull_n1,transmission,upgrade_branch,transformer,AC,SOUTH,6294-6293,6294,6293,335.0,502.5,167.5,8.0,NEW,115.0,230.0,230.0,T4_light,1.5,Transformer Replace 1.5x,60.5,105.0,3227,74.4,True,0.0,-97.522552,30.119949,-97.522552,30.119949
2023_all2030_dcfull_n1_ALL_2030,2023,all2030,full_tx,ALL_2030,all2030_dcfull_n1,transmission,upgrade_branch,transformer,AC,SOUTH,6294-6293,6294,6293,335.0,502.5,167.5,8.0,NEW,115.0,230.0,230.0,T4_light,1.5,Transformer Replace 1.5x,60.5,105.0,3226,74.4,True,0.0,-97.522552,30.119949,-97.522552,30.119949
2023_all2030_dcfull_n1_ALL_2030,2023,all2030,full_tx,ALL_2030,all2030_dcfull_n1,transmission,upgrade_branch,transformer,AC,SOUTH,6309-6308,6309,6308,122.4,183.6,61.2,8.0,NEW,115.0,230.0,230.0,T4_light,1.5,Transformer Replace 1.5x,43.8,100.4,3121,65.4,True,0.0,-99.141134,29.427375,-99.141134,29.427375
2023_all2030_dcfull_n1_ALL_2030,2023,all2030,full_tx,ALL_2030,all2030_dcfull_n1,transmission,upgrade_branch,transformer,AC,SOUTH,6309-6308,6309,6308,122.4,183.6,61.2,8.0,NEW,115.0,230.0,230.0,T4_light,1.5,Transformer Replace 1.5x,43.8,100.4,3121,65.4,True,0.0,-99.141134,29.427375,-99.141134,29.427375
2023_all2030_dcfull_n1_ALL_2030,2023,all2030,full_tx,ALL_2030,all2030_dcfull_n1,transmission,upgrade_branch,transformer,AC,SOUTH,6322-6321,6322,6321,249.0,373.5,124.5,8.0,NEW,115.0,230.0,230.0,T4_light,1.5,Transformer Replace 1.5x,58.2,105.3,3175,73.2,True,0.0,-98.080406,29.073446,-98.080406,29.073446
2023_all2030_dcfull_n1_ALL_2030,2023,all2030,full_tx,ALL_2030,all2030_dcfull_n1,transmission,upgrade_branch,transformer,AC,SOUTH,6355-6354,6355,6354,193.8,290.7,96.9,8.0,NEW,115.0,230.0,230.0,T4_light,1.5,Transformer Replace 1.5x,77.2,108.8,3270,73.7,True,0.0,-97.677175,30.5341255,-97.677175,30.5341255
2023_all2030_dcfull_n1_ALL_2030,2023,all2030,full_tx,ALL_2030,all2030_dcfull_n1,transmission,upgrade_branch,transformer,AC,SOUTH,6355-6354,6355,6354,193.8,290.7,96.9,8.0,NEW,115.0,230.0,230.0,T4_light,1.5,Transformer Replace 1.5x,77.2,108.8,3269,73.7,True,0.0,-97.677175,30.5341255,-97.677175,30.5341255
2023_all2030_dcfull_n1_ALL_2030,2023,all2030,full_tx,ALL_2030,all2030_dcfull_n1,transmission,upgrade_branch,transformer,AC,HOUSTON,7049-7048,7049,7048,466.0,699.0,233.0,8.0,NEW,115.0,230.0,230.0,T4_light,1.5,Transformer Replace 1.5x,74.6,100.8,3432,85.7,True,0.0,-95.7842315,29.79427175,-95.7842315,29.79427175
2023_all2030_dcfull_n1_ALL_2030,2023,all2030,full_tx,ALL_2030,all2030_dcfull_n1,transmission,upgrade_branch,transformer,AC,HOUSTON,7049-7048,7049,7048,466.0,699.0,233.0,8.0,NEW,115.0,230.0,230.0,T4_light,1.5,Transformer Replace 1.5x,74.6,100.8,3431,85.7,True,0.0,-95.7842315,29.79427175,-95.7842315,29.79427175
2023_all2030_dcfull_n1_ALL_2030,2023,all2030,full_tx,ALL_2030,all2030_dcfull_n1,transmission,upgrade_branch,transformer,AC,WEST,12666-12664,12666,12664,211.7,317.5,105.8,8.0,NEW,20.0,230.0,230.0,T4_light,1.5,Transformer Replace 1.5x,102.9,102.9,70,68.9,True,0.0,-100.94008825,32.806441125,-100.94008825,32.806441125
2023_all2030_dcfull_n1_ALL_2030,2023,all2030,full_tx,ALL_2030,all2030_dcfull_n1,transmission,upgrade_branch,transformer,AC,WEST,12899-12898,12899,12898,342.2,513.3,171.1,8.0,NEW,20.0,230.0,230.0,T4_light,1.5,Transformer Replace 1.5x,100.6,100.7,3629,67.3,True,0.0,-100.94008825,32.806441125,-100.94008825,32.806441125
2023_all2030_dcfull_n1_ALL_2030,2023,all2030,full_tx,ALL_2030,all2030_dcfull_n1,transmission,upgrade_branch,line,AC,NORTH,5307-5341,5307,5341,310.0,434.0,124.0,7.917,NEW,161.0,161.0,161.0,T4_light,1.4,Reconductor(ACSR->ACSS),58.2,102.7,2363,73.4,True,5.8,-96.912391,33.070292,-97.0124115,33.07492
2023_all2030_dcfull_n1_ALL_2030,2023,all2030,full_tx,ALL_2030,all2030_dcfull_n1,transmission,upgrade_branch,line,AC,NORTH,5307-5341,5307,5341,310.0,434.0,124.0,7.917,NEW,161.0,161.0,161.0,T4_light,1.4,Reconductor(ACSR->ACSS),58.2,102.7,2362,73.4,True,5.8,-96.912391,33.070292,-97.0124115,33.07492
2023_all2030_dcfull_n1_ALL_2030,2023,all2030,full_tx,ALL_2030,all2030_dcfull_n1,transmission,upgrade_branch,line,AC,NORTH,5373-5433,5373,5433,251.0,351.4,100.4,7.461,NEW,161.0,161.0,161.0,T4_light,1.4,Reconductor(ACSR->ACSS),85.2,109.3,2114,78.0,True,5.5,-97.267376,32.803436,-97.34008506896552,32.753233586206896
2023_all2030_dcfull_n1_ALL_2030,2023,all2030,full_tx,ALL_2030,all2030_dcfull_n1,transmission,upgrade_branch,transformer,AC,NORTH,2074-2073,2074,2073,164.0,287.0,123.0,7.0,NEW,115.0,161.0,161.0,T5_moderate,1.75,Transformer Replace 1.75x,64.8,123.0,761,68.0,True,0.0,-100.56428,32.96736,-100.56428,32.96736
2023_all2030_dcfull_n1_ALL_2030,2023,all2030,full_tx,ALL_2030,all2030_dcfull_n1,transmission,upgrade_branch,line,AC,NORTH,5245-5339,5245,5339,187.0,261.8,74.8,6.896,NEW,161.0,161.0,161.0,T4_light,1.4,Reconductor(ACSR->ACSS),41.4,107.0,2256,72.5,True,5.1,-97.071545,32.925765,-97.148582,32.959922
2023_all2030_dcfull_n1_ALL_2030,2023,all2030,full_tx,ALL_2030,all2030_dcfull_n1,transmission,upgrade_branch,line,AC,HOUSTON,7053-7348,7053,7348,253.0,354.2,101.2,6.687,NEW,115.0,115.0,115.0,T4_light,1.4,Reconductor(ACSR->ACSS),66.9,101.9,3467,72.8,True,6.1,-95.733244,29.47971475,-95.6326335,29.479039
2023_all2030_dcfull_n1_ALL_2030,2023,all2030,full_tx,ALL_2030,all2030_dcfull_n1,transmission,upgrade_branch,line,AC,NORTH,5093-5434,5093,5434,310.0,434.0,124.0,5.479,NEW,161.0,161.0,161.0,T4_light,1.4,Reconductor(ACSR->ACSS),57.8,100.8,1852,71.1,True,4.0,-97.377255,32.986624,-97.444409,33.00085
2023_all2030_dcfull_n1_ALL_2030,2023,all2030,full_tx,ALL_2030,all2030_dcfull_n1,transmission,upgrade_branch,line,AC,NORTH,5093-5434,5093,5434,310.0,434.0,124.0,5.479,NEW,161.0,161.0,161.0,T4_light,1.4,Reconductor(ACSR->ACSS),57.8,100.8,1851,71.1,True,4.0,-97.377255,32.986624,-97.444409,33.00085
2023_all2030_dcfull_n1_ALL_2030,2023,all2030,full_tx,ALL_2030,all2030_dcfull_n1,transmission,upgrade_branch,transformer,AC,NORTH,2131-2130,2131,2130,214.0,321.0,107.0,4.5,NEW,115.0,161.0,161.0,T4_light,1.5,Transformer Replace 1.5x,31.1,100.5,1742,83.9,True,0.0,-99.5687984,33.0957078,-99.5687984,33.0957078
2023_all2030_dcfull_n1_ALL_2030,2023,all2030,full_tx,ALL_2030,all2030_dcfull_n1,transmission,upgrade_branch,line,AC,HOUSTON,7233-7010,7233,7010,220.0,308.0,88.0,3.886,NEW,115.0,115.0,115.0,T4_light,1.4,Reconductor(ACSR->ACSS),88.8,102.3,4020,72.0,True,3.5,-95.932264,30.079593,-95.990493,30.086834
2023_all2030_dcfull_n1_ALL_2030,2023,all2030,full_tx,ALL_2030,all2030_dcfull_n1,transmission,upgrade_branch,transformer,AC,WEST,3095-3094,3095,3094,161.7,242.5,80.8,3.0,NEW,18.0,115.0,115.0,T4_light,1.5,Transformer Replace 1.5x,108.4,108.4,2877,72.8,True,0.0,-100.09043266666669,32.36779933333333,-100.09043266666669,32.36779933333333
2023_all2030_dcfull_n1_ALL_2030,2023,all2030,full_tx,ALL_2030,all2030_dcfull_n1,transmission,upgrade_branch,transformer,AC,WEST,13284-3131,13284,3131,161.6,242.4,80.8,3.0,NEW,20.0,115.0,115.0,T4_light,1.5,Transformer Replace 1.5x,102.5,102.5,2788,68.3,True,0.0,-100.021667,32.303889,-100.021667,32.303889
2023_all2030_dcfull_n1_ALL_2030,2023,all2030,full_tx,ALL_2030,all2030_dcfull_n1,transmission,upgrade_branch,transformer,AC,SOUTH,13049-4099,13049,4099,234.4,351.6,117.2,3.0,NEW,20.0,115.0,115.0,T4_light,1.5,Transformer Replace 1.5x,102.1,102.1,0,68.4,True,0.0,-97.743983,27.992706,-97.743983,27.992706
2023_all2030_dcfull_n1_ALL_2030,2023,all2030,full_tx,ALL_2030,all2030_dcfull_n1,transmission,upgrade_branch,transformer,AC,SOUTH,13327-6262,13327,6262,146.7,220.0,73.3,3.0,NEW,20.0,115.0,115.0,T4_light,1.5,Transformer Replace 1.5x,109.8,109.8,1548,73.5,True,0.0,-97.875708,30.748955,-97.875708,30.748955
2023_all2030_dcfull_n1_ALL_2030,2023,all2030,full_tx,ALL_2030,all2030_dcfull_n1,transmission,upgrade_branch,line,AC,HOUSTON,7090-7421,7090,7421,221.0,309.4,88.4,2.763,NEW,115.0,115.0,115.0,T4_light,1.4,Reconductor(ACSR->ACSS),56.6,102.3,3604,68.0,True,2.5,-95.669154,30.160534,-95.698237,30.1865575
2023_all2030_dcfull_n1_ALL_2030,2023,all2030,full_tx,ALL_2030,all2030_dcfull_n1,transmission,upgrade_branch,line,AC,HOUSTON,7090-7421,7090,7421,221.0,309.4,88.4,2.763,NEW,115.0,115.0,115.0,T4_light,1.4,Reconductor(ACSR->ACSS),56.6,102.3,3603,68.0,True,2.5,-95.669154,30.160534,-95.698237,30.1865575
2023_all2030_dcfull_n1_ALL_2030,2023,all2030,full_tx,ALL_2030,all2030_dcfull_n1,transmission,upgrade_branch,line,AC,SOUTH,6027-6116,6027,6116,130.0,325.0,195.0,0.7,NEW,115.0,115.0,115.0,T7_structural,2.5,New Corridor/Aggressive Parallel,104.6,207.4,2672,116.8,False,0.1,-97.35518,30.41432,-97.35701,30.41477
2023_all2030_dcfull_n1_ALL_2030,2023,all2030,full_tx,ALL_2030,all2030_dcfull_n1,transmission,upgrade_branch,line,AC,SOUTH,6027-6116,6027,6116,130.0,325.0,195.0,0.7,NEW,115.0,115.0,115.0,T7_structural,2.5,New Corridor/Aggressive Parallel,104.6,207.4,2671,116.8,False,0.1,-97.35518,30.41432,-97.35701,30.41477
