case_id,year,dc_scenario,mode,location,case,asset_type,powerworld_action,component,carrier,zone,name,from_bus,to_bus,base_mw,new_mw,added_mw,capex_musd,recover_mode,from_kv,to_kv,high_kV,tier,rate_factor,upgrade_type,loading_n0_pct,loading_wc_pct,wc_contingency_row,loading_after_wc_pct,cleared,distance_mile,from_lon,from_lat,to_lon,to_lat
2023_all2030_genstorage_dcfull_n1_ALL_2030,2023,all2030,expansion_tx,ALL_2030,all2030_genstorage_dcfull_n1,transmission,upgrade_branch,line,AC,WEST,13220-13222,13220,13222,157.2,393.0,235.8,641.756,ALL,115.0,115.0,115.0,T7_structural,2.5,New Corridor/Aggressive Parallel,153.4,222.6,5239,89.1,True,103.9,-100.938705,32.130795,-99.5687984,33.0957078
2023_all2030_genstorage_dcfull_n1_ALL_2030,2023,all2030,expansion_tx,ALL_2030,all2030_genstorage_dcfull_n1,transmission,upgrade_branch,line,AC,NORTH,12882-13209,12882,13209,473.0,827.8,354.8,568.97,ALL,161.0,161.0,161.0,T5_moderate,1.75,HTLS Reconductor,35.6,111.2,4909,54.6,True,230.4,-101.1794378,34.0282444,-98.1803245,31.84167
2023_all2030_genstorage_dcfull_n1_ALL_2030,2023,all2030,expansion_tx,ALL_2030,all2030_genstorage_dcfull_n1,transmission,upgrade_branch,line,AC,NORTH,13065-13209,13065,13209,547.0,957.2,410.2,568.97,ALL,161.0,161.0,161.0,T5_moderate,1.75,HTLS Reconductor,42.9,119.6,4909,56.2,True,230.4,-101.1794378,34.0282444,-98.1803245,31.84167
2023_all2030_genstorage_dcfull_n1_ALL_2030,2023,all2030,expansion_tx,ALL_2030,all2030_genstorage_dcfull_n1,transmission,upgrade_branch,line,AC,HOUSTON,7274-4181,7274,4181,443.0,1107.5,664.5,528.383,ALL,230.0,230.0,230.0,T7_structural,2.5,New Corridor/Aggressive Parallel,125.5,155.5,4322,99.1,True,58.1,-97.00621414285716,28.74651585714286,-97.351834,27.96312533333333
2023_all2030_genstorage_dcfull_n1_ALL_2030,2023,all2030,expansion_tx,ALL_2030,all2030_genstorage_dcfull_n1,transmission,upgrade_branch,line,AC,NORTH,12754-12945,12754,12945,256.5,641.2,384.8,476.201,ALL,161.0,161.0,161.0,T7_structural,2.5,New Corridor/Aggressive Parallel,484.2,488.5,3629,193.7,False,63.7,-99.695954,33.73925199999999,-100.4547365,34.413879
2023_all2030_genstorage_dcfull_n1_ALL_2030,2023,all2030,expansion_tx,ALL_2030,all2030_genstorage_dcfull_n1,transmission,upgrade_branch,line,AC,NORTH,2008-2052,2008,2052,187.0,467.5,280.5,417.207,ALL,161.0,161.0,161.0,T7_structural,2.5,New Corridor/Aggressive Parallel,77.8,163.6,407,72.5,True,55.8,-100.512868,34.857258,-101.35485071428572,35.27871242857143
2023_all2030_genstorage_dcfull_n1_ALL_2030,2023,all2030,expansion_tx,ALL_2030,all2030_genstorage_dcfull_n1,transmission,upgrade_branch,line,AC,SOUTH,4183-4080,4183,4080,820.0,1804.0,984.0,416.659,ALL,230.0,230.0,230.0,T6_heavy,2.2,New Parallel Circuit,99.9,127.2,4680,70.8,True,87.8,-97.6450875,26.4880805,-97.4230987368421,27.74350405263158
2023_all2030_genstorage_dcfull_n1_ALL_2030,2023,all2030,expansion_tx,ALL_2030,all2030_genstorage_dcfull_n1,transmission,upgrade_branch,line,AC,SOUTH,12566-7414,12566,7414,3995.0,6991.2,2996.2,407.752,ALL,500.0,500.0,500.0,T5_moderate,1.75,HTLS Reconductor,78.0,122.1,4323,66.7,True,73.8,-97.4230987368421,27.74350405263158,-97.00621414285716,28.74651585714286
2023_all2030_genstorage_dcfull_n1_ALL_2030,2023,all2030,expansion_tx,ALL_2030,all2030_genstorage_dcfull_n1,transmission,upgrade_branch,line,AC,SOUTH,12566-7414,12566,7414,3995.0,6991.2,2996.2,407.752,ALL,500.0,500.0,500.0,T5_moderate,1.75,HTLS Reconductor,78.0,122.1,4322,66.7,True,73.8,-97.4230987368421,27.74350405263158,-97.00621414285716,28.74651585714286
2023_all2030_genstorage_dcfull_n1_ALL_2030,2023,all2030,expansion_tx,ALL_2030,all2030_genstorage_dcfull_n1,transmission,upgrade_branch,line,AC,NORTH,2014-13085,2014,13085,220.0,550.0,330.0,374.7,ALL,161.0,161.0,161.0,T7_structural,2.5,New Corridor/Aggressive Parallel,147.2,295.4,434,108.9,False,50.1,-100.4547365,34.413879,-100.883227,33.781077
2023_all2030_genstorage_dcfull_n1_ALL_2030,2023,all2030,expansion_tx,ALL_2030,all2030_genstorage_dcfull_n1,transmission,upgrade_branch,line,AC,NORTH,2014-2029,2014,2029,187.0,467.5,280.5,337.154,ALL,161.0,161.0,161.0,T7_structural,2.5,New Corridor/Aggressive Parallel,312.1,455.2,405,194.1,False,45.1,-100.4547365,34.413879,-101.244172,34.371689
2023_all2030_genstorage_dcfull_n1_ALL_2030,2023,all2030,expansion_tx,ALL_2030,all2030_genstorage_dcfull_n1,transmission,upgrade_branch,line,AC,WEST,13140-13214,13140,13214,107.5,236.5,129.0,325.698,ALL,115.0,115.0,115.0,T6_heavy,2.2,New Parallel Circuit,119.5,143.6,5181,95.4,True,108.9,-100.938705,32.130795,-102.39869175,31.160862
2023_all2030_genstorage_dcfull_n1_ALL_2030,2023,all2030,expansion_tx,ALL_2030,all2030_genstorage_dcfull_n1,transmission,upgrade_branch,line,AC,SOUTH,6152-6287,6152,6287,435.3,1088.2,653.0,273.0,ALL,230.0,230.0,230.0,T7_structural,2.5,New Corridor/Aggressive Parallel,127.7,152.2,2985,74.7,True,0.0,-98.5093816037736,29.474642000000003,-98.5093816037736,29.474642000000003
2023_all2030_genstorage_dcfull_n1_ALL_2030,2023,all2030,expansion_tx,ALL_2030,all2030_genstorage_dcfull_n1,transmission,upgrade_branch,line,AC,NORTH,2058-2026,2058,2026,187.0,467.5,280.5,270.673,ALL,161.0,161.0,161.0,T7_structural,2.5,New Corridor/Aggressive Parallel,611.3,1414.8,471,565.9,False,36.2,-101.2439,35.4789,-100.765905,35.830763
2023_all2030_genstorage_dcfull_n1_ALL_2030,2023,all2030,expansion_tx,ALL_2030,all2030_genstorage_dcfull_n1,transmission,upgrade_branch,line,AC,NORTH,5101-13018,5101,13018,188.4,471.0,282.6,265.204,ALL,161.0,161.0,161.0,T7_structural,2.5,New Corridor/Aggressive Parallel,103.2,320.0,1697,110.3,False,35.5,-98.6525545,31.8568005,-98.187624,32.1858615
2023_all2030_genstorage_dcfull_n1_ALL_2030,2023,all2030,expansion_tx,ALL_2030,all2030_genstorage_dcfull_n1,transmission,upgrade_branch,line,AC,NORTH,5286-5231,5286,5231,187.0,467.5,280.5,257.286,ALL,161.0,161.0,161.0,T7_structural,2.5,New Corridor/Aggressive Parallel,86.6,224.3,1697,84.9,True,34.4,-98.4123355,32.20698,-98.213739,31.738177
2023_all2030_genstorage_dcfull_n1_ALL_2030,2023,all2030,expansion_tx,ALL_2030,all2030_genstorage_dcfull_n1,transmission,upgrade_branch,line,AC,NORTH,5286-5112,5286,5112,150.0,375.0,225.0,254.906,ALL,161.0,161.0,161.0,T7_structural,2.5,New Corridor/Aggressive Parallel,193.4,620.1,1564,273.5,False,34.1,-98.4123355,32.20698,-97.8826,32.001481
2023_all2030_genstorage_dcfull_n1_ALL_2030,2023,all2030,expansion_tx,ALL_2030,all2030_genstorage_dcfull_n1,transmission,upgrade_branch,line,AC,NORTH,5169-5456,5169,5456,264.9,662.2,397.3,254.723,ALL,161.0,161.0,161.0,T7_structural,2.5,New Corridor/Aggressive Parallel,96.0,185.4,1563,73.1,True,34.1,-98.4123355,32.20698,-98.98514,32.116953
2023_all2030_genstorage_dcfull_n1_ALL_2030,2023,all2030,expansion_tx,ALL_2030,all2030_genstorage_dcfull_n1,transmission,upgrade_branch,line,AC,NORTH,2008-13149,2008,13149,226.2,565.5,339.3,244.69,ALL,161.0,161.0,161.0,T7_structural,2.5,New Corridor/Aggressive Parallel,141.0,210.0,434,88.1,True,32.7,-100.512868,34.857258,-100.934408,35.18172
2023_all2030_genstorage_dcfull_n1_ALL_2030,2023,all2030,expansion_tx,ALL_2030,all2030_genstorage_dcfull_n1,transmission,upgrade_branch,line,AC,WEST,3023-3115,3023,3115,135.0,337.5,202.5,241.323,ALL,115.0,115.0,115.0,T7_structural,2.5,New Corridor/Aggressive Parallel,142.2,161.8,584,91.0,True,39.1,-99.850964,32.940911,-100.524167,32.969722
2023_all2030_genstorage_dcfull_n1_ALL_2030,2023,all2030,expansion_tx,ALL_2030,all2030_genstorage_dcfull_n1,transmission,upgrade_branch,line,AC,NORTH,2014-2008,2014,2008,187.0,467.5,280.5,230.324,ALL,161.0,161.0,161.0,T7_structural,2.5,New Corridor/Aggressive Parallel,241.8,379.5,434,162.7,False,30.8,-100.4547365,34.413879,-100.512868,34.857258
2023_all2030_genstorage_dcfull_n1_ALL_2030,2023,all2030,expansion_tx,ALL_2030,all2030_genstorage_dcfull_n1,transmission,upgrade_branch,line,AC,NORTH,5112-5318,5112,5318,242.8,607.0,364.2,225.301,ALL,161.0,161.0,161.0,T7_structural,2.5,New Corridor/Aggressive Parallel,265.9,552.5,1564,208.0,False,30.1,-97.8826,32.001481,-97.69946625,32.40925625
2023_all2030_genstorage_dcfull_n1_ALL_2030,2023,all2030,expansion_tx,ALL_2030,all2030_genstorage_dcfull_n1,transmission,upgrade_branch,line,AC,NORTH,2012-2041,2012,2041,187.0,467.5,280.5,224.25,ALL,161.0,161.0,161.0,T7_structural,2.5,New Corridor/Aggressive Parallel,119.7,236.6,471,95.2,True,0.0,-101.35485071428572,35.27871242857143,-101.35485071428572,35.27871242857143
2023_all2030_genstorage_dcfull_n1_ALL_2030,2023,all2030,expansion_tx,ALL_2030,all2030_genstorage_dcfull_n1,transmission,upgrade_branch,line,AC,NORTH,2012-2052,2012,2052,187.0,467.5,280.5,224.25,ALL,161.0,161.0,161.0,T7_structural,2.5,New Corridor/Aggressive Parallel,107.0,192.7,407,84.2,True,0.0,-101.35485071428572,35.27871242857143,-101.35485071428572,35.27871242857143
2023_all2030_genstorage_dcfull_n1_ALL_2030,2023,all2030,expansion_tx,ALL_2030,all2030_genstorage_dcfull_n1,transmission,upgrade_branch,line,AC,NORTH,2093-2012,2093,2012,187.0,467.5,280.5,224.25,ALL,161.0,161.0,161.0,T7_structural,2.5,New Corridor/Aggressive Parallel,105.9,212.1,471,82.2,True,0.0,-101.35485071428572,35.27871242857143,-101.35485071428572,35.27871242857143
2023_all2030_genstorage_dcfull_n1_ALL_2030,2023,all2030,expansion_tx,ALL_2030,all2030_genstorage_dcfull_n1,transmission,upgrade_branch,line,AC,NORTH,2012-2123,2012,2123,251.0,627.5,376.5,224.25,ALL,161.0,161.0,161.0,T7_structural,2.5,New Corridor/Aggressive Parallel,133.3,283.0,664,115.6,False,0.0,-101.35485071428572,35.27871242857143,-101.35485071428572,35.27871242857143
2023_all2030_genstorage_dcfull_n1_ALL_2030,2023,all2030,expansion_tx,ALL_2030,all2030_genstorage_dcfull_n1,transmission,upgrade_branch,line,AC,NORTH,2012-13200,2012,13200,216.6,541.5,324.9,224.25,ALL,161.0,161.0,161.0,T7_structural,2.5,New Corridor/Aggressive Parallel,110.3,201.7,664,76.7,True,0.0,-101.35485071428572,35.27871242857143,-101.35485071428572,35.27871242857143
2023_all2030_genstorage_dcfull_n1_ALL_2030,2023,all2030,expansion_tx,ALL_2030,all2030_genstorage_dcfull_n1,transmission,upgrade_branch,line,AC,NORTH,2018-2093,2018,2093,263.0,657.5,394.5,224.25,ALL,161.0,161.0,161.0,T7_structural,2.5,New Corridor/Aggressive Parallel,92.5,179.7,471,97.1,True,0.0,-101.35485071428572,35.27871242857143,-101.35485071428572,35.27871242857143
2023_all2030_genstorage_dcfull_n1_ALL_2030,2023,all2030,expansion_tx,ALL_2030,all2030_genstorage_dcfull_n1,transmission,upgrade_branch,line,AC,NORTH,2029-13055,2029,13055,242.3,605.8,363.5,224.25,ALL,161.0,161.0,161.0,T7_structural,2.5,New Corridor/Aggressive Parallel,113.5,210.7,481,91.1,True,0.0,-101.244172,34.371689,-101.244172,34.371689
2023_all2030_genstorage_dcfull_n1_ALL_2030,2023,all2030,expansion_tx,ALL_2030,all2030_genstorage_dcfull_n1,transmission,upgrade_branch,line,AC,NORTH,2041-2093,2041,2093,225.5,563.8,338.2,224.25,ALL,161.0,161.0,161.0,T7_structural,2.5,New Corridor/Aggressive Parallel,125.0,237.3,471,106.8,False,0.0,-101.35485071428572,35.27871242857143,-101.35485071428572,35.27871242857143
2023_all2030_genstorage_dcfull_n1_ALL_2030,2023,all2030,expansion_tx,ALL_2030,all2030_genstorage_dcfull_n1,transmission,upgrade_branch,line,AC,NORTH,2093-2123,2093,2123,197.3,493.2,296.0,224.25,ALL,161.0,161.0,161.0,T7_structural,2.5,New Corridor/Aggressive Parallel,141.9,330.7,664,145.4,False,0.0,-101.35485071428572,35.27871242857143,-101.35485071428572,35.27871242857143
2023_all2030_genstorage_dcfull_n1_ALL_2030,2023,all2030,expansion_tx,ALL_2030,all2030_genstorage_dcfull_n1,transmission,upgrade_branch,line,AC,NORTH,5046-13018,5046,13018,214.1,535.2,321.1,224.25,ALL,161.0,161.0,161.0,T7_structural,2.5,New Corridor/Aggressive Parallel,90.2,348.2,1697,130.4,False,0.0,-98.187624,32.1858615,-98.187624,32.1858615
2023_all2030_genstorage_dcfull_n1_ALL_2030,2023,all2030,expansion_tx,ALL_2030,all2030_genstorage_dcfull_n1,transmission,upgrade_branch,line,AC,NORTH,5227-5076,5227,5076,187.0,467.5,280.5,224.25,ALL,161.0,161.0,161.0,T7_structural,2.5,New Corridor/Aggressive Parallel,114.4,155.5,1688,66.8,True,0.0,-96.243079,32.788987000000006,-96.243079,32.788987000000006
2023_all2030_genstorage_dcfull_n1_ALL_2030,2023,all2030,expansion_tx,ALL_2030,all2030_genstorage_dcfull_n1,transmission,upgrade_branch,line,AC,NORTH,5088-5407,5088,5407,221.7,554.2,332.5,224.25,ALL,161.0,161.0,161.0,T7_structural,2.5,New Corridor/Aggressive Parallel,197.1,316.6,1564,147.4,False,0.0,-97.46203133333334,31.819786000000004,-97.46203133333334,31.819786000000004
2023_all2030_genstorage_dcfull_n1_ALL_2030,2023,all2030,expansion_tx,ALL_2030,all2030_genstorage_dcfull_n1,transmission,upgrade_branch,line,AC,NORTH,5101-13051,5101,13051,222.1,555.2,333.1,224.25,ALL,161.0,161.0,161.0,T7_structural,2.5,New Corridor/Aggressive Parallel,64.7,158.6,1697,51.0,True,0.0,-98.6525545,31.8568005,-98.6525545,31.8568005
2023_all2030_genstorage_dcfull_n1_ALL_2030,2023,all2030,expansion_tx,ALL_2030,all2030_genstorage_dcfull_n1,transmission,upgrade_branch,line,AC,NORTH,5261-5246,5261,5246,251.0,627.5,376.5,224.25,ALL,161.0,161.0,161.0,T7_structural,2.5,New Corridor/Aggressive Parallel,203.3,423.8,1564,170.8,False,0.0,-97.790381,32.253423999999995,-97.790381,32.253423999999995
2023_all2030_genstorage_dcfull_n1_ALL_2030,2023,all2030,expansion_tx,ALL_2030,all2030_genstorage_dcfull_n1,transmission,upgrade_branch,line,AC,NORTH,5318-5402,5318,5402,326.0,815.0,489.0,224.25,ALL,161.0,161.0,161.0,T7_structural,2.5,New Corridor/Aggressive Parallel,102.9,272.3,1564,88.5,True,0.0,-97.69946625,32.40925625,-97.69946625,32.40925625
2023_all2030_genstorage_dcfull_n1_ALL_2030,2023,all2030,expansion_tx,ALL_2030,all2030_genstorage_dcfull_n1,transmission,upgrade_branch,line,AC,NORTH,5376-5323,5376,5323,349.0,872.5,523.5,224.25,ALL,161.0,161.0,161.0,T7_structural,2.5,New Corridor/Aggressive Parallel,81.1,152.5,2544,79.0,True,0.0,-96.80082027272728,32.808276409090915,-96.80082027272728,32.808276409090915
2023_all2030_genstorage_dcfull_n1_ALL_2030,2023,all2030,expansion_tx,ALL_2030,all2030_genstorage_dcfull_n1,transmission,upgrade_branch,line,AC,NORTH,5376-5323,5376,5323,349.0,872.5,523.5,224.25,ALL,161.0,161.0,161.0,T7_structural,2.5,New Corridor/Aggressive Parallel,81.1,152.5,2544,79.0,True,0.0,-96.80082027272728,32.808276409090915,-96.80082027272728,32.808276409090915
2023_all2030_genstorage_dcfull_n1_ALL_2030,2023,all2030,expansion_tx,ALL_2030,all2030_genstorage_dcfull_n1,transmission,upgrade_branch,line,AC,NORTH,5402-12600,5402,12600,219.1,547.8,328.6,224.25,ALL,161.0,161.0,161.0,T7_structural,2.5,New Corridor/Aggressive Parallel,124.1,197.0,1564,91.6,True,0.0,-97.69946625,32.40925625,-97.69946625,32.40925625
2023_all2030_genstorage_dcfull_n1_ALL_2030,2023,all2030,expansion_tx,ALL_2030,all2030_genstorage_dcfull_n1,transmission,upgrade_branch,line,AC,NORTH,8025-8151,8025,8151,98.0,245.0,147.0,216.568,ALL,115.0,115.0,115.0,T7_structural,2.5,New Corridor/Aggressive Parallel,74.4,156.4,4353,54.5,True,35.1,-95.64904,31.9046145,-95.481652,31.417425
2023_all2030_genstorage_dcfull_n1_ALL_2030,2023,all2030,expansion_tx,ALL_2030,all2030_genstorage_dcfull_n1,transmission,upgrade_branch,line,AC,NORTH,12632-12846,12632,12846,282.1,705.2,423.2,201.379,ALL,161.0,161.0,161.0,T7_structural,2.5,New Corridor/Aggressive Parallel,69.5,212.8,4703,103.4,False,26.9,-101.59661,34.4067,-102.051944,34.511944
2023_all2030_genstorage_dcfull_n1_ALL_2030,2023,all2030,expansion_tx,ALL_2030,all2030_genstorage_dcfull_n1,transmission,upgrade_branch,line,AC,NORTH,12632-12846,12632,12846,282.1,705.2,423.2,201.379,ALL,161.0,161.0,161.0,T7_structural,2.5,New Corridor/Aggressive Parallel,69.5,212.8,4703,103.4,False,26.9,-101.59661,34.4067,-102.051944,34.511944
2023_all2030_genstorage_dcfull_n1_ALL_2030,2023,all2030,expansion_tx,ALL_2030,all2030_genstorage_dcfull_n1,transmission,upgrade_branch,line,AC,HOUSTON,7246-7251,7246,7251,98.0,245.0,147.0,194.194,ALL,115.0,115.0,115.0,T7_structural,2.5,New Corridor/Aggressive Parallel,134.0,188.6,3307,92.0,True,31.4,-95.41128715217393,29.77727818478261,-95.833733,30.047619
2023_all2030_genstorage_dcfull_n1_ALL_2030,2023,all2030,expansion_tx,ALL_2030,all2030_genstorage_dcfull_n1,transmission,upgrade_branch,line,AC,WEST,3054-3125,3054,3125,122.3,305.8,183.4,193.707,ALL,115.0,115.0,115.0,T7_structural,2.5,New Corridor/Aggressive Parallel,120.3,160.4,946,93.9,True,31.4,-100.1097475,32.1590745,-99.70613471428572,32.45867642857143
2023_all2030_genstorage_dcfull_n1_ALL_2030,2023,all2030,expansion_tx,ALL_2030,all2030_genstorage_dcfull_n1,transmission,upgrade_branch,line,AC,NORTH,5005-5046,5005,5046,214.7,536.8,322.0,192.69,ALL,161.0,161.0,161.0,T7_structural,2.5,New Corridor/Aggressive Parallel,770.7,1456.2,1917,592.8,False,25.8,-98.008849,32.527015,-98.187624,32.1858615
2023_all2030_genstorage_dcfull_n1_ALL_2030,2023,all2030,expansion_tx,ALL_2030,all2030_genstorage_dcfull_n1,transmission,upgrade_branch,line,AC,NORTH,5155-12636,5155,12636,294.0,735.0,441.0,191.895,ALL,161.0,161.0,161.0,T7_structural,2.5,New Corridor/Aggressive Parallel,71.6,163.5,1742,88.1,True,25.7,-98.666449,32.759373,-98.7321385,33.1268065
2023_all2030_genstorage_dcfull_n1_ALL_2030,2023,all2030,expansion_tx,ALL_2030,all2030_genstorage_dcfull_n1,transmission,upgrade_branch,line,AC,NORTH,5112-5133,5112,5133,187.0,467.5,280.5,187.426,ALL,161.0,161.0,161.0,T7_structural,2.5,New Corridor/Aggressive Parallel,1226.8,2680.3,1564,1072.1,False,25.1,-97.8826,32.001481,-97.924354,32.362649
2023_all2030_genstorage_dcfull_n1_ALL_2030,2023,all2030,expansion_tx,ALL_2030,all2030_genstorage_dcfull_n1,transmission,upgrade_branch,line,AC,WEST,3013-3077,3013,3077,98.0,245.0,147.0,185.25,ALL,115.0,115.0,115.0,T7_structural,2.5,New Corridor/Aggressive Parallel,63.9,169.3,717,78.5,True,0.0,-99.70613471428572,32.45867642857143,-99.70613471428572,32.45867642857143
2023_all2030_genstorage_dcfull_n1_ALL_2030,2023,all2030,expansion_tx,ALL_2030,all2030_genstorage_dcfull_n1,transmission,upgrade_branch,line,AC,WEST,3038-3121,3038,3121,155.0,387.5,232.5,185.25,ALL,115.0,115.0,115.0,T7_structural,2.5,New Corridor/Aggressive Parallel,133.1,168.2,802,105.3,False,0.0,-100.56760671428572,32.36118885714286,-100.56760671428572,32.36118885714286
2023_all2030_genstorage_dcfull_n1_ALL_2030,2023,all2030,expansion_tx,ALL_2030,all2030_genstorage_dcfull_n1,transmission,upgrade_branch,line,AC,WEST,3064-13366,3064,13366,121.0,302.5,181.5,185.25,ALL,115.0,115.0,115.0,T7_structural,2.5,New Corridor/Aggressive Parallel,126.3,232.4,885,95.2,True,0.0,-100.56760671428572,32.36118885714286,-100.56760671428572,32.36118885714286
2023_all2030_genstorage_dcfull_n1_ALL_2030,2023,all2030,expansion_tx,ALL_2030,all2030_genstorage_dcfull_n1,transmission,upgrade_branch,line,AC,WEST,3091-3102,3091,3102,98.0,245.0,147.0,185.25,ALL,115.0,115.0,115.0,T7_structural,2.5,New Corridor/Aggressive Parallel,103.9,256.3,773,120.5,False,0.0,-99.70613471428572,32.45867642857143,-99.70613471428572,32.45867642857143
2023_all2030_genstorage_dcfull_n1_ALL_2030,2023,all2030,expansion_tx,ALL_2030,all2030_genstorage_dcfull_n1,transmission,upgrade_branch,line,AC,SOUTH,4182-13167,4182,13167,225.0,562.5,337.5,185.25,ALL,115.0,115.0,115.0,T7_structural,2.5,New Corridor/Aggressive Parallel,92.0,160.3,1282,79.5,True,0.0,-97.351834,27.96312533333333,-97.351834,27.96312533333333
2023_all2030_genstorage_dcfull_n1_ALL_2030,2023,all2030,expansion_tx,ALL_2030,all2030_genstorage_dcfull_n1,transmission,upgrade_branch,line,AC,SOUTH,6338-6109,6338,6109,98.0,245.0,147.0,185.25,ALL,115.0,115.0,115.0,T7_structural,2.5,New Corridor/Aggressive Parallel,30.2,212.1,2933,84.8,True,0.0,-96.947291,30.633128,-96.947291,30.633128
2023_all2030_genstorage_dcfull_n1_ALL_2030,2023,all2030,expansion_tx,ALL_2030,all2030_genstorage_dcfull_n1,transmission,upgrade_branch,line,AC,SOUTH,6344-6353,6344,6353,107.3,268.2,160.9,185.25,ALL,115.0,115.0,115.0,T7_structural,2.5,New Corridor/Aggressive Parallel,122.3,165.8,3262,119.9,False,0.0,-97.677175,30.5341255,-97.677175,30.5341255
2023_all2030_genstorage_dcfull_n1_ALL_2030,2023,all2030,expansion_tx,ALL_2030,all2030_genstorage_dcfull_n1,transmission,upgrade_branch,line,AC,HOUSTON,7044-7416,7044,7416,98.0,245.0,147.0,185.25,ALL,115.0,115.0,115.0,T7_structural,2.5,New Corridor/Aggressive Parallel,51.5,164.4,3426,81.3,True,0.0,-97.00621414285716,28.74651585714286,-97.00621414285716,28.74651585714286
2023_all2030_genstorage_dcfull_n1_ALL_2030,2023,all2030,expansion_tx,ALL_2030,all2030_genstorage_dcfull_n1,transmission,upgrade_branch,line,AC,NORTH,8118-8042,8118,8042,98.0,245.0,147.0,181.405,ALL,115.0,115.0,115.0,T7_structural,2.5,New Corridor/Aggressive Parallel,113.3,273.8,4353,105.1,False,29.4,-95.255739,31.188898,-94.758734,31.186933
2023_all2030_genstorage_dcfull_n1_ALL_2030,2023,all2030,expansion_tx,ALL_2030,all2030_genstorage_dcfull_n1,transmission,upgrade_branch,line,AC,NORTH,5414-5471,5414,5471,187.0,467.5,280.5,179.248,ALL,161.0,161.0,161.0,T7_structural,2.5,New Corridor/Aggressive Parallel,175.4,324.9,1563,165.2,False,24.0,-98.2935895,32.711098,-98.377389,32.371306
2023_all2030_genstorage_dcfull_n1_ALL_2030,2023,all2030,expansion_tx,ALL_2030,all2030_genstorage_dcfull_n1,transmission,upgrade_branch,line,AC,SOUTH,4036-4189,4036,4189,111.0,277.5,166.5,174.851,ALL,115.0,115.0,115.0,T7_structural,2.5,New Corridor/Aggressive Parallel,66.3,152.4,1137,77.5,True,28.3,-99.562652,28.888748,-99.63215,28.4834915
2023_all2030_genstorage_dcfull_n1_ALL_2030,2023,all2030,expansion_tx,ALL_2030,all2030_genstorage_dcfull_n1,transmission,upgrade_branch,line,AC,NORTH,5371-5034,5371,5034,251.0,627.5,376.5,174.272,ALL,161.0,161.0,161.0,T7_structural,2.5,New Corridor/Aggressive Parallel,80.3,153.7,1927,61.5,True,23.3,-96.539931,32.552083,-96.80082027272728,32.808276409090915
2023_all2030_genstorage_dcfull_n1_ALL_2030,2023,all2030,expansion_tx,ALL_2030,all2030_genstorage_dcfull_n1,transmission,upgrade_branch,line,AC,HOUSTON,7304-12574,7304,12574,2698.0,4721.5,2023.5,165.75,ALL,500.0,500.0,500.0,T5_moderate,1.75,HTLS Reconductor,71.2,110.4,4774,67.8,True,0.0,-96.087226,29.2829165,-96.087226,29.2829165
2023_all2030_genstorage_dcfull_n1_ALL_2030,2023,all2030,expansion_tx,ALL_2030,all2030_genstorage_dcfull_n1,transmission,upgrade_branch,line,AC,NORTH,2029-12632,2029,12632,218.7,546.8,328.0,151.296,ALL,161.0,161.0,161.0,T7_structural,2.5,New Corridor/Aggressive Parallel,167.5,295.5,4767,140.7,False,20.2,-101.244172,34.371689,-101.59661,34.4067
2023_all2030_genstorage_dcfull_n1_ALL_2030,2023,all2030,expansion_tx,ALL_2030,all2030_genstorage_dcfull_n1,transmission,upgrade_branch,line,AC,NORTH,5435-5471,5435,5471,187.0,467.5,280.5,148.19,ALL,161.0,161.0,161.0,T7_structural,2.5,New Corridor/Aggressive Parallel,575.9,1027.1,1563,414.6,False,19.8,-98.17276,32.600503,-98.377389,32.371306
2023_all2030_genstorage_dcfull_n1_ALL_2030,2023,all2030,expansion_tx,ALL_2030,all2030_genstorage_dcfull_n1,transmission,upgrade_branch,line,AC,WEST,3026-5395,3026,5395,443.0,974.6,531.6,147.306,ALL,230.0,230.0,230.0,T6_heavy,2.2,New Parallel Circuit,119.3,136.3,946,58.3,True,31.0,-99.70613471428572,32.45867642857143,-99.33232,32.77921550000001
2023_all2030_genstorage_dcfull_n1_ALL_2030,2023,all2030,expansion_tx,ALL_2030,all2030_genstorage_dcfull_n1,transmission,upgrade_branch,line,AC,WEST,12667-1081,12667,1081,418.6,920.9,502.3,142.35,ALL,230.0,230.0,230.0,T6_heavy,2.2,New Parallel Circuit,52.1,128.8,226,64.6,True,0.0,-102.45323571428573,31.843002285714284,-102.45323571428573,31.843002285714284
2023_all2030_genstorage_dcfull_n1_ALL_2030,2023,all2030,expansion_tx,ALL_2030,all2030_genstorage_dcfull_n1,transmission,upgrade_branch,line,AC,SOUTH,4113-4004,4113,4004,443.0,974.6,531.6,142.35,ALL,230.0,230.0,230.0,T6_heavy,2.2,New Parallel Circuit,65.0,128.7,1548,64.6,True,0.0,-99.3906115,27.588413625,-99.3906115,27.588413625
2023_all2030_genstorage_dcfull_n1_ALL_2030,2023,all2030,expansion_tx,ALL_2030,all2030_genstorage_dcfull_n1,transmission,upgrade_branch,line,AC,NORTH,12632-12807,12632,12807,348.0,870.0,522.0,141.978,ALL,161.0,161.0,161.0,T7_structural,2.5,New Corridor/Aggressive Parallel,39.6,211.9,4767,114.1,False,19.0,-101.59661,34.4067,-101.381494,34.196962
2023_all2030_genstorage_dcfull_n1_ALL_2030,2023,all2030,expansion_tx,ALL_2030,all2030_genstorage_dcfull_n1,transmission,upgrade_branch,line,AC,NORTH,5112-5246,5112,5246,187.0,467.5,280.5,136.231,ALL,161.0,161.0,161.0,T7_structural,2.5,New Corridor/Aggressive Parallel,335.3,679.1,1564,271.3,False,18.2,-97.8826,32.001481,-97.790381,32.253423999999995
2023_all2030_genstorage_dcfull_n1_ALL_2030,2023,all2030,expansion_tx,ALL_2030,all2030_genstorage_dcfull_n1,transmission,upgrade_branch,line,AC,NORTH,5155-5135,5155,5135,279.0,697.5,418.5,136.095,ALL,161.0,161.0,161.0,T7_structural,2.5,New Corridor/Aggressive Parallel,106.1,165.9,1917,82.7,True,18.2,-98.666449,32.759373,-98.66402,32.495875
2023_all2030_genstorage_dcfull_n1_ALL_2030,2023,all2030,expansion_tx,ALL_2030,all2030_genstorage_dcfull_n1,transmission,upgrade_branch,line,AC,WEST,1061-1112,1061,1112,169.8,424.5,254.7,135.193,ALL,115.0,115.0,115.0,T7_structural,2.5,New Corridor/Aggressive Parallel,125.6,155.3,342,91.0,True,21.9,-101.3548315,32.107940125,-101.014,32.239
2023_all2030_genstorage_dcfull_n1_ALL_2030,2023,all2030,expansion_tx,ALL_2030,all2030_genstorage_dcfull_n1,transmission,upgrade_branch,line,AC,WEST,3132-3144,3132,3144,98.0,245.0,147.0,133.002,ALL,115.0,115.0,115.0,T7_structural,2.5,New Corridor/Aggressive Parallel,128.0,167.6,806,82.8,True,21.5,-99.9360515,31.18751,-99.682323,31.411505
2023_all2030_genstorage_dcfull_n1_ALL_2030,2023,all2030,expansion_tx,ALL_2030,all2030_genstorage_dcfull_n1,transmission,upgrade_branch,line,AC,NORTH,2128-2026,2128,2026,187.0,467.5,280.5,131.999,ALL,161.0,161.0,161.0,T7_structural,2.5,New Corridor/Aggressive Parallel,803.5,1414.8,470,565.9,False,17.7,-100.538611,35.653889,-100.765905,35.830763
2023_all2030_genstorage_dcfull_n1_ALL_2030,2023,all2030,expansion_tx,ALL_2030,all2030_genstorage_dcfull_n1,transmission,upgrade_branch,line,AC,NORTH,5290-5154,5290,5154,251.0,627.5,376.5,127.769,ALL,161.0,161.0,161.0,T7_structural,2.5,New Corridor/Aggressive Parallel,115.3,187.7,1564,91.4,True,17.1,-97.3667,31.8694,-97.343521,32.116002
2023_all2030_genstorage_dcfull_n1_ALL_2030,2023,all2030,expansion_tx,ALL_2030,all2030_genstorage_dcfull_n1,transmission,upgrade_branch,line,AC,NORTH,8118-8151,8118,8151,98.0,245.0,147.0,127.629,ALL,115.0,115.0,115.0,T7_structural,2.5,New Corridor/Aggressive Parallel,106.0,270.0,4353,112.4,False,20.7,-95.255739,31.188898,-95.481652,31.417425
2023_all2030_genstorage_dcfull_n1_ALL_2030,2023,all2030,expansion_tx,ALL_2030,all2030_genstorage_dcfull_n1,transmission,upgrade_branch,line,AC,HOUSTON,7010-7182,7010,7182,98.0,245.0,147.0,125.756,ALL,115.0,115.0,115.0,T7_structural,2.5,New Corridor/Aggressive Parallel,107.3,167.8,3255,82.4,True,20.4,-95.990493,30.086834,-96.012215,29.792687
2023_all2030_genstorage_dcfull_n1_ALL_2030,2023,all2030,expansion_tx,ALL_2030,all2030_genstorage_dcfull_n1,transmission,upgrade_branch,line,AC,SOUTH,6127-8102,6127,8102,98.0,245.0,147.0,125.578,ALL,115.0,115.0,115.0,T7_structural,2.5,New Corridor/Aggressive Parallel,109.9,259.1,2932,111.7,False,20.3,-96.907601,30.891129,-96.66368,31.09828
2023_all2030_genstorage_dcfull_n1_ALL_2030,2023,all2030,expansion_tx,ALL_2030,all2030_genstorage_dcfull_n1,transmission,upgrade_branch,line,AC,HOUSTON,12704-7341,12704,7341,2301.4,4027.5,1726.1,123.731,ALL,500.0,500.0,500.0,T5_moderate,1.75,HTLS Reconductor,100.8,121.7,3909,64.9,True,22.4,-95.41128715217393,29.77727818478261,-95.7842315,29.79427175
2023_all2030_genstorage_dcfull_n1_ALL_2030,2023,all2030,expansion_tx,ALL_2030,all2030_genstorage_dcfull_n1,transmission,upgrade_branch,line,AC,WEST,13302-13397,13302,13397,178.0,311.5,133.5,119.833,ALL,115.0,115.0,115.0,T5_moderate,1.75,HTLS Reconductor,54.7,119.2,55,68.1,True,61.5,-103.43056166666668,31.453610666666663,-102.59898166666666,30.91979725
2023_all2030_genstorage_dcfull_n1_ALL_2030,2023,all2030,expansion_tx,ALL_2030,all2030_genstorage_dcfull_n1,transmission,upgrade_branch,line,AC,NORTH,5191-5407,5191,5407,187.0,467.5,280.5,119.675,ALL,161.0,161.0,161.0,T7_structural,2.5,New Corridor/Aggressive Parallel,190.1,338.6,1564,143.0,False,16.0,-97.710123,31.916215,-97.46203133333334,31.819786000000004
2023_all2030_genstorage_dcfull_n1_ALL_2030,2023,all2030,expansion_tx,ALL_2030,all2030_genstorage_dcfull_n1,transmission,upgrade_branch,line,AC,NORTH,5075-5231,5075,5231,225.2,563.0,337.8,119.578,ALL,161.0,161.0,161.0,T7_structural,2.5,New Corridor/Aggressive Parallel,64.4,151.6,1697,50.7,True,16.0,-98.049081,31.553908,-98.213739,31.738177
2023_all2030_genstorage_dcfull_n1_ALL_2030,2023,all2030,expansion_tx,ALL_2030,all2030_genstorage_dcfull_n1,transmission,upgrade_branch,line,AC,WEST,13220-13315,13220,13315,330.0,462.0,132.0,114.841,ALL,115.0,115.0,115.0,T4_light,1.4,Reconductor(ACSR->ACSS),33.0,106.1,5238,75.8,True,103.9,-100.938705,32.130795,-99.5687984,33.0957078
2023_all2030_genstorage_dcfull_n1_ALL_2030,2023,all2030,expansion_tx,ALL_2030,all2030_genstorage_dcfull_n1,transmission,upgrade_branch,line,AC,NORTH,5349-5462,5349,5462,251.0,627.5,376.5,113.694,ALL,161.0,161.0,161.0,T7_structural,2.5,New Corridor/Aggressive Parallel,28.8,169.3,2217,67.7,True,15.2,-96.7651095,32.5902035,-96.80082027272728,32.808276409090915
2023_all2030_genstorage_dcfull_n1_ALL_2030,2023,all2030,expansion_tx,ALL_2030,all2030_genstorage_dcfull_n1,transmission,upgrade_branch,line,AC,NORTH,2041-2058,2041,2058,187.0,467.5,280.5,113.459,ALL,161.0,161.0,161.0,T7_structural,2.5,New Corridor/Aggressive Parallel,159.1,433.2,562,168.1,False,15.2,-101.35485071428572,35.27871242857143,-101.2439,35.4789
2023_all2030_genstorage_dcfull_n1_ALL_2030,2023,all2030,expansion_tx,ALL_2030,all2030_genstorage_dcfull_n1,transmission,upgrade_branch,line,AC,NORTH,2123-2058,2123,2058,187.0,467.5,280.5,113.459,ALL,161.0,161.0,161.0,T7_structural,2.5,New Corridor/Aggressive Parallel,345.3,891.0,471,355.0,False,15.2,-101.35485071428572,35.27871242857143,-101.2439,35.4789
2023_all2030_genstorage_dcfull_n1_ALL_2030,2023,all2030,expansion_tx,ALL_2030,all2030_genstorage_dcfull_n1,transmission,upgrade_branch,line,AC,NORTH,2041-2123,2041,2123,211.5,465.3,253.8,113.1,ALL,161.0,161.0,161.0,T6_heavy,2.2,New Parallel Circuit,46.7,133.9,664,59.1,True,0.0,-101.35485071428572,35.27871242857143,-101.35485071428572,35.27871242857143
2023_all2030_genstorage_dcfull_n1_ALL_2030,2023,all2030,expansion_tx,ALL_2030,all2030_genstorage_dcfull_n1,transmission,upgrade_branch,line,AC,NORTH,2093-13200,2093,13200,235.2,517.4,282.2,113.1,ALL,161.0,161.0,161.0,T6_heavy,2.2,New Parallel Circuit,44.9,129.1,471,54.5,True,0.0,-101.35485071428572,35.27871242857143,-101.35485071428572,35.27871242857143
2023_all2030_genstorage_dcfull_n1_ALL_2030,2023,all2030,expansion_tx,ALL_2030,all2030_genstorage_dcfull_n1,transmission,upgrade_branch,line,AC,NORTH,5003-5351,5003,5351,292.1,642.6,350.5,113.1,ALL,161.0,161.0,161.0,T6_heavy,2.2,New Parallel Circuit,95.4,131.7,1559,85.2,True,0.0,-96.6344372,32.9086048,-96.6344372,32.9086048
2023_all2030_genstorage_dcfull_n1_ALL_2030,2023,all2030,expansion_tx,ALL_2030,all2030_genstorage_dcfull_n1,transmission,upgrade_branch,line,AC,NORTH,5003-5351,5003,5351,292.1,642.6,350.5,113.1,ALL,161.0,161.0,161.0,T6_heavy,2.2,New Parallel Circuit,95.4,131.7,1558,85.2,True,0.0,-96.6344372,32.9086048,-96.6344372,32.9086048
2023_all2030_genstorage_dcfull_n1_ALL_2030,2023,all2030,expansion_tx,ALL_2030,all2030_genstorage_dcfull_n1,transmission,upgrade_branch,line,AC,NORTH,5007-5012,5007,5012,251.0,552.2,301.2,113.1,ALL,161.0,161.0,161.0,T6_heavy,2.2,New Parallel Circuit,42.7,131.0,2072,74.8,True,0.0,-97.13581333333332,33.210620166666665,-97.13581333333332,33.210620166666665
2023_all2030_genstorage_dcfull_n1_ALL_2030,2023,all2030,expansion_tx,ALL_2030,all2030_genstorage_dcfull_n1,transmission,upgrade_branch,line,AC,NORTH,5010-5096,5010,5096,310.0,682.0,372.0,113.1,ALL,161.0,161.0,161.0,T6_heavy,2.2,New Parallel Circuit,75.4,125.1,1584,65.7,True,0.0,-96.73076228571428,33.04730142857143,-96.73076228571428,33.04730142857143
2023_all2030_genstorage_dcfull_n1_ALL_2030,2023,all2030,expansion_tx,ALL_2030,all2030_genstorage_dcfull_n1,transmission,upgrade_branch,line,AC,NORTH,5010-5096,5010,5096,310.0,682.0,372.0,113.1,ALL,161.0,161.0,161.0,T6_heavy,2.2,New Parallel Circuit,75.4,125.1,1583,65.7,True,0.0,-96.73076228571428,33.04730142857143,-96.73076228571428,33.04730142857143
2023_all2030_genstorage_dcfull_n1_ALL_2030,2023,all2030,expansion_tx,ALL_2030,all2030_genstorage_dcfull_n1,transmission,upgrade_branch,line,AC,NORTH,5032-5229,5032,5229,224.0,492.8,268.8,113.1,ALL,161.0,161.0,161.0,T6_heavy,2.2,New Parallel Circuit,61.5,131.6,1677,62.1,True,0.0,-96.80082027272728,32.808276409090915,-96.80082027272728,32.808276409090915
2023_all2030_genstorage_dcfull_n1_ALL_2030,2023,all2030,expansion_tx,ALL_2030,all2030_genstorage_dcfull_n1,transmission,upgrade_branch,line,AC,NORTH,5032-5329,5032,5329,187.0,411.4,224.4,113.1,ALL,161.0,161.0,161.0,T6_heavy,2.2,New Parallel Circuit,1.1,149.9,1677,58.7,True,0.0,-96.80082027272728,32.808276409090915,-96.80082027272728,32.808276409090915
2023_all2030_genstorage_dcfull_n1_ALL_2030,2023,all2030,expansion_tx,ALL_2030,all2030_genstorage_dcfull_n1,transmission,upgrade_branch,line,AC,NORTH,5064-5125,5064,5125,217.3,478.1,260.8,113.1,ALL,161.0,161.0,161.0,T6_heavy,2.2,New Parallel Circuit,104.8,127.1,2532,99.0,True,0.0,-97.12502636363637,32.69967490909091,-97.12502636363637,32.69967490909091
2023_all2030_genstorage_dcfull_n1_ALL_2030,2023,all2030,expansion_tx,ALL_2030,all2030_genstorage_dcfull_n1,transmission,upgrade_branch,line,AC,NORTH,5085-5462,5085,5462,212.7,467.9,255.2,113.1,ALL,161.0,161.0,161.0,T6_heavy,2.2,New Parallel Circuit,46.2,127.4,2217,84.4,True,0.0,-96.80082027272728,32.808276409090915,-96.80082027272728,32.808276409090915
2023_all2030_genstorage_dcfull_n1_ALL_2030,2023,all2030,expansion_tx,ALL_2030,all2030_genstorage_dcfull_n1,transmission,upgrade_branch,line,AC,NORTH,5100-5272,5100,5272,204.2,449.2,245.0,113.1,ALL,161.0,161.0,161.0,T6_heavy,2.2,New Parallel Circuit,100.7,125.2,2311,80.5,True,0.0,-96.80082027272728,32.808276409090915,-96.80082027272728,32.808276409090915
2023_all2030_genstorage_dcfull_n1_ALL_2030,2023,all2030,expansion_tx,ALL_2030,all2030_genstorage_dcfull_n1,transmission,upgrade_branch,line,AC,NORTH,5389-5144,5389,5144,187.0,411.4,224.4,113.1,ALL,161.0,161.0,161.0,T6_heavy,2.2,New Parallel Circuit,96.1,129.0,2547,49.8,True,0.0,-97.145583,31.5590085,-97.145583,31.5590085
2023_all2030_genstorage_dcfull_n1_ALL_2030,2023,all2030,expansion_tx,ALL_2030,all2030_genstorage_dcfull_n1,transmission,upgrade_branch,line,AC,NORTH,12754-12937,12754,12937,371.0,816.2,445.2,113.1,ALL,161.0,161.0,161.0,T6_heavy,2.2,New Parallel Circuit,108.9,136.9,4874,62.6,True,0.0,-99.695954,33.73925199999999,-99.695954,33.73925199999999
2023_all2030_genstorage_dcfull_n1_ALL_2030,2023,all2030,expansion_tx,ALL_2030,all2030_genstorage_dcfull_n1,transmission,upgrade_branch,line,AC,WEST,13140-13211,13140,13211,124.6,174.4,49.8,112.547,ALL,115.0,115.0,115.0,T4_light,1.4,Reconductor(ACSR->ACSS),77.1,104.5,5180,75.1,True,101.9,-100.938705,32.130795,-102.2726905,31.190672000000003
2023_all2030_genstorage_dcfull_n1_ALL_2030,2023,all2030,expansion_tx,ALL_2030,all2030_genstorage_dcfull_n1,transmission,upgrade_branch,line,AC,NORTH,5157-5376,5157,5376,233.5,583.8,350.2,111.314,ALL,161.0,161.0,161.0,T7_structural,2.5,New Corridor/Aggressive Parallel,123.6,168.0,1908,102.2,False,14.9,-96.864075,32.599427,-96.80082027272728,32.808276409090915
2023_all2030_genstorage_dcfull_n1_ALL_2030,2023,all2030,expansion_tx,ALL_2030,all2030_genstorage_dcfull_n1,transmission,upgrade_branch,line,AC,SOUTH,6338-6127,6338,6127,220.0,550.0,330.0,111.035,ALL,115.0,115.0,115.0,T7_structural,2.5,New Corridor/Aggressive Parallel,81.0,179.5,2885,71.8,True,18.0,-96.947291,30.633128,-96.907601,30.891129
2023_all2030_genstorage_dcfull_n1_ALL_2030,2023,all2030,expansion_tx,ALL_2030,all2030_genstorage_dcfull_n1,transmission,upgrade_branch,line,AC,HOUSTON,7125-7304,7125,7304,3942.0,5518.8,1576.8,110.811,ALL,500.0,500.0,500.0,T4_light,1.4,Reconductor(ACSR->ACSS),68.8,100.0,4246,70.4,True,34.1,-95.64513933333336,29.591588,-96.087226,29.2829165
2023_all2030_genstorage_dcfull_n1_ALL_2030,2023,all2030,expansion_tx,ALL_2030,all2030_genstorage_dcfull_n1,transmission,upgrade_branch,line,AC,WEST,3066-3142,3066,3142,98.0,215.6,117.6,110.173,ALL,115.0,115.0,115.0,T6_heavy,2.2,New Parallel Circuit,108.6,138.7,806,85.7,True,36.8,-99.529678,31.25981966666667,-100.15267,31.289523
2023_all2030_genstorage_dcfull_n1_ALL_2030,2023,all2030,expansion_tx,ALL_2030,all2030_genstorage_dcfull_n1,transmission,upgrade_branch,line,AC,NORTH,2108-13202,2108,13202,189.2,416.2,227.0,106.235,ALL,161.0,161.0,161.0,T6_heavy,2.2,New Parallel Circuit,40.9,127.4,1742,85.9,True,28.2,-99.624257,33.345366,-99.2898065,33.642922
2023_all2030_genstorage_dcfull_n1_ALL_2030,2023,all2030,expansion_tx,ALL_2030,all2030_genstorage_dcfull_n1,transmission,upgrade_branch,line,AC,SOUTH,6229-6299,6229,6299,457.2,1143.0,685.8,106.186,ALL,230.0,230.0,230.0,T7_structural,2.5,New Corridor/Aggressive Parallel,70.5,177.1,3151,90.5,True,11.7,-97.966164,29.880162,-98.08352933333332,29.745433666666667
2023_all2030_genstorage_dcfull_n1_ALL_2030,2023,all2030,expansion_tx,ALL_2030,all2030_genstorage_dcfull_n1,transmission,upgrade_branch,line,AC,HOUSTON,12696-12640,12696,12640,2822.0,3950.8,1128.8,105.374,ALL,500.0,500.0,500.0,T4_light,1.4,Reconductor(ACSR->ACSS),83.8,104.9,4695,75.9,True,32.4,-95.785914,29.3459875,-96.2086544,29.0561128
2023_all2030_genstorage_dcfull_n1_ALL_2030,2023,all2030,expansion_tx,ALL_2030,all2030_genstorage_dcfull_n1,transmission,upgrade_branch,line,AC,NORTH,5276-5201,5276,5201,251.0,627.5,376.5,104.778,ALL,161.0,161.0,161.0,T7_structural,2.5,New Corridor/Aggressive Parallel,60.9,190.4,4713,73.2,True,14.0,-96.84912,31.509216,-96.818676,31.710422
2023_all2030_genstorage_dcfull_n1_ALL_2030,2023,all2030,expansion_tx,ALL_2030,all2030_genstorage_dcfull_n1,transmission,upgrade_branch,line,AC,NORTH,5154-5247,5154,5247,187.0,467.5,280.5,101.524,ALL,161.0,161.0,161.0,T7_structural,2.5,New Corridor/Aggressive Parallel,77.7,180.9,2258,71.2,True,13.6,-97.343521,32.116002,-97.575601,32.117538
2023_all2030_genstorage_dcfull_n1_ALL_2030,2023,all2030,expansion_tx,ALL_2030,all2030_genstorage_dcfull_n1,transmission,upgrade_branch,line,AC,SOUTH,6284-13126,6284,13126,139.1,347.8,208.6,100.47,ALL,115.0,115.0,115.0,T7_structural,2.5,New Corridor/Aggressive Parallel,121.0,154.1,2995,77.7,True,16.3,-98.5093816037736,29.474642000000003,-98.35335,29.282378
2023_all2030_genstorage_dcfull_n1_ALL_2030,2023,all2030,expansion_tx,ALL_2030,all2030_genstorage_dcfull_n1,transmission,upgrade_branch,line,AC,WEST,3015-3127,3015,3127,98.0,245.0,147.0,99.01,ALL,115.0,115.0,115.0,T7_structural,2.5,New Corridor/Aggressive Parallel,206.4,256.9,1014,138.1,False,16.0,-100.56760671428572,32.36118885714286,-100.2940896,32.3397188
2023_all2030_genstorage_dcfull_n1_ALL_2030,2023,all2030,expansion_tx,ALL_2030,all2030_genstorage_dcfull_n1,transmission,upgrade_branch,line,AC,WEST,3064-3141,3064,3141,149.0,372.5,223.5,99.01,ALL,115.0,115.0,115.0,T7_structural,2.5,New Corridor/Aggressive Parallel,151.7,235.9,1014,105.3,False,16.0,-100.56760671428572,32.36118885714286,-100.2940896,32.3397188
2023_all2030_genstorage_dcfull_n1_ALL_2030,2023,all2030,expansion_tx,ALL_2030,all2030_genstorage_dcfull_n1,transmission,upgrade_branch,line,AC,WEST,3127-13366,3127,13366,203.2,508.0,304.8,99.01,ALL,115.0,115.0,115.0,T7_structural,2.5,New Corridor/Aggressive Parallel,114.8,178.0,885,72.5,True,16.0,-100.2940896,32.3397188,-100.56760671428572,32.36118885714286
2023_all2030_genstorage_dcfull_n1_ALL_2030,2023,all2030,expansion_tx,ALL_2030,all2030_genstorage_dcfull_n1,transmission,upgrade_branch,line,AC,NORTH,5286-5046,5286,5046,187.0,467.5,280.5,98.816,ALL,161.0,161.0,161.0,T7_structural,2.5,New Corridor/Aggressive Parallel,21.6,263.8,1697,101.9,False,13.2,-98.4123355,32.20698,-98.187624,32.1858615
2023_all2030_genstorage_dcfull_n1_ALL_2030,2023,all2030,expansion_tx,ALL_2030,all2030_genstorage_dcfull_n1,transmission,upgrade_branch,line,AC,NORTH,5286-13018,5286,13018,253.1,632.8,379.6,98.816,ALL,161.0,161.0,161.0,T7_structural,2.5,New Corridor/Aggressive Parallel,81.2,198.1,1564,90.7,True,13.2,-98.4123355,32.20698,-98.187624,32.1858615
2023_all2030_genstorage_dcfull_n1_ALL_2030,2023,all2030,expansion_tx,ALL_2030,all2030_genstorage_dcfull_n1,transmission,upgrade_branch,line,AC,NORTH,8118-8014,8118,8014,98.0,245.0,147.0,98.226,ALL,115.0,115.0,115.0,T7_structural,2.5,New Corridor/Aggressive Parallel,212.7,537.2,4353,214.9,False,15.9,-95.255739,31.188898,-95.499937,31.092367
2023_all2030_genstorage_dcfull_n1_ALL_2030,2023,all2030,expansion_tx,ALL_2030,all2030_genstorage_dcfull_n1,transmission,upgrade_branch,line,AC,SOUTH,4037-4064,4037,4064,118.9,261.6,142.7,97.625,ALL,115.0,115.0,115.0,T6_heavy,2.2,New Parallel Circuit,61.1,126.5,4322,82.8,True,32.7,-97.522673,28.2078,-97.4230987368421,27.74350405263158
2023_all2030_genstorage_dcfull_n1_ALL_2030,2023,all2030,expansion_tx,ALL_2030,all2030_genstorage_dcfull_n1,transmission,upgrade_branch,line,AC,SOUTH,12535-12566,12535,12566,2437.9,3413.1,975.2,97.5,ALL,500.0,500.0,500.0,T4_light,1.4,Reconductor(ACSR->ACSS),61.7,109.4,4663,76.5,True,0.0,-97.4230987368421,27.74350405263158,-97.4230987368421,27.74350405263158
2023_all2030_genstorage_dcfull_n1_ALL_2030,2023,all2030,expansion_tx,ALL_2030,all2030_genstorage_dcfull_n1,transmission,upgrade_branch,line,AC,SOUTH,12535-12566,12535,12566,2437.9,3413.1,975.2,97.5,ALL,500.0,500.0,500.0,T4_light,1.4,Reconductor(ACSR->ACSS),61.7,109.4,4662,76.5,True,0.0,-97.4230987368421,27.74350405263158,-97.4230987368421,27.74350405263158
2023_all2030_genstorage_dcfull_n1_ALL_2030,2023,all2030,expansion_tx,ALL_2030,all2030_genstorage_dcfull_n1,transmission,upgrade_branch,line,AC,NORTH,2091-12735,2091,12735,463.0,1018.6,555.6,97.154,ALL,161.0,161.0,161.0,T6_heavy,2.2,New Parallel Circuit,53.7,140.9,2463,100.3,False,25.8,-99.2898065,33.642922,-99.091918,33.9776965
2023_all2030_genstorage_dcfull_n1_ALL_2030,2023,all2030,expansion_tx,ALL_2030,all2030_genstorage_dcfull_n1,transmission,upgrade_branch,line,AC,NORTH,8014-8037,8014,8037,149.0,372.5,223.5,97.08,ALL,115.0,115.0,115.0,T7_structural,2.5,New Corridor/Aggressive Parallel,129.7,343.1,4353,137.3,False,15.7,-95.499937,31.092367,-95.715509,30.959521
2023_all2030_genstorage_dcfull_n1_ALL_2030,2023,all2030,expansion_tx,ALL_2030,all2030_genstorage_dcfull_n1,transmission,upgrade_branch,line,AC,NORTH,8086-8010,8086,8010,98.0,245.0,147.0,96.848,ALL,115.0,115.0,115.0,T7_structural,2.5,New Corridor/Aggressive Parallel,115.9,203.4,4506,93.8,True,15.7,-96.4866,31.1803,-96.22928,31.235882
2023_all2030_genstorage_dcfull_n1_ALL_2030,2023,all2030,expansion_tx,ALL_2030,all2030_genstorage_dcfull_n1,transmission,upgrade_branch,line,AC,NORTH,2012-12866,2012,12866,282.0,705.0,423.0,96.225,ALL,161.0,161.0,161.0,T7_structural,2.5,New Corridor/Aggressive Parallel,106.3,234.1,471,122.7,False,12.9,-101.35485071428572,35.27871242857143,-101.326111,35.093889
2023_all2030_genstorage_dcfull_n1_ALL_2030,2023,all2030,expansion_tx,ALL_2030,all2030_genstorage_dcfull_n1,transmission,upgrade_branch,line,AC,SOUTH,6116-6095,6116,6095,98.0,245.0,147.0,93.146,ALL,115.0,115.0,115.0,T7_structural,2.5,New Corridor/Aggressive Parallel,125.7,150.7,2581,79.1,True,15.1,-97.35701,30.41477,-97.546124,30.560042
2023_all2030_genstorage_dcfull_n1_ALL_2030,2023,all2030,expansion_tx,ALL_2030,all2030_genstorage_dcfull_n1,transmission,upgrade_branch,line,AC,NORTH,5133-5005,5133,5005,187.0,467.5,280.5,92.536,ALL,161.0,161.0,161.0,T7_structural,2.5,New Corridor/Aggressive Parallel,1453.5,2680.3,1917,1072.1,False,12.4,-97.924354,32.362649,-98.008849,32.527015
2023_all2030_genstorage_dcfull_n1_ALL_2030,2023,all2030,expansion_tx,ALL_2030,all2030_genstorage_dcfull_n1,transmission,upgrade_branch,line,AC,NORTH,12754-13204,12754,13204,262.2,576.8,314.6,91.532,ALL,161.0,161.0,161.0,T6_heavy,2.2,New Parallel Circuit,95.7,128.1,4871,75.9,True,24.3,-99.695954,33.73925199999999,-99.2898065,33.642922
2023_all2030_genstorage_dcfull_n1_ALL_2030,2023,all2030,expansion_tx,ALL_2030,all2030_genstorage_dcfull_n1,transmission,upgrade_branch,line,AC,NORTH,5127-5231,5127,5231,187.0,411.4,224.4,91.016,ALL,161.0,161.0,161.0,T6_heavy,2.2,New Parallel Circuit,39.7,126.2,1564,65.8,True,24.1,-97.804426,31.769003,-98.213739,31.738177
2023_all2030_genstorage_dcfull_n1_ALL_2030,2023,all2030,expansion_tx,ALL_2030,all2030_genstorage_dcfull_n1,transmission,upgrade_branch,line,AC,NORTH,12808-12883,12808,12883,2083.9,3646.8,1562.9,90.701,ALL,500.0,500.0,500.0,T5_moderate,1.75,HTLS Reconductor,102.1,121.9,2463,65.2,True,16.4,-101.381494,34.196962,-101.1794378,34.0282444
2023_all2030_genstorage_dcfull_n1_ALL_2030,2023,all2030,expansion_tx,ALL_2030,all2030_genstorage_dcfull_n1,transmission,upgrade_branch,line,AC,NORTH,5261-5318,5261,5318,216.2,540.5,324.3,89.732,ALL,161.0,161.0,161.0,T7_structural,2.5,New Corridor/Aggressive Parallel,66.3,199.2,2288,68.4,True,12.0,-97.790381,32.253423999999995,-97.69946625,32.40925625
2023_all2030_genstorage_dcfull_n1_ALL_2030,2023,all2030,expansion_tx,ALL_2030,all2030_genstorage_dcfull_n1,transmission,upgrade_branch,line,AC,WEST,3003-3141,3003,3141,176.0,387.2,211.2,89.7,ALL,115.0,115.0,115.0,T6_heavy,2.2,New Parallel Circuit,133.3,145.2,977,79.6,True,0.0,-100.2940896,32.3397188,-100.2940896,32.3397188
2023_all2030_genstorage_dcfull_n1_ALL_2030,2023,all2030,expansion_tx,ALL_2030,all2030_genstorage_dcfull_n1,transmission,upgrade_branch,line,AC,WEST,3015-3129,3015,3129,118.8,261.4,142.6,89.7,ALL,115.0,115.0,115.0,T6_heavy,2.2,New Parallel Circuit,94.3,129.5,725,77.3,True,0.0,-100.56760671428572,32.36118885714286,-100.56760671428572,32.36118885714286
2023_all2030_genstorage_dcfull_n1_ALL_2030,2023,all2030,expansion_tx,ALL_2030,all2030_genstorage_dcfull_n1,transmission,upgrade_branch,line,AC,WEST,3027-3032,3027,3032,140.0,308.0,168.0,89.7,ALL,115.0,115.0,115.0,T6_heavy,2.2,New Parallel Circuit,55.7,141.4,773,84.6,True,0.0,-99.70613471428572,32.45867642857143,-99.70613471428572,32.45867642857143
2023_all2030_genstorage_dcfull_n1_ALL_2030,2023,all2030,expansion_tx,ALL_2030,all2030_genstorage_dcfull_n1,transmission,upgrade_branch,line,AC,WEST,3077-3125,3077,3125,107.0,235.4,128.4,89.7,ALL,115.0,115.0,115.0,T6_heavy,2.2,New Parallel Circuit,95.3,141.6,946,73.1,True,0.0,-99.70613471428572,32.45867642857143,-99.70613471428572,32.45867642857143
2023_all2030_genstorage_dcfull_n1_ALL_2030,2023,all2030,expansion_tx,ALL_2030,all2030_genstorage_dcfull_n1,transmission,upgrade_branch,line,AC,SOUTH,4033-4114,4033,4114,125.5,276.1,150.6,89.7,ALL,115.0,115.0,115.0,T6_heavy,2.2,New Parallel Circuit,72.0,143.2,1469,85.0,True,0.0,-99.3906115,27.588413625,-99.3906115,27.588413625
2023_all2030_genstorage_dcfull_n1_ALL_2030,2023,all2030,expansion_tx,ALL_2030,all2030_genstorage_dcfull_n1,transmission,upgrade_branch,line,AC,SOUTH,6044-6275,6044,6275,204.4,449.7,245.3,89.7,ALL,115.0,115.0,115.0,T6_heavy,2.2,New Parallel Circuit,75.1,131.9,2742,104.2,False,0.0,-98.5093816037736,29.474642000000003,-98.5093816037736,29.474642000000003
2023_all2030_genstorage_dcfull_n1_ALL_2030,2023,all2030,expansion_tx,ALL_2030,all2030_genstorage_dcfull_n1,transmission,upgrade_branch,line,AC,SOUTH,6044-6275,6044,6275,204.4,449.7,245.3,89.7,ALL,115.0,115.0,115.0,T6_heavy,2.2,New Parallel Circuit,75.1,131.9,2741,104.2,False,0.0,-98.5093816037736,29.474642000000003,-98.5093816037736,29.474642000000003
2023_all2030_genstorage_dcfull_n1_ALL_2030,2023,all2030,expansion_tx,ALL_2030,all2030_genstorage_dcfull_n1,transmission,upgrade_branch,line,AC,SOUTH,6061-6224,6061,6224,98.0,215.6,117.6,89.7,ALL,115.0,115.0,115.0,T6_heavy,2.2,New Parallel Circuit,92.2,140.1,2733,76.6,True,0.0,-97.77508287179488,30.30416587179487,-97.77508287179488,30.30416587179487
2023_all2030_genstorage_dcfull_n1_ALL_2030,2023,all2030,expansion_tx,ALL_2030,all2030_genstorage_dcfull_n1,transmission,upgrade_branch,line,AC,SOUTH,6123-6233,6123,6233,98.0,215.6,117.6,89.7,ALL,115.0,115.0,115.0,T6_heavy,2.2,New Parallel Circuit,103.1,131.2,2783,79.7,True,0.0,-97.77508287179488,30.30416587179487,-97.77508287179488,30.30416587179487
2023_all2030_genstorage_dcfull_n1_ALL_2030,2023,all2030,expansion_tx,ALL_2030,all2030_genstorage_dcfull_n1,transmission,upgrade_branch,line,AC,SOUTH,6153-13418,6153,13418,119.3,262.5,143.2,89.7,ALL,115.0,115.0,115.0,T6_heavy,2.2,New Parallel Circuit,111.0,133.8,2964,74.1,True,0.0,-98.5093816037736,29.474642000000003,-98.5093816037736,29.474642000000003
2023_all2030_genstorage_dcfull_n1_ALL_2030,2023,all2030,expansion_tx,ALL_2030,all2030_genstorage_dcfull_n1,transmission,upgrade_branch,line,AC,SOUTH,6275-6324,6275,6324,221.0,486.2,265.2,89.7,ALL,115.0,115.0,115.0,T6_heavy,2.2,New Parallel Circuit,109.9,132.0,3199,101.7,False,0.0,-98.5093816037736,29.474642000000003,-98.5093816037736,29.474642000000003
2023_all2030_genstorage_dcfull_n1_ALL_2030,2023,all2030,expansion_tx,ALL_2030,all2030_genstorage_dcfull_n1,transmission,upgrade_branch,line,AC,SOUTH,6275-6324,6275,6324,221.0,486.2,265.2,89.7,ALL,115.0,115.0,115.0,T6_heavy,2.2,New Parallel Circuit,109.9,132.0,3198,101.7,False,0.0,-98.5093816037736,29.474642000000003,-98.5093816037736,29.474642000000003
2023_all2030_genstorage_dcfull_n1_ALL_2030,2023,all2030,expansion_tx,ALL_2030,all2030_genstorage_dcfull_n1,transmission,upgrade_branch,line,AC,SOUTH,6324-6320,6324,6320,250.0,550.0,300.0,89.7,ALL,115.0,115.0,115.0,T6_heavy,2.2,New Parallel Circuit,116.4,145.1,2964,101.1,False,0.0,-98.5093816037736,29.474642000000003,-98.5093816037736,29.474642000000003
2023_all2030_genstorage_dcfull_n1_ALL_2030,2023,all2030,expansion_tx,ALL_2030,all2030_genstorage_dcfull_n1,transmission,upgrade_branch,line,AC,HOUSTON,7425-7246,7425,7246,98.0,215.6,117.6,89.7,ALL,115.0,115.0,115.0,T6_heavy,2.2,New Parallel Circuit,88.7,131.6,4048,75.4,True,0.0,-95.41128715217393,29.77727818478261,-95.41128715217393,29.77727818478261
2023_all2030_genstorage_dcfull_n1_ALL_2030,2023,all2030,expansion_tx,ALL_2030,all2030_genstorage_dcfull_n1,transmission,upgrade_branch,line,AC,HOUSTON,7416-13357,7416,13357,121.9,268.2,146.3,89.7,ALL,115.0,115.0,115.0,T6_heavy,2.2,New Parallel Circuit,4.1,138.7,3426,64.7,True,0.0,-97.00621414285716,28.74651585714286,-97.00621414285716,28.74651585714286
2023_all2030_genstorage_dcfull_n1_ALL_2030,2023,all2030,expansion_tx,ALL_2030,all2030_genstorage_dcfull_n1,transmission,upgrade_branch,line,AC,NORTH,8069-8103,8069,8103,149.0,327.8,178.8,89.7,ALL,115.0,115.0,115.0,T6_heavy,2.2,New Parallel Circuit,81.2,136.2,4378,83.3,True,0.0,-96.202639,31.37571,-96.202639,31.37571
2023_all2030_genstorage_dcfull_n1_ALL_2030,2023,all2030,expansion_tx,ALL_2030,all2030_genstorage_dcfull_n1,transmission,upgrade_branch,line,AC,SOUTH,13224-13226,13224,13226,231.8,510.0,278.2,89.7,ALL,115.0,115.0,115.0,T6_heavy,2.2,New Parallel Circuit,84.1,139.2,4934,52.8,True,0.0,-97.49466233333334,28.47964933333333,-97.49466233333334,28.47964933333333
2023_all2030_genstorage_dcfull_n1_ALL_2030,2023,all2030,expansion_tx,ALL_2030,all2030_genstorage_dcfull_n1,transmission,upgrade_branch,line,AC,NORTH,5191-5151,5191,5151,187.0,467.5,280.5,87.521,ALL,161.0,161.0,161.0,T7_structural,2.5,New Corridor/Aggressive Parallel,126.6,226.5,1564,100.7,False,11.7,-97.710123,31.916215,-97.52976,31.988989
2023_all2030_genstorage_dcfull_n1_ALL_2030,2023,all2030,expansion_tx,ALL_2030,all2030_genstorage_dcfull_n1,transmission,upgrade_branch,line,AC,NORTH,5191-5112,5191,5112,187.0,467.5,280.5,87.473,ALL,161.0,161.0,161.0,T7_structural,2.5,New Corridor/Aggressive Parallel,402.7,798.0,1564,316.0,False,11.7,-97.710123,31.916215,-97.8826,32.001481
2023_all2030_genstorage_dcfull_n1_ALL_2030,2023,all2030,expansion_tx,ALL_2030,all2030_genstorage_dcfull_n1,transmission,upgrade_branch,line,AC,NORTH,5191-5127,5191,5127,187.0,467.5,280.5,86.561,ALL,161.0,161.0,161.0,T7_structural,2.5,New Corridor/Aggressive Parallel,90.4,237.3,1564,79.3,True,11.6,-97.710123,31.916215,-97.804426,31.769003
2023_all2030_genstorage_dcfull_n1_ALL_2030,2023,all2030,expansion_tx,ALL_2030,all2030_genstorage_dcfull_n1,transmission,upgrade_branch,line,AC,NORTH,5169-5471,5169,5471,187.0,467.5,280.5,86.231,ALL,161.0,161.0,161.0,T7_structural,2.5,New Corridor/Aggressive Parallel,209.1,384.9,1563,143.0,False,11.5,-98.4123355,32.20698,-98.377389,32.371306
2023_all2030_genstorage_dcfull_n1_ALL_2030,2023,all2030,expansion_tx,ALL_2030,all2030_genstorage_dcfull_n1,transmission,upgrade_branch,line,AC,NORTH,2048-13392,2048,13392,363.0,798.6,435.6,85.279,ALL,161.0,161.0,161.0,T6_heavy,2.2,New Parallel Circuit,49.1,132.0,4909,88.6,True,22.6,-100.967402,33.752201,-101.1794378,34.0282444
2023_all2030_genstorage_dcfull_n1_ALL_2030,2023,all2030,expansion_tx,ALL_2030,all2030_genstorage_dcfull_n1,transmission,upgrade_branch,line,AC,NORTH,5264-5471,5264,5471,251.0,627.5,376.5,85.051,ALL,161.0,161.0,161.0,T7_structural,2.5,New Corridor/Aggressive Parallel,103.5,208.6,2087,73.7,True,11.4,-98.552257,32.298594,-98.377389,32.371306
2023_all2030_genstorage_dcfull_n1_ALL_2030,2023,all2030,expansion_tx,ALL_2030,all2030_genstorage_dcfull_n1,transmission,upgrade_branch,line,AC,HOUSTON,7432-8141,7432,8141,221.0,386.8,165.8,83.8,ALL,115.0,115.0,115.0,T5_moderate,1.75,HTLS Reconductor,65.1,118.7,4356,44.4,True,43.0,-95.905344,30.953672,-96.62542,30.881424
2023_all2030_genstorage_dcfull_n1_ALL_2030,2023,all2030,expansion_tx,ALL_2030,all2030_genstorage_dcfull_n1,transmission,upgrade_branch,line,AC,NORTH,12754-12978,12754,12978,214.6,536.5,321.9,83.01,ALL,161.0,161.0,161.0,T7_structural,2.5,New Corridor/Aggressive Parallel,114.5,153.4,4871,85.4,True,11.1,-99.695954,33.73925199999999,-99.58229,33.609313
2023_all2030_genstorage_dcfull_n1_ALL_2030,2023,all2030,expansion_tx,ALL_2030,all2030_genstorage_dcfull_n1,transmission,upgrade_branch,line,AC,NORTH,5013-5226,5013,5226,187.0,467.5,280.5,81.504,ALL,161.0,161.0,161.0,T7_structural,2.5,New Corridor/Aggressive Parallel,79.3,172.9,1697,63.2,True,10.9,-98.805134,31.842565,-98.776277,31.686677
2023_all2030_genstorage_dcfull_n1_ALL_2030,2023,all2030,expansion_tx,ALL_2030,all2030_genstorage_dcfull_n1,transmission,upgrade_branch,line,AC,NORTH,5005-5435,5005,5435,187.0,467.5,280.5,80.815,ALL,161.0,161.0,161.0,T7_structural,2.5,New Corridor/Aggressive Parallel,573.5,1024.7,1563,413.7,False,10.8,-98.008849,32.527015,-98.17276,32.600503
2023_all2030_genstorage_dcfull_n1_ALL_2030,2023,all2030,expansion_tx,ALL_2030,all2030_genstorage_dcfull_n1,transmission,upgrade_branch,line,AC,NORTH,8132-8054,8132,8054,98.0,245.0,147.0,80.295,ALL,115.0,115.0,115.0,T7_structural,2.5,New Corridor/Aggressive Parallel,88.7,170.6,4353,80.7,True,13.0,-96.229757,31.4789,-96.009175,31.473728
2023_all2030_genstorage_dcfull_n1_ALL_2030,2023,all2030,expansion_tx,ALL_2030,all2030_genstorage_dcfull_n1,transmission,upgrade_branch,line,AC,HOUSTON,7432-8003,7432,8003,98.0,245.0,147.0,78.701,ALL,115.0,115.0,115.0,T7_structural,2.5,New Corridor/Aggressive Parallel,203.4,324.6,4390,170.0,False,12.7,-95.905344,30.953672,-95.934344,31.136452
2023_all2030_genstorage_dcfull_n1_ALL_2030,2023,all2030,expansion_tx,ALL_2030,all2030_genstorage_dcfull_n1,transmission,upgrade_branch,line,AC,NORTH,5219-5114,5219,5114,187.0,467.5,280.5,77.891,ALL,161.0,161.0,161.0,T7_structural,2.5,New Corridor/Aggressive Parallel,98.5,206.3,1688,82.5,True,10.4,-96.428985,32.533273,-96.255103,32.568801
2023_all2030_genstorage_dcfull_n1_ALL_2030,2023,all2030,expansion_tx,ALL_2030,all2030_genstorage_dcfull_n1,transmission,upgrade_branch,line,AC,NORTH,12617-13004,12617,13004,416.0,915.2,499.2,75.412,ALL,161.0,161.0,161.0,T6_heavy,2.2,New Parallel Circuit,79.4,126.2,471,49.6,True,20.0,-102.2706,34.913,-102.315517,35.200164
2023_all2030_genstorage_dcfull_n1_ALL_2030,2023,all2030,expansion_tx,ALL_2030,all2030_genstorage_dcfull_n1,transmission,upgrade_branch,line,AC,NORTH,8003-8001,8003,8001,149.0,372.5,223.5,74.829,ALL,115.0,115.0,115.0,T7_structural,2.5,New Corridor/Aggressive Parallel,141.8,221.5,4390,115.1,False,12.1,-95.934344,31.136452,-96.13919,31.132442
2023_all2030_genstorage_dcfull_n1_ALL_2030,2023,all2030,expansion_tx,ALL_2030,all2030_genstorage_dcfull_n1,transmission,upgrade_branch,line,AC,SOUTH,12565-7018,12565,7018,2211.0,3869.2,1658.2,74.318,ALL,500.0,500.0,500.0,T5_moderate,1.75,HTLS Reconductor,65.0,119.5,3354,68.9,True,13.5,-97.214167,28.7128,-97.135,28.8947
2023_all2030_genstorage_dcfull_n1_ALL_2030,2023,all2030,expansion_tx,ALL_2030,all2030_genstorage_dcfull_n1,transmission,upgrade_branch,line,AC,SOUTH,12565-7018,12565,7018,2211.0,3869.2,1658.2,74.318,ALL,500.0,500.0,500.0,T5_moderate,1.75,HTLS Reconductor,65.0,119.5,3353,68.9,True,13.5,-97.214167,28.7128,-97.135,28.8947
2023_all2030_genstorage_dcfull_n1_ALL_2030,2023,all2030,expansion_tx,ALL_2030,all2030_genstorage_dcfull_n1,transmission,upgrade_branch,line,AC,NORTH,5003-5181,5003,5181,218.0,381.5,163.5,74.1,ALL,161.0,161.0,161.0,T5_moderate,1.75,HTLS Reconductor,87.0,111.4,1560,67.5,True,0.0,-96.6344372,32.9086048,-96.6344372,32.9086048
2023_all2030_genstorage_dcfull_n1_ALL_2030,2023,all2030,expansion_tx,ALL_2030,all2030_genstorage_dcfull_n1,transmission,upgrade_branch,line,AC,NORTH,5012-5165,5012,5165,204.9,358.6,153.7,74.1,ALL,161.0,161.0,161.0,T5_moderate,1.75,HTLS Reconductor,19.2,114.2,2072,54.5,True,0.0,-97.13581333333332,33.210620166666665,-97.13581333333332,33.210620166666665
2023_all2030_genstorage_dcfull_n1_ALL_2030,2023,all2030,expansion_tx,ALL_2030,all2030_genstorage_dcfull_n1,transmission,upgrade_branch,line,AC,NORTH,5027-5441,5027,5441,252.0,441.0,189.0,74.1,ALL,161.0,161.0,161.0,T5_moderate,1.75,HTLS Reconductor,73.1,121.4,2548,62.1,True,0.0,-97.34008506896552,32.753233586206896,-97.34008506896552,32.753233586206896
2023_all2030_genstorage_dcfull_n1_ALL_2030,2023,all2030,expansion_tx,ALL_2030,all2030_genstorage_dcfull_n1,transmission,upgrade_branch,line,AC,NORTH,5034-5329,5034,5329,204.1,357.2,153.1,74.1,ALL,161.0,161.0,161.0,T5_moderate,1.75,HTLS Reconductor,93.1,120.4,2315,63.8,True,0.0,-96.80082027272728,32.808276409090915,-96.80082027272728,32.808276409090915
2023_all2030_genstorage_dcfull_n1_ALL_2030,2023,all2030,expansion_tx,ALL_2030,all2030_genstorage_dcfull_n1,transmission,upgrade_branch,line,AC,NORTH,5250-5100,5250,5100,409.0,715.8,306.8,74.1,ALL,161.0,161.0,161.0,T5_moderate,1.75,HTLS Reconductor,90.0,119.2,1872,62.5,True,0.0,-96.80082027272728,32.808276409090915,-96.80082027272728,32.808276409090915
2023_all2030_genstorage_dcfull_n1_ALL_2030,2023,all2030,expansion_tx,ALL_2030,all2030_genstorage_dcfull_n1,transmission,upgrade_branch,line,AC,NORTH,5250-5100,5250,5100,409.0,715.8,306.8,74.1,ALL,161.0,161.0,161.0,T5_moderate,1.75,HTLS Reconductor,90.0,119.2,1871,62.5,True,0.0,-96.80082027272728,32.808276409090915,-96.80082027272728,32.808276409090915
2023_all2030_genstorage_dcfull_n1_ALL_2030,2023,all2030,expansion_tx,ALL_2030,all2030_genstorage_dcfull_n1,transmission,upgrade_branch,line,AC,NORTH,5250-5100,5250,5100,409.0,715.8,306.8,74.1,ALL,161.0,161.0,161.0,T5_moderate,1.75,HTLS Reconductor,90.0,119.2,1871,62.5,True,0.0,-96.80082027272728,32.808276409090915,-96.80082027272728,32.808276409090915
2023_all2030_genstorage_dcfull_n1_ALL_2030,2023,all2030,expansion_tx,ALL_2030,all2030_genstorage_dcfull_n1,transmission,upgrade_branch,line,AC,NORTH,5100-5352,5100,5352,238.0,416.5,178.5,74.1,ALL,161.0,161.0,161.0,T5_moderate,1.75,HTLS Reconductor,91.3,118.3,1875,58.4,True,0.0,-96.80082027272728,32.808276409090915,-96.80082027272728,32.808276409090915
2023_all2030_genstorage_dcfull_n1_ALL_2030,2023,all2030,expansion_tx,ALL_2030,all2030_genstorage_dcfull_n1,transmission,upgrade_branch,line,AC,NORTH,5194-5353,5194,5353,242.0,423.5,181.5,74.1,ALL,161.0,161.0,161.0,T5_moderate,1.75,HTLS Reconductor,70.5,110.1,2544,73.9,True,0.0,-96.914175,32.651936,-96.914175,32.651936
2023_all2030_genstorage_dcfull_n1_ALL_2030,2023,all2030,expansion_tx,ALL_2030,all2030_genstorage_dcfull_n1,transmission,upgrade_branch,line,AC,NORTH,5272-5352,5272,5352,234.8,410.9,176.1,74.1,ALL,161.0,161.0,161.0,T5_moderate,1.75,HTLS Reconductor,86.4,118.3,1874,60.8,True,0.0,-96.80082027272728,32.808276409090915,-96.80082027272728,32.808276409090915
2023_all2030_genstorage_dcfull_n1_ALL_2030,2023,all2030,expansion_tx,ALL_2030,all2030_genstorage_dcfull_n1,transmission,upgrade_branch,line,AC,NORTH,5247-5209,5247,5209,187.0,467.5,280.5,72.645,ALL,161.0,161.0,161.0,T7_structural,2.5,New Corridor/Aggressive Parallel,75.7,178.9,2258,70.4,True,9.7,-97.575601,32.117538,-97.736712,32.083522
2023_all2030_genstorage_dcfull_n1_ALL_2030,2023,all2030,expansion_tx,ALL_2030,all2030_genstorage_dcfull_n1,transmission,upgrade_branch,line,AC,SOUTH,4031-4043,4031,4043,205.0,358.8,153.8,71.248,ALL,115.0,115.0,115.0,T5_moderate,1.75,HTLS Reconductor,69.5,112.9,1243,63.4,True,36.5,-99.359609,27.0792565,-99.10145,26.603250000000003
2023_all2030_genstorage_dcfull_n1_ALL_2030,2023,all2030,expansion_tx,ALL_2030,all2030_genstorage_dcfull_n1,transmission,upgrade_branch,line,AC,WEST,3121-3145,3121,3145,149.0,327.8,178.8,71.159,ALL,115.0,115.0,115.0,T6_heavy,2.2,New Parallel Circuit,116.6,129.8,724,93.0,True,23.8,-100.56760671428572,32.36118885714286,-100.2242635,32.5474795
2023_all2030_genstorage_dcfull_n1_ALL_2030,2023,all2030,expansion_tx,ALL_2030,all2030_genstorage_dcfull_n1,transmission,upgrade_branch,line,AC,WEST,13089-13270,13089,13270,186.4,410.1,223.7,69.76,ALL,115.0,115.0,115.0,T6_heavy,2.2,New Parallel Circuit,83.9,146.1,5136,76.0,True,23.3,-101.80158,33.889462,-101.8383465,33.5531785
2023_all2030_genstorage_dcfull_n1_ALL_2030,2023,all2030,expansion_tx,ALL_2030,all2030_genstorage_dcfull_n1,transmission,upgrade_branch,line,AC,WEST,3032-3094,3032,3094,113.2,249.0,135.8,69.603,ALL,115.0,115.0,115.0,T6_heavy,2.2,New Parallel Circuit,122.9,148.9,790,108.9,False,23.3,-99.70613471428572,32.45867642857143,-100.09043266666669,32.36779933333333
2023_all2030_genstorage_dcfull_n1_ALL_2030,2023,all2030,expansion_tx,ALL_2030,all2030_genstorage_dcfull_n1,transmission,upgrade_branch,line,AC,HOUSTON,7432-8037,7432,8037,149.0,372.5,223.5,69.502,ALL,115.0,115.0,115.0,T7_structural,2.5,New Corridor/Aggressive Parallel,213.4,353.3,4390,141.3,False,11.3,-95.905344,30.953672,-95.715509,30.959521
2023_all2030_genstorage_dcfull_n1_ALL_2030,2023,all2030,expansion_tx,ALL_2030,all2030_genstorage_dcfull_n1,transmission,upgrade_branch,line,AC,WEST,1014-13186,1014,13186,251.0,439.2,188.2,69.231,ALL,115.0,115.0,115.0,T5_moderate,1.75,HTLS Reconductor,64.6,114.2,134,65.2,True,35.5,-103.125868,31.165245,-102.59898166666666,30.91979725
2023_all2030_genstorage_dcfull_n1_ALL_2030,2023,all2030,expansion_tx,ALL_2030,all2030_genstorage_dcfull_n1,transmission,upgrade_branch,line,AC,SOUTH,4031-4147,4031,4147,247.0,432.2,185.2,68.701,ALL,115.0,115.0,115.0,T5_moderate,1.75,HTLS Reconductor,70.9,122.6,1179,68.7,True,35.2,-99.359609,27.0792565,-99.3906115,27.588413625
2023_all2030_genstorage_dcfull_n1_ALL_2030,2023,all2030,expansion_tx,ALL_2030,all2030_genstorage_dcfull_n1,transmission,upgrade_branch,line,AC,SOUTH,4031-4147,4031,4147,270.0,472.5,202.5,68.701,ALL,115.0,115.0,115.0,T5_moderate,1.75,HTLS Reconductor,81.1,122.3,1178,68.7,True,35.2,-99.359609,27.0792565,-99.3906115,27.588413625
2023_all2030_genstorage_dcfull_n1_ALL_2030,2023,all2030,expansion_tx,ALL_2030,all2030_genstorage_dcfull_n1,transmission,upgrade_branch,line,AC,NORTH,8111-8042,8111,8042,98.0,245.0,147.0,64.135,ALL,115.0,115.0,115.0,T7_structural,2.5,New Corridor/Aggressive Parallel,141.1,301.6,4353,116.2,False,10.4,-94.737065,31.33610733333333,-94.758734,31.186933
2023_all2030_genstorage_dcfull_n1_ALL_2030,2023,all2030,expansion_tx,ALL_2030,all2030_genstorage_dcfull_n1,transmission,upgrade_branch,line,AC,NORTH,8054-8092,8054,8092,98.0,245.0,147.0,63.791,ALL,115.0,115.0,115.0,T7_structural,2.5,New Corridor/Aggressive Parallel,72.2,154.1,4353,74.1,True,10.3,-96.009175,31.473728,-95.863721,31.557267
2023_all2030_genstorage_dcfull_n1_ALL_2030,2023,all2030,expansion_tx,ALL_2030,all2030_genstorage_dcfull_n1,transmission,upgrade_branch,line,AC,SOUTH,4037-13410,4037,13410,122.9,215.1,92.2,63.668,ALL,115.0,115.0,115.0,T5_moderate,1.75,HTLS Reconductor,51.2,114.7,4322,48.2,True,32.7,-97.522673,28.2078,-97.4230987368421,27.74350405263158
2023_all2030_genstorage_dcfull_n1_ALL_2030,2023,all2030,expansion_tx,ALL_2030,all2030_genstorage_dcfull_n1,transmission,upgrade_branch,line,AC,WEST,3145-3006,3145,3006,149.0,327.8,178.8,62.554,ALL,115.0,115.0,115.0,T6_heavy,2.2,New Parallel Circuit,101.2,125.5,693,73.7,True,20.9,-100.2242635,32.5474795,-100.0652435,32.819086
2023_all2030_genstorage_dcfull_n1_ALL_2030,2023,all2030,expansion_tx,ALL_2030,all2030_genstorage_dcfull_n1,transmission,upgrade_branch,line,AC,NORTH,5274-5374,5274,5374,187.0,467.5,280.5,62.187,ALL,161.0,161.0,161.0,T7_structural,2.5,New Corridor/Aggressive Parallel,105.2,238.1,1677,136.3,False,8.3,-96.674333,32.605192,-96.620085,32.716601
2023_all2030_genstorage_dcfull_n1_ALL_2030,2023,all2030,expansion_tx,ALL_2030,all2030_genstorage_dcfull_n1,transmission,upgrade_branch,line,AC,SOUTH,4187-4022,4187,4022,214.0,470.8,256.8,61.909,ALL,115.0,115.0,115.0,T6_heavy,2.2,New Parallel Circuit,104.7,144.0,1548,71.1,True,20.7,-99.214344,28.293173,-99.399193,28.041684
2023_all2030_genstorage_dcfull_n1_ALL_2030,2023,all2030,expansion_tx,ALL_2030,all2030_genstorage_dcfull_n1,transmission,upgrade_branch,line,AC,NORTH,12807-13392,12807,13392,300.0,660.0,360.0,61.89,ALL,161.0,161.0,161.0,T6_heavy,2.2,New Parallel Circuit,40.4,140.8,4909,98.6,True,16.4,-101.381494,34.196962,-101.1794378,34.0282444
2023_all2030_genstorage_dcfull_n1_ALL_2030,2023,all2030,expansion_tx,ALL_2030,all2030_genstorage_dcfull_n1,transmission,upgrade_branch,line,AC,NORTH,12633-12808,12633,12808,2205.4,3087.6,882.2,61.73,ALL,500.0,500.0,500.0,T4_light,1.4,Reconductor(ACSR->ACSS),82.5,101.0,2463,62.3,True,19.0,-101.59661,34.4067,-101.381494,34.196962
2023_all2030_genstorage_dcfull_n1_ALL_2030,2023,all2030,expansion_tx,ALL_2030,all2030_genstorage_dcfull_n1,transmission,upgrade_branch,line,AC,NORTH,5169-5135,5169,5135,187.0,327.2,140.2,61.217,ALL,161.0,161.0,161.0,T5_moderate,1.75,HTLS Reconductor,61.3,111.7,1992,74.7,True,24.8,-98.4123355,32.20698,-98.66402,32.495875
2023_all2030_genstorage_dcfull_n1_ALL_2030,2023,all2030,expansion_tx,ALL_2030,all2030_genstorage_dcfull_n1,transmission,upgrade_branch,line,AC,NORTH,8010-8103,8010,8103,98.0,245.0,147.0,60.444,ALL,115.0,115.0,115.0,T7_structural,2.5,New Corridor/Aggressive Parallel,116.2,199.9,4378,108.5,False,9.8,-96.22928,31.235882,-96.202639,31.37571
2023_all2030_genstorage_dcfull_n1_ALL_2030,2023,all2030,expansion_tx,ALL_2030,all2030_genstorage_dcfull_n1,transmission,upgrade_branch,line,AC,NORTH,8025-8121,8025,8121,98.0,171.5,73.5,60.325,ALL,115.0,115.0,115.0,T5_moderate,1.75,HTLS Reconductor,64.8,111.9,4422,57.8,True,30.9,-95.64904,31.9046145,-95.123407,31.9424935
2023_all2030_genstorage_dcfull_n1_ALL_2030,2023,all2030,expansion_tx,ALL_2030,all2030_genstorage_dcfull_n1,transmission,upgrade_branch,line,AC,WEST,13089-13377,13089,13377,191.0,420.2,229.2,59.378,ALL,115.0,115.0,115.0,T6_heavy,2.2,New Parallel Circuit,86.1,148.4,5135,76.6,True,19.9,-101.80158,33.889462,-101.8408,33.6039
2023_all2030_genstorage_dcfull_n1_ALL_2030,2023,all2030,expansion_tx,ALL_2030,all2030_genstorage_dcfull_n1,transmission,upgrade_branch,line,AC,NORTH,5203-5465,5203,5465,237.0,414.8,177.8,59.214,ALL,161.0,161.0,161.0,T5_moderate,1.75,HTLS Reconductor,95.5,112.7,2356,53.2,True,24.0,-96.80082027272728,32.808276409090915,-96.8232695,33.154732499999994
2023_all2030_genstorage_dcfull_n1_ALL_2030,2023,all2030,expansion_tx,ALL_2030,all2030_genstorage_dcfull_n1,transmission,upgrade_branch,line,AC,NORTH,5190-5264,5190,5264,251.0,439.2,188.2,58.519,ALL,161.0,161.0,161.0,T5_moderate,1.75,HTLS Reconductor,47.2,114.6,1917,27.2,True,23.7,-98.333604,32.587603,-98.552257,32.298594
2023_all2030_genstorage_dcfull_n1_ALL_2030,2023,all2030,expansion_tx,ALL_2030,all2030_genstorage_dcfull_n1,transmission,upgrade_branch,line,AC,WEST,3003-3103,3003,3103,220.0,385.0,165.0,58.5,ALL,115.0,115.0,115.0,T5_moderate,1.75,HTLS Reconductor,5.9,112.6,690,64.3,True,0.0,-100.2940896,32.3397188,-100.2940896,32.3397188
2023_all2030_genstorage_dcfull_n1_ALL_2030,2023,all2030,expansion_tx,ALL_2030,all2030_genstorage_dcfull_n1,transmission,upgrade_branch,line,AC,WEST,3027-3102,3027,3102,147.8,258.7,110.9,58.5,ALL,115.0,115.0,115.0,T5_moderate,1.75,HTLS Reconductor,22.1,113.9,773,55.4,True,0.0,-99.70613471428572,32.45867642857143,-99.70613471428572,32.45867642857143
2023_all2030_genstorage_dcfull_n1_ALL_2030,2023,all2030,expansion_tx,ALL_2030,all2030_genstorage_dcfull_n1,transmission,upgrade_branch,line,AC,WEST,3051-13385,3051,13385,199.9,349.8,149.9,58.5,ALL,115.0,115.0,115.0,T5_moderate,1.75,HTLS Reconductor,67.5,111.3,1000,63.3,True,0.0,-100.967827,29.7051495,-100.967827,29.7051495
2023_all2030_genstorage_dcfull_n1_ALL_2030,2023,all2030,expansion_tx,ALL_2030,all2030_genstorage_dcfull_n1,transmission,upgrade_branch,line,AC,SOUTH,4114-4005,4114,4005,221.0,386.8,165.8,58.5,ALL,115.0,115.0,115.0,T5_moderate,1.75,HTLS Reconductor,61.9,119.6,1051,65.9,True,0.0,-99.3906115,27.588413625,-99.3906115,27.588413625
2023_all2030_genstorage_dcfull_n1_ALL_2030,2023,all2030,expansion_tx,ALL_2030,all2030_genstorage_dcfull_n1,transmission,upgrade_branch,line,AC,SOUTH,4176-13423,4176,13423,124.4,217.7,93.3,58.5,ALL,115.0,115.0,115.0,T5_moderate,1.75,HTLS Reconductor,43.4,119.6,1520,68.8,True,0.0,-98.883685,27.48301875,-98.883685,27.48301875
2023_all2030_genstorage_dcfull_n1_ALL_2030,2023,all2030,expansion_tx,ALL_2030,all2030_genstorage_dcfull_n1,transmission,upgrade_branch,line,AC,SOUTH,6013-6182,6013,6182,174.9,306.1,131.2,58.5,ALL,115.0,115.0,115.0,T5_moderate,1.75,HTLS Reconductor,99.2,120.3,3026,71.8,True,0.0,-98.5093816037736,29.474642000000003,-98.5093816037736,29.474642000000003
2023_all2030_genstorage_dcfull_n1_ALL_2030,2023,all2030,expansion_tx,ALL_2030,all2030_genstorage_dcfull_n1,transmission,upgrade_branch,line,AC,SOUTH,6024-6256,6024,6256,124.0,217.0,93.0,58.5,ALL,115.0,115.0,115.0,T5_moderate,1.75,HTLS Reconductor,103.8,121.5,3190,67.1,True,0.0,-97.77508287179488,30.30416587179487,-97.77508287179488,30.30416587179487
2023_all2030_genstorage_dcfull_n1_ALL_2030,2023,all2030,expansion_tx,ALL_2030,all2030_genstorage_dcfull_n1,transmission,upgrade_branch,line,AC,SOUTH,6084-6353,6084,6353,163.8,286.7,122.9,58.5,ALL,115.0,115.0,115.0,T5_moderate,1.75,HTLS Reconductor,97.0,120.2,3257,59.8,True,0.0,-97.677175,30.5341255,-97.677175,30.5341255
2023_all2030_genstorage_dcfull_n1_ALL_2030,2023,all2030,expansion_tx,ALL_2030,all2030_genstorage_dcfull_n1,transmission,upgrade_branch,line,AC,SOUTH,6137-6217,6137,6217,137.0,239.8,102.8,58.5,ALL,115.0,115.0,115.0,T5_moderate,1.75,HTLS Reconductor,69.4,114.0,2688,65.1,True,0.0,-97.77508287179488,30.30416587179487,-97.77508287179488,30.30416587179487
2023_all2030_genstorage_dcfull_n1_ALL_2030,2023,all2030,expansion_tx,ALL_2030,all2030_genstorage_dcfull_n1,transmission,upgrade_branch,line,AC,SOUTH,6174-6250,6174,6250,98.0,171.5,73.5,58.5,ALL,115.0,115.0,115.0,T5_moderate,1.75,HTLS Reconductor,78.9,118.5,2970,86.2,True,0.0,-98.5093816037736,29.474642000000003,-98.5093816037736,29.474642000000003
2023_all2030_genstorage_dcfull_n1_ALL_2030,2023,all2030,expansion_tx,ALL_2030,all2030_genstorage_dcfull_n1,transmission,upgrade_branch,line,AC,SOUTH,6200-6275,6200,6275,109.0,190.8,81.8,58.5,ALL,115.0,115.0,115.0,T5_moderate,1.75,HTLS Reconductor,99.4,122.8,2740,87.6,True,0.0,-98.5093816037736,29.474642000000003,-98.5093816037736,29.474642000000003
2023_all2030_genstorage_dcfull_n1_ALL_2030,2023,all2030,expansion_tx,ALL_2030,all2030_genstorage_dcfull_n1,transmission,upgrade_branch,line,AC,SOUTH,6220-6250,6220,6250,160.0,280.0,120.0,58.5,ALL,115.0,115.0,115.0,T5_moderate,1.75,HTLS Reconductor,86.8,118.9,2901,72.5,True,0.0,-98.5093816037736,29.474642000000003,-98.5093816037736,29.474642000000003
2023_all2030_genstorage_dcfull_n1_ALL_2030,2023,all2030,expansion_tx,ALL_2030,all2030_genstorage_dcfull_n1,transmission,upgrade_branch,line,AC,SOUTH,6284-13418,6284,13418,140.2,245.3,105.1,58.5,ALL,115.0,115.0,115.0,T5_moderate,1.75,HTLS Reconductor,92.3,111.7,2964,78.0,True,0.0,-98.5093816037736,29.474642000000003,-98.5093816037736,29.474642000000003
2023_all2030_genstorage_dcfull_n1_ALL_2030,2023,all2030,expansion_tx,ALL_2030,all2030_genstorage_dcfull_n1,transmission,upgrade_branch,line,AC,HOUSTON,7044-13356,7044,13356,191.2,334.6,143.4,58.5,ALL,115.0,115.0,115.0,T5_moderate,1.75,HTLS Reconductor,90.3,111.0,3425,63.1,True,0.0,-97.00621414285716,28.74651585714286,-97.00621414285716,28.74651585714286
2023_all2030_genstorage_dcfull_n1_ALL_2030,2023,all2030,expansion_tx,ALL_2030,all2030_genstorage_dcfull_n1,transmission,upgrade_branch,line,AC,HOUSTON,7306-12573,7306,12573,222.5,389.4,166.9,58.5,ALL,115.0,115.0,115.0,T5_moderate,1.75,HTLS Reconductor,72.4,116.3,4168,66.1,True,0.0,-96.087226,29.2829165,-96.087226,29.2829165
2023_all2030_genstorage_dcfull_n1_ALL_2030,2023,all2030,expansion_tx,ALL_2030,all2030_genstorage_dcfull_n1,transmission,upgrade_branch,line,AC,HOUSTON,7306-12573,7306,12573,222.5,389.4,166.9,58.5,ALL,115.0,115.0,115.0,T5_moderate,1.75,HTLS Reconductor,72.4,116.3,4168,66.1,True,0.0,-96.087226,29.2829165,-96.087226,29.2829165
2023_all2030_genstorage_dcfull_n1_ALL_2030,2023,all2030,expansion_tx,ALL_2030,all2030_genstorage_dcfull_n1,transmission,upgrade_branch,line,AC,HOUSTON,7306-12573,7306,12573,222.5,389.4,166.9,58.5,ALL,115.0,115.0,115.0,T5_moderate,1.75,HTLS Reconductor,72.4,116.3,4168,66.1,True,0.0,-96.087226,29.2829165,-96.087226,29.2829165
2023_all2030_genstorage_dcfull_n1_ALL_2030,2023,all2030,expansion_tx,ALL_2030,all2030_genstorage_dcfull_n1,transmission,upgrade_branch,line,AC,HOUSTON,12584-12639,12584,12639,316.0,553.0,237.0,58.5,ALL,115.0,115.0,115.0,T5_moderate,1.75,HTLS Reconductor,4.9,112.0,4709,80.4,True,0.0,-96.2086544,29.0561128,-96.2086544,29.0561128
2023_all2030_genstorage_dcfull_n1_ALL_2030,2023,all2030,expansion_tx,ALL_2030,all2030_genstorage_dcfull_n1,transmission,upgrade_branch,line,AC,HOUSTON,12584-13234,12584,13234,375.0,656.2,281.2,58.5,ALL,115.0,115.0,115.0,T5_moderate,1.75,HTLS Reconductor,4.9,111.7,4709,80.2,True,0.0,-96.2086544,29.0561128,-96.2086544,29.0561128
2023_all2030_genstorage_dcfull_n1_ALL_2030,2023,all2030,expansion_tx,ALL_2030,all2030_genstorage_dcfull_n1,transmission,upgrade_branch,line,AC,HOUSTON,12639-13234,12639,13234,375.0,656.2,281.2,58.5,ALL,115.0,115.0,115.0,T5_moderate,1.75,HTLS Reconductor,4.9,111.7,4709,80.2,True,0.0,-96.2086544,29.0561128,-96.2086544,29.0561128
2023_all2030_genstorage_dcfull_n1_ALL_2030,2023,all2030,expansion_tx,ALL_2030,all2030_genstorage_dcfull_n1,transmission,upgrade_branch,line,AC,SOUTH,12816-13423,12816,13423,160.0,280.0,120.0,58.5,ALL,115.0,115.0,115.0,T5_moderate,1.75,HTLS Reconductor,72.2,110.7,4919,64.8,True,0.0,-98.883685,27.48301875,-98.883685,27.48301875
2023_all2030_genstorage_dcfull_n1_ALL_2030,2023,all2030,expansion_tx,ALL_2030,all2030_genstorage_dcfull_n1,transmission,upgrade_branch,line,AC,HOUSTON,12974-13426,12974,13426,199.1,348.4,149.3,58.5,ALL,115.0,115.0,115.0,T5_moderate,1.75,HTLS Reconductor,63.6,115.7,3634,65.3,True,0.0,-95.92298475,28.92553375,-95.92298475,28.92553375
2023_all2030_genstorage_dcfull_n1_ALL_2030,2023,all2030,expansion_tx,ALL_2030,all2030_genstorage_dcfull_n1,transmission,upgrade_branch,line,AC,WEST,13312-13403,13312,13403,128.1,224.2,96.1,58.5,ALL,115.0,115.0,115.0,T5_moderate,1.75,HTLS Reconductor,26.0,123.4,754,65.5,True,0.0,-100.94008825,32.806441125,-100.94008825,32.806441125
2023_all2030_genstorage_dcfull_n1_ALL_2030,2023,all2030,expansion_tx,ALL_2030,all2030_genstorage_dcfull_n1,transmission,upgrade_branch,line,AC,NORTH,5349-5228,5349,5228,310.0,682.0,372.0,57.341,ALL,161.0,161.0,161.0,T6_heavy,2.2,New Parallel Circuit,113.7,141.1,2544,77.0,True,15.2,-96.7651095,32.5902035,-96.80082027272728,32.808276409090915
2023_all2030_genstorage_dcfull_n1_ALL_2030,2023,all2030,expansion_tx,ALL_2030,all2030_genstorage_dcfull_n1,transmission,upgrade_branch,line,AC,NORTH,13059-13149,13059,13149,200.3,440.7,240.4,56.895,ALL,161.0,161.0,161.0,T6_heavy,2.2,New Parallel Circuit,66.2,144.1,434,70.7,True,15.1,-101.186622,35.254184,-100.934408,35.18172
2023_all2030_genstorage_dcfull_n1_ALL_2030,2023,all2030,expansion_tx,ALL_2030,all2030_genstorage_dcfull_n1,transmission,upgrade_branch,line,AC,SOUTH,4037-13224,4037,13224,197.6,434.7,237.1,56.392,ALL,115.0,115.0,115.0,T6_heavy,2.2,New Parallel Circuit,89.4,131.8,4322,85.0,True,18.9,-97.522673,28.2078,-97.49466233333334,28.47964933333333
2023_all2030_genstorage_dcfull_n1_ALL_2030,2023,all2030,expansion_tx,ALL_2030,all2030_genstorage_dcfull_n1,transmission,upgrade_branch,line,AC,NORTH,5122-5308,5122,5308,251.0,552.2,301.2,56.283,ALL,161.0,161.0,161.0,T6_heavy,2.2,New Parallel Circuit,131.8,148.0,1677,103.3,False,14.9,-96.80082027272728,32.808276409090915,-96.5458,32.8358
2023_all2030_genstorage_dcfull_n1_ALL_2030,2023,all2030,expansion_tx,ALL_2030,all2030_genstorage_dcfull_n1,transmission,upgrade_branch,line,AC,HOUSTON,12574-12640,12574,12640,3108.0,4351.2,1243.2,56.221,ALL,500.0,500.0,500.0,T4_light,1.4,Reconductor(ACSR->ACSS),73.4,110.0,4774,78.3,True,17.3,-96.087226,29.2829165,-96.2086544,29.0561128
2023_all2030_genstorage_dcfull_n1_ALL_2030,2023,all2030,expansion_tx,ALL_2030,all2030_genstorage_dcfull_n1,transmission,upgrade_branch,line,AC,NORTH,13004-13159,13004,13159,246.3,541.9,295.6,55.664,ALL,161.0,161.0,161.0,T6_heavy,2.2,New Parallel Circuit,48.9,127.9,664,44.9,True,14.8,-102.315517,35.200164,-102.06431,35.259819
2023_all2030_genstorage_dcfull_n1_ALL_2030,2023,all2030,expansion_tx,ALL_2030,all2030_genstorage_dcfull_n1,transmission,upgrade_branch,line,AC,NORTH,8010-8001,8010,8001,149.0,372.5,223.5,55.037,ALL,115.0,115.0,115.0,T7_structural,2.5,New Corridor/Aggressive Parallel,149.1,228.8,4390,118.0,False,8.9,-96.22928,31.235882,-96.13919,31.132442
2023_all2030_genstorage_dcfull_n1_ALL_2030,2023,all2030,expansion_tx,ALL_2030,all2030_genstorage_dcfull_n1,transmission,upgrade_branch,transformer,AC,NORTH,2018-2017,2018,2017,271.0,813.0,542.0,55.0,ALL,161.0,500.0,500.0,T7_structural,3.0,Major Transformer 3x,84.3,168.9,471,76.7,True,0.0,-101.35485071428572,35.27871242857143,-101.35485071428572,35.27871242857143
2023_all2030_genstorage_dcfull_n1_ALL_2030,2023,all2030,expansion_tx,ALL_2030,all2030_genstorage_dcfull_n1,transmission,upgrade_branch,transformer,AC,NORTH,2023-2021,2023,2021,111.7,335.1,223.4,55.0,ALL,13.8,500.0,500.0,T7_structural,3.0,Major Transformer 3x,191.4,191.4,454,63.8,True,0.0,-95.538503,33.639774,-95.538503,33.639774
2023_all2030_genstorage_dcfull_n1_ALL_2030,2023,all2030,expansion_tx,ALL_2030,all2030_genstorage_dcfull_n1,transmission,upgrade_branch,transformer,AC,NORTH,12958-2021,12958,2021,121.1,363.3,242.2,55.0,ALL,13.8,500.0,500.0,T7_structural,3.0,Major Transformer 3x,154.2,154.2,-1,51.6,True,0.0,-95.538503,33.639774,-95.538503,33.639774
2023_all2030_genstorage_dcfull_n1_ALL_2030,2023,all2030,expansion_tx,ALL_2030,all2030_genstorage_dcfull_n1,transmission,upgrade_branch,transformer,AC,NORTH,2103-2101,2103,2101,343.7,1031.1,687.4,55.0,ALL,20.0,500.0,500.0,T7_structural,3.0,Major Transformer 3x,205.2,205.2,-1,68.5,True,0.0,-96.64523066666668,33.60477566666666,-96.64523066666668,33.60477566666666
2023_all2030_genstorage_dcfull_n1_ALL_2030,2023,all2030,expansion_tx,ALL_2030,all2030_genstorage_dcfull_n1,transmission,upgrade_branch,transformer,AC,NORTH,2115-2113,2115,2113,254.9,764.7,509.8,55.0,ALL,13.8,500.0,500.0,T7_structural,3.0,Major Transformer 3x,196.6,196.6,650,65.5,True,0.0,-95.538503,33.639774,-95.538503,33.639774
2023_all2030_genstorage_dcfull_n1_ALL_2030,2023,all2030,expansion_tx,ALL_2030,all2030_genstorage_dcfull_n1,transmission,upgrade_branch,transformer,AC,NORTH,2116-2113,2116,2113,262.3,786.9,524.6,55.0,ALL,13.8,500.0,500.0,T7_structural,3.0,Major Transformer 3x,191.1,191.2,3629,63.7,True,0.0,-95.538503,33.639774,-95.538503,33.639774
2023_all2030_genstorage_dcfull_n1_ALL_2030,2023,all2030,expansion_tx,ALL_2030,all2030_genstorage_dcfull_n1,transmission,upgrade_branch,transformer,AC,NORTH,2117-2113,2117,2113,187.5,562.5,375.0,55.0,ALL,13.8,500.0,500.0,T7_structural,3.0,Major Transformer 3x,200.5,200.5,-1,66.8,True,0.0,-95.538503,33.639774,-95.538503,33.639774
2023_all2030_genstorage_dcfull_n1_ALL_2030,2023,all2030,expansion_tx,ALL_2030,all2030_genstorage_dcfull_n1,transmission,upgrade_branch,transformer,AC,NORTH,2118-2113,2118,2113,188.3,564.9,376.6,55.0,ALL,13.8,500.0,500.0,T7_structural,3.0,Major Transformer 3x,199.6,199.6,1835,66.5,True,0.0,-95.538503,33.639774,-95.538503,33.639774
2023_all2030_genstorage_dcfull_n1_ALL_2030,2023,all2030,expansion_tx,ALL_2030,all2030_genstorage_dcfull_n1,transmission,upgrade_branch,transformer,AC,NORTH,2119-2113,2119,2113,221.2,663.6,442.4,55.0,ALL,13.8,500.0,500.0,T7_structural,3.0,Major Transformer 3x,161.1,161.1,-1,53.7,True,0.0,-95.538503,33.639774,-95.538503,33.639774
2023_all2030_genstorage_dcfull_n1_ALL_2030,2023,all2030,expansion_tx,ALL_2030,all2030_genstorage_dcfull_n1,transmission,upgrade_branch,transformer,AC,NORTH,2128-2127,2128,2127,308.0,924.0,616.0,55.0,ALL,161.0,500.0,500.0,T7_structural,3.0,Major Transformer 3x,487.8,859.0,470,286.3,False,0.0,-100.538611,35.653889,-100.538611,35.653889
2023_all2030_genstorage_dcfull_n1_ALL_2030,2023,all2030,expansion_tx,ALL_2030,all2030_genstorage_dcfull_n1,transmission,upgrade_branch,transformer,AC,NORTH,5046-5045,5046,5045,550.0,1650.0,1100.0,55.0,ALL,161.0,500.0,500.0,T7_structural,3.0,Major Transformer 3x,272.4,423.1,1917,156.7,False,0.0,-98.187624,32.1858615,-98.187624,32.1858615
2023_all2030_genstorage_dcfull_n1_ALL_2030,2023,all2030,expansion_tx,ALL_2030,all2030_genstorage_dcfull_n1,transmission,upgrade_branch,transformer,AC,NORTH,5088-12547,5088,12547,800.0,2400.0,1600.0,55.0,ALL,161.0,500.0,500.0,T7_structural,3.0,Major Transformer 3x,115.7,154.7,1564,58.8,True,0.0,-97.46203133333334,31.819786000000004,-97.46203133333334,31.819786000000004
2023_all2030_genstorage_dcfull_n1_ALL_2030,2023,all2030,expansion_tx,ALL_2030,all2030_genstorage_dcfull_n1,transmission,upgrade_branch,transformer,AC,NORTH,5207-5204,5207,5204,397.9,1193.7,795.8,55.0,ALL,13.8,500.0,500.0,T7_structural,3.0,Major Transformer 3x,179.4,179.5,3629,59.8,True,0.0,-97.93385,33.07965,-97.93385,33.07965
2023_all2030_genstorage_dcfull_n1_ALL_2030,2023,all2030,expansion_tx,ALL_2030,all2030_genstorage_dcfull_n1,transmission,upgrade_branch,transformer,AC,NORTH,5261-5260,5261,5260,375.0,1125.0,750.0,55.0,ALL,161.0,500.0,500.0,T7_structural,3.0,Major Transformer 3x,97.9,175.9,1564,91.9,True,0.0,-97.790381,32.253423999999995,-97.790381,32.253423999999995
2023_all2030_genstorage_dcfull_n1_ALL_2030,2023,all2030,expansion_tx,ALL_2030,all2030_genstorage_dcfull_n1,transmission,upgrade_branch,transformer,AC,NORTH,5282-5279,5282,5279,471.2,1413.6,942.4,55.0,ALL,13.8,500.0,500.0,T7_structural,3.0,Major Transformer 3x,168.2,168.2,2138,56.2,True,0.0,-97.314427,31.08967366666667,-97.314427,31.08967366666667
2023_all2030_genstorage_dcfull_n1_ALL_2030,2023,all2030,expansion_tx,ALL_2030,all2030_genstorage_dcfull_n1,transmission,upgrade_branch,transformer,AC,NORTH,5324-5322,5324,5322,663.2,1989.6,1326.4,55.0,ALL,13.8,500.0,500.0,T7_structural,3.0,Major Transformer 3x,210.2,210.3,3629,70.1,True,0.0,-96.80082027272728,32.808276409090915,-96.80082027272728,32.808276409090915
2023_all2030_genstorage_dcfull_n1_ALL_2030,2023,all2030,expansion_tx,ALL_2030,all2030_genstorage_dcfull_n1,transmission,upgrade_branch,transformer,AC,NORTH,5325-5322,5325,5322,178.0,534.0,356.0,55.0,ALL,13.8,500.0,500.0,T7_structural,3.0,Major Transformer 3x,167.7,167.7,3629,55.9,True,0.0,-96.80082027272728,32.808276409090915,-96.80082027272728,32.808276409090915
2023_all2030_genstorage_dcfull_n1_ALL_2030,2023,all2030,expansion_tx,ALL_2030,all2030_genstorage_dcfull_n1,transmission,upgrade_branch,transformer,AC,NORTH,5326-5322,5326,5322,148.3,444.9,296.6,55.0,ALL,13.8,500.0,500.0,T7_structural,3.0,Major Transformer 3x,194.6,194.7,3629,64.9,True,0.0,-96.80082027272728,32.808276409090915,-96.80082027272728,32.808276409090915
2023_all2030_genstorage_dcfull_n1_ALL_2030,2023,all2030,expansion_tx,ALL_2030,all2030_genstorage_dcfull_n1,transmission,upgrade_branch,transformer,AC,NORTH,5414-5413,5414,5413,315.0,945.0,630.0,55.0,ALL,161.0,500.0,500.0,T7_structural,3.0,Major Transformer 3x,104.1,192.9,1563,81.7,True,0.0,-98.2935895,32.711098,-98.2935895,32.711098
2023_all2030_genstorage_dcfull_n1_ALL_2030,2023,all2030,expansion_tx,ALL_2030,all2030_genstorage_dcfull_n1,transmission,upgrade_branch,transformer,AC,NORTH,12517-5444,12517,5444,336.9,1010.7,673.8,55.0,ALL,20.0,500.0,500.0,T7_structural,3.0,Major Transformer 3x,196.3,196.3,3629,65.5,True,0.0,-97.0540165,32.448697,-97.0540165,32.448697
2023_all2030_genstorage_dcfull_n1_ALL_2030,2023,all2030,expansion_tx,ALL_2030,all2030_genstorage_dcfull_n1,transmission,upgrade_branch,transformer,AC,SOUTH,6006-6003,6006,6003,412.4,1237.2,824.8,55.0,ALL,13.8,500.0,500.0,T7_structural,3.0,Major Transformer 3x,165.5,165.5,54,55.2,True,0.0,-97.2711,30.146700000000003,-97.2711,30.146700000000003
2023_all2030_genstorage_dcfull_n1_ALL_2030,2023,all2030,expansion_tx,ALL_2030,all2030_genstorage_dcfull_n1,transmission,upgrade_branch,transformer,AC,SOUTH,6074-6066,6074,6066,207.5,622.5,415.0,55.0,ALL,18.0,500.0,500.0,T7_structural,3.0,Major Transformer 3x,150.2,150.2,3629,50.2,True,0.0,-98.094738,29.6124265,-98.094738,29.6124265
2023_all2030_genstorage_dcfull_n1_ALL_2030,2023,all2030,expansion_tx,ALL_2030,all2030_genstorage_dcfull_n1,transmission,upgrade_branch,transformer,AC,SOUTH,12526-6066,12526,6066,195.7,587.1,391.4,55.0,ALL,18.0,500.0,500.0,T7_structural,3.0,Major Transformer 3x,159.3,159.5,3629,53.2,True,0.0,-98.094738,29.6124265,-98.094738,29.6124265
2023_all2030_genstorage_dcfull_n1_ALL_2030,2023,all2030,expansion_tx,ALL_2030,all2030_genstorage_dcfull_n1,transmission,upgrade_branch,transformer,AC,SOUTH,6257-6254,6257,6254,215.3,645.9,430.6,55.0,ALL,13.8,500.0,500.0,T7_structural,3.0,Major Transformer 3x,151.5,151.5,3629,50.5,True,0.0,-97.77508287179488,30.30416587179487,-97.77508287179488,30.30416587179487
2023_all2030_genstorage_dcfull_n1_ALL_2030,2023,all2030,expansion_tx,ALL_2030,all2030_genstorage_dcfull_n1,transmission,upgrade_branch,transformer,AC,SOUTH,6258-6254,6258,6254,198.4,595.2,396.8,55.0,ALL,13.8,500.0,500.0,T7_structural,3.0,Major Transformer 3x,154.1,154.2,3629,51.5,True,0.0,-97.77508287179488,30.30416587179487,-97.77508287179488,30.30416587179487
2023_all2030_genstorage_dcfull_n1_ALL_2030,2023,all2030,expansion_tx,ALL_2030,all2030_genstorage_dcfull_n1,transmission,upgrade_branch,transformer,AC,SOUTH,6301-6298,6301,6298,303.2,909.6,606.4,55.0,ALL,22.0,500.0,500.0,T7_structural,3.0,Major Transformer 3x,155.2,155.2,3629,51.9,True,0.0,-98.08352933333332,29.745433666666667,-98.08352933333332,29.745433666666667
2023_all2030_genstorage_dcfull_n1_ALL_2030,2023,all2030,expansion_tx,ALL_2030,all2030_genstorage_dcfull_n1,transmission,upgrade_branch,transformer,AC,SOUTH,6302-6298,6302,6298,284.1,852.3,568.2,55.0,ALL,22.0,500.0,500.0,T7_structural,3.0,Major Transformer 3x,164.2,164.3,3629,54.7,True,0.0,-98.08352933333332,29.745433666666667,-98.08352933333332,29.745433666666667
2023_all2030_genstorage_dcfull_n1_ALL_2030,2023,all2030,expansion_tx,ALL_2030,all2030_genstorage_dcfull_n1,transmission,upgrade_branch,transformer,AC,NORTH,8046-8043,8046,8043,248.7,746.1,497.4,55.0,ALL,18.0,500.0,500.0,T7_structural,3.0,Major Transformer 3x,179.8,179.8,-1,60.3,True,0.0,-96.08704033333332,31.83128633333333,-96.08704033333332,31.83128633333333
2023_all2030_genstorage_dcfull_n1_ALL_2030,2023,all2030,expansion_tx,ALL_2030,all2030_genstorage_dcfull_n1,transmission,upgrade_branch,transformer,AC,NORTH,8049-8043,8049,8043,253.7,761.1,507.4,55.0,ALL,18.0,500.0,500.0,T7_structural,3.0,Major Transformer 3x,161.7,161.7,-1,53.9,True,0.0,-96.08704033333332,31.83128633333333,-96.08704033333332,31.83128633333333
2023_all2030_genstorage_dcfull_n1_ALL_2030,2023,all2030,expansion_tx,ALL_2030,all2030_genstorage_dcfull_n1,transmission,upgrade_branch,transformer,AC,NORTH,8050-8043,8050,8043,236.4,709.2,472.8,55.0,ALL,18.0,500.0,500.0,T7_structural,3.0,Major Transformer 3x,173.6,173.8,3629,58.2,True,0.0,-96.08704033333332,31.83128633333333,-96.08704033333332,31.83128633333333
2023_all2030_genstorage_dcfull_n1_ALL_2030,2023,all2030,expansion_tx,ALL_2030,all2030_genstorage_dcfull_n1,transmission,upgrade_branch,transformer,AC,NORTH,8051-8043,8051,8043,261.4,784.2,522.8,55.0,ALL,18.0,500.0,500.0,T7_structural,3.0,Major Transformer 3x,157.0,157.0,-1,52.3,True,0.0,-96.08704033333332,31.83128633333333,-96.08704033333332,31.83128633333333
2023_all2030_genstorage_dcfull_n1_ALL_2030,2023,all2030,expansion_tx,ALL_2030,all2030_genstorage_dcfull_n1,transmission,upgrade_branch,transformer,AC,NORTH,8078-8074,8078,8074,204.8,614.4,409.6,55.0,ALL,13.8,500.0,500.0,T7_structural,3.0,Major Transformer 3x,177.6,177.6,3629,59.2,True,0.0,-94.619743,32.017826,-94.619743,32.017826
2023_all2030_genstorage_dcfull_n1_ALL_2030,2023,all2030,expansion_tx,ALL_2030,all2030_genstorage_dcfull_n1,transmission,upgrade_branch,transformer,AC,NORTH,8079-8074,8079,8074,218.2,654.6,436.4,55.0,ALL,13.8,500.0,500.0,T7_structural,3.0,Major Transformer 3x,164.4,164.4,-1,54.9,True,0.0,-94.619743,32.017826,-94.619743,32.017826
2023_all2030_genstorage_dcfull_n1_ALL_2030,2023,all2030,expansion_tx,ALL_2030,all2030_genstorage_dcfull_n1,transmission,upgrade_branch,transformer,AC,NORTH,8080-8074,8080,8074,228.9,686.7,457.8,55.0,ALL,13.8,500.0,500.0,T7_structural,3.0,Major Transformer 3x,156.7,156.7,4643,52.2,True,0.0,-94.619743,32.017826,-94.619743,32.017826
2023_all2030_genstorage_dcfull_n1_ALL_2030,2023,all2030,expansion_tx,ALL_2030,all2030_genstorage_dcfull_n1,transmission,upgrade_branch,transformer,AC,NORTH,8115-8112,8115,8112,765.1,2295.3,1530.2,55.0,ALL,13.8,500.0,500.0,T7_structural,3.0,Major Transformer 3x,161.2,161.2,-1,53.9,True,0.0,-95.123407,31.9424935,-95.123407,31.9424935
2023_all2030_genstorage_dcfull_n1_ALL_2030,2023,all2030,expansion_tx,ALL_2030,all2030_genstorage_dcfull_n1,transmission,upgrade_branch,transformer,AC,NORTH,8116-8112,8116,8112,212.1,636.3,424.2,55.0,ALL,13.8,500.0,500.0,T7_structural,3.0,Major Transformer 3x,193.5,193.5,-1,64.5,True,0.0,-95.123407,31.9424935,-95.123407,31.9424935
2023_all2030_genstorage_dcfull_n1_ALL_2030,2023,all2030,expansion_tx,ALL_2030,all2030_genstorage_dcfull_n1,transmission,upgrade_branch,transformer,AC,NORTH,13016-8158,13016,8158,165.1,495.3,330.2,55.0,ALL,20.0,500.0,500.0,T7_structural,3.0,Major Transformer 3x,163.6,163.7,3629,54.5,True,0.0,-96.4032496,30.7142204,-96.4032496,30.7142204
2023_all2030_genstorage_dcfull_n1_ALL_2030,2023,all2030,expansion_tx,ALL_2030,all2030_genstorage_dcfull_n1,transmission,upgrade_branch,transformer,AC,NORTH,12506-12505,12506,12505,516.9,1550.7,1033.8,55.0,ALL,20.0,500.0,500.0,T7_structural,3.0,Major Transformer 3x,193.0,193.0,3629,64.5,True,0.0,-96.4916,32.7563,-96.4916,32.7563
2023_all2030_genstorage_dcfull_n1_ALL_2030,2023,all2030,expansion_tx,ALL_2030,all2030_genstorage_dcfull_n1,transmission,upgrade_branch,transformer,AC,NORTH,12507-12505,12507,12505,607.1,1821.3,1214.2,55.0,ALL,20.0,500.0,500.0,T7_structural,3.0,Major Transformer 3x,164.3,164.3,1698,54.9,True,0.0,-96.4916,32.7563,-96.4916,32.7563
2023_all2030_genstorage_dcfull_n1_ALL_2030,2023,all2030,expansion_tx,ALL_2030,all2030_genstorage_dcfull_n1,transmission,upgrade_branch,transformer,AC,NORTH,12508-12505,12508,12505,230.1,690.3,460.2,55.0,ALL,20.0,500.0,500.0,T7_structural,3.0,Major Transformer 3x,176.2,176.2,3629,58.9,True,0.0,-96.4916,32.7563,-96.4916,32.7563
2023_all2030_genstorage_dcfull_n1_ALL_2030,2023,all2030,expansion_tx,ALL_2030,all2030_genstorage_dcfull_n1,transmission,upgrade_branch,transformer,AC,NORTH,12529-12528,12529,12528,647.1,1941.3,1294.2,55.0,ALL,20.0,500.0,500.0,T7_structural,3.0,Major Transformer 3x,164.6,164.7,3629,54.9,True,0.0,-97.34008506896552,32.753233586206896,-97.34008506896552,32.753233586206896
2023_all2030_genstorage_dcfull_n1_ALL_2030,2023,all2030,expansion_tx,ALL_2030,all2030_genstorage_dcfull_n1,transmission,upgrade_branch,transformer,AC,NORTH,12530-12528,12530,12528,552.1,1656.3,1104.2,55.0,ALL,20.0,500.0,500.0,T7_structural,3.0,Major Transformer 3x,193.0,193.0,3629,64.3,True,0.0,-97.34008506896552,32.753233586206896,-97.34008506896552,32.753233586206896
2023_all2030_genstorage_dcfull_n1_ALL_2030,2023,all2030,expansion_tx,ALL_2030,all2030_genstorage_dcfull_n1,transmission,upgrade_branch,transformer,AC,NORTH,12537-12536,12537,12536,708.7,2126.1,1417.4,55.0,ALL,20.0,500.0,500.0,T7_structural,3.0,Major Transformer 3x,181.3,181.3,3629,60.6,True,0.0,-96.5458,32.8358,-96.5458,32.8358
2023_all2030_genstorage_dcfull_n1_ALL_2030,2023,all2030,expansion_tx,ALL_2030,all2030_genstorage_dcfull_n1,transmission,upgrade_branch,transformer,AC,NORTH,12549-12547,12549,12547,200.4,601.2,400.8,55.0,ALL,13.8,500.0,500.0,T7_structural,3.0,Major Transformer 3x,193.5,193.6,3629,64.5,True,0.0,-97.46203133333334,31.819786000000004,-97.46203133333334,31.819786000000004
2023_all2030_genstorage_dcfull_n1_ALL_2030,2023,all2030,expansion_tx,ALL_2030,all2030_genstorage_dcfull_n1,transmission,upgrade_branch,transformer,AC,SOUTH,12562-12560,12562,12560,273.2,819.6,546.4,55.0,ALL,20.0,500.0,500.0,T7_structural,3.0,Major Transformer 3x,160.3,160.3,4680,53.4,True,0.0,-98.3163296,26.4391468,-98.3163296,26.4391468
2023_all2030_genstorage_dcfull_n1_ALL_2030,2023,all2030,expansion_tx,ALL_2030,all2030_genstorage_dcfull_n1,transmission,upgrade_branch,transformer,AC,SOUTH,12563-12560,12563,12560,263.3,789.9,526.6,55.0,ALL,20.0,500.0,500.0,T7_structural,3.0,Major Transformer 3x,166.3,166.3,-1,57.0,True,0.0,-98.3163296,26.4391468,-98.3163296,26.4391468
2023_all2030_genstorage_dcfull_n1_ALL_2030,2023,all2030,expansion_tx,ALL_2030,all2030_genstorage_dcfull_n1,transmission,upgrade_branch,transformer,AC,SOUTH,12623-12621,12623,12621,210.1,630.3,420.2,55.0,ALL,20.0,500.0,500.0,T7_structural,3.0,Major Transformer 3x,163.9,164.0,3629,54.6,True,0.0,-97.2711,30.146700000000003,-97.2711,30.146700000000003
2023_all2030_genstorage_dcfull_n1_ALL_2030,2023,all2030,expansion_tx,ALL_2030,all2030_genstorage_dcfull_n1,transmission,upgrade_branch,transformer,AC,NORTH,12729-12728,12729,12728,179.8,539.4,359.6,55.0,ALL,20.0,500.0,500.0,T7_structural,3.0,Major Transformer 3x,188.6,188.6,3629,62.9,True,0.0,-96.452481,33.068055,-96.452481,33.068055
2023_all2030_genstorage_dcfull_n1_ALL_2030,2023,all2030,expansion_tx,ALL_2030,all2030_genstorage_dcfull_n1,transmission,upgrade_branch,transformer,AC,NORTH,12764-12763,12764,12763,288.6,865.8,577.2,55.0,ALL,20.0,500.0,500.0,T7_structural,3.0,Major Transformer 3x,78.4,277.2,4462,26.1,True,0.0,-96.38666966666666,32.061173333333336,-96.38666966666666,32.061173333333336
2023_all2030_genstorage_dcfull_n1_ALL_2030,2023,all2030,expansion_tx,ALL_2030,all2030_genstorage_dcfull_n1,transmission,upgrade_branch,transformer,AC,NORTH,12866-12867,12866,12867,600.0,1800.0,1200.0,55.0,ALL,161.0,500.0,500.0,T7_structural,3.0,Major Transformer 3x,80.8,172.5,471,59.9,True,0.0,-101.326111,35.093889,-101.326111,35.093889
2023_all2030_genstorage_dcfull_n1_ALL_2030,2023,all2030,expansion_tx,ALL_2030,all2030_genstorage_dcfull_n1,transmission,upgrade_branch,line,AC,NORTH,12807-13055,12807,13055,243.0,534.6,291.6,54.268,ALL,161.0,161.0,161.0,T6_heavy,2.2,New Parallel Circuit,51.4,148.3,481,75.2,True,14.4,-101.381494,34.196962,-101.244172,34.371689
2023_all2030_genstorage_dcfull_n1_ALL_2030,2023,all2030,expansion_tx,ALL_2030,all2030_genstorage_dcfull_n1,transmission,upgrade_branch,line,AC,HOUSTON,7020-6173,7020,6173,120.0,264.0,144.0,53.813,ALL,115.0,115.0,115.0,T6_heavy,2.2,New Parallel Circuit,73.9,147.4,2686,86.6,True,18.0,-97.135,28.8947,-97.2968245,29.1133745
2023_all2030_genstorage_dcfull_n1_ALL_2030,2023,all2030,expansion_tx,ALL_2030,all2030_genstorage_dcfull_n1,transmission,upgrade_branch,line,AC,NORTH,5359-5276,5359,5276,251.0,627.5,376.5,53.421,ALL,161.0,161.0,161.0,T7_structural,2.5,New Corridor/Aggressive Parallel,43.0,160.0,4713,67.0,True,7.1,-96.93121275,31.43308425,-96.84912,31.509216
2023_all2030_genstorage_dcfull_n1_ALL_2030,2023,all2030,expansion_tx,ALL_2030,all2030_genstorage_dcfull_n1,transmission,upgrade_branch,line,AC,NORTH,5154-5151,5154,5151,187.0,411.4,224.4,52.775,ALL,161.0,161.0,161.0,T6_heavy,2.2,New Parallel Circuit,63.6,146.0,1834,89.3,True,14.0,-97.343521,32.116002,-97.52976,31.988989
2023_all2030_genstorage_dcfull_n1_ALL_2030,2023,all2030,expansion_tx,ALL_2030,all2030_genstorage_dcfull_n1,transmission,upgrade_branch,line,AC,SOUTH,4038-4169,4038,4169,218.0,479.6,261.6,51.574,ALL,115.0,115.0,115.0,T6_heavy,2.2,New Parallel Circuit,89.1,148.3,1216,74.0,True,17.2,-97.8000875,28.41935,-97.817507,28.170179
2023_all2030_genstorage_dcfull_n1_ALL_2030,2023,all2030,expansion_tx,ALL_2030,all2030_genstorage_dcfull_n1,transmission,upgrade_branch,line,AC,SOUTH,4038-4169,4038,4169,218.0,479.6,261.6,51.574,ALL,115.0,115.0,115.0,T6_heavy,2.2,New Parallel Circuit,89.1,148.3,1215,74.0,True,17.2,-97.8000875,28.41935,-97.817507,28.170179
2023_all2030_genstorage_dcfull_n1_ALL_2030,2023,all2030,expansion_tx,ALL_2030,all2030_genstorage_dcfull_n1,transmission,upgrade_branch,line,AC,NORTH,5103-5139,5103,5139,233.0,512.6,279.6,50.522,ALL,161.0,161.0,161.0,T6_heavy,2.2,New Parallel Circuit,115.7,133.2,2112,75.2,True,13.4,-96.7025715,32.983810000000005,-96.80082027272728,32.808276409090915
2023_all2030_genstorage_dcfull_n1_ALL_2030,2023,all2030,expansion_tx,ALL_2030,all2030_genstorage_dcfull_n1,transmission,upgrade_branch,line,AC,NORTH,8090-8092,8090,8092,98.0,215.6,117.6,50.391,ALL,115.0,115.0,115.0,T6_heavy,2.2,New Parallel Circuit,64.9,146.9,4353,80.9,True,16.9,-95.58334,31.606693,-95.863721,31.557267
2023_all2030_genstorage_dcfull_n1_ALL_2030,2023,all2030,expansion_tx,ALL_2030,all2030_genstorage_dcfull_n1,transmission,upgrade_branch,line,AC,NORTH,5034-5313,5034,5313,227.6,500.7,273.1,49.878,ALL,161.0,161.0,161.0,T6_heavy,2.2,New Parallel Circuit,117.3,148.8,1683,117.1,False,13.2,-96.80082027272728,32.808276409090915,-96.695516,32.63852
2023_all2030_genstorage_dcfull_n1_ALL_2030,2023,all2030,expansion_tx,ALL_2030,all2030_genstorage_dcfull_n1,transmission,upgrade_branch,line,AC,SOUTH,6095-6353,6095,6353,128.1,320.2,192.1,49.407,ALL,115.0,115.0,115.0,T7_structural,2.5,New Corridor/Aggressive Parallel,121.9,160.9,2848,99.1,True,8.0,-97.546124,30.560042,-97.677175,30.5341255
2023_all2030_genstorage_dcfull_n1_ALL_2030,2023,all2030,expansion_tx,ALL_2030,all2030_genstorage_dcfull_n1,transmission,upgrade_branch,line,AC,NORTH,5219-5371,5219,5371,187.0,467.5,280.5,49.272,ALL,161.0,161.0,161.0,T7_structural,2.5,New Corridor/Aggressive Parallel,70.9,169.4,1927,67.7,True,6.6,-96.428985,32.533273,-96.539931,32.552083
2023_all2030_genstorage_dcfull_n1_ALL_2030,2023,all2030,expansion_tx,ALL_2030,all2030_genstorage_dcfull_n1,transmission,upgrade_branch,line,AC,WEST,1112-1120,1112,1120,130.4,286.9,156.5,48.456,ALL,115.0,115.0,115.0,T6_heavy,2.2,New Parallel Circuit,96.5,147.0,199,99.5,True,16.2,-101.014,32.239,-101.28,32.173
2023_all2030_genstorage_dcfull_n1_ALL_2030,2023,all2030,expansion_tx,ALL_2030,all2030_genstorage_dcfull_n1,transmission,upgrade_branch,line,AC,HOUSTON,7182-7237,7182,7237,150.0,330.0,180.0,48.346,ALL,115.0,115.0,115.0,T6_heavy,2.2,New Parallel Circuit,85.2,142.5,3599,86.1,True,16.2,-96.012215,29.792687,-95.98036,29.560311
2023_all2030_genstorage_dcfull_n1_ALL_2030,2023,all2030,expansion_tx,ALL_2030,all2030_genstorage_dcfull_n1,transmission,upgrade_branch,line,AC,SOUTH,4114-4197,4114,4197,165.5,289.6,124.1,47.98,ALL,115.0,115.0,115.0,T5_moderate,1.75,HTLS Reconductor,38.8,111.1,1548,63.4,True,24.6,-99.3906115,27.588413625,-99.005278,27.488056
2023_all2030_genstorage_dcfull_n1_ALL_2030,2023,all2030,expansion_tx,ALL_2030,all2030_genstorage_dcfull_n1,transmission,upgrade_branch,line,AC,SOUTH,4114-4197,4114,4197,165.5,289.6,124.1,47.98,ALL,115.0,115.0,115.0,T5_moderate,1.75,HTLS Reconductor,38.8,111.1,1548,63.4,True,24.6,-99.3906115,27.588413625,-99.005278,27.488056
2023_all2030_genstorage_dcfull_n1_ALL_2030,2023,all2030,expansion_tx,ALL_2030,all2030_genstorage_dcfull_n1,transmission,upgrade_branch,line,AC,NORTH,5085-5353,5085,5353,191.3,420.9,229.6,47.702,ALL,161.0,161.0,161.0,T6_heavy,2.2,New Parallel Circuit,94.8,126.6,1815,97.2,True,12.7,-96.80082027272728,32.808276409090915,-96.914175,32.651936
2023_all2030_genstorage_dcfull_n1_ALL_2030,2023,all2030,expansion_tx,ALL_2030,all2030_genstorage_dcfull_n1,transmission,upgrade_branch,line,AC,NORTH,5108-5353,5108,5353,251.0,552.2,301.2,47.702,ALL,161.0,161.0,161.0,T6_heavy,2.2,New Parallel Circuit,65.9,126.1,2544,90.6,True,12.7,-96.80082027272728,32.808276409090915,-96.914175,32.651936
2023_all2030_genstorage_dcfull_n1_ALL_2030,2023,all2030,expansion_tx,ALL_2030,all2030_genstorage_dcfull_n1,transmission,upgrade_branch,line,AC,HOUSTON,7237-7088,7237,7088,200.0,440.0,240.0,47.442,ALL,115.0,115.0,115.0,T6_heavy,2.2,New Parallel Circuit,103.7,136.6,3886,78.1,True,15.9,-95.98036,29.560311,-95.733244,29.47971475
2023_all2030_genstorage_dcfull_n1_ALL_2030,2023,all2030,expansion_tx,ALL_2030,all2030_genstorage_dcfull_n1,transmission,upgrade_branch,line,AC,NORTH,5314-5127,5314,5127,187.0,327.2,140.2,46.995,ALL,161.0,161.0,161.0,T5_moderate,1.75,HTLS Reconductor,53.7,114.1,1564,32.2,True,19.0,-97.506079,31.662159,-97.804426,31.769003
2023_all2030_genstorage_dcfull_n1_ALL_2030,2023,all2030,expansion_tx,ALL_2030,all2030_genstorage_dcfull_n1,transmission,upgrade_branch,line,AC,NORTH,5407-5151,5407,5151,187.0,411.4,224.4,46.55,ALL,161.0,161.0,161.0,T6_heavy,2.2,New Parallel Circuit,65.9,147.3,2137,74.7,True,12.3,-97.46203133333334,31.819786000000004,-97.52976,31.988989
2023_all2030_genstorage_dcfull_n1_ALL_2030,2023,all2030,expansion_tx,ALL_2030,all2030_genstorage_dcfull_n1,transmission,upgrade_branch,line,AC,WEST,3069-3091,3069,3091,165.8,290.2,124.4,45.909,ALL,115.0,115.0,115.0,T5_moderate,1.75,HTLS Reconductor,84.6,116.9,946,50.2,True,23.5,-99.753027,32.120249,-99.70613471428572,32.45867642857143
2023_all2030_genstorage_dcfull_n1_ALL_2030,2023,all2030,expansion_tx,ALL_2030,all2030_genstorage_dcfull_n1,transmission,upgrade_branch,line,AC,SOUTH,6142-6240,6142,6240,505.7,885.0,379.3,45.476,ALL,230.0,230.0,230.0,T5_moderate,1.75,HTLS Reconductor,75.6,118.9,2964,54.6,True,16.3,-98.5093816037736,29.474642000000003,-98.35335,29.282378
2023_all2030_genstorage_dcfull_n1_ALL_2030,2023,all2030,expansion_tx,ALL_2030,all2030_genstorage_dcfull_n1,transmission,upgrade_branch,line,AC,NORTH,5060-8065,5060,8065,137.0,301.4,164.4,45.39,ALL,115.0,115.0,115.0,T6_heavy,2.2,New Parallel Circuit,77.5,137.7,1747,68.5,True,15.2,-96.092445,32.357217500000004,-96.1482745,32.142643
2023_all2030_genstorage_dcfull_n1_ALL_2030,2023,all2030,expansion_tx,ALL_2030,all2030_genstorage_dcfull_n1,transmission,upgrade_branch,line,AC,NORTH,5003-5436,5003,5436,236.0,519.2,283.2,44.815,ALL,161.0,161.0,161.0,T6_heavy,2.2,New Parallel Circuit,113.3,137.7,1881,98.8,True,11.9,-96.6344372,32.9086048,-96.80082027272728,32.808276409090915
2023_all2030_genstorage_dcfull_n1_ALL_2030,2023,all2030,expansion_tx,ALL_2030,all2030_genstorage_dcfull_n1,transmission,upgrade_branch,line,AC,WEST,3066-12910,3066,12910,143.5,251.1,107.6,44.194,ALL,115.0,115.0,115.0,T5_moderate,1.75,HTLS Reconductor,79.0,112.2,887,69.6,True,22.7,-99.529678,31.25981966666667,-99.849793,31.4410845
2023_all2030_genstorage_dcfull_n1_ALL_2030,2023,all2030,expansion_tx,ALL_2030,all2030_genstorage_dcfull_n1,transmission,upgrade_branch,line,AC,NORTH,5096-5412,5096,5412,291.0,640.2,349.2,43.736,ALL,161.0,161.0,161.0,T6_heavy,2.2,New Parallel Circuit,45.4,137.2,2361,77.3,True,11.6,-96.73076228571428,33.04730142857143,-96.534936,33.012135
2023_all2030_genstorage_dcfull_n1_ALL_2030,2023,all2030,expansion_tx,ALL_2030,all2030_genstorage_dcfull_n1,transmission,upgrade_branch,line,AC,HOUSTON,7049-7229,7049,7229,171.0,299.2,128.2,43.67,ALL,115.0,115.0,115.0,T5_moderate,1.75,HTLS Reconductor,60.1,113.9,3431,44.6,True,22.4,-95.7842315,29.79427175,-95.41128715217393,29.77727818478261
2023_all2030_genstorage_dcfull_n1_ALL_2030,2023,all2030,expansion_tx,ALL_2030,all2030_genstorage_dcfull_n1,transmission,upgrade_branch,line,AC,WEST,3013-3031,3013,3031,141.2,310.6,169.4,43.498,ALL,115.0,115.0,115.0,T6_heavy,2.2,New Parallel Circuit,101.5,135.9,718,66.9,True,14.5,-99.70613471428572,32.45867642857143,-99.826041,32.274081
2023_all2030_genstorage_dcfull_n1_ALL_2030,2023,all2030,expansion_tx,ALL_2030,all2030_genstorage_dcfull_n1,transmission,upgrade_branch,line,AC,SOUTH,4013-4122,4013,4122,187.6,412.7,225.1,43.346,ALL,115.0,115.0,115.0,T6_heavy,2.2,New Parallel Circuit,115.9,149.8,1089,67.5,True,14.5,-98.3163296,26.4391468,-98.27456266666668,26.232699
2023_all2030_genstorage_dcfull_n1_ALL_2030,2023,all2030,expansion_tx,ALL_2030,all2030_genstorage_dcfull_n1,transmission,upgrade_branch,line,AC,SOUTH,4013-4122,4013,4122,187.6,412.7,225.1,43.346,ALL,115.0,115.0,115.0,T6_heavy,2.2,New Parallel Circuit,115.9,149.8,1088,67.5,True,14.5,-98.3163296,26.4391468,-98.27456266666668,26.232699
2023_all2030_genstorage_dcfull_n1_ALL_2030,2023,all2030,expansion_tx,ALL_2030,all2030_genstorage_dcfull_n1,transmission,upgrade_branch,line,AC,SOUTH,4013-4122,4013,4122,187.6,412.7,225.1,43.346,ALL,115.0,115.0,115.0,T6_heavy,2.2,New Parallel Circuit,115.9,149.8,1088,67.5,True,14.5,-98.3163296,26.4391468,-98.27456266666668,26.232699
2023_all2030_genstorage_dcfull_n1_ALL_2030,2023,all2030,expansion_tx,ALL_2030,all2030_genstorage_dcfull_n1,transmission,upgrade_branch,line,AC,SOUTH,4013-4122,4013,4122,187.6,412.7,225.1,43.346,ALL,115.0,115.0,115.0,T6_heavy,2.2,New Parallel Circuit,115.9,149.8,1088,67.5,True,14.5,-98.3163296,26.4391468,-98.27456266666668,26.232699
2023_all2030_genstorage_dcfull_n1_ALL_2030,2023,all2030,expansion_tx,ALL_2030,all2030_genstorage_dcfull_n1,transmission,upgrade_branch,line,AC,NORTH,8151-8090,8151,8090,98.0,215.6,117.6,43.008,ALL,115.0,115.0,115.0,T6_heavy,2.2,New Parallel Circuit,49.4,131.4,4353,73.8,True,14.4,-95.481652,31.417425,-95.58334,31.606693
2023_all2030_genstorage_dcfull_n1_ALL_2030,2023,all2030,expansion_tx,ALL_2030,all2030_genstorage_dcfull_n1,transmission,upgrade_branch,line,AC,NORTH,5427-5333,5427,5333,310.0,682.0,372.0,41.528,ALL,161.0,161.0,161.0,T6_heavy,2.2,New Parallel Circuit,91.1,127.8,2409,58.3,True,11.0,-96.8502335,32.366515,-96.807315,32.521773
2023_all2030_genstorage_dcfull_n1_ALL_2030,2023,all2030,expansion_tx,ALL_2030,all2030_genstorage_dcfull_n1,transmission,upgrade_branch,line,AC,NORTH,5427-5333,5427,5333,310.0,682.0,372.0,41.528,ALL,161.0,161.0,161.0,T6_heavy,2.2,New Parallel Circuit,91.1,127.8,2408,58.3,True,11.0,-96.8502335,32.366515,-96.807315,32.521773
2023_all2030_genstorage_dcfull_n1_ALL_2030,2023,all2030,expansion_tx,ALL_2030,all2030_genstorage_dcfull_n1,transmission,upgrade_branch,line,AC,NORTH,5003-5213,5003,5213,251.0,351.4,100.4,40.95,ALL,161.0,161.0,161.0,T4_light,1.4,Reconductor(ACSR->ACSS),84.7,107.2,2480,63.8,True,0.0,-96.6344372,32.9086048,-96.6344372,32.9086048
2023_all2030_genstorage_dcfull_n1_ALL_2030,2023,all2030,expansion_tx,ALL_2030,all2030_genstorage_dcfull_n1,transmission,upgrade_branch,line,AC,NORTH,5122-5149,5122,5149,198.3,277.6,79.3,40.95,ALL,161.0,161.0,161.0,T4_light,1.4,Reconductor(ACSR->ACSS),57.2,101.5,2017,82.5,True,0.0,-96.80082027272728,32.808276409090915,-96.80082027272728,32.808276409090915
2023_all2030_genstorage_dcfull_n1_ALL_2030,2023,all2030,expansion_tx,ALL_2030,all2030_genstorage_dcfull_n1,transmission,upgrade_branch,line,AC,NORTH,5125-5330,5125,5330,211.4,296.0,84.6,40.95,ALL,161.0,161.0,161.0,T4_light,1.4,Reconductor(ACSR->ACSS),67.8,106.1,2532,78.7,True,0.0,-97.12502636363637,32.69967490909091,-97.12502636363637,32.69967490909091
2023_all2030_genstorage_dcfull_n1_ALL_2030,2023,all2030,expansion_tx,ALL_2030,all2030_genstorage_dcfull_n1,transmission,upgrade_branch,line,AC,NORTH,5175-5165,5175,5165,409.0,572.6,163.6,40.95,ALL,161.0,161.0,161.0,T4_light,1.4,Reconductor(ACSR->ACSS),73.9,104.2,2078,70.3,True,0.0,-97.13581333333332,33.210620166666665,-97.13581333333332,33.210620166666665
2023_all2030_genstorage_dcfull_n1_ALL_2030,2023,all2030,expansion_tx,ALL_2030,all2030_genstorage_dcfull_n1,transmission,upgrade_branch,line,AC,NORTH,5175-5165,5175,5165,409.0,572.6,163.6,40.95,ALL,161.0,161.0,161.0,T4_light,1.4,Reconductor(ACSR->ACSS),73.9,104.2,2077,70.3,True,0.0,-97.13581333333332,33.210620166666665,-97.13581333333332,33.210620166666665
2023_all2030_genstorage_dcfull_n1_ALL_2030,2023,all2030,expansion_tx,ALL_2030,all2030_genstorage_dcfull_n1,transmission,upgrade_branch,line,AC,NORTH,5175-5165,5175,5165,409.0,572.6,163.6,40.95,ALL,161.0,161.0,161.0,T4_light,1.4,Reconductor(ACSR->ACSS),73.9,104.2,2077,70.3,True,0.0,-97.13581333333332,33.210620166666665,-97.13581333333332,33.210620166666665
2023_all2030_genstorage_dcfull_n1_ALL_2030,2023,all2030,expansion_tx,ALL_2030,all2030_genstorage_dcfull_n1,transmission,upgrade_branch,line,AC,NORTH,5183-5224,5183,5224,251.0,351.4,100.4,40.95,ALL,161.0,161.0,161.0,T4_light,1.4,Reconductor(ACSR->ACSS),36.5,102.6,1999,73.3,True,0.0,-96.88981733333333,33.00596633333333,-96.88981733333333,33.00596633333333
2023_all2030_genstorage_dcfull_n1_ALL_2030,2023,all2030,expansion_tx,ALL_2030,all2030_genstorage_dcfull_n1,transmission,upgrade_branch,line,AC,NORTH,5387-5184,5387,5184,251.0,351.4,100.4,40.95,ALL,161.0,161.0,161.0,T4_light,1.4,Reconductor(ACSR->ACSS),6.1,109.3,2465,78.0,True,0.0,-97.34008506896552,32.753233586206896,-97.34008506896552,32.753233586206896
2023_all2030_genstorage_dcfull_n1_ALL_2030,2023,all2030,expansion_tx,ALL_2030,all2030_genstorage_dcfull_n1,transmission,upgrade_branch,line,AC,NORTH,5330-5440,5330,5440,263.0,368.2,105.2,40.95,ALL,161.0,161.0,161.0,T4_light,1.4,Reconductor(ACSR->ACSS),82.5,108.9,1802,81.3,True,0.0,-97.12502636363637,32.69967490909091,-97.12502636363637,32.69967490909091
2023_all2030_genstorage_dcfull_n1_ALL_2030,2023,all2030,expansion_tx,ALL_2030,all2030_genstorage_dcfull_n1,transmission,upgrade_branch,line,AC,WEST,3042-3111,3042,3111,221.0,386.8,165.8,40.849,ALL,115.0,115.0,115.0,T5_moderate,1.75,HTLS Reconductor,85.0,118.0,1950,66.6,True,20.9,-100.6917,32.05,-100.98431625,31.875952
2023_all2030_genstorage_dcfull_n1_ALL_2030,2023,all2030,expansion_tx,ALL_2030,all2030_genstorage_dcfull_n1,transmission,upgrade_branch,line,AC,NORTH,5274-5109,5274,5109,251.0,627.5,376.5,40.25,ALL,161.0,161.0,161.0,T7_structural,2.5,New Corridor/Aggressive Parallel,214.2,238.3,2052,121.5,False,5.4,-96.674333,32.605192,-96.7651095,32.5902035
2023_all2030_genstorage_dcfull_n1_ALL_2030,2023,all2030,expansion_tx,ALL_2030,all2030_genstorage_dcfull_n1,transmission,upgrade_branch,transformer,AC,NORTH,2024-2021,2024,2021,127.5,255.0,127.5,40.0,ALL,13.8,500.0,500.0,T6_heavy,2.0,Parallel Transformer 2x,146.5,146.5,-1,73.2,True,0.0,-95.538503,33.639774,-95.538503,33.639774
2023_all2030_genstorage_dcfull_n1_ALL_2030,2023,all2030,expansion_tx,ALL_2030,all2030_genstorage_dcfull_n1,transmission,upgrade_branch,transformer,AC,SOUTH,4080-12535,4080,12535,800.0,1600.0,800.0,40.0,ALL,230.0,500.0,500.0,T6_heavy,2.0,Parallel Transformer 2x,106.2,136.2,1355,68.8,True,0.0,-97.4230987368421,27.74350405263158,-97.4230987368421,27.74350405263158
2023_all2030_genstorage_dcfull_n1_ALL_2030,2023,all2030,expansion_tx,ALL_2030,all2030_genstorage_dcfull_n1,transmission,upgrade_branch,transformer,AC,SOUTH,4080-12535,4080,12535,800.0,1600.0,800.0,40.0,ALL,230.0,500.0,500.0,T6_heavy,2.0,Parallel Transformer 2x,106.2,136.2,1354,68.8,True,0.0,-97.4230987368421,27.74350405263158,-97.4230987368421,27.74350405263158
2023_all2030_genstorage_dcfull_n1_ALL_2030,2023,all2030,expansion_tx,ALL_2030,all2030_genstorage_dcfull_n1,transmission,upgrade_branch,transformer,AC,SOUTH,4080-12535,4080,12535,800.0,1600.0,800.0,40.0,ALL,230.0,500.0,500.0,T6_heavy,2.0,Parallel Transformer 2x,106.2,136.2,1354,68.8,True,0.0,-97.4230987368421,27.74350405263158,-97.4230987368421,27.74350405263158
2023_all2030_genstorage_dcfull_n1_ALL_2030,2023,all2030,expansion_tx,ALL_2030,all2030_genstorage_dcfull_n1,transmission,upgrade_branch,transformer,AC,SOUTH,4080-12535,4080,12535,800.0,1600.0,800.0,40.0,ALL,230.0,500.0,500.0,T6_heavy,2.0,Parallel Transformer 2x,106.2,136.2,1354,68.8,True,0.0,-97.4230987368421,27.74350405263158,-97.4230987368421,27.74350405263158
2023_all2030_genstorage_dcfull_n1_ALL_2030,2023,all2030,expansion_tx,ALL_2030,all2030_genstorage_dcfull_n1,transmission,upgrade_branch,transformer,AC,NORTH,5034-5033,5034,5033,1209.0,2418.0,1209.0,40.0,ALL,161.0,500.0,500.0,T6_heavy,2.0,Parallel Transformer 2x,125.2,139.3,2544,79.2,True,0.0,-96.80082027272728,32.808276409090915,-96.80082027272728,32.808276409090915
2023_all2030_genstorage_dcfull_n1_ALL_2030,2023,all2030,expansion_tx,ALL_2030,all2030_genstorage_dcfull_n1,transmission,upgrade_branch,transformer,AC,NORTH,5449-5448,5449,5448,1267.0,2534.0,1267.0,40.0,ALL,161.0,500.0,500.0,T6_heavy,2.0,Parallel Transformer 2x,118.8,129.0,1677,73.4,True,0.0,-97.010181,32.723688,-97.010181,32.723688
2023_all2030_genstorage_dcfull_n1_ALL_2030,2023,all2030,expansion_tx,ALL_2030,all2030_genstorage_dcfull_n1,transmission,upgrade_branch,transformer,AC,SOUTH,6007-6003,6007,6003,197.4,394.8,197.4,40.0,ALL,13.8,500.0,500.0,T6_heavy,2.0,Parallel Transformer 2x,140.4,140.4,-1,70.2,True,0.0,-97.2711,30.146700000000003,-97.2711,30.146700000000003
2023_all2030_genstorage_dcfull_n1_ALL_2030,2023,all2030,expansion_tx,ALL_2030,all2030_genstorage_dcfull_n1,transmission,upgrade_branch,transformer,AC,SOUTH,6008-6003,6008,6003,192.7,385.4,192.7,40.0,ALL,13.8,500.0,500.0,T6_heavy,2.0,Parallel Transformer 2x,143.8,143.8,20,71.9,True,0.0,-97.2711,30.146700000000003,-97.2711,30.146700000000003
2023_all2030_genstorage_dcfull_n1_ALL_2030,2023,all2030,expansion_tx,ALL_2030,all2030_genstorage_dcfull_n1,transmission,upgrade_branch,transformer,AC,SOUTH,6069-6066,6069,6066,306.2,612.4,306.2,40.0,ALL,18.0,500.0,500.0,T6_heavy,2.0,Parallel Transformer 2x,131.1,131.1,-1,65.5,True,0.0,-98.094738,29.6124265,-98.094738,29.6124265
2023_all2030_genstorage_dcfull_n1_ALL_2030,2023,all2030,expansion_tx,ALL_2030,all2030_genstorage_dcfull_n1,transmission,upgrade_branch,transformer,AC,SOUTH,6072-6066,6072,6066,236.3,472.6,236.3,40.0,ALL,18.0,500.0,500.0,T6_heavy,2.0,Parallel Transformer 2x,137.9,138.2,3629,69.0,True,0.0,-98.094738,29.6124265,-98.094738,29.6124265
2023_all2030_genstorage_dcfull_n1_ALL_2030,2023,all2030,expansion_tx,ALL_2030,all2030_genstorage_dcfull_n1,transmission,upgrade_branch,transformer,AC,SOUTH,6073-6066,6073,6066,235.1,470.2,235.1,40.0,ALL,18.0,500.0,500.0,T6_heavy,2.0,Parallel Transformer 2x,132.6,132.6,3629,66.3,True,0.0,-98.094738,29.6124265,-98.094738,29.6124265
2023_all2030_genstorage_dcfull_n1_ALL_2030,2023,all2030,expansion_tx,ALL_2030,all2030_genstorage_dcfull_n1,transmission,upgrade_branch,transformer,AC,SOUTH,12527-6066,12527,6066,223.8,447.6,223.8,40.0,ALL,18.0,500.0,500.0,T6_heavy,2.0,Parallel Transformer 2x,139.3,139.3,3629,69.8,True,0.0,-98.094738,29.6124265,-98.094738,29.6124265
2023_all2030_genstorage_dcfull_n1_ALL_2030,2023,all2030,expansion_tx,ALL_2030,all2030_genstorage_dcfull_n1,transmission,upgrade_branch,transformer,AC,SOUTH,6104-6101,6104,6101,63.0,126.0,63.0,40.0,ALL,13.8,500.0,500.0,T6_heavy,2.0,Parallel Transformer 2x,142.3,142.3,3629,71.3,True,0.0,-96.9945,30.02547,-96.9945,30.02547
2023_all2030_genstorage_dcfull_n1_ALL_2030,2023,all2030,expansion_tx,ALL_2030,all2030_genstorage_dcfull_n1,transmission,upgrade_branch,transformer,AC,SOUTH,6105-6101,6105,6101,66.3,132.6,66.3,40.0,ALL,13.8,500.0,500.0,T6_heavy,2.0,Parallel Transformer 2x,135.2,135.2,3629,67.8,True,0.0,-96.9945,30.02547,-96.9945,30.02547
2023_all2030_genstorage_dcfull_n1_ALL_2030,2023,all2030,expansion_tx,ALL_2030,all2030_genstorage_dcfull_n1,transmission,upgrade_branch,transformer,AC,SOUTH,6106-6101,6106,6101,68.1,136.2,68.1,40.0,ALL,13.8,500.0,500.0,T6_heavy,2.0,Parallel Transformer 2x,131.6,131.6,3629,66.0,True,0.0,-96.9945,30.02547,-96.9945,30.02547
2023_all2030_genstorage_dcfull_n1_ALL_2030,2023,all2030,expansion_tx,ALL_2030,all2030_genstorage_dcfull_n1,transmission,upgrade_branch,transformer,AC,SOUTH,6164-6161,6164,6161,462.1,924.2,462.1,40.0,ALL,13.8,500.0,500.0,T6_heavy,2.0,Parallel Transformer 2x,133.6,133.6,-1,66.9,True,0.0,-97.97505466666668,28.59622966666667,-97.97505466666668,28.59622966666667
2023_all2030_genstorage_dcfull_n1_ALL_2030,2023,all2030,expansion_tx,ALL_2030,all2030_genstorage_dcfull_n1,transmission,upgrade_branch,transformer,AC,SOUTH,6165-6161,6165,6161,253.7,507.4,253.7,40.0,ALL,13.8,500.0,500.0,T6_heavy,2.0,Parallel Transformer 2x,132.9,133.0,3629,66.5,True,0.0,-97.97505466666668,28.59622966666667,-97.97505466666668,28.59622966666667
2023_all2030_genstorage_dcfull_n1_ALL_2030,2023,all2030,expansion_tx,ALL_2030,all2030_genstorage_dcfull_n1,transmission,upgrade_branch,transformer,AC,SOUTH,6166-6161,6166,6161,217.8,435.6,217.8,40.0,ALL,13.8,500.0,500.0,T6_heavy,2.0,Parallel Transformer 2x,147.8,147.8,4709,73.9,True,0.0,-97.97505466666668,28.59622966666667,-97.97505466666668,28.59622966666667
2023_all2030_genstorage_dcfull_n1_ALL_2030,2023,all2030,expansion_tx,ALL_2030,all2030_genstorage_dcfull_n1,transmission,upgrade_branch,transformer,AC,SOUTH,6167-6161,6167,6161,225.2,450.4,225.2,40.0,ALL,13.8,500.0,500.0,T6_heavy,2.0,Parallel Transformer 2x,142.9,142.9,9,72.2,True,0.0,-97.97505466666668,28.59622966666667,-97.97505466666668,28.59622966666667
2023_all2030_genstorage_dcfull_n1_ALL_2030,2023,all2030,expansion_tx,ALL_2030,all2030_genstorage_dcfull_n1,transmission,upgrade_branch,transformer,AC,SOUTH,6242-6239,6242,6239,597.3,1194.6,597.3,40.0,ALL,13.8,500.0,500.0,T6_heavy,2.0,Parallel Transformer 2x,143.2,143.2,-1,71.7,True,0.0,-98.35335,29.282378,-98.35335,29.282378
2023_all2030_genstorage_dcfull_n1_ALL_2030,2023,all2030,expansion_tx,ALL_2030,all2030_genstorage_dcfull_n1,transmission,upgrade_branch,transformer,AC,SOUTH,6259-6254,6259,6254,74.3,148.6,74.3,40.0,ALL,13.8,500.0,500.0,T6_heavy,2.0,Parallel Transformer 2x,127.1,127.2,3629,63.6,True,0.0,-97.77508287179488,30.30416587179487,-97.77508287179488,30.30416587179487
2023_all2030_genstorage_dcfull_n1_ALL_2030,2023,all2030,expansion_tx,ALL_2030,all2030_genstorage_dcfull_n1,transmission,upgrade_branch,transformer,AC,SOUTH,6296-6292,6296,6292,255.1,510.2,255.1,40.0,ALL,13.8,500.0,500.0,T6_heavy,2.0,Parallel Transformer 2x,136.6,136.6,3629,68.6,True,0.0,-97.522552,30.119949,-97.522552,30.119949
2023_all2030_genstorage_dcfull_n1_ALL_2030,2023,all2030,expansion_tx,ALL_2030,all2030_genstorage_dcfull_n1,transmission,upgrade_branch,transformer,AC,SOUTH,6297-6292,6297,6292,243.3,486.6,243.3,40.0,ALL,13.8,500.0,500.0,T6_heavy,2.0,Parallel Transformer 2x,143.2,143.2,3629,71.9,True,0.0,-97.522552,30.119949,-97.522552,30.119949
2023_all2030_genstorage_dcfull_n1_ALL_2030,2023,all2030,expansion_tx,ALL_2030,all2030_genstorage_dcfull_n1,transmission,upgrade_branch,transformer,AC,SOUTH,6304-6298,6304,6298,351.1,702.2,351.1,40.0,ALL,22.0,500.0,500.0,T6_heavy,2.0,Parallel Transformer 2x,132.3,132.3,-1,66.3,True,0.0,-98.08352933333332,29.745433666666667,-98.08352933333332,29.745433666666667
2023_all2030_genstorage_dcfull_n1_ALL_2030,2023,all2030,expansion_tx,ALL_2030,all2030_genstorage_dcfull_n1,transmission,upgrade_branch,transformer,AC,SOUTH,12561-12560,12561,12560,342.2,684.4,342.2,40.0,ALL,20.0,500.0,500.0,T6_heavy,2.0,Parallel Transformer 2x,141.1,141.1,515,70.5,True,0.0,-98.3163296,26.4391468,-98.3163296,26.4391468
2023_all2030_genstorage_dcfull_n1_ALL_2030,2023,all2030,expansion_tx,ALL_2030,all2030_genstorage_dcfull_n1,transmission,upgrade_branch,transformer,AC,SOUTH,12614-12613,12614,12613,260.5,521.0,260.5,40.0,ALL,20.0,500.0,500.0,T6_heavy,2.0,Parallel Transformer 2x,140.8,140.8,3629,70.5,True,0.0,-98.3721,30.558,-98.3721,30.558
2023_all2030_genstorage_dcfull_n1_ALL_2030,2023,all2030,expansion_tx,ALL_2030,all2030_genstorage_dcfull_n1,transmission,upgrade_branch,transformer,AC,SOUTH,12616-12613,12616,12613,238.9,477.8,238.9,40.0,ALL,20.0,500.0,500.0,T6_heavy,2.0,Parallel Transformer 2x,143.3,143.3,-1,71.6,True,0.0,-98.3721,30.558,-98.3721,30.558
2023_all2030_genstorage_dcfull_n1_ALL_2030,2023,all2030,expansion_tx,ALL_2030,all2030_genstorage_dcfull_n1,transmission,upgrade_branch,transformer,AC,SOUTH,12622-12621,12622,12621,236.7,473.4,236.7,40.0,ALL,20.0,500.0,500.0,T6_heavy,2.0,Parallel Transformer 2x,148.0,148.0,2877,74.0,True,0.0,-97.2711,30.146700000000003,-97.2711,30.146700000000003
2023_all2030_genstorage_dcfull_n1_ALL_2030,2023,all2030,expansion_tx,ALL_2030,all2030_genstorage_dcfull_n1,transmission,upgrade_branch,transformer,AC,NORTH,12632-12633,12632,12633,600.0,1200.0,600.0,40.0,ALL,161.0,500.0,500.0,T6_heavy,2.0,Parallel Transformer 2x,18.6,149.7,4767,88.9,True,0.0,-101.59661,34.4067,-101.59661,34.4067
2023_all2030_genstorage_dcfull_n1_ALL_2030,2023,all2030,expansion_tx,ALL_2030,all2030_genstorage_dcfull_n1,transmission,upgrade_branch,transformer,AC,NORTH,12735-12736,12735,12736,1195.0,2390.0,1195.0,40.0,ALL,161.0,500.0,500.0,T6_heavy,2.0,Parallel Transformer 2x,46.2,133.7,2463,78.3,True,0.0,-99.091918,33.9776965,-99.091918,33.9776965
2023_all2030_genstorage_dcfull_n1_ALL_2030,2023,all2030,expansion_tx,ALL_2030,all2030_genstorage_dcfull_n1,transmission,upgrade_branch,line,AC,NORTH,5109-5333,5109,5333,251.0,627.5,376.5,39.833,ALL,161.0,161.0,161.0,T7_structural,2.5,New Corridor/Aggressive Parallel,47.7,166.5,1908,66.6,True,5.3,-96.7651095,32.5902035,-96.807315,32.521773
2023_all2030_genstorage_dcfull_n1_ALL_2030,2023,all2030,expansion_tx,ALL_2030,all2030_genstorage_dcfull_n1,transmission,upgrade_branch,line,AC,NORTH,5347-5008,5347,5008,187.0,261.8,74.8,39.738,ALL,161.0,161.0,161.0,T4_light,1.4,Reconductor(ACSR->ACSS),75.5,107.1,1577,71.6,True,29.1,-99.1533074,32.3857988,-99.33232,32.77921550000001
2023_all2030_genstorage_dcfull_n1_ALL_2030,2023,all2030,expansion_tx,ALL_2030,all2030_genstorage_dcfull_n1,transmission,upgrade_branch,line,AC,NORTH,5217-5433,5217,5433,279.0,613.8,334.8,39.371,ALL,161.0,161.0,161.0,T6_heavy,2.2,New Parallel Circuit,106.2,128.5,2465,78.5,True,10.4,-97.2168395,32.863300499999994,-97.34008506896552,32.753233586206896
2023_all2030_genstorage_dcfull_n1_ALL_2030,2023,all2030,expansion_tx,ALL_2030,all2030_genstorage_dcfull_n1,transmission,upgrade_branch,line,AC,WEST,3021-12996,3021,12996,137.5,240.6,103.1,39.368,ALL,115.0,115.0,115.0,T5_moderate,1.75,HTLS Reconductor,77.9,122.2,750,54.5,True,20.2,-99.720186,32.783669,-100.0652435,32.819086
2023_all2030_genstorage_dcfull_n1_ALL_2030,2023,all2030,expansion_tx,ALL_2030,all2030_genstorage_dcfull_n1,transmission,upgrade_branch,line,AC,NORTH,2048-13085,2048,13085,307.6,769.0,461.4,39.097,ALL,161.0,161.0,161.0,T7_structural,2.5,New Corridor/Aggressive Parallel,98.8,204.8,434,75.3,True,5.2,-100.967402,33.752201,-100.883227,33.781077
2023_all2030_genstorage_dcfull_n1_ALL_2030,2023,all2030,expansion_tx,ALL_2030,all2030_genstorage_dcfull_n1,transmission,upgrade_branch,line,AC,NORTH,5097-5028,5097,5028,310.0,542.5,232.5,38.81,ALL,161.0,161.0,161.0,T5_moderate,1.75,HTLS Reconductor,66.2,111.0,1658,65.0,True,15.7,-97.0886755,32.837196,-97.34008506896552,32.753233586206896
2023_all2030_genstorage_dcfull_n1_ALL_2030,2023,all2030,expansion_tx,ALL_2030,all2030_genstorage_dcfull_n1,transmission,upgrade_branch,line,AC,NORTH,5097-5028,5097,5028,310.0,542.5,232.5,38.81,ALL,161.0,161.0,161.0,T5_moderate,1.75,HTLS Reconductor,66.2,111.0,1657,65.0,True,15.7,-97.0886755,32.837196,-97.34008506896552,32.753233586206896
2023_all2030_genstorage_dcfull_n1_ALL_2030,2023,all2030,expansion_tx,ALL_2030,all2030_genstorage_dcfull_n1,transmission,upgrade_branch,line,AC,SOUTH,4037-4104,4037,4104,119.2,208.6,89.4,38.719,ALL,115.0,115.0,115.0,T5_moderate,1.75,HTLS Reconductor,73.3,120.2,4322,57.5,True,19.9,-97.522673,28.2078,-97.351834,27.96312533333333
2023_all2030_genstorage_dcfull_n1_ALL_2030,2023,all2030,expansion_tx,ALL_2030,all2030_genstorage_dcfull_n1,transmission,upgrade_branch,line,AC,NORTH,5071-5359,5071,5359,310.0,542.5,232.5,37.881,ALL,161.0,161.0,161.0,T5_moderate,1.75,HTLS Reconductor,51.5,111.0,1996,58.8,True,15.3,-97.145583,31.5590085,-96.93121275,31.43308425
2023_all2030_genstorage_dcfull_n1_ALL_2030,2023,all2030,expansion_tx,ALL_2030,all2030_genstorage_dcfull_n1,transmission,upgrade_branch,line,AC,SOUTH,4038-4178,4038,4178,220.0,385.0,165.0,37.082,ALL,115.0,115.0,115.0,T5_moderate,1.75,HTLS Reconductor,77.7,114.8,3197,60.6,True,19.0,-97.8000875,28.41935,-97.49466233333334,28.47964933333333
2023_all2030_genstorage_dcfull_n1_ALL_2030,2023,all2030,expansion_tx,ALL_2030,all2030_genstorage_dcfull_n1,transmission,upgrade_branch,line,AC,WEST,3006-3100,3006,3100,112.8,197.4,84.6,36.782,ALL,115.0,115.0,115.0,T5_moderate,1.75,HTLS Reconductor,48.9,119.1,695,66.7,True,18.9,-100.0652435,32.819086,-99.830642,32.630473
2023_all2030_genstorage_dcfull_n1_ALL_2030,2023,all2030,expansion_tx,ALL_2030,all2030_genstorage_dcfull_n1,transmission,upgrade_branch,line,AC,NORTH,5157-5085,5157,5085,251.0,439.2,188.2,36.782,ALL,161.0,161.0,161.0,T5_moderate,1.75,HTLS Reconductor,75.7,115.0,1908,43.0,True,14.9,-96.864075,32.599427,-96.80082027272728,32.808276409090915
2023_all2030_genstorage_dcfull_n1_ALL_2030,2023,all2030,expansion_tx,ALL_2030,all2030_genstorage_dcfull_n1,transmission,upgrade_branch,line,AC,SOUTH,4037-13226,4037,13226,231.6,405.3,173.7,36.778,ALL,115.0,115.0,115.0,T5_moderate,1.75,HTLS Reconductor,77.9,116.5,4322,50.8,True,18.9,-97.522673,28.2078,-97.49466233333334,28.47964933333333
2023_all2030_genstorage_dcfull_n1_ALL_2030,2023,all2030,expansion_tx,ALL_2030,all2030_genstorage_dcfull_n1,transmission,upgrade_branch,line,AC,HOUSTON,7303-7393,7303,7393,98.0,137.2,39.2,36.239,ALL,115.0,115.0,115.0,T4_light,1.4,Reconductor(ACSR->ACSS),86.8,108.1,4774,77.4,True,32.8,-96.353868,28.85788,-95.967518,29.191296
2023_all2030_genstorage_dcfull_n1_ALL_2030,2023,all2030,expansion_tx,ALL_2030,all2030_genstorage_dcfull_n1,transmission,upgrade_branch,line,AC,WEST,1047-1085,1047,1085,221.0,486.2,265.2,36.095,ALL,115.0,115.0,115.0,T6_heavy,2.2,New Parallel Circuit,83.0,129.8,249,73.8,True,12.1,-103.062173,31.534243,-103.138992,31.696251
2023_all2030_genstorage_dcfull_n1_ALL_2030,2023,all2030,expansion_tx,ALL_2030,all2030_genstorage_dcfull_n1,transmission,upgrade_branch,line,AC,NORTH,5390-5278,5390,5278,342.0,752.4,410.4,35.95,ALL,161.0,161.0,161.0,T6_heavy,2.2,New Parallel Circuit,57.3,149.4,2329,71.8,True,9.5,-97.2120625,30.983119,-97.314427,31.08967366666667
2023_all2030_genstorage_dcfull_n1_ALL_2030,2023,all2030,expansion_tx,ALL_2030,all2030_genstorage_dcfull_n1,transmission,upgrade_branch,line,AC,NORTH,5396-12783,5396,12783,445.0,623.0,178.0,35.233,ALL,161.0,161.0,161.0,T4_light,1.4,Reconductor(ACSR->ACSS),45.0,103.5,4770,68.5,True,25.8,-99.33232,32.77921550000001,-99.5687984,33.0957078
2023_all2030_genstorage_dcfull_n1_ALL_2030,2023,all2030,expansion_tx,ALL_2030,all2030_genstorage_dcfull_n1,transmission,upgrade_branch,line,AC,NORTH,12735-13041,12735,13041,582.0,814.8,232.8,35.176,ALL,161.0,161.0,161.0,T4_light,1.4,Reconductor(ACSR->ACSS),40.4,101.0,2463,65.9,True,25.8,-99.091918,33.9776965,-99.2898065,33.642922
2023_all2030_genstorage_dcfull_n1_ALL_2030,2023,all2030,expansion_tx,ALL_2030,all2030_genstorage_dcfull_n1,transmission,upgrade_branch,line,AC,NORTH,5157-5194,5157,5194,187.0,467.5,280.5,34.791,ALL,161.0,161.0,161.0,T7_structural,2.5,New Corridor/Aggressive Parallel,110.2,160.2,2054,94.2,True,4.7,-96.864075,32.599427,-96.914175,32.651936
2023_all2030_genstorage_dcfull_n1_ALL_2030,2023,all2030,expansion_tx,ALL_2030,all2030_genstorage_dcfull_n1,transmission,upgrade_branch,line,AC,NORTH,5105-5253,5105,5253,235.0,411.2,176.2,34.406,ALL,161.0,161.0,161.0,T5_moderate,1.75,HTLS Reconductor,104.4,122.1,2076,62.8,True,13.9,-96.9700122,32.8603614,-97.092488,33.0338
2023_all2030_genstorage_dcfull_n1_ALL_2030,2023,all2030,expansion_tx,ALL_2030,all2030_genstorage_dcfull_n1,transmission,upgrade_branch,line,AC,WEST,3072-3040,3072,3040,193.0,337.8,144.8,34.332,ALL,115.0,115.0,115.0,T5_moderate,1.75,HTLS Reconductor,109.1,119.8,4776,61.7,True,17.6,-100.113803,31.534768,-99.934162,31.738576
2023_all2030_genstorage_dcfull_n1_ALL_2030,2023,all2030,expansion_tx,ALL_2030,all2030_genstorage_dcfull_n1,transmission,upgrade_branch,line,AC,NORTH,5013-5101,5013,5101,187.0,411.4,224.4,33.964,ALL,161.0,161.0,161.0,T6_heavy,2.2,New Parallel Circuit,52.1,126.7,1697,57.5,True,9.0,-98.805134,31.842565,-98.6525545,31.8568005
2023_all2030_genstorage_dcfull_n1_ALL_2030,2023,all2030,expansion_tx,ALL_2030,all2030_genstorage_dcfull_n1,transmission,upgrade_branch,line,AC,NORTH,5059-5426,5059,5426,251.0,552.2,301.2,33.665,ALL,161.0,161.0,161.0,T6_heavy,2.2,New Parallel Circuit,112.3,127.3,2105,63.9,True,8.9,-96.092445,32.357217500000004,-96.245039,32.366686
2023_all2030_genstorage_dcfull_n1_ALL_2030,2023,all2030,expansion_tx,ALL_2030,all2030_genstorage_dcfull_n1,transmission,upgrade_branch,line,AC,NORTH,12866-13059,12866,13059,321.0,561.8,240.8,33.571,ALL,161.0,161.0,161.0,T5_moderate,1.75,HTLS Reconductor,57.6,116.8,471,38.0,True,13.6,-101.326111,35.093889,-101.186622,35.254184
2023_all2030_genstorage_dcfull_n1_ALL_2030,2023,all2030,expansion_tx,ALL_2030,all2030_genstorage_dcfull_n1,transmission,upgrade_branch,line,AC,NORTH,5449-5108,5449,5108,310.0,542.5,232.5,33.333,ALL,161.0,161.0,161.0,T5_moderate,1.75,HTLS Reconductor,82.3,112.5,1906,78.2,True,13.5,-97.010181,32.723688,-96.80082027272728,32.808276409090915
2023_all2030_genstorage_dcfull_n1_ALL_2030,2023,all2030,expansion_tx,ALL_2030,all2030_genstorage_dcfull_n1,transmission,upgrade_branch,line,AC,NORTH,5449-5108,5449,5108,310.0,542.5,232.5,33.333,ALL,161.0,161.0,161.0,T5_moderate,1.75,HTLS Reconductor,82.3,112.5,1905,78.2,True,13.5,-97.010181,32.723688,-96.80082027272728,32.808276409090915
2023_all2030_genstorage_dcfull_n1_ALL_2030,2023,all2030,expansion_tx,ALL_2030,all2030_genstorage_dcfull_n1,transmission,upgrade_branch,line,AC,NORTH,5449-5108,5449,5108,310.0,542.5,232.5,33.333,ALL,161.0,161.0,161.0,T5_moderate,1.75,HTLS Reconductor,82.3,112.5,1905,78.2,True,13.5,-97.010181,32.723688,-96.80082027272728,32.808276409090915
2023_all2030_genstorage_dcfull_n1_ALL_2030,2023,all2030,expansion_tx,ALL_2030,all2030_genstorage_dcfull_n1,transmission,upgrade_branch,line,AC,NORTH,5145-5323,5145,5323,310.0,542.5,232.5,33.333,ALL,161.0,161.0,161.0,T5_moderate,1.75,HTLS Reconductor,80.0,111.1,2015,67.3,True,13.5,-97.010181,32.723688,-96.80082027272728,32.808276409090915
2023_all2030_genstorage_dcfull_n1_ALL_2030,2023,all2030,expansion_tx,ALL_2030,all2030_genstorage_dcfull_n1,transmission,upgrade_branch,line,AC,NORTH,5145-5323,5145,5323,310.0,542.5,232.5,33.333,ALL,161.0,161.0,161.0,T5_moderate,1.75,HTLS Reconductor,80.0,111.1,2014,67.3,True,13.5,-97.010181,32.723688,-96.80082027272728,32.808276409090915
2023_all2030_genstorage_dcfull_n1_ALL_2030,2023,all2030,expansion_tx,ALL_2030,all2030_genstorage_dcfull_n1,transmission,upgrade_branch,line,AC,NORTH,5145-5323,5145,5323,310.0,542.5,232.5,33.333,ALL,161.0,161.0,161.0,T5_moderate,1.75,HTLS Reconductor,80.0,111.1,2014,67.3,True,13.5,-97.010181,32.723688,-96.80082027272728,32.808276409090915
2023_all2030_genstorage_dcfull_n1_ALL_2030,2023,all2030,expansion_tx,ALL_2030,all2030_genstorage_dcfull_n1,transmission,upgrade_branch,line,AC,WEST,1019-1029,1019,1029,124.0,173.6,49.6,33.15,ALL,115.0,115.0,115.0,T4_light,1.4,Reconductor(ACSR->ACSS),76.6,100.8,226,72.7,True,0.0,-102.075159,31.9729432,-102.075159,31.9729432
2023_all2030_genstorage_dcfull_n1_ALL_2030,2023,all2030,expansion_tx,ALL_2030,all2030_genstorage_dcfull_n1,transmission,upgrade_branch,line,AC,WEST,3085-3128,3085,3128,120.0,168.0,48.0,33.15,ALL,115.0,115.0,115.0,T4_light,1.4,Reconductor(ACSR->ACSS),59.7,103.1,945,82.7,True,0.0,-100.727898,32.421184499999995,-100.727898,32.421184499999995
2023_all2030_genstorage_dcfull_n1_ALL_2030,2023,all2030,expansion_tx,ALL_2030,all2030_genstorage_dcfull_n1,transmission,upgrade_branch,line,AC,WEST,3085-3128,3085,3128,119.1,166.7,47.6,33.15,ALL,115.0,115.0,115.0,T4_light,1.4,Reconductor(ACSR->ACSS),60.3,104.0,944,83.7,True,0.0,-100.727898,32.421184499999995,-100.727898,32.421184499999995
2023_all2030_genstorage_dcfull_n1_ALL_2030,2023,all2030,expansion_tx,ALL_2030,all2030_genstorage_dcfull_n1,transmission,upgrade_branch,line,AC,WEST,3102-3125,3102,3125,100.9,141.3,40.4,33.15,ALL,115.0,115.0,115.0,T4_light,1.4,Reconductor(ACSR->ACSS),25.0,104.5,773,48.7,True,0.0,-99.70613471428572,32.45867642857143,-99.70613471428572,32.45867642857143
2023_all2030_genstorage_dcfull_n1_ALL_2030,2023,all2030,expansion_tx,ALL_2030,all2030_genstorage_dcfull_n1,transmission,upgrade_branch,line,AC,WEST,3127-3141,3127,3141,221.0,309.4,88.4,33.15,ALL,115.0,115.0,115.0,T4_light,1.4,Reconductor(ACSR->ACSS),56.4,104.8,1012,73.0,True,0.0,-100.2940896,32.3397188,-100.2940896,32.3397188
2023_all2030_genstorage_dcfull_n1_ALL_2030,2023,all2030,expansion_tx,ALL_2030,all2030_genstorage_dcfull_n1,transmission,upgrade_branch,line,AC,SOUTH,4081-4017,4081,4017,221.0,309.4,88.4,33.15,ALL,115.0,115.0,115.0,T4_light,1.4,Reconductor(ACSR->ACSS),59.2,101.2,1104,73.1,True,0.0,-97.4230987368421,27.74350405263158,-97.4230987368421,27.74350405263158
2023_all2030_genstorage_dcfull_n1_ALL_2030,2023,all2030,expansion_tx,ALL_2030,all2030_genstorage_dcfull_n1,transmission,upgrade_branch,line,AC,SOUTH,4081-4017,4081,4017,221.0,309.4,88.4,33.15,ALL,115.0,115.0,115.0,T4_light,1.4,Reconductor(ACSR->ACSS),59.2,101.2,1103,73.1,True,0.0,-97.4230987368421,27.74350405263158,-97.4230987368421,27.74350405263158
2023_all2030_genstorage_dcfull_n1_ALL_2030,2023,all2030,expansion_tx,ALL_2030,all2030_genstorage_dcfull_n1,transmission,upgrade_branch,line,AC,SOUTH,4033-13228,4033,13228,172.0,240.8,68.8,33.15,ALL,115.0,115.0,115.0,T4_light,1.4,Reconductor(ACSR->ACSS),48.2,103.3,1189,71.3,True,0.0,-99.3906115,27.588413625,-99.3906115,27.588413625
2023_all2030_genstorage_dcfull_n1_ALL_2030,2023,all2030,expansion_tx,ALL_2030,all2030_genstorage_dcfull_n1,transmission,upgrade_branch,line,AC,SOUTH,4071-13296,4071,13296,247.0,345.8,98.8,33.15,ALL,115.0,115.0,115.0,T4_light,1.4,Reconductor(ACSR->ACSS),73.1,104.2,1318,80.1,True,0.0,-97.4539215,25.94677375,-97.4539215,25.94677375
2023_all2030_genstorage_dcfull_n1_ALL_2030,2023,all2030,expansion_tx,ALL_2030,all2030_genstorage_dcfull_n1,transmission,upgrade_branch,line,AC,SOUTH,4101-13228,4101,13228,132.0,184.8,52.8,33.15,ALL,115.0,115.0,115.0,T4_light,1.4,Reconductor(ACSR->ACSS),53.0,102.5,1195,66.7,True,0.0,-99.3906115,27.588413625,-99.3906115,27.588413625
2023_all2030_genstorage_dcfull_n1_ALL_2030,2023,all2030,expansion_tx,ALL_2030,all2030_genstorage_dcfull_n1,transmission,upgrade_branch,line,AC,SOUTH,4193-13296,4193,13296,289.0,404.6,115.6,33.15,ALL,115.0,115.0,115.0,T4_light,1.4,Reconductor(ACSR->ACSS),81.4,107.0,1319,81.4,True,0.0,-97.4539215,25.94677375,-97.4539215,25.94677375
2023_all2030_genstorage_dcfull_n1_ALL_2030,2023,all2030,expansion_tx,ALL_2030,all2030_genstorage_dcfull_n1,transmission,upgrade_branch,line,AC,SOUTH,6094-6037,6094,6037,251.0,351.4,100.4,33.15,ALL,115.0,115.0,115.0,T4_light,1.4,Reconductor(ACSR->ACSS),64.1,106.4,2718,74.6,True,0.0,-98.5093816037736,29.474642000000003,-98.5093816037736,29.474642000000003
2023_all2030_genstorage_dcfull_n1_ALL_2030,2023,all2030,expansion_tx,ALL_2030,all2030_genstorage_dcfull_n1,transmission,upgrade_branch,line,AC,SOUTH,6094-6037,6094,6037,251.0,351.4,100.4,33.15,ALL,115.0,115.0,115.0,T4_light,1.4,Reconductor(ACSR->ACSS),64.1,106.4,2717,74.6,True,0.0,-98.5093816037736,29.474642000000003,-98.5093816037736,29.474642000000003
2023_all2030_genstorage_dcfull_n1_ALL_2030,2023,all2030,expansion_tx,ALL_2030,all2030_genstorage_dcfull_n1,transmission,upgrade_branch,line,AC,SOUTH,6204-6044,6204,6044,149.0,208.6,59.6,33.15,ALL,115.0,115.0,115.0,T4_light,1.4,Reconductor(ACSR->ACSS),84.7,103.9,3102,101.8,False,0.0,-98.5093816037736,29.474642000000003,-98.5093816037736,29.474642000000003
2023_all2030_genstorage_dcfull_n1_ALL_2030,2023,all2030,expansion_tx,ALL_2030,all2030_genstorage_dcfull_n1,transmission,upgrade_branch,line,AC,SOUTH,6061-6233,6061,6233,131.0,183.4,52.4,33.15,ALL,115.0,115.0,115.0,T4_light,1.4,Reconductor(ACSR->ACSS),77.9,101.8,2920,76.4,True,0.0,-97.77508287179488,30.30416587179487,-97.77508287179488,30.30416587179487
2023_all2030_genstorage_dcfull_n1_ALL_2030,2023,all2030,expansion_tx,ALL_2030,all2030_genstorage_dcfull_n1,transmission,upgrade_branch,line,AC,SOUTH,6115-6250,6115,6250,149.0,208.6,59.6,33.15,ALL,115.0,115.0,115.0,T4_light,1.4,Reconductor(ACSR->ACSS),78.1,108.8,3133,82.9,True,0.0,-98.5093816037736,29.474642000000003,-98.5093816037736,29.474642000000003
2023_all2030_genstorage_dcfull_n1_ALL_2030,2023,all2030,expansion_tx,ALL_2030,all2030_genstorage_dcfull_n1,transmission,upgrade_branch,line,AC,SOUTH,6174-6312,6174,6312,171.6,240.2,68.6,33.15,ALL,115.0,115.0,115.0,T4_light,1.4,Reconductor(ACSR->ACSS),66.1,100.3,3043,66.4,True,0.0,-98.5093816037736,29.474642000000003,-98.5093816037736,29.474642000000003
2023_all2030_genstorage_dcfull_n1_ALL_2030,2023,all2030,expansion_tx,ALL_2030,all2030_genstorage_dcfull_n1,transmission,upgrade_branch,line,AC,SOUTH,6174-6312,6174,6312,171.6,240.2,68.6,33.15,ALL,115.0,115.0,115.0,T4_light,1.4,Reconductor(ACSR->ACSS),66.1,100.3,3042,66.4,True,0.0,-98.5093816037736,29.474642000000003,-98.5093816037736,29.474642000000003
2023_all2030_genstorage_dcfull_n1_ALL_2030,2023,all2030,expansion_tx,ALL_2030,all2030_genstorage_dcfull_n1,transmission,upgrade_branch,line,AC,HOUSTON,7092-7216,7092,7216,119.0,166.6,47.6,33.15,ALL,115.0,115.0,115.0,T4_light,1.4,Reconductor(ACSR->ACSS),75.2,102.1,3967,73.0,True,0.0,-95.41128715217393,29.77727818478261,-95.41128715217393,29.77727818478261
2023_all2030_genstorage_dcfull_n1_ALL_2030,2023,all2030,expansion_tx,ALL_2030,all2030_genstorage_dcfull_n1,transmission,upgrade_branch,line,AC,HOUSTON,7092-7384,7092,7384,110.0,154.0,44.0,33.15,ALL,115.0,115.0,115.0,T4_light,1.4,Reconductor(ACSR->ACSS),85.9,104.0,3926,74.3,True,0.0,-95.41128715217393,29.77727818478261,-95.41128715217393,29.77727818478261
2023_all2030_genstorage_dcfull_n1_ALL_2030,2023,all2030,expansion_tx,ALL_2030,all2030_genstorage_dcfull_n1,transmission,upgrade_branch,line,AC,HOUSTON,7155-7316,7155,7316,149.0,208.6,59.6,33.15,ALL,115.0,115.0,115.0,T4_light,1.4,Reconductor(ACSR->ACSS),83.5,104.0,4115,73.9,True,0.0,-95.41128715217393,29.77727818478261,-95.41128715217393,29.77727818478261
2023_all2030_genstorage_dcfull_n1_ALL_2030,2023,all2030,expansion_tx,ALL_2030,all2030_genstorage_dcfull_n1,transmission,upgrade_branch,line,AC,HOUSTON,7203-13404,7203,13404,173.3,242.6,69.3,33.15,ALL,115.0,115.0,115.0,T4_light,1.4,Reconductor(ACSR->ACSS),59.4,104.0,3944,78.8,True,0.0,-95.68083125,29.15439325,-95.68083125,29.15439325
2023_all2030_genstorage_dcfull_n1_ALL_2030,2023,all2030,expansion_tx,ALL_2030,all2030_genstorage_dcfull_n1,transmission,upgrade_branch,line,AC,HOUSTON,7203-13404,7203,13404,173.3,242.6,69.3,33.15,ALL,115.0,115.0,115.0,T4_light,1.4,Reconductor(ACSR->ACSS),59.4,104.0,3943,78.8,True,0.0,-95.68083125,29.15439325,-95.68083125,29.15439325
2023_all2030_genstorage_dcfull_n1_ALL_2030,2023,all2030,expansion_tx,ALL_2030,all2030_genstorage_dcfull_n1,transmission,upgrade_branch,line,AC,HOUSTON,7292-7223,7292,7223,450.0,630.0,180.0,33.15,ALL,115.0,115.0,115.0,T4_light,1.4,Reconductor(ACSR->ACSS),73.6,100.8,3988,71.3,True,0.0,-95.41128715217393,29.77727818478261,-95.41128715217393,29.77727818478261
2023_all2030_genstorage_dcfull_n1_ALL_2030,2023,all2030,expansion_tx,ALL_2030,all2030_genstorage_dcfull_n1,transmission,upgrade_branch,line,AC,HOUSTON,7292-7223,7292,7223,450.0,630.0,180.0,33.15,ALL,115.0,115.0,115.0,T4_light,1.4,Reconductor(ACSR->ACSS),73.6,100.8,3987,71.3,True,0.0,-95.41128715217393,29.77727818478261,-95.41128715217393,29.77727818478261
2023_all2030_genstorage_dcfull_n1_ALL_2030,2023,all2030,expansion_tx,ALL_2030,all2030_genstorage_dcfull_n1,transmission,upgrade_branch,line,AC,HOUSTON,7223-7319,7223,7319,220.0,308.0,88.0,33.15,ALL,115.0,115.0,115.0,T4_light,1.4,Reconductor(ACSR->ACSS),91.8,109.8,3991,77.4,True,0.0,-95.41128715217393,29.77727818478261,-95.41128715217393,29.77727818478261
2023_all2030_genstorage_dcfull_n1_ALL_2030,2023,all2030,expansion_tx,ALL_2030,all2030_genstorage_dcfull_n1,transmission,upgrade_branch,line,AC,HOUSTON,7223-7425,7223,7425,221.0,309.4,88.4,33.15,ALL,115.0,115.0,115.0,T4_light,1.4,Reconductor(ACSR->ACSS),95.8,107.8,3882,76.6,True,0.0,-95.41128715217393,29.77727818478261,-95.41128715217393,29.77727818478261
2023_all2030_genstorage_dcfull_n1_ALL_2030,2023,all2030,expansion_tx,ALL_2030,all2030_genstorage_dcfull_n1,transmission,upgrade_branch,line,AC,HOUSTON,7240-7417,7240,7417,142.9,200.1,57.2,33.15,ALL,115.0,115.0,115.0,T4_light,1.4,Reconductor(ACSR->ACSS),46.8,105.3,3378,76.6,True,0.0,-95.41128715217393,29.77727818478261,-95.41128715217393,29.77727818478261
2023_all2030_genstorage_dcfull_n1_ALL_2030,2023,all2030,expansion_tx,ALL_2030,all2030_genstorage_dcfull_n1,transmission,upgrade_branch,line,AC,HOUSTON,7316-7272,7316,7272,220.0,308.0,88.0,33.15,ALL,115.0,115.0,115.0,T4_light,1.4,Reconductor(ACSR->ACSS),78.7,101.3,4045,72.1,True,0.0,-95.41128715217393,29.77727818478261,-95.41128715217393,29.77727818478261
2023_all2030_genstorage_dcfull_n1_ALL_2030,2023,all2030,expansion_tx,ALL_2030,all2030_genstorage_dcfull_n1,transmission,upgrade_branch,line,AC,HOUSTON,7297-7384,7297,7384,450.0,630.0,180.0,33.15,ALL,115.0,115.0,115.0,T4_light,1.4,Reconductor(ACSR->ACSS),93.9,104.9,4148,74.5,True,0.0,-95.41128715217393,29.77727818478261,-95.41128715217393,29.77727818478261
2023_all2030_genstorage_dcfull_n1_ALL_2030,2023,all2030,expansion_tx,ALL_2030,all2030_genstorage_dcfull_n1,transmission,upgrade_branch,line,AC,NORTH,8005-8023,8005,8023,108.3,151.6,43.3,33.15,ALL,115.0,115.0,115.0,T4_light,1.4,Reconductor(ACSR->ACSS),60.0,103.6,4353,72.0,True,0.0,-94.737065,31.33610733333333,-94.737065,31.33610733333333
2023_all2030_genstorage_dcfull_n1_ALL_2030,2023,all2030,expansion_tx,ALL_2030,all2030_genstorage_dcfull_n1,transmission,upgrade_branch,line,AC,HOUSTON,12935-12974,12935,12974,220.0,308.0,88.0,33.15,ALL,115.0,115.0,115.0,T4_light,1.4,Reconductor(ACSR->ACSS),57.6,104.8,3634,73.8,True,0.0,-95.92298475,28.92553375,-95.92298475,28.92553375
2023_all2030_genstorage_dcfull_n1_ALL_2030,2023,all2030,expansion_tx,ALL_2030,all2030_genstorage_dcfull_n1,transmission,upgrade_branch,line,AC,WEST,13335-13337,13335,13337,116.4,163.0,46.6,33.15,ALL,115.0,115.0,115.0,T4_light,1.4,Reconductor(ACSR->ACSS),41.9,102.8,5301,76.1,True,0.0,-99.79466125,29.20340125,-99.79466125,29.20340125
2023_all2030_genstorage_dcfull_n1_ALL_2030,2023,all2030,expansion_tx,ALL_2030,all2030_genstorage_dcfull_n1,transmission,upgrade_branch,line,AC,HOUSTON,13356-13357,13356,13357,139.0,194.6,55.6,33.15,ALL,115.0,115.0,115.0,T4_light,1.4,Reconductor(ACSR->ACSS),72.8,101.2,3425,71.7,True,0.0,-97.00621414285716,28.74651585714286,-97.00621414285716,28.74651585714286
2023_all2030_genstorage_dcfull_n1_ALL_2030,2023,all2030,expansion_tx,ALL_2030,all2030_genstorage_dcfull_n1,transmission,upgrade_branch,line,AC,NORTH,5006-5103,5006,5103,205.0,358.8,153.8,33.1,ALL,161.0,161.0,161.0,T5_moderate,1.75,HTLS Reconductor,101.3,117.6,1889,51.3,True,13.4,-96.80082027272728,32.808276409090915,-96.7025715,32.983810000000005
2023_all2030_genstorage_dcfull_n1_ALL_2030,2023,all2030,expansion_tx,ALL_2030,all2030_genstorage_dcfull_n1,transmission,upgrade_branch,line,AC,SOUTH,6127-6237,6127,6237,220.0,484.0,264.0,32.912,ALL,115.0,115.0,115.0,T6_heavy,2.2,New Parallel Circuit,98.1,144.6,2885,69.7,True,11.0,-96.907601,30.891129,-97.0630125,30.978365
2023_all2030_genstorage_dcfull_n1_ALL_2030,2023,all2030,expansion_tx,ALL_2030,all2030_genstorage_dcfull_n1,transmission,upgrade_branch,line,AC,WEST,1106-12795,1106,12795,106.5,186.4,79.9,32.322,ALL,115.0,115.0,115.0,T5_moderate,1.75,HTLS Reconductor,38.1,116.1,316,66.5,True,16.6,-101.152,31.683,-100.98431625,31.875952
2023_all2030_genstorage_dcfull_n1_ALL_2030,2023,all2030,expansion_tx,ALL_2030,all2030_genstorage_dcfull_n1,transmission,upgrade_branch,line,AC,SOUTH,4187-4189,4187,4189,197.0,275.8,78.8,31.602,ALL,115.0,115.0,115.0,T4_light,1.4,Reconductor(ACSR->ACSS),4.5,109.2,1137,78.0,True,28.6,-99.214344,28.293173,-99.63215,28.4834915
2023_all2030_genstorage_dcfull_n1_ALL_2030,2023,all2030,expansion_tx,ALL_2030,all2030_genstorage_dcfull_n1,transmission,upgrade_branch,line,AC,SOUTH,4129-4130,4129,4130,98.0,171.5,73.5,31.399,ALL,115.0,115.0,115.0,T5_moderate,1.75,HTLS Reconductor,54.0,116.4,1548,64.0,True,16.1,-98.496692,27.634419,-98.62897,27.835918
2023_all2030_genstorage_dcfull_n1_ALL_2030,2023,all2030,expansion_tx,ALL_2030,all2030_genstorage_dcfull_n1,transmission,upgrade_branch,line,AC,NORTH,5085-5194,5085,5194,211.2,369.6,158.4,31.253,ALL,161.0,161.0,161.0,T5_moderate,1.75,HTLS Reconductor,73.2,116.1,1816,62.8,True,12.7,-96.80082027272728,32.808276409090915,-96.914175,32.651936
2023_all2030_genstorage_dcfull_n1_ALL_2030,2023,all2030,expansion_tx,ALL_2030,all2030_genstorage_dcfull_n1,transmission,upgrade_branch,line,AC,NORTH,8025-8055,8025,8055,98.0,137.2,39.2,31.107,ALL,115.0,115.0,115.0,T4_light,1.4,Reconductor(ACSR->ACSS),61.4,109.5,4423,69.2,True,28.2,-95.64904,31.9046145,-95.19267,31.779325
2023_all2030_genstorage_dcfull_n1_ALL_2030,2023,all2030,expansion_tx,ALL_2030,all2030_genstorage_dcfull_n1,transmission,upgrade_branch,line,AC,WEST,3015-3128,3015,3128,98.0,215.6,117.6,30.586,ALL,115.0,115.0,115.0,T6_heavy,2.2,New Parallel Circuit,89.9,135.9,805,95.7,True,10.2,-100.56760671428572,32.36118885714286,-100.727898,32.421184499999995
2023_all2030_genstorage_dcfull_n1_ALL_2030,2023,all2030,expansion_tx,ALL_2030,all2030_genstorage_dcfull_n1,transmission,upgrade_branch,line,AC,NORTH,5118-5456,5118,5456,251.0,351.4,100.4,29.808,ALL,161.0,161.0,161.0,T4_light,1.4,Reconductor(ACSR->ACSS),52.4,106.2,2551,67.4,True,21.8,-99.225355,32.359033,-98.98514,32.116953
2023_all2030_genstorage_dcfull_n1_ALL_2030,2023,all2030,expansion_tx,ALL_2030,all2030_genstorage_dcfull_n1,transmission,upgrade_branch,line,AC,NORTH,5052-8038,5052,8038,186.0,260.4,74.4,29.783,ALL,115.0,115.0,115.0,T4_light,1.4,Reconductor(ACSR->ACSS),69.3,102.2,4444,73.4,True,27.0,-96.12497666666668,33.113726,-95.669493,33.1959495
2023_all2030_genstorage_dcfull_n1_ALL_2030,2023,all2030,expansion_tx,ALL_2030,all2030_genstorage_dcfull_n1,transmission,upgrade_branch,line,AC,SOUTH,6125-6322,6125,6322,149.0,260.8,111.8,29.776,ALL,115.0,115.0,115.0,T5_moderate,1.75,HTLS Reconductor,75.7,123.9,3175,72.9,True,15.3,-98.057016,29.293499,-98.080406,29.073446
2023_all2030_genstorage_dcfull_n1_ALL_2030,2023,all2030,expansion_tx,ALL_2030,all2030_genstorage_dcfull_n1,transmission,upgrade_branch,line,AC,WEST,1104-1128,1104,1128,122.5,171.5,49.0,29.64,ALL,115.0,115.0,115.0,T4_light,1.4,Reconductor(ACSR->ACSS),50.0,100.3,4840,75.0,True,26.8,-101.368,32.377,-101.826,32.411
2023_all2030_genstorage_dcfull_n1_ALL_2030,2023,all2030,expansion_tx,ALL_2030,all2030_genstorage_dcfull_n1,transmission,upgrade_branch,line,AC,NORTH,2050-5268,2050,5268,213.0,298.2,85.2,29.527,ALL,161.0,161.0,161.0,T4_light,1.4,Reconductor(ACSR->ACSS),65.0,106.2,546,75.9,True,21.6,-95.42519,33.39167,-95.788968,33.316269
2023_all2030_genstorage_dcfull_n1_ALL_2030,2023,all2030,expansion_tx,ALL_2030,all2030_genstorage_dcfull_n1,transmission,upgrade_branch,line,AC,NORTH,2050-5268,2050,5268,213.0,298.2,85.2,29.527,ALL,161.0,161.0,161.0,T4_light,1.4,Reconductor(ACSR->ACSS),65.0,106.2,545,75.9,True,21.6,-95.42519,33.39167,-95.788968,33.316269
2023_all2030_genstorage_dcfull_n1_ALL_2030,2023,all2030,expansion_tx,ALL_2030,all2030_genstorage_dcfull_n1,transmission,upgrade_branch,line,AC,SOUTH,4129-4176,4129,4176,120.0,168.0,48.0,28.631,ALL,115.0,115.0,115.0,T4_light,1.4,Reconductor(ACSR->ACSS),58.6,109.6,1548,75.7,True,25.9,-98.496692,27.634419,-98.883685,27.48301875
2023_all2030_genstorage_dcfull_n1_ALL_2030,2023,all2030,expansion_tx,ALL_2030,all2030_genstorage_dcfull_n1,transmission,upgrade_branch,line,AC,WEST,3032-3070,3032,3070,122.1,170.9,48.8,28.552,ALL,115.0,115.0,115.0,T4_light,1.4,Reconductor(ACSR->ACSS),84.0,103.6,773,71.6,True,25.8,-99.70613471428572,32.45867642857143,-100.1,32.2878
2023_all2030_genstorage_dcfull_n1_ALL_2030,2023,all2030,expansion_tx,ALL_2030,all2030_genstorage_dcfull_n1,transmission,upgrade_branch,line,AC,SOUTH,4149-4182,4149,4182,221.0,386.8,165.8,28.111,ALL,115.0,115.0,115.0,T5_moderate,1.75,HTLS Reconductor,95.6,118.6,1526,63.6,True,14.4,-97.19689,28.120701,-97.351834,27.96312533333333
2023_all2030_genstorage_dcfull_n1_ALL_2030,2023,all2030,expansion_tx,ALL_2030,all2030_genstorage_dcfull_n1,transmission,upgrade_branch,line,AC,HOUSTON,7251-7235,7251,7235,149.0,327.8,178.8,28.029,ALL,115.0,115.0,115.0,T6_heavy,2.2,New Parallel Circuit,87.1,126.3,3307,55.6,True,9.4,-95.833733,30.047619,-95.708537,29.9660525
2023_all2030_genstorage_dcfull_n1_ALL_2030,2023,all2030,expansion_tx,ALL_2030,all2030_genstorage_dcfull_n1,transmission,upgrade_branch,line,AC,SOUTH,4038-4125,4038,4125,131.0,229.2,98.2,27.943,ALL,115.0,115.0,115.0,T5_moderate,1.75,HTLS Reconductor,79.4,121.8,1439,64.2,True,14.3,-97.8000875,28.41935,-97.8308125,28.6249795
2023_all2030_genstorage_dcfull_n1_ALL_2030,2023,all2030,expansion_tx,ALL_2030,all2030_genstorage_dcfull_n1,transmission,upgrade_branch,line,AC,SOUTH,4125-13394,4125,13394,137.3,240.3,103.0,27.943,ALL,115.0,115.0,115.0,T5_moderate,1.75,HTLS Reconductor,90.6,123.8,1214,66.1,True,14.3,-97.8308125,28.6249795,-97.8000875,28.41935
2023_all2030_genstorage_dcfull_n1_ALL_2030,2023,all2030,expansion_tx,ALL_2030,all2030_genstorage_dcfull_n1,transmission,upgrade_branch,line,AC,NORTH,12754-13029,12754,13029,271.0,596.2,325.2,27.828,ALL,161.0,161.0,161.0,T6_heavy,2.2,New Parallel Circuit,94.9,143.7,4871,74.8,True,7.4,-99.695954,33.73925199999999,-99.657805,33.841272
2023_all2030_genstorage_dcfull_n1_ALL_2030,2023,all2030,expansion_tx,ALL_2030,all2030_genstorage_dcfull_n1,transmission,upgrade_branch,transformer,AC,SOUTH,4013-12560,4013,12560,1126.0,1970.5,844.5,27.5,ALL,115.0,500.0,500.0,T5_moderate,1.75,Transformer Replace 1.75x,67.3,122.7,1093,66.2,True,0.0,-98.3163296,26.4391468,-98.3163296,26.4391468
2023_all2030_genstorage_dcfull_n1_ALL_2030,2023,all2030,expansion_tx,ALL_2030,all2030_genstorage_dcfull_n1,transmission,upgrade_branch,transformer,AC,SOUTH,4013-12560,4013,12560,1126.0,1970.5,844.5,27.5,ALL,115.0,500.0,500.0,T5_moderate,1.75,Transformer Replace 1.75x,67.3,122.7,1092,66.2,True,0.0,-98.3163296,26.4391468,-98.3163296,26.4391468
2023_all2030_genstorage_dcfull_n1_ALL_2030,2023,all2030,expansion_tx,ALL_2030,all2030_genstorage_dcfull_n1,transmission,upgrade_branch,transformer,AC,SOUTH,4159-12566,4159,12566,1284.0,2247.0,963.0,27.5,ALL,115.0,500.0,500.0,T5_moderate,1.75,Transformer Replace 1.75x,70.9,116.4,1498,68.2,True,0.0,-97.4230987368421,27.74350405263158,-97.4230987368421,27.74350405263158
2023_all2030_genstorage_dcfull_n1_ALL_2030,2023,all2030,expansion_tx,ALL_2030,all2030_genstorage_dcfull_n1,transmission,upgrade_branch,transformer,AC,SOUTH,4159-12566,4159,12566,1284.0,2247.0,963.0,27.5,ALL,115.0,500.0,500.0,T5_moderate,1.75,Transformer Replace 1.75x,70.9,116.4,1497,68.2,True,0.0,-97.4230987368421,27.74350405263158,-97.4230987368421,27.74350405263158
2023_all2030_genstorage_dcfull_n1_ALL_2030,2023,all2030,expansion_tx,ALL_2030,all2030_genstorage_dcfull_n1,transmission,upgrade_branch,transformer,AC,SOUTH,4196-4195,4196,4195,1233.0,2157.8,924.8,27.5,ALL,230.0,500.0,500.0,T5_moderate,1.75,Transformer Replace 1.75x,62.9,121.3,1547,68.7,True,0.0,-99.005278,27.488056,-99.005278,27.488056
2023_all2030_genstorage_dcfull_n1_ALL_2030,2023,all2030,expansion_tx,ALL_2030,all2030_genstorage_dcfull_n1,transmission,upgrade_branch,transformer,AC,SOUTH,4196-4195,4196,4195,1233.0,2157.8,924.8,27.5,ALL,230.0,500.0,500.0,T5_moderate,1.75,Transformer Replace 1.75x,62.9,121.3,1546,68.7,True,0.0,-99.005278,27.488056,-99.005278,27.488056
2023_all2030_genstorage_dcfull_n1_ALL_2030,2023,all2030,expansion_tx,ALL_2030,all2030_genstorage_dcfull_n1,transmission,upgrade_branch,transformer,AC,NORTH,5308-12536,5308,12536,800.0,1400.0,600.0,27.5,ALL,161.0,500.0,500.0,T5_moderate,1.75,Transformer Replace 1.75x,90.2,114.5,2284,87.7,True,0.0,-96.5458,32.8358,-96.5458,32.8358
2023_all2030_genstorage_dcfull_n1_ALL_2030,2023,all2030,expansion_tx,ALL_2030,all2030_genstorage_dcfull_n1,transmission,upgrade_branch,transformer,AC,NORTH,5385-5384,5385,5384,1538.0,2691.5,1153.5,27.5,ALL,161.0,500.0,500.0,T5_moderate,1.75,Transformer Replace 1.75x,75.8,119.9,2481,72.2,True,0.0,-96.80082027272728,32.808276409090915,-96.80082027272728,32.808276409090915
2023_all2030_genstorage_dcfull_n1_ALL_2030,2023,all2030,expansion_tx,ALL_2030,all2030_genstorage_dcfull_n1,transmission,upgrade_branch,transformer,AC,NORTH,5385-5384,5385,5384,1538.0,2691.5,1153.5,27.5,ALL,161.0,500.0,500.0,T5_moderate,1.75,Transformer Replace 1.75x,75.8,119.9,2480,72.2,True,0.0,-96.80082027272728,32.808276409090915,-96.80082027272728,32.808276409090915
2023_all2030_genstorage_dcfull_n1_ALL_2030,2023,all2030,expansion_tx,ALL_2030,all2030_genstorage_dcfull_n1,transmission,upgrade_branch,transformer,AC,NORTH,5453-12863,5453,12863,600.0,1050.0,450.0,27.5,ALL,161.0,500.0,500.0,T5_moderate,1.75,Transformer Replace 1.75x,98.8,115.7,1564,65.2,True,0.0,-97.458078,32.3380315,-97.458078,32.3380315
2023_all2030_genstorage_dcfull_n1_ALL_2030,2023,all2030,expansion_tx,ALL_2030,all2030_genstorage_dcfull_n1,transmission,upgrade_branch,transformer,AC,SOUTH,6260-6254,6260,6254,84.9,148.6,63.7,27.5,ALL,13.8,500.0,500.0,T5_moderate,1.75,Transformer Replace 1.75x,111.2,111.3,3629,63.6,True,0.0,-97.77508287179488,30.30416587179487,-97.77508287179488,30.30416587179487
2023_all2030_genstorage_dcfull_n1_ALL_2030,2023,all2030,expansion_tx,ALL_2030,all2030_genstorage_dcfull_n1,transmission,upgrade_branch,transformer,AC,SOUTH,6324-12523,6324,12523,1080.0,1890.0,810.0,27.5,ALL,115.0,500.0,500.0,T5_moderate,1.75,Transformer Replace 1.75x,75.4,115.9,3248,87.8,True,0.0,-98.5093816037736,29.474642000000003,-98.5093816037736,29.474642000000003
2023_all2030_genstorage_dcfull_n1_ALL_2030,2023,all2030,expansion_tx,ALL_2030,all2030_genstorage_dcfull_n1,transmission,upgrade_branch,transformer,AC,SOUTH,6324-12523,6324,12523,1080.0,1890.0,810.0,27.5,ALL,115.0,500.0,500.0,T5_moderate,1.75,Transformer Replace 1.75x,75.4,115.9,3247,87.8,True,0.0,-98.5093816037736,29.474642000000003,-98.5093816037736,29.474642000000003
2023_all2030_genstorage_dcfull_n1_ALL_2030,2023,all2030,expansion_tx,ALL_2030,all2030_genstorage_dcfull_n1,transmission,upgrade_branch,transformer,AC,HOUSTON,12584-12585,12584,12585,691.0,1209.2,518.2,27.5,ALL,115.0,500.0,500.0,T5_moderate,1.75,Transformer Replace 1.75x,4.9,111.9,4709,80.3,True,0.0,-96.2086544,29.0561128,-96.2086544,29.0561128
2023_all2030_genstorage_dcfull_n1_ALL_2030,2023,all2030,expansion_tx,ALL_2030,all2030_genstorage_dcfull_n1,transmission,upgrade_branch,transformer,AC,HOUSTON,12639-12640,12639,12640,691.0,1209.2,518.2,27.5,ALL,115.0,500.0,500.0,T5_moderate,1.75,Transformer Replace 1.75x,4.9,111.9,4709,80.3,True,0.0,-96.2086544,29.0561128,-96.2086544,29.0561128
2023_all2030_genstorage_dcfull_n1_ALL_2030,2023,all2030,expansion_tx,ALL_2030,all2030_genstorage_dcfull_n1,transmission,upgrade_branch,line,AC,HOUSTON,7262-13402,7262,13402,157.0,274.8,117.8,27.069,ALL,115.0,115.0,115.0,T5_moderate,1.75,HTLS Reconductor,77.8,117.7,4097,65.2,True,13.9,-95.92298475,28.92553375,-95.718793,29.017466
2023_all2030_genstorage_dcfull_n1_ALL_2030,2023,all2030,expansion_tx,ALL_2030,all2030_genstorage_dcfull_n1,transmission,upgrade_branch,line,AC,NORTH,5276-12590,5276,12590,264.1,581.0,316.9,26.943,ALL,161.0,161.0,161.0,T6_heavy,2.2,New Parallel Circuit,5.0,148.4,4713,81.9,True,7.1,-96.84912,31.509216,-96.93121275,31.43308425
2023_all2030_genstorage_dcfull_n1_ALL_2030,2023,all2030,expansion_tx,ALL_2030,all2030_genstorage_dcfull_n1,transmission,upgrade_branch,line,AC,WEST,1112-13300,1112,13300,122.5,269.5,147.0,26.447,ALL,115.0,115.0,115.0,T6_heavy,2.2,New Parallel Circuit,146.9,146.9,-1,67.3,True,8.8,-101.014,32.239,-100.890668,32.313261999999995
2023_all2030_genstorage_dcfull_n1_ALL_2030,2023,all2030,expansion_tx,ALL_2030,all2030_genstorage_dcfull_n1,transmission,upgrade_branch,line,AC,HOUSTON,7030-4173,7030,4173,149.0,208.6,59.6,26.282,ALL,115.0,115.0,115.0,T4_light,1.4,Reconductor(ACSR->ACSS),83.5,108.5,4322,70.3,True,23.8,-96.70457766666668,28.589903333333336,-96.899059,28.291147
2023_all2030_genstorage_dcfull_n1_ALL_2030,2023,all2030,expansion_tx,ALL_2030,all2030_genstorage_dcfull_n1,transmission,upgrade_branch,line,AC,HOUSTON,7364-7299,7364,7299,98.0,171.5,73.5,25.71,ALL,115.0,115.0,115.0,T5_moderate,1.75,HTLS Reconductor,96.1,115.9,4168,62.0,True,13.2,-96.218695,29.522218,-96.384508,29.397447
2023_all2030_genstorage_dcfull_n1_ALL_2030,2023,all2030,expansion_tx,ALL_2030,all2030_genstorage_dcfull_n1,transmission,upgrade_branch,line,AC,NORTH,5169-5264,5169,5264,234.7,410.7,176.0,25.54,ALL,161.0,161.0,161.0,T5_moderate,1.75,HTLS Reconductor,13.1,119.9,2087,69.1,True,10.3,-98.4123355,32.20698,-98.552257,32.298594
2023_all2030_genstorage_dcfull_n1_ALL_2030,2023,all2030,expansion_tx,ALL_2030,all2030_genstorage_dcfull_n1,transmission,upgrade_branch,line,AC,HOUSTON,7129-7060,7129,7060,172.0,301.0,129.0,25.514,ALL,115.0,115.0,115.0,T5_moderate,1.75,HTLS Reconductor,88.6,113.2,3276,63.9,True,13.1,-96.556418,28.852327,-96.542544,28.663349333333333
2023_all2030_genstorage_dcfull_n1_ALL_2030,2023,all2030,expansion_tx,ALL_2030,all2030_genstorage_dcfull_n1,transmission,upgrade_branch,line,AC,HOUSTON,7244-7272,7244,7272,220.0,308.0,88.0,25.459,ALL,115.0,115.0,115.0,T4_light,1.4,Reconductor(ACSR->ACSS),76.2,105.2,3871,75.5,True,23.0,-95.31001,29.45566,-95.41128715217393,29.77727818478261
2023_all2030_genstorage_dcfull_n1_ALL_2030,2023,all2030,expansion_tx,ALL_2030,all2030_genstorage_dcfull_n1,transmission,upgrade_branch,line,AC,NORTH,5258-5178,5258,5178,187.0,327.2,140.2,25.073,ALL,161.0,161.0,161.0,T5_moderate,1.75,HTLS Reconductor,97.3,123.3,2101,60.9,True,10.2,-96.4916,32.7563,-96.4445225,32.897791
2023_all2030_genstorage_dcfull_n1_ALL_2030,2023,all2030,expansion_tx,ALL_2030,all2030_genstorage_dcfull_n1,transmission,upgrade_branch,transformer,AC,WEST,3038-3037,3038,3037,114.0,342.0,228.0,25.0,ALL,115.0,230.0,230.0,T7_structural,3.0,Major Transformer 3x,140.4,225.4,802,119.0,False,0.0,-100.56760671428572,32.36118885714286,-100.56760671428572,32.36118885714286
2023_all2030_genstorage_dcfull_n1_ALL_2030,2023,all2030,expansion_tx,ALL_2030,all2030_genstorage_dcfull_n1,transmission,upgrade_branch,transformer,AC,WEST,3054-3053,3054,3053,103.0,309.0,206.0,25.0,ALL,115.0,230.0,230.0,T7_structural,3.0,Major Transformer 3x,247.8,329.5,846,167.0,False,0.0,-100.1097475,32.1590745,-100.1097475,32.1590745
2023_all2030_genstorage_dcfull_n1_ALL_2030,2023,all2030,expansion_tx,ALL_2030,all2030_genstorage_dcfull_n1,transmission,upgrade_branch,transformer,AC,WEST,3054-3053,3054,3053,103.0,309.0,206.0,25.0,ALL,115.0,230.0,230.0,T7_structural,3.0,Major Transformer 3x,247.8,329.5,845,167.0,False,0.0,-100.1097475,32.1590745,-100.1097475,32.1590745
2023_all2030_genstorage_dcfull_n1_ALL_2030,2023,all2030,expansion_tx,ALL_2030,all2030_genstorage_dcfull_n1,transmission,upgrade_branch,transformer,AC,SOUTH,4058-4056,4058,4056,200.9,602.7,401.8,25.0,ALL,13.8,230.0,230.0,T7_structural,3.0,Major Transformer 3x,157.2,157.2,0,52.4,True,0.0,-97.242778,27.882778,-97.242778,27.882778
2023_all2030_genstorage_dcfull_n1_ALL_2030,2023,all2030,expansion_tx,ALL_2030,all2030_genstorage_dcfull_n1,transmission,upgrade_branch,transformer,AC,SOUTH,4059-4056,4059,4056,202.5,607.5,405.0,25.0,ALL,13.8,230.0,230.0,T7_structural,3.0,Major Transformer 3x,155.9,155.9,1461,52.0,True,0.0,-97.242778,27.882778,-97.242778,27.882778
2023_all2030_genstorage_dcfull_n1_ALL_2030,2023,all2030,expansion_tx,ALL_2030,all2030_genstorage_dcfull_n1,transmission,upgrade_branch,transformer,AC,SOUTH,4082-4080,4082,4080,398.2,1194.6,796.4,25.0,ALL,13.8,230.0,230.0,T7_structural,3.0,Major Transformer 3x,162.3,162.3,4,54.1,True,0.0,-97.4230987368421,27.74350405263158,-97.4230987368421,27.74350405263158
2023_all2030_genstorage_dcfull_n1_ALL_2030,2023,all2030,expansion_tx,ALL_2030,all2030_genstorage_dcfull_n1,transmission,upgrade_branch,transformer,AC,SOUTH,4085-4080,4085,4080,197.3,591.9,394.6,25.0,ALL,13.8,230.0,230.0,T7_structural,3.0,Major Transformer 3x,160.3,160.4,3629,53.4,True,0.0,-97.4230987368421,27.74350405263158,-97.4230987368421,27.74350405263158
2023_all2030_genstorage_dcfull_n1_ALL_2030,2023,all2030,expansion_tx,ALL_2030,all2030_genstorage_dcfull_n1,transmission,upgrade_branch,transformer,AC,SOUTH,4116-4113,4116,4113,114.5,343.5,229.0,25.0,ALL,13.8,230.0,230.0,T7_structural,3.0,Major Transformer 3x,155.3,155.4,3629,51.9,True,0.0,-99.3906115,27.588413625,-99.3906115,27.588413625
2023_all2030_genstorage_dcfull_n1_ALL_2030,2023,all2030,expansion_tx,ALL_2030,all2030_genstorage_dcfull_n1,transmission,upgrade_branch,transformer,AC,SOUTH,4161-4158,4161,4158,196.1,588.3,392.2,25.0,ALL,13.8,230.0,230.0,T7_structural,3.0,Major Transformer 3x,161.3,161.3,-1,53.8,True,0.0,-97.4230987368421,27.74350405263158,-97.4230987368421,27.74350405263158
2023_all2030_genstorage_dcfull_n1_ALL_2030,2023,all2030,expansion_tx,ALL_2030,all2030_genstorage_dcfull_n1,transmission,upgrade_branch,transformer,AC,SOUTH,6109-6108,6109,6108,137.0,411.0,274.0,25.0,ALL,115.0,230.0,230.0,T7_structural,3.0,Major Transformer 3x,158.2,288.3,2933,96.1,True,0.0,-96.947291,30.633128,-96.947291,30.633128
2023_all2030_genstorage_dcfull_n1_ALL_2030,2023,all2030,expansion_tx,ALL_2030,all2030_genstorage_dcfull_n1,transmission,upgrade_branch,transformer,AC,SOUTH,6153-6152,6153,6152,155.0,465.0,310.0,25.0,ALL,115.0,230.0,230.0,T7_structural,3.0,Major Transformer 3x,73.1,171.1,3171,102.1,False,0.0,-98.5093816037736,29.474642000000003,-98.5093816037736,29.474642000000003
2023_all2030_genstorage_dcfull_n1_ALL_2030,2023,all2030,expansion_tx,ALL_2030,all2030_genstorage_dcfull_n1,transmission,upgrade_branch,transformer,AC,SOUTH,12610-6152,12610,6152,222.0,666.0,444.0,25.0,ALL,20.0,230.0,230.0,T7_structural,3.0,Major Transformer 3x,173.1,173.1,25,57.7,True,0.0,-98.5093816037736,29.474642000000003,-98.5093816037736,29.474642000000003
2023_all2030_genstorage_dcfull_n1_ALL_2030,2023,all2030,expansion_tx,ALL_2030,all2030_genstorage_dcfull_n1,transmission,upgrade_branch,transformer,AC,SOUTH,12611-6152,12611,6152,216.2,648.6,432.4,25.0,ALL,20.0,230.0,230.0,T7_structural,3.0,Major Transformer 3x,153.2,153.2,3629,51.1,True,0.0,-98.5093816037736,29.474642000000003,-98.5093816037736,29.474642000000003
2023_all2030_genstorage_dcfull_n1_ALL_2030,2023,all2030,expansion_tx,ALL_2030,all2030_genstorage_dcfull_n1,transmission,upgrade_branch,transformer,AC,SOUTH,12612-6152,12612,6152,200.9,602.7,401.8,25.0,ALL,20.0,230.0,230.0,T7_structural,3.0,Major Transformer 3x,164.9,164.9,3629,55.0,True,0.0,-98.5093816037736,29.474642000000003,-98.5093816037736,29.474642000000003
2023_all2030_genstorage_dcfull_n1_ALL_2030,2023,all2030,expansion_tx,ALL_2030,all2030_genstorage_dcfull_n1,transmission,upgrade_branch,transformer,AC,NORTH,12961-8147,12961,8147,310.2,930.6,620.4,25.0,ALL,20.0,230.0,230.0,T7_structural,3.0,Major Transformer 3x,186.1,186.1,61,62.1,True,0.0,-96.1482745,32.142643,-96.1482745,32.142643
2023_all2030_genstorage_dcfull_n1_ALL_2030,2023,all2030,expansion_tx,ALL_2030,all2030_genstorage_dcfull_n1,transmission,upgrade_branch,line,AC,NORTH,5088-5290,5088,5290,321.0,706.2,385.2,24.739,ALL,161.0,161.0,161.0,T6_heavy,2.2,New Parallel Circuit,75.7,140.8,1832,73.1,True,6.6,-97.46203133333334,31.819786000000004,-97.3667,31.8694
2023_all2030_genstorage_dcfull_n1_ALL_2030,2023,all2030,expansion_tx,ALL_2030,all2030_genstorage_dcfull_n1,transmission,upgrade_branch,line,AC,NORTH,5088-5290,5088,5290,321.0,706.2,385.2,24.739,ALL,161.0,161.0,161.0,T6_heavy,2.2,New Parallel Circuit,75.7,140.8,1831,73.1,True,6.6,-97.46203133333334,31.819786000000004,-97.3667,31.8694
2023_all2030_genstorage_dcfull_n1_ALL_2030,2023,all2030,expansion_tx,ALL_2030,all2030_genstorage_dcfull_n1,transmission,upgrade_branch,line,AC,NORTH,5453-5092,5453,5092,250.0,350.0,100.0,24.304,ALL,161.0,161.0,161.0,T4_light,1.4,Reconductor(ACSR->ACSS),74.9,102.8,2535,70.9,True,17.8,-97.458078,32.3380315,-97.16076,32.280923
2023_all2030_genstorage_dcfull_n1_ALL_2030,2023,all2030,expansion_tx,ALL_2030,all2030_genstorage_dcfull_n1,transmission,upgrade_branch,line,AC,NORTH,2033-5288,2033,5288,254.0,444.5,190.5,24.071,ALL,161.0,161.0,161.0,T5_moderate,1.75,HTLS Reconductor,87.5,113.9,643,64.6,True,9.7,-96.146489,33.500378,-96.0140895,33.412679
2023_all2030_genstorage_dcfull_n1_ALL_2030,2023,all2030,expansion_tx,ALL_2030,all2030_genstorage_dcfull_n1,transmission,upgrade_branch,line,AC,NORTH,5097-5125,5097,5125,205.3,359.3,154.0,24.042,ALL,161.0,161.0,161.0,T5_moderate,1.75,HTLS Reconductor,85.2,120.0,1862,69.6,True,9.7,-97.0886755,32.837196,-97.12502636363637,32.69967490909091
2023_all2030_genstorage_dcfull_n1_ALL_2030,2023,all2030,expansion_tx,ALL_2030,all2030_genstorage_dcfull_n1,transmission,upgrade_branch,line,AC,SOUTH,4173-4149,4173,4149,170.0,238.0,68.0,23.894,ALL,115.0,115.0,115.0,T4_light,1.4,Reconductor(ACSR->ACSS),80.2,102.2,4322,66.7,True,21.6,-96.899059,28.291147,-97.19689,28.120701
2023_all2030_genstorage_dcfull_n1_ALL_2030,2023,all2030,expansion_tx,ALL_2030,all2030_genstorage_dcfull_n1,transmission,upgrade_branch,line,AC,NORTH,5333-5157,5333,5157,310.0,682.0,372.0,23.758,ALL,161.0,161.0,161.0,T6_heavy,2.2,New Parallel Circuit,90.1,149.1,1908,76.9,True,6.3,-96.807315,32.521773,-96.864075,32.599427
2023_all2030_genstorage_dcfull_n1_ALL_2030,2023,all2030,expansion_tx,ALL_2030,all2030_genstorage_dcfull_n1,transmission,upgrade_branch,line,AC,NORTH,5333-5157,5333,5157,310.0,682.0,372.0,23.758,ALL,161.0,161.0,161.0,T6_heavy,2.2,New Parallel Circuit,90.1,149.1,1908,76.9,True,6.3,-96.807315,32.521773,-96.864075,32.599427
2023_all2030_genstorage_dcfull_n1_ALL_2030,2023,all2030,expansion_tx,ALL_2030,all2030_genstorage_dcfull_n1,transmission,upgrade_branch,line,AC,NORTH,5290-5345,5290,5345,295.0,413.0,118.0,23.603,ALL,161.0,161.0,161.0,T4_light,1.4,Reconductor(ACSR->ACSS),80.3,102.0,1917,70.1,True,17.3,-97.3667,31.8694,-97.133361,32.022461
2023_all2030_genstorage_dcfull_n1_ALL_2030,2023,all2030,expansion_tx,ALL_2030,all2030_genstorage_dcfull_n1,transmission,upgrade_branch,line,AC,NORTH,8121-8055,8121,8055,98.0,171.5,73.5,23.369,ALL,115.0,115.0,115.0,T5_moderate,1.75,HTLS Reconductor,14.2,112.5,4589,57.5,True,12.0,-95.123407,31.9424935,-95.19267,31.779325
2023_all2030_genstorage_dcfull_n1_ALL_2030,2023,all2030,expansion_tx,ALL_2030,all2030_genstorage_dcfull_n1,transmission,upgrade_branch,line,AC,NORTH,5116-5072,5116,5072,310.0,434.0,124.0,23.215,ALL,161.0,161.0,161.0,T4_light,1.4,Reconductor(ACSR->ACSS),59.6,101.3,1777,69.5,True,17.0,-96.73076228571428,33.04730142857143,-96.80082027272728,32.808276409090915
2023_all2030_genstorage_dcfull_n1_ALL_2030,2023,all2030,expansion_tx,ALL_2030,all2030_genstorage_dcfull_n1,transmission,upgrade_branch,line,AC,NORTH,5116-5072,5116,5072,310.0,434.0,124.0,23.215,ALL,161.0,161.0,161.0,T4_light,1.4,Reconductor(ACSR->ACSS),59.6,101.3,1776,69.5,True,17.0,-96.73076228571428,33.04730142857143,-96.80082027272728,32.808276409090915
2023_all2030_genstorage_dcfull_n1_ALL_2030,2023,all2030,expansion_tx,ALL_2030,all2030_genstorage_dcfull_n1,transmission,upgrade_branch,line,AC,HOUSTON,7052-7417,7052,7417,132.7,185.8,53.1,20.861,ALL,115.0,115.0,115.0,T4_light,1.4,Reconductor(ACSR->ACSS),86.8,101.7,3454,75.7,True,18.9,-95.567913,29.5403555,-95.41128715217393,29.77727818478261
2023_all2030_genstorage_dcfull_n1_ALL_2030,2023,all2030,expansion_tx,ALL_2030,all2030_genstorage_dcfull_n1,transmission,upgrade_branch,line,AC,HOUSTON,7261-7096,7261,7096,579.0,810.6,231.6,20.666,ALL,230.0,230.0,230.0,T4_light,1.4,Reconductor(ACSR->ACSS),90.1,107.4,4774,76.2,True,11.8,-95.92298475,28.92553375,-96.0481,28.795
2023_all2030_genstorage_dcfull_n1_ALL_2030,2023,all2030,expansion_tx,ALL_2030,all2030_genstorage_dcfull_n1,transmission,upgrade_branch,line,AC,NORTH,8055-8098,8055,8098,220.0,308.0,88.0,20.625,ALL,115.0,115.0,115.0,T4_light,1.4,Reconductor(ACSR->ACSS),49.0,101.3,4589,63.7,True,18.7,-95.19267,31.779325,-94.87749,31.8141905
2023_all2030_genstorage_dcfull_n1_ALL_2030,2023,all2030,expansion_tx,ALL_2030,all2030_genstorage_dcfull_n1,transmission,upgrade_branch,line,AC,HOUSTON,7001-7337,7001,7337,133.0,186.2,53.2,20.481,ALL,115.0,115.0,115.0,T4_light,1.4,Reconductor(ACSR->ACSS),75.0,108.0,3502,77.2,True,18.5,-96.889623,28.83905,-96.689715,29.042415
2023_all2030_genstorage_dcfull_n1_ALL_2030,2023,all2030,expansion_tx,ALL_2030,all2030_genstorage_dcfull_n1,transmission,upgrade_branch,line,AC,SOUTH,4197-13067,4197,13067,187.0,411.4,224.4,20.09,ALL,115.0,115.0,115.0,T6_heavy,2.2,New Parallel Circuit,92.9,140.3,1553,84.0,True,6.7,-99.005278,27.488056,-98.91,27.44
2023_all2030_genstorage_dcfull_n1_ALL_2030,2023,all2030,expansion_tx,ALL_2030,all2030_genstorage_dcfull_n1,transmission,upgrade_branch,line,AC,SOUTH,4197-13067,4197,13067,187.0,411.4,224.4,20.09,ALL,115.0,115.0,115.0,T6_heavy,2.2,New Parallel Circuit,92.9,140.3,1552,84.0,True,6.7,-99.005278,27.488056,-98.91,27.44
2023_all2030_genstorage_dcfull_n1_ALL_2030,2023,all2030,expansion_tx,ALL_2030,all2030_genstorage_dcfull_n1,transmission,upgrade_branch,transformer,AC,NORTH,2012-2011,2012,2011,719.0,1078.5,359.5,20.0,ALL,161.0,500.0,500.0,T4_light,1.5,Transformer Replace 1.5x,50.5,103.5,471,58.0,True,0.0,-101.35485071428572,35.27871242857143,-101.35485071428572,35.27871242857143
2023_all2030_genstorage_dcfull_n1_ALL_2030,2023,all2030,expansion_tx,ALL_2030,all2030_genstorage_dcfull_n1,transmission,upgrade_branch,transformer,AC,NORTH,5064-5063,5064,5063,1277.0,1915.5,638.5,20.0,ALL,161.0,500.0,500.0,T4_light,1.5,Transformer Replace 1.5x,77.4,107.2,1750,82.4,True,0.0,-97.12502636363637,32.69967490909091,-97.12502636363637,32.69967490909091
2023_all2030_genstorage_dcfull_n1_ALL_2030,2023,all2030,expansion_tx,ALL_2030,all2030_genstorage_dcfull_n1,transmission,upgrade_branch,transformer,AC,NORTH,5064-5063,5064,5063,1277.0,1915.5,638.5,20.0,ALL,161.0,500.0,500.0,T4_light,1.5,Transformer Replace 1.5x,77.4,107.2,1749,82.4,True,0.0,-97.12502636363637,32.69967490909091,-97.12502636363637,32.69967490909091
2023_all2030_genstorage_dcfull_n1_ALL_2030,2023,all2030,expansion_tx,ALL_2030,all2030_genstorage_dcfull_n1,transmission,upgrade_branch,transformer,AC,NORTH,5259-12728,5259,12728,600.0,900.0,300.0,20.0,ALL,161.0,500.0,500.0,T4_light,1.5,Transformer Replace 1.5x,78.8,103.3,2361,78.0,True,0.0,-96.452481,33.068055,-96.452481,33.068055
2023_all2030_genstorage_dcfull_n1_ALL_2030,2023,all2030,expansion_tx,ALL_2030,all2030_genstorage_dcfull_n1,transmission,upgrade_branch,transformer,AC,NORTH,5323-5322,5323,5322,1334.0,2001.0,667.0,20.0,ALL,161.0,500.0,500.0,T4_light,1.5,Transformer Replace 1.5x,76.5,101.8,2387,76.4,True,0.0,-96.80082027272728,32.808276409090915,-96.80082027272728,32.808276409090915
2023_all2030_genstorage_dcfull_n1_ALL_2030,2023,all2030,expansion_tx,ALL_2030,all2030_genstorage_dcfull_n1,transmission,upgrade_branch,transformer,AC,NORTH,5323-5322,5323,5322,1334.0,2001.0,667.0,20.0,ALL,161.0,500.0,500.0,T4_light,1.5,Transformer Replace 1.5x,76.5,101.8,2386,76.4,True,0.0,-96.80082027272728,32.808276409090915,-96.80082027272728,32.808276409090915
2023_all2030_genstorage_dcfull_n1_ALL_2030,2023,all2030,expansion_tx,ALL_2030,all2030_genstorage_dcfull_n1,transmission,upgrade_branch,transformer,AC,SOUTH,6108-6107,6108,6107,380.0,570.0,190.0,20.0,ALL,230.0,500.0,500.0,T4_light,1.5,Transformer Replace 1.5x,77.4,107.9,2696,79.0,True,0.0,-96.947291,30.633128,-96.947291,30.633128
2023_all2030_genstorage_dcfull_n1_ALL_2030,2023,all2030,expansion_tx,ALL_2030,all2030_genstorage_dcfull_n1,transmission,upgrade_branch,transformer,AC,HOUSTON,7339-12696,7339,12696,1015.0,1522.5,507.5,20.0,ALL,115.0,500.0,500.0,T4_light,1.5,Transformer Replace 1.5x,64.4,106.3,4226,76.3,True,0.0,-95.785914,29.3459875,-95.785914,29.3459875
2023_all2030_genstorage_dcfull_n1_ALL_2030,2023,all2030,expansion_tx,ALL_2030,all2030_genstorage_dcfull_n1,transmission,upgrade_branch,transformer,AC,HOUSTON,7342-7341,7342,7341,1311.0,1966.5,655.5,20.0,ALL,230.0,500.0,500.0,T4_light,1.5,Transformer Replace 1.5x,79.2,106.0,4227,88.5,True,0.0,-95.7842315,29.79427175,-95.7842315,29.79427175
2023_all2030_genstorage_dcfull_n1_ALL_2030,2023,all2030,expansion_tx,ALL_2030,all2030_genstorage_dcfull_n1,transmission,upgrade_branch,transformer,AC,NORTH,12807-12808,12807,12808,770.0,1155.0,385.0,20.0,ALL,161.0,500.0,500.0,T4_light,1.5,Transformer Replace 1.5x,1.1,109.9,4767,94.0,True,0.0,-101.381494,34.196962,-101.381494,34.196962
2023_all2030_genstorage_dcfull_n1_ALL_2030,2023,all2030,expansion_tx,ALL_2030,all2030_genstorage_dcfull_n1,transmission,upgrade_branch,line,AC,WEST,3128-3129,3128,3129,136.0,238.0,102.0,19.948,ALL,115.0,115.0,115.0,T5_moderate,1.75,HTLS Reconductor,63.6,115.6,805,63.4,True,10.2,-100.727898,32.421184499999995,-100.56760671428572,32.36118885714286
2023_all2030_genstorage_dcfull_n1_ALL_2030,2023,all2030,expansion_tx,ALL_2030,all2030_genstorage_dcfull_n1,transmission,upgrade_branch,line,AC,NORTH,5268-5288,5268,5288,247.0,345.8,98.8,19.928,ALL,161.0,161.0,161.0,T4_light,1.4,Reconductor(ACSR->ACSS),87.1,104.5,643,74.6,True,14.6,-95.788968,33.316269,-96.0140895,33.412679
2023_all2030_genstorage_dcfull_n1_ALL_2030,2023,all2030,expansion_tx,ALL_2030,all2030_genstorage_dcfull_n1,transmission,upgrade_branch,line,AC,SOUTH,4170-4108,4170,4108,149.0,260.8,111.8,19.917,ALL,115.0,115.0,115.0,T5_moderate,1.75,HTLS Reconductor,90.6,111.0,1528,57.0,True,10.2,-97.092196,27.873028,-97.258417,27.88929
2023_all2030_genstorage_dcfull_n1_ALL_2030,2023,all2030,expansion_tx,ALL_2030,all2030_genstorage_dcfull_n1,transmission,upgrade_branch,line,AC,NORTH,5274-5313,5274,5313,232.9,582.2,349.4,19.524,ALL,161.0,161.0,161.0,T7_structural,2.5,New Corridor/Aggressive Parallel,175.6,232.3,2317,121.7,False,2.6,-96.674333,32.605192,-96.695516,32.63852
2023_all2030_genstorage_dcfull_n1_ALL_2030,2023,all2030,expansion_tx,ALL_2030,all2030_genstorage_dcfull_n1,transmission,upgrade_branch,line,AC,SOUTH,4155-12906,4155,12906,143.2,200.5,57.3,19.38,ALL,115.0,115.0,115.0,T4_light,1.4,Reconductor(ACSR->ACSS),68.9,100.3,1483,75.0,True,17.5,-98.567191,26.253727,-98.411111,26.465556
2023_all2030_genstorage_dcfull_n1_ALL_2030,2023,all2030,expansion_tx,ALL_2030,all2030_genstorage_dcfull_n1,transmission,upgrade_branch,line,AC,SOUTH,4155-12906,4155,12906,143.2,200.5,57.3,19.38,ALL,115.0,115.0,115.0,T4_light,1.4,Reconductor(ACSR->ACSS),68.9,100.3,1482,75.0,True,17.5,-98.567191,26.253727,-98.411111,26.465556
2023_all2030_genstorage_dcfull_n1_ALL_2030,2023,all2030,expansion_tx,ALL_2030,all2030_genstorage_dcfull_n1,transmission,upgrade_branch,line,AC,NORTH,8120-8141,8120,8141,221.0,309.4,88.4,19.372,ALL,115.0,115.0,115.0,T4_light,1.4,Reconductor(ACSR->ACSS),52.0,105.6,4356,46.1,True,17.5,-96.4032496,30.7142204,-96.62542,30.881424
2023_all2030_genstorage_dcfull_n1_ALL_2030,2023,all2030,expansion_tx,ALL_2030,all2030_genstorage_dcfull_n1,transmission,upgrade_branch,line,AC,SOUTH,6221-6322,6221,6322,98.0,137.2,39.2,19.042,ALL,115.0,115.0,115.0,T4_light,1.4,Reconductor(ACSR->ACSS),33.8,106.7,3195,78.2,True,17.2,-98.240425,28.867033,-98.080406,29.073446
2023_all2030_genstorage_dcfull_n1_ALL_2030,2023,all2030,expansion_tx,ALL_2030,all2030_genstorage_dcfull_n1,transmission,upgrade_branch,line,AC,SOUTH,6032-6207,6032,6207,149.0,208.6,59.6,18.863,ALL,115.0,115.0,115.0,T4_light,1.4,Reconductor(ACSR->ACSS),41.0,104.8,2954,74.9,True,17.1,-97.77508287179488,30.30416587179487,-97.9398515,30.5062735
2023_all2030_genstorage_dcfull_n1_ALL_2030,2023,all2030,expansion_tx,ALL_2030,all2030_genstorage_dcfull_n1,transmission,upgrade_branch,line,AC,HOUSTON,7044-7001,7044,7001,111.0,194.2,83.2,18.573,ALL,115.0,115.0,115.0,T5_moderate,1.75,HTLS Reconductor,75.6,124.9,3355,75.4,True,9.5,-97.00621414285716,28.74651585714286,-96.889623,28.83905
2023_all2030_genstorage_dcfull_n1_ALL_2030,2023,all2030,expansion_tx,ALL_2030,all2030_genstorage_dcfull_n1,transmission,upgrade_branch,line,AC,NORTH,12581-12846,12581,12846,180.9,398.0,217.1,18.559,ALL,161.0,161.0,161.0,T6_heavy,2.2,New Parallel Circuit,62.0,141.5,4703,96.1,True,4.9,-101.9707005,34.487581000000006,-102.051944,34.511944
2023_all2030_genstorage_dcfull_n1_ALL_2030,2023,all2030,expansion_tx,ALL_2030,all2030_genstorage_dcfull_n1,transmission,upgrade_branch,line,AC,NORTH,12846-13038,12846,13038,205.2,451.4,246.2,18.559,ALL,161.0,161.0,161.0,T6_heavy,2.2,New Parallel Circuit,65.8,131.7,4703,83.2,True,4.9,-102.051944,34.511944,-101.9707005,34.487581000000006
2023_all2030_genstorage_dcfull_n1_ALL_2030,2023,all2030,expansion_tx,ALL_2030,all2030_genstorage_dcfull_n1,transmission,upgrade_branch,line,AC,NORTH,2033-2106,2033,2106,326.0,456.4,130.4,18.279,ALL,161.0,161.0,161.0,T4_light,1.4,Reconductor(ACSR->ACSS),56.3,109.7,491,78.0,True,13.4,-96.146489,33.500378,-96.378894,33.498186
2023_all2030_genstorage_dcfull_n1_ALL_2030,2023,all2030,expansion_tx,ALL_2030,all2030_genstorage_dcfull_n1,transmission,upgrade_branch,line,AC,HOUSTON,7091-7418,7091,7418,98.0,137.2,39.2,18.247,ALL,115.0,115.0,115.0,T4_light,1.4,Reconductor(ACSR->ACSS),69.4,100.1,3605,72.8,True,16.5,-95.3149035,29.5534395,-95.41128715217393,29.77727818478261
2023_all2030_genstorage_dcfull_n1_ALL_2030,2023,all2030,expansion_tx,ALL_2030,all2030_genstorage_dcfull_n1,transmission,upgrade_branch,line,AC,SOUTH,6241-6324,6241,6324,310.0,434.0,124.0,17.979,ALL,115.0,115.0,115.0,T4_light,1.4,Reconductor(ACSR->ACSS),57.1,105.3,3177,76.4,True,16.3,-98.35335,29.282378,-98.5093816037736,29.474642000000003
2023_all2030_genstorage_dcfull_n1_ALL_2030,2023,all2030,expansion_tx,ALL_2030,all2030_genstorage_dcfull_n1,transmission,upgrade_branch,line,AC,SOUTH,6241-6324,6241,6324,310.0,434.0,124.0,17.979,ALL,115.0,115.0,115.0,T4_light,1.4,Reconductor(ACSR->ACSS),57.1,105.3,3176,76.4,True,16.3,-98.35335,29.282378,-98.5093816037736,29.474642000000003
2023_all2030_genstorage_dcfull_n1_ALL_2030,2023,all2030,expansion_tx,ALL_2030,all2030_genstorage_dcfull_n1,transmission,upgrade_branch,line,AC,SOUTH,6324-13126,6324,13126,223.1,312.3,89.2,17.979,ALL,115.0,115.0,115.0,T4_light,1.4,Reconductor(ACSR->ACSS),78.8,103.8,2964,64.2,True,16.3,-98.5093816037736,29.474642000000003,-98.35335,29.282378
2023_all2030_genstorage_dcfull_n1_ALL_2030,2023,all2030,expansion_tx,ALL_2030,all2030_genstorage_dcfull_n1,transmission,upgrade_branch,line,AC,SOUTH,6324-13126,6324,13126,223.1,312.3,89.2,17.979,ALL,115.0,115.0,115.0,T4_light,1.4,Reconductor(ACSR->ACSS),78.8,103.8,2964,64.2,True,16.3,-98.5093816037736,29.474642000000003,-98.35335,29.282378
2023_all2030_genstorage_dcfull_n1_ALL_2030,2023,all2030,expansion_tx,ALL_2030,all2030_genstorage_dcfull_n1,transmission,upgrade_branch,line,AC,NORTH,5174-5201,5174,5201,242.0,338.8,96.8,17.822,ALL,161.0,161.0,161.0,T4_light,1.4,Reconductor(ACSR->ACSS),75.4,106.6,4713,68.3,True,13.1,-96.8751,31.8932,-96.818676,31.710422
2023_all2030_genstorage_dcfull_n1_ALL_2030,2023,all2030,expansion_tx,ALL_2030,all2030_genstorage_dcfull_n1,transmission,upgrade_branch,line,AC,NORTH,5276-12926,5276,12926,207.2,362.6,155.4,17.652,ALL,161.0,161.0,161.0,T5_moderate,1.75,HTLS Reconductor,21.4,124.5,4713,48.1,True,7.1,-96.84912,31.509216,-96.93121275,31.43308425
2023_all2030_genstorage_dcfull_n1_ALL_2030,2023,all2030,expansion_tx,ALL_2030,all2030_genstorage_dcfull_n1,transmission,upgrade_branch,line,AC,NORTH,5194-5330,5194,5330,251.0,351.4,100.4,17.334,ALL,161.0,161.0,161.0,T4_light,1.4,Reconductor(ACSR->ACSS),58.2,105.0,2544,55.8,True,12.7,-96.914175,32.651936,-97.12502636363637,32.69967490909091
2023_all2030_genstorage_dcfull_n1_ALL_2030,2023,all2030,expansion_tx,ALL_2030,all2030_genstorage_dcfull_n1,transmission,upgrade_branch,transformer,AC,WEST,3089-3088,3089,3088,411.0,822.0,411.0,17.0,ALL,161.0,230.0,230.0,T6_heavy,2.0,Parallel Transformer 2x,116.7,146.2,773,67.2,True,0.0,-99.70613471428572,32.45867642857143,-99.70613471428572,32.45867642857143
2023_all2030_genstorage_dcfull_n1_ALL_2030,2023,all2030,expansion_tx,ALL_2030,all2030_genstorage_dcfull_n1,transmission,upgrade_branch,transformer,AC,SOUTH,4060-4056,4060,4056,232.8,465.6,232.8,17.0,ALL,13.8,230.0,230.0,T6_heavy,2.0,Parallel Transformer 2x,131.3,131.3,11,65.8,True,0.0,-97.242778,27.882778,-97.242778,27.882778
2023_all2030_genstorage_dcfull_n1_ALL_2030,2023,all2030,expansion_tx,ALL_2030,all2030_genstorage_dcfull_n1,transmission,upgrade_branch,transformer,AC,SOUTH,4075-4073,4075,4073,246.2,492.4,246.2,17.0,ALL,24.0,230.0,230.0,T6_heavy,2.0,Parallel Transformer 2x,149.8,149.8,3629,74.9,True,0.0,-98.349756,26.24829825,-98.349756,26.24829825
2023_all2030_genstorage_dcfull_n1_ALL_2030,2023,all2030,expansion_tx,ALL_2030,all2030_genstorage_dcfull_n1,transmission,upgrade_branch,transformer,AC,SOUTH,4077-4073,4077,4073,269.0,538.0,269.0,17.0,ALL,24.0,230.0,230.0,T6_heavy,2.0,Parallel Transformer 2x,134.0,134.2,3629,67.4,True,0.0,-98.349756,26.24829825,-98.349756,26.24829825
2023_all2030_genstorage_dcfull_n1_ALL_2030,2023,all2030,expansion_tx,ALL_2030,all2030_genstorage_dcfull_n1,transmission,upgrade_branch,transformer,AC,SOUTH,4083-4080,4083,4080,421.8,843.6,421.8,17.0,ALL,13.8,230.0,230.0,T6_heavy,2.0,Parallel Transformer 2x,140.2,140.2,3629,70.1,True,0.0,-97.4230987368421,27.74350405263158,-97.4230987368421,27.74350405263158
2023_all2030_genstorage_dcfull_n1_ALL_2030,2023,all2030,expansion_tx,ALL_2030,all2030_genstorage_dcfull_n1,transmission,upgrade_branch,transformer,AC,SOUTH,4084-4080,4084,4080,214.5,429.0,214.5,17.0,ALL,13.8,230.0,230.0,T6_heavy,2.0,Parallel Transformer 2x,147.4,147.4,0,73.7,True,0.0,-97.4230987368421,27.74350405263158,-97.4230987368421,27.74350405263158
2023_all2030_genstorage_dcfull_n1_ALL_2030,2023,all2030,expansion_tx,ALL_2030,all2030_genstorage_dcfull_n1,transmission,upgrade_branch,transformer,AC,SOUTH,4162-4158,4162,4158,222.4,444.8,222.4,17.0,ALL,13.8,230.0,230.0,T6_heavy,2.0,Parallel Transformer 2x,142.2,142.2,-1,71.1,True,0.0,-97.4230987368421,27.74350405263158,-97.4230987368421,27.74350405263158
2023_all2030_genstorage_dcfull_n1_ALL_2030,2023,all2030,expansion_tx,ALL_2030,all2030_genstorage_dcfull_n1,transmission,upgrade_branch,transformer,AC,SOUTH,6264-6263,6264,6263,292.0,584.0,292.0,17.0,ALL,115.0,230.0,230.0,T6_heavy,2.0,Parallel Transformer 2x,16.7,127.4,3197,66.0,True,0.0,-97.894958,28.733411,-97.894958,28.733411
2023_all2030_genstorage_dcfull_n1_ALL_2030,2023,all2030,expansion_tx,ALL_2030,all2030_genstorage_dcfull_n1,transmission,upgrade_branch,transformer,AC,SOUTH,6344-6343,6344,6343,400.0,800.0,400.0,17.0,ALL,115.0,230.0,230.0,T6_heavy,2.0,Parallel Transformer 2x,83.9,125.4,3258,80.4,True,0.0,-97.677175,30.5341255,-97.677175,30.5341255
2023_all2030_genstorage_dcfull_n1_ALL_2030,2023,all2030,expansion_tx,ALL_2030,all2030_genstorage_dcfull_n1,transmission,upgrade_branch,transformer,AC,SOUTH,6344-6343,6344,6343,400.0,800.0,400.0,17.0,ALL,115.0,230.0,230.0,T6_heavy,2.0,Parallel Transformer 2x,83.9,125.4,3257,80.4,True,0.0,-97.677175,30.5341255,-97.677175,30.5341255
2023_all2030_genstorage_dcfull_n1_ALL_2030,2023,all2030,expansion_tx,ALL_2030,all2030_genstorage_dcfull_n1,transmission,upgrade_branch,transformer,AC,HOUSTON,7030-7029,7030,7029,126.6,253.2,126.6,17.0,ALL,115.0,230.0,230.0,T6_heavy,2.0,Parallel Transformer 2x,98.2,127.7,4322,57.9,True,0.0,-96.70457766666668,28.589903333333336,-96.70457766666668,28.589903333333336
2023_all2030_genstorage_dcfull_n1_ALL_2030,2023,all2030,expansion_tx,ALL_2030,all2030_genstorage_dcfull_n1,transmission,upgrade_branch,transformer,AC,HOUSTON,7421-7420,7421,7420,161.4,322.8,161.4,17.0,ALL,115.0,230.0,230.0,T6_heavy,2.0,Parallel Transformer 2x,108.1,148.6,4337,96.3,True,0.0,-95.698237,30.1865575,-95.698237,30.1865575
2023_all2030_genstorage_dcfull_n1_ALL_2030,2023,all2030,expansion_tx,ALL_2030,all2030_genstorage_dcfull_n1,transmission,upgrade_branch,transformer,AC,HOUSTON,7421-7420,7421,7420,161.4,322.8,161.4,17.0,ALL,115.0,230.0,230.0,T6_heavy,2.0,Parallel Transformer 2x,108.1,148.6,4336,96.3,True,0.0,-95.698237,30.1865575,-95.698237,30.1865575
2023_all2030_genstorage_dcfull_n1_ALL_2030,2023,all2030,expansion_tx,ALL_2030,all2030_genstorage_dcfull_n1,transmission,upgrade_branch,transformer,AC,NORTH,8069-8068,8069,8068,143.0,286.0,143.0,17.0,ALL,115.0,230.0,230.0,T6_heavy,2.0,Parallel Transformer 2x,104.3,145.4,4378,102.2,False,0.0,-96.202639,31.37571,-96.202639,31.37571
2023_all2030_genstorage_dcfull_n1_ALL_2030,2023,all2030,expansion_tx,ALL_2030,all2030_genstorage_dcfull_n1,transmission,upgrade_branch,line,AC,NORTH,5232-5251,5232,5251,187.0,327.2,140.2,16.993,ALL,161.0,161.0,161.0,T5_moderate,1.75,HTLS Reconductor,82.5,113.3,2386,54.7,True,6.9,-97.12502636363637,32.69967490909091,-97.010181,32.723688
2023_all2030_genstorage_dcfull_n1_ALL_2030,2023,all2030,expansion_tx,ALL_2030,all2030_genstorage_dcfull_n1,transmission,upgrade_branch,line,AC,SOUTH,6264-4125,6264,4125,333.0,582.8,249.8,16.46,ALL,115.0,115.0,115.0,T5_moderate,1.75,HTLS Reconductor,26.0,123.1,3197,72.7,True,8.4,-97.894958,28.733411,-97.8308125,28.6249795
2023_all2030_genstorage_dcfull_n1_ALL_2030,2023,all2030,expansion_tx,ALL_2030,all2030_genstorage_dcfull_n1,transmission,upgrade_branch,line,AC,SOUTH,4130-4179,4130,4179,98.0,137.2,39.2,16.451,ALL,115.0,115.0,115.0,T4_light,1.4,Reconductor(ACSR->ACSS),44.3,106.7,1548,73.1,True,14.9,-98.62897,27.835918,-98.385775,27.849558
2023_all2030_genstorage_dcfull_n1_ALL_2030,2023,all2030,expansion_tx,ALL_2030,all2030_genstorage_dcfull_n1,transmission,upgrade_branch,line,AC,NORTH,5188-5253,5188,5253,187.0,261.8,74.8,16.241,ALL,161.0,161.0,161.0,T4_light,1.4,Reconductor(ACSR->ACSS),64.0,106.4,1898,70.3,True,11.9,-96.88981733333333,33.00596633333333,-97.092488,33.0338
2023_all2030_genstorage_dcfull_n1_ALL_2030,2023,all2030,expansion_tx,ALL_2030,all2030_genstorage_dcfull_n1,transmission,upgrade_branch,line,AC,HOUSTON,7339-13404,7339,13404,194.1,271.7,77.6,16.217,ALL,115.0,115.0,115.0,T4_light,1.4,Reconductor(ACSR->ACSS),68.6,104.5,4226,79.9,True,14.7,-95.785914,29.3459875,-95.68083125,29.15439325
2023_all2030_genstorage_dcfull_n1_ALL_2030,2023,all2030,expansion_tx,ALL_2030,all2030_genstorage_dcfull_n1,transmission,upgrade_branch,line,AC,HOUSTON,7339-13404,7339,13404,194.1,271.7,77.6,16.217,ALL,115.0,115.0,115.0,T4_light,1.4,Reconductor(ACSR->ACSS),68.6,104.5,4226,79.9,True,14.7,-95.785914,29.3459875,-95.68083125,29.15439325
2023_all2030_genstorage_dcfull_n1_ALL_2030,2023,all2030,expansion_tx,ALL_2030,all2030_genstorage_dcfull_n1,transmission,upgrade_branch,line,AC,HOUSTON,7339-13404,7339,13404,194.1,271.7,77.6,16.217,ALL,115.0,115.0,115.0,T4_light,1.4,Reconductor(ACSR->ACSS),68.6,104.5,4226,79.9,True,14.7,-95.785914,29.3459875,-95.68083125,29.15439325
2023_all2030_genstorage_dcfull_n1_ALL_2030,2023,all2030,expansion_tx,ALL_2030,all2030_genstorage_dcfull_n1,transmission,upgrade_branch,line,AC,NORTH,5175-5370,5175,5370,474.0,663.6,189.6,16.086,ALL,161.0,161.0,161.0,T4_light,1.4,Reconductor(ACSR->ACSS),63.2,106.3,2096,71.7,True,11.8,-97.13581333333332,33.210620166666665,-97.0124115,33.07492
2023_all2030_genstorage_dcfull_n1_ALL_2030,2023,all2030,expansion_tx,ALL_2030,all2030_genstorage_dcfull_n1,transmission,upgrade_branch,line,AC,NORTH,5175-5370,5175,5370,474.0,663.6,189.6,16.086,ALL,161.0,161.0,161.0,T4_light,1.4,Reconductor(ACSR->ACSS),63.2,106.3,2095,71.7,True,11.8,-97.13581333333332,33.210620166666665,-97.0124115,33.07492
2023_all2030_genstorage_dcfull_n1_ALL_2030,2023,all2030,expansion_tx,ALL_2030,all2030_genstorage_dcfull_n1,transmission,upgrade_branch,transformer,AC,NORTH,13000-12999,13000,12999,183.5,550.5,367.0,16.0,ALL,20.0,161.0,161.0,T7_structural,3.0,Major Transformer 3x,81.7,218.0,5029,27.2,True,0.0,-95.574442,33.433264,-95.574442,33.433264
2023_all2030_genstorage_dcfull_n1_ALL_2030,2023,all2030,expansion_tx,ALL_2030,all2030_genstorage_dcfull_n1,transmission,upgrade_branch,line,AC,SOUTH,4104-4145,4104,4145,98.0,215.6,117.6,15.814,ALL,115.0,115.0,115.0,T6_heavy,2.2,New Parallel Circuit,112.9,147.2,1526,82.2,True,5.3,-97.351834,27.96312533333333,-97.384238,27.892132
2023_all2030_genstorage_dcfull_n1_ALL_2030,2023,all2030,expansion_tx,ALL_2030,all2030_genstorage_dcfull_n1,transmission,upgrade_branch,line,AC,SOUTH,4056-4181,4056,4181,647.0,905.8,258.8,15.214,ALL,230.0,230.0,230.0,T4_light,1.4,Reconductor(ACSR->ACSS),81.5,103.6,1281,82.3,True,8.7,-97.242778,27.882778,-97.351834,27.96312533333333
2023_all2030_genstorage_dcfull_n1_ALL_2030,2023,all2030,expansion_tx,ALL_2030,all2030_genstorage_dcfull_n1,transmission,upgrade_branch,line,AC,NORTH,5259-5412,5259,5412,324.0,567.0,243.0,15.173,ALL,161.0,161.0,161.0,T5_moderate,1.75,HTLS Reconductor,74.8,114.5,2286,70.3,True,6.1,-96.452481,33.068055,-96.534936,33.012135
2023_all2030_genstorage_dcfull_n1_ALL_2030,2023,all2030,expansion_tx,ALL_2030,all2030_genstorage_dcfull_n1,transmission,upgrade_branch,line,AC,NORTH,5259-5412,5259,5412,311.0,544.2,233.2,15.173,ALL,161.0,161.0,161.0,T5_moderate,1.75,HTLS Reconductor,70.7,114.5,2285,69.8,True,6.1,-96.452481,33.068055,-96.534936,33.012135
2023_all2030_genstorage_dcfull_n1_ALL_2030,2023,all2030,expansion_tx,ALL_2030,all2030_genstorage_dcfull_n1,transmission,upgrade_branch,line,AC,NORTH,5277-5315,5277,5315,219.0,306.6,87.6,14.972,ALL,161.0,161.0,161.0,T4_light,1.4,Reconductor(ACSR->ACSS),70.6,100.4,2325,67.5,True,11.0,-96.950551,33.176495,-97.13581333333332,33.210620166666665
2023_all2030_genstorage_dcfull_n1_ALL_2030,2023,all2030,expansion_tx,ALL_2030,all2030_genstorage_dcfull_n1,transmission,upgrade_branch,line,AC,NORTH,5277-5315,5277,5315,219.0,306.6,87.6,14.972,ALL,161.0,161.0,161.0,T4_light,1.4,Reconductor(ACSR->ACSS),70.6,100.4,2324,67.5,True,11.0,-96.950551,33.176495,-97.13581333333332,33.210620166666665
2023_all2030_genstorage_dcfull_n1_ALL_2030,2023,all2030,expansion_tx,ALL_2030,all2030_genstorage_dcfull_n1,transmission,upgrade_branch,line,AC,SOUTH,4108-13167,4108,13167,179.0,313.2,134.2,14.921,ALL,115.0,115.0,115.0,T5_moderate,1.75,HTLS Reconductor,24.7,110.5,1282,90.8,True,7.7,-97.258417,27.88929,-97.351834,27.96312533333333
2023_all2030_genstorage_dcfull_n1_ALL_2030,2023,all2030,expansion_tx,ALL_2030,all2030_genstorage_dcfull_n1,transmission,upgrade_branch,line,AC,SOUTH,12858-6263,12858,6263,730.4,1022.6,292.2,14.814,ALL,230.0,230.0,230.0,T4_light,1.4,Reconductor(ACSR->ACSS),89.8,100.1,1435,70.1,True,8.4,-97.8308125,28.6249795,-97.894958,28.733411
2023_all2030_genstorage_dcfull_n1_ALL_2030,2023,all2030,expansion_tx,ALL_2030,all2030_genstorage_dcfull_n1,transmission,upgrade_branch,line,AC,SOUTH,4176-4197,4176,4197,216.4,378.7,162.3,14.549,ALL,115.0,115.0,115.0,T5_moderate,1.75,HTLS Reconductor,98.1,115.9,1554,60.3,True,7.5,-98.883685,27.48301875,-99.005278,27.488056
2023_all2030_genstorage_dcfull_n1_ALL_2030,2023,all2030,expansion_tx,ALL_2030,all2030_genstorage_dcfull_n1,transmission,upgrade_branch,line,AC,NORTH,5148-5457,5148,5457,187.0,261.8,74.8,14.534,ALL,161.0,161.0,161.0,T4_light,1.4,Reconductor(ACSR->ACSS),82.7,101.3,1898,66.3,True,10.6,-96.9700122,32.8603614,-97.149641,32.891787
2023_all2030_genstorage_dcfull_n1_ALL_2030,2023,all2030,expansion_tx,ALL_2030,all2030_genstorage_dcfull_n1,transmission,upgrade_branch,line,AC,NORTH,2129-2033,2129,2033,338.0,473.2,135.2,14.208,ALL,161.0,161.0,161.0,T4_light,1.4,Reconductor(ACSR->ACSS),66.6,108.8,490,77.4,True,10.4,-96.311485,33.439125,-96.146489,33.500378
2023_all2030_genstorage_dcfull_n1_ALL_2030,2023,all2030,expansion_tx,ALL_2030,all2030_genstorage_dcfull_n1,transmission,upgrade_branch,line,AC,HOUSTON,7235-7315,7235,7315,221.0,309.4,88.4,14.04,ALL,115.0,115.0,115.0,T4_light,1.4,Reconductor(ACSR->ACSS),63.7,109.0,4022,71.9,True,12.7,-95.708537,29.9660525,-95.7842315,29.79427175
2023_all2030_genstorage_dcfull_n1_ALL_2030,2023,all2030,expansion_tx,ALL_2030,all2030_genstorage_dcfull_n1,transmission,upgrade_branch,line,AC,HOUSTON,7235-7315,7235,7315,221.0,309.4,88.4,14.04,ALL,115.0,115.0,115.0,T4_light,1.4,Reconductor(ACSR->ACSS),63.7,109.0,4021,71.9,True,12.7,-95.708537,29.9660525,-95.7842315,29.79427175
2023_all2030_genstorage_dcfull_n1_ALL_2030,2023,all2030,expansion_tx,ALL_2030,all2030_genstorage_dcfull_n1,transmission,upgrade_branch,line,AC,HOUSTON,7050-7251,7050,7251,132.5,185.5,53.0,13.878,ALL,115.0,115.0,115.0,T4_light,1.4,Reconductor(ACSR->ACSS),72.0,107.6,3307,66.5,True,12.6,-95.698237,30.1865575,-95.833733,30.047619
2023_all2030_genstorage_dcfull_n1_ALL_2030,2023,all2030,expansion_tx,ALL_2030,all2030_genstorage_dcfull_n1,transmission,upgrade_branch,line,AC,NORTH,5277-5095,5277,5095,301.0,526.8,225.8,13.748,ALL,161.0,161.0,161.0,T5_moderate,1.75,HTLS Reconductor,72.8,117.9,2557,61.0,True,5.6,-96.950551,33.176495,-97.005469,33.110351
2023_all2030_genstorage_dcfull_n1_ALL_2030,2023,all2030,expansion_tx,ALL_2030,all2030_genstorage_dcfull_n1,transmission,upgrade_branch,line,AC,NORTH,5088-5393,5088,5393,251.0,351.4,100.4,13.705,ALL,161.0,161.0,161.0,T4_light,1.4,Reconductor(ACSR->ACSS),12.9,102.6,1835,56.3,True,10.0,-97.46203133333334,31.819786000000004,-97.374883,31.694792
2023_all2030_genstorage_dcfull_n1_ALL_2030,2023,all2030,expansion_tx,ALL_2030,all2030_genstorage_dcfull_n1,transmission,upgrade_branch,line,AC,NORTH,5044-5312,5044,5312,326.0,456.4,130.4,13.667,ALL,161.0,161.0,161.0,T4_light,1.4,Reconductor(ACSR->ACSS),67.4,105.1,1696,72.3,True,10.0,-97.597083,33.041942,-97.561179,32.900196
2023_all2030_genstorage_dcfull_n1_ALL_2030,2023,all2030,expansion_tx,ALL_2030,all2030_genstorage_dcfull_n1,transmission,upgrade_branch,line,AC,NORTH,5044-5312,5044,5312,326.0,456.4,130.4,13.667,ALL,161.0,161.0,161.0,T4_light,1.4,Reconductor(ACSR->ACSS),67.4,105.1,1695,72.3,True,10.0,-97.597083,33.041942,-97.561179,32.900196
2023_all2030_genstorage_dcfull_n1_ALL_2030,2023,all2030,expansion_tx,ALL_2030,all2030_genstorage_dcfull_n1,transmission,upgrade_branch,line,AC,NORTH,5373-5433,5373,5433,251.0,439.2,188.2,13.5,ALL,161.0,161.0,161.0,T5_moderate,1.75,HTLS Reconductor,103.1,115.7,2198,63.5,True,5.5,-97.267376,32.803436,-97.34008506896552,32.753233586206896
2023_all2030_genstorage_dcfull_n1_ALL_2030,2023,all2030,expansion_tx,ALL_2030,all2030_genstorage_dcfull_n1,transmission,upgrade_branch,line,AC,NORTH,5253-5370,5253,5370,397.0,694.8,297.8,13.433,ALL,161.0,161.0,161.0,T5_moderate,1.75,HTLS Reconductor,61.9,110.2,2275,58.4,True,5.4,-97.092488,33.0338,-97.0124115,33.07492
2023_all2030_genstorage_dcfull_n1_ALL_2030,2023,all2030,expansion_tx,ALL_2030,all2030_genstorage_dcfull_n1,transmission,upgrade_branch,line,AC,NORTH,5370-5253,5370,5253,397.0,694.8,297.8,13.433,ALL,161.0,161.0,161.0,T5_moderate,1.75,HTLS Reconductor,61.9,110.2,2274,58.4,True,5.4,-97.0124115,33.07492,-97.092488,33.0338
2023_all2030_genstorage_dcfull_n1_ALL_2030,2023,all2030,expansion_tx,ALL_2030,all2030_genstorage_dcfull_n1,transmission,upgrade_branch,line,AC,NORTH,8038-8066,8038,8066,220.0,308.0,88.0,13.349,ALL,115.0,115.0,115.0,T4_light,1.4,Reconductor(ACSR->ACSS),69.5,101.5,4445,72.8,True,12.1,-95.669493,33.1959495,-95.4621,33.21732
2023_all2030_genstorage_dcfull_n1_ALL_2030,2023,all2030,expansion_tx,ALL_2030,all2030_genstorage_dcfull_n1,transmission,upgrade_branch,line,AC,NORTH,5273-5339,5273,5339,187.0,261.8,74.8,12.975,ALL,161.0,161.0,161.0,T4_light,1.4,Reconductor(ACSR->ACSS),47.6,103.1,2557,74.9,True,9.5,-96.984664,32.963417,-97.148582,32.959922
2023_all2030_genstorage_dcfull_n1_ALL_2030,2023,all2030,expansion_tx,ALL_2030,all2030_genstorage_dcfull_n1,transmission,upgrade_branch,line,AC,SOUTH,12831-13226,12831,13226,250.0,550.0,300.0,12.953,ALL,115.0,115.0,115.0,T6_heavy,2.2,New Parallel Circuit,54.2,127.9,5243,48.2,True,4.3,-97.4544,28.4279,-97.49466233333334,28.47964933333333
2023_all2030_genstorage_dcfull_n1_ALL_2030,2023,all2030,expansion_tx,ALL_2030,all2030_genstorage_dcfull_n1,transmission,upgrade_branch,line,AC,NORTH,5254-5457,5254,5457,187.0,261.8,74.8,12.654,ALL,161.0,161.0,161.0,T4_light,1.4,Reconductor(ACSR->ACSS),58.3,100.8,2260,66.1,True,9.3,-97.22672,33.009335,-97.149641,32.891787
2023_all2030_genstorage_dcfull_n1_ALL_2030,2023,all2030,expansion_tx,ALL_2030,all2030_genstorage_dcfull_n1,transmission,upgrade_branch,line,AC,HOUSTON,7179-7244,7179,7244,208.0,291.2,83.2,12.59,ALL,115.0,115.0,115.0,T4_light,1.4,Reconductor(ACSR->ACSS),70.5,107.2,4045,76.9,True,11.4,-95.474615,29.537301,-95.31001,29.45566
2023_all2030_genstorage_dcfull_n1_ALL_2030,2023,all2030,expansion_tx,ALL_2030,all2030_genstorage_dcfull_n1,transmission,upgrade_branch,line,AC,HOUSTON,7339-7247,7339,7247,187.0,261.8,74.8,12.463,ALL,115.0,115.0,115.0,T4_light,1.4,Reconductor(ACSR->ACSS),66.8,100.1,4226,76.7,True,11.3,-95.785914,29.3459875,-95.69411466666666,29.203734666666666
2023_all2030_genstorage_dcfull_n1_ALL_2030,2023,all2030,expansion_tx,ALL_2030,all2030_genstorage_dcfull_n1,transmission,upgrade_branch,line,AC,NORTH,5087-5345,5087,5345,251.0,351.4,100.4,12.457,ALL,161.0,161.0,161.0,T4_light,1.4,Reconductor(ACSR->ACSS),81.2,106.7,1917,73.0,True,9.1,-97.06,32.139,-97.133361,32.022461
2023_all2030_genstorage_dcfull_n1_ALL_2030,2023,all2030,expansion_tx,ALL_2030,all2030_genstorage_dcfull_n1,transmission,upgrade_branch,line,AC,WEST,3083-3099,3083,3099,137.8,192.9,55.1,12.429,ALL,115.0,115.0,115.0,T4_light,1.4,Reconductor(ACSR->ACSS),89.1,104.2,773,65.1,True,11.2,-100.09043266666669,32.36779933333333,-99.90623,32.415823
2023_all2030_genstorage_dcfull_n1_ALL_2030,2023,all2030,expansion_tx,ALL_2030,all2030_genstorage_dcfull_n1,transmission,upgrade_branch,line,AC,WEST,13147-13364,13147,13364,115.9,162.3,46.4,12.428,ALL,115.0,115.0,115.0,T4_light,1.4,Reconductor(ACSR->ACSS),78.7,107.4,5191,77.2,True,11.2,-102.59898166666666,30.91979725,-102.414067,30.9564
2023_all2030_genstorage_dcfull_n1_ALL_2030,2023,all2030,expansion_tx,ALL_2030,all2030_genstorage_dcfull_n1,transmission,upgrade_branch,line,AC,WEST,3116-13403,3116,13403,130.2,182.3,52.1,11.589,ALL,115.0,115.0,115.0,T4_light,1.4,Reconductor(ACSR->ACSS),58.6,100.6,1029,86.4,True,10.5,-100.793333,32.718056,-100.94008825,32.806441125
2023_all2030_genstorage_dcfull_n1_ALL_2030,2023,all2030,expansion_tx,ALL_2030,all2030_genstorage_dcfull_n1,transmission,upgrade_branch,transformer,AC,WEST,3083-3082,3083,3082,143.8,251.7,107.9,11.5,ALL,115.0,230.0,230.0,T5_moderate,1.75,Transformer Replace 1.75x,87.9,115.0,851,66.9,True,0.0,-100.09043266666669,32.36779933333333,-100.09043266666669,32.36779933333333
2023_all2030_genstorage_dcfull_n1_ALL_2030,2023,all2030,expansion_tx,ALL_2030,all2030_genstorage_dcfull_n1,transmission,upgrade_branch,transformer,AC,SOUTH,4159-4158,4159,4158,620.0,1085.0,465.0,11.5,ALL,115.0,230.0,230.0,T5_moderate,1.75,Transformer Replace 1.75x,79.3,119.2,1485,77.0,True,0.0,-97.4230987368421,27.74350405263158,-97.4230987368421,27.74350405263158
2023_all2030_genstorage_dcfull_n1_ALL_2030,2023,all2030,expansion_tx,ALL_2030,all2030_genstorage_dcfull_n1,transmission,upgrade_branch,transformer,AC,SOUTH,4159-4158,4159,4158,620.0,1085.0,465.0,11.5,ALL,115.0,230.0,230.0,T5_moderate,1.75,Transformer Replace 1.75x,79.3,119.2,1484,77.0,True,0.0,-97.4230987368421,27.74350405263158,-97.4230987368421,27.74350405263158
2023_all2030_genstorage_dcfull_n1_ALL_2030,2023,all2030,expansion_tx,ALL_2030,all2030_genstorage_dcfull_n1,transmission,upgrade_branch,transformer,AC,SOUTH,6355-6354,6355,6354,193.8,339.2,145.4,11.5,ALL,115.0,230.0,230.0,T5_moderate,1.75,Transformer Replace 1.75x,80.7,113.8,3270,72.9,True,0.0,-97.677175,30.5341255,-97.677175,30.5341255
2023_all2030_genstorage_dcfull_n1_ALL_2030,2023,all2030,expansion_tx,ALL_2030,all2030_genstorage_dcfull_n1,transmission,upgrade_branch,transformer,AC,SOUTH,6355-6354,6355,6354,193.8,339.2,145.4,11.5,ALL,115.0,230.0,230.0,T5_moderate,1.75,Transformer Replace 1.75x,80.7,113.8,3269,72.9,True,0.0,-97.677175,30.5341255,-97.677175,30.5341255
2023_all2030_genstorage_dcfull_n1_ALL_2030,2023,all2030,expansion_tx,ALL_2030,all2030_genstorage_dcfull_n1,transmission,upgrade_branch,transformer,AC,NORTH,8114-8113,8114,8113,190.0,332.5,142.5,11.5,ALL,115.0,230.0,230.0,T5_moderate,1.75,Transformer Replace 1.75x,80.6,121.9,4474,65.9,True,0.0,-95.123407,31.9424935,-95.123407,31.9424935
2023_all2030_genstorage_dcfull_n1_ALL_2030,2023,all2030,expansion_tx,ALL_2030,all2030_genstorage_dcfull_n1,transmission,upgrade_branch,transformer,AC,WEST,12671-12667,12671,12667,88.5,154.9,66.4,11.5,ALL,20.0,230.0,230.0,T5_moderate,1.75,Transformer Replace 1.75x,111.7,111.7,439,64.1,True,0.0,-102.45323571428573,31.843002285714284,-102.45323571428573,31.843002285714284
2023_all2030_genstorage_dcfull_n1_ALL_2030,2023,all2030,expansion_tx,ALL_2030,all2030_genstorage_dcfull_n1,transmission,upgrade_branch,transformer,AC,WEST,12805-12804,12805,12804,193.2,338.1,144.9,11.5,ALL,20.0,230.0,230.0,T5_moderate,1.75,Transformer Replace 1.75x,111.9,112.0,3629,64.0,True,0.0,-102.7069445,32.0320835,-102.7069445,32.0320835
2023_all2030_genstorage_dcfull_n1_ALL_2030,2023,all2030,expansion_tx,ALL_2030,all2030_genstorage_dcfull_n1,transmission,upgrade_branch,line,AC,HOUSTON,7230-7397,7230,7397,149.0,208.6,59.6,11.416,ALL,115.0,115.0,115.0,T4_light,1.4,Reconductor(ACSR->ACSS),89.3,108.3,4168,72.1,True,10.3,-95.969548,29.537482,-95.80023,29.56318
2023_all2030_genstorage_dcfull_n1_ALL_2030,2023,all2030,expansion_tx,ALL_2030,all2030_genstorage_dcfull_n1,transmission,upgrade_branch,transformer,AC,SOUTH,12740-4108,12740,4108,177.1,531.3,354.2,11.0,ALL,20.0,115.0,115.0,T7_structural,3.0,Major Transformer 3x,161.0,161.0,34,53.8,True,0.0,-97.258417,27.88929,-97.258417,27.88929
2023_all2030_genstorage_dcfull_n1_ALL_2030,2023,all2030,expansion_tx,ALL_2030,all2030_genstorage_dcfull_n1,transmission,upgrade_branch,transformer,AC,SOUTH,12644-4122,12644,4122,210.2,630.6,420.4,11.0,ALL,20.0,115.0,115.0,T7_structural,3.0,Major Transformer 3x,154.1,154.1,4322,51.5,True,0.0,-98.27456266666668,26.232699,-98.27456266666668,26.232699
2023_all2030_genstorage_dcfull_n1_ALL_2030,2023,all2030,expansion_tx,ALL_2030,all2030_genstorage_dcfull_n1,transmission,upgrade_branch,transformer,AC,SOUTH,12628-4168,12628,4168,202.7,608.1,405.4,11.0,ALL,20.0,115.0,115.0,T7_structural,3.0,Major Transformer 3x,158.2,158.2,359,52.9,True,0.0,-97.4230987368421,27.74350405263158,-97.4230987368421,27.74350405263158
2023_all2030_genstorage_dcfull_n1_ALL_2030,2023,all2030,expansion_tx,ALL_2030,all2030_genstorage_dcfull_n1,transmission,upgrade_branch,line,AC,WEST,3006-3049,3006,3049,149.0,208.6,59.6,10.718,ALL,115.0,115.0,115.0,T4_light,1.4,Reconductor(ACSR->ACSS),54.7,102.8,695,74.7,True,9.7,-100.0652435,32.819086,-99.8991875,32.803981
2023_all2030_genstorage_dcfull_n1_ALL_2030,2023,all2030,expansion_tx,ALL_2030,all2030_genstorage_dcfull_n1,transmission,upgrade_branch,line,AC,HOUSTON,7273-7405,7273,7405,167.0,233.8,66.8,10.673,ALL,115.0,115.0,115.0,T4_light,1.4,Reconductor(ACSR->ACSS),53.0,102.3,3529,73.3,True,9.7,-94.945159,29.3895056,-94.84457,29.28062966666667
2023_all2030_genstorage_dcfull_n1_ALL_2030,2023,all2030,expansion_tx,ALL_2030,all2030_genstorage_dcfull_n1,transmission,upgrade_branch,line,AC,HOUSTON,7230-7219,7230,7219,149.0,208.6,59.6,10.081,ALL,115.0,115.0,115.0,T4_light,1.4,Reconductor(ACSR->ACSS),87.5,106.6,4168,70.8,True,9.1,-95.969548,29.537482,-96.088253,29.45527
2023_all2030_genstorage_dcfull_n1_ALL_2030,2023,all2030,expansion_tx,ALL_2030,all2030_genstorage_dcfull_n1,transmission,upgrade_branch,line,AC,SOUTH,6180-6125,6180,6125,149.0,260.8,111.8,9.658,ALL,115.0,115.0,115.0,T5_moderate,1.75,HTLS Reconductor,73.3,121.5,3175,71.5,True,5.0,-98.10703,29.350393,-98.057016,29.293499
2023_all2030_genstorage_dcfull_n1_ALL_2030,2023,all2030,expansion_tx,ALL_2030,all2030_genstorage_dcfull_n1,transmission,upgrade_branch,line,AC,SOUTH,4057-4145,4057,4145,193.6,271.0,77.4,9.573,ALL,115.0,115.0,115.0,T4_light,1.4,Reconductor(ACSR->ACSS),81.7,107.3,1285,66.9,True,8.7,-97.242778,27.882778,-97.384238,27.892132
2023_all2030_genstorage_dcfull_n1_ALL_2030,2023,all2030,expansion_tx,ALL_2030,all2030_genstorage_dcfull_n1,transmission,upgrade_branch,line,AC,NORTH,5163-5132,5163,5132,251.0,351.4,100.4,8.744,ALL,161.0,161.0,161.0,T4_light,1.4,Reconductor(ACSR->ACSS),70.4,105.2,2519,71.0,True,6.4,-97.604369,31.075955,-97.499909,31.051688
2023_all2030_genstorage_dcfull_n1_ALL_2030,2023,all2030,expansion_tx,ALL_2030,all2030_genstorage_dcfull_n1,transmission,upgrade_branch,line,AC,SOUTH,12831-13224,12831,13224,219.7,384.5,164.8,8.448,ALL,115.0,115.0,115.0,T5_moderate,1.75,HTLS Reconductor,82.7,119.3,4932,54.7,True,4.3,-97.4544,28.4279,-97.49466233333334,28.47964933333333
2023_all2030_genstorage_dcfull_n1_ALL_2030,2023,all2030,expansion_tx,ALL_2030,all2030_genstorage_dcfull_n1,transmission,upgrade_branch,line,AC,SOUTH,12831-13224,12831,13224,219.7,384.5,164.8,8.448,ALL,115.0,115.0,115.0,T5_moderate,1.75,HTLS Reconductor,82.7,119.3,4931,54.7,True,4.3,-97.4544,28.4279,-97.49466233333334,28.47964933333333
2023_all2030_genstorage_dcfull_n1_ALL_2030,2023,all2030,expansion_tx,ALL_2030,all2030_genstorage_dcfull_n1,transmission,upgrade_branch,line,AC,SOUTH,12831-13224,12831,13224,219.7,384.5,164.8,8.448,ALL,115.0,115.0,115.0,T5_moderate,1.75,HTLS Reconductor,82.7,119.3,4931,54.7,True,4.3,-97.4544,28.4279,-97.49466233333334,28.47964933333333
2023_all2030_genstorage_dcfull_n1_ALL_2030,2023,all2030,expansion_tx,ALL_2030,all2030_genstorage_dcfull_n1,transmission,upgrade_branch,line,AC,NORTH,5010-5357,5010,5357,220.0,308.0,88.0,8.151,ALL,161.0,161.0,161.0,T4_light,1.4,Reconductor(ACSR->ACSS),0.1,107.6,1805,87.6,True,6.0,-96.73076228571428,33.04730142857143,-96.6508655,33.101957
2023_all2030_genstorage_dcfull_n1_ALL_2030,2023,all2030,expansion_tx,ALL_2030,all2030_genstorage_dcfull_n1,transmission,upgrade_branch,line,AC,NORTH,8069-8132,8069,8132,102.7,143.8,41.1,8.074,ALL,115.0,115.0,115.0,T4_light,1.4,Reconductor(ACSR->ACSS),27.3,108.0,4353,102.9,False,7.3,-96.202639,31.37571,-96.229757,31.4789
2023_all2030_genstorage_dcfull_n1_ALL_2030,2023,all2030,expansion_tx,ALL_2030,all2030_genstorage_dcfull_n1,transmission,upgrade_branch,transformer,AC,WEST,2098-2097,2098,2097,146.0,219.0,73.0,8.0,ALL,161.0,230.0,230.0,T4_light,1.5,Transformer Replace 1.5x,21.1,103.8,616,77.9,True,0.0,-101.482424,33.686171,-101.482424,33.686171
2023_all2030_genstorage_dcfull_n1_ALL_2030,2023,all2030,expansion_tx,ALL_2030,all2030_genstorage_dcfull_n1,transmission,upgrade_branch,transformer,AC,WEST,3027-3026,3027,3026,400.0,600.0,200.0,8.0,ALL,115.0,230.0,230.0,T4_light,1.5,Transformer Replace 1.5x,29.5,102.6,773,68.4,True,0.0,-99.70613471428572,32.45867642857143,-99.70613471428572,32.45867642857143
2023_all2030_genstorage_dcfull_n1_ALL_2030,2023,all2030,expansion_tx,ALL_2030,all2030_genstorage_dcfull_n1,transmission,upgrade_branch,transformer,AC,SOUTH,4182-4181,4182,4181,169.0,253.5,84.5,8.0,ALL,115.0,230.0,230.0,T4_light,1.5,Transformer Replace 1.5x,15.9,107.4,1528,114.5,False,0.0,-97.351834,27.96312533333333,-97.351834,27.96312533333333
2023_all2030_genstorage_dcfull_n1_ALL_2030,2023,all2030,expansion_tx,ALL_2030,all2030_genstorage_dcfull_n1,transmission,upgrade_branch,transformer,AC,SOUTH,6058-6057,6058,6057,328.0,492.0,164.0,8.0,ALL,115.0,230.0,230.0,T4_light,1.5,Transformer Replace 1.5x,61.4,100.0,2767,74.5,True,0.0,-98.08352933333332,29.745433666666667,-98.08352933333332,29.745433666666667
2023_all2030_genstorage_dcfull_n1_ALL_2030,2023,all2030,expansion_tx,ALL_2030,all2030_genstorage_dcfull_n1,transmission,upgrade_branch,transformer,AC,SOUTH,6058-6057,6058,6057,328.0,492.0,164.0,8.0,ALL,115.0,230.0,230.0,T4_light,1.5,Transformer Replace 1.5x,61.4,100.0,2766,74.5,True,0.0,-98.08352933333332,29.745433666666667,-98.08352933333332,29.745433666666667
2023_all2030_genstorage_dcfull_n1_ALL_2030,2023,all2030,expansion_tx,ALL_2030,all2030_genstorage_dcfull_n1,transmission,upgrade_branch,transformer,AC,SOUTH,6278-6277,6278,6277,331.0,496.5,165.5,8.0,ALL,115.0,230.0,230.0,T4_light,1.5,Transformer Replace 1.5x,96.9,106.7,3152,83.7,True,0.0,-97.807,29.875,-97.807,29.875
2023_all2030_genstorage_dcfull_n1_ALL_2030,2023,all2030,expansion_tx,ALL_2030,all2030_genstorage_dcfull_n1,transmission,upgrade_branch,transformer,AC,SOUTH,6322-6321,6322,6321,249.0,373.5,124.5,8.0,ALL,115.0,230.0,230.0,T4_light,1.5,Transformer Replace 1.5x,60.3,109.7,3175,77.3,True,0.0,-98.080406,29.073446,-98.080406,29.073446
2023_all2030_genstorage_dcfull_n1_ALL_2030,2023,all2030,expansion_tx,ALL_2030,all2030_genstorage_dcfull_n1,transmission,upgrade_branch,transformer,AC,HOUSTON,7049-7048,7049,7048,466.0,699.0,233.0,8.0,ALL,115.0,230.0,230.0,T4_light,1.5,Transformer Replace 1.5x,74.4,100.6,3432,85.1,True,0.0,-95.7842315,29.79427175,-95.7842315,29.79427175
2023_all2030_genstorage_dcfull_n1_ALL_2030,2023,all2030,expansion_tx,ALL_2030,all2030_genstorage_dcfull_n1,transmission,upgrade_branch,transformer,AC,HOUSTON,7049-7048,7049,7048,466.0,699.0,233.0,8.0,ALL,115.0,230.0,230.0,T4_light,1.5,Transformer Replace 1.5x,74.4,100.6,3431,85.1,True,0.0,-95.7842315,29.79427175,-95.7842315,29.79427175
2023_all2030_genstorage_dcfull_n1_ALL_2030,2023,all2030,expansion_tx,ALL_2030,all2030_genstorage_dcfull_n1,transmission,upgrade_branch,transformer,AC,WEST,12673-12667,12673,12667,91.3,136.9,45.6,8.0,ALL,20.0,230.0,230.0,T4_light,1.5,Transformer Replace 1.5x,105.1,105.1,12,70.2,True,0.0,-102.45323571428573,31.843002285714284,-102.45323571428573,31.843002285714284
2023_all2030_genstorage_dcfull_n1_ALL_2030,2023,all2030,expansion_tx,ALL_2030,all2030_genstorage_dcfull_n1,transmission,upgrade_branch,transformer,AC,WEST,12806-12804,12806,12804,210.9,316.4,105.5,8.0,ALL,20.0,230.0,230.0,T4_light,1.5,Transformer Replace 1.5x,102.5,102.6,3629,68.4,True,0.0,-102.7069445,32.0320835,-102.7069445,32.0320835
2023_all2030_genstorage_dcfull_n1_ALL_2030,2023,all2030,expansion_tx,ALL_2030,all2030_genstorage_dcfull_n1,transmission,upgrade_branch,transformer,AC,SOUTH,12741-4108,12741,4108,130.4,260.8,130.4,7.5,ALL,20.0,115.0,115.0,T6_heavy,2.0,Parallel Transformer 2x,132.8,133.0,3629,66.4,True,0.0,-97.258417,27.88929,-97.258417,27.88929
2023_all2030_genstorage_dcfull_n1_ALL_2030,2023,all2030,expansion_tx,ALL_2030,all2030_genstorage_dcfull_n1,transmission,upgrade_branch,transformer,AC,SOUTH,12643-4122,12643,4122,246.1,492.2,246.1,7.5,ALL,20.0,115.0,115.0,T6_heavy,2.0,Parallel Transformer 2x,146.5,146.5,1548,73.3,True,0.0,-98.27456266666668,26.232699,-98.27456266666668,26.232699
2023_all2030_genstorage_dcfull_n1_ALL_2030,2023,all2030,expansion_tx,ALL_2030,all2030_genstorage_dcfull_n1,transmission,upgrade_branch,transformer,AC,SOUTH,12645-4122,12645,4122,234.0,468.0,234.0,7.5,ALL,20.0,115.0,115.0,T6_heavy,2.0,Parallel Transformer 2x,136.7,136.7,44,68.3,True,0.0,-98.27456266666668,26.232699,-98.27456266666668,26.232699
2023_all2030_genstorage_dcfull_n1_ALL_2030,2023,all2030,expansion_tx,ALL_2030,all2030_genstorage_dcfull_n1,transmission,upgrade_branch,transformer,AC,SOUTH,12626-4168,12626,4168,242.3,484.6,242.3,7.5,ALL,20.0,115.0,115.0,T6_heavy,2.0,Parallel Transformer 2x,143.3,143.3,1479,71.7,True,0.0,-97.4230987368421,27.74350405263158,-97.4230987368421,27.74350405263158
2023_all2030_genstorage_dcfull_n1_ALL_2030,2023,all2030,expansion_tx,ALL_2030,all2030_genstorage_dcfull_n1,transmission,upgrade_branch,transformer,AC,SOUTH,12627-4168,12627,4168,267.5,535.0,267.5,7.5,ALL,20.0,115.0,115.0,T6_heavy,2.0,Parallel Transformer 2x,129.8,129.8,4661,65.4,True,0.0,-97.4230987368421,27.74350405263158,-97.4230987368421,27.74350405263158
2023_all2030_genstorage_dcfull_n1_ALL_2030,2023,all2030,expansion_tx,ALL_2030,all2030_genstorage_dcfull_n1,transmission,upgrade_branch,transformer,AC,NORTH,2083-2082,2083,2082,36.8,64.4,27.6,7.0,ALL,20.0,161.0,161.0,T5_moderate,1.75,Transformer Replace 1.75x,121.8,121.8,21,69.8,True,0.0,-98.50555385714286,33.89755828571428,-98.50555385714286,33.89755828571428
2023_all2030_genstorage_dcfull_n1_ALL_2030,2023,all2030,expansion_tx,ALL_2030,all2030_genstorage_dcfull_n1,transmission,upgrade_branch,transformer,AC,NORTH,2085-2082,2085,2082,36.4,63.7,27.3,7.0,ALL,20.0,161.0,161.0,T5_moderate,1.75,Transformer Replace 1.75x,123.2,123.2,32,70.5,True,0.0,-98.50555385714286,33.89755828571428,-98.50555385714286,33.89755828571428
2023_all2030_genstorage_dcfull_n1_ALL_2030,2023,all2030,expansion_tx,ALL_2030,all2030_genstorage_dcfull_n1,transmission,upgrade_branch,line,AC,HOUSTON,7053-7348,7053,7348,253.0,354.2,101.2,6.687,ALL,115.0,115.0,115.0,T4_light,1.4,Reconductor(ACSR->ACSS),74.4,104.2,3467,74.6,True,6.1,-95.733244,29.47971475,-95.6326335,29.479039
2023_all2030_genstorage_dcfull_n1_ALL_2030,2023,all2030,expansion_tx,ALL_2030,all2030_genstorage_dcfull_n1,transmission,upgrade_branch,line,AC,SOUTH,12816-13067,12816,13067,146.4,256.2,109.8,6.595,ALL,115.0,115.0,115.0,T5_moderate,1.75,HTLS Reconductor,78.7,117.6,4920,72.2,True,3.4,-98.883685,27.48301875,-98.91,27.44
2023_all2030_genstorage_dcfull_n1_ALL_2030,2023,all2030,expansion_tx,ALL_2030,all2030_genstorage_dcfull_n1,transmission,upgrade_branch,line,AC,NORTH,5341-5095,5341,5095,265.0,463.8,198.8,6.128,ALL,161.0,161.0,161.0,T5_moderate,1.75,HTLS Reconductor,70.5,121.7,2557,62.4,True,2.5,-97.0124115,33.07492,-97.005469,33.110351
2023_all2030_genstorage_dcfull_n1_ALL_2030,2023,all2030,expansion_tx,ALL_2030,all2030_genstorage_dcfull_n1,transmission,upgrade_branch,line,AC,SOUTH,6232-6294,6232,6294,221.0,309.4,88.4,6.078,ALL,115.0,115.0,115.0,T4_light,1.4,Reconductor(ACSR->ACSS),54.8,100.6,3158,70.4,True,5.5,-97.607312,30.150985,-97.522552,30.119949
2023_all2030_genstorage_dcfull_n1_ALL_2030,2023,all2030,expansion_tx,ALL_2030,all2030_genstorage_dcfull_n1,transmission,upgrade_branch,line,AC,SOUTH,6232-6294,6232,6294,221.0,309.4,88.4,6.078,ALL,115.0,115.0,115.0,T4_light,1.4,Reconductor(ACSR->ACSS),54.8,100.6,3157,70.4,True,5.5,-97.607312,30.150985,-97.522552,30.119949
2023_all2030_genstorage_dcfull_n1_ALL_2030,2023,all2030,expansion_tx,ALL_2030,all2030_genstorage_dcfull_n1,transmission,upgrade_branch,line,AC,NORTH,5257-5256,5257,5256,251.0,351.4,100.4,5.684,ALL,161.0,161.0,161.0,T4_light,1.4,Reconductor(ACSR->ACSS),71.3,101.2,2282,62.6,True,4.2,-96.85118,32.177712,-96.842324,32.237512
2023_all2030_genstorage_dcfull_n1_ALL_2030,2023,all2030,expansion_tx,ALL_2030,all2030_genstorage_dcfull_n1,transmission,upgrade_branch,transformer,AC,WEST,1052-1047,1052,1047,81.4,142.5,61.1,4.5,ALL,18.0,115.0,115.0,T5_moderate,1.75,Transformer Replace 1.75x,111.6,111.6,-1,63.9,True,0.0,-103.062173,31.534243,-103.062173,31.534243
2023_all2030_genstorage_dcfull_n1_ALL_2030,2023,all2030,expansion_tx,ALL_2030,all2030_genstorage_dcfull_n1,transmission,upgrade_branch,transformer,AC,WEST,1072-1071,1072,1071,259.1,453.4,194.3,4.5,ALL,18.0,115.0,115.0,T5_moderate,1.75,Transformer Replace 1.75x,113.9,114.0,3629,65.1,True,0.0,-102.45323571428573,31.843002285714284,-102.45323571428573,31.843002285714284
2023_all2030_genstorage_dcfull_n1_ALL_2030,2023,all2030,expansion_tx,ALL_2030,all2030_genstorage_dcfull_n1,transmission,upgrade_branch,transformer,AC,WEST,1073-1071,1073,1071,248.6,435.1,186.4,4.5,ALL,18.0,115.0,115.0,T5_moderate,1.75,Transformer Replace 1.75x,118.7,118.8,3629,67.8,True,0.0,-102.45323571428573,31.843002285714284,-102.45323571428573,31.843002285714284
2023_all2030_genstorage_dcfull_n1_ALL_2030,2023,all2030,expansion_tx,ALL_2030,all2030_genstorage_dcfull_n1,transmission,upgrade_branch,transformer,AC,WEST,1076-1071,1076,1071,190.0,332.5,142.5,4.5,ALL,18.0,115.0,115.0,T5_moderate,1.75,Transformer Replace 1.75x,119.1,119.1,-1,68.1,True,0.0,-102.45323571428573,31.843002285714284,-102.45323571428573,31.843002285714284
2023_all2030_genstorage_dcfull_n1_ALL_2030,2023,all2030,expansion_tx,ALL_2030,all2030_genstorage_dcfull_n1,transmission,upgrade_branch,transformer,AC,NORTH,2074-2073,2074,2073,164.0,246.0,82.0,4.5,ALL,115.0,161.0,161.0,T4_light,1.5,Transformer Replace 1.5x,46.1,106.2,761,73.9,True,0.0,-100.56428,32.96736,-100.56428,32.96736
2023_all2030_genstorage_dcfull_n1_ALL_2030,2023,all2030,expansion_tx,ALL_2030,all2030_genstorage_dcfull_n1,transmission,upgrade_branch,transformer,AC,NORTH,2084-2082,2084,2082,43.5,65.2,21.8,4.5,ALL,20.0,161.0,161.0,T4_light,1.5,Transformer Replace 1.5x,103.1,103.1,14,68.8,True,0.0,-98.50555385714286,33.89755828571428,-98.50555385714286,33.89755828571428
2023_all2030_genstorage_dcfull_n1_ALL_2030,2023,all2030,expansion_tx,ALL_2030,all2030_genstorage_dcfull_n1,transmission,upgrade_branch,transformer,AC,WEST,3080-3079,3080,3079,90.0,135.0,45.0,4.5,ALL,115.0,161.0,161.0,T4_light,1.5,Transformer Replace 1.5x,68.9,103.4,801,89.8,True,0.0,-100.6728,32.5886,-100.6728,32.5886
2023_all2030_genstorage_dcfull_n1_ALL_2030,2023,all2030,expansion_tx,ALL_2030,all2030_genstorage_dcfull_n1,transmission,upgrade_branch,transformer,AC,SOUTH,4052-4051,4052,4051,54.7,95.7,41.0,4.5,ALL,18.0,115.0,115.0,T5_moderate,1.75,Transformer Replace 1.75x,121.0,121.0,3629,69.2,True,0.0,-97.7314385,27.5750945,-97.7314385,27.5750945
2023_all2030_genstorage_dcfull_n1_ALL_2030,2023,all2030,expansion_tx,ALL_2030,all2030_genstorage_dcfull_n1,transmission,upgrade_branch,line,AC,NORTH,5186-5269,5186,5269,183.9,404.6,220.7,4.196,ALL,161.0,161.0,161.0,T6_heavy,2.2,New Parallel Circuit,59.7,125.9,2302,50.9,True,1.1,-97.072628,32.452281,-97.0540165,32.448697
2023_all2030_genstorage_dcfull_n1_ALL_2030,2023,all2030,expansion_tx,ALL_2030,all2030_genstorage_dcfull_n1,transmission,upgrade_branch,line,AC,HOUSTON,7233-7010,7233,7010,220.0,308.0,88.0,3.886,ALL,115.0,115.0,115.0,T4_light,1.4,Reconductor(ACSR->ACSS),86.4,100.3,4020,72.5,True,3.5,-95.932264,30.079593,-95.990493,30.086834
2023_all2030_genstorage_dcfull_n1_ALL_2030,2023,all2030,expansion_tx,ALL_2030,all2030_genstorage_dcfull_n1,transmission,upgrade_branch,transformer,AC,WEST,1048-1047,1048,1047,92.6,138.9,46.3,3.0,ALL,18.0,115.0,115.0,T4_light,1.5,Transformer Replace 1.5x,101.2,101.2,3629,67.5,True,0.0,-103.062173,31.534243,-103.062173,31.534243
2023_all2030_genstorage_dcfull_n1_ALL_2030,2023,all2030,expansion_tx,ALL_2030,all2030_genstorage_dcfull_n1,transmission,upgrade_branch,transformer,AC,WEST,1051-1047,1051,1047,86.4,129.6,43.2,3.0,ALL,18.0,115.0,115.0,T4_light,1.5,Transformer Replace 1.5x,106.8,106.8,2,71.2,True,0.0,-103.062173,31.534243,-103.062173,31.534243
2023_all2030_genstorage_dcfull_n1_ALL_2030,2023,all2030,expansion_tx,ALL_2030,all2030_genstorage_dcfull_n1,transmission,upgrade_branch,transformer,AC,WEST,1074-1071,1074,1071,222.3,333.5,111.2,3.0,ALL,18.0,115.0,115.0,T4_light,1.5,Transformer Replace 1.5x,107.3,107.4,3629,71.7,True,0.0,-102.45323571428573,31.843002285714284,-102.45323571428573,31.843002285714284
2023_all2030_genstorage_dcfull_n1_ALL_2030,2023,all2030,expansion_tx,ALL_2030,all2030_genstorage_dcfull_n1,transmission,upgrade_branch,line,AC,HOUSTON,7090-7421,7090,7421,221.0,309.4,88.4,2.763,ALL,115.0,115.0,115.0,T4_light,1.4,Reconductor(ACSR->ACSS),56.2,101.6,3604,66.6,True,2.5,-95.669154,30.160534,-95.698237,30.1865575
2023_all2030_genstorage_dcfull_n1_ALL_2030,2023,all2030,expansion_tx,ALL_2030,all2030_genstorage_dcfull_n1,transmission,upgrade_branch,line,AC,HOUSTON,7090-7421,7090,7421,221.0,309.4,88.4,2.763,ALL,115.0,115.0,115.0,T4_light,1.4,Reconductor(ACSR->ACSS),56.2,101.6,3603,66.6,True,2.5,-95.669154,30.160534,-95.698237,30.1865575
2023_all2030_genstorage_dcfull_n1_ALL_2030,2023,all2030,expansion_tx,ALL_2030,all2030_genstorage_dcfull_n1,transmission,upgrade_branch,line,AC,SOUTH,6027-6116,6027,6116,130.0,227.5,97.5,0.221,ALL,115.0,115.0,115.0,T5_moderate,1.75,HTLS Reconductor,63.0,124.8,2672,77.9,True,0.1,-97.35518,30.41432,-97.35701,30.41477
2023_all2030_genstorage_dcfull_n1_ALL_2030,2023,all2030,expansion_tx,ALL_2030,all2030_genstorage_dcfull_n1,transmission,upgrade_branch,line,AC,SOUTH,6027-6116,6027,6116,130.0,227.5,97.5,0.221,ALL,115.0,115.0,115.0,T5_moderate,1.75,HTLS Reconductor,63.0,124.8,2671,77.9,True,0.1,-97.35518,30.41432,-97.35701,30.41477
2023_all2030_genstorage_dcfull_n1_ALL_2030,2023,all2030,expansion_tx,ALL_2030,all2030_genstorage_dcfull_n1,transmission,upgrade_branch,line,AC,WEST,13220-13222,13220,13222,157.2,393.0,235.8,641.756,NEW,115.0,115.0,115.0,T7_structural,2.5,New Corridor/Aggressive Parallel,153.4,222.6,5239,89.1,True,103.9,-100.938705,32.130795,-99.5687984,33.0957078
2023_all2030_genstorage_dcfull_n1_ALL_2030,2023,all2030,expansion_tx,ALL_2030,all2030_genstorage_dcfull_n1,transmission,upgrade_branch,line,AC,HOUSTON,7274-4181,7274,4181,443.0,1107.5,664.5,528.383,NEW,230.0,230.0,230.0,T7_structural,2.5,New Corridor/Aggressive Parallel,125.5,155.5,4322,99.1,True,58.1,-97.00621414285716,28.74651585714286,-97.351834,27.96312533333333
2023_all2030_genstorage_dcfull_n1_ALL_2030,2023,all2030,expansion_tx,ALL_2030,all2030_genstorage_dcfull_n1,transmission,upgrade_branch,line,AC,NORTH,12754-12945,12754,12945,256.5,641.2,384.8,476.201,NEW,161.0,161.0,161.0,T7_structural,2.5,New Corridor/Aggressive Parallel,484.2,488.5,3629,193.7,False,63.7,-99.695954,33.73925199999999,-100.4547365,34.413879
2023_all2030_genstorage_dcfull_n1_ALL_2030,2023,all2030,expansion_tx,ALL_2030,all2030_genstorage_dcfull_n1,transmission,upgrade_branch,line,AC,NORTH,2008-2052,2008,2052,187.0,467.5,280.5,417.207,NEW,161.0,161.0,161.0,T7_structural,2.5,New Corridor/Aggressive Parallel,77.8,163.6,407,88.5,True,55.8,-100.512868,34.857258,-101.35485071428572,35.27871242857143
2023_all2030_genstorage_dcfull_n1_ALL_2030,2023,all2030,expansion_tx,ALL_2030,all2030_genstorage_dcfull_n1,transmission,upgrade_branch,line,AC,SOUTH,4183-4080,4183,4080,820.0,1804.0,984.0,416.659,NEW,230.0,230.0,230.0,T6_heavy,2.2,New Parallel Circuit,99.9,127.2,4680,70.8,True,87.8,-97.6450875,26.4880805,-97.4230987368421,27.74350405263158
2023_all2030_genstorage_dcfull_n1_ALL_2030,2023,all2030,expansion_tx,ALL_2030,all2030_genstorage_dcfull_n1,transmission,upgrade_branch,line,AC,SOUTH,12566-7414,12566,7414,3995.0,6991.2,2996.2,407.752,NEW,500.0,500.0,500.0,T5_moderate,1.75,HTLS Reconductor,78.0,122.1,4323,66.7,True,73.8,-97.4230987368421,27.74350405263158,-97.00621414285716,28.74651585714286
2023_all2030_genstorage_dcfull_n1_ALL_2030,2023,all2030,expansion_tx,ALL_2030,all2030_genstorage_dcfull_n1,transmission,upgrade_branch,line,AC,SOUTH,12566-7414,12566,7414,3995.0,6991.2,2996.2,407.752,NEW,500.0,500.0,500.0,T5_moderate,1.75,HTLS Reconductor,78.0,122.1,4322,66.7,True,73.8,-97.4230987368421,27.74350405263158,-97.00621414285716,28.74651585714286
2023_all2030_genstorage_dcfull_n1_ALL_2030,2023,all2030,expansion_tx,ALL_2030,all2030_genstorage_dcfull_n1,transmission,upgrade_branch,line,AC,NORTH,2014-13085,2014,13085,220.0,550.0,330.0,374.7,NEW,161.0,161.0,161.0,T7_structural,2.5,New Corridor/Aggressive Parallel,147.2,295.4,434,96.5,True,50.1,-100.4547365,34.413879,-100.883227,33.781077
2023_all2030_genstorage_dcfull_n1_ALL_2030,2023,all2030,expansion_tx,ALL_2030,all2030_genstorage_dcfull_n1,transmission,upgrade_branch,line,AC,NORTH,2014-2029,2014,2029,187.0,467.5,280.5,337.154,NEW,161.0,161.0,161.0,T7_structural,2.5,New Corridor/Aggressive Parallel,312.1,455.2,405,190.9,False,45.1,-100.4547365,34.413879,-101.244172,34.371689
2023_all2030_genstorage_dcfull_n1_ALL_2030,2023,all2030,expansion_tx,ALL_2030,all2030_genstorage_dcfull_n1,transmission,upgrade_branch,line,AC,WEST,13140-13214,13140,13214,107.5,236.5,129.0,325.698,NEW,115.0,115.0,115.0,T6_heavy,2.2,New Parallel Circuit,119.5,143.6,5181,95.4,True,108.9,-100.938705,32.130795,-102.39869175,31.160862
2023_all2030_genstorage_dcfull_n1_ALL_2030,2023,all2030,expansion_tx,ALL_2030,all2030_genstorage_dcfull_n1,transmission,upgrade_branch,line,AC,SOUTH,6152-6287,6152,6287,435.3,1088.2,653.0,273.0,NEW,230.0,230.0,230.0,T7_structural,2.5,New Corridor/Aggressive Parallel,127.7,152.2,2985,79.1,True,0.0,-98.5093816037736,29.474642000000003,-98.5093816037736,29.474642000000003
2023_all2030_genstorage_dcfull_n1_ALL_2030,2023,all2030,expansion_tx,ALL_2030,all2030_genstorage_dcfull_n1,transmission,upgrade_branch,line,AC,NORTH,5101-13018,5101,13018,188.4,471.0,282.6,265.204,NEW,161.0,161.0,161.0,T7_structural,2.5,New Corridor/Aggressive Parallel,103.2,320.0,1697,105.1,False,35.5,-98.6525545,31.8568005,-98.187624,32.1858615
2023_all2030_genstorage_dcfull_n1_ALL_2030,2023,all2030,expansion_tx,ALL_2030,all2030_genstorage_dcfull_n1,transmission,upgrade_branch,line,AC,NORTH,5286-5231,5286,5231,187.0,467.5,280.5,257.286,NEW,161.0,161.0,161.0,T7_structural,2.5,New Corridor/Aggressive Parallel,86.6,224.3,1697,87.9,True,34.4,-98.4123355,32.20698,-98.213739,31.738177
2023_all2030_genstorage_dcfull_n1_ALL_2030,2023,all2030,expansion_tx,ALL_2030,all2030_genstorage_dcfull_n1,transmission,upgrade_branch,line,AC,NORTH,5286-5112,5286,5112,150.0,375.0,225.0,254.906,NEW,161.0,161.0,161.0,T7_structural,2.5,New Corridor/Aggressive Parallel,193.4,620.1,1564,272.7,False,34.1,-98.4123355,32.20698,-97.8826,32.001481
2023_all2030_genstorage_dcfull_n1_ALL_2030,2023,all2030,expansion_tx,ALL_2030,all2030_genstorage_dcfull_n1,transmission,upgrade_branch,line,AC,NORTH,5169-5456,5169,5456,264.9,662.2,397.3,254.723,NEW,161.0,161.0,161.0,T7_structural,2.5,New Corridor/Aggressive Parallel,96.0,185.4,1563,80.3,True,34.1,-98.4123355,32.20698,-98.98514,32.116953
2023_all2030_genstorage_dcfull_n1_ALL_2030,2023,all2030,expansion_tx,ALL_2030,all2030_genstorage_dcfull_n1,transmission,upgrade_branch,line,AC,NORTH,2008-13149,2008,13149,226.2,565.5,339.3,244.69,NEW,161.0,161.0,161.0,T7_structural,2.5,New Corridor/Aggressive Parallel,141.0,210.0,434,96.7,True,32.7,-100.512868,34.857258,-100.934408,35.18172
2023_all2030_genstorage_dcfull_n1_ALL_2030,2023,all2030,expansion_tx,ALL_2030,all2030_genstorage_dcfull_n1,transmission,upgrade_branch,line,AC,WEST,3023-3115,3023,3115,135.0,337.5,202.5,241.323,NEW,115.0,115.0,115.0,T7_structural,2.5,New Corridor/Aggressive Parallel,142.2,161.8,584,100.0,False,39.1,-99.850964,32.940911,-100.524167,32.969722
2023_all2030_genstorage_dcfull_n1_ALL_2030,2023,all2030,expansion_tx,ALL_2030,all2030_genstorage_dcfull_n1,transmission,upgrade_branch,line,AC,NORTH,2014-2008,2014,2008,187.0,467.5,280.5,230.324,NEW,161.0,161.0,161.0,T7_structural,2.5,New Corridor/Aggressive Parallel,241.8,379.5,434,177.3,False,30.8,-100.4547365,34.413879,-100.512868,34.857258
2023_all2030_genstorage_dcfull_n1_ALL_2030,2023,all2030,expansion_tx,ALL_2030,all2030_genstorage_dcfull_n1,transmission,upgrade_branch,line,AC,NORTH,5112-5318,5112,5318,242.8,607.0,364.2,225.301,NEW,161.0,161.0,161.0,T7_structural,2.5,New Corridor/Aggressive Parallel,265.9,552.5,1564,208.0,False,30.1,-97.8826,32.001481,-97.69946625,32.40925625
2023_all2030_genstorage_dcfull_n1_ALL_2030,2023,all2030,expansion_tx,ALL_2030,all2030_genstorage_dcfull_n1,transmission,upgrade_branch,line,AC,NORTH,2012-2052,2012,2052,187.0,467.5,280.5,224.25,NEW,161.0,161.0,161.0,T7_structural,2.5,New Corridor/Aggressive Parallel,107.0,192.7,407,100.2,False,0.0,-101.35485071428572,35.27871242857143,-101.35485071428572,35.27871242857143
2023_all2030_genstorage_dcfull_n1_ALL_2030,2023,all2030,expansion_tx,ALL_2030,all2030_genstorage_dcfull_n1,transmission,upgrade_branch,line,AC,NORTH,2029-13055,2029,13055,242.3,605.8,363.5,224.25,NEW,161.0,161.0,161.0,T7_structural,2.5,New Corridor/Aggressive Parallel,113.5,210.7,481,81.1,True,0.0,-101.244172,34.371689,-101.244172,34.371689
2023_all2030_genstorage_dcfull_n1_ALL_2030,2023,all2030,expansion_tx,ALL_2030,all2030_genstorage_dcfull_n1,transmission,upgrade_branch,line,AC,NORTH,5046-13018,5046,13018,214.1,535.2,321.1,224.25,NEW,161.0,161.0,161.0,T7_structural,2.5,New Corridor/Aggressive Parallel,90.2,348.2,1697,130.0,False,0.0,-98.187624,32.1858615,-98.187624,32.1858615
2023_all2030_genstorage_dcfull_n1_ALL_2030,2023,all2030,expansion_tx,ALL_2030,all2030_genstorage_dcfull_n1,transmission,upgrade_branch,line,AC,NORTH,5088-5407,5088,5407,221.7,554.2,332.5,224.25,NEW,161.0,161.0,161.0,T7_structural,2.5,New Corridor/Aggressive Parallel,197.1,316.6,1564,147.9,False,0.0,-97.46203133333334,31.819786000000004,-97.46203133333334,31.819786000000004
2023_all2030_genstorage_dcfull_n1_ALL_2030,2023,all2030,expansion_tx,ALL_2030,all2030_genstorage_dcfull_n1,transmission,upgrade_branch,line,AC,NORTH,5101-13051,5101,13051,222.1,555.2,333.1,224.25,NEW,161.0,161.0,161.0,T7_structural,2.5,New Corridor/Aggressive Parallel,64.7,158.6,1697,47.6,True,0.0,-98.6525545,31.8568005,-98.6525545,31.8568005
2023_all2030_genstorage_dcfull_n1_ALL_2030,2023,all2030,expansion_tx,ALL_2030,all2030_genstorage_dcfull_n1,transmission,upgrade_branch,line,AC,NORTH,5261-5246,5261,5246,251.0,627.5,376.5,224.25,NEW,161.0,161.0,161.0,T7_structural,2.5,New Corridor/Aggressive Parallel,203.3,423.8,1564,170.6,False,0.0,-97.790381,32.253423999999995,-97.790381,32.253423999999995
2023_all2030_genstorage_dcfull_n1_ALL_2030,2023,all2030,expansion_tx,ALL_2030,all2030_genstorage_dcfull_n1,transmission,upgrade_branch,line,AC,NORTH,5318-5402,5318,5402,326.0,815.0,489.0,224.25,NEW,161.0,161.0,161.0,T7_structural,2.5,New Corridor/Aggressive Parallel,102.9,272.3,1564,88.5,True,0.0,-97.69946625,32.40925625,-97.69946625,32.40925625
2023_all2030_genstorage_dcfull_n1_ALL_2030,2023,all2030,expansion_tx,ALL_2030,all2030_genstorage_dcfull_n1,transmission,upgrade_branch,line,AC,NORTH,5376-5323,5376,5323,349.0,872.5,523.5,224.25,NEW,161.0,161.0,161.0,T7_structural,2.5,New Corridor/Aggressive Parallel,81.1,152.5,2544,79.1,True,0.0,-96.80082027272728,32.808276409090915,-96.80082027272728,32.808276409090915
2023_all2030_genstorage_dcfull_n1_ALL_2030,2023,all2030,expansion_tx,ALL_2030,all2030_genstorage_dcfull_n1,transmission,upgrade_branch,line,AC,NORTH,5376-5323,5376,5323,349.0,872.5,523.5,224.25,NEW,161.0,161.0,161.0,T7_structural,2.5,New Corridor/Aggressive Parallel,81.1,152.5,2544,79.1,True,0.0,-96.80082027272728,32.808276409090915,-96.80082027272728,32.808276409090915
2023_all2030_genstorage_dcfull_n1_ALL_2030,2023,all2030,expansion_tx,ALL_2030,all2030_genstorage_dcfull_n1,transmission,upgrade_branch,line,AC,NORTH,5402-12600,5402,12600,219.1,547.8,328.6,224.25,NEW,161.0,161.0,161.0,T7_structural,2.5,New Corridor/Aggressive Parallel,124.1,197.0,1564,91.6,True,0.0,-97.69946625,32.40925625,-97.69946625,32.40925625
2023_all2030_genstorage_dcfull_n1_ALL_2030,2023,all2030,expansion_tx,ALL_2030,all2030_genstorage_dcfull_n1,transmission,upgrade_branch,line,AC,NORTH,8025-8151,8025,8151,98.0,245.0,147.0,216.568,NEW,115.0,115.0,115.0,T7_structural,2.5,New Corridor/Aggressive Parallel,74.4,156.4,4353,56.1,True,35.1,-95.64904,31.9046145,-95.481652,31.417425
2023_all2030_genstorage_dcfull_n1_ALL_2030,2023,all2030,expansion_tx,ALL_2030,all2030_genstorage_dcfull_n1,transmission,upgrade_branch,line,AC,HOUSTON,7246-7251,7246,7251,98.0,245.0,147.0,194.194,NEW,115.0,115.0,115.0,T7_structural,2.5,New Corridor/Aggressive Parallel,134.0,188.6,3307,92.0,True,31.4,-95.41128715217393,29.77727818478261,-95.833733,30.047619
2023_all2030_genstorage_dcfull_n1_ALL_2030,2023,all2030,expansion_tx,ALL_2030,all2030_genstorage_dcfull_n1,transmission,upgrade_branch,line,AC,WEST,3054-3125,3054,3125,122.3,305.8,183.4,193.707,NEW,115.0,115.0,115.0,T7_structural,2.5,New Corridor/Aggressive Parallel,120.3,160.4,946,88.5,True,31.4,-100.1097475,32.1590745,-99.70613471428572,32.45867642857143
2023_all2030_genstorage_dcfull_n1_ALL_2030,2023,all2030,expansion_tx,ALL_2030,all2030_genstorage_dcfull_n1,transmission,upgrade_branch,line,AC,NORTH,5005-5046,5005,5046,214.7,536.8,322.0,192.69,NEW,161.0,161.0,161.0,T7_structural,2.5,New Corridor/Aggressive Parallel,770.7,1456.2,1917,599.2,False,25.8,-98.008849,32.527015,-98.187624,32.1858615
2023_all2030_genstorage_dcfull_n1_ALL_2030,2023,all2030,expansion_tx,ALL_2030,all2030_genstorage_dcfull_n1,transmission,upgrade_branch,line,AC,NORTH,5112-5133,5112,5133,187.0,467.5,280.5,187.426,NEW,161.0,161.0,161.0,T7_structural,2.5,New Corridor/Aggressive Parallel,1226.8,2680.3,1564,1072.1,False,25.1,-97.8826,32.001481,-97.924354,32.362649
2023_all2030_genstorage_dcfull_n1_ALL_2030,2023,all2030,expansion_tx,ALL_2030,all2030_genstorage_dcfull_n1,transmission,upgrade_branch,line,AC,WEST,3013-3077,3013,3077,98.0,245.0,147.0,185.25,NEW,115.0,115.0,115.0,T7_structural,2.5,New Corridor/Aggressive Parallel,63.9,169.3,717,78.5,True,0.0,-99.70613471428572,32.45867642857143,-99.70613471428572,32.45867642857143
2023_all2030_genstorage_dcfull_n1_ALL_2030,2023,all2030,expansion_tx,ALL_2030,all2030_genstorage_dcfull_n1,transmission,upgrade_branch,line,AC,WEST,3038-3121,3038,3121,155.0,387.5,232.5,185.25,NEW,115.0,115.0,115.0,T7_structural,2.5,New Corridor/Aggressive Parallel,133.1,168.2,802,91.0,True,0.0,-100.56760671428572,32.36118885714286,-100.56760671428572,32.36118885714286
2023_all2030_genstorage_dcfull_n1_ALL_2030,2023,all2030,expansion_tx,ALL_2030,all2030_genstorage_dcfull_n1,transmission,upgrade_branch,line,AC,WEST,3064-13366,3064,13366,121.0,302.5,181.5,185.25,NEW,115.0,115.0,115.0,T7_structural,2.5,New Corridor/Aggressive Parallel,126.3,232.4,885,100.2,False,0.0,-100.56760671428572,32.36118885714286,-100.56760671428572,32.36118885714286
2023_all2030_genstorage_dcfull_n1_ALL_2030,2023,all2030,expansion_tx,ALL_2030,all2030_genstorage_dcfull_n1,transmission,upgrade_branch,line,AC,WEST,3091-3102,3091,3102,98.0,245.0,147.0,185.25,NEW,115.0,115.0,115.0,T7_structural,2.5,New Corridor/Aggressive Parallel,103.9,256.3,773,125.4,False,0.0,-99.70613471428572,32.45867642857143,-99.70613471428572,32.45867642857143
2023_all2030_genstorage_dcfull_n1_ALL_2030,2023,all2030,expansion_tx,ALL_2030,all2030_genstorage_dcfull_n1,transmission,upgrade_branch,line,AC,SOUTH,4182-13167,4182,13167,225.0,562.5,337.5,185.25,NEW,115.0,115.0,115.0,T7_structural,2.5,New Corridor/Aggressive Parallel,92.0,160.3,1282,79.5,True,0.0,-97.351834,27.96312533333333,-97.351834,27.96312533333333
2023_all2030_genstorage_dcfull_n1_ALL_2030,2023,all2030,expansion_tx,ALL_2030,all2030_genstorage_dcfull_n1,transmission,upgrade_branch,line,AC,SOUTH,6344-6353,6344,6353,107.3,268.2,160.9,185.25,NEW,115.0,115.0,115.0,T7_structural,2.5,New Corridor/Aggressive Parallel,122.3,165.8,3262,120.3,False,0.0,-97.677175,30.5341255,-97.677175,30.5341255
2023_all2030_genstorage_dcfull_n1_ALL_2030,2023,all2030,expansion_tx,ALL_2030,all2030_genstorage_dcfull_n1,transmission,upgrade_branch,line,AC,HOUSTON,7044-7416,7044,7416,98.0,245.0,147.0,185.25,NEW,115.0,115.0,115.0,T7_structural,2.5,New Corridor/Aggressive Parallel,51.5,164.4,3426,81.3,True,0.0,-97.00621414285716,28.74651585714286,-97.00621414285716,28.74651585714286
2023_all2030_genstorage_dcfull_n1_ALL_2030,2023,all2030,expansion_tx,ALL_2030,all2030_genstorage_dcfull_n1,transmission,upgrade_branch,line,AC,NORTH,8118-8042,8118,8042,98.0,245.0,147.0,181.405,NEW,115.0,115.0,115.0,T7_structural,2.5,New Corridor/Aggressive Parallel,113.3,273.8,4353,106.5,False,29.4,-95.255739,31.188898,-94.758734,31.186933
2023_all2030_genstorage_dcfull_n1_ALL_2030,2023,all2030,expansion_tx,ALL_2030,all2030_genstorage_dcfull_n1,transmission,upgrade_branch,line,AC,NORTH,5414-5471,5414,5471,187.0,467.5,280.5,179.248,NEW,161.0,161.0,161.0,T7_structural,2.5,New Corridor/Aggressive Parallel,175.4,324.9,1563,178.6,False,24.0,-98.2935895,32.711098,-98.377389,32.371306
2023_all2030_genstorage_dcfull_n1_ALL_2030,2023,all2030,expansion_tx,ALL_2030,all2030_genstorage_dcfull_n1,transmission,upgrade_branch,line,AC,SOUTH,4036-4189,4036,4189,111.0,277.5,166.5,174.851,NEW,115.0,115.0,115.0,T7_structural,2.5,New Corridor/Aggressive Parallel,66.3,152.4,1137,77.5,True,28.3,-99.562652,28.888748,-99.63215,28.4834915
2023_all2030_genstorage_dcfull_n1_ALL_2030,2023,all2030,expansion_tx,ALL_2030,all2030_genstorage_dcfull_n1,transmission,upgrade_branch,line,AC,NORTH,5371-5034,5371,5034,251.0,627.5,376.5,174.272,NEW,161.0,161.0,161.0,T7_structural,2.5,New Corridor/Aggressive Parallel,80.3,153.7,1927,61.5,True,23.3,-96.539931,32.552083,-96.80082027272728,32.808276409090915
2023_all2030_genstorage_dcfull_n1_ALL_2030,2023,all2030,expansion_tx,ALL_2030,all2030_genstorage_dcfull_n1,transmission,upgrade_branch,line,AC,HOUSTON,7304-12574,7304,12574,2698.0,4721.5,2023.5,165.75,NEW,500.0,500.0,500.0,T5_moderate,1.75,HTLS Reconductor,71.2,110.4,4774,63.0,True,0.0,-96.087226,29.2829165,-96.087226,29.2829165
2023_all2030_genstorage_dcfull_n1_ALL_2030,2023,all2030,expansion_tx,ALL_2030,all2030_genstorage_dcfull_n1,transmission,upgrade_branch,line,AC,NORTH,5435-5471,5435,5471,187.0,467.5,280.5,148.19,NEW,161.0,161.0,161.0,T7_structural,2.5,New Corridor/Aggressive Parallel,575.9,1027.1,1563,408.8,False,19.8,-98.17276,32.600503,-98.377389,32.371306
2023_all2030_genstorage_dcfull_n1_ALL_2030,2023,all2030,expansion_tx,ALL_2030,all2030_genstorage_dcfull_n1,transmission,upgrade_branch,line,AC,WEST,3026-5395,3026,5395,443.0,974.6,531.6,147.306,NEW,230.0,230.0,230.0,T6_heavy,2.2,New Parallel Circuit,119.3,136.3,946,62.0,True,31.0,-99.70613471428572,32.45867642857143,-99.33232,32.77921550000001
2023_all2030_genstorage_dcfull_n1_ALL_2030,2023,all2030,expansion_tx,ALL_2030,all2030_genstorage_dcfull_n1,transmission,upgrade_branch,line,AC,SOUTH,4113-4004,4113,4004,443.0,974.6,531.6,142.35,NEW,230.0,230.0,230.0,T6_heavy,2.2,New Parallel Circuit,65.0,128.7,1548,64.5,True,0.0,-99.3906115,27.588413625,-99.3906115,27.588413625
2023_all2030_genstorage_dcfull_n1_ALL_2030,2023,all2030,expansion_tx,ALL_2030,all2030_genstorage_dcfull_n1,transmission,upgrade_branch,line,AC,NORTH,5112-5246,5112,5246,187.0,467.5,280.5,136.231,NEW,161.0,161.0,161.0,T7_structural,2.5,New Corridor/Aggressive Parallel,335.3,679.1,1564,271.5,False,18.2,-97.8826,32.001481,-97.790381,32.253423999999995
2023_all2030_genstorage_dcfull_n1_ALL_2030,2023,all2030,expansion_tx,ALL_2030,all2030_genstorage_dcfull_n1,transmission,upgrade_branch,line,AC,WEST,1061-1112,1061,1112,169.8,424.5,254.7,135.193,NEW,115.0,115.0,115.0,T7_structural,2.5,New Corridor/Aggressive Parallel,125.6,155.3,342,91.6,True,21.9,-101.3548315,32.107940125,-101.014,32.239
2023_all2030_genstorage_dcfull_n1_ALL_2030,2023,all2030,expansion_tx,ALL_2030,all2030_genstorage_dcfull_n1,transmission,upgrade_branch,line,AC,NORTH,5290-5154,5290,5154,251.0,627.5,376.5,127.769,NEW,161.0,161.0,161.0,T7_structural,2.5,New Corridor/Aggressive Parallel,115.3,187.7,1564,92.2,True,17.1,-97.3667,31.8694,-97.343521,32.116002
2023_all2030_genstorage_dcfull_n1_ALL_2030,2023,all2030,expansion_tx,ALL_2030,all2030_genstorage_dcfull_n1,transmission,upgrade_branch,line,AC,NORTH,8118-8151,8118,8151,98.0,245.0,147.0,127.629,NEW,115.0,115.0,115.0,T7_structural,2.5,New Corridor/Aggressive Parallel,106.0,270.0,4353,111.0,False,20.7,-95.255739,31.188898,-95.481652,31.417425
2023_all2030_genstorage_dcfull_n1_ALL_2030,2023,all2030,expansion_tx,ALL_2030,all2030_genstorage_dcfull_n1,transmission,upgrade_branch,line,AC,HOUSTON,7010-7182,7010,7182,98.0,245.0,147.0,125.756,NEW,115.0,115.0,115.0,T7_structural,2.5,New Corridor/Aggressive Parallel,107.3,167.8,3255,79.7,True,20.4,-95.990493,30.086834,-96.012215,29.792687
2023_all2030_genstorage_dcfull_n1_ALL_2030,2023,all2030,expansion_tx,ALL_2030,all2030_genstorage_dcfull_n1,transmission,upgrade_branch,line,AC,NORTH,5191-5407,5191,5407,187.0,467.5,280.5,119.675,NEW,161.0,161.0,161.0,T7_structural,2.5,New Corridor/Aggressive Parallel,190.1,338.6,1564,143.4,False,16.0,-97.710123,31.916215,-97.46203133333334,31.819786000000004
2023_all2030_genstorage_dcfull_n1_ALL_2030,2023,all2030,expansion_tx,ALL_2030,all2030_genstorage_dcfull_n1,transmission,upgrade_branch,line,AC,NORTH,5075-5231,5075,5231,225.2,563.0,337.8,119.578,NEW,161.0,161.0,161.0,T7_structural,2.5,New Corridor/Aggressive Parallel,64.4,151.6,1697,54.8,True,16.0,-98.049081,31.553908,-98.213739,31.738177
2023_all2030_genstorage_dcfull_n1_ALL_2030,2023,all2030,expansion_tx,ALL_2030,all2030_genstorage_dcfull_n1,transmission,upgrade_branch,line,AC,WEST,13220-13315,13220,13315,330.0,462.0,132.0,114.841,NEW,115.0,115.0,115.0,T4_light,1.4,Reconductor(ACSR->ACSS),33.0,106.1,5238,75.8,True,103.9,-100.938705,32.130795,-99.5687984,33.0957078
2023_all2030_genstorage_dcfull_n1_ALL_2030,2023,all2030,expansion_tx,ALL_2030,all2030_genstorage_dcfull_n1,transmission,upgrade_branch,line,AC,NORTH,5349-5462,5349,5462,251.0,627.5,376.5,113.694,NEW,161.0,161.0,161.0,T7_structural,2.5,New Corridor/Aggressive Parallel,28.8,169.3,2217,67.7,True,15.2,-96.7651095,32.5902035,-96.80082027272728,32.808276409090915
2023_all2030_genstorage_dcfull_n1_ALL_2030,2023,all2030,expansion_tx,ALL_2030,all2030_genstorage_dcfull_n1,transmission,upgrade_branch,line,AC,NORTH,5003-5351,5003,5351,292.1,642.6,350.5,113.1,NEW,161.0,161.0,161.0,T6_heavy,2.2,New Parallel Circuit,95.4,131.7,1559,85.4,True,0.0,-96.6344372,32.9086048,-96.6344372,32.9086048
2023_all2030_genstorage_dcfull_n1_ALL_2030,2023,all2030,expansion_tx,ALL_2030,all2030_genstorage_dcfull_n1,transmission,upgrade_branch,line,AC,NORTH,5003-5351,5003,5351,292.1,642.6,350.5,113.1,NEW,161.0,161.0,161.0,T6_heavy,2.2,New Parallel Circuit,95.4,131.7,1558,85.4,True,0.0,-96.6344372,32.9086048,-96.6344372,32.9086048
2023_all2030_genstorage_dcfull_n1_ALL_2030,2023,all2030,expansion_tx,ALL_2030,all2030_genstorage_dcfull_n1,transmission,upgrade_branch,line,AC,NORTH,5007-5012,5007,5012,251.0,552.2,301.2,113.1,NEW,161.0,161.0,161.0,T6_heavy,2.2,New Parallel Circuit,42.7,131.0,2072,74.8,True,0.0,-97.13581333333332,33.210620166666665,-97.13581333333332,33.210620166666665
2023_all2030_genstorage_dcfull_n1_ALL_2030,2023,all2030,expansion_tx,ALL_2030,all2030_genstorage_dcfull_n1,transmission,upgrade_branch,line,AC,NORTH,5010-5096,5010,5096,310.0,682.0,372.0,113.1,NEW,161.0,161.0,161.0,T6_heavy,2.2,New Parallel Circuit,75.4,125.1,1584,65.8,True,0.0,-96.73076228571428,33.04730142857143,-96.73076228571428,33.04730142857143
2023_all2030_genstorage_dcfull_n1_ALL_2030,2023,all2030,expansion_tx,ALL_2030,all2030_genstorage_dcfull_n1,transmission,upgrade_branch,line,AC,NORTH,5010-5096,5010,5096,310.0,682.0,372.0,113.1,NEW,161.0,161.0,161.0,T6_heavy,2.2,New Parallel Circuit,75.4,125.1,1583,65.8,True,0.0,-96.73076228571428,33.04730142857143,-96.73076228571428,33.04730142857143
2023_all2030_genstorage_dcfull_n1_ALL_2030,2023,all2030,expansion_tx,ALL_2030,all2030_genstorage_dcfull_n1,transmission,upgrade_branch,line,AC,NORTH,5032-5229,5032,5229,224.0,492.8,268.8,113.1,NEW,161.0,161.0,161.0,T6_heavy,2.2,New Parallel Circuit,61.5,131.6,1677,62.6,True,0.0,-96.80082027272728,32.808276409090915,-96.80082027272728,32.808276409090915
2023_all2030_genstorage_dcfull_n1_ALL_2030,2023,all2030,expansion_tx,ALL_2030,all2030_genstorage_dcfull_n1,transmission,upgrade_branch,line,AC,NORTH,5032-5329,5032,5329,187.0,411.4,224.4,113.1,NEW,161.0,161.0,161.0,T6_heavy,2.2,New Parallel Circuit,1.1,149.9,1677,59.4,True,0.0,-96.80082027272728,32.808276409090915,-96.80082027272728,32.808276409090915
2023_all2030_genstorage_dcfull_n1_ALL_2030,2023,all2030,expansion_tx,ALL_2030,all2030_genstorage_dcfull_n1,transmission,upgrade_branch,line,AC,NORTH,5085-5462,5085,5462,212.7,467.9,255.2,113.1,NEW,161.0,161.0,161.0,T6_heavy,2.2,New Parallel Circuit,46.2,127.4,2217,84.4,True,0.0,-96.80082027272728,32.808276409090915,-96.80082027272728,32.808276409090915
2023_all2030_genstorage_dcfull_n1_ALL_2030,2023,all2030,expansion_tx,ALL_2030,all2030_genstorage_dcfull_n1,transmission,upgrade_branch,line,AC,NORTH,5100-5272,5100,5272,204.2,449.2,245.0,113.1,NEW,161.0,161.0,161.0,T6_heavy,2.2,New Parallel Circuit,100.7,125.2,2311,100.2,False,0.0,-96.80082027272728,32.808276409090915,-96.80082027272728,32.808276409090915
2023_all2030_genstorage_dcfull_n1_ALL_2030,2023,all2030,expansion_tx,ALL_2030,all2030_genstorage_dcfull_n1,transmission,upgrade_branch,line,AC,NORTH,5389-5144,5389,5144,187.0,411.4,224.4,113.1,NEW,161.0,161.0,161.0,T6_heavy,2.2,New Parallel Circuit,96.1,129.0,2547,50.0,True,0.0,-97.145583,31.5590085,-97.145583,31.5590085
2023_all2030_genstorage_dcfull_n1_ALL_2030,2023,all2030,expansion_tx,ALL_2030,all2030_genstorage_dcfull_n1,transmission,upgrade_branch,line,AC,NORTH,12754-12937,12754,12937,371.0,816.2,445.2,113.1,NEW,161.0,161.0,161.0,T6_heavy,2.2,New Parallel Circuit,108.9,136.9,4874,68.1,True,0.0,-99.695954,33.73925199999999,-99.695954,33.73925199999999
2023_all2030_genstorage_dcfull_n1_ALL_2030,2023,all2030,expansion_tx,ALL_2030,all2030_genstorage_dcfull_n1,transmission,upgrade_branch,line,AC,WEST,13140-13211,13140,13211,124.6,174.4,49.8,112.547,NEW,115.0,115.0,115.0,T4_light,1.4,Reconductor(ACSR->ACSS),77.1,104.5,5180,75.1,True,101.9,-100.938705,32.130795,-102.2726905,31.190672000000003
2023_all2030_genstorage_dcfull_n1_ALL_2030,2023,all2030,expansion_tx,ALL_2030,all2030_genstorage_dcfull_n1,transmission,upgrade_branch,line,AC,NORTH,5157-5376,5157,5376,233.5,583.8,350.2,111.314,NEW,161.0,161.0,161.0,T7_structural,2.5,New Corridor/Aggressive Parallel,123.6,168.0,1908,102.2,False,14.9,-96.864075,32.599427,-96.80082027272728,32.808276409090915
2023_all2030_genstorage_dcfull_n1_ALL_2030,2023,all2030,expansion_tx,ALL_2030,all2030_genstorage_dcfull_n1,transmission,upgrade_branch,line,AC,SOUTH,6338-6127,6338,6127,220.0,550.0,330.0,111.035,NEW,115.0,115.0,115.0,T7_structural,2.5,New Corridor/Aggressive Parallel,81.0,179.5,2885,71.8,True,18.0,-96.947291,30.633128,-96.907601,30.891129
2023_all2030_genstorage_dcfull_n1_ALL_2030,2023,all2030,expansion_tx,ALL_2030,all2030_genstorage_dcfull_n1,transmission,upgrade_branch,line,AC,HOUSTON,7125-7304,7125,7304,3942.0,5518.8,1576.8,110.811,NEW,500.0,500.0,500.0,T4_light,1.4,Reconductor(ACSR->ACSS),68.8,100.0,4246,70.5,True,34.1,-95.64513933333336,29.591588,-96.087226,29.2829165
2023_all2030_genstorage_dcfull_n1_ALL_2030,2023,all2030,expansion_tx,ALL_2030,all2030_genstorage_dcfull_n1,transmission,upgrade_branch,line,AC,WEST,3066-3142,3066,3142,98.0,215.6,117.6,110.173,NEW,115.0,115.0,115.0,T6_heavy,2.2,New Parallel Circuit,108.6,138.7,806,93.0,True,36.8,-99.529678,31.25981966666667,-100.15267,31.289523
2023_all2030_genstorage_dcfull_n1_ALL_2030,2023,all2030,expansion_tx,ALL_2030,all2030_genstorage_dcfull_n1,transmission,upgrade_branch,line,AC,SOUTH,6229-6299,6229,6299,457.2,1143.0,685.8,106.186,NEW,230.0,230.0,230.0,T7_structural,2.5,New Corridor/Aggressive Parallel,70.5,177.1,3151,90.6,True,11.7,-97.966164,29.880162,-98.08352933333332,29.745433666666667
2023_all2030_genstorage_dcfull_n1_ALL_2030,2023,all2030,expansion_tx,ALL_2030,all2030_genstorage_dcfull_n1,transmission,upgrade_branch,line,AC,HOUSTON,12696-12640,12696,12640,2822.0,3950.8,1128.8,105.374,NEW,500.0,500.0,500.0,T4_light,1.4,Reconductor(ACSR->ACSS),83.8,104.9,4695,75.9,True,32.4,-95.785914,29.3459875,-96.2086544,29.0561128
2023_all2030_genstorage_dcfull_n1_ALL_2030,2023,all2030,expansion_tx,ALL_2030,all2030_genstorage_dcfull_n1,transmission,upgrade_branch,line,AC,NORTH,5154-5247,5154,5247,187.0,467.5,280.5,101.524,NEW,161.0,161.0,161.0,T7_structural,2.5,New Corridor/Aggressive Parallel,77.7,180.9,2258,71.9,True,13.6,-97.343521,32.116002,-97.575601,32.117538
2023_all2030_genstorage_dcfull_n1_ALL_2030,2023,all2030,expansion_tx,ALL_2030,all2030_genstorage_dcfull_n1,transmission,upgrade_branch,line,AC,SOUTH,6284-13126,6284,13126,139.1,347.8,208.6,100.47,NEW,115.0,115.0,115.0,T7_structural,2.5,New Corridor/Aggressive Parallel,121.0,154.1,2995,79.1,True,16.3,-98.5093816037736,29.474642000000003,-98.35335,29.282378
2023_all2030_genstorage_dcfull_n1_ALL_2030,2023,all2030,expansion_tx,ALL_2030,all2030_genstorage_dcfull_n1,transmission,upgrade_branch,line,AC,WEST,3015-3127,3015,3127,98.0,245.0,147.0,99.01,NEW,115.0,115.0,115.0,T7_structural,2.5,New Corridor/Aggressive Parallel,206.4,256.9,1014,136.6,False,16.0,-100.56760671428572,32.36118885714286,-100.2940896,32.3397188
2023_all2030_genstorage_dcfull_n1_ALL_2030,2023,all2030,expansion_tx,ALL_2030,all2030_genstorage_dcfull_n1,transmission,upgrade_branch,line,AC,WEST,3064-3141,3064,3141,149.0,372.5,223.5,99.01,NEW,115.0,115.0,115.0,T7_structural,2.5,New Corridor/Aggressive Parallel,151.7,235.9,1014,109.2,False,16.0,-100.56760671428572,32.36118885714286,-100.2940896,32.3397188
2023_all2030_genstorage_dcfull_n1_ALL_2030,2023,all2030,expansion_tx,ALL_2030,all2030_genstorage_dcfull_n1,transmission,upgrade_branch,line,AC,WEST,3127-13366,3127,13366,203.2,508.0,304.8,99.01,NEW,115.0,115.0,115.0,T7_structural,2.5,New Corridor/Aggressive Parallel,114.8,178.0,885,75.5,True,16.0,-100.2940896,32.3397188,-100.56760671428572,32.36118885714286
2023_all2030_genstorage_dcfull_n1_ALL_2030,2023,all2030,expansion_tx,ALL_2030,all2030_genstorage_dcfull_n1,transmission,upgrade_branch,line,AC,NORTH,5286-5046,5286,5046,187.0,467.5,280.5,98.816,NEW,161.0,161.0,161.0,T7_structural,2.5,New Corridor/Aggressive Parallel,21.6,263.8,1697,103.9,False,13.2,-98.4123355,32.20698,-98.187624,32.1858615
2023_all2030_genstorage_dcfull_n1_ALL_2030,2023,all2030,expansion_tx,ALL_2030,all2030_genstorage_dcfull_n1,transmission,upgrade_branch,line,AC,NORTH,5286-13018,5286,13018,253.1,632.8,379.6,98.816,NEW,161.0,161.0,161.0,T7_structural,2.5,New Corridor/Aggressive Parallel,81.2,198.1,1564,89.9,True,13.2,-98.4123355,32.20698,-98.187624,32.1858615
2023_all2030_genstorage_dcfull_n1_ALL_2030,2023,all2030,expansion_tx,ALL_2030,all2030_genstorage_dcfull_n1,transmission,upgrade_branch,line,AC,NORTH,8118-8014,8118,8014,98.0,245.0,147.0,98.226,NEW,115.0,115.0,115.0,T7_structural,2.5,New Corridor/Aggressive Parallel,212.7,537.2,4353,214.9,False,15.9,-95.255739,31.188898,-95.499937,31.092367
2023_all2030_genstorage_dcfull_n1_ALL_2030,2023,all2030,expansion_tx,ALL_2030,all2030_genstorage_dcfull_n1,transmission,upgrade_branch,line,AC,SOUTH,4037-4064,4037,4064,118.9,261.6,142.7,97.625,NEW,115.0,115.0,115.0,T6_heavy,2.2,New Parallel Circuit,61.1,126.5,4322,82.8,True,32.7,-97.522673,28.2078,-97.4230987368421,27.74350405263158
2023_all2030_genstorage_dcfull_n1_ALL_2030,2023,all2030,expansion_tx,ALL_2030,all2030_genstorage_dcfull_n1,transmission,upgrade_branch,line,AC,SOUTH,12535-12566,12535,12566,2437.9,3413.1,975.2,97.5,NEW,500.0,500.0,500.0,T4_light,1.4,Reconductor(ACSR->ACSS),61.7,109.4,4663,76.6,True,0.0,-97.4230987368421,27.74350405263158,-97.4230987368421,27.74350405263158
2023_all2030_genstorage_dcfull_n1_ALL_2030,2023,all2030,expansion_tx,ALL_2030,all2030_genstorage_dcfull_n1,transmission,upgrade_branch,line,AC,SOUTH,12535-12566,12535,12566,2437.9,3413.1,975.2,97.5,NEW,500.0,500.0,500.0,T4_light,1.4,Reconductor(ACSR->ACSS),61.7,109.4,4662,76.6,True,0.0,-97.4230987368421,27.74350405263158,-97.4230987368421,27.74350405263158
2023_all2030_genstorage_dcfull_n1_ALL_2030,2023,all2030,expansion_tx,ALL_2030,all2030_genstorage_dcfull_n1,transmission,upgrade_branch,line,AC,NORTH,8014-8037,8014,8037,149.0,372.5,223.5,97.08,NEW,115.0,115.0,115.0,T7_structural,2.5,New Corridor/Aggressive Parallel,129.7,343.1,4353,137.3,False,15.7,-95.499937,31.092367,-95.715509,30.959521
2023_all2030_genstorage_dcfull_n1_ALL_2030,2023,all2030,expansion_tx,ALL_2030,all2030_genstorage_dcfull_n1,transmission,upgrade_branch,line,AC,NORTH,8086-8010,8086,8010,98.0,245.0,147.0,96.848,NEW,115.0,115.0,115.0,T7_structural,2.5,New Corridor/Aggressive Parallel,115.9,203.4,4506,95.0,True,15.7,-96.4866,31.1803,-96.22928,31.235882
2023_all2030_genstorage_dcfull_n1_ALL_2030,2023,all2030,expansion_tx,ALL_2030,all2030_genstorage_dcfull_n1,transmission,upgrade_branch,line,AC,SOUTH,6116-6095,6116,6095,98.0,245.0,147.0,93.146,NEW,115.0,115.0,115.0,T7_structural,2.5,New Corridor/Aggressive Parallel,125.7,150.7,2581,94.4,True,15.1,-97.35701,30.41477,-97.546124,30.560042
2023_all2030_genstorage_dcfull_n1_ALL_2030,2023,all2030,expansion_tx,ALL_2030,all2030_genstorage_dcfull_n1,transmission,upgrade_branch,line,AC,NORTH,5133-5005,5133,5005,187.0,467.5,280.5,92.536,NEW,161.0,161.0,161.0,T7_structural,2.5,New Corridor/Aggressive Parallel,1453.5,2680.3,1917,1072.1,False,12.4,-97.924354,32.362649,-98.008849,32.527015
2023_all2030_genstorage_dcfull_n1_ALL_2030,2023,all2030,expansion_tx,ALL_2030,all2030_genstorage_dcfull_n1,transmission,upgrade_branch,line,AC,NORTH,12754-13204,12754,13204,262.2,576.8,314.6,91.532,NEW,161.0,161.0,161.0,T6_heavy,2.2,New Parallel Circuit,95.7,128.1,4871,80.6,True,24.3,-99.695954,33.73925199999999,-99.2898065,33.642922
2023_all2030_genstorage_dcfull_n1_ALL_2030,2023,all2030,expansion_tx,ALL_2030,all2030_genstorage_dcfull_n1,transmission,upgrade_branch,line,AC,NORTH,5127-5231,5127,5231,187.0,411.4,224.4,91.016,NEW,161.0,161.0,161.0,T6_heavy,2.2,New Parallel Circuit,39.7,126.2,1564,65.5,True,24.1,-97.804426,31.769003,-98.213739,31.738177
2023_all2030_genstorage_dcfull_n1_ALL_2030,2023,all2030,expansion_tx,ALL_2030,all2030_genstorage_dcfull_n1,transmission,upgrade_branch,line,AC,NORTH,5261-5318,5261,5318,216.2,540.5,324.3,89.732,NEW,161.0,161.0,161.0,T7_structural,2.5,New Corridor/Aggressive Parallel,66.3,199.2,2288,68.7,True,12.0,-97.790381,32.253423999999995,-97.69946625,32.40925625
2023_all2030_genstorage_dcfull_n1_ALL_2030,2023,all2030,expansion_tx,ALL_2030,all2030_genstorage_dcfull_n1,transmission,upgrade_branch,line,AC,WEST,3003-3141,3003,3141,176.0,387.2,211.2,89.7,NEW,115.0,115.0,115.0,T6_heavy,2.2,New Parallel Circuit,133.3,145.2,977,79.9,True,0.0,-100.2940896,32.3397188,-100.2940896,32.3397188
2023_all2030_genstorage_dcfull_n1_ALL_2030,2023,all2030,expansion_tx,ALL_2030,all2030_genstorage_dcfull_n1,transmission,upgrade_branch,line,AC,WEST,3015-3129,3015,3129,118.8,261.4,142.6,89.7,NEW,115.0,115.0,115.0,T6_heavy,2.2,New Parallel Circuit,94.3,129.5,725,81.1,True,0.0,-100.56760671428572,32.36118885714286,-100.56760671428572,32.36118885714286
2023_all2030_genstorage_dcfull_n1_ALL_2030,2023,all2030,expansion_tx,ALL_2030,all2030_genstorage_dcfull_n1,transmission,upgrade_branch,line,AC,WEST,3027-3032,3027,3032,140.0,308.0,168.0,89.7,NEW,115.0,115.0,115.0,T6_heavy,2.2,New Parallel Circuit,55.7,141.4,773,82.2,True,0.0,-99.70613471428572,32.45867642857143,-99.70613471428572,32.45867642857143
2023_all2030_genstorage_dcfull_n1_ALL_2030,2023,all2030,expansion_tx,ALL_2030,all2030_genstorage_dcfull_n1,transmission,upgrade_branch,line,AC,WEST,3077-3125,3077,3125,107.0,235.4,128.4,89.7,NEW,115.0,115.0,115.0,T6_heavy,2.2,New Parallel Circuit,95.3,141.6,946,66.8,True,0.0,-99.70613471428572,32.45867642857143,-99.70613471428572,32.45867642857143
2023_all2030_genstorage_dcfull_n1_ALL_2030,2023,all2030,expansion_tx,ALL_2030,all2030_genstorage_dcfull_n1,transmission,upgrade_branch,line,AC,SOUTH,6044-6275,6044,6275,204.4,449.7,245.3,89.7,NEW,115.0,115.0,115.0,T6_heavy,2.2,New Parallel Circuit,75.1,131.9,2742,103.1,False,0.0,-98.5093816037736,29.474642000000003,-98.5093816037736,29.474642000000003
2023_all2030_genstorage_dcfull_n1_ALL_2030,2023,all2030,expansion_tx,ALL_2030,all2030_genstorage_dcfull_n1,transmission,upgrade_branch,line,AC,SOUTH,6044-6275,6044,6275,204.4,449.7,245.3,89.7,NEW,115.0,115.0,115.0,T6_heavy,2.2,New Parallel Circuit,75.1,131.9,2741,103.1,False,0.0,-98.5093816037736,29.474642000000003,-98.5093816037736,29.474642000000003
2023_all2030_genstorage_dcfull_n1_ALL_2030,2023,all2030,expansion_tx,ALL_2030,all2030_genstorage_dcfull_n1,transmission,upgrade_branch,line,AC,SOUTH,6061-6224,6061,6224,98.0,215.6,117.6,89.7,NEW,115.0,115.0,115.0,T6_heavy,2.2,New Parallel Circuit,92.2,140.1,2733,76.7,True,0.0,-97.77508287179488,30.30416587179487,-97.77508287179488,30.30416587179487
2023_all2030_genstorage_dcfull_n1_ALL_2030,2023,all2030,expansion_tx,ALL_2030,all2030_genstorage_dcfull_n1,transmission,upgrade_branch,line,AC,SOUTH,6123-6233,6123,6233,98.0,215.6,117.6,89.7,NEW,115.0,115.0,115.0,T6_heavy,2.2,New Parallel Circuit,103.1,131.2,2783,79.8,True,0.0,-97.77508287179488,30.30416587179487,-97.77508287179488,30.30416587179487
2023_all2030_genstorage_dcfull_n1_ALL_2030,2023,all2030,expansion_tx,ALL_2030,all2030_genstorage_dcfull_n1,transmission,upgrade_branch,line,AC,SOUTH,6153-13418,6153,13418,119.3,262.5,143.2,89.7,NEW,115.0,115.0,115.0,T6_heavy,2.2,New Parallel Circuit,111.0,133.8,2964,57.3,True,0.0,-98.5093816037736,29.474642000000003,-98.5093816037736,29.474642000000003
2023_all2030_genstorage_dcfull_n1_ALL_2030,2023,all2030,expansion_tx,ALL_2030,all2030_genstorage_dcfull_n1,transmission,upgrade_branch,line,AC,SOUTH,6275-6324,6275,6324,221.0,486.2,265.2,89.7,NEW,115.0,115.0,115.0,T6_heavy,2.2,New Parallel Circuit,109.9,132.0,3199,101.0,False,0.0,-98.5093816037736,29.474642000000003,-98.5093816037736,29.474642000000003
2023_all2030_genstorage_dcfull_n1_ALL_2030,2023,all2030,expansion_tx,ALL_2030,all2030_genstorage_dcfull_n1,transmission,upgrade_branch,line,AC,SOUTH,6275-6324,6275,6324,221.0,486.2,265.2,89.7,NEW,115.0,115.0,115.0,T6_heavy,2.2,New Parallel Circuit,109.9,132.0,3198,101.0,False,0.0,-98.5093816037736,29.474642000000003,-98.5093816037736,29.474642000000003
2023_all2030_genstorage_dcfull_n1_ALL_2030,2023,all2030,expansion_tx,ALL_2030,all2030_genstorage_dcfull_n1,transmission,upgrade_branch,line,AC,SOUTH,6324-6320,6324,6320,250.0,550.0,300.0,89.7,NEW,115.0,115.0,115.0,T6_heavy,2.2,New Parallel Circuit,116.4,145.1,2964,113.6,False,0.0,-98.5093816037736,29.474642000000003,-98.5093816037736,29.474642000000003
2023_all2030_genstorage_dcfull_n1_ALL_2030,2023,all2030,expansion_tx,ALL_2030,all2030_genstorage_dcfull_n1,transmission,upgrade_branch,line,AC,HOUSTON,7425-7246,7425,7246,98.0,215.6,117.6,89.7,NEW,115.0,115.0,115.0,T6_heavy,2.2,New Parallel Circuit,88.7,131.6,4048,76.2,True,0.0,-95.41128715217393,29.77727818478261,-95.41128715217393,29.77727818478261
2023_all2030_genstorage_dcfull_n1_ALL_2030,2023,all2030,expansion_tx,ALL_2030,all2030_genstorage_dcfull_n1,transmission,upgrade_branch,line,AC,HOUSTON,7416-13357,7416,13357,121.9,268.2,146.3,89.7,NEW,115.0,115.0,115.0,T6_heavy,2.2,New Parallel Circuit,4.1,138.7,3426,64.7,True,0.0,-97.00621414285716,28.74651585714286,-97.00621414285716,28.74651585714286
2023_all2030_genstorage_dcfull_n1_ALL_2030,2023,all2030,expansion_tx,ALL_2030,all2030_genstorage_dcfull_n1,transmission,upgrade_branch,line,AC,NORTH,8069-8103,8069,8103,149.0,327.8,178.8,89.7,NEW,115.0,115.0,115.0,T6_heavy,2.2,New Parallel Circuit,81.2,136.2,4378,67.0,True,0.0,-96.202639,31.37571,-96.202639,31.37571
2023_all2030_genstorage_dcfull_n1_ALL_2030,2023,all2030,expansion_tx,ALL_2030,all2030_genstorage_dcfull_n1,transmission,upgrade_branch,line,AC,SOUTH,13224-13226,13224,13226,231.8,510.0,278.2,89.7,NEW,115.0,115.0,115.0,T6_heavy,2.2,New Parallel Circuit,84.1,139.2,4934,52.8,True,0.0,-97.49466233333334,28.47964933333333,-97.49466233333334,28.47964933333333
2023_all2030_genstorage_dcfull_n1_ALL_2030,2023,all2030,expansion_tx,ALL_2030,all2030_genstorage_dcfull_n1,transmission,upgrade_branch,line,AC,NORTH,5191-5151,5191,5151,187.0,467.5,280.5,87.521,NEW,161.0,161.0,161.0,T7_structural,2.5,New Corridor/Aggressive Parallel,126.6,226.5,1564,101.7,False,11.7,-97.710123,31.916215,-97.52976,31.988989
2023_all2030_genstorage_dcfull_n1_ALL_2030,2023,all2030,expansion_tx,ALL_2030,all2030_genstorage_dcfull_n1,transmission,upgrade_branch,line,AC,NORTH,5191-5112,5191,5112,187.0,467.5,280.5,87.473,NEW,161.0,161.0,161.0,T7_structural,2.5,New Corridor/Aggressive Parallel,402.7,798.0,1564,316.5,False,11.7,-97.710123,31.916215,-97.8826,32.001481
2023_all2030_genstorage_dcfull_n1_ALL_2030,2023,all2030,expansion_tx,ALL_2030,all2030_genstorage_dcfull_n1,transmission,upgrade_branch,line,AC,NORTH,5191-5127,5191,5127,187.0,467.5,280.5,86.561,NEW,161.0,161.0,161.0,T7_structural,2.5,New Corridor/Aggressive Parallel,90.4,237.3,1564,79.1,True,11.6,-97.710123,31.916215,-97.804426,31.769003
2023_all2030_genstorage_dcfull_n1_ALL_2030,2023,all2030,expansion_tx,ALL_2030,all2030_genstorage_dcfull_n1,transmission,upgrade_branch,line,AC,NORTH,5169-5471,5169,5471,187.0,467.5,280.5,86.231,NEW,161.0,161.0,161.0,T7_structural,2.5,New Corridor/Aggressive Parallel,209.1,384.9,1563,133.2,False,11.5,-98.4123355,32.20698,-98.377389,32.371306
2023_all2030_genstorage_dcfull_n1_ALL_2030,2023,all2030,expansion_tx,ALL_2030,all2030_genstorage_dcfull_n1,transmission,upgrade_branch,line,AC,NORTH,5264-5471,5264,5471,251.0,627.5,376.5,85.051,NEW,161.0,161.0,161.0,T7_structural,2.5,New Corridor/Aggressive Parallel,103.5,208.6,2087,65.8,True,11.4,-98.552257,32.298594,-98.377389,32.371306
2023_all2030_genstorage_dcfull_n1_ALL_2030,2023,all2030,expansion_tx,ALL_2030,all2030_genstorage_dcfull_n1,transmission,upgrade_branch,line,AC,HOUSTON,7432-8141,7432,8141,221.0,386.8,165.8,83.8,NEW,115.0,115.0,115.0,T5_moderate,1.75,HTLS Reconductor,65.1,118.7,4356,44.7,True,43.0,-95.905344,30.953672,-96.62542,30.881424
2023_all2030_genstorage_dcfull_n1_ALL_2030,2023,all2030,expansion_tx,ALL_2030,all2030_genstorage_dcfull_n1,transmission,upgrade_branch,line,AC,NORTH,5005-5435,5005,5435,187.0,467.5,280.5,80.815,NEW,161.0,161.0,161.0,T7_structural,2.5,New Corridor/Aggressive Parallel,573.5,1024.7,1563,407.8,False,10.8,-98.008849,32.527015,-98.17276,32.600503
2023_all2030_genstorage_dcfull_n1_ALL_2030,2023,all2030,expansion_tx,ALL_2030,all2030_genstorage_dcfull_n1,transmission,upgrade_branch,line,AC,NORTH,8132-8054,8132,8054,98.0,245.0,147.0,80.295,NEW,115.0,115.0,115.0,T7_structural,2.5,New Corridor/Aggressive Parallel,88.7,170.6,4353,77.7,True,13.0,-96.229757,31.4789,-96.009175,31.473728
2023_all2030_genstorage_dcfull_n1_ALL_2030,2023,all2030,expansion_tx,ALL_2030,all2030_genstorage_dcfull_n1,transmission,upgrade_branch,line,AC,HOUSTON,7432-8003,7432,8003,98.0,245.0,147.0,78.701,NEW,115.0,115.0,115.0,T7_structural,2.5,New Corridor/Aggressive Parallel,203.4,324.6,4390,165.8,False,12.7,-95.905344,30.953672,-95.934344,31.136452
2023_all2030_genstorage_dcfull_n1_ALL_2030,2023,all2030,expansion_tx,ALL_2030,all2030_genstorage_dcfull_n1,transmission,upgrade_branch,line,AC,NORTH,5219-5114,5219,5114,187.0,467.5,280.5,77.891,NEW,161.0,161.0,161.0,T7_structural,2.5,New Corridor/Aggressive Parallel,98.5,206.3,1688,82.5,True,10.4,-96.428985,32.533273,-96.255103,32.568801
2023_all2030_genstorage_dcfull_n1_ALL_2030,2023,all2030,expansion_tx,ALL_2030,all2030_genstorage_dcfull_n1,transmission,upgrade_branch,line,AC,NORTH,8003-8001,8003,8001,149.0,372.5,223.5,74.829,NEW,115.0,115.0,115.0,T7_structural,2.5,New Corridor/Aggressive Parallel,141.8,221.5,4390,112.3,False,12.1,-95.934344,31.136452,-96.13919,31.132442
2023_all2030_genstorage_dcfull_n1_ALL_2030,2023,all2030,expansion_tx,ALL_2030,all2030_genstorage_dcfull_n1,transmission,upgrade_branch,line,AC,SOUTH,12565-7018,12565,7018,2211.0,3869.2,1658.2,74.318,NEW,500.0,500.0,500.0,T5_moderate,1.75,HTLS Reconductor,65.0,119.5,3354,68.9,True,13.5,-97.214167,28.7128,-97.135,28.8947
2023_all2030_genstorage_dcfull_n1_ALL_2030,2023,all2030,expansion_tx,ALL_2030,all2030_genstorage_dcfull_n1,transmission,upgrade_branch,line,AC,SOUTH,12565-7018,12565,7018,2211.0,3869.2,1658.2,74.318,NEW,500.0,500.0,500.0,T5_moderate,1.75,HTLS Reconductor,65.0,119.5,3353,68.9,True,13.5,-97.214167,28.7128,-97.135,28.8947
2023_all2030_genstorage_dcfull_n1_ALL_2030,2023,all2030,expansion_tx,ALL_2030,all2030_genstorage_dcfull_n1,transmission,upgrade_branch,line,AC,NORTH,5003-5181,5003,5181,218.0,381.5,163.5,74.1,NEW,161.0,161.0,161.0,T5_moderate,1.75,HTLS Reconductor,87.0,111.4,1560,67.6,True,0.0,-96.6344372,32.9086048,-96.6344372,32.9086048
2023_all2030_genstorage_dcfull_n1_ALL_2030,2023,all2030,expansion_tx,ALL_2030,all2030_genstorage_dcfull_n1,transmission,upgrade_branch,line,AC,NORTH,5012-5165,5012,5165,204.9,358.6,153.7,74.1,NEW,161.0,161.0,161.0,T5_moderate,1.75,HTLS Reconductor,19.2,114.2,2072,54.5,True,0.0,-97.13581333333332,33.210620166666665,-97.13581333333332,33.210620166666665
2023_all2030_genstorage_dcfull_n1_ALL_2030,2023,all2030,expansion_tx,ALL_2030,all2030_genstorage_dcfull_n1,transmission,upgrade_branch,line,AC,NORTH,5027-5441,5027,5441,252.0,441.0,189.0,74.1,NEW,161.0,161.0,161.0,T5_moderate,1.75,HTLS Reconductor,73.1,121.4,2548,68.0,True,0.0,-97.34008506896552,32.753233586206896,-97.34008506896552,32.753233586206896
2023_all2030_genstorage_dcfull_n1_ALL_2030,2023,all2030,expansion_tx,ALL_2030,all2030_genstorage_dcfull_n1,transmission,upgrade_branch,line,AC,NORTH,5034-5329,5034,5329,204.1,357.2,153.1,74.1,NEW,161.0,161.0,161.0,T5_moderate,1.75,HTLS Reconductor,93.1,120.4,2315,63.8,True,0.0,-96.80082027272728,32.808276409090915,-96.80082027272728,32.808276409090915
2023_all2030_genstorage_dcfull_n1_ALL_2030,2023,all2030,expansion_tx,ALL_2030,all2030_genstorage_dcfull_n1,transmission,upgrade_branch,line,AC,NORTH,5250-5100,5250,5100,409.0,715.8,306.8,74.1,NEW,161.0,161.0,161.0,T5_moderate,1.75,HTLS Reconductor,90.0,119.2,1872,62.6,True,0.0,-96.80082027272728,32.808276409090915,-96.80082027272728,32.808276409090915
2023_all2030_genstorage_dcfull_n1_ALL_2030,2023,all2030,expansion_tx,ALL_2030,all2030_genstorage_dcfull_n1,transmission,upgrade_branch,line,AC,NORTH,5250-5100,5250,5100,409.0,715.8,306.8,74.1,NEW,161.0,161.0,161.0,T5_moderate,1.75,HTLS Reconductor,90.0,119.2,1871,62.6,True,0.0,-96.80082027272728,32.808276409090915,-96.80082027272728,32.808276409090915
2023_all2030_genstorage_dcfull_n1_ALL_2030,2023,all2030,expansion_tx,ALL_2030,all2030_genstorage_dcfull_n1,transmission,upgrade_branch,line,AC,NORTH,5250-5100,5250,5100,409.0,715.8,306.8,74.1,NEW,161.0,161.0,161.0,T5_moderate,1.75,HTLS Reconductor,90.0,119.2,1871,62.6,True,0.0,-96.80082027272728,32.808276409090915,-96.80082027272728,32.808276409090915
2023_all2030_genstorage_dcfull_n1_ALL_2030,2023,all2030,expansion_tx,ALL_2030,all2030_genstorage_dcfull_n1,transmission,upgrade_branch,line,AC,NORTH,5100-5352,5100,5352,238.0,416.5,178.5,74.1,NEW,161.0,161.0,161.0,T5_moderate,1.75,HTLS Reconductor,91.3,118.3,1875,60.0,True,0.0,-96.80082027272728,32.808276409090915,-96.80082027272728,32.808276409090915
2023_all2030_genstorage_dcfull_n1_ALL_2030,2023,all2030,expansion_tx,ALL_2030,all2030_genstorage_dcfull_n1,transmission,upgrade_branch,line,AC,NORTH,5194-5353,5194,5353,242.0,423.5,181.5,74.1,NEW,161.0,161.0,161.0,T5_moderate,1.75,HTLS Reconductor,70.5,110.1,2544,74.2,True,0.0,-96.914175,32.651936,-96.914175,32.651936
2023_all2030_genstorage_dcfull_n1_ALL_2030,2023,all2030,expansion_tx,ALL_2030,all2030_genstorage_dcfull_n1,transmission,upgrade_branch,line,AC,NORTH,5272-5352,5272,5352,234.8,410.9,176.1,74.1,NEW,161.0,161.0,161.0,T5_moderate,1.75,HTLS Reconductor,86.4,118.3,1874,61.0,True,0.0,-96.80082027272728,32.808276409090915,-96.80082027272728,32.808276409090915
2023_all2030_genstorage_dcfull_n1_ALL_2030,2023,all2030,expansion_tx,ALL_2030,all2030_genstorage_dcfull_n1,transmission,upgrade_branch,line,AC,NORTH,5247-5209,5247,5209,187.0,467.5,280.5,72.645,NEW,161.0,161.0,161.0,T7_structural,2.5,New Corridor/Aggressive Parallel,75.7,178.9,2258,71.1,True,9.7,-97.575601,32.117538,-97.736712,32.083522
2023_all2030_genstorage_dcfull_n1_ALL_2030,2023,all2030,expansion_tx,ALL_2030,all2030_genstorage_dcfull_n1,transmission,upgrade_branch,line,AC,SOUTH,4031-4043,4031,4043,205.0,358.8,153.8,71.248,NEW,115.0,115.0,115.0,T5_moderate,1.75,HTLS Reconductor,69.5,112.9,1243,63.4,True,36.5,-99.359609,27.0792565,-99.10145,26.603250000000003
2023_all2030_genstorage_dcfull_n1_ALL_2030,2023,all2030,expansion_tx,ALL_2030,all2030_genstorage_dcfull_n1,transmission,upgrade_branch,line,AC,WEST,3121-3145,3121,3145,149.0,327.8,178.8,71.159,NEW,115.0,115.0,115.0,T6_heavy,2.2,New Parallel Circuit,116.6,129.8,724,92.0,True,23.8,-100.56760671428572,32.36118885714286,-100.2242635,32.5474795
2023_all2030_genstorage_dcfull_n1_ALL_2030,2023,all2030,expansion_tx,ALL_2030,all2030_genstorage_dcfull_n1,transmission,upgrade_branch,line,AC,WEST,13089-13270,13089,13270,186.4,410.1,223.7,69.76,NEW,115.0,115.0,115.0,T6_heavy,2.2,New Parallel Circuit,83.9,146.1,5136,76.0,True,23.3,-101.80158,33.889462,-101.8383465,33.5531785
2023_all2030_genstorage_dcfull_n1_ALL_2030,2023,all2030,expansion_tx,ALL_2030,all2030_genstorage_dcfull_n1,transmission,upgrade_branch,line,AC,WEST,3032-3094,3032,3094,113.2,249.0,135.8,69.603,NEW,115.0,115.0,115.0,T6_heavy,2.2,New Parallel Circuit,122.9,148.9,790,107.9,False,23.3,-99.70613471428572,32.45867642857143,-100.09043266666669,32.36779933333333
2023_all2030_genstorage_dcfull_n1_ALL_2030,2023,all2030,expansion_tx,ALL_2030,all2030_genstorage_dcfull_n1,transmission,upgrade_branch,line,AC,HOUSTON,7432-8037,7432,8037,149.0,372.5,223.5,69.502,NEW,115.0,115.0,115.0,T7_structural,2.5,New Corridor/Aggressive Parallel,213.4,353.3,4390,141.3,False,11.3,-95.905344,30.953672,-95.715509,30.959521
2023_all2030_genstorage_dcfull_n1_ALL_2030,2023,all2030,expansion_tx,ALL_2030,all2030_genstorage_dcfull_n1,transmission,upgrade_branch,line,AC,SOUTH,4031-4147,4031,4147,247.0,432.2,185.2,68.701,NEW,115.0,115.0,115.0,T5_moderate,1.75,HTLS Reconductor,70.9,122.6,1179,68.6,True,35.2,-99.359609,27.0792565,-99.3906115,27.588413625
2023_all2030_genstorage_dcfull_n1_ALL_2030,2023,all2030,expansion_tx,ALL_2030,all2030_genstorage_dcfull_n1,transmission,upgrade_branch,line,AC,SOUTH,4031-4147,4031,4147,270.0,472.5,202.5,68.701,NEW,115.0,115.0,115.0,T5_moderate,1.75,HTLS Reconductor,81.1,122.3,1178,68.6,True,35.2,-99.359609,27.0792565,-99.3906115,27.588413625
2023_all2030_genstorage_dcfull_n1_ALL_2030,2023,all2030,expansion_tx,ALL_2030,all2030_genstorage_dcfull_n1,transmission,upgrade_branch,line,AC,NORTH,8111-8042,8111,8042,98.0,245.0,147.0,64.135,NEW,115.0,115.0,115.0,T7_structural,2.5,New Corridor/Aggressive Parallel,141.1,301.6,4353,117.7,False,10.4,-94.737065,31.33610733333333,-94.758734,31.186933
2023_all2030_genstorage_dcfull_n1_ALL_2030,2023,all2030,expansion_tx,ALL_2030,all2030_genstorage_dcfull_n1,transmission,upgrade_branch,line,AC,NORTH,8054-8092,8054,8092,98.0,245.0,147.0,63.791,NEW,115.0,115.0,115.0,T7_structural,2.5,New Corridor/Aggressive Parallel,72.2,154.1,4353,71.1,True,10.3,-96.009175,31.473728,-95.863721,31.557267
2023_all2030_genstorage_dcfull_n1_ALL_2030,2023,all2030,expansion_tx,ALL_2030,all2030_genstorage_dcfull_n1,transmission,upgrade_branch,line,AC,SOUTH,4037-13410,4037,13410,122.9,215.1,92.2,63.668,NEW,115.0,115.0,115.0,T5_moderate,1.75,HTLS Reconductor,51.2,114.7,4322,48.2,True,32.7,-97.522673,28.2078,-97.4230987368421,27.74350405263158
2023_all2030_genstorage_dcfull_n1_ALL_2030,2023,all2030,expansion_tx,ALL_2030,all2030_genstorage_dcfull_n1,transmission,upgrade_branch,line,AC,WEST,3145-3006,3145,3006,149.0,327.8,178.8,62.554,NEW,115.0,115.0,115.0,T6_heavy,2.2,New Parallel Circuit,101.2,125.5,693,72.9,True,20.9,-100.2242635,32.5474795,-100.0652435,32.819086
2023_all2030_genstorage_dcfull_n1_ALL_2030,2023,all2030,expansion_tx,ALL_2030,all2030_genstorage_dcfull_n1,transmission,upgrade_branch,line,AC,NORTH,5274-5374,5274,5374,187.0,467.5,280.5,62.187,NEW,161.0,161.0,161.0,T7_structural,2.5,New Corridor/Aggressive Parallel,105.2,238.1,1677,137.1,False,8.3,-96.674333,32.605192,-96.620085,32.716601
2023_all2030_genstorage_dcfull_n1_ALL_2030,2023,all2030,expansion_tx,ALL_2030,all2030_genstorage_dcfull_n1,transmission,upgrade_branch,line,AC,SOUTH,4187-4022,4187,4022,214.0,470.8,256.8,61.909,NEW,115.0,115.0,115.0,T6_heavy,2.2,New Parallel Circuit,104.7,144.0,1548,71.1,True,20.7,-99.214344,28.293173,-99.399193,28.041684
2023_all2030_genstorage_dcfull_n1_ALL_2030,2023,all2030,expansion_tx,ALL_2030,all2030_genstorage_dcfull_n1,transmission,upgrade_branch,line,AC,NORTH,5169-5135,5169,5135,187.0,327.2,140.2,61.217,NEW,161.0,161.0,161.0,T5_moderate,1.75,HTLS Reconductor,61.3,111.7,1992,45.5,True,24.8,-98.4123355,32.20698,-98.66402,32.495875
2023_all2030_genstorage_dcfull_n1_ALL_2030,2023,all2030,expansion_tx,ALL_2030,all2030_genstorage_dcfull_n1,transmission,upgrade_branch,line,AC,NORTH,8025-8121,8025,8121,98.0,171.5,73.5,60.325,NEW,115.0,115.0,115.0,T5_moderate,1.75,HTLS Reconductor,64.8,111.9,4422,60.3,True,30.9,-95.64904,31.9046145,-95.123407,31.9424935
2023_all2030_genstorage_dcfull_n1_ALL_2030,2023,all2030,expansion_tx,ALL_2030,all2030_genstorage_dcfull_n1,transmission,upgrade_branch,line,AC,WEST,13089-13377,13089,13377,191.0,420.2,229.2,59.378,NEW,115.0,115.0,115.0,T6_heavy,2.2,New Parallel Circuit,86.1,148.4,5135,76.6,True,19.9,-101.80158,33.889462,-101.8408,33.6039
2023_all2030_genstorage_dcfull_n1_ALL_2030,2023,all2030,expansion_tx,ALL_2030,all2030_genstorage_dcfull_n1,transmission,upgrade_branch,line,AC,NORTH,5203-5465,5203,5465,237.0,414.8,177.8,59.214,NEW,161.0,161.0,161.0,T5_moderate,1.75,HTLS Reconductor,95.5,112.7,2356,53.3,True,24.0,-96.80082027272728,32.808276409090915,-96.8232695,33.154732499999994
2023_all2030_genstorage_dcfull_n1_ALL_2030,2023,all2030,expansion_tx,ALL_2030,all2030_genstorage_dcfull_n1,transmission,upgrade_branch,line,AC,NORTH,5190-5264,5190,5264,251.0,439.2,188.2,58.519,NEW,161.0,161.0,161.0,T5_moderate,1.75,HTLS Reconductor,47.2,114.6,1917,33.3,True,23.7,-98.333604,32.587603,-98.552257,32.298594
2023_all2030_genstorage_dcfull_n1_ALL_2030,2023,all2030,expansion_tx,ALL_2030,all2030_genstorage_dcfull_n1,transmission,upgrade_branch,line,AC,WEST,3003-3103,3003,3103,220.0,385.0,165.0,58.5,NEW,115.0,115.0,115.0,T5_moderate,1.75,HTLS Reconductor,5.9,112.6,690,64.3,True,0.0,-100.2940896,32.3397188,-100.2940896,32.3397188
2023_all2030_genstorage_dcfull_n1_ALL_2030,2023,all2030,expansion_tx,ALL_2030,all2030_genstorage_dcfull_n1,transmission,upgrade_branch,line,AC,WEST,3027-3102,3027,3102,147.8,258.7,110.9,58.5,NEW,115.0,115.0,115.0,T5_moderate,1.75,HTLS Reconductor,22.1,113.9,773,56.7,True,0.0,-99.70613471428572,32.45867642857143,-99.70613471428572,32.45867642857143
2023_all2030_genstorage_dcfull_n1_ALL_2030,2023,all2030,expansion_tx,ALL_2030,all2030_genstorage_dcfull_n1,transmission,upgrade_branch,line,AC,WEST,3051-13385,3051,13385,199.9,349.8,149.9,58.5,NEW,115.0,115.0,115.0,T5_moderate,1.75,HTLS Reconductor,67.5,111.3,1000,63.2,True,0.0,-100.967827,29.7051495,-100.967827,29.7051495
2023_all2030_genstorage_dcfull_n1_ALL_2030,2023,all2030,expansion_tx,ALL_2030,all2030_genstorage_dcfull_n1,transmission,upgrade_branch,line,AC,SOUTH,4114-4005,4114,4005,221.0,386.8,165.8,58.5,NEW,115.0,115.0,115.0,T5_moderate,1.75,HTLS Reconductor,61.9,119.6,1051,65.7,True,0.0,-99.3906115,27.588413625,-99.3906115,27.588413625
2023_all2030_genstorage_dcfull_n1_ALL_2030,2023,all2030,expansion_tx,ALL_2030,all2030_genstorage_dcfull_n1,transmission,upgrade_branch,line,AC,SOUTH,6013-6182,6013,6182,174.9,306.1,131.2,58.5,NEW,115.0,115.0,115.0,T5_moderate,1.75,HTLS Reconductor,99.2,120.3,3026,71.3,True,0.0,-98.5093816037736,29.474642000000003,-98.5093816037736,29.474642000000003
2023_all2030_genstorage_dcfull_n1_ALL_2030,2023,all2030,expansion_tx,ALL_2030,all2030_genstorage_dcfull_n1,transmission,upgrade_branch,line,AC,SOUTH,6024-6256,6024,6256,124.0,217.0,93.0,58.5,NEW,115.0,115.0,115.0,T5_moderate,1.75,HTLS Reconductor,103.8,121.5,3190,67.1,True,0.0,-97.77508287179488,30.30416587179487,-97.77508287179488,30.30416587179487
2023_all2030_genstorage_dcfull_n1_ALL_2030,2023,all2030,expansion_tx,ALL_2030,all2030_genstorage_dcfull_n1,transmission,upgrade_branch,line,AC,SOUTH,6084-6353,6084,6353,163.8,286.7,122.9,58.5,NEW,115.0,115.0,115.0,T5_moderate,1.75,HTLS Reconductor,97.0,120.2,3257,60.0,True,0.0,-97.677175,30.5341255,-97.677175,30.5341255
2023_all2030_genstorage_dcfull_n1_ALL_2030,2023,all2030,expansion_tx,ALL_2030,all2030_genstorage_dcfull_n1,transmission,upgrade_branch,line,AC,SOUTH,6137-6217,6137,6217,137.0,239.8,102.8,58.5,NEW,115.0,115.0,115.0,T5_moderate,1.75,HTLS Reconductor,69.4,114.0,2688,65.1,True,0.0,-97.77508287179488,30.30416587179487,-97.77508287179488,30.30416587179487
2023_all2030_genstorage_dcfull_n1_ALL_2030,2023,all2030,expansion_tx,ALL_2030,all2030_genstorage_dcfull_n1,transmission,upgrade_branch,line,AC,SOUTH,6174-6250,6174,6250,98.0,171.5,73.5,58.5,NEW,115.0,115.0,115.0,T5_moderate,1.75,HTLS Reconductor,78.9,118.5,2970,85.1,True,0.0,-98.5093816037736,29.474642000000003,-98.5093816037736,29.474642000000003
2023_all2030_genstorage_dcfull_n1_ALL_2030,2023,all2030,expansion_tx,ALL_2030,all2030_genstorage_dcfull_n1,transmission,upgrade_branch,line,AC,SOUTH,6200-6275,6200,6275,109.0,190.8,81.8,58.5,NEW,115.0,115.0,115.0,T5_moderate,1.75,HTLS Reconductor,99.4,122.8,2740,104.8,False,0.0,-98.5093816037736,29.474642000000003,-98.5093816037736,29.474642000000003
2023_all2030_genstorage_dcfull_n1_ALL_2030,2023,all2030,expansion_tx,ALL_2030,all2030_genstorage_dcfull_n1,transmission,upgrade_branch,line,AC,SOUTH,6220-6250,6220,6250,160.0,280.0,120.0,58.5,NEW,115.0,115.0,115.0,T5_moderate,1.75,HTLS Reconductor,86.8,118.9,2901,72.0,True,0.0,-98.5093816037736,29.474642000000003,-98.5093816037736,29.474642000000003
2023_all2030_genstorage_dcfull_n1_ALL_2030,2023,all2030,expansion_tx,ALL_2030,all2030_genstorage_dcfull_n1,transmission,upgrade_branch,line,AC,SOUTH,6284-13418,6284,13418,140.2,245.3,105.1,58.5,NEW,115.0,115.0,115.0,T5_moderate,1.75,HTLS Reconductor,92.3,111.7,2964,60.0,True,0.0,-98.5093816037736,29.474642000000003,-98.5093816037736,29.474642000000003
2023_all2030_genstorage_dcfull_n1_ALL_2030,2023,all2030,expansion_tx,ALL_2030,all2030_genstorage_dcfull_n1,transmission,upgrade_branch,line,AC,HOUSTON,7044-13356,7044,13356,191.2,334.6,143.4,58.5,NEW,115.0,115.0,115.0,T5_moderate,1.75,HTLS Reconductor,90.3,111.0,3425,89.7,True,0.0,-97.00621414285716,28.74651585714286,-97.00621414285716,28.74651585714286
2023_all2030_genstorage_dcfull_n1_ALL_2030,2023,all2030,expansion_tx,ALL_2030,all2030_genstorage_dcfull_n1,transmission,upgrade_branch,line,AC,HOUSTON,7306-12573,7306,12573,222.5,389.4,166.9,58.5,NEW,115.0,115.0,115.0,T5_moderate,1.75,HTLS Reconductor,72.4,116.3,4168,77.0,True,0.0,-96.087226,29.2829165,-96.087226,29.2829165
2023_all2030_genstorage_dcfull_n1_ALL_2030,2023,all2030,expansion_tx,ALL_2030,all2030_genstorage_dcfull_n1,transmission,upgrade_branch,line,AC,HOUSTON,7306-12573,7306,12573,222.5,389.4,166.9,58.5,NEW,115.0,115.0,115.0,T5_moderate,1.75,HTLS Reconductor,72.4,116.3,4168,77.0,True,0.0,-96.087226,29.2829165,-96.087226,29.2829165
2023_all2030_genstorage_dcfull_n1_ALL_2030,2023,all2030,expansion_tx,ALL_2030,all2030_genstorage_dcfull_n1,transmission,upgrade_branch,line,AC,HOUSTON,7306-12573,7306,12573,222.5,389.4,166.9,58.5,NEW,115.0,115.0,115.0,T5_moderate,1.75,HTLS Reconductor,72.4,116.3,4168,77.0,True,0.0,-96.087226,29.2829165,-96.087226,29.2829165
2023_all2030_genstorage_dcfull_n1_ALL_2030,2023,all2030,expansion_tx,ALL_2030,all2030_genstorage_dcfull_n1,transmission,upgrade_branch,line,AC,HOUSTON,12584-12639,12584,12639,316.0,553.0,237.0,58.5,NEW,115.0,115.0,115.0,T5_moderate,1.75,HTLS Reconductor,4.9,112.0,4709,80.4,True,0.0,-96.2086544,29.0561128,-96.2086544,29.0561128
2023_all2030_genstorage_dcfull_n1_ALL_2030,2023,all2030,expansion_tx,ALL_2030,all2030_genstorage_dcfull_n1,transmission,upgrade_branch,line,AC,HOUSTON,12584-13234,12584,13234,375.0,656.2,281.2,58.5,NEW,115.0,115.0,115.0,T5_moderate,1.75,HTLS Reconductor,4.9,111.7,4709,80.2,True,0.0,-96.2086544,29.0561128,-96.2086544,29.0561128
2023_all2030_genstorage_dcfull_n1_ALL_2030,2023,all2030,expansion_tx,ALL_2030,all2030_genstorage_dcfull_n1,transmission,upgrade_branch,line,AC,HOUSTON,12639-13234,12639,13234,375.0,656.2,281.2,58.5,NEW,115.0,115.0,115.0,T5_moderate,1.75,HTLS Reconductor,4.9,111.7,4709,80.2,True,0.0,-96.2086544,29.0561128,-96.2086544,29.0561128
2023_all2030_genstorage_dcfull_n1_ALL_2030,2023,all2030,expansion_tx,ALL_2030,all2030_genstorage_dcfull_n1,transmission,upgrade_branch,line,AC,HOUSTON,12974-13426,12974,13426,199.1,348.4,149.3,58.5,NEW,115.0,115.0,115.0,T5_moderate,1.75,HTLS Reconductor,63.6,115.7,3634,65.2,True,0.0,-95.92298475,28.92553375,-95.92298475,28.92553375
2023_all2030_genstorage_dcfull_n1_ALL_2030,2023,all2030,expansion_tx,ALL_2030,all2030_genstorage_dcfull_n1,transmission,upgrade_branch,line,AC,WEST,13312-13403,13312,13403,128.1,224.2,96.1,58.5,NEW,115.0,115.0,115.0,T5_moderate,1.75,HTLS Reconductor,26.0,123.4,754,64.7,True,0.0,-100.94008825,32.806441125,-100.94008825,32.806441125
2023_all2030_genstorage_dcfull_n1_ALL_2030,2023,all2030,expansion_tx,ALL_2030,all2030_genstorage_dcfull_n1,transmission,upgrade_branch,line,AC,NORTH,5349-5228,5349,5228,310.0,682.0,372.0,57.341,NEW,161.0,161.0,161.0,T6_heavy,2.2,New Parallel Circuit,113.7,141.1,2544,77.1,True,15.2,-96.7651095,32.5902035,-96.80082027272728,32.808276409090915
2023_all2030_genstorage_dcfull_n1_ALL_2030,2023,all2030,expansion_tx,ALL_2030,all2030_genstorage_dcfull_n1,transmission,upgrade_branch,line,AC,NORTH,13059-13149,13059,13149,200.3,440.7,240.4,56.895,NEW,161.0,161.0,161.0,T6_heavy,2.2,New Parallel Circuit,66.2,144.1,434,81.7,True,15.1,-101.186622,35.254184,-100.934408,35.18172
2023_all2030_genstorage_dcfull_n1_ALL_2030,2023,all2030,expansion_tx,ALL_2030,all2030_genstorage_dcfull_n1,transmission,upgrade_branch,line,AC,SOUTH,4037-13224,4037,13224,197.6,434.7,237.1,56.392,NEW,115.0,115.0,115.0,T6_heavy,2.2,New Parallel Circuit,89.4,131.8,4322,85.0,True,18.9,-97.522673,28.2078,-97.49466233333334,28.47964933333333
2023_all2030_genstorage_dcfull_n1_ALL_2030,2023,all2030,expansion_tx,ALL_2030,all2030_genstorage_dcfull_n1,transmission,upgrade_branch,line,AC,NORTH,5122-5308,5122,5308,251.0,552.2,301.2,56.283,NEW,161.0,161.0,161.0,T6_heavy,2.2,New Parallel Circuit,131.8,148.0,1677,103.6,False,14.9,-96.80082027272728,32.808276409090915,-96.5458,32.8358
2023_all2030_genstorage_dcfull_n1_ALL_2030,2023,all2030,expansion_tx,ALL_2030,all2030_genstorage_dcfull_n1,transmission,upgrade_branch,line,AC,HOUSTON,12574-12640,12574,12640,3108.0,4351.2,1243.2,56.221,NEW,500.0,500.0,500.0,T4_light,1.4,Reconductor(ACSR->ACSS),73.4,110.0,4774,78.3,True,17.3,-96.087226,29.2829165,-96.2086544,29.0561128
2023_all2030_genstorage_dcfull_n1_ALL_2030,2023,all2030,expansion_tx,ALL_2030,all2030_genstorage_dcfull_n1,transmission,upgrade_branch,line,AC,NORTH,8010-8001,8010,8001,149.0,372.5,223.5,55.037,NEW,115.0,115.0,115.0,T7_structural,2.5,New Corridor/Aggressive Parallel,149.1,228.8,4390,115.2,False,8.9,-96.22928,31.235882,-96.13919,31.132442
2023_all2030_genstorage_dcfull_n1_ALL_2030,2023,all2030,expansion_tx,ALL_2030,all2030_genstorage_dcfull_n1,transmission,upgrade_branch,transformer,AC,NORTH,2023-2021,2023,2021,111.7,335.1,223.4,55.0,NEW,13.8,500.0,500.0,T7_structural,3.0,Major Transformer 3x,191.4,191.4,454,63.8,True,0.0,-95.538503,33.639774,-95.538503,33.639774
2023_all2030_genstorage_dcfull_n1_ALL_2030,2023,all2030,expansion_tx,ALL_2030,all2030_genstorage_dcfull_n1,transmission,upgrade_branch,transformer,AC,NORTH,12958-2021,12958,2021,121.1,363.3,242.2,55.0,NEW,13.8,500.0,500.0,T7_structural,3.0,Major Transformer 3x,154.2,154.2,-1,51.6,True,0.0,-95.538503,33.639774,-95.538503,33.639774
2023_all2030_genstorage_dcfull_n1_ALL_2030,2023,all2030,expansion_tx,ALL_2030,all2030_genstorage_dcfull_n1,transmission,upgrade_branch,transformer,AC,NORTH,2103-2101,2103,2101,343.7,1031.1,687.4,55.0,NEW,20.0,500.0,500.0,T7_structural,3.0,Major Transformer 3x,205.2,205.2,-1,68.5,True,0.0,-96.64523066666668,33.60477566666666,-96.64523066666668,33.60477566666666
2023_all2030_genstorage_dcfull_n1_ALL_2030,2023,all2030,expansion_tx,ALL_2030,all2030_genstorage_dcfull_n1,transmission,upgrade_branch,transformer,AC,NORTH,2115-2113,2115,2113,254.9,764.7,509.8,55.0,NEW,13.8,500.0,500.0,T7_structural,3.0,Major Transformer 3x,196.6,196.6,650,65.5,True,0.0,-95.538503,33.639774,-95.538503,33.639774
2023_all2030_genstorage_dcfull_n1_ALL_2030,2023,all2030,expansion_tx,ALL_2030,all2030_genstorage_dcfull_n1,transmission,upgrade_branch,transformer,AC,NORTH,2116-2113,2116,2113,262.3,786.9,524.6,55.0,NEW,13.8,500.0,500.0,T7_structural,3.0,Major Transformer 3x,191.1,191.2,3629,63.7,True,0.0,-95.538503,33.639774,-95.538503,33.639774
2023_all2030_genstorage_dcfull_n1_ALL_2030,2023,all2030,expansion_tx,ALL_2030,all2030_genstorage_dcfull_n1,transmission,upgrade_branch,transformer,AC,NORTH,2117-2113,2117,2113,187.5,562.5,375.0,55.0,NEW,13.8,500.0,500.0,T7_structural,3.0,Major Transformer 3x,200.5,200.5,-1,66.8,True,0.0,-95.538503,33.639774,-95.538503,33.639774
2023_all2030_genstorage_dcfull_n1_ALL_2030,2023,all2030,expansion_tx,ALL_2030,all2030_genstorage_dcfull_n1,transmission,upgrade_branch,transformer,AC,NORTH,2118-2113,2118,2113,188.3,564.9,376.6,55.0,NEW,13.8,500.0,500.0,T7_structural,3.0,Major Transformer 3x,199.6,199.6,1835,66.5,True,0.0,-95.538503,33.639774,-95.538503,33.639774
2023_all2030_genstorage_dcfull_n1_ALL_2030,2023,all2030,expansion_tx,ALL_2030,all2030_genstorage_dcfull_n1,transmission,upgrade_branch,transformer,AC,NORTH,2119-2113,2119,2113,221.2,663.6,442.4,55.0,NEW,13.8,500.0,500.0,T7_structural,3.0,Major Transformer 3x,161.1,161.1,-1,54.6,True,0.0,-95.538503,33.639774,-95.538503,33.639774
2023_all2030_genstorage_dcfull_n1_ALL_2030,2023,all2030,expansion_tx,ALL_2030,all2030_genstorage_dcfull_n1,transmission,upgrade_branch,transformer,AC,NORTH,5046-5045,5046,5045,550.0,1650.0,1100.0,55.0,NEW,161.0,500.0,500.0,T7_structural,3.0,Major Transformer 3x,272.4,423.1,1917,159.3,False,0.0,-98.187624,32.1858615,-98.187624,32.1858615
2023_all2030_genstorage_dcfull_n1_ALL_2030,2023,all2030,expansion_tx,ALL_2030,all2030_genstorage_dcfull_n1,transmission,upgrade_branch,transformer,AC,NORTH,5088-12547,5088,12547,800.0,2400.0,1600.0,55.0,NEW,161.0,500.0,500.0,T7_structural,3.0,Major Transformer 3x,115.7,154.7,1564,59.1,True,0.0,-97.46203133333334,31.819786000000004,-97.46203133333334,31.819786000000004
2023_all2030_genstorage_dcfull_n1_ALL_2030,2023,all2030,expansion_tx,ALL_2030,all2030_genstorage_dcfull_n1,transmission,upgrade_branch,transformer,AC,NORTH,5207-5204,5207,5204,397.9,1193.7,795.8,55.0,NEW,13.8,500.0,500.0,T7_structural,3.0,Major Transformer 3x,179.4,179.5,3629,60.7,True,0.0,-97.93385,33.07965,-97.93385,33.07965
2023_all2030_genstorage_dcfull_n1_ALL_2030,2023,all2030,expansion_tx,ALL_2030,all2030_genstorage_dcfull_n1,transmission,upgrade_branch,transformer,AC,NORTH,5261-5260,5261,5260,375.0,1125.0,750.0,55.0,NEW,161.0,500.0,500.0,T7_structural,3.0,Major Transformer 3x,97.9,175.9,1564,91.9,True,0.0,-97.790381,32.253423999999995,-97.790381,32.253423999999995
2023_all2030_genstorage_dcfull_n1_ALL_2030,2023,all2030,expansion_tx,ALL_2030,all2030_genstorage_dcfull_n1,transmission,upgrade_branch,transformer,AC,NORTH,5282-5279,5282,5279,471.2,1413.6,942.4,55.0,NEW,13.8,500.0,500.0,T7_structural,3.0,Major Transformer 3x,168.2,168.2,2138,56.1,True,0.0,-97.314427,31.08967366666667,-97.314427,31.08967366666667
2023_all2030_genstorage_dcfull_n1_ALL_2030,2023,all2030,expansion_tx,ALL_2030,all2030_genstorage_dcfull_n1,transmission,upgrade_branch,transformer,AC,NORTH,5324-5322,5324,5322,663.2,1989.6,1326.4,55.0,NEW,13.8,500.0,500.0,T7_structural,3.0,Major Transformer 3x,210.2,210.3,3629,70.4,True,0.0,-96.80082027272728,32.808276409090915,-96.80082027272728,32.808276409090915
2023_all2030_genstorage_dcfull_n1_ALL_2030,2023,all2030,expansion_tx,ALL_2030,all2030_genstorage_dcfull_n1,transmission,upgrade_branch,transformer,AC,NORTH,5325-5322,5325,5322,178.0,534.0,356.0,55.0,NEW,13.8,500.0,500.0,T7_structural,3.0,Major Transformer 3x,167.7,167.7,3629,56.2,True,0.0,-96.80082027272728,32.808276409090915,-96.80082027272728,32.808276409090915
2023_all2030_genstorage_dcfull_n1_ALL_2030,2023,all2030,expansion_tx,ALL_2030,all2030_genstorage_dcfull_n1,transmission,upgrade_branch,transformer,AC,NORTH,5326-5322,5326,5322,148.3,444.9,296.6,55.0,NEW,13.8,500.0,500.0,T7_structural,3.0,Major Transformer 3x,194.6,194.7,3629,64.9,True,0.0,-96.80082027272728,32.808276409090915,-96.80082027272728,32.808276409090915
2023_all2030_genstorage_dcfull_n1_ALL_2030,2023,all2030,expansion_tx,ALL_2030,all2030_genstorage_dcfull_n1,transmission,upgrade_branch,transformer,AC,NORTH,5414-5413,5414,5413,315.0,945.0,630.0,55.0,NEW,161.0,500.0,500.0,T7_structural,3.0,Major Transformer 3x,104.1,192.9,1563,88.3,True,0.0,-98.2935895,32.711098,-98.2935895,32.711098
2023_all2030_genstorage_dcfull_n1_ALL_2030,2023,all2030,expansion_tx,ALL_2030,all2030_genstorage_dcfull_n1,transmission,upgrade_branch,transformer,AC,NORTH,12517-5444,12517,5444,336.9,1010.7,673.8,55.0,NEW,20.0,500.0,500.0,T7_structural,3.0,Major Transformer 3x,196.3,196.3,3629,65.5,True,0.0,-97.0540165,32.448697,-97.0540165,32.448697
2023_all2030_genstorage_dcfull_n1_ALL_2030,2023,all2030,expansion_tx,ALL_2030,all2030_genstorage_dcfull_n1,transmission,upgrade_branch,transformer,AC,SOUTH,6006-6003,6006,6003,412.4,1237.2,824.8,55.0,NEW,13.8,500.0,500.0,T7_structural,3.0,Major Transformer 3x,165.5,165.5,54,56.6,True,0.0,-97.2711,30.146700000000003,-97.2711,30.146700000000003
2023_all2030_genstorage_dcfull_n1_ALL_2030,2023,all2030,expansion_tx,ALL_2030,all2030_genstorage_dcfull_n1,transmission,upgrade_branch,transformer,AC,SOUTH,6074-6066,6074,6066,207.5,622.5,415.0,55.0,NEW,18.0,500.0,500.0,T7_structural,3.0,Major Transformer 3x,150.2,150.2,3629,50.2,True,0.0,-98.094738,29.6124265,-98.094738,29.6124265
2023_all2030_genstorage_dcfull_n1_ALL_2030,2023,all2030,expansion_tx,ALL_2030,all2030_genstorage_dcfull_n1,transmission,upgrade_branch,transformer,AC,SOUTH,12526-6066,12526,6066,195.7,587.1,391.4,55.0,NEW,18.0,500.0,500.0,T7_structural,3.0,Major Transformer 3x,159.3,159.5,3629,53.2,True,0.0,-98.094738,29.6124265,-98.094738,29.6124265
2023_all2030_genstorage_dcfull_n1_ALL_2030,2023,all2030,expansion_tx,ALL_2030,all2030_genstorage_dcfull_n1,transmission,upgrade_branch,transformer,AC,SOUTH,6257-6254,6257,6254,215.3,645.9,430.6,55.0,NEW,13.8,500.0,500.0,T7_structural,3.0,Major Transformer 3x,151.5,151.5,3629,50.5,True,0.0,-97.77508287179488,30.30416587179487,-97.77508287179488,30.30416587179487
2023_all2030_genstorage_dcfull_n1_ALL_2030,2023,all2030,expansion_tx,ALL_2030,all2030_genstorage_dcfull_n1,transmission,upgrade_branch,transformer,AC,SOUTH,6258-6254,6258,6254,198.4,595.2,396.8,55.0,NEW,13.8,500.0,500.0,T7_structural,3.0,Major Transformer 3x,154.1,154.2,3629,51.5,True,0.0,-97.77508287179488,30.30416587179487,-97.77508287179488,30.30416587179487
2023_all2030_genstorage_dcfull_n1_ALL_2030,2023,all2030,expansion_tx,ALL_2030,all2030_genstorage_dcfull_n1,transmission,upgrade_branch,transformer,AC,SOUTH,6301-6298,6301,6298,303.2,909.6,606.4,55.0,NEW,22.0,500.0,500.0,T7_structural,3.0,Major Transformer 3x,155.2,155.2,3629,52.2,True,0.0,-98.08352933333332,29.745433666666667,-98.08352933333332,29.745433666666667
2023_all2030_genstorage_dcfull_n1_ALL_2030,2023,all2030,expansion_tx,ALL_2030,all2030_genstorage_dcfull_n1,transmission,upgrade_branch,transformer,AC,SOUTH,6302-6298,6302,6298,284.1,852.3,568.2,55.0,NEW,22.0,500.0,500.0,T7_structural,3.0,Major Transformer 3x,164.2,164.3,3629,55.0,True,0.0,-98.08352933333332,29.745433666666667,-98.08352933333332,29.745433666666667
2023_all2030_genstorage_dcfull_n1_ALL_2030,2023,all2030,expansion_tx,ALL_2030,all2030_genstorage_dcfull_n1,transmission,upgrade_branch,transformer,AC,NORTH,8046-8043,8046,8043,248.7,746.1,497.4,55.0,NEW,18.0,500.0,500.0,T7_structural,3.0,Major Transformer 3x,179.8,179.8,-1,60.3,True,0.0,-96.08704033333332,31.83128633333333,-96.08704033333332,31.83128633333333
2023_all2030_genstorage_dcfull_n1_ALL_2030,2023,all2030,expansion_tx,ALL_2030,all2030_genstorage_dcfull_n1,transmission,upgrade_branch,transformer,AC,NORTH,8049-8043,8049,8043,253.7,761.1,507.4,55.0,NEW,18.0,500.0,500.0,T7_structural,3.0,Major Transformer 3x,161.7,161.7,-1,54.2,True,0.0,-96.08704033333332,31.83128633333333,-96.08704033333332,31.83128633333333
2023_all2030_genstorage_dcfull_n1_ALL_2030,2023,all2030,expansion_tx,ALL_2030,all2030_genstorage_dcfull_n1,transmission,upgrade_branch,transformer,AC,NORTH,8050-8043,8050,8043,236.4,709.2,472.8,55.0,NEW,18.0,500.0,500.0,T7_structural,3.0,Major Transformer 3x,173.6,173.8,3629,57.9,True,0.0,-96.08704033333332,31.83128633333333,-96.08704033333332,31.83128633333333
2023_all2030_genstorage_dcfull_n1_ALL_2030,2023,all2030,expansion_tx,ALL_2030,all2030_genstorage_dcfull_n1,transmission,upgrade_branch,transformer,AC,NORTH,8051-8043,8051,8043,261.4,784.2,522.8,55.0,NEW,18.0,500.0,500.0,T7_structural,3.0,Major Transformer 3x,157.0,157.0,-1,52.6,True,0.0,-96.08704033333332,31.83128633333333,-96.08704033333332,31.83128633333333
2023_all2030_genstorage_dcfull_n1_ALL_2030,2023,all2030,expansion_tx,ALL_2030,all2030_genstorage_dcfull_n1,transmission,upgrade_branch,transformer,AC,NORTH,8078-8074,8078,8074,204.8,614.4,409.6,55.0,NEW,13.8,500.0,500.0,T7_structural,3.0,Major Transformer 3x,177.6,177.6,3629,59.2,True,0.0,-94.619743,32.017826,-94.619743,32.017826
2023_all2030_genstorage_dcfull_n1_ALL_2030,2023,all2030,expansion_tx,ALL_2030,all2030_genstorage_dcfull_n1,transmission,upgrade_branch,transformer,AC,NORTH,8079-8074,8079,8074,218.2,654.6,436.4,55.0,NEW,13.8,500.0,500.0,T7_structural,3.0,Major Transformer 3x,164.4,164.4,-1,54.8,True,0.0,-94.619743,32.017826,-94.619743,32.017826
2023_all2030_genstorage_dcfull_n1_ALL_2030,2023,all2030,expansion_tx,ALL_2030,all2030_genstorage_dcfull_n1,transmission,upgrade_branch,transformer,AC,NORTH,8080-8074,8080,8074,228.9,686.7,457.8,55.0,NEW,13.8,500.0,500.0,T7_structural,3.0,Major Transformer 3x,156.7,156.7,4643,52.8,True,0.0,-94.619743,32.017826,-94.619743,32.017826
2023_all2030_genstorage_dcfull_n1_ALL_2030,2023,all2030,expansion_tx,ALL_2030,all2030_genstorage_dcfull_n1,transmission,upgrade_branch,transformer,AC,NORTH,8115-8112,8115,8112,765.1,2295.3,1530.2,55.0,NEW,13.8,500.0,500.0,T7_structural,3.0,Major Transformer 3x,161.2,161.2,-1,53.7,True,0.0,-95.123407,31.9424935,-95.123407,31.9424935
2023_all2030_genstorage_dcfull_n1_ALL_2030,2023,all2030,expansion_tx,ALL_2030,all2030_genstorage_dcfull_n1,transmission,upgrade_branch,transformer,AC,NORTH,8116-8112,8116,8112,212.1,636.3,424.2,55.0,NEW,13.8,500.0,500.0,T7_structural,3.0,Major Transformer 3x,193.5,193.5,-1,64.8,True,0.0,-95.123407,31.9424935,-95.123407,31.9424935
2023_all2030_genstorage_dcfull_n1_ALL_2030,2023,all2030,expansion_tx,ALL_2030,all2030_genstorage_dcfull_n1,transmission,upgrade_branch,transformer,AC,NORTH,13016-8158,13016,8158,165.1,495.3,330.2,55.0,NEW,20.0,500.0,500.0,T7_structural,3.0,Major Transformer 3x,163.6,163.7,3629,54.5,True,0.0,-96.4032496,30.7142204,-96.4032496,30.7142204
2023_all2030_genstorage_dcfull_n1_ALL_2030,2023,all2030,expansion_tx,ALL_2030,all2030_genstorage_dcfull_n1,transmission,upgrade_branch,transformer,AC,NORTH,12506-12505,12506,12505,516.9,1550.7,1033.8,55.0,NEW,20.0,500.0,500.0,T7_structural,3.0,Major Transformer 3x,193.0,193.0,3629,64.5,True,0.0,-96.4916,32.7563,-96.4916,32.7563
2023_all2030_genstorage_dcfull_n1_ALL_2030,2023,all2030,expansion_tx,ALL_2030,all2030_genstorage_dcfull_n1,transmission,upgrade_branch,transformer,AC,NORTH,12507-12505,12507,12505,607.1,1821.3,1214.2,55.0,NEW,20.0,500.0,500.0,T7_structural,3.0,Major Transformer 3x,164.3,164.3,1698,54.9,True,0.0,-96.4916,32.7563,-96.4916,32.7563
2023_all2030_genstorage_dcfull_n1_ALL_2030,2023,all2030,expansion_tx,ALL_2030,all2030_genstorage_dcfull_n1,transmission,upgrade_branch,transformer,AC,NORTH,12508-12505,12508,12505,230.1,690.3,460.2,55.0,NEW,20.0,500.0,500.0,T7_structural,3.0,Major Transformer 3x,176.2,176.2,3629,58.9,True,0.0,-96.4916,32.7563,-96.4916,32.7563
2023_all2030_genstorage_dcfull_n1_ALL_2030,2023,all2030,expansion_tx,ALL_2030,all2030_genstorage_dcfull_n1,transmission,upgrade_branch,transformer,AC,NORTH,12529-12528,12529,12528,647.1,1941.3,1294.2,55.0,NEW,20.0,500.0,500.0,T7_structural,3.0,Major Transformer 3x,164.6,164.7,3629,54.9,True,0.0,-97.34008506896552,32.753233586206896,-97.34008506896552,32.753233586206896
2023_all2030_genstorage_dcfull_n1_ALL_2030,2023,all2030,expansion_tx,ALL_2030,all2030_genstorage_dcfull_n1,transmission,upgrade_branch,transformer,AC,NORTH,12530-12528,12530,12528,552.1,1656.3,1104.2,55.0,NEW,20.0,500.0,500.0,T7_structural,3.0,Major Transformer 3x,193.0,193.0,3629,64.3,True,0.0,-97.34008506896552,32.753233586206896,-97.34008506896552,32.753233586206896
2023_all2030_genstorage_dcfull_n1_ALL_2030,2023,all2030,expansion_tx,ALL_2030,all2030_genstorage_dcfull_n1,transmission,upgrade_branch,transformer,AC,NORTH,12537-12536,12537,12536,708.7,2126.1,1417.4,55.0,NEW,20.0,500.0,500.0,T7_structural,3.0,Major Transformer 3x,181.3,181.3,3629,60.6,True,0.0,-96.5458,32.8358,-96.5458,32.8358
2023_all2030_genstorage_dcfull_n1_ALL_2030,2023,all2030,expansion_tx,ALL_2030,all2030_genstorage_dcfull_n1,transmission,upgrade_branch,transformer,AC,NORTH,12549-12547,12549,12547,200.4,601.2,400.8,55.0,NEW,13.8,500.0,500.0,T7_structural,3.0,Major Transformer 3x,193.5,193.6,3629,64.5,True,0.0,-97.46203133333334,31.819786000000004,-97.46203133333334,31.819786000000004
2023_all2030_genstorage_dcfull_n1_ALL_2030,2023,all2030,expansion_tx,ALL_2030,all2030_genstorage_dcfull_n1,transmission,upgrade_branch,transformer,AC,SOUTH,12562-12560,12562,12560,273.2,819.6,546.4,55.0,NEW,20.0,500.0,500.0,T7_structural,3.0,Major Transformer 3x,160.3,160.3,4680,53.4,True,0.0,-98.3163296,26.4391468,-98.3163296,26.4391468
2023_all2030_genstorage_dcfull_n1_ALL_2030,2023,all2030,expansion_tx,ALL_2030,all2030_genstorage_dcfull_n1,transmission,upgrade_branch,transformer,AC,SOUTH,12563-12560,12563,12560,263.3,789.9,526.6,55.0,NEW,20.0,500.0,500.0,T7_structural,3.0,Major Transformer 3x,166.3,166.3,-1,55.4,True,0.0,-98.3163296,26.4391468,-98.3163296,26.4391468
2023_all2030_genstorage_dcfull_n1_ALL_2030,2023,all2030,expansion_tx,ALL_2030,all2030_genstorage_dcfull_n1,transmission,upgrade_branch,transformer,AC,SOUTH,12623-12621,12623,12621,210.1,630.3,420.2,55.0,NEW,20.0,500.0,500.0,T7_structural,3.0,Major Transformer 3x,163.9,164.0,3629,55.5,True,0.0,-97.2711,30.146700000000003,-97.2711,30.146700000000003
2023_all2030_genstorage_dcfull_n1_ALL_2030,2023,all2030,expansion_tx,ALL_2030,all2030_genstorage_dcfull_n1,transmission,upgrade_branch,transformer,AC,NORTH,12729-12728,12729,12728,179.8,539.4,359.6,55.0,NEW,20.0,500.0,500.0,T7_structural,3.0,Major Transformer 3x,188.6,188.6,3629,62.9,True,0.0,-96.452481,33.068055,-96.452481,33.068055
2023_all2030_genstorage_dcfull_n1_ALL_2030,2023,all2030,expansion_tx,ALL_2030,all2030_genstorage_dcfull_n1,transmission,upgrade_branch,transformer,AC,NORTH,12764-12763,12764,12763,288.6,865.8,577.2,55.0,NEW,20.0,500.0,500.0,T7_structural,3.0,Major Transformer 3x,78.4,277.2,4462,26.1,True,0.0,-96.38666966666666,32.061173333333336,-96.38666966666666,32.061173333333336
2023_all2030_genstorage_dcfull_n1_ALL_2030,2023,all2030,expansion_tx,ALL_2030,all2030_genstorage_dcfull_n1,transmission,upgrade_branch,line,AC,HOUSTON,7020-6173,7020,6173,120.0,264.0,144.0,53.813,NEW,115.0,115.0,115.0,T6_heavy,2.2,New Parallel Circuit,73.9,147.4,2686,86.6,True,18.0,-97.135,28.8947,-97.2968245,29.1133745
2023_all2030_genstorage_dcfull_n1_ALL_2030,2023,all2030,expansion_tx,ALL_2030,all2030_genstorage_dcfull_n1,transmission,upgrade_branch,line,AC,NORTH,5154-5151,5154,5151,187.0,411.4,224.4,52.775,NEW,161.0,161.0,161.0,T6_heavy,2.2,New Parallel Circuit,63.6,146.0,1834,90.1,True,14.0,-97.343521,32.116002,-97.52976,31.988989
2023_all2030_genstorage_dcfull_n1_ALL_2030,2023,all2030,expansion_tx,ALL_2030,all2030_genstorage_dcfull_n1,transmission,upgrade_branch,line,AC,SOUTH,4038-4169,4038,4169,218.0,479.6,261.6,51.574,NEW,115.0,115.0,115.0,T6_heavy,2.2,New Parallel Circuit,89.1,148.3,1216,74.0,True,17.2,-97.8000875,28.41935,-97.817507,28.170179
2023_all2030_genstorage_dcfull_n1_ALL_2030,2023,all2030,expansion_tx,ALL_2030,all2030_genstorage_dcfull_n1,transmission,upgrade_branch,line,AC,SOUTH,4038-4169,4038,4169,218.0,479.6,261.6,51.574,NEW,115.0,115.0,115.0,T6_heavy,2.2,New Parallel Circuit,89.1,148.3,1215,74.0,True,17.2,-97.8000875,28.41935,-97.817507,28.170179
2023_all2030_genstorage_dcfull_n1_ALL_2030,2023,all2030,expansion_tx,ALL_2030,all2030_genstorage_dcfull_n1,transmission,upgrade_branch,line,AC,NORTH,5103-5139,5103,5139,233.0,512.6,279.6,50.522,NEW,161.0,161.0,161.0,T6_heavy,2.2,New Parallel Circuit,115.7,133.2,2112,75.4,True,13.4,-96.7025715,32.983810000000005,-96.80082027272728,32.808276409090915
2023_all2030_genstorage_dcfull_n1_ALL_2030,2023,all2030,expansion_tx,ALL_2030,all2030_genstorage_dcfull_n1,transmission,upgrade_branch,line,AC,NORTH,8090-8092,8090,8092,98.0,215.6,117.6,50.391,NEW,115.0,115.0,115.0,T6_heavy,2.2,New Parallel Circuit,64.9,146.9,4353,77.5,True,16.9,-95.58334,31.606693,-95.863721,31.557267
2023_all2030_genstorage_dcfull_n1_ALL_2030,2023,all2030,expansion_tx,ALL_2030,all2030_genstorage_dcfull_n1,transmission,upgrade_branch,line,AC,NORTH,5034-5313,5034,5313,227.6,500.7,273.1,49.878,NEW,161.0,161.0,161.0,T6_heavy,2.2,New Parallel Circuit,117.3,148.8,1683,117.1,False,13.2,-96.80082027272728,32.808276409090915,-96.695516,32.63852
2023_all2030_genstorage_dcfull_n1_ALL_2030,2023,all2030,expansion_tx,ALL_2030,all2030_genstorage_dcfull_n1,transmission,upgrade_branch,line,AC,SOUTH,6095-6353,6095,6353,128.1,320.2,192.1,49.407,NEW,115.0,115.0,115.0,T7_structural,2.5,New Corridor/Aggressive Parallel,121.9,160.9,2848,99.7,True,8.0,-97.546124,30.560042,-97.677175,30.5341255
2023_all2030_genstorage_dcfull_n1_ALL_2030,2023,all2030,expansion_tx,ALL_2030,all2030_genstorage_dcfull_n1,transmission,upgrade_branch,line,AC,NORTH,5219-5371,5219,5371,187.0,467.5,280.5,49.272,NEW,161.0,161.0,161.0,T7_structural,2.5,New Corridor/Aggressive Parallel,70.9,169.4,1927,67.7,True,6.6,-96.428985,32.533273,-96.539931,32.552083
2023_all2030_genstorage_dcfull_n1_ALL_2030,2023,all2030,expansion_tx,ALL_2030,all2030_genstorage_dcfull_n1,transmission,upgrade_branch,line,AC,WEST,1112-1120,1112,1120,130.4,286.9,156.5,48.456,NEW,115.0,115.0,115.0,T6_heavy,2.2,New Parallel Circuit,96.5,147.0,199,100.2,False,16.2,-101.014,32.239,-101.28,32.173
2023_all2030_genstorage_dcfull_n1_ALL_2030,2023,all2030,expansion_tx,ALL_2030,all2030_genstorage_dcfull_n1,transmission,upgrade_branch,line,AC,SOUTH,4114-4197,4114,4197,165.5,289.6,124.1,47.98,NEW,115.0,115.0,115.0,T5_moderate,1.75,HTLS Reconductor,38.8,111.1,1548,63.3,True,24.6,-99.3906115,27.588413625,-99.005278,27.488056
2023_all2030_genstorage_dcfull_n1_ALL_2030,2023,all2030,expansion_tx,ALL_2030,all2030_genstorage_dcfull_n1,transmission,upgrade_branch,line,AC,SOUTH,4114-4197,4114,4197,165.5,289.6,124.1,47.98,NEW,115.0,115.0,115.0,T5_moderate,1.75,HTLS Reconductor,38.8,111.1,1548,63.3,True,24.6,-99.3906115,27.588413625,-99.005278,27.488056
2023_all2030_genstorage_dcfull_n1_ALL_2030,2023,all2030,expansion_tx,ALL_2030,all2030_genstorage_dcfull_n1,transmission,upgrade_branch,line,AC,NORTH,5085-5353,5085,5353,191.3,420.9,229.6,47.702,NEW,161.0,161.0,161.0,T6_heavy,2.2,New Parallel Circuit,94.8,126.6,1815,97.5,True,12.7,-96.80082027272728,32.808276409090915,-96.914175,32.651936
2023_all2030_genstorage_dcfull_n1_ALL_2030,2023,all2030,expansion_tx,ALL_2030,all2030_genstorage_dcfull_n1,transmission,upgrade_branch,line,AC,NORTH,5108-5353,5108,5353,251.0,552.2,301.2,47.702,NEW,161.0,161.0,161.0,T6_heavy,2.2,New Parallel Circuit,65.9,126.1,2544,90.7,True,12.7,-96.80082027272728,32.808276409090915,-96.914175,32.651936
2023_all2030_genstorage_dcfull_n1_ALL_2030,2023,all2030,expansion_tx,ALL_2030,all2030_genstorage_dcfull_n1,transmission,upgrade_branch,line,AC,NORTH,5314-5127,5314,5127,187.0,327.2,140.2,46.995,NEW,161.0,161.0,161.0,T5_moderate,1.75,HTLS Reconductor,53.7,114.1,1564,32.4,True,19.0,-97.506079,31.662159,-97.804426,31.769003
2023_all2030_genstorage_dcfull_n1_ALL_2030,2023,all2030,expansion_tx,ALL_2030,all2030_genstorage_dcfull_n1,transmission,upgrade_branch,line,AC,NORTH,5407-5151,5407,5151,187.0,411.4,224.4,46.55,NEW,161.0,161.0,161.0,T6_heavy,2.2,New Parallel Circuit,65.9,147.3,2137,75.5,True,12.3,-97.46203133333334,31.819786000000004,-97.52976,31.988989
2023_all2030_genstorage_dcfull_n1_ALL_2030,2023,all2030,expansion_tx,ALL_2030,all2030_genstorage_dcfull_n1,transmission,upgrade_branch,line,AC,WEST,3069-3091,3069,3091,165.8,290.2,124.4,45.909,NEW,115.0,115.0,115.0,T5_moderate,1.75,HTLS Reconductor,84.6,116.9,946,48.8,True,23.5,-99.753027,32.120249,-99.70613471428572,32.45867642857143
2023_all2030_genstorage_dcfull_n1_ALL_2030,2023,all2030,expansion_tx,ALL_2030,all2030_genstorage_dcfull_n1,transmission,upgrade_branch,line,AC,SOUTH,6142-6240,6142,6240,505.7,885.0,379.3,45.476,NEW,230.0,230.0,230.0,T5_moderate,1.75,HTLS Reconductor,75.6,118.9,2964,54.8,True,16.3,-98.5093816037736,29.474642000000003,-98.35335,29.282378
2023_all2030_genstorage_dcfull_n1_ALL_2030,2023,all2030,expansion_tx,ALL_2030,all2030_genstorage_dcfull_n1,transmission,upgrade_branch,line,AC,NORTH,5060-8065,5060,8065,137.0,301.4,164.4,45.39,NEW,115.0,115.0,115.0,T6_heavy,2.2,New Parallel Circuit,77.5,137.7,1747,69.4,True,15.2,-96.092445,32.357217500000004,-96.1482745,32.142643
2023_all2030_genstorage_dcfull_n1_ALL_2030,2023,all2030,expansion_tx,ALL_2030,all2030_genstorage_dcfull_n1,transmission,upgrade_branch,line,AC,NORTH,5003-5436,5003,5436,236.0,519.2,283.2,44.815,NEW,161.0,161.0,161.0,T6_heavy,2.2,New Parallel Circuit,113.3,137.7,1881,98.9,True,11.9,-96.6344372,32.9086048,-96.80082027272728,32.808276409090915
2023_all2030_genstorage_dcfull_n1_ALL_2030,2023,all2030,expansion_tx,ALL_2030,all2030_genstorage_dcfull_n1,transmission,upgrade_branch,line,AC,NORTH,5096-5412,5096,5412,291.0,640.2,349.2,43.736,NEW,161.0,161.0,161.0,T6_heavy,2.2,New Parallel Circuit,45.4,137.2,2361,77.4,True,11.6,-96.73076228571428,33.04730142857143,-96.534936,33.012135
2023_all2030_genstorage_dcfull_n1_ALL_2030,2023,all2030,expansion_tx,ALL_2030,all2030_genstorage_dcfull_n1,transmission,upgrade_branch,line,AC,HOUSTON,7049-7229,7049,7229,171.0,299.2,128.2,43.67,NEW,115.0,115.0,115.0,T5_moderate,1.75,HTLS Reconductor,60.1,113.9,3431,44.8,True,22.4,-95.7842315,29.79427175,-95.41128715217393,29.77727818478261
2023_all2030_genstorage_dcfull_n1_ALL_2030,2023,all2030,expansion_tx,ALL_2030,all2030_genstorage_dcfull_n1,transmission,upgrade_branch,line,AC,WEST,3013-3031,3013,3031,141.2,310.6,169.4,43.498,NEW,115.0,115.0,115.0,T6_heavy,2.2,New Parallel Circuit,101.5,135.9,718,66.7,True,14.5,-99.70613471428572,32.45867642857143,-99.826041,32.274081
2023_all2030_genstorage_dcfull_n1_ALL_2030,2023,all2030,expansion_tx,ALL_2030,all2030_genstorage_dcfull_n1,transmission,upgrade_branch,line,AC,SOUTH,4013-4122,4013,4122,187.6,412.7,225.1,43.346,NEW,115.0,115.0,115.0,T6_heavy,2.2,New Parallel Circuit,115.9,149.8,1089,67.5,True,14.5,-98.3163296,26.4391468,-98.27456266666668,26.232699
2023_all2030_genstorage_dcfull_n1_ALL_2030,2023,all2030,expansion_tx,ALL_2030,all2030_genstorage_dcfull_n1,transmission,upgrade_branch,line,AC,SOUTH,4013-4122,4013,4122,187.6,412.7,225.1,43.346,NEW,115.0,115.0,115.0,T6_heavy,2.2,New Parallel Circuit,115.9,149.8,1088,67.5,True,14.5,-98.3163296,26.4391468,-98.27456266666668,26.232699
2023_all2030_genstorage_dcfull_n1_ALL_2030,2023,all2030,expansion_tx,ALL_2030,all2030_genstorage_dcfull_n1,transmission,upgrade_branch,line,AC,SOUTH,4013-4122,4013,4122,187.6,412.7,225.1,43.346,NEW,115.0,115.0,115.0,T6_heavy,2.2,New Parallel Circuit,115.9,149.8,1088,67.5,True,14.5,-98.3163296,26.4391468,-98.27456266666668,26.232699
2023_all2030_genstorage_dcfull_n1_ALL_2030,2023,all2030,expansion_tx,ALL_2030,all2030_genstorage_dcfull_n1,transmission,upgrade_branch,line,AC,SOUTH,4013-4122,4013,4122,187.6,412.7,225.1,43.346,NEW,115.0,115.0,115.0,T6_heavy,2.2,New Parallel Circuit,115.9,149.8,1088,67.5,True,14.5,-98.3163296,26.4391468,-98.27456266666668,26.232699
2023_all2030_genstorage_dcfull_n1_ALL_2030,2023,all2030,expansion_tx,ALL_2030,all2030_genstorage_dcfull_n1,transmission,upgrade_branch,line,AC,NORTH,8151-8090,8151,8090,98.0,215.6,117.6,43.008,NEW,115.0,115.0,115.0,T6_heavy,2.2,New Parallel Circuit,49.4,131.4,4353,70.4,True,14.4,-95.481652,31.417425,-95.58334,31.606693
2023_all2030_genstorage_dcfull_n1_ALL_2030,2023,all2030,expansion_tx,ALL_2030,all2030_genstorage_dcfull_n1,transmission,upgrade_branch,line,AC,NORTH,5427-5333,5427,5333,310.0,682.0,372.0,41.528,NEW,161.0,161.0,161.0,T6_heavy,2.2,New Parallel Circuit,91.1,127.8,2409,58.4,True,11.0,-96.8502335,32.366515,-96.807315,32.521773
2023_all2030_genstorage_dcfull_n1_ALL_2030,2023,all2030,expansion_tx,ALL_2030,all2030_genstorage_dcfull_n1,transmission,upgrade_branch,line,AC,NORTH,5427-5333,5427,5333,310.0,682.0,372.0,41.528,NEW,161.0,161.0,161.0,T6_heavy,2.2,New Parallel Circuit,91.1,127.8,2408,58.4,True,11.0,-96.8502335,32.366515,-96.807315,32.521773
2023_all2030_genstorage_dcfull_n1_ALL_2030,2023,all2030,expansion_tx,ALL_2030,all2030_genstorage_dcfull_n1,transmission,upgrade_branch,line,AC,NORTH,5003-5213,5003,5213,251.0,351.4,100.4,40.95,NEW,161.0,161.0,161.0,T4_light,1.4,Reconductor(ACSR->ACSS),84.7,107.2,2480,63.8,True,0.0,-96.6344372,32.9086048,-96.6344372,32.9086048
2023_all2030_genstorage_dcfull_n1_ALL_2030,2023,all2030,expansion_tx,ALL_2030,all2030_genstorage_dcfull_n1,transmission,upgrade_branch,line,AC,NORTH,5122-5149,5122,5149,198.3,277.6,79.3,40.95,NEW,161.0,161.0,161.0,T4_light,1.4,Reconductor(ACSR->ACSS),57.2,101.5,2017,82.3,True,0.0,-96.80082027272728,32.808276409090915,-96.80082027272728,32.808276409090915
2023_all2030_genstorage_dcfull_n1_ALL_2030,2023,all2030,expansion_tx,ALL_2030,all2030_genstorage_dcfull_n1,transmission,upgrade_branch,line,AC,NORTH,5125-5330,5125,5330,211.4,296.0,84.6,40.95,NEW,161.0,161.0,161.0,T4_light,1.4,Reconductor(ACSR->ACSS),67.8,106.1,2532,76.2,True,0.0,-97.12502636363637,32.69967490909091,-97.12502636363637,32.69967490909091
2023_all2030_genstorage_dcfull_n1_ALL_2030,2023,all2030,expansion_tx,ALL_2030,all2030_genstorage_dcfull_n1,transmission,upgrade_branch,line,AC,NORTH,5175-5165,5175,5165,409.0,572.6,163.6,40.95,NEW,161.0,161.0,161.0,T4_light,1.4,Reconductor(ACSR->ACSS),73.9,104.2,2078,70.4,True,0.0,-97.13581333333332,33.210620166666665,-97.13581333333332,33.210620166666665
2023_all2030_genstorage_dcfull_n1_ALL_2030,2023,all2030,expansion_tx,ALL_2030,all2030_genstorage_dcfull_n1,transmission,upgrade_branch,line,AC,NORTH,5175-5165,5175,5165,409.0,572.6,163.6,40.95,NEW,161.0,161.0,161.0,T4_light,1.4,Reconductor(ACSR->ACSS),73.9,104.2,2077,70.4,True,0.0,-97.13581333333332,33.210620166666665,-97.13581333333332,33.210620166666665
2023_all2030_genstorage_dcfull_n1_ALL_2030,2023,all2030,expansion_tx,ALL_2030,all2030_genstorage_dcfull_n1,transmission,upgrade_branch,line,AC,NORTH,5175-5165,5175,5165,409.0,572.6,163.6,40.95,NEW,161.0,161.0,161.0,T4_light,1.4,Reconductor(ACSR->ACSS),73.9,104.2,2077,70.4,True,0.0,-97.13581333333332,33.210620166666665,-97.13581333333332,33.210620166666665
2023_all2030_genstorage_dcfull_n1_ALL_2030,2023,all2030,expansion_tx,ALL_2030,all2030_genstorage_dcfull_n1,transmission,upgrade_branch,line,AC,NORTH,5183-5224,5183,5224,251.0,351.4,100.4,40.95,NEW,161.0,161.0,161.0,T4_light,1.4,Reconductor(ACSR->ACSS),36.5,102.6,1999,73.3,True,0.0,-96.88981733333333,33.00596633333333,-96.88981733333333,33.00596633333333
2023_all2030_genstorage_dcfull_n1_ALL_2030,2023,all2030,expansion_tx,ALL_2030,all2030_genstorage_dcfull_n1,transmission,upgrade_branch,line,AC,NORTH,5387-5184,5387,5184,251.0,351.4,100.4,40.95,NEW,161.0,161.0,161.0,T4_light,1.4,Reconductor(ACSR->ACSS),6.1,109.3,2465,78.0,True,0.0,-97.34008506896552,32.753233586206896,-97.34008506896552,32.753233586206896
2023_all2030_genstorage_dcfull_n1_ALL_2030,2023,all2030,expansion_tx,ALL_2030,all2030_genstorage_dcfull_n1,transmission,upgrade_branch,line,AC,NORTH,5330-5440,5330,5440,263.0,368.2,105.2,40.95,NEW,161.0,161.0,161.0,T4_light,1.4,Reconductor(ACSR->ACSS),82.5,108.9,1802,79.9,True,0.0,-97.12502636363637,32.69967490909091,-97.12502636363637,32.69967490909091
2023_all2030_genstorage_dcfull_n1_ALL_2030,2023,all2030,expansion_tx,ALL_2030,all2030_genstorage_dcfull_n1,transmission,upgrade_branch,line,AC,WEST,3042-3111,3042,3111,221.0,386.8,165.8,40.849,NEW,115.0,115.0,115.0,T5_moderate,1.75,HTLS Reconductor,85.0,118.0,1950,68.1,True,20.9,-100.6917,32.05,-100.98431625,31.875952
2023_all2030_genstorage_dcfull_n1_ALL_2030,2023,all2030,expansion_tx,ALL_2030,all2030_genstorage_dcfull_n1,transmission,upgrade_branch,line,AC,NORTH,5274-5109,5274,5109,251.0,627.5,376.5,40.25,NEW,161.0,161.0,161.0,T7_structural,2.5,New Corridor/Aggressive Parallel,214.2,238.3,2052,121.5,False,5.4,-96.674333,32.605192,-96.7651095,32.5902035
2023_all2030_genstorage_dcfull_n1_ALL_2030,2023,all2030,expansion_tx,ALL_2030,all2030_genstorage_dcfull_n1,transmission,upgrade_branch,transformer,AC,NORTH,2024-2021,2024,2021,127.5,255.0,127.5,40.0,NEW,13.8,500.0,500.0,T6_heavy,2.0,Parallel Transformer 2x,146.5,146.5,-1,73.5,True,0.0,-95.538503,33.639774,-95.538503,33.639774
2023_all2030_genstorage_dcfull_n1_ALL_2030,2023,all2030,expansion_tx,ALL_2030,all2030_genstorage_dcfull_n1,transmission,upgrade_branch,transformer,AC,SOUTH,4080-12535,4080,12535,800.0,1600.0,800.0,40.0,NEW,230.0,500.0,500.0,T6_heavy,2.0,Parallel Transformer 2x,106.2,136.2,1355,68.8,True,0.0,-97.4230987368421,27.74350405263158,-97.4230987368421,27.74350405263158
2023_all2030_genstorage_dcfull_n1_ALL_2030,2023,all2030,expansion_tx,ALL_2030,all2030_genstorage_dcfull_n1,transmission,upgrade_branch,transformer,AC,SOUTH,4080-12535,4080,12535,800.0,1600.0,800.0,40.0,NEW,230.0,500.0,500.0,T6_heavy,2.0,Parallel Transformer 2x,106.2,136.2,1354,68.8,True,0.0,-97.4230987368421,27.74350405263158,-97.4230987368421,27.74350405263158
2023_all2030_genstorage_dcfull_n1_ALL_2030,2023,all2030,expansion_tx,ALL_2030,all2030_genstorage_dcfull_n1,transmission,upgrade_branch,transformer,AC,SOUTH,4080-12535,4080,12535,800.0,1600.0,800.0,40.0,NEW,230.0,500.0,500.0,T6_heavy,2.0,Parallel Transformer 2x,106.2,136.2,1354,68.8,True,0.0,-97.4230987368421,27.74350405263158,-97.4230987368421,27.74350405263158
2023_all2030_genstorage_dcfull_n1_ALL_2030,2023,all2030,expansion_tx,ALL_2030,all2030_genstorage_dcfull_n1,transmission,upgrade_branch,transformer,AC,SOUTH,4080-12535,4080,12535,800.0,1600.0,800.0,40.0,NEW,230.0,500.0,500.0,T6_heavy,2.0,Parallel Transformer 2x,106.2,136.2,1354,68.8,True,0.0,-97.4230987368421,27.74350405263158,-97.4230987368421,27.74350405263158
2023_all2030_genstorage_dcfull_n1_ALL_2030,2023,all2030,expansion_tx,ALL_2030,all2030_genstorage_dcfull_n1,transmission,upgrade_branch,transformer,AC,NORTH,5034-5033,5034,5033,1209.0,2418.0,1209.0,40.0,NEW,161.0,500.0,500.0,T6_heavy,2.0,Parallel Transformer 2x,125.2,139.3,2544,79.8,True,0.0,-96.80082027272728,32.808276409090915,-96.80082027272728,32.808276409090915
2023_all2030_genstorage_dcfull_n1_ALL_2030,2023,all2030,expansion_tx,ALL_2030,all2030_genstorage_dcfull_n1,transmission,upgrade_branch,transformer,AC,NORTH,5449-5448,5449,5448,1267.0,2534.0,1267.0,40.0,NEW,161.0,500.0,500.0,T6_heavy,2.0,Parallel Transformer 2x,118.8,129.0,1677,73.5,True,0.0,-97.010181,32.723688,-97.010181,32.723688
2023_all2030_genstorage_dcfull_n1_ALL_2030,2023,all2030,expansion_tx,ALL_2030,all2030_genstorage_dcfull_n1,transmission,upgrade_branch,transformer,AC,SOUTH,6007-6003,6007,6003,197.4,394.8,197.4,40.0,NEW,13.8,500.0,500.0,T6_heavy,2.0,Parallel Transformer 2x,140.4,140.4,-1,70.2,True,0.0,-97.2711,30.146700000000003,-97.2711,30.146700000000003
2023_all2030_genstorage_dcfull_n1_ALL_2030,2023,all2030,expansion_tx,ALL_2030,all2030_genstorage_dcfull_n1,transmission,upgrade_branch,transformer,AC,SOUTH,6008-6003,6008,6003,192.7,385.4,192.7,40.0,NEW,13.8,500.0,500.0,T6_heavy,2.0,Parallel Transformer 2x,143.8,143.8,20,71.9,True,0.0,-97.2711,30.146700000000003,-97.2711,30.146700000000003
2023_all2030_genstorage_dcfull_n1_ALL_2030,2023,all2030,expansion_tx,ALL_2030,all2030_genstorage_dcfull_n1,transmission,upgrade_branch,transformer,AC,SOUTH,6069-6066,6069,6066,306.2,612.4,306.2,40.0,NEW,18.0,500.0,500.0,T6_heavy,2.0,Parallel Transformer 2x,131.1,131.1,-1,65.5,True,0.0,-98.094738,29.6124265,-98.094738,29.6124265
2023_all2030_genstorage_dcfull_n1_ALL_2030,2023,all2030,expansion_tx,ALL_2030,all2030_genstorage_dcfull_n1,transmission,upgrade_branch,transformer,AC,SOUTH,6072-6066,6072,6066,236.3,472.6,236.3,40.0,NEW,18.0,500.0,500.0,T6_heavy,2.0,Parallel Transformer 2x,137.9,138.2,3629,69.0,True,0.0,-98.094738,29.6124265,-98.094738,29.6124265
2023_all2030_genstorage_dcfull_n1_ALL_2030,2023,all2030,expansion_tx,ALL_2030,all2030_genstorage_dcfull_n1,transmission,upgrade_branch,transformer,AC,SOUTH,6073-6066,6073,6066,235.1,470.2,235.1,40.0,NEW,18.0,500.0,500.0,T6_heavy,2.0,Parallel Transformer 2x,132.6,132.6,3629,66.5,True,0.0,-98.094738,29.6124265,-98.094738,29.6124265
2023_all2030_genstorage_dcfull_n1_ALL_2030,2023,all2030,expansion_tx,ALL_2030,all2030_genstorage_dcfull_n1,transmission,upgrade_branch,transformer,AC,SOUTH,12527-6066,12527,6066,223.8,447.6,223.8,40.0,NEW,18.0,500.0,500.0,T6_heavy,2.0,Parallel Transformer 2x,139.3,139.3,3629,69.8,True,0.0,-98.094738,29.6124265,-98.094738,29.6124265
2023_all2030_genstorage_dcfull_n1_ALL_2030,2023,all2030,expansion_tx,ALL_2030,all2030_genstorage_dcfull_n1,transmission,upgrade_branch,transformer,AC,SOUTH,6104-6101,6104,6101,63.0,126.0,63.0,40.0,NEW,13.8,500.0,500.0,T6_heavy,2.0,Parallel Transformer 2x,142.3,142.3,3629,71.1,True,0.0,-96.9945,30.02547,-96.9945,30.02547
2023_all2030_genstorage_dcfull_n1_ALL_2030,2023,all2030,expansion_tx,ALL_2030,all2030_genstorage_dcfull_n1,transmission,upgrade_branch,transformer,AC,SOUTH,6105-6101,6105,6101,66.3,132.6,66.3,40.0,NEW,13.8,500.0,500.0,T6_heavy,2.0,Parallel Transformer 2x,135.2,135.2,3629,67.6,True,0.0,-96.9945,30.02547,-96.9945,30.02547
2023_all2030_genstorage_dcfull_n1_ALL_2030,2023,all2030,expansion_tx,ALL_2030,all2030_genstorage_dcfull_n1,transmission,upgrade_branch,transformer,AC,SOUTH,6106-6101,6106,6101,68.1,136.2,68.1,40.0,NEW,13.8,500.0,500.0,T6_heavy,2.0,Parallel Transformer 2x,131.6,131.6,3629,65.8,True,0.0,-96.9945,30.02547,-96.9945,30.02547
2023_all2030_genstorage_dcfull_n1_ALL_2030,2023,all2030,expansion_tx,ALL_2030,all2030_genstorage_dcfull_n1,transmission,upgrade_branch,transformer,AC,SOUTH,6164-6161,6164,6161,462.1,924.2,462.1,40.0,NEW,13.8,500.0,500.0,T6_heavy,2.0,Parallel Transformer 2x,133.6,133.6,-1,66.9,True,0.0,-97.97505466666668,28.59622966666667,-97.97505466666668,28.59622966666667
2023_all2030_genstorage_dcfull_n1_ALL_2030,2023,all2030,expansion_tx,ALL_2030,all2030_genstorage_dcfull_n1,transmission,upgrade_branch,transformer,AC,SOUTH,6165-6161,6165,6161,253.7,507.4,253.7,40.0,NEW,13.8,500.0,500.0,T6_heavy,2.0,Parallel Transformer 2x,132.9,133.0,3629,66.5,True,0.0,-97.97505466666668,28.59622966666667,-97.97505466666668,28.59622966666667
2023_all2030_genstorage_dcfull_n1_ALL_2030,2023,all2030,expansion_tx,ALL_2030,all2030_genstorage_dcfull_n1,transmission,upgrade_branch,transformer,AC,SOUTH,6166-6161,6166,6161,217.8,435.6,217.8,40.0,NEW,13.8,500.0,500.0,T6_heavy,2.0,Parallel Transformer 2x,147.8,147.8,4709,73.9,True,0.0,-97.97505466666668,28.59622966666667,-97.97505466666668,28.59622966666667
2023_all2030_genstorage_dcfull_n1_ALL_2030,2023,all2030,expansion_tx,ALL_2030,all2030_genstorage_dcfull_n1,transmission,upgrade_branch,transformer,AC,SOUTH,6167-6161,6167,6161,225.2,450.4,225.2,40.0,NEW,13.8,500.0,500.0,T6_heavy,2.0,Parallel Transformer 2x,142.9,142.9,9,72.2,True,0.0,-97.97505466666668,28.59622966666667,-97.97505466666668,28.59622966666667
2023_all2030_genstorage_dcfull_n1_ALL_2030,2023,all2030,expansion_tx,ALL_2030,all2030_genstorage_dcfull_n1,transmission,upgrade_branch,transformer,AC,SOUTH,6242-6239,6242,6239,597.3,1194.6,597.3,40.0,NEW,13.8,500.0,500.0,T6_heavy,2.0,Parallel Transformer 2x,143.2,143.2,-1,71.6,True,0.0,-98.35335,29.282378,-98.35335,29.282378
2023_all2030_genstorage_dcfull_n1_ALL_2030,2023,all2030,expansion_tx,ALL_2030,all2030_genstorage_dcfull_n1,transmission,upgrade_branch,transformer,AC,SOUTH,6259-6254,6259,6254,74.3,148.6,74.3,40.0,NEW,13.8,500.0,500.0,T6_heavy,2.0,Parallel Transformer 2x,127.1,127.2,3629,63.6,True,0.0,-97.77508287179488,30.30416587179487,-97.77508287179488,30.30416587179487
2023_all2030_genstorage_dcfull_n1_ALL_2030,2023,all2030,expansion_tx,ALL_2030,all2030_genstorage_dcfull_n1,transmission,upgrade_branch,transformer,AC,SOUTH,6296-6292,6296,6292,255.1,510.2,255.1,40.0,NEW,13.8,500.0,500.0,T6_heavy,2.0,Parallel Transformer 2x,136.6,136.6,3629,68.6,True,0.0,-97.522552,30.119949,-97.522552,30.119949
2023_all2030_genstorage_dcfull_n1_ALL_2030,2023,all2030,expansion_tx,ALL_2030,all2030_genstorage_dcfull_n1,transmission,upgrade_branch,transformer,AC,SOUTH,6297-6292,6297,6292,243.3,486.6,243.3,40.0,NEW,13.8,500.0,500.0,T6_heavy,2.0,Parallel Transformer 2x,143.2,143.2,3629,71.9,True,0.0,-97.522552,30.119949,-97.522552,30.119949
2023_all2030_genstorage_dcfull_n1_ALL_2030,2023,all2030,expansion_tx,ALL_2030,all2030_genstorage_dcfull_n1,transmission,upgrade_branch,transformer,AC,SOUTH,6304-6298,6304,6298,351.1,702.2,351.1,40.0,NEW,22.0,500.0,500.0,T6_heavy,2.0,Parallel Transformer 2x,132.3,132.3,-1,66.8,True,0.0,-98.08352933333332,29.745433666666667,-98.08352933333332,29.745433666666667
2023_all2030_genstorage_dcfull_n1_ALL_2030,2023,all2030,expansion_tx,ALL_2030,all2030_genstorage_dcfull_n1,transmission,upgrade_branch,transformer,AC,SOUTH,12561-12560,12561,12560,342.2,684.4,342.2,40.0,NEW,20.0,500.0,500.0,T6_heavy,2.0,Parallel Transformer 2x,141.1,141.1,515,70.5,True,0.0,-98.3163296,26.4391468,-98.3163296,26.4391468
2023_all2030_genstorage_dcfull_n1_ALL_2030,2023,all2030,expansion_tx,ALL_2030,all2030_genstorage_dcfull_n1,transmission,upgrade_branch,transformer,AC,SOUTH,12614-12613,12614,12613,260.5,521.0,260.5,40.0,NEW,20.0,500.0,500.0,T6_heavy,2.0,Parallel Transformer 2x,140.8,140.8,3629,70.8,True,0.0,-98.3721,30.558,-98.3721,30.558
2023_all2030_genstorage_dcfull_n1_ALL_2030,2023,all2030,expansion_tx,ALL_2030,all2030_genstorage_dcfull_n1,transmission,upgrade_branch,transformer,AC,SOUTH,12616-12613,12616,12613,238.9,477.8,238.9,40.0,NEW,20.0,500.0,500.0,T6_heavy,2.0,Parallel Transformer 2x,143.3,143.3,-1,71.9,True,0.0,-98.3721,30.558,-98.3721,30.558
2023_all2030_genstorage_dcfull_n1_ALL_2030,2023,all2030,expansion_tx,ALL_2030,all2030_genstorage_dcfull_n1,transmission,upgrade_branch,transformer,AC,SOUTH,12622-12621,12622,12621,236.7,473.4,236.7,40.0,NEW,20.0,500.0,500.0,T6_heavy,2.0,Parallel Transformer 2x,148.0,148.0,2877,74.0,True,0.0,-97.2711,30.146700000000003,-97.2711,30.146700000000003
2023_all2030_genstorage_dcfull_n1_ALL_2030,2023,all2030,expansion_tx,ALL_2030,all2030_genstorage_dcfull_n1,transmission,upgrade_branch,line,AC,NORTH,5109-5333,5109,5333,251.0,627.5,376.5,39.833,NEW,161.0,161.0,161.0,T7_structural,2.5,New Corridor/Aggressive Parallel,47.7,166.5,1908,66.6,True,5.3,-96.7651095,32.5902035,-96.807315,32.521773
2023_all2030_genstorage_dcfull_n1_ALL_2030,2023,all2030,expansion_tx,ALL_2030,all2030_genstorage_dcfull_n1,transmission,upgrade_branch,line,AC,NORTH,5217-5433,5217,5433,279.0,613.8,334.8,39.371,NEW,161.0,161.0,161.0,T6_heavy,2.2,New Parallel Circuit,106.2,128.5,2465,78.3,True,10.4,-97.2168395,32.863300499999994,-97.34008506896552,32.753233586206896
2023_all2030_genstorage_dcfull_n1_ALL_2030,2023,all2030,expansion_tx,ALL_2030,all2030_genstorage_dcfull_n1,transmission,upgrade_branch,line,AC,WEST,3021-12996,3021,12996,137.5,240.6,103.1,39.368,NEW,115.0,115.0,115.0,T5_moderate,1.75,HTLS Reconductor,77.9,122.2,750,59.7,True,20.2,-99.720186,32.783669,-100.0652435,32.819086
2023_all2030_genstorage_dcfull_n1_ALL_2030,2023,all2030,expansion_tx,ALL_2030,all2030_genstorage_dcfull_n1,transmission,upgrade_branch,line,AC,NORTH,5097-5028,5097,5028,310.0,542.5,232.5,38.81,NEW,161.0,161.0,161.0,T5_moderate,1.75,HTLS Reconductor,66.2,111.0,1658,63.4,True,15.7,-97.0886755,32.837196,-97.34008506896552,32.753233586206896
2023_all2030_genstorage_dcfull_n1_ALL_2030,2023,all2030,expansion_tx,ALL_2030,all2030_genstorage_dcfull_n1,transmission,upgrade_branch,line,AC,NORTH,5097-5028,5097,5028,310.0,542.5,232.5,38.81,NEW,161.0,161.0,161.0,T5_moderate,1.75,HTLS Reconductor,66.2,111.0,1657,63.4,True,15.7,-97.0886755,32.837196,-97.34008506896552,32.753233586206896
2023_all2030_genstorage_dcfull_n1_ALL_2030,2023,all2030,expansion_tx,ALL_2030,all2030_genstorage_dcfull_n1,transmission,upgrade_branch,line,AC,SOUTH,4037-4104,4037,4104,119.2,208.6,89.4,38.719,NEW,115.0,115.0,115.0,T5_moderate,1.75,HTLS Reconductor,73.3,120.2,4322,57.5,True,19.9,-97.522673,28.2078,-97.351834,27.96312533333333
2023_all2030_genstorage_dcfull_n1_ALL_2030,2023,all2030,expansion_tx,ALL_2030,all2030_genstorage_dcfull_n1,transmission,upgrade_branch,line,AC,NORTH,5071-5359,5071,5359,310.0,542.5,232.5,37.881,NEW,161.0,161.0,161.0,T5_moderate,1.75,HTLS Reconductor,51.5,111.0,1996,57.5,True,15.3,-97.145583,31.5590085,-96.93121275,31.43308425
2023_all2030_genstorage_dcfull_n1_ALL_2030,2023,all2030,expansion_tx,ALL_2030,all2030_genstorage_dcfull_n1,transmission,upgrade_branch,line,AC,SOUTH,4038-4178,4038,4178,220.0,385.0,165.0,37.082,NEW,115.0,115.0,115.0,T5_moderate,1.75,HTLS Reconductor,77.7,114.8,3197,60.6,True,19.0,-97.8000875,28.41935,-97.49466233333334,28.47964933333333
2023_all2030_genstorage_dcfull_n1_ALL_2030,2023,all2030,expansion_tx,ALL_2030,all2030_genstorage_dcfull_n1,transmission,upgrade_branch,line,AC,WEST,3006-3100,3006,3100,112.8,197.4,84.6,36.782,NEW,115.0,115.0,115.0,T5_moderate,1.75,HTLS Reconductor,48.9,119.1,695,66.4,True,18.9,-100.0652435,32.819086,-99.830642,32.630473
2023_all2030_genstorage_dcfull_n1_ALL_2030,2023,all2030,expansion_tx,ALL_2030,all2030_genstorage_dcfull_n1,transmission,upgrade_branch,line,AC,NORTH,5157-5085,5157,5085,251.0,439.2,188.2,36.782,NEW,161.0,161.0,161.0,T5_moderate,1.75,HTLS Reconductor,75.7,115.0,1908,43.0,True,14.9,-96.864075,32.599427,-96.80082027272728,32.808276409090915
2023_all2030_genstorage_dcfull_n1_ALL_2030,2023,all2030,expansion_tx,ALL_2030,all2030_genstorage_dcfull_n1,transmission,upgrade_branch,line,AC,SOUTH,4037-13226,4037,13226,231.6,405.3,173.7,36.778,NEW,115.0,115.0,115.0,T5_moderate,1.75,HTLS Reconductor,77.9,116.5,4322,50.9,True,18.9,-97.522673,28.2078,-97.49466233333334,28.47964933333333
2023_all2030_genstorage_dcfull_n1_ALL_2030,2023,all2030,expansion_tx,ALL_2030,all2030_genstorage_dcfull_n1,transmission,upgrade_branch,line,AC,HOUSTON,7303-7393,7303,7393,98.0,137.2,39.2,36.239,NEW,115.0,115.0,115.0,T4_light,1.4,Reconductor(ACSR->ACSS),86.8,108.1,4774,77.2,True,32.8,-96.353868,28.85788,-95.967518,29.191296
2023_all2030_genstorage_dcfull_n1_ALL_2030,2023,all2030,expansion_tx,ALL_2030,all2030_genstorage_dcfull_n1,transmission,upgrade_branch,line,AC,WEST,1047-1085,1047,1085,221.0,486.2,265.2,36.095,NEW,115.0,115.0,115.0,T6_heavy,2.2,New Parallel Circuit,83.0,129.8,249,73.8,True,12.1,-103.062173,31.534243,-103.138992,31.696251
2023_all2030_genstorage_dcfull_n1_ALL_2030,2023,all2030,expansion_tx,ALL_2030,all2030_genstorage_dcfull_n1,transmission,upgrade_branch,line,AC,NORTH,5390-5278,5390,5278,342.0,752.4,410.4,35.95,NEW,161.0,161.0,161.0,T6_heavy,2.2,New Parallel Circuit,57.3,149.4,2329,71.7,True,9.5,-97.2120625,30.983119,-97.314427,31.08967366666667
2023_all2030_genstorage_dcfull_n1_ALL_2030,2023,all2030,expansion_tx,ALL_2030,all2030_genstorage_dcfull_n1,transmission,upgrade_branch,line,AC,NORTH,5157-5194,5157,5194,187.0,467.5,280.5,34.791,NEW,161.0,161.0,161.0,T7_structural,2.5,New Corridor/Aggressive Parallel,110.2,160.2,2054,94.1,True,4.7,-96.864075,32.599427,-96.914175,32.651936
2023_all2030_genstorage_dcfull_n1_ALL_2030,2023,all2030,expansion_tx,ALL_2030,all2030_genstorage_dcfull_n1,transmission,upgrade_branch,line,AC,NORTH,5105-5253,5105,5253,235.0,411.2,176.2,34.406,NEW,161.0,161.0,161.0,T5_moderate,1.75,HTLS Reconductor,104.4,122.1,2076,63.0,True,13.9,-96.9700122,32.8603614,-97.092488,33.0338
2023_all2030_genstorage_dcfull_n1_ALL_2030,2023,all2030,expansion_tx,ALL_2030,all2030_genstorage_dcfull_n1,transmission,upgrade_branch,line,AC,WEST,3072-3040,3072,3040,193.0,337.8,144.8,34.332,NEW,115.0,115.0,115.0,T5_moderate,1.75,HTLS Reconductor,109.1,119.8,4776,64.3,True,17.6,-100.113803,31.534768,-99.934162,31.738576
2023_all2030_genstorage_dcfull_n1_ALL_2030,2023,all2030,expansion_tx,ALL_2030,all2030_genstorage_dcfull_n1,transmission,upgrade_branch,line,AC,NORTH,5013-5101,5013,5101,187.0,411.4,224.4,33.964,NEW,161.0,161.0,161.0,T6_heavy,2.2,New Parallel Circuit,52.1,126.7,1697,52.4,True,9.0,-98.805134,31.842565,-98.6525545,31.8568005
2023_all2030_genstorage_dcfull_n1_ALL_2030,2023,all2030,expansion_tx,ALL_2030,all2030_genstorage_dcfull_n1,transmission,upgrade_branch,line,AC,NORTH,5059-5426,5059,5426,251.0,552.2,301.2,33.665,NEW,161.0,161.0,161.0,T6_heavy,2.2,New Parallel Circuit,112.3,127.3,2105,65.8,True,8.9,-96.092445,32.357217500000004,-96.245039,32.366686
2023_all2030_genstorage_dcfull_n1_ALL_2030,2023,all2030,expansion_tx,ALL_2030,all2030_genstorage_dcfull_n1,transmission,upgrade_branch,line,AC,NORTH,5449-5108,5449,5108,310.0,542.5,232.5,33.333,NEW,161.0,161.0,161.0,T5_moderate,1.75,HTLS Reconductor,82.3,112.5,1906,78.4,True,13.5,-97.010181,32.723688,-96.80082027272728,32.808276409090915
2023_all2030_genstorage_dcfull_n1_ALL_2030,2023,all2030,expansion_tx,ALL_2030,all2030_genstorage_dcfull_n1,transmission,upgrade_branch,line,AC,NORTH,5449-5108,5449,5108,310.0,542.5,232.5,33.333,NEW,161.0,161.0,161.0,T5_moderate,1.75,HTLS Reconductor,82.3,112.5,1905,78.4,True,13.5,-97.010181,32.723688,-96.80082027272728,32.808276409090915
2023_all2030_genstorage_dcfull_n1_ALL_2030,2023,all2030,expansion_tx,ALL_2030,all2030_genstorage_dcfull_n1,transmission,upgrade_branch,line,AC,NORTH,5449-5108,5449,5108,310.0,542.5,232.5,33.333,NEW,161.0,161.0,161.0,T5_moderate,1.75,HTLS Reconductor,82.3,112.5,1905,78.4,True,13.5,-97.010181,32.723688,-96.80082027272728,32.808276409090915
2023_all2030_genstorage_dcfull_n1_ALL_2030,2023,all2030,expansion_tx,ALL_2030,all2030_genstorage_dcfull_n1,transmission,upgrade_branch,line,AC,NORTH,5145-5323,5145,5323,310.0,542.5,232.5,33.333,NEW,161.0,161.0,161.0,T5_moderate,1.75,HTLS Reconductor,80.0,111.1,2015,67.5,True,13.5,-97.010181,32.723688,-96.80082027272728,32.808276409090915
2023_all2030_genstorage_dcfull_n1_ALL_2030,2023,all2030,expansion_tx,ALL_2030,all2030_genstorage_dcfull_n1,transmission,upgrade_branch,line,AC,NORTH,5145-5323,5145,5323,310.0,542.5,232.5,33.333,NEW,161.0,161.0,161.0,T5_moderate,1.75,HTLS Reconductor,80.0,111.1,2014,67.5,True,13.5,-97.010181,32.723688,-96.80082027272728,32.808276409090915
2023_all2030_genstorage_dcfull_n1_ALL_2030,2023,all2030,expansion_tx,ALL_2030,all2030_genstorage_dcfull_n1,transmission,upgrade_branch,line,AC,NORTH,5145-5323,5145,5323,310.0,542.5,232.5,33.333,NEW,161.0,161.0,161.0,T5_moderate,1.75,HTLS Reconductor,80.0,111.1,2014,67.5,True,13.5,-97.010181,32.723688,-96.80082027272728,32.808276409090915
2023_all2030_genstorage_dcfull_n1_ALL_2030,2023,all2030,expansion_tx,ALL_2030,all2030_genstorage_dcfull_n1,transmission,upgrade_branch,line,AC,WEST,1019-1029,1019,1029,124.0,173.6,49.6,33.15,NEW,115.0,115.0,115.0,T4_light,1.4,Reconductor(ACSR->ACSS),76.6,100.8,226,73.0,True,0.0,-102.075159,31.9729432,-102.075159,31.9729432
2023_all2030_genstorage_dcfull_n1_ALL_2030,2023,all2030,expansion_tx,ALL_2030,all2030_genstorage_dcfull_n1,transmission,upgrade_branch,line,AC,WEST,3085-3128,3085,3128,120.0,168.0,48.0,33.15,NEW,115.0,115.0,115.0,T4_light,1.4,Reconductor(ACSR->ACSS),59.7,103.1,945,81.5,True,0.0,-100.727898,32.421184499999995,-100.727898,32.421184499999995
2023_all2030_genstorage_dcfull_n1_ALL_2030,2023,all2030,expansion_tx,ALL_2030,all2030_genstorage_dcfull_n1,transmission,upgrade_branch,line,AC,WEST,3085-3128,3085,3128,119.1,166.7,47.6,33.15,NEW,115.0,115.0,115.0,T4_light,1.4,Reconductor(ACSR->ACSS),60.3,104.0,944,82.4,True,0.0,-100.727898,32.421184499999995,-100.727898,32.421184499999995
2023_all2030_genstorage_dcfull_n1_ALL_2030,2023,all2030,expansion_tx,ALL_2030,all2030_genstorage_dcfull_n1,transmission,upgrade_branch,line,AC,WEST,3102-3125,3102,3125,100.9,141.3,40.4,33.15,NEW,115.0,115.0,115.0,T4_light,1.4,Reconductor(ACSR->ACSS),25.0,104.5,773,46.0,True,0.0,-99.70613471428572,32.45867642857143,-99.70613471428572,32.45867642857143
2023_all2030_genstorage_dcfull_n1_ALL_2030,2023,all2030,expansion_tx,ALL_2030,all2030_genstorage_dcfull_n1,transmission,upgrade_branch,line,AC,WEST,3127-3141,3127,3141,221.0,309.4,88.4,33.15,NEW,115.0,115.0,115.0,T4_light,1.4,Reconductor(ACSR->ACSS),56.4,104.8,1012,73.5,True,0.0,-100.2940896,32.3397188,-100.2940896,32.3397188
2023_all2030_genstorage_dcfull_n1_ALL_2030,2023,all2030,expansion_tx,ALL_2030,all2030_genstorage_dcfull_n1,transmission,upgrade_branch,line,AC,SOUTH,4081-4017,4081,4017,221.0,309.4,88.4,33.15,NEW,115.0,115.0,115.0,T4_light,1.4,Reconductor(ACSR->ACSS),59.2,101.2,1104,73.1,True,0.0,-97.4230987368421,27.74350405263158,-97.4230987368421,27.74350405263158
2023_all2030_genstorage_dcfull_n1_ALL_2030,2023,all2030,expansion_tx,ALL_2030,all2030_genstorage_dcfull_n1,transmission,upgrade_branch,line,AC,SOUTH,4081-4017,4081,4017,221.0,309.4,88.4,33.15,NEW,115.0,115.0,115.0,T4_light,1.4,Reconductor(ACSR->ACSS),59.2,101.2,1103,73.1,True,0.0,-97.4230987368421,27.74350405263158,-97.4230987368421,27.74350405263158
2023_all2030_genstorage_dcfull_n1_ALL_2030,2023,all2030,expansion_tx,ALL_2030,all2030_genstorage_dcfull_n1,transmission,upgrade_branch,line,AC,SOUTH,4071-13296,4071,13296,247.0,345.8,98.8,33.15,NEW,115.0,115.0,115.0,T4_light,1.4,Reconductor(ACSR->ACSS),73.1,104.2,1318,80.1,True,0.0,-97.4539215,25.94677375,-97.4539215,25.94677375
2023_all2030_genstorage_dcfull_n1_ALL_2030,2023,all2030,expansion_tx,ALL_2030,all2030_genstorage_dcfull_n1,transmission,upgrade_branch,line,AC,SOUTH,4193-13296,4193,13296,289.0,404.6,115.6,33.15,NEW,115.0,115.0,115.0,T4_light,1.4,Reconductor(ACSR->ACSS),81.4,107.0,1319,81.4,True,0.0,-97.4539215,25.94677375,-97.4539215,25.94677375
2023_all2030_genstorage_dcfull_n1_ALL_2030,2023,all2030,expansion_tx,ALL_2030,all2030_genstorage_dcfull_n1,transmission,upgrade_branch,line,AC,SOUTH,6094-6037,6094,6037,251.0,351.4,100.4,33.15,NEW,115.0,115.0,115.0,T4_light,1.4,Reconductor(ACSR->ACSS),64.1,106.4,2718,74.6,True,0.0,-98.5093816037736,29.474642000000003,-98.5093816037736,29.474642000000003
2023_all2030_genstorage_dcfull_n1_ALL_2030,2023,all2030,expansion_tx,ALL_2030,all2030_genstorage_dcfull_n1,transmission,upgrade_branch,line,AC,SOUTH,6094-6037,6094,6037,251.0,351.4,100.4,33.15,NEW,115.0,115.0,115.0,T4_light,1.4,Reconductor(ACSR->ACSS),64.1,106.4,2717,74.6,True,0.0,-98.5093816037736,29.474642000000003,-98.5093816037736,29.474642000000003
2023_all2030_genstorage_dcfull_n1_ALL_2030,2023,all2030,expansion_tx,ALL_2030,all2030_genstorage_dcfull_n1,transmission,upgrade_branch,line,AC,SOUTH,6204-6044,6204,6044,149.0,208.6,59.6,33.15,NEW,115.0,115.0,115.0,T4_light,1.4,Reconductor(ACSR->ACSS),84.7,103.9,3102,113.9,False,0.0,-98.5093816037736,29.474642000000003,-98.5093816037736,29.474642000000003
2023_all2030_genstorage_dcfull_n1_ALL_2030,2023,all2030,expansion_tx,ALL_2030,all2030_genstorage_dcfull_n1,transmission,upgrade_branch,line,AC,SOUTH,6061-6233,6061,6233,131.0,183.4,52.4,33.15,NEW,115.0,115.0,115.0,T4_light,1.4,Reconductor(ACSR->ACSS),77.9,101.8,2920,76.5,True,0.0,-97.77508287179488,30.30416587179487,-97.77508287179488,30.30416587179487
2023_all2030_genstorage_dcfull_n1_ALL_2030,2023,all2030,expansion_tx,ALL_2030,all2030_genstorage_dcfull_n1,transmission,upgrade_branch,line,AC,SOUTH,6115-6250,6115,6250,149.0,208.6,59.6,33.15,NEW,115.0,115.0,115.0,T4_light,1.4,Reconductor(ACSR->ACSS),78.1,108.8,3133,82.4,True,0.0,-98.5093816037736,29.474642000000003,-98.5093816037736,29.474642000000003
2023_all2030_genstorage_dcfull_n1_ALL_2030,2023,all2030,expansion_tx,ALL_2030,all2030_genstorage_dcfull_n1,transmission,upgrade_branch,line,AC,SOUTH,6174-6312,6174,6312,171.6,240.2,68.6,33.15,NEW,115.0,115.0,115.0,T4_light,1.4,Reconductor(ACSR->ACSS),66.1,100.3,3043,66.3,True,0.0,-98.5093816037736,29.474642000000003,-98.5093816037736,29.474642000000003
2023_all2030_genstorage_dcfull_n1_ALL_2030,2023,all2030,expansion_tx,ALL_2030,all2030_genstorage_dcfull_n1,transmission,upgrade_branch,line,AC,SOUTH,6174-6312,6174,6312,171.6,240.2,68.6,33.15,NEW,115.0,115.0,115.0,T4_light,1.4,Reconductor(ACSR->ACSS),66.1,100.3,3042,66.3,True,0.0,-98.5093816037736,29.474642000000003,-98.5093816037736,29.474642000000003
2023_all2030_genstorage_dcfull_n1_ALL_2030,2023,all2030,expansion_tx,ALL_2030,all2030_genstorage_dcfull_n1,transmission,upgrade_branch,line,AC,HOUSTON,7092-7216,7092,7216,119.0,166.6,47.6,33.15,NEW,115.0,115.0,115.0,T4_light,1.4,Reconductor(ACSR->ACSS),75.2,102.1,3967,82.5,True,0.0,-95.41128715217393,29.77727818478261,-95.41128715217393,29.77727818478261
2023_all2030_genstorage_dcfull_n1_ALL_2030,2023,all2030,expansion_tx,ALL_2030,all2030_genstorage_dcfull_n1,transmission,upgrade_branch,line,AC,HOUSTON,7092-7384,7092,7384,110.0,154.0,44.0,33.15,NEW,115.0,115.0,115.0,T4_light,1.4,Reconductor(ACSR->ACSS),85.9,104.0,3926,74.3,True,0.0,-95.41128715217393,29.77727818478261,-95.41128715217393,29.77727818478261
2023_all2030_genstorage_dcfull_n1_ALL_2030,2023,all2030,expansion_tx,ALL_2030,all2030_genstorage_dcfull_n1,transmission,upgrade_branch,line,AC,HOUSTON,7155-7316,7155,7316,149.0,208.6,59.6,33.15,NEW,115.0,115.0,115.0,T4_light,1.4,Reconductor(ACSR->ACSS),83.5,104.0,4115,74.0,True,0.0,-95.41128715217393,29.77727818478261,-95.41128715217393,29.77727818478261
2023_all2030_genstorage_dcfull_n1_ALL_2030,2023,all2030,expansion_tx,ALL_2030,all2030_genstorage_dcfull_n1,transmission,upgrade_branch,line,AC,HOUSTON,7203-13404,7203,13404,173.3,242.6,69.3,33.15,NEW,115.0,115.0,115.0,T4_light,1.4,Reconductor(ACSR->ACSS),59.4,104.0,3944,78.0,True,0.0,-95.68083125,29.15439325,-95.68083125,29.15439325
2023_all2030_genstorage_dcfull_n1_ALL_2030,2023,all2030,expansion_tx,ALL_2030,all2030_genstorage_dcfull_n1,transmission,upgrade_branch,line,AC,HOUSTON,7203-13404,7203,13404,173.3,242.6,69.3,33.15,NEW,115.0,115.0,115.0,T4_light,1.4,Reconductor(ACSR->ACSS),59.4,104.0,3943,78.0,True,0.0,-95.68083125,29.15439325,-95.68083125,29.15439325
2023_all2030_genstorage_dcfull_n1_ALL_2030,2023,all2030,expansion_tx,ALL_2030,all2030_genstorage_dcfull_n1,transmission,upgrade_branch,line,AC,HOUSTON,7292-7223,7292,7223,450.0,630.0,180.0,33.15,NEW,115.0,115.0,115.0,T4_light,1.4,Reconductor(ACSR->ACSS),73.6,100.8,3988,71.5,True,0.0,-95.41128715217393,29.77727818478261,-95.41128715217393,29.77727818478261
2023_all2030_genstorage_dcfull_n1_ALL_2030,2023,all2030,expansion_tx,ALL_2030,all2030_genstorage_dcfull_n1,transmission,upgrade_branch,line,AC,HOUSTON,7292-7223,7292,7223,450.0,630.0,180.0,33.15,NEW,115.0,115.0,115.0,T4_light,1.4,Reconductor(ACSR->ACSS),73.6,100.8,3987,71.5,True,0.0,-95.41128715217393,29.77727818478261,-95.41128715217393,29.77727818478261
2023_all2030_genstorage_dcfull_n1_ALL_2030,2023,all2030,expansion_tx,ALL_2030,all2030_genstorage_dcfull_n1,transmission,upgrade_branch,line,AC,HOUSTON,7223-7319,7223,7319,220.0,308.0,88.0,33.15,NEW,115.0,115.0,115.0,T4_light,1.4,Reconductor(ACSR->ACSS),91.8,109.8,3991,77.5,True,0.0,-95.41128715217393,29.77727818478261,-95.41128715217393,29.77727818478261
2023_all2030_genstorage_dcfull_n1_ALL_2030,2023,all2030,expansion_tx,ALL_2030,all2030_genstorage_dcfull_n1,transmission,upgrade_branch,line,AC,HOUSTON,7223-7425,7223,7425,221.0,309.4,88.4,33.15,NEW,115.0,115.0,115.0,T4_light,1.4,Reconductor(ACSR->ACSS),95.8,107.8,3882,76.9,True,0.0,-95.41128715217393,29.77727818478261,-95.41128715217393,29.77727818478261
2023_all2030_genstorage_dcfull_n1_ALL_2030,2023,all2030,expansion_tx,ALL_2030,all2030_genstorage_dcfull_n1,transmission,upgrade_branch,line,AC,HOUSTON,7316-7272,7316,7272,220.0,308.0,88.0,33.15,NEW,115.0,115.0,115.0,T4_light,1.4,Reconductor(ACSR->ACSS),78.7,101.3,4045,72.2,True,0.0,-95.41128715217393,29.77727818478261,-95.41128715217393,29.77727818478261
2023_all2030_genstorage_dcfull_n1_ALL_2030,2023,all2030,expansion_tx,ALL_2030,all2030_genstorage_dcfull_n1,transmission,upgrade_branch,line,AC,HOUSTON,7297-7384,7297,7384,450.0,630.0,180.0,33.15,NEW,115.0,115.0,115.0,T4_light,1.4,Reconductor(ACSR->ACSS),93.9,104.9,4148,74.6,True,0.0,-95.41128715217393,29.77727818478261,-95.41128715217393,29.77727818478261
2023_all2030_genstorage_dcfull_n1_ALL_2030,2023,all2030,expansion_tx,ALL_2030,all2030_genstorage_dcfull_n1,transmission,upgrade_branch,line,AC,NORTH,8005-8023,8005,8023,108.3,151.6,43.3,33.15,NEW,115.0,115.0,115.0,T4_light,1.4,Reconductor(ACSR->ACSS),60.0,103.6,4353,72.7,True,0.0,-94.737065,31.33610733333333,-94.737065,31.33610733333333
2023_all2030_genstorage_dcfull_n1_ALL_2030,2023,all2030,expansion_tx,ALL_2030,all2030_genstorage_dcfull_n1,transmission,upgrade_branch,line,AC,HOUSTON,12935-12974,12935,12974,220.0,308.0,88.0,33.15,NEW,115.0,115.0,115.0,T4_light,1.4,Reconductor(ACSR->ACSS),57.6,104.8,3634,73.7,True,0.0,-95.92298475,28.92553375,-95.92298475,28.92553375
2023_all2030_genstorage_dcfull_n1_ALL_2030,2023,all2030,expansion_tx,ALL_2030,all2030_genstorage_dcfull_n1,transmission,upgrade_branch,line,AC,HOUSTON,13356-13357,13356,13357,139.0,194.6,55.6,33.15,NEW,115.0,115.0,115.0,T4_light,1.4,Reconductor(ACSR->ACSS),72.8,101.2,3425,71.7,True,0.0,-97.00621414285716,28.74651585714286,-97.00621414285716,28.74651585714286
2023_all2030_genstorage_dcfull_n1_ALL_2030,2023,all2030,expansion_tx,ALL_2030,all2030_genstorage_dcfull_n1,transmission,upgrade_branch,line,AC,NORTH,5006-5103,5006,5103,205.0,358.8,153.8,33.1,NEW,161.0,161.0,161.0,T5_moderate,1.75,HTLS Reconductor,101.3,117.6,1889,51.4,True,13.4,-96.80082027272728,32.808276409090915,-96.7025715,32.983810000000005
2023_all2030_genstorage_dcfull_n1_ALL_2030,2023,all2030,expansion_tx,ALL_2030,all2030_genstorage_dcfull_n1,transmission,upgrade_branch,line,AC,SOUTH,6127-6237,6127,6237,220.0,484.0,264.0,32.912,NEW,115.0,115.0,115.0,T6_heavy,2.2,New Parallel Circuit,98.1,144.6,2885,80.7,True,11.0,-96.907601,30.891129,-97.0630125,30.978365
2023_all2030_genstorage_dcfull_n1_ALL_2030,2023,all2030,expansion_tx,ALL_2030,all2030_genstorage_dcfull_n1,transmission,upgrade_branch,line,AC,WEST,1106-12795,1106,12795,106.5,186.4,79.9,32.322,NEW,115.0,115.0,115.0,T5_moderate,1.75,HTLS Reconductor,38.1,116.1,316,66.7,True,16.6,-101.152,31.683,-100.98431625,31.875952
2023_all2030_genstorage_dcfull_n1_ALL_2030,2023,all2030,expansion_tx,ALL_2030,all2030_genstorage_dcfull_n1,transmission,upgrade_branch,line,AC,SOUTH,4187-4189,4187,4189,197.0,275.8,78.8,31.602,NEW,115.0,115.0,115.0,T4_light,1.4,Reconductor(ACSR->ACSS),4.5,109.2,1137,78.0,True,28.6,-99.214344,28.293173,-99.63215,28.4834915
2023_all2030_genstorage_dcfull_n1_ALL_2030,2023,all2030,expansion_tx,ALL_2030,all2030_genstorage_dcfull_n1,transmission,upgrade_branch,line,AC,NORTH,5085-5194,5085,5194,211.2,369.6,158.4,31.253,NEW,161.0,161.0,161.0,T5_moderate,1.75,HTLS Reconductor,73.2,116.1,1816,62.7,True,12.7,-96.80082027272728,32.808276409090915,-96.914175,32.651936
2023_all2030_genstorage_dcfull_n1_ALL_2030,2023,all2030,expansion_tx,ALL_2030,all2030_genstorage_dcfull_n1,transmission,upgrade_branch,line,AC,NORTH,8025-8055,8025,8055,98.0,137.2,39.2,31.107,NEW,115.0,115.0,115.0,T4_light,1.4,Reconductor(ACSR->ACSS),61.4,109.5,4423,72.1,True,28.2,-95.64904,31.9046145,-95.19267,31.779325
2023_all2030_genstorage_dcfull_n1_ALL_2030,2023,all2030,expansion_tx,ALL_2030,all2030_genstorage_dcfull_n1,transmission,upgrade_branch,line,AC,WEST,3015-3128,3015,3128,98.0,215.6,117.6,30.586,NEW,115.0,115.0,115.0,T6_heavy,2.2,New Parallel Circuit,89.9,135.9,805,95.2,True,10.2,-100.56760671428572,32.36118885714286,-100.727898,32.421184499999995
2023_all2030_genstorage_dcfull_n1_ALL_2030,2023,all2030,expansion_tx,ALL_2030,all2030_genstorage_dcfull_n1,transmission,upgrade_branch,line,AC,NORTH,5118-5456,5118,5456,251.0,351.4,100.4,29.808,NEW,161.0,161.0,161.0,T4_light,1.4,Reconductor(ACSR->ACSS),52.4,106.2,2551,71.7,True,21.8,-99.225355,32.359033,-98.98514,32.116953
2023_all2030_genstorage_dcfull_n1_ALL_2030,2023,all2030,expansion_tx,ALL_2030,all2030_genstorage_dcfull_n1,transmission,upgrade_branch,line,AC,NORTH,5052-8038,5052,8038,186.0,260.4,74.4,29.783,NEW,115.0,115.0,115.0,T4_light,1.4,Reconductor(ACSR->ACSS),69.3,102.2,4444,73.4,True,27.0,-96.12497666666668,33.113726,-95.669493,33.1959495
2023_all2030_genstorage_dcfull_n1_ALL_2030,2023,all2030,expansion_tx,ALL_2030,all2030_genstorage_dcfull_n1,transmission,upgrade_branch,line,AC,SOUTH,6125-6322,6125,6322,149.0,260.8,111.8,29.776,NEW,115.0,115.0,115.0,T5_moderate,1.75,HTLS Reconductor,75.7,123.9,3175,73.0,True,15.3,-98.057016,29.293499,-98.080406,29.073446
2023_all2030_genstorage_dcfull_n1_ALL_2030,2023,all2030,expansion_tx,ALL_2030,all2030_genstorage_dcfull_n1,transmission,upgrade_branch,line,AC,WEST,1104-1128,1104,1128,122.5,171.5,49.0,29.64,NEW,115.0,115.0,115.0,T4_light,1.4,Reconductor(ACSR->ACSS),50.0,100.3,4840,75.2,True,26.8,-101.368,32.377,-101.826,32.411
2023_all2030_genstorage_dcfull_n1_ALL_2030,2023,all2030,expansion_tx,ALL_2030,all2030_genstorage_dcfull_n1,transmission,upgrade_branch,line,AC,NORTH,2050-5268,2050,5268,213.0,298.2,85.2,29.527,NEW,161.0,161.0,161.0,T4_light,1.4,Reconductor(ACSR->ACSS),65.0,106.2,546,75.9,True,21.6,-95.42519,33.39167,-95.788968,33.316269
2023_all2030_genstorage_dcfull_n1_ALL_2030,2023,all2030,expansion_tx,ALL_2030,all2030_genstorage_dcfull_n1,transmission,upgrade_branch,line,AC,NORTH,2050-5268,2050,5268,213.0,298.2,85.2,29.527,NEW,161.0,161.0,161.0,T4_light,1.4,Reconductor(ACSR->ACSS),65.0,106.2,545,75.9,True,21.6,-95.42519,33.39167,-95.788968,33.316269
2023_all2030_genstorage_dcfull_n1_ALL_2030,2023,all2030,expansion_tx,ALL_2030,all2030_genstorage_dcfull_n1,transmission,upgrade_branch,line,AC,WEST,3032-3070,3032,3070,122.1,170.9,48.8,28.552,NEW,115.0,115.0,115.0,T4_light,1.4,Reconductor(ACSR->ACSS),84.0,103.6,773,69.1,True,25.8,-99.70613471428572,32.45867642857143,-100.1,32.2878
2023_all2030_genstorage_dcfull_n1_ALL_2030,2023,all2030,expansion_tx,ALL_2030,all2030_genstorage_dcfull_n1,transmission,upgrade_branch,line,AC,SOUTH,4149-4182,4149,4182,221.0,386.8,165.8,28.111,NEW,115.0,115.0,115.0,T5_moderate,1.75,HTLS Reconductor,95.6,118.6,1526,63.6,True,14.4,-97.19689,28.120701,-97.351834,27.96312533333333
2023_all2030_genstorage_dcfull_n1_ALL_2030,2023,all2030,expansion_tx,ALL_2030,all2030_genstorage_dcfull_n1,transmission,upgrade_branch,line,AC,HOUSTON,7251-7235,7251,7235,149.0,327.8,178.8,28.029,NEW,115.0,115.0,115.0,T6_heavy,2.2,New Parallel Circuit,87.1,126.3,3307,56.1,True,9.4,-95.833733,30.047619,-95.708537,29.9660525
2023_all2030_genstorage_dcfull_n1_ALL_2030,2023,all2030,expansion_tx,ALL_2030,all2030_genstorage_dcfull_n1,transmission,upgrade_branch,line,AC,SOUTH,4038-4125,4038,4125,131.0,229.2,98.2,27.943,NEW,115.0,115.0,115.0,T5_moderate,1.75,HTLS Reconductor,79.4,121.8,1439,64.2,True,14.3,-97.8000875,28.41935,-97.8308125,28.6249795
2023_all2030_genstorage_dcfull_n1_ALL_2030,2023,all2030,expansion_tx,ALL_2030,all2030_genstorage_dcfull_n1,transmission,upgrade_branch,line,AC,SOUTH,4125-13394,4125,13394,137.3,240.3,103.0,27.943,NEW,115.0,115.0,115.0,T5_moderate,1.75,HTLS Reconductor,90.6,123.8,1214,66.1,True,14.3,-97.8308125,28.6249795,-97.8000875,28.41935
2023_all2030_genstorage_dcfull_n1_ALL_2030,2023,all2030,expansion_tx,ALL_2030,all2030_genstorage_dcfull_n1,transmission,upgrade_branch,line,AC,NORTH,12754-13029,12754,13029,271.0,596.2,325.2,27.828,NEW,161.0,161.0,161.0,T6_heavy,2.2,New Parallel Circuit,94.9,143.7,4871,82.4,True,7.4,-99.695954,33.73925199999999,-99.657805,33.841272
2023_all2030_genstorage_dcfull_n1_ALL_2030,2023,all2030,expansion_tx,ALL_2030,all2030_genstorage_dcfull_n1,transmission,upgrade_branch,transformer,AC,SOUTH,4013-12560,4013,12560,1126.0,1970.5,844.5,27.5,NEW,115.0,500.0,500.0,T5_moderate,1.75,Transformer Replace 1.75x,67.3,122.7,1093,66.2,True,0.0,-98.3163296,26.4391468,-98.3163296,26.4391468
2023_all2030_genstorage_dcfull_n1_ALL_2030,2023,all2030,expansion_tx,ALL_2030,all2030_genstorage_dcfull_n1,transmission,upgrade_branch,transformer,AC,SOUTH,4013-12560,4013,12560,1126.0,1970.5,844.5,27.5,NEW,115.0,500.0,500.0,T5_moderate,1.75,Transformer Replace 1.75x,67.3,122.7,1092,66.2,True,0.0,-98.3163296,26.4391468,-98.3163296,26.4391468
2023_all2030_genstorage_dcfull_n1_ALL_2030,2023,all2030,expansion_tx,ALL_2030,all2030_genstorage_dcfull_n1,transmission,upgrade_branch,transformer,AC,SOUTH,4159-12566,4159,12566,1284.0,2247.0,963.0,27.5,NEW,115.0,500.0,500.0,T5_moderate,1.75,Transformer Replace 1.75x,70.9,116.4,1498,68.2,True,0.0,-97.4230987368421,27.74350405263158,-97.4230987368421,27.74350405263158
2023_all2030_genstorage_dcfull_n1_ALL_2030,2023,all2030,expansion_tx,ALL_2030,all2030_genstorage_dcfull_n1,transmission,upgrade_branch,transformer,AC,SOUTH,4159-12566,4159,12566,1284.0,2247.0,963.0,27.5,NEW,115.0,500.0,500.0,T5_moderate,1.75,Transformer Replace 1.75x,70.9,116.4,1497,68.2,True,0.0,-97.4230987368421,27.74350405263158,-97.4230987368421,27.74350405263158
2023_all2030_genstorage_dcfull_n1_ALL_2030,2023,all2030,expansion_tx,ALL_2030,all2030_genstorage_dcfull_n1,transmission,upgrade_branch,transformer,AC,SOUTH,4196-4195,4196,4195,1233.0,2157.8,924.8,27.5,NEW,230.0,500.0,500.0,T5_moderate,1.75,Transformer Replace 1.75x,62.9,121.3,1547,68.7,True,0.0,-99.005278,27.488056,-99.005278,27.488056
2023_all2030_genstorage_dcfull_n1_ALL_2030,2023,all2030,expansion_tx,ALL_2030,all2030_genstorage_dcfull_n1,transmission,upgrade_branch,transformer,AC,SOUTH,4196-4195,4196,4195,1233.0,2157.8,924.8,27.5,NEW,230.0,500.0,500.0,T5_moderate,1.75,Transformer Replace 1.75x,62.9,121.3,1546,68.7,True,0.0,-99.005278,27.488056,-99.005278,27.488056
2023_all2030_genstorage_dcfull_n1_ALL_2030,2023,all2030,expansion_tx,ALL_2030,all2030_genstorage_dcfull_n1,transmission,upgrade_branch,transformer,AC,NORTH,5308-12536,5308,12536,800.0,1400.0,600.0,27.5,NEW,161.0,500.0,500.0,T5_moderate,1.75,Transformer Replace 1.75x,90.2,114.5,2284,88.2,True,0.0,-96.5458,32.8358,-96.5458,32.8358
2023_all2030_genstorage_dcfull_n1_ALL_2030,2023,all2030,expansion_tx,ALL_2030,all2030_genstorage_dcfull_n1,transmission,upgrade_branch,transformer,AC,NORTH,5385-5384,5385,5384,1538.0,2691.5,1153.5,27.5,NEW,161.0,500.0,500.0,T5_moderate,1.75,Transformer Replace 1.75x,75.8,119.9,2481,72.5,True,0.0,-96.80082027272728,32.808276409090915,-96.80082027272728,32.808276409090915
2023_all2030_genstorage_dcfull_n1_ALL_2030,2023,all2030,expansion_tx,ALL_2030,all2030_genstorage_dcfull_n1,transmission,upgrade_branch,transformer,AC,NORTH,5385-5384,5385,5384,1538.0,2691.5,1153.5,27.5,NEW,161.0,500.0,500.0,T5_moderate,1.75,Transformer Replace 1.75x,75.8,119.9,2480,72.5,True,0.0,-96.80082027272728,32.808276409090915,-96.80082027272728,32.808276409090915
2023_all2030_genstorage_dcfull_n1_ALL_2030,2023,all2030,expansion_tx,ALL_2030,all2030_genstorage_dcfull_n1,transmission,upgrade_branch,transformer,AC,NORTH,5453-12863,5453,12863,600.0,1050.0,450.0,27.5,NEW,161.0,500.0,500.0,T5_moderate,1.75,Transformer Replace 1.75x,98.8,115.7,1564,65.3,True,0.0,-97.458078,32.3380315,-97.458078,32.3380315
2023_all2030_genstorage_dcfull_n1_ALL_2030,2023,all2030,expansion_tx,ALL_2030,all2030_genstorage_dcfull_n1,transmission,upgrade_branch,transformer,AC,SOUTH,6260-6254,6260,6254,84.9,148.6,63.7,27.5,NEW,13.8,500.0,500.0,T5_moderate,1.75,Transformer Replace 1.75x,111.2,111.3,3629,63.6,True,0.0,-97.77508287179488,30.30416587179487,-97.77508287179488,30.30416587179487
2023_all2030_genstorage_dcfull_n1_ALL_2030,2023,all2030,expansion_tx,ALL_2030,all2030_genstorage_dcfull_n1,transmission,upgrade_branch,transformer,AC,SOUTH,6324-12523,6324,12523,1080.0,1890.0,810.0,27.5,NEW,115.0,500.0,500.0,T5_moderate,1.75,Transformer Replace 1.75x,75.4,115.9,3248,89.8,True,0.0,-98.5093816037736,29.474642000000003,-98.5093816037736,29.474642000000003
2023_all2030_genstorage_dcfull_n1_ALL_2030,2023,all2030,expansion_tx,ALL_2030,all2030_genstorage_dcfull_n1,transmission,upgrade_branch,transformer,AC,SOUTH,6324-12523,6324,12523,1080.0,1890.0,810.0,27.5,NEW,115.0,500.0,500.0,T5_moderate,1.75,Transformer Replace 1.75x,75.4,115.9,3247,89.8,True,0.0,-98.5093816037736,29.474642000000003,-98.5093816037736,29.474642000000003
2023_all2030_genstorage_dcfull_n1_ALL_2030,2023,all2030,expansion_tx,ALL_2030,all2030_genstorage_dcfull_n1,transmission,upgrade_branch,transformer,AC,HOUSTON,12584-12585,12584,12585,691.0,1209.2,518.2,27.5,NEW,115.0,500.0,500.0,T5_moderate,1.75,Transformer Replace 1.75x,4.9,111.9,4709,80.3,True,0.0,-96.2086544,29.0561128,-96.2086544,29.0561128
2023_all2030_genstorage_dcfull_n1_ALL_2030,2023,all2030,expansion_tx,ALL_2030,all2030_genstorage_dcfull_n1,transmission,upgrade_branch,transformer,AC,HOUSTON,12639-12640,12639,12640,691.0,1209.2,518.2,27.5,NEW,115.0,500.0,500.0,T5_moderate,1.75,Transformer Replace 1.75x,4.9,111.9,4709,80.3,True,0.0,-96.2086544,29.0561128,-96.2086544,29.0561128
2023_all2030_genstorage_dcfull_n1_ALL_2030,2023,all2030,expansion_tx,ALL_2030,all2030_genstorage_dcfull_n1,transmission,upgrade_branch,line,AC,HOUSTON,7262-13402,7262,13402,157.0,274.8,117.8,27.069,NEW,115.0,115.0,115.0,T5_moderate,1.75,HTLS Reconductor,77.8,117.7,4097,65.1,True,13.9,-95.92298475,28.92553375,-95.718793,29.017466
2023_all2030_genstorage_dcfull_n1_ALL_2030,2023,all2030,expansion_tx,ALL_2030,all2030_genstorage_dcfull_n1,transmission,upgrade_branch,line,AC,WEST,1112-13300,1112,13300,122.5,269.5,147.0,26.447,NEW,115.0,115.0,115.0,T6_heavy,2.2,New Parallel Circuit,146.9,146.9,-1,67.3,True,8.8,-101.014,32.239,-100.890668,32.313261999999995
2023_all2030_genstorage_dcfull_n1_ALL_2030,2023,all2030,expansion_tx,ALL_2030,all2030_genstorage_dcfull_n1,transmission,upgrade_branch,line,AC,HOUSTON,7030-4173,7030,4173,149.0,208.6,59.6,26.282,NEW,115.0,115.0,115.0,T4_light,1.4,Reconductor(ACSR->ACSS),83.5,108.5,4322,70.3,True,23.8,-96.70457766666668,28.589903333333336,-96.899059,28.291147
2023_all2030_genstorage_dcfull_n1_ALL_2030,2023,all2030,expansion_tx,ALL_2030,all2030_genstorage_dcfull_n1,transmission,upgrade_branch,line,AC,HOUSTON,7364-7299,7364,7299,98.0,171.5,73.5,25.71,NEW,115.0,115.0,115.0,T5_moderate,1.75,HTLS Reconductor,96.1,115.9,4168,64.3,True,13.2,-96.218695,29.522218,-96.384508,29.397447
2023_all2030_genstorage_dcfull_n1_ALL_2030,2023,all2030,expansion_tx,ALL_2030,all2030_genstorage_dcfull_n1,transmission,upgrade_branch,line,AC,NORTH,5169-5264,5169,5264,234.7,410.7,176.0,25.54,NEW,161.0,161.0,161.0,T5_moderate,1.75,HTLS Reconductor,13.1,119.9,2087,66.2,True,10.3,-98.4123355,32.20698,-98.552257,32.298594
2023_all2030_genstorage_dcfull_n1_ALL_2030,2023,all2030,expansion_tx,ALL_2030,all2030_genstorage_dcfull_n1,transmission,upgrade_branch,line,AC,HOUSTON,7129-7060,7129,7060,172.0,301.0,129.0,25.514,NEW,115.0,115.0,115.0,T5_moderate,1.75,HTLS Reconductor,88.6,113.2,3276,63.8,True,13.1,-96.556418,28.852327,-96.542544,28.663349333333333
2023_all2030_genstorage_dcfull_n1_ALL_2030,2023,all2030,expansion_tx,ALL_2030,all2030_genstorage_dcfull_n1,transmission,upgrade_branch,line,AC,HOUSTON,7244-7272,7244,7272,220.0,308.0,88.0,25.459,NEW,115.0,115.0,115.0,T4_light,1.4,Reconductor(ACSR->ACSS),76.2,105.2,3871,75.7,True,23.0,-95.31001,29.45566,-95.41128715217393,29.77727818478261
2023_all2030_genstorage_dcfull_n1_ALL_2030,2023,all2030,expansion_tx,ALL_2030,all2030_genstorage_dcfull_n1,transmission,upgrade_branch,line,AC,NORTH,5258-5178,5258,5178,187.0,327.2,140.2,25.073,NEW,161.0,161.0,161.0,T5_moderate,1.75,HTLS Reconductor,97.3,123.3,2101,62.9,True,10.2,-96.4916,32.7563,-96.4445225,32.897791
2023_all2030_genstorage_dcfull_n1_ALL_2030,2023,all2030,expansion_tx,ALL_2030,all2030_genstorage_dcfull_n1,transmission,upgrade_branch,transformer,AC,SOUTH,4058-4056,4058,4056,200.9,602.7,401.8,25.0,NEW,13.8,230.0,230.0,T7_structural,3.0,Major Transformer 3x,157.2,157.2,0,52.9,True,0.0,-97.242778,27.882778,-97.242778,27.882778
2023_all2030_genstorage_dcfull_n1_ALL_2030,2023,all2030,expansion_tx,ALL_2030,all2030_genstorage_dcfull_n1,transmission,upgrade_branch,transformer,AC,SOUTH,4059-4056,4059,4056,202.5,607.5,405.0,25.0,NEW,13.8,230.0,230.0,T7_structural,3.0,Major Transformer 3x,155.9,155.9,1461,53.5,True,0.0,-97.242778,27.882778,-97.242778,27.882778
2023_all2030_genstorage_dcfull_n1_ALL_2030,2023,all2030,expansion_tx,ALL_2030,all2030_genstorage_dcfull_n1,transmission,upgrade_branch,transformer,AC,SOUTH,4082-4080,4082,4080,398.2,1194.6,796.4,25.0,NEW,13.8,230.0,230.0,T7_structural,3.0,Major Transformer 3x,162.3,162.3,4,54.4,True,0.0,-97.4230987368421,27.74350405263158,-97.4230987368421,27.74350405263158
2023_all2030_genstorage_dcfull_n1_ALL_2030,2023,all2030,expansion_tx,ALL_2030,all2030_genstorage_dcfull_n1,transmission,upgrade_branch,transformer,AC,SOUTH,4085-4080,4085,4080,197.3,591.9,394.6,25.0,NEW,13.8,230.0,230.0,T7_structural,3.0,Major Transformer 3x,160.3,160.4,3629,53.9,True,0.0,-97.4230987368421,27.74350405263158,-97.4230987368421,27.74350405263158
2023_all2030_genstorage_dcfull_n1_ALL_2030,2023,all2030,expansion_tx,ALL_2030,all2030_genstorage_dcfull_n1,transmission,upgrade_branch,transformer,AC,SOUTH,4116-4113,4116,4113,114.5,343.5,229.0,25.0,NEW,13.8,230.0,230.0,T7_structural,3.0,Major Transformer 3x,155.3,155.4,3629,51.9,True,0.0,-99.3906115,27.588413625,-99.3906115,27.588413625
2023_all2030_genstorage_dcfull_n1_ALL_2030,2023,all2030,expansion_tx,ALL_2030,all2030_genstorage_dcfull_n1,transmission,upgrade_branch,transformer,AC,SOUTH,4161-4158,4161,4158,196.1,588.3,392.2,25.0,NEW,13.8,230.0,230.0,T7_structural,3.0,Major Transformer 3x,161.3,161.3,-1,53.8,True,0.0,-97.4230987368421,27.74350405263158,-97.4230987368421,27.74350405263158
2023_all2030_genstorage_dcfull_n1_ALL_2030,2023,all2030,expansion_tx,ALL_2030,all2030_genstorage_dcfull_n1,transmission,upgrade_branch,transformer,AC,SOUTH,6109-6108,6109,6108,137.0,411.0,274.0,25.0,NEW,115.0,230.0,230.0,T7_structural,3.0,Major Transformer 3x,158.2,288.3,2933,96.1,True,0.0,-96.947291,30.633128,-96.947291,30.633128
2023_all2030_genstorage_dcfull_n1_ALL_2030,2023,all2030,expansion_tx,ALL_2030,all2030_genstorage_dcfull_n1,transmission,upgrade_branch,transformer,AC,SOUTH,12610-6152,12610,6152,222.0,666.0,444.0,25.0,NEW,20.0,230.0,230.0,T7_structural,3.0,Major Transformer 3x,173.1,173.1,25,57.7,True,0.0,-98.5093816037736,29.474642000000003,-98.5093816037736,29.474642000000003
2023_all2030_genstorage_dcfull_n1_ALL_2030,2023,all2030,expansion_tx,ALL_2030,all2030_genstorage_dcfull_n1,transmission,upgrade_branch,transformer,AC,SOUTH,12611-6152,12611,6152,216.2,648.6,432.4,25.0,NEW,20.0,230.0,230.0,T7_structural,3.0,Major Transformer 3x,153.2,153.2,3629,51.1,True,0.0,-98.5093816037736,29.474642000000003,-98.5093816037736,29.474642000000003
2023_all2030_genstorage_dcfull_n1_ALL_2030,2023,all2030,expansion_tx,ALL_2030,all2030_genstorage_dcfull_n1,transmission,upgrade_branch,transformer,AC,SOUTH,12612-6152,12612,6152,200.9,602.7,401.8,25.0,NEW,20.0,230.0,230.0,T7_structural,3.0,Major Transformer 3x,164.9,164.9,3629,55.0,True,0.0,-98.5093816037736,29.474642000000003,-98.5093816037736,29.474642000000003
2023_all2030_genstorage_dcfull_n1_ALL_2030,2023,all2030,expansion_tx,ALL_2030,all2030_genstorage_dcfull_n1,transmission,upgrade_branch,transformer,AC,NORTH,12961-8147,12961,8147,310.2,930.6,620.4,25.0,NEW,20.0,230.0,230.0,T7_structural,3.0,Major Transformer 3x,186.1,186.1,61,62.0,True,0.0,-96.1482745,32.142643,-96.1482745,32.142643
2023_all2030_genstorage_dcfull_n1_ALL_2030,2023,all2030,expansion_tx,ALL_2030,all2030_genstorage_dcfull_n1,transmission,upgrade_branch,line,AC,NORTH,5088-5290,5088,5290,321.0,706.2,385.2,24.739,NEW,161.0,161.0,161.0,T6_heavy,2.2,New Parallel Circuit,75.7,140.8,1832,73.7,True,6.6,-97.46203133333334,31.819786000000004,-97.3667,31.8694
2023_all2030_genstorage_dcfull_n1_ALL_2030,2023,all2030,expansion_tx,ALL_2030,all2030_genstorage_dcfull_n1,transmission,upgrade_branch,line,AC,NORTH,5088-5290,5088,5290,321.0,706.2,385.2,24.739,NEW,161.0,161.0,161.0,T6_heavy,2.2,New Parallel Circuit,75.7,140.8,1831,73.7,True,6.6,-97.46203133333334,31.819786000000004,-97.3667,31.8694
2023_all2030_genstorage_dcfull_n1_ALL_2030,2023,all2030,expansion_tx,ALL_2030,all2030_genstorage_dcfull_n1,transmission,upgrade_branch,line,AC,NORTH,5453-5092,5453,5092,250.0,350.0,100.0,24.304,NEW,161.0,161.0,161.0,T4_light,1.4,Reconductor(ACSR->ACSS),74.9,102.8,2535,70.9,True,17.8,-97.458078,32.3380315,-97.16076,32.280923
2023_all2030_genstorage_dcfull_n1_ALL_2030,2023,all2030,expansion_tx,ALL_2030,all2030_genstorage_dcfull_n1,transmission,upgrade_branch,line,AC,NORTH,2033-5288,2033,5288,254.0,444.5,190.5,24.071,NEW,161.0,161.0,161.0,T5_moderate,1.75,HTLS Reconductor,87.5,113.9,643,64.6,True,9.7,-96.146489,33.500378,-96.0140895,33.412679
2023_all2030_genstorage_dcfull_n1_ALL_2030,2023,all2030,expansion_tx,ALL_2030,all2030_genstorage_dcfull_n1,transmission,upgrade_branch,line,AC,NORTH,5097-5125,5097,5125,205.3,359.3,154.0,24.042,NEW,161.0,161.0,161.0,T5_moderate,1.75,HTLS Reconductor,85.2,120.0,1862,68.1,True,9.7,-97.0886755,32.837196,-97.12502636363637,32.69967490909091
2023_all2030_genstorage_dcfull_n1_ALL_2030,2023,all2030,expansion_tx,ALL_2030,all2030_genstorage_dcfull_n1,transmission,upgrade_branch,line,AC,SOUTH,4173-4149,4173,4149,170.0,238.0,68.0,23.894,NEW,115.0,115.0,115.0,T4_light,1.4,Reconductor(ACSR->ACSS),80.2,102.2,4322,66.7,True,21.6,-96.899059,28.291147,-97.19689,28.120701
2023_all2030_genstorage_dcfull_n1_ALL_2030,2023,all2030,expansion_tx,ALL_2030,all2030_genstorage_dcfull_n1,transmission,upgrade_branch,line,AC,NORTH,5333-5157,5333,5157,310.0,682.0,372.0,23.758,NEW,161.0,161.0,161.0,T6_heavy,2.2,New Parallel Circuit,90.1,149.1,1908,76.9,True,6.3,-96.807315,32.521773,-96.864075,32.599427
2023_all2030_genstorage_dcfull_n1_ALL_2030,2023,all2030,expansion_tx,ALL_2030,all2030_genstorage_dcfull_n1,transmission,upgrade_branch,line,AC,NORTH,5333-5157,5333,5157,310.0,682.0,372.0,23.758,NEW,161.0,161.0,161.0,T6_heavy,2.2,New Parallel Circuit,90.1,149.1,1908,76.9,True,6.3,-96.807315,32.521773,-96.864075,32.599427
2023_all2030_genstorage_dcfull_n1_ALL_2030,2023,all2030,expansion_tx,ALL_2030,all2030_genstorage_dcfull_n1,transmission,upgrade_branch,line,AC,NORTH,5290-5345,5290,5345,295.0,413.0,118.0,23.603,NEW,161.0,161.0,161.0,T4_light,1.4,Reconductor(ACSR->ACSS),80.3,102.0,1917,70.5,True,17.3,-97.3667,31.8694,-97.133361,32.022461
2023_all2030_genstorage_dcfull_n1_ALL_2030,2023,all2030,expansion_tx,ALL_2030,all2030_genstorage_dcfull_n1,transmission,upgrade_branch,line,AC,NORTH,8121-8055,8121,8055,98.0,171.5,73.5,23.369,NEW,115.0,115.0,115.0,T5_moderate,1.75,HTLS Reconductor,14.2,112.5,4589,58.5,True,12.0,-95.123407,31.9424935,-95.19267,31.779325
2023_all2030_genstorage_dcfull_n1_ALL_2030,2023,all2030,expansion_tx,ALL_2030,all2030_genstorage_dcfull_n1,transmission,upgrade_branch,line,AC,NORTH,5116-5072,5116,5072,310.0,434.0,124.0,23.215,NEW,161.0,161.0,161.0,T4_light,1.4,Reconductor(ACSR->ACSS),59.6,101.3,1777,69.6,True,17.0,-96.73076228571428,33.04730142857143,-96.80082027272728,32.808276409090915
2023_all2030_genstorage_dcfull_n1_ALL_2030,2023,all2030,expansion_tx,ALL_2030,all2030_genstorage_dcfull_n1,transmission,upgrade_branch,line,AC,NORTH,5116-5072,5116,5072,310.0,434.0,124.0,23.215,NEW,161.0,161.0,161.0,T4_light,1.4,Reconductor(ACSR->ACSS),59.6,101.3,1776,69.6,True,17.0,-96.73076228571428,33.04730142857143,-96.80082027272728,32.808276409090915
2023_all2030_genstorage_dcfull_n1_ALL_2030,2023,all2030,expansion_tx,ALL_2030,all2030_genstorage_dcfull_n1,transmission,upgrade_branch,line,AC,HOUSTON,7052-7417,7052,7417,132.7,185.8,53.1,20.861,NEW,115.0,115.0,115.0,T4_light,1.4,Reconductor(ACSR->ACSS),86.8,101.7,3454,77.4,True,18.9,-95.567913,29.5403555,-95.41128715217393,29.77727818478261
2023_all2030_genstorage_dcfull_n1_ALL_2030,2023,all2030,expansion_tx,ALL_2030,all2030_genstorage_dcfull_n1,transmission,upgrade_branch,line,AC,HOUSTON,7261-7096,7261,7096,579.0,810.6,231.6,20.666,NEW,230.0,230.0,230.0,T4_light,1.4,Reconductor(ACSR->ACSS),90.1,107.4,4774,76.2,True,11.8,-95.92298475,28.92553375,-96.0481,28.795
2023_all2030_genstorage_dcfull_n1_ALL_2030,2023,all2030,expansion_tx,ALL_2030,all2030_genstorage_dcfull_n1,transmission,upgrade_branch,line,AC,NORTH,8055-8098,8055,8098,220.0,308.0,88.0,20.625,NEW,115.0,115.0,115.0,T4_light,1.4,Reconductor(ACSR->ACSS),49.0,101.3,4589,65.1,True,18.7,-95.19267,31.779325,-94.87749,31.8141905
2023_all2030_genstorage_dcfull_n1_ALL_2030,2023,all2030,expansion_tx,ALL_2030,all2030_genstorage_dcfull_n1,transmission,upgrade_branch,line,AC,HOUSTON,7001-7337,7001,7337,133.0,186.2,53.2,20.481,NEW,115.0,115.0,115.0,T4_light,1.4,Reconductor(ACSR->ACSS),75.0,108.0,3502,77.2,True,18.5,-96.889623,28.83905,-96.689715,29.042415
2023_all2030_genstorage_dcfull_n1_ALL_2030,2023,all2030,expansion_tx,ALL_2030,all2030_genstorage_dcfull_n1,transmission,upgrade_branch,transformer,AC,NORTH,5064-5063,5064,5063,1277.0,1915.5,638.5,20.0,NEW,161.0,500.0,500.0,T4_light,1.5,Transformer Replace 1.5x,77.4,107.2,1750,82.0,True,0.0,-97.12502636363637,32.69967490909091,-97.12502636363637,32.69967490909091
2023_all2030_genstorage_dcfull_n1_ALL_2030,2023,all2030,expansion_tx,ALL_2030,all2030_genstorage_dcfull_n1,transmission,upgrade_branch,transformer,AC,NORTH,5064-5063,5064,5063,1277.0,1915.5,638.5,20.0,NEW,161.0,500.0,500.0,T4_light,1.5,Transformer Replace 1.5x,77.4,107.2,1749,82.0,True,0.0,-97.12502636363637,32.69967490909091,-97.12502636363637,32.69967490909091
2023_all2030_genstorage_dcfull_n1_ALL_2030,2023,all2030,expansion_tx,ALL_2030,all2030_genstorage_dcfull_n1,transmission,upgrade_branch,transformer,AC,NORTH,5259-12728,5259,12728,600.0,900.0,300.0,20.0,NEW,161.0,500.0,500.0,T4_light,1.5,Transformer Replace 1.5x,78.8,103.3,2361,78.1,True,0.0,-96.452481,33.068055,-96.452481,33.068055
2023_all2030_genstorage_dcfull_n1_ALL_2030,2023,all2030,expansion_tx,ALL_2030,all2030_genstorage_dcfull_n1,transmission,upgrade_branch,transformer,AC,NORTH,5323-5322,5323,5322,1334.0,2001.0,667.0,20.0,NEW,161.0,500.0,500.0,T4_light,1.5,Transformer Replace 1.5x,76.5,101.8,2387,76.6,True,0.0,-96.80082027272728,32.808276409090915,-96.80082027272728,32.808276409090915
2023_all2030_genstorage_dcfull_n1_ALL_2030,2023,all2030,expansion_tx,ALL_2030,all2030_genstorage_dcfull_n1,transmission,upgrade_branch,transformer,AC,NORTH,5323-5322,5323,5322,1334.0,2001.0,667.0,20.0,NEW,161.0,500.0,500.0,T4_light,1.5,Transformer Replace 1.5x,76.5,101.8,2386,76.6,True,0.0,-96.80082027272728,32.808276409090915,-96.80082027272728,32.808276409090915
2023_all2030_genstorage_dcfull_n1_ALL_2030,2023,all2030,expansion_tx,ALL_2030,all2030_genstorage_dcfull_n1,transmission,upgrade_branch,transformer,AC,SOUTH,6108-6107,6108,6107,380.0,570.0,190.0,20.0,NEW,230.0,500.0,500.0,T4_light,1.5,Transformer Replace 1.5x,77.4,107.9,2696,79.0,True,0.0,-96.947291,30.633128,-96.947291,30.633128
2023_all2030_genstorage_dcfull_n1_ALL_2030,2023,all2030,expansion_tx,ALL_2030,all2030_genstorage_dcfull_n1,transmission,upgrade_branch,transformer,AC,HOUSTON,7339-12696,7339,12696,1015.0,1522.5,507.5,20.0,NEW,115.0,500.0,500.0,T4_light,1.5,Transformer Replace 1.5x,64.4,106.3,4226,75.8,True,0.0,-95.785914,29.3459875,-95.785914,29.3459875
2023_all2030_genstorage_dcfull_n1_ALL_2030,2023,all2030,expansion_tx,ALL_2030,all2030_genstorage_dcfull_n1,transmission,upgrade_branch,transformer,AC,HOUSTON,7342-7341,7342,7341,1311.0,1966.5,655.5,20.0,NEW,230.0,500.0,500.0,T4_light,1.5,Transformer Replace 1.5x,79.2,106.0,4227,88.8,True,0.0,-95.7842315,29.79427175,-95.7842315,29.79427175
2023_all2030_genstorage_dcfull_n1_ALL_2030,2023,all2030,expansion_tx,ALL_2030,all2030_genstorage_dcfull_n1,transmission,upgrade_branch,line,AC,WEST,3128-3129,3128,3129,136.0,238.0,102.0,19.948,NEW,115.0,115.0,115.0,T5_moderate,1.75,HTLS Reconductor,63.6,115.6,805,61.4,True,10.2,-100.727898,32.421184499999995,-100.56760671428572,32.36118885714286
2023_all2030_genstorage_dcfull_n1_ALL_2030,2023,all2030,expansion_tx,ALL_2030,all2030_genstorage_dcfull_n1,transmission,upgrade_branch,line,AC,NORTH,5268-5288,5268,5288,247.0,345.8,98.8,19.928,NEW,161.0,161.0,161.0,T4_light,1.4,Reconductor(ACSR->ACSS),87.1,104.5,643,74.6,True,14.6,-95.788968,33.316269,-96.0140895,33.412679
2023_all2030_genstorage_dcfull_n1_ALL_2030,2023,all2030,expansion_tx,ALL_2030,all2030_genstorage_dcfull_n1,transmission,upgrade_branch,line,AC,SOUTH,4170-4108,4170,4108,149.0,260.8,111.8,19.917,NEW,115.0,115.0,115.0,T5_moderate,1.75,HTLS Reconductor,90.6,111.0,1528,57.0,True,10.2,-97.092196,27.873028,-97.258417,27.88929
2023_all2030_genstorage_dcfull_n1_ALL_2030,2023,all2030,expansion_tx,ALL_2030,all2030_genstorage_dcfull_n1,transmission,upgrade_branch,line,AC,NORTH,5274-5313,5274,5313,232.9,582.2,349.4,19.524,NEW,161.0,161.0,161.0,T7_structural,2.5,New Corridor/Aggressive Parallel,175.6,232.3,2317,121.7,False,2.6,-96.674333,32.605192,-96.695516,32.63852
2023_all2030_genstorage_dcfull_n1_ALL_2030,2023,all2030,expansion_tx,ALL_2030,all2030_genstorage_dcfull_n1,transmission,upgrade_branch,line,AC,SOUTH,4155-12906,4155,12906,143.2,200.5,57.3,19.38,NEW,115.0,115.0,115.0,T4_light,1.4,Reconductor(ACSR->ACSS),68.9,100.3,1483,75.0,True,17.5,-98.567191,26.253727,-98.411111,26.465556
2023_all2030_genstorage_dcfull_n1_ALL_2030,2023,all2030,expansion_tx,ALL_2030,all2030_genstorage_dcfull_n1,transmission,upgrade_branch,line,AC,SOUTH,4155-12906,4155,12906,143.2,200.5,57.3,19.38,NEW,115.0,115.0,115.0,T4_light,1.4,Reconductor(ACSR->ACSS),68.9,100.3,1482,75.0,True,17.5,-98.567191,26.253727,-98.411111,26.465556
2023_all2030_genstorage_dcfull_n1_ALL_2030,2023,all2030,expansion_tx,ALL_2030,all2030_genstorage_dcfull_n1,transmission,upgrade_branch,line,AC,NORTH,8120-8141,8120,8141,221.0,309.4,88.4,19.372,NEW,115.0,115.0,115.0,T4_light,1.4,Reconductor(ACSR->ACSS),52.0,105.6,4356,46.5,True,17.5,-96.4032496,30.7142204,-96.62542,30.881424
2023_all2030_genstorage_dcfull_n1_ALL_2030,2023,all2030,expansion_tx,ALL_2030,all2030_genstorage_dcfull_n1,transmission,upgrade_branch,line,AC,SOUTH,6221-6322,6221,6322,98.0,137.2,39.2,19.042,NEW,115.0,115.0,115.0,T4_light,1.4,Reconductor(ACSR->ACSS),33.8,106.7,3195,78.0,True,17.2,-98.240425,28.867033,-98.080406,29.073446
2023_all2030_genstorage_dcfull_n1_ALL_2030,2023,all2030,expansion_tx,ALL_2030,all2030_genstorage_dcfull_n1,transmission,upgrade_branch,line,AC,SOUTH,6032-6207,6032,6207,149.0,208.6,59.6,18.863,NEW,115.0,115.0,115.0,T4_light,1.4,Reconductor(ACSR->ACSS),41.0,104.8,2954,74.9,True,17.1,-97.77508287179488,30.30416587179487,-97.9398515,30.5062735
2023_all2030_genstorage_dcfull_n1_ALL_2030,2023,all2030,expansion_tx,ALL_2030,all2030_genstorage_dcfull_n1,transmission,upgrade_branch,line,AC,HOUSTON,7044-7001,7044,7001,111.0,194.2,83.2,18.573,NEW,115.0,115.0,115.0,T5_moderate,1.75,HTLS Reconductor,75.6,124.9,3355,91.7,True,9.5,-97.00621414285716,28.74651585714286,-96.889623,28.83905
2023_all2030_genstorage_dcfull_n1_ALL_2030,2023,all2030,expansion_tx,ALL_2030,all2030_genstorage_dcfull_n1,transmission,upgrade_branch,line,AC,NORTH,2033-2106,2033,2106,326.0,456.4,130.4,18.279,NEW,161.0,161.0,161.0,T4_light,1.4,Reconductor(ACSR->ACSS),56.3,109.7,491,78.0,True,13.4,-96.146489,33.500378,-96.378894,33.498186
2023_all2030_genstorage_dcfull_n1_ALL_2030,2023,all2030,expansion_tx,ALL_2030,all2030_genstorage_dcfull_n1,transmission,upgrade_branch,line,AC,SOUTH,6241-6324,6241,6324,310.0,434.0,124.0,17.979,NEW,115.0,115.0,115.0,T4_light,1.4,Reconductor(ACSR->ACSS),57.1,105.3,3177,80.5,True,16.3,-98.35335,29.282378,-98.5093816037736,29.474642000000003
2023_all2030_genstorage_dcfull_n1_ALL_2030,2023,all2030,expansion_tx,ALL_2030,all2030_genstorage_dcfull_n1,transmission,upgrade_branch,line,AC,SOUTH,6241-6324,6241,6324,310.0,434.0,124.0,17.979,NEW,115.0,115.0,115.0,T4_light,1.4,Reconductor(ACSR->ACSS),57.1,105.3,3176,80.5,True,16.3,-98.35335,29.282378,-98.5093816037736,29.474642000000003
2023_all2030_genstorage_dcfull_n1_ALL_2030,2023,all2030,expansion_tx,ALL_2030,all2030_genstorage_dcfull_n1,transmission,upgrade_branch,line,AC,SOUTH,6324-13126,6324,13126,223.1,312.3,89.2,17.979,NEW,115.0,115.0,115.0,T4_light,1.4,Reconductor(ACSR->ACSS),78.8,103.8,2964,68.0,True,16.3,-98.5093816037736,29.474642000000003,-98.35335,29.282378
2023_all2030_genstorage_dcfull_n1_ALL_2030,2023,all2030,expansion_tx,ALL_2030,all2030_genstorage_dcfull_n1,transmission,upgrade_branch,line,AC,SOUTH,6324-13126,6324,13126,223.1,312.3,89.2,17.979,NEW,115.0,115.0,115.0,T4_light,1.4,Reconductor(ACSR->ACSS),78.8,103.8,2964,68.0,True,16.3,-98.5093816037736,29.474642000000003,-98.35335,29.282378
2023_all2030_genstorage_dcfull_n1_ALL_2030,2023,all2030,expansion_tx,ALL_2030,all2030_genstorage_dcfull_n1,transmission,upgrade_branch,line,AC,NORTH,5194-5330,5194,5330,251.0,351.4,100.4,17.334,NEW,161.0,161.0,161.0,T4_light,1.4,Reconductor(ACSR->ACSS),58.2,105.0,2544,54.7,True,12.7,-96.914175,32.651936,-97.12502636363637,32.69967490909091
2023_all2030_genstorage_dcfull_n1_ALL_2030,2023,all2030,expansion_tx,ALL_2030,all2030_genstorage_dcfull_n1,transmission,upgrade_branch,transformer,AC,WEST,3089-3088,3089,3088,411.0,822.0,411.0,17.0,NEW,161.0,230.0,230.0,T6_heavy,2.0,Parallel Transformer 2x,116.7,146.2,773,79.1,True,0.0,-99.70613471428572,32.45867642857143,-99.70613471428572,32.45867642857143
2023_all2030_genstorage_dcfull_n1_ALL_2030,2023,all2030,expansion_tx,ALL_2030,all2030_genstorage_dcfull_n1,transmission,upgrade_branch,transformer,AC,SOUTH,4060-4056,4060,4056,232.8,465.6,232.8,17.0,NEW,13.8,230.0,230.0,T6_heavy,2.0,Parallel Transformer 2x,131.3,131.3,11,65.8,True,0.0,-97.242778,27.882778,-97.242778,27.882778
2023_all2030_genstorage_dcfull_n1_ALL_2030,2023,all2030,expansion_tx,ALL_2030,all2030_genstorage_dcfull_n1,transmission,upgrade_branch,transformer,AC,SOUTH,4075-4073,4075,4073,246.2,492.4,246.2,17.0,NEW,24.0,230.0,230.0,T6_heavy,2.0,Parallel Transformer 2x,149.8,149.8,3629,74.9,True,0.0,-98.349756,26.24829825,-98.349756,26.24829825
2023_all2030_genstorage_dcfull_n1_ALL_2030,2023,all2030,expansion_tx,ALL_2030,all2030_genstorage_dcfull_n1,transmission,upgrade_branch,transformer,AC,SOUTH,4077-4073,4077,4073,269.0,538.0,269.0,17.0,NEW,24.0,230.0,230.0,T6_heavy,2.0,Parallel Transformer 2x,134.0,134.2,3629,67.4,True,0.0,-98.349756,26.24829825,-98.349756,26.24829825
2023_all2030_genstorage_dcfull_n1_ALL_2030,2023,all2030,expansion_tx,ALL_2030,all2030_genstorage_dcfull_n1,transmission,upgrade_branch,transformer,AC,SOUTH,4083-4080,4083,4080,421.8,843.6,421.8,17.0,NEW,13.8,230.0,230.0,T6_heavy,2.0,Parallel Transformer 2x,140.2,140.2,3629,70.4,True,0.0,-97.4230987368421,27.74350405263158,-97.4230987368421,27.74350405263158
2023_all2030_genstorage_dcfull_n1_ALL_2030,2023,all2030,expansion_tx,ALL_2030,all2030_genstorage_dcfull_n1,transmission,upgrade_branch,transformer,AC,SOUTH,4084-4080,4084,4080,214.5,429.0,214.5,17.0,NEW,13.8,230.0,230.0,T6_heavy,2.0,Parallel Transformer 2x,147.4,147.4,0,73.7,True,0.0,-97.4230987368421,27.74350405263158,-97.4230987368421,27.74350405263158
2023_all2030_genstorage_dcfull_n1_ALL_2030,2023,all2030,expansion_tx,ALL_2030,all2030_genstorage_dcfull_n1,transmission,upgrade_branch,transformer,AC,SOUTH,4162-4158,4162,4158,222.4,444.8,222.4,17.0,NEW,13.8,230.0,230.0,T6_heavy,2.0,Parallel Transformer 2x,142.2,142.2,-1,71.1,True,0.0,-97.4230987368421,27.74350405263158,-97.4230987368421,27.74350405263158
2023_all2030_genstorage_dcfull_n1_ALL_2030,2023,all2030,expansion_tx,ALL_2030,all2030_genstorage_dcfull_n1,transmission,upgrade_branch,transformer,AC,SOUTH,6264-6263,6264,6263,292.0,584.0,292.0,17.0,NEW,115.0,230.0,230.0,T6_heavy,2.0,Parallel Transformer 2x,16.7,127.4,3197,66.0,True,0.0,-97.894958,28.733411,-97.894958,28.733411
2023_all2030_genstorage_dcfull_n1_ALL_2030,2023,all2030,expansion_tx,ALL_2030,all2030_genstorage_dcfull_n1,transmission,upgrade_branch,transformer,AC,SOUTH,6344-6343,6344,6343,400.0,800.0,400.0,17.0,NEW,115.0,230.0,230.0,T6_heavy,2.0,Parallel Transformer 2x,83.9,125.4,3258,80.6,True,0.0,-97.677175,30.5341255,-97.677175,30.5341255
2023_all2030_genstorage_dcfull_n1_ALL_2030,2023,all2030,expansion_tx,ALL_2030,all2030_genstorage_dcfull_n1,transmission,upgrade_branch,transformer,AC,SOUTH,6344-6343,6344,6343,400.0,800.0,400.0,17.0,NEW,115.0,230.0,230.0,T6_heavy,2.0,Parallel Transformer 2x,83.9,125.4,3257,80.6,True,0.0,-97.677175,30.5341255,-97.677175,30.5341255
2023_all2030_genstorage_dcfull_n1_ALL_2030,2023,all2030,expansion_tx,ALL_2030,all2030_genstorage_dcfull_n1,transmission,upgrade_branch,transformer,AC,HOUSTON,7030-7029,7030,7029,126.6,253.2,126.6,17.0,NEW,115.0,230.0,230.0,T6_heavy,2.0,Parallel Transformer 2x,98.2,127.7,4322,57.9,True,0.0,-96.70457766666668,28.589903333333336,-96.70457766666668,28.589903333333336
2023_all2030_genstorage_dcfull_n1_ALL_2030,2023,all2030,expansion_tx,ALL_2030,all2030_genstorage_dcfull_n1,transmission,upgrade_branch,transformer,AC,HOUSTON,7421-7420,7421,7420,161.4,322.8,161.4,17.0,NEW,115.0,230.0,230.0,T6_heavy,2.0,Parallel Transformer 2x,108.1,148.6,4337,96.6,True,0.0,-95.698237,30.1865575,-95.698237,30.1865575
2023_all2030_genstorage_dcfull_n1_ALL_2030,2023,all2030,expansion_tx,ALL_2030,all2030_genstorage_dcfull_n1,transmission,upgrade_branch,transformer,AC,HOUSTON,7421-7420,7421,7420,161.4,322.8,161.4,17.0,NEW,115.0,230.0,230.0,T6_heavy,2.0,Parallel Transformer 2x,108.1,148.6,4336,96.6,True,0.0,-95.698237,30.1865575,-95.698237,30.1865575
2023_all2030_genstorage_dcfull_n1_ALL_2030,2023,all2030,expansion_tx,ALL_2030,all2030_genstorage_dcfull_n1,transmission,upgrade_branch,line,AC,NORTH,5232-5251,5232,5251,187.0,327.2,140.2,16.993,NEW,161.0,161.0,161.0,T5_moderate,1.75,HTLS Reconductor,82.5,113.3,2386,54.4,True,6.9,-97.12502636363637,32.69967490909091,-97.010181,32.723688
2023_all2030_genstorage_dcfull_n1_ALL_2030,2023,all2030,expansion_tx,ALL_2030,all2030_genstorage_dcfull_n1,transmission,upgrade_branch,line,AC,SOUTH,6264-4125,6264,4125,333.0,582.8,249.8,16.46,NEW,115.0,115.0,115.0,T5_moderate,1.75,HTLS Reconductor,26.0,123.1,3197,72.7,True,8.4,-97.894958,28.733411,-97.8308125,28.6249795
2023_all2030_genstorage_dcfull_n1_ALL_2030,2023,all2030,expansion_tx,ALL_2030,all2030_genstorage_dcfull_n1,transmission,upgrade_branch,line,AC,SOUTH,4130-4179,4130,4179,98.0,137.2,39.2,16.451,NEW,115.0,115.0,115.0,T4_light,1.4,Reconductor(ACSR->ACSS),44.3,106.7,1548,73.7,True,14.9,-98.62897,27.835918,-98.385775,27.849558
2023_all2030_genstorage_dcfull_n1_ALL_2030,2023,all2030,expansion_tx,ALL_2030,all2030_genstorage_dcfull_n1,transmission,upgrade_branch,line,AC,HOUSTON,7339-13404,7339,13404,194.1,271.7,77.6,16.217,NEW,115.0,115.0,115.0,T4_light,1.4,Reconductor(ACSR->ACSS),68.6,104.5,4226,79.1,True,14.7,-95.785914,29.3459875,-95.68083125,29.15439325
2023_all2030_genstorage_dcfull_n1_ALL_2030,2023,all2030,expansion_tx,ALL_2030,all2030_genstorage_dcfull_n1,transmission,upgrade_branch,line,AC,HOUSTON,7339-13404,7339,13404,194.1,271.7,77.6,16.217,NEW,115.0,115.0,115.0,T4_light,1.4,Reconductor(ACSR->ACSS),68.6,104.5,4226,79.1,True,14.7,-95.785914,29.3459875,-95.68083125,29.15439325
2023_all2030_genstorage_dcfull_n1_ALL_2030,2023,all2030,expansion_tx,ALL_2030,all2030_genstorage_dcfull_n1,transmission,upgrade_branch,line,AC,HOUSTON,7339-13404,7339,13404,194.1,271.7,77.6,16.217,NEW,115.0,115.0,115.0,T4_light,1.4,Reconductor(ACSR->ACSS),68.6,104.5,4226,79.1,True,14.7,-95.785914,29.3459875,-95.68083125,29.15439325
2023_all2030_genstorage_dcfull_n1_ALL_2030,2023,all2030,expansion_tx,ALL_2030,all2030_genstorage_dcfull_n1,transmission,upgrade_branch,line,AC,NORTH,5175-5370,5175,5370,474.0,663.6,189.6,16.086,NEW,161.0,161.0,161.0,T4_light,1.4,Reconductor(ACSR->ACSS),63.2,106.3,2096,71.7,True,11.8,-97.13581333333332,33.210620166666665,-97.0124115,33.07492
2023_all2030_genstorage_dcfull_n1_ALL_2030,2023,all2030,expansion_tx,ALL_2030,all2030_genstorage_dcfull_n1,transmission,upgrade_branch,line,AC,NORTH,5175-5370,5175,5370,474.0,663.6,189.6,16.086,NEW,161.0,161.0,161.0,T4_light,1.4,Reconductor(ACSR->ACSS),63.2,106.3,2095,71.7,True,11.8,-97.13581333333332,33.210620166666665,-97.0124115,33.07492
2023_all2030_genstorage_dcfull_n1_ALL_2030,2023,all2030,expansion_tx,ALL_2030,all2030_genstorage_dcfull_n1,transmission,upgrade_branch,line,AC,SOUTH,4104-4145,4104,4145,98.0,215.6,117.6,15.814,NEW,115.0,115.0,115.0,T6_heavy,2.2,New Parallel Circuit,112.9,147.2,1526,82.2,True,5.3,-97.351834,27.96312533333333,-97.384238,27.892132
2023_all2030_genstorage_dcfull_n1_ALL_2030,2023,all2030,expansion_tx,ALL_2030,all2030_genstorage_dcfull_n1,transmission,upgrade_branch,line,AC,SOUTH,4056-4181,4056,4181,647.0,905.8,258.8,15.214,NEW,230.0,230.0,230.0,T4_light,1.4,Reconductor(ACSR->ACSS),81.5,103.6,1281,82.3,True,8.7,-97.242778,27.882778,-97.351834,27.96312533333333
2023_all2030_genstorage_dcfull_n1_ALL_2030,2023,all2030,expansion_tx,ALL_2030,all2030_genstorage_dcfull_n1,transmission,upgrade_branch,line,AC,NORTH,5259-5412,5259,5412,324.0,567.0,243.0,15.173,NEW,161.0,161.0,161.0,T5_moderate,1.75,HTLS Reconductor,74.8,114.5,2286,70.3,True,6.1,-96.452481,33.068055,-96.534936,33.012135
2023_all2030_genstorage_dcfull_n1_ALL_2030,2023,all2030,expansion_tx,ALL_2030,all2030_genstorage_dcfull_n1,transmission,upgrade_branch,line,AC,NORTH,5259-5412,5259,5412,311.0,544.2,233.2,15.173,NEW,161.0,161.0,161.0,T5_moderate,1.75,HTLS Reconductor,70.7,114.5,2285,69.9,True,6.1,-96.452481,33.068055,-96.534936,33.012135
2023_all2030_genstorage_dcfull_n1_ALL_2030,2023,all2030,expansion_tx,ALL_2030,all2030_genstorage_dcfull_n1,transmission,upgrade_branch,line,AC,NORTH,5277-5315,5277,5315,219.0,306.6,87.6,14.972,NEW,161.0,161.0,161.0,T4_light,1.4,Reconductor(ACSR->ACSS),70.6,100.4,2325,67.6,True,11.0,-96.950551,33.176495,-97.13581333333332,33.210620166666665
2023_all2030_genstorage_dcfull_n1_ALL_2030,2023,all2030,expansion_tx,ALL_2030,all2030_genstorage_dcfull_n1,transmission,upgrade_branch,line,AC,NORTH,5277-5315,5277,5315,219.0,306.6,87.6,14.972,NEW,161.0,161.0,161.0,T4_light,1.4,Reconductor(ACSR->ACSS),70.6,100.4,2324,67.6,True,11.0,-96.950551,33.176495,-97.13581333333332,33.210620166666665
2023_all2030_genstorage_dcfull_n1_ALL_2030,2023,all2030,expansion_tx,ALL_2030,all2030_genstorage_dcfull_n1,transmission,upgrade_branch,line,AC,SOUTH,4108-13167,4108,13167,179.0,313.2,134.2,14.921,NEW,115.0,115.0,115.0,T5_moderate,1.75,HTLS Reconductor,24.7,110.5,1282,90.8,True,7.7,-97.258417,27.88929,-97.351834,27.96312533333333
2023_all2030_genstorage_dcfull_n1_ALL_2030,2023,all2030,expansion_tx,ALL_2030,all2030_genstorage_dcfull_n1,transmission,upgrade_branch,line,AC,SOUTH,12858-6263,12858,6263,730.4,1022.6,292.2,14.814,NEW,230.0,230.0,230.0,T4_light,1.4,Reconductor(ACSR->ACSS),89.8,100.1,1435,70.1,True,8.4,-97.8308125,28.6249795,-97.894958,28.733411
2023_all2030_genstorage_dcfull_n1_ALL_2030,2023,all2030,expansion_tx,ALL_2030,all2030_genstorage_dcfull_n1,transmission,upgrade_branch,line,AC,NORTH,5148-5457,5148,5457,187.0,261.8,74.8,14.534,NEW,161.0,161.0,161.0,T4_light,1.4,Reconductor(ACSR->ACSS),82.7,101.3,1898,66.3,True,10.6,-96.9700122,32.8603614,-97.149641,32.891787
2023_all2030_genstorage_dcfull_n1_ALL_2030,2023,all2030,expansion_tx,ALL_2030,all2030_genstorage_dcfull_n1,transmission,upgrade_branch,line,AC,NORTH,2129-2033,2129,2033,338.0,473.2,135.2,14.208,NEW,161.0,161.0,161.0,T4_light,1.4,Reconductor(ACSR->ACSS),66.6,108.8,490,77.4,True,10.4,-96.311485,33.439125,-96.146489,33.500378
2023_all2030_genstorage_dcfull_n1_ALL_2030,2023,all2030,expansion_tx,ALL_2030,all2030_genstorage_dcfull_n1,transmission,upgrade_branch,line,AC,HOUSTON,7235-7315,7235,7315,221.0,309.4,88.4,14.04,NEW,115.0,115.0,115.0,T4_light,1.4,Reconductor(ACSR->ACSS),63.7,109.0,4022,72.2,True,12.7,-95.708537,29.9660525,-95.7842315,29.79427175
2023_all2030_genstorage_dcfull_n1_ALL_2030,2023,all2030,expansion_tx,ALL_2030,all2030_genstorage_dcfull_n1,transmission,upgrade_branch,line,AC,HOUSTON,7235-7315,7235,7315,221.0,309.4,88.4,14.04,NEW,115.0,115.0,115.0,T4_light,1.4,Reconductor(ACSR->ACSS),63.7,109.0,4021,72.2,True,12.7,-95.708537,29.9660525,-95.7842315,29.79427175
2023_all2030_genstorage_dcfull_n1_ALL_2030,2023,all2030,expansion_tx,ALL_2030,all2030_genstorage_dcfull_n1,transmission,upgrade_branch,line,AC,HOUSTON,7050-7251,7050,7251,132.5,185.5,53.0,13.878,NEW,115.0,115.0,115.0,T4_light,1.4,Reconductor(ACSR->ACSS),72.0,107.6,3307,67.3,True,12.6,-95.698237,30.1865575,-95.833733,30.047619
2023_all2030_genstorage_dcfull_n1_ALL_2030,2023,all2030,expansion_tx,ALL_2030,all2030_genstorage_dcfull_n1,transmission,upgrade_branch,line,AC,NORTH,5277-5095,5277,5095,301.0,526.8,225.8,13.748,NEW,161.0,161.0,161.0,T5_moderate,1.75,HTLS Reconductor,72.8,117.9,2557,61.1,True,5.6,-96.950551,33.176495,-97.005469,33.110351
2023_all2030_genstorage_dcfull_n1_ALL_2030,2023,all2030,expansion_tx,ALL_2030,all2030_genstorage_dcfull_n1,transmission,upgrade_branch,line,AC,NORTH,5088-5393,5088,5393,251.0,351.4,100.4,13.705,NEW,161.0,161.0,161.0,T4_light,1.4,Reconductor(ACSR->ACSS),12.9,102.6,1835,56.7,True,10.0,-97.46203133333334,31.819786000000004,-97.374883,31.694792
2023_all2030_genstorage_dcfull_n1_ALL_2030,2023,all2030,expansion_tx,ALL_2030,all2030_genstorage_dcfull_n1,transmission,upgrade_branch,line,AC,NORTH,5373-5433,5373,5433,251.0,439.2,188.2,13.5,NEW,161.0,161.0,161.0,T5_moderate,1.75,HTLS Reconductor,103.1,115.7,2198,63.5,True,5.5,-97.267376,32.803436,-97.34008506896552,32.753233586206896
2023_all2030_genstorage_dcfull_n1_ALL_2030,2023,all2030,expansion_tx,ALL_2030,all2030_genstorage_dcfull_n1,transmission,upgrade_branch,line,AC,NORTH,5253-5370,5253,5370,397.0,694.8,297.8,13.433,NEW,161.0,161.0,161.0,T5_moderate,1.75,HTLS Reconductor,61.9,110.2,2275,58.4,True,5.4,-97.092488,33.0338,-97.0124115,33.07492
2023_all2030_genstorage_dcfull_n1_ALL_2030,2023,all2030,expansion_tx,ALL_2030,all2030_genstorage_dcfull_n1,transmission,upgrade_branch,line,AC,NORTH,5370-5253,5370,5253,397.0,694.8,297.8,13.433,NEW,161.0,161.0,161.0,T5_moderate,1.75,HTLS Reconductor,61.9,110.2,2274,58.4,True,5.4,-97.0124115,33.07492,-97.092488,33.0338
2023_all2030_genstorage_dcfull_n1_ALL_2030,2023,all2030,expansion_tx,ALL_2030,all2030_genstorage_dcfull_n1,transmission,upgrade_branch,line,AC,NORTH,8038-8066,8038,8066,220.0,308.0,88.0,13.349,NEW,115.0,115.0,115.0,T4_light,1.4,Reconductor(ACSR->ACSS),69.5,101.5,4445,72.8,True,12.1,-95.669493,33.1959495,-95.4621,33.21732
2023_all2030_genstorage_dcfull_n1_ALL_2030,2023,all2030,expansion_tx,ALL_2030,all2030_genstorage_dcfull_n1,transmission,upgrade_branch,line,AC,SOUTH,12831-13226,12831,13226,250.0,550.0,300.0,12.953,NEW,115.0,115.0,115.0,T6_heavy,2.2,New Parallel Circuit,54.2,127.9,5243,48.2,True,4.3,-97.4544,28.4279,-97.49466233333334,28.47964933333333
2023_all2030_genstorage_dcfull_n1_ALL_2030,2023,all2030,expansion_tx,ALL_2030,all2030_genstorage_dcfull_n1,transmission,upgrade_branch,line,AC,HOUSTON,7179-7244,7179,7244,208.0,291.2,83.2,12.59,NEW,115.0,115.0,115.0,T4_light,1.4,Reconductor(ACSR->ACSS),70.5,107.2,4045,77.1,True,11.4,-95.474615,29.537301,-95.31001,29.45566
2023_all2030_genstorage_dcfull_n1_ALL_2030,2023,all2030,expansion_tx,ALL_2030,all2030_genstorage_dcfull_n1,transmission,upgrade_branch,line,AC,HOUSTON,7339-7247,7339,7247,187.0,261.8,74.8,12.463,NEW,115.0,115.0,115.0,T4_light,1.4,Reconductor(ACSR->ACSS),66.8,100.1,4226,75.7,True,11.3,-95.785914,29.3459875,-95.69411466666666,29.203734666666666
2023_all2030_genstorage_dcfull_n1_ALL_2030,2023,all2030,expansion_tx,ALL_2030,all2030_genstorage_dcfull_n1,transmission,upgrade_branch,line,AC,NORTH,5087-5345,5087,5345,251.0,351.4,100.4,12.457,NEW,161.0,161.0,161.0,T4_light,1.4,Reconductor(ACSR->ACSS),81.2,106.7,1917,73.5,True,9.1,-97.06,32.139,-97.133361,32.022461
2023_all2030_genstorage_dcfull_n1_ALL_2030,2023,all2030,expansion_tx,ALL_2030,all2030_genstorage_dcfull_n1,transmission,upgrade_branch,line,AC,WEST,3083-3099,3083,3099,137.8,192.9,55.1,12.429,NEW,115.0,115.0,115.0,T4_light,1.4,Reconductor(ACSR->ACSS),89.1,104.2,773,67.7,True,11.2,-100.09043266666669,32.36779933333333,-99.90623,32.415823
2023_all2030_genstorage_dcfull_n1_ALL_2030,2023,all2030,expansion_tx,ALL_2030,all2030_genstorage_dcfull_n1,transmission,upgrade_branch,line,AC,WEST,13147-13364,13147,13364,115.9,162.3,46.4,12.428,NEW,115.0,115.0,115.0,T4_light,1.4,Reconductor(ACSR->ACSS),78.7,107.4,5191,77.1,True,11.2,-102.59898166666666,30.91979725,-102.414067,30.9564
2023_all2030_genstorage_dcfull_n1_ALL_2030,2023,all2030,expansion_tx,ALL_2030,all2030_genstorage_dcfull_n1,transmission,upgrade_branch,line,AC,WEST,3116-13403,3116,13403,130.2,182.3,52.1,11.589,NEW,115.0,115.0,115.0,T4_light,1.4,Reconductor(ACSR->ACSS),58.6,100.6,1029,89.3,True,10.5,-100.793333,32.718056,-100.94008825,32.806441125
2023_all2030_genstorage_dcfull_n1_ALL_2030,2023,all2030,expansion_tx,ALL_2030,all2030_genstorage_dcfull_n1,transmission,upgrade_branch,transformer,AC,WEST,3083-3082,3083,3082,143.8,251.7,107.9,11.5,NEW,115.0,230.0,230.0,T5_moderate,1.75,Transformer Replace 1.75x,87.9,115.0,851,74.0,True,0.0,-100.09043266666669,32.36779933333333,-100.09043266666669,32.36779933333333
2023_all2030_genstorage_dcfull_n1_ALL_2030,2023,all2030,expansion_tx,ALL_2030,all2030_genstorage_dcfull_n1,transmission,upgrade_branch,transformer,AC,SOUTH,4159-4158,4159,4158,620.0,1085.0,465.0,11.5,NEW,115.0,230.0,230.0,T5_moderate,1.75,Transformer Replace 1.75x,79.3,119.2,1485,77.0,True,0.0,-97.4230987368421,27.74350405263158,-97.4230987368421,27.74350405263158
2023_all2030_genstorage_dcfull_n1_ALL_2030,2023,all2030,expansion_tx,ALL_2030,all2030_genstorage_dcfull_n1,transmission,upgrade_branch,transformer,AC,SOUTH,4159-4158,4159,4158,620.0,1085.0,465.0,11.5,NEW,115.0,230.0,230.0,T5_moderate,1.75,Transformer Replace 1.75x,79.3,119.2,1484,77.0,True,0.0,-97.4230987368421,27.74350405263158,-97.4230987368421,27.74350405263158
2023_all2030_genstorage_dcfull_n1_ALL_2030,2023,all2030,expansion_tx,ALL_2030,all2030_genstorage_dcfull_n1,transmission,upgrade_branch,transformer,AC,SOUTH,6355-6354,6355,6354,193.8,339.2,145.4,11.5,NEW,115.0,230.0,230.0,T5_moderate,1.75,Transformer Replace 1.75x,80.7,113.8,3270,73.0,True,0.0,-97.677175,30.5341255,-97.677175,30.5341255
2023_all2030_genstorage_dcfull_n1_ALL_2030,2023,all2030,expansion_tx,ALL_2030,all2030_genstorage_dcfull_n1,transmission,upgrade_branch,transformer,AC,SOUTH,6355-6354,6355,6354,193.8,339.2,145.4,11.5,NEW,115.0,230.0,230.0,T5_moderate,1.75,Transformer Replace 1.75x,80.7,113.8,3269,73.0,True,0.0,-97.677175,30.5341255,-97.677175,30.5341255
2023_all2030_genstorage_dcfull_n1_ALL_2030,2023,all2030,expansion_tx,ALL_2030,all2030_genstorage_dcfull_n1,transmission,upgrade_branch,transformer,AC,NORTH,8114-8113,8114,8113,190.0,332.5,142.5,11.5,NEW,115.0,230.0,230.0,T5_moderate,1.75,Transformer Replace 1.75x,80.6,121.9,4474,67.2,True,0.0,-95.123407,31.9424935,-95.123407,31.9424935
2023_all2030_genstorage_dcfull_n1_ALL_2030,2023,all2030,expansion_tx,ALL_2030,all2030_genstorage_dcfull_n1,transmission,upgrade_branch,transformer,AC,WEST,12671-12667,12671,12667,88.5,154.9,66.4,11.5,NEW,20.0,230.0,230.0,T5_moderate,1.75,Transformer Replace 1.75x,111.7,111.7,439,63.8,True,0.0,-102.45323571428573,31.843002285714284,-102.45323571428573,31.843002285714284
2023_all2030_genstorage_dcfull_n1_ALL_2030,2023,all2030,expansion_tx,ALL_2030,all2030_genstorage_dcfull_n1,transmission,upgrade_branch,transformer,AC,WEST,12805-12804,12805,12804,193.2,338.1,144.9,11.5,NEW,20.0,230.0,230.0,T5_moderate,1.75,Transformer Replace 1.75x,111.9,112.0,3629,64.0,True,0.0,-102.7069445,32.0320835,-102.7069445,32.0320835
2023_all2030_genstorage_dcfull_n1_ALL_2030,2023,all2030,expansion_tx,ALL_2030,all2030_genstorage_dcfull_n1,transmission,upgrade_branch,line,AC,HOUSTON,7230-7397,7230,7397,149.0,208.6,59.6,11.416,NEW,115.0,115.0,115.0,T4_light,1.4,Reconductor(ACSR->ACSS),89.3,108.3,4168,76.5,True,10.3,-95.969548,29.537482,-95.80023,29.56318
2023_all2030_genstorage_dcfull_n1_ALL_2030,2023,all2030,expansion_tx,ALL_2030,all2030_genstorage_dcfull_n1,transmission,upgrade_branch,transformer,AC,SOUTH,12740-4108,12740,4108,177.1,531.3,354.2,11.0,NEW,20.0,115.0,115.0,T7_structural,3.0,Major Transformer 3x,161.0,161.0,34,53.7,True,0.0,-97.258417,27.88929,-97.258417,27.88929
2023_all2030_genstorage_dcfull_n1_ALL_2030,2023,all2030,expansion_tx,ALL_2030,all2030_genstorage_dcfull_n1,transmission,upgrade_branch,transformer,AC,SOUTH,12644-4122,12644,4122,210.2,630.6,420.4,11.0,NEW,20.0,115.0,115.0,T7_structural,3.0,Major Transformer 3x,154.1,154.1,4322,51.5,True,0.0,-98.27456266666668,26.232699,-98.27456266666668,26.232699
2023_all2030_genstorage_dcfull_n1_ALL_2030,2023,all2030,expansion_tx,ALL_2030,all2030_genstorage_dcfull_n1,transmission,upgrade_branch,transformer,AC,SOUTH,12628-4168,12628,4168,202.7,608.1,405.4,11.0,NEW,20.0,115.0,115.0,T7_structural,3.0,Major Transformer 3x,158.2,158.2,359,52.7,True,0.0,-97.4230987368421,27.74350405263158,-97.4230987368421,27.74350405263158
2023_all2030_genstorage_dcfull_n1_ALL_2030,2023,all2030,expansion_tx,ALL_2030,all2030_genstorage_dcfull_n1,transmission,upgrade_branch,line,AC,WEST,3006-3049,3006,3049,149.0,208.6,59.6,10.718,NEW,115.0,115.0,115.0,T4_light,1.4,Reconductor(ACSR->ACSS),54.7,102.8,695,75.0,True,9.7,-100.0652435,32.819086,-99.8991875,32.803981
2023_all2030_genstorage_dcfull_n1_ALL_2030,2023,all2030,expansion_tx,ALL_2030,all2030_genstorage_dcfull_n1,transmission,upgrade_branch,line,AC,HOUSTON,7273-7405,7273,7405,167.0,233.8,66.8,10.673,NEW,115.0,115.0,115.0,T4_light,1.4,Reconductor(ACSR->ACSS),53.0,102.3,3529,73.3,True,9.7,-94.945159,29.3895056,-94.84457,29.28062966666667
2023_all2030_genstorage_dcfull_n1_ALL_2030,2023,all2030,expansion_tx,ALL_2030,all2030_genstorage_dcfull_n1,transmission,upgrade_branch,line,AC,HOUSTON,7230-7219,7230,7219,149.0,208.6,59.6,10.081,NEW,115.0,115.0,115.0,T4_light,1.4,Reconductor(ACSR->ACSS),87.5,106.6,4168,75.2,True,9.1,-95.969548,29.537482,-96.088253,29.45527
2023_all2030_genstorage_dcfull_n1_ALL_2030,2023,all2030,expansion_tx,ALL_2030,all2030_genstorage_dcfull_n1,transmission,upgrade_branch,line,AC,SOUTH,6180-6125,6180,6125,149.0,260.8,111.8,9.658,NEW,115.0,115.0,115.0,T5_moderate,1.75,HTLS Reconductor,73.3,121.5,3175,71.6,True,5.0,-98.10703,29.350393,-98.057016,29.293499
2023_all2030_genstorage_dcfull_n1_ALL_2030,2023,all2030,expansion_tx,ALL_2030,all2030_genstorage_dcfull_n1,transmission,upgrade_branch,line,AC,SOUTH,4057-4145,4057,4145,193.6,271.0,77.4,9.573,NEW,115.0,115.0,115.0,T4_light,1.4,Reconductor(ACSR->ACSS),81.7,107.3,1285,66.9,True,8.7,-97.242778,27.882778,-97.384238,27.892132
2023_all2030_genstorage_dcfull_n1_ALL_2030,2023,all2030,expansion_tx,ALL_2030,all2030_genstorage_dcfull_n1,transmission,upgrade_branch,line,AC,NORTH,5163-5132,5163,5132,251.0,351.4,100.4,8.744,NEW,161.0,161.0,161.0,T4_light,1.4,Reconductor(ACSR->ACSS),70.4,105.2,2519,70.8,True,6.4,-97.604369,31.075955,-97.499909,31.051688
2023_all2030_genstorage_dcfull_n1_ALL_2030,2023,all2030,expansion_tx,ALL_2030,all2030_genstorage_dcfull_n1,transmission,upgrade_branch,line,AC,SOUTH,12831-13224,12831,13224,219.7,384.5,164.8,8.448,NEW,115.0,115.0,115.0,T5_moderate,1.75,HTLS Reconductor,82.7,119.3,4932,54.7,True,4.3,-97.4544,28.4279,-97.49466233333334,28.47964933333333
2023_all2030_genstorage_dcfull_n1_ALL_2030,2023,all2030,expansion_tx,ALL_2030,all2030_genstorage_dcfull_n1,transmission,upgrade_branch,line,AC,SOUTH,12831-13224,12831,13224,219.7,384.5,164.8,8.448,NEW,115.0,115.0,115.0,T5_moderate,1.75,HTLS Reconductor,82.7,119.3,4931,54.7,True,4.3,-97.4544,28.4279,-97.49466233333334,28.47964933333333
2023_all2030_genstorage_dcfull_n1_ALL_2030,2023,all2030,expansion_tx,ALL_2030,all2030_genstorage_dcfull_n1,transmission,upgrade_branch,line,AC,SOUTH,12831-13224,12831,13224,219.7,384.5,164.8,8.448,NEW,115.0,115.0,115.0,T5_moderate,1.75,HTLS Reconductor,82.7,119.3,4931,54.7,True,4.3,-97.4544,28.4279,-97.49466233333334,28.47964933333333
2023_all2030_genstorage_dcfull_n1_ALL_2030,2023,all2030,expansion_tx,ALL_2030,all2030_genstorage_dcfull_n1,transmission,upgrade_branch,line,AC,NORTH,5010-5357,5010,5357,220.0,308.0,88.0,8.151,NEW,161.0,161.0,161.0,T4_light,1.4,Reconductor(ACSR->ACSS),0.1,107.6,1805,87.6,True,6.0,-96.73076228571428,33.04730142857143,-96.6508655,33.101957
2023_all2030_genstorage_dcfull_n1_ALL_2030,2023,all2030,expansion_tx,ALL_2030,all2030_genstorage_dcfull_n1,transmission,upgrade_branch,line,AC,NORTH,8069-8132,8069,8132,102.7,143.8,41.1,8.074,NEW,115.0,115.0,115.0,T4_light,1.4,Reconductor(ACSR->ACSS),27.3,108.0,4353,90.3,True,7.3,-96.202639,31.37571,-96.229757,31.4789
2023_all2030_genstorage_dcfull_n1_ALL_2030,2023,all2030,expansion_tx,ALL_2030,all2030_genstorage_dcfull_n1,transmission,upgrade_branch,transformer,AC,WEST,2098-2097,2098,2097,146.0,219.0,73.0,8.0,NEW,161.0,230.0,230.0,T4_light,1.5,Transformer Replace 1.5x,21.1,103.8,616,83.0,True,0.0,-101.482424,33.686171,-101.482424,33.686171
2023_all2030_genstorage_dcfull_n1_ALL_2030,2023,all2030,expansion_tx,ALL_2030,all2030_genstorage_dcfull_n1,transmission,upgrade_branch,transformer,AC,WEST,3027-3026,3027,3026,400.0,600.0,200.0,8.0,NEW,115.0,230.0,230.0,T4_light,1.5,Transformer Replace 1.5x,29.5,102.6,773,68.4,True,0.0,-99.70613471428572,32.45867642857143,-99.70613471428572,32.45867642857143
2023_all2030_genstorage_dcfull_n1_ALL_2030,2023,all2030,expansion_tx,ALL_2030,all2030_genstorage_dcfull_n1,transmission,upgrade_branch,transformer,AC,SOUTH,4182-4181,4182,4181,169.0,253.5,84.5,8.0,NEW,115.0,230.0,230.0,T4_light,1.5,Transformer Replace 1.5x,15.9,107.4,1528,114.5,False,0.0,-97.351834,27.96312533333333,-97.351834,27.96312533333333
2023_all2030_genstorage_dcfull_n1_ALL_2030,2023,all2030,expansion_tx,ALL_2030,all2030_genstorage_dcfull_n1,transmission,upgrade_branch,transformer,AC,SOUTH,6058-6057,6058,6057,328.0,492.0,164.0,8.0,NEW,115.0,230.0,230.0,T4_light,1.5,Transformer Replace 1.5x,61.4,100.0,2767,74.6,True,0.0,-98.08352933333332,29.745433666666667,-98.08352933333332,29.745433666666667
2023_all2030_genstorage_dcfull_n1_ALL_2030,2023,all2030,expansion_tx,ALL_2030,all2030_genstorage_dcfull_n1,transmission,upgrade_branch,transformer,AC,SOUTH,6058-6057,6058,6057,328.0,492.0,164.0,8.0,NEW,115.0,230.0,230.0,T4_light,1.5,Transformer Replace 1.5x,61.4,100.0,2766,74.6,True,0.0,-98.08352933333332,29.745433666666667,-98.08352933333332,29.745433666666667
2023_all2030_genstorage_dcfull_n1_ALL_2030,2023,all2030,expansion_tx,ALL_2030,all2030_genstorage_dcfull_n1,transmission,upgrade_branch,transformer,AC,SOUTH,6278-6277,6278,6277,331.0,496.5,165.5,8.0,NEW,115.0,230.0,230.0,T4_light,1.5,Transformer Replace 1.5x,96.9,106.7,3152,83.7,True,0.0,-97.807,29.875,-97.807,29.875
2023_all2030_genstorage_dcfull_n1_ALL_2030,2023,all2030,expansion_tx,ALL_2030,all2030_genstorage_dcfull_n1,transmission,upgrade_branch,transformer,AC,SOUTH,6322-6321,6322,6321,249.0,373.5,124.5,8.0,NEW,115.0,230.0,230.0,T4_light,1.5,Transformer Replace 1.5x,60.3,109.7,3175,77.4,True,0.0,-98.080406,29.073446,-98.080406,29.073446
2023_all2030_genstorage_dcfull_n1_ALL_2030,2023,all2030,expansion_tx,ALL_2030,all2030_genstorage_dcfull_n1,transmission,upgrade_branch,transformer,AC,HOUSTON,7049-7048,7049,7048,466.0,699.0,233.0,8.0,NEW,115.0,230.0,230.0,T4_light,1.5,Transformer Replace 1.5x,74.4,100.6,3432,85.3,True,0.0,-95.7842315,29.79427175,-95.7842315,29.79427175
2023_all2030_genstorage_dcfull_n1_ALL_2030,2023,all2030,expansion_tx,ALL_2030,all2030_genstorage_dcfull_n1,transmission,upgrade_branch,transformer,AC,HOUSTON,7049-7048,7049,7048,466.0,699.0,233.0,8.0,NEW,115.0,230.0,230.0,T4_light,1.5,Transformer Replace 1.5x,74.4,100.6,3431,85.3,True,0.0,-95.7842315,29.79427175,-95.7842315,29.79427175
2023_all2030_genstorage_dcfull_n1_ALL_2030,2023,all2030,expansion_tx,ALL_2030,all2030_genstorage_dcfull_n1,transmission,upgrade_branch,transformer,AC,WEST,12673-12667,12673,12667,91.3,136.9,45.6,8.0,NEW,20.0,230.0,230.0,T4_light,1.5,Transformer Replace 1.5x,105.1,105.1,12,70.2,True,0.0,-102.45323571428573,31.843002285714284,-102.45323571428573,31.843002285714284
2023_all2030_genstorage_dcfull_n1_ALL_2030,2023,all2030,expansion_tx,ALL_2030,all2030_genstorage_dcfull_n1,transmission,upgrade_branch,transformer,AC,WEST,12806-12804,12806,12804,210.9,316.4,105.5,8.0,NEW,20.0,230.0,230.0,T4_light,1.5,Transformer Replace 1.5x,102.5,102.6,3629,69.1,True,0.0,-102.7069445,32.0320835,-102.7069445,32.0320835
2023_all2030_genstorage_dcfull_n1_ALL_2030,2023,all2030,expansion_tx,ALL_2030,all2030_genstorage_dcfull_n1,transmission,upgrade_branch,transformer,AC,SOUTH,12741-4108,12741,4108,130.4,260.8,130.4,7.5,NEW,20.0,115.0,115.0,T6_heavy,2.0,Parallel Transformer 2x,132.8,133.0,3629,67.1,True,0.0,-97.258417,27.88929,-97.258417,27.88929
2023_all2030_genstorage_dcfull_n1_ALL_2030,2023,all2030,expansion_tx,ALL_2030,all2030_genstorage_dcfull_n1,transmission,upgrade_branch,transformer,AC,SOUTH,12643-4122,12643,4122,246.1,492.2,246.1,7.5,NEW,20.0,115.0,115.0,T6_heavy,2.0,Parallel Transformer 2x,146.5,146.5,1548,73.3,True,0.0,-98.27456266666668,26.232699,-98.27456266666668,26.232699
2023_all2030_genstorage_dcfull_n1_ALL_2030,2023,all2030,expansion_tx,ALL_2030,all2030_genstorage_dcfull_n1,transmission,upgrade_branch,transformer,AC,SOUTH,12645-4122,12645,4122,234.0,468.0,234.0,7.5,NEW,20.0,115.0,115.0,T6_heavy,2.0,Parallel Transformer 2x,136.7,136.7,44,68.3,True,0.0,-98.27456266666668,26.232699,-98.27456266666668,26.232699
2023_all2030_genstorage_dcfull_n1_ALL_2030,2023,all2030,expansion_tx,ALL_2030,all2030_genstorage_dcfull_n1,transmission,upgrade_branch,transformer,AC,SOUTH,12626-4168,12626,4168,242.3,484.6,242.3,7.5,NEW,20.0,115.0,115.0,T6_heavy,2.0,Parallel Transformer 2x,143.3,143.3,1479,71.7,True,0.0,-97.4230987368421,27.74350405263158,-97.4230987368421,27.74350405263158
2023_all2030_genstorage_dcfull_n1_ALL_2030,2023,all2030,expansion_tx,ALL_2030,all2030_genstorage_dcfull_n1,transmission,upgrade_branch,transformer,AC,SOUTH,12627-4168,12627,4168,267.5,535.0,267.5,7.5,NEW,20.0,115.0,115.0,T6_heavy,2.0,Parallel Transformer 2x,129.8,129.8,4661,65.4,True,0.0,-97.4230987368421,27.74350405263158,-97.4230987368421,27.74350405263158
2023_all2030_genstorage_dcfull_n1_ALL_2030,2023,all2030,expansion_tx,ALL_2030,all2030_genstorage_dcfull_n1,transmission,upgrade_branch,transformer,AC,NORTH,2083-2082,2083,2082,36.8,64.4,27.6,7.0,NEW,20.0,161.0,161.0,T5_moderate,1.75,Transformer Replace 1.75x,121.8,121.8,21,69.6,True,0.0,-98.50555385714286,33.89755828571428,-98.50555385714286,33.89755828571428
2023_all2030_genstorage_dcfull_n1_ALL_2030,2023,all2030,expansion_tx,ALL_2030,all2030_genstorage_dcfull_n1,transmission,upgrade_branch,transformer,AC,NORTH,2085-2082,2085,2082,36.4,63.7,27.3,7.0,NEW,20.0,161.0,161.0,T5_moderate,1.75,Transformer Replace 1.75x,123.2,123.2,32,70.5,True,0.0,-98.50555385714286,33.89755828571428,-98.50555385714286,33.89755828571428
2023_all2030_genstorage_dcfull_n1_ALL_2030,2023,all2030,expansion_tx,ALL_2030,all2030_genstorage_dcfull_n1,transmission,upgrade_branch,line,AC,HOUSTON,7053-7348,7053,7348,253.0,354.2,101.2,6.687,NEW,115.0,115.0,115.0,T4_light,1.4,Reconductor(ACSR->ACSS),74.4,104.2,3467,84.7,True,6.1,-95.733244,29.47971475,-95.6326335,29.479039
2023_all2030_genstorage_dcfull_n1_ALL_2030,2023,all2030,expansion_tx,ALL_2030,all2030_genstorage_dcfull_n1,transmission,upgrade_branch,line,AC,NORTH,5341-5095,5341,5095,265.0,463.8,198.8,6.128,NEW,161.0,161.0,161.0,T5_moderate,1.75,HTLS Reconductor,70.5,121.7,2557,62.5,True,2.5,-97.0124115,33.07492,-97.005469,33.110351
2023_all2030_genstorage_dcfull_n1_ALL_2030,2023,all2030,expansion_tx,ALL_2030,all2030_genstorage_dcfull_n1,transmission,upgrade_branch,line,AC,SOUTH,6232-6294,6232,6294,221.0,309.4,88.4,6.078,NEW,115.0,115.0,115.0,T4_light,1.4,Reconductor(ACSR->ACSS),54.8,100.6,3158,70.4,True,5.5,-97.607312,30.150985,-97.522552,30.119949
2023_all2030_genstorage_dcfull_n1_ALL_2030,2023,all2030,expansion_tx,ALL_2030,all2030_genstorage_dcfull_n1,transmission,upgrade_branch,line,AC,SOUTH,6232-6294,6232,6294,221.0,309.4,88.4,6.078,NEW,115.0,115.0,115.0,T4_light,1.4,Reconductor(ACSR->ACSS),54.8,100.6,3157,70.4,True,5.5,-97.607312,30.150985,-97.522552,30.119949
2023_all2030_genstorage_dcfull_n1_ALL_2030,2023,all2030,expansion_tx,ALL_2030,all2030_genstorage_dcfull_n1,transmission,upgrade_branch,line,AC,NORTH,5257-5256,5257,5256,251.0,351.4,100.4,5.684,NEW,161.0,161.0,161.0,T4_light,1.4,Reconductor(ACSR->ACSS),71.3,101.2,2282,61.8,True,4.2,-96.85118,32.177712,-96.842324,32.237512
2023_all2030_genstorage_dcfull_n1_ALL_2030,2023,all2030,expansion_tx,ALL_2030,all2030_genstorage_dcfull_n1,transmission,upgrade_branch,transformer,AC,WEST,1052-1047,1052,1047,81.4,142.5,61.1,4.5,NEW,18.0,115.0,115.0,T5_moderate,1.75,Transformer Replace 1.75x,111.6,111.6,-1,63.8,True,0.0,-103.062173,31.534243,-103.062173,31.534243
2023_all2030_genstorage_dcfull_n1_ALL_2030,2023,all2030,expansion_tx,ALL_2030,all2030_genstorage_dcfull_n1,transmission,upgrade_branch,transformer,AC,WEST,1072-1071,1072,1071,259.1,453.4,194.3,4.5,NEW,18.0,115.0,115.0,T5_moderate,1.75,Transformer Replace 1.75x,113.9,114.0,3629,65.1,True,0.0,-102.45323571428573,31.843002285714284,-102.45323571428573,31.843002285714284
2023_all2030_genstorage_dcfull_n1_ALL_2030,2023,all2030,expansion_tx,ALL_2030,all2030_genstorage_dcfull_n1,transmission,upgrade_branch,transformer,AC,WEST,1073-1071,1073,1071,248.6,435.1,186.4,4.5,NEW,18.0,115.0,115.0,T5_moderate,1.75,Transformer Replace 1.75x,118.7,118.8,3629,69.0,True,0.0,-102.45323571428573,31.843002285714284,-102.45323571428573,31.843002285714284
2023_all2030_genstorage_dcfull_n1_ALL_2030,2023,all2030,expansion_tx,ALL_2030,all2030_genstorage_dcfull_n1,transmission,upgrade_branch,transformer,AC,WEST,1076-1071,1076,1071,190.0,332.5,142.5,4.5,NEW,18.0,115.0,115.0,T5_moderate,1.75,Transformer Replace 1.75x,119.1,119.1,-1,68.0,True,0.0,-102.45323571428573,31.843002285714284,-102.45323571428573,31.843002285714284
2023_all2030_genstorage_dcfull_n1_ALL_2030,2023,all2030,expansion_tx,ALL_2030,all2030_genstorage_dcfull_n1,transmission,upgrade_branch,transformer,AC,NORTH,2074-2073,2074,2073,164.0,246.0,82.0,4.5,NEW,115.0,161.0,161.0,T4_light,1.5,Transformer Replace 1.5x,46.1,106.2,761,75.4,True,0.0,-100.56428,32.96736,-100.56428,32.96736
2023_all2030_genstorage_dcfull_n1_ALL_2030,2023,all2030,expansion_tx,ALL_2030,all2030_genstorage_dcfull_n1,transmission,upgrade_branch,transformer,AC,NORTH,2084-2082,2084,2082,43.5,65.2,21.8,4.5,NEW,20.0,161.0,161.0,T4_light,1.5,Transformer Replace 1.5x,103.1,103.1,14,68.8,True,0.0,-98.50555385714286,33.89755828571428,-98.50555385714286,33.89755828571428
2023_all2030_genstorage_dcfull_n1_ALL_2030,2023,all2030,expansion_tx,ALL_2030,all2030_genstorage_dcfull_n1,transmission,upgrade_branch,transformer,AC,WEST,3080-3079,3080,3079,90.0,135.0,45.0,4.5,NEW,115.0,161.0,161.0,T4_light,1.5,Transformer Replace 1.5x,68.9,103.4,801,91.0,True,0.0,-100.6728,32.5886,-100.6728,32.5886
2023_all2030_genstorage_dcfull_n1_ALL_2030,2023,all2030,expansion_tx,ALL_2030,all2030_genstorage_dcfull_n1,transmission,upgrade_branch,transformer,AC,SOUTH,4052-4051,4052,4051,54.7,95.7,41.0,4.5,NEW,18.0,115.0,115.0,T5_moderate,1.75,Transformer Replace 1.75x,121.0,121.0,3629,69.2,True,0.0,-97.7314385,27.5750945,-97.7314385,27.5750945
2023_all2030_genstorage_dcfull_n1_ALL_2030,2023,all2030,expansion_tx,ALL_2030,all2030_genstorage_dcfull_n1,transmission,upgrade_branch,line,AC,HOUSTON,7233-7010,7233,7010,220.0,308.0,88.0,3.886,NEW,115.0,115.0,115.0,T4_light,1.4,Reconductor(ACSR->ACSS),86.4,100.3,4020,71.2,True,3.5,-95.932264,30.079593,-95.990493,30.086834
2023_all2030_genstorage_dcfull_n1_ALL_2030,2023,all2030,expansion_tx,ALL_2030,all2030_genstorage_dcfull_n1,transmission,upgrade_branch,transformer,AC,WEST,1048-1047,1048,1047,92.6,138.9,46.3,3.0,NEW,18.0,115.0,115.0,T4_light,1.5,Transformer Replace 1.5x,101.2,101.2,3629,67.5,True,0.0,-103.062173,31.534243,-103.062173,31.534243
2023_all2030_genstorage_dcfull_n1_ALL_2030,2023,all2030,expansion_tx,ALL_2030,all2030_genstorage_dcfull_n1,transmission,upgrade_branch,transformer,AC,WEST,1051-1047,1051,1047,86.4,129.6,43.2,3.0,NEW,18.0,115.0,115.0,T4_light,1.5,Transformer Replace 1.5x,106.8,106.8,2,71.2,True,0.0,-103.062173,31.534243,-103.062173,31.534243
2023_all2030_genstorage_dcfull_n1_ALL_2030,2023,all2030,expansion_tx,ALL_2030,all2030_genstorage_dcfull_n1,transmission,upgrade_branch,transformer,AC,WEST,1074-1071,1074,1071,222.3,333.5,111.2,3.0,NEW,18.0,115.0,115.0,T4_light,1.5,Transformer Replace 1.5x,107.3,107.4,3629,71.5,True,0.0,-102.45323571428573,31.843002285714284,-102.45323571428573,31.843002285714284
2023_all2030_genstorage_dcfull_n1_ALL_2030,2023,all2030,expansion_tx,ALL_2030,all2030_genstorage_dcfull_n1,transmission,upgrade_branch,line,AC,HOUSTON,7090-7421,7090,7421,221.0,309.4,88.4,2.763,NEW,115.0,115.0,115.0,T4_light,1.4,Reconductor(ACSR->ACSS),56.2,101.6,3604,67.1,True,2.5,-95.669154,30.160534,-95.698237,30.1865575
2023_all2030_genstorage_dcfull_n1_ALL_2030,2023,all2030,expansion_tx,ALL_2030,all2030_genstorage_dcfull_n1,transmission,upgrade_branch,line,AC,HOUSTON,7090-7421,7090,7421,221.0,309.4,88.4,2.763,NEW,115.0,115.0,115.0,T4_light,1.4,Reconductor(ACSR->ACSS),56.2,101.6,3603,67.1,True,2.5,-95.669154,30.160534,-95.698237,30.1865575
2023_all2030_genstorage_dcfull_n1_ALL_2030,2023,all2030,expansion_tx,ALL_2030,all2030_genstorage_dcfull_n1,transmission,upgrade_branch,line,AC,SOUTH,6027-6116,6027,6116,130.0,227.5,97.5,0.221,NEW,115.0,115.0,115.0,T5_moderate,1.75,HTLS Reconductor,63.0,124.8,2672,78.0,True,0.1,-97.35518,30.41432,-97.35701,30.41477
2023_all2030_genstorage_dcfull_n1_ALL_2030,2023,all2030,expansion_tx,ALL_2030,all2030_genstorage_dcfull_n1,transmission,upgrade_branch,line,AC,SOUTH,6027-6116,6027,6116,130.0,227.5,97.5,0.221,NEW,115.0,115.0,115.0,T5_moderate,1.75,HTLS Reconductor,63.0,124.8,2671,78.0,True,0.1,-97.35518,30.41432,-97.35701,30.41477
